(0,0):250
(0,1):250
(0,2):250
(0,3):250
(0,4):250
(0,5):250
(0,6):250
(0,7):250
(0,8):250
(0,9):250
(0,10):250
(0,11):250
(0,12):250
(0,13):250
(0,14):250
(0,15):250
(0,16):250
(0,17):250
(0,18):250
(0,19):250
(0,20):250
(0,21):250
(0,22):250
(0,23):250
(0,24):250
(0,25):250
(0,26):250
(0,27):250
(0,28):250
(0,29):250
(0,30):250
(0,31):250
(0,32):250
(0,33):250
(0,34):250
(0,35):250
(0,36):250
(0,37):250
(0,38):250
(0,39):250
(0,40):250
(0,41):250
(0,42):250
(0,43):250
(0,44):250
(0,45):250
(0,46):250
(0,47):250
(0,48):250
(0,49):250
(0,50):250
(0,51):250
(0,52):250
(0,53):250
(0,54):250
(0,55):250
(0,56):250
(0,57):250
(0,58):250
(0,59):250
(0,60):250
(0,61):250
(0,62):250
(0,63):250
(0,64):250
(0,65):250
(0,66):250
(0,67):250
(0,68):250
(0,69):250
(0,70):250
(0,71):250
(0,72):250
(0,73):250
(0,74):250
(0,75):250
(0,76):250
(0,77):250
(0,78):250
(0,79):250
(0,80):250
(0,81):250
(0,82):246
(0,83):250
(0,84):250
(0,85):250
(0,86):250
(0,87):250
(0,88):250
(0,89):250
(0,90):250
(0,91):250
(0,92):250
(0,93):250
(0,94):250
(0,95):250
(0,96):250
(0,97):250
(0,98):250
(0,99):250
(0,100):250
(0,101):250
(0,102):250
(0,103):250
(0,104):250
(0,105):250
(0,106):250
(0,107):250
(0,108):250
(0,109):250
(0,110):250
(0,111):250
(0,112):250
(0,113):250
(0,114):250
(0,115):250
(0,116):250
(0,117):250
(0,118):250
(0,119):250
(0,120):250
(0,121):250
(0,122):250
(0,123):250
(0,124):250
(0,125):250
(0,126):250
(0,127):250
(1,0):250
(1,1):250
(1,2):250
(1,3):250
(1,4):250
(1,5):250
(1,6):250
(1,7):250
(1,8):250
(1,9):250
(1,10):250
(1,11):250
(1,12):250
(1,13):250
(1,14):250
(1,15):250
(1,16):250
(1,17):250
(1,18):250
(1,19):250
(1,20):250
(1,21):250
(1,22):250
(1,23):250
(1,24):250
(1,25):250
(1,26):250
(1,27):250
(1,28):250
(1,29):250
(1,30):250
(1,31):250
(1,32):250
(1,33):250
(1,34):250
(1,35):250
(1,36):250
(1,37):250
(1,38):250
(1,39):250
(1,40):250
(1,41):250
(1,42):250
(1,43):250
(1,44):250
(1,45):250
(1,46):250
(1,47):250
(1,48):250
(1,49):250
(1,50):250
(1,51):250
(1,52):250
(1,53):250
(1,54):250
(1,55):250
(1,56):250
(1,57):250
(1,58):250
(1,59):250
(1,60):250
(1,61):250
(1,62):250
(1,63):250
(1,64):250
(1,65):250
(1,66):250
(1,67):250
(1,68):250
(1,69):250
(1,70):250
(1,71):250
(1,72):250
(1,73):250
(1,74):250
(1,75):250
(1,76):250
(1,77):250
(1,78):250
(1,79):250
(1,80):250
(1,81):250
(1,82):250
(1,83):250
(1,84):250
(1,85):250
(1,86):250
(1,87):250
(1,88):250
(1,89):250
(1,90):250
(1,91):250
(1,92):250
(1,93):250
(1,94):250
(1,95):250
(1,96):250
(1,97):250
(1,98):250
(1,99):250
(1,100):250
(1,101):250
(1,102):250
(1,103):250
(1,104):250
(1,105):250
(1,106):250
(1,107):250
(1,108):250
(1,109):250
(1,110):250
(1,111):250
(1,112):250
(1,113):250
(1,114):250
(1,115):250
(1,116):250
(1,117):250
(1,118):250
(1,119):250
(1,120):250
(1,121):250
(1,122):250
(1,123):250
(1,124):250
(1,125):250
(1,126):250
(1,127):250
(2,0):250
(2,1):250
(2,2):250
(2,3):250
(2,4):250
(2,5):250
(2,6):250
(2,7):250
(2,8):250
(2,9):250
(2,10):250
(2,11):250
(2,12):250
(2,13):250
(2,14):250
(2,15):250
(2,16):250
(2,17):250
(2,18):250
(2,19):250
(2,20):250
(2,21):250
(2,22):250
(2,23):250
(2,24):250
(2,25):250
(2,26):250
(2,27):250
(2,28):250
(2,29):250
(2,30):250
(2,31):250
(2,32):250
(2,33):250
(2,34):250
(2,35):250
(2,36):250
(2,37):250
(2,38):250
(2,39):250
(2,40):250
(2,41):250
(2,42):250
(2,43):250
(2,44):250
(2,45):250
(2,46):250
(2,47):250
(2,48):250
(2,49):250
(2,50):250
(2,51):250
(2,52):250
(2,53):250
(2,54):250
(2,55):250
(2,56):250
(2,57):250
(2,58):250
(2,59):250
(2,60):250
(2,61):250
(2,62):250
(2,63):250
(2,64):250
(2,65):250
(2,66):250
(2,67):250
(2,68):250
(2,69):250
(2,70):250
(2,71):250
(2,72):250
(2,73):250
(2,74):250
(2,75):250
(2,76):250
(2,77):250
(2,78):250
(2,79):250
(2,80):250
(2,81):250
(2,82):245
(2,83):250
(2,84):250
(2,85):250
(2,86):250
(2,87):250
(2,88):248
(2,89):250
(2,90):250
(2,91):250
(2,92):250
(2,93):250
(2,94):250
(2,95):250
(2,96):250
(2,97):250
(2,98):250
(2,99):250
(2,100):250
(2,101):250
(2,102):250
(2,103):250
(2,104):250
(2,105):250
(2,106):250
(2,107):250
(2,108):250
(2,109):250
(2,110):250
(2,111):250
(2,112):250
(2,113):250
(2,114):250
(2,115):250
(2,116):250
(2,117):250
(2,118):250
(2,119):250
(2,120):250
(2,121):250
(2,122):250
(2,123):250
(2,124):250
(2,125):250
(2,126):250
(2,127):250
(3,0):250
(3,1):250
(3,2):250
(3,3):250
(3,4):250
(3,5):250
(3,6):250
(3,7):250
(3,8):250
(3,9):250
(3,10):250
(3,11):250
(3,12):250
(3,13):250
(3,14):250
(3,15):250
(3,16):250
(3,17):250
(3,18):250
(3,19):250
(3,20):250
(3,21):250
(3,22):250
(3,23):250
(3,24):250
(3,25):250
(3,26):250
(3,27):250
(3,28):250
(3,29):250
(3,30):250
(3,31):250
(3,32):250
(3,33):250
(3,34):250
(3,35):250
(3,36):250
(3,37):250
(3,38):250
(3,39):250
(3,40):250
(3,41):250
(3,42):250
(3,43):250
(3,44):250
(3,45):250
(3,46):250
(3,47):250
(3,48):250
(3,49):250
(3,50):250
(3,51):250
(3,52):250
(3,53):250
(3,54):250
(3,55):250
(3,56):250
(3,57):250
(3,58):250
(3,59):250
(3,60):250
(3,61):250
(3,62):250
(3,63):250
(3,64):250
(3,65):250
(3,66):250
(3,67):250
(3,68):250
(3,69):250
(3,70):250
(3,71):250
(3,72):250
(3,73):250
(3,74):250
(3,75):250
(3,76):250
(3,77):250
(3,78):250
(3,79):250
(3,80):250
(3,81):250
(3,82):250
(3,83):250
(3,84):250
(3,85):250
(3,86):250
(3,87):250
(3,88):250
(3,89):250
(3,90):250
(3,91):250
(3,92):250
(3,93):250
(3,94):250
(3,95):250
(3,96):250
(3,97):250
(3,98):250
(3,99):250
(3,100):250
(3,101):250
(3,102):250
(3,103):250
(3,104):250
(3,105):250
(3,106):250
(3,107):250
(3,108):250
(3,109):250
(3,110):250
(3,111):250
(3,112):250
(3,113):250
(3,114):250
(3,115):250
(3,116):250
(3,117):250
(3,118):250
(3,119):250
(3,120):250
(3,121):250
(3,122):250
(3,123):250
(3,124):250
(3,125):250
(3,126):250
(3,127):250
(4,0):250
(4,1):250
(4,2):250
(4,3):250
(4,4):250
(4,5):250
(4,6):250
(4,7):250
(4,8):250
(4,9):250
(4,10):250
(4,11):250
(4,12):250
(4,13):250
(4,14):250
(4,15):250
(4,16):250
(4,17):250
(4,18):250
(4,19):250
(4,20):250
(4,21):250
(4,22):250
(4,23):250
(4,24):250
(4,25):250
(4,26):250
(4,27):250
(4,28):250
(4,29):250
(4,30):250
(4,31):250
(4,32):250
(4,33):250
(4,34):250
(4,35):250
(4,36):250
(4,37):250
(4,38):250
(4,39):250
(4,40):250
(4,41):250
(4,42):250
(4,43):250
(4,44):250
(4,45):250
(4,46):250
(4,47):250
(4,48):250
(4,49):250
(4,50):250
(4,51):250
(4,52):250
(4,53):250
(4,54):250
(4,55):250
(4,56):250
(4,57):250
(4,58):250
(4,59):250
(4,60):250
(4,61):250
(4,62):250
(4,63):250
(4,64):250
(4,65):250
(4,66):250
(4,67):250
(4,68):250
(4,69):250
(4,70):250
(4,71):250
(4,72):250
(4,73):250
(4,74):250
(4,75):250
(4,76):250
(4,77):250
(4,78):250
(4,79):250
(4,80):250
(4,81):250
(4,82):250
(4,83):250
(4,84):248
(4,85):250
(4,86):250
(4,87):250
(4,88):250
(4,89):250
(4,90):250
(4,91):250
(4,92):250
(4,93):250
(4,94):247
(4,95):250
(4,96):250
(4,97):250
(4,98):250
(4,99):250
(4,100):250
(4,101):250
(4,102):250
(4,103):250
(4,104):250
(4,105):250
(4,106):250
(4,107):250
(4,108):250
(4,109):250
(4,110):250
(4,111):250
(4,112):250
(4,113):250
(4,114):250
(4,115):250
(4,116):250
(4,117):250
(4,118):250
(4,119):250
(4,120):250
(4,121):250
(4,122):250
(4,123):250
(4,124):250
(4,125):250
(4,126):250
(4,127):250
(5,0):250
(5,1):250
(5,2):250
(5,3):250
(5,4):250
(5,5):250
(5,6):250
(5,7):250
(5,8):250
(5,9):250
(5,10):250
(5,11):250
(5,12):250
(5,13):250
(5,14):250
(5,15):250
(5,16):250
(5,17):250
(5,18):250
(5,19):250
(5,20):250
(5,21):250
(5,22):250
(5,23):250
(5,24):250
(5,25):250
(5,26):250
(5,27):250
(5,28):250
(5,29):250
(5,30):250
(5,31):250
(5,32):250
(5,33):250
(5,34):250
(5,35):250
(5,36):250
(5,37):250
(5,38):250
(5,39):250
(5,40):250
(5,41):250
(5,42):250
(5,43):250
(5,44):250
(5,45):250
(5,46):250
(5,47):250
(5,48):250
(5,49):250
(5,50):250
(5,51):250
(5,52):250
(5,53):250
(5,54):250
(5,55):250
(5,56):250
(5,57):250
(5,58):250
(5,59):250
(5,60):250
(5,61):250
(5,62):250
(5,63):250
(5,64):250
(5,65):250
(5,66):250
(5,67):250
(5,68):250
(5,69):250
(5,70):250
(5,71):250
(5,72):250
(5,73):250
(5,74):250
(5,75):250
(5,76):250
(5,77):250
(5,78):250
(5,79):250
(5,80):250
(5,81):250
(5,82):250
(5,83):250
(5,84):250
(5,85):250
(5,86):250
(5,87):250
(5,88):250
(5,89):250
(5,90):250
(5,91):250
(5,92):250
(5,93):250
(5,94):250
(5,95):250
(5,96):250
(5,97):250
(5,98):250
(5,99):250
(5,100):250
(5,101):250
(5,102):250
(5,103):250
(5,104):250
(5,105):250
(5,106):250
(5,107):250
(5,108):250
(5,109):250
(5,110):250
(5,111):250
(5,112):250
(5,113):250
(5,114):250
(5,115):250
(5,116):250
(5,117):250
(5,118):250
(5,119):250
(5,120):250
(5,121):250
(5,122):250
(5,123):250
(5,124):250
(5,125):250
(5,126):250
(5,127):250
(6,0):250
(6,1):250
(6,2):250
(6,3):250
(6,4):250
(6,5):250
(6,6):250
(6,7):250
(6,8):250
(6,9):250
(6,10):250
(6,11):250
(6,12):250
(6,13):250
(6,14):250
(6,15):250
(6,16):250
(6,17):250
(6,18):250
(6,19):250
(6,20):250
(6,21):250
(6,22):250
(6,23):250
(6,24):250
(6,25):250
(6,26):250
(6,27):250
(6,28):250
(6,29):250
(6,30):250
(6,31):250
(6,32):250
(6,33):250
(6,34):250
(6,35):250
(6,36):250
(6,37):250
(6,38):250
(6,39):250
(6,40):250
(6,41):250
(6,42):250
(6,43):250
(6,44):250
(6,45):250
(6,46):250
(6,47):250
(6,48):250
(6,49):250
(6,50):250
(6,51):250
(6,52):250
(6,53):250
(6,54):250
(6,55):250
(6,56):250
(6,57):250
(6,58):250
(6,59):250
(6,60):250
(6,61):250
(6,62):250
(6,63):250
(6,64):250
(6,65):250
(6,66):250
(6,67):250
(6,68):250
(6,69):250
(6,70):250
(6,71):250
(6,72):250
(6,73):250
(6,74):250
(6,75):250
(6,76):250
(6,77):250
(6,78):250
(6,79):250
(6,80):250
(6,81):250
(6,82):249
(6,83):246
(6,84):185
(6,85):190
(6,86):183
(6,87):197
(6,88):235
(6,89):250
(6,90):247
(6,91):250
(6,92):250
(6,93):250
(6,94):250
(6,95):250
(6,96):250
(6,97):250
(6,98):250
(6,99):250
(6,100):250
(6,101):250
(6,102):250
(6,103):250
(6,104):250
(6,105):250
(6,106):250
(6,107):250
(6,108):250
(6,109):250
(6,110):250
(6,111):250
(6,112):250
(6,113):250
(6,114):250
(6,115):250
(6,116):250
(6,117):250
(6,118):250
(6,119):250
(6,120):250
(6,121):250
(6,122):250
(6,123):250
(6,124):250
(6,125):250
(6,126):250
(6,127):250
(7,0):250
(7,1):250
(7,2):250
(7,3):250
(7,4):250
(7,5):250
(7,6):250
(7,7):250
(7,8):250
(7,9):250
(7,10):250
(7,11):250
(7,12):250
(7,13):250
(7,14):250
(7,15):250
(7,16):250
(7,17):250
(7,18):250
(7,19):250
(7,20):250
(7,21):250
(7,22):250
(7,23):250
(7,24):250
(7,25):250
(7,26):250
(7,27):250
(7,28):250
(7,29):250
(7,30):250
(7,31):250
(7,32):250
(7,33):250
(7,34):250
(7,35):250
(7,36):250
(7,37):250
(7,38):250
(7,39):250
(7,40):250
(7,41):250
(7,42):250
(7,43):250
(7,44):250
(7,45):250
(7,46):250
(7,47):250
(7,48):250
(7,49):250
(7,50):250
(7,51):250
(7,52):250
(7,53):250
(7,54):250
(7,55):250
(7,56):250
(7,57):250
(7,58):250
(7,59):250
(7,60):250
(7,61):250
(7,62):250
(7,63):250
(7,64):250
(7,65):250
(7,66):250
(7,67):250
(7,68):250
(7,69):250
(7,70):250
(7,71):250
(7,72):250
(7,73):250
(7,74):250
(7,75):250
(7,76):250
(7,77):250
(7,78):250
(7,79):250
(7,80):250
(7,81):186
(7,82):172
(7,83):80
(7,84):27
(7,85):31
(7,86):140
(7,87):159
(7,88):163
(7,89):138
(7,90):172
(7,91):194
(7,92):250
(7,93):250
(7,94):250
(7,95):250
(7,96):250
(7,97):250
(7,98):250
(7,99):250
(7,100):250
(7,101):250
(7,102):250
(7,103):250
(7,104):250
(7,105):250
(7,106):250
(7,107):250
(7,108):250
(7,109):250
(7,110):250
(7,111):250
(7,112):250
(7,113):250
(7,114):250
(7,115):250
(7,116):250
(7,117):250
(7,118):250
(7,119):250
(7,120):250
(7,121):250
(7,122):250
(7,123):250
(7,124):250
(7,125):250
(7,126):250
(7,127):250
(8,0):250
(8,1):250
(8,2):250
(8,3):250
(8,4):250
(8,5):250
(8,6):250
(8,7):250
(8,8):250
(8,9):250
(8,10):250
(8,11):250
(8,12):250
(8,13):250
(8,14):250
(8,15):250
(8,16):250
(8,17):250
(8,18):250
(8,19):250
(8,20):250
(8,21):250
(8,22):250
(8,23):250
(8,24):250
(8,25):250
(8,26):250
(8,27):250
(8,28):249
(8,29):250
(8,30):250
(8,31):250
(8,32):250
(8,33):250
(8,34):250
(8,35):250
(8,36):250
(8,37):250
(8,38):250
(8,39):250
(8,40):250
(8,41):250
(8,42):250
(8,43):250
(8,44):248
(8,45):250
(8,46):249
(8,47):250
(8,48):250
(8,49):250
(8,50):250
(8,51):250
(8,52):250
(8,53):250
(8,54):249
(8,55):250
(8,56):248
(8,57):250
(8,58):250
(8,59):250
(8,60):250
(8,61):250
(8,62):249
(8,63):250
(8,64):249
(8,65):250
(8,66):248
(8,67):250
(8,68):250
(8,69):250
(8,70):248
(8,71):250
(8,72):249
(8,73):250
(8,74):250
(8,75):250
(8,76):232
(8,77):230
(8,78):164
(8,79):135
(8,80):143
(8,81):31
(8,82):133
(8,83):131
(8,84):66
(8,85):114
(8,86):104
(8,87):75
(8,88):123
(8,89):19
(8,90):7
(8,91):153
(8,92):152
(8,93):166
(8,94):156
(8,95):250
(8,96):250
(8,97):250
(8,98):250
(8,99):250
(8,100):248
(8,101):250
(8,102):247
(8,103):250
(8,104):250
(8,105):250
(8,106):250
(8,107):250
(8,108):250
(8,109):250
(8,110):250
(8,111):250
(8,112):250
(8,113):250
(8,114):250
(8,115):250
(8,116):250
(8,117):250
(8,118):250
(8,119):250
(8,120):250
(8,121):250
(8,122):250
(8,123):250
(8,124):250
(8,125):250
(8,126):250
(8,127):250
(9,0):250
(9,1):250
(9,2):250
(9,3):250
(9,4):250
(9,5):250
(9,6):250
(9,7):250
(9,8):250
(9,9):250
(9,10):250
(9,11):250
(9,12):250
(9,13):250
(9,14):250
(9,15):250
(9,16):250
(9,17):250
(9,18):250
(9,19):250
(9,20):250
(9,21):250
(9,22):250
(9,23):250
(9,24):250
(9,25):250
(9,26):250
(9,27):250
(9,28):250
(9,29):250
(9,30):250
(9,31):250
(9,32):250
(9,33):250
(9,34):250
(9,35):250
(9,36):250
(9,37):250
(9,38):250
(9,39):250
(9,40):250
(9,41):250
(9,42):250
(9,43):250
(9,44):250
(9,45):250
(9,46):250
(9,47):250
(9,48):250
(9,49):250
(9,50):250
(9,51):250
(9,52):250
(9,53):250
(9,54):250
(9,55):250
(9,56):250
(9,57):250
(9,58):250
(9,59):250
(9,60):250
(9,61):250
(9,62):250
(9,63):250
(9,64):250
(9,65):250
(9,66):250
(9,67):250
(9,68):250
(9,69):250
(9,70):250
(9,71):250
(9,72):250
(9,73):178
(9,74):182
(9,75):191
(9,76):155
(9,77):151
(9,78):27
(9,79):40
(9,80):150
(9,81):157
(9,82):124
(9,83):167
(9,84):125
(9,85):145
(9,86):173
(9,87):188
(9,88):175
(9,89):155
(9,90):135
(9,91):154
(9,92):27
(9,93):35
(9,94):46
(9,95):122
(9,96):161
(9,97):250
(9,98):250
(9,99):250
(9,100):250
(9,101):250
(9,102):250
(9,103):250
(9,104):250
(9,105):250
(9,106):250
(9,107):250
(9,108):250
(9,109):250
(9,110):250
(9,111):250
(9,112):250
(9,113):250
(9,114):250
(9,115):250
(9,116):250
(9,117):250
(9,118):250
(9,119):250
(9,120):250
(9,121):250
(9,122):250
(9,123):250
(9,124):250
(9,125):250
(9,126):250
(9,127):250
(10,0):250
(10,1):250
(10,2):250
(10,3):250
(10,4):250
(10,5):250
(10,6):250
(10,7):250
(10,8):250
(10,9):250
(10,10):250
(10,11):250
(10,12):250
(10,13):250
(10,14):250
(10,15):250
(10,16):250
(10,17):250
(10,18):250
(10,19):250
(10,20):250
(10,21):250
(10,22):250
(10,23):250
(10,24):250
(10,25):250
(10,26):248
(10,27):250
(10,28):250
(10,29):250
(10,30):250
(10,31):250
(10,32):248
(10,33):250
(10,34):249
(10,35):250
(10,36):248
(10,37):250
(10,38):250
(10,39):250
(10,40):250
(10,41):250
(10,42):249
(10,43):250
(10,44):246
(10,45):250
(10,46):250
(10,47):250
(10,48):250
(10,49):250
(10,50):250
(10,51):250
(10,52):250
(10,53):250
(10,54):240
(10,55):247
(10,56):233
(10,57):242
(10,58):244
(10,59):250
(10,60):243
(10,61):250
(10,62):242
(10,63):246
(10,64):241
(10,65):248
(10,66):250
(10,67):250
(10,68):250
(10,69):250
(10,70):248
(10,71):239
(10,72):129
(10,73):26
(10,74):8
(10,75):120
(10,76):115
(10,77):107
(10,78):113
(10,79):138
(10,80):144
(10,81):157
(10,82):158
(10,83):160
(10,84):152
(10,85):162
(10,86):153
(10,87):163
(10,88):121
(10,89):164
(10,90):154
(10,91):165
(10,92):136
(10,93):125
(10,94):128
(10,95):148
(10,96):6
(10,97):148
(10,98):127
(10,99):250
(10,100):250
(10,101):250
(10,102):250
(10,103):250
(10,104):250
(10,105):250
(10,106):250
(10,107):250
(10,108):250
(10,109):250
(10,110):250
(10,111):250
(10,112):250
(10,113):250
(10,114):250
(10,115):250
(10,116):250
(10,117):250
(10,118):250
(10,119):250
(10,120):250
(10,121):250
(10,122):250
(10,123):250
(10,124):250
(10,125):250
(10,126):250
(10,127):250
(11,0):250
(11,1):250
(11,2):250
(11,3):250
(11,4):250
(11,5):250
(11,6):250
(11,7):250
(11,8):250
(11,9):250
(11,10):250
(11,11):250
(11,12):250
(11,13):250
(11,14):250
(11,15):250
(11,16):250
(11,17):250
(11,18):250
(11,19):250
(11,20):250
(11,21):250
(11,22):250
(11,23):250
(11,24):250
(11,25):250
(11,26):250
(11,27):250
(11,28):250
(11,29):250
(11,30):250
(11,31):250
(11,32):250
(11,33):250
(11,34):250
(11,35):250
(11,36):250
(11,37):250
(11,38):250
(11,39):250
(11,40):250
(11,41):250
(11,42):250
(11,43):250
(11,44):250
(11,45):250
(11,46):250
(11,47):206
(11,48):192
(11,49):201
(11,50):168
(11,51):157
(11,52):166
(11,53):176
(11,54):62
(11,55):75
(11,56):145
(11,57):60
(11,58):53
(11,59):145
(11,60):138
(11,61):74
(11,62):50
(11,63):65
(11,64):61
(11,65):65
(11,66):157
(11,67):124
(11,68):121
(11,69):175
(11,70):146
(11,71):163
(11,72):174
(11,73):53
(11,74):139
(11,75):201
(11,76):180
(11,77):188
(11,78):116
(11,79):180
(11,80):176
(11,81):191
(11,82):177
(11,83):177
(11,84):182
(11,85):190
(11,86):168
(11,87):180
(11,88):178
(11,89):185
(11,90):169
(11,91):186
(11,92):172
(11,93):187
(11,94):177
(11,95):146
(11,96):53
(11,97):32
(11,98):35
(11,99):156
(11,100):250
(11,101):250
(11,102):250
(11,103):250
(11,104):250
(11,105):250
(11,106):250
(11,107):250
(11,108):250
(11,109):250
(11,110):250
(11,111):250
(11,112):250
(11,113):250
(11,114):250
(11,115):250
(11,116):250
(11,117):250
(11,118):250
(11,119):250
(11,120):250
(11,121):250
(11,122):250
(11,123):250
(11,124):250
(11,125):250
(11,126):250
(11,127):250
(12,0):250
(12,1):250
(12,2):250
(12,3):250
(12,4):250
(12,5):250
(12,6):250
(12,7):250
(12,8):250
(12,9):250
(12,10):250
(12,11):250
(12,12):250
(12,13):250
(12,14):250
(12,15):250
(12,16):250
(12,17):250
(12,18):250
(12,19):250
(12,20):250
(12,21):250
(12,22):250
(12,23):250
(12,24):250
(12,25):250
(12,26):248
(12,27):250
(12,28):249
(12,29):250
(12,30):244
(12,31):250
(12,32):250
(12,33):250
(12,34):249
(12,35):250
(12,36):250
(12,37):250
(12,38):250
(12,39):250
(12,40):243
(12,41):174
(12,42):154
(12,43):161
(12,44):138
(12,45):67
(12,46):125
(12,47):20
(12,48):9
(12,49):119
(12,50):13
(12,51):23
(12,52):19
(12,53):34
(12,54):41
(12,55):58
(12,56):53
(12,57):74
(12,58):67
(12,59):80
(12,60):78
(12,61):98
(12,62):94
(12,63):151
(12,64):140
(12,65):150
(12,66):137
(12,67):67
(12,68):53
(12,69):53
(12,70):23
(12,71):29
(12,72):10
(12,73):15
(12,74):74
(12,75):90
(12,76):114
(12,77):161
(12,78):105
(12,79):160
(12,80):149
(12,81):153
(12,82):154
(12,83):158
(12,84):154
(12,85):166
(12,86):151
(12,87):167
(12,88):161
(12,89):161
(12,90):152
(12,91):165
(12,92):157
(12,93):157
(12,94):157
(12,95):96
(12,96):140
(12,97):49
(12,98):4
(12,99):35
(12,100):147
(12,101):245
(12,102):250
(12,103):250
(12,104):250
(12,105):250
(12,106):249
(12,107):250
(12,108):250
(12,109):250
(12,110):250
(12,111):250
(12,112):250
(12,113):250
(12,114):250
(12,115):250
(12,116):250
(12,117):250
(12,118):250
(12,119):250
(12,120):250
(12,121):250
(12,122):250
(12,123):250
(12,124):250
(12,125):250
(12,126):250
(12,127):250
(13,0):250
(13,1):250
(13,2):250
(13,3):250
(13,4):250
(13,5):250
(13,6):250
(13,7):250
(13,8):250
(13,9):250
(13,10):250
(13,11):250
(13,12):250
(13,13):250
(13,14):250
(13,15):250
(13,16):250
(13,17):250
(13,18):250
(13,19):250
(13,20):250
(13,21):250
(13,22):250
(13,23):250
(13,24):250
(13,25):250
(13,26):250
(13,27):250
(13,28):250
(13,29):250
(13,30):250
(13,31):250
(13,32):250
(13,33):250
(13,34):250
(13,35):250
(13,36):250
(13,37):250
(13,38):176
(13,39):184
(13,40):71
(13,41):159
(13,42):136
(13,43):30
(13,44):20
(13,45):37
(13,46):38
(13,47):147
(13,48):147
(13,49):137
(13,50):167
(13,51):181
(13,52):166
(13,53):182
(13,54):172
(13,55):183
(13,56):146
(13,57):148
(13,58):172
(13,59):180
(13,60):145
(13,61):185
(13,62):172
(13,63):153
(13,64):147
(13,65):180
(13,66):176
(13,67):173
(13,68):157
(13,69):184
(13,70):168
(13,71):178
(13,72):153
(13,73):114
(13,74):123
(13,75):55
(13,76):134
(13,77):147
(13,78):137
(13,79):160
(13,80):177
(13,81):141
(13,82):176
(13,83):183
(13,84):184
(13,85):185
(13,86):170
(13,87):177
(13,88):172
(13,89):186
(13,90):171
(13,91):182
(13,92):180
(13,93):183
(13,94):166
(13,95):170
(13,96):171
(13,97):155
(13,98):54
(13,99):30
(13,100):29
(13,101):142
(13,102):250
(13,103):250
(13,104):250
(13,105):250
(13,106):250
(13,107):250
(13,108):250
(13,109):250
(13,110):250
(13,111):250
(13,112):250
(13,113):250
(13,114):250
(13,115):250
(13,116):250
(13,117):250
(13,118):250
(13,119):250
(13,120):250
(13,121):250
(13,122):250
(13,123):250
(13,124):250
(13,125):250
(13,126):250
(13,127):250
(14,0):250
(14,1):250
(14,2):250
(14,3):250
(14,4):250
(14,5):250
(14,6):250
(14,7):250
(14,8):250
(14,9):250
(14,10):250
(14,11):250
(14,12):250
(14,13):250
(14,14):250
(14,15):250
(14,16):250
(14,17):250
(14,18):250
(14,19):250
(14,20):250
(14,21):250
(14,22):250
(14,23):250
(14,24):250
(14,25):250
(14,26):250
(14,27):250
(14,28):249
(14,29):250
(14,30):250
(14,31):250
(14,32):244
(14,33):163
(14,34):152
(14,35):149
(14,36):133
(14,37):136
(14,38):15
(14,39):19
(14,40):15
(14,41):121
(14,42):109
(14,43):111
(14,44):85
(14,45):118
(14,46):136
(14,47):159
(14,48):148
(14,49):129
(14,50):158
(14,51):159
(14,52):153
(14,53):141
(14,54):150
(14,55):161
(14,56):154
(14,57):168
(14,58):146
(14,59):163
(14,60):162
(14,61):157
(14,62):152
(14,63):150
(14,64):157
(14,65):163
(14,66):151
(14,67):139
(14,68):152
(14,69):163
(14,70):157
(14,71):132
(14,72):152
(14,73):164
(14,74):114
(14,75):126
(14,76):114
(14,77):130
(14,78):28
(14,79):135
(14,80):116
(14,81):104
(14,82):152
(14,83):158
(14,84):131
(14,85):167
(14,86):146
(14,87):169
(14,88):159
(14,89):166
(14,90):149
(14,91):172
(14,92):152
(14,93):159
(14,94):157
(14,95):167
(14,96):158
(14,97):170
(14,98):142
(14,99):46
(14,100):4
(14,101):22
(14,102):128
(14,103):250
(14,104):247
(14,105):250
(14,106):250
(14,107):250
(14,108):249
(14,109):250
(14,110):250
(14,111):250
(14,112):250
(14,113):250
(14,114):250
(14,115):250
(14,116):250
(14,117):250
(14,118):250
(14,119):250
(14,120):250
(14,121):250
(14,122):250
(14,123):250
(14,124):250
(14,125):250
(14,126):250
(14,127):250
(15,0):250
(15,1):250
(15,2):250
(15,3):250
(15,4):250
(15,5):250
(15,6):250
(15,7):250
(15,8):250
(15,9):250
(15,10):250
(15,11):250
(15,12):250
(15,13):250
(15,14):250
(15,15):250
(15,16):250
(15,17):250
(15,18):250
(15,19):250
(15,20):250
(15,21):250
(15,22):250
(15,23):250
(15,24):250
(15,25):250
(15,26):250
(15,27):250
(15,28):250
(15,29):250
(15,30):170
(15,31):176
(15,32):168
(15,33):45
(15,34):31
(15,35):55
(15,36):142
(15,37):158
(15,38):150
(15,39):141
(15,40):159
(15,41):179
(15,42):175
(15,43):147
(15,44):170
(15,45):181
(15,46):137
(15,47):177
(15,48):163
(15,49):183
(15,50):175
(15,51):175
(15,52):171
(15,53):207
(15,54):171
(15,55):175
(15,56):176
(15,57):182
(15,58):167
(15,59):180
(15,60):173
(15,61):179
(15,62):170
(15,63):187
(15,64):178
(15,65):180
(15,66):174
(15,67):188
(15,68):175
(15,69):178
(15,70):180
(15,71):187
(15,72):166
(15,73):185
(15,74):175
(15,75):187
(15,76):170
(15,77):191
(15,78):175
(15,79):141
(15,80):149
(15,81):37
(15,82):124
(15,83):156
(15,84):112
(15,85):167
(15,86):168
(15,87):184
(15,88):181
(15,89):181
(15,90):171
(15,91):187
(15,92):181
(15,93):177
(15,94):172
(15,95):190
(15,96):168
(15,97):176
(15,98):114
(15,99):167
(15,100):63
(15,101):32
(15,102):30
(15,103):144
(15,104):250
(15,105):250
(15,106):250
(15,107):250
(15,108):250
(15,109):250
(15,110):250
(15,111):250
(15,112):250
(15,113):250
(15,114):250
(15,115):250
(15,116):250
(15,117):250
(15,118):250
(15,119):250
(15,120):250
(15,121):250
(15,122):250
(15,123):250
(15,124):250
(15,125):250
(15,126):250
(15,127):250
(16,0):249
(16,1):250
(16,2):250
(16,3):250
(16,4):250
(16,5):250
(16,6):249
(16,7):250
(16,8):250
(16,9):250
(16,10):249
(16,11):250
(16,12):250
(16,13):250
(16,14):248
(16,15):250
(16,16):250
(16,17):250
(16,18):250
(16,19):250
(16,20):249
(16,21):250
(16,22):250
(16,23):250
(16,24):250
(16,25):250
(16,26):246
(16,27):159
(16,28):136
(16,29):161
(16,30):135
(16,31):16
(16,32):7
(16,33):119
(16,34):43
(16,35):85
(16,36):106
(16,37):150
(16,38):160
(16,39):122
(16,40):158
(16,41):162
(16,42):129
(16,43):141
(16,44):153
(16,45):165
(16,46):159
(16,47):160
(16,48):149
(16,49):165
(16,50):196
(16,51):207
(16,52):217
(16,53):231
(16,54):221
(16,55):222
(16,56):209
(16,57):199
(16,58):190
(16,59):193
(16,60):156
(16,61):159
(16,62):149
(16,63):166
(16,64):156
(16,65):161
(16,66):156
(16,67):167
(16,68):154
(16,69):165
(16,70):157
(16,71):171
(16,72):151
(16,73):160
(16,74):159
(16,75):165
(16,76):148
(16,77):168
(16,78):158
(16,79):171
(16,80):141
(16,81):123
(16,82):3
(16,83):23
(16,84):83
(16,85):166
(16,86):154
(16,87):164
(16,88):156
(16,89):166
(16,90):146
(16,91):164
(16,92):160
(16,93):160
(16,94):153
(16,95):169
(16,96):155
(16,97):159
(16,98):148
(16,99):112
(16,100):138
(16,101):95
(16,102):2
(16,103):17
(16,104):93
(16,105):241
(16,106):250
(16,107):250
(16,108):249
(16,109):250
(16,110):250
(16,111):250
(16,112):250
(16,113):250
(16,114):250
(16,115):250
(16,116):250
(16,117):250
(16,118):250
(16,119):250
(16,120):250
(16,121):250
(16,122):250
(16,123):250
(16,124):250
(16,125):250
(16,126):250
(16,127):250
(17,0):250
(17,1):250
(17,2):250
(17,3):250
(17,4):250
(17,5):250
(17,6):250
(17,7):250
(17,8):250
(17,9):250
(17,10):250
(17,11):250
(17,12):250
(17,13):250
(17,14):250
(17,15):250
(17,16):250
(17,17):250
(17,18):250
(17,19):250
(17,20):250
(17,21):250
(17,22):250
(17,23):250
(17,24):250
(17,25):250
(17,26):170
(17,27):196
(17,28):21
(17,29):45
(17,30):141
(17,31):142
(17,32):124
(17,33):162
(17,34):170
(17,35):190
(17,36):143
(17,37):181
(17,38):176
(17,39):176
(17,40):176
(17,41):184
(17,42):172
(17,43):189
(17,44):171
(17,45):185
(17,46):177
(17,47):187
(17,48):178
(17,49):231
(17,50):250
(17,51):250
(17,52):250
(17,53):250
(17,54):250
(17,55):250
(17,56):250
(17,57):250
(17,58):250
(17,59):250
(17,60):223
(17,61):219
(17,62):166
(17,63):186
(17,64):179
(17,65):177
(17,66):173
(17,67):189
(17,68):177
(17,69):177
(17,70):179
(17,71):184
(17,72):165
(17,73):187
(17,74):170
(17,75):184
(17,76):171
(17,77):184
(17,78):175
(17,79):179
(17,80):174
(17,81):186
(17,82):112
(17,83):169
(17,84):35
(17,85):142
(17,86):176
(17,87):182
(17,88):181
(17,89):183
(17,90):173
(17,91):187
(17,92):172
(17,93):182
(17,94):175
(17,95):188
(17,96):172
(17,97):183
(17,98):175
(17,99):174
(17,100):176
(17,101):169
(17,102):102
(17,103):31
(17,104):30
(17,105):140
(17,106):250
(17,107):250
(17,108):250
(17,109):250
(17,110):250
(17,111):250
(17,112):250
(17,113):250
(17,114):250
(17,115):250
(17,116):250
(17,117):250
(17,118):250
(17,119):250
(17,120):250
(17,121):250
(17,122):250
(17,123):250
(17,124):250
(17,125):250
(17,126):250
(17,127):250
(18,0):250
(18,1):250
(18,2):247
(18,3):250
(18,4):247
(18,5):250
(18,6):250
(18,7):250
(18,8):249
(18,9):250
(18,10):247
(18,11):250
(18,12):224
(18,13):224
(18,14):205
(18,15):229
(18,16):238
(18,17):250
(18,18):250
(18,19):250
(18,20):239
(18,21):243
(18,22):236
(18,23):242
(18,24):149
(18,25):169
(18,26):167
(18,27):34
(18,28):116
(18,29):107
(18,30):146
(18,31):120
(18,32):114
(18,33):167
(18,34):151
(18,35):169
(18,36):147
(18,37):157
(18,38):155
(18,39):165
(18,40):156
(18,41):159
(18,42):160
(18,43):166
(18,44):149
(18,45):162
(18,46):162
(18,47):187
(18,48):224
(18,49):250
(18,50):249
(18,51):250
(18,52):250
(18,53):250
(18,54):248
(18,55):250
(18,56):250
(18,57):250
(18,58):249
(18,59):250
(18,60):243
(18,61):231
(18,62):165
(18,63):193
(18,64):157
(18,65):155
(18,66):155
(18,67):164
(18,68):152
(18,69):160
(18,70):161
(18,71):168
(18,72):152
(18,73):163
(18,74):165
(18,75):164
(18,76):148
(18,77):168
(18,78):163
(18,79):159
(18,80):157
(18,81):118
(18,82):154
(18,83):95
(18,84):122
(18,85):24
(18,86):116
(18,87):165
(18,88):146
(18,89):159
(18,90):147
(18,91):169
(18,92):156
(18,93):160
(18,94):155
(18,95):168
(18,96):154
(18,97):160
(18,98):155
(18,99):171
(18,100):154
(18,101):165
(18,102):150
(18,103):61
(18,104):2
(18,105):21
(18,106):115
(18,107):249
(18,108):250
(18,109):250
(18,110):249
(18,111):250
(18,112):250
(18,113):250
(18,114):250
(18,115):250
(18,116):250
(18,117):250
(18,118):250
(18,119):250
(18,120):250
(18,121):250
(18,122):250
(18,123):250
(18,124):250
(18,125):250
(18,126):250
(18,127):250
(19,0):250
(19,1):250
(19,2):250
(19,3):250
(19,4):250
(19,5):250
(19,6):250
(19,7):250
(19,8):250
(19,9):250
(19,10):155
(19,11):169
(19,12):42
(19,13):51
(19,14):43
(19,15):51
(19,16):52
(19,17):139
(19,18):134
(19,19):65
(19,20):140
(19,21):47
(19,22):37
(19,23):136
(19,24):28
(19,25):47
(19,26):129
(19,27):181
(19,28):116
(19,29):149
(19,30):170
(19,31):186
(19,32):165
(19,33):185
(19,34):173
(19,35):188
(19,36):175
(19,37):181
(19,38):175
(19,39):189
(19,40):175
(19,41):169
(19,42):178
(19,43):186
(19,44):167
(19,45):185
(19,46):192
(19,47):208
(19,48):250
(19,49):250
(19,50):250
(19,51):250
(19,52):250
(19,53):250
(19,54):250
(19,55):250
(19,56):250
(19,57):250
(19,58):250
(19,59):250
(19,60):250
(19,61):250
(19,62):219
(19,63):197
(19,64):174
(19,65):181
(19,66):173
(19,67):184
(19,68):169
(19,69):176
(19,70):178
(19,71):187
(19,72):170
(19,73):182
(19,74):174
(19,75):184
(19,76):172
(19,77):185
(19,78):177
(19,79):184
(19,80):169
(19,81):192
(19,82):173
(19,83):175
(19,84):76
(19,85):38
(19,86):117
(19,87):180
(19,88):143
(19,89):182
(19,90):168
(19,91):189
(19,92):180
(19,93):175
(19,94):175
(19,95):185
(19,96):173
(19,97):181
(19,98):171
(19,99):195
(19,100):165
(19,101):184
(19,102):180
(19,103):156
(19,104):45
(19,105):139
(19,106):33
(19,107):160
(19,108):250
(19,109):250
(19,110):250
(19,111):250
(19,112):250
(19,113):250
(19,114):250
(19,115):250
(19,116):250
(19,117):250
(19,118):250
(19,119):250
(19,120):250
(19,121):250
(19,122):250
(19,123):250
(19,124):250
(19,125):250
(19,126):250
(19,127):250
(20,0):248
(20,1):250
(20,2):248
(20,3):250
(20,4):249
(20,5):250
(20,6):250
(20,7):250
(20,8):136
(20,9):151
(20,10):17
(20,11):14
(20,12):9
(20,13):103
(20,14):93
(20,15):12
(20,16):4
(20,17):129
(20,18):121
(20,19):121
(20,20):105
(20,21):27
(20,22):132
(20,23):53
(20,24):123
(20,25):156
(20,26):152
(20,27):168
(20,28):165
(20,29):168
(20,30):148
(20,31):165
(20,32):162
(20,33):159
(20,34):148
(20,35):166
(20,36):158
(20,37):162
(20,38):153
(20,39):167
(20,40):148
(20,41):160
(20,42):154
(20,43):165
(20,44):150
(20,45):167
(20,46):158
(20,47):177
(20,48):223
(20,49):250
(20,50):250
(20,51):250
(20,52):250
(20,53):250
(20,54):250
(20,55):250
(20,56):250
(20,57):250
(20,58):250
(20,59):250
(20,60):248
(20,61):250
(20,62):235
(20,63):220
(20,64):166
(20,65):155
(20,66):157
(20,67):171
(20,68):156
(20,69):161
(20,70):154
(20,71):169
(20,72):150
(20,73):166
(20,74):164
(20,75):163
(20,76):150
(20,77):171
(20,78):158
(20,79):159
(20,80):151
(20,81):164
(20,82):155
(20,83):166
(20,84):124
(20,85):81
(20,86):8
(20,87):96
(20,88):155
(20,89):173
(20,90):148
(20,91):164
(20,92):160
(20,93):155
(20,94):157
(20,95):174
(20,96):154
(20,97):160
(20,98):160
(20,99):164
(20,100):154
(20,101):164
(20,102):158
(20,103):167
(20,104):123
(20,105):25
(20,106):0
(20,107):133
(20,108):130
(20,109):250
(20,110):250
(20,111):250
(20,112):250
(20,113):250
(20,114):250
(20,115):250
(20,116):250
(20,117):250
(20,118):250
(20,119):250
(20,120):250
(20,121):250
(20,122):250
(20,123):250
(20,124):250
(20,125):250
(20,126):250
(20,127):250
(21,0):250
(21,1):250
(21,2):250
(21,3):250
(21,4):250
(21,5):250
(21,6):150
(21,7):161
(21,8):155
(21,9):35
(21,10):33
(21,11):113
(21,12):90
(21,13):107
(21,14):105
(21,15):128
(21,16):127
(21,17):171
(21,18):180
(21,19):144
(21,20):184
(21,21):169
(21,22):144
(21,23):177
(21,24):176
(21,25):194
(21,26):179
(21,27):177
(21,28):176
(21,29):188
(21,30):172
(21,31):187
(21,32):176
(21,33):185
(21,34):177
(21,35):191
(21,36):174
(21,37):175
(21,38):173
(21,39):187
(21,40):172
(21,41):179
(21,42):174
(21,43):184
(21,44):167
(21,45):184
(21,46):178
(21,47):182
(21,48):220
(21,49):250
(21,50):250
(21,51):250
(21,52):250
(21,53):250
(21,54):250
(21,55):250
(21,56):250
(21,57):250
(21,58):250
(21,59):250
(21,60):250
(21,61):250
(21,62):250
(21,63):250
(21,64):206
(21,65):179
(21,66):172
(21,67):188
(21,68):175
(21,69):180
(21,70):178
(21,71):184
(21,72):168
(21,73):187
(21,74):180
(21,75):183
(21,76):169
(21,77):164
(21,78):145
(21,79):183
(21,80):178
(21,81):148
(21,82):175
(21,83):174
(21,84):165
(21,85):93
(21,86):26
(21,87):122
(21,88):145
(21,89):148
(21,90):167
(21,91):187
(21,92):170
(21,93):183
(21,94):170
(21,95):185
(21,96):175
(21,97):182
(21,98):176
(21,99):188
(21,100):166
(21,101):187
(21,102):177
(21,103):188
(21,104):171
(21,105):110
(21,106):24
(21,107):38
(21,108):149
(21,109):250
(21,110):250
(21,111):250
(21,112):250
(21,113):250
(21,114):250
(21,115):250
(21,116):250
(21,117):250
(21,118):250
(21,119):250
(21,120):250
(21,121):250
(21,122):250
(21,123):250
(21,124):250
(21,125):250
(21,126):250
(21,127):250
(22,0):250
(22,1):250
(22,2):249
(22,3):250
(22,4):215
(22,5):143
(22,6):1
(22,7):17
(22,8):16
(22,9):77
(22,10):131
(22,11):101
(22,12):153
(22,13):159
(22,14):160
(22,15):175
(22,16):164
(22,17):136
(22,18):173
(22,19):179
(22,20):158
(22,21):168
(22,22):157
(22,23):169
(22,24):157
(22,25):158
(22,26):155
(22,27):161
(22,28):159
(22,29):165
(22,30):153
(22,31):166
(22,32):155
(22,33):165
(22,34):142
(22,35):168
(22,36):159
(22,37):156
(22,38):153
(22,39):164
(22,40):151
(22,41):160
(22,42):158
(22,43):162
(22,44):156
(22,45):166
(22,46):156
(22,47):160
(22,48):194
(22,49):243
(22,50):231
(22,51):250
(22,52):249
(22,53):250
(22,54):250
(22,55):250
(22,56):250
(22,57):250
(22,58):250
(22,59):250
(22,60):248
(22,61):250
(22,62):249
(22,63):250
(22,64):218
(22,65):200
(22,66):150
(22,67):172
(22,68):157
(22,69):156
(22,70):159
(22,71):162
(22,72):149
(22,73):167
(22,74):155
(22,75):166
(22,76):154
(22,77):122
(22,78):146
(22,79):137
(22,80):85
(22,81):84
(22,82):71
(22,83):34
(22,84):14
(22,85):13
(22,86):0
(22,87):16
(22,88):76
(22,89):166
(22,90):154
(22,91):169
(22,92):162
(22,93):158
(22,94):153
(22,95):170
(22,96):154
(22,97):157
(22,98):155
(22,99):172
(22,100):150
(22,101):162
(22,102):161
(22,103):165
(22,104):152
(22,105):96
(22,106):19
(22,107):10
(22,108):112
(22,109):144
(22,110):250
(22,111):250
(22,112):250
(22,113):250
(22,114):250
(22,115):250
(22,116):250
(22,117):250
(22,118):250
(22,119):250
(22,120):250
(22,121):250
(22,122):250
(22,123):250
(22,124):250
(22,125):250
(22,126):250
(22,127):250
(23,0):250
(23,1):250
(23,2):250
(23,3):244
(23,4):148
(23,5):30
(23,6):29
(23,7):121
(23,8):102
(23,9):186
(23,10):170
(23,11):187
(23,12):174
(23,13):184
(23,14):182
(23,15):194
(23,16):181
(23,17):193
(23,18):184
(23,19):196
(23,20):171
(23,21):195
(23,22):179
(23,23):179
(23,24):176
(23,25):187
(23,26):174
(23,27):181
(23,28):176
(23,29):188
(23,30):169
(23,31):184
(23,32):179
(23,33):181
(23,34):171
(23,35):188
(23,36):170
(23,37):180
(23,38):174
(23,39):186
(23,40):174
(23,41):178
(23,42):177
(23,43):186
(23,44):164
(23,45):183
(23,46):174
(23,47):180
(23,48):169
(23,49):231
(23,50):250
(23,51):250
(23,52):250
(23,53):250
(23,54):250
(23,55):250
(23,56):250
(23,57):250
(23,58):250
(23,59):250
(23,60):250
(23,61):250
(23,62):250
(23,63):250
(23,64):250
(23,65):228
(23,66):174
(23,67):188
(23,68):170
(23,69):183
(23,70):145
(23,71):188
(23,72):172
(23,73):186
(23,74):125
(23,75):177
(23,76):109
(23,77):112
(23,78):90
(23,79):42
(23,80):26
(23,81):35
(23,82):109
(23,83):148
(23,84):161
(23,85):156
(23,86):44
(23,87):30
(23,88):93
(23,89):175
(23,90):169
(23,91):187
(23,92):175
(23,93):182
(23,94):167
(23,95):191
(23,96):174
(23,97):177
(23,98):163
(23,99):189
(23,100):169
(23,101):186
(23,102):179
(23,103):188
(23,104):173
(23,105):102
(23,106):83
(23,107):31
(23,108):24
(23,109):154
(23,110):250
(23,111):250
(23,112):250
(23,113):250
(23,114):250
(23,115):250
(23,116):250
(23,117):250
(23,118):250
(23,119):250
(23,120):250
(23,121):250
(23,122):250
(23,123):250
(23,124):250
(23,125):250
(23,126):250
(23,127):250
(24,0):250
(24,1):250
(24,2):136
(24,3):78
(24,4):3
(24,5):114
(24,6):80
(24,7):148
(24,8):157
(24,9):160
(24,10):153
(24,11):169
(24,12):157
(24,13):160
(24,14):159
(24,15):172
(24,16):158
(24,17):175
(24,18):172
(24,19):174
(24,20):156
(24,21):170
(24,22):159
(24,23):161
(24,24):156
(24,25):168
(24,26):155
(24,27):157
(24,28):163
(24,29):164
(24,30):147
(24,31):163
(24,32):154
(24,33):161
(24,34):152
(24,35):165
(24,36):157
(24,37):160
(24,38):154
(24,39):167
(24,40):148
(24,41):156
(24,42):159
(24,43):166
(24,44):148
(24,45):165
(24,46):159
(24,47):162
(24,48):146
(24,49):180
(24,50):207
(24,51):250
(24,52):250
(24,53):250
(24,54):248
(24,55):250
(24,56):250
(24,57):250
(24,58):249
(24,59):250
(24,60):250
(24,61):250
(24,62):249
(24,63):250
(24,64):246
(24,65):217
(24,66):159
(24,67):170
(24,68):152
(24,69):164
(24,70):108
(24,71):161
(24,72):92
(24,73):91
(24,74):70
(24,75):73
(24,76):3
(24,77):11
(24,78):39
(24,79):13
(24,80):2
(24,81):12
(24,82):15
(24,83):135
(24,84):247
(24,85):250
(24,86):97
(24,87):18
(24,88):86
(24,89):90
(24,90):157
(24,91):168
(24,92):158
(24,93):159
(24,94):148
(24,95):172
(24,96):156
(24,97):157
(24,98):158
(24,99):174
(24,100):147
(24,101):159
(24,102):137
(24,103):169
(24,104):158
(24,105):92
(24,106):131
(24,107):26
(24,108):3
(24,109):129
(24,110):127
(24,111):250
(24,112):248
(24,113):250
(24,114):249
(24,115):250
(24,116):250
(24,117):250
(24,118):250
(24,119):250
(24,120):250
(24,121):250
(24,122):250
(24,123):250
(24,124):250
(24,125):250
(24,126):250
(24,127):250
(25,0):250
(25,1):250
(25,2):148
(25,3):36
(25,4):125
(25,5):114
(25,6):169
(25,7):188
(25,8):176
(25,9):181
(25,10):175
(25,11):188
(25,12):176
(25,13):182
(25,14):181
(25,15):192
(25,16):179
(25,17):196
(25,18):192
(25,19):194
(25,20):177
(25,21):191
(25,22):178
(25,23):180
(25,24):177
(25,25):188
(25,26):176
(25,27):179
(25,28):174
(25,29):191
(25,30):165
(25,31):184
(25,32):157
(25,33):178
(25,34):167
(25,35):189
(25,36):174
(25,37):179
(25,38):175
(25,39):168
(25,40):177
(25,41):178
(25,42):173
(25,43):189
(25,44):167
(25,45):180
(25,46):175
(25,47):184
(25,48):174
(25,49):193
(25,50):194
(25,51):250
(25,52):250
(25,53):250
(25,54):250
(25,55):250
(25,56):250
(25,57):250
(25,58):250
(25,59):250
(25,60):250
(25,61):250
(25,62):250
(25,63):250
(25,64):250
(25,65):250
(25,66):142
(25,67):150
(25,68):107
(25,69):104
(25,70):78
(25,71):85
(25,72):70
(25,73):35
(25,74):26
(25,75):30
(25,76):47
(25,77):47
(25,78):22
(25,79):32
(25,80):21
(25,81):36
(25,82):79
(25,83):173
(25,84):250
(25,85):250
(25,86):140
(25,87):39
(25,88):20
(25,89):112
(25,90):168
(25,91):187
(25,92):180
(25,93):177
(25,94):176
(25,95):186
(25,96):176
(25,97):175
(25,98):119
(25,99):158
(25,100):156
(25,101):66
(25,102):64
(25,103):81
(25,104):77
(25,105):158
(25,106):87
(25,107):95
(25,108):30
(25,109):32
(25,110):149
(25,111):156
(25,112):250
(25,113):250
(25,114):250
(25,115):250
(25,116):250
(25,117):250
(25,118):250
(25,119):250
(25,120):250
(25,121):250
(25,122):250
(25,123):250
(25,124):250
(25,125):250
(25,126):250
(25,127):250
(26,0):249
(26,1):86
(26,2):128
(26,3):14
(26,4):32
(26,5):149
(26,6):156
(26,7):173
(26,8):158
(26,9):164
(26,10):157
(26,11):168
(26,12):155
(26,13):163
(26,14):162
(26,15):169
(26,16):159
(26,17):174
(26,18):169
(26,19):170
(26,20):154
(26,21):169
(26,22):157
(26,23):159
(26,24):153
(26,25):167
(26,26):148
(26,27):155
(26,28):155
(26,29):147
(26,30):127
(26,31):127
(26,32):146
(26,33):167
(26,34):149
(26,35):135
(26,36):157
(26,37):161
(26,38):154
(26,39):124
(26,40):153
(26,41):158
(26,42):117
(26,43):165
(26,44):153
(26,45):173
(26,46):120
(26,47):129
(26,48):162
(26,49):175
(26,50):160
(26,51):228
(26,52):250
(26,53):250
(26,54):250
(26,55):250
(26,56):248
(26,57):250
(26,58):250
(26,59):250
(26,60):250
(26,61):250
(26,62):243
(26,63):224
(26,64):163
(26,65):147
(26,66):125
(26,67):18
(26,68):6
(26,69):11
(26,70):4
(26,71):13
(26,72):0
(26,73):10
(26,74):0
(26,75):15
(26,76):0
(26,77):10
(26,78):4
(26,79):12
(26,80):3
(26,81):134
(26,82):132
(26,83):250
(26,84):247
(26,85):250
(26,86):120
(26,87):14
(26,88):3
(26,89):82
(26,90):114
(26,91):123
(26,92):158
(26,93):158
(26,94):155
(26,95):114
(26,96):139
(26,97):63
(26,98):7
(26,99):150
(26,100):68
(26,101):133
(26,102):137
(26,103):80
(26,104):66
(26,105):135
(26,106):11
(26,107):23
(26,108):21
(26,109):13
(26,110):5
(26,111):137
(26,112):226
(26,113):250
(26,114):247
(26,115):250
(26,116):250
(26,117):250
(26,118):244
(26,119):250
(26,120):250
(26,121):250
(26,122):250
(26,123):250
(26,124):250
(26,125):250
(26,126):250
(26,127):250
(27,0):250
(27,1):99
(27,2):21
(27,3):35
(27,4):103
(27,5):138
(27,6):176
(27,7):195
(27,8):179
(27,9):184
(27,10):178
(27,11):189
(27,12):175
(27,13):183
(27,14):182
(27,15):187
(27,16):176
(27,17):190
(27,18):183
(27,19):184
(27,20):169
(27,21):187
(27,22):176
(27,23):178
(27,24):172
(27,25):183
(27,26):175
(27,27):181
(27,28):178
(27,29):185
(27,30):143
(27,31):33
(27,32):118
(27,33):105
(27,34):177
(27,35):181
(27,36):174
(27,37):128
(27,38):116
(27,39):127
(27,40):91
(27,41):91
(27,42):81
(27,43):116
(27,44):111
(27,45):108
(27,46):103
(27,47):129
(27,48):108
(27,49):93
(27,50):112
(27,51):93
(27,52):105
(27,53):125
(27,54):107
(27,55):219
(27,56):197
(27,57):250
(27,58):250
(27,59):250
(27,60):250
(27,61):250
(27,62):200
(27,63):155
(27,64):26
(27,65):34
(27,66):32
(27,67):125
(27,68):20
(27,69):32
(27,70):20
(27,71):30
(27,72):24
(27,73):33
(27,74):25
(27,75):30
(27,76):24
(27,77):30
(27,78):22
(27,79):135
(27,80):144
(27,81):164
(27,82):250
(27,83):250
(27,84):250
(27,85):250
(27,86):130
(27,87):33
(27,88):20
(27,89):88
(27,90):102
(27,91):113
(27,92):127
(27,93):176
(27,94):177
(27,95):165
(27,96):63
(27,97):39
(27,98):55
(27,99):172
(27,100):250
(27,101):250
(27,102):250
(27,103):250
(27,104):250
(27,105):250
(27,106):167
(27,107):168
(27,108):33
(27,109):35
(27,110):20
(27,111):151
(27,112):149
(27,113):250
(27,114):250
(27,115):250
(27,116):250
(27,117):250
(27,118):250
(27,119):250
(27,120):250
(27,121):250
(27,122):250
(27,123):250
(27,124):250
(27,125):250
(27,126):250
(27,127):250
(28,0):227
(28,1):63
(28,2):6
(28,3):21
(28,4):138
(28,5):180
(28,6):150
(28,7):172
(28,8):158
(28,9):161
(28,10):156
(28,11):170
(28,12):156
(28,13):163
(28,14):162
(28,15):168
(28,16):152
(28,17):166
(28,18):159
(28,19):161
(28,20):148
(28,21):166
(28,22):155
(28,23):157
(28,24):155
(28,25):165
(28,26):146
(28,27):160
(28,28):157
(28,29):163
(28,30):112
(28,31):102
(28,32):32
(28,33):94
(28,34):56
(28,35):76
(28,36):11
(28,37):21
(28,38):3
(28,39):12
(28,40):0
(28,41):12
(28,42):0
(28,43):13
(28,44):0
(28,45):14
(28,46):5
(28,47):10
(28,48):0
(28,49):14
(28,50):3
(28,51):13
(28,52):4
(28,53):132
(28,54):1
(28,55):16
(28,56):20
(28,57):180
(28,58):143
(28,59):250
(28,60):248
(28,61):242
(28,62):183
(28,63):169
(28,64):10
(28,65):100
(28,66):184
(28,67):191
(28,68):101
(28,69):32
(28,70):11
(28,71):34
(28,72):34
(28,73):88
(28,74):82
(28,75):54
(28,76):50
(28,77):126
(28,78):129
(28,79):190
(28,80):239
(28,81):250
(28,82):246
(28,83):250
(28,84):246
(28,85):250
(28,86):111
(28,87):15
(28,88):5
(28,89):16
(28,90):80
(28,91):141
(28,92):143
(28,93):161
(28,94):138
(28,95):60
(28,96):9
(28,97):139
(28,98):126
(28,99):250
(28,100):249
(28,101):250
(28,102):244
(28,103):250
(28,104):249
(28,105):250
(28,106):249
(28,107):151
(28,108):132
(28,109):108
(28,110):12
(28,111):13
(28,112):175
(28,113):164
(28,114):250
(28,115):250
(28,116):247
(28,117):250
(28,118):248
(28,119):250
(28,120):250
(28,121):250
(28,122):250
(28,123):250
(28,124):250
(28,125):250
(28,126):250
(28,127):250
(29,0):146
(29,1):48
(29,2):23
(29,3):78
(29,4):167
(29,5):199
(29,6):178
(29,7):198
(29,8):180
(29,9):180
(29,10):176
(29,11):191
(29,12):174
(29,13):180
(29,14):179
(29,15):186
(29,16):168
(29,17):183
(29,18):179
(29,19):182
(29,20):169
(29,21):187
(29,22):176
(29,23):177
(29,24):168
(29,25):193
(29,26):171
(29,27):176
(29,28):179
(29,29):184
(29,30):105
(29,31):97
(29,32):21
(29,33):34
(29,34):20
(29,35):36
(29,36):24
(29,37):60
(29,38):22
(29,39):30
(29,40):21
(29,41):35
(29,42):23
(29,43):34
(29,44):21
(29,45):30
(29,46):20
(29,47):36
(29,48):42
(29,49):34
(29,50):20
(29,51):35
(29,52):65
(29,53):158
(29,54):141
(29,55):191
(29,56):182
(29,57):220
(29,58):200
(29,59):161
(29,60):243
(29,61):250
(29,62):215
(29,63):52
(29,64):151
(29,65):235
(29,66):250
(29,67):250
(29,68):250
(29,69):246
(29,70):142
(29,71):246
(29,72):250
(29,73):250
(29,74):250
(29,75):250
(29,76):250
(29,77):250
(29,78):250
(29,79):250
(29,80):250
(29,81):250
(29,82):250
(29,83):250
(29,84):250
(29,85):175
(29,86):146
(29,87):33
(29,88):20
(29,89):35
(29,90):28
(29,91):37
(29,92):106
(29,93):110
(29,94):29
(29,95):36
(29,96):75
(29,97):97
(29,98):250
(29,99):250
(29,100):250
(29,101):250
(29,102):250
(29,103):250
(29,104):250
(29,105):250
(29,106):250
(29,107):250
(29,108):246
(29,109):172
(29,110):121
(29,111):82
(29,112):179
(29,113):215
(29,114):177
(29,115):250
(29,116):250
(29,117):250
(29,118):250
(29,119):250
(29,120):250
(29,121):250
(29,122):250
(29,123):250
(29,124):250
(29,125):250
(29,126):250
(29,127):250
(30,0):220
(30,1):77
(30,2):3
(30,3):25
(30,4):135
(30,5):137
(30,6):159
(30,7):177
(30,8):161
(30,9):161
(30,10):156
(30,11):170
(30,12):152
(30,13):157
(30,14):158
(30,15):165
(30,16):147
(30,17):164
(30,18):159
(30,19):163
(30,20):149
(30,21):166
(30,22):156
(30,23):158
(30,24):153
(30,25):168
(30,26):151
(30,27):156
(30,28):160
(30,29):168
(30,30):131
(30,31):90
(30,32):0
(30,33):15
(30,34):25
(30,35):20
(30,36):0
(30,37):13
(30,38):1
(30,39):16
(30,40):5
(30,41):10
(30,42):0
(30,43):14
(30,44):2
(30,45):16
(30,46):5
(30,47):10
(30,48):0
(30,49):10
(30,50):25
(30,51):13
(30,52):129
(30,53):241
(30,54):247
(30,55):250
(30,56):244
(30,57):192
(30,58):44
(30,59):178
(30,60):133
(30,61):229
(30,62):225
(30,63):66
(30,64):4
(30,65):152
(30,66):173
(30,67):189
(30,68):195
(30,69):227
(30,70):229
(30,71):250
(30,72):250
(30,73):250
(30,74):248
(30,75):250
(30,76):239
(30,77):244
(30,78):228
(30,79):225
(30,80):206
(30,81):191
(30,82):152
(30,83):131
(30,84):144
(30,85):156
(30,86):102
(30,87):63
(30,88):88
(30,89):93
(30,90):99
(30,91):122
(30,92):82
(30,93):82
(30,94):101
(30,95):121
(30,96):21
(30,97):90
(30,98):236
(30,99):250
(30,100):250
(30,101):250
(30,102):247
(30,103):250
(30,104):247
(30,105):250
(30,106):249
(30,107):250
(30,108):250
(30,109):250
(30,110):250
(30,111):250
(30,112):143
(30,113):197
(30,114):28
(30,115):211
(30,116):152
(30,117):250
(30,118):248
(30,119):250
(30,120):250
(30,121):250
(30,122):250
(30,123):250
(30,124):250
(30,125):250
(30,126):250
(30,127):250
(31,0):250
(31,1):95
(31,2):27
(31,3):31
(31,4):108
(31,5):153
(31,6):181
(31,7):191
(31,8):178
(31,9):179
(31,10):174
(31,11):188
(31,12):170
(31,13):178
(31,14):180
(31,15):186
(31,16):168
(31,17):184
(31,18):179
(31,19):181
(31,20):167
(31,21):184
(31,22):175
(31,23):179
(31,24):175
(31,25):181
(31,26):173
(31,27):181
(31,28):179
(31,29):190
(31,30):177
(31,31):110
(31,32):95
(31,33):33
(31,34):31
(31,35):45
(31,36):103
(31,37):32
(31,38):20
(31,39):31
(31,40):20
(31,41):32
(31,42):22
(31,43):30
(31,44):21
(31,45):31
(31,46):20
(31,47):35
(31,48):20
(31,49):33
(31,50):21
(31,51):157
(31,52):185
(31,53):250
(31,54):250
(31,55):250
(31,56):250
(31,57):250
(31,58):91
(31,59):42
(31,60):22
(31,61):199
(31,62):250
(31,63):136
(31,64):155
(31,65):43
(31,66):32
(31,67):40
(31,68):31
(31,69):159
(31,70):158
(31,71):174
(31,72):96
(31,73):181
(31,74):176
(31,75):108
(31,76):170
(31,77):178
(31,78):42
(31,79):45
(31,80):35
(31,81):48
(31,82):35
(31,83):157
(31,84):61
(31,85):162
(31,86):150
(31,87):185
(31,88):129
(31,89):150
(31,90):176
(31,91):189
(31,92):141
(31,93):191
(31,94):172
(31,95):118
(31,96):29
(31,97):43
(31,98):135
(31,99):230
(31,100):152
(31,101):184
(31,102):215
(31,103):183
(31,104):187
(31,105):250
(31,106):250
(31,107):250
(31,108):250
(31,109):250
(31,110):250
(31,111):250
(31,112):250
(31,113):250
(31,114):191
(31,115):90
(31,116):202
(31,117):176
(31,118):250
(31,119):250
(31,120):250
(31,121):250
(31,122):250
(31,123):250
(31,124):250
(31,125):250
(31,126):250
(31,127):250
(32,0):250
(32,1):87
(32,2):114
(32,3):17
(32,4):78
(32,5):174
(32,6):161
(32,7):171
(32,8):158
(32,9):161
(32,10):155
(32,11):166
(32,12):150
(32,13):159
(32,14):158
(32,15):161
(32,16):149
(32,17):161
(32,18):158
(32,19):164
(32,20):149
(32,21):166
(32,22):157
(32,23):158
(32,24):152
(32,25):170
(32,26):153
(32,27):160
(32,28):156
(32,29):170
(32,30):151
(32,31):159
(32,32):61
(32,33):15
(32,34):29
(32,35):36
(32,36):204
(32,37):120
(32,38):0
(32,39):14
(32,40):1
(32,41):11
(32,42):1
(32,43):28
(32,44):2
(32,45):12
(32,46):0
(32,47):13
(32,48):2
(32,49):12
(32,50):38
(32,51):131
(32,52):250
(32,53):250
(32,54):250
(32,55):250
(32,56):245
(32,57):215
(32,58):122
(32,59):16
(32,60):172
(32,61):194
(32,62):250
(32,63):250
(32,64):244
(32,65):207
(32,66):212
(32,67):211
(32,68):189
(32,69):170
(32,70):186
(32,71):189
(32,72):62
(32,73):74
(32,74):170
(32,75):97
(32,76):112
(32,77):127
(32,78):182
(32,79):188
(32,80):133
(32,81):154
(32,82):131
(32,83):161
(32,84):156
(32,85):131
(32,86):150
(32,87):163
(32,88):137
(32,89):167
(32,90):150
(32,91):169
(32,92):158
(32,93):159
(32,94):154
(32,95):167
(32,96):80
(32,97):13
(32,98):6
(32,99):24
(32,100):89
(32,101):124
(32,102):11
(32,103):17
(32,104):130
(32,105):248
(32,106):250
(32,107):250
(32,108):249
(32,109):250
(32,110):250
(32,111):250
(32,112):249
(32,113):250
(32,114):250
(32,115):209
(32,116):44
(32,117):29
(32,118):174
(32,119):250
(32,120):250
(32,121):250
(32,122):250
(32,123):250
(32,124):250
(32,125):250
(32,126):250
(32,127):250
(33,0):250
(33,1):250
(33,2):145
(33,3):32
(33,4):116
(33,5):189
(33,6):146
(33,7):199
(33,8):180
(33,9):176
(33,10):169
(33,11):186
(33,12):171
(33,13):175
(33,14):177
(33,15):188
(33,16):167
(33,17):184
(33,18):179
(33,19):181
(33,20):167
(33,21):188
(33,22):178
(33,23):177
(33,24):173
(33,25):188
(33,26):174
(33,27):181
(33,28):179
(33,29):188
(33,30):173
(33,31):184
(33,32):96
(33,33):38
(33,34):20
(33,35):115
(33,36):52
(33,37):230
(33,38):141
(33,39):31
(33,40):22
(33,41):33
(33,42):21
(33,43):33
(33,44):23
(33,45):34
(33,46):20
(33,47):121
(33,48):112
(33,49):174
(33,50):123
(33,51):250
(33,52):250
(33,53):250
(33,54):237
(33,55):167
(33,56):70
(33,57):44
(33,58):159
(33,59):151
(33,60):146
(33,61):224
(33,62):250
(33,63):250
(33,64):250
(33,65):250
(33,66):250
(33,67):250
(33,68):250
(33,69):250
(33,70):250
(33,71):250
(33,72):250
(33,73):250
(33,74):250
(33,75):250
(33,76):250
(33,77):250
(33,78):250
(33,79):250
(33,80):183
(33,81):192
(33,82):174
(33,83):177
(33,84):177
(33,85):169
(33,86):165
(33,87):187
(33,88):178
(33,89):178
(33,90):172
(33,91):193
(33,92):176
(33,93):183
(33,94):168
(33,95):133
(33,96):163
(33,97):76
(33,98):26
(33,99):34
(33,100):125
(33,101):98
(33,102):130
(33,103):151
(33,104):35
(33,105):212
(33,106):250
(33,107):250
(33,108):250
(33,109):250
(33,110):250
(33,111):250
(33,112):250
(33,113):250
(33,114):250
(33,115):250
(33,116):136
(33,117):42
(33,118):164
(33,119):250
(33,120):250
(33,121):250
(33,122):250
(33,123):250
(33,124):250
(33,125):250
(33,126):250
(33,127):250
(34,0):250
(34,1):250
(34,2):135
(34,3):16
(34,4):11
(34,5):92
(34,6):113
(34,7):167
(34,8):156
(34,9):160
(34,10):155
(34,11):168
(34,12):152
(34,13):159
(34,14):158
(34,15):163
(34,16):147
(34,17):165
(34,18):160
(34,19):161
(34,20):150
(34,21):171
(34,22):159
(34,23):160
(34,24):154
(34,25):166
(34,26):154
(34,27):161
(34,28):161
(34,29):166
(34,30):153
(34,31):168
(34,32):68
(34,33):10
(34,34):4
(34,35):24
(34,36):108
(34,37):250
(34,38):89
(34,39):138
(34,40):123
(34,41):142
(34,42):76
(34,43):71
(34,44):71
(34,45):80
(34,46):91
(34,47):107
(34,48):243
(34,49):250
(34,50):250
(34,51):250
(34,52):173
(34,53):185
(34,54):26
(34,55):199
(34,56):175
(34,57):185
(34,58):162
(34,59):171
(34,60):250
(34,61):250
(34,62):250
(34,63):250
(34,64):250
(34,65):250
(34,66):239
(34,67):250
(34,68):248
(34,69):250
(34,70):250
(34,71):250
(34,72):250
(34,73):250
(34,74):250
(34,75):250
(34,76):250
(34,77):250
(34,78):250
(34,79):250
(34,80):243
(34,81):207
(34,82):190
(34,83):160
(34,84):157
(34,85):168
(34,86):146
(34,87):161
(34,88):163
(34,89):172
(34,90):147
(34,91):169
(34,92):159
(34,93):159
(34,94):155
(34,95):128
(34,96):149
(34,97):50
(34,98):0
(34,99):10
(34,100):41
(34,101):23
(34,102):32
(34,103):17
(34,104):8
(34,105):195
(34,106):247
(34,107):250
(34,108):250
(34,109):250
(34,110):250
(34,111):250
(34,112):250
(34,113):250
(34,114):249
(34,115):180
(34,116):126
(34,117):17
(34,118):152
(34,119):250
(34,120):250
(34,121):250
(34,122):250
(34,123):250
(34,124):250
(34,125):250
(34,126):250
(34,127):250
(35,0):250
(35,1):250
(35,2):164
(35,3):76
(35,4):33
(35,5):122
(35,6):178
(35,7):196
(35,8):178
(35,9):179
(35,10):173
(35,11):187
(35,12):172
(35,13):177
(35,14):178
(35,15):189
(35,16):169
(35,17):184
(35,18):178
(35,19):183
(35,20):175
(35,21):192
(35,22):179
(35,23):184
(35,24):175
(35,25):187
(35,26):174
(35,27):182
(35,28):181
(35,29):186
(35,30):172
(35,31):187
(35,32):157
(35,33):70
(35,34):100
(35,35):31
(35,36):63
(35,37):146
(35,38):250
(35,39):250
(35,40):250
(35,41):250
(35,42):250
(35,43):250
(35,44):250
(35,45):250
(35,46):250
(35,47):153
(35,48):148
(35,49):171
(35,50):120
(35,51):182
(35,52):180
(35,53):42
(35,54):199
(35,55):192
(35,56):249
(35,57):250
(35,58):250
(35,59):250
(35,60):250
(35,61):250
(35,62):250
(35,63):250
(35,64):250
(35,65):250
(35,66):250
(35,67):250
(35,68):250
(35,69):250
(35,70):250
(35,71):250
(35,72):250
(35,73):250
(35,74):250
(35,75):250
(35,76):250
(35,77):250
(35,78):250
(35,79):250
(35,80):250
(35,81):250
(35,82):207
(35,83):180
(35,84):187
(35,85):184
(35,86):174
(35,87):183
(35,88):178
(35,89):181
(35,90):176
(35,91):188
(35,92):181
(35,93):183
(35,94):165
(35,95):194
(35,96):133
(35,97):39
(35,98):24
(35,99):55
(35,100):64
(35,101):114
(35,102):49
(35,103):35
(35,104):129
(35,105):250
(35,106):250
(35,107):250
(35,108):250
(35,109):250
(35,110):250
(35,111):250
(35,112):250
(35,113):250
(35,114):250
(35,115):250
(35,116):72
(35,117):43
(35,118):167
(35,119):250
(35,120):250
(35,121):250
(35,122):250
(35,123):250
(35,124):250
(35,125):250
(35,126):250
(35,127):250
(36,0):250
(36,1):250
(36,2):249
(36,3):130
(36,4):0
(36,5):114
(36,6):121
(36,7):121
(36,8):159
(36,9):162
(36,10):155
(36,11):169
(36,12):157
(36,13):163
(36,14):158
(36,15):164
(36,16):149
(36,17):165
(36,18):158
(36,19):164
(36,20):156
(36,21):173
(36,22):160
(36,23):164
(36,24):156
(36,25):170
(36,26):154
(36,27):164
(36,28):160
(36,29):169
(36,30):152
(36,31):166
(36,32):163
(36,33):157
(36,34):99
(36,35):15
(36,36):85
(36,37):42
(36,38):113
(36,39):116
(36,40):198
(36,41):164
(36,42):118
(36,43):114
(36,44):62
(36,45):48
(36,46):92
(36,47):18
(36,48):3
(36,49):18
(36,50):144
(36,51):186
(36,52):153
(36,53):216
(36,54):247
(36,55):250
(36,56):250
(36,57):250
(36,58):250
(36,59):250
(36,60):248
(36,61):250
(36,62):249
(36,63):250
(36,64):249
(36,65):250
(36,66):249
(36,67):250
(36,68):248
(36,69):250
(36,70):230
(36,71):247
(36,72):246
(36,73):250
(36,74):250
(36,75):250
(36,76):250
(36,77):250
(36,78):250
(36,79):250
(36,80):250
(36,81):250
(36,82):230
(36,83):190
(36,84):149
(36,85):169
(36,86):149
(36,87):160
(36,88):164
(36,89):164
(36,90):154
(36,91):168
(36,92):155
(36,93):160
(36,94):101
(36,95):171
(36,96):77
(36,97):16
(36,98):4
(36,99):26
(36,100):22
(36,101):20
(36,102):119
(36,103):125
(36,104):224
(36,105):250
(36,106):249
(36,107):250
(36,108):248
(36,109):250
(36,110):250
(36,111):250
(36,112):250
(36,113):250
(36,114):250
(36,115):234
(36,116):53
(36,117):17
(36,118):158
(36,119):250
(36,120):250
(36,121):250
(36,122):250
(36,123):250
(36,124):250
(36,125):250
(36,126):250
(36,127):250
(37,0):250
(37,1):250
(37,2):250
(37,3):169
(37,4):153
(37,5):161
(37,6):68
(37,7):184
(37,8):151
(37,9):176
(37,10):181
(37,11):190
(37,12):171
(37,13):178
(37,14):179
(37,15):189
(37,16):170
(37,17):187
(37,18):181
(37,19):183
(37,20):173
(37,21):195
(37,22):183
(37,23):182
(37,24):175
(37,25):191
(37,26):173
(37,27):184
(37,28):179
(37,29):191
(37,30):172
(37,31):184
(37,32):182
(37,33):185
(37,34):173
(37,35):60
(37,36):22
(37,37):45
(37,38):127
(37,39):33
(37,40):21
(37,41):33
(37,42):39
(37,43):151
(37,44):147
(37,45):167
(37,46):113
(37,47):140
(37,48):147
(37,49):174
(37,50):183
(37,51):196
(37,52):250
(37,53):250
(37,54):250
(37,55):250
(37,56):250
(37,57):250
(37,58):250
(37,59):250
(37,60):250
(37,61):250
(37,62):250
(37,63):250
(37,64):250
(37,65):220
(37,66):159
(37,67):147
(37,68):120
(37,69):61
(37,70):39
(37,71):61
(37,72):206
(37,73):250
(37,74):250
(37,75):250
(37,76):250
(37,77):250
(37,78):250
(37,79):250
(37,80):250
(37,81):250
(37,82):250
(37,83):210
(37,84):176
(37,85):188
(37,86):169
(37,87):189
(37,88):179
(37,89):183
(37,90):166
(37,91):150
(37,92):126
(37,93):190
(37,94):113
(37,95):56
(37,96):30
(37,97):34
(37,98):24
(37,99):51
(37,100):110
(37,101):117
(37,102):250
(37,103):111
(37,104):165
(37,105):210
(37,106):243
(37,107):250
(37,108):250
(37,109):250
(37,110):250
(37,111):250
(37,112):250
(37,113):250
(37,114):250
(37,115):250
(37,116):135
(37,117):40
(37,118):156
(37,119):250
(37,120):250
(37,121):250
(37,122):250
(37,123):250
(37,124):250
(37,125):250
(37,126):250
(37,127):250
(38,0):249
(38,1):250
(38,2):250
(38,3):249
(38,4):135
(38,5):13
(38,6):115
(38,7):139
(38,8):160
(38,9):164
(38,10):156
(38,11):169
(38,12):157
(38,13):160
(38,14):157
(38,15):168
(38,16):152
(38,17):166
(38,18):160
(38,19):163
(38,20):152
(38,21):175
(38,22):166
(38,23):164
(38,24):156
(38,25):170
(38,26):154
(38,27):162
(38,28):159
(38,29):168
(38,30):151
(38,31):164
(38,32):161
(38,33):167
(38,34):149
(38,35):58
(38,36):6
(38,37):64
(38,38):139
(38,39):146
(38,40):106
(38,41):125
(38,42):144
(38,43):133
(38,44):129
(38,45):167
(38,46):161
(38,47):164
(38,48):149
(38,49):168
(38,50):144
(38,51):242
(38,52):250
(38,53):244
(38,54):249
(38,55):250
(38,56):250
(38,57):250
(38,58):250
(38,59):250
(38,60):250
(38,61):250
(38,62):246
(38,63):242
(38,64):184
(38,65):189
(38,66):137
(38,67):14
(38,68):3
(38,69):10
(38,70):130
(38,71):10
(38,72):186
(38,73):237
(38,74):250
(38,75):250
(38,76):250
(38,77):250
(38,78):250
(38,79):250
(38,80):250
(38,81):250
(38,82):229
(38,83):175
(38,84):168
(38,85):169
(38,86):154
(38,87):157
(38,88):116
(38,89):171
(38,90):151
(38,91):154
(38,92):84
(38,93):109
(38,94):6
(38,95):11
(38,96):5
(38,97):13
(38,98):6
(38,99):84
(38,100):58
(38,101):73
(38,102):111
(38,103):128
(38,104):0
(38,105):20
(38,106):142
(38,107):214
(38,108):250
(38,109):250
(38,110):249
(38,111):250
(38,112):249
(38,113):250
(38,114):249
(38,115):231
(38,116):52
(38,117):146
(38,118):160
(38,119):250
(38,120):250
(38,121):250
(38,122):250
(38,123):250
(38,124):250
(38,125):250
(38,126):250
(38,127):250
(39,0):250
(39,1):250
(39,2):250
(39,3):250
(39,4):247
(39,5):176
(39,6):163
(39,7):94
(39,8):175
(39,9):183
(39,10):175
(39,11):186
(39,12):174
(39,13):181
(39,14):179
(39,15):190
(39,16):174
(39,17):183
(39,18):177
(39,19):183
(39,20):172
(39,21):193
(39,22):186
(39,23):187
(39,24):178
(39,25):190
(39,26):176
(39,27):182
(39,28):181
(39,29):186
(39,30):172
(39,31):185
(39,32):182
(39,33):181
(39,34):177
(39,35):125
(39,36):23
(39,37):76
(39,38):169
(39,39):120
(39,40):171
(39,41):183
(39,42):180
(39,43):190
(39,44):166
(39,45):183
(39,46):161
(39,47):183
(39,48):170
(39,49):205
(39,50):201
(39,51):250
(39,52):250
(39,53):250
(39,54):250
(39,55):250
(39,56):250
(39,57):250
(39,58):250
(39,59):250
(39,60):250
(39,61):250
(39,62):250
(39,63):223
(39,64):211
(39,65):196
(39,66):130
(39,67):38
(39,68):24
(39,69):38
(39,70):40
(39,71):165
(39,72):173
(39,73):250
(39,74):250
(39,75):250
(39,76):250
(39,77):250
(39,78):250
(39,79):250
(39,80):250
(39,81):250
(39,82):247
(39,83):195
(39,84):174
(39,85):194
(39,86):168
(39,87):140
(39,88):104
(39,89):141
(39,90):107
(39,91):91
(39,92):24
(39,93):38
(39,94):48
(39,95):85
(39,96):70
(39,97):45
(39,98):27
(39,99):36
(39,100):26
(39,101):33
(39,102):22
(39,103):47
(39,104):72
(39,105):125
(39,106):51
(39,107):226
(39,108):250
(39,109):250
(39,110):250
(39,111):250
(39,112):250
(39,113):250
(39,114):250
(39,115):161
(39,116):144
(39,117):58
(39,118):188
(39,119):250
(39,120):250
(39,121):250
(39,122):250
(39,123):250
(39,124):250
(39,125):250
(39,126):250
(39,127):250
(40,0):250
(40,1):250
(40,2):250
(40,3):250
(40,4):247
(40,5):143
(40,6):47
(40,7):35
(40,8):132
(40,9):155
(40,10):157
(40,11):164
(40,12):147
(40,13):162
(40,14):161
(40,15):167
(40,16):152
(40,17):167
(40,18):160
(40,19):166
(40,20):154
(40,21):170
(40,22):161
(40,23):164
(40,24):155
(40,25):170
(40,26):154
(40,27):162
(40,28):160
(40,29):168
(40,30):151
(40,31):165
(40,32):155
(40,33):159
(40,34):149
(40,35):108
(40,36):9
(40,37):35
(40,38):129
(40,39):114
(40,40):154
(40,41):160
(40,42):159
(40,43):168
(40,44):148
(40,45):162
(40,46):160
(40,47):165
(40,48):150
(40,49):170
(40,50):163
(40,51):235
(40,52):250
(40,53):250
(40,54):248
(40,55):250
(40,56):250
(40,57):250
(40,58):250
(40,59):250
(40,60):250
(40,61):250
(40,62):250
(40,63):250
(40,64):240
(40,65):229
(40,66):215
(40,67):217
(40,68):205
(40,69):220
(40,70):218
(40,71):250
(40,72):250
(40,73):250
(40,74):250
(40,75):250
(40,76):249
(40,77):250
(40,78):250
(40,79):250
(40,80):248
(40,81):250
(40,82):204
(40,83):162
(40,84):133
(40,85):136
(40,86):125
(40,87):136
(40,88):2
(40,89):13
(40,90):4
(40,91):13
(40,92):17
(40,93):130
(40,94):55
(40,95):97
(40,96):155
(40,97):160
(40,98):102
(40,99):103
(40,100):85
(40,101):108
(40,102):89
(40,103):165
(40,104):101
(40,105):22
(40,106):55
(40,107):232
(40,108):250
(40,109):250
(40,110):250
(40,111):250
(40,112):250
(40,113):250
(40,114):242
(40,115):148
(40,116):142
(40,117):89
(40,118):223
(40,119):250
(40,120):250
(40,121):250
(40,122):250
(40,123):250
(40,124):250
(40,125):250
(40,126):250
(40,127):250
(41,0):250
(41,1):250
(41,2):250
(41,3):250
(41,4):250
(41,5):250
(41,6):162
(41,7):166
(41,8):140
(41,9):182
(41,10):159
(41,11):191
(41,12):180
(41,13):178
(41,14):178
(41,15):184
(41,16):171
(41,17):185
(41,18):178
(41,19):183
(41,20):171
(41,21):189
(41,22):180
(41,23):183
(41,24):175
(41,25):190
(41,26):174
(41,27):182
(41,28):181
(41,29):189
(41,30):171
(41,31):184
(41,32):183
(41,33):181
(41,34):173
(41,35):174
(41,36):112
(41,37):40
(41,38):105
(41,39):192
(41,40):175
(41,41):178
(41,42):180
(41,43):182
(41,44):170
(41,45):185
(41,46):177
(41,47):180
(41,48):169
(41,49):183
(41,50):183
(41,51):242
(41,52):250
(41,53):250
(41,54):250
(41,55):250
(41,56):250
(41,57):250
(41,58):250
(41,59):250
(41,60):250
(41,61):250
(41,62):250
(41,63):250
(41,64):250
(41,65):250
(41,66):250
(41,67):250
(41,68):250
(41,69):250
(41,70):250
(41,71):250
(41,72):250
(41,73):250
(41,74):250
(41,75):250
(41,76):250
(41,77):250
(41,78):205
(41,79):212
(41,80):148
(41,81):188
(41,82):170
(41,83):159
(41,84):36
(41,85):35
(41,86):153
(41,87):75
(41,88):136
(41,89):124
(41,90):126
(41,91):40
(41,92):24
(41,93):134
(41,94):84
(41,95):115
(41,96):180
(41,97):178
(41,98):107
(41,99):118
(41,100):171
(41,101):188
(41,102):192
(41,103):93
(41,104):47
(41,105):41
(41,106):158
(41,107):250
(41,108):250
(41,109):250
(41,110):250
(41,111):250
(41,112):250
(41,113):250
(41,114):152
(41,115):181
(41,116):35
(41,117):180
(41,118):250
(41,119):250
(41,120):250
(41,121):250
(41,122):250
(41,123):250
(41,124):250
(41,125):250
(41,126):250
(41,127):250
(42,0):249
(42,1):250
(42,2):250
(42,3):250
(42,4):247
(42,5):250
(42,6):149
(42,7):146
(42,8):131
(42,9):150
(42,10):159
(42,11):163
(42,12):155
(42,13):163
(42,14):160
(42,15):168
(42,16):155
(42,17):168
(42,18):162
(42,19):164
(42,20):152
(42,21):171
(42,22):159
(42,23):162
(42,24):156
(42,25):170
(42,26):154
(42,27):162
(42,28):161
(42,29):169
(42,30):151
(42,31):163
(42,32):152
(42,33):165
(42,34):147
(42,35):169
(42,36):89
(42,37):16
(42,38):91
(42,39):142
(42,40):153
(42,41):158
(42,42):158
(42,43):164
(42,44):151
(42,45):159
(42,46):157
(42,47):161
(42,48):152
(42,49):168
(42,50):153
(42,51):206
(42,52):227
(42,53):250
(42,54):247
(42,55):250
(42,56):250
(42,57):250
(42,58):250
(42,59):250
(42,60):250
(42,61):250
(42,62):247
(42,63):250
(42,64):250
(42,65):250
(42,66):246
(42,67):250
(42,68):250
(42,69):250
(42,70):222
(42,71):218
(42,72):164
(42,73):178
(42,74):167
(42,75):162
(42,76):45
(42,77):31
(42,78):141
(42,79):13
(42,80):6
(42,81):150
(42,82):145
(42,83):158
(42,84):116
(42,85):172
(42,86):163
(42,87):250
(42,88):250
(42,89):250
(42,90):239
(42,91):138
(42,92):139
(42,93):161
(42,94):42
(42,95):145
(42,96):97
(42,97):143
(42,98):154
(42,99):173
(42,100):151
(42,101):136
(42,102):67
(42,103):19
(42,104):30
(42,105):142
(42,106):246
(42,107):250
(42,108):250
(42,109):250
(42,110):250
(42,111):250
(42,112):250
(42,113):250
(42,114):141
(42,115):182
(42,116):72
(42,117):240
(42,118):246
(42,119):250
(42,120):250
(42,121):250
(42,122):250
(42,123):250
(42,124):250
(42,125):250
(42,126):250
(42,127):250
(43,0):250
(43,1):250
(43,2):250
(43,3):250
(43,4):250
(43,5):250
(43,6):250
(43,7):109
(43,8):42
(43,9):153
(43,10):176
(43,11):178
(43,12):174
(43,13):182
(43,14):181
(43,15):190
(43,16):171
(43,17):184
(43,18):180
(43,19):182
(43,20):169
(43,21):188
(43,22):175
(43,23):178
(43,24):176
(43,25):191
(43,26):174
(43,27):181
(43,28):181
(43,29):188
(43,30):171
(43,31):183
(43,32):180
(43,33):182
(43,34):168
(43,35):149
(43,36):153
(43,37):125
(43,38):24
(43,39):116
(43,40):181
(43,41):183
(43,42):178
(43,43):185
(43,44):169
(43,45):186
(43,46):165
(43,47):183
(43,48):166
(43,49):174
(43,50):178
(43,51):175
(43,52):214
(43,53):250
(43,54):250
(43,55):250
(43,56):250
(43,57):250
(43,58):250
(43,59):250
(43,60):250
(43,61):250
(43,62):250
(43,63):250
(43,64):250
(43,65):250
(43,66):234
(43,67):180
(43,68):194
(43,69):194
(43,70):165
(43,71):170
(43,72):26
(43,73):38
(43,74):160
(43,75):183
(43,76):174
(43,77):191
(43,78):145
(43,79):177
(43,80):195
(43,81):215
(43,82):247
(43,83):250
(43,84):250
(43,85):250
(43,86):250
(43,87):250
(43,88):250
(43,89):250
(43,90):250
(43,91):250
(43,92):171
(43,93):186
(43,94):175
(43,95):169
(43,96):36
(43,97):42
(43,98):128
(43,99):140
(43,100):42
(43,101):35
(43,102):32
(43,103):184
(43,104):156
(43,105):250
(43,106):250
(43,107):250
(43,108):250
(43,109):250
(43,110):250
(43,111):250
(43,112):250
(43,113):163
(43,114):42
(43,115):51
(43,116):179
(43,117):250
(43,118):250
(43,119):250
(43,120):250
(43,121):250
(43,122):250
(43,123):250
(43,124):250
(43,125):250
(43,126):250
(43,127):250
(44,0):248
(44,1):250
(44,2):250
(44,3):250
(44,4):250
(44,5):250
(44,6):250
(44,7):136
(44,8):22
(44,9):139
(44,10):159
(44,11):171
(44,12):157
(44,13):163
(44,14):162
(44,15):167
(44,16):150
(44,17):164
(44,18):160
(44,19):164
(44,20):152
(44,21):171
(44,22):160
(44,23):165
(44,24):157
(44,25):172
(44,26):154
(44,27):161
(44,28):159
(44,29):167
(44,30):150
(44,31):164
(44,32):157
(44,33):166
(44,34):150
(44,35):168
(44,36):103
(44,37):92
(44,38):13
(44,39):99
(44,40):129
(44,41):160
(44,42):114
(44,43):166
(44,44):150
(44,45):167
(44,46):155
(44,47):168
(44,48):150
(44,49):170
(44,50):113
(44,51):163
(44,52):149
(44,53):173
(44,54):207
(44,55):250
(44,56):247
(44,57):235
(44,58):215
(44,59):189
(44,60):202
(44,61):203
(44,62):124
(44,63):179
(44,64):161
(44,65):165
(44,66):146
(44,67):27
(44,68):18
(44,69):164
(44,70):159
(44,71):113
(44,72):176
(44,73):181
(44,74):171
(44,75):236
(44,76):250
(44,77):250
(44,78):250
(44,79):250
(44,80):250
(44,81):250
(44,82):249
(44,83):250
(44,84):250
(44,85):250
(44,86):250
(44,87):250
(44,88):250
(44,89):250
(44,90):250
(44,91):250
(44,92):250
(44,93):250
(44,94):250
(44,95):244
(44,96):170
(44,97):192
(44,98):93
(44,99):110
(44,100):132
(44,101):175
(44,102):177
(44,103):250
(44,104):250
(44,105):250
(44,106):248
(44,107):250
(44,108):247
(44,109):250
(44,110):248
(44,111):250
(44,112):135
(44,113):188
(44,114):183
(44,115):151
(44,116):233
(44,117):250
(44,118):250
(44,119):250
(44,120):250
(44,121):250
(44,122):250
(44,123):250
(44,124):250
(44,125):250
(44,126):250
(44,127):250
(45,0):250
(45,1):250
(45,2):250
(45,3):250
(45,4):250
(45,5):250
(45,6):250
(45,7):195
(45,8):43
(45,9):133
(45,10):136
(45,11):191
(45,12):176
(45,13):182
(45,14):185
(45,15):190
(45,16):174
(45,17):187
(45,18):179
(45,19):186
(45,20):173
(45,21):189
(45,22):183
(45,23):188
(45,24):177
(45,25):192
(45,26):174
(45,27):181
(45,28):178
(45,29):186
(45,30):170
(45,31):185
(45,32):178
(45,33):185
(45,34):171
(45,35):190
(45,36):132
(45,37):155
(45,38):44
(45,39):38
(45,40):103
(45,41):177
(45,42):177
(45,43):144
(45,44):178
(45,45):170
(45,46):160
(45,47):133
(45,48):127
(45,49):163
(45,50):164
(45,51):168
(45,52):132
(45,53):192
(45,54):180
(45,55):98
(45,56):71
(45,57):173
(45,58):34
(45,59):44
(45,60):167
(45,61):186
(45,62):184
(45,63):206
(45,64):210
(45,65):229
(45,66):206
(45,67):239
(45,68):239
(45,69):250
(45,70):250
(45,71):250
(45,72):250
(45,73):250
(45,74):250
(45,75):250
(45,76):250
(45,77):250
(45,78):250
(45,79):250
(45,80):250
(45,81):250
(45,82):250
(45,83):250
(45,84):250
(45,85):250
(45,86):250
(45,87):250
(45,88):250
(45,89):250
(45,90):250
(45,91):250
(45,92):250
(45,93):250
(45,94):250
(45,95):250
(45,96):250
(45,97):250
(45,98):250
(45,99):250
(45,100):250
(45,101):250
(45,102):250
(45,103):250
(45,104):250
(45,105):250
(45,106):250
(45,107):250
(45,108):250
(45,109):250
(45,110):250
(45,111):191
(45,112):55
(45,113):35
(45,114):104
(45,115):250
(45,116):250
(45,117):250
(45,118):250
(45,119):250
(45,120):250
(45,121):250
(45,122):250
(45,123):250
(45,124):250
(45,125):250
(45,126):250
(45,127):250
(46,0):250
(46,1):250
(46,2):250
(46,3):250
(46,4):248
(46,5):250
(46,6):245
(46,7):192
(46,8):168
(46,9):95
(46,10):184
(46,11):144
(46,12):170
(46,13):172
(46,14):168
(46,15):183
(46,16):164
(46,17):176
(46,18):163
(46,19):173
(46,20):160
(46,21):171
(46,22):166
(46,23):168
(46,24):157
(46,25):171
(46,26):154
(46,27):160
(46,28):159
(46,29):167
(46,30):150
(46,31):164
(46,32):154
(46,33):158
(46,34):149
(46,35):171
(46,36):158
(46,37):157
(46,38):82
(46,39):16
(46,40):14
(46,41):27
(46,42):24
(46,43):103
(46,44):90
(46,45):34
(46,46):14
(46,47):21
(46,48):17
(46,49):118
(46,50):19
(46,51):18
(46,52):9
(46,53):133
(46,54):146
(46,55):175
(46,56):185
(46,57):196
(46,58):182
(46,59):214
(46,60):230
(46,61):249
(46,62):249
(46,63):250
(46,64):249
(46,65):250
(46,66):250
(46,67):250
(46,68):250
(46,69):250
(46,70):250
(46,71):250
(46,72):248
(46,73):250
(46,74):247
(46,75):250
(46,76):250
(46,77):250
(46,78):250
(46,79):250
(46,80):247
(46,81):250
(46,82):248
(46,83):250
(46,84):248
(46,85):250
(46,86):248
(46,87):250
(46,88):250
(46,89):250
(46,90):249
(46,91):250
(46,92):250
(46,93):250
(46,94):247
(46,95):250
(46,96):250
(46,97):250
(46,98):248
(46,99):250
(46,100):250
(46,101):250
(46,102):250
(46,103):250
(46,104):249
(46,105):250
(46,106):250
(46,107):250
(46,108):250
(46,109):250
(46,110):173
(46,111):49
(46,112):13
(46,113):112
(46,114):230
(46,115):250
(46,116):248
(46,117):250
(46,118):250
(46,119):250
(46,120):250
(46,121):250
(46,122):250
(46,123):250
(46,124):250
(46,125):250
(46,126):250
(46,127):250
(47,0):250
(47,1):250
(47,2):250
(47,3):250
(47,4):250
(47,5):250
(47,6):250
(47,7):250
(47,8):127
(47,9):202
(47,10):159
(47,11):135
(47,12):187
(47,13):195
(47,14):197
(47,15):199
(47,16):185
(47,17):197
(47,18):181
(47,19):195
(47,20):182
(47,21):189
(47,22):183
(47,23):182
(47,24):177
(47,25):191
(47,26):173
(47,27):180
(47,28):179
(47,29):187
(47,30):170
(47,31):183
(47,32):179
(47,33):185
(47,34):171
(47,35):186
(47,36):175
(47,37):159
(47,38):65
(47,39):39
(47,40):22
(47,41):33
(47,42):73
(47,43):38
(47,44):28
(47,45):50
(47,46):51
(47,47):144
(47,48):148
(47,49):105
(47,50):135
(47,51):204
(47,52):198
(47,53):250
(47,54):250
(47,55):250
(47,56):250
(47,57):250
(47,58):250
(47,59):250
(47,60):250
(47,61):250
(47,62):250
(47,63):250
(47,64):250
(47,65):250
(47,66):250
(47,67):250
(47,68):250
(47,69):250
(47,70):250
(47,71):250
(47,72):250
(47,73):250
(47,74):250
(47,75):250
(47,76):250
(47,77):250
(47,78):250
(47,79):250
(47,80):250
(47,81):250
(47,82):250
(47,83):250
(47,84):250
(47,85):250
(47,86):250
(47,87):250
(47,88):250
(47,89):250
(47,90):250
(47,91):250
(47,92):250
(47,93):250
(47,94):250
(47,95):250
(47,96):250
(47,97):250
(47,98):250
(47,99):250
(47,100):250
(47,101):250
(47,102):250
(47,103):250
(47,104):250
(47,105):250
(47,106):250
(47,107):250
(47,108):237
(47,109):198
(47,110):225
(47,111):224
(47,112):163
(47,113):250
(47,114):250
(47,115):250
(47,116):250
(47,117):250
(47,118):250
(47,119):250
(47,120):250
(47,121):250
(47,122):250
(47,123):250
(47,124):250
(47,125):250
(47,126):250
(47,127):250
(48,0):250
(48,1):250
(48,2):250
(48,3):250
(48,4):250
(48,5):250
(48,6):250
(48,7):250
(48,8):153
(48,9):185
(48,10):44
(48,11):153
(48,12):164
(48,13):176
(48,14):162
(48,15):176
(48,16):162
(48,17):171
(48,18):163
(48,19):164
(48,20):152
(48,21):172
(48,22):159
(48,23):162
(48,24):154
(48,25):169
(48,26):153
(48,27):160
(48,28):158
(48,29):166
(48,30):150
(48,31):164
(48,32):160
(48,33):164
(48,34):156
(48,35):163
(48,36):162
(48,37):162
(48,38):157
(48,39):135
(48,40):23
(48,41):18
(48,42):58
(48,43):97
(48,44):149
(48,45):222
(48,46):240
(48,47):243
(48,48):250
(48,49):250
(48,50):250
(48,51):250
(48,52):250
(48,53):250
(48,54):250
(48,55):250
(48,56):250
(48,57):250
(48,58):250
(48,59):250
(48,60):250
(48,61):250
(48,62):250
(48,63):250
(48,64):250
(48,65):250
(48,66):250
(48,67):250
(48,68):250
(48,69):250
(48,70):250
(48,71):250
(48,72):250
(48,73):250
(48,74):250
(48,75):250
(48,76):250
(48,77):250
(48,78):250
(48,79):250
(48,80):250
(48,81):250
(48,82):250
(48,83):250
(48,84):250
(48,85):250
(48,86):250
(48,87):250
(48,88):250
(48,89):250
(48,90):249
(48,91):250
(48,92):250
(48,93):250
(48,94):248
(48,95):250
(48,96):250
(48,97):250
(48,98):249
(48,99):250
(48,100):250
(48,101):250
(48,102):250
(48,103):250
(48,104):250
(48,105):244
(48,106):174
(48,107):183
(48,108):31
(48,109):202
(48,110):170
(48,111):148
(48,112):241
(48,113):250
(48,114):250
(48,115):250
(48,116):249
(48,117):250
(48,118):250
(48,119):250
(48,120):250
(48,121):250
(48,122):250
(48,123):250
(48,124):250
(48,125):250
(48,126):250
(48,127):250
(49,0):250
(49,1):250
(49,2):250
(49,3):250
(49,4):250
(49,5):250
(49,6):250
(49,7):250
(49,8):250
(49,9):208
(49,10):45
(49,11):168
(49,12):183
(49,13):202
(49,14):195
(49,15):193
(49,16):172
(49,17):184
(49,18):179
(49,19):182
(49,20):170
(49,21):190
(49,22):176
(49,23):178
(49,24):174
(49,25):189
(49,26):173
(49,27):180
(49,28):178
(49,29):186
(49,30):170
(49,31):184
(49,32):172
(49,33):184
(49,34):165
(49,35):187
(49,36):176
(49,37):181
(49,38):175
(49,39):109
(49,40):106
(49,41):31
(49,42):104
(49,43):115
(49,44):250
(49,45):250
(49,46):250
(49,47):250
(49,48):250
(49,49):250
(49,50):250
(49,51):250
(49,52):250
(49,53):250
(49,54):250
(49,55):250
(49,56):250
(49,57):250
(49,58):250
(49,59):250
(49,60):250
(49,61):250
(49,62):250
(49,63):250
(49,64):250
(49,65):250
(49,66):250
(49,67):250
(49,68):250
(49,69):250
(49,70):250
(49,71):250
(49,72):250
(49,73):250
(49,74):250
(49,75):250
(49,76):250
(49,77):250
(49,78):250
(49,79):250
(49,80):250
(49,81):250
(49,82):250
(49,83):250
(49,84):250
(49,85):250
(49,86):250
(49,87):250
(49,88):250
(49,89):250
(49,90):250
(49,91):250
(49,92):250
(49,93):250
(49,94):250
(49,95):250
(49,96):250
(49,97):250
(49,98):250
(49,99):250
(49,100):250
(49,101):250
(49,102):250
(49,103):192
(49,104):200
(49,105):199
(49,106):182
(49,107):55
(49,108):194
(49,109):196
(49,110):250
(49,111):250
(49,112):250
(49,113):250
(49,114):250
(49,115):250
(49,116):250
(49,117):250
(49,118):250
(49,119):250
(49,120):250
(49,121):250
(49,122):250
(49,123):250
(49,124):250
(49,125):250
(49,126):250
(49,127):250
(50,0):250
(50,1):250
(50,2):250
(50,3):250
(50,4):250
(50,5):250
(50,6):250
(50,7):250
(50,8):249
(50,9):247
(50,10):160
(50,11):176
(50,12):98
(50,13):167
(50,14):164
(50,15):168
(50,16):148
(50,17):161
(50,18):158
(50,19):162
(50,20):150
(50,21):169
(50,22):156
(50,23):158
(50,24):154
(50,25):169
(50,26):153
(50,27):160
(50,28):158
(50,29):166
(50,30):150
(50,31):164
(50,32):160
(50,33):163
(50,34):151
(50,35):165
(50,36):155
(50,37):158
(50,38):159
(50,39):119
(50,40):73
(50,41):85
(50,42):4
(50,43):154
(50,44):248
(50,45):250
(50,46):248
(50,47):250
(50,48):250
(50,49):250
(50,50):250
(50,51):250
(50,52):250
(50,53):250
(50,54):250
(50,55):250
(50,56):250
(50,57):250
(50,58):250
(50,59):250
(50,60):250
(50,61):250
(50,62):250
(50,63):250
(50,64):250
(50,65):250
(50,66):250
(50,67):250
(50,68):250
(50,69):250
(50,70):250
(50,71):250
(50,72):250
(50,73):250
(50,74):250
(50,75):250
(50,76):250
(50,77):250
(50,78):250
(50,79):250
(50,80):250
(50,81):250
(50,82):250
(50,83):250
(50,84):250
(50,85):250
(50,86):250
(50,87):250
(50,88):248
(50,89):250
(50,90):250
(50,91):250
(50,92):250
(50,93):250
(50,94):238
(50,95):232
(50,96):220
(50,97):207
(50,98):173
(50,99):173
(50,100):176
(50,101):160
(50,102):174
(50,103):200
(50,104):187
(50,105):124
(50,106):180
(50,107):213
(50,108):250
(50,109):250
(50,110):246
(50,111):250
(50,112):250
(50,113):250
(50,114):250
(50,115):250
(50,116):249
(50,117):250
(50,118):250
(50,119):250
(50,120):250
(50,121):250
(50,122):250
(50,123):250
(50,124):250
(50,125):250
(50,126):250
(50,127):250
(51,0):250
(51,1):250
(51,2):250
(51,3):250
(51,4):250
(51,5):250
(51,6):250
(51,7):250
(51,8):250
(51,9):250
(51,10):161
(51,11):74
(51,12):56
(51,13):132
(51,14):178
(51,15):186
(51,16):170
(51,17):183
(51,18):179
(51,19):182
(51,20):170
(51,21):189
(51,22):177
(51,23):180
(51,24):173
(51,25):189
(51,26):172
(51,27):180
(51,28):178
(51,29):186
(51,30):170
(51,31):184
(51,32):180
(51,33):182
(51,34):169
(51,35):185
(51,36):182
(51,37):170
(51,38):174
(51,39):193
(51,40):165
(51,41):90
(51,42):147
(51,43):204
(51,44):250
(51,45):250
(51,46):250
(51,47):250
(51,48):250
(51,49):250
(51,50):250
(51,51):250
(51,52):250
(51,53):250
(51,54):250
(51,55):250
(51,56):250
(51,57):250
(51,58):250
(51,59):250
(51,60):250
(51,61):250
(51,62):250
(51,63):250
(51,64):250
(51,65):250
(51,66):250
(51,67):250
(51,68):250
(51,69):250
(51,70):250
(51,71):250
(51,72):250
(51,73):250
(51,74):250
(51,75):250
(51,76):250
(51,77):250
(51,78):250
(51,79):250
(51,80):250
(51,81):250
(51,82):250
(51,83):250
(51,84):250
(51,85):250
(51,86):250
(51,87):250
(51,88):250
(51,89):250
(51,90):250
(51,91):250
(51,92):250
(51,93):250
(51,94):179
(51,95):161
(51,96):39
(51,97):32
(51,98):29
(51,99):39
(51,100):33
(51,101):185
(51,102):203
(51,103):201
(51,104):171
(51,105):250
(51,106):250
(51,107):250
(51,108):250
(51,109):250
(51,110):250
(51,111):250
(51,112):250
(51,113):250
(51,114):250
(51,115):250
(51,116):250
(51,117):250
(51,118):250
(51,119):250
(51,120):250
(51,121):250
(51,122):250
(51,123):250
(51,124):250
(51,125):250
(51,126):250
(51,127):250
(52,0):250
(52,1):250
(52,2):250
(52,3):250
(52,4):250
(52,5):250
(52,6):250
(52,7):250
(52,8):249
(52,9):250
(52,10):241
(52,11):159
(52,12):153
(52,13):124
(52,14):156
(52,15):168
(52,16):150
(52,17):163
(52,18):159
(52,19):161
(52,20):149
(52,21):168
(52,22):156
(52,23):159
(52,24):153
(52,25):168
(52,26):152
(52,27):159
(52,28):158
(52,29):166
(52,30):149
(52,31):163
(52,32):158
(52,33):160
(52,34):153
(52,35):165
(52,36):156
(52,37):162
(52,38):157
(52,39):170
(52,40):117
(52,41):30
(52,42):141
(52,43):170
(52,44):250
(52,45):250
(52,46):249
(52,47):250
(52,48):250
(52,49):250
(52,50):250
(52,51):250
(52,52):250
(52,53):250
(52,54):250
(52,55):250
(52,56):250
(52,57):250
(52,58):250
(52,59):250
(52,60):250
(52,61):250
(52,62):250
(52,63):250
(52,64):250
(52,65):250
(52,66):250
(52,67):250
(52,68):250
(52,69):250
(52,70):250
(52,71):250
(52,72):250
(52,73):250
(52,74):250
(52,75):250
(52,76):250
(52,77):250
(52,78):250
(52,79):250
(52,80):250
(52,81):250
(52,82):250
(52,83):250
(52,84):250
(52,85):250
(52,86):250
(52,87):250
(52,88):247
(52,89):250
(52,90):250
(52,91):250
(52,92):250
(52,93):250
(52,94):193
(52,95):161
(52,96):151
(52,97):153
(52,98):167
(52,99):194
(52,100):206
(52,101):222
(52,102):229
(52,103):250
(52,104):249
(52,105):250
(52,106):249
(52,107):250
(52,108):249
(52,109):250
(52,110):250
(52,111):250
(52,112):249
(52,113):250
(52,114):250
(52,115):250
(52,116):250
(52,117):250
(52,118):250
(52,119):250
(52,120):250
(52,121):250
(52,122):250
(52,123):250
(52,124):250
(52,125):250
(52,126):250
(52,127):250
(53,0):250
(53,1):250
(53,2):250
(53,3):250
(53,4):250
(53,5):250
(53,6):250
(53,7):250
(53,8):250
(53,9):250
(53,10):250
(53,11):174
(53,12):184
(53,13):61
(53,14):154
(53,15):187
(53,16):168
(53,17):182
(53,18):178
(53,19):182
(53,20):170
(53,21):189
(53,22):176
(53,23):179
(53,24):173
(53,25):188
(53,26):171
(53,27):179
(53,28):178
(53,29):186
(53,30):169
(53,31):182
(53,32):180
(53,33):182
(53,34):170
(53,35):185
(53,36):181
(53,37):176
(53,38):178
(53,39):177
(53,40):131
(53,41):38
(53,42):92
(53,43):247
(53,44):250
(53,45):250
(53,46):250
(53,47):250
(53,48):250
(53,49):250
(53,50):250
(53,51):250
(53,52):250
(53,53):250
(53,54):250
(53,55):250
(53,56):250
(53,57):250
(53,58):250
(53,59):250
(53,60):250
(53,61):250
(53,62):250
(53,63):250
(53,64):250
(53,65):250
(53,66):250
(53,67):250
(53,68):250
(53,69):250
(53,70):250
(53,71):250
(53,72):250
(53,73):250
(53,74):250
(53,75):250
(53,76):250
(53,77):250
(53,78):250
(53,79):250
(53,80):250
(53,81):250
(53,82):250
(53,83):250
(53,84):250
(53,85):250
(53,86):250
(53,87):250
(53,88):250
(53,89):250
(53,90):250
(53,91):250
(53,92):250
(53,93):250
(53,94):167
(53,95):46
(53,96):132
(53,97):123
(53,98):250
(53,99):250
(53,100):250
(53,101):250
(53,102):250
(53,103):250
(53,104):250
(53,105):250
(53,106):250
(53,107):250
(53,108):250
(53,109):250
(53,110):250
(53,111):250
(53,112):250
(53,113):250
(53,114):250
(53,115):250
(53,116):250
(53,117):250
(53,118):250
(53,119):250
(53,120):250
(53,121):250
(53,122):250
(53,123):250
(53,124):250
(53,125):250
(53,126):250
(53,127):250
(54,0):250
(54,1):250
(54,2):250
(54,3):250
(54,4):250
(54,5):250
(54,6):250
(54,7):250
(54,8):248
(54,9):250
(54,10):246
(54,11):250
(54,12):132
(54,13):167
(54,14):112
(54,15):159
(54,16):150
(54,17):163
(54,18):159
(54,19):162
(54,20):150
(54,21):169
(54,22):156
(54,23):159
(54,24):153
(54,25):168
(54,26):151
(54,27):158
(54,28):157
(54,29):165
(54,30):148
(54,31):162
(54,32):158
(54,33):160
(54,34):149
(54,35):169
(54,36):156
(54,37):159
(54,38):142
(54,39):122
(54,40):3
(54,41):57
(54,42):204
(54,43):250
(54,44):249
(54,45):250
(54,46):250
(54,47):250
(54,48):250
(54,49):250
(54,50):250
(54,51):250
(54,52):250
(54,53):250
(54,54):250
(54,55):250
(54,56):250
(54,57):250
(54,58):250
(54,59):250
(54,60):250
(54,61):250
(54,62):250
(54,63):250
(54,64):250
(54,65):250
(54,66):250
(54,67):250
(54,68):250
(54,69):250
(54,70):250
(54,71):250
(54,72):250
(54,73):250
(54,74):250
(54,75):250
(54,76):250
(54,77):250
(54,78):250
(54,79):250
(54,80):250
(54,81):250
(54,82):250
(54,83):250
(54,84):250
(54,85):250
(54,86):250
(54,87):250
(54,88):247
(54,89):250
(54,90):250
(54,91):250
(54,92):250
(54,93):250
(54,94):177
(54,95):24
(54,96):30
(54,97):194
(54,98):248
(54,99):250
(54,100):250
(54,101):250
(54,102):248
(54,103):250
(54,104):250
(54,105):250
(54,106):250
(54,107):250
(54,108):249
(54,109):250
(54,110):248
(54,111):250
(54,112):250
(54,113):250
(54,114):250
(54,115):250
(54,116):249
(54,117):250
(54,118):250
(54,119):250
(54,120):250
(54,121):250
(54,122):250
(54,123):250
(54,124):250
(54,125):250
(54,126):250
(54,127):250
(55,0):250
(55,1):250
(55,2):250
(55,3):250
(55,4):250
(55,5):250
(55,6):250
(55,7):250
(55,8):250
(55,9):250
(55,10):250
(55,11):250
(55,12):162
(55,13):188
(55,14):42
(55,15):165
(55,16):174
(55,17):185
(55,18):180
(55,19):181
(55,20):169
(55,21):188
(55,22):176
(55,23):179
(55,24):173
(55,25):188
(55,26):171
(55,27):178
(55,28):177
(55,29):185
(55,30):168
(55,31):181
(55,32):176
(55,33):184
(55,34):167
(55,35):139
(55,36):107
(55,37):120
(55,38):54
(55,39):206
(55,40):92
(55,41):233
(55,42):250
(55,43):250
(55,44):250
(55,45):250
(55,46):250
(55,47):250
(55,48):250
(55,49):250
(55,50):250
(55,51):250
(55,52):250
(55,53):250
(55,54):250
(55,55):250
(55,56):250
(55,57):250
(55,58):250
(55,59):250
(55,60):250
(55,61):250
(55,62):250
(55,63):250
(55,64):250
(55,65):250
(55,66):250
(55,67):250
(55,68):250
(55,69):250
(55,70):250
(55,71):250
(55,72):250
(55,73):250
(55,74):250
(55,75):250
(55,76):250
(55,77):250
(55,78):250
(55,79):250
(55,80):250
(55,81):250
(55,82):250
(55,83):250
(55,84):250
(55,85):250
(55,86):250
(55,87):250
(55,88):250
(55,89):250
(55,90):250
(55,91):250
(55,92):250
(55,93):250
(55,94):181
(55,95):37
(55,96):28
(55,97):150
(55,98):250
(55,99):250
(55,100):250
(55,101):250
(55,102):250
(55,103):250
(55,104):250
(55,105):250
(55,106):250
(55,107):250
(55,108):250
(55,109):250
(55,110):250
(55,111):250
(55,112):250
(55,113):250
(55,114):250
(55,115):250
(55,116):250
(55,117):250
(55,118):250
(55,119):250
(55,120):250
(55,121):250
(55,122):250
(55,123):250
(55,124):250
(55,125):250
(55,126):250
(55,127):250
(56,0):250
(56,1):250
(56,2):250
(56,3):250
(56,4):250
(56,5):250
(56,6):250
(56,7):250
(56,8):250
(56,9):250
(56,10):250
(56,11):250
(56,12):246
(56,13):154
(56,14):158
(56,15):129
(56,16):144
(56,17):134
(56,18):159
(56,19):161
(56,20):149
(56,21):169
(56,22):156
(56,23):157
(56,24):152
(56,25):167
(56,26):150
(56,27):159
(56,28):151
(56,29):166
(56,30):144
(56,31):165
(56,32):159
(56,33):160
(56,34):156
(56,35):164
(56,36):87
(56,37):160
(56,38):17
(56,39):150
(56,40):130
(56,41):250
(56,42):250
(56,43):250
(56,44):249
(56,45):250
(56,46):250
(56,47):250
(56,48):250
(56,49):250
(56,50):250
(56,51):250
(56,52):250
(56,53):250
(56,54):250
(56,55):250
(56,56):250
(56,57):250
(56,58):248
(56,59):250
(56,60):249
(56,61):250
(56,62):247
(56,63):250
(56,64):248
(56,65):250
(56,66):250
(56,67):250
(56,68):250
(56,69):250
(56,70):247
(56,71):250
(56,72):249
(56,73):250
(56,74):249
(56,75):250
(56,76):250
(56,77):250
(56,78):250
(56,79):250
(56,80):248
(56,81):250
(56,82):250
(56,83):250
(56,84):250
(56,85):250
(56,86):246
(56,87):250
(56,88):250
(56,89):250
(56,90):249
(56,91):250
(56,92):248
(56,93):250
(56,94):236
(56,95):104
(56,96):6
(56,97):162
(56,98):129
(56,99):239
(56,100):249
(56,101):250
(56,102):248
(56,103):250
(56,104):250
(56,105):250
(56,106):250
(56,107):250
(56,108):250
(56,109):250
(56,110):250
(56,111):250
(56,112):250
(56,113):250
(56,114):250
(56,115):250
(56,116):250
(56,117):250
(56,118):250
(56,119):250
(56,120):250
(56,121):250
(56,122):250
(56,123):250
(56,124):250
(56,125):250
(56,126):250
(56,127):250
(57,0):250
(57,1):250
(57,2):250
(57,3):250
(57,4):250
(57,5):250
(57,6):250
(57,7):250
(57,8):250
(57,9):250
(57,10):250
(57,11):250
(57,12):250
(57,13):179
(57,14):174
(57,15):59
(57,16):145
(57,17):188
(57,18):139
(57,19):185
(57,20):165
(57,21):187
(57,22):177
(57,23):179
(57,24):170
(57,25):163
(57,26):173
(57,27):174
(57,28):173
(57,29):146
(57,30):170
(57,31):182
(57,32):174
(57,33):161
(57,34):144
(57,35):54
(57,36):27
(57,37):159
(57,38):177
(57,39):250
(57,40):201
(57,41):250
(57,42):250
(57,43):250
(57,44):250
(57,45):214
(57,46):210
(57,47):250
(57,48):250
(57,49):250
(57,50):250
(57,51):250
(57,52):250
(57,53):250
(57,54):250
(57,55):250
(57,56):250
(57,57):250
(57,58):250
(57,59):250
(57,60):250
(57,61):250
(57,62):250
(57,63):250
(57,64):250
(57,65):250
(57,66):250
(57,67):250
(57,68):250
(57,69):250
(57,70):250
(57,71):250
(57,72):250
(57,73):250
(57,74):250
(57,75):250
(57,76):250
(57,77):250
(57,78):250
(57,79):250
(57,80):250
(57,81):250
(57,82):250
(57,83):250
(57,84):250
(57,85):250
(57,86):250
(57,87):250
(57,88):250
(57,89):250
(57,90):250
(57,91):250
(57,92):250
(57,93):250
(57,94):250
(57,95):250
(57,96):147
(57,97):36
(57,98):179
(57,99):74
(57,100):220
(57,101):250
(57,102):250
(57,103):250
(57,104):250
(57,105):250
(57,106):250
(57,107):250
(57,108):250
(57,109):250
(57,110):250
(57,111):250
(57,112):250
(57,113):250
(57,114):250
(57,115):250
(57,116):250
(57,117):250
(57,118):250
(57,119):250
(57,120):250
(57,121):250
(57,122):250
(57,123):250
(57,124):250
(57,125):250
(57,126):250
(57,127):250
(58,0):250
(58,1):250
(58,2):250
(58,3):250
(58,4):250
(58,5):250
(58,6):250
(58,7):250
(58,8):250
(58,9):250
(58,10):250
(58,11):250
(58,12):248
(58,13):250
(58,14):148
(58,15):187
(58,16):170
(58,17):143
(58,18):120
(58,19):166
(58,20):150
(58,21):172
(58,22):127
(58,23):162
(58,24):156
(58,25):170
(58,26):153
(58,27):153
(58,28):154
(58,29):138
(58,30):139
(58,31):138
(58,32):129
(58,33):136
(58,34):16
(58,35):13
(58,36):91
(58,37):101
(58,38):247
(58,39):250
(58,40):250
(58,41):250
(58,42):250
(58,43):246
(58,44):160
(58,45):122
(58,46):142
(58,47):199
(58,48):243
(58,49):250
(58,50):250
(58,51):250
(58,52):250
(58,53):250
(58,54):249
(58,55):250
(58,56):250
(58,57):250
(58,58):250
(58,59):250
(58,60):250
(58,61):250
(58,62):247
(58,63):250
(58,64):250
(58,65):250
(58,66):250
(58,67):250
(58,68):250
(58,69):250
(58,70):248
(58,71):250
(58,72):250
(58,73):250
(58,74):247
(58,75):250
(58,76):250
(58,77):250
(58,78):250
(58,79):250
(58,80):250
(58,81):250
(58,82):250
(58,83):250
(58,84):249
(58,85):250
(58,86):250
(58,87):250
(58,88):248
(58,89):250
(58,90):245
(58,91):250
(58,92):250
(58,93):250
(58,94):250
(58,95):250
(58,96):226
(58,97):112
(58,98):182
(58,99):15
(58,100):133
(58,101):229
(58,102):248
(58,103):250
(58,104):250
(58,105):250
(58,106):250
(58,107):250
(58,108):250
(58,109):250
(58,110):250
(58,111):250
(58,112):250
(58,113):250
(58,114):250
(58,115):250
(58,116):250
(58,117):250
(58,118):250
(58,119):250
(58,120):250
(58,121):250
(58,122):250
(58,123):250
(58,124):250
(58,125):250
(58,126):250
(58,127):250
(59,0):250
(59,1):250
(59,2):250
(59,3):250
(59,4):250
(59,5):250
(59,6):250
(59,7):250
(59,8):250
(59,9):250
(59,10):250
(59,11):250
(59,12):250
(59,13):250
(59,14):249
(59,15):166
(59,16):54
(59,17):189
(59,18):79
(59,19):166
(59,20):108
(59,21):176
(59,22):159
(59,23):143
(59,24):103
(59,25):166
(59,26):76
(59,27):149
(59,28):140
(59,29):38
(59,30):31
(59,31):166
(59,32):85
(59,33):166
(59,34):110
(59,35):81
(59,36):132
(59,37):131
(59,38):250
(59,39):250
(59,40):250
(59,41):250
(59,42):250
(59,43):167
(59,44):160
(59,45):161
(59,46):128
(59,47):188
(59,48):199
(59,49):250
(59,50):250
(59,51):250
(59,52):250
(59,53):250
(59,54):250
(59,55):250
(59,56):250
(59,57):250
(59,58):250
(59,59):250
(59,60):250
(59,61):250
(59,62):250
(59,63):250
(59,64):250
(59,65):250
(59,66):250
(59,67):250
(59,68):250
(59,69):250
(59,70):250
(59,71):250
(59,72):250
(59,73):250
(59,74):250
(59,75):250
(59,76):250
(59,77):234
(59,78):231
(59,79):221
(59,80):200
(59,81):210
(59,82):186
(59,83):225
(59,84):208
(59,85):149
(59,86):114
(59,87):195
(59,88):179
(59,89):189
(59,90):45
(59,91):170
(59,92):156
(59,93):250
(59,94):250
(59,95):250
(59,96):250
(59,97):250
(59,98):128
(59,99):46
(59,100):24
(59,101):175
(59,102):249
(59,103):250
(59,104):250
(59,105):250
(59,106):250
(59,107):250
(59,108):250
(59,109):250
(59,110):250
(59,111):250
(59,112):250
(59,113):250
(59,114):250
(59,115):250
(59,116):250
(59,117):250
(59,118):250
(59,119):250
(59,120):250
(59,121):250
(59,122):250
(59,123):250
(59,124):250
(59,125):250
(59,126):250
(59,127):250
(60,0):250
(60,1):250
(60,2):250
(60,3):250
(60,4):250
(60,5):250
(60,6):250
(60,7):250
(60,8):249
(60,9):250
(60,10):250
(60,11):250
(60,12):247
(60,13):250
(60,14):250
(60,15):250
(60,16):166
(60,17):158
(60,18):174
(60,19):163
(60,20):138
(60,21):146
(60,22):43
(60,23):51
(60,24):137
(60,25):147
(60,26):155
(60,27):115
(60,28):154
(60,29):187
(60,30):192
(60,31):238
(60,32):245
(60,33):250
(60,34):235
(60,35):74
(60,36):0
(60,37):147
(60,38):238
(60,39):250
(60,40):249
(60,41):250
(60,42):223
(60,43):103
(60,44):2
(60,45):17
(60,46):77
(60,47):142
(60,48):164
(60,49):238
(60,50):250
(60,51):250
(60,52):250
(60,53):250
(60,54):247
(60,55):250
(60,56):248
(60,57):250
(60,58):249
(60,59):250
(60,60):250
(60,61):250
(60,62):249
(60,63):250
(60,64):250
(60,65):250
(60,66):250
(60,67):250
(60,68):250
(60,69):250
(60,70):243
(60,71):250
(60,72):209
(60,73):180
(60,74):187
(60,75):175
(60,76):168
(60,77):168
(60,78):145
(60,79):23
(60,80):16
(60,81):21
(60,82):142
(60,83):45
(60,84):59
(60,85):74
(60,86):80
(60,87):97
(60,88):150
(60,89):156
(60,90):21
(60,91):15
(60,92):137
(60,93):140
(60,94):249
(60,95):250
(60,96):248
(60,97):250
(60,98):250
(60,99):90
(60,100):0
(60,101):207
(60,102):190
(60,103):250
(60,104):250
(60,105):250
(60,106):250
(60,107):250
(60,108):250
(60,109):250
(60,110):250
(60,111):250
(60,112):250
(60,113):250
(60,114):250
(60,115):250
(60,116):250
(60,117):250
(60,118):250
(60,119):250
(60,120):250
(60,121):250
(60,122):250
(60,123):250
(60,124):250
(60,125):250
(60,126):250
(60,127):250
(61,0):250
(61,1):250
(61,2):250
(61,3):250
(61,4):250
(61,5):250
(61,6):250
(61,7):250
(61,8):250
(61,9):250
(61,10):250
(61,11):250
(61,12):250
(61,13):250
(61,14):250
(61,15):250
(61,16):250
(61,17):250
(61,18):250
(61,19):250
(61,20):250
(61,21):250
(61,22):250
(61,23):250
(61,24):250
(61,25):250
(61,26):250
(61,27):250
(61,28):250
(61,29):250
(61,30):250
(61,31):250
(61,32):250
(61,33):250
(61,34):250
(61,35):157
(61,36):23
(61,37):94
(61,38):248
(61,39):250
(61,40):250
(61,41):250
(61,42):223
(61,43):163
(61,44):24
(61,45):30
(61,46):27
(61,47):117
(61,48):172
(61,49):217
(61,50):250
(61,51):250
(61,52):250
(61,53):250
(61,54):250
(61,55):250
(61,56):250
(61,57):250
(61,58):250
(61,59):250
(61,60):250
(61,61):250
(61,62):250
(61,63):250
(61,64):250
(61,65):250
(61,66):250
(61,67):231
(61,68):191
(61,69):208
(61,70):194
(61,71):190
(61,72):35
(61,73):42
(61,74):165
(61,75):192
(61,76):187
(61,77):197
(61,78):171
(61,79):214
(61,80):210
(61,81):242
(61,82):250
(61,83):250
(61,84):250
(61,85):250
(61,86):250
(61,87):250
(61,88):250
(61,89):250
(61,90):181
(61,91):52
(61,92):22
(61,93):191
(61,94):164
(61,95):170
(61,96):181
(61,97):216
(61,98):183
(61,99):92
(61,100):24
(61,101):90
(61,102):250
(61,103):250
(61,104):250
(61,105):250
(61,106):250
(61,107):250
(61,108):250
(61,109):250
(61,110):250
(61,111):250
(61,112):250
(61,113):250
(61,114):250
(61,115):250
(61,116):250
(61,117):250
(61,118):250
(61,119):250
(61,120):250
(61,121):250
(61,122):250
(61,123):250
(61,124):250
(61,125):250
(61,126):250
(61,127):250
(62,0):250
(62,1):250
(62,2):250
(62,3):250
(62,4):250
(62,5):250
(62,6):250
(62,7):250
(62,8):250
(62,9):250
(62,10):245
(62,11):250
(62,12):250
(62,13):250
(62,14):249
(62,15):250
(62,16):247
(62,17):250
(62,18):250
(62,19):250
(62,20):248
(62,21):250
(62,22):249
(62,23):250
(62,24):250
(62,25):250
(62,26):250
(62,27):250
(62,28):250
(62,29):250
(62,30):249
(62,31):250
(62,32):250
(62,33):250
(62,34):244
(62,35):83
(62,36):2
(62,37):47
(62,38):207
(62,39):250
(62,40):247
(62,41):250
(62,42):224
(62,43):80
(62,44):5
(62,45):13
(62,46):8
(62,47):87
(62,48):92
(62,49):155
(62,50):201
(62,51):250
(62,52):247
(62,53):250
(62,54):249
(62,55):250
(62,56):250
(62,57):250
(62,58):246
(62,59):250
(62,60):235
(62,61):210
(62,62):182
(62,63):90
(62,64):163
(62,65):165
(62,66):23
(62,67):27
(62,68):15
(62,69):22
(62,70):166
(62,71):187
(62,72):148
(62,73):198
(62,74):210
(62,75):236
(62,76):241
(62,77):250
(62,78):250
(62,79):250
(62,80):249
(62,81):250
(62,82):250
(62,83):250
(62,84):250
(62,85):250
(62,86):248
(62,87):250
(62,88):246
(62,89):250
(62,90):246
(62,91):140
(62,92):44
(62,93):17
(62,94):0
(62,95):139
(62,96):129
(62,97):10
(62,98):8
(62,99):31
(62,100):129
(62,101):146
(62,102):250
(62,103):250
(62,104):250
(62,105):250
(62,106):250
(62,107):250
(62,108):250
(62,109):250
(62,110):250
(62,111):250
(62,112):250
(62,113):250
(62,114):250
(62,115):250
(62,116):250
(62,117):250
(62,118):250
(62,119):250
(62,120):250
(62,121):250
(62,122):250
(62,123):250
(62,124):250
(62,125):250
(62,126):250
(62,127):250
(63,0):250
(63,1):250
(63,2):250
(63,3):250
(63,4):250
(63,5):250
(63,6):250
(63,7):250
(63,8):250
(63,9):250
(63,10):250
(63,11):250
(63,12):250
(63,13):250
(63,14):250
(63,15):250
(63,16):250
(63,17):250
(63,18):250
(63,19):250
(63,20):250
(63,21):250
(63,22):250
(63,23):250
(63,24):250
(63,25):250
(63,26):250
(63,27):250
(63,28):250
(63,29):250
(63,30):250
(63,31):250
(63,32):250
(63,33):250
(63,34):250
(63,35):172
(63,36):165
(63,37):195
(63,38):183
(63,39):170
(63,40):250
(63,41):250
(63,42):234
(63,43):141
(63,44):21
(63,45):110
(63,46):81
(63,47):32
(63,48):30
(63,49):159
(63,50):208
(63,51):239
(63,52):250
(63,53):250
(63,54):250
(63,55):250
(63,56):250
(63,57):247
(63,58):185
(63,59):197
(63,60):186
(63,61):44
(63,62):31
(63,63):185
(63,64):188
(63,65):203
(63,66):184
(63,67):203
(63,68):228
(63,69):234
(63,70):250
(63,71):250
(63,72):250
(63,73):250
(63,74):250
(63,75):250
(63,76):250
(63,77):250
(63,78):250
(63,79):250
(63,80):250
(63,81):250
(63,82):250
(63,83):250
(63,84):250
(63,85):250
(63,86):250
(63,87):250
(63,88):250
(63,89):250
(63,90):250
(63,91):250
(63,92):249
(63,93):201
(63,94):144
(63,95):115
(63,96):207
(63,97):218
(63,98):207
(63,99):250
(63,100):250
(63,101):250
(63,102):250
(63,103):250
(63,104):250
(63,105):250
(63,106):250
(63,107):250
(63,108):250
(63,109):250
(63,110):250
(63,111):250
(63,112):250
(63,113):250
(63,114):250
(63,115):250
(63,116):250
(63,117):250
(63,118):250
(63,119):250
(63,120):250
(63,121):250
(63,122):250
(63,123):250
(63,124):250
(63,125):250
(63,126):250
(63,127):250
(64,0):250
(64,1):250
(64,2):250
(64,3):250
(64,4):250
(64,5):250
(64,6):250
(64,7):250
(64,8):250
(64,9):250
(64,10):250
(64,11):250
(64,12):250
(64,13):250
(64,14):250
(64,15):250
(64,16):250
(64,17):250
(64,18):250
(64,19):250
(64,20):250
(64,21):250
(64,22):250
(64,23):250
(64,24):250
(64,25):250
(64,26):250
(64,27):250
(64,28):250
(64,29):250
(64,30):250
(64,31):250
(64,32):250
(64,33):250
(64,34):250
(64,35):248
(64,36):127
(64,37):64
(64,38):169
(64,39):32
(64,40):132
(64,41):71
(64,42):21
(64,43):138
(64,44):23
(64,45):78
(64,46):67
(64,47):27
(64,48):6
(64,49):140
(64,50):179
(64,51):233
(64,52):250
(64,53):250
(64,54):235
(64,55):141
(64,56):139
(64,57):167
(64,58):4
(64,59):22
(64,60):165
(64,61):183
(64,62):164
(64,63):233
(64,64):248
(64,65):250
(64,66):249
(64,67):250
(64,68):250
(64,69):250
(64,70):250
(64,71):250
(64,72):250
(64,73):250
(64,74):250
(64,75):250
(64,76):250
(64,77):250
(64,78):250
(64,79):250
(64,80):250
(64,81):250
(64,82):250
(64,83):250
(64,84):250
(64,85):250
(64,86):250
(64,87):250
(64,88):250
(64,89):250
(64,90):250
(64,91):250
(64,92):250
(64,93):250
(64,94):250
(64,95):250
(64,96):250
(64,97):250
(64,98):250
(64,99):250
(64,100):250
(64,101):250
(64,102):250
(64,103):250
(64,104):250
(64,105):250
(64,106):250
(64,107):250
(64,108):250
(64,109):250
(64,110):250
(64,111):250
(64,112):250
(64,113):250
(64,114):250
(64,115):250
(64,116):250
(64,117):250
(64,118):250
(64,119):250
(64,120):250
(64,121):250
(64,122):250
(64,123):250
(64,124):250
(64,125):250
(64,126):250
(64,127):250
(65,0):250
(65,1):250
(65,2):250
(65,3):250
(65,4):250
(65,5):250
(65,6):250
(65,7):250
(65,8):250
(65,9):250
(65,10):250
(65,11):250
(65,12):250
(65,13):250
(65,14):250
(65,15):250
(65,16):250
(65,17):250
(65,18):250
(65,19):250
(65,20):250
(65,21):250
(65,22):250
(65,23):250
(65,24):250
(65,25):250
(65,26):250
(65,27):250
(65,28):250
(65,29):250
(65,30):250
(65,31):250
(65,32):250
(65,33):250
(65,34):250
(65,35):250
(65,36):250
(65,37):250
(65,38):178
(65,39):215
(65,40):71
(65,41):90
(65,42):200
(65,43):188
(65,44):218
(65,45):250
(65,46):238
(65,47):153
(65,48):26
(65,49):135
(65,50):250
(65,51):250
(65,52):250
(65,53):250
(65,54):149
(65,55):44
(65,56):185
(65,57):198
(65,58):180
(65,59):192
(65,60):250
(65,61):250
(65,62):250
(65,63):250
(65,64):250
(65,65):250
(65,66):250
(65,67):250
(65,68):250
(65,69):250
(65,70):250
(65,71):250
(65,72):250
(65,73):250
(65,74):250
(65,75):250
(65,76):250
(65,77):250
(65,78):250
(65,79):250
(65,80):250
(65,81):250
(65,82):250
(65,83):250
(65,84):250
(65,85):250
(65,86):250
(65,87):250
(65,88):250
(65,89):250
(65,90):250
(65,91):250
(65,92):250
(65,93):250
(65,94):250
(65,95):250
(65,96):250
(65,97):250
(65,98):250
(65,99):250
(65,100):250
(65,101):250
(65,102):250
(65,103):250
(65,104):250
(65,105):250
(65,106):250
(65,107):250
(65,108):250
(65,109):250
(65,110):250
(65,111):250
(65,112):250
(65,113):250
(65,114):250
(65,115):250
(65,116):250
(65,117):250
(65,118):250
(65,119):250
(65,120):250
(65,121):250
(65,122):250
(65,123):250
(65,124):250
(65,125):250
(65,126):250
(65,127):250
(66,0):250
(66,1):250
(66,2):250
(66,3):250
(66,4):250
(66,5):250
(66,6):250
(66,7):250
(66,8):250
(66,9):250
(66,10):250
(66,11):250
(66,12):250
(66,13):250
(66,14):250
(66,15):250
(66,16):250
(66,17):250
(66,18):250
(66,19):250
(66,20):250
(66,21):250
(66,22):250
(66,23):250
(66,24):250
(66,25):250
(66,26):250
(66,27):250
(66,28):250
(66,29):250
(66,30):250
(66,31):250
(66,32):250
(66,33):250
(66,34):250
(66,35):250
(66,36):249
(66,37):250
(66,38):250
(66,39):250
(66,40):244
(66,41):250
(66,42):250
(66,43):250
(66,44):250
(66,45):250
(66,46):232
(66,47):79
(66,48):0
(66,49):126
(66,50):242
(66,51):250
(66,52):250
(66,53):209
(66,54):37
(66,55):11
(66,56):56
(66,57):236
(66,58):249
(66,59):250
(66,60):250
(66,61):250
(66,62):245
(66,63):250
(66,64):250
(66,65):250
(66,66):250
(66,67):250
(66,68):250
(66,69):250
(66,70):250
(66,71):250
(66,72):250
(66,73):250
(66,74):250
(66,75):250
(66,76):250
(66,77):250
(66,78):250
(66,79):250
(66,80):250
(66,81):250
(66,82):250
(66,83):250
(66,84):250
(66,85):250
(66,86):250
(66,87):250
(66,88):250
(66,89):250
(66,90):250
(66,91):250
(66,92):250
(66,93):250
(66,94):250
(66,95):250
(66,96):250
(66,97):250
(66,98):250
(66,99):250
(66,100):250
(66,101):250
(66,102):250
(66,103):250
(66,104):250
(66,105):250
(66,106):250
(66,107):250
(66,108):250
(66,109):250
(66,110):250
(66,111):250
(66,112):250
(66,113):250
(66,114):250
(66,115):250
(66,116):250
(66,117):250
(66,118):250
(66,119):250
(66,120):250
(66,121):250
(66,122):250
(66,123):250
(66,124):250
(66,125):250
(66,126):250
(66,127):250
(67,0):250
(67,1):250
(67,2):250
(67,3):250
(67,4):250
(67,5):250
(67,6):250
(67,7):250
(67,8):250
(67,9):250
(67,10):250
(67,11):250
(67,12):250
(67,13):250
(67,14):250
(67,15):250
(67,16):250
(67,17):250
(67,18):250
(67,19):250
(67,20):250
(67,21):250
(67,22):250
(67,23):250
(67,24):250
(67,25):250
(67,26):250
(67,27):250
(67,28):250
(67,29):250
(67,30):250
(67,31):250
(67,32):250
(67,33):250
(67,34):250
(67,35):250
(67,36):250
(67,37):250
(67,38):250
(67,39):250
(67,40):250
(67,41):250
(67,42):250
(67,43):250
(67,44):250
(67,45):250
(67,46):250
(67,47):149
(67,48):179
(67,49):191
(67,50):165
(67,51):203
(67,52):134
(67,53):202
(67,54):20
(67,55):57
(67,56):148
(67,57):250
(67,58):250
(67,59):250
(67,60):250
(67,61):250
(67,62):250
(67,63):250
(67,64):250
(67,65):250
(67,66):250
(67,67):250
(67,68):250
(67,69):250
(67,70):250
(67,71):250
(67,72):250
(67,73):250
(67,74):250
(67,75):250
(67,76):250
(67,77):250
(67,78):250
(67,79):250
(67,80):250
(67,81):250
(67,82):250
(67,83):250
(67,84):250
(67,85):250
(67,86):250
(67,87):250
(67,88):250
(67,89):250
(67,90):250
(67,91):250
(67,92):250
(67,93):250
(67,94):250
(67,95):250
(67,96):250
(67,97):250
(67,98):250
(67,99):250
(67,100):250
(67,101):250
(67,102):250
(67,103):250
(67,104):250
(67,105):250
(67,106):250
(67,107):250
(67,108):250
(67,109):250
(67,110):250
(67,111):250
(67,112):250
(67,113):250
(67,114):250
(67,115):250
(67,116):250
(67,117):250
(67,118):250
(67,119):250
(67,120):250
(67,121):250
(67,122):250
(67,123):250
(67,124):250
(67,125):250
(67,126):250
(67,127):250
(68,0):250
(68,1):250
(68,2):250
(68,3):250
(68,4):250
(68,5):250
(68,6):250
(68,7):250
(68,8):250
(68,9):250
(68,10):250
(68,11):250
(68,12):250
(68,13):250
(68,14):250
(68,15):250
(68,16):250
(68,17):250
(68,18):250
(68,19):250
(68,20):250
(68,21):250
(68,22):250
(68,23):250
(68,24):250
(68,25):250
(68,26):250
(68,27):250
(68,28):250
(68,29):250
(68,30):250
(68,31):250
(68,32):249
(68,33):250
(68,34):250
(68,35):250
(68,36):248
(68,37):250
(68,38):250
(68,39):250
(68,40):249
(68,41):250
(68,42):250
(68,43):250
(68,44):248
(68,45):250
(68,46):250
(68,47):246
(68,48):131
(68,49):66
(68,50):5
(68,51):163
(68,52):21
(68,53):168
(68,54):139
(68,55):180
(68,56):246
(68,57):250
(68,58):250
(68,59):250
(68,60):250
(68,61):250
(68,62):247
(68,63):250
(68,64):250
(68,65):250
(68,66):250
(68,67):250
(68,68):250
(68,69):250
(68,70):250
(68,71):250
(68,72):250
(68,73):250
(68,74):250
(68,75):250
(68,76):250
(68,77):250
(68,78):250
(68,79):250
(68,80):250
(68,81):250
(68,82):250
(68,83):250
(68,84):250
(68,85):250
(68,86):250
(68,87):250
(68,88):250
(68,89):250
(68,90):250
(68,91):250
(68,92):250
(68,93):250
(68,94):250
(68,95):250
(68,96):250
(68,97):250
(68,98):250
(68,99):250
(68,100):250
(68,101):250
(68,102):250
(68,103):250
(68,104):250
(68,105):250
(68,106):250
(68,107):250
(68,108):250
(68,109):250
(68,110):250
(68,111):250
(68,112):250
(68,113):250
(68,114):250
(68,115):250
(68,116):250
(68,117):250
(68,118):250
(68,119):250
(68,120):250
(68,121):250
(68,122):250
(68,123):250
(68,124):250
(68,125):250
(68,126):250
(68,127):250
(69,0):250
(69,1):250
(69,2):250
(69,3):250
(69,4):250
(69,5):250
(69,6):250
(69,7):250
(69,8):250
(69,9):250
(69,10):250
(69,11):250
(69,12):250
(69,13):250
(69,14):250
(69,15):250
(69,16):250
(69,17):250
(69,18):250
(69,19):250
(69,20):250
(69,21):250
(69,22):250
(69,23):250
(69,24):250
(69,25):250
(69,26):250
(69,27):250
(69,28):250
(69,29):250
(69,30):250
(69,31):250
(69,32):250
(69,33):250
(69,34):250
(69,35):250
(69,36):250
(69,37):250
(69,38):250
(69,39):250
(69,40):250
(69,41):250
(69,42):250
(69,43):250
(69,44):250
(69,45):250
(69,46):250
(69,47):250
(69,48):250
(69,49):250
(69,50):214
(69,51):250
(69,52):222
(69,53):250
(69,54):250
(69,55):250
(69,56):250
(69,57):250
(69,58):250
(69,59):250
(69,60):250
(69,61):250
(69,62):250
(69,63):250
(69,64):250
(69,65):250
(69,66):250
(69,67):250
(69,68):250
(69,69):250
(69,70):250
(69,71):250
(69,72):250
(69,73):250
(69,74):250
(69,75):250
(69,76):250
(69,77):250
(69,78):250
(69,79):250
(69,80):250
(69,81):250
(69,82):250
(69,83):250
(69,84):250
(69,85):250
(69,86):250
(69,87):250
(69,88):250
(69,89):250
(69,90):250
(69,91):250
(69,92):250
(69,93):250
(69,94):250
(69,95):250
(69,96):250
(69,97):250
(69,98):250
(69,99):250
(69,100):250
(69,101):250
(69,102):250
(69,103):250
(69,104):250
(69,105):250
(69,106):250
(69,107):250
(69,108):250
(69,109):250
(69,110):250
(69,111):250
(69,112):250
(69,113):250
(69,114):250
(69,115):250
(69,116):250
(69,117):250
(69,118):250
(69,119):250
(69,120):250
(69,121):250
(69,122):250
(69,123):250
(69,124):250
(69,125):250
(69,126):250
(69,127):250
(70,0):250
(70,1):250
(70,2):250
(70,3):250
(70,4):250
(70,5):250
(70,6):250
(70,7):250
(70,8):250
(70,9):250
(70,10):250
(70,11):250
(70,12):250
(70,13):250
(70,14):250
(70,15):250
(70,16):250
(70,17):250
(70,18):250
(70,19):250
(70,20):250
(70,21):250
(70,22):250
(70,23):250
(70,24):250
(70,25):250
(70,26):250
(70,27):250
(70,28):250
(70,29):250
(70,30):250
(70,31):250
(70,32):249
(70,33):250
(70,34):250
(70,35):250
(70,36):248
(70,37):250
(70,38):250
(70,39):250
(70,40):247
(70,41):250
(70,42):250
(70,43):250
(70,44):250
(70,45):250
(70,46):250
(70,47):250
(70,48):250
(70,49):250
(70,50):250
(70,51):250
(70,52):250
(70,53):250
(70,54):247
(70,55):250
(70,56):248
(70,57):250
(70,58):250
(70,59):250
(70,60):250
(70,61):250
(70,62):250
(70,63):250
(70,64):250
(70,65):250
(70,66):250
(70,67):250
(70,68):250
(70,69):250
(70,70):250
(70,71):250
(70,72):250
(70,73):250
(70,74):250
(70,75):250
(70,76):250
(70,77):250
(70,78):250
(70,79):250
(70,80):250
(70,81):250
(70,82):250
(70,83):250
(70,84):250
(70,85):250
(70,86):250
(70,87):250
(70,88):250
(70,89):250
(70,90):250
(70,91):250
(70,92):250
(70,93):250
(70,94):250
(70,95):250
(70,96):250
(70,97):250
(70,98):250
(70,99):250
(70,100):250
(70,101):250
(70,102):250
(70,103):250
(70,104):250
(70,105):250
(70,106):250
(70,107):250
(70,108):250
(70,109):250
(70,110):250
(70,111):250
(70,112):250
(70,113):250
(70,114):250
(70,115):250
(70,116):250
(70,117):250
(70,118):250
(70,119):250
(70,120):250
(70,121):250
(70,122):250
(70,123):250
(70,124):250
(70,125):250
(70,126):250
(70,127):250
(71,0):250
(71,1):250
(71,2):250
(71,3):250
(71,4):250
(71,5):250
(71,6):250
(71,7):250
(71,8):250
(71,9):250
(71,10):250
(71,11):250
(71,12):250
(71,13):250
(71,14):250
(71,15):250
(71,16):250
(71,17):250
(71,18):250
(71,19):250
(71,20):250
(71,21):250
(71,22):250
(71,23):250
(71,24):250
(71,25):250
(71,26):250
(71,27):250
(71,28):250
(71,29):250
(71,30):250
(71,31):250
(71,32):250
(71,33):250
(71,34):250
(71,35):250
(71,36):250
(71,37):250
(71,38):250
(71,39):250
(71,40):250
(71,41):250
(71,42):250
(71,43):250
(71,44):250
(71,45):250
(71,46):250
(71,47):250
(71,48):250
(71,49):250
(71,50):250
(71,51):250
(71,52):250
(71,53):250
(71,54):250
(71,55):250
(71,56):250
(71,57):250
(71,58):250
(71,59):250
(71,60):250
(71,61):250
(71,62):250
(71,63):250
(71,64):250
(71,65):250
(71,66):250
(71,67):250
(71,68):250
(71,69):250
(71,70):250
(71,71):250
(71,72):250
(71,73):250
(71,74):250
(71,75):250
(71,76):250
(71,77):250
(71,78):250
(71,79):250
(71,80):250
(71,81):250
(71,82):250
(71,83):250
(71,84):250
(71,85):250
(71,86):250
(71,87):250
(71,88):250
(71,89):250
(71,90):250
(71,91):250
(71,92):250
(71,93):250
(71,94):250
(71,95):250
(71,96):250
(71,97):250
(71,98):250
(71,99):250
(71,100):250
(71,101):250
(71,102):250
(71,103):250
(71,104):250
(71,105):250
(71,106):250
(71,107):250
(71,108):250
(71,109):250
(71,110):250
(71,111):250
(71,112):250
(71,113):250
(71,114):250
(71,115):250
(71,116):250
(71,117):250
(71,118):250
(71,119):250
(71,120):250
(71,121):250
(71,122):250
(71,123):250
(71,124):250
(71,125):250
(71,126):250
(71,127):250
