0,0 : 0, 0, 0, 0, 255, 255, 0, 255, 255
0,1 : 0, 0, 0, 0, 255, 255, 0, 255, 255
0,2 : 0, 0, 0, 255, 255, 255, 255, 255, 255
0,3 : 0, 0, 0, 255, 255, 255, 255, 255, 255
0,4 : 0, 0, 0, 255, 255, 255, 255, 255, 255
0,5 : 0, 0, 0, 255, 255, 255, 255, 255, 255
0,6 : 0, 0, 0, 255, 255, 255, 255, 255, 255
0,7 : 0, 0, 0, 255, 255, 255, 255, 255, 255
0,8 : 0, 0, 0, 255, 255, 255, 255, 255, 255
0,9 : 0, 0, 0, 255, 255, 255, 255, 255, 255
0,10 : 0, 0, 0, 255, 255, 255, 255, 255, 255
0,11 : 0, 0, 0, 255, 255, 255, 255, 255, 255
0,12 : 0, 0, 0, 255, 255, 255, 255, 255, 255
0,13 : 0, 0, 0, 255, 255, 255, 255, 255, 255
0,14 : 0, 0, 0, 255, 255, 255, 255, 255, 255
0,15 : 0, 0, 0, 255, 255, 255, 255, 255, 255
0,16 : 0, 0, 0, 255, 255, 255, 255, 255, 255
0,17 : 0, 0, 0, 255, 255, 255, 255, 255, 255
0,18 : 0, 0, 0, 255, 255, 255, 255, 255, 255
0,19 : 0, 0, 0, 255, 255, 255, 255, 255, 255
0,20 : 0, 0, 0, 255, 255, 255, 255, 255, 255
0,21 : 0, 0, 0, 255, 255, 255, 255, 255, 255
0,22 : 0, 0, 0, 255, 255, 255, 255, 255, 255
0,23 : 0, 0, 0, 255, 255, 255, 255, 255, 255
0,24 : 0, 0, 0, 255, 255, 255, 255, 255, 255
0,25 : 0, 0, 0, 255, 255, 255, 255, 255, 255
0,26 : 0, 0, 0, 255, 255, 255, 255, 255, 255
0,27 : 0, 0, 0, 255, 255, 255, 255, 255, 255
0,28 : 0, 0, 0, 255, 255, 255, 255, 255, 255
0,29 : 0, 0, 0, 255, 255, 255, 255, 255, 255
0,30 : 0, 0, 0, 255, 255, 255, 255, 255, 255
0,31 : 0, 0, 0, 255, 255, 255, 255, 255, 255
0,32 : 0, 0, 0, 255, 255, 255, 255, 255, 255
0,33 : 0, 0, 0, 255, 255, 255, 255, 255, 255
0,34 : 0, 0, 0, 255, 255, 255, 255, 255, 255
0,35 : 0, 0, 0, 255, 255, 255, 255, 255, 255
0,36 : 0, 0, 0, 255, 255, 255, 255, 255, 255
0,37 : 0, 0, 0, 255, 255, 255, 255, 255, 255
0,38 : 0, 0, 0, 255, 255, 255, 255, 255, 255
0,39 : 0, 0, 0, 255, 255, 255, 255, 255, 255
0,40 : 0, 0, 0, 255, 255, 255, 255, 255, 255
0,41 : 0, 0, 0, 255, 255, 255, 255, 255, 255
0,42 : 0, 0, 0, 255, 255, 255, 255, 255, 255
0,43 : 0, 0, 0, 255, 255, 255, 255, 255, 255
0,44 : 0, 0, 0, 255, 255, 255, 255, 255, 255
0,45 : 0, 0, 0, 255, 255, 255, 255, 255, 255
0,46 : 0, 0, 0, 255, 255, 255, 255, 255, 255
0,47 : 0, 0, 0, 255, 255, 255, 255, 255, 255
0,48 : 0, 0, 0, 255, 255, 255, 255, 255, 255
0,49 : 0, 0, 0, 255, 255, 255, 255, 255, 255
0,50 : 0, 0, 0, 255, 255, 255, 255, 255, 255
0,51 : 0, 0, 0, 255, 255, 255, 255, 255, 255
0,52 : 0, 0, 0, 255, 255, 255, 255, 255, 255
0,53 : 0, 0, 0, 255, 255, 255, 255, 255, 255
0,54 : 0, 0, 0, 255, 255, 255, 255, 255, 255
0,55 : 0, 0, 0, 255, 255, 255, 255, 255, 255
0,56 : 0, 0, 0, 255, 255, 255, 255, 255, 255
0,57 : 0, 0, 0, 255, 255, 255, 255, 255, 255
0,58 : 0, 0, 0, 255, 255, 255, 255, 255, 255
0,59 : 0, 0, 0, 255, 255, 255, 255, 255, 255
0,60 : 0, 0, 0, 255, 255, 255, 255, 255, 255
0,61 : 0, 0, 0, 255, 255, 255, 255, 255, 255
0,62 : 0, 0, 0, 255, 255, 255, 255, 255, 255
0,63 : 0, 0, 0, 255, 255, 255, 255, 255, 255
0,64 : 0, 0, 0, 255, 255, 255, 255, 255, 255
0,65 : 0, 0, 0, 255, 255, 255, 255, 255, 255
0,66 : 0, 0, 0, 255, 255, 255, 255, 255, 255
0,67 : 0, 0, 0, 255, 255, 255, 255, 255, 255
0,68 : 0, 0, 0, 255, 255, 255, 255, 255, 255
0,69 : 0, 0, 0, 255, 255, 255, 255, 255, 255
0,70 : 0, 0, 0, 255, 255, 255, 255, 255, 255
0,71 : 0, 0, 0, 255, 255, 255, 255, 255, 255
0,72 : 0, 0, 0, 255, 255, 255, 255, 255, 255
0,73 : 0, 0, 0, 255, 255, 255, 255, 255, 255
0,74 : 0, 0, 0, 255, 255, 255, 255, 255, 255
0,75 : 0, 0, 0, 255, 255, 255, 255, 255, 255
0,76 : 0, 0, 0, 255, 255, 255, 255, 255, 255
0,77 : 0, 0, 0, 255, 255, 255, 255, 255, 255
0,78 : 0, 0, 0, 255, 255, 255, 255, 255, 255
0,79 : 0, 0, 0, 255, 255, 255, 255, 255, 255
0,80 : 0, 0, 0, 255, 255, 255, 255, 255, 255
0,81 : 0, 0, 0, 255, 255, 255, 255, 255, 253
0,82 : 0, 0, 0, 255, 255, 255, 255, 255, 254
0,83 : 0, 0, 0, 255, 255, 255, 255, 253, 255
0,84 : 0, 0, 0, 255, 255, 254, 255, 254, 255
0,85 : 0, 0, 0, 255, 255, 254, 253, 255, 252
0,86 : 0, 0, 0, 255, 254, 255, 254, 255, 255
0,87 : 0, 0, 0, 255, 254, 255, 255, 252, 254
0,88 : 0, 0, 0, 254, 255, 254, 255, 255, 255
0,89 : 0, 0, 0, 254, 255, 255, 252, 254, 254
0,90 : 0, 0, 0, 255, 254, 255, 255, 255, 255
0,91 : 0, 0, 0, 255, 255, 255, 254, 254, 253
0,92 : 0, 0, 0, 254, 255, 255, 255, 255, 255
0,93 : 0, 0, 0, 255, 255, 254, 254, 253, 254
0,94 : 0, 0, 0, 255, 255, 255, 255, 255, 255
0,95 : 0, 0, 0, 255, 254, 255, 253, 254, 255
0,96 : 0, 0, 0, 255, 255, 255, 255, 255, 255
0,97 : 0, 0, 0, 254, 255, 255, 254, 255, 255
0,98 : 0, 0, 0, 255, 255, 255, 255, 255, 255
0,99 : 0, 0, 0, 255, 255, 255, 255, 255, 255
0,100 : 0, 0, 0, 255, 255, 255, 255, 255, 255
0,101 : 0, 0, 0, 255, 255, 255, 255, 255, 255
0,102 : 0, 0, 0, 255, 255, 255, 255, 255, 255
0,103 : 0, 0, 0, 255, 255, 255, 255, 255, 255
0,104 : 0, 0, 0, 255, 255, 255, 255, 255, 255
0,105 : 0, 0, 0, 255, 255, 255, 255, 255, 255
0,106 : 0, 0, 0, 255, 255, 255, 255, 255, 255
0,107 : 0, 0, 0, 255, 255, 255, 255, 255, 255
0,108 : 0, 0, 0, 255, 255, 255, 255, 255, 255
0,109 : 0, 0, 0, 255, 255, 255, 255, 255, 255
0,110 : 0, 0, 0, 255, 255, 255, 255, 255, 255
0,111 : 0, 0, 0, 255, 255, 255, 255, 255, 255
0,112 : 0, 0, 0, 255, 255, 255, 255, 255, 255
0,113 : 0, 0, 0, 255, 255, 255, 255, 255, 255
0,114 : 0, 0, 0, 255, 255, 255, 255, 255, 255
0,115 : 0, 0, 0, 255, 255, 255, 255, 255, 255
0,116 : 0, 0, 0, 255, 255, 255, 255, 255, 255
0,117 : 0, 0, 0, 255, 255, 255, 255, 255, 255
0,118 : 0, 0, 0, 255, 255, 255, 255, 255, 255
0,119 : 0, 0, 0, 255, 255, 255, 255, 255, 255
0,120 : 0, 0, 0, 255, 255, 255, 255, 255, 255
0,121 : 0, 0, 0, 255, 255, 255, 255, 255, 255
0,122 : 0, 0, 0, 255, 255, 255, 255, 255, 255
0,123 : 0, 0, 0, 255, 255, 255, 255, 255, 255
0,124 : 0, 0, 0, 255, 255, 255, 255, 255, 255
0,125 : 0, 0, 0, 255, 255, 255, 255, 255, 255
0,126 : 0, 0, 0, 255, 255, 0, 255, 255, 0
0,127 : 0, 0, 0, 255, 255, 0, 255, 255, 0
1,0 : 0, 0, 0, 0, 255, 255, 0, 255, 255
1,1 : 0, 0, 0, 0, 255, 255, 0, 255, 255
1,2 : 0, 0, 0, 255, 255, 255, 255, 255, 255
1,3 : 0, 0, 0, 255, 255, 255, 255, 255, 255
1,4 : 0, 0, 0, 255, 255, 255, 255, 255, 255
1,5 : 0, 0, 0, 255, 255, 255, 255, 255, 255
1,6 : 0, 0, 0, 255, 255, 255, 255, 255, 255
1,7 : 0, 0, 0, 255, 255, 255, 255, 255, 255
1,8 : 0, 0, 0, 255, 255, 255, 255, 255, 255
1,9 : 0, 0, 0, 255, 255, 255, 255, 255, 255
1,10 : 0, 0, 0, 255, 255, 255, 255, 255, 255
1,11 : 0, 0, 0, 255, 255, 255, 255, 255, 255
1,12 : 0, 0, 0, 255, 255, 255, 255, 255, 255
1,13 : 0, 0, 0, 255, 255, 255, 255, 255, 255
1,14 : 0, 0, 0, 255, 255, 255, 255, 255, 255
1,15 : 0, 0, 0, 255, 255, 255, 255, 255, 255
1,16 : 0, 0, 0, 255, 255, 255, 255, 255, 255
1,17 : 0, 0, 0, 255, 255, 255, 255, 255, 255
1,18 : 0, 0, 0, 255, 255, 255, 255, 255, 255
1,19 : 0, 0, 0, 255, 255, 255, 255, 255, 255
1,20 : 0, 0, 0, 255, 255, 255, 255, 255, 255
1,21 : 0, 0, 0, 255, 255, 255, 255, 255, 255
1,22 : 0, 0, 0, 255, 255, 255, 255, 255, 255
1,23 : 0, 0, 0, 255, 255, 255, 255, 255, 255
1,24 : 0, 0, 0, 255, 255, 255, 255, 255, 255
1,25 : 0, 0, 0, 255, 255, 255, 255, 255, 255
1,26 : 0, 0, 0, 255, 255, 255, 255, 255, 255
1,27 : 0, 0, 0, 255, 255, 255, 255, 255, 255
1,28 : 0, 0, 0, 255, 255, 255, 255, 255, 255
1,29 : 0, 0, 0, 255, 255, 255, 255, 255, 255
1,30 : 0, 0, 0, 255, 255, 255, 255, 255, 255
1,31 : 0, 0, 0, 255, 255, 255, 255, 255, 255
1,32 : 0, 0, 0, 255, 255, 255, 255, 255, 255
1,33 : 0, 0, 0, 255, 255, 255, 255, 255, 255
1,34 : 0, 0, 0, 255, 255, 255, 255, 255, 255
1,35 : 0, 0, 0, 255, 255, 255, 255, 255, 255
1,36 : 0, 0, 0, 255, 255, 255, 255, 255, 255
1,37 : 0, 0, 0, 255, 255, 255, 255, 255, 255
1,38 : 0, 0, 0, 255, 255, 255, 255, 255, 255
1,39 : 0, 0, 0, 255, 255, 255, 255, 255, 255
1,40 : 0, 0, 0, 255, 255, 255, 255, 255, 255
1,41 : 0, 0, 0, 255, 255, 255, 255, 255, 255
1,42 : 0, 0, 0, 255, 255, 255, 255, 255, 255
1,43 : 0, 0, 0, 255, 255, 255, 255, 255, 255
1,44 : 0, 0, 0, 255, 255, 255, 255, 255, 255
1,45 : 0, 0, 0, 255, 255, 255, 255, 255, 255
1,46 : 0, 0, 0, 255, 255, 255, 255, 255, 255
1,47 : 0, 0, 0, 255, 255, 255, 255, 255, 255
1,48 : 0, 0, 0, 255, 255, 255, 255, 255, 255
1,49 : 0, 0, 0, 255, 255, 255, 255, 255, 255
1,50 : 0, 0, 0, 255, 255, 255, 255, 255, 255
1,51 : 0, 0, 0, 255, 255, 255, 255, 255, 255
1,52 : 0, 0, 0, 255, 255, 255, 255, 255, 255
1,53 : 0, 0, 0, 255, 255, 255, 255, 255, 255
1,54 : 0, 0, 0, 255, 255, 255, 255, 255, 255
1,55 : 0, 0, 0, 255, 255, 255, 255, 255, 255
1,56 : 0, 0, 0, 255, 255, 255, 255, 255, 255
1,57 : 0, 0, 0, 255, 255, 255, 255, 255, 255
1,58 : 0, 0, 0, 255, 255, 255, 255, 255, 255
1,59 : 0, 0, 0, 255, 255, 255, 255, 255, 255
1,60 : 0, 0, 0, 255, 255, 255, 255, 255, 255
1,61 : 0, 0, 0, 255, 255, 255, 255, 255, 255
1,62 : 0, 0, 0, 255, 255, 255, 255, 255, 255
1,63 : 0, 0, 0, 255, 255, 255, 255, 255, 255
1,64 : 0, 0, 0, 255, 255, 255, 255, 255, 255
1,65 : 0, 0, 0, 255, 255, 255, 255, 255, 255
1,66 : 0, 0, 0, 255, 255, 255, 255, 255, 255
1,67 : 0, 0, 0, 255, 255, 255, 255, 255, 255
1,68 : 0, 0, 0, 255, 255, 255, 255, 255, 255
1,69 : 0, 0, 0, 255, 255, 255, 255, 255, 255
1,70 : 0, 0, 0, 255, 255, 255, 255, 255, 255
1,71 : 0, 0, 0, 255, 255, 255, 255, 255, 255
1,72 : 0, 0, 0, 255, 255, 255, 255, 255, 255
1,73 : 0, 0, 0, 255, 255, 255, 255, 255, 255
1,74 : 0, 0, 0, 255, 255, 255, 255, 255, 255
1,75 : 0, 0, 0, 255, 255, 255, 255, 255, 255
1,76 : 0, 0, 0, 255, 255, 255, 255, 255, 255
1,77 : 0, 0, 0, 255, 255, 255, 255, 255, 255
1,78 : 0, 0, 0, 255, 255, 255, 255, 255, 255
1,79 : 0, 0, 0, 255, 255, 254, 255, 255, 254
1,80 : 0, 0, 0, 255, 255, 253, 255, 255, 254
1,81 : 0, 0, 0, 255, 254, 255, 255, 254, 255
1,82 : 0, 0, 0, 255, 253, 255, 255, 254, 255
1,83 : 0, 0, 0, 254, 255, 254, 254, 255, 254
1,84 : 0, 0, 0, 253, 255, 255, 254, 255, 255
1,85 : 0, 0, 0, 255, 254, 255, 255, 254, 255
1,86 : 0, 0, 0, 255, 255, 255, 255, 255, 255
1,87 : 0, 0, 0, 254, 255, 255, 254, 255, 252
1,88 : 0, 0, 0, 255, 255, 255, 255, 255, 255
1,89 : 0, 0, 0, 255, 255, 254, 255, 252, 255
1,90 : 0, 0, 0, 255, 255, 255, 255, 255, 255
1,91 : 0, 0, 0, 255, 254, 254, 252, 255, 255
1,92 : 0, 0, 0, 255, 255, 255, 255, 255, 255
1,93 : 0, 0, 0, 254, 254, 255, 255, 255, 254
1,94 : 0, 0, 0, 255, 255, 255, 255, 255, 255
1,95 : 0, 0, 0, 254, 255, 255, 255, 254, 255
1,96 : 0, 0, 0, 255, 255, 255, 255, 255, 255
1,97 : 0, 0, 0, 255, 255, 255, 254, 255, 255
1,98 : 0, 0, 0, 255, 255, 255, 255, 255, 255
1,99 : 0, 0, 0, 255, 255, 255, 255, 255, 255
1,100 : 0, 0, 0, 255, 255, 255, 255, 255, 255
1,101 : 0, 0, 0, 255, 255, 255, 255, 255, 255
1,102 : 0, 0, 0, 255, 255, 255, 255, 255, 255
1,103 : 0, 0, 0, 255, 255, 255, 255, 255, 255
1,104 : 0, 0, 0, 255, 255, 255, 255, 255, 255
1,105 : 0, 0, 0, 255, 255, 255, 255, 255, 255
1,106 : 0, 0, 0, 255, 255, 255, 255, 255, 255
1,107 : 0, 0, 0, 255, 255, 255, 255, 255, 255
1,108 : 0, 0, 0, 255, 255, 255, 255, 255, 255
1,109 : 0, 0, 0, 255, 255, 255, 255, 255, 255
1,110 : 0, 0, 0, 255, 255, 255, 255, 255, 255
1,111 : 0, 0, 0, 255, 255, 255, 255, 255, 255
1,112 : 0, 0, 0, 255, 255, 255, 255, 255, 255
1,113 : 0, 0, 0, 255, 255, 255, 255, 255, 255
1,114 : 0, 0, 0, 255, 255, 255, 255, 255, 255
1,115 : 0, 0, 0, 255, 255, 255, 255, 255, 255
1,116 : 0, 0, 0, 255, 255, 255, 255, 255, 255
1,117 : 0, 0, 0, 255, 255, 255, 255, 255, 255
1,118 : 0, 0, 0, 255, 255, 255, 255, 255, 255
1,119 : 0, 0, 0, 255, 255, 255, 255, 255, 255
1,120 : 0, 0, 0, 255, 255, 255, 255, 255, 255
1,121 : 0, 0, 0, 255, 255, 255, 255, 255, 255
1,122 : 0, 0, 0, 255, 255, 255, 255, 255, 255
1,123 : 0, 0, 0, 255, 255, 255, 255, 255, 255
1,124 : 0, 0, 0, 255, 255, 255, 255, 255, 255
1,125 : 0, 0, 0, 255, 255, 255, 255, 255, 255
1,126 : 0, 0, 0, 255, 255, 0, 255, 255, 0
1,127 : 0, 0, 0, 255, 255, 0, 255, 255, 0
2,0 : 0, 255, 255, 0, 255, 255, 0, 255, 255
2,1 : 0, 255, 255, 0, 255, 255, 0, 255, 255
2,2 : 255, 255, 255, 255, 255, 255, 255, 255, 255
2,3 : 255, 255, 255, 255, 255, 255, 255, 255, 255
2,4 : 255, 255, 255, 255, 255, 255, 255, 255, 255
2,5 : 255, 255, 255, 255, 255, 255, 255, 255, 255
2,6 : 255, 255, 255, 255, 255, 255, 255, 255, 255
2,7 : 255, 255, 255, 255, 255, 255, 255, 255, 255
2,8 : 255, 255, 255, 255, 255, 255, 255, 255, 255
2,9 : 255, 255, 255, 255, 255, 255, 255, 255, 255
2,10 : 255, 255, 255, 255, 255, 255, 255, 255, 255
2,11 : 255, 255, 255, 255, 255, 255, 255, 255, 255
2,12 : 255, 255, 255, 255, 255, 255, 255, 255, 255
2,13 : 255, 255, 255, 255, 255, 255, 255, 255, 255
2,14 : 255, 255, 255, 255, 255, 255, 255, 255, 255
2,15 : 255, 255, 255, 255, 255, 255, 255, 255, 255
2,16 : 255, 255, 255, 255, 255, 255, 255, 255, 255
2,17 : 255, 255, 255, 255, 255, 255, 255, 255, 255
2,18 : 255, 255, 255, 255, 255, 255, 255, 255, 255
2,19 : 255, 255, 255, 255, 255, 255, 255, 255, 255
2,20 : 255, 255, 255, 255, 255, 255, 255, 255, 255
2,21 : 255, 255, 255, 255, 255, 255, 255, 255, 255
2,22 : 255, 255, 255, 255, 255, 255, 255, 255, 255
2,23 : 255, 255, 255, 255, 255, 255, 255, 255, 255
2,24 : 255, 255, 255, 255, 255, 255, 255, 255, 255
2,25 : 255, 255, 255, 255, 255, 255, 255, 255, 255
2,26 : 255, 255, 255, 255, 255, 255, 255, 255, 255
2,27 : 255, 255, 255, 255, 255, 255, 255, 255, 255
2,28 : 255, 255, 255, 255, 255, 255, 255, 255, 255
2,29 : 255, 255, 255, 255, 255, 255, 255, 255, 255
2,30 : 255, 255, 255, 255, 255, 255, 255, 255, 255
2,31 : 255, 255, 255, 255, 255, 255, 255, 255, 255
2,32 : 255, 255, 255, 255, 255, 255, 255, 255, 255
2,33 : 255, 255, 255, 255, 255, 255, 255, 255, 255
2,34 : 255, 255, 255, 255, 255, 255, 255, 255, 255
2,35 : 255, 255, 255, 255, 255, 255, 255, 255, 255
2,36 : 255, 255, 255, 255, 255, 255, 255, 255, 255
2,37 : 255, 255, 255, 255, 255, 255, 255, 255, 255
2,38 : 255, 255, 255, 255, 255, 255, 255, 255, 255
2,39 : 255, 255, 255, 255, 255, 255, 255, 255, 255
2,40 : 255, 255, 255, 255, 255, 255, 255, 255, 255
2,41 : 255, 255, 255, 255, 255, 255, 255, 255, 255
2,42 : 255, 255, 255, 255, 255, 255, 255, 255, 255
2,43 : 255, 255, 255, 255, 255, 255, 255, 255, 255
2,44 : 255, 255, 255, 255, 255, 255, 255, 255, 255
2,45 : 255, 255, 255, 255, 255, 255, 255, 255, 255
2,46 : 255, 255, 255, 255, 255, 255, 255, 255, 255
2,47 : 255, 255, 255, 255, 255, 255, 255, 255, 255
2,48 : 255, 255, 255, 255, 255, 255, 255, 255, 255
2,49 : 255, 255, 255, 255, 255, 255, 255, 255, 255
2,50 : 255, 255, 255, 255, 255, 255, 255, 255, 255
2,51 : 255, 255, 255, 255, 255, 255, 255, 255, 255
2,52 : 255, 255, 255, 255, 255, 255, 255, 255, 255
2,53 : 255, 255, 255, 255, 255, 255, 255, 255, 255
2,54 : 255, 255, 255, 255, 255, 255, 255, 255, 255
2,55 : 255, 255, 255, 255, 255, 255, 255, 255, 255
2,56 : 255, 255, 255, 255, 255, 255, 255, 255, 255
2,57 : 255, 255, 255, 255, 255, 255, 255, 255, 255
2,58 : 255, 255, 255, 255, 255, 255, 255, 255, 255
2,59 : 255, 255, 255, 255, 255, 255, 255, 255, 255
2,60 : 255, 255, 255, 255, 255, 255, 255, 255, 255
2,61 : 255, 255, 255, 255, 255, 255, 255, 255, 255
2,62 : 255, 255, 255, 255, 255, 255, 255, 255, 255
2,63 : 255, 255, 255, 255, 255, 255, 255, 255, 255
2,64 : 255, 255, 255, 255, 255, 255, 255, 255, 255
2,65 : 255, 255, 255, 255, 255, 255, 255, 255, 255
2,66 : 255, 255, 255, 255, 255, 255, 255, 255, 255
2,67 : 255, 255, 255, 255, 255, 255, 255, 255, 255
2,68 : 255, 255, 255, 255, 255, 255, 255, 255, 255
2,69 : 255, 255, 255, 255, 255, 255, 255, 255, 255
2,70 : 255, 255, 255, 255, 255, 255, 255, 255, 255
2,71 : 255, 255, 255, 255, 255, 255, 255, 255, 255
2,72 : 255, 255, 255, 255, 255, 255, 255, 255, 255
2,73 : 255, 255, 255, 255, 255, 255, 255, 255, 255
2,74 : 255, 255, 255, 255, 255, 255, 255, 255, 255
2,75 : 255, 255, 255, 255, 255, 255, 255, 255, 255
2,76 : 255, 255, 255, 255, 255, 255, 255, 255, 255
2,77 : 255, 255, 255, 255, 255, 255, 255, 255, 255
2,78 : 255, 255, 255, 255, 255, 255, 255, 255, 253
2,79 : 255, 255, 255, 255, 255, 255, 255, 255, 255
2,80 : 255, 255, 255, 255, 255, 255, 255, 253, 255
2,81 : 255, 255, 255, 255, 255, 253, 255, 255, 255
2,82 : 255, 255, 255, 255, 255, 254, 253, 255, 255
2,83 : 255, 255, 255, 255, 253, 255, 255, 255, 255
2,84 : 255, 255, 254, 255, 254, 255, 255, 255, 255
2,85 : 255, 255, 254, 253, 255, 252, 255, 255, 254
2,86 : 255, 254, 255, 254, 255, 255, 255, 255, 255
2,87 : 255, 254, 255, 255, 252, 254, 255, 254, 254
2,88 : 254, 255, 254, 255, 255, 255, 255, 255, 255
2,89 : 254, 255, 255, 252, 254, 254, 254, 254, 253
2,90 : 255, 254, 255, 255, 255, 255, 255, 255, 255
2,91 : 255, 255, 255, 254, 254, 253, 254, 253, 255
2,92 : 254, 255, 255, 255, 255, 255, 255, 255, 255
2,93 : 255, 255, 254, 254, 253, 254, 253, 255, 255
2,94 : 255, 255, 255, 255, 255, 255, 255, 255, 255
2,95 : 255, 254, 255, 253, 254, 255, 255, 255, 255
2,96 : 255, 255, 255, 255, 255, 255, 255, 255, 255
2,97 : 254, 255, 255, 254, 255, 255, 255, 255, 255
2,98 : 255, 255, 255, 255, 255, 255, 255, 255, 255
2,99 : 255, 255, 255, 255, 255, 255, 255, 255, 255
2,100 : 255, 255, 255, 255, 255, 255, 255, 255, 255
2,101 : 255, 255, 255, 255, 255, 255, 255, 255, 255
2,102 : 255, 255, 255, 255, 255, 255, 255, 255, 255
2,103 : 255, 255, 255, 255, 255, 255, 255, 255, 255
2,104 : 255, 255, 255, 255, 255, 255, 255, 255, 255
2,105 : 255, 255, 255, 255, 255, 255, 255, 255, 255
2,106 : 255, 255, 255, 255, 255, 255, 255, 255, 255
2,107 : 255, 255, 255, 255, 255, 255, 255, 255, 255
2,108 : 255, 255, 255, 255, 255, 255, 255, 255, 255
2,109 : 255, 255, 255, 255, 255, 255, 255, 255, 255
2,110 : 255, 255, 255, 255, 255, 255, 255, 255, 255
2,111 : 255, 255, 255, 255, 255, 255, 255, 255, 255
2,112 : 255, 255, 255, 255, 255, 255, 255, 255, 255
2,113 : 255, 255, 255, 255, 255, 255, 255, 255, 255
2,114 : 255, 255, 255, 255, 255, 255, 255, 255, 255
2,115 : 255, 255, 255, 255, 255, 255, 255, 255, 255
2,116 : 255, 255, 255, 255, 255, 255, 255, 255, 255
2,117 : 255, 255, 255, 255, 255, 255, 255, 255, 255
2,118 : 255, 255, 255, 255, 255, 255, 255, 255, 255
2,119 : 255, 255, 255, 255, 255, 255, 255, 255, 255
2,120 : 255, 255, 255, 255, 255, 255, 255, 255, 255
2,121 : 255, 255, 255, 255, 255, 255, 255, 255, 255
2,122 : 255, 255, 255, 255, 255, 255, 255, 255, 255
2,123 : 255, 255, 255, 255, 255, 255, 255, 255, 255
2,124 : 255, 255, 255, 255, 255, 255, 255, 255, 255
2,125 : 255, 255, 255, 255, 255, 255, 255, 255, 255
2,126 : 255, 255, 0, 255, 255, 0, 255, 255, 0
2,127 : 255, 255, 0, 255, 255, 0, 255, 255, 0
3,0 : 0, 255, 255, 0, 255, 255, 0, 255, 255
3,1 : 0, 255, 255, 0, 255, 255, 0, 255, 255
3,2 : 255, 255, 255, 255, 255, 255, 255, 255, 255
3,3 : 255, 255, 255, 255, 255, 255, 255, 255, 255
3,4 : 255, 255, 255, 255, 255, 255, 255, 255, 255
3,5 : 255, 255, 255, 255, 255, 255, 255, 255, 255
3,6 : 255, 255, 255, 255, 255, 255, 255, 255, 255
3,7 : 255, 255, 255, 255, 255, 255, 255, 255, 255
3,8 : 255, 255, 255, 255, 255, 255, 255, 255, 255
3,9 : 255, 255, 255, 255, 255, 255, 255, 255, 255
3,10 : 255, 255, 255, 255, 255, 255, 255, 255, 255
3,11 : 255, 255, 255, 255, 255, 255, 255, 255, 255
3,12 : 255, 255, 255, 255, 255, 255, 255, 255, 255
3,13 : 255, 255, 255, 255, 255, 255, 255, 255, 255
3,14 : 255, 255, 255, 255, 255, 255, 255, 255, 255
3,15 : 255, 255, 255, 255, 255, 255, 255, 255, 255
3,16 : 255, 255, 255, 255, 255, 255, 255, 255, 255
3,17 : 255, 255, 255, 255, 255, 255, 255, 255, 255
3,18 : 255, 255, 255, 255, 255, 255, 255, 255, 255
3,19 : 255, 255, 255, 255, 255, 255, 255, 255, 255
3,20 : 255, 255, 255, 255, 255, 255, 255, 255, 255
3,21 : 255, 255, 255, 255, 255, 255, 255, 255, 255
3,22 : 255, 255, 255, 255, 255, 255, 255, 255, 255
3,23 : 255, 255, 255, 255, 255, 255, 255, 255, 255
3,24 : 255, 255, 255, 255, 255, 255, 255, 255, 255
3,25 : 255, 255, 255, 255, 255, 255, 255, 255, 255
3,26 : 255, 255, 255, 255, 255, 255, 255, 255, 255
3,27 : 255, 255, 255, 255, 255, 255, 255, 255, 255
3,28 : 255, 255, 255, 255, 255, 255, 255, 255, 255
3,29 : 255, 255, 255, 255, 255, 255, 255, 255, 255
3,30 : 255, 255, 255, 255, 255, 255, 255, 255, 255
3,31 : 255, 255, 255, 255, 255, 255, 255, 255, 255
3,32 : 255, 255, 255, 255, 255, 255, 255, 255, 255
3,33 : 255, 255, 255, 255, 255, 255, 255, 255, 255
3,34 : 255, 255, 255, 255, 255, 255, 255, 255, 255
3,35 : 255, 255, 255, 255, 255, 255, 255, 255, 255
3,36 : 255, 255, 255, 255, 255, 255, 255, 255, 255
3,37 : 255, 255, 255, 255, 255, 255, 255, 255, 255
3,38 : 255, 255, 255, 255, 255, 255, 255, 255, 255
3,39 : 255, 255, 255, 255, 255, 255, 255, 255, 255
3,40 : 255, 255, 255, 255, 255, 255, 255, 255, 255
3,41 : 255, 255, 255, 255, 255, 255, 255, 255, 255
3,42 : 255, 255, 255, 255, 255, 255, 255, 255, 255
3,43 : 255, 255, 255, 255, 255, 255, 255, 255, 255
3,44 : 255, 255, 255, 255, 255, 255, 255, 255, 255
3,45 : 255, 255, 255, 255, 255, 255, 255, 255, 255
3,46 : 255, 255, 255, 255, 255, 255, 255, 255, 255
3,47 : 255, 255, 255, 255, 255, 255, 255, 255, 255
3,48 : 255, 255, 255, 255, 255, 255, 255, 255, 255
3,49 : 255, 255, 255, 255, 255, 255, 255, 255, 255
3,50 : 255, 255, 255, 255, 255, 255, 255, 255, 255
3,51 : 255, 255, 255, 255, 255, 255, 255, 255, 255
3,52 : 255, 255, 255, 255, 255, 255, 255, 255, 255
3,53 : 255, 255, 255, 255, 255, 255, 255, 255, 255
3,54 : 255, 255, 255, 255, 255, 255, 255, 255, 255
3,55 : 255, 255, 255, 255, 255, 255, 255, 255, 255
3,56 : 255, 255, 255, 255, 255, 255, 255, 255, 255
3,57 : 255, 255, 255, 255, 255, 255, 255, 255, 255
3,58 : 255, 255, 255, 255, 255, 255, 255, 255, 255
3,59 : 255, 255, 255, 255, 255, 255, 255, 255, 255
3,60 : 255, 255, 255, 255, 255, 255, 255, 255, 255
3,61 : 255, 255, 255, 255, 255, 255, 255, 255, 255
3,62 : 255, 255, 255, 255, 255, 255, 255, 255, 255
3,63 : 255, 255, 255, 255, 255, 255, 255, 255, 255
3,64 : 255, 255, 255, 255, 255, 255, 255, 255, 255
3,65 : 255, 255, 255, 255, 255, 255, 255, 255, 255
3,66 : 255, 255, 255, 255, 255, 255, 255, 255, 255
3,67 : 255, 255, 255, 255, 255, 255, 255, 255, 255
3,68 : 255, 255, 255, 255, 255, 255, 255, 255, 255
3,69 : 255, 255, 255, 255, 255, 255, 255, 255, 255
3,70 : 255, 255, 255, 255, 255, 255, 255, 255, 255
3,71 : 255, 255, 255, 255, 255, 255, 255, 255, 255
3,72 : 255, 255, 255, 255, 255, 255, 255, 255, 255
3,73 : 255, 255, 255, 255, 255, 255, 255, 255, 255
3,74 : 255, 255, 255, 255, 255, 255, 255, 255, 255
3,75 : 255, 255, 255, 255, 255, 255, 255, 255, 255
3,76 : 255, 255, 255, 255, 255, 255, 255, 255, 255
3,77 : 255, 255, 255, 255, 255, 255, 255, 255, 255
3,78 : 255, 255, 255, 255, 255, 255, 255, 255, 255
3,79 : 255, 255, 254, 255, 255, 254, 255, 255, 255
3,80 : 255, 255, 253, 255, 255, 254, 255, 255, 253
3,81 : 255, 254, 255, 255, 254, 255, 255, 255, 253
3,82 : 255, 253, 255, 255, 254, 255, 255, 253, 254
3,83 : 254, 255, 254, 254, 255, 254, 255, 253, 255
3,84 : 253, 255, 255, 254, 255, 255, 253, 254, 255
3,85 : 255, 254, 255, 255, 254, 255, 253, 255, 255
3,86 : 255, 255, 255, 255, 255, 255, 254, 255, 251
3,87 : 254, 255, 255, 254, 255, 252, 255, 255, 255
3,88 : 255, 255, 255, 255, 255, 255, 255, 251, 253
3,89 : 255, 255, 254, 255, 252, 255, 255, 255, 255
3,90 : 255, 255, 255, 255, 255, 255, 251, 253, 255
3,91 : 255, 254, 254, 252, 255, 255, 255, 255, 255
3,92 : 255, 255, 255, 255, 255, 255, 253, 255, 254
3,93 : 254, 254, 255, 255, 255, 254, 255, 255, 254
3,94 : 255, 255, 255, 255, 255, 255, 255, 254, 254
3,95 : 254, 255, 255, 255, 254, 255, 255, 254, 254
3,96 : 255, 255, 255, 255, 255, 255, 254, 254, 255
3,97 : 255, 255, 255, 254, 255, 255, 254, 254, 255
3,98 : 255, 255, 255, 255, 255, 255, 254, 255, 255
3,99 : 255, 255, 255, 255, 255, 255, 254, 255, 255
3,100 : 255, 255, 255, 255, 255, 255, 255, 255, 255
3,101 : 255, 255, 255, 255, 255, 255, 255, 255, 255
3,102 : 255, 255, 255, 255, 255, 255, 255, 255, 255
3,103 : 255, 255, 255, 255, 255, 255, 255, 255, 255
3,104 : 255, 255, 255, 255, 255, 255, 255, 255, 255
3,105 : 255, 255, 255, 255, 255, 255, 255, 255, 255
3,106 : 255, 255, 255, 255, 255, 255, 255, 255, 255
3,107 : 255, 255, 255, 255, 255, 255, 255, 255, 255
3,108 : 255, 255, 255, 255, 255, 255, 255, 255, 255
3,109 : 255, 255, 255, 255, 255, 255, 255, 255, 255
3,110 : 255, 255, 255, 255, 255, 255, 255, 255, 255
3,111 : 255, 255, 255, 255, 255, 255, 255, 255, 255
3,112 : 255, 255, 255, 255, 255, 255, 255, 255, 255
3,113 : 255, 255, 255, 255, 255, 255, 255, 255, 255
3,114 : 255, 255, 255, 255, 255, 255, 255, 255, 255
3,115 : 255, 255, 255, 255, 255, 255, 255, 255, 255
3,116 : 255, 255, 255, 255, 255, 255, 255, 255, 255
3,117 : 255, 255, 255, 255, 255, 255, 255, 255, 255
3,118 : 255, 255, 255, 255, 255, 255, 255, 255, 255
3,119 : 255, 255, 255, 255, 255, 255, 255, 255, 255
3,120 : 255, 255, 255, 255, 255, 255, 255, 255, 255
3,121 : 255, 255, 255, 255, 255, 255, 255, 255, 255
3,122 : 255, 255, 255, 255, 255, 255, 255, 255, 255
3,123 : 255, 255, 255, 255, 255, 255, 255, 255, 255
3,124 : 255, 255, 255, 255, 255, 255, 255, 255, 255
3,125 : 255, 255, 255, 255, 255, 255, 255, 255, 255
3,126 : 255, 255, 0, 255, 255, 0, 255, 255, 0
3,127 : 255, 255, 0, 255, 255, 0, 255, 255, 0
4,0 : 0, 255, 255, 0, 255, 255, 0, 255, 255
4,1 : 0, 255, 255, 0, 255, 255, 0, 255, 255
4,2 : 255, 255, 255, 255, 255, 255, 255, 255, 255
4,3 : 255, 255, 255, 255, 255, 255, 255, 255, 255
4,4 : 255, 255, 255, 255, 255, 255, 255, 255, 255
4,5 : 255, 255, 255, 255, 255, 255, 255, 255, 255
4,6 : 255, 255, 255, 255, 255, 255, 255, 255, 255
4,7 : 255, 255, 255, 255, 255, 255, 255, 255, 255
4,8 : 255, 255, 255, 255, 255, 255, 255, 255, 255
4,9 : 255, 255, 255, 255, 255, 255, 255, 255, 255
4,10 : 255, 255, 255, 255, 255, 255, 255, 255, 255
4,11 : 255, 255, 255, 255, 255, 255, 255, 255, 255
4,12 : 255, 255, 255, 255, 255, 255, 255, 255, 255
4,13 : 255, 255, 255, 255, 255, 255, 255, 255, 255
4,14 : 255, 255, 255, 255, 255, 255, 255, 255, 255
4,15 : 255, 255, 255, 255, 255, 255, 255, 255, 255
4,16 : 255, 255, 255, 255, 255, 255, 255, 255, 255
4,17 : 255, 255, 255, 255, 255, 255, 255, 255, 255
4,18 : 255, 255, 255, 255, 255, 255, 255, 255, 255
4,19 : 255, 255, 255, 255, 255, 255, 255, 255, 255
4,20 : 255, 255, 255, 255, 255, 255, 255, 255, 255
4,21 : 255, 255, 255, 255, 255, 255, 255, 255, 255
4,22 : 255, 255, 255, 255, 255, 255, 255, 255, 255
4,23 : 255, 255, 255, 255, 255, 255, 255, 255, 255
4,24 : 255, 255, 255, 255, 255, 255, 255, 255, 255
4,25 : 255, 255, 255, 255, 255, 255, 255, 255, 255
4,26 : 255, 255, 255, 255, 255, 255, 255, 255, 255
4,27 : 255, 255, 255, 255, 255, 255, 255, 255, 255
4,28 : 255, 255, 255, 255, 255, 255, 255, 255, 255
4,29 : 255, 255, 255, 255, 255, 255, 255, 255, 255
4,30 : 255, 255, 255, 255, 255, 255, 255, 255, 255
4,31 : 255, 255, 255, 255, 255, 255, 255, 255, 255
4,32 : 255, 255, 255, 255, 255, 255, 255, 255, 255
4,33 : 255, 255, 255, 255, 255, 255, 255, 255, 255
4,34 : 255, 255, 255, 255, 255, 255, 255, 255, 255
4,35 : 255, 255, 255, 255, 255, 255, 255, 255, 255
4,36 : 255, 255, 255, 255, 255, 255, 255, 255, 255
4,37 : 255, 255, 255, 255, 255, 255, 255, 255, 255
4,38 : 255, 255, 255, 255, 255, 255, 255, 255, 255
4,39 : 255, 255, 255, 255, 255, 255, 255, 255, 255
4,40 : 255, 255, 255, 255, 255, 255, 255, 255, 255
4,41 : 255, 255, 255, 255, 255, 255, 255, 255, 255
4,42 : 255, 255, 255, 255, 255, 255, 255, 255, 255
4,43 : 255, 255, 255, 255, 255, 255, 255, 255, 255
4,44 : 255, 255, 255, 255, 255, 255, 255, 255, 255
4,45 : 255, 255, 255, 255, 255, 255, 255, 255, 255
4,46 : 255, 255, 255, 255, 255, 255, 255, 255, 255
4,47 : 255, 255, 255, 255, 255, 255, 255, 255, 255
4,48 : 255, 255, 255, 255, 255, 255, 255, 255, 255
4,49 : 255, 255, 255, 255, 255, 255, 255, 255, 255
4,50 : 255, 255, 255, 255, 255, 255, 255, 255, 255
4,51 : 255, 255, 255, 255, 255, 255, 255, 255, 255
4,52 : 255, 255, 255, 255, 255, 255, 255, 255, 255
4,53 : 255, 255, 255, 255, 255, 255, 255, 255, 255
4,54 : 255, 255, 255, 255, 255, 255, 255, 255, 255
4,55 : 255, 255, 255, 255, 255, 255, 255, 255, 255
4,56 : 255, 255, 255, 255, 255, 255, 255, 255, 255
4,57 : 255, 255, 255, 255, 255, 255, 255, 255, 255
4,58 : 255, 255, 255, 255, 255, 255, 255, 255, 255
4,59 : 255, 255, 255, 255, 255, 255, 255, 255, 255
4,60 : 255, 255, 255, 255, 255, 255, 255, 255, 255
4,61 : 255, 255, 255, 255, 255, 255, 255, 255, 255
4,62 : 255, 255, 255, 255, 255, 255, 255, 255, 255
4,63 : 255, 255, 255, 255, 255, 255, 255, 255, 255
4,64 : 255, 255, 255, 255, 255, 255, 255, 255, 255
4,65 : 255, 255, 255, 255, 255, 255, 255, 255, 255
4,66 : 255, 255, 255, 255, 255, 255, 255, 255, 255
4,67 : 255, 255, 255, 255, 255, 255, 255, 255, 255
4,68 : 255, 255, 255, 255, 255, 255, 255, 255, 255
4,69 : 255, 255, 255, 255, 255, 255, 255, 255, 255
4,70 : 255, 255, 255, 255, 255, 255, 255, 255, 255
4,71 : 255, 255, 255, 255, 255, 255, 255, 255, 255
4,72 : 255, 255, 255, 255, 255, 255, 255, 255, 255
4,73 : 255, 255, 255, 255, 255, 255, 255, 255, 254
4,74 : 255, 255, 255, 255, 255, 255, 255, 255, 254
4,75 : 255, 255, 255, 255, 255, 255, 255, 254, 254
4,76 : 255, 255, 255, 255, 255, 255, 255, 254, 254
4,77 : 255, 255, 255, 255, 255, 255, 254, 254, 254
4,78 : 255, 255, 255, 255, 255, 253, 254, 254, 254
4,79 : 255, 255, 255, 255, 255, 255, 254, 254, 253
4,80 : 255, 255, 255, 255, 253, 255, 254, 254, 250
4,81 : 255, 255, 253, 255, 255, 255, 254, 253, 235
4,82 : 255, 255, 254, 253, 255, 255, 254, 250, 203
4,83 : 255, 253, 255, 255, 255, 255, 253, 235, 178
4,84 : 255, 254, 255, 255, 255, 255, 250, 203, 185
4,85 : 253, 255, 252, 255, 255, 254, 235, 178, 207
4,86 : 254, 255, 255, 255, 255, 255, 203, 185, 237
4,87 : 255, 252, 254, 255, 254, 254, 178, 207, 252
4,88 : 255, 255, 255, 255, 255, 255, 185, 237, 247
4,89 : 252, 254, 254, 254, 254, 253, 207, 252, 255
4,90 : 255, 255, 255, 255, 255, 255, 237, 247, 254
4,91 : 254, 254, 253, 254, 253, 255, 252, 255, 251
4,92 : 255, 255, 255, 255, 255, 255, 247, 254, 252
4,93 : 254, 253, 254, 253, 255, 255, 255, 251, 255
4,94 : 255, 255, 255, 255, 255, 255, 254, 252, 253
4,95 : 253, 254, 255, 255, 255, 255, 251, 255, 254
4,96 : 255, 255, 255, 255, 255, 255, 252, 253, 254
4,97 : 254, 255, 255, 255, 255, 255, 255, 254, 255
4,98 : 255, 255, 255, 255, 255, 255, 253, 254, 255
4,99 : 255, 255, 255, 255, 255, 255, 254, 255, 255
4,100 : 255, 255, 255, 255, 255, 255, 254, 255, 255
4,101 : 255, 255, 255, 255, 255, 255, 255, 255, 255
4,102 : 255, 255, 255, 255, 255, 255, 255, 255, 255
4,103 : 255, 255, 255, 255, 255, 255, 255, 255, 255
4,104 : 255, 255, 255, 255, 255, 255, 255, 255, 255
4,105 : 255, 255, 255, 255, 255, 255, 255, 255, 255
4,106 : 255, 255, 255, 255, 255, 255, 255, 255, 255
4,107 : 255, 255, 255, 255, 255, 255, 255, 255, 255
4,108 : 255, 255, 255, 255, 255, 255, 255, 255, 255
4,109 : 255, 255, 255, 255, 255, 255, 255, 255, 255
4,110 : 255, 255, 255, 255, 255, 255, 255, 255, 255
4,111 : 255, 255, 255, 255, 255, 255, 255, 255, 255
4,112 : 255, 255, 255, 255, 255, 255, 255, 255, 255
4,113 : 255, 255, 255, 255, 255, 255, 255, 255, 255
4,114 : 255, 255, 255, 255, 255, 255, 255, 255, 255
4,115 : 255, 255, 255, 255, 255, 255, 255, 255, 255
4,116 : 255, 255, 255, 255, 255, 255, 255, 255, 255
4,117 : 255, 255, 255, 255, 255, 255, 255, 255, 255
4,118 : 255, 255, 255, 255, 255, 255, 255, 255, 255
4,119 : 255, 255, 255, 255, 255, 255, 255, 255, 255
4,120 : 255, 255, 255, 255, 255, 255, 255, 255, 255
4,121 : 255, 255, 255, 255, 255, 255, 255, 255, 255
4,122 : 255, 255, 255, 255, 255, 255, 255, 255, 255
4,123 : 255, 255, 255, 255, 255, 255, 255, 255, 255
4,124 : 255, 255, 255, 255, 255, 255, 255, 255, 255
4,125 : 255, 255, 255, 255, 255, 255, 255, 255, 255
4,126 : 255, 255, 0, 255, 255, 0, 255, 255, 0
4,127 : 255, 255, 0, 255, 255, 0, 255, 255, 0
5,0 : 0, 255, 255, 0, 255, 255, 0, 255, 255
5,1 : 0, 255, 255, 0, 255, 255, 0, 255, 255
5,2 : 255, 255, 255, 255, 255, 255, 255, 255, 255
5,3 : 255, 255, 255, 255, 255, 255, 255, 255, 255
5,4 : 255, 255, 255, 255, 255, 255, 255, 255, 255
5,5 : 255, 255, 255, 255, 255, 255, 255, 255, 255
5,6 : 255, 255, 255, 255, 255, 255, 255, 255, 255
5,7 : 255, 255, 255, 255, 255, 255, 255, 255, 255
5,8 : 255, 255, 255, 255, 255, 255, 255, 255, 255
5,9 : 255, 255, 255, 255, 255, 255, 255, 255, 255
5,10 : 255, 255, 255, 255, 255, 255, 255, 255, 255
5,11 : 255, 255, 255, 255, 255, 255, 255, 255, 255
5,12 : 255, 255, 255, 255, 255, 255, 255, 255, 255
5,13 : 255, 255, 255, 255, 255, 255, 255, 255, 255
5,14 : 255, 255, 255, 255, 255, 255, 255, 255, 255
5,15 : 255, 255, 255, 255, 255, 255, 255, 255, 255
5,16 : 255, 255, 255, 255, 255, 255, 255, 255, 255
5,17 : 255, 255, 255, 255, 255, 255, 255, 255, 255
5,18 : 255, 255, 255, 255, 255, 255, 255, 255, 255
5,19 : 255, 255, 255, 255, 255, 255, 255, 255, 255
5,20 : 255, 255, 255, 255, 255, 255, 255, 255, 255
5,21 : 255, 255, 255, 255, 255, 255, 255, 255, 255
5,22 : 255, 255, 255, 255, 255, 255, 255, 255, 255
5,23 : 255, 255, 255, 255, 255, 255, 255, 255, 255
5,24 : 255, 255, 255, 255, 255, 255, 255, 255, 255
5,25 : 255, 255, 255, 255, 255, 255, 255, 255, 255
5,26 : 255, 255, 255, 255, 255, 255, 255, 255, 255
5,27 : 255, 255, 255, 255, 255, 255, 255, 255, 255
5,28 : 255, 255, 255, 255, 255, 255, 255, 255, 255
5,29 : 255, 255, 255, 255, 255, 255, 255, 255, 255
5,30 : 255, 255, 255, 255, 255, 255, 255, 255, 255
5,31 : 255, 255, 255, 255, 255, 255, 255, 255, 255
5,32 : 255, 255, 255, 255, 255, 255, 255, 255, 255
5,33 : 255, 255, 255, 255, 255, 255, 255, 255, 255
5,34 : 255, 255, 255, 255, 255, 255, 255, 255, 255
5,35 : 255, 255, 255, 255, 255, 255, 255, 255, 255
5,36 : 255, 255, 255, 255, 255, 255, 255, 255, 255
5,37 : 255, 255, 255, 255, 255, 255, 255, 255, 255
5,38 : 255, 255, 255, 255, 255, 255, 255, 255, 255
5,39 : 255, 255, 255, 255, 255, 255, 255, 255, 255
5,40 : 255, 255, 255, 255, 255, 255, 255, 255, 255
5,41 : 255, 255, 255, 255, 255, 255, 255, 255, 255
5,42 : 255, 255, 255, 255, 255, 255, 255, 255, 255
5,43 : 255, 255, 255, 255, 255, 255, 255, 255, 255
5,44 : 255, 255, 255, 255, 255, 255, 255, 255, 255
5,45 : 255, 255, 255, 255, 255, 255, 255, 255, 255
5,46 : 255, 255, 255, 255, 255, 255, 255, 255, 255
5,47 : 255, 255, 255, 255, 255, 255, 255, 255, 255
5,48 : 255, 255, 255, 255, 255, 255, 255, 255, 255
5,49 : 255, 255, 255, 255, 255, 255, 255, 255, 255
5,50 : 255, 255, 255, 255, 255, 255, 255, 255, 255
5,51 : 255, 255, 255, 255, 255, 255, 255, 255, 255
5,52 : 255, 255, 255, 255, 255, 255, 255, 255, 255
5,53 : 255, 255, 255, 255, 255, 255, 255, 255, 255
5,54 : 255, 255, 255, 255, 255, 255, 255, 255, 255
5,55 : 255, 255, 255, 255, 255, 255, 255, 255, 255
5,56 : 255, 255, 255, 255, 255, 255, 255, 255, 255
5,57 : 255, 255, 255, 255, 255, 255, 255, 255, 255
5,58 : 255, 255, 255, 255, 255, 255, 255, 255, 255
5,59 : 255, 255, 255, 255, 255, 255, 255, 255, 255
5,60 : 255, 255, 255, 255, 255, 255, 255, 255, 255
5,61 : 255, 255, 255, 255, 255, 255, 255, 255, 255
5,62 : 255, 255, 255, 255, 255, 255, 255, 255, 255
5,63 : 255, 255, 255, 255, 255, 255, 255, 255, 255
5,64 : 255, 255, 255, 255, 255, 255, 255, 255, 255
5,65 : 255, 255, 255, 255, 255, 255, 255, 255, 255
5,66 : 255, 255, 255, 255, 255, 255, 255, 255, 255
5,67 : 255, 255, 255, 255, 255, 255, 255, 255, 255
5,68 : 255, 255, 255, 255, 255, 255, 255, 255, 255
5,69 : 255, 255, 255, 255, 255, 255, 255, 255, 255
5,70 : 255, 255, 255, 255, 255, 255, 255, 255, 255
5,71 : 255, 255, 255, 255, 255, 255, 255, 255, 255
5,72 : 255, 255, 255, 255, 255, 255, 255, 255, 254
5,73 : 255, 255, 255, 255, 255, 255, 255, 255, 253
5,74 : 255, 255, 255, 255, 255, 255, 255, 254, 252
5,75 : 255, 255, 255, 255, 255, 255, 255, 253, 252
5,76 : 255, 255, 255, 255, 255, 255, 254, 252, 252
5,77 : 255, 255, 255, 255, 255, 255, 253, 252, 252
5,78 : 255, 255, 255, 255, 255, 255, 252, 252, 245
5,79 : 255, 255, 254, 255, 255, 255, 252, 252, 200
5,80 : 255, 255, 254, 255, 255, 253, 252, 245, 124
5,81 : 255, 254, 255, 255, 255, 253, 252, 200, 49
5,82 : 255, 254, 255, 255, 253, 254, 245, 124, 8
5,83 : 254, 255, 254, 255, 253, 255, 200, 49, 3
5,84 : 254, 255, 255, 253, 254, 255, 124, 8, 10
5,85 : 255, 254, 255, 253, 255, 255, 49, 3, 13
5,86 : 255, 255, 255, 254, 255, 251, 8, 10, 51
5,87 : 254, 255, 252, 255, 255, 255, 3, 13, 107
5,88 : 255, 255, 255, 255, 251, 253, 10, 51, 154
5,89 : 255, 252, 255, 255, 255, 255, 13, 107, 217
5,90 : 255, 255, 255, 251, 253, 255, 51, 154, 248
5,91 : 252, 255, 255, 255, 255, 255, 107, 217, 254
5,92 : 255, 255, 255, 253, 255, 254, 154, 248, 251
5,93 : 255, 255, 254, 255, 255, 254, 217, 254, 250
5,94 : 255, 255, 255, 255, 254, 254, 248, 251, 253
5,95 : 255, 254, 255, 255, 254, 254, 254, 250, 253
5,96 : 255, 255, 255, 254, 254, 255, 251, 253, 254
5,97 : 254, 255, 255, 254, 254, 255, 250, 253, 254
5,98 : 255, 255, 255, 254, 255, 255, 253, 254, 255
5,99 : 255, 255, 255, 254, 255, 255, 253, 254, 255
5,100 : 255, 255, 255, 255, 255, 255, 254, 255, 255
5,101 : 255, 255, 255, 255, 255, 255, 254, 255, 255
5,102 : 255, 255, 255, 255, 255, 255, 255, 255, 255
5,103 : 255, 255, 255, 255, 255, 255, 255, 255, 255
5,104 : 255, 255, 255, 255, 255, 255, 255, 255, 255
5,105 : 255, 255, 255, 255, 255, 255, 255, 255, 255
5,106 : 255, 255, 255, 255, 255, 255, 255, 255, 255
5,107 : 255, 255, 255, 255, 255, 255, 255, 255, 255
5,108 : 255, 255, 255, 255, 255, 255, 255, 255, 255
5,109 : 255, 255, 255, 255, 255, 255, 255, 255, 255
5,110 : 255, 255, 255, 255, 255, 255, 255, 255, 255
5,111 : 255, 255, 255, 255, 255, 255, 255, 255, 255
5,112 : 255, 255, 255, 255, 255, 255, 255, 255, 255
5,113 : 255, 255, 255, 255, 255, 255, 255, 255, 255
5,114 : 255, 255, 255, 255, 255, 255, 255, 255, 255
5,115 : 255, 255, 255, 255, 255, 255, 255, 255, 255
5,116 : 255, 255, 255, 255, 255, 255, 255, 255, 255
5,117 : 255, 255, 255, 255, 255, 255, 255, 255, 255
5,118 : 255, 255, 255, 255, 255, 255, 255, 255, 255
5,119 : 255, 255, 255, 255, 255, 255, 255, 255, 255
5,120 : 255, 255, 255, 255, 255, 255, 255, 255, 255
5,121 : 255, 255, 255, 255, 255, 255, 255, 255, 255
5,122 : 255, 255, 255, 255, 255, 255, 255, 255, 255
5,123 : 255, 255, 255, 255, 255, 255, 255, 255, 255
5,124 : 255, 255, 255, 255, 255, 255, 255, 255, 255
5,125 : 255, 255, 255, 255, 255, 255, 255, 255, 255
5,126 : 255, 255, 0, 255, 255, 0, 255, 255, 0
5,127 : 255, 255, 0, 255, 255, 0, 255, 255, 0
6,0 : 0, 255, 255, 0, 255, 255, 0, 255, 255
6,1 : 0, 255, 255, 0, 255, 255, 0, 255, 255
6,2 : 255, 255, 255, 255, 255, 255, 255, 255, 255
6,3 : 255, 255, 255, 255, 255, 255, 255, 255, 255
6,4 : 255, 255, 255, 255, 255, 255, 255, 255, 255
6,5 : 255, 255, 255, 255, 255, 255, 255, 255, 255
6,6 : 255, 255, 255, 255, 255, 255, 255, 255, 255
6,7 : 255, 255, 255, 255, 255, 255, 255, 255, 255
6,8 : 255, 255, 255, 255, 255, 255, 255, 255, 255
6,9 : 255, 255, 255, 255, 255, 255, 255, 255, 255
6,10 : 255, 255, 255, 255, 255, 255, 255, 255, 255
6,11 : 255, 255, 255, 255, 255, 255, 255, 255, 255
6,12 : 255, 255, 255, 255, 255, 255, 255, 255, 255
6,13 : 255, 255, 255, 255, 255, 255, 255, 255, 255
6,14 : 255, 255, 255, 255, 255, 255, 255, 255, 255
6,15 : 255, 255, 255, 255, 255, 255, 255, 255, 255
6,16 : 255, 255, 255, 255, 255, 255, 255, 255, 255
6,17 : 255, 255, 255, 255, 255, 255, 255, 255, 255
6,18 : 255, 255, 255, 255, 255, 255, 255, 255, 255
6,19 : 255, 255, 255, 255, 255, 255, 255, 255, 255
6,20 : 255, 255, 255, 255, 255, 255, 255, 255, 255
6,21 : 255, 255, 255, 255, 255, 255, 255, 255, 255
6,22 : 255, 255, 255, 255, 255, 255, 255, 255, 255
6,23 : 255, 255, 255, 255, 255, 255, 255, 255, 254
6,24 : 255, 255, 255, 255, 255, 255, 255, 255, 254
6,25 : 255, 255, 255, 255, 255, 255, 255, 254, 255
6,26 : 255, 255, 255, 255, 255, 255, 255, 254, 255
6,27 : 255, 255, 255, 255, 255, 255, 254, 255, 255
6,28 : 255, 255, 255, 255, 255, 255, 254, 255, 255
6,29 : 255, 255, 255, 255, 255, 255, 255, 255, 254
6,30 : 255, 255, 255, 255, 255, 255, 255, 255, 252
6,31 : 255, 255, 255, 255, 255, 255, 255, 254, 255
6,32 : 255, 255, 255, 255, 255, 255, 255, 252, 253
6,33 : 255, 255, 255, 255, 255, 255, 254, 255, 253
6,34 : 255, 255, 255, 255, 255, 255, 252, 253, 255
6,35 : 255, 255, 255, 255, 255, 255, 255, 253, 255
6,36 : 255, 255, 255, 255, 255, 255, 253, 255, 255
6,37 : 255, 255, 255, 255, 255, 255, 253, 255, 255
6,38 : 255, 255, 255, 255, 255, 255, 255, 255, 255
6,39 : 255, 255, 255, 255, 255, 255, 255, 255, 255
6,40 : 255, 255, 255, 255, 255, 255, 255, 255, 254
6,41 : 255, 255, 255, 255, 255, 255, 255, 255, 254
6,42 : 255, 255, 255, 255, 255, 255, 255, 254, 255
6,43 : 255, 255, 255, 255, 255, 255, 255, 254, 253
6,44 : 255, 255, 255, 255, 255, 255, 254, 255, 253
6,45 : 255, 255, 255, 255, 255, 255, 254, 253, 255
6,46 : 255, 255, 255, 255, 255, 255, 255, 253, 255
6,47 : 255, 255, 255, 255, 255, 255, 253, 255, 255
6,48 : 255, 255, 255, 255, 255, 255, 253, 255, 255
6,49 : 255, 255, 255, 255, 255, 255, 255, 255, 255
6,50 : 255, 255, 255, 255, 255, 255, 255, 255, 255
6,51 : 255, 255, 255, 255, 255, 255, 255, 255, 253
6,52 : 255, 255, 255, 255, 255, 255, 255, 255, 253
6,53 : 255, 255, 255, 255, 255, 255, 255, 253, 255
6,54 : 255, 255, 255, 255, 255, 255, 255, 253, 253
6,55 : 255, 255, 255, 255, 255, 255, 253, 255, 255
6,56 : 255, 255, 255, 255, 255, 255, 253, 253, 253
6,57 : 255, 255, 255, 255, 255, 255, 255, 255, 254
6,58 : 255, 255, 255, 255, 255, 255, 253, 253, 254
6,59 : 255, 255, 255, 255, 255, 255, 255, 254, 253
6,60 : 255, 255, 255, 255, 255, 255, 253, 254, 255
6,61 : 255, 255, 255, 255, 255, 255, 254, 253, 252
6,62 : 255, 255, 255, 255, 255, 255, 254, 255, 255
6,63 : 255, 255, 255, 255, 255, 255, 253, 252, 253
6,64 : 255, 255, 255, 255, 255, 255, 255, 255, 255
6,65 : 255, 255, 255, 255, 255, 255, 252, 253, 255
6,66 : 255, 255, 255, 255, 255, 255, 255, 255, 252
6,67 : 255, 255, 255, 255, 255, 255, 253, 255, 255
6,68 : 255, 255, 255, 255, 255, 255, 255, 252, 255
6,69 : 255, 255, 255, 255, 255, 255, 255, 255, 255
6,70 : 255, 255, 255, 255, 255, 255, 252, 255, 254
6,71 : 255, 255, 255, 255, 255, 255, 255, 255, 254
6,72 : 255, 255, 255, 255, 255, 255, 255, 254, 253
6,73 : 255, 255, 255, 255, 255, 254, 255, 254, 241
6,74 : 255, 255, 255, 255, 255, 254, 254, 253, 232
6,75 : 255, 255, 255, 255, 254, 254, 254, 241, 218
6,76 : 255, 255, 255, 255, 254, 254, 253, 232, 172
6,77 : 255, 255, 255, 254, 254, 254, 241, 218, 125
6,78 : 255, 255, 253, 254, 254, 254, 232, 172, 66
6,79 : 255, 255, 255, 254, 254, 253, 218, 125, 21
6,80 : 255, 253, 255, 254, 254, 250, 172, 66, 3
6,81 : 255, 255, 255, 254, 253, 235, 125, 21, 26
6,82 : 253, 255, 255, 254, 250, 203, 66, 3, 62
6,83 : 255, 255, 255, 253, 235, 178, 21, 26, 89
6,84 : 255, 255, 255, 250, 203, 185, 3, 62, 85
6,85 : 255, 255, 254, 235, 178, 207, 26, 89, 63
6,86 : 255, 255, 255, 203, 185, 237, 62, 85, 26
6,87 : 255, 254, 254, 178, 207, 252, 89, 63, 11
6,88 : 255, 255, 255, 185, 237, 247, 85, 26, 5
6,89 : 254, 254, 253, 207, 252, 255, 63, 11, 31
6,90 : 255, 255, 255, 237, 247, 254, 26, 5, 85
6,91 : 254, 253, 255, 252, 255, 251, 11, 31, 155
6,92 : 255, 255, 255, 247, 254, 252, 5, 85, 219
6,93 : 253, 255, 255, 255, 251, 255, 31, 155, 249
6,94 : 255, 255, 255, 254, 252, 253, 85, 219, 255
6,95 : 255, 255, 255, 251, 255, 254, 155, 249, 252
6,96 : 255, 255, 255, 252, 253, 254, 219, 255, 251
6,97 : 255, 255, 255, 255, 254, 255, 249, 252, 255
6,98 : 255, 255, 255, 253, 254, 255, 255, 251, 252
6,99 : 255, 255, 255, 254, 255, 255, 252, 255, 255
6,100 : 255, 255, 255, 254, 255, 255, 251, 252, 255
6,101 : 255, 255, 255, 255, 255, 255, 255, 255, 255
6,102 : 255, 255, 255, 255, 255, 255, 252, 255, 254
6,103 : 255, 255, 255, 255, 255, 255, 255, 255, 255
6,104 : 255, 255, 255, 255, 255, 255, 255, 254, 255
6,105 : 255, 255, 255, 255, 255, 255, 255, 255, 255
6,106 : 255, 255, 255, 255, 255, 255, 254, 255, 255
6,107 : 255, 255, 255, 255, 255, 255, 255, 255, 254
6,108 : 255, 255, 255, 255, 255, 255, 255, 255, 254
6,109 : 255, 255, 255, 255, 255, 255, 255, 254, 255
6,110 : 255, 255, 255, 255, 255, 255, 255, 254, 255
6,111 : 255, 255, 255, 255, 255, 255, 254, 255, 255
6,112 : 255, 255, 255, 255, 255, 255, 254, 255, 255
6,113 : 255, 255, 255, 255, 255, 255, 255, 255, 255
6,114 : 255, 255, 255, 255, 255, 255, 255, 255, 255
6,115 : 255, 255, 255, 255, 255, 255, 255, 255, 255
6,116 : 255, 255, 255, 255, 255, 255, 255, 255, 255
6,117 : 255, 255, 255, 255, 255, 255, 255, 255, 255
6,118 : 255, 255, 255, 255, 255, 255, 255, 255, 255
6,119 : 255, 255, 255, 255, 255, 255, 255, 255, 255
6,120 : 255, 255, 255, 255, 255, 255, 255, 255, 255
6,121 : 255, 255, 255, 255, 255, 255, 255, 255, 255
6,122 : 255, 255, 255, 255, 255, 255, 255, 255, 255
6,123 : 255, 255, 255, 255, 255, 255, 255, 255, 255
6,124 : 255, 255, 255, 255, 255, 255, 255, 255, 255
6,125 : 255, 255, 255, 255, 255, 255, 255, 255, 255
6,126 : 255, 255, 0, 255, 255, 0, 255, 255, 0
6,127 : 255, 255, 0, 255, 255, 0, 255, 255, 0
7,0 : 0, 255, 255, 0, 255, 255, 0, 255, 255
7,1 : 0, 255, 255, 0, 255, 255, 0, 255, 255
7,2 : 255, 255, 255, 255, 255, 255, 255, 255, 255
7,3 : 255, 255, 255, 255, 255, 255, 255, 255, 255
7,4 : 255, 255, 255, 255, 255, 255, 255, 255, 255
7,5 : 255, 255, 255, 255, 255, 255, 255, 255, 255
7,6 : 255, 255, 255, 255, 255, 255, 255, 255, 255
7,7 : 255, 255, 255, 255, 255, 255, 255, 255, 255
7,8 : 255, 255, 255, 255, 255, 255, 255, 255, 255
7,9 : 255, 255, 255, 255, 255, 255, 255, 255, 255
7,10 : 255, 255, 255, 255, 255, 255, 255, 255, 255
7,11 : 255, 255, 255, 255, 255, 255, 255, 255, 255
7,12 : 255, 255, 255, 255, 255, 255, 255, 255, 255
7,13 : 255, 255, 255, 255, 255, 255, 255, 255, 255
7,14 : 255, 255, 255, 255, 255, 255, 255, 255, 255
7,15 : 255, 255, 255, 255, 255, 255, 255, 255, 255
7,16 : 255, 255, 255, 255, 255, 255, 255, 255, 255
7,17 : 255, 255, 255, 255, 255, 255, 255, 255, 255
7,18 : 255, 255, 255, 255, 255, 255, 255, 255, 255
7,19 : 255, 255, 255, 255, 255, 255, 255, 255, 255
7,20 : 255, 255, 255, 255, 255, 255, 255, 255, 255
7,21 : 255, 255, 255, 255, 255, 255, 255, 255, 255
7,22 : 255, 255, 255, 255, 255, 255, 255, 255, 253
7,23 : 255, 255, 255, 255, 255, 255, 255, 255, 255
7,24 : 255, 255, 255, 255, 255, 255, 255, 253, 255
7,25 : 255, 255, 255, 255, 255, 255, 255, 255, 255
7,26 : 255, 255, 255, 255, 255, 255, 253, 255, 252
7,27 : 255, 255, 255, 255, 255, 255, 255, 255, 253
7,28 : 255, 255, 255, 255, 255, 255, 255, 252, 255
7,29 : 255, 255, 255, 255, 255, 255, 255, 253, 255
7,30 : 255, 255, 255, 255, 255, 255, 252, 255, 254
7,31 : 255, 255, 255, 255, 255, 255, 253, 255, 254
7,32 : 255, 255, 255, 255, 255, 255, 255, 254, 255
7,33 : 255, 255, 255, 255, 255, 255, 255, 254, 255
7,34 : 255, 255, 255, 255, 255, 255, 254, 255, 255
7,35 : 255, 255, 255, 255, 255, 255, 254, 255, 253
7,36 : 255, 255, 255, 255, 255, 255, 255, 255, 254
7,37 : 255, 255, 255, 255, 255, 255, 255, 253, 255
7,38 : 255, 255, 255, 255, 255, 255, 255, 254, 254
7,39 : 255, 255, 255, 255, 255, 255, 253, 255, 255
7,40 : 255, 255, 255, 255, 255, 255, 254, 254, 255
7,41 : 255, 255, 255, 255, 255, 255, 255, 255, 255
7,42 : 255, 255, 255, 255, 255, 255, 254, 255, 254
7,43 : 255, 255, 255, 255, 255, 255, 255, 255, 255
7,44 : 255, 255, 255, 255, 255, 255, 255, 254, 255
7,45 : 255, 255, 255, 255, 255, 255, 255, 255, 253
7,46 : 255, 255, 255, 255, 255, 255, 254, 255, 255
7,47 : 255, 255, 255, 255, 255, 255, 255, 253, 255
7,48 : 255, 255, 255, 255, 255, 255, 255, 255, 253
7,49 : 255, 255, 255, 255, 255, 255, 253, 255, 252
7,50 : 255, 255, 255, 255, 255, 255, 255, 253, 254
7,51 : 255, 255, 255, 255, 255, 255, 255, 252, 255
7,52 : 255, 255, 255, 255, 255, 255, 253, 254, 254
7,53 : 255, 255, 255, 255, 255, 255, 252, 255, 252
7,54 : 255, 255, 255, 255, 255, 255, 254, 254, 255
7,55 : 255, 255, 255, 255, 255, 255, 255, 252, 252
7,56 : 255, 255, 255, 255, 255, 255, 254, 255, 251
7,57 : 255, 255, 255, 255, 255, 255, 252, 252, 253
7,58 : 255, 255, 255, 255, 255, 255, 255, 251, 251
7,59 : 255, 255, 255, 255, 255, 255, 252, 253, 252
7,60 : 255, 255, 255, 255, 255, 255, 251, 251, 255
7,61 : 255, 255, 255, 255, 255, 255, 253, 252, 254
7,62 : 255, 255, 255, 255, 255, 255, 251, 255, 255
7,63 : 255, 255, 255, 255, 255, 255, 252, 254, 253
7,64 : 255, 255, 255, 255, 255, 255, 255, 255, 253
7,65 : 255, 255, 255, 255, 255, 255, 254, 253, 253
7,66 : 255, 255, 255, 255, 255, 255, 255, 253, 252
7,67 : 255, 255, 255, 255, 255, 255, 253, 253, 255
7,68 : 255, 255, 255, 255, 255, 255, 253, 252, 252
7,69 : 255, 255, 255, 255, 255, 255, 253, 255, 254
7,70 : 255, 255, 255, 255, 255, 255, 252, 252, 244
7,71 : 255, 255, 255, 255, 255, 255, 255, 254, 194
7,72 : 255, 255, 255, 255, 255, 254, 252, 244, 118
7,73 : 255, 255, 255, 255, 255, 253, 254, 194, 70
7,74 : 255, 255, 255, 255, 254, 252, 244, 118, 35
7,75 : 255, 255, 255, 255, 253, 252, 194, 70, 26
7,76 : 255, 255, 255, 254, 252, 252, 118, 35, 5
7,77 : 255, 255, 255, 253, 252, 252, 70, 26, 10
7,78 : 255, 255, 255, 252, 252, 245, 35, 5, 20
7,79 : 255, 255, 255, 252, 252, 200, 26, 10, 61
7,80 : 255, 255, 253, 252, 245, 124, 5, 20, 103
7,81 : 255, 255, 253, 252, 200, 49, 10, 61, 135
7,82 : 255, 253, 254, 245, 124, 8, 20, 103, 163
7,83 : 255, 253, 255, 200, 49, 3, 61, 135, 165
7,84 : 253, 254, 255, 124, 8, 10, 103, 163, 154
7,85 : 253, 255, 255, 49, 3, 13, 135, 165, 159
7,86 : 254, 255, 251, 8, 10, 51, 163, 154, 156
7,87 : 255, 255, 255, 3, 13, 107, 165, 159, 123
7,88 : 255, 251, 253, 10, 51, 154, 154, 156, 85
7,89 : 255, 255, 255, 13, 107, 217, 159, 123, 36
7,90 : 251, 253, 255, 51, 154, 248, 156, 85, 10
7,91 : 255, 255, 255, 107, 217, 254, 123, 36, 6
7,92 : 253, 255, 254, 154, 248, 251, 85, 10, 28
7,93 : 255, 255, 254, 217, 254, 250, 36, 6, 91
7,94 : 255, 254, 254, 248, 251, 253, 10, 28, 176
7,95 : 255, 254, 254, 254, 250, 253, 6, 91, 237
7,96 : 254, 254, 255, 251, 253, 254, 28, 176, 253
7,97 : 254, 254, 255, 250, 253, 254, 91, 237, 251
7,98 : 254, 255, 255, 253, 254, 255, 176, 253, 254
7,99 : 254, 255, 255, 253, 254, 255, 237, 251, 250
7,100 : 255, 255, 255, 254, 255, 255, 253, 254, 253
7,101 : 255, 255, 255, 254, 255, 255, 251, 250, 255
7,102 : 255, 255, 255, 255, 255, 255, 254, 253, 254
7,103 : 255, 255, 255, 255, 255, 255, 250, 255, 255
7,104 : 255, 255, 255, 255, 255, 255, 253, 254, 254
7,105 : 255, 255, 255, 255, 255, 255, 255, 255, 253
7,106 : 255, 255, 255, 255, 255, 255, 254, 254, 255
7,107 : 255, 255, 255, 255, 255, 255, 255, 253, 255
7,108 : 255, 255, 255, 255, 255, 255, 254, 255, 255
7,109 : 255, 255, 255, 255, 255, 255, 253, 255, 255
7,110 : 255, 255, 255, 255, 255, 255, 255, 255, 255
7,111 : 255, 255, 255, 255, 255, 255, 255, 255, 255
7,112 : 255, 255, 255, 255, 255, 255, 255, 255, 255
7,113 : 255, 255, 255, 255, 255, 255, 255, 255, 255
7,114 : 255, 255, 255, 255, 255, 255, 255, 255, 255
7,115 : 255, 255, 255, 255, 255, 255, 255, 255, 255
7,116 : 255, 255, 255, 255, 255, 255, 255, 255, 255
7,117 : 255, 255, 255, 255, 255, 255, 255, 255, 255
7,118 : 255, 255, 255, 255, 255, 255, 255, 255, 255
7,119 : 255, 255, 255, 255, 255, 255, 255, 255, 255
7,120 : 255, 255, 255, 255, 255, 255, 255, 255, 255
7,121 : 255, 255, 255, 255, 255, 255, 255, 255, 255
7,122 : 255, 255, 255, 255, 255, 255, 255, 255, 255
7,123 : 255, 255, 255, 255, 255, 255, 255, 255, 255
7,124 : 255, 255, 255, 255, 255, 255, 255, 255, 255
7,125 : 255, 255, 255, 255, 255, 255, 255, 255, 255
7,126 : 255, 255, 0, 255, 255, 0, 255, 255, 0
7,127 : 255, 255, 0, 255, 255, 0, 255, 255, 0
8,0 : 0, 255, 255, 0, 255, 255, 0, 255, 255
8,1 : 0, 255, 255, 0, 255, 255, 0, 255, 255
8,2 : 255, 255, 255, 255, 255, 255, 255, 255, 255
8,3 : 255, 255, 255, 255, 255, 255, 255, 255, 255
8,4 : 255, 255, 255, 255, 255, 255, 255, 255, 255
8,5 : 255, 255, 255, 255, 255, 255, 255, 255, 255
8,6 : 255, 255, 255, 255, 255, 255, 255, 255, 255
8,7 : 255, 255, 255, 255, 255, 255, 255, 255, 255
8,8 : 255, 255, 255, 255, 255, 255, 255, 255, 255
8,9 : 255, 255, 255, 255, 255, 255, 255, 255, 255
8,10 : 255, 255, 255, 255, 255, 255, 255, 255, 255
8,11 : 255, 255, 255, 255, 255, 255, 255, 255, 255
8,12 : 255, 255, 255, 255, 255, 255, 255, 255, 255
8,13 : 255, 255, 255, 255, 255, 255, 255, 255, 255
8,14 : 255, 255, 255, 255, 255, 255, 255, 255, 255
8,15 : 255, 255, 255, 255, 255, 255, 255, 255, 255
8,16 : 255, 255, 255, 255, 255, 255, 255, 255, 255
8,17 : 255, 255, 255, 255, 255, 255, 255, 255, 255
8,18 : 255, 255, 255, 255, 255, 255, 255, 255, 255
8,19 : 255, 255, 255, 255, 255, 255, 255, 255, 255
8,20 : 255, 255, 255, 255, 255, 255, 255, 255, 255
8,21 : 255, 255, 255, 255, 255, 255, 255, 255, 255
8,22 : 255, 255, 255, 255, 255, 255, 255, 255, 255
8,23 : 255, 255, 255, 255, 255, 254, 255, 255, 254
8,24 : 255, 255, 255, 255, 255, 254, 255, 255, 253
8,25 : 255, 255, 255, 255, 254, 255, 255, 254, 255
8,26 : 255, 255, 255, 255, 254, 255, 255, 253, 255
8,27 : 255, 255, 255, 254, 255, 255, 254, 255, 255
8,28 : 255, 255, 255, 254, 255, 255, 253, 255, 254
8,29 : 255, 255, 255, 255, 255, 254, 255, 255, 255
8,30 : 255, 255, 255, 255, 255, 252, 255, 254, 255
8,31 : 255, 255, 255, 255, 254, 255, 255, 255, 253
8,32 : 255, 255, 255, 255, 252, 253, 254, 255, 255
8,33 : 255, 255, 255, 254, 255, 253, 255, 253, 251
8,34 : 255, 255, 255, 252, 253, 255, 255, 255, 255
8,35 : 255, 255, 255, 255, 253, 255, 253, 251, 255
8,36 : 255, 255, 255, 253, 255, 255, 255, 255, 255
8,37 : 255, 255, 255, 253, 255, 255, 251, 255, 255
8,38 : 255, 255, 255, 255, 255, 255, 255, 255, 253
8,39 : 255, 255, 255, 255, 255, 255, 255, 255, 255
8,40 : 255, 255, 255, 255, 255, 254, 255, 253, 255
8,41 : 255, 255, 255, 255, 255, 254, 255, 255, 255
8,42 : 255, 255, 255, 255, 254, 255, 253, 255, 255
8,43 : 255, 255, 255, 255, 254, 253, 255, 255, 252
8,44 : 255, 255, 255, 254, 255, 253, 255, 255, 253
8,45 : 255, 255, 255, 254, 253, 255, 255, 252, 255
8,46 : 255, 255, 255, 255, 253, 255, 255, 253, 253
8,47 : 255, 255, 255, 253, 255, 255, 252, 255, 255
8,48 : 255, 255, 255, 253, 255, 255, 253, 253, 255
8,49 : 255, 255, 255, 255, 255, 255, 255, 255, 255
8,50 : 255, 255, 255, 255, 255, 255, 253, 255, 253
8,51 : 255, 255, 255, 255, 255, 253, 255, 255, 248
8,52 : 255, 255, 255, 255, 255, 253, 255, 253, 241
8,53 : 255, 255, 255, 255, 253, 255, 255, 248, 236
8,54 : 255, 255, 255, 255, 253, 253, 253, 241, 234
8,55 : 255, 255, 255, 253, 255, 255, 248, 236, 231
8,56 : 255, 255, 255, 253, 253, 253, 241, 234, 239
8,57 : 255, 255, 255, 255, 255, 254, 236, 231, 245
8,58 : 255, 255, 255, 253, 253, 254, 234, 239, 242
8,59 : 255, 255, 255, 255, 254, 253, 231, 245, 242
8,60 : 255, 255, 255, 253, 254, 255, 239, 242, 242
8,61 : 255, 255, 255, 254, 253, 252, 245, 242, 239
8,62 : 255, 255, 255, 254, 255, 255, 242, 242, 241
8,63 : 255, 255, 255, 253, 252, 253, 242, 239, 241
8,64 : 255, 255, 255, 255, 255, 255, 242, 241, 250
8,65 : 255, 255, 255, 252, 253, 255, 239, 241, 250
8,66 : 255, 255, 255, 255, 255, 252, 241, 250, 253
8,67 : 255, 255, 255, 253, 255, 255, 241, 250, 254
8,68 : 255, 255, 255, 255, 252, 255, 250, 253, 251
8,69 : 255, 255, 255, 255, 255, 255, 250, 254, 228
8,70 : 255, 255, 255, 252, 255, 254, 253, 251, 93
8,71 : 255, 255, 255, 255, 255, 254, 254, 228, 16
8,72 : 255, 255, 255, 255, 254, 253, 251, 93, 10
8,73 : 255, 255, 254, 255, 254, 241, 228, 16, 39
8,74 : 255, 255, 254, 254, 253, 232, 93, 10, 69
8,75 : 255, 254, 254, 254, 241, 218, 16, 39, 97
8,76 : 255, 254, 254, 253, 232, 172, 10, 69, 114
8,77 : 254, 254, 254, 241, 218, 125, 39, 97, 128
8,78 : 254, 254, 254, 232, 172, 66, 69, 114, 145
8,79 : 254, 254, 253, 218, 125, 21, 97, 128, 152
8,80 : 254, 254, 250, 172, 66, 3, 114, 145, 155
8,81 : 254, 253, 235, 125, 21, 26, 128, 152, 152
8,82 : 254, 250, 203, 66, 3, 62, 145, 155, 154
8,83 : 253, 235, 178, 21, 26, 89, 152, 152, 153
8,84 : 250, 203, 185, 3, 62, 85, 155, 154, 149
8,85 : 235, 178, 207, 26, 89, 63, 152, 153, 154
8,86 : 203, 185, 237, 62, 85, 26, 154, 149, 161
8,87 : 178, 207, 252, 89, 63, 11, 153, 154, 153
8,88 : 185, 237, 247, 85, 26, 5, 149, 161, 153
8,89 : 207, 252, 255, 63, 11, 31, 154, 153, 155
8,90 : 237, 247, 254, 26, 5, 85, 161, 153, 132
8,91 : 252, 255, 251, 11, 31, 155, 153, 155, 80
8,92 : 247, 254, 252, 5, 85, 219, 153, 132, 29
8,93 : 255, 251, 255, 31, 155, 249, 155, 80, 8
8,94 : 254, 252, 253, 85, 219, 255, 132, 29, 8
8,95 : 251, 255, 254, 155, 249, 252, 80, 8, 64
8,96 : 252, 253, 254, 219, 255, 251, 29, 8, 163
8,97 : 255, 254, 255, 249, 252, 255, 8, 64, 243
8,98 : 253, 254, 255, 255, 251, 252, 8, 163, 252
8,99 : 254, 255, 255, 252, 255, 255, 64, 243, 255
8,100 : 254, 255, 255, 251, 252, 255, 163, 252, 254
8,101 : 255, 255, 255, 255, 255, 255, 243, 255, 251
8,102 : 255, 255, 255, 252, 255, 254, 252, 254, 255
8,103 : 255, 255, 255, 255, 255, 255, 255, 251, 255
8,104 : 255, 255, 255, 255, 254, 255, 254, 255, 255
8,105 : 255, 255, 255, 255, 255, 255, 251, 255, 254
8,106 : 255, 255, 255, 254, 255, 255, 255, 255, 255
8,107 : 255, 255, 255, 255, 255, 254, 255, 254, 255
8,108 : 255, 255, 255, 255, 255, 254, 255, 255, 255
8,109 : 255, 255, 255, 255, 254, 255, 254, 255, 254
8,110 : 255, 255, 255, 255, 254, 255, 255, 255, 255
8,111 : 255, 255, 255, 254, 255, 255, 255, 254, 255
8,112 : 255, 255, 255, 254, 255, 255, 255, 255, 255
8,113 : 255, 255, 255, 255, 255, 255, 254, 255, 255
8,114 : 255, 255, 255, 255, 255, 255, 255, 255, 255
8,115 : 255, 255, 255, 255, 255, 255, 255, 255, 255
8,116 : 255, 255, 255, 255, 255, 255, 255, 255, 255
8,117 : 255, 255, 255, 255, 255, 255, 255, 255, 255
8,118 : 255, 255, 255, 255, 255, 255, 255, 255, 255
8,119 : 255, 255, 255, 255, 255, 255, 255, 255, 255
8,120 : 255, 255, 255, 255, 255, 255, 255, 255, 255
8,121 : 255, 255, 255, 255, 255, 255, 255, 255, 255
8,122 : 255, 255, 255, 255, 255, 255, 255, 255, 255
8,123 : 255, 255, 255, 255, 255, 255, 255, 255, 255
8,124 : 255, 255, 255, 255, 255, 255, 255, 255, 255
8,125 : 255, 255, 255, 255, 255, 255, 255, 255, 255
8,126 : 255, 255, 0, 255, 255, 0, 255, 255, 0
8,127 : 255, 255, 0, 255, 255, 0, 255, 255, 0
9,0 : 0, 255, 255, 0, 255, 255, 0, 255, 255
9,1 : 0, 255, 255, 0, 255, 255, 0, 255, 255
9,2 : 255, 255, 255, 255, 255, 255, 255, 255, 255
9,3 : 255, 255, 255, 255, 255, 255, 255, 255, 255
9,4 : 255, 255, 255, 255, 255, 255, 255, 255, 255
9,5 : 255, 255, 255, 255, 255, 255, 255, 255, 255
9,6 : 255, 255, 255, 255, 255, 255, 255, 255, 255
9,7 : 255, 255, 255, 255, 255, 255, 255, 255, 255
9,8 : 255, 255, 255, 255, 255, 255, 255, 255, 255
9,9 : 255, 255, 255, 255, 255, 255, 255, 255, 255
9,10 : 255, 255, 255, 255, 255, 255, 255, 255, 255
9,11 : 255, 255, 255, 255, 255, 255, 255, 255, 255
9,12 : 255, 255, 255, 255, 255, 255, 255, 255, 255
9,13 : 255, 255, 255, 255, 255, 255, 255, 255, 255
9,14 : 255, 255, 255, 255, 255, 255, 255, 255, 255
9,15 : 255, 255, 255, 255, 255, 255, 255, 255, 255
9,16 : 255, 255, 255, 255, 255, 255, 255, 255, 255
9,17 : 255, 255, 255, 255, 255, 255, 255, 255, 255
9,18 : 255, 255, 255, 255, 255, 255, 255, 255, 255
9,19 : 255, 255, 255, 255, 255, 255, 255, 255, 255
9,20 : 255, 255, 255, 255, 255, 255, 255, 255, 255
9,21 : 255, 255, 255, 255, 255, 255, 255, 255, 255
9,22 : 255, 255, 255, 255, 255, 253, 255, 255, 255
9,23 : 255, 255, 255, 255, 255, 255, 255, 255, 255
9,24 : 255, 255, 255, 255, 253, 255, 255, 255, 255
9,25 : 255, 255, 255, 255, 255, 255, 255, 255, 254
9,26 : 255, 255, 255, 253, 255, 252, 255, 255, 255
9,27 : 255, 255, 255, 255, 255, 253, 255, 254, 253
9,28 : 255, 255, 255, 255, 252, 255, 255, 255, 253
9,29 : 255, 255, 255, 255, 253, 255, 254, 253, 255
9,30 : 255, 255, 255, 252, 255, 254, 255, 253, 252
9,31 : 255, 255, 255, 253, 255, 254, 253, 255, 254
9,32 : 255, 255, 255, 255, 254, 255, 253, 252, 255
9,33 : 255, 255, 255, 255, 254, 255, 255, 254, 255
9,34 : 255, 255, 255, 254, 255, 255, 252, 255, 254
9,35 : 255, 255, 255, 254, 255, 253, 254, 255, 254
9,36 : 255, 255, 255, 255, 255, 254, 255, 254, 252
9,37 : 255, 255, 255, 255, 253, 255, 255, 254, 253
9,38 : 255, 255, 255, 255, 254, 254, 254, 252, 255
9,39 : 255, 255, 255, 253, 255, 255, 254, 253, 250
9,40 : 255, 255, 255, 254, 254, 255, 252, 255, 255
9,41 : 255, 255, 255, 255, 255, 255, 253, 250, 251
9,42 : 255, 255, 255, 254, 255, 254, 255, 255, 251
9,43 : 255, 255, 255, 255, 255, 255, 250, 251, 250
9,44 : 255, 255, 255, 255, 254, 255, 255, 251, 237
9,45 : 255, 255, 255, 255, 255, 253, 251, 250, 207
9,46 : 255, 255, 255, 254, 255, 255, 251, 237, 195
9,47 : 255, 255, 255, 255, 253, 255, 250, 207, 171
9,48 : 255, 255, 255, 255, 255, 253, 237, 195, 146
9,49 : 255, 255, 255, 253, 255, 252, 207, 171, 127
9,50 : 255, 255, 255, 255, 253, 254, 195, 146, 101
9,51 : 255, 255, 255, 255, 252, 255, 171, 127, 66
9,52 : 255, 255, 255, 253, 254, 254, 146, 101, 44
9,53 : 255, 255, 255, 252, 255, 252, 127, 66, 44
9,54 : 255, 255, 255, 254, 254, 255, 101, 44, 47
9,55 : 255, 255, 255, 255, 252, 252, 66, 44, 30
9,56 : 255, 255, 255, 254, 255, 251, 44, 47, 33
9,57 : 255, 255, 255, 252, 252, 253, 44, 30, 46
9,58 : 255, 255, 255, 255, 251, 251, 47, 33, 51
9,59 : 255, 255, 255, 252, 253, 252, 30, 46, 41
9,60 : 255, 255, 255, 251, 251, 255, 33, 51, 31
9,61 : 255, 255, 255, 253, 252, 254, 46, 41, 35
9,62 : 255, 255, 255, 251, 255, 255, 51, 31, 40
9,63 : 255, 255, 255, 252, 254, 253, 41, 35, 35
9,64 : 255, 255, 255, 255, 255, 253, 31, 40, 66
9,65 : 255, 255, 255, 254, 253, 253, 35, 35, 95
9,66 : 255, 255, 255, 255, 253, 252, 40, 66, 103
9,67 : 255, 255, 255, 253, 253, 255, 35, 95, 106
9,68 : 255, 255, 255, 253, 252, 252, 66, 103, 127
9,69 : 255, 255, 255, 253, 255, 254, 95, 106, 74
9,70 : 255, 255, 255, 252, 252, 244, 103, 127, 9
9,71 : 255, 255, 255, 255, 254, 194, 106, 74, 22
9,72 : 255, 255, 254, 252, 244, 118, 127, 9, 116
9,73 : 255, 255, 253, 254, 194, 70, 74, 22, 173
9,74 : 255, 254, 252, 244, 118, 35, 9, 116, 157
9,75 : 255, 253, 252, 194, 70, 26, 22, 173, 159
9,76 : 254, 252, 252, 118, 35, 5, 116, 157, 164
9,77 : 253, 252, 252, 70, 26, 10, 173, 159, 148
9,78 : 252, 252, 245, 35, 5, 20, 157, 164, 155
9,79 : 252, 252, 200, 26, 10, 61, 159, 148, 160
9,80 : 252, 245, 124, 5, 20, 103, 164, 155, 154
9,81 : 252, 200, 49, 10, 61, 135, 148, 160, 149
9,82 : 245, 124, 8, 20, 103, 163, 155, 154, 159
9,83 : 200, 49, 3, 61, 135, 165, 160, 149, 160
9,84 : 124, 8, 10, 103, 163, 154, 154, 159, 149
9,85 : 49, 3, 13, 135, 165, 159, 149, 160, 150
9,86 : 8, 10, 51, 163, 154, 156, 159, 149, 158
9,87 : 3, 13, 107, 165, 159, 123, 160, 150, 158
9,88 : 10, 51, 154, 154, 156, 85, 149, 158, 147
9,89 : 13, 107, 217, 159, 123, 36, 150, 158, 157
9,90 : 51, 154, 248, 156, 85, 10, 158, 147, 155
9,91 : 107, 217, 254, 123, 36, 6, 158, 157, 155
9,92 : 154, 248, 251, 85, 10, 28, 147, 155, 157
9,93 : 217, 254, 250, 36, 6, 91, 157, 155, 116
9,94 : 248, 251, 253, 10, 28, 176, 155, 157, 32
9,95 : 254, 250, 253, 6, 91, 237, 155, 116, 4
9,96 : 251, 253, 254, 28, 176, 253, 157, 32, 16
9,97 : 250, 253, 254, 91, 237, 251, 116, 4, 131
9,98 : 253, 254, 255, 176, 253, 254, 32, 16, 244
9,99 : 253, 254, 255, 237, 251, 250, 4, 131, 248
9,100 : 254, 255, 255, 253, 254, 253, 16, 244, 251
9,101 : 254, 255, 255, 251, 250, 255, 131, 248, 253
9,102 : 255, 255, 255, 254, 253, 254, 244, 251, 253
9,103 : 255, 255, 255, 250, 255, 255, 248, 253, 255
9,104 : 255, 255, 255, 253, 254, 254, 251, 253, 255
9,105 : 255, 255, 255, 255, 255, 253, 253, 255, 255
9,106 : 255, 255, 255, 254, 254, 255, 253, 255, 255
9,107 : 255, 255, 255, 255, 253, 255, 255, 255, 254
9,108 : 255, 255, 255, 254, 255, 255, 255, 255, 254
9,109 : 255, 255, 255, 253, 255, 255, 255, 254, 255
9,110 : 255, 255, 255, 255, 255, 255, 255, 254, 255
9,111 : 255, 255, 255, 255, 255, 255, 254, 255, 255
9,112 : 255, 255, 255, 255, 255, 255, 254, 255, 255
9,113 : 255, 255, 255, 255, 255, 255, 255, 255, 255
9,114 : 255, 255, 255, 255, 255, 255, 255, 255, 255
9,115 : 255, 255, 255, 255, 255, 255, 255, 255, 255
9,116 : 255, 255, 255, 255, 255, 255, 255, 255, 255
9,117 : 255, 255, 255, 255, 255, 255, 255, 255, 255
9,118 : 255, 255, 255, 255, 255, 255, 255, 255, 255
9,119 : 255, 255, 255, 255, 255, 255, 255, 255, 255
9,120 : 255, 255, 255, 255, 255, 255, 255, 255, 255
9,121 : 255, 255, 255, 255, 255, 255, 255, 255, 255
9,122 : 255, 255, 255, 255, 255, 255, 255, 255, 255
9,123 : 255, 255, 255, 255, 255, 255, 255, 255, 255
9,124 : 255, 255, 255, 255, 255, 255, 255, 255, 255
9,125 : 255, 255, 255, 255, 255, 255, 255, 255, 255
9,126 : 255, 255, 0, 255, 255, 0, 255, 255, 0
9,127 : 255, 255, 0, 255, 255, 0, 255, 255, 0
10,0 : 0, 255, 255, 0, 255, 255, 0, 255, 255
10,1 : 0, 255, 255, 0, 255, 255, 0, 255, 255
10,2 : 255, 255, 255, 255, 255, 255, 255, 255, 255
10,3 : 255, 255, 255, 255, 255, 255, 255, 255, 255
10,4 : 255, 255, 255, 255, 255, 255, 255, 255, 255
10,5 : 255, 255, 255, 255, 255, 255, 255, 255, 255
10,6 : 255, 255, 255, 255, 255, 255, 255, 255, 255
10,7 : 255, 255, 255, 255, 255, 255, 255, 255, 255
10,8 : 255, 255, 255, 255, 255, 255, 255, 255, 255
10,9 : 255, 255, 255, 255, 255, 255, 255, 255, 255
10,10 : 255, 255, 255, 255, 255, 255, 255, 255, 255
10,11 : 255, 255, 255, 255, 255, 255, 255, 255, 255
10,12 : 255, 255, 255, 255, 255, 255, 255, 255, 255
10,13 : 255, 255, 255, 255, 255, 255, 255, 255, 255
10,14 : 255, 255, 255, 255, 255, 255, 255, 255, 255
10,15 : 255, 255, 255, 255, 255, 255, 255, 255, 255
10,16 : 255, 255, 255, 255, 255, 255, 255, 255, 255
10,17 : 255, 255, 255, 255, 255, 255, 255, 255, 255
10,18 : 255, 255, 255, 255, 255, 255, 255, 255, 255
10,19 : 255, 255, 255, 255, 255, 255, 255, 255, 255
10,20 : 255, 255, 255, 255, 255, 255, 255, 255, 255
10,21 : 255, 255, 255, 255, 255, 255, 255, 255, 255
10,22 : 255, 255, 255, 255, 255, 255, 255, 255, 253
10,23 : 255, 255, 254, 255, 255, 254, 255, 255, 255
10,24 : 255, 255, 254, 255, 255, 253, 255, 253, 255
10,25 : 255, 254, 255, 255, 254, 255, 255, 255, 254
10,26 : 255, 254, 255, 255, 253, 255, 253, 255, 255
10,27 : 254, 255, 255, 254, 255, 255, 255, 254, 255
10,28 : 254, 255, 255, 253, 255, 254, 255, 255, 255
10,29 : 255, 255, 254, 255, 255, 255, 254, 255, 254
10,30 : 255, 255, 252, 255, 254, 255, 255, 255, 255
10,31 : 255, 254, 255, 255, 255, 253, 255, 254, 255
10,32 : 255, 252, 253, 254, 255, 255, 255, 255, 252
10,33 : 254, 255, 253, 255, 253, 251, 254, 255, 255
10,34 : 252, 253, 255, 255, 255, 255, 255, 252, 255
10,35 : 255, 253, 255, 253, 251, 255, 255, 255, 255
10,36 : 253, 255, 255, 255, 255, 255, 252, 255, 255
10,37 : 253, 255, 255, 251, 255, 255, 255, 255, 255
10,38 : 255, 255, 255, 255, 255, 253, 255, 255, 243
10,39 : 255, 255, 255, 255, 255, 255, 255, 255, 210
10,40 : 255, 255, 254, 255, 253, 255, 255, 243, 177
10,41 : 255, 255, 254, 255, 255, 255, 255, 210, 121
10,42 : 255, 254, 255, 253, 255, 255, 243, 177, 90
10,43 : 255, 254, 253, 255, 255, 252, 210, 121, 58
10,44 : 254, 255, 253, 255, 255, 253, 177, 90, 31
10,45 : 254, 253, 255, 255, 252, 255, 121, 58, 13
10,46 : 255, 253, 255, 255, 253, 253, 90, 31, 8
10,47 : 253, 255, 255, 252, 255, 255, 58, 13, 14
10,48 : 253, 255, 255, 253, 253, 255, 31, 8, 14
10,49 : 255, 255, 255, 255, 255, 255, 13, 14, 13
10,50 : 255, 255, 255, 253, 255, 253, 8, 14, 19
10,51 : 255, 255, 253, 255, 255, 248, 14, 13, 27
10,52 : 255, 255, 253, 255, 253, 241, 14, 19, 39
10,53 : 255, 253, 255, 255, 248, 236, 13, 27, 50
10,54 : 255, 253, 253, 253, 241, 234, 19, 39, 53
10,55 : 253, 255, 255, 248, 236, 231, 27, 50, 63
10,56 : 253, 253, 253, 241, 234, 239, 39, 53, 68
10,57 : 255, 255, 254, 236, 231, 245, 50, 63, 66
10,58 : 253, 253, 254, 234, 239, 242, 53, 68, 77
10,59 : 255, 254, 253, 231, 245, 242, 63, 66, 88
10,60 : 253, 254, 255, 239, 242, 242, 68, 77, 93
10,61 : 254, 253, 252, 245, 242, 239, 66, 88, 106
10,62 : 254, 255, 255, 242, 242, 241, 77, 93, 105
10,63 : 253, 252, 253, 242, 239, 241, 88, 106, 73
10,64 : 255, 255, 255, 242, 241, 250, 93, 105, 74
10,65 : 252, 253, 255, 239, 241, 250, 106, 73, 56
10,66 : 255, 255, 252, 241, 250, 253, 105, 74, 52
10,67 : 253, 255, 255, 241, 250, 254, 73, 56, 42
10,68 : 255, 252, 255, 250, 253, 251, 74, 52, 24
10,69 : 255, 255, 255, 250, 254, 228, 56, 42, 19
10,70 : 252, 255, 254, 253, 251, 93, 52, 24, 10
10,71 : 255, 255, 254, 254, 228, 16, 42, 19, 5
10,72 : 255, 254, 253, 251, 93, 10, 24, 10, 27
10,73 : 255, 254, 241, 228, 16, 39, 19, 5, 79
10,74 : 254, 253, 232, 93, 10, 69, 10, 27, 117
10,75 : 254, 241, 218, 16, 39, 97, 5, 79, 151
10,76 : 253, 232, 172, 10, 69, 114, 27, 117, 163
10,77 : 241, 218, 125, 39, 97, 128, 79, 151, 152
10,78 : 232, 172, 66, 69, 114, 145, 117, 163, 149
10,79 : 218, 125, 21, 97, 128, 152, 151, 152, 161
10,80 : 172, 66, 3, 114, 145, 155, 163, 149, 157
10,81 : 125, 21, 26, 128, 152, 152, 152, 161, 147
10,82 : 66, 3, 62, 145, 155, 154, 149, 157, 155
10,83 : 21, 26, 89, 152, 152, 153, 161, 147, 158
10,84 : 3, 62, 85, 155, 154, 149, 157, 155, 151
10,85 : 26, 89, 63, 152, 153, 154, 147, 158, 155
10,86 : 62, 85, 26, 154, 149, 161, 155, 151, 159
10,87 : 89, 63, 11, 153, 154, 153, 158, 155, 152
10,88 : 85, 26, 5, 149, 161, 153, 151, 159, 151
10,89 : 63, 11, 31, 154, 153, 155, 155, 152, 163
10,90 : 26, 5, 85, 161, 153, 132, 159, 151, 158
10,91 : 11, 31, 155, 153, 155, 80, 152, 163, 146
10,92 : 5, 85, 219, 153, 132, 29, 151, 158, 156
10,93 : 31, 155, 249, 155, 80, 8, 163, 146, 166
10,94 : 85, 219, 255, 132, 29, 8, 158, 156, 138
10,95 : 155, 249, 252, 80, 8, 64, 146, 166, 39
10,96 : 219, 255, 251, 29, 8, 163, 156, 138, 2
10,97 : 249, 252, 255, 8, 64, 243, 166, 39, 23
10,98 : 255, 251, 252, 8, 163, 252, 138, 2, 145
10,99 : 252, 255, 255, 64, 243, 255, 39, 23, 236
10,100 : 251, 252, 255, 163, 252, 254, 2, 145, 255
10,101 : 255, 255, 255, 243, 255, 251, 23, 236, 253
10,102 : 252, 255, 254, 252, 254, 255, 145, 255, 253
10,103 : 255, 255, 255, 255, 251, 255, 236, 253, 253
10,104 : 255, 254, 255, 254, 255, 255, 255, 253, 253
10,105 : 255, 255, 255, 251, 255, 254, 253, 253, 255
10,106 : 254, 255, 255, 255, 255, 255, 253, 253, 255
10,107 : 255, 255, 254, 255, 254, 255, 253, 255, 254
10,108 : 255, 255, 254, 255, 255, 255, 253, 255, 254
10,109 : 255, 254, 255, 254, 255, 254, 255, 254, 255
10,110 : 255, 254, 255, 255, 255, 255, 255, 254, 255
10,111 : 254, 255, 255, 255, 254, 255, 254, 255, 255
10,112 : 254, 255, 255, 255, 255, 255, 254, 255, 255
10,113 : 255, 255, 255, 254, 255, 255, 255, 255, 255
10,114 : 255, 255, 255, 255, 255, 255, 255, 255, 255
10,115 : 255, 255, 255, 255, 255, 255, 255, 255, 255
10,116 : 255, 255, 255, 255, 255, 255, 255, 255, 255
10,117 : 255, 255, 255, 255, 255, 255, 255, 255, 255
10,118 : 255, 255, 255, 255, 255, 255, 255, 255, 255
10,119 : 255, 255, 255, 255, 255, 255, 255, 255, 255
10,120 : 255, 255, 255, 255, 255, 255, 255, 255, 255
10,121 : 255, 255, 255, 255, 255, 255, 255, 255, 255
10,122 : 255, 255, 255, 255, 255, 255, 255, 255, 255
10,123 : 255, 255, 255, 255, 255, 255, 255, 255, 255
10,124 : 255, 255, 255, 255, 255, 255, 255, 255, 255
10,125 : 255, 255, 255, 255, 255, 255, 255, 255, 255
10,126 : 255, 255, 0, 255, 255, 0, 255, 255, 0
10,127 : 255, 255, 0, 255, 255, 0, 255, 255, 0
11,0 : 0, 255, 255, 0, 255, 255, 0, 255, 255
11,1 : 0, 255, 255, 0, 255, 255, 0, 255, 255
11,2 : 255, 255, 255, 255, 255, 255, 255, 255, 255
11,3 : 255, 255, 255, 255, 255, 255, 255, 255, 255
11,4 : 255, 255, 255, 255, 255, 255, 255, 255, 255
11,5 : 255, 255, 255, 255, 255, 255, 255, 255, 255
11,6 : 255, 255, 255, 255, 255, 255, 255, 255, 255
11,7 : 255, 255, 255, 255, 255, 255, 255, 255, 255
11,8 : 255, 255, 255, 255, 255, 255, 255, 255, 255
11,9 : 255, 255, 255, 255, 255, 255, 255, 255, 255
11,10 : 255, 255, 255, 255, 255, 255, 255, 255, 255
11,11 : 255, 255, 255, 255, 255, 255, 255, 255, 255
11,12 : 255, 255, 255, 255, 255, 255, 255, 255, 255
11,13 : 255, 255, 255, 255, 255, 255, 255, 255, 255
11,14 : 255, 255, 255, 255, 255, 255, 255, 255, 255
11,15 : 255, 255, 255, 255, 255, 255, 255, 255, 255
11,16 : 255, 255, 255, 255, 255, 255, 255, 255, 255
11,17 : 255, 255, 255, 255, 255, 255, 255, 255, 255
11,18 : 255, 255, 255, 255, 255, 255, 255, 255, 255
11,19 : 255, 255, 255, 255, 255, 255, 255, 255, 255
11,20 : 255, 255, 255, 255, 255, 255, 255, 255, 255
11,21 : 255, 255, 255, 255, 255, 255, 255, 255, 255
11,22 : 255, 255, 253, 255, 255, 255, 255, 255, 255
11,23 : 255, 255, 255, 255, 255, 255, 255, 255, 254
11,24 : 255, 253, 255, 255, 255, 255, 255, 255, 254
11,25 : 255, 255, 255, 255, 255, 254, 255, 254, 254
11,26 : 253, 255, 252, 255, 255, 255, 255, 254, 253
11,27 : 255, 255, 253, 255, 254, 253, 254, 254, 253
11,28 : 255, 252, 255, 255, 255, 253, 254, 253, 255
11,29 : 255, 253, 255, 254, 253, 255, 254, 253, 254
11,30 : 252, 255, 254, 255, 253, 252, 253, 255, 253
11,31 : 253, 255, 254, 253, 255, 254, 253, 254, 254
11,32 : 255, 254, 255, 253, 252, 255, 255, 253, 255
11,33 : 255, 254, 255, 255, 254, 255, 254, 254, 253
11,34 : 254, 255, 255, 252, 255, 254, 253, 255, 242
11,35 : 254, 255, 253, 254, 255, 254, 254, 253, 240
11,36 : 255, 255, 254, 255, 254, 252, 255, 242, 197
11,37 : 255, 253, 255, 255, 254, 253, 253, 240, 113
11,38 : 255, 254, 254, 254, 252, 255, 242, 197, 52
11,39 : 253, 255, 255, 254, 253, 250, 240, 113, 12
11,40 : 254, 254, 255, 252, 255, 255, 197, 52, 9
11,41 : 255, 255, 255, 253, 250, 251, 113, 12, 3
11,42 : 254, 255, 254, 255, 255, 251, 52, 9, 3
11,43 : 255, 255, 255, 250, 251, 250, 12, 3, 6
11,44 : 255, 254, 255, 255, 251, 237, 9, 3, 19
11,45 : 255, 255, 253, 251, 250, 207, 3, 6, 22
11,46 : 254, 255, 255, 251, 237, 195, 3, 19, 49
11,47 : 255, 253, 255, 250, 207, 171, 6, 22, 108
11,48 : 255, 255, 253, 237, 195, 146, 19, 49, 149
11,49 : 253, 255, 252, 207, 171, 127, 22, 108, 150
11,50 : 255, 253, 254, 195, 146, 101, 49, 149, 145
11,51 : 255, 252, 255, 171, 127, 66, 108, 150, 150
11,52 : 253, 254, 254, 146, 101, 44, 149, 145, 153
11,53 : 252, 255, 252, 127, 66, 44, 150, 150, 152
11,54 : 254, 254, 255, 101, 44, 47, 145, 153, 164
11,55 : 255, 252, 252, 66, 44, 30, 150, 152, 161
11,56 : 254, 255, 251, 44, 47, 33, 153, 164, 151
11,57 : 252, 252, 253, 44, 30, 46, 152, 161, 150
11,58 : 255, 251, 251, 47, 33, 51, 164, 151, 161
11,59 : 252, 253, 252, 30, 46, 41, 161, 150, 156
11,60 : 251, 251, 255, 33, 51, 31, 151, 161, 150
11,61 : 253, 252, 254, 46, 41, 35, 150, 156, 164
11,62 : 251, 255, 255, 51, 31, 40, 161, 150, 163
11,63 : 252, 254, 253, 41, 35, 35, 156, 164, 153
11,64 : 255, 255, 253, 31, 40, 66, 150, 163, 155
11,65 : 254, 253, 253, 35, 35, 95, 164, 153, 167
11,66 : 255, 253, 252, 40, 66, 103, 163, 155, 161
11,67 : 253, 253, 255, 35, 95, 106, 153, 167, 154
11,68 : 253, 252, 252, 66, 103, 127, 155, 161, 147
11,69 : 253, 255, 254, 95, 106, 74, 167, 154, 147
11,70 : 252, 252, 244, 103, 127, 9, 161, 147, 132
11,71 : 255, 254, 194, 106, 74, 22, 154, 147, 115
11,72 : 252, 244, 118, 127, 9, 116, 147, 132, 71
11,73 : 254, 194, 70, 74, 22, 173, 147, 115, 24
11,74 : 244, 118, 35, 9, 116, 157, 132, 71, 7
11,75 : 194, 70, 26, 22, 173, 159, 115, 24, 28
11,76 : 118, 35, 5, 116, 157, 164, 71, 7, 68
11,77 : 70, 26, 10, 173, 159, 148, 24, 28, 129
11,78 : 35, 5, 20, 157, 164, 155, 7, 68, 157
11,79 : 26, 10, 61, 159, 148, 160, 28, 129, 161
11,80 : 5, 20, 103, 164, 155, 154, 68, 157, 156
11,81 : 10, 61, 135, 148, 160, 149, 129, 161, 152
11,82 : 20, 103, 163, 155, 154, 159, 157, 156, 159
11,83 : 61, 135, 165, 160, 149, 160, 161, 152, 157
11,84 : 103, 163, 154, 154, 159, 149, 156, 159, 147
11,85 : 135, 165, 159, 149, 160, 150, 152, 157, 151
11,86 : 163, 154, 156, 159, 149, 158, 159, 147, 161
11,87 : 165, 159, 123, 160, 150, 158, 157, 151, 155
11,88 : 154, 156, 85, 149, 158, 147, 147, 161, 151
11,89 : 159, 123, 36, 150, 158, 157, 151, 155, 156
11,90 : 156, 85, 10, 158, 147, 155, 161, 151, 158
11,91 : 123, 36, 6, 158, 157, 155, 155, 156, 151
11,92 : 85, 10, 28, 147, 155, 157, 151, 158, 151
11,93 : 36, 6, 91, 157, 155, 116, 156, 151, 163
11,94 : 10, 28, 176, 155, 157, 32, 158, 151, 155
11,95 : 6, 91, 237, 155, 116, 4, 151, 163, 123
11,96 : 28, 176, 253, 157, 32, 16, 151, 155, 35
11,97 : 91, 237, 251, 116, 4, 131, 163, 123, 4
11,98 : 176, 253, 254, 32, 16, 244, 155, 35, 7
11,99 : 237, 251, 250, 4, 131, 248, 123, 4, 113
11,100 : 253, 254, 253, 16, 244, 251, 35, 7, 235
11,101 : 251, 250, 255, 131, 248, 253, 4, 113, 250
11,102 : 254, 253, 254, 244, 251, 253, 7, 235, 255
11,103 : 250, 255, 255, 248, 253, 255, 113, 250, 254
11,104 : 253, 254, 254, 251, 253, 255, 235, 255, 252
11,105 : 255, 255, 253, 253, 255, 255, 250, 254, 253
11,106 : 254, 254, 255, 253, 255, 255, 255, 252, 255
11,107 : 255, 253, 255, 255, 255, 254, 254, 253, 255
11,108 : 254, 255, 255, 255, 255, 254, 252, 255, 254
11,109 : 253, 255, 255, 255, 254, 255, 253, 255, 255
11,110 : 255, 255, 255, 255, 254, 255, 255, 254, 255
11,111 : 255, 255, 255, 254, 255, 255, 255, 255, 255
11,112 : 255, 255, 255, 254, 255, 255, 254, 255, 255
11,113 : 255, 255, 255, 255, 255, 255, 255, 255, 255
11,114 : 255, 255, 255, 255, 255, 255, 255, 255, 255
11,115 : 255, 255, 255, 255, 255, 255, 255, 255, 255
11,116 : 255, 255, 255, 255, 255, 255, 255, 255, 255
11,117 : 255, 255, 255, 255, 255, 255, 255, 255, 255
11,118 : 255, 255, 255, 255, 255, 255, 255, 255, 255
11,119 : 255, 255, 255, 255, 255, 255, 255, 255, 255
11,120 : 255, 255, 255, 255, 255, 255, 255, 255, 255
11,121 : 255, 255, 255, 255, 255, 255, 255, 255, 255
11,122 : 255, 255, 255, 255, 255, 255, 255, 255, 255
11,123 : 255, 255, 255, 255, 255, 255, 255, 255, 255
11,124 : 255, 255, 255, 255, 255, 255, 255, 255, 255
11,125 : 255, 255, 255, 255, 255, 255, 255, 255, 255
11,126 : 255, 255, 0, 255, 255, 0, 255, 255, 0
11,127 : 255, 255, 0, 255, 255, 0, 255, 255, 0
12,0 : 0, 255, 255, 0, 255, 255, 0, 255, 255
12,1 : 0, 255, 255, 0, 255, 255, 0, 255, 255
12,2 : 255, 255, 255, 255, 255, 255, 255, 255, 255
12,3 : 255, 255, 255, 255, 255, 255, 255, 255, 255
12,4 : 255, 255, 255, 255, 255, 255, 255, 255, 255
12,5 : 255, 255, 255, 255, 255, 255, 255, 255, 255
12,6 : 255, 255, 255, 255, 255, 255, 255, 255, 255
12,7 : 255, 255, 255, 255, 255, 255, 255, 255, 255
12,8 : 255, 255, 255, 255, 255, 255, 255, 255, 255
12,9 : 255, 255, 255, 255, 255, 255, 255, 255, 255
12,10 : 255, 255, 255, 255, 255, 255, 255, 255, 255
12,11 : 255, 255, 255, 255, 255, 255, 255, 255, 255
12,12 : 255, 255, 255, 255, 255, 255, 255, 255, 255
12,13 : 255, 255, 255, 255, 255, 255, 255, 255, 255
12,14 : 255, 255, 255, 255, 255, 255, 255, 255, 255
12,15 : 255, 255, 255, 255, 255, 255, 255, 255, 255
12,16 : 255, 255, 255, 255, 255, 255, 255, 255, 255
12,17 : 255, 255, 255, 255, 255, 255, 255, 255, 255
12,18 : 255, 255, 255, 255, 255, 255, 255, 255, 255
12,19 : 255, 255, 255, 255, 255, 255, 255, 255, 255
12,20 : 255, 255, 255, 255, 255, 255, 255, 255, 255
12,21 : 255, 255, 255, 255, 255, 255, 255, 255, 255
12,22 : 255, 255, 255, 255, 255, 253, 255, 255, 255
12,23 : 255, 255, 254, 255, 255, 255, 255, 255, 252
12,24 : 255, 255, 253, 255, 253, 255, 255, 255, 255
12,25 : 255, 254, 255, 255, 255, 254, 255, 252, 255
12,26 : 255, 253, 255, 253, 255, 255, 255, 255, 254
12,27 : 254, 255, 255, 255, 254, 255, 252, 255, 255
12,28 : 253, 255, 254, 255, 255, 255, 255, 254, 255
12,29 : 255, 255, 255, 254, 255, 254, 255, 255, 251
12,30 : 255, 254, 255, 255, 255, 255, 254, 255, 245
12,31 : 255, 255, 253, 255, 254, 255, 255, 251, 208
12,32 : 254, 255, 255, 255, 255, 252, 255, 245, 151
12,33 : 255, 253, 251, 254, 255, 255, 251, 208, 94
12,34 : 255, 255, 255, 255, 252, 255, 245, 151, 63
12,35 : 253, 251, 255, 255, 255, 255, 208, 94, 27
12,36 : 255, 255, 255, 252, 255, 255, 151, 63, 13
12,37 : 251, 255, 255, 255, 255, 255, 94, 27, 10
12,38 : 255, 255, 253, 255, 255, 243, 63, 13, 16
12,39 : 255, 255, 255, 255, 255, 210, 27, 10, 21
12,40 : 255, 253, 255, 255, 243, 177, 13, 16, 42
12,41 : 255, 255, 255, 255, 210, 121, 10, 21, 64
12,42 : 253, 255, 255, 243, 177, 90, 16, 42, 82
12,43 : 255, 255, 252, 210, 121, 58, 21, 64, 107
12,44 : 255, 255, 253, 177, 90, 31, 42, 82, 137
12,45 : 255, 252, 255, 121, 58, 13, 64, 107, 147
12,46 : 255, 253, 253, 90, 31, 8, 82, 137, 148
12,47 : 252, 255, 255, 58, 13, 14, 107, 147, 160
12,48 : 253, 253, 255, 31, 8, 14, 137, 148, 158
12,49 : 255, 255, 255, 13, 14, 13, 147, 160, 149
12,50 : 253, 255, 253, 8, 14, 19, 148, 158, 152
12,51 : 255, 255, 248, 14, 13, 27, 160, 149, 156
12,52 : 255, 253, 241, 14, 19, 39, 158, 152, 152
12,53 : 255, 248, 236, 13, 27, 50, 149, 156, 148
12,54 : 253, 241, 234, 19, 39, 53, 152, 152, 153
12,55 : 248, 236, 231, 27, 50, 63, 156, 148, 155
12,56 : 241, 234, 239, 39, 53, 68, 152, 153, 148
12,57 : 236, 231, 245, 50, 63, 66, 148, 155, 151
12,58 : 234, 239, 242, 53, 68, 77, 153, 148, 159
12,59 : 231, 245, 242, 63, 66, 88, 155, 151, 151
12,60 : 239, 242, 242, 68, 77, 93, 148, 159, 147
12,61 : 245, 242, 239, 66, 88, 106, 151, 151, 157
12,62 : 242, 242, 241, 77, 93, 105, 159, 147, 156
12,63 : 242, 239, 241, 88, 106, 73, 151, 157, 153
12,64 : 242, 241, 250, 93, 105, 74, 147, 156, 151
12,65 : 239, 241, 250, 106, 73, 56, 157, 153, 157
12,66 : 241, 250, 253, 105, 74, 52, 156, 151, 152
12,67 : 241, 250, 254, 73, 56, 42, 153, 157, 152
12,68 : 250, 253, 251, 74, 52, 24, 151, 152, 157
12,69 : 250, 254, 228, 56, 42, 19, 157, 152, 161
12,70 : 253, 251, 93, 52, 24, 10, 152, 157, 152
12,71 : 254, 228, 16, 42, 19, 5, 152, 161, 154
12,72 : 251, 93, 10, 24, 10, 27, 157, 152, 162
12,73 : 228, 16, 39, 19, 5, 79, 161, 154, 159
12,74 : 93, 10, 69, 10, 27, 117, 152, 162, 117
12,75 : 16, 39, 97, 5, 79, 151, 154, 159, 83
12,76 : 10, 69, 114, 27, 117, 163, 162, 117, 27
12,77 : 39, 97, 128, 79, 151, 152, 159, 83, 15
12,78 : 69, 114, 145, 117, 163, 149, 117, 27, 42
12,79 : 97, 128, 152, 151, 152, 161, 83, 15, 109
12,80 : 114, 145, 155, 163, 149, 157, 27, 42, 150
12,81 : 128, 152, 152, 152, 161, 147, 15, 109, 151
12,82 : 145, 155, 154, 149, 157, 155, 42, 150, 159
12,83 : 152, 152, 153, 161, 147, 158, 109, 151, 159
12,84 : 155, 154, 149, 157, 155, 151, 150, 159, 150
12,85 : 152, 153, 154, 147, 158, 155, 151, 159, 155
12,86 : 154, 149, 161, 155, 151, 159, 159, 150, 158
12,87 : 153, 154, 153, 158, 155, 152, 159, 155, 154
12,88 : 149, 161, 153, 151, 159, 151, 150, 158, 150
12,89 : 154, 153, 155, 155, 152, 163, 155, 154, 160
12,90 : 161, 153, 132, 159, 151, 158, 158, 150, 160
12,91 : 153, 155, 80, 152, 163, 146, 154, 160, 149
12,92 : 153, 132, 29, 151, 158, 156, 150, 160, 154
12,93 : 155, 80, 8, 163, 146, 166, 160, 149, 160
12,94 : 132, 29, 8, 158, 156, 138, 160, 154, 156
12,95 : 80, 8, 64, 146, 166, 39, 149, 160, 159
12,96 : 29, 8, 163, 156, 138, 2, 154, 156, 143
12,97 : 8, 64, 243, 166, 39, 23, 160, 159, 35
12,98 : 8, 163, 252, 138, 2, 145, 156, 143, 4
12,99 : 64, 243, 255, 39, 23, 236, 159, 35, 11
12,100 : 163, 252, 254, 2, 145, 255, 143, 4, 99
12,101 : 243, 255, 251, 23, 236, 253, 35, 11, 245
12,102 : 252, 254, 255, 145, 255, 253, 4, 99, 249
12,103 : 255, 251, 255, 236, 253, 253, 11, 245, 253
12,104 : 254, 255, 255, 255, 253, 253, 99, 249, 255
12,105 : 251, 255, 254, 253, 253, 255, 245, 253, 254
12,106 : 255, 255, 255, 253, 253, 255, 249, 255, 255
12,107 : 255, 254, 255, 253, 255, 254, 253, 254, 255
12,108 : 255, 255, 255, 253, 255, 254, 255, 255, 254
12,109 : 254, 255, 254, 255, 254, 255, 254, 255, 254
12,110 : 255, 255, 255, 255, 254, 255, 255, 254, 255
12,111 : 255, 254, 255, 254, 255, 255, 255, 254, 255
12,112 : 255, 255, 255, 254, 255, 255, 254, 255, 255
12,113 : 254, 255, 255, 255, 255, 255, 254, 255, 255
12,114 : 255, 255, 255, 255, 255, 255, 255, 255, 255
12,115 : 255, 255, 255, 255, 255, 255, 255, 255, 255
12,116 : 255, 255, 255, 255, 255, 255, 255, 255, 255
12,117 : 255, 255, 255, 255, 255, 255, 255, 255, 255
12,118 : 255, 255, 255, 255, 255, 255, 255, 255, 255
12,119 : 255, 255, 255, 255, 255, 255, 255, 255, 255
12,120 : 255, 255, 255, 255, 255, 255, 255, 255, 255
12,121 : 255, 255, 255, 255, 255, 255, 255, 255, 255
12,122 : 255, 255, 255, 255, 255, 255, 255, 255, 255
12,123 : 255, 255, 255, 255, 255, 255, 255, 255, 255
12,124 : 255, 255, 255, 255, 255, 255, 255, 255, 255
12,125 : 255, 255, 255, 255, 255, 255, 255, 255, 255
12,126 : 255, 255, 0, 255, 255, 0, 255, 255, 0
12,127 : 255, 255, 0, 255, 255, 0, 255, 255, 0
13,0 : 0, 255, 255, 0, 255, 255, 0, 255, 255
13,1 : 0, 255, 255, 0, 255, 255, 0, 255, 255
13,2 : 255, 255, 255, 255, 255, 255, 255, 255, 255
13,3 : 255, 255, 255, 255, 255, 255, 255, 255, 255
13,4 : 255, 255, 255, 255, 255, 255, 255, 255, 255
13,5 : 255, 255, 255, 255, 255, 255, 255, 255, 255
13,6 : 255, 255, 255, 255, 255, 255, 255, 255, 255
13,7 : 255, 255, 255, 255, 255, 255, 255, 255, 255
13,8 : 255, 255, 255, 255, 255, 255, 255, 255, 255
13,9 : 255, 255, 255, 255, 255, 255, 255, 255, 255
13,10 : 255, 255, 255, 255, 255, 255, 255, 255, 255
13,11 : 255, 255, 255, 255, 255, 255, 255, 255, 255
13,12 : 255, 255, 255, 255, 255, 255, 255, 255, 255
13,13 : 255, 255, 255, 255, 255, 255, 255, 255, 255
13,14 : 255, 255, 255, 255, 255, 255, 255, 255, 255
13,15 : 255, 255, 255, 255, 255, 255, 255, 255, 255
13,16 : 255, 255, 255, 255, 255, 255, 255, 255, 255
13,17 : 255, 255, 255, 255, 255, 255, 255, 255, 255
13,18 : 255, 255, 255, 255, 255, 255, 255, 255, 255
13,19 : 255, 255, 255, 255, 255, 255, 255, 255, 255
13,20 : 255, 255, 255, 255, 255, 255, 255, 255, 255
13,21 : 255, 255, 255, 255, 255, 255, 255, 255, 255
13,22 : 255, 255, 255, 255, 255, 255, 255, 255, 255
13,23 : 255, 255, 255, 255, 255, 254, 255, 255, 254
13,24 : 255, 255, 255, 255, 255, 254, 255, 255, 255
13,25 : 255, 255, 254, 255, 254, 254, 255, 254, 253
13,26 : 255, 255, 255, 255, 254, 253, 255, 255, 253
13,27 : 255, 254, 253, 254, 254, 253, 254, 253, 250
13,28 : 255, 255, 253, 254, 253, 255, 255, 253, 215
13,29 : 254, 253, 255, 254, 253, 254, 253, 250, 164
13,30 : 255, 253, 252, 253, 255, 253, 253, 215, 74
13,31 : 253, 255, 254, 253, 254, 254, 250, 164, 14
13,32 : 253, 252, 255, 255, 253, 255, 215, 74, 12
13,33 : 255, 254, 255, 254, 254, 253, 164, 14, 22
13,34 : 252, 255, 254, 253, 255, 242, 74, 12, 30
13,35 : 254, 255, 254, 254, 253, 240, 14, 22, 28
13,36 : 255, 254, 252, 255, 242, 197, 12, 30, 74
13,37 : 255, 254, 253, 253, 240, 113, 22, 28, 110
13,38 : 254, 252, 255, 242, 197, 52, 30, 74, 140
13,39 : 254, 253, 250, 240, 113, 12, 28, 110, 148
13,40 : 252, 255, 255, 197, 52, 9, 74, 140, 156
13,41 : 253, 250, 251, 113, 12, 3, 110, 148, 170
13,42 : 255, 255, 251, 52, 9, 3, 140, 156, 153
13,43 : 250, 251, 250, 12, 3, 6, 148, 170, 151
13,44 : 255, 251, 237, 9, 3, 19, 156, 153, 160
13,45 : 251, 250, 207, 3, 6, 22, 170, 151, 148
13,46 : 251, 237, 195, 3, 19, 49, 153, 160, 145
13,47 : 250, 207, 171, 6, 22, 108, 151, 148, 158
13,48 : 237, 195, 146, 19, 49, 149, 160, 145, 155
13,49 : 207, 171, 127, 22, 108, 150, 148, 158, 146
13,50 : 195, 146, 101, 49, 149, 145, 145, 155, 152
13,51 : 171, 127, 66, 108, 150, 150, 158, 146, 158
13,52 : 146, 101, 44, 149, 145, 153, 155, 152, 152
13,53 : 127, 66, 44, 150, 150, 152, 146, 158, 146
13,54 : 101, 44, 47, 145, 153, 164, 152, 152, 155
13,55 : 66, 44, 30, 150, 152, 161, 158, 146, 155
13,56 : 44, 47, 33, 153, 164, 151, 152, 155, 146
13,57 : 44, 30, 46, 152, 161, 150, 146, 155, 150
13,58 : 47, 33, 51, 164, 151, 161, 155, 146, 154
13,59 : 30, 46, 41, 161, 150, 156, 155, 150, 148
13,60 : 33, 51, 31, 151, 161, 150, 146, 154, 150
13,61 : 46, 41, 35, 150, 156, 164, 150, 148, 157
13,62 : 51, 31, 40, 161, 150, 163, 154, 150, 159
13,63 : 41, 35, 35, 156, 164, 153, 148, 157, 148
13,64 : 31, 40, 66, 150, 163, 155, 150, 159, 154
13,65 : 35, 35, 95, 164, 153, 167, 157, 148, 158
13,66 : 40, 66, 103, 163, 155, 161, 159, 154, 155
13,67 : 35, 95, 106, 153, 167, 154, 148, 158, 148
13,68 : 66, 103, 127, 155, 161, 147, 154, 155, 159
13,69 : 95, 106, 74, 167, 154, 147, 158, 148, 158
13,70 : 103, 127, 9, 161, 147, 132, 155, 159, 148
13,71 : 106, 74, 22, 154, 147, 115, 148, 158, 153
13,72 : 127, 9, 116, 147, 132, 71, 159, 148, 158
13,73 : 74, 22, 173, 147, 115, 24, 158, 153, 154
13,74 : 9, 116, 157, 132, 71, 7, 148, 158, 152
13,75 : 22, 173, 159, 115, 24, 28, 153, 154, 159
13,76 : 116, 157, 164, 71, 7, 68, 158, 152, 155
13,77 : 173, 159, 148, 24, 28, 129, 154, 159, 88
13,78 : 157, 164, 155, 7, 68, 157, 152, 155, 17
13,79 : 159, 148, 160, 28, 129, 161, 159, 88, 7
13,80 : 164, 155, 154, 68, 157, 156, 155, 17, 48
13,81 : 148, 160, 149, 129, 161, 152, 88, 7, 124
13,82 : 155, 154, 159, 157, 156, 159, 17, 48, 165
13,83 : 160, 149, 160, 161, 152, 157, 7, 124, 158
13,84 : 154, 159, 149, 156, 159, 147, 48, 165, 147
13,85 : 149, 160, 150, 152, 157, 151, 124, 158, 155
13,86 : 159, 149, 158, 159, 147, 161, 165, 147, 160
13,87 : 160, 150, 158, 157, 151, 155, 158, 155, 154
13,88 : 149, 158, 147, 147, 161, 151, 147, 160, 150
13,89 : 150, 158, 157, 151, 155, 156, 155, 154, 157
13,90 : 158, 147, 155, 161, 151, 158, 160, 150, 158
13,91 : 158, 157, 155, 155, 156, 151, 154, 157, 149
13,92 : 147, 155, 157, 151, 158, 151, 150, 158, 151
13,93 : 157, 155, 116, 156, 151, 163, 157, 149, 159
13,94 : 155, 157, 32, 158, 151, 155, 158, 151, 148
13,95 : 155, 116, 4, 151, 163, 123, 149, 159, 148
13,96 : 157, 32, 16, 151, 155, 35, 151, 148, 159
13,97 : 116, 4, 131, 163, 123, 4, 159, 148, 135
13,98 : 32, 16, 244, 155, 35, 7, 148, 159, 44
13,99 : 4, 131, 248, 123, 4, 113, 148, 135, 4
13,100 : 16, 244, 251, 35, 7, 235, 159, 44, 9
13,101 : 131, 248, 253, 4, 113, 250, 135, 4, 114
13,102 : 244, 251, 253, 7, 235, 255, 44, 9, 235
13,103 : 248, 253, 255, 113, 250, 254, 4, 114, 248
13,104 : 251, 253, 255, 235, 255, 252, 9, 235, 255
13,105 : 253, 255, 255, 250, 254, 253, 114, 248, 254
13,106 : 253, 255, 255, 255, 252, 255, 235, 255, 253
13,107 : 255, 255, 254, 254, 253, 255, 248, 254, 255
13,108 : 255, 255, 254, 252, 255, 254, 255, 253, 255
13,109 : 255, 254, 255, 253, 255, 255, 254, 255, 255
13,110 : 255, 254, 255, 255, 254, 255, 253, 255, 255
13,111 : 254, 255, 255, 255, 255, 255, 255, 255, 255
13,112 : 254, 255, 255, 254, 255, 255, 255, 255, 255
13,113 : 255, 255, 255, 255, 255, 255, 255, 255, 255
13,114 : 255, 255, 255, 255, 255, 255, 255, 255, 255
13,115 : 255, 255, 255, 255, 255, 255, 255, 255, 255
13,116 : 255, 255, 255, 255, 255, 255, 255, 255, 255
13,117 : 255, 255, 255, 255, 255, 255, 255, 255, 255
13,118 : 255, 255, 255, 255, 255, 255, 255, 255, 255
13,119 : 255, 255, 255, 255, 255, 255, 255, 255, 255
13,120 : 255, 255, 255, 255, 255, 255, 255, 255, 255
13,121 : 255, 255, 255, 255, 255, 255, 255, 255, 255
13,122 : 255, 255, 255, 255, 255, 255, 255, 255, 255
13,123 : 255, 255, 255, 255, 255, 255, 255, 255, 255
13,124 : 255, 255, 255, 255, 255, 255, 255, 255, 255
13,125 : 255, 255, 255, 255, 255, 255, 255, 255, 255
13,126 : 255, 255, 0, 255, 255, 0, 255, 255, 0
13,127 : 255, 255, 0, 255, 255, 0, 255, 255, 0
14,0 : 0, 255, 255, 0, 255, 255, 0, 255, 253
14,1 : 0, 255, 255, 0, 255, 255, 0, 255, 254
14,2 : 255, 255, 255, 255, 255, 255, 255, 253, 255
14,3 : 255, 255, 255, 255, 255, 255, 255, 254, 255
14,4 : 255, 255, 255, 255, 255, 255, 253, 255, 253
14,5 : 255, 255, 255, 255, 255, 255, 254, 255, 255
14,6 : 255, 255, 255, 255, 255, 255, 255, 253, 255
14,7 : 255, 255, 255, 255, 255, 255, 255, 255, 255
14,8 : 255, 255, 255, 255, 255, 255, 253, 255, 255
14,9 : 255, 255, 255, 255, 255, 255, 255, 255, 254
14,10 : 255, 255, 255, 255, 255, 255, 255, 255, 255
14,11 : 255, 255, 255, 255, 255, 255, 255, 254, 255
14,12 : 255, 255, 255, 255, 255, 255, 255, 255, 255
14,13 : 255, 255, 255, 255, 255, 255, 254, 255, 255
14,14 : 255, 255, 255, 255, 255, 255, 255, 255, 254
14,15 : 255, 255, 255, 255, 255, 255, 255, 255, 255
14,16 : 255, 255, 255, 255, 255, 255, 255, 254, 255
14,17 : 255, 255, 255, 255, 255, 255, 255, 255, 255
14,18 : 255, 255, 255, 255, 255, 255, 254, 255, 253
14,19 : 255, 255, 255, 255, 255, 255, 255, 255, 255
14,20 : 255, 255, 255, 255, 255, 255, 255, 253, 253
14,21 : 255, 255, 255, 255, 255, 255, 255, 255, 255
14,22 : 255, 255, 253, 255, 255, 255, 253, 253, 255
14,23 : 255, 255, 255, 255, 255, 252, 255, 255, 253
14,24 : 255, 253, 255, 255, 255, 255, 253, 255, 249
14,25 : 255, 255, 254, 255, 252, 255, 255, 253, 218
14,26 : 253, 255, 255, 255, 255, 254, 255, 249, 137
14,27 : 255, 254, 255, 252, 255, 255, 253, 218, 59
14,28 : 255, 255, 255, 255, 254, 255, 249, 137, 14
14,29 : 254, 255, 254, 255, 255, 251, 218, 59, 4
14,30 : 255, 255, 255, 254, 255, 245, 137, 14, 7
14,31 : 255, 254, 255, 255, 251, 208, 59, 4, 26
14,32 : 255, 255, 252, 255, 245, 151, 14, 7, 42
14,33 : 254, 255, 255, 251, 208, 94, 4, 26, 75
14,34 : 255, 252, 255, 245, 151, 63, 7, 42, 116
14,35 : 255, 255, 255, 208, 94, 27, 26, 75, 142
14,36 : 252, 255, 255, 151, 63, 13, 42, 116, 157
14,37 : 255, 255, 255, 94, 27, 10, 75, 142, 163
14,38 : 255, 255, 243, 63, 13, 16, 116, 157, 158
14,39 : 255, 255, 210, 27, 10, 21, 142, 163, 154
14,40 : 255, 243, 177, 13, 16, 42, 157, 158, 162
14,41 : 255, 210, 121, 10, 21, 64, 163, 154, 162
14,42 : 243, 177, 90, 16, 42, 82, 158, 162, 152
14,43 : 210, 121, 58, 21, 64, 107, 154, 162, 156
14,44 : 177, 90, 31, 42, 82, 137, 162, 152, 160
14,45 : 121, 58, 13, 64, 107, 147, 162, 156, 150
14,46 : 90, 31, 8, 82, 137, 148, 152, 160, 149
14,47 : 58, 13, 14, 107, 147, 160, 156, 150, 156
14,48 : 31, 8, 14, 137, 148, 158, 160, 149, 164
14,49 : 13, 14, 13, 147, 160, 149, 150, 156, 197
14,50 : 8, 14, 19, 148, 158, 152, 149, 164, 217
14,51 : 14, 13, 27, 160, 149, 156, 156, 197, 220
14,52 : 14, 19, 39, 158, 152, 152, 164, 217, 221
14,53 : 13, 27, 50, 149, 156, 148, 197, 220, 213
14,54 : 19, 39, 53, 152, 152, 153, 217, 221, 207
14,55 : 27, 50, 63, 156, 148, 155, 220, 213, 191
14,56 : 39, 53, 68, 152, 153, 148, 221, 207, 164
14,57 : 50, 63, 66, 148, 155, 151, 213, 191, 157
14,58 : 53, 68, 77, 153, 148, 159, 207, 164, 156
14,59 : 63, 66, 88, 155, 151, 151, 191, 157, 148
14,60 : 68, 77, 93, 148, 159, 147, 164, 156, 150
14,61 : 66, 88, 106, 151, 151, 157, 157, 148, 155
14,62 : 77, 93, 105, 159, 147, 156, 156, 150, 157
14,63 : 88, 106, 73, 151, 157, 153, 148, 155, 150
14,64 : 93, 105, 74, 147, 156, 151, 150, 157, 157
14,65 : 106, 73, 56, 157, 153, 157, 155, 150, 156
14,66 : 105, 74, 52, 156, 151, 152, 157, 157, 155
14,67 : 73, 56, 42, 153, 157, 152, 150, 156, 152
14,68 : 74, 52, 24, 151, 152, 157, 157, 155, 160
14,69 : 56, 42, 19, 157, 152, 161, 156, 152, 159
14,70 : 52, 24, 10, 152, 157, 152, 155, 160, 150
14,71 : 42, 19, 5, 152, 161, 154, 152, 159, 152
14,72 : 24, 10, 27, 157, 152, 162, 160, 150, 158
14,73 : 19, 5, 79, 161, 154, 159, 159, 152, 155
14,74 : 10, 27, 117, 152, 162, 117, 150, 158, 149
14,75 : 5, 79, 151, 154, 159, 83, 152, 155, 156
14,76 : 27, 117, 163, 162, 117, 27, 158, 149, 161
14,77 : 79, 151, 152, 159, 83, 15, 155, 156, 161
14,78 : 117, 163, 149, 117, 27, 42, 149, 161, 142
14,79 : 151, 152, 161, 83, 15, 109, 156, 161, 50
14,80 : 163, 149, 157, 27, 42, 150, 161, 142, 6
14,81 : 152, 161, 147, 15, 109, 151, 161, 50, 14
14,82 : 149, 157, 155, 42, 150, 159, 142, 6, 84
14,83 : 161, 147, 158, 109, 151, 159, 50, 14, 156
14,84 : 157, 155, 151, 150, 159, 150, 6, 84, 154
14,85 : 147, 158, 155, 151, 159, 155, 14, 156, 153
14,86 : 155, 151, 159, 159, 150, 158, 84, 154, 157
14,87 : 158, 155, 152, 159, 155, 154, 156, 153, 155
14,88 : 151, 159, 151, 150, 158, 150, 154, 157, 148
14,89 : 155, 152, 163, 155, 154, 160, 153, 155, 154
14,90 : 159, 151, 158, 158, 150, 160, 157, 148, 159
14,91 : 152, 163, 146, 154, 160, 149, 155, 154, 151
14,92 : 151, 158, 156, 150, 160, 154, 148, 159, 153
14,93 : 163, 146, 166, 160, 149, 160, 154, 151, 159
14,94 : 158, 156, 138, 160, 154, 156, 159, 153, 156
14,95 : 146, 166, 39, 149, 160, 159, 151, 159, 147
14,96 : 156, 138, 2, 154, 156, 143, 153, 156, 159
14,97 : 166, 39, 23, 160, 159, 35, 159, 147, 164
14,98 : 138, 2, 145, 156, 143, 4, 156, 159, 141
14,99 : 39, 23, 236, 159, 35, 11, 147, 164, 51
14,100 : 2, 145, 255, 143, 4, 99, 159, 141, 4
14,101 : 23, 236, 253, 35, 11, 245, 164, 51, 6
14,102 : 145, 255, 253, 4, 99, 249, 141, 4, 92
14,103 : 236, 253, 253, 11, 245, 253, 51, 6, 232
14,104 : 255, 253, 253, 99, 249, 255, 4, 92, 255
14,105 : 253, 253, 255, 245, 253, 254, 6, 232, 253
14,106 : 253, 253, 255, 249, 255, 255, 92, 255, 252
14,107 : 253, 255, 254, 253, 254, 255, 232, 253, 254
14,108 : 253, 255, 254, 255, 255, 254, 255, 252, 253
14,109 : 255, 254, 255, 254, 255, 254, 253, 254, 255
14,110 : 255, 254, 255, 255, 254, 255, 252, 253, 255
14,111 : 254, 255, 255, 255, 254, 255, 254, 255, 255
14,112 : 254, 255, 255, 254, 255, 255, 253, 255, 255
14,113 : 255, 255, 255, 254, 255, 255, 255, 255, 255
14,114 : 255, 255, 255, 255, 255, 255, 255, 255, 255
14,115 : 255, 255, 255, 255, 255, 255, 255, 255, 255
14,116 : 255, 255, 255, 255, 255, 255, 255, 255, 255
14,117 : 255, 255, 255, 255, 255, 255, 255, 255, 255
14,118 : 255, 255, 255, 255, 255, 255, 255, 255, 255
14,119 : 255, 255, 255, 255, 255, 255, 255, 255, 255
14,120 : 255, 255, 255, 255, 255, 255, 255, 255, 255
14,121 : 255, 255, 255, 255, 255, 255, 255, 255, 255
14,122 : 255, 255, 255, 255, 255, 255, 255, 255, 255
14,123 : 255, 255, 255, 255, 255, 255, 255, 255, 255
14,124 : 255, 255, 255, 255, 255, 255, 255, 255, 255
14,125 : 255, 255, 255, 255, 255, 255, 255, 255, 255
14,126 : 255, 255, 0, 255, 255, 0, 255, 255, 0
14,127 : 255, 255, 0, 255, 255, 0, 255, 255, 0
15,0 : 0, 255, 255, 0, 255, 255, 0, 255, 255
15,1 : 0, 255, 255, 0, 255, 255, 0, 254, 255
15,2 : 255, 255, 255, 255, 255, 255, 255, 255, 251
15,3 : 255, 255, 255, 255, 255, 255, 254, 255, 255
15,4 : 255, 255, 255, 255, 255, 255, 255, 251, 255
15,5 : 255, 255, 255, 255, 255, 255, 255, 255, 252
15,6 : 255, 255, 255, 255, 255, 255, 251, 255, 255
15,7 : 255, 255, 255, 255, 255, 255, 255, 252, 255
15,8 : 255, 255, 255, 255, 255, 255, 255, 255, 253
15,9 : 255, 255, 255, 255, 255, 255, 252, 255, 255
15,10 : 255, 255, 255, 255, 255, 255, 255, 253, 255
15,11 : 255, 255, 255, 255, 255, 255, 255, 255, 251
15,12 : 255, 255, 255, 255, 255, 255, 253, 255, 255
15,13 : 255, 255, 255, 255, 255, 255, 255, 251, 252
15,14 : 255, 255, 255, 255, 255, 255, 255, 255, 255
15,15 : 255, 255, 255, 255, 255, 255, 251, 252, 249
15,16 : 255, 255, 255, 255, 255, 255, 255, 255, 253
15,17 : 255, 255, 255, 255, 255, 255, 252, 249, 252
15,18 : 255, 255, 255, 255, 255, 255, 255, 253, 254
15,19 : 255, 255, 255, 255, 255, 255, 249, 252, 255
15,20 : 255, 255, 255, 255, 255, 255, 253, 254, 252
15,21 : 255, 255, 255, 255, 255, 255, 252, 255, 255
15,22 : 255, 255, 255, 255, 255, 255, 254, 252, 250
15,23 : 255, 255, 254, 255, 255, 254, 255, 255, 238
15,24 : 255, 255, 254, 255, 255, 255, 252, 250, 114
15,25 : 255, 254, 254, 255, 254, 253, 255, 238, 19
15,26 : 255, 254, 253, 255, 255, 253, 250, 114, 6
15,27 : 254, 254, 253, 254, 253, 250, 238, 19, 15
15,28 : 254, 253, 255, 255, 253, 215, 114, 6, 32
15,29 : 254, 253, 254, 253, 250, 164, 19, 15, 65
15,30 : 253, 255, 253, 253, 215, 74, 6, 32, 109
15,31 : 253, 254, 254, 250, 164, 14, 15, 65, 132
15,32 : 255, 253, 255, 215, 74, 12, 32, 109, 149
15,33 : 254, 254, 253, 164, 14, 22, 65, 132, 162
15,34 : 253, 255, 242, 74, 12, 30, 109, 149, 161
15,35 : 254, 253, 240, 14, 22, 28, 132, 162, 151
15,36 : 255, 242, 197, 12, 30, 74, 149, 161, 155
15,37 : 253, 240, 113, 22, 28, 110, 162, 151, 164
15,38 : 242, 197, 52, 30, 74, 140, 161, 155, 157
15,39 : 240, 113, 12, 28, 110, 148, 151, 164, 152
15,40 : 197, 52, 9, 74, 140, 156, 155, 157, 161
15,41 : 113, 12, 3, 110, 148, 170, 164, 152, 160
15,42 : 52, 9, 3, 140, 156, 153, 157, 161, 150
15,43 : 12, 3, 6, 148, 170, 151, 152, 160, 153
15,44 : 9, 3, 19, 156, 153, 160, 161, 150, 158
15,45 : 3, 6, 22, 170, 151, 148, 160, 153, 155
15,46 : 3, 19, 49, 153, 160, 145, 150, 158, 157
15,47 : 6, 22, 108, 151, 148, 158, 153, 155, 210
15,48 : 19, 49, 149, 160, 145, 155, 158, 157, 239
15,49 : 22, 108, 150, 148, 158, 146, 155, 210, 246
15,50 : 49, 149, 145, 145, 155, 152, 157, 239, 249
15,51 : 108, 150, 150, 158, 146, 158, 210, 246, 253
15,52 : 149, 145, 153, 155, 152, 152, 239, 249, 251
15,53 : 150, 150, 152, 146, 158, 146, 246, 253, 248
15,54 : 145, 153, 164, 152, 152, 155, 249, 251, 251
15,55 : 150, 152, 161, 158, 146, 155, 253, 248, 246
15,56 : 153, 164, 151, 152, 155, 146, 251, 251, 241
15,57 : 152, 161, 150, 146, 155, 150, 248, 246, 224
15,58 : 164, 151, 161, 155, 146, 154, 251, 241, 203
15,59 : 161, 150, 156, 155, 150, 148, 246, 224, 169
15,60 : 151, 161, 150, 146, 154, 150, 241, 203, 142
15,61 : 150, 156, 164, 150, 148, 157, 224, 169, 158
15,62 : 161, 150, 163, 154, 150, 159, 203, 142, 157
15,63 : 156, 164, 153, 148, 157, 148, 169, 158, 150
15,64 : 150, 163, 155, 150, 159, 154, 142, 157, 153
15,65 : 164, 153, 167, 157, 148, 158, 158, 150, 160
15,66 : 163, 155, 161, 159, 154, 155, 157, 153, 155
15,67 : 153, 167, 154, 148, 158, 148, 150, 160, 149
15,68 : 155, 161, 147, 154, 155, 159, 153, 155, 159
15,69 : 167, 154, 147, 158, 148, 158, 160, 149, 160
15,70 : 161, 147, 132, 155, 159, 148, 155, 159, 149
15,71 : 154, 147, 115, 148, 158, 153, 149, 160, 154
15,72 : 147, 132, 71, 159, 148, 158, 159, 149, 160
15,73 : 147, 115, 24, 158, 153, 154, 160, 154, 154
15,74 : 132, 71, 7, 148, 158, 152, 149, 160, 151
15,75 : 115, 24, 28, 153, 154, 159, 154, 154, 160
15,76 : 71, 7, 68, 158, 152, 155, 160, 151, 159
15,77 : 24, 28, 129, 154, 159, 88, 154, 160, 148
15,78 : 7, 68, 157, 152, 155, 17, 151, 159, 152
15,79 : 28, 129, 161, 159, 88, 7, 160, 148, 157
15,80 : 68, 157, 156, 155, 17, 48, 159, 152, 88
15,81 : 129, 161, 152, 88, 7, 124, 148, 157, 9
15,82 : 157, 156, 159, 17, 48, 165, 152, 88, 18
15,83 : 161, 152, 157, 7, 124, 158, 157, 9, 111
15,84 : 156, 159, 147, 48, 165, 147, 88, 18, 154
15,85 : 152, 157, 151, 124, 158, 155, 9, 111, 154
15,86 : 159, 147, 161, 165, 147, 160, 18, 154, 161
15,87 : 157, 151, 155, 158, 155, 154, 111, 154, 155
15,88 : 147, 161, 151, 147, 160, 150, 154, 161, 153
15,89 : 151, 155, 156, 155, 154, 157, 154, 155, 158
15,90 : 161, 151, 158, 160, 150, 158, 161, 153, 160
15,91 : 155, 156, 151, 154, 157, 149, 155, 158, 150
15,92 : 151, 158, 151, 150, 158, 151, 153, 160, 153
15,93 : 156, 151, 163, 157, 149, 159, 158, 150, 158
15,94 : 158, 151, 155, 158, 151, 148, 160, 153, 152
15,95 : 151, 163, 123, 149, 159, 148, 150, 158, 153
15,96 : 151, 155, 35, 151, 148, 159, 153, 152, 156
15,97 : 163, 123, 4, 159, 148, 135, 158, 153, 164
15,98 : 155, 35, 7, 148, 159, 44, 152, 156, 152
15,99 : 123, 4, 113, 148, 135, 4, 153, 164, 140
15,100 : 35, 7, 235, 159, 44, 9, 156, 152, 46
15,101 : 4, 113, 250, 135, 4, 114, 164, 140, 3
15,102 : 7, 235, 255, 44, 9, 235, 152, 46, 10
15,103 : 113, 250, 254, 4, 114, 248, 140, 3, 110
15,104 : 235, 255, 252, 9, 235, 255, 46, 10, 241
15,105 : 250, 254, 253, 114, 248, 254, 3, 110, 254
15,106 : 255, 252, 255, 235, 255, 253, 10, 241, 253
15,107 : 254, 253, 255, 248, 254, 255, 110, 254, 247
15,108 : 252, 255, 254, 255, 253, 255, 241, 253, 253
15,109 : 253, 255, 255, 254, 255, 255, 254, 247, 253
15,110 : 255, 254, 255, 253, 255, 255, 253, 253, 255
15,111 : 255, 255, 255, 255, 255, 255, 247, 253, 255
15,112 : 254, 255, 255, 255, 255, 255, 253, 255, 255
15,113 : 255, 255, 255, 255, 255, 255, 253, 255, 255
15,114 : 255, 255, 255, 255, 255, 255, 255, 255, 255
15,115 : 255, 255, 255, 255, 255, 255, 255, 255, 255
15,116 : 255, 255, 255, 255, 255, 255, 255, 255, 254
15,117 : 255, 255, 255, 255, 255, 255, 255, 255, 254
15,118 : 255, 255, 255, 255, 255, 255, 255, 254, 255
15,119 : 255, 255, 255, 255, 255, 255, 255, 254, 255
15,120 : 255, 255, 255, 255, 255, 255, 254, 255, 255
15,121 : 255, 255, 255, 255, 255, 255, 254, 255, 255
15,122 : 255, 255, 255, 255, 255, 255, 255, 255, 255
15,123 : 255, 255, 255, 255, 255, 255, 255, 255, 255
15,124 : 255, 255, 255, 255, 255, 255, 255, 255, 255
15,125 : 255, 255, 255, 255, 255, 255, 255, 255, 255
15,126 : 255, 255, 0, 255, 255, 0, 255, 255, 0
15,127 : 255, 255, 0, 255, 255, 0, 255, 255, 0
16,0 : 0, 255, 255, 0, 255, 253, 0, 255, 255
16,1 : 0, 255, 255, 0, 255, 254, 0, 254, 253
16,2 : 255, 255, 255, 255, 253, 255, 255, 255, 255
16,3 : 255, 255, 255, 255, 254, 255, 254, 253, 255
16,4 : 255, 255, 255, 253, 255, 253, 255, 255, 255
16,5 : 255, 255, 255, 254, 255, 255, 253, 255, 255
16,6 : 255, 255, 255, 255, 253, 255, 255, 255, 254
16,7 : 255, 255, 255, 255, 255, 255, 255, 255, 252
16,8 : 255, 255, 255, 253, 255, 255, 255, 254, 255
16,9 : 255, 255, 255, 255, 255, 254, 255, 252, 245
16,10 : 255, 255, 255, 255, 255, 255, 254, 255, 226
16,11 : 255, 255, 255, 255, 254, 255, 252, 245, 214
16,12 : 255, 255, 255, 255, 255, 255, 255, 226, 206
16,13 : 255, 255, 255, 254, 255, 255, 245, 214, 219
16,14 : 255, 255, 255, 255, 255, 254, 226, 206, 236
16,15 : 255, 255, 255, 255, 255, 255, 214, 219, 248
16,16 : 255, 255, 255, 255, 254, 255, 206, 236, 252
16,17 : 255, 255, 255, 255, 255, 255, 219, 248, 243
16,18 : 255, 255, 255, 254, 255, 253, 236, 252, 238
16,19 : 255, 255, 255, 255, 255, 255, 248, 243, 232
16,20 : 255, 255, 255, 255, 253, 253, 252, 238, 236
16,21 : 255, 255, 255, 255, 255, 255, 243, 232, 230
16,22 : 255, 255, 255, 253, 253, 255, 238, 236, 174
16,23 : 255, 255, 252, 255, 255, 253, 232, 230, 48
16,24 : 255, 255, 255, 253, 255, 249, 236, 174, 11
16,25 : 255, 252, 255, 255, 253, 218, 230, 48, 24
16,26 : 255, 255, 254, 255, 249, 137, 174, 11, 89
16,27 : 252, 255, 255, 253, 218, 59, 48, 24, 119
16,28 : 255, 254, 255, 249, 137, 14, 11, 89, 144
16,29 : 255, 255, 251, 218, 59, 4, 24, 119, 162
16,30 : 254, 255, 245, 137, 14, 7, 89, 144, 162
16,31 : 255, 251, 208, 59, 4, 26, 119, 162, 156
16,32 : 255, 245, 151, 14, 7, 42, 144, 162, 150
16,33 : 251, 208, 94, 4, 26, 75, 162, 156, 158
16,34 : 245, 151, 63, 7, 42, 116, 162, 150, 159
16,35 : 208, 94, 27, 26, 75, 142, 156, 158, 150
16,36 : 151, 63, 13, 42, 116, 157, 150, 159, 154
16,37 : 94, 27, 10, 75, 142, 163, 158, 150, 158
16,38 : 63, 13, 16, 116, 157, 158, 159, 154, 154
16,39 : 27, 10, 21, 142, 163, 154, 150, 158, 148
16,40 : 13, 16, 42, 157, 158, 162, 154, 154, 158
16,41 : 10, 21, 64, 163, 154, 162, 158, 148, 157
16,42 : 16, 42, 82, 158, 162, 152, 154, 158, 149
16,43 : 21, 64, 107, 154, 162, 156, 148, 157, 154
16,44 : 42, 82, 137, 162, 152, 160, 158, 149, 160
16,45 : 64, 107, 147, 162, 156, 150, 157, 154, 168
16,46 : 82, 137, 148, 152, 160, 149, 149, 160, 226
16,47 : 107, 147, 160, 156, 150, 156, 154, 168, 248
16,48 : 137, 148, 158, 160, 149, 164, 160, 226, 252
16,49 : 147, 160, 149, 150, 156, 197, 168, 248, 249
16,50 : 148, 158, 152, 149, 164, 217, 226, 252, 252
16,51 : 160, 149, 156, 156, 197, 220, 248, 249, 253
16,52 : 158, 152, 152, 164, 217, 221, 252, 252, 247
16,53 : 149, 156, 148, 197, 220, 213, 249, 253, 253
16,54 : 152, 152, 153, 217, 221, 207, 252, 247, 250
16,55 : 156, 148, 155, 220, 213, 191, 253, 253, 254
16,56 : 152, 153, 148, 221, 207, 164, 247, 250, 253
16,57 : 148, 155, 151, 213, 191, 157, 253, 254, 242
16,58 : 153, 148, 159, 207, 164, 156, 250, 253, 245
16,59 : 155, 151, 151, 191, 157, 148, 254, 242, 219
16,60 : 148, 159, 147, 164, 156, 150, 253, 245, 165
16,61 : 151, 151, 157, 157, 148, 155, 242, 219, 158
16,62 : 159, 147, 156, 156, 150, 157, 245, 165, 155
16,63 : 151, 157, 153, 148, 155, 150, 219, 158, 150
16,64 : 147, 156, 151, 150, 157, 157, 165, 155, 151
16,65 : 157, 153, 157, 155, 150, 156, 158, 150, 162
16,66 : 156, 151, 152, 157, 157, 155, 155, 151, 153
16,67 : 153, 157, 152, 150, 156, 152, 150, 162, 148
16,68 : 151, 152, 157, 157, 155, 160, 151, 153, 160
16,69 : 157, 152, 161, 156, 152, 159, 162, 148, 159
16,70 : 152, 157, 152, 155, 160, 150, 153, 160, 149
16,71 : 152, 161, 154, 152, 159, 152, 148, 159, 155
16,72 : 157, 152, 162, 160, 150, 158, 160, 149, 162
16,73 : 161, 154, 159, 159, 152, 155, 159, 155, 154
16,74 : 152, 162, 117, 150, 158, 149, 149, 162, 149
16,75 : 154, 159, 83, 152, 155, 156, 155, 154, 159
16,76 : 162, 117, 27, 158, 149, 161, 162, 149, 161
16,77 : 159, 83, 15, 155, 156, 161, 154, 159, 152
16,78 : 117, 27, 42, 149, 161, 142, 149, 161, 157
16,79 : 83, 15, 109, 156, 161, 50, 159, 152, 162
16,80 : 27, 42, 150, 161, 142, 6, 161, 157, 152
16,81 : 15, 109, 151, 161, 50, 14, 152, 162, 84
16,82 : 42, 150, 159, 142, 6, 84, 157, 152, 16
16,83 : 109, 151, 159, 50, 14, 156, 162, 84, 17
16,84 : 150, 159, 150, 6, 84, 154, 152, 16, 116
16,85 : 151, 159, 155, 14, 156, 153, 84, 17, 155
16,86 : 159, 150, 158, 84, 154, 157, 16, 116, 158
16,87 : 159, 155, 154, 156, 153, 155, 17, 155, 149
16,88 : 150, 158, 150, 154, 157, 148, 116, 158, 149
16,89 : 155, 154, 160, 153, 155, 154, 155, 149, 157
16,90 : 158, 150, 160, 157, 148, 159, 158, 149, 158
16,91 : 154, 160, 149, 155, 154, 151, 149, 157, 148
16,92 : 150, 160, 154, 148, 159, 153, 149, 158, 154
16,93 : 160, 149, 160, 154, 151, 159, 157, 148, 159
16,94 : 160, 154, 156, 159, 153, 156, 158, 154, 155
16,95 : 149, 160, 159, 151, 159, 147, 148, 159, 147
16,96 : 154, 156, 143, 153, 156, 159, 154, 155, 154
16,97 : 160, 159, 35, 159, 147, 164, 159, 147, 163
16,98 : 156, 143, 4, 156, 159, 141, 155, 154, 155
16,99 : 159, 35, 11, 147, 164, 51, 147, 163, 154
16,100 : 143, 4, 99, 159, 141, 4, 154, 155, 149
16,101 : 35, 11, 245, 164, 51, 6, 163, 154, 49
16,102 : 4, 99, 249, 141, 4, 92, 155, 149, 4
16,103 : 11, 245, 253, 51, 6, 232, 154, 49, 9
16,104 : 99, 249, 255, 4, 92, 255, 149, 4, 118
16,105 : 245, 253, 254, 6, 232, 253, 49, 9, 238
16,106 : 249, 255, 255, 92, 255, 252, 4, 118, 251
16,107 : 253, 254, 255, 232, 253, 254, 9, 238, 251
16,108 : 255, 255, 254, 255, 252, 253, 118, 251, 252
16,109 : 254, 255, 254, 253, 254, 255, 238, 251, 255
16,110 : 255, 254, 255, 252, 253, 255, 251, 252, 255
16,111 : 255, 254, 255, 254, 255, 255, 251, 255, 255
16,112 : 254, 255, 255, 253, 255, 255, 252, 255, 255
16,113 : 254, 255, 255, 255, 255, 255, 255, 255, 255
16,114 : 255, 255, 255, 255, 255, 255, 255, 255, 255
16,115 : 255, 255, 255, 255, 255, 255, 255, 255, 255
16,116 : 255, 255, 255, 255, 255, 255, 255, 255, 255
16,117 : 255, 255, 255, 255, 255, 255, 255, 255, 255
16,118 : 255, 255, 255, 255, 255, 255, 255, 255, 255
16,119 : 255, 255, 255, 255, 255, 255, 255, 255, 255
16,120 : 255, 255, 255, 255, 255, 255, 255, 255, 255
16,121 : 255, 255, 255, 255, 255, 255, 255, 255, 255
16,122 : 255, 255, 255, 255, 255, 255, 255, 255, 255
16,123 : 255, 255, 255, 255, 255, 255, 255, 255, 255
16,124 : 255, 255, 255, 255, 255, 255, 255, 255, 255
16,125 : 255, 255, 255, 255, 255, 255, 255, 255, 255
16,126 : 255, 255, 0, 255, 255, 0, 255, 255, 0
16,127 : 255, 255, 0, 255, 255, 0, 255, 255, 0
17,0 : 0, 255, 255, 0, 255, 255, 0, 254, 254
17,1 : 0, 255, 255, 0, 254, 255, 0, 255, 255
17,2 : 255, 255, 255, 255, 255, 251, 254, 254, 255
17,3 : 255, 255, 255, 254, 255, 255, 255, 255, 254
17,4 : 255, 255, 255, 255, 251, 255, 254, 255, 254
17,5 : 255, 255, 255, 255, 255, 252, 255, 254, 252
17,6 : 255, 255, 255, 251, 255, 255, 255, 254, 255
17,7 : 255, 255, 255, 255, 252, 255, 254, 252, 249
17,8 : 255, 255, 255, 255, 255, 253, 254, 255, 211
17,9 : 255, 255, 255, 252, 255, 255, 252, 249, 100
17,10 : 255, 255, 255, 255, 253, 255, 255, 211, 23
17,11 : 255, 255, 255, 255, 255, 251, 249, 100, 22
17,12 : 255, 255, 255, 253, 255, 255, 211, 23, 19
17,13 : 255, 255, 255, 255, 251, 252, 100, 22, 21
17,14 : 255, 255, 255, 255, 255, 255, 23, 19, 32
17,15 : 255, 255, 255, 251, 252, 249, 22, 21, 53
17,16 : 255, 255, 255, 255, 255, 253, 19, 32, 62
17,17 : 255, 255, 255, 252, 249, 252, 21, 53, 31
17,18 : 255, 255, 255, 255, 253, 254, 32, 62, 17
17,19 : 255, 255, 255, 249, 252, 255, 53, 31, 18
17,20 : 255, 255, 255, 253, 254, 252, 62, 17, 13
17,21 : 255, 255, 255, 252, 255, 255, 31, 18, 19
17,22 : 255, 255, 255, 254, 252, 250, 17, 13, 8
17,23 : 255, 255, 254, 255, 255, 238, 18, 19, 15
17,24 : 255, 255, 255, 252, 250, 114, 13, 8, 81
17,25 : 255, 254, 253, 255, 238, 19, 19, 15, 150
17,26 : 255, 255, 253, 250, 114, 6, 8, 81, 159
17,27 : 254, 253, 250, 238, 19, 15, 15, 150, 168
17,28 : 255, 253, 215, 114, 6, 32, 81, 159, 153
17,29 : 253, 250, 164, 19, 15, 65, 150, 168, 155
17,30 : 253, 215, 74, 6, 32, 109, 159, 153, 164
17,31 : 250, 164, 14, 15, 65, 132, 168, 155, 156
17,32 : 215, 74, 12, 32, 109, 149, 153, 164, 152
17,33 : 164, 14, 22, 65, 132, 162, 155, 156, 163
17,34 : 74, 12, 30, 109, 149, 161, 164, 152, 160
17,35 : 14, 22, 28, 132, 162, 151, 156, 163, 149
17,36 : 12, 30, 74, 149, 161, 155, 152, 160, 153
17,37 : 22, 28, 110, 162, 151, 164, 163, 149, 158
17,38 : 30, 74, 140, 161, 155, 157, 160, 153, 152
17,39 : 28, 110, 148, 151, 164, 152, 149, 158, 146
17,40 : 74, 140, 156, 155, 157, 161, 153, 152, 158
17,41 : 110, 148, 170, 164, 152, 160, 158, 146, 154
17,42 : 140, 156, 153, 157, 161, 150, 152, 158, 148
17,43 : 148, 170, 151, 152, 160, 153, 146, 154, 156
17,44 : 156, 153, 160, 161, 150, 158, 158, 148, 162
17,45 : 170, 151, 148, 160, 153, 155, 154, 156, 174
17,46 : 153, 160, 145, 150, 158, 157, 148, 162, 235
17,47 : 151, 148, 158, 153, 155, 210, 156, 174, 248
17,48 : 160, 145, 155, 158, 157, 239, 162, 235, 252
17,49 : 148, 158, 146, 155, 210, 246, 174, 248, 253
17,50 : 145, 155, 152, 157, 239, 249, 235, 252, 250
17,51 : 158, 146, 158, 210, 246, 253, 248, 253, 250
17,52 : 155, 152, 152, 239, 249, 251, 252, 250, 251
17,53 : 146, 158, 146, 246, 253, 248, 253, 250, 254
17,54 : 152, 152, 155, 249, 251, 251, 250, 251, 255
17,55 : 158, 146, 155, 253, 248, 246, 250, 254, 253
17,56 : 152, 155, 146, 251, 251, 241, 251, 255, 253
17,57 : 146, 155, 150, 248, 246, 224, 254, 253, 253
17,58 : 155, 146, 154, 251, 241, 203, 255, 253, 251
17,59 : 155, 150, 148, 246, 224, 169, 253, 253, 245
17,60 : 146, 154, 150, 241, 203, 142, 253, 251, 213
17,61 : 150, 148, 157, 224, 169, 158, 253, 245, 168
17,62 : 154, 150, 159, 203, 142, 157, 251, 213, 155
17,63 : 148, 157, 148, 169, 158, 150, 245, 168, 148
17,64 : 150, 159, 154, 142, 157, 153, 213, 155, 154
17,65 : 157, 148, 158, 158, 150, 160, 168, 148, 161
17,66 : 159, 154, 155, 157, 153, 155, 155, 154, 152
17,67 : 148, 158, 148, 150, 160, 149, 148, 161, 150
17,68 : 154, 155, 159, 153, 155, 159, 154, 152, 162
17,69 : 158, 148, 158, 160, 149, 160, 161, 150, 157
17,70 : 155, 159, 148, 155, 159, 149, 152, 162, 151
17,71 : 148, 158, 153, 149, 160, 154, 150, 157, 152
17,72 : 159, 148, 158, 159, 149, 160, 162, 151, 157
17,73 : 158, 153, 154, 160, 154, 154, 157, 152, 152
17,74 : 148, 158, 152, 149, 160, 151, 151, 157, 150
17,75 : 153, 154, 159, 154, 154, 160, 152, 152, 158
17,76 : 158, 152, 155, 160, 151, 159, 157, 150, 158
17,77 : 154, 159, 88, 154, 160, 148, 152, 158, 150
17,78 : 152, 155, 17, 151, 159, 152, 150, 158, 150
17,79 : 159, 88, 7, 160, 148, 157, 158, 150, 158
17,80 : 155, 17, 48, 159, 152, 88, 158, 150, 156
17,81 : 88, 7, 124, 148, 157, 9, 150, 158, 145
17,82 : 17, 48, 165, 152, 88, 18, 150, 156, 57
17,83 : 7, 124, 158, 157, 9, 111, 158, 145, 7
17,84 : 48, 165, 147, 88, 18, 154, 156, 57, 60
17,85 : 124, 158, 155, 9, 111, 154, 145, 7, 150
17,86 : 165, 147, 160, 18, 154, 161, 57, 60, 164
17,87 : 158, 155, 154, 111, 154, 155, 7, 150, 153
17,88 : 147, 160, 150, 154, 161, 153, 60, 164, 149
17,89 : 155, 154, 157, 154, 155, 158, 150, 153, 157
17,90 : 160, 150, 158, 161, 153, 160, 164, 149, 158
17,91 : 154, 157, 149, 155, 158, 150, 153, 157, 147
17,92 : 150, 158, 151, 153, 160, 153, 149, 158, 154
17,93 : 157, 149, 159, 158, 150, 158, 157, 147, 159
17,94 : 158, 151, 148, 160, 153, 152, 158, 154, 152
17,95 : 149, 159, 148, 150, 158, 153, 147, 159, 152
17,96 : 151, 148, 159, 153, 152, 156, 154, 152, 160
17,97 : 159, 148, 135, 158, 153, 164, 159, 152, 160
17,98 : 148, 159, 44, 152, 156, 152, 152, 160, 148
17,99 : 148, 135, 4, 153, 164, 140, 152, 160, 156
17,100 : 159, 44, 9, 156, 152, 46, 160, 148, 159
17,101 : 135, 4, 114, 164, 140, 3, 160, 156, 130
17,102 : 44, 9, 235, 152, 46, 10, 148, 159, 24
17,103 : 4, 114, 248, 140, 3, 110, 156, 130, 6
17,104 : 9, 235, 255, 46, 10, 241, 159, 24, 13
17,105 : 114, 248, 254, 3, 110, 254, 130, 6, 135
17,106 : 235, 255, 253, 10, 241, 253, 24, 13, 249
17,107 : 248, 254, 255, 110, 254, 247, 6, 135, 252
17,108 : 255, 253, 255, 241, 253, 253, 13, 249, 253
17,109 : 254, 255, 255, 254, 247, 253, 135, 252, 249
17,110 : 253, 255, 255, 253, 253, 255, 249, 253, 253
17,111 : 255, 255, 255, 247, 253, 255, 252, 249, 254
17,112 : 255, 255, 255, 253, 255, 255, 253, 253, 254
17,113 : 255, 255, 255, 253, 255, 255, 249, 254, 254
17,114 : 255, 255, 255, 255, 255, 255, 253, 254, 255
17,115 : 255, 255, 255, 255, 255, 255, 254, 254, 255
17,116 : 255, 255, 255, 255, 255, 254, 254, 255, 255
17,117 : 255, 255, 255, 255, 255, 254, 254, 255, 255
17,118 : 255, 255, 255, 255, 254, 255, 255, 255, 255
17,119 : 255, 255, 255, 255, 254, 255, 255, 255, 255
17,120 : 255, 255, 255, 254, 255, 255, 255, 255, 255
17,121 : 255, 255, 255, 254, 255, 255, 255, 255, 255
17,122 : 255, 255, 255, 255, 255, 255, 255, 255, 255
17,123 : 255, 255, 255, 255, 255, 255, 255, 255, 255
17,124 : 255, 255, 255, 255, 255, 255, 255, 255, 255
17,125 : 255, 255, 255, 255, 255, 255, 255, 255, 255
17,126 : 255, 255, 0, 255, 255, 0, 255, 255, 0
17,127 : 255, 255, 0, 255, 255, 0, 255, 255, 0
18,0 : 0, 255, 253, 0, 255, 255, 0, 254, 255
18,1 : 0, 255, 254, 0, 254, 253, 0, 254, 254
18,2 : 255, 253, 255, 255, 255, 255, 254, 255, 255
18,3 : 255, 254, 255, 254, 253, 255, 254, 254, 254
18,4 : 253, 255, 253, 255, 255, 255, 255, 255, 255
18,5 : 254, 255, 255, 253, 255, 255, 254, 254, 246
18,6 : 255, 253, 255, 255, 255, 254, 255, 255, 193
18,7 : 255, 255, 255, 255, 255, 252, 254, 246, 89
18,8 : 253, 255, 255, 255, 254, 255, 255, 193, 18
18,9 : 255, 255, 254, 255, 252, 245, 246, 89, 4
18,10 : 255, 255, 255, 254, 255, 226, 193, 18, 10
18,11 : 255, 254, 255, 252, 245, 214, 89, 4, 28
18,12 : 255, 255, 255, 255, 226, 206, 18, 10, 26
18,13 : 254, 255, 255, 245, 214, 219, 4, 28, 3
18,14 : 255, 255, 254, 226, 206, 236, 10, 26, 4
18,15 : 255, 255, 255, 214, 219, 248, 28, 3, 11
18,16 : 255, 254, 255, 206, 236, 252, 26, 4, 18
18,17 : 255, 255, 255, 219, 248, 243, 3, 11, 46
18,18 : 254, 255, 253, 236, 252, 238, 4, 18, 49
18,19 : 255, 255, 255, 248, 243, 232, 11, 46, 19
18,20 : 255, 253, 253, 252, 238, 236, 18, 49, 12
18,21 : 255, 255, 255, 243, 232, 230, 46, 19, 40
18,22 : 253, 253, 255, 238, 236, 174, 49, 12, 94
18,23 : 255, 255, 253, 232, 230, 48, 19, 40, 144
18,24 : 253, 255, 249, 236, 174, 11, 12, 94, 157
18,25 : 255, 253, 218, 230, 48, 24, 40, 144, 157
18,26 : 255, 249, 137, 174, 11, 89, 94, 157, 162
18,27 : 253, 218, 59, 48, 24, 119, 144, 157, 156
18,28 : 249, 137, 14, 11, 89, 144, 157, 162, 149
18,29 : 218, 59, 4, 24, 119, 162, 157, 156, 156
18,30 : 137, 14, 7, 89, 144, 162, 162, 149, 161
18,31 : 59, 4, 26, 119, 162, 156, 156, 156, 151
18,32 : 14, 7, 42, 144, 162, 150, 149, 161, 148
18,33 : 4, 26, 75, 162, 156, 158, 156, 151, 158
18,34 : 7, 42, 116, 162, 150, 159, 161, 148, 157
18,35 : 26, 75, 142, 156, 158, 150, 151, 158, 149
18,36 : 42, 116, 157, 150, 159, 154, 148, 157, 155
18,37 : 75, 142, 163, 158, 150, 158, 158, 149, 158
18,38 : 116, 157, 158, 159, 154, 154, 157, 155, 151
18,39 : 142, 163, 154, 150, 158, 148, 149, 158, 148
18,40 : 157, 158, 162, 154, 154, 158, 155, 151, 160
18,41 : 163, 154, 162, 158, 148, 157, 158, 148, 154
18,42 : 158, 162, 152, 154, 158, 149, 151, 160, 148
18,43 : 154, 162, 156, 148, 157, 154, 148, 154, 156
18,44 : 162, 152, 160, 158, 149, 160, 160, 148, 158
18,45 : 162, 156, 150, 157, 154, 168, 154, 156, 165
18,46 : 152, 160, 149, 149, 160, 226, 148, 158, 224
18,47 : 156, 150, 156, 154, 168, 248, 156, 165, 250
18,48 : 160, 149, 164, 160, 226, 252, 158, 224, 252
18,49 : 150, 156, 197, 168, 248, 249, 165, 250, 252
18,50 : 149, 164, 217, 226, 252, 252, 224, 252, 252
18,51 : 156, 197, 220, 248, 249, 253, 250, 252, 255
18,52 : 164, 217, 221, 252, 252, 247, 252, 252, 255
18,53 : 197, 220, 213, 249, 253, 253, 252, 255, 252
18,54 : 217, 221, 207, 252, 247, 250, 252, 255, 252
18,55 : 220, 213, 191, 253, 253, 254, 255, 252, 255
18,56 : 221, 207, 164, 247, 250, 253, 255, 252, 253
18,57 : 213, 191, 157, 253, 254, 242, 252, 255, 255
18,58 : 207, 164, 156, 250, 253, 245, 252, 253, 253
18,59 : 191, 157, 148, 254, 242, 219, 255, 255, 247
18,60 : 164, 156, 150, 253, 245, 165, 253, 253, 237
18,61 : 157, 148, 155, 242, 219, 158, 255, 247, 208
18,62 : 156, 150, 157, 245, 165, 155, 253, 237, 165
18,63 : 148, 155, 150, 219, 158, 150, 247, 208, 145
18,64 : 150, 157, 157, 165, 155, 151, 237, 165, 156
18,65 : 155, 150, 156, 158, 150, 162, 208, 145, 159
18,66 : 157, 157, 155, 155, 151, 153, 165, 156, 153
18,67 : 150, 156, 152, 150, 162, 148, 145, 159, 151
18,68 : 157, 155, 160, 151, 153, 160, 156, 153, 161
18,69 : 156, 152, 159, 162, 148, 159, 159, 151, 158
18,70 : 155, 160, 150, 153, 160, 149, 153, 161, 150
18,71 : 152, 159, 152, 148, 159, 155, 151, 158, 155
18,72 : 160, 150, 158, 160, 149, 162, 161, 150, 162
18,73 : 159, 152, 155, 159, 155, 154, 158, 155, 157
18,74 : 150, 158, 149, 149, 162, 149, 150, 162, 152
18,75 : 152, 155, 156, 155, 154, 159, 155, 157, 158
18,76 : 158, 149, 161, 162, 149, 161, 162, 152, 158
18,77 : 155, 156, 161, 154, 159, 152, 157, 158, 150
18,78 : 149, 161, 142, 149, 161, 157, 152, 158, 153
18,79 : 156, 161, 50, 159, 152, 162, 158, 150, 154
18,80 : 161, 142, 6, 161, 157, 152, 158, 153, 153
18,81 : 161, 50, 14, 152, 162, 84, 150, 154, 157
18,82 : 142, 6, 84, 157, 152, 16, 153, 153, 125
18,83 : 50, 14, 156, 162, 84, 17, 154, 157, 23
18,84 : 6, 84, 154, 152, 16, 116, 153, 125, 13
18,85 : 14, 156, 153, 84, 17, 155, 157, 23, 98
18,86 : 84, 154, 157, 16, 116, 158, 125, 13, 157
18,87 : 156, 153, 155, 17, 155, 149, 23, 98, 159
18,88 : 154, 157, 148, 116, 158, 149, 13, 157, 148
18,89 : 153, 155, 154, 155, 149, 157, 98, 159, 157
18,90 : 157, 148, 159, 158, 149, 158, 157, 148, 159
18,91 : 155, 154, 151, 149, 157, 148, 159, 157, 148
18,92 : 148, 159, 153, 149, 158, 154, 148, 159, 153
18,93 : 154, 151, 159, 157, 148, 159, 157, 148, 159
18,94 : 159, 153, 156, 158, 154, 155, 159, 153, 154
18,95 : 151, 159, 147, 148, 159, 147, 148, 159, 151
18,96 : 153, 156, 159, 154, 155, 154, 153, 154, 159
18,97 : 159, 147, 164, 159, 147, 163, 159, 151, 157
18,98 : 156, 159, 141, 155, 154, 155, 154, 159, 151
18,99 : 147, 164, 51, 147, 163, 154, 151, 157, 152
18,100 : 159, 141, 4, 154, 155, 149, 159, 151, 159
18,101 : 164, 51, 6, 163, 154, 49, 157, 152, 154
18,102 : 141, 4, 92, 155, 149, 4, 151, 159, 121
18,103 : 51, 6, 232, 154, 49, 9, 152, 154, 16
18,104 : 4, 92, 255, 149, 4, 118, 159, 121, 0
18,105 : 6, 232, 253, 49, 9, 238, 154, 16, 34
18,106 : 92, 255, 252, 4, 118, 251, 121, 0, 180
18,107 : 232, 253, 254, 9, 238, 251, 16, 34, 252
18,108 : 255, 252, 253, 118, 251, 252, 0, 180, 252
18,109 : 253, 254, 255, 238, 251, 255, 34, 252, 255
18,110 : 252, 253, 255, 251, 252, 255, 180, 252, 253
18,111 : 254, 255, 255, 251, 255, 255, 252, 255, 253
18,112 : 253, 255, 255, 252, 255, 255, 252, 253, 253
18,113 : 255, 255, 255, 255, 255, 255, 255, 253, 254
18,114 : 255, 255, 255, 255, 255, 255, 253, 253, 254
18,115 : 255, 255, 255, 255, 255, 255, 253, 254, 255
18,116 : 255, 255, 255, 255, 255, 255, 253, 254, 255
18,117 : 255, 255, 255, 255, 255, 255, 254, 255, 255
18,118 : 255, 255, 255, 255, 255, 255, 254, 255, 255
18,119 : 255, 255, 255, 255, 255, 255, 255, 255, 255
18,120 : 255, 255, 255, 255, 255, 255, 255, 255, 255
18,121 : 255, 255, 255, 255, 255, 255, 255, 255, 255
18,122 : 255, 255, 255, 255, 255, 255, 255, 255, 255
18,123 : 255, 255, 255, 255, 255, 255, 255, 255, 255
18,124 : 255, 255, 255, 255, 255, 255, 255, 255, 255
18,125 : 255, 255, 255, 255, 255, 255, 255, 255, 255
18,126 : 255, 255, 0, 255, 255, 0, 255, 255, 0
18,127 : 255, 255, 0, 255, 255, 0, 255, 255, 0
19,0 : 0, 255, 255, 0, 254, 254, 0, 255, 251
19,1 : 0, 254, 255, 0, 255, 255, 0, 255, 253
19,2 : 255, 255, 251, 254, 254, 255, 255, 251, 252
19,3 : 254, 255, 255, 255, 255, 254, 255, 253, 237
19,4 : 255, 251, 255, 254, 255, 254, 251, 252, 160
19,5 : 255, 255, 252, 255, 254, 252, 253, 237, 64
19,6 : 251, 255, 255, 255, 254, 255, 252, 160, 14
19,7 : 255, 252, 255, 254, 252, 249, 237, 64, 6
19,8 : 255, 255, 253, 254, 255, 211, 160, 14, 12
19,9 : 252, 255, 255, 252, 249, 100, 64, 6, 29
19,10 : 255, 253, 255, 255, 211, 23, 14, 12, 47
19,11 : 255, 255, 251, 249, 100, 22, 6, 29, 65
19,12 : 253, 255, 255, 211, 23, 19, 12, 47, 86
19,13 : 255, 251, 252, 100, 22, 21, 29, 65, 109
19,14 : 255, 255, 255, 23, 19, 32, 47, 86, 119
19,15 : 251, 252, 249, 22, 21, 53, 65, 109, 140
19,16 : 255, 255, 253, 19, 32, 62, 86, 119, 163
19,17 : 252, 249, 252, 21, 53, 31, 109, 140, 172
19,18 : 255, 253, 254, 32, 62, 17, 119, 163, 161
19,19 : 249, 252, 255, 53, 31, 18, 140, 172, 140
19,20 : 253, 254, 252, 62, 17, 13, 163, 161, 124
19,21 : 252, 255, 255, 31, 18, 19, 172, 140, 149
19,22 : 254, 252, 250, 17, 13, 8, 161, 124, 158
19,23 : 255, 255, 238, 18, 19, 15, 140, 149, 160
19,24 : 252, 250, 114, 13, 8, 81, 124, 158, 158
19,25 : 255, 238, 19, 19, 15, 150, 149, 160, 150
19,26 : 250, 114, 6, 8, 81, 159, 158, 158, 155
19,27 : 238, 19, 15, 15, 150, 168, 160, 150, 159
19,28 : 114, 6, 32, 81, 159, 153, 158, 155, 153
19,29 : 19, 15, 65, 150, 168, 155, 150, 159, 156
19,30 : 6, 32, 109, 159, 153, 164, 155, 153, 159
19,31 : 15, 65, 132, 168, 155, 156, 159, 156, 154
19,32 : 32, 109, 149, 153, 164, 152, 153, 159, 153
19,33 : 65, 132, 162, 155, 156, 163, 156, 154, 161
19,34 : 109, 149, 161, 164, 152, 160, 159, 153, 155
19,35 : 132, 162, 151, 156, 163, 149, 154, 161, 146
19,36 : 149, 161, 155, 152, 160, 153, 153, 155, 152
19,37 : 162, 151, 164, 163, 149, 158, 161, 146, 156
19,38 : 161, 155, 157, 160, 153, 152, 155, 152, 151
19,39 : 151, 164, 152, 149, 158, 146, 146, 156, 149
19,40 : 155, 157, 161, 153, 152, 158, 152, 151, 161
19,41 : 164, 152, 160, 158, 146, 154, 156, 149, 157
19,42 : 157, 161, 150, 152, 158, 148, 151, 161, 149
19,43 : 152, 160, 153, 146, 154, 156, 149, 157, 156
19,44 : 161, 150, 158, 158, 148, 162, 161, 149, 156
19,45 : 160, 153, 155, 154, 156, 174, 157, 156, 153
19,46 : 150, 158, 157, 148, 162, 235, 149, 156, 194
19,47 : 153, 155, 210, 156, 174, 248, 156, 153, 244
19,48 : 158, 157, 239, 162, 235, 252, 156, 194, 253
19,49 : 155, 210, 246, 174, 248, 253, 153, 244, 253
19,50 : 157, 239, 249, 235, 252, 250, 194, 253, 255
19,51 : 210, 246, 253, 248, 253, 250, 244, 253, 253
19,52 : 239, 249, 251, 252, 250, 251, 253, 255, 254
19,53 : 246, 253, 248, 253, 250, 254, 253, 253, 255
19,54 : 249, 251, 251, 250, 251, 255, 255, 254, 255
19,55 : 253, 248, 246, 250, 254, 253, 253, 255, 254
19,56 : 251, 251, 241, 251, 255, 253, 254, 255, 254
19,57 : 248, 246, 224, 254, 253, 253, 255, 254, 255
19,58 : 251, 241, 203, 255, 253, 251, 255, 254, 253
19,59 : 246, 224, 169, 253, 253, 245, 254, 255, 253
19,60 : 241, 203, 142, 253, 251, 213, 254, 253, 250
19,61 : 224, 169, 158, 253, 245, 168, 255, 253, 231
19,62 : 203, 142, 157, 251, 213, 155, 253, 250, 188
19,63 : 169, 158, 150, 245, 168, 148, 253, 231, 148
19,64 : 142, 157, 153, 213, 155, 154, 250, 188, 154
19,65 : 158, 150, 160, 168, 148, 161, 231, 148, 159
19,66 : 157, 153, 155, 155, 154, 152, 188, 154, 155
19,67 : 150, 160, 149, 148, 161, 150, 148, 159, 150
19,68 : 153, 155, 159, 154, 152, 162, 154, 155, 158
19,69 : 160, 149, 160, 161, 150, 157, 159, 150, 161
19,70 : 155, 159, 149, 152, 162, 151, 155, 158, 149
19,71 : 149, 160, 154, 150, 157, 152, 150, 161, 154
19,72 : 159, 149, 160, 162, 151, 157, 158, 149, 160
19,73 : 160, 154, 154, 157, 152, 152, 161, 154, 152
19,74 : 149, 160, 151, 151, 157, 150, 149, 160, 148
19,75 : 154, 154, 160, 152, 152, 158, 154, 152, 159
19,76 : 160, 151, 159, 157, 150, 158, 160, 148, 161
19,77 : 154, 160, 148, 152, 158, 150, 152, 159, 152
19,78 : 151, 159, 152, 150, 158, 150, 148, 161, 158
19,79 : 160, 148, 157, 158, 150, 158, 159, 152, 163
19,80 : 159, 152, 88, 158, 150, 156, 161, 158, 153
19,81 : 148, 157, 9, 150, 158, 145, 152, 163, 147
19,82 : 152, 88, 18, 150, 156, 57, 158, 153, 145
19,83 : 157, 9, 111, 158, 145, 7, 163, 147, 59
19,84 : 88, 18, 154, 156, 57, 60, 153, 145, 5
19,85 : 9, 111, 154, 145, 7, 150, 147, 59, 20
19,86 : 18, 154, 161, 57, 60, 164, 145, 5, 124
19,87 : 111, 154, 155, 7, 150, 153, 59, 20, 159
19,88 : 154, 161, 153, 60, 164, 149, 5, 124, 148
19,89 : 154, 155, 158, 150, 153, 157, 20, 159, 156
19,90 : 161, 153, 160, 164, 149, 158, 124, 148, 159
19,91 : 155, 158, 150, 153, 157, 147, 159, 156, 149
19,92 : 153, 160, 153, 149, 158, 154, 148, 159, 152
19,93 : 158, 150, 158, 157, 147, 159, 156, 149, 160
19,94 : 160, 153, 152, 158, 154, 152, 159, 152, 155
19,95 : 150, 158, 153, 147, 159, 152, 149, 160, 149
19,96 : 153, 152, 156, 154, 152, 160, 152, 155, 155
19,97 : 158, 153, 164, 159, 152, 160, 160, 149, 159
19,98 : 152, 156, 152, 152, 160, 148, 155, 155, 147
19,99 : 153, 164, 140, 152, 160, 156, 149, 159, 155
19,100 : 156, 152, 46, 160, 148, 159, 155, 147, 159
19,101 : 164, 140, 3, 160, 156, 130, 159, 155, 158
19,102 : 152, 46, 10, 148, 159, 24, 147, 159, 151
19,103 : 140, 3, 110, 156, 130, 6, 155, 158, 66
19,104 : 46, 10, 241, 159, 24, 13, 159, 151, 4
19,105 : 3, 110, 254, 130, 6, 135, 158, 66, 4
19,106 : 10, 241, 253, 24, 13, 249, 151, 4, 87
19,107 : 110, 254, 247, 6, 135, 252, 66, 4, 239
19,108 : 241, 253, 253, 13, 249, 253, 4, 87, 250
19,109 : 254, 247, 253, 135, 252, 249, 4, 239, 251
19,110 : 253, 253, 255, 249, 253, 253, 87, 250, 253
19,111 : 247, 253, 255, 252, 249, 254, 239, 251, 253
19,112 : 253, 255, 255, 253, 253, 254, 250, 253, 253
19,113 : 253, 255, 255, 249, 254, 254, 251, 253, 254
19,114 : 255, 255, 255, 253, 254, 255, 253, 253, 254
19,115 : 255, 255, 255, 254, 254, 255, 253, 254, 254
19,116 : 255, 255, 254, 254, 255, 255, 253, 254, 254
19,117 : 255, 255, 254, 254, 255, 255, 254, 254, 254
19,118 : 255, 254, 255, 255, 255, 255, 254, 254, 255
19,119 : 255, 254, 255, 255, 255, 255, 254, 254, 255
19,120 : 254, 255, 255, 255, 255, 255, 254, 255, 255
19,121 : 254, 255, 255, 255, 255, 255, 254, 255, 255
19,122 : 255, 255, 255, 255, 255, 255, 255, 255, 255
19,123 : 255, 255, 255, 255, 255, 255, 255, 255, 255
19,124 : 255, 255, 255, 255, 255, 255, 255, 255, 255
19,125 : 255, 255, 255, 255, 255, 255, 255, 255, 255
19,126 : 255, 255, 0, 255, 255, 0, 255, 255, 0
19,127 : 255, 255, 0, 255, 255, 0, 255, 255, 0
20,0 : 0, 255, 255, 0, 254, 255, 0, 255, 255
20,1 : 0, 254, 253, 0, 254, 254, 0, 249, 251
20,2 : 255, 255, 255, 254, 255, 255, 255, 255, 215
20,3 : 254, 253, 255, 254, 254, 254, 249, 251, 75
20,4 : 255, 255, 255, 255, 255, 255, 255, 215, 5
20,5 : 253, 255, 255, 254, 254, 246, 251, 75, 3
20,6 : 255, 255, 254, 255, 255, 193, 215, 5, 18
20,7 : 255, 255, 252, 254, 246, 89, 75, 3, 64
20,8 : 255, 254, 255, 255, 193, 18, 5, 18, 132
20,9 : 255, 252, 245, 246, 89, 4, 3, 64, 160
20,10 : 254, 255, 226, 193, 18, 10, 18, 132, 151
20,11 : 252, 245, 214, 89, 4, 28, 64, 160, 151
20,12 : 255, 226, 206, 18, 10, 26, 132, 151, 161
20,13 : 245, 214, 219, 4, 28, 3, 160, 151, 163
20,14 : 226, 206, 236, 10, 26, 4, 151, 161, 161
20,15 : 214, 219, 248, 28, 3, 11, 151, 163, 173
20,16 : 206, 236, 252, 26, 4, 18, 161, 161, 173
20,17 : 219, 248, 243, 3, 11, 46, 163, 173, 165
20,18 : 236, 252, 238, 4, 18, 49, 161, 173, 158
20,19 : 248, 243, 232, 11, 46, 19, 173, 165, 159
20,20 : 252, 238, 236, 18, 49, 12, 173, 158, 159
20,21 : 243, 232, 230, 46, 19, 40, 165, 159, 156
20,22 : 238, 236, 174, 49, 12, 94, 158, 159, 156
20,23 : 232, 230, 48, 19, 40, 144, 159, 156, 163
20,24 : 236, 174, 11, 12, 94, 157, 159, 156, 154
20,25 : 230, 48, 24, 40, 144, 157, 156, 163, 150
20,26 : 174, 11, 89, 94, 157, 162, 156, 154, 162
20,27 : 48, 24, 119, 144, 157, 156, 163, 150, 159
20,28 : 11, 89, 144, 157, 162, 149, 154, 162, 151
20,29 : 24, 119, 162, 157, 156, 156, 150, 159, 157
20,30 : 89, 144, 162, 162, 149, 161, 162, 151, 162
20,31 : 119, 162, 156, 156, 156, 151, 159, 157, 154
20,32 : 144, 162, 150, 149, 161, 148, 151, 162, 148
20,33 : 162, 156, 158, 156, 151, 158, 157, 154, 156
20,34 : 162, 150, 159, 161, 148, 157, 162, 148, 155
20,35 : 156, 158, 150, 151, 158, 149, 154, 156, 148
20,36 : 150, 159, 154, 148, 157, 155, 148, 155, 154
20,37 : 158, 150, 158, 158, 149, 158, 156, 148, 159
20,38 : 159, 154, 154, 157, 155, 151, 155, 154, 151
20,39 : 150, 158, 148, 149, 158, 148, 148, 159, 149
20,40 : 154, 154, 158, 155, 151, 160, 154, 151, 159
20,41 : 158, 148, 157, 158, 148, 154, 159, 149, 158
20,42 : 154, 158, 149, 151, 160, 148, 151, 159, 150
20,43 : 148, 157, 154, 148, 154, 156, 149, 158, 155
20,44 : 158, 149, 160, 160, 148, 158, 159, 150, 158
20,45 : 157, 154, 168, 154, 156, 165, 158, 155, 150
20,46 : 149, 160, 226, 148, 158, 224, 150, 158, 178
20,47 : 154, 168, 248, 156, 165, 250, 155, 150, 235
20,48 : 160, 226, 252, 158, 224, 252, 158, 178, 253
20,49 : 168, 248, 249, 165, 250, 252, 150, 235, 249
20,50 : 226, 252, 252, 224, 252, 252, 178, 253, 252
20,51 : 248, 249, 253, 250, 252, 255, 235, 249, 255
20,52 : 252, 252, 247, 252, 252, 255, 253, 252, 255
20,53 : 249, 253, 253, 252, 255, 252, 249, 255, 255
20,54 : 252, 247, 250, 252, 255, 252, 252, 255, 252
20,55 : 253, 253, 254, 255, 252, 255, 255, 255, 255
20,56 : 247, 250, 253, 255, 252, 253, 255, 252, 254
20,57 : 253, 254, 242, 252, 255, 255, 255, 255, 251
20,58 : 250, 253, 245, 252, 253, 253, 252, 254, 254
20,59 : 254, 242, 219, 255, 255, 247, 255, 251, 255
20,60 : 253, 245, 165, 253, 253, 237, 254, 254, 249
20,61 : 242, 219, 158, 255, 247, 208, 251, 255, 246
20,62 : 245, 165, 155, 253, 237, 165, 254, 249, 217
20,63 : 219, 158, 150, 247, 208, 145, 255, 246, 162
20,64 : 165, 155, 151, 237, 165, 156, 249, 217, 152
20,65 : 158, 150, 162, 208, 145, 159, 246, 162, 160
20,66 : 155, 151, 153, 165, 156, 153, 217, 152, 154
20,67 : 150, 162, 148, 145, 159, 151, 162, 160, 150
20,68 : 151, 153, 160, 156, 153, 161, 152, 154, 158
20,69 : 162, 148, 159, 159, 151, 158, 160, 150, 160
20,70 : 153, 160, 149, 153, 161, 150, 154, 158, 152
20,71 : 148, 159, 155, 151, 158, 155, 150, 160, 154
20,72 : 160, 149, 162, 161, 150, 162, 158, 152, 158
20,73 : 159, 155, 154, 158, 155, 157, 160, 154, 155
20,74 : 149, 162, 149, 150, 162, 152, 152, 158, 154
20,75 : 155, 154, 159, 155, 157, 158, 154, 155, 159
20,76 : 162, 149, 161, 162, 152, 158, 158, 154, 148
20,77 : 154, 159, 152, 157, 158, 150, 155, 159, 129
20,78 : 149, 161, 157, 152, 158, 153, 154, 148, 110
20,79 : 159, 152, 162, 158, 150, 154, 159, 129, 78
20,80 : 161, 157, 152, 158, 153, 153, 148, 110, 44
20,81 : 152, 162, 84, 150, 154, 157, 129, 78, 20
20,82 : 157, 152, 16, 153, 153, 125, 110, 44, 13
20,83 : 162, 84, 17, 154, 157, 23, 78, 20, 8
20,84 : 152, 16, 116, 153, 125, 13, 44, 13, 1
20,85 : 84, 17, 155, 157, 23, 98, 20, 8, 2
20,86 : 16, 116, 158, 125, 13, 157, 13, 1, 76
20,87 : 17, 155, 149, 23, 98, 159, 8, 2, 156
20,88 : 116, 158, 149, 13, 157, 148, 1, 76, 153
20,89 : 155, 149, 157, 98, 159, 157, 2, 156, 159
20,90 : 158, 149, 158, 157, 148, 159, 76, 153, 159
20,91 : 149, 157, 148, 159, 157, 148, 156, 159, 150
20,92 : 149, 158, 154, 148, 159, 153, 153, 159, 150
20,93 : 157, 148, 159, 157, 148, 159, 159, 150, 159
20,94 : 158, 154, 155, 159, 153, 154, 159, 150, 153
20,95 : 148, 159, 147, 148, 159, 151, 150, 159, 149
20,96 : 154, 155, 154, 153, 154, 159, 150, 153, 160
20,97 : 159, 147, 163, 159, 151, 157, 159, 149, 163
20,98 : 155, 154, 155, 154, 159, 151, 153, 160, 149
20,99 : 147, 163, 154, 151, 157, 152, 149, 163, 150
20,100 : 154, 155, 149, 159, 151, 159, 160, 149, 160
20,101 : 163, 154, 49, 157, 152, 154, 163, 150, 155
20,102 : 155, 149, 4, 151, 159, 121, 149, 160, 152
20,103 : 154, 49, 9, 152, 154, 16, 150, 155, 120
20,104 : 149, 4, 118, 159, 121, 0, 160, 152, 18
20,105 : 49, 9, 238, 154, 16, 34, 155, 120, 0
20,106 : 4, 118, 251, 121, 0, 180, 152, 18, 37
20,107 : 9, 238, 251, 16, 34, 252, 120, 0, 200
20,108 : 118, 251, 252, 0, 180, 252, 18, 37, 253
20,109 : 238, 251, 255, 34, 252, 255, 0, 200, 255
20,110 : 251, 252, 255, 180, 252, 253, 37, 253, 253
20,111 : 251, 255, 255, 252, 255, 253, 200, 255, 253
20,112 : 252, 255, 255, 252, 253, 253, 253, 253, 253
20,113 : 255, 255, 255, 255, 253, 254, 255, 253, 253
20,114 : 255, 255, 255, 253, 253, 254, 253, 253, 254
20,115 : 255, 255, 255, 253, 254, 255, 253, 253, 254
20,116 : 255, 255, 255, 253, 254, 255, 253, 254, 254
20,117 : 255, 255, 255, 254, 255, 255, 253, 254, 254
20,118 : 255, 255, 255, 254, 255, 255, 254, 254, 255
20,119 : 255, 255, 255, 255, 255, 255, 254, 254, 255
20,120 : 255, 255, 255, 255, 255, 255, 254, 255, 255
20,121 : 255, 255, 255, 255, 255, 255, 254, 255, 255
20,122 : 255, 255, 255, 255, 255, 255, 255, 255, 255
20,123 : 255, 255, 255, 255, 255, 255, 255, 255, 255
20,124 : 255, 255, 255, 255, 255, 255, 255, 255, 255
20,125 : 255, 255, 255, 255, 255, 255, 255, 255, 255
20,126 : 255, 255, 0, 255, 255, 0, 255, 255, 0
20,127 : 255, 255, 0, 255, 255, 0, 255, 255, 0
21,0 : 0, 254, 254, 0, 255, 251, 0, 254, 249
21,1 : 0, 255, 255, 0, 255, 253, 0, 252, 215
21,2 : 254, 254, 255, 255, 251, 252, 254, 249, 71
21,3 : 255, 255, 254, 255, 253, 237, 252, 215, 0
21,4 : 254, 255, 254, 251, 252, 160, 249, 71, 6
21,5 : 255, 254, 252, 253, 237, 64, 215, 0, 33
21,6 : 255, 254, 255, 252, 160, 14, 71, 6, 118
21,7 : 254, 252, 249, 237, 64, 6, 0, 33, 154
21,8 : 254, 255, 211, 160, 14, 12, 6, 118, 153
21,9 : 252, 249, 100, 64, 6, 29, 33, 154, 154
21,10 : 255, 211, 23, 14, 12, 47, 118, 153, 157
21,11 : 249, 100, 22, 6, 29, 65, 154, 154, 151
21,12 : 211, 23, 19, 12, 47, 86, 153, 157, 162
21,13 : 100, 22, 21, 29, 65, 109, 154, 151, 165
21,14 : 23, 19, 32, 47, 86, 119, 157, 162, 162
21,15 : 22, 21, 53, 65, 109, 140, 151, 165, 165
21,16 : 19, 32, 62, 86, 119, 163, 162, 162, 176
21,17 : 21, 53, 31, 109, 140, 172, 165, 165, 165
21,18 : 32, 62, 17, 119, 163, 161, 162, 176, 156
21,19 : 53, 31, 18, 140, 172, 140, 165, 165, 160
21,20 : 62, 17, 13, 163, 161, 124, 176, 156, 161
21,21 : 31, 18, 19, 172, 140, 149, 165, 160, 150
21,22 : 17, 13, 8, 161, 124, 158, 156, 161, 157
21,23 : 18, 19, 15, 140, 149, 160, 160, 150, 162
21,24 : 13, 8, 81, 124, 158, 158, 161, 157, 155
21,25 : 19, 15, 150, 149, 160, 150, 150, 162, 152
21,26 : 8, 81, 159, 158, 158, 155, 157, 155, 163
21,27 : 15, 150, 168, 160, 150, 159, 162, 152, 159
21,28 : 81, 159, 153, 158, 155, 153, 155, 163, 150
21,29 : 150, 168, 155, 150, 159, 156, 152, 159, 155
21,30 : 159, 153, 164, 155, 153, 159, 163, 150, 159
21,31 : 168, 155, 156, 159, 156, 154, 159, 155, 152
21,32 : 153, 164, 152, 153, 159, 153, 150, 159, 148
21,33 : 155, 156, 163, 156, 154, 161, 155, 152, 158
21,34 : 164, 152, 160, 159, 153, 155, 159, 148, 158
21,35 : 156, 163, 149, 154, 161, 146, 152, 158, 149
21,36 : 152, 160, 153, 153, 155, 152, 148, 158, 153
21,37 : 163, 149, 158, 161, 146, 156, 158, 149, 158
21,38 : 160, 153, 152, 155, 152, 151, 158, 153, 153
21,39 : 149, 158, 146, 146, 156, 149, 149, 158, 149
21,40 : 153, 152, 158, 152, 151, 161, 153, 153, 156
21,41 : 158, 146, 154, 156, 149, 157, 158, 149, 157
21,42 : 152, 158, 148, 151, 161, 149, 153, 156, 148
21,43 : 146, 154, 156, 149, 157, 156, 149, 157, 153
21,44 : 158, 148, 162, 161, 149, 156, 156, 148, 159
21,45 : 154, 156, 174, 157, 156, 153, 157, 153, 151
21,46 : 148, 162, 235, 149, 156, 194, 148, 159, 149
21,47 : 156, 174, 248, 156, 153, 244, 153, 151, 202
21,48 : 162, 235, 252, 156, 194, 253, 159, 149, 241
21,49 : 174, 248, 253, 153, 244, 253, 151, 202, 253
21,50 : 235, 252, 250, 194, 253, 255, 149, 241, 254
21,51 : 248, 253, 250, 244, 253, 253, 202, 253, 255
21,52 : 252, 250, 251, 253, 255, 254, 241, 254, 253
21,53 : 253, 250, 254, 253, 253, 255, 253, 255, 255
21,54 : 250, 251, 255, 255, 254, 255, 254, 253, 255
21,55 : 250, 254, 253, 253, 255, 254, 255, 255, 255
21,56 : 251, 255, 253, 254, 255, 254, 253, 255, 254
21,57 : 254, 253, 253, 255, 254, 255, 255, 255, 255
21,58 : 255, 253, 251, 255, 254, 253, 255, 254, 251
21,59 : 253, 253, 245, 254, 255, 253, 255, 255, 249
21,60 : 253, 251, 213, 254, 253, 250, 254, 251, 254
21,61 : 253, 245, 168, 255, 253, 231, 255, 249, 251
21,62 : 251, 213, 155, 253, 250, 188, 251, 254, 237
21,63 : 245, 168, 148, 253, 231, 148, 249, 251, 177
21,64 : 213, 155, 154, 250, 188, 154, 254, 237, 152
21,65 : 168, 148, 161, 231, 148, 159, 251, 177, 160
21,66 : 155, 154, 152, 188, 154, 155, 237, 152, 152
21,67 : 148, 161, 150, 148, 159, 150, 177, 160, 151
21,68 : 154, 152, 162, 154, 155, 158, 152, 152, 160
21,69 : 161, 150, 157, 159, 150, 161, 160, 151, 157
21,70 : 152, 162, 151, 155, 158, 149, 152, 160, 151
21,71 : 150, 157, 152, 150, 161, 154, 151, 157, 156
21,72 : 162, 151, 157, 158, 149, 160, 160, 151, 163
21,73 : 157, 152, 152, 161, 154, 152, 157, 156, 147
21,74 : 151, 157, 150, 149, 160, 148, 151, 163, 112
21,75 : 152, 152, 158, 154, 152, 159, 156, 147, 76
21,76 : 157, 150, 158, 160, 148, 161, 163, 112, 39
21,77 : 152, 158, 150, 152, 159, 152, 147, 76, 11
21,78 : 150, 158, 150, 148, 161, 158, 112, 39, 6
21,79 : 158, 150, 158, 159, 152, 163, 76, 11, 4
21,80 : 158, 150, 156, 161, 158, 153, 39, 6, 12
21,81 : 150, 158, 145, 152, 163, 147, 11, 4, 71
21,82 : 150, 156, 57, 158, 153, 145, 6, 12, 140
21,83 : 158, 145, 7, 163, 147, 59, 4, 71, 124
21,84 : 156, 57, 60, 153, 145, 5, 12, 140, 23
21,85 : 145, 7, 150, 147, 59, 20, 71, 124, 2
21,86 : 57, 60, 164, 145, 5, 124, 140, 23, 31
21,87 : 7, 150, 153, 59, 20, 159, 124, 2, 144
21,88 : 60, 164, 149, 5, 124, 148, 23, 31, 150
21,89 : 150, 153, 157, 20, 159, 156, 2, 144, 157
21,90 : 164, 149, 158, 124, 148, 159, 31, 150, 157
21,91 : 153, 157, 147, 159, 156, 149, 144, 157, 150
21,92 : 149, 158, 154, 148, 159, 152, 150, 157, 150
21,93 : 157, 147, 159, 156, 149, 160, 157, 150, 160
21,94 : 158, 154, 152, 159, 152, 155, 157, 150, 153
21,95 : 147, 159, 152, 149, 160, 149, 150, 160, 150
21,96 : 154, 152, 160, 152, 155, 155, 150, 153, 157
21,97 : 159, 152, 160, 160, 149, 159, 160, 150, 156
21,98 : 152, 160, 148, 155, 155, 147, 153, 157, 152
21,99 : 152, 160, 156, 149, 159, 155, 150, 156, 155
21,100 : 160, 148, 159, 155, 147, 159, 157, 152, 159
21,101 : 160, 156, 130, 159, 155, 158, 156, 155, 157
21,102 : 148, 159, 24, 147, 159, 151, 152, 159, 152
21,103 : 156, 130, 6, 155, 158, 66, 155, 157, 165
21,104 : 159, 24, 13, 159, 151, 4, 159, 152, 63
21,105 : 130, 6, 135, 158, 66, 4, 157, 165, 0
21,106 : 24, 13, 249, 151, 4, 87, 152, 63, 6
21,107 : 6, 135, 252, 66, 4, 239, 165, 0, 117
21,108 : 13, 249, 253, 4, 87, 250, 63, 6, 242
21,109 : 135, 252, 249, 4, 239, 251, 0, 117, 252
21,110 : 249, 253, 253, 87, 250, 253, 6, 242, 253
21,111 : 252, 249, 254, 239, 251, 253, 117, 252, 253
21,112 : 253, 253, 254, 250, 253, 253, 242, 253, 253
21,113 : 249, 254, 254, 251, 253, 254, 252, 253, 253
21,114 : 253, 254, 255, 253, 253, 254, 253, 253, 254
21,115 : 254, 254, 255, 253, 254, 254, 253, 253, 254
21,116 : 254, 255, 255, 253, 254, 254, 253, 254, 255
21,117 : 254, 255, 255, 254, 254, 254, 253, 254, 255
21,118 : 255, 255, 255, 254, 254, 255, 254, 255, 255
21,119 : 255, 255, 255, 254, 254, 255, 254, 255, 255
21,120 : 255, 255, 255, 254, 255, 255, 255, 255, 255
21,121 : 255, 255, 255, 254, 255, 255, 255, 255, 255
21,122 : 255, 255, 255, 255, 255, 255, 255, 255, 255
21,123 : 255, 255, 255, 255, 255, 255, 255, 255, 255
21,124 : 255, 255, 255, 255, 255, 255, 255, 255, 255
21,125 : 255, 255, 255, 255, 255, 255, 255, 255, 255
21,126 : 255, 255, 0, 255, 255, 0, 255, 255, 0
21,127 : 255, 255, 0, 255, 255, 0, 255, 255, 0
22,0 : 0, 254, 255, 0, 255, 255, 0, 255, 220
22,1 : 0, 254, 254, 0, 249, 251, 0, 252, 66
22,2 : 254, 255, 255, 255, 255, 215, 255, 220, 2
22,3 : 254, 254, 254, 249, 251, 75, 252, 66, 12
22,4 : 255, 255, 255, 255, 215, 5, 220, 2, 66
22,5 : 254, 254, 246, 251, 75, 3, 66, 12, 138
22,6 : 255, 255, 193, 215, 5, 18, 2, 66, 157
22,7 : 254, 246, 89, 75, 3, 64, 12, 138, 149
22,8 : 255, 193, 18, 5, 18, 132, 66, 157, 155
22,9 : 246, 89, 4, 3, 64, 160, 138, 149, 159
22,10 : 193, 18, 10, 18, 132, 151, 157, 155, 154
22,11 : 89, 4, 28, 64, 160, 151, 149, 159, 153
22,12 : 18, 10, 26, 132, 151, 161, 155, 154, 164
22,13 : 4, 28, 3, 160, 151, 163, 159, 153, 162
22,14 : 10, 26, 4, 151, 161, 161, 154, 164, 158
22,15 : 28, 3, 11, 151, 163, 173, 153, 162, 166
22,16 : 26, 4, 18, 161, 161, 173, 164, 158, 173
22,17 : 3, 11, 46, 163, 173, 165, 162, 166, 163
22,18 : 4, 18, 49, 161, 173, 158, 158, 173, 156
22,19 : 11, 46, 19, 173, 165, 159, 166, 163, 160
22,20 : 18, 49, 12, 173, 158, 159, 173, 156, 159
22,21 : 46, 19, 40, 165, 159, 156, 163, 160, 151
22,22 : 49, 12, 94, 158, 159, 156, 156, 159, 157
22,23 : 19, 40, 144, 159, 156, 163, 160, 151, 160
22,24 : 12, 94, 157, 159, 156, 154, 159, 157, 154
22,25 : 40, 144, 157, 156, 163, 150, 151, 160, 147
22,26 : 94, 157, 162, 156, 154, 162, 157, 154, 161
22,27 : 144, 157, 156, 163, 150, 159, 160, 147, 156
22,28 : 157, 162, 149, 154, 162, 151, 154, 161, 148
22,29 : 157, 156, 156, 150, 159, 157, 147, 156, 152
22,30 : 162, 149, 161, 162, 151, 162, 161, 148, 154
22,31 : 156, 156, 151, 159, 157, 154, 156, 152, 152
22,32 : 149, 161, 148, 151, 162, 148, 148, 154, 151
22,33 : 156, 151, 158, 157, 154, 156, 152, 152, 156
22,34 : 161, 148, 157, 162, 148, 155, 154, 151, 159
22,35 : 151, 158, 149, 154, 156, 148, 152, 156, 151
22,36 : 148, 157, 155, 148, 155, 154, 151, 159, 153
22,37 : 158, 149, 158, 156, 148, 159, 156, 151, 158
22,38 : 157, 155, 151, 155, 154, 151, 159, 153, 150
22,39 : 149, 158, 148, 148, 159, 149, 151, 158, 146
22,40 : 155, 151, 160, 154, 151, 159, 153, 150, 157
22,41 : 158, 148, 154, 159, 149, 158, 158, 146, 157
22,42 : 151, 160, 148, 151, 159, 150, 150, 157, 148
22,43 : 148, 154, 156, 149, 158, 155, 146, 157, 155
22,44 : 160, 148, 158, 159, 150, 158, 157, 148, 159
22,45 : 154, 156, 165, 158, 155, 150, 157, 155, 152
22,46 : 148, 158, 224, 150, 158, 178, 148, 159, 149
22,47 : 156, 165, 250, 155, 150, 235, 155, 152, 167
22,48 : 158, 224, 252, 158, 178, 253, 159, 149, 219
22,49 : 165, 250, 252, 150, 235, 249, 152, 167, 247
22,50 : 224, 252, 252, 178, 253, 252, 149, 219, 252
22,51 : 250, 252, 255, 235, 249, 255, 167, 247, 254
22,52 : 252, 252, 255, 253, 252, 255, 219, 252, 254
22,53 : 252, 255, 252, 249, 255, 255, 247, 254, 255
22,54 : 252, 255, 252, 252, 255, 252, 252, 254, 255
22,55 : 255, 252, 255, 255, 255, 255, 254, 255, 254
22,56 : 255, 252, 253, 255, 252, 254, 254, 255, 255
22,57 : 252, 255, 255, 255, 255, 251, 255, 254, 255
22,58 : 252, 253, 253, 252, 254, 254, 255, 255, 249
22,59 : 255, 255, 247, 255, 251, 255, 254, 255, 251
22,60 : 253, 253, 237, 254, 254, 249, 255, 249, 250
22,61 : 255, 247, 208, 251, 255, 246, 255, 251, 249
22,62 : 253, 237, 165, 254, 249, 217, 249, 250, 246
22,63 : 247, 208, 145, 255, 246, 162, 251, 249, 208
22,64 : 237, 165, 156, 249, 217, 152, 250, 246, 158
22,65 : 208, 145, 159, 246, 162, 160, 249, 208, 159
22,66 : 165, 156, 153, 217, 152, 154, 246, 158, 151
22,67 : 145, 159, 151, 162, 160, 150, 208, 159, 153
22,68 : 156, 153, 161, 152, 154, 158, 158, 151, 165
22,69 : 159, 151, 158, 160, 150, 160, 159, 153, 151
22,70 : 153, 161, 150, 154, 158, 152, 151, 165, 120
22,71 : 151, 158, 155, 150, 160, 154, 153, 151, 81
22,72 : 161, 150, 162, 158, 152, 158, 165, 120, 53
22,73 : 158, 155, 157, 160, 154, 155, 151, 81, 27
22,74 : 150, 162, 152, 152, 158, 154, 120, 53, 4
22,75 : 155, 157, 158, 154, 155, 159, 81, 27, 2
22,76 : 162, 152, 158, 158, 154, 148, 53, 4, 5
22,77 : 157, 158, 150, 155, 159, 129, 27, 2, 3
22,78 : 152, 158, 153, 154, 148, 110, 4, 5, 1
22,79 : 158, 150, 154, 159, 129, 78, 2, 3, 3
22,80 : 158, 153, 153, 148, 110, 44, 5, 1, 14
22,81 : 150, 154, 157, 129, 78, 20, 3, 3, 144
22,82 : 153, 153, 125, 110, 44, 13, 1, 14, 249
22,83 : 154, 157, 23, 78, 20, 8, 3, 144, 237
22,84 : 153, 125, 13, 44, 13, 1, 14, 249, 101
22,85 : 157, 23, 98, 20, 8, 2, 144, 237, 7
22,86 : 125, 13, 157, 13, 1, 76, 249, 101, 17
22,87 : 23, 98, 159, 8, 2, 156, 237, 7, 121
22,88 : 13, 157, 148, 1, 76, 153, 101, 17, 157
22,89 : 98, 159, 157, 2, 156, 159, 7, 121, 156
22,90 : 157, 148, 159, 76, 153, 159, 17, 157, 158
22,91 : 159, 157, 148, 156, 159, 150, 121, 156, 149
22,92 : 148, 159, 153, 153, 159, 150, 157, 158, 152
22,93 : 157, 148, 159, 159, 150, 159, 156, 149, 159
22,94 : 159, 153, 154, 159, 150, 153, 158, 152, 156
22,95 : 148, 159, 151, 150, 159, 149, 149, 159, 147
22,96 : 153, 154, 159, 150, 153, 160, 152, 156, 159
22,97 : 159, 151, 157, 159, 149, 163, 159, 147, 163
22,98 : 154, 159, 151, 153, 160, 149, 156, 159, 148
22,99 : 151, 157, 152, 149, 163, 150, 147, 163, 147
22,100 : 159, 151, 159, 160, 149, 160, 159, 148, 165
22,101 : 157, 152, 154, 163, 150, 155, 163, 147, 160
22,102 : 151, 159, 121, 149, 160, 152, 148, 165, 158
22,103 : 152, 154, 16, 150, 155, 120, 147, 160, 168
22,104 : 159, 121, 0, 160, 152, 18, 165, 158, 131
22,105 : 154, 16, 34, 155, 120, 0, 160, 168, 16
22,106 : 121, 0, 180, 152, 18, 37, 158, 131, 3
22,107 : 16, 34, 252, 120, 0, 200, 168, 16, 27
22,108 : 0, 180, 252, 18, 37, 253, 131, 3, 161
22,109 : 34, 252, 255, 0, 200, 255, 16, 27, 247
22,110 : 180, 252, 253, 37, 253, 253, 3, 161, 252
22,111 : 252, 255, 253, 200, 255, 253, 27, 247, 248
22,112 : 252, 253, 253, 253, 253, 253, 161, 252, 255
22,113 : 255, 253, 254, 255, 253, 253, 247, 248, 253
22,114 : 253, 253, 254, 253, 253, 254, 252, 255, 253
22,115 : 253, 254, 255, 253, 253, 254, 248, 253, 255
22,116 : 253, 254, 255, 253, 254, 254, 255, 253, 255
22,117 : 254, 255, 255, 253, 254, 254, 253, 255, 254
22,118 : 254, 255, 255, 254, 254, 255, 253, 255, 255
22,119 : 255, 255, 255, 254, 254, 255, 255, 254, 255
22,120 : 255, 255, 255, 254, 255, 255, 255, 255, 255
22,121 : 255, 255, 255, 254, 255, 255, 254, 255, 255
22,122 : 255, 255, 255, 255, 255, 255, 255, 255, 255
22,123 : 255, 255, 255, 255, 255, 255, 255, 255, 255
22,124 : 255, 255, 255, 255, 255, 255, 255, 255, 255
22,125 : 255, 255, 255, 255, 255, 255, 255, 255, 255
22,126 : 255, 255, 0, 255, 255, 0, 255, 255, 0
22,127 : 255, 255, 0, 255, 255, 0, 255, 255, 0
23,0 : 0, 255, 251, 0, 254, 249, 0, 252, 131
23,1 : 0, 255, 253, 0, 252, 215, 0, 248, 5
23,2 : 255, 251, 252, 254, 249, 71, 252, 131, 12
23,3 : 255, 253, 237, 252, 215, 0, 248, 5, 86
23,4 : 251, 252, 160, 249, 71, 6, 131, 12, 149
23,5 : 253, 237, 64, 215, 0, 33, 5, 86, 158
23,6 : 252, 160, 14, 71, 6, 118, 12, 149, 157
23,7 : 237, 64, 6, 0, 33, 154, 86, 158, 149
23,8 : 160, 14, 12, 6, 118, 153, 149, 157, 155
23,9 : 64, 6, 29, 33, 154, 154, 158, 149, 160
23,10 : 14, 12, 47, 118, 153, 157, 157, 155, 155
23,11 : 6, 29, 65, 154, 154, 151, 149, 160, 153
23,12 : 12, 47, 86, 153, 157, 162, 155, 155, 164
23,13 : 29, 65, 109, 154, 151, 165, 160, 153, 161
23,14 : 47, 86, 119, 157, 162, 162, 155, 164, 160
23,15 : 65, 109, 140, 151, 165, 165, 153, 161, 167
23,16 : 86, 119, 163, 162, 162, 176, 164, 160, 173
23,17 : 109, 140, 172, 165, 165, 165, 161, 167, 164
23,18 : 119, 163, 161, 162, 176, 156, 160, 173, 157
23,19 : 140, 172, 140, 165, 165, 160, 167, 164, 161
23,20 : 163, 161, 124, 176, 156, 161, 173, 157, 159
23,21 : 172, 140, 149, 165, 160, 150, 164, 161, 150
23,22 : 161, 124, 158, 156, 161, 157, 157, 159, 154
23,23 : 140, 149, 160, 160, 150, 162, 161, 150, 157
23,24 : 124, 158, 158, 161, 157, 155, 159, 154, 154
23,25 : 149, 160, 150, 150, 162, 152, 150, 157, 150
23,26 : 158, 158, 155, 157, 155, 163, 154, 154, 159
23,27 : 160, 150, 159, 162, 152, 159, 157, 150, 156
23,28 : 158, 155, 153, 155, 163, 150, 154, 159, 146
23,29 : 150, 159, 156, 152, 159, 155, 150, 156, 152
23,30 : 155, 153, 159, 163, 150, 159, 159, 146, 161
23,31 : 159, 156, 154, 159, 155, 152, 156, 152, 148
23,32 : 153, 159, 153, 150, 159, 148, 146, 161, 147
23,33 : 156, 154, 161, 155, 152, 158, 152, 148, 161
23,34 : 159, 153, 155, 159, 148, 158, 161, 147, 154
23,35 : 154, 161, 146, 152, 158, 149, 148, 161, 151
23,36 : 153, 155, 152, 148, 158, 153, 147, 154, 151
23,37 : 161, 146, 156, 158, 149, 158, 161, 151, 160
23,38 : 155, 152, 151, 158, 153, 153, 154, 151, 156
23,39 : 146, 156, 149, 149, 158, 149, 151, 160, 147
23,40 : 152, 151, 161, 153, 153, 156, 151, 156, 156
23,41 : 156, 149, 157, 158, 149, 157, 160, 147, 157
23,42 : 151, 161, 149, 153, 156, 148, 156, 156, 147
23,43 : 149, 157, 156, 149, 157, 153, 147, 157, 150
23,44 : 161, 149, 156, 156, 148, 159, 156, 147, 155
23,45 : 157, 156, 153, 157, 153, 151, 157, 150, 154
23,46 : 149, 156, 194, 148, 159, 149, 147, 155, 151
23,47 : 156, 153, 244, 153, 151, 202, 150, 154, 167
23,48 : 156, 194, 253, 159, 149, 241, 155, 151, 199
23,49 : 153, 244, 253, 151, 202, 253, 154, 167, 241
23,50 : 194, 253, 255, 149, 241, 254, 151, 199, 251
23,51 : 244, 253, 253, 202, 253, 255, 167, 241, 255
23,52 : 253, 255, 254, 241, 254, 253, 199, 251, 253
23,53 : 253, 253, 255, 253, 255, 255, 241, 255, 255
23,54 : 255, 254, 255, 254, 253, 255, 251, 253, 255
23,55 : 253, 255, 254, 255, 255, 255, 255, 255, 253
23,56 : 254, 255, 254, 253, 255, 254, 253, 255, 255
23,57 : 255, 254, 255, 255, 255, 255, 255, 253, 251
23,58 : 255, 254, 253, 255, 254, 251, 255, 255, 255
23,59 : 254, 255, 253, 255, 255, 249, 253, 251, 250
23,60 : 254, 253, 250, 254, 251, 254, 255, 255, 249
23,61 : 255, 253, 231, 255, 249, 251, 251, 250, 254
23,62 : 253, 250, 188, 251, 254, 237, 255, 249, 252
23,63 : 253, 231, 148, 249, 251, 177, 250, 254, 230
23,64 : 250, 188, 154, 254, 237, 152, 249, 252, 154
23,65 : 231, 148, 159, 251, 177, 160, 254, 230, 124
23,66 : 188, 154, 155, 237, 152, 152, 252, 154, 83
23,67 : 148, 159, 150, 177, 160, 151, 230, 124, 58
23,68 : 154, 155, 158, 152, 152, 160, 154, 83, 48
23,69 : 159, 150, 161, 160, 151, 157, 124, 58, 15
23,70 : 155, 158, 149, 152, 160, 151, 83, 48, 7
23,71 : 150, 161, 154, 151, 157, 156, 58, 15, 4
23,72 : 158, 149, 160, 160, 151, 163, 48, 7, 1
23,73 : 161, 154, 152, 157, 156, 147, 15, 4, 2
23,74 : 149, 160, 148, 151, 163, 112, 7, 1, 6
23,75 : 154, 152, 159, 156, 147, 76, 4, 2, 12
23,76 : 160, 148, 161, 163, 112, 39, 1, 6, 4
23,77 : 152, 159, 152, 147, 76, 11, 2, 12, 2
23,78 : 148, 161, 158, 112, 39, 6, 6, 4, 2
23,79 : 159, 152, 163, 76, 11, 4, 12, 2, 3
23,80 : 161, 158, 153, 39, 6, 12, 4, 2, 61
23,81 : 152, 163, 147, 11, 4, 71, 2, 3, 207
23,82 : 158, 153, 145, 6, 12, 140, 2, 61, 250
23,83 : 163, 147, 59, 4, 71, 124, 3, 207, 246
23,84 : 153, 145, 5, 12, 140, 23, 61, 250, 120
23,85 : 147, 59, 20, 71, 124, 2, 207, 246, 7
23,86 : 145, 5, 124, 140, 23, 31, 250, 120, 1
23,87 : 59, 20, 159, 124, 2, 144, 246, 7, 54
23,88 : 5, 124, 148, 23, 31, 150, 120, 1, 146
23,89 : 20, 159, 156, 2, 144, 157, 7, 54, 161
23,90 : 124, 148, 159, 31, 150, 157, 1, 146, 159
23,91 : 159, 156, 149, 144, 157, 150, 54, 161, 147
23,92 : 148, 159, 152, 150, 157, 150, 146, 159, 152
23,93 : 156, 149, 160, 157, 150, 160, 161, 147, 159
23,94 : 159, 152, 155, 157, 150, 153, 159, 152, 155
23,95 : 149, 160, 149, 150, 160, 150, 147, 159, 146
23,96 : 152, 155, 155, 150, 153, 157, 152, 155, 109
23,97 : 160, 149, 159, 160, 150, 156, 159, 146, 70
23,98 : 155, 155, 147, 153, 157, 152, 155, 109, 47
23,99 : 149, 159, 155, 150, 156, 155, 146, 70, 40
23,100 : 155, 147, 159, 157, 152, 159, 109, 47, 45
23,101 : 159, 155, 158, 156, 155, 157, 70, 40, 50
23,102 : 147, 159, 151, 152, 159, 152, 47, 45, 56
23,103 : 155, 158, 66, 155, 157, 165, 40, 50, 70
23,104 : 159, 151, 4, 159, 152, 63, 45, 56, 97
23,105 : 158, 66, 4, 157, 165, 0, 50, 70, 64
23,106 : 151, 4, 87, 152, 63, 6, 56, 97, 14
23,107 : 66, 4, 239, 165, 0, 117, 70, 64, 2
23,108 : 4, 87, 250, 63, 6, 242, 97, 14, 40
23,109 : 4, 239, 251, 0, 117, 252, 64, 2, 199
23,110 : 87, 250, 253, 6, 242, 253, 14, 40, 251
23,111 : 239, 251, 253, 117, 252, 253, 2, 199, 252
23,112 : 250, 253, 253, 242, 253, 253, 40, 251, 253
23,113 : 251, 253, 254, 252, 253, 253, 199, 252, 254
23,114 : 253, 253, 254, 253, 253, 254, 251, 253, 253
23,115 : 253, 254, 254, 253, 253, 254, 252, 254, 253
23,116 : 253, 254, 254, 253, 254, 255, 253, 253, 250
23,117 : 254, 254, 254, 253, 254, 255, 254, 253, 255
23,118 : 254, 254, 255, 254, 255, 255, 253, 250, 255
23,119 : 254, 254, 255, 254, 255, 255, 253, 255, 255
23,120 : 254, 255, 255, 255, 255, 255, 250, 255, 255
23,121 : 254, 255, 255, 255, 255, 255, 255, 255, 255
23,122 : 255, 255, 255, 255, 255, 255, 255, 255, 255
23,123 : 255, 255, 255, 255, 255, 255, 255, 255, 255
23,124 : 255, 255, 255, 255, 255, 255, 255, 255, 255
23,125 : 255, 255, 255, 255, 255, 255, 255, 255, 255
23,126 : 255, 255, 0, 255, 255, 0, 255, 255, 0
23,127 : 255, 255, 0, 255, 255, 0, 255, 255, 0
24,0 : 0, 255, 255, 0, 255, 220, 0, 255, 46
24,1 : 0, 249, 251, 0, 252, 66, 0, 211, 0
24,2 : 255, 255, 215, 255, 220, 2, 255, 46, 34
24,3 : 249, 251, 75, 252, 66, 12, 211, 0, 139
24,4 : 255, 215, 5, 220, 2, 66, 46, 34, 156
24,5 : 251, 75, 3, 66, 12, 138, 0, 139, 163
24,6 : 215, 5, 18, 2, 66, 157, 34, 156, 161
24,7 : 75, 3, 64, 12, 138, 149, 139, 163, 153
24,8 : 5, 18, 132, 66, 157, 155, 156, 161, 158
24,9 : 3, 64, 160, 138, 149, 159, 163, 153, 163
24,10 : 18, 132, 151, 157, 155, 154, 161, 158, 156
24,11 : 64, 160, 151, 149, 159, 153, 153, 163, 153
24,12 : 132, 151, 161, 155, 154, 164, 158, 156, 163
24,13 : 160, 151, 163, 159, 153, 162, 163, 153, 159
24,14 : 151, 161, 161, 154, 164, 158, 156, 163, 159
24,15 : 151, 163, 173, 153, 162, 166, 153, 159, 165
24,16 : 161, 161, 173, 164, 158, 173, 163, 159, 170
24,17 : 163, 173, 165, 162, 166, 163, 159, 165, 160
24,18 : 161, 173, 158, 158, 173, 156, 159, 170, 154
24,19 : 173, 165, 159, 166, 163, 160, 165, 160, 159
24,20 : 173, 158, 159, 173, 156, 159, 170, 154, 157
24,21 : 165, 159, 156, 163, 160, 151, 160, 159, 149
24,22 : 158, 159, 156, 156, 159, 157, 154, 157, 155
24,23 : 159, 156, 163, 160, 151, 160, 159, 149, 158
24,24 : 159, 156, 154, 159, 157, 154, 157, 155, 150
24,25 : 156, 163, 150, 151, 160, 147, 149, 158, 145
24,26 : 156, 154, 162, 157, 154, 161, 155, 150, 155
24,27 : 163, 150, 159, 160, 147, 156, 158, 145, 160
24,28 : 154, 162, 151, 154, 161, 148, 150, 155, 108
24,29 : 150, 159, 157, 147, 156, 152, 145, 160, 98
24,30 : 162, 151, 162, 161, 148, 154, 155, 108, 146
24,31 : 159, 157, 154, 156, 152, 152, 160, 98, 155
24,32 : 151, 162, 148, 148, 154, 151, 108, 146, 150
24,33 : 157, 154, 156, 152, 152, 156, 98, 155, 157
24,34 : 162, 148, 155, 154, 151, 159, 146, 150, 157
24,35 : 154, 156, 148, 152, 156, 151, 155, 157, 151
24,36 : 148, 155, 154, 151, 159, 153, 150, 157, 155
24,37 : 156, 148, 159, 156, 151, 158, 157, 151, 159
24,38 : 155, 154, 151, 159, 153, 150, 157, 155, 152
24,39 : 148, 159, 149, 151, 158, 146, 151, 159, 151
24,40 : 154, 151, 159, 153, 150, 157, 155, 152, 160
24,41 : 159, 149, 158, 158, 146, 157, 159, 151, 159
24,42 : 151, 159, 150, 150, 157, 148, 152, 160, 153
24,43 : 149, 158, 155, 146, 157, 155, 151, 159, 162
24,44 : 159, 150, 158, 157, 148, 159, 160, 153, 171
24,45 : 158, 155, 150, 157, 155, 152, 159, 162, 169
24,46 : 150, 158, 178, 148, 159, 149, 153, 171, 164
24,47 : 155, 150, 235, 155, 152, 167, 162, 169, 166
24,48 : 158, 178, 253, 159, 149, 219, 171, 164, 176
24,49 : 150, 235, 249, 152, 167, 247, 169, 166, 220
24,50 : 178, 253, 252, 149, 219, 252, 164, 176, 252
24,51 : 235, 249, 255, 167, 247, 254, 166, 220, 252
24,52 : 253, 252, 255, 219, 252, 254, 176, 252, 255
24,53 : 249, 255, 255, 247, 254, 255, 220, 252, 250
24,54 : 252, 255, 252, 252, 254, 255, 252, 255, 255
24,55 : 255, 255, 255, 254, 255, 254, 252, 250, 255
24,56 : 255, 252, 254, 254, 255, 255, 255, 255, 255
24,57 : 255, 255, 251, 255, 254, 255, 250, 255, 255
24,58 : 252, 254, 254, 255, 255, 249, 255, 255, 255
24,59 : 255, 251, 255, 254, 255, 251, 255, 255, 255
24,60 : 254, 254, 249, 255, 249, 250, 255, 255, 246
24,61 : 251, 255, 246, 255, 251, 249, 255, 255, 213
24,62 : 254, 249, 217, 249, 250, 246, 255, 246, 165
24,63 : 255, 246, 162, 251, 249, 208, 255, 213, 86
24,64 : 249, 217, 152, 250, 246, 158, 246, 165, 26
24,65 : 246, 162, 160, 249, 208, 159, 213, 86, 6
24,66 : 217, 152, 154, 246, 158, 151, 165, 26, 0
24,67 : 162, 160, 150, 208, 159, 153, 86, 6, 4
24,68 : 152, 154, 158, 158, 151, 165, 26, 0, 2
24,69 : 160, 150, 160, 159, 153, 151, 6, 4, 1
24,70 : 154, 158, 152, 151, 165, 120, 0, 2, 0
24,71 : 150, 160, 154, 153, 151, 81, 4, 1, 2
24,72 : 158, 152, 158, 165, 120, 53, 2, 0, 3
24,73 : 160, 154, 155, 151, 81, 27, 1, 2, 2
24,74 : 152, 158, 154, 120, 53, 4, 0, 3, 0
24,75 : 154, 155, 159, 81, 27, 2, 2, 2, 2
24,76 : 158, 154, 148, 53, 4, 5, 3, 0, 0
24,77 : 155, 159, 129, 27, 2, 3, 2, 2, 3
24,78 : 154, 148, 110, 4, 5, 1, 0, 0, 3
24,79 : 159, 129, 78, 2, 3, 3, 2, 3, 23
24,80 : 148, 110, 44, 5, 1, 14, 0, 3, 163
24,81 : 129, 78, 20, 3, 3, 144, 3, 23, 250
24,82 : 110, 44, 13, 1, 14, 249, 3, 163, 254
24,83 : 78, 20, 8, 3, 144, 237, 23, 250, 245
24,84 : 44, 13, 1, 14, 249, 101, 163, 254, 118
24,85 : 20, 8, 2, 144, 237, 7, 250, 245, 5
24,86 : 13, 1, 76, 249, 101, 17, 254, 118, 3
24,87 : 8, 2, 156, 237, 7, 121, 245, 5, 15
24,88 : 1, 76, 153, 101, 17, 157, 118, 3, 117
24,89 : 2, 156, 159, 7, 121, 156, 5, 15, 157
24,90 : 76, 153, 159, 17, 157, 158, 3, 117, 156
24,91 : 156, 159, 150, 121, 156, 149, 15, 157, 150
24,92 : 153, 159, 150, 157, 158, 152, 117, 156, 154
24,93 : 159, 150, 159, 156, 149, 159, 157, 150, 161
24,94 : 159, 150, 153, 158, 152, 156, 156, 154, 139
24,95 : 150, 159, 149, 149, 159, 147, 150, 161, 53
24,96 : 150, 153, 160, 152, 156, 159, 154, 139, 8
24,97 : 159, 149, 163, 159, 147, 163, 161, 53, 13
24,98 : 153, 160, 149, 156, 159, 148, 139, 8, 67
24,99 : 149, 163, 150, 147, 163, 147, 53, 13, 90
24,100 : 160, 149, 160, 159, 148, 165, 8, 67, 80
24,101 : 163, 150, 155, 163, 147, 160, 13, 90, 73
24,102 : 149, 160, 152, 148, 165, 158, 67, 80, 66
24,103 : 150, 155, 120, 147, 160, 168, 90, 73, 38
24,104 : 160, 152, 18, 165, 158, 131, 80, 66, 9
24,105 : 155, 120, 0, 160, 168, 16, 73, 38, 13
24,106 : 152, 18, 37, 158, 131, 3, 66, 9, 21
24,107 : 120, 0, 200, 168, 16, 27, 38, 13, 5
24,108 : 18, 37, 253, 131, 3, 161, 9, 21, 4
24,109 : 0, 200, 255, 16, 27, 247, 13, 5, 83
24,110 : 37, 253, 253, 3, 161, 252, 21, 4, 226
24,111 : 200, 255, 253, 27, 247, 248, 5, 83, 251
24,112 : 253, 253, 253, 161, 252, 255, 4, 226, 248
24,113 : 255, 253, 253, 247, 248, 253, 83, 251, 255
24,114 : 253, 253, 254, 252, 255, 253, 226, 248, 254
24,115 : 253, 253, 254, 248, 253, 255, 251, 255, 255
24,116 : 253, 254, 254, 255, 253, 255, 248, 254, 254
24,117 : 253, 254, 254, 253, 255, 254, 255, 255, 255
24,118 : 254, 254, 255, 253, 255, 255, 254, 254, 255
24,119 : 254, 254, 255, 255, 254, 255, 255, 255, 255
24,120 : 254, 255, 255, 255, 255, 255, 254, 255, 255
24,121 : 254, 255, 255, 254, 255, 255, 255, 255, 255
24,122 : 255, 255, 255, 255, 255, 255, 255, 255, 255
24,123 : 255, 255, 255, 255, 255, 255, 255, 255, 255
24,124 : 255, 255, 255, 255, 255, 255, 255, 255, 255
24,125 : 255, 255, 255, 255, 255, 255, 255, 255, 255
24,126 : 255, 255, 0, 255, 255, 0, 255, 255, 0
24,127 : 255, 255, 0, 255, 255, 0, 255, 255, 0
25,0 : 0, 254, 249, 0, 252, 131, 0, 245, 6
25,1 : 0, 252, 215, 0, 248, 5, 0, 126, 6
25,2 : 254, 249, 71, 252, 131, 12, 245, 6, 86
25,3 : 252, 215, 0, 248, 5, 86, 126, 6, 169
25,4 : 249, 71, 6, 131, 12, 149, 6, 86, 157
25,5 : 215, 0, 33, 5, 86, 158, 6, 169, 166
25,6 : 71, 6, 118, 12, 149, 157, 86, 157, 161
25,7 : 0, 33, 154, 86, 158, 149, 169, 166, 154
25,8 : 6, 118, 153, 149, 157, 155, 157, 161, 159
25,9 : 33, 154, 154, 158, 149, 160, 166, 154, 164
25,10 : 118, 153, 157, 157, 155, 155, 161, 159, 157
25,11 : 154, 154, 151, 149, 160, 153, 154, 164, 153
25,12 : 153, 157, 162, 155, 155, 164, 159, 157, 162
25,13 : 154, 151, 165, 160, 153, 161, 164, 153, 158
25,14 : 157, 162, 162, 155, 164, 160, 157, 162, 155
25,15 : 151, 165, 165, 153, 161, 167, 153, 158, 160
25,16 : 162, 162, 176, 164, 160, 173, 162, 155, 163
25,17 : 165, 165, 165, 161, 167, 164, 158, 160, 153
25,18 : 162, 176, 156, 160, 173, 157, 155, 163, 148
25,19 : 165, 165, 160, 167, 164, 161, 160, 153, 156
25,20 : 176, 156, 161, 173, 157, 159, 163, 148, 156
25,21 : 165, 160, 150, 164, 161, 150, 153, 156, 148
25,22 : 156, 161, 157, 157, 159, 154, 148, 156, 150
25,23 : 160, 150, 162, 161, 150, 157, 156, 148, 158
25,24 : 161, 157, 155, 159, 154, 154, 156, 150, 152
25,25 : 150, 162, 152, 150, 157, 150, 148, 158, 151
25,26 : 157, 155, 163, 154, 154, 159, 150, 152, 157
25,27 : 162, 152, 159, 157, 150, 156, 158, 151, 153
25,28 : 155, 163, 150, 154, 159, 146, 152, 157, 42
25,29 : 152, 159, 155, 150, 156, 152, 151, 153, 3
25,30 : 163, 150, 159, 159, 146, 161, 157, 42, 97
25,31 : 159, 155, 152, 156, 152, 148, 153, 3, 166
25,32 : 150, 159, 148, 146, 161, 147, 42, 97, 155
25,33 : 155, 152, 158, 152, 148, 161, 3, 166, 152
25,34 : 159, 148, 158, 161, 147, 154, 97, 155, 151
25,35 : 152, 158, 149, 148, 161, 151, 166, 152, 119
25,36 : 148, 158, 153, 147, 154, 151, 155, 151, 98
25,37 : 158, 149, 158, 161, 151, 160, 152, 119, 98
25,38 : 158, 153, 153, 154, 151, 156, 151, 98, 70
25,39 : 149, 158, 149, 151, 160, 147, 119, 98, 61
25,40 : 153, 153, 156, 151, 156, 156, 98, 70, 62
25,41 : 158, 149, 157, 160, 147, 157, 98, 61, 73
25,42 : 153, 156, 148, 156, 156, 147, 70, 62, 92
25,43 : 149, 157, 153, 147, 157, 150, 61, 73, 113
25,44 : 156, 148, 159, 156, 147, 155, 62, 92, 114
25,45 : 157, 153, 151, 157, 150, 154, 73, 113, 97
25,46 : 148, 159, 149, 147, 155, 151, 92, 114, 87
25,47 : 153, 151, 202, 150, 154, 167, 113, 97, 64
25,48 : 159, 149, 241, 155, 151, 199, 114, 87, 52
25,49 : 151, 202, 253, 154, 167, 241, 97, 64, 64
25,50 : 149, 241, 254, 151, 199, 251, 87, 52, 85
25,51 : 202, 253, 255, 167, 241, 255, 64, 64, 93
25,52 : 241, 254, 253, 199, 251, 253, 52, 85, 88
25,53 : 253, 255, 255, 241, 255, 255, 64, 93, 115
25,54 : 254, 253, 255, 251, 253, 255, 85, 88, 175
25,55 : 255, 255, 255, 255, 255, 253, 93, 115, 247
25,56 : 253, 255, 254, 253, 255, 255, 88, 175, 253
25,57 : 255, 255, 255, 255, 253, 251, 115, 247, 253
25,58 : 255, 254, 251, 255, 255, 255, 175, 253, 252
25,59 : 255, 255, 249, 253, 251, 250, 247, 253, 238
25,60 : 254, 251, 254, 255, 255, 249, 253, 252, 122
25,61 : 255, 249, 251, 251, 250, 254, 253, 238, 29
25,62 : 251, 254, 237, 255, 249, 252, 252, 122, 5
25,63 : 249, 251, 177, 250, 254, 230, 238, 29, 5
25,64 : 254, 237, 152, 249, 252, 154, 122, 5, 8
25,65 : 251, 177, 160, 254, 230, 124, 29, 5, 10
25,66 : 237, 152, 152, 252, 154, 83, 5, 8, 1
25,67 : 177, 160, 151, 230, 124, 58, 5, 10, 0
25,68 : 152, 152, 160, 154, 83, 48, 8, 1, 0
25,69 : 160, 151, 157, 124, 58, 15, 10, 0, 1
25,70 : 152, 160, 151, 83, 48, 7, 1, 0, 3
25,71 : 151, 157, 156, 58, 15, 4, 0, 1, 1
25,72 : 160, 151, 163, 48, 7, 1, 0, 3, 1
25,73 : 157, 156, 147, 15, 4, 2, 1, 1, 1
25,74 : 151, 163, 112, 7, 1, 6, 3, 1, 2
25,75 : 156, 147, 76, 4, 2, 12, 1, 1, 0
25,76 : 163, 112, 39, 1, 6, 4, 1, 2, 3
25,77 : 147, 76, 11, 2, 12, 2, 1, 0, 14
25,78 : 112, 39, 6, 6, 4, 2, 2, 3, 71
25,79 : 76, 11, 4, 12, 2, 3, 0, 14, 163
25,80 : 39, 6, 12, 4, 2, 61, 3, 71, 238
25,81 : 11, 4, 71, 2, 3, 207, 14, 163, 254
25,82 : 6, 12, 140, 2, 61, 250, 71, 238, 252
25,83 : 4, 71, 124, 3, 207, 246, 163, 254, 245
25,84 : 12, 140, 23, 61, 250, 120, 238, 252, 125
25,85 : 71, 124, 2, 207, 246, 7, 254, 245, 4
25,86 : 140, 23, 31, 250, 120, 1, 252, 125, 0
25,87 : 124, 2, 144, 246, 7, 54, 245, 4, 10
25,88 : 23, 31, 150, 120, 1, 146, 125, 0, 105
25,89 : 2, 144, 157, 7, 54, 161, 4, 10, 169
25,90 : 31, 150, 157, 1, 146, 159, 0, 105, 160
25,91 : 144, 157, 150, 54, 161, 147, 10, 169, 146
25,92 : 150, 157, 150, 146, 159, 152, 105, 160, 154
25,93 : 157, 150, 160, 161, 147, 159, 169, 146, 136
25,94 : 157, 150, 153, 159, 152, 155, 160, 154, 46
25,95 : 150, 160, 150, 147, 159, 146, 146, 136, 4
25,96 : 150, 153, 157, 152, 155, 109, 154, 46, 37
25,97 : 160, 150, 156, 159, 146, 70, 136, 4, 169
25,98 : 153, 157, 152, 155, 109, 47, 46, 37, 244
25,99 : 150, 156, 155, 146, 70, 40, 4, 169, 250
25,100 : 157, 152, 159, 109, 47, 45, 37, 244, 250
25,101 : 156, 155, 157, 70, 40, 50, 169, 250, 246
25,102 : 152, 159, 152, 47, 45, 56, 244, 250, 246
25,103 : 155, 157, 165, 40, 50, 70, 250, 246, 235
25,104 : 159, 152, 63, 45, 56, 97, 250, 246, 141
25,105 : 157, 165, 0, 50, 70, 64, 246, 235, 16
25,106 : 152, 63, 6, 56, 97, 14, 246, 141, 10
25,107 : 165, 0, 117, 70, 64, 2, 235, 16, 5
25,108 : 63, 6, 242, 97, 14, 40, 141, 10, 0
25,109 : 0, 117, 252, 64, 2, 199, 16, 5, 10
25,110 : 6, 242, 253, 14, 40, 251, 10, 0, 120
25,111 : 117, 252, 253, 2, 199, 252, 5, 10, 239
25,112 : 242, 253, 253, 40, 251, 253, 0, 120, 255
25,113 : 252, 253, 253, 199, 252, 254, 10, 239, 249
25,114 : 253, 253, 254, 251, 253, 253, 120, 255, 254
25,115 : 253, 253, 254, 252, 254, 253, 239, 249, 255
25,116 : 253, 254, 255, 253, 253, 250, 255, 254, 254
25,117 : 253, 254, 255, 254, 253, 255, 249, 255, 254
25,118 : 254, 255, 255, 253, 250, 255, 254, 254, 255
25,119 : 254, 255, 255, 253, 255, 255, 255, 254, 255
25,120 : 255, 255, 255, 250, 255, 255, 254, 255, 255
25,121 : 255, 255, 255, 255, 255, 255, 254, 255, 255
25,122 : 255, 255, 255, 255, 255, 255, 255, 255, 255
25,123 : 255, 255, 255, 255, 255, 255, 255, 255, 255
25,124 : 255, 255, 255, 255, 255, 255, 255, 255, 255
25,125 : 255, 255, 255, 255, 255, 255, 255, 255, 255
25,126 : 255, 255, 0, 255, 255, 0, 255, 255, 0
25,127 : 255, 255, 0, 255, 255, 0, 255, 255, 0
26,0 : 0, 255, 220, 0, 255, 46, 0, 228, 2
26,1 : 0, 252, 66, 0, 211, 0, 0, 54, 13
26,2 : 255, 220, 2, 255, 46, 34, 228, 2, 135
26,3 : 252, 66, 12, 211, 0, 139, 54, 13, 171
26,4 : 220, 2, 66, 46, 34, 156, 2, 135, 165
26,5 : 66, 12, 138, 0, 139, 163, 13, 171, 160
26,6 : 2, 66, 157, 34, 156, 161, 135, 165, 159
26,7 : 12, 138, 149, 139, 163, 153, 171, 160, 151
26,8 : 66, 157, 155, 156, 161, 158, 165, 159, 157
26,9 : 138, 149, 159, 163, 153, 163, 160, 151, 162
26,10 : 157, 155, 154, 161, 158, 156, 159, 157, 155
26,11 : 149, 159, 153, 153, 163, 153, 151, 162, 152
26,12 : 155, 154, 164, 158, 156, 163, 157, 155, 162
26,13 : 159, 153, 162, 163, 153, 159, 162, 152, 158
26,14 : 154, 164, 158, 156, 163, 159, 155, 162, 151
26,15 : 153, 162, 166, 153, 159, 165, 152, 158, 156
26,16 : 164, 158, 173, 163, 159, 170, 162, 151, 160
26,17 : 162, 166, 163, 159, 165, 160, 158, 156, 151
26,18 : 158, 173, 156, 159, 170, 154, 151, 160, 147
26,19 : 166, 163, 160, 165, 160, 159, 156, 151, 156
26,20 : 173, 156, 159, 170, 154, 157, 160, 147, 156
26,21 : 163, 160, 151, 160, 159, 149, 151, 156, 148
26,22 : 156, 159, 157, 154, 157, 155, 147, 156, 154
26,23 : 160, 151, 160, 159, 149, 158, 156, 148, 157
26,24 : 159, 157, 154, 157, 155, 150, 156, 154, 149
26,25 : 151, 160, 147, 149, 158, 145, 148, 157, 149
26,26 : 157, 154, 161, 155, 150, 155, 154, 149, 157
26,27 : 160, 147, 156, 158, 145, 160, 157, 149, 155
26,28 : 154, 161, 148, 150, 155, 108, 149, 157, 62
26,29 : 147, 156, 152, 145, 160, 98, 149, 155, 4
26,30 : 161, 148, 154, 155, 108, 146, 157, 62, 33
26,31 : 156, 152, 152, 160, 98, 155, 155, 4, 86
26,32 : 148, 154, 151, 108, 146, 150, 62, 33, 59
26,33 : 152, 152, 156, 98, 155, 157, 4, 86, 36
26,34 : 154, 151, 159, 146, 150, 157, 33, 59, 14
26,35 : 152, 156, 151, 155, 157, 151, 86, 36, 9
26,36 : 151, 159, 153, 150, 157, 155, 59, 14, 5
26,37 : 156, 151, 158, 157, 151, 159, 36, 9, 1
26,38 : 159, 153, 150, 157, 155, 152, 14, 5, 3
26,39 : 151, 158, 146, 151, 159, 151, 9, 1, 0
26,40 : 153, 150, 157, 155, 152, 160, 5, 3, 1
26,41 : 158, 146, 157, 159, 151, 159, 1, 0, 3
26,42 : 150, 157, 148, 152, 160, 153, 3, 1, 2
26,43 : 146, 157, 155, 151, 159, 162, 0, 3, 2
26,44 : 157, 148, 159, 160, 153, 171, 1, 2, 3
26,45 : 157, 155, 152, 159, 162, 169, 3, 2, 0
26,46 : 148, 159, 149, 153, 171, 164, 2, 3, 0
26,47 : 155, 152, 167, 162, 169, 166, 2, 0, 1
26,48 : 159, 149, 219, 171, 164, 176, 3, 0, 3
26,49 : 152, 167, 247, 169, 166, 220, 0, 1, 3
26,50 : 149, 219, 252, 164, 176, 252, 0, 3, 4
26,51 : 167, 247, 254, 166, 220, 252, 1, 3, 10
26,52 : 219, 252, 254, 176, 252, 255, 3, 4, 0
26,53 : 247, 254, 255, 220, 252, 250, 3, 10, 8
26,54 : 252, 254, 255, 252, 255, 255, 4, 0, 22
26,55 : 254, 255, 254, 252, 250, 255, 10, 8, 103
26,56 : 254, 255, 255, 255, 255, 255, 0, 22, 196
26,57 : 255, 254, 255, 250, 255, 255, 8, 103, 246
26,58 : 255, 255, 249, 255, 255, 255, 22, 196, 253
26,59 : 254, 255, 251, 255, 255, 255, 103, 246, 232
26,60 : 255, 249, 250, 255, 255, 246, 196, 253, 122
26,61 : 255, 251, 249, 255, 255, 213, 246, 232, 7
26,62 : 249, 250, 246, 255, 246, 165, 253, 122, 9
26,63 : 251, 249, 208, 255, 213, 86, 232, 7, 122
26,64 : 250, 246, 158, 246, 165, 26, 122, 9, 187
26,65 : 249, 208, 159, 213, 86, 6, 7, 122, 182
26,66 : 246, 158, 151, 165, 26, 0, 9, 187, 73
26,67 : 208, 159, 153, 86, 6, 4, 122, 182, 21
26,68 : 158, 151, 165, 26, 0, 2, 187, 73, 11
26,69 : 159, 153, 151, 6, 4, 1, 182, 21, 22
26,70 : 151, 165, 120, 0, 2, 0, 73, 11, 34
26,71 : 153, 151, 81, 4, 1, 2, 21, 22, 52
26,72 : 165, 120, 53, 2, 0, 3, 11, 34, 57
26,73 : 151, 81, 27, 1, 2, 2, 22, 52, 45
26,74 : 120, 53, 4, 0, 3, 0, 34, 57, 50
26,75 : 81, 27, 2, 2, 2, 2, 52, 45, 62
26,76 : 53, 4, 5, 3, 0, 0, 57, 50, 117
26,77 : 27, 2, 3, 2, 2, 3, 45, 62, 180
26,78 : 4, 5, 1, 0, 0, 3, 50, 117, 240
26,79 : 2, 3, 3, 2, 3, 23, 62, 180, 254
26,80 : 5, 1, 14, 0, 3, 163, 117, 240, 249
26,81 : 3, 3, 144, 3, 23, 250, 180, 254, 247
26,82 : 1, 14, 249, 3, 163, 254, 240, 249, 247
26,83 : 3, 144, 237, 23, 250, 245, 254, 247, 251
26,84 : 14, 249, 101, 163, 254, 118, 249, 247, 113
26,85 : 144, 237, 7, 250, 245, 5, 247, 251, 5
26,86 : 249, 101, 17, 254, 118, 3, 247, 113, 1
26,87 : 237, 7, 121, 245, 5, 15, 251, 5, 8
26,88 : 101, 17, 157, 118, 3, 117, 113, 1, 81
26,89 : 7, 121, 156, 5, 15, 157, 5, 8, 132
26,90 : 17, 157, 158, 3, 117, 156, 1, 81, 144
26,91 : 121, 156, 149, 15, 157, 150, 8, 132, 151
26,92 : 157, 158, 152, 117, 156, 154, 81, 144, 139
26,93 : 156, 149, 159, 157, 150, 161, 132, 151, 50
26,94 : 158, 152, 156, 156, 154, 139, 144, 139, 8
26,95 : 149, 159, 147, 150, 161, 53, 151, 50, 58
26,96 : 152, 156, 159, 154, 139, 8, 139, 8, 187
26,97 : 159, 147, 163, 161, 53, 13, 50, 58, 250
26,98 : 156, 159, 148, 139, 8, 67, 8, 187, 253
26,99 : 147, 163, 147, 53, 13, 90, 58, 250, 252
26,100 : 159, 148, 165, 8, 67, 80, 187, 253, 251
26,101 : 163, 147, 160, 13, 90, 73, 250, 252, 255
26,102 : 148, 165, 158, 67, 80, 66, 253, 251, 251
26,103 : 147, 160, 168, 90, 73, 38, 252, 255, 255
26,104 : 165, 158, 131, 80, 66, 9, 251, 251, 248
26,105 : 160, 168, 16, 73, 38, 13, 255, 255, 132
26,106 : 158, 131, 3, 66, 9, 21, 251, 248, 34
26,107 : 168, 16, 27, 38, 13, 5, 255, 132, 31
26,108 : 131, 3, 161, 9, 21, 4, 248, 34, 15
26,109 : 16, 27, 247, 13, 5, 83, 132, 31, 2
26,110 : 3, 161, 252, 21, 4, 226, 34, 15, 34
26,111 : 27, 247, 248, 5, 83, 251, 31, 2, 191
26,112 : 161, 252, 255, 4, 226, 248, 15, 34, 254
26,113 : 247, 248, 253, 83, 251, 255, 2, 191, 251
26,114 : 252, 255, 253, 226, 248, 254, 34, 254, 253
26,115 : 248, 253, 255, 251, 255, 255, 191, 251, 253
26,116 : 255, 253, 255, 248, 254, 254, 254, 253, 252
26,117 : 253, 255, 254, 255, 255, 255, 251, 253, 255
26,118 : 253, 255, 255, 254, 254, 255, 253, 252, 255
26,119 : 255, 254, 255, 255, 255, 255, 253, 255, 255
26,120 : 255, 255, 255, 254, 255, 255, 252, 255, 255
26,121 : 254, 255, 255, 255, 255, 255, 255, 255, 255
26,122 : 255, 255, 255, 255, 255, 255, 255, 255, 255
26,123 : 255, 255, 255, 255, 255, 255, 255, 255, 255
26,124 : 255, 255, 255, 255, 255, 255, 255, 255, 255
26,125 : 255, 255, 255, 255, 255, 255, 255, 255, 255
26,126 : 255, 255, 0, 255, 255, 0, 255, 255, 0
26,127 : 255, 255, 0, 255, 255, 0, 255, 255, 0
27,0 : 0, 252, 131, 0, 245, 6, 0, 206, 1
27,1 : 0, 248, 5, 0, 126, 6, 0, 20, 27
27,2 : 252, 131, 12, 245, 6, 86, 206, 1, 150
27,3 : 248, 5, 86, 126, 6, 169, 20, 27, 167
27,4 : 131, 12, 149, 6, 86, 157, 1, 150, 159
27,5 : 5, 86, 158, 6, 169, 166, 27, 167, 166
27,6 : 12, 149, 157, 86, 157, 161, 150, 159, 159
27,7 : 86, 158, 149, 169, 166, 154, 167, 166, 151
27,8 : 149, 157, 155, 157, 161, 159, 159, 159, 156
27,9 : 158, 149, 160, 166, 154, 164, 166, 151, 160
27,10 : 157, 155, 155, 161, 159, 157, 159, 156, 154
27,11 : 149, 160, 153, 154, 164, 153, 151, 160, 150
27,12 : 155, 155, 164, 159, 157, 162, 156, 154, 160
27,13 : 160, 153, 161, 164, 153, 158, 160, 150, 156
27,14 : 155, 164, 160, 157, 162, 155, 154, 160, 148
27,15 : 153, 161, 167, 153, 158, 160, 150, 156, 154
27,16 : 164, 160, 173, 162, 155, 163, 160, 148, 159
27,17 : 161, 167, 164, 158, 160, 153, 156, 154, 152
27,18 : 160, 173, 157, 155, 163, 148, 148, 159, 149
27,19 : 167, 164, 161, 160, 153, 156, 154, 152, 157
27,20 : 173, 157, 159, 163, 148, 156, 159, 149, 155
27,21 : 164, 161, 150, 153, 156, 148, 152, 157, 146
27,22 : 157, 159, 154, 148, 156, 150, 149, 155, 153
27,23 : 161, 150, 157, 156, 148, 158, 157, 146, 157
27,24 : 159, 154, 154, 156, 150, 152, 155, 153, 150
27,25 : 150, 157, 150, 148, 158, 151, 146, 157, 147
27,26 : 154, 154, 159, 150, 152, 157, 153, 150, 158
27,27 : 157, 150, 156, 158, 151, 153, 157, 147, 154
27,28 : 154, 159, 146, 152, 157, 42, 150, 158, 101
27,29 : 150, 156, 152, 151, 153, 3, 147, 154, 6
27,30 : 159, 146, 161, 157, 42, 97, 158, 101, 0
27,31 : 156, 152, 148, 153, 3, 166, 154, 6, 2
27,32 : 146, 161, 147, 42, 97, 155, 101, 0, 3
27,33 : 152, 148, 161, 3, 166, 152, 6, 2, 3
27,34 : 161, 147, 154, 97, 155, 151, 0, 3, 3
27,35 : 148, 161, 151, 166, 152, 119, 2, 3, 4
27,36 : 147, 154, 151, 155, 151, 98, 3, 3, 0
27,37 : 161, 151, 160, 152, 119, 98, 3, 4, 1
27,38 : 154, 151, 156, 151, 98, 70, 3, 0, 0
27,39 : 151, 160, 147, 119, 98, 61, 4, 1, 1
27,40 : 151, 156, 156, 98, 70, 62, 0, 0, 2
27,41 : 160, 147, 157, 98, 61, 73, 1, 1, 4
27,42 : 156, 156, 147, 70, 62, 92, 0, 2, 1
27,43 : 147, 157, 150, 61, 73, 113, 1, 4, 0
27,44 : 156, 147, 155, 62, 92, 114, 2, 1, 2
27,45 : 157, 150, 154, 73, 113, 97, 4, 0, 3
27,46 : 147, 155, 151, 92, 114, 87, 1, 2, 9
27,47 : 150, 154, 167, 113, 97, 64, 0, 3, 4
27,48 : 155, 151, 199, 114, 87, 52, 2, 9, 0
27,49 : 154, 167, 241, 97, 64, 64, 3, 4, 3
27,50 : 151, 199, 251, 87, 52, 85, 9, 0, 49
27,51 : 167, 241, 255, 64, 64, 93, 4, 3, 175
27,52 : 199, 251, 253, 52, 85, 88, 0, 49, 197
27,53 : 241, 255, 255, 64, 93, 115, 3, 175, 158
27,54 : 251, 253, 255, 85, 88, 175, 49, 197, 95
27,55 : 255, 255, 253, 93, 115, 247, 175, 158, 18
27,56 : 253, 255, 255, 88, 175, 253, 197, 95, 22
27,57 : 255, 253, 251, 115, 247, 253, 158, 18, 98
27,58 : 255, 255, 255, 175, 253, 252, 95, 22, 221
27,59 : 253, 251, 250, 247, 253, 238, 18, 98, 251
27,60 : 255, 255, 249, 253, 252, 122, 22, 221, 196
27,61 : 251, 250, 254, 253, 238, 29, 98, 251, 22
27,62 : 255, 249, 252, 252, 122, 5, 221, 196, 27
27,63 : 250, 254, 230, 238, 29, 5, 251, 22, 205
27,64 : 249, 252, 154, 122, 5, 8, 196, 27, 250
27,65 : 254, 230, 124, 29, 5, 10, 22, 205, 252
27,66 : 252, 154, 83, 5, 8, 1, 27, 250, 237
27,67 : 230, 124, 58, 5, 10, 0, 205, 252, 215
27,68 : 154, 83, 48, 8, 1, 0, 250, 237, 203
27,69 : 124, 58, 15, 10, 0, 1, 252, 215, 215
27,70 : 83, 48, 7, 1, 0, 3, 237, 203, 235
27,71 : 58, 15, 4, 0, 1, 1, 215, 215, 241
27,72 : 48, 7, 1, 0, 3, 1, 203, 235, 242
27,73 : 15, 4, 2, 1, 1, 1, 215, 241, 239
27,74 : 7, 1, 6, 3, 1, 2, 235, 242, 249
27,75 : 4, 2, 12, 1, 1, 0, 241, 239, 244
27,76 : 1, 6, 4, 1, 2, 3, 242, 249, 251
27,77 : 2, 12, 2, 1, 0, 14, 239, 244, 255
27,78 : 6, 4, 2, 2, 3, 71, 249, 251, 255
27,79 : 12, 2, 3, 0, 14, 163, 244, 255, 253
27,80 : 4, 2, 61, 3, 71, 238, 251, 255, 252
27,81 : 2, 3, 207, 14, 163, 254, 255, 253, 253
27,82 : 2, 61, 250, 71, 238, 252, 255, 252, 245
27,83 : 3, 207, 246, 163, 254, 245, 253, 253, 192
27,84 : 61, 250, 120, 238, 252, 125, 252, 245, 65
27,85 : 207, 246, 7, 254, 245, 4, 253, 192, 2
27,86 : 250, 120, 1, 252, 125, 0, 245, 65, 2
27,87 : 246, 7, 54, 245, 4, 10, 192, 2, 2
27,88 : 120, 1, 146, 125, 0, 105, 65, 2, 7
27,89 : 7, 54, 161, 4, 10, 169, 2, 2, 7
27,90 : 1, 146, 159, 0, 105, 160, 2, 7, 16
27,91 : 54, 161, 147, 10, 169, 146, 2, 7, 18
27,92 : 146, 159, 152, 105, 160, 154, 7, 16, 11
27,93 : 161, 147, 159, 169, 146, 136, 7, 18, 5
27,94 : 159, 152, 155, 160, 154, 46, 16, 11, 54
27,95 : 147, 159, 146, 146, 136, 4, 18, 5, 210
27,96 : 152, 155, 109, 154, 46, 37, 11, 54, 252
27,97 : 159, 146, 70, 136, 4, 169, 5, 210, 255
27,98 : 155, 109, 47, 46, 37, 244, 54, 252, 254
27,99 : 146, 70, 40, 4, 169, 250, 210, 255, 254
27,100 : 109, 47, 45, 37, 244, 250, 252, 254, 255
27,101 : 70, 40, 50, 169, 250, 246, 255, 254, 253
27,102 : 47, 45, 56, 244, 250, 246, 254, 255, 255
27,103 : 40, 50, 70, 250, 246, 235, 254, 253, 251
27,104 : 45, 56, 97, 250, 246, 141, 255, 255, 253
27,105 : 50, 70, 64, 246, 235, 16, 253, 251, 250
27,106 : 56, 97, 14, 246, 141, 10, 255, 253, 226
27,107 : 70, 64, 2, 235, 16, 5, 251, 250, 184
27,108 : 97, 14, 40, 141, 10, 0, 253, 226, 102
27,109 : 64, 2, 199, 16, 5, 10, 250, 184, 50
27,110 : 14, 40, 251, 10, 0, 120, 226, 102, 23
27,111 : 2, 199, 252, 5, 10, 239, 184, 50, 72
27,112 : 40, 251, 253, 0, 120, 255, 102, 23, 159
27,113 : 199, 252, 254, 10, 239, 249, 50, 72, 226
27,114 : 251, 253, 253, 120, 255, 254, 23, 159, 248
27,115 : 252, 254, 253, 239, 249, 255, 72, 226, 255
27,116 : 253, 253, 250, 255, 254, 254, 159, 248, 255
27,117 : 254, 253, 255, 249, 255, 254, 226, 255, 255
27,118 : 253, 250, 255, 254, 254, 255, 248, 255, 255
27,119 : 253, 255, 255, 255, 254, 255, 255, 255, 255
27,120 : 250, 255, 255, 254, 255, 255, 255, 255, 255
27,121 : 255, 255, 255, 254, 255, 255, 255, 255, 255
27,122 : 255, 255, 255, 255, 255, 255, 255, 255, 255
27,123 : 255, 255, 255, 255, 255, 255, 255, 255, 255
27,124 : 255, 255, 255, 255, 255, 255, 255, 255, 255
27,125 : 255, 255, 255, 255, 255, 255, 255, 255, 255
27,126 : 255, 255, 0, 255, 255, 0, 255, 255, 0
27,127 : 255, 255, 0, 255, 255, 0, 255, 255, 0
28,0 : 0, 255, 46, 0, 228, 2, 0, 222, 6
28,1 : 0, 211, 0, 0, 54, 13, 0, 56, 13
28,2 : 255, 46, 34, 228, 2, 135, 222, 6, 135
28,3 : 211, 0, 139, 54, 13, 171, 56, 13, 174
28,4 : 46, 34, 156, 2, 135, 165, 6, 135, 160
28,5 : 0, 139, 163, 13, 171, 160, 13, 174, 166
28,6 : 34, 156, 161, 135, 165, 159, 135, 160, 161
28,7 : 139, 163, 153, 171, 160, 151, 174, 166, 152
28,8 : 156, 161, 158, 165, 159, 157, 160, 161, 156
28,9 : 163, 153, 163, 160, 151, 162, 166, 152, 159
28,10 : 161, 158, 156, 159, 157, 155, 161, 156, 152
28,11 : 153, 163, 153, 151, 162, 152, 152, 159, 148
28,12 : 158, 156, 163, 157, 155, 162, 156, 152, 158
28,13 : 163, 153, 159, 162, 152, 158, 159, 148, 155
28,14 : 156, 163, 159, 155, 162, 151, 152, 158, 147
28,15 : 153, 159, 165, 152, 158, 156, 148, 155, 154
28,16 : 163, 159, 170, 162, 151, 160, 158, 147, 159
28,17 : 159, 165, 160, 158, 156, 151, 155, 154, 152
28,18 : 159, 170, 154, 151, 160, 147, 147, 159, 149
28,19 : 165, 160, 159, 156, 151, 156, 154, 152, 157
28,20 : 170, 154, 157, 160, 147, 156, 159, 149, 156
28,21 : 160, 159, 149, 151, 156, 148, 152, 157, 147
28,22 : 154, 157, 155, 147, 156, 154, 149, 156, 152
28,23 : 159, 149, 158, 156, 148, 157, 157, 147, 159
28,24 : 157, 155, 150, 156, 154, 149, 156, 152, 151
28,25 : 149, 158, 145, 148, 157, 149, 147, 159, 147
28,26 : 155, 150, 155, 154, 149, 157, 152, 151, 159
28,27 : 158, 145, 160, 157, 149, 155, 159, 147, 157
28,28 : 150, 155, 108, 149, 157, 62, 151, 159, 132
28,29 : 145, 160, 98, 149, 155, 4, 147, 157, 38
28,30 : 155, 108, 146, 157, 62, 33, 159, 132, 3
28,31 : 160, 98, 155, 155, 4, 86, 157, 38, 2
28,32 : 108, 146, 150, 62, 33, 59, 132, 3, 24
28,33 : 98, 155, 157, 4, 86, 36, 38, 2, 13
28,34 : 146, 150, 157, 33, 59, 14, 3, 24, 0
28,35 : 155, 157, 151, 86, 36, 9, 2, 13, 3
28,36 : 150, 157, 155, 59, 14, 5, 24, 0, 0
28,37 : 157, 151, 159, 36, 9, 1, 13, 3, 5
28,38 : 157, 155, 152, 14, 5, 3, 0, 0, 2
28,39 : 151, 159, 151, 9, 1, 0, 3, 5, 4
28,40 : 155, 152, 160, 5, 3, 1, 0, 2, 1
28,41 : 159, 151, 159, 1, 0, 3, 5, 4, 2
28,42 : 152, 160, 153, 3, 1, 2, 2, 1, 4
28,43 : 151, 159, 162, 0, 3, 2, 4, 2, 3
28,44 : 160, 153, 171, 1, 2, 3, 1, 4, 3
28,45 : 159, 162, 169, 3, 2, 0, 2, 3, 0
28,46 : 153, 171, 164, 2, 3, 0, 4, 3, 0
28,47 : 162, 169, 166, 2, 0, 1, 3, 0, 4
28,48 : 171, 164, 176, 3, 0, 3, 3, 0, 7
28,49 : 169, 166, 220, 0, 1, 3, 0, 4, 2
28,50 : 164, 176, 252, 0, 3, 4, 0, 7, 55
28,51 : 166, 220, 252, 1, 3, 10, 4, 2, 229
28,52 : 176, 252, 255, 3, 4, 0, 7, 55, 251
28,53 : 220, 252, 250, 3, 10, 8, 2, 229, 250
28,54 : 252, 255, 255, 4, 0, 22, 55, 251, 245
28,55 : 252, 250, 255, 10, 8, 103, 229, 250, 182
28,56 : 255, 255, 255, 0, 22, 196, 251, 245, 45
28,57 : 250, 255, 255, 8, 103, 246, 250, 182, 10
28,58 : 255, 255, 255, 22, 196, 253, 245, 45, 70
28,59 : 255, 255, 255, 103, 246, 232, 182, 10, 221
28,60 : 255, 255, 246, 196, 253, 122, 45, 70, 225
28,61 : 255, 255, 213, 246, 232, 7, 10, 221, 57
28,62 : 255, 246, 165, 253, 122, 9, 70, 225, 4
28,63 : 255, 213, 86, 232, 7, 122, 221, 57, 85
28,64 : 246, 165, 26, 122, 9, 187, 225, 4, 169
28,65 : 213, 86, 6, 7, 122, 182, 57, 85, 182
28,66 : 165, 26, 0, 9, 187, 73, 4, 169, 195
28,67 : 86, 6, 4, 122, 182, 21, 85, 182, 216
28,68 : 26, 0, 2, 187, 73, 11, 169, 195, 230
28,69 : 6, 4, 1, 182, 21, 22, 182, 216, 244
28,70 : 0, 2, 0, 73, 11, 34, 195, 230, 252
28,71 : 4, 1, 2, 21, 22, 52, 216, 244, 254
28,72 : 2, 0, 3, 11, 34, 57, 230, 252, 252
28,73 : 1, 2, 2, 22, 52, 45, 244, 254, 249
28,74 : 0, 3, 0, 34, 57, 50, 252, 252, 241
28,75 : 2, 2, 2, 52, 45, 62, 254, 249, 235
28,76 : 3, 0, 0, 57, 50, 117, 252, 241, 228
28,77 : 2, 2, 3, 45, 62, 180, 249, 235, 212
28,78 : 0, 0, 3, 50, 117, 240, 241, 228, 205
28,79 : 2, 3, 23, 62, 180, 254, 235, 212, 183
28,80 : 0, 3, 163, 117, 240, 249, 228, 205, 153
28,81 : 3, 23, 250, 180, 254, 247, 212, 183, 121
28,82 : 3, 163, 254, 240, 249, 247, 205, 153, 60
28,83 : 23, 250, 245, 254, 247, 251, 183, 121, 21
28,84 : 163, 254, 118, 249, 247, 113, 153, 60, 18
28,85 : 250, 245, 5, 247, 251, 5, 121, 21, 55
28,86 : 254, 118, 3, 247, 113, 1, 60, 18, 86
28,87 : 245, 5, 15, 251, 5, 8, 21, 55, 84
28,88 : 118, 3, 117, 113, 1, 81, 18, 86, 88
28,89 : 5, 15, 157, 5, 8, 132, 55, 84, 97
28,90 : 3, 117, 156, 1, 81, 144, 86, 88, 81
28,91 : 15, 157, 150, 8, 132, 151, 84, 97, 72
28,92 : 117, 156, 154, 81, 144, 139, 88, 81, 44
28,93 : 157, 150, 161, 132, 151, 50, 97, 72, 7
28,94 : 156, 154, 139, 144, 139, 8, 81, 44, 21
28,95 : 150, 161, 53, 151, 50, 58, 72, 7, 173
28,96 : 154, 139, 8, 139, 8, 187, 44, 21, 238
28,97 : 161, 53, 13, 50, 58, 250, 7, 173, 251
28,98 : 139, 8, 67, 8, 187, 253, 21, 238, 253
28,99 : 53, 13, 90, 58, 250, 252, 173, 251, 252
28,100 : 8, 67, 80, 187, 253, 251, 238, 253, 252
28,101 : 13, 90, 73, 250, 252, 255, 251, 252, 251
28,102 : 67, 80, 66, 253, 251, 251, 253, 252, 251
28,103 : 90, 73, 38, 252, 255, 255, 252, 251, 253
28,104 : 80, 66, 9, 251, 251, 248, 252, 251, 254
28,105 : 73, 38, 13, 255, 255, 132, 251, 253, 252
28,106 : 66, 9, 21, 251, 248, 34, 251, 254, 253
28,107 : 38, 13, 5, 255, 132, 31, 253, 252, 250
28,108 : 9, 21, 4, 248, 34, 15, 254, 253, 253
28,109 : 13, 5, 83, 132, 31, 2, 252, 250, 244
28,110 : 21, 4, 226, 34, 15, 34, 253, 253, 200
28,111 : 5, 83, 251, 31, 2, 191, 250, 244, 112
28,112 : 4, 226, 248, 15, 34, 254, 253, 200, 27
28,113 : 83, 251, 255, 2, 191, 251, 244, 112, 44
28,114 : 226, 248, 254, 34, 254, 253, 200, 27, 155
28,115 : 251, 255, 255, 191, 251, 253, 112, 44, 240
28,116 : 248, 254, 254, 254, 253, 252, 27, 155, 253
28,117 : 255, 255, 255, 251, 253, 255, 44, 240, 253
28,118 : 254, 254, 255, 253, 252, 255, 155, 253, 255
28,119 : 255, 255, 255, 253, 255, 255, 240, 253, 255
28,120 : 254, 255, 255, 252, 255, 255, 253, 255, 255
28,121 : 255, 255, 255, 255, 255, 255, 253, 255, 255
28,122 : 255, 255, 255, 255, 255, 255, 255, 255, 255
28,123 : 255, 255, 255, 255, 255, 255, 255, 255, 255
28,124 : 255, 255, 255, 255, 255, 255, 255, 255, 255
28,125 : 255, 255, 255, 255, 255, 255, 255, 255, 255
28,126 : 255, 255, 0, 255, 255, 0, 255, 255, 0
28,127 : 255, 255, 0, 255, 255, 0, 255, 255, 0
29,0 : 0, 245, 6, 0, 206, 1, 0, 247, 6
29,1 : 0, 126, 6, 0, 20, 27, 0, 115, 4
29,2 : 245, 6, 86, 206, 1, 150, 247, 6, 115
29,3 : 126, 6, 169, 20, 27, 167, 115, 4, 178
29,4 : 6, 86, 157, 1, 150, 159, 6, 115, 161
29,5 : 6, 169, 166, 27, 167, 166, 4, 178, 162
29,6 : 86, 157, 161, 150, 159, 159, 115, 161, 158
29,7 : 169, 166, 154, 167, 166, 151, 178, 162, 149
29,8 : 157, 161, 159, 159, 159, 156, 161, 158, 154
29,9 : 166, 154, 164, 166, 151, 160, 162, 149, 157
29,10 : 161, 159, 157, 159, 156, 154, 158, 154, 151
29,11 : 154, 164, 153, 151, 160, 150, 149, 157, 148
29,12 : 159, 157, 162, 156, 154, 160, 154, 151, 159
29,13 : 164, 153, 158, 160, 150, 156, 157, 148, 156
29,14 : 157, 162, 155, 154, 160, 148, 151, 159, 148
29,15 : 153, 158, 160, 150, 156, 154, 148, 156, 154
29,16 : 162, 155, 163, 160, 148, 159, 159, 148, 159
29,17 : 158, 160, 153, 156, 154, 152, 156, 154, 151
29,18 : 155, 163, 148, 148, 159, 149, 148, 159, 148
29,19 : 160, 153, 156, 154, 152, 157, 154, 151, 158
29,20 : 163, 148, 156, 159, 149, 155, 159, 148, 158
29,21 : 153, 156, 148, 152, 157, 146, 151, 158, 150
29,22 : 148, 156, 150, 149, 155, 153, 148, 158, 153
29,23 : 156, 148, 158, 157, 146, 157, 158, 150, 160
29,24 : 156, 150, 152, 155, 153, 150, 158, 153, 152
29,25 : 148, 158, 151, 146, 157, 147, 150, 160, 150
29,26 : 150, 152, 157, 153, 150, 158, 153, 152, 159
29,27 : 158, 151, 153, 157, 147, 154, 160, 150, 161
29,28 : 152, 157, 42, 150, 158, 101, 152, 159, 154
29,29 : 151, 153, 3, 147, 154, 6, 150, 161, 106
29,30 : 157, 42, 97, 158, 101, 0, 159, 154, 8
29,31 : 153, 3, 166, 154, 6, 2, 161, 106, 5
29,32 : 42, 97, 155, 101, 0, 3, 154, 8, 92
29,33 : 3, 166, 152, 6, 2, 3, 106, 5, 137
29,34 : 97, 155, 151, 0, 3, 3, 8, 92, 30
29,35 : 166, 152, 119, 2, 3, 4, 5, 137, 1
29,36 : 155, 151, 98, 3, 3, 0, 92, 30, 1
29,37 : 152, 119, 98, 3, 4, 1, 137, 1, 0
29,38 : 151, 98, 70, 3, 0, 0, 30, 1, 1
29,39 : 119, 98, 61, 4, 1, 1, 1, 0, 1
29,40 : 98, 70, 62, 0, 0, 2, 1, 1, 0
29,41 : 98, 61, 73, 1, 1, 4, 0, 1, 6
29,42 : 70, 62, 92, 0, 2, 1, 1, 0, 7
29,43 : 61, 73, 113, 1, 4, 0, 1, 6, 0
29,44 : 62, 92, 114, 2, 1, 2, 0, 7, 0
29,45 : 73, 113, 97, 4, 0, 3, 6, 0, 2
29,46 : 92, 114, 87, 1, 2, 9, 7, 0, 0
29,47 : 113, 97, 64, 0, 3, 4, 0, 2, 2
29,48 : 114, 87, 52, 2, 9, 0, 0, 0, 2
29,49 : 97, 64, 64, 3, 4, 3, 2, 2, 26
29,50 : 87, 52, 85, 9, 0, 49, 0, 2, 168
29,51 : 64, 64, 93, 4, 3, 175, 2, 26, 250
29,52 : 52, 85, 88, 0, 49, 197, 2, 168, 252
29,53 : 64, 93, 115, 3, 175, 158, 26, 250, 255
29,54 : 85, 88, 175, 49, 197, 95, 168, 252, 253
29,55 : 93, 115, 247, 175, 158, 18, 250, 255, 252
29,56 : 88, 175, 253, 197, 95, 22, 252, 253, 159
29,57 : 115, 247, 253, 158, 18, 98, 255, 252, 12
29,58 : 175, 253, 252, 95, 22, 221, 253, 159, 5
29,59 : 247, 253, 238, 18, 98, 251, 252, 12, 134
29,60 : 253, 252, 122, 22, 221, 196, 159, 5, 247
29,61 : 253, 238, 29, 98, 251, 22, 12, 134, 206
29,62 : 252, 122, 5, 221, 196, 27, 5, 247, 79
29,63 : 238, 29, 5, 251, 22, 205, 134, 206, 15
29,64 : 122, 5, 8, 196, 27, 250, 247, 79, 15
29,65 : 29, 5, 10, 22, 205, 252, 206, 15, 6
29,66 : 5, 8, 1, 27, 250, 237, 79, 15, 12
29,67 : 5, 10, 0, 205, 252, 215, 15, 6, 18
29,68 : 8, 1, 0, 250, 237, 203, 15, 12, 25
29,69 : 10, 0, 1, 252, 215, 215, 6, 18, 51
29,70 : 1, 0, 3, 237, 203, 235, 12, 25, 75
29,71 : 0, 1, 1, 215, 215, 241, 18, 51, 91
29,72 : 0, 3, 1, 203, 235, 242, 25, 75, 87
29,73 : 1, 1, 1, 215, 241, 239, 51, 91, 77
29,74 : 3, 1, 2, 235, 242, 249, 75, 87, 49
29,75 : 1, 1, 0, 241, 239, 244, 91, 77, 34
29,76 : 1, 2, 3, 242, 249, 251, 87, 49, 22
29,77 : 1, 0, 14, 239, 244, 255, 77, 34, 17
29,78 : 2, 3, 71, 249, 251, 255, 49, 22, 16
29,79 : 0, 14, 163, 244, 255, 253, 34, 17, 17
29,80 : 3, 71, 238, 251, 255, 252, 22, 16, 16
29,81 : 14, 163, 254, 255, 253, 253, 17, 17, 25
29,82 : 71, 238, 252, 255, 252, 245, 16, 16, 41
29,83 : 163, 254, 245, 253, 253, 192, 17, 25, 83
29,84 : 238, 252, 125, 252, 245, 65, 16, 41, 128
29,85 : 254, 245, 4, 253, 192, 2, 25, 83, 154
29,86 : 252, 125, 0, 245, 65, 2, 41, 128, 161
29,87 : 245, 4, 10, 192, 2, 2, 83, 154, 163
29,88 : 125, 0, 105, 65, 2, 7, 128, 161, 156
29,89 : 4, 10, 169, 2, 2, 7, 154, 163, 160
29,90 : 0, 105, 160, 2, 7, 16, 161, 156, 160
29,91 : 10, 169, 146, 2, 7, 18, 163, 160, 162
29,92 : 105, 160, 154, 7, 16, 11, 156, 160, 154
29,93 : 169, 146, 136, 7, 18, 5, 160, 162, 74
29,94 : 160, 154, 46, 16, 11, 54, 160, 154, 9
29,95 : 146, 136, 4, 18, 5, 210, 162, 74, 13
29,96 : 154, 46, 37, 11, 54, 252, 154, 9, 83
29,97 : 136, 4, 169, 5, 210, 255, 74, 13, 202
29,98 : 46, 37, 244, 54, 252, 254, 9, 83, 196
29,99 : 4, 169, 250, 210, 255, 254, 13, 202, 154
29,100 : 37, 244, 250, 252, 254, 255, 83, 196, 137
29,101 : 169, 250, 246, 255, 254, 253, 202, 154, 154
29,102 : 244, 250, 246, 254, 255, 255, 196, 137, 212
29,103 : 250, 246, 235, 254, 253, 251, 154, 154, 249
29,104 : 250, 246, 141, 255, 255, 253, 137, 212, 252
29,105 : 246, 235, 16, 253, 251, 250, 154, 249, 254
29,106 : 246, 141, 10, 255, 253, 226, 212, 252, 254
29,107 : 235, 16, 5, 251, 250, 184, 249, 254, 255
29,108 : 141, 10, 0, 253, 226, 102, 252, 254, 251
29,109 : 16, 5, 10, 250, 184, 50, 254, 255, 250
29,110 : 10, 0, 120, 226, 102, 23, 254, 251, 253
29,111 : 5, 10, 239, 184, 50, 72, 255, 250, 247
29,112 : 0, 120, 255, 102, 23, 159, 251, 253, 175
29,113 : 10, 239, 249, 50, 72, 226, 250, 247, 60
29,114 : 120, 255, 254, 23, 159, 248, 253, 175, 17
29,115 : 239, 249, 255, 72, 226, 255, 247, 60, 122
29,116 : 255, 254, 254, 159, 248, 255, 175, 17, 237
29,117 : 249, 255, 254, 226, 255, 255, 60, 122, 255
29,118 : 254, 254, 255, 248, 255, 255, 17, 237, 255
29,119 : 255, 254, 255, 255, 255, 255, 122, 255, 255
29,120 : 254, 255, 255, 255, 255, 255, 237, 255, 255
29,121 : 254, 255, 255, 255, 255, 255, 255, 255, 255
29,122 : 255, 255, 255, 255, 255, 255, 255, 255, 255
29,123 : 255, 255, 255, 255, 255, 255, 255, 255, 255
29,124 : 255, 255, 255, 255, 255, 255, 255, 255, 255
29,125 : 255, 255, 255, 255, 255, 255, 255, 255, 255
29,126 : 255, 255, 0, 255, 255, 0, 255, 255, 0
29,127 : 255, 255, 0, 255, 255, 0, 255, 255, 0
30,0 : 0, 228, 2, 0, 222, 6, 0, 252, 21
30,1 : 0, 54, 13, 0, 56, 13, 0, 199, 6
30,2 : 228, 2, 135, 222, 6, 135, 252, 21, 60
30,3 : 54, 13, 171, 56, 13, 174, 199, 6, 164
30,4 : 2, 135, 165, 6, 135, 160, 21, 60, 159
30,5 : 13, 171, 160, 13, 174, 166, 6, 164, 163
30,6 : 135, 165, 159, 135, 160, 161, 60, 159, 159
30,7 : 171, 160, 151, 174, 166, 152, 164, 163, 150
30,8 : 165, 159, 157, 160, 161, 156, 159, 159, 153
30,9 : 160, 151, 162, 166, 152, 159, 163, 150, 156
30,10 : 159, 157, 155, 161, 156, 152, 159, 153, 151
30,11 : 151, 162, 152, 152, 159, 148, 150, 156, 147
30,12 : 157, 155, 162, 156, 152, 158, 153, 151, 157
30,13 : 162, 152, 158, 159, 148, 155, 156, 147, 156
30,14 : 155, 162, 151, 152, 158, 147, 151, 157, 148
30,15 : 152, 158, 156, 148, 155, 154, 147, 156, 152
30,16 : 162, 151, 160, 158, 147, 159, 157, 148, 158
30,17 : 158, 156, 151, 155, 154, 152, 156, 152, 153
30,18 : 151, 160, 147, 147, 159, 149, 148, 158, 149
30,19 : 156, 151, 156, 154, 152, 157, 152, 153, 157
30,20 : 160, 147, 156, 159, 149, 156, 158, 149, 157
30,21 : 151, 156, 148, 152, 157, 147, 153, 157, 149
30,22 : 147, 156, 154, 149, 156, 152, 149, 157, 152
30,23 : 156, 148, 157, 157, 147, 159, 157, 149, 160
30,24 : 156, 154, 149, 156, 152, 151, 157, 152, 153
30,25 : 148, 157, 149, 147, 159, 147, 149, 160, 149
30,26 : 154, 149, 157, 152, 151, 159, 152, 153, 160
30,27 : 157, 149, 155, 159, 147, 157, 160, 149, 160
30,28 : 149, 157, 62, 151, 159, 132, 153, 160, 150
30,29 : 149, 155, 4, 147, 157, 38, 149, 160, 149
30,30 : 157, 62, 33, 159, 132, 3, 160, 150, 36
30,31 : 155, 4, 86, 157, 38, 2, 160, 149, 6
30,32 : 62, 33, 59, 132, 3, 24, 150, 36, 29
30,33 : 4, 86, 36, 38, 2, 13, 149, 6, 179
30,34 : 33, 59, 14, 3, 24, 0, 36, 29, 204
30,35 : 86, 36, 9, 2, 13, 3, 6, 179, 72
30,36 : 59, 14, 5, 24, 0, 0, 29, 204, 0
30,37 : 36, 9, 1, 13, 3, 5, 179, 72, 4
30,38 : 14, 5, 3, 0, 0, 2, 204, 0, 2
30,39 : 9, 1, 0, 3, 5, 4, 72, 4, 0
30,40 : 5, 3, 1, 0, 2, 1, 0, 2, 2
30,41 : 1, 0, 3, 5, 4, 2, 4, 0, 6
30,42 : 3, 1, 2, 2, 1, 4, 2, 2, 3
30,43 : 0, 3, 2, 4, 2, 3, 0, 6, 2
30,44 : 1, 2, 3, 1, 4, 3, 2, 3, 1
30,45 : 3, 2, 0, 2, 3, 0, 6, 2, 2
30,46 : 2, 3, 0, 4, 3, 0, 3, 1, 1
30,47 : 2, 0, 1, 3, 0, 4, 2, 2, 3
30,48 : 3, 0, 3, 3, 0, 7, 1, 1, 38
30,49 : 0, 1, 3, 0, 4, 2, 2, 3, 174
30,50 : 0, 3, 4, 0, 7, 55, 1, 38, 248
30,51 : 1, 3, 10, 4, 2, 229, 3, 174, 251
30,52 : 3, 4, 0, 7, 55, 251, 38, 248, 253
30,53 : 3, 10, 8, 2, 229, 250, 174, 251, 254
30,54 : 4, 0, 22, 55, 251, 245, 248, 253, 244
30,55 : 10, 8, 103, 229, 250, 182, 251, 254, 206
30,56 : 0, 22, 196, 251, 245, 45, 253, 244, 104
30,57 : 8, 103, 246, 250, 182, 10, 254, 206, 8
30,58 : 22, 196, 253, 245, 45, 70, 244, 104, 7
30,59 : 103, 246, 232, 182, 10, 221, 206, 8, 119
30,60 : 196, 253, 122, 45, 70, 225, 104, 7, 251
30,61 : 246, 232, 7, 10, 221, 57, 8, 119, 252
30,62 : 253, 122, 9, 70, 225, 4, 7, 251, 244
30,63 : 232, 7, 122, 221, 57, 85, 119, 252, 208
30,64 : 122, 9, 187, 225, 4, 169, 251, 244, 208
30,65 : 7, 122, 182, 57, 85, 182, 252, 208, 198
30,66 : 9, 187, 73, 4, 169, 195, 244, 208, 189
30,67 : 122, 182, 21, 85, 182, 216, 208, 198, 160
30,68 : 187, 73, 11, 169, 195, 230, 208, 189, 137
30,69 : 182, 21, 22, 182, 216, 244, 198, 160, 103
30,70 : 73, 11, 34, 195, 230, 252, 189, 137, 64
30,71 : 21, 22, 52, 216, 244, 254, 160, 103, 63
30,72 : 11, 34, 57, 230, 252, 252, 137, 64, 74
30,73 : 22, 52, 45, 244, 254, 249, 103, 63, 89
30,74 : 34, 57, 50, 252, 252, 241, 64, 74, 112
30,75 : 52, 45, 62, 254, 249, 235, 63, 89, 115
30,76 : 57, 50, 117, 252, 241, 228, 74, 112, 135
30,77 : 45, 62, 180, 249, 235, 212, 89, 115, 144
30,78 : 50, 117, 240, 241, 228, 205, 112, 135, 133
30,79 : 62, 180, 254, 235, 212, 183, 115, 144, 142
30,80 : 117, 240, 249, 228, 205, 153, 135, 133, 134
30,81 : 180, 254, 247, 212, 183, 121, 144, 142, 147
30,82 : 240, 249, 247, 205, 153, 60, 133, 134, 159
30,83 : 254, 247, 251, 183, 121, 21, 142, 147, 159
30,84 : 249, 247, 113, 153, 60, 18, 134, 159, 151
30,85 : 247, 251, 5, 121, 21, 55, 147, 159, 153
30,86 : 247, 113, 1, 60, 18, 86, 159, 151, 161
30,87 : 251, 5, 8, 21, 55, 84, 159, 153, 153
30,88 : 113, 1, 81, 18, 86, 88, 151, 161, 152
30,89 : 5, 8, 132, 55, 84, 97, 153, 153, 160
30,90 : 1, 81, 144, 86, 88, 81, 161, 152, 159
30,91 : 8, 132, 151, 84, 97, 72, 153, 160, 150
30,92 : 81, 144, 139, 88, 81, 44, 152, 159, 154
30,93 : 132, 151, 50, 97, 72, 7, 160, 150, 156
30,94 : 144, 139, 8, 81, 44, 21, 159, 154, 77
30,95 : 151, 50, 58, 72, 7, 173, 150, 156, 3
30,96 : 139, 8, 187, 44, 21, 238, 154, 77, 5
30,97 : 50, 58, 250, 7, 173, 251, 156, 3, 18
30,98 : 8, 187, 253, 21, 238, 253, 77, 5, 15
30,99 : 58, 250, 252, 173, 251, 252, 3, 18, 19
30,100 : 187, 253, 251, 238, 253, 252, 5, 15, 12
30,101 : 250, 252, 255, 251, 252, 251, 18, 19, 8
30,102 : 253, 251, 251, 253, 252, 251, 15, 12, 87
30,103 : 252, 255, 255, 252, 251, 253, 19, 8, 237
30,104 : 251, 251, 248, 252, 251, 254, 12, 87, 251
30,105 : 255, 255, 132, 251, 253, 252, 8, 237, 255
30,106 : 251, 248, 34, 251, 254, 253, 87, 251, 254
30,107 : 255, 132, 31, 253, 252, 250, 237, 255, 253
30,108 : 248, 34, 15, 254, 253, 253, 251, 254, 255
30,109 : 132, 31, 2, 252, 250, 244, 255, 253, 253
30,110 : 34, 15, 34, 253, 253, 200, 254, 255, 255
30,111 : 31, 2, 191, 250, 244, 112, 253, 253, 254
30,112 : 15, 34, 254, 253, 200, 27, 255, 255, 251
30,113 : 2, 191, 251, 244, 112, 44, 253, 254, 201
30,114 : 34, 254, 253, 200, 27, 155, 255, 251, 42
30,115 : 191, 251, 253, 112, 44, 240, 254, 201, 19
30,116 : 254, 253, 252, 27, 155, 253, 251, 42, 164
30,117 : 251, 253, 255, 44, 240, 253, 201, 19, 250
30,118 : 253, 252, 255, 155, 253, 255, 42, 164, 254
30,119 : 253, 255, 255, 240, 253, 255, 19, 250, 254
30,120 : 252, 255, 255, 253, 255, 255, 164, 254, 255
30,121 : 255, 255, 255, 253, 255, 255, 250, 254, 255
30,122 : 255, 255, 255, 255, 255, 255, 254, 255, 255
30,123 : 255, 255, 255, 255, 255, 255, 254, 255, 255
30,124 : 255, 255, 255, 255, 255, 255, 255, 255, 255
30,125 : 255, 255, 255, 255, 255, 255, 255, 255, 255
30,126 : 255, 255, 0, 255, 255, 0, 255, 255, 0
30,127 : 255, 255, 0, 255, 255, 0, 255, 255, 0
31,0 : 0, 206, 1, 0, 247, 6, 0, 253, 79
31,1 : 0, 20, 27, 0, 115, 4, 0, 235, 2
31,2 : 206, 1, 150, 247, 6, 115, 253, 79, 32
31,3 : 20, 27, 167, 115, 4, 178, 235, 2, 157
31,4 : 1, 150, 159, 6, 115, 161, 79, 32, 172
31,5 : 27, 167, 166, 4, 178, 162, 2, 157, 168
31,6 : 150, 159, 159, 115, 161, 158, 32, 172, 158
31,7 : 167, 166, 151, 178, 162, 149, 157, 168, 149
31,8 : 159, 159, 156, 161, 158, 154, 172, 158, 153
31,9 : 166, 151, 160, 162, 149, 157, 168, 149, 156
31,10 : 159, 156, 154, 158, 154, 151, 158, 153, 151
31,11 : 151, 160, 150, 149, 157, 148, 149, 156, 147
31,12 : 156, 154, 160, 154, 151, 159, 153, 151, 157
31,13 : 160, 150, 156, 157, 148, 156, 156, 147, 156
31,14 : 154, 160, 148, 151, 159, 148, 151, 157, 149
31,15 : 150, 156, 154, 148, 156, 154, 147, 156, 153
31,16 : 160, 148, 159, 159, 148, 159, 157, 149, 158
31,17 : 156, 154, 152, 156, 154, 151, 156, 153, 152
31,18 : 148, 159, 149, 148, 159, 148, 149, 158, 148
31,19 : 154, 152, 157, 154, 151, 158, 153, 152, 157
31,20 : 159, 149, 155, 159, 148, 158, 158, 148, 157
31,21 : 152, 157, 146, 151, 158, 150, 152, 157, 147
31,22 : 149, 155, 153, 148, 158, 153, 148, 157, 153
31,23 : 157, 146, 157, 158, 150, 160, 157, 147, 159
31,24 : 155, 153, 150, 158, 153, 152, 157, 153, 154
31,25 : 146, 157, 147, 150, 160, 150, 147, 159, 151
31,26 : 153, 150, 158, 153, 152, 159, 153, 154, 162
31,27 : 157, 147, 154, 160, 150, 161, 159, 151, 162
31,28 : 150, 158, 101, 152, 159, 154, 154, 162, 155
31,29 : 147, 154, 6, 150, 161, 106, 151, 162, 155
31,30 : 158, 101, 0, 159, 154, 8, 162, 155, 47
31,31 : 154, 6, 2, 161, 106, 5, 162, 155, 5
31,32 : 101, 0, 3, 154, 8, 92, 155, 47, 0
31,33 : 6, 2, 3, 106, 5, 137, 155, 5, 63
31,34 : 0, 3, 3, 8, 92, 30, 47, 0, 218
31,35 : 2, 3, 4, 5, 137, 1, 5, 63, 203
31,36 : 3, 3, 0, 92, 30, 1, 0, 218, 64
31,37 : 3, 4, 1, 137, 1, 0, 63, 203, 0
31,38 : 3, 0, 0, 30, 1, 1, 218, 64, 1
31,39 : 4, 1, 1, 1, 0, 1, 203, 0, 4
31,40 : 0, 0, 2, 1, 1, 0, 64, 1, 0
31,41 : 1, 1, 4, 0, 1, 6, 0, 4, 4
31,42 : 0, 2, 1, 1, 0, 7, 1, 0, 3
31,43 : 1, 4, 0, 1, 6, 0, 4, 4, 3
31,44 : 2, 1, 2, 0, 7, 0, 0, 3, 0
31,45 : 4, 0, 3, 6, 0, 2, 4, 3, 7
31,46 : 1, 2, 9, 7, 0, 0, 3, 0, 57
31,47 : 0, 3, 4, 0, 2, 2, 3, 7, 140
31,48 : 2, 9, 0, 0, 0, 2, 0, 57, 210
31,49 : 3, 4, 3, 2, 2, 26, 7, 140, 249
31,50 : 9, 0, 49, 0, 2, 168, 57, 210, 253
31,51 : 4, 3, 175, 2, 26, 250, 140, 249, 251
31,52 : 0, 49, 197, 2, 168, 252, 210, 253, 218
31,53 : 3, 175, 158, 26, 250, 255, 249, 251, 135
31,54 : 49, 197, 95, 168, 252, 253, 253, 218, 50
31,55 : 175, 158, 18, 250, 255, 252, 251, 135, 13
31,56 : 197, 95, 22, 252, 253, 159, 218, 50, 8
31,57 : 158, 18, 98, 255, 252, 12, 135, 13, 23
31,58 : 95, 22, 221, 253, 159, 5, 50, 8, 99
31,59 : 18, 98, 251, 252, 12, 134, 13, 23, 200
31,60 : 22, 221, 196, 159, 5, 247, 8, 99, 251
31,61 : 98, 251, 22, 12, 134, 206, 23, 200, 255
31,62 : 221, 196, 27, 5, 247, 79, 99, 251, 254
31,63 : 251, 22, 205, 134, 206, 15, 200, 255, 255
31,64 : 196, 27, 250, 247, 79, 15, 251, 254, 255
31,65 : 22, 205, 252, 206, 15, 6, 255, 255, 255
31,66 : 27, 250, 237, 79, 15, 12, 254, 255, 253
31,67 : 205, 252, 215, 15, 6, 18, 255, 255, 254
31,68 : 250, 237, 203, 15, 12, 25, 255, 253, 250
31,69 : 252, 215, 215, 6, 18, 51, 255, 254, 254
31,70 : 237, 203, 235, 12, 25, 75, 253, 250, 247
31,71 : 215, 215, 241, 18, 51, 91, 254, 254, 247
31,72 : 203, 235, 242, 25, 75, 87, 250, 247, 252
31,73 : 215, 241, 239, 51, 91, 77, 254, 247, 251
31,74 : 235, 242, 249, 75, 87, 49, 247, 252, 250
31,75 : 241, 239, 244, 91, 77, 34, 247, 251, 249
31,76 : 242, 249, 251, 87, 49, 22, 252, 250, 241
31,77 : 239, 244, 255, 77, 34, 17, 251, 249, 239
31,78 : 249, 251, 255, 49, 22, 16, 250, 241, 200
31,79 : 244, 255, 253, 34, 17, 17, 249, 239, 169
31,80 : 251, 255, 252, 22, 16, 16, 241, 200, 152
31,81 : 255, 253, 253, 17, 17, 25, 239, 169, 150
31,82 : 255, 252, 245, 16, 16, 41, 200, 152, 156
31,83 : 253, 253, 192, 17, 25, 83, 169, 150, 162
31,84 : 252, 245, 65, 16, 41, 128, 152, 156, 146
31,85 : 253, 192, 2, 25, 83, 154, 150, 162, 155
31,86 : 245, 65, 2, 41, 128, 161, 156, 146, 160
31,87 : 192, 2, 2, 83, 154, 163, 162, 155, 153
31,88 : 65, 2, 7, 128, 161, 156, 146, 160, 150
31,89 : 2, 2, 7, 154, 163, 160, 155, 153, 162
31,90 : 2, 7, 16, 161, 156, 160, 160, 150, 157
31,91 : 2, 7, 18, 163, 160, 162, 153, 162, 150
31,92 : 7, 16, 11, 156, 160, 154, 150, 157, 147
31,93 : 7, 18, 5, 160, 162, 74, 162, 150, 165
31,94 : 16, 11, 54, 160, 154, 9, 157, 147, 142
31,95 : 18, 5, 210, 162, 74, 13, 150, 165, 30
31,96 : 11, 54, 252, 154, 9, 83, 147, 142, 2
31,97 : 5, 210, 255, 74, 13, 202, 165, 30, 4
31,98 : 54, 252, 254, 9, 83, 196, 142, 2, 50
31,99 : 210, 255, 254, 13, 202, 154, 30, 4, 159
31,100 : 252, 254, 255, 83, 196, 137, 2, 50, 109
31,101 : 255, 254, 253, 202, 154, 154, 4, 159, 11
31,102 : 254, 255, 255, 196, 137, 212, 50, 109, 15
31,103 : 254, 253, 251, 154, 154, 249, 159, 11, 163
31,104 : 255, 255, 253, 137, 212, 252, 109, 15, 251
31,105 : 253, 251, 250, 154, 249, 254, 11, 163, 252
31,106 : 255, 253, 226, 212, 252, 254, 15, 251, 253
31,107 : 251, 250, 184, 249, 254, 255, 163, 252, 255
31,108 : 253, 226, 102, 252, 254, 251, 251, 253, 253
31,109 : 250, 184, 50, 254, 255, 250, 252, 255, 255
31,110 : 226, 102, 23, 254, 251, 253, 253, 253, 255
31,111 : 184, 50, 72, 255, 250, 247, 255, 255, 253
31,112 : 102, 23, 159, 251, 253, 175, 253, 255, 255
31,113 : 50, 72, 226, 250, 247, 60, 255, 253, 231
31,114 : 23, 159, 248, 253, 175, 17, 255, 255, 71
31,115 : 72, 226, 255, 247, 60, 122, 253, 231, 13
31,116 : 159, 248, 255, 175, 17, 237, 255, 71, 145
31,117 : 226, 255, 255, 60, 122, 255, 231, 13, 247
31,118 : 248, 255, 255, 17, 237, 255, 71, 145, 255
31,119 : 255, 255, 255, 122, 255, 255, 13, 247, 255
31,120 : 255, 255, 255, 237, 255, 255, 145, 255, 255
31,121 : 255, 255, 255, 255, 255, 255, 247, 255, 255
31,122 : 255, 255, 255, 255, 255, 255, 255, 255, 255
31,123 : 255, 255, 255, 255, 255, 255, 255, 255, 255
31,124 : 255, 255, 255, 255, 255, 255, 255, 255, 255
31,125 : 255, 255, 255, 255, 255, 255, 255, 255, 255
31,126 : 255, 255, 0, 255, 255, 0, 255, 255, 0
31,127 : 255, 255, 0, 255, 255, 0, 255, 255, 0
32,0 : 0, 222, 6, 0, 252, 21, 0, 254, 139
32,1 : 0, 56, 13, 0, 199, 6, 0, 249, 6
32,2 : 222, 6, 135, 252, 21, 60, 254, 139, 11
32,3 : 56, 13, 174, 199, 6, 164, 249, 6, 125
32,4 : 6, 135, 160, 21, 60, 159, 139, 11, 168
32,5 : 13, 174, 166, 6, 164, 163, 6, 125, 159
32,6 : 135, 160, 161, 60, 159, 159, 11, 168, 157
32,7 : 174, 166, 152, 164, 163, 150, 125, 159, 149
32,8 : 160, 161, 156, 159, 159, 153, 168, 157, 153
32,9 : 166, 152, 159, 163, 150, 156, 159, 149, 157
32,10 : 161, 156, 152, 159, 153, 151, 157, 153, 152
32,11 : 152, 159, 148, 150, 156, 147, 149, 157, 148
32,12 : 156, 152, 158, 153, 151, 157, 153, 152, 158
32,13 : 159, 148, 155, 156, 147, 156, 157, 148, 155
32,14 : 152, 158, 147, 151, 157, 148, 152, 158, 149
32,15 : 148, 155, 154, 147, 156, 152, 148, 155, 153
32,16 : 158, 147, 159, 157, 148, 158, 158, 149, 159
32,17 : 155, 154, 152, 156, 152, 153, 155, 153, 152
32,18 : 147, 159, 149, 148, 158, 149, 149, 159, 149
32,19 : 154, 152, 157, 152, 153, 157, 153, 152, 160
32,20 : 159, 149, 156, 158, 149, 157, 159, 149, 161
32,21 : 152, 157, 147, 153, 157, 149, 152, 160, 149
32,22 : 149, 156, 152, 149, 157, 152, 149, 161, 155
32,23 : 157, 147, 159, 157, 149, 160, 160, 149, 161
32,24 : 156, 152, 151, 157, 152, 153, 161, 155, 154
32,25 : 147, 159, 147, 149, 160, 149, 149, 161, 152
32,26 : 152, 151, 159, 152, 153, 160, 155, 154, 161
32,27 : 159, 147, 157, 160, 149, 160, 161, 152, 161
32,28 : 151, 159, 132, 153, 160, 150, 154, 161, 154
32,29 : 147, 157, 38, 149, 160, 149, 152, 161, 157
32,30 : 159, 132, 3, 160, 150, 36, 161, 154, 68
32,31 : 157, 38, 2, 160, 149, 6, 161, 157, 3
32,32 : 132, 3, 24, 150, 36, 29, 154, 68, 0
32,33 : 38, 2, 13, 149, 6, 179, 157, 3, 13
32,34 : 3, 24, 0, 36, 29, 204, 68, 0, 127
32,35 : 2, 13, 3, 6, 179, 72, 3, 13, 247
32,36 : 24, 0, 0, 29, 204, 0, 0, 127, 222
32,37 : 13, 3, 5, 179, 72, 4, 13, 247, 130
32,38 : 0, 0, 2, 204, 0, 2, 127, 222, 121
32,39 : 3, 5, 4, 72, 4, 0, 247, 130, 132
32,40 : 0, 2, 1, 0, 2, 2, 222, 121, 77
32,41 : 5, 4, 2, 4, 0, 6, 130, 132, 62
32,42 : 2, 1, 4, 2, 2, 3, 121, 77, 87
32,43 : 4, 2, 3, 0, 6, 2, 132, 62, 134
32,44 : 1, 4, 3, 2, 3, 1, 77, 87, 142
32,45 : 2, 3, 0, 6, 2, 2, 62, 134, 183
32,46 : 4, 3, 0, 3, 1, 1, 87, 142, 242
32,47 : 3, 0, 4, 2, 2, 3, 134, 183, 250
32,48 : 3, 0, 7, 1, 1, 38, 142, 242, 255
32,49 : 0, 4, 2, 2, 3, 174, 183, 250, 242
32,50 : 0, 7, 55, 1, 38, 248, 242, 255, 197
32,51 : 4, 2, 229, 3, 174, 251, 250, 242, 118
32,52 : 7, 55, 251, 38, 248, 253, 255, 197, 27
32,53 : 2, 229, 250, 174, 251, 254, 242, 118, 9
32,54 : 55, 251, 245, 248, 253, 244, 197, 27, 53
32,55 : 229, 250, 182, 251, 254, 206, 118, 9, 129
32,56 : 251, 245, 45, 253, 244, 104, 27, 53, 184
32,57 : 250, 182, 10, 254, 206, 8, 9, 129, 221
32,58 : 245, 45, 70, 244, 104, 7, 53, 184, 252
32,59 : 182, 10, 221, 206, 8, 119, 129, 221, 253
32,60 : 45, 70, 225, 104, 7, 251, 184, 252, 251
32,61 : 10, 221, 57, 8, 119, 252, 221, 253, 253
32,62 : 70, 225, 4, 7, 251, 244, 252, 251, 251
32,63 : 221, 57, 85, 119, 252, 208, 253, 253, 253
32,64 : 225, 4, 169, 251, 244, 208, 251, 251, 255
32,65 : 57, 85, 182, 252, 208, 198, 253, 253, 255
32,66 : 4, 169, 195, 244, 208, 189, 251, 255, 252
32,67 : 85, 182, 216, 208, 198, 160, 253, 255, 255
32,68 : 169, 195, 230, 208, 189, 137, 255, 252, 255
32,69 : 182, 216, 244, 198, 160, 103, 255, 255, 253
32,70 : 195, 230, 252, 189, 137, 64, 252, 255, 255
32,71 : 216, 244, 254, 160, 103, 63, 255, 253, 254
32,72 : 230, 252, 252, 137, 64, 74, 255, 255, 251
32,73 : 244, 254, 249, 103, 63, 89, 253, 254, 252
32,74 : 252, 252, 241, 64, 74, 112, 255, 251, 252
32,75 : 254, 249, 235, 63, 89, 115, 254, 252, 253
32,76 : 252, 241, 228, 74, 112, 135, 251, 252, 249
32,77 : 249, 235, 212, 89, 115, 144, 252, 253, 248
32,78 : 241, 228, 205, 112, 135, 133, 252, 249, 240
32,79 : 235, 212, 183, 115, 144, 142, 253, 248, 209
32,80 : 228, 205, 153, 135, 133, 134, 249, 240, 163
32,81 : 212, 183, 121, 144, 142, 147, 248, 209, 148
32,82 : 205, 153, 60, 133, 134, 159, 240, 163, 159
32,83 : 183, 121, 21, 142, 147, 159, 209, 148, 158
32,84 : 153, 60, 18, 134, 159, 151, 163, 159, 146
32,85 : 121, 21, 55, 147, 159, 153, 148, 158, 152
32,86 : 60, 18, 86, 159, 151, 161, 159, 146, 159
32,87 : 21, 55, 84, 159, 153, 153, 158, 152, 161
32,88 : 18, 86, 88, 151, 161, 152, 146, 159, 148
32,89 : 55, 84, 97, 153, 153, 160, 152, 161, 161
32,90 : 86, 88, 81, 161, 152, 159, 159, 148, 159
32,91 : 84, 97, 72, 153, 160, 150, 161, 161, 151
32,92 : 88, 81, 44, 152, 159, 154, 148, 159, 153
32,93 : 97, 72, 7, 160, 150, 156, 161, 151, 165
32,94 : 81, 44, 21, 159, 154, 77, 159, 153, 147
32,95 : 72, 7, 173, 150, 156, 3, 151, 165, 21
32,96 : 44, 21, 238, 154, 77, 5, 153, 147, 3
32,97 : 7, 173, 251, 156, 3, 18, 165, 21, 1
32,98 : 21, 238, 253, 77, 5, 15, 147, 3, 77
32,99 : 173, 251, 252, 3, 18, 19, 21, 1, 180
32,100 : 238, 253, 252, 5, 15, 12, 3, 77, 125
32,101 : 251, 252, 251, 18, 19, 8, 1, 180, 9
32,102 : 253, 252, 251, 15, 12, 87, 77, 125, 7
32,103 : 252, 251, 253, 19, 8, 237, 180, 9, 143
32,104 : 252, 251, 254, 12, 87, 251, 125, 7, 254
32,105 : 251, 253, 252, 8, 237, 255, 9, 143, 251
32,106 : 251, 254, 253, 87, 251, 254, 7, 254, 255
32,107 : 253, 252, 250, 237, 255, 253, 143, 251, 255
32,108 : 254, 253, 253, 251, 254, 255, 254, 255, 254
32,109 : 252, 250, 244, 255, 253, 253, 251, 255, 255
32,110 : 253, 253, 200, 254, 255, 255, 255, 254, 253
32,111 : 250, 244, 112, 253, 253, 254, 255, 255, 255
32,112 : 253, 200, 27, 255, 255, 251, 254, 253, 252
32,113 : 244, 112, 44, 253, 254, 201, 255, 255, 223
32,114 : 200, 27, 155, 255, 251, 42, 253, 252, 55
32,115 : 112, 44, 240, 254, 201, 19, 255, 223, 4
32,116 : 27, 155, 253, 251, 42, 164, 252, 55, 154
32,117 : 44, 240, 253, 201, 19, 250, 223, 4, 246
32,118 : 155, 253, 255, 42, 164, 254, 55, 154, 255
32,119 : 240, 253, 255, 19, 250, 254, 4, 246, 255
32,120 : 253, 255, 255, 164, 254, 255, 154, 255, 255
32,121 : 253, 255, 255, 250, 254, 255, 246, 255, 255
32,122 : 255, 255, 255, 254, 255, 255, 255, 255, 255
32,123 : 255, 255, 255, 254, 255, 255, 255, 255, 255
32,124 : 255, 255, 255, 255, 255, 255, 255, 255, 255
32,125 : 255, 255, 255, 255, 255, 255, 255, 255, 255
32,126 : 255, 255, 0, 255, 255, 0, 255, 255, 0
32,127 : 255, 255, 0, 255, 255, 0, 255, 255, 0
33,0 : 0, 247, 6, 0, 253, 79, 0, 254, 214
33,1 : 0, 115, 4, 0, 235, 2, 0, 249, 46
33,2 : 247, 6, 115, 253, 79, 32, 254, 214, 6
33,3 : 115, 4, 178, 235, 2, 157, 249, 46, 60
33,4 : 6, 115, 161, 79, 32, 172, 214, 6, 157
33,5 : 4, 178, 162, 2, 157, 168, 46, 60, 166
33,6 : 115, 161, 158, 32, 172, 158, 6, 157, 158
33,7 : 178, 162, 149, 157, 168, 149, 60, 166, 150
33,8 : 161, 158, 154, 172, 158, 153, 157, 158, 154
33,9 : 162, 149, 157, 168, 149, 156, 166, 150, 158
33,10 : 158, 154, 151, 158, 153, 151, 158, 154, 153
33,11 : 149, 157, 148, 149, 156, 147, 150, 158, 149
33,12 : 154, 151, 159, 153, 151, 157, 154, 153, 158
33,13 : 157, 148, 156, 156, 147, 156, 158, 149, 156
33,14 : 151, 159, 148, 151, 157, 149, 153, 158, 148
33,15 : 148, 156, 154, 147, 156, 153, 149, 156, 153
33,16 : 159, 148, 159, 157, 149, 158, 158, 148, 159
33,17 : 156, 154, 151, 156, 153, 152, 156, 153, 153
33,18 : 148, 159, 148, 149, 158, 148, 148, 159, 153
33,19 : 154, 151, 158, 153, 152, 157, 153, 153, 167
33,20 : 159, 148, 158, 158, 148, 157, 159, 153, 167
33,21 : 151, 158, 150, 152, 157, 147, 153, 167, 154
33,22 : 148, 158, 153, 148, 157, 153, 153, 167, 156
33,23 : 158, 150, 160, 157, 147, 159, 167, 154, 161
33,24 : 158, 153, 152, 157, 153, 154, 167, 156, 155
33,25 : 150, 160, 150, 147, 159, 151, 154, 161, 152
33,26 : 153, 152, 159, 153, 154, 162, 156, 155, 160
33,27 : 160, 150, 161, 159, 151, 162, 161, 152, 158
33,28 : 152, 159, 154, 154, 162, 155, 155, 160, 151
33,29 : 150, 161, 106, 151, 162, 155, 152, 158, 156
33,30 : 159, 154, 8, 162, 155, 47, 160, 151, 137
33,31 : 161, 106, 5, 162, 155, 5, 158, 156, 40
33,32 : 154, 8, 92, 155, 47, 0, 151, 137, 5
33,33 : 106, 5, 137, 155, 5, 63, 156, 40, 0
33,34 : 8, 92, 30, 47, 0, 218, 137, 5, 43
33,35 : 5, 137, 1, 5, 63, 203, 40, 0, 210
33,36 : 92, 30, 1, 0, 218, 64, 5, 43, 252
33,37 : 137, 1, 0, 63, 203, 0, 0, 210, 250
33,38 : 30, 1, 1, 218, 64, 1, 43, 252, 248
33,39 : 1, 0, 1, 203, 0, 4, 210, 250, 247
33,40 : 1, 1, 0, 64, 1, 0, 252, 248, 248
33,41 : 0, 1, 6, 0, 4, 4, 250, 247, 248
33,42 : 1, 0, 7, 1, 0, 3, 248, 248, 248
33,43 : 1, 6, 0, 4, 4, 3, 247, 248, 243
33,44 : 0, 7, 0, 0, 3, 0, 248, 248, 229
33,45 : 6, 0, 2, 4, 3, 7, 248, 243, 212
33,46 : 7, 0, 0, 3, 0, 57, 248, 229, 171
33,47 : 0, 2, 2, 3, 7, 140, 243, 212, 140
33,48 : 0, 0, 2, 0, 57, 210, 229, 171, 102
33,49 : 2, 2, 26, 7, 140, 249, 212, 140, 43
33,50 : 0, 2, 168, 57, 210, 253, 171, 102, 8
33,51 : 2, 26, 250, 140, 249, 251, 140, 43, 13
33,52 : 2, 168, 252, 210, 253, 218, 102, 8, 56
33,53 : 26, 250, 255, 249, 251, 135, 43, 13, 153
33,54 : 168, 252, 253, 253, 218, 50, 8, 56, 229
33,55 : 250, 255, 252, 251, 135, 13, 13, 153, 252
33,56 : 252, 253, 159, 218, 50, 8, 56, 229, 253
33,57 : 255, 252, 12, 135, 13, 23, 153, 252, 253
33,58 : 253, 159, 5, 50, 8, 99, 229, 253, 254
33,59 : 252, 12, 134, 13, 23, 200, 252, 253, 254
33,60 : 159, 5, 247, 8, 99, 251, 253, 254, 255
33,61 : 12, 134, 206, 23, 200, 255, 253, 254, 253
33,62 : 5, 247, 79, 99, 251, 254, 254, 255, 255
33,63 : 134, 206, 15, 200, 255, 255, 254, 253, 252
33,64 : 247, 79, 15, 251, 254, 255, 255, 255, 254
33,65 : 206, 15, 6, 255, 255, 255, 253, 252, 253
33,66 : 79, 15, 12, 254, 255, 253, 255, 254, 253
33,67 : 15, 6, 18, 255, 255, 254, 252, 253, 254
33,68 : 15, 12, 25, 255, 253, 250, 254, 253, 255
33,69 : 6, 18, 51, 255, 254, 254, 253, 254, 253
33,70 : 12, 25, 75, 253, 250, 247, 253, 255, 255
33,71 : 18, 51, 91, 254, 254, 247, 254, 253, 252
33,72 : 25, 75, 87, 250, 247, 252, 255, 255, 255
33,73 : 51, 91, 77, 254, 247, 251, 253, 252, 254
33,74 : 75, 87, 49, 247, 252, 250, 255, 255, 251
33,75 : 91, 77, 34, 247, 251, 249, 252, 254, 252
33,76 : 87, 49, 22, 252, 250, 241, 255, 251, 254
33,77 : 77, 34, 17, 251, 249, 239, 254, 252, 247
33,78 : 49, 22, 16, 250, 241, 200, 251, 254, 251
33,79 : 34, 17, 17, 249, 239, 169, 252, 247, 243
33,80 : 22, 16, 16, 241, 200, 152, 254, 251, 189
33,81 : 17, 17, 25, 239, 169, 150, 247, 243, 151
33,82 : 16, 16, 41, 200, 152, 156, 251, 189, 157
33,83 : 17, 25, 83, 169, 150, 162, 243, 151, 156
33,84 : 16, 41, 128, 152, 156, 146, 189, 157, 154
33,85 : 25, 83, 154, 150, 162, 155, 151, 156, 152
33,86 : 41, 128, 161, 156, 146, 160, 157, 154, 161
33,87 : 83, 154, 163, 162, 155, 153, 156, 152, 152
33,88 : 128, 161, 156, 146, 160, 150, 154, 161, 153
33,89 : 154, 163, 160, 155, 153, 162, 152, 152, 158
33,90 : 161, 156, 160, 160, 150, 157, 161, 153, 160
33,91 : 163, 160, 162, 153, 162, 150, 152, 158, 153
33,92 : 156, 160, 154, 150, 157, 147, 153, 160, 149
33,93 : 160, 162, 74, 162, 150, 165, 158, 153, 160
33,94 : 160, 154, 9, 157, 147, 142, 160, 149, 112
33,95 : 162, 74, 13, 150, 165, 30, 153, 160, 8
33,96 : 154, 9, 83, 147, 142, 2, 149, 112, 3
33,97 : 74, 13, 202, 165, 30, 4, 160, 8, 22
33,98 : 9, 83, 196, 142, 2, 50, 112, 3, 120
33,99 : 13, 202, 154, 30, 4, 159, 8, 22, 105
33,100 : 83, 196, 137, 2, 50, 109, 3, 120, 28
33,101 : 202, 154, 154, 4, 159, 11, 22, 105, 5
33,102 : 196, 137, 212, 50, 109, 15, 120, 28, 71
33,103 : 154, 154, 249, 159, 11, 163, 105, 5, 219
33,104 : 137, 212, 252, 109, 15, 251, 28, 71, 254
33,105 : 154, 249, 254, 11, 163, 252, 5, 219, 255
33,106 : 212, 252, 254, 15, 251, 253, 71, 254, 255
33,107 : 249, 254, 255, 163, 252, 255, 219, 255, 255
33,108 : 252, 254, 251, 251, 253, 253, 254, 255, 254
33,109 : 254, 255, 250, 252, 255, 255, 255, 255, 254
33,110 : 254, 251, 253, 253, 253, 255, 255, 254, 253
33,111 : 255, 250, 247, 255, 255, 253, 255, 254, 255
33,112 : 251, 253, 175, 253, 255, 255, 254, 253, 253
33,113 : 250, 247, 60, 255, 253, 231, 254, 255, 223
33,114 : 253, 175, 17, 255, 255, 71, 253, 253, 52
33,115 : 247, 60, 122, 253, 231, 13, 255, 223, 13
33,116 : 175, 17, 237, 255, 71, 145, 253, 52, 154
33,117 : 60, 122, 255, 231, 13, 247, 223, 13, 252
33,118 : 17, 237, 255, 71, 145, 255, 52, 154, 254
33,119 : 122, 255, 255, 13, 247, 255, 13, 252, 255
33,120 : 237, 255, 255, 145, 255, 255, 154, 254, 255
33,121 : 255, 255, 255, 247, 255, 255, 252, 255, 255
33,122 : 255, 255, 255, 255, 255, 255, 254, 255, 255
33,123 : 255, 255, 255, 255, 255, 255, 255, 255, 255
33,124 : 255, 255, 255, 255, 255, 255, 255, 255, 255
33,125 : 255, 255, 255, 255, 255, 255, 255, 255, 255
33,126 : 255, 255, 0, 255, 255, 0, 255, 255, 0
33,127 : 255, 255, 0, 255, 255, 0, 255, 255, 0
34,0 : 0, 252, 21, 0, 254, 139, 0, 255, 247
34,1 : 0, 199, 6, 0, 249, 6, 0, 255, 121
34,2 : 252, 21, 60, 254, 139, 11, 255, 247, 3
34,3 : 199, 6, 164, 249, 6, 125, 255, 121, 17
34,4 : 21, 60, 159, 139, 11, 168, 247, 3, 117
34,5 : 6, 164, 163, 6, 125, 159, 121, 17, 168
34,6 : 60, 159, 159, 11, 168, 157, 3, 117, 159
34,7 : 164, 163, 150, 125, 159, 149, 17, 168, 151
34,8 : 159, 159, 153, 168, 157, 153, 117, 159, 155
34,9 : 163, 150, 156, 159, 149, 157, 168, 151, 159
34,10 : 159, 153, 151, 157, 153, 152, 159, 155, 154
34,11 : 150, 156, 147, 149, 157, 148, 151, 159, 150
34,12 : 153, 151, 157, 153, 152, 158, 155, 154, 159
34,13 : 156, 147, 156, 157, 148, 155, 159, 150, 157
34,14 : 151, 157, 148, 152, 158, 149, 154, 159, 150
34,15 : 147, 156, 152, 148, 155, 153, 150, 157, 154
34,16 : 157, 148, 158, 158, 149, 159, 159, 150, 159
34,17 : 156, 152, 153, 155, 153, 152, 157, 154, 153
34,18 : 148, 158, 149, 149, 159, 149, 150, 159, 155
34,19 : 152, 153, 157, 153, 152, 160, 154, 153, 170
34,20 : 158, 149, 157, 159, 149, 161, 159, 155, 169
34,21 : 153, 157, 149, 152, 160, 149, 153, 170, 154
34,22 : 149, 157, 152, 149, 161, 155, 155, 169, 155
34,23 : 157, 149, 160, 160, 149, 161, 170, 154, 160
34,24 : 157, 152, 153, 161, 155, 154, 169, 155, 154
34,25 : 149, 160, 149, 149, 161, 152, 154, 160, 153
34,26 : 152, 153, 160, 155, 154, 161, 155, 154, 161
34,27 : 160, 149, 160, 161, 152, 161, 160, 153, 158
34,28 : 153, 160, 150, 154, 161, 154, 154, 161, 151
34,29 : 149, 160, 149, 152, 161, 157, 153, 158, 157
34,30 : 160, 150, 36, 161, 154, 68, 161, 151, 161
34,31 : 160, 149, 6, 161, 157, 3, 158, 157, 149
34,32 : 150, 36, 29, 154, 68, 0, 151, 161, 98
34,33 : 149, 6, 179, 157, 3, 13, 157, 149, 5
34,34 : 36, 29, 204, 68, 0, 127, 161, 98, 6
34,35 : 6, 179, 72, 3, 13, 247, 149, 5, 30
34,36 : 29, 204, 0, 0, 127, 222, 98, 6, 115
34,37 : 179, 72, 4, 13, 247, 130, 5, 30, 195
34,38 : 204, 0, 2, 127, 222, 121, 6, 115, 196
34,39 : 72, 4, 0, 247, 130, 132, 30, 195, 156
34,40 : 0, 2, 2, 222, 121, 77, 115, 196, 118
34,41 : 4, 0, 6, 130, 132, 62, 195, 156, 81
34,42 : 2, 2, 3, 121, 77, 87, 196, 118, 60
34,43 : 0, 6, 2, 132, 62, 134, 156, 81, 39
34,44 : 2, 3, 1, 77, 87, 142, 118, 60, 26
34,45 : 6, 2, 2, 62, 134, 183, 81, 39, 6
34,46 : 3, 1, 1, 87, 142, 242, 60, 26, 5
34,47 : 2, 2, 3, 134, 183, 250, 39, 6, 6
34,48 : 1, 1, 38, 142, 242, 255, 26, 5, 24
34,49 : 2, 3, 174, 183, 250, 242, 6, 6, 66
34,50 : 1, 38, 248, 242, 255, 197, 5, 24, 152
34,51 : 3, 174, 251, 250, 242, 118, 6, 66, 206
34,52 : 38, 248, 253, 255, 197, 27, 24, 152, 245
34,53 : 174, 251, 254, 242, 118, 9, 66, 206, 251
34,54 : 248, 253, 244, 197, 27, 53, 152, 245, 255
34,55 : 251, 254, 206, 118, 9, 129, 206, 251, 252
34,56 : 253, 244, 104, 27, 53, 184, 245, 255, 253
34,57 : 254, 206, 8, 9, 129, 221, 251, 252, 254
34,58 : 244, 104, 7, 53, 184, 252, 255, 253, 253
34,59 : 206, 8, 119, 129, 221, 253, 252, 254, 253
34,60 : 104, 7, 251, 184, 252, 251, 253, 253, 251
34,61 : 8, 119, 252, 221, 253, 253, 254, 253, 255
34,62 : 7, 251, 244, 252, 251, 251, 253, 251, 252
34,63 : 119, 252, 208, 253, 253, 253, 253, 255, 252
34,64 : 251, 244, 208, 251, 251, 255, 251, 252, 252
34,65 : 252, 208, 198, 253, 253, 255, 255, 252, 252
34,66 : 244, 208, 189, 251, 255, 252, 252, 252, 248
34,67 : 208, 198, 160, 253, 255, 255, 252, 252, 243
34,68 : 208, 189, 137, 255, 252, 255, 252, 248, 231
34,69 : 198, 160, 103, 255, 255, 253, 252, 243, 236
34,70 : 189, 137, 64, 252, 255, 255, 248, 231, 245
34,71 : 160, 103, 63, 255, 253, 254, 243, 236, 248
34,72 : 137, 64, 74, 255, 255, 251, 231, 245, 252
34,73 : 103, 63, 89, 253, 254, 252, 236, 248, 254
34,74 : 64, 74, 112, 255, 251, 252, 245, 252, 255
34,75 : 63, 89, 115, 254, 252, 253, 248, 254, 255
34,76 : 74, 112, 135, 251, 252, 249, 252, 255, 250
34,77 : 89, 115, 144, 252, 253, 248, 254, 255, 254
34,78 : 112, 135, 133, 252, 249, 240, 255, 250, 253
34,79 : 115, 144, 142, 253, 248, 209, 255, 254, 251
34,80 : 135, 133, 134, 249, 240, 163, 250, 253, 230
34,81 : 144, 142, 147, 248, 209, 148, 254, 251, 170
34,82 : 133, 134, 159, 240, 163, 159, 253, 230, 152
34,83 : 142, 147, 159, 209, 148, 158, 251, 170, 158
34,84 : 134, 159, 151, 163, 159, 146, 230, 152, 150
34,85 : 147, 159, 153, 148, 158, 152, 170, 158, 151
34,86 : 159, 151, 161, 159, 146, 159, 152, 150, 162
34,87 : 159, 153, 153, 158, 152, 161, 158, 151, 156
34,88 : 151, 161, 152, 146, 159, 148, 150, 162, 151
34,89 : 153, 153, 160, 152, 161, 161, 151, 156, 160
34,90 : 161, 152, 159, 159, 148, 159, 162, 151, 157
34,91 : 153, 160, 150, 161, 161, 151, 156, 160, 150
34,92 : 152, 159, 154, 148, 159, 153, 151, 157, 163
34,93 : 160, 150, 156, 161, 151, 165, 160, 150, 163
34,94 : 159, 154, 77, 159, 153, 147, 157, 163, 84
34,95 : 150, 156, 3, 151, 165, 21, 150, 163, 6
34,96 : 154, 77, 5, 153, 147, 3, 163, 84, 2
34,97 : 156, 3, 18, 165, 21, 1, 163, 6, 17
34,98 : 77, 5, 15, 147, 3, 77, 84, 2, 22
34,99 : 3, 18, 19, 21, 1, 180, 6, 17, 8
34,100 : 5, 15, 12, 3, 77, 125, 2, 22, 33
34,101 : 18, 19, 8, 1, 180, 9, 17, 8, 114
34,102 : 15, 12, 87, 77, 125, 7, 22, 33, 225
34,103 : 19, 8, 237, 180, 9, 143, 8, 114, 255
34,104 : 12, 87, 251, 125, 7, 254, 33, 225, 255
34,105 : 8, 237, 255, 9, 143, 251, 114, 255, 253
34,106 : 87, 251, 254, 7, 254, 255, 225, 255, 254
34,107 : 237, 255, 253, 143, 251, 255, 255, 253, 253
34,108 : 251, 254, 255, 254, 255, 254, 255, 254, 255
34,109 : 255, 253, 253, 251, 255, 255, 253, 253, 255
34,110 : 254, 255, 255, 255, 254, 253, 254, 255, 255
34,111 : 253, 253, 254, 255, 255, 255, 253, 255, 255
34,112 : 255, 255, 251, 254, 253, 252, 255, 255, 255
34,113 : 253, 254, 201, 255, 255, 223, 255, 255, 221
34,114 : 255, 251, 42, 253, 252, 55, 255, 255, 52
34,115 : 254, 201, 19, 255, 223, 4, 255, 221, 8
34,116 : 251, 42, 164, 252, 55, 154, 255, 52, 121
34,117 : 201, 19, 250, 223, 4, 246, 221, 8, 243
34,118 : 42, 164, 254, 55, 154, 255, 52, 121, 254
34,119 : 19, 250, 254, 4, 246, 255, 8, 243, 254
34,120 : 164, 254, 255, 154, 255, 255, 121, 254, 254
34,121 : 250, 254, 255, 246, 255, 255, 243, 254, 255
34,122 : 254, 255, 255, 255, 255, 255, 254, 254, 255
34,123 : 254, 255, 255, 255, 255, 255, 254, 255, 255
34,124 : 255, 255, 255, 255, 255, 255, 254, 255, 255
34,125 : 255, 255, 255, 255, 255, 255, 255, 255, 255
34,126 : 255, 255, 0, 255, 255, 0, 255, 255, 0
34,127 : 255, 255, 0, 255, 255, 0, 255, 255, 0
35,0 : 0, 253, 79, 0, 254, 214, 0, 254, 252
35,1 : 0, 235, 2, 0, 249, 46, 0, 255, 213
35,2 : 253, 79, 32, 254, 214, 6, 254, 252, 52
35,3 : 235, 2, 157, 249, 46, 60, 255, 213, 4
35,4 : 79, 32, 172, 214, 6, 157, 252, 52, 51
35,5 : 2, 157, 168, 46, 60, 166, 213, 4, 153
35,6 : 32, 172, 158, 6, 157, 158, 52, 51, 160
35,7 : 157, 168, 149, 60, 166, 150, 4, 153, 152
35,8 : 172, 158, 153, 157, 158, 154, 51, 160, 156
35,9 : 168, 149, 156, 166, 150, 158, 153, 152, 160
35,10 : 158, 153, 151, 158, 154, 153, 160, 156, 154
35,11 : 149, 156, 147, 150, 158, 149, 152, 160, 150
35,12 : 153, 151, 157, 154, 153, 158, 156, 154, 160
35,13 : 156, 147, 156, 158, 149, 156, 160, 150, 158
35,14 : 151, 157, 149, 153, 158, 148, 154, 160, 152
35,15 : 147, 156, 153, 149, 156, 153, 150, 158, 156
35,16 : 157, 149, 158, 158, 148, 159, 160, 152, 160
35,17 : 156, 153, 152, 156, 153, 153, 158, 156, 153
35,18 : 149, 158, 148, 148, 159, 153, 152, 160, 154
35,19 : 153, 152, 157, 153, 153, 167, 156, 153, 167
35,20 : 158, 148, 157, 159, 153, 167, 160, 154, 166
35,21 : 152, 157, 147, 153, 167, 154, 153, 167, 152
35,22 : 148, 157, 153, 153, 167, 156, 154, 166, 155
35,23 : 157, 147, 159, 167, 154, 161, 167, 152, 160
35,24 : 157, 153, 154, 167, 156, 155, 166, 155, 154
35,25 : 147, 159, 151, 154, 161, 152, 152, 160, 153
35,26 : 153, 154, 162, 156, 155, 160, 155, 154, 161
35,27 : 159, 151, 162, 161, 152, 158, 160, 153, 158
35,28 : 154, 162, 155, 155, 160, 151, 154, 161, 151
35,29 : 151, 162, 155, 152, 158, 156, 153, 158, 156
35,30 : 162, 155, 47, 160, 151, 137, 161, 151, 161
35,31 : 162, 155, 5, 158, 156, 40, 158, 156, 156
35,32 : 155, 47, 0, 151, 137, 5, 151, 161, 153
35,33 : 155, 5, 63, 156, 40, 0, 156, 156, 31
35,34 : 47, 0, 218, 137, 5, 43, 161, 153, 4
35,35 : 5, 63, 203, 40, 0, 210, 156, 31, 14
35,36 : 0, 218, 64, 5, 43, 252, 153, 4, 9
35,37 : 63, 203, 0, 0, 210, 250, 31, 14, 5
35,38 : 218, 64, 1, 43, 252, 248, 4, 9, 4
35,39 : 203, 0, 4, 210, 250, 247, 14, 5, 6
35,40 : 64, 1, 0, 252, 248, 248, 9, 4, 16
35,41 : 0, 4, 4, 250, 247, 248, 5, 6, 33
35,42 : 1, 0, 3, 248, 248, 248, 4, 16, 40
35,43 : 4, 4, 3, 247, 248, 243, 6, 33, 72
35,44 : 0, 3, 0, 248, 248, 229, 16, 40, 98
35,45 : 4, 3, 7, 248, 243, 212, 33, 72, 110
35,46 : 3, 0, 57, 248, 229, 171, 40, 98, 125
35,47 : 3, 7, 140, 243, 212, 140, 72, 110, 146
35,48 : 0, 57, 210, 229, 171, 102, 98, 125, 159
35,49 : 7, 140, 249, 212, 140, 43, 110, 146, 198
35,50 : 57, 210, 253, 171, 102, 8, 125, 159, 248
35,51 : 140, 249, 251, 140, 43, 13, 146, 198, 253
35,52 : 210, 253, 218, 102, 8, 56, 159, 248, 255
35,53 : 249, 251, 135, 43, 13, 153, 198, 253, 252
35,54 : 253, 218, 50, 8, 56, 229, 248, 255, 248
35,55 : 251, 135, 13, 13, 153, 252, 253, 252, 255
35,56 : 218, 50, 8, 56, 229, 253, 255, 248, 254
35,57 : 135, 13, 23, 153, 252, 253, 252, 255, 252
35,58 : 50, 8, 99, 229, 253, 254, 248, 254, 255
35,59 : 13, 23, 200, 252, 253, 254, 255, 252, 255
35,60 : 8, 99, 251, 253, 254, 255, 254, 255, 253
35,61 : 23, 200, 255, 253, 254, 253, 252, 255, 253
35,62 : 99, 251, 254, 254, 255, 255, 255, 253, 245
35,63 : 200, 255, 255, 254, 253, 252, 255, 253, 190
35,64 : 251, 254, 255, 255, 255, 254, 253, 245, 122
35,65 : 255, 255, 255, 253, 252, 253, 253, 190, 63
35,66 : 254, 255, 253, 255, 254, 253, 245, 122, 49
35,67 : 255, 255, 254, 252, 253, 254, 190, 63, 33
35,68 : 255, 253, 250, 254, 253, 255, 122, 49, 17
35,69 : 255, 254, 254, 253, 254, 253, 63, 33, 31
35,70 : 253, 250, 247, 253, 255, 255, 49, 17, 83
35,71 : 254, 254, 247, 254, 253, 252, 33, 31, 223
35,72 : 250, 247, 252, 255, 255, 255, 17, 83, 254
35,73 : 254, 247, 251, 253, 252, 254, 31, 223, 248
35,74 : 247, 252, 250, 255, 255, 251, 83, 254, 248
35,75 : 247, 251, 249, 252, 254, 252, 223, 248, 253
35,76 : 252, 250, 241, 255, 251, 254, 254, 248, 252
35,77 : 251, 249, 239, 254, 252, 247, 248, 253, 253
35,78 : 250, 241, 200, 251, 254, 251, 248, 252, 250
35,79 : 249, 239, 169, 252, 247, 243, 253, 253, 249
35,80 : 241, 200, 152, 254, 251, 189, 252, 250, 242
35,81 : 239, 169, 150, 247, 243, 151, 253, 249, 175
35,82 : 200, 152, 156, 251, 189, 157, 250, 242, 156
35,83 : 169, 150, 162, 243, 151, 156, 249, 175, 158
35,84 : 152, 156, 146, 189, 157, 154, 242, 156, 146
35,85 : 150, 162, 155, 151, 156, 152, 175, 158, 157
35,86 : 156, 146, 160, 157, 154, 161, 156, 146, 161
35,87 : 162, 155, 153, 156, 152, 152, 158, 157, 152
35,88 : 146, 160, 150, 154, 161, 153, 146, 161, 150
35,89 : 155, 153, 162, 152, 152, 158, 157, 152, 161
35,90 : 160, 150, 157, 161, 153, 160, 161, 150, 164
35,91 : 153, 162, 150, 152, 158, 153, 152, 161, 159
35,92 : 150, 157, 147, 153, 160, 149, 150, 164, 95
35,93 : 162, 150, 165, 158, 153, 160, 161, 159, 26
35,94 : 157, 147, 142, 160, 149, 112, 164, 95, 10
35,95 : 150, 165, 30, 153, 160, 8, 159, 26, 6
35,96 : 147, 142, 2, 149, 112, 3, 95, 10, 4
35,97 : 165, 30, 4, 160, 8, 22, 26, 6, 18
35,98 : 142, 2, 50, 112, 3, 120, 10, 4, 93
35,99 : 30, 4, 159, 8, 22, 105, 6, 18, 162
35,100 : 2, 50, 109, 3, 120, 28, 4, 93, 229
35,101 : 4, 159, 11, 22, 105, 5, 18, 162, 220
35,102 : 50, 109, 15, 120, 28, 71, 93, 229, 146
35,103 : 159, 11, 163, 105, 5, 219, 162, 220, 142
35,104 : 109, 15, 251, 28, 71, 254, 229, 146, 226
35,105 : 11, 163, 252, 5, 219, 255, 220, 142, 255
35,106 : 15, 251, 253, 71, 254, 255, 146, 226, 255
35,107 : 163, 252, 255, 219, 255, 255, 142, 255, 255
35,108 : 251, 253, 253, 254, 255, 254, 226, 255, 255
35,109 : 252, 255, 255, 255, 255, 254, 255, 255, 252
35,110 : 253, 253, 255, 255, 254, 253, 255, 255, 253
35,111 : 255, 255, 253, 255, 254, 255, 255, 252, 253
35,112 : 253, 255, 255, 254, 253, 253, 255, 253, 252
35,113 : 255, 253, 231, 254, 255, 223, 252, 253, 222
35,114 : 255, 255, 71, 253, 253, 52, 253, 252, 53
35,115 : 253, 231, 13, 255, 223, 13, 253, 222, 9
35,116 : 255, 71, 145, 253, 52, 154, 252, 53, 138
35,117 : 231, 13, 247, 223, 13, 252, 222, 9, 251
35,118 : 71, 145, 255, 52, 154, 254, 53, 138, 253
35,119 : 13, 247, 255, 13, 252, 255, 9, 251, 253
35,120 : 145, 255, 255, 154, 254, 255, 138, 253, 254
35,121 : 247, 255, 255, 252, 255, 255, 251, 253, 254
35,122 : 255, 255, 255, 254, 255, 255, 253, 254, 254
35,123 : 255, 255, 255, 255, 255, 255, 253, 254, 255
35,124 : 255, 255, 255, 255, 255, 255, 254, 254, 255
35,125 : 255, 255, 255, 255, 255, 255, 254, 255, 255
35,126 : 255, 255, 0, 255, 255, 0, 254, 255, 0
35,127 : 255, 255, 0, 255, 255, 0, 255, 255, 0
36,0 : 0, 254, 139, 0, 255, 247, 0, 255, 255
36,1 : 0, 249, 6, 0, 255, 121, 0, 251, 240
36,2 : 254, 139, 11, 255, 247, 3, 255, 255, 131
36,3 : 249, 6, 125, 255, 121, 17, 251, 240, 8
36,4 : 139, 11, 168, 247, 3, 117, 255, 131, 12
36,5 : 6, 125, 159, 121, 17, 168, 240, 8, 128
36,6 : 11, 168, 157, 3, 117, 159, 131, 12, 159
36,7 : 125, 159, 149, 17, 168, 151, 8, 128, 152
36,8 : 168, 157, 153, 117, 159, 155, 12, 159, 157
36,9 : 159, 149, 157, 168, 151, 159, 128, 152, 161
36,10 : 157, 153, 152, 159, 155, 154, 159, 157, 155
36,11 : 149, 157, 148, 151, 159, 150, 152, 161, 150
36,12 : 153, 152, 158, 155, 154, 159, 157, 155, 160
36,13 : 157, 148, 155, 159, 150, 157, 161, 150, 159
36,14 : 152, 158, 149, 154, 159, 150, 155, 160, 152
36,15 : 148, 155, 153, 150, 157, 154, 150, 159, 156
36,16 : 158, 149, 159, 159, 150, 159, 160, 152, 161
36,17 : 155, 153, 152, 157, 154, 153, 159, 156, 153
36,18 : 149, 159, 149, 150, 159, 155, 152, 161, 152
36,19 : 153, 152, 160, 154, 153, 170, 156, 153, 164
36,20 : 159, 149, 161, 159, 155, 169, 161, 152, 164
36,21 : 152, 160, 149, 153, 170, 154, 153, 164, 153
36,22 : 149, 161, 155, 155, 169, 155, 152, 164, 156
36,23 : 160, 149, 161, 170, 154, 160, 164, 153, 161
36,24 : 161, 155, 154, 169, 155, 154, 164, 156, 154
36,25 : 149, 161, 152, 154, 160, 153, 153, 161, 152
36,26 : 155, 154, 161, 155, 154, 161, 156, 154, 160
36,27 : 161, 152, 161, 160, 153, 158, 161, 152, 158
36,28 : 154, 161, 154, 154, 161, 151, 154, 160, 151
36,29 : 152, 161, 157, 153, 158, 157, 152, 158, 154
36,30 : 161, 154, 68, 161, 151, 161, 160, 151, 163
36,31 : 161, 157, 3, 158, 157, 149, 158, 154, 153
36,32 : 154, 68, 0, 151, 161, 98, 151, 163, 152
36,33 : 157, 3, 13, 157, 149, 5, 154, 153, 46
36,34 : 68, 0, 127, 161, 98, 6, 163, 152, 4
36,35 : 3, 13, 247, 149, 5, 30, 153, 46, 67
36,36 : 0, 127, 222, 98, 6, 115, 152, 4, 144
36,37 : 13, 247, 130, 5, 30, 195, 46, 67, 115
36,38 : 127, 222, 121, 6, 115, 196, 4, 144, 105
36,39 : 247, 130, 132, 30, 195, 156, 67, 115, 113
36,40 : 222, 121, 77, 115, 196, 118, 144, 105, 146
36,41 : 130, 132, 62, 195, 156, 81, 115, 113, 167
36,42 : 121, 77, 87, 196, 118, 60, 105, 146, 165
36,43 : 132, 62, 134, 156, 81, 39, 113, 167, 157
36,44 : 77, 87, 142, 118, 60, 26, 146, 165, 160
36,45 : 62, 134, 183, 81, 39, 6, 167, 157, 153
36,46 : 87, 142, 242, 60, 26, 5, 165, 160, 149
36,47 : 134, 183, 250, 39, 6, 6, 157, 153, 159
36,48 : 142, 242, 255, 26, 5, 24, 160, 149, 180
36,49 : 183, 250, 242, 6, 6, 66, 153, 159, 234
36,50 : 242, 255, 197, 5, 24, 152, 149, 180, 251
36,51 : 250, 242, 118, 6, 66, 206, 159, 234, 255
36,52 : 255, 197, 27, 24, 152, 245, 180, 251, 250
36,53 : 242, 118, 9, 66, 206, 251, 234, 255, 253
36,54 : 197, 27, 53, 152, 245, 255, 251, 250, 255
36,55 : 118, 9, 129, 206, 251, 252, 255, 253, 251
36,56 : 27, 53, 184, 245, 255, 253, 250, 255, 255
36,57 : 9, 129, 221, 251, 252, 254, 253, 251, 255
36,58 : 53, 184, 252, 255, 253, 253, 255, 255, 252
36,59 : 129, 221, 253, 252, 254, 253, 251, 255, 253
36,60 : 184, 252, 251, 253, 253, 251, 255, 252, 253
36,61 : 221, 253, 253, 254, 253, 255, 255, 253, 230
36,62 : 252, 251, 251, 253, 251, 252, 252, 253, 77
36,63 : 253, 253, 253, 253, 255, 252, 253, 230, 3
36,64 : 251, 251, 255, 251, 252, 252, 253, 77, 2
36,65 : 253, 253, 255, 255, 252, 252, 230, 3, 2
36,66 : 251, 255, 252, 252, 252, 248, 77, 2, 0
36,67 : 253, 255, 255, 252, 252, 243, 3, 2, 0
36,68 : 255, 252, 255, 252, 248, 231, 2, 0, 4
36,69 : 255, 255, 253, 252, 243, 236, 2, 0, 0
36,70 : 252, 255, 255, 248, 231, 245, 0, 4, 70
36,71 : 255, 253, 254, 243, 236, 248, 0, 0, 226
36,72 : 255, 255, 251, 231, 245, 252, 4, 70, 252
36,73 : 253, 254, 252, 236, 248, 254, 0, 226, 254
36,74 : 255, 251, 252, 245, 252, 255, 70, 252, 255
36,75 : 254, 252, 253, 248, 254, 255, 226, 254, 254
36,76 : 251, 252, 249, 252, 255, 250, 252, 255, 254
36,77 : 252, 253, 248, 254, 255, 254, 254, 254, 253
36,78 : 252, 249, 240, 255, 250, 253, 255, 254, 252
36,79 : 253, 248, 209, 255, 254, 251, 254, 253, 254
36,80 : 249, 240, 163, 250, 253, 230, 254, 252, 231
36,81 : 248, 209, 148, 254, 251, 170, 253, 254, 165
36,82 : 240, 163, 159, 253, 230, 152, 252, 231, 157
36,83 : 209, 148, 158, 251, 170, 158, 254, 165, 160
36,84 : 163, 159, 146, 230, 152, 150, 231, 157, 151
36,85 : 148, 158, 152, 170, 158, 151, 165, 160, 152
36,86 : 159, 146, 159, 152, 150, 162, 157, 151, 164
36,87 : 158, 152, 161, 158, 151, 156, 160, 152, 159
36,88 : 146, 159, 148, 150, 162, 151, 151, 164, 152
36,89 : 152, 161, 161, 151, 156, 160, 152, 159, 146
36,90 : 159, 148, 159, 162, 151, 157, 164, 152, 87
36,91 : 161, 161, 151, 156, 160, 150, 159, 146, 28
36,92 : 148, 159, 153, 151, 157, 163, 152, 87, 3
36,93 : 161, 151, 165, 160, 150, 163, 146, 28, 2
36,94 : 159, 153, 147, 157, 163, 84, 87, 3, 3
36,95 : 151, 165, 21, 150, 163, 6, 28, 2, 1
36,96 : 153, 147, 3, 163, 84, 2, 3, 3, 6
36,97 : 165, 21, 1, 163, 6, 17, 2, 1, 119
36,98 : 147, 3, 77, 84, 2, 22, 3, 6, 212
36,99 : 21, 1, 180, 6, 17, 8, 1, 119, 197
36,100 : 3, 77, 125, 2, 22, 33, 6, 212, 112
36,101 : 1, 180, 9, 17, 8, 114, 119, 197, 26
36,102 : 77, 125, 7, 22, 33, 225, 212, 112, 4
36,103 : 180, 9, 143, 8, 114, 255, 197, 26, 8
36,104 : 125, 7, 254, 33, 225, 255, 112, 4, 58
36,105 : 9, 143, 251, 114, 255, 253, 26, 8, 206
36,106 : 7, 254, 255, 225, 255, 254, 4, 58, 249
36,107 : 143, 251, 255, 255, 253, 253, 8, 206, 255
36,108 : 254, 255, 254, 255, 254, 255, 58, 249, 252
36,109 : 251, 255, 255, 253, 253, 255, 206, 255, 252
36,110 : 255, 254, 253, 254, 255, 255, 249, 252, 255
36,111 : 255, 255, 255, 253, 255, 255, 255, 252, 255
36,112 : 254, 253, 252, 255, 255, 255, 252, 255, 255
36,113 : 255, 255, 223, 255, 255, 221, 252, 255, 218
36,114 : 253, 252, 55, 255, 255, 52, 255, 255, 49
36,115 : 255, 223, 4, 255, 221, 8, 255, 218, 14
36,116 : 252, 55, 154, 255, 52, 121, 255, 49, 166
36,117 : 223, 4, 246, 221, 8, 243, 218, 14, 247
36,118 : 55, 154, 255, 52, 121, 254, 49, 166, 253
36,119 : 4, 246, 255, 8, 243, 254, 14, 247, 253
36,120 : 154, 255, 255, 121, 254, 254, 166, 253, 253
36,121 : 246, 255, 255, 243, 254, 255, 247, 253, 254
36,122 : 255, 255, 255, 254, 254, 255, 253, 253, 254
36,123 : 255, 255, 255, 254, 255, 255, 253, 254, 255
36,124 : 255, 255, 255, 254, 255, 255, 253, 254, 255
36,125 : 255, 255, 255, 255, 255, 255, 254, 255, 255
36,126 : 255, 255, 0, 255, 255, 0, 254, 255, 0
36,127 : 255, 255, 0, 255, 255, 0, 255, 255, 0
37,0 : 0, 254, 214, 0, 254, 252, 0, 254, 253
37,1 : 0, 249, 46, 0, 255, 213, 0, 253, 253
37,2 : 254, 214, 6, 254, 252, 52, 254, 253, 229
37,3 : 249, 46, 60, 255, 213, 4, 253, 253, 85
37,4 : 214, 6, 157, 252, 52, 51, 253, 229, 7
37,5 : 46, 60, 166, 213, 4, 153, 253, 85, 64
37,6 : 6, 157, 158, 52, 51, 160, 229, 7, 157
37,7 : 60, 166, 150, 4, 153, 152, 85, 64, 151
37,8 : 157, 158, 154, 51, 160, 156, 7, 157, 157
37,9 : 166, 150, 158, 153, 152, 160, 64, 151, 161
37,10 : 158, 154, 153, 160, 156, 154, 157, 157, 155
37,11 : 150, 158, 149, 152, 160, 150, 151, 161, 151
37,12 : 154, 153, 158, 156, 154, 160, 157, 155, 160
37,13 : 158, 149, 156, 160, 150, 158, 161, 151, 159
37,14 : 153, 158, 148, 154, 160, 152, 155, 160, 151
37,15 : 149, 156, 153, 150, 158, 156, 151, 159, 156
37,16 : 158, 148, 159, 160, 152, 160, 160, 151, 161
37,17 : 156, 153, 153, 158, 156, 153, 159, 156, 154
37,18 : 148, 159, 153, 152, 160, 154, 151, 161, 151
37,19 : 153, 153, 167, 156, 153, 167, 156, 154, 163
37,20 : 159, 153, 167, 160, 154, 166, 161, 151, 166
37,21 : 153, 167, 154, 153, 167, 152, 154, 163, 157
37,22 : 153, 167, 156, 154, 166, 155, 151, 166, 156
37,23 : 167, 154, 161, 167, 152, 160, 163, 157, 161
37,24 : 167, 156, 155, 166, 155, 154, 166, 156, 154
37,25 : 154, 161, 152, 152, 160, 153, 157, 161, 151
37,26 : 156, 155, 160, 155, 154, 161, 156, 154, 161
37,27 : 161, 152, 158, 160, 153, 158, 161, 151, 160
37,28 : 155, 160, 151, 154, 161, 151, 154, 161, 153
37,29 : 152, 158, 156, 153, 158, 156, 151, 160, 155
37,30 : 160, 151, 137, 161, 151, 161, 161, 153, 161
37,31 : 158, 156, 40, 158, 156, 156, 160, 155, 153
37,32 : 151, 137, 5, 151, 161, 153, 153, 161, 157
37,33 : 156, 40, 0, 156, 156, 31, 155, 153, 66
37,34 : 137, 5, 43, 161, 153, 4, 161, 157, 5
37,35 : 40, 0, 210, 156, 31, 14, 153, 66, 44
37,36 : 5, 43, 252, 153, 4, 9, 157, 5, 149
37,37 : 0, 210, 250, 31, 14, 5, 66, 44, 163
37,38 : 43, 252, 248, 4, 9, 4, 5, 149, 151
37,39 : 210, 250, 247, 14, 5, 6, 44, 163, 154
37,40 : 252, 248, 248, 9, 4, 16, 149, 151, 160
37,41 : 250, 247, 248, 5, 6, 33, 163, 154, 158
37,42 : 248, 248, 248, 4, 16, 40, 151, 160, 148
37,43 : 247, 248, 243, 6, 33, 72, 154, 158, 154
37,44 : 248, 248, 229, 16, 40, 98, 160, 148, 160
37,45 : 248, 243, 212, 33, 72, 110, 158, 154, 155
37,46 : 248, 229, 171, 40, 98, 125, 148, 160, 151
37,47 : 243, 212, 140, 72, 110, 146, 154, 155, 157
37,48 : 229, 171, 102, 98, 125, 159, 160, 151, 174
37,49 : 212, 140, 43, 110, 146, 198, 155, 157, 236
37,50 : 171, 102, 8, 125, 159, 248, 151, 174, 251
37,51 : 140, 43, 13, 146, 198, 253, 157, 236, 252
37,52 : 102, 8, 56, 159, 248, 255, 174, 251, 255
37,53 : 43, 13, 153, 198, 253, 252, 236, 252, 253
37,54 : 8, 56, 229, 248, 255, 248, 251, 255, 254
37,55 : 13, 153, 252, 253, 252, 255, 252, 253, 254
37,56 : 56, 229, 253, 255, 248, 254, 255, 254, 253
37,57 : 153, 252, 253, 252, 255, 252, 253, 254, 254
37,58 : 229, 253, 254, 248, 254, 255, 254, 253, 254
37,59 : 252, 253, 254, 255, 252, 255, 254, 254, 252
37,60 : 253, 254, 255, 254, 255, 253, 253, 254, 255
37,61 : 253, 254, 253, 252, 255, 253, 254, 252, 218
37,62 : 254, 255, 255, 255, 253, 245, 254, 255, 66
37,63 : 254, 253, 252, 255, 253, 190, 252, 218, 16
37,64 : 255, 255, 254, 253, 245, 122, 255, 66, 8
37,65 : 253, 252, 253, 253, 190, 63, 218, 16, 9
37,66 : 255, 254, 253, 245, 122, 49, 66, 8, 6
37,67 : 252, 253, 254, 190, 63, 33, 16, 9, 4
37,68 : 254, 253, 255, 122, 49, 17, 8, 6, 22
37,69 : 253, 254, 253, 63, 33, 31, 9, 4, 85
37,70 : 253, 255, 255, 49, 17, 83, 6, 22, 211
37,71 : 254, 253, 252, 33, 31, 223, 4, 85, 251
37,72 : 255, 255, 255, 17, 83, 254, 22, 211, 252
37,73 : 253, 252, 254, 31, 223, 248, 85, 251, 253
37,74 : 255, 255, 251, 83, 254, 248, 211, 252, 251
37,75 : 252, 254, 252, 223, 248, 253, 251, 253, 254
37,76 : 255, 251, 254, 254, 248, 252, 252, 251, 254
37,77 : 254, 252, 247, 248, 253, 253, 253, 254, 252
37,78 : 251, 254, 251, 248, 252, 250, 251, 254, 253
37,79 : 252, 247, 243, 253, 253, 249, 254, 252, 249
37,80 : 254, 251, 189, 252, 250, 242, 254, 253, 228
37,81 : 247, 243, 151, 253, 249, 175, 252, 249, 164
37,82 : 251, 189, 157, 250, 242, 156, 253, 228, 156
37,83 : 243, 151, 156, 249, 175, 158, 249, 164, 164
37,84 : 189, 157, 154, 242, 156, 146, 228, 156, 148
37,85 : 151, 156, 152, 175, 158, 157, 164, 164, 118
37,86 : 157, 154, 161, 156, 146, 161, 156, 148, 84
37,87 : 156, 152, 152, 158, 157, 152, 164, 118, 68
37,88 : 154, 161, 153, 146, 161, 150, 148, 84, 42
37,89 : 152, 152, 158, 157, 152, 161, 118, 68, 17
37,90 : 161, 153, 160, 161, 150, 164, 84, 42, 4
37,91 : 152, 158, 153, 152, 161, 159, 68, 17, 7
37,92 : 153, 160, 149, 150, 164, 95, 42, 4, 30
37,93 : 158, 153, 160, 161, 159, 26, 17, 7, 48
37,94 : 160, 149, 112, 164, 95, 10, 4, 30, 35
37,95 : 153, 160, 8, 159, 26, 6, 7, 48, 16
37,96 : 149, 112, 3, 95, 10, 4, 30, 35, 7
37,97 : 160, 8, 22, 26, 6, 18, 48, 16, 5
37,98 : 112, 3, 120, 10, 4, 93, 35, 7, 5
37,99 : 8, 22, 105, 6, 18, 162, 16, 5, 4
37,100 : 3, 120, 28, 4, 93, 229, 7, 5, 2
37,101 : 22, 105, 5, 18, 162, 220, 5, 4, 17
37,102 : 120, 28, 71, 93, 229, 146, 5, 2, 44
37,103 : 105, 5, 219, 162, 220, 142, 4, 17, 23
37,104 : 28, 71, 254, 229, 146, 226, 2, 44, 34
37,105 : 5, 219, 255, 220, 142, 255, 17, 23, 209
37,106 : 71, 254, 255, 146, 226, 255, 44, 34, 255
37,107 : 219, 255, 255, 142, 255, 255, 23, 209, 252
37,108 : 254, 255, 254, 226, 255, 255, 34, 255, 254
37,109 : 255, 255, 254, 255, 255, 252, 209, 252, 255
37,110 : 255, 254, 253, 255, 255, 253, 255, 254, 254
37,111 : 255, 254, 255, 255, 252, 253, 252, 255, 252
37,112 : 254, 253, 253, 255, 253, 252, 254, 254, 253
37,113 : 254, 255, 223, 252, 253, 222, 255, 252, 175
37,114 : 253, 253, 52, 253, 252, 53, 254, 253, 21
37,115 : 255, 223, 13, 253, 222, 9, 252, 175, 27
37,116 : 253, 52, 154, 252, 53, 138, 253, 21, 186
37,117 : 223, 13, 252, 222, 9, 251, 175, 27, 255
37,118 : 52, 154, 254, 53, 138, 253, 21, 186, 253
37,119 : 13, 252, 255, 9, 251, 253, 27, 255, 253
37,120 : 154, 254, 255, 138, 253, 254, 186, 253, 253
37,121 : 252, 255, 255, 251, 253, 254, 255, 253, 254
37,122 : 254, 255, 255, 253, 254, 254, 253, 253, 254
37,123 : 255, 255, 255, 253, 254, 255, 253, 254, 255
37,124 : 255, 255, 255, 254, 254, 255, 253, 254, 255
37,125 : 255, 255, 255, 254, 255, 255, 254, 255, 255
37,126 : 255, 255, 0, 254, 255, 0, 254, 255, 0
37,127 : 255, 255, 0, 255, 255, 0, 255, 255, 0
38,0 : 0, 255, 247, 0, 255, 255, 0, 255, 251
38,1 : 0, 255, 121, 0, 251, 240, 0, 254, 253
38,2 : 255, 247, 3, 255, 255, 131, 255, 251, 255
38,3 : 255, 121, 17, 251, 240, 8, 254, 253, 204
38,4 : 247, 3, 117, 255, 131, 12, 251, 255, 47
38,5 : 121, 17, 168, 240, 8, 128, 253, 204, 25
38,6 : 3, 117, 159, 131, 12, 159, 255, 47, 131
38,7 : 17, 168, 151, 8, 128, 152, 204, 25, 148
38,8 : 117, 159, 155, 12, 159, 157, 47, 131, 154
38,9 : 168, 151, 159, 128, 152, 161, 25, 148, 162
38,10 : 159, 155, 154, 159, 157, 155, 131, 154, 150
38,11 : 151, 159, 150, 152, 161, 150, 148, 162, 152
38,12 : 155, 154, 159, 157, 155, 160, 154, 150, 159
38,13 : 159, 150, 157, 161, 150, 159, 162, 152, 160
38,14 : 154, 159, 150, 155, 160, 152, 150, 159, 152
38,15 : 150, 157, 154, 150, 159, 156, 152, 160, 157
38,16 : 159, 150, 159, 160, 152, 161, 159, 152, 161
38,17 : 157, 154, 153, 159, 156, 153, 160, 157, 155
38,18 : 150, 159, 155, 152, 161, 152, 152, 161, 153
38,19 : 154, 153, 170, 156, 153, 164, 157, 155, 161
38,20 : 159, 155, 169, 161, 152, 164, 161, 153, 161
38,21 : 153, 170, 154, 153, 164, 153, 155, 161, 154
38,22 : 155, 169, 155, 152, 164, 156, 153, 161, 156
38,23 : 170, 154, 160, 164, 153, 161, 161, 154, 162
38,24 : 169, 155, 154, 164, 156, 154, 161, 156, 155
38,25 : 154, 160, 153, 153, 161, 152, 154, 162, 152
38,26 : 155, 154, 161, 156, 154, 160, 156, 155, 161
38,27 : 160, 153, 158, 161, 152, 158, 162, 152, 160
38,28 : 154, 161, 151, 154, 160, 151, 155, 161, 153
38,29 : 153, 158, 157, 152, 158, 154, 152, 160, 155
38,30 : 161, 151, 161, 160, 151, 163, 161, 153, 164
38,31 : 158, 157, 149, 158, 154, 153, 160, 155, 149
38,32 : 151, 161, 98, 151, 163, 152, 153, 164, 151
38,33 : 157, 149, 5, 154, 153, 46, 155, 149, 118
38,34 : 161, 98, 6, 163, 152, 4, 164, 151, 11
38,35 : 149, 5, 30, 153, 46, 67, 149, 118, 26
38,36 : 98, 6, 115, 152, 4, 144, 151, 11, 126
38,37 : 5, 30, 195, 46, 67, 115, 118, 26, 158
38,38 : 6, 115, 196, 4, 144, 105, 11, 126, 154
38,39 : 30, 195, 156, 67, 115, 113, 26, 158, 149
38,40 : 115, 196, 118, 144, 105, 146, 126, 154, 160
38,41 : 195, 156, 81, 115, 113, 167, 158, 149, 158
38,42 : 196, 118, 60, 105, 146, 165, 154, 160, 148
38,43 : 156, 81, 39, 113, 167, 157, 149, 158, 153
38,44 : 118, 60, 26, 146, 165, 160, 160, 148, 158
38,45 : 81, 39, 6, 167, 157, 153, 158, 153, 156
38,46 : 60, 26, 5, 165, 160, 149, 148, 158, 150
38,47 : 39, 6, 6, 157, 153, 159, 153, 156, 159
38,48 : 26, 5, 24, 160, 149, 180, 158, 150, 163
38,49 : 6, 6, 66, 153, 159, 234, 156, 159, 227
38,50 : 5, 24, 152, 149, 180, 251, 150, 163, 251
38,51 : 6, 66, 206, 159, 234, 255, 159, 227, 250
38,52 : 24, 152, 245, 180, 251, 250, 163, 251, 254
38,53 : 66, 206, 251, 234, 255, 253, 227, 250, 253
38,54 : 152, 245, 255, 251, 250, 255, 251, 254, 255
38,55 : 206, 251, 252, 255, 253, 251, 250, 253, 253
38,56 : 245, 255, 253, 250, 255, 255, 254, 255, 254
38,57 : 251, 252, 254, 253, 251, 255, 253, 253, 255
38,58 : 255, 253, 253, 255, 255, 252, 255, 254, 255
38,59 : 252, 254, 253, 251, 255, 253, 253, 255, 255
38,60 : 253, 253, 251, 255, 252, 253, 254, 255, 254
38,61 : 254, 253, 255, 255, 253, 230, 255, 255, 252
38,62 : 253, 251, 252, 252, 253, 77, 255, 254, 239
38,63 : 253, 255, 252, 253, 230, 3, 255, 252, 220
38,64 : 251, 252, 252, 253, 77, 2, 254, 239, 215
38,65 : 255, 252, 252, 230, 3, 2, 252, 220, 209
38,66 : 252, 252, 248, 77, 2, 0, 239, 215, 205
38,67 : 252, 252, 243, 3, 2, 0, 220, 209, 209
38,68 : 252, 248, 231, 2, 0, 4, 215, 205, 220
38,69 : 252, 243, 236, 2, 0, 0, 209, 209, 247
38,70 : 248, 231, 245, 0, 4, 70, 205, 220, 252
38,71 : 243, 236, 248, 0, 0, 226, 209, 247, 254
38,72 : 231, 245, 252, 4, 70, 252, 220, 252, 253
38,73 : 236, 248, 254, 0, 226, 254, 247, 254, 253
38,74 : 245, 252, 255, 70, 252, 255, 252, 253, 253
38,75 : 248, 254, 255, 226, 254, 254, 254, 253, 254
38,76 : 252, 255, 250, 252, 255, 254, 253, 253, 253
38,77 : 254, 255, 254, 254, 254, 253, 253, 254, 255
38,78 : 255, 250, 253, 255, 254, 252, 253, 253, 254
38,79 : 255, 254, 251, 254, 253, 254, 254, 255, 248
38,80 : 250, 253, 230, 254, 252, 231, 253, 254, 206
38,81 : 254, 251, 170, 253, 254, 165, 255, 248, 153
38,82 : 253, 230, 152, 252, 231, 157, 254, 206, 133
38,83 : 251, 170, 158, 254, 165, 160, 248, 153, 104
38,84 : 230, 152, 150, 231, 157, 151, 206, 133, 45
38,85 : 170, 158, 151, 165, 160, 152, 153, 104, 7
38,86 : 152, 150, 162, 157, 151, 164, 133, 45, 3
38,87 : 158, 151, 156, 160, 152, 159, 104, 7, 2
38,88 : 150, 162, 151, 151, 164, 152, 45, 3, 4
38,89 : 151, 156, 160, 152, 159, 146, 7, 2, 2
38,90 : 162, 151, 157, 164, 152, 87, 3, 4, 17
38,91 : 156, 160, 150, 159, 146, 28, 2, 2, 120
38,92 : 151, 157, 163, 152, 87, 3, 4, 17, 167
38,93 : 160, 150, 163, 146, 28, 2, 2, 120, 159
38,94 : 157, 163, 84, 87, 3, 3, 17, 167, 155
38,95 : 150, 163, 6, 28, 2, 1, 120, 159, 151
38,96 : 163, 84, 2, 3, 3, 6, 167, 155, 120
38,97 : 163, 6, 17, 2, 1, 119, 159, 151, 94
38,98 : 84, 2, 22, 3, 6, 212, 155, 120, 86
38,99 : 6, 17, 8, 1, 119, 197, 151, 94, 97
38,100 : 2, 22, 33, 6, 212, 112, 120, 86, 118
38,101 : 17, 8, 114, 119, 197, 26, 94, 97, 154
38,102 : 22, 33, 225, 212, 112, 4, 86, 118, 102
38,103 : 8, 114, 255, 197, 26, 8, 97, 154, 14
38,104 : 33, 225, 255, 112, 4, 58, 118, 102, 53
38,105 : 114, 255, 253, 26, 8, 206, 154, 14, 224
38,106 : 225, 255, 254, 4, 58, 249, 102, 53, 255
38,107 : 255, 253, 253, 8, 206, 255, 14, 224, 250
38,108 : 255, 254, 255, 58, 249, 252, 53, 255, 255
38,109 : 253, 253, 255, 206, 255, 252, 224, 250, 251
38,110 : 254, 255, 255, 249, 252, 255, 255, 255, 254
38,111 : 253, 255, 255, 255, 252, 255, 250, 251, 252
38,112 : 255, 255, 255, 252, 255, 255, 255, 254, 240
38,113 : 255, 255, 221, 252, 255, 218, 251, 252, 104
38,114 : 255, 255, 52, 255, 255, 49, 254, 240, 8
38,115 : 255, 221, 8, 255, 218, 14, 252, 104, 75
38,116 : 255, 52, 121, 255, 49, 166, 240, 8, 225
38,117 : 221, 8, 243, 218, 14, 247, 104, 75, 255
38,118 : 52, 121, 254, 49, 166, 253, 8, 225, 254
38,119 : 8, 243, 254, 14, 247, 253, 75, 255, 254
38,120 : 121, 254, 254, 166, 253, 253, 225, 254, 254
38,121 : 243, 254, 255, 247, 253, 254, 255, 254, 254
38,122 : 254, 254, 255, 253, 253, 254, 254, 254, 255
38,123 : 254, 255, 255, 253, 254, 255, 254, 254, 255
38,124 : 254, 255, 255, 253, 254, 255, 254, 255, 255
38,125 : 255, 255, 255, 254, 255, 255, 254, 255, 255
38,126 : 255, 255, 0, 254, 255, 0, 255, 255, 0
38,127 : 255, 255, 0, 255, 255, 0, 255, 255, 0
39,0 : 0, 254, 252, 0, 254, 253, 0, 253, 255
39,1 : 0, 255, 213, 0, 253, 253, 0, 255, 255
39,2 : 254, 252, 52, 254, 253, 229, 253, 255, 255
39,3 : 255, 213, 4, 253, 253, 85, 255, 255, 249
39,4 : 252, 52, 51, 253, 229, 7, 255, 255, 143
39,5 : 213, 4, 153, 253, 85, 64, 255, 249, 14
39,6 : 52, 51, 160, 229, 7, 157, 255, 143, 87
39,7 : 4, 153, 152, 85, 64, 151, 249, 14, 153
39,8 : 51, 160, 156, 7, 157, 157, 143, 87, 158
39,9 : 153, 152, 160, 64, 151, 161, 14, 153, 160
39,10 : 160, 156, 154, 157, 157, 155, 87, 158, 155
39,11 : 152, 160, 150, 151, 161, 151, 153, 160, 150
39,12 : 156, 154, 160, 157, 155, 160, 158, 155, 159
39,13 : 160, 150, 158, 161, 151, 159, 160, 150, 160
39,14 : 154, 160, 152, 155, 160, 151, 155, 159, 152
39,15 : 150, 158, 156, 151, 159, 156, 150, 160, 155
39,16 : 160, 152, 160, 160, 151, 161, 159, 152, 159
39,17 : 158, 156, 153, 159, 156, 154, 160, 155, 153
39,18 : 152, 160, 154, 151, 161, 151, 152, 159, 151
39,19 : 156, 153, 167, 156, 154, 163, 155, 153, 160
39,20 : 160, 154, 166, 161, 151, 166, 159, 151, 160
39,21 : 153, 167, 152, 154, 163, 157, 153, 160, 152
39,22 : 154, 166, 155, 151, 166, 156, 151, 160, 155
39,23 : 167, 152, 160, 163, 157, 161, 160, 152, 161
39,24 : 166, 155, 154, 166, 156, 154, 160, 155, 154
39,25 : 152, 160, 153, 157, 161, 151, 152, 161, 151
39,26 : 155, 154, 161, 156, 154, 161, 155, 154, 160
39,27 : 160, 153, 158, 161, 151, 160, 161, 151, 159
39,28 : 154, 161, 151, 154, 161, 153, 154, 160, 151
39,29 : 153, 158, 156, 151, 160, 155, 151, 159, 154
39,30 : 161, 151, 161, 161, 153, 161, 160, 151, 160
39,31 : 158, 156, 156, 160, 155, 153, 159, 154, 154
39,32 : 151, 161, 153, 153, 161, 157, 151, 160, 154
39,33 : 156, 156, 31, 155, 153, 66, 154, 154, 144
39,34 : 161, 153, 4, 161, 157, 5, 160, 154, 37
39,35 : 156, 31, 14, 153, 66, 44, 154, 144, 11
39,36 : 153, 4, 9, 157, 5, 149, 154, 37, 77
39,37 : 31, 14, 5, 66, 44, 163, 144, 11, 160
39,38 : 4, 9, 4, 5, 149, 151, 37, 77, 155
39,39 : 14, 5, 6, 44, 163, 154, 11, 160, 150
39,40 : 9, 4, 16, 149, 151, 160, 77, 155, 160
39,41 : 5, 6, 33, 163, 154, 158, 160, 150, 159
39,42 : 4, 16, 40, 151, 160, 148, 155, 160, 148
39,43 : 6, 33, 72, 154, 158, 154, 150, 159, 155
39,44 : 16, 40, 98, 160, 148, 160, 160, 148, 159
39,45 : 33, 72, 110, 158, 154, 155, 159, 155, 149
39,46 : 40, 98, 125, 148, 160, 151, 148, 159, 149
39,47 : 72, 110, 146, 154, 155, 157, 155, 149, 156
39,48 : 98, 125, 159, 160, 151, 174, 159, 149, 162
39,49 : 110, 146, 198, 155, 157, 236, 149, 156, 213
39,50 : 125, 159, 248, 151, 174, 251, 149, 162, 250
39,51 : 146, 198, 253, 157, 236, 252, 156, 213, 252
39,52 : 159, 248, 255, 174, 251, 255, 162, 250, 252
39,53 : 198, 253, 252, 236, 252, 253, 213, 252, 254
39,54 : 248, 255, 248, 251, 255, 254, 250, 252, 252
39,55 : 253, 252, 255, 252, 253, 254, 252, 254, 255
39,56 : 255, 248, 254, 255, 254, 253, 252, 252, 254
39,57 : 252, 255, 252, 253, 254, 254, 254, 255, 251
39,58 : 248, 254, 255, 254, 253, 254, 252, 254, 252
39,59 : 255, 252, 255, 254, 254, 252, 255, 251, 254
39,60 : 254, 255, 253, 253, 254, 255, 254, 252, 255
39,61 : 252, 255, 253, 254, 252, 218, 251, 254, 255
39,62 : 255, 253, 245, 254, 255, 66, 252, 255, 255
39,63 : 255, 253, 190, 252, 218, 16, 254, 255, 252
39,64 : 253, 245, 122, 255, 66, 8, 255, 255, 253
39,65 : 253, 190, 63, 218, 16, 9, 255, 252, 251
39,66 : 245, 122, 49, 66, 8, 6, 255, 253, 251
39,67 : 190, 63, 33, 16, 9, 4, 252, 251, 254
39,68 : 122, 49, 17, 8, 6, 22, 253, 251, 251
39,69 : 63, 33, 31, 9, 4, 85, 251, 254, 255
39,70 : 49, 17, 83, 6, 22, 211, 251, 251, 255
39,71 : 33, 31, 223, 4, 85, 251, 254, 255, 248
39,72 : 17, 83, 254, 22, 211, 252, 251, 255, 245
39,73 : 31, 223, 248, 85, 251, 253, 255, 248, 239
39,74 : 83, 254, 248, 211, 252, 251, 255, 245, 236
39,75 : 223, 248, 253, 251, 253, 254, 248, 239, 228
39,76 : 254, 248, 252, 252, 251, 254, 245, 236, 201
39,77 : 248, 253, 253, 253, 254, 252, 239, 228, 163
39,78 : 248, 252, 250, 251, 254, 253, 236, 201, 128
39,79 : 253, 253, 249, 254, 252, 249, 228, 163, 99
39,80 : 252, 250, 242, 254, 253, 228, 201, 128, 42
39,81 : 253, 249, 175, 252, 249, 164, 163, 99, 22
39,82 : 250, 242, 156, 253, 228, 156, 128, 42, 18
39,83 : 249, 175, 158, 249, 164, 164, 99, 22, 5
39,84 : 242, 156, 146, 228, 156, 148, 42, 18, 22
39,85 : 175, 158, 157, 164, 164, 118, 22, 5, 46
39,86 : 156, 146, 161, 156, 148, 84, 18, 22, 108
39,87 : 158, 157, 152, 164, 118, 68, 5, 46, 164
39,88 : 146, 161, 150, 148, 84, 42, 22, 108, 106
39,89 : 157, 152, 161, 118, 68, 17, 46, 164, 12
39,90 : 161, 150, 164, 84, 42, 4, 108, 106, 7
39,91 : 152, 161, 159, 68, 17, 7, 164, 12, 98
39,92 : 150, 164, 95, 42, 4, 30, 106, 7, 161
39,93 : 161, 159, 26, 17, 7, 48, 12, 98, 167
39,94 : 164, 95, 10, 4, 30, 35, 7, 161, 159
39,95 : 159, 26, 6, 7, 48, 16, 98, 167, 150
39,96 : 95, 10, 4, 30, 35, 7, 161, 159, 161
39,97 : 26, 6, 18, 48, 16, 5, 167, 150, 163
39,98 : 10, 4, 93, 35, 7, 5, 159, 161, 152
39,99 : 6, 18, 162, 16, 5, 4, 150, 163, 158
39,100 : 4, 93, 229, 7, 5, 2, 161, 152, 168
39,101 : 18, 162, 220, 5, 4, 17, 163, 158, 116
39,102 : 93, 229, 146, 5, 2, 44, 152, 168, 25
39,103 : 162, 220, 142, 4, 17, 23, 158, 116, 10
39,104 : 229, 146, 226, 2, 44, 34, 168, 25, 122
39,105 : 220, 142, 255, 17, 23, 209, 116, 10, 247
39,106 : 146, 226, 255, 44, 34, 255, 25, 122, 255
39,107 : 142, 255, 255, 23, 209, 252, 10, 247, 253
39,108 : 226, 255, 255, 34, 255, 254, 122, 255, 253
39,109 : 255, 255, 252, 209, 252, 255, 247, 253, 255
39,110 : 255, 255, 253, 255, 254, 254, 255, 253, 255
39,111 : 255, 252, 253, 252, 255, 252, 253, 255, 250
39,112 : 255, 253, 252, 254, 254, 253, 253, 255, 183
39,113 : 252, 253, 222, 255, 252, 175, 255, 250, 31
39,114 : 253, 252, 53, 254, 253, 21, 255, 183, 15
39,115 : 253, 222, 9, 252, 175, 27, 250, 31, 153
39,116 : 252, 53, 138, 253, 21, 186, 183, 15, 248
39,117 : 222, 9, 251, 175, 27, 255, 31, 153, 255
39,118 : 53, 138, 253, 21, 186, 253, 15, 248, 254
39,119 : 9, 251, 253, 27, 255, 253, 153, 255, 254
39,120 : 138, 253, 254, 186, 253, 253, 248, 254, 255
39,121 : 251, 253, 254, 255, 253, 254, 255, 254, 255
39,122 : 253, 254, 254, 253, 253, 254, 254, 255, 255
39,123 : 253, 254, 255, 253, 254, 255, 254, 255, 255
39,124 : 254, 254, 255, 253, 254, 255, 255, 255, 255
39,125 : 254, 255, 255, 254, 255, 255, 255, 255, 255
39,126 : 254, 255, 0, 254, 255, 0, 255, 255, 0
39,127 : 255, 255, 0, 255, 255, 0, 255, 255, 0
40,0 : 0, 255, 255, 0, 255, 251, 0, 255, 255
40,1 : 0, 251, 240, 0, 254, 253, 0, 255, 255
40,2 : 255, 255, 131, 255, 251, 255, 255, 255, 252
40,3 : 251, 240, 8, 254, 253, 204, 255, 255, 255
40,4 : 255, 131, 12, 251, 255, 47, 255, 252, 209
40,5 : 240, 8, 128, 253, 204, 25, 255, 255, 41
40,6 : 131, 12, 159, 255, 47, 131, 252, 209, 48
40,7 : 8, 128, 152, 204, 25, 148, 255, 41, 141
40,8 : 12, 159, 157, 47, 131, 154, 209, 48, 157
40,9 : 128, 152, 161, 25, 148, 162, 41, 141, 156
40,10 : 159, 157, 155, 131, 154, 150, 48, 157, 155
40,11 : 152, 161, 150, 148, 162, 152, 141, 156, 153
40,12 : 157, 155, 160, 154, 150, 159, 157, 155, 163
40,13 : 161, 150, 159, 162, 152, 160, 156, 153, 158
40,14 : 155, 160, 152, 150, 159, 152, 155, 163, 154
40,15 : 150, 159, 156, 152, 160, 157, 153, 158, 157
40,16 : 160, 152, 161, 159, 152, 161, 163, 154, 160
40,17 : 159, 156, 153, 160, 157, 155, 158, 157, 154
40,18 : 152, 161, 152, 152, 161, 153, 154, 160, 152
40,19 : 156, 153, 164, 157, 155, 161, 157, 154, 160
40,20 : 161, 152, 164, 161, 153, 161, 160, 152, 160
40,21 : 153, 164, 153, 155, 161, 154, 154, 160, 151
40,22 : 152, 164, 156, 153, 161, 156, 152, 160, 155
40,23 : 164, 153, 161, 161, 154, 162, 160, 151, 161
40,24 : 164, 156, 154, 161, 156, 155, 160, 155, 155
40,25 : 153, 161, 152, 154, 162, 152, 151, 161, 152
40,26 : 156, 154, 160, 156, 155, 161, 155, 155, 161
40,27 : 161, 152, 158, 162, 152, 160, 161, 152, 159
40,28 : 154, 160, 151, 155, 161, 153, 155, 161, 151
40,29 : 152, 158, 154, 152, 160, 155, 152, 159, 153
40,30 : 160, 151, 163, 161, 153, 164, 161, 151, 156
40,31 : 158, 154, 153, 160, 155, 149, 159, 153, 152
40,32 : 151, 163, 152, 153, 164, 151, 151, 156, 147
40,33 : 154, 153, 46, 155, 149, 118, 153, 152, 160
40,34 : 163, 152, 4, 164, 151, 11, 156, 147, 88
40,35 : 153, 46, 67, 149, 118, 26, 152, 160, 5
40,36 : 152, 4, 144, 151, 11, 126, 147, 88, 24
40,37 : 46, 67, 115, 118, 26, 158, 160, 5, 133
40,38 : 4, 144, 105, 11, 126, 154, 88, 24, 152
40,39 : 67, 115, 113, 26, 158, 149, 5, 133, 149
40,40 : 144, 105, 146, 126, 154, 160, 24, 152, 157
40,41 : 115, 113, 167, 158, 149, 158, 133, 149, 163
40,42 : 105, 146, 165, 154, 160, 148, 152, 157, 151
40,43 : 113, 167, 157, 149, 158, 153, 149, 163, 151
40,44 : 146, 165, 160, 160, 148, 158, 157, 151, 160
40,45 : 167, 157, 153, 158, 153, 156, 163, 151, 152
40,46 : 165, 160, 149, 148, 158, 150, 151, 160, 154
40,47 : 157, 153, 159, 153, 156, 159, 151, 152, 155
40,48 : 160, 149, 180, 158, 150, 163, 160, 154, 151
40,49 : 153, 159, 234, 156, 159, 227, 152, 155, 174
40,50 : 149, 180, 251, 150, 163, 251, 154, 151, 228
40,51 : 159, 234, 255, 159, 227, 250, 155, 174, 252
40,52 : 180, 251, 250, 163, 251, 254, 151, 228, 253
40,53 : 234, 255, 253, 227, 250, 253, 174, 252, 251
40,54 : 251, 250, 255, 251, 254, 255, 228, 253, 253
40,55 : 255, 253, 251, 250, 253, 253, 252, 251, 254
40,56 : 250, 255, 255, 254, 255, 254, 253, 253, 255
40,57 : 253, 251, 255, 253, 253, 255, 251, 254, 255
40,58 : 255, 255, 252, 255, 254, 255, 253, 255, 253
40,59 : 251, 255, 253, 253, 255, 255, 254, 255, 253
40,60 : 255, 252, 253, 254, 255, 254, 255, 253, 254
40,61 : 255, 253, 230, 255, 255, 252, 255, 253, 253
40,62 : 252, 253, 77, 255, 254, 239, 253, 254, 255
40,63 : 253, 230, 3, 255, 252, 220, 253, 253, 254
40,64 : 253, 77, 2, 254, 239, 215, 254, 255, 254
40,65 : 230, 3, 2, 252, 220, 209, 253, 254, 254
40,66 : 77, 2, 0, 239, 215, 205, 255, 254, 254
40,67 : 3, 2, 0, 220, 209, 209, 254, 254, 244
40,68 : 2, 0, 4, 215, 205, 220, 254, 254, 223
40,69 : 2, 0, 0, 209, 209, 247, 254, 244, 205
40,70 : 0, 4, 70, 205, 220, 252, 254, 223, 172
40,71 : 0, 0, 226, 209, 247, 254, 244, 205, 105
40,72 : 4, 70, 252, 220, 252, 253, 223, 172, 55
40,73 : 0, 226, 254, 247, 254, 253, 205, 105, 44
40,74 : 70, 252, 255, 252, 253, 253, 172, 55, 43
40,75 : 226, 254, 254, 254, 253, 254, 105, 44, 19
40,76 : 252, 255, 254, 253, 253, 253, 55, 43, 7
40,77 : 254, 254, 253, 253, 254, 255, 44, 19, 5
40,78 : 255, 254, 252, 253, 253, 254, 43, 7, 5
40,79 : 254, 253, 254, 254, 255, 248, 19, 5, 11
40,80 : 254, 252, 231, 253, 254, 206, 7, 5, 31
40,81 : 253, 254, 165, 255, 248, 153, 5, 11, 54
40,82 : 252, 231, 157, 254, 206, 133, 5, 31, 113
40,83 : 254, 165, 160, 248, 153, 104, 11, 54, 181
40,84 : 231, 157, 151, 206, 133, 45, 31, 113, 216
40,85 : 165, 160, 152, 153, 104, 7, 54, 181, 247
40,86 : 157, 151, 164, 133, 45, 3, 113, 216, 253
40,87 : 160, 152, 159, 104, 7, 2, 181, 247, 248
40,88 : 151, 164, 152, 45, 3, 4, 216, 253, 238
40,89 : 152, 159, 146, 7, 2, 2, 247, 248, 152
40,90 : 164, 152, 87, 3, 4, 17, 253, 238, 45
40,91 : 159, 146, 28, 2, 2, 120, 248, 152, 14
40,92 : 152, 87, 3, 4, 17, 167, 238, 45, 41
40,93 : 146, 28, 2, 2, 120, 159, 152, 14, 77
40,94 : 87, 3, 3, 17, 167, 155, 45, 41, 95
40,95 : 28, 2, 1, 120, 159, 151, 14, 77, 134
40,96 : 3, 3, 6, 167, 155, 120, 41, 95, 154
40,97 : 2, 1, 119, 159, 151, 94, 77, 134, 164
40,98 : 3, 6, 212, 155, 120, 86, 95, 154, 151
40,99 : 1, 119, 197, 151, 94, 97, 134, 164, 125
40,100 : 6, 212, 112, 120, 86, 118, 154, 151, 67
40,101 : 119, 197, 26, 94, 97, 154, 164, 125, 8
40,102 : 212, 112, 4, 86, 118, 102, 151, 67, 33
40,103 : 197, 26, 8, 97, 154, 14, 125, 8, 160
40,104 : 112, 4, 58, 118, 102, 53, 67, 33, 240
40,105 : 26, 8, 206, 154, 14, 224, 8, 160, 255
40,106 : 4, 58, 249, 102, 53, 255, 33, 240, 253
40,107 : 8, 206, 255, 14, 224, 250, 160, 255, 252
40,108 : 58, 249, 252, 53, 255, 255, 240, 253, 255
40,109 : 206, 255, 252, 224, 250, 251, 255, 252, 253
40,110 : 249, 252, 255, 255, 255, 254, 253, 255, 253
40,111 : 255, 252, 255, 250, 251, 252, 252, 253, 240
40,112 : 252, 255, 255, 255, 254, 240, 255, 253, 89
40,113 : 252, 255, 218, 251, 252, 104, 253, 240, 0
40,114 : 255, 255, 49, 254, 240, 8, 253, 89, 70
40,115 : 255, 218, 14, 252, 104, 75, 240, 0, 230
40,116 : 255, 49, 166, 240, 8, 225, 89, 70, 249
40,117 : 218, 14, 247, 104, 75, 255, 0, 230, 251
40,118 : 49, 166, 253, 8, 225, 254, 70, 249, 255
40,119 : 14, 247, 253, 75, 255, 254, 230, 251, 255
40,120 : 166, 253, 253, 225, 254, 254, 249, 255, 255
40,121 : 247, 253, 254, 255, 254, 254, 251, 255, 255
40,122 : 253, 253, 254, 254, 254, 255, 255, 255, 255
40,123 : 253, 254, 255, 254, 254, 255, 255, 255, 255
40,124 : 253, 254, 255, 254, 255, 255, 255, 255, 255
40,125 : 254, 255, 255, 254, 255, 255, 255, 255, 255
40,126 : 254, 255, 0, 255, 255, 0, 255, 255, 0
40,127 : 255, 255, 0, 255, 255, 0, 255, 255, 0
41,0 : 0, 254, 253, 0, 253, 255, 0, 255, 255
41,1 : 0, 253, 253, 0, 255, 255, 0, 254, 255
41,2 : 254, 253, 229, 253, 255, 255, 255, 255, 254
41,3 : 253, 253, 85, 255, 255, 249, 254, 255, 254
41,4 : 253, 229, 7, 255, 255, 143, 255, 254, 231
41,5 : 253, 85, 64, 255, 249, 14, 255, 254, 78
41,6 : 229, 7, 157, 255, 143, 87, 254, 231, 24
41,7 : 85, 64, 151, 249, 14, 153, 254, 78, 111
41,8 : 7, 157, 157, 143, 87, 158, 231, 24, 157
41,9 : 64, 151, 161, 14, 153, 160, 78, 111, 165
41,10 : 157, 157, 155, 87, 158, 155, 24, 157, 155
41,11 : 151, 161, 151, 153, 160, 150, 111, 165, 152
41,12 : 157, 155, 160, 158, 155, 159, 157, 155, 162
41,13 : 161, 151, 159, 160, 150, 160, 165, 152, 158
41,14 : 155, 160, 151, 155, 159, 152, 155, 162, 151
41,15 : 151, 159, 156, 150, 160, 155, 152, 158, 155
41,16 : 160, 151, 161, 159, 152, 159, 162, 151, 160
41,17 : 159, 156, 154, 160, 155, 153, 158, 155, 153
41,18 : 151, 161, 151, 152, 159, 151, 151, 160, 151
41,19 : 156, 154, 163, 155, 153, 160, 155, 153, 158
41,20 : 161, 151, 166, 159, 151, 160, 160, 151, 157
41,21 : 154, 163, 157, 153, 160, 152, 153, 158, 149
41,22 : 151, 166, 156, 151, 160, 155, 151, 157, 156
41,23 : 163, 157, 161, 160, 152, 161, 158, 149, 161
41,24 : 166, 156, 154, 160, 155, 154, 157, 156, 155
41,25 : 157, 161, 151, 152, 161, 151, 149, 161, 152
41,26 : 156, 154, 161, 155, 154, 160, 156, 155, 160
41,27 : 161, 151, 160, 161, 151, 159, 161, 152, 158
41,28 : 154, 161, 153, 154, 160, 151, 155, 160, 151
41,29 : 151, 160, 155, 151, 159, 154, 152, 158, 154
41,30 : 161, 153, 161, 160, 151, 160, 160, 151, 158
41,31 : 160, 155, 153, 159, 154, 154, 158, 154, 155
41,32 : 153, 161, 157, 151, 160, 154, 151, 158, 148
41,33 : 155, 153, 66, 154, 154, 144, 154, 155, 160
41,34 : 161, 157, 5, 160, 154, 37, 158, 148, 133
41,35 : 153, 66, 44, 154, 144, 11, 155, 160, 21
41,36 : 157, 5, 149, 154, 37, 77, 148, 133, 5
41,37 : 66, 44, 163, 144, 11, 160, 160, 21, 91
41,38 : 5, 149, 151, 37, 77, 155, 133, 5, 159
41,39 : 44, 163, 154, 11, 160, 150, 21, 91, 156
41,40 : 149, 151, 160, 77, 155, 160, 5, 159, 156
41,41 : 163, 154, 158, 160, 150, 159, 91, 156, 155
41,42 : 151, 160, 148, 155, 160, 148, 159, 156, 150
41,43 : 154, 158, 154, 150, 159, 155, 156, 155, 153
41,44 : 160, 148, 160, 160, 148, 159, 156, 150, 160
41,45 : 158, 154, 155, 159, 155, 149, 155, 153, 155
41,46 : 148, 160, 151, 148, 159, 149, 150, 160, 144
41,47 : 154, 155, 157, 155, 149, 156, 153, 155, 162
41,48 : 160, 151, 174, 159, 149, 162, 160, 144, 158
41,49 : 155, 157, 236, 149, 156, 213, 155, 162, 146
41,50 : 151, 174, 251, 149, 162, 250, 144, 158, 183
41,51 : 157, 236, 252, 156, 213, 252, 162, 146, 224
41,52 : 174, 251, 255, 162, 250, 252, 158, 183, 248
41,53 : 236, 252, 253, 213, 252, 254, 146, 224, 252
41,54 : 251, 255, 254, 250, 252, 252, 183, 248, 255
41,55 : 252, 253, 254, 252, 254, 255, 224, 252, 252
41,56 : 255, 254, 253, 252, 252, 254, 248, 255, 251
41,57 : 253, 254, 254, 254, 255, 251, 252, 252, 254
41,58 : 254, 253, 254, 252, 254, 252, 255, 251, 255
41,59 : 254, 254, 252, 255, 251, 254, 252, 254, 254
41,60 : 253, 254, 255, 254, 252, 255, 251, 255, 251
41,61 : 254, 252, 218, 251, 254, 255, 254, 254, 250
41,62 : 254, 255, 66, 252, 255, 255, 255, 251, 244
41,63 : 252, 218, 16, 254, 255, 252, 254, 250, 244
41,64 : 255, 66, 8, 255, 255, 253, 251, 244, 211
41,65 : 218, 16, 9, 255, 252, 251, 250, 244, 151
41,66 : 66, 8, 6, 255, 253, 251, 244, 211, 89
41,67 : 16, 9, 4, 252, 251, 254, 244, 151, 46
41,68 : 8, 6, 22, 253, 251, 251, 211, 89, 26
41,69 : 9, 4, 85, 251, 254, 255, 151, 46, 11
41,70 : 6, 22, 211, 251, 251, 255, 89, 26, 5
41,71 : 4, 85, 251, 254, 255, 248, 46, 11, 7
41,72 : 22, 211, 252, 251, 255, 245, 26, 5, 11
41,73 : 85, 251, 253, 255, 248, 239, 11, 7, 24
41,74 : 211, 252, 251, 255, 245, 236, 5, 11, 69
41,75 : 251, 253, 254, 248, 239, 228, 7, 24, 100
41,76 : 252, 251, 254, 245, 236, 201, 11, 69, 128
41,77 : 253, 254, 252, 239, 228, 163, 24, 100, 145
41,78 : 251, 254, 253, 236, 201, 128, 69, 128, 176
41,79 : 254, 252, 249, 228, 163, 99, 100, 145, 207
41,80 : 254, 253, 228, 201, 128, 42, 128, 176, 226
41,81 : 252, 249, 164, 163, 99, 22, 145, 207, 245
41,82 : 253, 228, 156, 128, 42, 18, 176, 226, 254
41,83 : 249, 164, 164, 99, 22, 5, 207, 245, 252
41,84 : 228, 156, 148, 42, 18, 22, 226, 254, 255
41,85 : 164, 164, 118, 22, 5, 46, 245, 252, 251
41,86 : 156, 148, 84, 18, 22, 108, 254, 255, 251
41,87 : 164, 118, 68, 5, 46, 164, 252, 251, 251
41,88 : 148, 84, 42, 22, 108, 106, 255, 251, 251
41,89 : 118, 68, 17, 46, 164, 12, 251, 251, 248
41,90 : 84, 42, 4, 108, 106, 7, 251, 251, 199
41,91 : 68, 17, 7, 164, 12, 98, 251, 248, 127
41,92 : 42, 4, 30, 106, 7, 161, 251, 199, 84
41,93 : 17, 7, 48, 12, 98, 167, 248, 127, 38
41,94 : 4, 30, 35, 7, 161, 159, 199, 84, 16
41,95 : 7, 48, 16, 98, 167, 150, 127, 38, 10
41,96 : 30, 35, 7, 161, 159, 161, 84, 16, 29
41,97 : 48, 16, 5, 167, 150, 163, 38, 10, 36
41,98 : 35, 7, 5, 159, 161, 152, 16, 29, 23
41,99 : 16, 5, 4, 150, 163, 158, 10, 36, 8
41,100 : 7, 5, 2, 161, 152, 168, 29, 23, 11
41,101 : 5, 4, 17, 163, 158, 116, 36, 8, 75
41,102 : 5, 2, 44, 152, 168, 25, 23, 11, 184
41,103 : 4, 17, 23, 158, 116, 10, 8, 75, 247
41,104 : 2, 44, 34, 168, 25, 122, 11, 184, 255
41,105 : 17, 23, 209, 116, 10, 247, 75, 247, 253
41,106 : 44, 34, 255, 25, 122, 255, 184, 255, 255
41,107 : 23, 209, 252, 10, 247, 253, 247, 253, 255
41,108 : 34, 255, 254, 122, 255, 253, 255, 255, 253
41,109 : 209, 252, 255, 247, 253, 255, 253, 255, 255
41,110 : 255, 254, 254, 255, 253, 255, 255, 253, 247
41,111 : 252, 255, 252, 253, 255, 250, 255, 255, 172
41,112 : 254, 254, 253, 253, 255, 183, 253, 247, 18
41,113 : 255, 252, 175, 255, 250, 31, 255, 172, 24
41,114 : 254, 253, 21, 255, 183, 15, 247, 18, 157
41,115 : 252, 175, 27, 250, 31, 153, 172, 24, 248
41,116 : 253, 21, 186, 183, 15, 248, 18, 157, 250
41,117 : 175, 27, 255, 31, 153, 255, 24, 248, 255
41,118 : 21, 186, 253, 15, 248, 254, 157, 250, 255
41,119 : 27, 255, 253, 153, 255, 254, 248, 255, 255
41,120 : 186, 253, 253, 248, 254, 255, 250, 255, 255
41,121 : 255, 253, 254, 255, 254, 255, 255, 255, 255
41,122 : 253, 253, 254, 254, 255, 255, 255, 255, 255
41,123 : 253, 254, 255, 254, 255, 255, 255, 255, 255
41,124 : 253, 254, 255, 255, 255, 255, 255, 255, 255
41,125 : 254, 255, 255, 255, 255, 255, 255, 255, 255
41,126 : 254, 255, 0, 255, 255, 0, 255, 255, 0
41,127 : 255, 255, 0, 255, 255, 0, 255, 255, 0
42,0 : 0, 255, 251, 0, 255, 255, 0, 255, 255
42,1 : 0, 254, 253, 0, 255, 255, 0, 252, 255
42,2 : 255, 251, 255, 255, 255, 252, 255, 255, 254
42,3 : 254, 253, 204, 255, 255, 255, 252, 255, 255
42,4 : 251, 255, 47, 255, 252, 209, 255, 254, 247
42,5 : 253, 204, 25, 255, 255, 41, 255, 255, 129
42,6 : 255, 47, 131, 252, 209, 48, 254, 247, 21
42,7 : 204, 25, 148, 255, 41, 141, 255, 129, 97
42,8 : 47, 131, 154, 209, 48, 157, 247, 21, 158
42,9 : 25, 148, 162, 41, 141, 156, 129, 97, 162
42,10 : 131, 154, 150, 48, 157, 155, 21, 158, 157
42,11 : 148, 162, 152, 141, 156, 153, 97, 162, 153
42,12 : 154, 150, 159, 157, 155, 163, 158, 157, 162
42,13 : 162, 152, 160, 156, 153, 158, 162, 153, 160
42,14 : 150, 159, 152, 155, 163, 154, 157, 162, 151
42,15 : 152, 160, 157, 153, 158, 157, 153, 160, 156
42,16 : 159, 152, 161, 163, 154, 160, 162, 151, 160
42,17 : 160, 157, 155, 158, 157, 154, 160, 156, 154
42,18 : 152, 161, 153, 154, 160, 152, 151, 160, 151
42,19 : 157, 155, 161, 157, 154, 160, 156, 154, 160
42,20 : 161, 153, 161, 160, 152, 160, 160, 151, 160
42,21 : 155, 161, 154, 154, 160, 151, 154, 160, 153
42,22 : 153, 161, 156, 152, 160, 155, 151, 160, 156
42,23 : 161, 154, 162, 160, 151, 161, 160, 153, 161
42,24 : 161, 156, 155, 160, 155, 155, 160, 156, 154
42,25 : 154, 162, 152, 151, 161, 152, 153, 161, 151
42,26 : 156, 155, 161, 155, 155, 161, 156, 154, 159
42,27 : 162, 152, 160, 161, 152, 159, 161, 151, 157
42,28 : 155, 161, 153, 155, 161, 151, 154, 159, 150
42,29 : 152, 160, 155, 152, 159, 153, 151, 157, 154
42,30 : 161, 153, 164, 161, 151, 156, 159, 150, 159
42,31 : 160, 155, 149, 159, 153, 152, 157, 154, 152
42,32 : 153, 164, 151, 151, 156, 147, 150, 159, 149
42,33 : 155, 149, 118, 153, 152, 160, 154, 152, 160
42,34 : 164, 151, 11, 156, 147, 88, 159, 149, 168
42,35 : 149, 118, 26, 152, 160, 5, 152, 160, 81
42,36 : 151, 11, 126, 147, 88, 24, 149, 168, 9
42,37 : 118, 26, 158, 160, 5, 133, 160, 81, 26
42,38 : 11, 126, 154, 88, 24, 152, 168, 9, 132
42,39 : 26, 158, 149, 5, 133, 149, 81, 26, 148
42,40 : 126, 154, 160, 24, 152, 157, 9, 132, 161
42,41 : 158, 149, 158, 133, 149, 163, 26, 148, 155
42,42 : 154, 160, 148, 152, 157, 151, 132, 161, 152
42,43 : 149, 158, 153, 149, 163, 151, 148, 155, 155
42,44 : 160, 148, 158, 157, 151, 160, 161, 152, 153
42,45 : 158, 153, 156, 163, 151, 152, 155, 155, 156
42,46 : 148, 158, 150, 151, 160, 154, 152, 153, 149
42,47 : 153, 156, 159, 151, 152, 155, 155, 156, 158
42,48 : 158, 150, 163, 160, 154, 151, 153, 149, 155
42,49 : 156, 159, 227, 152, 155, 174, 156, 158, 150
42,50 : 150, 163, 251, 154, 151, 228, 149, 155, 153
42,51 : 159, 227, 250, 155, 174, 252, 158, 150, 165
42,52 : 163, 251, 254, 151, 228, 253, 155, 153, 206
42,53 : 227, 250, 253, 174, 252, 251, 150, 165, 240
42,54 : 251, 254, 255, 228, 253, 253, 153, 206, 245
42,55 : 250, 253, 253, 252, 251, 254, 165, 240, 224
42,56 : 254, 255, 254, 253, 253, 255, 206, 245, 212
42,57 : 253, 253, 255, 251, 254, 255, 240, 224, 184
42,58 : 255, 254, 255, 253, 255, 253, 245, 212, 143
42,59 : 253, 255, 255, 254, 255, 253, 224, 184, 130
42,60 : 254, 255, 254, 255, 253, 254, 212, 143, 123
42,61 : 255, 255, 252, 255, 253, 253, 184, 130, 95
42,62 : 255, 254, 239, 253, 254, 255, 143, 123, 60
42,63 : 255, 252, 220, 253, 253, 254, 130, 95, 42
42,64 : 254, 239, 215, 254, 255, 254, 123, 60, 20
42,65 : 252, 220, 209, 253, 254, 254, 95, 42, 16
42,66 : 239, 215, 205, 255, 254, 254, 60, 20, 19
42,67 : 220, 209, 209, 254, 254, 244, 42, 16, 34
42,68 : 215, 205, 220, 254, 254, 223, 20, 19, 72
42,69 : 209, 209, 247, 254, 244, 205, 16, 34, 102
42,70 : 205, 220, 252, 254, 223, 172, 19, 72, 132
42,71 : 209, 247, 254, 244, 205, 105, 34, 102, 168
42,72 : 220, 252, 253, 223, 172, 55, 72, 132, 206
42,73 : 247, 254, 253, 205, 105, 44, 102, 168, 227
42,74 : 252, 253, 253, 172, 55, 43, 132, 206, 252
42,75 : 254, 253, 254, 105, 44, 19, 168, 227, 253
42,76 : 253, 253, 253, 55, 43, 7, 206, 252, 254
42,77 : 253, 254, 255, 44, 19, 5, 227, 253, 254
42,78 : 253, 253, 254, 43, 7, 5, 252, 254, 251
42,79 : 254, 255, 248, 19, 5, 11, 253, 254, 253
42,80 : 253, 254, 206, 7, 5, 31, 254, 251, 255
42,81 : 255, 248, 153, 5, 11, 54, 254, 253, 251
42,82 : 254, 206, 133, 5, 31, 113, 251, 255, 251
42,83 : 248, 153, 104, 11, 54, 181, 253, 251, 255
42,84 : 206, 133, 45, 31, 113, 216, 255, 251, 252
42,85 : 153, 104, 7, 54, 181, 247, 251, 255, 251
42,86 : 133, 45, 3, 113, 216, 253, 251, 252, 254
42,87 : 104, 7, 2, 181, 247, 248, 255, 251, 252
42,88 : 45, 3, 4, 216, 253, 238, 252, 254, 252
42,89 : 7, 2, 2, 247, 248, 152, 251, 252, 254
42,90 : 3, 4, 17, 253, 238, 45, 254, 252, 255
42,91 : 2, 2, 120, 248, 152, 14, 252, 254, 255
42,92 : 4, 17, 167, 238, 45, 41, 252, 255, 248
42,93 : 2, 120, 159, 152, 14, 77, 254, 255, 236
42,94 : 17, 167, 155, 45, 41, 95, 255, 248, 211
42,95 : 120, 159, 151, 14, 77, 134, 255, 236, 173
42,96 : 167, 155, 120, 41, 95, 154, 248, 211, 92
42,97 : 159, 151, 94, 77, 134, 164, 236, 173, 103
42,98 : 155, 120, 86, 95, 154, 151, 211, 92, 130
42,99 : 151, 94, 97, 134, 164, 125, 173, 103, 163
42,100 : 120, 86, 118, 154, 151, 67, 92, 130, 196
42,101 : 94, 97, 154, 164, 125, 8, 103, 163, 244
42,102 : 86, 118, 102, 151, 67, 33, 130, 196, 250
42,103 : 97, 154, 14, 125, 8, 160, 163, 244, 255
42,104 : 118, 102, 53, 67, 33, 240, 196, 250, 250
42,105 : 154, 14, 224, 8, 160, 255, 244, 255, 254
42,106 : 102, 53, 255, 33, 240, 253, 250, 250, 255
42,107 : 14, 224, 250, 160, 255, 252, 255, 254, 255
42,108 : 53, 255, 255, 240, 253, 255, 250, 255, 248
42,109 : 224, 250, 251, 255, 252, 253, 254, 255, 251
42,110 : 255, 255, 254, 253, 255, 253, 255, 248, 190
42,111 : 250, 251, 252, 252, 253, 240, 255, 251, 51
42,112 : 255, 254, 240, 255, 253, 89, 248, 190, 16
42,113 : 251, 252, 104, 253, 240, 0, 251, 51, 120
42,114 : 254, 240, 8, 253, 89, 70, 190, 16, 236
42,115 : 252, 104, 75, 240, 0, 230, 51, 120, 252
42,116 : 240, 8, 225, 89, 70, 249, 16, 236, 251
42,117 : 104, 75, 255, 0, 230, 251, 120, 252, 254
42,118 : 8, 225, 254, 70, 249, 255, 236, 251, 255
42,119 : 75, 255, 254, 230, 251, 255, 252, 254, 255
42,120 : 225, 254, 254, 249, 255, 255, 251, 255, 255
42,121 : 255, 254, 254, 251, 255, 255, 254, 255, 255
42,122 : 254, 254, 255, 255, 255, 255, 255, 255, 255
42,123 : 254, 254, 255, 255, 255, 255, 255, 255, 255
42,124 : 254, 255, 255, 255, 255, 255, 255, 255, 255
42,125 : 254, 255, 255, 255, 255, 255, 255, 255, 255
42,126 : 255, 255, 0, 255, 255, 0, 255, 255, 0
42,127 : 255, 255, 0, 255, 255, 0, 255, 255, 0
43,0 : 0, 253, 255, 0, 255, 255, 0, 255, 254
43,1 : 0, 255, 255, 0, 254, 255, 0, 255, 255
43,2 : 253, 255, 255, 255, 255, 254, 255, 254, 254
43,3 : 255, 255, 249, 254, 255, 254, 255, 255, 252
43,4 : 255, 255, 143, 255, 254, 231, 254, 254, 252
43,5 : 255, 249, 14, 255, 254, 78, 255, 252, 180
43,6 : 255, 143, 87, 254, 231, 24, 254, 252, 24
43,7 : 249, 14, 153, 254, 78, 111, 252, 180, 102
43,8 : 143, 87, 158, 231, 24, 157, 252, 24, 172
43,9 : 14, 153, 160, 78, 111, 165, 180, 102, 159
43,10 : 87, 158, 155, 24, 157, 155, 24, 172, 156
43,11 : 153, 160, 150, 111, 165, 152, 102, 159, 153
43,12 : 158, 155, 159, 157, 155, 162, 172, 156, 162
43,13 : 160, 150, 160, 165, 152, 158, 159, 153, 159
43,14 : 155, 159, 152, 155, 162, 151, 156, 162, 153
43,15 : 150, 160, 155, 152, 158, 155, 153, 159, 157
43,16 : 159, 152, 159, 162, 151, 160, 162, 153, 160
43,17 : 160, 155, 153, 158, 155, 153, 159, 157, 154
43,18 : 152, 159, 151, 151, 160, 151, 153, 160, 152
43,19 : 155, 153, 160, 155, 153, 158, 157, 154, 162
43,20 : 159, 151, 160, 160, 151, 157, 160, 152, 164
43,21 : 153, 160, 152, 153, 158, 149, 154, 162, 158
43,22 : 151, 160, 155, 151, 157, 156, 152, 164, 157
43,23 : 160, 152, 161, 158, 149, 161, 162, 158, 161
43,24 : 160, 155, 154, 157, 156, 155, 164, 157, 154
43,25 : 152, 161, 151, 149, 161, 152, 158, 161, 151
43,26 : 155, 154, 160, 156, 155, 160, 157, 154, 160
43,27 : 161, 151, 159, 161, 152, 158, 161, 151, 157
43,28 : 154, 160, 151, 155, 160, 151, 154, 160, 150
43,29 : 151, 159, 154, 152, 158, 154, 151, 157, 155
43,30 : 160, 151, 160, 160, 151, 158, 160, 150, 158
43,31 : 159, 154, 154, 158, 154, 155, 157, 155, 153
43,32 : 151, 160, 154, 151, 158, 148, 150, 158, 152
43,33 : 154, 154, 144, 154, 155, 160, 155, 153, 158
43,34 : 160, 154, 37, 158, 148, 133, 158, 152, 158
43,35 : 154, 144, 11, 155, 160, 21, 153, 158, 125
43,36 : 154, 37, 77, 148, 133, 5, 152, 158, 25
43,37 : 144, 11, 160, 160, 21, 91, 158, 125, 9
43,38 : 37, 77, 155, 133, 5, 159, 158, 25, 78
43,39 : 11, 160, 150, 21, 91, 156, 125, 9, 144
43,40 : 77, 155, 160, 5, 159, 156, 25, 78, 154
43,41 : 160, 150, 159, 91, 156, 155, 9, 144, 161
43,42 : 155, 160, 148, 159, 156, 150, 78, 154, 157
43,43 : 150, 159, 155, 156, 155, 153, 144, 161, 141
43,44 : 160, 148, 159, 156, 150, 160, 154, 157, 142
43,45 : 159, 155, 149, 155, 153, 155, 161, 141, 104
43,46 : 148, 159, 149, 150, 160, 144, 157, 142, 108
43,47 : 155, 149, 156, 153, 155, 162, 141, 104, 134
43,48 : 159, 149, 162, 160, 144, 158, 142, 108, 144
43,49 : 149, 156, 213, 155, 162, 146, 104, 134, 137
43,50 : 149, 162, 250, 144, 158, 183, 108, 144, 109
43,51 : 156, 213, 252, 162, 146, 224, 134, 137, 83
43,52 : 162, 250, 252, 158, 183, 248, 144, 109, 75
43,53 : 213, 252, 254, 146, 224, 252, 137, 83, 65
43,54 : 250, 252, 252, 183, 248, 255, 109, 75, 51
43,55 : 252, 254, 255, 224, 252, 252, 83, 65, 33
43,56 : 252, 252, 254, 248, 255, 251, 75, 51, 13
43,57 : 254, 255, 251, 252, 252, 254, 65, 33, 14
43,58 : 252, 254, 252, 255, 251, 255, 51, 13, 32
43,59 : 255, 251, 254, 252, 254, 254, 33, 14, 49
43,60 : 254, 252, 255, 251, 255, 251, 13, 32, 70
43,61 : 251, 254, 255, 254, 254, 250, 14, 49, 94
43,62 : 252, 255, 255, 255, 251, 244, 32, 70, 129
43,63 : 254, 255, 252, 254, 250, 244, 49, 94, 158
43,64 : 255, 255, 253, 251, 244, 211, 70, 129, 186
43,65 : 255, 252, 251, 250, 244, 151, 94, 158, 207
43,66 : 255, 253, 251, 244, 211, 89, 129, 186, 219
43,67 : 252, 251, 254, 244, 151, 46, 158, 207, 231
43,68 : 253, 251, 251, 211, 89, 26, 186, 219, 249
43,69 : 251, 254, 255, 151, 46, 11, 207, 231, 255
43,70 : 251, 251, 255, 89, 26, 5, 219, 249, 254
43,71 : 254, 255, 248, 46, 11, 7, 231, 255, 251
43,72 : 251, 255, 245, 26, 5, 11, 249, 254, 255
43,73 : 255, 248, 239, 11, 7, 24, 255, 251, 255
43,74 : 255, 245, 236, 5, 11, 69, 254, 255, 255
43,75 : 248, 239, 228, 7, 24, 100, 251, 255, 252
43,76 : 245, 236, 201, 11, 69, 128, 255, 255, 255
43,77 : 239, 228, 163, 24, 100, 145, 255, 252, 253
43,78 : 236, 201, 128, 69, 128, 176, 255, 255, 255
43,79 : 228, 163, 99, 100, 145, 207, 252, 253, 252
43,80 : 201, 128, 42, 128, 176, 226, 255, 255, 252
43,81 : 163, 99, 22, 145, 207, 245, 253, 252, 253
43,82 : 128, 42, 18, 176, 226, 254, 255, 252, 253
43,83 : 99, 22, 5, 207, 245, 252, 252, 253, 252
43,84 : 42, 18, 22, 226, 254, 255, 252, 253, 252
43,85 : 22, 5, 46, 245, 252, 251, 253, 252, 255
43,86 : 18, 22, 108, 254, 255, 251, 253, 252, 253
43,87 : 5, 46, 164, 252, 251, 251, 252, 255, 255
43,88 : 22, 108, 106, 255, 251, 251, 252, 253, 252
43,89 : 46, 164, 12, 251, 251, 248, 255, 255, 253
43,90 : 108, 106, 7, 251, 251, 199, 253, 252, 251
43,91 : 164, 12, 98, 251, 248, 127, 255, 253, 252
43,92 : 106, 7, 161, 251, 199, 84, 252, 251, 251
43,93 : 12, 98, 167, 248, 127, 38, 253, 252, 254
43,94 : 7, 161, 159, 199, 84, 16, 251, 251, 251
43,95 : 98, 167, 150, 127, 38, 10, 252, 254, 253
43,96 : 161, 159, 161, 84, 16, 29, 251, 251, 247
43,97 : 167, 150, 163, 38, 10, 36, 254, 253, 250
43,98 : 159, 161, 152, 16, 29, 23, 251, 247, 255
43,99 : 150, 163, 158, 10, 36, 8, 253, 250, 249
43,100 : 161, 152, 168, 29, 23, 11, 247, 255, 254
43,101 : 163, 158, 116, 36, 8, 75, 250, 249, 250
43,102 : 152, 168, 25, 23, 11, 184, 255, 254, 250
43,103 : 158, 116, 10, 8, 75, 247, 249, 250, 253
43,104 : 168, 25, 122, 11, 184, 255, 254, 250, 255
43,105 : 116, 10, 247, 75, 247, 253, 250, 253, 255
43,106 : 25, 122, 255, 184, 255, 255, 250, 255, 251
43,107 : 10, 247, 253, 247, 253, 255, 253, 255, 255
43,108 : 122, 255, 253, 255, 255, 253, 255, 251, 251
43,109 : 247, 253, 255, 253, 255, 255, 255, 255, 165
43,110 : 255, 253, 255, 255, 253, 247, 251, 251, 35
43,111 : 253, 255, 250, 255, 255, 172, 255, 165, 6
43,112 : 253, 255, 183, 253, 247, 18, 251, 35, 81
43,113 : 255, 250, 31, 255, 172, 24, 165, 6, 230
43,114 : 255, 183, 15, 247, 18, 157, 35, 81, 253
43,115 : 250, 31, 153, 172, 24, 248, 6, 230, 255
43,116 : 183, 15, 248, 18, 157, 250, 81, 253, 255
43,117 : 31, 153, 255, 24, 248, 255, 230, 255, 253
43,118 : 15, 248, 254, 157, 250, 255, 253, 255, 255
43,119 : 153, 255, 254, 248, 255, 255, 255, 253, 255
43,120 : 248, 254, 255, 250, 255, 255, 255, 255, 255
43,121 : 255, 254, 255, 255, 255, 255, 253, 255, 255
43,122 : 254, 255, 255, 255, 255, 255, 255, 255, 255
43,123 : 254, 255, 255, 255, 255, 255, 255, 255, 255
43,124 : 255, 255, 255, 255, 255, 255, 255, 255, 255
43,125 : 255, 255, 255, 255, 255, 255, 255, 255, 255
43,126 : 255, 255, 0, 255, 255, 0, 255, 255, 0
43,127 : 255, 255, 0, 255, 255, 0, 255, 255, 0
44,0 : 0, 255, 255, 0, 255, 255, 0, 251, 253
44,1 : 0, 255, 255, 0, 252, 255, 0, 255, 253
44,2 : 255, 255, 252, 255, 255, 254, 251, 253, 255
44,3 : 255, 255, 255, 252, 255, 255, 255, 253, 255
44,4 : 255, 252, 209, 255, 254, 247, 253, 255, 249
44,5 : 255, 255, 41, 255, 255, 129, 253, 255, 204
44,6 : 252, 209, 48, 254, 247, 21, 255, 249, 58
44,7 : 255, 41, 141, 255, 129, 97, 255, 204, 87
44,8 : 209, 48, 157, 247, 21, 158, 249, 58, 183
44,9 : 41, 141, 156, 129, 97, 162, 204, 87, 182
44,10 : 48, 157, 155, 21, 158, 157, 58, 183, 168
44,11 : 141, 156, 153, 97, 162, 153, 87, 182, 161
44,12 : 157, 155, 163, 158, 157, 162, 183, 168, 173
44,13 : 156, 153, 158, 162, 153, 160, 182, 161, 171
44,14 : 155, 163, 154, 157, 162, 151, 168, 173, 164
44,15 : 153, 158, 157, 153, 160, 156, 161, 171, 167
44,16 : 163, 154, 160, 162, 151, 160, 173, 164, 170
44,17 : 158, 157, 154, 160, 156, 154, 171, 167, 164
44,18 : 154, 160, 152, 151, 160, 151, 164, 170, 162
44,19 : 157, 154, 160, 156, 154, 160, 167, 164, 171
44,20 : 160, 152, 160, 160, 151, 160, 170, 162, 170
44,21 : 154, 160, 151, 154, 160, 153, 164, 171, 162
44,22 : 152, 160, 155, 151, 160, 156, 162, 170, 158
44,23 : 160, 151, 161, 160, 153, 161, 171, 162, 161
44,24 : 160, 155, 155, 160, 156, 154, 170, 158, 154
44,25 : 151, 161, 152, 153, 161, 151, 162, 161, 151
44,26 : 155, 155, 161, 156, 154, 159, 158, 154, 160
44,27 : 161, 152, 159, 161, 151, 157, 161, 151, 157
44,28 : 155, 161, 151, 154, 159, 150, 154, 160, 150
44,29 : 152, 159, 153, 151, 157, 154, 151, 157, 154
44,30 : 161, 151, 156, 159, 150, 159, 160, 150, 160
44,31 : 159, 153, 152, 157, 154, 152, 157, 154, 153
44,32 : 151, 156, 147, 150, 159, 149, 150, 160, 150
44,33 : 153, 152, 160, 154, 152, 160, 154, 153, 159
44,34 : 156, 147, 88, 159, 149, 168, 160, 150, 158
44,35 : 152, 160, 5, 152, 160, 81, 153, 159, 144
44,36 : 147, 88, 24, 149, 168, 9, 150, 158, 41
44,37 : 160, 5, 133, 160, 81, 26, 159, 144, 6
44,38 : 88, 24, 152, 168, 9, 132, 158, 41, 12
44,39 : 5, 133, 149, 81, 26, 148, 144, 6, 18
44,40 : 24, 152, 157, 9, 132, 161, 41, 12, 28
44,41 : 133, 149, 163, 26, 148, 155, 6, 18, 32
44,42 : 152, 157, 151, 132, 161, 152, 12, 28, 30
44,43 : 149, 163, 151, 148, 155, 155, 18, 32, 23
44,44 : 157, 151, 160, 161, 152, 153, 28, 30, 14
44,45 : 163, 151, 152, 155, 155, 156, 32, 23, 10
44,46 : 151, 160, 154, 152, 153, 149, 30, 14, 17
44,47 : 151, 152, 155, 155, 156, 158, 23, 10, 24
44,48 : 160, 154, 151, 153, 149, 155, 14, 17, 17
44,49 : 152, 155, 174, 156, 158, 150, 10, 24, 11
44,50 : 154, 151, 228, 149, 155, 153, 17, 17, 11
44,51 : 155, 174, 252, 158, 150, 165, 24, 11, 25
44,52 : 151, 228, 253, 155, 153, 206, 17, 11, 56
44,53 : 174, 252, 251, 150, 165, 240, 11, 25, 70
44,54 : 228, 253, 253, 153, 206, 245, 11, 56, 111
44,55 : 252, 251, 254, 165, 240, 224, 25, 70, 148
44,56 : 253, 253, 255, 206, 245, 212, 56, 111, 182
44,57 : 251, 254, 255, 240, 224, 184, 70, 148, 205
44,58 : 253, 255, 253, 245, 212, 143, 111, 182, 228
44,59 : 254, 255, 253, 224, 184, 130, 148, 205, 243
44,60 : 255, 253, 254, 212, 143, 123, 182, 228, 249
44,61 : 255, 253, 253, 184, 130, 95, 205, 243, 253
44,62 : 253, 254, 255, 143, 123, 60, 228, 249, 254
44,63 : 253, 253, 254, 130, 95, 42, 243, 253, 255
44,64 : 254, 255, 254, 123, 60, 20, 249, 254, 254
44,65 : 253, 254, 254, 95, 42, 16, 253, 255, 253
44,66 : 255, 254, 254, 60, 20, 19, 254, 254, 254
44,67 : 254, 254, 244, 42, 16, 34, 255, 253, 255
44,68 : 254, 254, 223, 20, 19, 72, 254, 254, 255
44,69 : 254, 244, 205, 16, 34, 102, 253, 255, 253
44,70 : 254, 223, 172, 19, 72, 132, 254, 255, 255
44,71 : 244, 205, 105, 34, 102, 168, 255, 253, 253
44,72 : 223, 172, 55, 72, 132, 206, 255, 255, 255
44,73 : 205, 105, 44, 102, 168, 227, 253, 253, 255
44,74 : 172, 55, 43, 132, 206, 252, 255, 255, 252
44,75 : 105, 44, 19, 168, 227, 253, 253, 255, 254
44,76 : 55, 43, 7, 206, 252, 254, 255, 252, 255
44,77 : 44, 19, 5, 227, 253, 254, 255, 254, 253
44,78 : 43, 7, 5, 252, 254, 251, 252, 255, 251
44,79 : 19, 5, 11, 253, 254, 253, 254, 253, 255
44,80 : 7, 5, 31, 254, 251, 255, 255, 251, 254
44,81 : 5, 11, 54, 254, 253, 251, 253, 255, 255
44,82 : 5, 31, 113, 251, 255, 251, 251, 254, 255
44,83 : 11, 54, 181, 253, 251, 255, 255, 255, 254
44,84 : 31, 113, 216, 255, 251, 252, 254, 255, 255
44,85 : 54, 181, 247, 251, 255, 251, 255, 254, 252
44,86 : 113, 216, 253, 251, 252, 254, 255, 255, 254
44,87 : 181, 247, 248, 255, 251, 252, 254, 252, 254
44,88 : 216, 253, 238, 252, 254, 252, 255, 254, 254
44,89 : 247, 248, 152, 251, 252, 254, 252, 254, 255
44,90 : 253, 238, 45, 254, 252, 255, 254, 254, 251
44,91 : 248, 152, 14, 252, 254, 255, 254, 255, 255
44,92 : 238, 45, 41, 252, 255, 248, 254, 251, 255
44,93 : 152, 14, 77, 254, 255, 236, 255, 255, 248
44,94 : 45, 41, 95, 255, 248, 211, 251, 255, 250
44,95 : 14, 77, 134, 255, 236, 173, 255, 248, 254
44,96 : 41, 95, 154, 248, 211, 92, 255, 250, 254
44,97 : 77, 134, 164, 236, 173, 103, 248, 254, 255
44,98 : 95, 154, 151, 211, 92, 130, 250, 254, 251
44,99 : 134, 164, 125, 173, 103, 163, 254, 255, 253
44,100 : 154, 151, 67, 92, 130, 196, 254, 251, 255
44,101 : 164, 125, 8, 103, 163, 244, 255, 253, 253
44,102 : 151, 67, 33, 130, 196, 250, 251, 255, 255
44,103 : 125, 8, 160, 163, 244, 255, 253, 253, 251
44,104 : 67, 33, 240, 196, 250, 250, 255, 255, 255
44,105 : 8, 160, 255, 244, 255, 254, 253, 251, 250
44,106 : 33, 240, 253, 250, 250, 255, 255, 255, 255
44,107 : 160, 255, 252, 255, 254, 255, 251, 250, 253
44,108 : 240, 253, 255, 250, 255, 248, 255, 255, 175
44,109 : 255, 252, 253, 254, 255, 251, 250, 253, 37
44,110 : 253, 255, 253, 255, 248, 190, 255, 175, 13
44,111 : 252, 253, 240, 255, 251, 51, 253, 37, 103
44,112 : 255, 253, 89, 248, 190, 16, 175, 13, 228
44,113 : 253, 240, 0, 251, 51, 120, 37, 103, 252
44,114 : 253, 89, 70, 190, 16, 236, 13, 228, 252
44,115 : 240, 0, 230, 51, 120, 252, 103, 252, 252
44,116 : 89, 70, 249, 16, 236, 251, 228, 252, 255
44,117 : 0, 230, 251, 120, 252, 254, 252, 252, 255
44,118 : 70, 249, 255, 236, 251, 255, 252, 255, 255
44,119 : 230, 251, 255, 252, 254, 255, 252, 255, 255
44,120 : 249, 255, 255, 251, 255, 255, 255, 255, 255
44,121 : 251, 255, 255, 254, 255, 255, 255, 255, 255
44,122 : 255, 255, 255, 255, 255, 255, 255, 255, 255
44,123 : 255, 255, 255, 255, 255, 255, 255, 255, 255
44,124 : 255, 255, 255, 255, 255, 255, 255, 255, 255
44,125 : 255, 255, 255, 255, 255, 255, 255, 255, 255
44,126 : 255, 255, 0, 255, 255, 0, 255, 255, 0
44,127 : 255, 255, 0, 255, 255, 0, 255, 255, 0
45,0 : 0, 255, 255, 0, 255, 254, 0, 255, 255
45,1 : 0, 254, 255, 0, 255, 255, 0, 253, 255
45,2 : 255, 255, 254, 255, 254, 254, 255, 255, 254
45,3 : 254, 255, 254, 255, 255, 252, 253, 255, 251
45,4 : 255, 254, 231, 254, 254, 252, 255, 254, 250
45,5 : 255, 254, 78, 255, 252, 180, 255, 251, 233
45,6 : 254, 231, 24, 254, 252, 24, 254, 250, 109
45,7 : 254, 78, 111, 252, 180, 102, 251, 233, 34
45,8 : 231, 24, 157, 252, 24, 172, 250, 109, 138
45,9 : 78, 111, 165, 180, 102, 159, 233, 34, 175
45,10 : 24, 157, 155, 24, 172, 156, 109, 138, 169
45,11 : 111, 165, 152, 102, 159, 153, 34, 175, 165
45,12 : 157, 155, 162, 172, 156, 162, 138, 169, 175
45,13 : 165, 152, 158, 159, 153, 159, 175, 165, 170
45,14 : 155, 162, 151, 156, 162, 153, 169, 175, 165
45,15 : 152, 158, 155, 153, 159, 157, 165, 170, 167
45,16 : 162, 151, 160, 162, 153, 160, 175, 165, 170
45,17 : 158, 155, 153, 159, 157, 154, 170, 167, 164
45,18 : 151, 160, 151, 153, 160, 152, 165, 170, 162
45,19 : 155, 153, 158, 157, 154, 162, 167, 164, 168
45,20 : 160, 151, 157, 160, 152, 164, 170, 162, 164
45,21 : 153, 158, 149, 154, 162, 158, 164, 168, 152
45,22 : 151, 157, 156, 152, 164, 157, 162, 164, 157
45,23 : 158, 149, 161, 162, 158, 161, 168, 152, 160
45,24 : 157, 156, 155, 164, 157, 154, 164, 157, 152
45,25 : 149, 161, 152, 158, 161, 151, 152, 160, 151
45,26 : 156, 155, 160, 157, 154, 160, 157, 152, 160
45,27 : 161, 152, 158, 161, 151, 157, 160, 151, 157
45,28 : 155, 160, 151, 154, 160, 150, 152, 160, 149
45,29 : 152, 158, 154, 151, 157, 155, 151, 157, 153
45,30 : 160, 151, 158, 160, 150, 158, 160, 149, 159
45,31 : 158, 154, 155, 157, 155, 153, 157, 153, 153
45,32 : 151, 158, 148, 150, 158, 152, 149, 159, 150
45,33 : 154, 155, 160, 155, 153, 158, 153, 153, 157
45,34 : 158, 148, 133, 158, 152, 158, 159, 150, 157
45,35 : 155, 160, 21, 153, 158, 125, 153, 157, 129
45,36 : 148, 133, 5, 152, 158, 25, 150, 157, 46
45,37 : 160, 21, 91, 158, 125, 9, 157, 129, 9
45,38 : 133, 5, 159, 158, 25, 78, 157, 46, 4
45,39 : 21, 91, 156, 125, 9, 144, 129, 9, 3
45,40 : 5, 159, 156, 25, 78, 154, 46, 4, 10
45,41 : 91, 156, 155, 9, 144, 161, 9, 3, 9
45,42 : 159, 156, 150, 78, 154, 157, 4, 10, 7
45,43 : 156, 155, 153, 144, 161, 141, 3, 9, 19
45,44 : 156, 150, 160, 154, 157, 142, 10, 7, 33
45,45 : 155, 153, 155, 161, 141, 104, 9, 19, 40
45,46 : 150, 160, 144, 157, 142, 108, 7, 33, 58
45,47 : 153, 155, 162, 141, 104, 134, 19, 40, 79
45,48 : 160, 144, 158, 142, 108, 144, 33, 58, 114
45,49 : 155, 162, 146, 104, 134, 137, 40, 79, 159
45,50 : 144, 158, 183, 108, 144, 109, 58, 114, 203
45,51 : 162, 146, 224, 134, 137, 83, 79, 159, 224
45,52 : 158, 183, 248, 144, 109, 75, 114, 203, 241
45,53 : 146, 224, 252, 137, 83, 65, 159, 224, 248
45,54 : 183, 248, 255, 109, 75, 51, 203, 241, 255
45,55 : 224, 252, 252, 83, 65, 33, 224, 248, 249
45,56 : 248, 255, 251, 75, 51, 13, 241, 255, 250
45,57 : 252, 252, 254, 65, 33, 14, 248, 249, 253
45,58 : 255, 251, 255, 51, 13, 32, 255, 250, 251
45,59 : 252, 254, 254, 33, 14, 49, 249, 253, 253
45,60 : 251, 255, 251, 13, 32, 70, 250, 251, 255
45,61 : 254, 254, 250, 14, 49, 94, 253, 253, 254
45,62 : 255, 251, 244, 32, 70, 129, 251, 255, 255
45,63 : 254, 250, 244, 49, 94, 158, 253, 254, 254
45,64 : 251, 244, 211, 70, 129, 186, 255, 255, 254
45,65 : 250, 244, 151, 94, 158, 207, 254, 254, 255
45,66 : 244, 211, 89, 129, 186, 219, 255, 254, 255
45,67 : 244, 151, 46, 158, 207, 231, 254, 255, 255
45,68 : 211, 89, 26, 186, 219, 249, 254, 255, 255
45,69 : 151, 46, 11, 207, 231, 255, 255, 255, 255
45,70 : 89, 26, 5, 219, 249, 254, 255, 255, 255
45,71 : 46, 11, 7, 231, 255, 251, 255, 255, 255
45,72 : 26, 5, 11, 249, 254, 255, 255, 255, 253
45,73 : 11, 7, 24, 255, 251, 255, 255, 255, 255
45,74 : 5, 11, 69, 254, 255, 255, 255, 253, 255
45,75 : 7, 24, 100, 251, 255, 252, 255, 255, 255
45,76 : 11, 69, 128, 255, 255, 255, 253, 255, 254
45,77 : 24, 100, 145, 255, 252, 253, 255, 255, 255
45,78 : 69, 128, 176, 255, 255, 255, 255, 254, 255
45,79 : 100, 145, 207, 252, 253, 252, 255, 255, 255
45,80 : 128, 176, 226, 255, 255, 252, 254, 255, 254
45,81 : 145, 207, 245, 253, 252, 253, 255, 255, 254
45,82 : 176, 226, 254, 255, 252, 253, 255, 254, 255
45,83 : 207, 245, 252, 252, 253, 252, 255, 254, 255
45,84 : 226, 254, 255, 252, 253, 252, 254, 255, 254
45,85 : 245, 252, 251, 253, 252, 255, 254, 255, 255
45,86 : 254, 255, 251, 253, 252, 253, 255, 254, 255
45,87 : 252, 251, 251, 252, 255, 255, 255, 255, 252
45,88 : 255, 251, 251, 252, 253, 252, 254, 255, 255
45,89 : 251, 251, 248, 255, 255, 253, 255, 252, 255
45,90 : 251, 251, 199, 253, 252, 251, 255, 255, 255
45,91 : 251, 248, 127, 255, 253, 252, 252, 255, 255
45,92 : 251, 199, 84, 252, 251, 251, 255, 255, 254
45,93 : 248, 127, 38, 253, 252, 254, 255, 255, 255
45,94 : 199, 84, 16, 251, 251, 251, 255, 254, 255
45,95 : 127, 38, 10, 252, 254, 253, 255, 255, 254
45,96 : 84, 16, 29, 251, 251, 247, 254, 255, 254
45,97 : 38, 10, 36, 254, 253, 250, 255, 254, 254
45,98 : 16, 29, 23, 251, 247, 255, 255, 254, 255
45,99 : 10, 36, 8, 253, 250, 249, 254, 254, 255
45,100 : 29, 23, 11, 247, 255, 254, 254, 255, 252
45,101 : 36, 8, 75, 250, 249, 250, 254, 255, 255
45,102 : 23, 11, 184, 255, 254, 250, 255, 252, 254
45,103 : 8, 75, 247, 249, 250, 253, 255, 255, 254
45,104 : 11, 184, 255, 254, 250, 255, 252, 254, 254
45,105 : 75, 247, 253, 250, 253, 255, 255, 254, 252
45,106 : 184, 255, 255, 250, 255, 251, 254, 254, 219
45,107 : 247, 253, 255, 253, 255, 255, 254, 252, 131
45,108 : 255, 255, 253, 255, 251, 251, 254, 219, 37
45,109 : 253, 255, 255, 255, 255, 165, 252, 131, 10
45,110 : 255, 253, 247, 251, 251, 35, 219, 37, 108
45,111 : 255, 255, 172, 255, 165, 6, 131, 10, 234
45,112 : 253, 247, 18, 251, 35, 81, 37, 108, 253
45,113 : 255, 172, 24, 165, 6, 230, 10, 234, 254
45,114 : 247, 18, 157, 35, 81, 253, 108, 253, 255
45,115 : 172, 24, 248, 6, 230, 255, 234, 254, 255
45,116 : 18, 157, 250, 81, 253, 255, 253, 255, 255
45,117 : 24, 248, 255, 230, 255, 253, 254, 255, 254
45,118 : 157, 250, 255, 253, 255, 255, 255, 255, 255
45,119 : 248, 255, 255, 255, 253, 255, 255, 254, 255
45,120 : 250, 255, 255, 255, 255, 255, 255, 255, 255
45,121 : 255, 255, 255, 253, 255, 255, 254, 255, 255
45,122 : 255, 255, 255, 255, 255, 255, 255, 255, 255
45,123 : 255, 255, 255, 255, 255, 255, 255, 255, 255
45,124 : 255, 255, 255, 255, 255, 255, 255, 255, 255
45,125 : 255, 255, 255, 255, 255, 255, 255, 255, 255
45,126 : 255, 255, 0, 255, 255, 0, 255, 255, 0
45,127 : 255, 255, 0, 255, 255, 0, 255, 255, 0
46,0 : 0, 255, 255, 0, 251, 253, 0, 255, 255
46,1 : 0, 252, 255, 0, 255, 253, 0, 255, 255
46,2 : 255, 255, 254, 251, 253, 255, 255, 255, 254
46,3 : 252, 255, 255, 255, 253, 255, 255, 255, 253
46,4 : 255, 254, 247, 253, 255, 249, 255, 254, 252
46,5 : 255, 255, 129, 253, 255, 204, 255, 253, 251
46,6 : 254, 247, 21, 255, 249, 58, 254, 252, 212
46,7 : 255, 129, 97, 255, 204, 87, 253, 251, 56
46,8 : 247, 21, 158, 249, 58, 183, 252, 212, 44
46,9 : 129, 97, 162, 204, 87, 182, 251, 56, 141
46,10 : 21, 158, 157, 58, 183, 168, 212, 44, 168
46,11 : 97, 162, 153, 87, 182, 161, 56, 141, 163
46,12 : 158, 157, 162, 183, 168, 173, 44, 168, 174
46,13 : 162, 153, 160, 182, 161, 171, 141, 163, 172
46,14 : 157, 162, 151, 168, 173, 164, 168, 174, 161
46,15 : 153, 160, 156, 161, 171, 167, 163, 172, 161
46,16 : 162, 151, 160, 173, 164, 170, 174, 161, 163
46,17 : 160, 156, 154, 171, 167, 164, 172, 161, 154
46,18 : 151, 160, 151, 164, 170, 162, 161, 163, 152
46,19 : 156, 154, 160, 167, 164, 171, 161, 154, 161
46,20 : 160, 151, 160, 170, 162, 170, 163, 152, 159
46,21 : 154, 160, 153, 164, 171, 162, 154, 161, 152
46,22 : 151, 160, 156, 162, 170, 158, 152, 159, 154
46,23 : 160, 153, 161, 171, 162, 161, 161, 152, 159
46,24 : 160, 156, 154, 170, 158, 154, 159, 154, 153
46,25 : 153, 161, 151, 162, 161, 151, 152, 159, 150
46,26 : 156, 154, 159, 158, 154, 160, 154, 153, 159
46,27 : 161, 151, 157, 161, 151, 157, 159, 150, 157
46,28 : 154, 159, 150, 154, 160, 150, 153, 159, 150
46,29 : 151, 157, 154, 151, 157, 154, 150, 157, 154
46,30 : 159, 150, 159, 160, 150, 160, 159, 150, 159
46,31 : 157, 154, 152, 157, 154, 153, 157, 154, 153
46,32 : 150, 159, 149, 150, 160, 150, 150, 159, 155
46,33 : 154, 152, 160, 154, 153, 159, 154, 153, 156
46,34 : 159, 149, 168, 160, 150, 158, 159, 155, 159
46,35 : 152, 160, 81, 153, 159, 144, 153, 156, 153
46,36 : 149, 168, 9, 150, 158, 41, 155, 159, 159
46,37 : 160, 81, 26, 159, 144, 6, 156, 153, 123
46,38 : 168, 9, 132, 158, 41, 12, 159, 159, 24
46,39 : 81, 26, 148, 144, 6, 18, 153, 123, 6
46,40 : 9, 132, 161, 41, 12, 28, 159, 24, 86
46,41 : 26, 148, 155, 6, 18, 32, 123, 6, 178
46,42 : 132, 161, 152, 12, 28, 30, 24, 86, 180
46,43 : 148, 155, 155, 18, 32, 23, 6, 178, 212
46,44 : 161, 152, 153, 28, 30, 14, 86, 180, 238
46,45 : 155, 155, 156, 32, 23, 10, 178, 212, 235
46,46 : 152, 153, 149, 30, 14, 17, 180, 238, 248
46,47 : 155, 156, 158, 23, 10, 24, 212, 235, 250
46,48 : 153, 149, 155, 14, 17, 17, 238, 248, 252
46,49 : 156, 158, 150, 10, 24, 11, 235, 250, 254
46,50 : 149, 155, 153, 17, 17, 11, 248, 252, 254
46,51 : 158, 150, 165, 24, 11, 25, 250, 254, 253
46,52 : 155, 153, 206, 17, 11, 56, 252, 254, 253
46,53 : 150, 165, 240, 11, 25, 70, 254, 253, 252
46,54 : 153, 206, 245, 11, 56, 111, 254, 253, 253
46,55 : 165, 240, 224, 25, 70, 148, 253, 252, 253
46,56 : 206, 245, 212, 56, 111, 182, 253, 253, 253
46,57 : 240, 224, 184, 70, 148, 205, 252, 253, 253
46,58 : 245, 212, 143, 111, 182, 228, 253, 253, 253
46,59 : 224, 184, 130, 148, 205, 243, 253, 253, 254
46,60 : 212, 143, 123, 182, 228, 249, 253, 253, 255
46,61 : 184, 130, 95, 205, 243, 253, 253, 254, 255
46,62 : 143, 123, 60, 228, 249, 254, 253, 255, 255
46,63 : 130, 95, 42, 243, 253, 255, 254, 255, 255
46,64 : 123, 60, 20, 249, 254, 254, 255, 255, 255
46,65 : 95, 42, 16, 253, 255, 253, 255, 255, 255
46,66 : 60, 20, 19, 254, 254, 254, 255, 255, 255
46,67 : 42, 16, 34, 255, 253, 255, 255, 255, 255
46,68 : 20, 19, 72, 254, 254, 255, 255, 255, 255
46,69 : 16, 34, 102, 253, 255, 253, 255, 255, 255
46,70 : 19, 72, 132, 254, 255, 255, 255, 255, 255
46,71 : 34, 102, 168, 255, 253, 253, 255, 255, 255
46,72 : 72, 132, 206, 255, 255, 255, 255, 255, 255
46,73 : 102, 168, 227, 253, 253, 255, 255, 255, 255
46,74 : 132, 206, 252, 255, 255, 252, 255, 255, 255
46,75 : 168, 227, 253, 253, 255, 254, 255, 255, 255
46,76 : 206, 252, 254, 255, 252, 255, 255, 255, 255
46,77 : 227, 253, 254, 255, 254, 253, 255, 255, 255
46,78 : 252, 254, 251, 252, 255, 251, 255, 255, 255
46,79 : 253, 254, 253, 254, 253, 255, 255, 255, 255
46,80 : 254, 251, 255, 255, 251, 254, 255, 255, 255
46,81 : 254, 253, 251, 253, 255, 255, 255, 255, 255
46,82 : 251, 255, 251, 251, 254, 255, 255, 255, 255
46,83 : 253, 251, 255, 255, 255, 254, 255, 255, 255
46,84 : 255, 251, 252, 254, 255, 255, 255, 255, 255
46,85 : 251, 255, 251, 255, 254, 252, 255, 255, 255
46,86 : 251, 252, 254, 255, 255, 254, 255, 255, 254
46,87 : 255, 251, 252, 254, 252, 254, 255, 255, 255
46,88 : 252, 254, 252, 255, 254, 254, 255, 254, 255
46,89 : 251, 252, 254, 252, 254, 255, 255, 255, 254
46,90 : 254, 252, 255, 254, 254, 251, 254, 255, 255
46,91 : 252, 254, 255, 254, 255, 255, 255, 254, 253
46,92 : 252, 255, 248, 254, 251, 255, 255, 255, 255
46,93 : 254, 255, 236, 255, 255, 248, 254, 253, 255
46,94 : 255, 248, 211, 251, 255, 250, 255, 255, 255
46,95 : 255, 236, 173, 255, 248, 254, 253, 255, 255
46,96 : 248, 211, 92, 255, 250, 254, 255, 255, 253
46,97 : 236, 173, 103, 248, 254, 255, 255, 255, 255
46,98 : 211, 92, 130, 250, 254, 251, 255, 253, 252
46,99 : 173, 103, 163, 254, 255, 253, 255, 255, 255
46,100 : 92, 130, 196, 254, 251, 255, 253, 252, 253
46,101 : 103, 163, 244, 255, 253, 253, 255, 255, 253
46,102 : 130, 196, 250, 251, 255, 255, 252, 253, 250
46,103 : 163, 244, 255, 253, 253, 251, 255, 253, 235
46,104 : 196, 250, 250, 255, 255, 255, 253, 250, 192
46,105 : 244, 255, 254, 253, 251, 250, 253, 235, 117
46,106 : 250, 250, 255, 255, 255, 255, 250, 192, 31
46,107 : 255, 254, 255, 251, 250, 253, 235, 117, 6
46,108 : 250, 255, 248, 255, 255, 175, 192, 31, 53
46,109 : 254, 255, 251, 250, 253, 37, 117, 6, 141
46,110 : 255, 248, 190, 255, 175, 13, 31, 53, 238
46,111 : 255, 251, 51, 253, 37, 103, 6, 141, 249
46,112 : 248, 190, 16, 175, 13, 228, 53, 238, 255
46,113 : 251, 51, 120, 37, 103, 252, 141, 249, 255
46,114 : 190, 16, 236, 13, 228, 252, 238, 255, 254
46,115 : 51, 120, 252, 103, 252, 252, 249, 255, 255
46,116 : 16, 236, 251, 228, 252, 255, 255, 254, 255
46,117 : 120, 252, 254, 252, 252, 255, 255, 255, 254
46,118 : 236, 251, 255, 252, 255, 255, 254, 255, 255
46,119 : 252, 254, 255, 252, 255, 255, 255, 254, 255
46,120 : 251, 255, 255, 255, 255, 255, 255, 255, 255
46,121 : 254, 255, 255, 255, 255, 255, 254, 255, 255
46,122 : 255, 255, 255, 255, 255, 255, 255, 255, 255
46,123 : 255, 255, 255, 255, 255, 255, 255, 255, 255
46,124 : 255, 255, 255, 255, 255, 255, 255, 255, 255
46,125 : 255, 255, 255, 255, 255, 255, 255, 255, 255
46,126 : 255, 255, 0, 255, 255, 0, 255, 255, 0
46,127 : 255, 255, 0, 255, 255, 0, 255, 255, 0
47,0 : 0, 255, 254, 0, 255, 255, 0, 255, 255
47,1 : 0, 255, 255, 0, 253, 255, 0, 255, 255
47,2 : 255, 254, 254, 255, 255, 254, 255, 255, 255
47,3 : 255, 255, 252, 253, 255, 251, 255, 255, 255
47,4 : 254, 254, 252, 255, 254, 250, 255, 255, 254
47,5 : 255, 252, 180, 255, 251, 233, 255, 255, 254
47,6 : 254, 252, 24, 254, 250, 109, 255, 254, 250
47,7 : 252, 180, 102, 251, 233, 34, 255, 254, 170
47,8 : 252, 24, 172, 250, 109, 138, 254, 250, 28
47,9 : 180, 102, 159, 233, 34, 175, 254, 170, 65
47,10 : 24, 172, 156, 109, 138, 169, 250, 28, 160
47,11 : 102, 159, 153, 34, 175, 165, 170, 65, 171
47,12 : 172, 156, 162, 138, 169, 175, 28, 160, 175
47,13 : 159, 153, 159, 175, 165, 170, 65, 171, 166
47,14 : 156, 162, 153, 169, 175, 165, 160, 175, 152
47,15 : 153, 159, 157, 165, 170, 167, 171, 166, 154
47,16 : 162, 153, 160, 175, 165, 170, 175, 152, 159
47,17 : 159, 157, 154, 170, 167, 164, 166, 154, 152
47,18 : 153, 160, 152, 165, 170, 162, 152, 159, 150
47,19 : 157, 154, 162, 167, 164, 168, 154, 152, 160
47,20 : 160, 152, 164, 170, 162, 164, 159, 150, 156
47,21 : 154, 162, 158, 164, 168, 152, 152, 160, 149
47,22 : 152, 164, 157, 162, 164, 157, 150, 156, 154
47,23 : 162, 158, 161, 168, 152, 160, 160, 149, 159
47,24 : 164, 157, 154, 164, 157, 152, 156, 154, 153
47,25 : 158, 161, 151, 152, 160, 151, 149, 159, 150
47,26 : 157, 154, 160, 157, 152, 160, 154, 153, 159
47,27 : 161, 151, 157, 160, 151, 157, 159, 150, 158
47,28 : 154, 160, 150, 152, 160, 149, 153, 159, 150
47,29 : 151, 157, 155, 151, 157, 153, 150, 158, 154
47,30 : 160, 150, 158, 160, 149, 159, 159, 150, 161
47,31 : 157, 155, 153, 157, 153, 153, 158, 154, 154
47,32 : 150, 158, 152, 149, 159, 150, 150, 161, 147
47,33 : 155, 153, 158, 153, 153, 157, 154, 154, 159
47,34 : 158, 152, 158, 159, 150, 157, 161, 147, 156
47,35 : 153, 158, 125, 153, 157, 129, 154, 159, 149
47,36 : 152, 158, 25, 150, 157, 46, 147, 156, 154
47,37 : 158, 125, 9, 157, 129, 9, 159, 149, 167
47,38 : 158, 25, 78, 157, 46, 4, 156, 154, 72
47,39 : 125, 9, 144, 129, 9, 3, 149, 167, 2
47,40 : 25, 78, 154, 46, 4, 10, 154, 72, 41
47,41 : 9, 144, 161, 9, 3, 9, 167, 2, 193
47,42 : 78, 154, 157, 4, 10, 7, 72, 41, 255
47,43 : 144, 161, 141, 3, 9, 19, 2, 193, 248
47,44 : 154, 157, 142, 10, 7, 33, 41, 255, 250
47,45 : 161, 141, 104, 9, 19, 40, 193, 248, 255
47,46 : 157, 142, 108, 7, 33, 58, 255, 250, 253
47,47 : 141, 104, 134, 19, 40, 79, 248, 255, 254
47,48 : 142, 108, 144, 33, 58, 114, 250, 253, 255
47,49 : 104, 134, 137, 40, 79, 159, 255, 254, 255
47,50 : 108, 144, 109, 58, 114, 203, 253, 255, 255
47,51 : 134, 137, 83, 79, 159, 224, 254, 255, 255
47,52 : 144, 109, 75, 114, 203, 241, 255, 255, 254
47,53 : 137, 83, 65, 159, 224, 248, 255, 255, 254
47,54 : 109, 75, 51, 203, 241, 255, 255, 254, 253
47,55 : 83, 65, 33, 224, 248, 249, 255, 254, 253
47,56 : 75, 51, 13, 241, 255, 250, 254, 253, 253
47,57 : 65, 33, 14, 248, 249, 253, 254, 253, 253
47,58 : 51, 13, 32, 255, 250, 251, 253, 253, 254
47,59 : 33, 14, 49, 249, 253, 253, 253, 253, 254
47,60 : 13, 32, 70, 250, 251, 255, 253, 254, 255
47,61 : 14, 49, 94, 253, 253, 254, 253, 254, 255
47,62 : 32, 70, 129, 251, 255, 255, 254, 255, 255
47,63 : 49, 94, 158, 253, 254, 254, 254, 255, 255
47,64 : 70, 129, 186, 255, 255, 254, 255, 255, 255
47,65 : 94, 158, 207, 254, 254, 255, 255, 255, 255
47,66 : 129, 186, 219, 255, 254, 255, 255, 255, 255
47,67 : 158, 207, 231, 254, 255, 255, 255, 255, 255
47,68 : 186, 219, 249, 254, 255, 255, 255, 255, 255
47,69 : 207, 231, 255, 255, 255, 255, 255, 255, 255
47,70 : 219, 249, 254, 255, 255, 255, 255, 255, 255
47,71 : 231, 255, 251, 255, 255, 255, 255, 255, 255
47,72 : 249, 254, 255, 255, 255, 253, 255, 255, 255
47,73 : 255, 251, 255, 255, 255, 255, 255, 255, 255
47,74 : 254, 255, 255, 255, 253, 255, 255, 255, 255
47,75 : 251, 255, 252, 255, 255, 255, 255, 255, 255
47,76 : 255, 255, 255, 253, 255, 254, 255, 255, 255
47,77 : 255, 252, 253, 255, 255, 255, 255, 255, 255
47,78 : 255, 255, 255, 255, 254, 255, 255, 255, 255
47,79 : 252, 253, 252, 255, 255, 255, 255, 255, 255
47,80 : 255, 255, 252, 254, 255, 254, 255, 255, 255
47,81 : 253, 252, 253, 255, 255, 254, 255, 255, 255
47,82 : 255, 252, 253, 255, 254, 255, 255, 255, 255
47,83 : 252, 253, 252, 255, 254, 255, 255, 255, 255
47,84 : 252, 253, 252, 254, 255, 254, 255, 255, 255
47,85 : 253, 252, 255, 254, 255, 255, 255, 255, 255
47,86 : 253, 252, 253, 255, 254, 255, 255, 255, 255
47,87 : 252, 255, 255, 255, 255, 252, 255, 255, 254
47,88 : 252, 253, 252, 254, 255, 255, 255, 255, 255
47,89 : 255, 255, 253, 255, 252, 255, 255, 254, 254
47,90 : 253, 252, 251, 255, 255, 255, 255, 255, 253
47,91 : 255, 253, 252, 252, 255, 255, 254, 254, 255
47,92 : 252, 251, 251, 255, 255, 254, 255, 253, 253
47,93 : 253, 252, 254, 255, 255, 255, 254, 255, 255
47,94 : 251, 251, 251, 255, 254, 255, 253, 253, 253
47,95 : 252, 254, 253, 255, 255, 254, 255, 255, 252
47,96 : 251, 251, 247, 254, 255, 254, 253, 253, 253
47,97 : 254, 253, 250, 255, 254, 254, 255, 252, 252
47,98 : 251, 247, 255, 255, 254, 255, 253, 253, 253
47,99 : 253, 250, 249, 254, 254, 255, 252, 252, 253
47,100 : 247, 255, 254, 254, 255, 252, 253, 253, 252
47,101 : 250, 249, 250, 254, 255, 255, 252, 253, 168
47,102 : 255, 254, 250, 255, 252, 254, 253, 252, 74
47,103 : 249, 250, 253, 255, 255, 254, 253, 168, 43
47,104 : 254, 250, 255, 252, 254, 254, 252, 74, 11
47,105 : 250, 253, 255, 255, 254, 252, 168, 43, 21
47,106 : 250, 255, 251, 254, 254, 219, 74, 11, 70
47,107 : 253, 255, 255, 254, 252, 131, 43, 21, 164
47,108 : 255, 251, 251, 254, 219, 37, 11, 70, 233
47,109 : 255, 255, 165, 252, 131, 10, 21, 164, 254
47,110 : 251, 251, 35, 219, 37, 108, 70, 233, 250
47,111 : 255, 165, 6, 131, 10, 234, 164, 254, 254
47,112 : 251, 35, 81, 37, 108, 253, 233, 250, 255
47,113 : 165, 6, 230, 10, 234, 254, 254, 254, 255
47,114 : 35, 81, 253, 108, 253, 255, 250, 255, 254
47,115 : 6, 230, 255, 234, 254, 255, 254, 255, 254
47,116 : 81, 253, 255, 253, 255, 255, 255, 254, 255
47,117 : 230, 255, 253, 254, 255, 254, 255, 254, 254
47,118 : 253, 255, 255, 255, 255, 255, 254, 255, 255
47,119 : 255, 253, 255, 255, 254, 255, 254, 254, 255
47,120 : 255, 255, 255, 255, 255, 255, 255, 255, 255
47,121 : 253, 255, 255, 254, 255, 255, 254, 255, 255
47,122 : 255, 255, 255, 255, 255, 255, 255, 255, 255
47,123 : 255, 255, 255, 255, 255, 255, 255, 255, 255
47,124 : 255, 255, 255, 255, 255, 255, 255, 255, 255
47,125 : 255, 255, 255, 255, 255, 255, 255, 255, 255
47,126 : 255, 255, 0, 255, 255, 0, 255, 255, 0
47,127 : 255, 255, 0, 255, 255, 0, 255, 255, 0
48,0 : 0, 251, 253, 0, 255, 255, 0, 255, 255
48,1 : 0, 255, 253, 0, 255, 255, 0, 255, 255
48,2 : 251, 253, 255, 255, 255, 254, 255, 255, 255
48,3 : 255, 253, 255, 255, 255, 253, 255, 255, 255
48,4 : 253, 255, 249, 255, 254, 252, 255, 255, 255
48,5 : 253, 255, 204, 255, 253, 251, 255, 255, 255
48,6 : 255, 249, 58, 254, 252, 212, 255, 255, 251
48,7 : 255, 204, 87, 253, 251, 56, 255, 255, 241
48,8 : 249, 58, 183, 252, 212, 44, 255, 251, 118
48,9 : 204, 87, 182, 251, 56, 141, 255, 241, 20
48,10 : 58, 183, 168, 212, 44, 168, 251, 118, 100
48,11 : 87, 182, 161, 56, 141, 163, 241, 20, 158
48,12 : 183, 168, 173, 44, 168, 174, 118, 100, 161
48,13 : 182, 161, 171, 141, 163, 172, 20, 158, 158
48,14 : 168, 173, 164, 168, 174, 161, 100, 161, 147
48,15 : 161, 171, 167, 163, 172, 161, 158, 158, 151
48,16 : 173, 164, 170, 174, 161, 163, 161, 147, 158
48,17 : 171, 167, 164, 172, 161, 154, 158, 151, 152
48,18 : 164, 170, 162, 161, 163, 152, 147, 158, 150
48,19 : 167, 164, 171, 161, 154, 161, 151, 152, 159
48,20 : 170, 162, 170, 163, 152, 159, 158, 150, 155
48,21 : 164, 171, 162, 154, 161, 152, 152, 159, 148
48,22 : 162, 170, 158, 152, 159, 154, 150, 155, 154
48,23 : 171, 162, 161, 161, 152, 159, 159, 148, 159
48,24 : 170, 158, 154, 159, 154, 153, 155, 154, 152
48,25 : 162, 161, 151, 152, 159, 150, 148, 159, 150
48,26 : 158, 154, 160, 154, 153, 159, 154, 152, 159
48,27 : 161, 151, 157, 159, 150, 157, 159, 150, 157
48,28 : 154, 160, 150, 153, 159, 150, 152, 159, 150
48,29 : 151, 157, 154, 150, 157, 154, 150, 157, 154
48,30 : 160, 150, 160, 159, 150, 159, 159, 150, 158
48,31 : 157, 154, 153, 157, 154, 153, 157, 154, 154
48,32 : 150, 160, 150, 150, 159, 155, 150, 158, 148
48,33 : 154, 153, 159, 154, 153, 156, 154, 154, 158
48,34 : 160, 150, 158, 159, 155, 159, 158, 148, 158
48,35 : 153, 159, 144, 153, 156, 153, 154, 158, 147
48,36 : 150, 158, 41, 155, 159, 159, 148, 158, 155
48,37 : 159, 144, 6, 156, 153, 123, 158, 147, 161
48,38 : 158, 41, 12, 159, 159, 24, 158, 155, 122
48,39 : 144, 6, 18, 153, 123, 6, 147, 161, 27
48,40 : 41, 12, 28, 159, 24, 86, 155, 122, 4
48,41 : 6, 18, 32, 123, 6, 178, 161, 27, 97
48,42 : 12, 28, 30, 24, 86, 180, 122, 4, 243
48,43 : 18, 32, 23, 6, 178, 212, 27, 97, 252
48,44 : 28, 30, 14, 86, 180, 238, 4, 243, 250
48,45 : 32, 23, 10, 178, 212, 235, 97, 252, 252
48,46 : 30, 14, 17, 180, 238, 248, 243, 250, 255
48,47 : 23, 10, 24, 212, 235, 250, 252, 252, 255
48,48 : 14, 17, 17, 238, 248, 252, 250, 255, 255
48,49 : 10, 24, 11, 235, 250, 254, 252, 255, 255
48,50 : 17, 17, 11, 248, 252, 254, 255, 255, 255
48,51 : 24, 11, 25, 250, 254, 253, 255, 255, 255
48,52 : 17, 11, 56, 252, 254, 253, 255, 255, 254
48,53 : 11, 25, 70, 254, 253, 252, 255, 255, 254
48,54 : 11, 56, 111, 254, 253, 253, 255, 254, 254
48,55 : 25, 70, 148, 253, 252, 253, 255, 254, 254
48,56 : 56, 111, 182, 253, 253, 253, 254, 254, 254
48,57 : 70, 148, 205, 252, 253, 253, 254, 254, 254
48,58 : 111, 182, 228, 253, 253, 253, 254, 254, 254
48,59 : 148, 205, 243, 253, 253, 254, 254, 254, 254
48,60 : 182, 228, 249, 253, 253, 255, 254, 254, 255
48,61 : 205, 243, 253, 253, 254, 255, 254, 254, 255
48,62 : 228, 249, 254, 253, 255, 255, 254, 255, 255
48,63 : 243, 253, 255, 254, 255, 255, 254, 255, 255
48,64 : 249, 254, 254, 255, 255, 255, 255, 255, 255
48,65 : 253, 255, 253, 255, 255, 255, 255, 255, 255
48,66 : 254, 254, 254, 255, 255, 255, 255, 255, 255
48,67 : 255, 253, 255, 255, 255, 255, 255, 255, 255
48,68 : 254, 254, 255, 255, 255, 255, 255, 255, 255
48,69 : 253, 255, 253, 255, 255, 255, 255, 255, 255
48,70 : 254, 255, 255, 255, 255, 255, 255, 255, 255
48,71 : 255, 253, 253, 255, 255, 255, 255, 255, 255
48,72 : 255, 255, 255, 255, 255, 255, 255, 255, 255
48,73 : 253, 253, 255, 255, 255, 255, 255, 255, 255
48,74 : 255, 255, 252, 255, 255, 255, 255, 255, 255
48,75 : 253, 255, 254, 255, 255, 255, 255, 255, 255
48,76 : 255, 252, 255, 255, 255, 255, 255, 255, 255
48,77 : 255, 254, 253, 255, 255, 255, 255, 255, 255
48,78 : 252, 255, 251, 255, 255, 255, 255, 255, 255
48,79 : 254, 253, 255, 255, 255, 255, 255, 255, 255
48,80 : 255, 251, 254, 255, 255, 255, 255, 255, 255
48,81 : 253, 255, 255, 255, 255, 255, 255, 255, 255
48,82 : 251, 254, 255, 255, 255, 255, 255, 255, 255
48,83 : 255, 255, 254, 255, 255, 255, 255, 255, 255
48,84 : 254, 255, 255, 255, 255, 255, 255, 255, 255
48,85 : 255, 254, 252, 255, 255, 255, 255, 255, 255
48,86 : 255, 255, 254, 255, 255, 254, 255, 255, 253
48,87 : 254, 252, 254, 255, 255, 255, 255, 255, 255
48,88 : 255, 254, 254, 255, 254, 255, 255, 253, 250
48,89 : 252, 254, 255, 255, 255, 254, 255, 255, 254
48,90 : 254, 254, 251, 254, 255, 255, 253, 250, 255
48,91 : 254, 255, 255, 255, 254, 253, 255, 254, 253
48,92 : 254, 251, 255, 255, 255, 255, 250, 255, 237
48,93 : 255, 255, 248, 254, 253, 255, 254, 253, 223
48,94 : 251, 255, 250, 255, 255, 255, 255, 237, 219
48,95 : 255, 248, 254, 253, 255, 255, 253, 223, 195
48,96 : 255, 250, 254, 255, 255, 253, 237, 219, 174
48,97 : 248, 254, 255, 255, 255, 255, 223, 195, 162
48,98 : 250, 254, 251, 255, 253, 252, 219, 174, 177
48,99 : 254, 255, 253, 255, 255, 255, 195, 162, 151
48,100 : 254, 251, 255, 253, 252, 253, 174, 177, 87
48,101 : 255, 253, 253, 255, 255, 253, 162, 151, 24
48,102 : 251, 255, 255, 252, 253, 250, 177, 87, 34
48,103 : 253, 253, 251, 255, 253, 235, 151, 24, 110
48,104 : 255, 255, 255, 253, 250, 192, 87, 34, 156
48,105 : 253, 251, 250, 253, 235, 117, 24, 110, 207
48,106 : 255, 255, 255, 250, 192, 31, 34, 156, 249
48,107 : 251, 250, 253, 235, 117, 6, 110, 207, 255
48,108 : 255, 255, 175, 192, 31, 53, 156, 249, 248
48,109 : 250, 253, 37, 117, 6, 141, 207, 255, 255
48,110 : 255, 175, 13, 31, 53, 238, 249, 248, 255
48,111 : 253, 37, 103, 6, 141, 249, 255, 255, 255
48,112 : 175, 13, 228, 53, 238, 255, 248, 255, 254
48,113 : 37, 103, 252, 141, 249, 255, 255, 255, 255
48,114 : 13, 228, 252, 238, 255, 254, 255, 254, 255
48,115 : 103, 252, 252, 249, 255, 255, 255, 255, 254
48,116 : 228, 252, 255, 255, 254, 255, 254, 255, 254
48,117 : 252, 252, 255, 255, 255, 254, 255, 254, 255
48,118 : 252, 255, 255, 254, 255, 255, 255, 254, 255
48,119 : 252, 255, 255, 255, 254, 255, 254, 255, 255
48,120 : 255, 255, 255, 255, 255, 255, 254, 255, 255
48,121 : 255, 255, 255, 254, 255, 255, 255, 255, 255
48,122 : 255, 255, 255, 255, 255, 255, 255, 255, 255
48,123 : 255, 255, 255, 255, 255, 255, 255, 255, 255
48,124 : 255, 255, 255, 255, 255, 255, 255, 255, 255
48,125 : 255, 255, 255, 255, 255, 255, 255, 255, 255
48,126 : 255, 255, 0, 255, 255, 0, 255, 255, 0
48,127 : 255, 255, 0, 255, 255, 0, 255, 255, 0
49,0 : 0, 255, 255, 0, 255, 255, 0, 255, 255
49,1 : 0, 253, 255, 0, 255, 255, 0, 255, 255
49,2 : 255, 255, 254, 255, 255, 255, 255, 255, 255
49,3 : 253, 255, 251, 255, 255, 255, 255, 255, 255
49,4 : 255, 254, 250, 255, 255, 254, 255, 255, 255
49,5 : 255, 251, 233, 255, 255, 254, 255, 255, 255
49,6 : 254, 250, 109, 255, 254, 250, 255, 255, 255
49,7 : 251, 233, 34, 255, 254, 170, 255, 255, 251
49,8 : 250, 109, 138, 254, 250, 28, 255, 255, 198
49,9 : 233, 34, 175, 254, 170, 65, 255, 251, 41
49,10 : 109, 138, 169, 250, 28, 160, 255, 198, 37
49,11 : 34, 175, 165, 170, 65, 171, 251, 41, 124
49,12 : 138, 169, 175, 28, 160, 175, 198, 37, 160
49,13 : 175, 165, 170, 65, 171, 166, 41, 124, 157
49,14 : 169, 175, 165, 160, 175, 152, 37, 160, 150
49,15 : 165, 170, 167, 171, 166, 154, 124, 157, 153
49,16 : 175, 165, 170, 175, 152, 159, 160, 150, 159
49,17 : 170, 167, 164, 166, 154, 152, 157, 153, 152
49,18 : 165, 170, 162, 152, 159, 150, 150, 159, 150
49,19 : 167, 164, 168, 154, 152, 160, 153, 152, 159
49,20 : 170, 162, 164, 159, 150, 156, 159, 150, 156
49,21 : 164, 168, 152, 152, 160, 149, 152, 159, 150
49,22 : 162, 164, 157, 150, 156, 154, 150, 156, 153
49,23 : 168, 152, 160, 160, 149, 159, 159, 150, 158
49,24 : 164, 157, 152, 156, 154, 153, 156, 153, 152
49,25 : 152, 160, 151, 149, 159, 150, 150, 158, 150
49,26 : 157, 152, 160, 154, 153, 159, 153, 152, 159
49,27 : 160, 151, 157, 159, 150, 158, 158, 150, 157
49,28 : 152, 160, 149, 153, 159, 150, 152, 159, 150
49,29 : 151, 157, 153, 150, 158, 154, 150, 157, 153
49,30 : 160, 149, 159, 159, 150, 161, 159, 150, 160
49,31 : 157, 153, 153, 158, 154, 154, 157, 153, 152
49,32 : 149, 159, 150, 150, 161, 147, 150, 160, 150
49,33 : 153, 153, 157, 154, 154, 159, 153, 152, 155
49,34 : 159, 150, 157, 161, 147, 156, 160, 150, 157
49,35 : 153, 157, 129, 154, 159, 149, 152, 155, 144
49,36 : 150, 157, 46, 147, 156, 154, 150, 157, 155
49,37 : 157, 129, 9, 159, 149, 167, 155, 144, 160
49,38 : 157, 46, 4, 156, 154, 72, 157, 155, 145
49,39 : 129, 9, 3, 149, 167, 2, 144, 160, 39
49,40 : 46, 4, 10, 154, 72, 41, 155, 145, 4
49,41 : 9, 3, 9, 167, 2, 193, 160, 39, 87
49,42 : 4, 10, 7, 72, 41, 255, 145, 4, 242
49,43 : 3, 9, 19, 2, 193, 248, 39, 87, 252
49,44 : 10, 7, 33, 41, 255, 250, 4, 242, 254
49,45 : 9, 19, 40, 193, 248, 255, 87, 252, 253
49,46 : 7, 33, 58, 255, 250, 253, 242, 254, 254
49,47 : 19, 40, 79, 248, 255, 254, 252, 253, 254
49,48 : 33, 58, 114, 250, 253, 255, 254, 254, 254
49,49 : 40, 79, 159, 255, 254, 255, 253, 254, 254
49,50 : 58, 114, 203, 253, 255, 255, 254, 254, 254
49,51 : 79, 159, 224, 254, 255, 255, 254, 254, 254
49,52 : 114, 203, 241, 255, 255, 254, 254, 254, 254
49,53 : 159, 224, 248, 255, 255, 254, 254, 254, 254
49,54 : 203, 241, 255, 255, 254, 253, 254, 254, 255
49,55 : 224, 248, 249, 255, 254, 253, 254, 254, 254
49,56 : 241, 255, 250, 254, 253, 253, 254, 255, 254
49,57 : 248, 249, 253, 254, 253, 253, 254, 254, 254
49,58 : 255, 250, 251, 253, 253, 254, 255, 254, 254
49,59 : 249, 253, 253, 253, 253, 254, 254, 254, 255
49,60 : 250, 251, 255, 253, 254, 255, 254, 254, 255
49,61 : 253, 253, 254, 253, 254, 255, 254, 255, 255
49,62 : 251, 255, 255, 254, 255, 255, 254, 255, 255
49,63 : 253, 254, 254, 254, 255, 255, 255, 255, 255
49,64 : 255, 255, 254, 255, 255, 255, 255, 255, 255
49,65 : 254, 254, 255, 255, 255, 255, 255, 255, 255
49,66 : 255, 254, 255, 255, 255, 255, 255, 255, 255
49,67 : 254, 255, 255, 255, 255, 255, 255, 255, 255
49,68 : 254, 255, 255, 255, 255, 255, 255, 255, 255
49,69 : 255, 255, 255, 255, 255, 255, 255, 255, 255
49,70 : 255, 255, 255, 255, 255, 255, 255, 255, 255
49,71 : 255, 255, 255, 255, 255, 255, 255, 255, 255
49,72 : 255, 255, 253, 255, 255, 255, 255, 255, 255
49,73 : 255, 255, 255, 255, 255, 255, 255, 255, 255
49,74 : 255, 253, 255, 255, 255, 255, 255, 255, 255
49,75 : 255, 255, 255, 255, 255, 255, 255, 255, 255
49,76 : 253, 255, 254, 255, 255, 255, 255, 255, 255
49,77 : 255, 255, 255, 255, 255, 255, 255, 255, 255
49,78 : 255, 254, 255, 255, 255, 255, 255, 255, 255
49,79 : 255, 255, 255, 255, 255, 255, 255, 255, 255
49,80 : 254, 255, 254, 255, 255, 255, 255, 255, 255
49,81 : 255, 255, 254, 255, 255, 255, 255, 255, 255
49,82 : 255, 254, 255, 255, 255, 255, 255, 255, 255
49,83 : 255, 254, 255, 255, 255, 255, 255, 255, 255
49,84 : 254, 255, 254, 255, 255, 255, 255, 255, 255
49,85 : 254, 255, 255, 255, 255, 255, 255, 255, 255
49,86 : 255, 254, 255, 255, 255, 255, 255, 255, 255
49,87 : 255, 255, 252, 255, 255, 254, 255, 255, 250
49,88 : 254, 255, 255, 255, 255, 255, 255, 255, 255
49,89 : 255, 252, 255, 255, 254, 254, 255, 250, 255
49,90 : 255, 255, 255, 255, 255, 253, 255, 255, 251
49,91 : 252, 255, 255, 254, 254, 255, 250, 255, 245
49,92 : 255, 255, 254, 255, 253, 253, 255, 251, 159
49,93 : 255, 255, 255, 254, 255, 255, 255, 245, 27
49,94 : 255, 254, 255, 253, 253, 253, 251, 159, 19
49,95 : 255, 255, 254, 255, 255, 252, 245, 27, 3
49,96 : 254, 255, 254, 253, 253, 253, 159, 19, 10
49,97 : 255, 254, 254, 255, 252, 252, 27, 3, 12
49,98 : 255, 254, 255, 253, 253, 253, 19, 10, 11
49,99 : 254, 254, 255, 252, 252, 253, 3, 12, 16
49,100 : 254, 255, 252, 253, 253, 252, 10, 11, 28
49,101 : 254, 255, 255, 252, 253, 168, 12, 16, 105
49,102 : 255, 252, 254, 253, 252, 74, 11, 28, 209
49,103 : 255, 255, 254, 253, 168, 43, 16, 105, 248
49,104 : 252, 254, 254, 252, 74, 11, 28, 209, 252
49,105 : 255, 254, 252, 168, 43, 21, 105, 248, 250
49,106 : 254, 254, 219, 74, 11, 70, 209, 252, 249
49,107 : 254, 252, 131, 43, 21, 164, 248, 250, 255
49,108 : 254, 219, 37, 11, 70, 233, 252, 249, 255
49,109 : 252, 131, 10, 21, 164, 254, 250, 255, 251
49,110 : 219, 37, 108, 70, 233, 250, 249, 255, 254
49,111 : 131, 10, 234, 164, 254, 254, 255, 251, 253
49,112 : 37, 108, 253, 233, 250, 255, 255, 254, 253
49,113 : 10, 234, 254, 254, 254, 255, 251, 253, 255
49,114 : 108, 253, 255, 250, 255, 254, 254, 253, 255
49,115 : 234, 254, 255, 254, 255, 254, 253, 255, 255
49,116 : 253, 255, 255, 255, 254, 255, 253, 255, 255
49,117 : 254, 255, 254, 255, 254, 254, 255, 255, 255
49,118 : 255, 255, 255, 254, 255, 255, 255, 255, 255
49,119 : 255, 254, 255, 254, 254, 255, 255, 255, 255
49,120 : 255, 255, 255, 255, 255, 255, 255, 255, 255
49,121 : 254, 255, 255, 254, 255, 255, 255, 255, 255
49,122 : 255, 255, 255, 255, 255, 255, 255, 255, 255
49,123 : 255, 255, 255, 255, 255, 255, 255, 255, 255
49,124 : 255, 255, 255, 255, 255, 255, 255, 255, 255
49,125 : 255, 255, 255, 255, 255, 255, 255, 255, 255
49,126 : 255, 255, 0, 255, 255, 0, 255, 255, 0
49,127 : 255, 255, 0, 255, 255, 0, 255, 255, 0
50,0 : 0, 255, 255, 0, 255, 255, 0, 255, 255
50,1 : 0, 255, 255, 0, 255, 255, 0, 255, 255
50,2 : 255, 255, 254, 255, 255, 255, 255, 255, 255
50,3 : 255, 255, 253, 255, 255, 255, 255, 255, 255
50,4 : 255, 254, 252, 255, 255, 255, 255, 255, 255
50,5 : 255, 253, 251, 255, 255, 255, 255, 255, 255
50,6 : 254, 252, 212, 255, 255, 251, 255, 255, 251
50,7 : 253, 251, 56, 255, 255, 241, 255, 255, 255
50,8 : 252, 212, 44, 255, 251, 118, 255, 251, 242
50,9 : 251, 56, 141, 255, 241, 20, 255, 255, 127
50,10 : 212, 44, 168, 251, 118, 100, 251, 242, 20
50,11 : 56, 141, 163, 241, 20, 158, 255, 127, 79
50,12 : 44, 168, 174, 118, 100, 161, 242, 20, 155
50,13 : 141, 163, 172, 20, 158, 158, 127, 79, 157
50,14 : 168, 174, 161, 100, 161, 147, 20, 155, 150
50,15 : 163, 172, 161, 158, 158, 151, 79, 157, 154
50,16 : 174, 161, 163, 161, 147, 158, 155, 150, 160
50,17 : 172, 161, 154, 158, 151, 152, 157, 154, 152
50,18 : 161, 163, 152, 147, 158, 150, 150, 160, 149
50,19 : 161, 154, 161, 151, 152, 159, 154, 152, 158
50,20 : 163, 152, 159, 158, 150, 155, 160, 149, 156
50,21 : 154, 161, 152, 152, 159, 148, 152, 158, 150
50,22 : 152, 159, 154, 150, 155, 154, 149, 156, 153
50,23 : 161, 152, 159, 159, 148, 159, 158, 150, 158
50,24 : 159, 154, 153, 155, 154, 152, 156, 153, 151
50,25 : 152, 159, 150, 148, 159, 150, 150, 158, 149
50,26 : 154, 153, 159, 154, 152, 159, 153, 151, 158
50,27 : 159, 150, 157, 159, 150, 157, 158, 149, 156
50,28 : 153, 159, 150, 152, 159, 150, 151, 158, 149
50,29 : 150, 157, 154, 150, 157, 154, 149, 156, 153
50,30 : 159, 150, 159, 159, 150, 158, 158, 149, 159
50,31 : 157, 154, 153, 157, 154, 154, 156, 153, 149
50,32 : 150, 159, 155, 150, 158, 148, 149, 159, 153
50,33 : 154, 153, 156, 154, 154, 158, 153, 149, 161
50,34 : 159, 155, 159, 158, 148, 158, 159, 153, 157
50,35 : 153, 156, 153, 154, 158, 147, 149, 161, 152
50,36 : 155, 159, 159, 148, 158, 155, 153, 157, 155
50,37 : 156, 153, 123, 158, 147, 161, 161, 152, 160
50,38 : 159, 159, 24, 158, 155, 122, 157, 155, 115
50,39 : 153, 123, 6, 147, 161, 27, 152, 160, 22
50,40 : 159, 24, 86, 155, 122, 4, 155, 115, 12
50,41 : 123, 6, 178, 161, 27, 97, 160, 22, 133
50,42 : 24, 86, 180, 122, 4, 243, 115, 12, 247
50,43 : 6, 178, 212, 27, 97, 252, 22, 133, 253
50,44 : 86, 180, 238, 4, 243, 250, 12, 247, 255
50,45 : 178, 212, 235, 97, 252, 252, 133, 253, 252
50,46 : 180, 238, 248, 243, 250, 255, 247, 255, 253
50,47 : 212, 235, 250, 252, 252, 255, 253, 252, 254
50,48 : 238, 248, 252, 250, 255, 255, 255, 253, 254
50,49 : 235, 250, 254, 252, 255, 255, 252, 254, 254
50,50 : 248, 252, 254, 255, 255, 255, 253, 254, 255
50,51 : 250, 254, 253, 255, 255, 255, 254, 254, 255
50,52 : 252, 254, 253, 255, 255, 254, 254, 255, 255
50,53 : 254, 253, 252, 255, 255, 254, 254, 255, 255
50,54 : 254, 253, 253, 255, 254, 254, 255, 255, 255
50,55 : 253, 252, 253, 255, 254, 254, 255, 255, 255
50,56 : 253, 253, 253, 254, 254, 254, 255, 255, 255
50,57 : 252, 253, 253, 254, 254, 254, 255, 255, 255
50,58 : 253, 253, 253, 254, 254, 254, 255, 255, 255
50,59 : 253, 253, 254, 254, 254, 254, 255, 255, 255
50,60 : 253, 253, 255, 254, 254, 255, 255, 255, 255
50,61 : 253, 254, 255, 254, 254, 255, 255, 255, 255
50,62 : 253, 255, 255, 254, 255, 255, 255, 255, 255
50,63 : 254, 255, 255, 254, 255, 255, 255, 255, 255
50,64 : 255, 255, 255, 255, 255, 255, 255, 255, 255
50,65 : 255, 255, 255, 255, 255, 255, 255, 255, 255
50,66 : 255, 255, 255, 255, 255, 255, 255, 255, 255
50,67 : 255, 255, 255, 255, 255, 255, 255, 255, 255
50,68 : 255, 255, 255, 255, 255, 255, 255, 255, 255
50,69 : 255, 255, 255, 255, 255, 255, 255, 255, 255
50,70 : 255, 255, 255, 255, 255, 255, 255, 255, 255
50,71 : 255, 255, 255, 255, 255, 255, 255, 255, 255
50,72 : 255, 255, 255, 255, 255, 255, 255, 255, 255
50,73 : 255, 255, 255, 255, 255, 255, 255, 255, 255
50,74 : 255, 255, 255, 255, 255, 255, 255, 255, 255
50,75 : 255, 255, 255, 255, 255, 255, 255, 255, 255
50,76 : 255, 255, 255, 255, 255, 255, 255, 255, 255
50,77 : 255, 255, 255, 255, 255, 255, 255, 255, 255
50,78 : 255, 255, 255, 255, 255, 255, 255, 255, 255
50,79 : 255, 255, 255, 255, 255, 255, 255, 255, 255
50,80 : 255, 255, 255, 255, 255, 255, 255, 255, 255
50,81 : 255, 255, 255, 255, 255, 255, 255, 255, 255
50,82 : 255, 255, 255, 255, 255, 255, 255, 255, 255
50,83 : 255, 255, 255, 255, 255, 255, 255, 255, 255
50,84 : 255, 255, 255, 255, 255, 255, 255, 255, 255
50,85 : 255, 255, 255, 255, 255, 255, 255, 255, 255
50,86 : 255, 255, 254, 255, 255, 253, 255, 255, 254
50,87 : 255, 255, 255, 255, 255, 255, 255, 255, 255
50,88 : 255, 254, 255, 255, 253, 250, 255, 254, 253
50,89 : 255, 255, 254, 255, 255, 254, 255, 255, 255
50,90 : 254, 255, 255, 253, 250, 255, 254, 253, 253
50,91 : 255, 254, 253, 255, 254, 253, 255, 255, 255
50,92 : 255, 255, 255, 250, 255, 237, 253, 253, 192
50,93 : 254, 253, 255, 254, 253, 223, 255, 255, 18
50,94 : 255, 255, 255, 255, 237, 219, 253, 192, 35
50,95 : 253, 255, 255, 253, 223, 195, 255, 18, 126
50,96 : 255, 255, 253, 237, 219, 174, 192, 35, 165
50,97 : 255, 255, 255, 223, 195, 162, 18, 126, 185
50,98 : 255, 253, 252, 219, 174, 177, 35, 165, 195
50,99 : 255, 255, 255, 195, 162, 151, 126, 185, 215
50,100 : 253, 252, 253, 174, 177, 87, 165, 195, 234
50,101 : 255, 255, 253, 162, 151, 24, 185, 215, 248
50,102 : 252, 253, 250, 177, 87, 34, 195, 234, 252
50,103 : 255, 253, 235, 151, 24, 110, 215, 248, 255
50,104 : 253, 250, 192, 87, 34, 156, 234, 252, 253
50,105 : 253, 235, 117, 24, 110, 207, 248, 255, 255
50,106 : 250, 192, 31, 34, 156, 249, 252, 253, 255
50,107 : 235, 117, 6, 110, 207, 255, 255, 255, 252
50,108 : 192, 31, 53, 156, 249, 248, 253, 255, 254
50,109 : 117, 6, 141, 207, 255, 255, 255, 252, 255
50,110 : 31, 53, 238, 249, 248, 255, 255, 254, 254
50,111 : 6, 141, 249, 255, 255, 255, 252, 255, 255
50,112 : 53, 238, 255, 248, 255, 254, 254, 254, 255
50,113 : 141, 249, 255, 255, 255, 255, 255, 255, 255
50,114 : 238, 255, 254, 255, 254, 255, 254, 255, 255
50,115 : 249, 255, 255, 255, 255, 254, 255, 255, 255
50,116 : 255, 254, 255, 254, 255, 254, 255, 255, 255
50,117 : 255, 255, 254, 255, 254, 255, 255, 255, 254
50,118 : 254, 255, 255, 255, 254, 255, 255, 255, 255
50,119 : 255, 254, 255, 254, 255, 255, 255, 254, 255
50,120 : 255, 255, 255, 254, 255, 255, 255, 255, 255
50,121 : 254, 255, 255, 255, 255, 255, 254, 255, 255
50,122 : 255, 255, 255, 255, 255, 255, 255, 255, 255
50,123 : 255, 255, 255, 255, 255, 255, 255, 255, 255
50,124 : 255, 255, 255, 255, 255, 255, 255, 255, 255
50,125 : 255, 255, 255, 255, 255, 255, 255, 255, 255
50,126 : 255, 255, 0, 255, 255, 0, 255, 255, 0
50,127 : 255, 255, 0, 255, 255, 0, 255, 255, 0
51,0 : 0, 255, 255, 0, 255, 255, 0, 255, 255
51,1 : 0, 255, 255, 0, 255, 255, 0, 255, 255
51,2 : 255, 255, 255, 255, 255, 255, 255, 255, 255
51,3 : 255, 255, 255, 255, 255, 255, 255, 255, 255
51,4 : 255, 255, 254, 255, 255, 255, 255, 255, 255
51,5 : 255, 255, 254, 255, 255, 255, 255, 255, 255
51,6 : 255, 254, 250, 255, 255, 255, 255, 255, 255
51,7 : 255, 254, 170, 255, 255, 251, 255, 255, 255
51,8 : 254, 250, 28, 255, 255, 198, 255, 255, 251
51,9 : 254, 170, 65, 255, 251, 41, 255, 255, 201
51,10 : 250, 28, 160, 255, 198, 37, 255, 251, 44
51,11 : 170, 65, 171, 251, 41, 124, 255, 201, 34
51,12 : 28, 160, 175, 198, 37, 160, 251, 44, 136
51,13 : 65, 171, 166, 41, 124, 157, 201, 34, 157
51,14 : 160, 175, 152, 37, 160, 150, 44, 136, 149
51,15 : 171, 166, 154, 124, 157, 153, 34, 157, 152
51,16 : 175, 152, 159, 160, 150, 159, 136, 149, 159
51,17 : 166, 154, 152, 157, 153, 152, 157, 152, 152
51,18 : 152, 159, 150, 150, 159, 150, 149, 159, 150
51,19 : 154, 152, 160, 153, 152, 159, 152, 152, 158
51,20 : 159, 150, 156, 159, 150, 156, 159, 150, 156
51,21 : 152, 160, 149, 152, 159, 150, 152, 158, 149
51,22 : 150, 156, 154, 150, 156, 153, 150, 156, 153
51,23 : 160, 149, 159, 159, 150, 158, 158, 149, 158
51,24 : 156, 154, 153, 156, 153, 152, 156, 153, 151
51,25 : 149, 159, 150, 150, 158, 150, 149, 158, 149
51,26 : 154, 153, 159, 153, 152, 159, 153, 151, 158
51,27 : 159, 150, 158, 158, 150, 157, 158, 149, 156
51,28 : 153, 159, 150, 152, 159, 150, 151, 158, 149
51,29 : 150, 158, 154, 150, 157, 153, 149, 156, 152
51,30 : 159, 150, 161, 159, 150, 160, 158, 149, 159
51,31 : 158, 154, 154, 157, 153, 152, 156, 152, 155
51,32 : 150, 161, 147, 150, 160, 150, 149, 159, 148
51,33 : 154, 154, 159, 153, 152, 155, 152, 155, 158
51,34 : 161, 147, 156, 160, 150, 157, 159, 148, 159
51,35 : 154, 159, 149, 152, 155, 144, 155, 158, 144
51,36 : 147, 156, 154, 150, 157, 155, 148, 159, 159
51,37 : 159, 149, 167, 155, 144, 160, 158, 144, 148
51,38 : 156, 154, 72, 157, 155, 145, 159, 159, 36
51,39 : 149, 167, 2, 144, 160, 39, 144, 148, 7
51,40 : 154, 72, 41, 155, 145, 4, 159, 36, 70
51,41 : 167, 2, 193, 160, 39, 87, 148, 7, 221
51,42 : 72, 41, 255, 145, 4, 242, 36, 70, 254
51,43 : 2, 193, 248, 39, 87, 252, 7, 221, 251
51,44 : 41, 255, 250, 4, 242, 254, 70, 254, 253
51,45 : 193, 248, 255, 87, 252, 253, 221, 251, 252
51,46 : 255, 250, 253, 242, 254, 254, 254, 253, 254
51,47 : 248, 255, 254, 252, 253, 254, 251, 252, 254
51,48 : 250, 253, 255, 254, 254, 254, 253, 254, 254
51,49 : 255, 254, 255, 253, 254, 254, 252, 254, 255
51,50 : 253, 255, 255, 254, 254, 254, 254, 254, 255
51,51 : 254, 255, 255, 254, 254, 254, 254, 255, 255
51,52 : 255, 255, 254, 254, 254, 254, 254, 255, 255
51,53 : 255, 255, 254, 254, 254, 254, 255, 255, 255
51,54 : 255, 254, 253, 254, 254, 255, 255, 255, 255
51,55 : 255, 254, 253, 254, 254, 254, 255, 255, 255
51,56 : 254, 253, 253, 254, 255, 254, 255, 255, 255
51,57 : 254, 253, 253, 254, 254, 254, 255, 255, 255
51,58 : 253, 253, 254, 255, 254, 254, 255, 255, 255
51,59 : 253, 253, 254, 254, 254, 255, 255, 255, 255
51,60 : 253, 254, 255, 254, 254, 255, 255, 255, 255
51,61 : 253, 254, 255, 254, 255, 255, 255, 255, 255
51,62 : 254, 255, 255, 254, 255, 255, 255, 255, 255
51,63 : 254, 255, 255, 255, 255, 255, 255, 255, 255
51,64 : 255, 255, 255, 255, 255, 255, 255, 255, 255
51,65 : 255, 255, 255, 255, 255, 255, 255, 255, 255
51,66 : 255, 255, 255, 255, 255, 255, 255, 255, 255
51,67 : 255, 255, 255, 255, 255, 255, 255, 255, 255
51,68 : 255, 255, 255, 255, 255, 255, 255, 255, 255
51,69 : 255, 255, 255, 255, 255, 255, 255, 255, 255
51,70 : 255, 255, 255, 255, 255, 255, 255, 255, 255
51,71 : 255, 255, 255, 255, 255, 255, 255, 255, 255
51,72 : 255, 255, 255, 255, 255, 255, 255, 255, 255
51,73 : 255, 255, 255, 255, 255, 255, 255, 255, 255
51,74 : 255, 255, 255, 255, 255, 255, 255, 255, 255
51,75 : 255, 255, 255, 255, 255, 255, 255, 255, 255
51,76 : 255, 255, 255, 255, 255, 255, 255, 255, 255
51,77 : 255, 255, 255, 255, 255, 255, 255, 255, 255
51,78 : 255, 255, 255, 255, 255, 255, 255, 255, 255
51,79 : 255, 255, 255, 255, 255, 255, 255, 255, 255
51,80 : 255, 255, 255, 255, 255, 255, 255, 255, 255
51,81 : 255, 255, 255, 255, 255, 255, 255, 255, 255
51,82 : 255, 255, 255, 255, 255, 255, 255, 255, 255
51,83 : 255, 255, 255, 255, 255, 255, 255, 255, 255
51,84 : 255, 255, 255, 255, 255, 255, 255, 255, 255
51,85 : 255, 255, 255, 255, 255, 255, 255, 255, 255
51,86 : 255, 255, 255, 255, 255, 255, 255, 255, 255
51,87 : 255, 255, 254, 255, 255, 250, 255, 255, 255
51,88 : 255, 255, 255, 255, 255, 255, 255, 255, 255
51,89 : 255, 254, 254, 255, 250, 255, 255, 255, 252
51,90 : 255, 255, 253, 255, 255, 251, 255, 255, 255
51,91 : 254, 254, 255, 250, 255, 245, 255, 252, 251
51,92 : 255, 253, 253, 255, 251, 159, 255, 255, 172
51,93 : 254, 255, 255, 255, 245, 27, 252, 251, 14
51,94 : 253, 253, 253, 251, 159, 19, 255, 172, 26
51,95 : 255, 255, 252, 245, 27, 3, 251, 14, 216
51,96 : 253, 253, 253, 159, 19, 10, 172, 26, 250
51,97 : 255, 252, 252, 27, 3, 12, 14, 216, 254
51,98 : 253, 253, 253, 19, 10, 11, 26, 250, 252
51,99 : 252, 252, 253, 3, 12, 16, 216, 254, 245
51,100 : 253, 253, 252, 10, 11, 28, 250, 252, 255
51,101 : 252, 253, 168, 12, 16, 105, 254, 245, 252
51,102 : 253, 252, 74, 11, 28, 209, 252, 255, 253
51,103 : 253, 168, 43, 16, 105, 248, 245, 252, 250
51,104 : 252, 74, 11, 28, 209, 252, 255, 253, 252
51,105 : 168, 43, 21, 105, 248, 250, 252, 250, 255
51,106 : 74, 11, 70, 209, 252, 249, 253, 252, 254
51,107 : 43, 21, 164, 248, 250, 255, 250, 255, 254
51,108 : 11, 70, 233, 252, 249, 255, 252, 254, 254
51,109 : 21, 164, 254, 250, 255, 251, 255, 254, 254
51,110 : 70, 233, 250, 249, 255, 254, 254, 254, 255
51,111 : 164, 254, 254, 255, 251, 253, 254, 254, 255
51,112 : 233, 250, 255, 255, 254, 253, 254, 255, 255
51,113 : 254, 254, 255, 251, 253, 255, 254, 255, 255
51,114 : 250, 255, 254, 254, 253, 255, 255, 255, 254
51,115 : 254, 255, 254, 253, 255, 255, 255, 255, 255
51,116 : 255, 254, 255, 253, 255, 255, 255, 254, 255
51,117 : 255, 254, 254, 255, 255, 255, 255, 255, 255
51,118 : 254, 255, 255, 255, 255, 255, 254, 255, 255
51,119 : 254, 254, 255, 255, 255, 255, 255, 255, 255
51,120 : 255, 255, 255, 255, 255, 255, 255, 255, 255
51,121 : 254, 255, 255, 255, 255, 255, 255, 255, 255
51,122 : 255, 255, 255, 255, 255, 255, 255, 255, 255
51,123 : 255, 255, 255, 255, 255, 255, 255, 255, 255
51,124 : 255, 255, 255, 255, 255, 255, 255, 255, 255
51,125 : 255, 255, 255, 255, 255, 255, 255, 255, 255
51,126 : 255, 255, 0, 255, 255, 0, 255, 255, 0
51,127 : 255, 255, 0, 255, 255, 0, 255, 255, 0
52,0 : 0, 255, 255, 0, 255, 255, 0, 255, 255
52,1 : 0, 255, 255, 0, 255, 255, 0, 255, 255
52,2 : 255, 255, 255, 255, 255, 255, 255, 255, 255
52,3 : 255, 255, 255, 255, 255, 255, 255, 255, 255
52,4 : 255, 255, 255, 255, 255, 255, 255, 255, 255
52,5 : 255, 255, 255, 255, 255, 255, 255, 255, 255
52,6 : 255, 255, 251, 255, 255, 251, 255, 255, 255
52,7 : 255, 255, 241, 255, 255, 255, 255, 255, 252
52,8 : 255, 251, 118, 255, 251, 242, 255, 255, 248
52,9 : 255, 241, 20, 255, 255, 127, 255, 252, 247
52,10 : 251, 118, 100, 251, 242, 20, 255, 248, 130
52,11 : 241, 20, 158, 255, 127, 79, 252, 247, 16
52,12 : 118, 100, 161, 242, 20, 155, 248, 130, 82
52,13 : 20, 158, 158, 127, 79, 157, 247, 16, 149
52,14 : 100, 161, 147, 20, 155, 150, 130, 82, 150
52,15 : 158, 158, 151, 79, 157, 154, 16, 149, 153
52,16 : 161, 147, 158, 155, 150, 160, 82, 150, 159
52,17 : 158, 151, 152, 157, 154, 152, 149, 153, 152
52,18 : 147, 158, 150, 150, 160, 149, 150, 159, 150
52,19 : 151, 152, 159, 154, 152, 158, 153, 152, 159
52,20 : 158, 150, 155, 160, 149, 156, 159, 150, 156
52,21 : 152, 159, 148, 152, 158, 150, 152, 159, 149
52,22 : 150, 155, 154, 149, 156, 153, 150, 156, 153
52,23 : 159, 148, 159, 158, 150, 158, 159, 149, 158
52,24 : 155, 154, 152, 156, 153, 151, 156, 153, 151
52,25 : 148, 159, 150, 150, 158, 149, 149, 158, 148
52,26 : 154, 152, 159, 153, 151, 158, 153, 151, 157
52,27 : 159, 150, 157, 158, 149, 156, 158, 148, 155
52,28 : 152, 159, 150, 151, 158, 149, 151, 157, 148
52,29 : 150, 157, 154, 149, 156, 153, 148, 155, 152
52,30 : 159, 150, 158, 158, 149, 159, 157, 148, 159
52,31 : 157, 154, 154, 156, 153, 149, 155, 152, 148
52,32 : 150, 158, 148, 149, 159, 153, 148, 159, 149
52,33 : 154, 154, 158, 153, 149, 161, 152, 148, 158
52,34 : 158, 148, 158, 159, 153, 157, 159, 149, 156
52,35 : 154, 158, 147, 149, 161, 152, 148, 158, 152
52,36 : 148, 158, 155, 153, 157, 155, 149, 156, 143
52,37 : 158, 147, 161, 161, 152, 160, 158, 152, 51
52,38 : 158, 155, 122, 157, 155, 115, 156, 143, 5
52,39 : 147, 161, 27, 152, 160, 22, 152, 51, 47
52,40 : 155, 122, 4, 155, 115, 12, 143, 5, 206
52,41 : 161, 27, 97, 160, 22, 133, 51, 47, 253
52,42 : 122, 4, 243, 115, 12, 247, 5, 206, 252
52,43 : 27, 97, 252, 22, 133, 253, 47, 253, 250
52,44 : 4, 243, 250, 12, 247, 255, 206, 252, 255
52,45 : 97, 252, 252, 133, 253, 252, 253, 250, 253
52,46 : 243, 250, 255, 247, 255, 253, 252, 255, 254
52,47 : 252, 252, 255, 253, 252, 254, 250, 253, 254
52,48 : 250, 255, 255, 255, 253, 254, 255, 254, 254
52,49 : 252, 255, 255, 252, 254, 254, 253, 254, 255
52,50 : 255, 255, 255, 253, 254, 255, 254, 254, 255
52,51 : 255, 255, 255, 254, 254, 255, 254, 255, 255
52,52 : 255, 255, 254, 254, 255, 255, 254, 255, 255
52,53 : 255, 255, 254, 254, 255, 255, 255, 255, 255
52,54 : 255, 254, 254, 255, 255, 255, 255, 255, 255
52,55 : 255, 254, 254, 255, 255, 255, 255, 255, 255
52,56 : 254, 254, 254, 255, 255, 255, 255, 255, 255
52,57 : 254, 254, 254, 255, 255, 255, 255, 255, 255
52,58 : 254, 254, 254, 255, 255, 255, 255, 255, 255
52,59 : 254, 254, 254, 255, 255, 255, 255, 255, 255
52,60 : 254, 254, 255, 255, 255, 255, 255, 255, 255
52,61 : 254, 254, 255, 255, 255, 255, 255, 255, 255
52,62 : 254, 255, 255, 255, 255, 255, 255, 255, 255
52,63 : 254, 255, 255, 255, 255, 255, 255, 255, 255
52,64 : 255, 255, 255, 255, 255, 255, 255, 255, 255
52,65 : 255, 255, 255, 255, 255, 255, 255, 255, 255
52,66 : 255, 255, 255, 255, 255, 255, 255, 255, 255
52,67 : 255, 255, 255, 255, 255, 255, 255, 255, 255
52,68 : 255, 255, 255, 255, 255, 255, 255, 255, 255
52,69 : 255, 255, 255, 255, 255, 255, 255, 255, 255
52,70 : 255, 255, 255, 255, 255, 255, 255, 255, 255
52,71 : 255, 255, 255, 255, 255, 255, 255, 255, 255
52,72 : 255, 255, 255, 255, 255, 255, 255, 255, 255
52,73 : 255, 255, 255, 255, 255, 255, 255, 255, 255
52,74 : 255, 255, 255, 255, 255, 255, 255, 255, 255
52,75 : 255, 255, 255, 255, 255, 255, 255, 255, 255
52,76 : 255, 255, 255, 255, 255, 255, 255, 255, 255
52,77 : 255, 255, 255, 255, 255, 255, 255, 255, 255
52,78 : 255, 255, 255, 255, 255, 255, 255, 255, 255
52,79 : 255, 255, 255, 255, 255, 255, 255, 255, 255
52,80 : 255, 255, 255, 255, 255, 255, 255, 255, 255
52,81 : 255, 255, 255, 255, 255, 255, 255, 255, 255
52,82 : 255, 255, 255, 255, 255, 255, 255, 255, 255
52,83 : 255, 255, 255, 255, 255, 255, 255, 255, 255
52,84 : 255, 255, 255, 255, 255, 255, 255, 255, 255
52,85 : 255, 255, 255, 255, 255, 255, 255, 255, 255
52,86 : 255, 255, 253, 255, 255, 254, 255, 255, 252
52,87 : 255, 255, 255, 255, 255, 255, 255, 255, 254
52,88 : 255, 253, 250, 255, 254, 253, 255, 252, 255
52,89 : 255, 255, 254, 255, 255, 255, 255, 254, 255
52,90 : 253, 250, 255, 254, 253, 253, 252, 255, 255
52,91 : 255, 254, 253, 255, 255, 255, 254, 255, 255
52,92 : 250, 255, 237, 253, 253, 192, 255, 255, 180
52,93 : 254, 253, 223, 255, 255, 18, 255, 255, 12
52,94 : 255, 237, 219, 253, 192, 35, 255, 180, 30
52,95 : 253, 223, 195, 255, 18, 126, 255, 12, 184
52,96 : 237, 219, 174, 192, 35, 165, 180, 30, 251
52,97 : 223, 195, 162, 18, 126, 185, 12, 184, 251
52,98 : 219, 174, 177, 35, 165, 195, 30, 251, 250
52,99 : 195, 162, 151, 126, 185, 215, 184, 251, 254
52,100 : 174, 177, 87, 165, 195, 234, 251, 250, 254
52,101 : 162, 151, 24, 185, 215, 248, 251, 254, 253
52,102 : 177, 87, 34, 195, 234, 252, 250, 254, 254
52,103 : 151, 24, 110, 215, 248, 255, 254, 253, 255
52,104 : 87, 34, 156, 234, 252, 253, 254, 254, 255
52,105 : 24, 110, 207, 248, 255, 255, 253, 255, 253
52,106 : 34, 156, 249, 252, 253, 255, 254, 255, 254
52,107 : 110, 207, 255, 255, 255, 252, 255, 253, 254
52,108 : 156, 249, 248, 253, 255, 254, 255, 254, 255
52,109 : 207, 255, 255, 255, 252, 255, 253, 254, 255
52,110 : 249, 248, 255, 255, 254, 254, 254, 255, 254
52,111 : 255, 255, 255, 252, 255, 255, 254, 255, 255
52,112 : 248, 255, 254, 254, 254, 255, 255, 254, 255
52,113 : 255, 255, 255, 255, 255, 255, 255, 255, 254
52,114 : 255, 254, 255, 254, 255, 255, 254, 255, 254
52,115 : 255, 255, 254, 255, 255, 255, 255, 254, 255
52,116 : 254, 255, 254, 255, 255, 255, 255, 254, 255
52,117 : 255, 254, 255, 255, 255, 254, 254, 255, 255
52,118 : 255, 254, 255, 255, 255, 255, 254, 255, 255
52,119 : 254, 255, 255, 255, 254, 255, 255, 255, 255
52,120 : 254, 255, 255, 255, 255, 255, 255, 255, 255
52,121 : 255, 255, 255, 254, 255, 255, 255, 255, 255
52,122 : 255, 255, 255, 255, 255, 255, 255, 255, 255
52,123 : 255, 255, 255, 255, 255, 255, 255, 255, 255
52,124 : 255, 255, 255, 255, 255, 255, 255, 255, 255
52,125 : 255, 255, 255, 255, 255, 255, 255, 255, 255
52,126 : 255, 255, 0, 255, 255, 0, 255, 255, 0
52,127 : 255, 255, 0, 255, 255, 0, 255, 255, 0
53,0 : 0, 255, 255, 0, 255, 255, 0, 255, 255
53,1 : 0, 255, 255, 0, 255, 255, 0, 255, 255
53,2 : 255, 255, 255, 255, 255, 255, 255, 255, 254
53,3 : 255, 255, 255, 255, 255, 255, 255, 255, 254
53,4 : 255, 255, 255, 255, 255, 255, 255, 254, 253
53,5 : 255, 255, 255, 255, 255, 255, 255, 254, 253
53,6 : 255, 255, 255, 255, 255, 255, 254, 253, 253
53,7 : 255, 255, 251, 255, 255, 255, 254, 253, 255
53,8 : 255, 255, 198, 255, 255, 251, 253, 253, 251
53,9 : 255, 251, 41, 255, 255, 201, 253, 255, 252
53,10 : 255, 198, 37, 255, 251, 44, 253, 251, 217
53,11 : 251, 41, 124, 255, 201, 34, 255, 252, 58
53,12 : 198, 37, 160, 251, 44, 136, 251, 217, 22
53,13 : 41, 124, 157, 201, 34, 157, 252, 58, 134
53,14 : 37, 160, 150, 44, 136, 149, 217, 22, 153
53,15 : 124, 157, 153, 34, 157, 152, 58, 134, 155
53,16 : 160, 150, 159, 136, 149, 159, 22, 153, 160
53,17 : 157, 153, 152, 157, 152, 152, 134, 155, 151
53,18 : 150, 159, 150, 149, 159, 150, 153, 160, 149
53,19 : 153, 152, 159, 152, 152, 158, 155, 151, 158
53,20 : 159, 150, 156, 159, 150, 156, 160, 149, 156
53,21 : 152, 159, 150, 152, 158, 149, 151, 158, 149
53,22 : 150, 156, 153, 150, 156, 153, 149, 156, 153
53,23 : 159, 150, 158, 158, 149, 158, 158, 149, 158
53,24 : 156, 153, 152, 156, 153, 151, 156, 153, 151
53,25 : 150, 158, 150, 149, 158, 149, 149, 158, 148
53,26 : 153, 152, 159, 153, 151, 158, 153, 151, 157
53,27 : 158, 150, 157, 158, 149, 156, 158, 148, 155
53,28 : 152, 159, 150, 151, 158, 149, 151, 157, 148
53,29 : 150, 157, 153, 149, 156, 152, 148, 155, 152
53,30 : 159, 150, 160, 158, 149, 159, 157, 148, 156
53,31 : 157, 153, 152, 156, 152, 155, 155, 152, 153
53,32 : 150, 160, 150, 149, 159, 148, 148, 156, 147
53,33 : 153, 152, 155, 152, 155, 158, 152, 153, 159
53,34 : 160, 150, 157, 159, 148, 159, 156, 147, 162
53,35 : 152, 155, 144, 155, 158, 144, 153, 159, 113
53,36 : 150, 157, 155, 148, 159, 159, 147, 162, 33
53,37 : 155, 144, 160, 158, 144, 148, 159, 113, 9
53,38 : 157, 155, 145, 159, 159, 36, 162, 33, 70
53,39 : 144, 160, 39, 144, 148, 7, 113, 9, 204
53,40 : 155, 145, 4, 159, 36, 70, 33, 70, 250
53,41 : 160, 39, 87, 148, 7, 221, 9, 204, 253
53,42 : 145, 4, 242, 36, 70, 254, 70, 250, 253
53,43 : 39, 87, 252, 7, 221, 251, 204, 253, 252
53,44 : 4, 242, 254, 70, 254, 253, 250, 253, 254
53,45 : 87, 252, 253, 221, 251, 252, 253, 252, 252
53,46 : 242, 254, 254, 254, 253, 254, 253, 254, 254
53,47 : 252, 253, 254, 251, 252, 254, 252, 252, 254
53,48 : 254, 254, 254, 253, 254, 254, 254, 254, 254
53,49 : 253, 254, 254, 252, 254, 255, 252, 254, 254
53,50 : 254, 254, 254, 254, 254, 255, 254, 254, 255
53,51 : 254, 254, 254, 254, 255, 255, 254, 254, 255
53,52 : 254, 254, 254, 254, 255, 255, 254, 255, 255
53,53 : 254, 254, 254, 255, 255, 255, 254, 255, 255
53,54 : 254, 254, 255, 255, 255, 255, 255, 255, 255
53,55 : 254, 254, 254, 255, 255, 255, 255, 255, 255
53,56 : 254, 255, 254, 255, 255, 255, 255, 255, 255
53,57 : 254, 254, 254, 255, 255, 255, 255, 255, 255
53,58 : 255, 254, 254, 255, 255, 255, 255, 255, 255
53,59 : 254, 254, 255, 255, 255, 255, 255, 255, 255
53,60 : 254, 254, 255, 255, 255, 255, 255, 255, 255
53,61 : 254, 255, 255, 255, 255, 255, 255, 255, 255
53,62 : 254, 255, 255, 255, 255, 255, 255, 255, 255
53,63 : 255, 255, 255, 255, 255, 255, 255, 255, 255
53,64 : 255, 255, 255, 255, 255, 255, 255, 255, 255
53,65 : 255, 255, 255, 255, 255, 255, 255, 255, 255
53,66 : 255, 255, 255, 255, 255, 255, 255, 255, 255
53,67 : 255, 255, 255, 255, 255, 255, 255, 255, 255
53,68 : 255, 255, 255, 255, 255, 255, 255, 255, 255
53,69 : 255, 255, 255, 255, 255, 255, 255, 255, 255
53,70 : 255, 255, 255, 255, 255, 255, 255, 255, 255
53,71 : 255, 255, 255, 255, 255, 255, 255, 255, 255
53,72 : 255, 255, 255, 255, 255, 255, 255, 255, 255
53,73 : 255, 255, 255, 255, 255, 255, 255, 255, 255
53,74 : 255, 255, 255, 255, 255, 255, 255, 255, 255
53,75 : 255, 255, 255, 255, 255, 255, 255, 255, 255
53,76 : 255, 255, 255, 255, 255, 255, 255, 255, 255
53,77 : 255, 255, 255, 255, 255, 255, 255, 255, 255
53,78 : 255, 255, 255, 255, 255, 255, 255, 255, 255
53,79 : 255, 255, 255, 255, 255, 255, 255, 255, 255
53,80 : 255, 255, 255, 255, 255, 255, 255, 255, 255
53,81 : 255, 255, 255, 255, 255, 255, 255, 255, 255
53,82 : 255, 255, 255, 255, 255, 255, 255, 255, 255
53,83 : 255, 255, 255, 255, 255, 255, 255, 255, 255
53,84 : 255, 255, 255, 255, 255, 255, 255, 255, 255
53,85 : 255, 255, 255, 255, 255, 255, 255, 255, 255
53,86 : 255, 255, 255, 255, 255, 255, 255, 255, 255
53,87 : 255, 255, 250, 255, 255, 255, 255, 255, 253
53,88 : 255, 255, 255, 255, 255, 255, 255, 255, 255
53,89 : 255, 250, 255, 255, 255, 252, 255, 253, 255
53,90 : 255, 255, 251, 255, 255, 255, 255, 255, 252
53,91 : 250, 255, 245, 255, 252, 251, 253, 255, 253
53,92 : 255, 251, 159, 255, 255, 172, 255, 252, 161
53,93 : 255, 245, 27, 252, 251, 14, 255, 253, 7
53,94 : 251, 159, 19, 255, 172, 26, 252, 161, 8
53,95 : 245, 27, 3, 251, 14, 216, 253, 7, 96
53,96 : 159, 19, 10, 172, 26, 250, 161, 8, 243
53,97 : 27, 3, 12, 14, 216, 254, 7, 96, 254
53,98 : 19, 10, 11, 26, 250, 252, 8, 243, 255
53,99 : 3, 12, 16, 216, 254, 245, 96, 254, 252
53,100 : 10, 11, 28, 250, 252, 255, 243, 255, 252
53,101 : 12, 16, 105, 254, 245, 252, 254, 252, 254
53,102 : 11, 28, 209, 252, 255, 253, 255, 252, 255
53,103 : 16, 105, 248, 245, 252, 250, 252, 254, 255
53,104 : 28, 209, 252, 255, 253, 252, 252, 255, 254
53,105 : 105, 248, 250, 252, 250, 255, 254, 255, 255
53,106 : 209, 252, 249, 253, 252, 254, 255, 254, 255
53,107 : 248, 250, 255, 250, 255, 254, 255, 255, 254
53,108 : 252, 249, 255, 252, 254, 254, 254, 255, 255
53,109 : 250, 255, 251, 255, 254, 254, 255, 254, 254
53,110 : 249, 255, 254, 254, 254, 255, 255, 255, 255
53,111 : 255, 251, 253, 254, 254, 255, 254, 254, 255
53,112 : 255, 254, 253, 254, 255, 255, 255, 255, 255
53,113 : 251, 253, 255, 254, 255, 255, 254, 255, 255
53,114 : 254, 253, 255, 255, 255, 254, 255, 255, 255
53,115 : 253, 255, 255, 255, 255, 255, 255, 255, 255
53,116 : 253, 255, 255, 255, 254, 255, 255, 255, 255
53,117 : 255, 255, 255, 255, 255, 255, 255, 255, 255
53,118 : 255, 255, 255, 254, 255, 255, 255, 255, 255
53,119 : 255, 255, 255, 255, 255, 255, 255, 255, 255
53,120 : 255, 255, 255, 255, 255, 255, 255, 255, 255
53,121 : 255, 255, 255, 255, 255, 255, 255, 255, 255
53,122 : 255, 255, 255, 255, 255, 255, 255, 255, 255
53,123 : 255, 255, 255, 255, 255, 255, 255, 255, 255
53,124 : 255, 255, 255, 255, 255, 255, 255, 255, 255
53,125 : 255, 255, 255, 255, 255, 255, 255, 255, 255
53,126 : 255, 255, 0, 255, 255, 0, 255, 255, 0
53,127 : 255, 255, 0, 255, 255, 0, 255, 255, 0
54,0 : 0, 255, 255, 0, 255, 255, 0, 255, 255
54,1 : 0, 255, 255, 0, 255, 255, 0, 255, 255
54,2 : 255, 255, 255, 255, 255, 255, 255, 255, 255
54,3 : 255, 255, 255, 255, 255, 255, 255, 255, 255
54,4 : 255, 255, 255, 255, 255, 255, 255, 255, 255
54,5 : 255, 255, 255, 255, 255, 255, 255, 255, 255
54,6 : 255, 255, 251, 255, 255, 255, 255, 255, 252
54,7 : 255, 255, 255, 255, 255, 252, 255, 255, 255
54,8 : 255, 251, 242, 255, 255, 248, 255, 252, 253
54,9 : 255, 255, 127, 255, 252, 247, 255, 255, 253
54,10 : 251, 242, 20, 255, 248, 130, 252, 253, 246
54,11 : 255, 127, 79, 252, 247, 16, 255, 253, 152
54,12 : 242, 20, 155, 248, 130, 82, 253, 246, 20
54,13 : 127, 79, 157, 247, 16, 149, 253, 152, 62
54,14 : 20, 155, 150, 130, 82, 150, 246, 20, 144
54,15 : 79, 157, 154, 16, 149, 153, 152, 62, 158
54,16 : 155, 150, 160, 82, 150, 159, 20, 144, 156
54,17 : 157, 154, 152, 149, 153, 152, 62, 158, 153
54,18 : 150, 160, 149, 150, 159, 150, 144, 156, 148
54,19 : 154, 152, 158, 153, 152, 159, 158, 153, 160
54,20 : 160, 149, 156, 159, 150, 156, 156, 148, 156
54,21 : 152, 158, 150, 152, 159, 149, 153, 160, 147
54,22 : 149, 156, 153, 150, 156, 153, 148, 156, 152
54,23 : 158, 150, 158, 159, 149, 158, 160, 147, 158
54,24 : 156, 153, 151, 156, 153, 151, 156, 152, 150
54,25 : 150, 158, 149, 149, 158, 148, 147, 158, 147
54,26 : 153, 151, 158, 153, 151, 157, 152, 150, 158
54,27 : 158, 149, 156, 158, 148, 155, 158, 147, 155
54,28 : 151, 158, 149, 151, 157, 148, 150, 158, 148
54,29 : 149, 156, 153, 148, 155, 152, 147, 155, 153
54,30 : 158, 149, 159, 157, 148, 159, 158, 148, 159
54,31 : 156, 153, 149, 155, 152, 148, 155, 153, 149
54,32 : 149, 159, 153, 148, 159, 149, 148, 159, 157
54,33 : 153, 149, 161, 152, 148, 158, 153, 149, 155
54,34 : 159, 153, 157, 159, 149, 156, 159, 157, 84
54,35 : 149, 161, 152, 148, 158, 152, 149, 155, 8
54,36 : 153, 157, 155, 149, 156, 143, 157, 84, 15
54,37 : 161, 152, 160, 158, 152, 51, 155, 8, 87
54,38 : 157, 155, 115, 156, 143, 5, 84, 15, 211
54,39 : 152, 160, 22, 152, 51, 47, 8, 87, 252
54,40 : 155, 115, 12, 143, 5, 206, 15, 211, 250
54,41 : 160, 22, 133, 51, 47, 253, 87, 252, 253
54,42 : 115, 12, 247, 5, 206, 252, 211, 250, 251
54,43 : 22, 133, 253, 47, 253, 250, 252, 253, 251
54,44 : 12, 247, 255, 206, 252, 255, 250, 251, 249
54,45 : 133, 253, 252, 253, 250, 253, 253, 251, 252
54,46 : 247, 255, 253, 252, 255, 254, 251, 249, 254
54,47 : 253, 252, 254, 250, 253, 254, 251, 252, 252
54,48 : 255, 253, 254, 255, 254, 254, 249, 254, 255
54,49 : 252, 254, 254, 253, 254, 255, 252, 252, 254
54,50 : 253, 254, 255, 254, 254, 255, 254, 255, 253
54,51 : 254, 254, 255, 254, 255, 255, 252, 254, 255
54,52 : 254, 255, 255, 254, 255, 255, 255, 253, 252
54,53 : 254, 255, 255, 255, 255, 255, 254, 255, 255
54,54 : 255, 255, 255, 255, 255, 255, 253, 252, 255
54,55 : 255, 255, 255, 255, 255, 255, 255, 255, 254
54,56 : 255, 255, 255, 255, 255, 255, 252, 255, 255
54,57 : 255, 255, 255, 255, 255, 255, 255, 254, 254
54,58 : 255, 255, 255, 255, 255, 255, 255, 255, 255
54,59 : 255, 255, 255, 255, 255, 255, 254, 254, 254
54,60 : 255, 255, 255, 255, 255, 255, 255, 255, 255
54,61 : 255, 255, 255, 255, 255, 255, 254, 254, 254
54,62 : 255, 255, 255, 255, 255, 255, 255, 255, 254
54,63 : 255, 255, 255, 255, 255, 255, 254, 254, 255
54,64 : 255, 255, 255, 255, 255, 255, 255, 254, 255
54,65 : 255, 255, 255, 255, 255, 255, 254, 255, 253
54,66 : 255, 255, 255, 255, 255, 255, 254, 255, 254
54,67 : 255, 255, 255, 255, 255, 255, 255, 253, 255
54,68 : 255, 255, 255, 255, 255, 255, 255, 254, 253
54,69 : 255, 255, 255, 255, 255, 255, 253, 255, 255
54,70 : 255, 255, 255, 255, 255, 255, 254, 253, 255
54,71 : 255, 255, 255, 255, 255, 255, 255, 255, 253
54,72 : 255, 255, 255, 255, 255, 255, 253, 255, 255
54,73 : 255, 255, 255, 255, 255, 255, 255, 253, 255
54,74 : 255, 255, 255, 255, 255, 255, 255, 255, 255
54,75 : 255, 255, 255, 255, 255, 255, 253, 255, 253
54,76 : 255, 255, 255, 255, 255, 255, 255, 255, 255
54,77 : 255, 255, 255, 255, 255, 255, 255, 253, 254
54,78 : 255, 255, 255, 255, 255, 255, 255, 255, 255
54,79 : 255, 255, 255, 255, 255, 255, 253, 254, 255
54,80 : 255, 255, 255, 255, 255, 255, 255, 255, 255
54,81 : 255, 255, 255, 255, 255, 255, 254, 255, 255
54,82 : 255, 255, 255, 255, 255, 255, 255, 255, 255
54,83 : 255, 255, 255, 255, 255, 255, 255, 255, 253
54,84 : 255, 255, 255, 255, 255, 255, 255, 255, 253
54,85 : 255, 255, 255, 255, 255, 255, 255, 253, 255
54,86 : 255, 255, 254, 255, 255, 252, 255, 253, 255
54,87 : 255, 255, 255, 255, 255, 254, 253, 255, 254
54,88 : 255, 254, 253, 255, 252, 255, 253, 255, 255
54,89 : 255, 255, 255, 255, 254, 255, 255, 254, 255
54,90 : 254, 253, 253, 252, 255, 255, 255, 255, 255
54,91 : 255, 255, 255, 254, 255, 255, 254, 255, 254
54,92 : 253, 253, 192, 255, 255, 180, 255, 255, 236
54,93 : 255, 255, 18, 255, 255, 12, 255, 254, 95
54,94 : 253, 192, 35, 255, 180, 30, 255, 236, 5
54,95 : 255, 18, 126, 255, 12, 184, 254, 95, 50
54,96 : 192, 35, 165, 180, 30, 251, 236, 5, 187
54,97 : 18, 126, 185, 12, 184, 251, 95, 50, 230
54,98 : 35, 165, 195, 30, 251, 250, 5, 187, 252
54,99 : 126, 185, 215, 184, 251, 254, 50, 230, 255
54,100 : 165, 195, 234, 251, 250, 254, 187, 252, 252
54,101 : 185, 215, 248, 251, 254, 253, 230, 255, 254
54,102 : 195, 234, 252, 250, 254, 254, 252, 252, 255
54,103 : 215, 248, 255, 254, 253, 255, 255, 254, 255
54,104 : 234, 252, 253, 254, 254, 255, 252, 255, 255
54,105 : 248, 255, 255, 253, 255, 253, 254, 255, 255
54,106 : 252, 253, 255, 254, 255, 254, 255, 255, 255
54,107 : 255, 255, 252, 255, 253, 254, 255, 255, 255
54,108 : 253, 255, 254, 255, 254, 255, 255, 255, 255
54,109 : 255, 252, 255, 253, 254, 255, 255, 255, 255
54,110 : 255, 254, 254, 254, 255, 254, 255, 255, 255
54,111 : 252, 255, 255, 254, 255, 255, 255, 255, 255
54,112 : 254, 254, 255, 255, 254, 255, 255, 255, 255
54,113 : 255, 255, 255, 255, 255, 254, 255, 255, 255
54,114 : 254, 255, 255, 254, 255, 254, 255, 255, 255
54,115 : 255, 255, 255, 255, 254, 255, 255, 255, 255
54,116 : 255, 255, 255, 255, 254, 255, 255, 255, 255
54,117 : 255, 255, 254, 254, 255, 255, 255, 255, 255
54,118 : 255, 255, 255, 254, 255, 255, 255, 255, 255
54,119 : 255, 254, 255, 255, 255, 255, 255, 255, 255
54,120 : 255, 255, 255, 255, 255, 255, 255, 255, 255
54,121 : 254, 255, 255, 255, 255, 255, 255, 255, 255
54,122 : 255, 255, 255, 255, 255, 255, 255, 255, 255
54,123 : 255, 255, 255, 255, 255, 255, 255, 255, 255
54,124 : 255, 255, 255, 255, 255, 255, 255, 255, 255
54,125 : 255, 255, 255, 255, 255, 255, 255, 255, 255
54,126 : 255, 255, 0, 255, 255, 0, 255, 255, 0
54,127 : 255, 255, 0, 255, 255, 0, 255, 255, 0
55,0 : 0, 255, 255, 0, 255, 255, 0, 255, 255
55,1 : 0, 255, 255, 0, 255, 255, 0, 255, 255
55,2 : 255, 255, 255, 255, 255, 254, 255, 255, 255
55,3 : 255, 255, 255, 255, 255, 254, 255, 255, 255
55,4 : 255, 255, 255, 255, 254, 253, 255, 255, 255
55,5 : 255, 255, 255, 255, 254, 253, 255, 255, 255
55,6 : 255, 255, 255, 254, 253, 253, 255, 255, 255
55,7 : 255, 255, 255, 254, 253, 255, 255, 255, 253
55,8 : 255, 255, 251, 253, 253, 251, 255, 255, 254
55,9 : 255, 255, 201, 253, 255, 252, 255, 253, 251
55,10 : 255, 251, 44, 253, 251, 217, 255, 254, 255
55,11 : 255, 201, 34, 255, 252, 58, 253, 251, 218
55,12 : 251, 44, 136, 251, 217, 22, 254, 255, 53
55,13 : 201, 34, 157, 252, 58, 134, 251, 218, 31
55,14 : 44, 136, 149, 217, 22, 153, 255, 53, 124
55,15 : 34, 157, 152, 58, 134, 155, 218, 31, 155
55,16 : 136, 149, 159, 22, 153, 160, 53, 124, 161
55,17 : 157, 152, 152, 134, 155, 151, 31, 155, 153
55,18 : 149, 159, 150, 153, 160, 149, 124, 161, 146
55,19 : 152, 152, 158, 155, 151, 158, 155, 153, 158
55,20 : 159, 150, 156, 160, 149, 156, 161, 146, 156
55,21 : 152, 158, 149, 151, 158, 149, 153, 158, 149
55,22 : 150, 156, 153, 149, 156, 153, 146, 156, 150
55,23 : 158, 149, 158, 158, 149, 158, 158, 149, 160
55,24 : 156, 153, 151, 156, 153, 151, 156, 150, 152
55,25 : 149, 158, 149, 149, 158, 148, 149, 160, 147
55,26 : 153, 151, 158, 153, 151, 157, 150, 152, 155
55,27 : 158, 149, 156, 158, 148, 155, 160, 147, 157
55,28 : 151, 158, 149, 151, 157, 148, 152, 155, 149
55,29 : 149, 156, 152, 148, 155, 152, 147, 157, 152
55,30 : 158, 149, 159, 157, 148, 156, 155, 149, 154
55,31 : 156, 152, 155, 155, 152, 153, 157, 152, 131
55,32 : 149, 159, 148, 148, 156, 147, 149, 154, 73
55,33 : 152, 155, 158, 152, 153, 159, 152, 131, 21
55,34 : 159, 148, 159, 156, 147, 162, 154, 73, 8
55,35 : 155, 158, 144, 153, 159, 113, 131, 21, 51
55,36 : 148, 159, 159, 147, 162, 33, 73, 8, 159
55,37 : 158, 144, 148, 159, 113, 9, 21, 51, 244
55,38 : 159, 159, 36, 162, 33, 70, 8, 159, 252
55,39 : 144, 148, 7, 113, 9, 204, 51, 244, 252
55,40 : 159, 36, 70, 33, 70, 250, 159, 252, 250
55,41 : 148, 7, 221, 9, 204, 253, 244, 252, 249
55,42 : 36, 70, 254, 70, 250, 253, 252, 250, 230
55,43 : 7, 221, 251, 204, 253, 252, 252, 249, 182
55,44 : 70, 254, 253, 250, 253, 254, 250, 230, 192
55,45 : 221, 251, 252, 253, 252, 252, 249, 182, 238
55,46 : 254, 253, 254, 253, 254, 254, 230, 192, 250
55,47 : 251, 252, 254, 252, 252, 254, 182, 238, 255
55,48 : 253, 254, 254, 254, 254, 254, 192, 250, 249
55,49 : 252, 254, 255, 252, 254, 254, 238, 255, 254
55,50 : 254, 254, 255, 254, 254, 255, 250, 249, 254
55,51 : 254, 255, 255, 254, 254, 255, 255, 254, 251
55,52 : 254, 255, 255, 254, 255, 255, 249, 254, 255
55,53 : 255, 255, 255, 254, 255, 255, 254, 251, 253
55,54 : 255, 255, 255, 255, 255, 255, 254, 255, 255
55,55 : 255, 255, 255, 255, 255, 255, 251, 253, 254
55,56 : 255, 255, 255, 255, 255, 255, 255, 255, 255
55,57 : 255, 255, 255, 255, 255, 255, 253, 254, 253
55,58 : 255, 255, 255, 255, 255, 255, 255, 255, 255
55,59 : 255, 255, 255, 255, 255, 255, 254, 253, 252
55,60 : 255, 255, 255, 255, 255, 255, 255, 255, 255
55,61 : 255, 255, 255, 255, 255, 255, 253, 252, 255
55,62 : 255, 255, 255, 255, 255, 255, 255, 255, 255
55,63 : 255, 255, 255, 255, 255, 255, 252, 255, 255
55,64 : 255, 255, 255, 255, 255, 255, 255, 255, 255
55,65 : 255, 255, 255, 255, 255, 255, 255, 255, 255
55,66 : 255, 255, 255, 255, 255, 255, 255, 255, 255
55,67 : 255, 255, 255, 255, 255, 255, 255, 255, 255
55,68 : 255, 255, 255, 255, 255, 255, 255, 255, 254
55,69 : 255, 255, 255, 255, 255, 255, 255, 255, 254
55,70 : 255, 255, 255, 255, 255, 255, 255, 254, 255
55,71 : 255, 255, 255, 255, 255, 255, 255, 254, 252
55,72 : 255, 255, 255, 255, 255, 255, 254, 255, 255
55,73 : 255, 255, 255, 255, 255, 255, 254, 252, 255
55,74 : 255, 255, 255, 255, 255, 255, 255, 255, 253
55,75 : 255, 255, 255, 255, 255, 255, 252, 255, 255
55,76 : 255, 255, 255, 255, 255, 255, 255, 253, 255
55,77 : 255, 255, 255, 255, 255, 255, 255, 255, 255
55,78 : 255, 255, 255, 255, 255, 255, 253, 255, 255
55,79 : 255, 255, 255, 255, 255, 255, 255, 255, 255
55,80 : 255, 255, 255, 255, 255, 255, 255, 255, 254
55,81 : 255, 255, 255, 255, 255, 255, 255, 255, 254
55,82 : 255, 255, 255, 255, 255, 255, 255, 254, 255
55,83 : 255, 255, 255, 255, 255, 255, 255, 254, 255
55,84 : 255, 255, 255, 255, 255, 255, 254, 255, 254
55,85 : 255, 255, 255, 255, 255, 255, 254, 255, 253
55,86 : 255, 255, 255, 255, 255, 255, 255, 254, 253
55,87 : 255, 255, 255, 255, 255, 253, 255, 253, 255
55,88 : 255, 255, 255, 255, 255, 255, 254, 253, 255
55,89 : 255, 255, 252, 255, 253, 255, 253, 255, 255
55,90 : 255, 255, 255, 255, 255, 252, 253, 255, 254
55,91 : 255, 252, 251, 253, 255, 253, 255, 255, 252
55,92 : 255, 255, 172, 255, 252, 161, 255, 254, 250
55,93 : 252, 251, 14, 255, 253, 7, 255, 252, 229
55,94 : 255, 172, 26, 252, 161, 8, 254, 250, 65
55,95 : 251, 14, 216, 253, 7, 96, 252, 229, 3
55,96 : 172, 26, 250, 161, 8, 243, 250, 65, 11
55,97 : 14, 216, 254, 7, 96, 254, 229, 3, 42
55,98 : 26, 250, 252, 8, 243, 255, 65, 11, 200
55,99 : 216, 254, 245, 96, 254, 252, 3, 42, 255
55,100 : 250, 252, 255, 243, 255, 252, 11, 200, 249
55,101 : 254, 245, 252, 254, 252, 254, 42, 255, 255
55,102 : 252, 255, 253, 255, 252, 255, 200, 249, 255
55,103 : 245, 252, 250, 252, 254, 255, 255, 255, 255
55,104 : 255, 253, 252, 252, 255, 254, 249, 255, 255
55,105 : 252, 250, 255, 254, 255, 255, 255, 255, 255
55,106 : 253, 252, 254, 255, 254, 255, 255, 255, 255
55,107 : 250, 255, 254, 255, 255, 254, 255, 255, 255
55,108 : 252, 254, 254, 254, 255, 255, 255, 255, 255
55,109 : 255, 254, 254, 255, 254, 254, 255, 255, 255
55,110 : 254, 254, 255, 255, 255, 255, 255, 255, 255
55,111 : 254, 254, 255, 254, 254, 255, 255, 255, 255
55,112 : 254, 255, 255, 255, 255, 255, 255, 255, 255
55,113 : 254, 255, 255, 254, 255, 255, 255, 255, 255
55,114 : 255, 255, 254, 255, 255, 255, 255, 255, 255
55,115 : 255, 255, 255, 255, 255, 255, 255, 255, 255
55,116 : 255, 254, 255, 255, 255, 255, 255, 255, 255
55,117 : 255, 255, 255, 255, 255, 255, 255, 255, 255
55,118 : 254, 255, 255, 255, 255, 255, 255, 255, 255
55,119 : 255, 255, 255, 255, 255, 255, 255, 255, 255
55,120 : 255, 255, 255, 255, 255, 255, 255, 255, 255
55,121 : 255, 255, 255, 255, 255, 255, 255, 255, 255
55,122 : 255, 255, 255, 255, 255, 255, 255, 255, 255
55,123 : 255, 255, 255, 255, 255, 255, 255, 255, 255
55,124 : 255, 255, 255, 255, 255, 255, 255, 255, 255
55,125 : 255, 255, 255, 255, 255, 255, 255, 255, 255
55,126 : 255, 255, 0, 255, 255, 0, 255, 255, 0
55,127 : 255, 255, 0, 255, 255, 0, 255, 255, 0
56,0 : 0, 255, 255, 0, 255, 255, 0, 255, 255
56,1 : 0, 255, 255, 0, 255, 255, 0, 255, 255
56,2 : 255, 255, 255, 255, 255, 255, 255, 255, 255
56,3 : 255, 255, 255, 255, 255, 255, 255, 255, 255
56,4 : 255, 255, 255, 255, 255, 255, 255, 255, 255
56,5 : 255, 255, 255, 255, 255, 255, 255, 255, 255
56,6 : 255, 255, 255, 255, 255, 252, 255, 255, 253
56,7 : 255, 255, 252, 255, 255, 255, 255, 255, 255
56,8 : 255, 255, 248, 255, 252, 253, 255, 253, 255
56,9 : 255, 252, 247, 255, 255, 253, 255, 255, 255
56,10 : 255, 248, 130, 252, 253, 246, 253, 255, 251
56,11 : 252, 247, 16, 255, 253, 152, 255, 255, 250
56,12 : 248, 130, 82, 253, 246, 20, 255, 251, 155
56,13 : 247, 16, 149, 253, 152, 62, 255, 250, 20
56,14 : 130, 82, 150, 246, 20, 144, 251, 155, 63
56,15 : 16, 149, 153, 152, 62, 158, 250, 20, 139
56,16 : 82, 150, 159, 20, 144, 156, 155, 63, 161
56,17 : 149, 153, 152, 62, 158, 153, 20, 139, 154
56,18 : 150, 159, 150, 144, 156, 148, 63, 161, 151
56,19 : 153, 152, 159, 158, 153, 160, 139, 154, 160
56,20 : 159, 150, 156, 156, 148, 156, 161, 151, 159
56,21 : 152, 159, 149, 153, 160, 147, 154, 160, 154
56,22 : 150, 156, 153, 148, 156, 152, 151, 159, 157
56,23 : 159, 149, 158, 160, 147, 158, 160, 154, 158
56,24 : 156, 153, 151, 156, 152, 150, 159, 157, 155
56,25 : 149, 158, 148, 147, 158, 147, 154, 158, 142
56,26 : 153, 151, 157, 152, 150, 158, 157, 155, 152
56,27 : 158, 148, 155, 158, 147, 155, 158, 142, 130
56,28 : 151, 157, 148, 150, 158, 148, 155, 152, 108
56,29 : 148, 155, 152, 147, 155, 153, 142, 130, 90
56,30 : 157, 148, 159, 158, 148, 159, 152, 108, 39
56,31 : 155, 152, 148, 155, 153, 149, 130, 90, 11
56,32 : 148, 159, 149, 148, 159, 157, 108, 39, 14
56,33 : 152, 148, 158, 153, 149, 155, 90, 11, 7
56,34 : 159, 149, 156, 159, 157, 84, 39, 14, 24
56,35 : 148, 158, 152, 149, 155, 8, 11, 7, 197
56,36 : 149, 156, 143, 157, 84, 15, 14, 24, 251
56,37 : 158, 152, 51, 155, 8, 87, 7, 197, 252
56,38 : 156, 143, 5, 84, 15, 211, 24, 251, 252
56,39 : 152, 51, 47, 8, 87, 252, 197, 252, 244
56,40 : 143, 5, 206, 15, 211, 250, 251, 252, 252
56,41 : 51, 47, 253, 87, 252, 253, 252, 244, 237
56,42 : 5, 206, 252, 211, 250, 251, 252, 252, 146
56,43 : 47, 253, 250, 252, 253, 251, 244, 237, 111
56,44 : 206, 252, 255, 250, 251, 249, 252, 146, 142
56,45 : 253, 250, 253, 253, 251, 252, 237, 111, 189
56,46 : 252, 255, 254, 251, 249, 254, 146, 142, 242
56,47 : 250, 253, 254, 251, 252, 252, 111, 189, 252
56,48 : 255, 254, 254, 249, 254, 255, 142, 242, 255
56,49 : 253, 254, 255, 252, 252, 254, 189, 252, 252
56,50 : 254, 254, 255, 254, 255, 253, 242, 255, 255
56,51 : 254, 255, 255, 252, 254, 255, 252, 252, 255
56,52 : 254, 255, 255, 255, 253, 252, 255, 255, 253
56,53 : 255, 255, 255, 254, 255, 255, 252, 255, 253
56,54 : 255, 255, 255, 253, 252, 255, 255, 253, 255
56,55 : 255, 255, 255, 255, 255, 254, 255, 253, 255
56,56 : 255, 255, 255, 252, 255, 255, 253, 255, 255
56,57 : 255, 255, 255, 255, 254, 254, 253, 255, 255
56,58 : 255, 255, 255, 255, 255, 255, 255, 255, 255
56,59 : 255, 255, 255, 254, 254, 254, 255, 255, 255
56,60 : 255, 255, 255, 255, 255, 255, 255, 255, 255
56,61 : 255, 255, 255, 254, 254, 254, 255, 255, 255
56,62 : 255, 255, 255, 255, 255, 254, 255, 255, 253
56,63 : 255, 255, 255, 254, 254, 255, 255, 255, 255
56,64 : 255, 255, 255, 255, 254, 255, 255, 253, 255
56,65 : 255, 255, 255, 254, 255, 253, 255, 255, 254
56,66 : 255, 255, 255, 254, 255, 254, 253, 255, 253
56,67 : 255, 255, 255, 255, 253, 255, 255, 254, 253
56,68 : 255, 255, 255, 255, 254, 253, 255, 253, 255
56,69 : 255, 255, 255, 253, 255, 255, 254, 253, 255
56,70 : 255, 255, 255, 254, 253, 255, 253, 255, 252
56,71 : 255, 255, 255, 255, 255, 253, 253, 255, 255
56,72 : 255, 255, 255, 253, 255, 255, 255, 252, 253
56,73 : 255, 255, 255, 255, 253, 255, 255, 255, 253
56,74 : 255, 255, 255, 255, 255, 255, 252, 253, 255
56,75 : 255, 255, 255, 253, 255, 253, 255, 253, 254
56,76 : 255, 255, 255, 255, 255, 255, 253, 255, 255
56,77 : 255, 255, 255, 255, 253, 254, 253, 254, 252
56,78 : 255, 255, 255, 255, 255, 255, 255, 255, 253
56,79 : 255, 255, 255, 253, 254, 255, 254, 252, 255
56,80 : 255, 255, 255, 255, 255, 255, 255, 253, 255
56,81 : 255, 255, 255, 254, 255, 255, 252, 255, 253
56,82 : 255, 255, 255, 255, 255, 255, 253, 255, 253
56,83 : 255, 255, 255, 255, 255, 253, 255, 253, 253
56,84 : 255, 255, 255, 255, 255, 253, 255, 253, 253
56,85 : 255, 255, 255, 255, 253, 255, 253, 253, 255
56,86 : 255, 255, 252, 255, 253, 255, 253, 253, 249
56,87 : 255, 255, 254, 253, 255, 254, 253, 255, 238
56,88 : 255, 252, 255, 253, 255, 255, 253, 249, 246
56,89 : 255, 254, 255, 255, 254, 255, 255, 238, 247
56,90 : 252, 255, 255, 255, 255, 255, 249, 246, 255
56,91 : 254, 255, 255, 254, 255, 254, 238, 247, 254
56,92 : 255, 255, 180, 255, 255, 236, 246, 255, 254
56,93 : 255, 255, 12, 255, 254, 95, 247, 254, 244
56,94 : 255, 180, 30, 255, 236, 5, 255, 254, 228
56,95 : 255, 12, 184, 254, 95, 50, 254, 244, 101
56,96 : 180, 30, 251, 236, 5, 187, 254, 228, 14
56,97 : 12, 184, 251, 95, 50, 230, 244, 101, 7
56,98 : 30, 251, 250, 5, 187, 252, 228, 14, 65
56,99 : 184, 251, 254, 50, 230, 255, 101, 7, 218
56,100 : 251, 250, 254, 187, 252, 252, 14, 65, 255
56,101 : 251, 254, 253, 230, 255, 254, 7, 218, 251
56,102 : 250, 254, 254, 252, 252, 255, 65, 255, 255
56,103 : 254, 253, 255, 255, 254, 255, 218, 251, 255
56,104 : 254, 254, 255, 252, 255, 255, 255, 255, 255
56,105 : 253, 255, 253, 254, 255, 255, 251, 255, 255
56,106 : 254, 255, 254, 255, 255, 255, 255, 255, 255
56,107 : 255, 253, 254, 255, 255, 255, 255, 255, 255
56,108 : 255, 254, 255, 255, 255, 255, 255, 255, 255
56,109 : 253, 254, 255, 255, 255, 255, 255, 255, 255
56,110 : 254, 255, 254, 255, 255, 255, 255, 255, 255
56,111 : 254, 255, 255, 255, 255, 255, 255, 255, 255
56,112 : 255, 254, 255, 255, 255, 255, 255, 255, 255
56,113 : 255, 255, 254, 255, 255, 255, 255, 255, 255
56,114 : 254, 255, 254, 255, 255, 255, 255, 255, 255
56,115 : 255, 254, 255, 255, 255, 255, 255, 255, 255
56,116 : 255, 254, 255, 255, 255, 255, 255, 255, 255
56,117 : 254, 255, 255, 255, 255, 255, 255, 255, 255
56,118 : 254, 255, 255, 255, 255, 255, 255, 255, 255
56,119 : 255, 255, 255, 255, 255, 255, 255, 255, 255
56,120 : 255, 255, 255, 255, 255, 255, 255, 255, 255
56,121 : 255, 255, 255, 255, 255, 255, 255, 255, 255
56,122 : 255, 255, 255, 255, 255, 255, 255, 255, 255
56,123 : 255, 255, 255, 255, 255, 255, 255, 255, 255
56,124 : 255, 255, 255, 255, 255, 255, 255, 255, 255
56,125 : 255, 255, 255, 255, 255, 255, 255, 255, 255
56,126 : 255, 255, 0, 255, 255, 0, 255, 255, 0
56,127 : 255, 255, 0, 255, 255, 0, 255, 255, 0
57,0 : 0, 255, 255, 0, 255, 255, 0, 255, 255
57,1 : 0, 255, 255, 0, 255, 255, 0, 255, 255
57,2 : 255, 255, 254, 255, 255, 255, 255, 255, 255
57,3 : 255, 255, 254, 255, 255, 255, 255, 255, 255
57,4 : 255, 254, 253, 255, 255, 255, 255, 255, 255
57,5 : 255, 254, 253, 255, 255, 255, 255, 255, 255
57,6 : 254, 253, 253, 255, 255, 255, 255, 255, 255
57,7 : 254, 253, 255, 255, 255, 253, 255, 255, 253
57,8 : 253, 253, 251, 255, 255, 254, 255, 255, 254
57,9 : 253, 255, 252, 255, 253, 251, 255, 253, 252
57,10 : 253, 251, 217, 255, 254, 255, 255, 254, 254
57,11 : 255, 252, 58, 253, 251, 218, 253, 252, 250
57,12 : 251, 217, 22, 254, 255, 53, 254, 254, 233
57,13 : 252, 58, 134, 251, 218, 31, 252, 250, 137
57,14 : 217, 22, 153, 255, 53, 124, 254, 233, 34
57,15 : 58, 134, 155, 218, 31, 155, 250, 137, 33
57,16 : 22, 153, 160, 53, 124, 161, 233, 34, 60
57,17 : 134, 155, 151, 31, 155, 153, 137, 33, 75
57,18 : 153, 160, 149, 124, 161, 146, 34, 60, 87
57,19 : 155, 151, 158, 155, 153, 158, 33, 75, 113
57,20 : 160, 149, 156, 161, 146, 156, 60, 87, 109
57,21 : 151, 158, 149, 153, 158, 149, 75, 113, 111
57,22 : 149, 156, 153, 146, 156, 150, 87, 109, 85
57,23 : 158, 149, 158, 158, 149, 160, 113, 111, 76
57,24 : 156, 153, 151, 156, 150, 152, 109, 85, 55
57,25 : 149, 158, 148, 149, 160, 147, 111, 76, 33
57,26 : 153, 151, 157, 150, 152, 155, 85, 55, 18
57,27 : 158, 148, 155, 160, 147, 157, 76, 33, 7
57,28 : 151, 157, 148, 152, 155, 149, 55, 18, 12
57,29 : 148, 155, 152, 147, 157, 152, 33, 7, 29
57,30 : 157, 148, 156, 155, 149, 154, 18, 12, 64
57,31 : 155, 152, 153, 157, 152, 131, 7, 29, 135
57,32 : 148, 156, 147, 149, 154, 73, 12, 64, 193
57,33 : 152, 153, 159, 152, 131, 21, 29, 135, 47
57,34 : 156, 147, 162, 154, 73, 8, 64, 193, 10
57,35 : 153, 159, 113, 131, 21, 51, 135, 47, 142
57,36 : 147, 162, 33, 73, 8, 159, 193, 10, 247
57,37 : 159, 113, 9, 21, 51, 244, 47, 142, 250
57,38 : 162, 33, 70, 8, 159, 252, 10, 247, 249
57,39 : 113, 9, 204, 51, 244, 252, 142, 250, 255
57,40 : 33, 70, 250, 159, 252, 250, 247, 249, 250
57,41 : 9, 204, 253, 244, 252, 249, 250, 255, 196
57,42 : 70, 250, 253, 252, 250, 230, 249, 250, 35
57,43 : 204, 253, 252, 252, 249, 182, 255, 196, 2
57,44 : 250, 253, 254, 250, 230, 192, 250, 35, 66
57,45 : 253, 252, 252, 249, 182, 238, 196, 2, 159
57,46 : 253, 254, 254, 230, 192, 250, 35, 66, 199
57,47 : 252, 252, 254, 182, 238, 255, 2, 159, 247
57,48 : 254, 254, 254, 192, 250, 249, 66, 199, 249
57,49 : 252, 254, 254, 238, 255, 254, 159, 247, 250
57,50 : 254, 254, 255, 250, 249, 254, 199, 249, 252
57,51 : 254, 254, 255, 255, 254, 251, 247, 250, 255
57,52 : 254, 255, 255, 249, 254, 255, 249, 252, 254
57,53 : 254, 255, 255, 254, 251, 253, 250, 255, 255
57,54 : 255, 255, 255, 254, 255, 255, 252, 254, 255
57,55 : 255, 255, 255, 251, 253, 254, 255, 255, 255
57,56 : 255, 255, 255, 255, 255, 255, 254, 255, 254
57,57 : 255, 255, 255, 253, 254, 253, 255, 255, 253
57,58 : 255, 255, 255, 255, 255, 255, 255, 254, 255
57,59 : 255, 255, 255, 254, 253, 252, 255, 253, 255
57,60 : 255, 255, 255, 255, 255, 255, 254, 255, 255
57,61 : 255, 255, 255, 253, 252, 255, 253, 255, 254
57,62 : 255, 255, 255, 255, 255, 255, 255, 255, 255
57,63 : 255, 255, 255, 252, 255, 255, 255, 254, 254
57,64 : 255, 255, 255, 255, 255, 255, 255, 255, 254
57,65 : 255, 255, 255, 255, 255, 255, 254, 254, 255
57,66 : 255, 255, 255, 255, 255, 255, 255, 254, 255
57,67 : 255, 255, 255, 255, 255, 255, 254, 255, 254
57,68 : 255, 255, 255, 255, 255, 254, 254, 255, 255
57,69 : 255, 255, 255, 255, 255, 254, 255, 254, 254
57,70 : 255, 255, 255, 255, 254, 255, 255, 255, 255
57,71 : 255, 255, 255, 255, 254, 252, 254, 254, 255
57,72 : 255, 255, 255, 254, 255, 255, 255, 255, 255
57,73 : 255, 255, 255, 254, 252, 255, 254, 255, 253
57,74 : 255, 255, 255, 255, 255, 253, 255, 255, 246
57,75 : 255, 255, 255, 252, 255, 255, 255, 253, 214
57,76 : 255, 255, 255, 255, 253, 255, 255, 246, 210
57,77 : 255, 255, 255, 255, 255, 255, 253, 214, 193
57,78 : 255, 255, 255, 253, 255, 255, 246, 210, 181
57,79 : 255, 255, 255, 255, 255, 255, 214, 193, 180
57,80 : 255, 255, 255, 255, 255, 254, 210, 181, 163
57,81 : 255, 255, 255, 255, 255, 254, 193, 180, 136
57,82 : 255, 255, 255, 255, 254, 255, 181, 163, 121
57,83 : 255, 255, 255, 255, 254, 255, 180, 136, 114
57,84 : 255, 255, 255, 254, 255, 254, 163, 121, 98
57,85 : 255, 255, 255, 254, 255, 253, 136, 114, 80
57,86 : 255, 255, 255, 255, 254, 253, 121, 98, 46
57,87 : 255, 255, 253, 255, 253, 255, 114, 80, 33
57,88 : 255, 255, 255, 254, 253, 255, 98, 46, 27
57,89 : 255, 253, 255, 253, 255, 255, 80, 33, 70
57,90 : 255, 255, 252, 253, 255, 254, 46, 27, 185
57,91 : 253, 255, 253, 255, 255, 252, 33, 70, 249
57,92 : 255, 252, 161, 255, 254, 250, 27, 185, 250
57,93 : 255, 253, 7, 255, 252, 229, 70, 249, 255
57,94 : 252, 161, 8, 254, 250, 65, 185, 250, 253
57,95 : 253, 7, 96, 252, 229, 3, 249, 255, 248
57,96 : 161, 8, 243, 250, 65, 11, 250, 253, 126
57,97 : 7, 96, 254, 229, 3, 42, 255, 248, 16
57,98 : 8, 243, 255, 65, 11, 200, 253, 126, 6
57,99 : 96, 254, 252, 3, 42, 255, 248, 16, 66
57,100 : 243, 255, 252, 11, 200, 249, 126, 6, 228
57,101 : 254, 252, 254, 42, 255, 255, 16, 66, 255
57,102 : 255, 252, 255, 200, 249, 255, 6, 228, 254
57,103 : 252, 254, 255, 255, 255, 255, 66, 255, 254
57,104 : 252, 255, 254, 249, 255, 255, 228, 254, 254
57,105 : 254, 255, 255, 255, 255, 255, 255, 254, 254
57,106 : 255, 254, 255, 255, 255, 255, 254, 254, 255
57,107 : 255, 255, 254, 255, 255, 255, 254, 254, 255
57,108 : 254, 255, 255, 255, 255, 255, 254, 255, 255
57,109 : 255, 254, 254, 255, 255, 255, 254, 255, 255
57,110 : 255, 255, 255, 255, 255, 255, 255, 255, 255
57,111 : 254, 254, 255, 255, 255, 255, 255, 255, 255
57,112 : 255, 255, 255, 255, 255, 255, 255, 255, 255
57,113 : 254, 255, 255, 255, 255, 255, 255, 255, 255
57,114 : 255, 255, 255, 255, 255, 255, 255, 255, 255
57,115 : 255, 255, 255, 255, 255, 255, 255, 255, 255
57,116 : 255, 255, 255, 255, 255, 255, 255, 255, 255
57,117 : 255, 255, 255, 255, 255, 255, 255, 255, 255
57,118 : 255, 255, 255, 255, 255, 255, 255, 255, 255
57,119 : 255, 255, 255, 255, 255, 255, 255, 255, 255
57,120 : 255, 255, 255, 255, 255, 255, 255, 255, 255
57,121 : 255, 255, 255, 255, 255, 255, 255, 255, 255
57,122 : 255, 255, 255, 255, 255, 255, 255, 255, 255
57,123 : 255, 255, 255, 255, 255, 255, 255, 255, 255
57,124 : 255, 255, 255, 255, 255, 255, 255, 255, 255
57,125 : 255, 255, 255, 255, 255, 255, 255, 255, 255
57,126 : 255, 255, 0, 255, 255, 0, 255, 255, 0
57,127 : 255, 255, 0, 255, 255, 0, 255, 255, 0
58,0 : 0, 255, 255, 0, 255, 255, 0, 255, 255
58,1 : 0, 255, 255, 0, 255, 255, 0, 255, 255
58,2 : 255, 255, 255, 255, 255, 255, 255, 255, 255
58,3 : 255, 255, 255, 255, 255, 255, 255, 255, 255
58,4 : 255, 255, 255, 255, 255, 255, 255, 255, 255
58,5 : 255, 255, 255, 255, 255, 255, 255, 255, 255
58,6 : 255, 255, 252, 255, 255, 253, 255, 255, 255
58,7 : 255, 255, 255, 255, 255, 255, 255, 255, 255
58,8 : 255, 252, 253, 255, 253, 255, 255, 255, 252
58,9 : 255, 255, 253, 255, 255, 255, 255, 255, 252
58,10 : 252, 253, 246, 253, 255, 251, 255, 252, 255
58,11 : 255, 253, 152, 255, 255, 250, 255, 252, 251
58,12 : 253, 246, 20, 255, 251, 155, 252, 255, 255
58,13 : 253, 152, 62, 255, 250, 20, 252, 251, 248
58,14 : 246, 20, 144, 251, 155, 63, 255, 255, 216
58,15 : 152, 62, 158, 250, 20, 139, 251, 248, 151
58,16 : 20, 144, 156, 155, 63, 161, 255, 216, 105
58,17 : 62, 158, 153, 20, 139, 154, 248, 151, 85
58,18 : 144, 156, 148, 63, 161, 151, 216, 105, 60
58,19 : 158, 153, 160, 139, 154, 160, 151, 85, 47
58,20 : 156, 148, 156, 161, 151, 159, 105, 60, 43
58,21 : 153, 160, 147, 154, 160, 154, 85, 47, 41
58,22 : 148, 156, 152, 151, 159, 157, 60, 43, 44
58,23 : 160, 147, 158, 160, 154, 158, 47, 41, 48
58,24 : 156, 152, 150, 159, 157, 155, 43, 44, 76
58,25 : 147, 158, 147, 154, 158, 142, 41, 48, 105
58,26 : 152, 150, 158, 157, 155, 152, 44, 76, 155
58,27 : 158, 147, 155, 158, 142, 130, 48, 105, 175
58,28 : 150, 158, 148, 155, 152, 108, 76, 155, 208
58,29 : 147, 155, 153, 142, 130, 90, 105, 175, 227
58,30 : 158, 148, 159, 152, 108, 39, 155, 208, 245
58,31 : 155, 153, 149, 130, 90, 11, 175, 227, 254
58,32 : 148, 159, 157, 108, 39, 14, 208, 245, 232
58,33 : 153, 149, 155, 90, 11, 7, 227, 254, 63
58,34 : 159, 157, 84, 39, 14, 24, 245, 232, 3
58,35 : 149, 155, 8, 11, 7, 197, 254, 63, 91
58,36 : 157, 84, 15, 14, 24, 251, 232, 3, 236
58,37 : 155, 8, 87, 7, 197, 252, 63, 91, 251
58,38 : 84, 15, 211, 24, 251, 252, 3, 236, 249
58,39 : 8, 87, 252, 197, 252, 244, 91, 251, 249
58,40 : 15, 211, 250, 251, 252, 252, 236, 249, 226
58,41 : 87, 252, 253, 252, 244, 237, 251, 249, 91
58,42 : 211, 250, 251, 252, 252, 146, 249, 226, 4
58,43 : 252, 253, 251, 244, 237, 111, 249, 91, 5
58,44 : 250, 251, 249, 252, 146, 142, 226, 4, 21
58,45 : 253, 251, 252, 237, 111, 189, 91, 5, 131
58,46 : 251, 249, 254, 146, 142, 242, 4, 21, 166
58,47 : 251, 252, 252, 111, 189, 252, 5, 131, 226
58,48 : 249, 254, 255, 142, 242, 255, 21, 166, 255
58,49 : 252, 252, 254, 189, 252, 252, 131, 226, 251
58,50 : 254, 255, 253, 242, 255, 255, 166, 255, 253
58,51 : 252, 254, 255, 252, 252, 255, 226, 251, 253
58,52 : 255, 253, 252, 255, 255, 253, 255, 253, 255
58,53 : 254, 255, 255, 252, 255, 253, 251, 253, 253
58,54 : 253, 252, 255, 255, 253, 255, 253, 255, 254
58,55 : 255, 255, 254, 255, 253, 255, 253, 253, 255
58,56 : 252, 255, 255, 253, 255, 255, 255, 254, 255
58,57 : 255, 254, 254, 253, 255, 255, 253, 255, 255
58,58 : 255, 255, 255, 255, 255, 255, 254, 255, 254
58,59 : 254, 254, 254, 255, 255, 255, 255, 255, 255
58,60 : 255, 255, 255, 255, 255, 255, 255, 254, 255
58,61 : 254, 254, 254, 255, 255, 255, 255, 255, 255
58,62 : 255, 255, 254, 255, 255, 253, 254, 255, 255
58,63 : 254, 254, 255, 255, 255, 255, 255, 255, 252
58,64 : 255, 254, 255, 255, 253, 255, 255, 255, 255
58,65 : 254, 255, 253, 255, 255, 254, 255, 252, 254
58,66 : 254, 255, 254, 253, 255, 253, 255, 255, 254
58,67 : 255, 253, 255, 255, 254, 253, 252, 254, 250
58,68 : 255, 254, 253, 255, 253, 255, 255, 254, 249
58,69 : 253, 255, 255, 254, 253, 255, 254, 250, 241
58,70 : 254, 253, 255, 253, 255, 252, 254, 249, 211
58,71 : 255, 255, 253, 253, 255, 255, 250, 241, 171
58,72 : 253, 255, 255, 255, 252, 253, 249, 211, 154
58,73 : 255, 253, 255, 255, 255, 253, 241, 171, 109
58,74 : 255, 255, 255, 252, 253, 255, 211, 154, 64
58,75 : 253, 255, 253, 255, 253, 254, 171, 109, 26
58,76 : 255, 255, 255, 253, 255, 255, 154, 64, 15
58,77 : 255, 253, 254, 253, 254, 252, 109, 26, 11
58,78 : 255, 255, 255, 255, 255, 253, 64, 15, 14
58,79 : 253, 254, 255, 254, 252, 255, 26, 11, 14
58,80 : 255, 255, 255, 255, 253, 255, 15, 14, 21
58,81 : 254, 255, 255, 252, 255, 253, 11, 14, 38
58,82 : 255, 255, 255, 253, 255, 253, 14, 21, 56
58,83 : 255, 255, 253, 255, 253, 253, 14, 38, 67
58,84 : 255, 255, 253, 255, 253, 253, 21, 56, 78
58,85 : 255, 253, 255, 253, 253, 255, 38, 67, 90
58,86 : 255, 253, 255, 253, 253, 249, 56, 78, 104
58,87 : 253, 255, 254, 253, 255, 238, 67, 90, 110
58,88 : 253, 255, 255, 253, 249, 246, 78, 104, 21
58,89 : 255, 254, 255, 255, 238, 247, 90, 110, 4
58,90 : 255, 255, 255, 249, 246, 255, 104, 21, 55
58,91 : 254, 255, 254, 238, 247, 254, 110, 4, 199
58,92 : 255, 255, 236, 246, 255, 254, 21, 55, 252
58,93 : 255, 254, 95, 247, 254, 244, 4, 199, 248
58,94 : 255, 236, 5, 255, 254, 228, 55, 252, 250
58,95 : 254, 95, 50, 254, 244, 101, 199, 248, 255
58,96 : 236, 5, 187, 254, 228, 14, 252, 250, 251
58,97 : 95, 50, 230, 244, 101, 7, 248, 255, 109
58,98 : 5, 187, 252, 228, 14, 65, 250, 251, 1
58,99 : 50, 230, 255, 101, 7, 218, 255, 109, 31
58,100 : 187, 252, 252, 14, 65, 255, 251, 1, 198
58,101 : 230, 255, 254, 7, 218, 251, 109, 31, 253
58,102 : 252, 252, 255, 65, 255, 255, 1, 198, 252
58,103 : 255, 254, 255, 218, 251, 255, 31, 253, 252
58,104 : 252, 255, 255, 255, 255, 255, 198, 252, 253
58,105 : 254, 255, 255, 251, 255, 255, 253, 252, 253
58,106 : 255, 255, 255, 255, 255, 255, 252, 253, 254
58,107 : 255, 255, 255, 255, 255, 255, 252, 253, 255
58,108 : 255, 255, 255, 255, 255, 255, 253, 254, 255
58,109 : 255, 255, 255, 255, 255, 255, 253, 255, 255
58,110 : 255, 255, 255, 255, 255, 255, 254, 255, 255
58,111 : 255, 255, 255, 255, 255, 255, 255, 255, 255
58,112 : 255, 255, 255, 255, 255, 255, 255, 255, 255
58,113 : 255, 255, 255, 255, 255, 255, 255, 255, 255
58,114 : 255, 255, 255, 255, 255, 255, 255, 255, 255
58,115 : 255, 255, 255, 255, 255, 255, 255, 255, 255
58,116 : 255, 255, 255, 255, 255, 255, 255, 255, 255
58,117 : 255, 255, 255, 255, 255, 255, 255, 255, 255
58,118 : 255, 255, 255, 255, 255, 255, 255, 255, 255
58,119 : 255, 255, 255, 255, 255, 255, 255, 255, 255
58,120 : 255, 255, 255, 255, 255, 255, 255, 255, 255
58,121 : 255, 255, 255, 255, 255, 255, 255, 255, 255
58,122 : 255, 255, 255, 255, 255, 255, 255, 255, 255
58,123 : 255, 255, 255, 255, 255, 255, 255, 255, 255
58,124 : 255, 255, 255, 255, 255, 255, 255, 255, 255
58,125 : 255, 255, 255, 255, 255, 255, 255, 255, 255
58,126 : 255, 255, 0, 255, 255, 0, 255, 255, 0
58,127 : 255, 255, 0, 255, 255, 0, 255, 255, 0
59,0 : 0, 255, 255, 0, 255, 255, 0, 255, 255
59,1 : 0, 255, 255, 0, 255, 255, 0, 255, 255
59,2 : 255, 255, 255, 255, 255, 255, 255, 255, 255
59,3 : 255, 255, 255, 255, 255, 255, 255, 255, 255
59,4 : 255, 255, 255, 255, 255, 255, 255, 255, 255
59,5 : 255, 255, 255, 255, 255, 255, 255, 255, 254
59,6 : 255, 255, 255, 255, 255, 255, 255, 255, 250
59,7 : 255, 255, 253, 255, 255, 253, 255, 254, 255
59,8 : 255, 255, 254, 255, 255, 254, 255, 250, 255
59,9 : 255, 253, 251, 255, 253, 252, 254, 255, 255
59,10 : 255, 254, 255, 255, 254, 254, 250, 255, 255
59,11 : 253, 251, 218, 253, 252, 250, 255, 255, 252
59,12 : 254, 255, 53, 254, 254, 233, 255, 255, 255
59,13 : 251, 218, 31, 252, 250, 137, 255, 252, 255
59,14 : 255, 53, 124, 254, 233, 34, 255, 255, 254
59,15 : 218, 31, 155, 250, 137, 33, 252, 255, 254
59,16 : 53, 124, 161, 233, 34, 60, 255, 254, 253
59,17 : 31, 155, 153, 137, 33, 75, 255, 254, 250
59,18 : 124, 161, 146, 34, 60, 87, 254, 253, 247
59,19 : 155, 153, 158, 33, 75, 113, 254, 250, 244
59,20 : 161, 146, 156, 60, 87, 109, 253, 247, 239
59,21 : 153, 158, 149, 75, 113, 111, 250, 244, 244
59,22 : 146, 156, 150, 87, 109, 85, 247, 239, 246
59,23 : 158, 149, 160, 113, 111, 76, 244, 244, 247
59,24 : 156, 150, 152, 109, 85, 55, 239, 246, 250
59,25 : 149, 160, 147, 111, 76, 33, 244, 247, 255
59,26 : 150, 152, 155, 85, 55, 18, 246, 250, 255
59,27 : 160, 147, 157, 76, 33, 7, 247, 255, 254
59,28 : 152, 155, 149, 55, 18, 12, 250, 255, 251
59,29 : 147, 157, 152, 33, 7, 29, 255, 254, 253
59,30 : 155, 149, 154, 18, 12, 64, 255, 251, 255
59,31 : 157, 152, 131, 7, 29, 135, 254, 253, 253
59,32 : 149, 154, 73, 12, 64, 193, 251, 255, 241
59,33 : 152, 131, 21, 29, 135, 47, 253, 253, 67
59,34 : 154, 73, 8, 64, 193, 10, 255, 241, 2
59,35 : 131, 21, 51, 135, 47, 142, 253, 67, 61
59,36 : 73, 8, 159, 193, 10, 247, 241, 2, 230
59,37 : 21, 51, 244, 47, 142, 250, 67, 61, 254
59,38 : 8, 159, 252, 10, 247, 249, 2, 230, 255
59,39 : 51, 244, 252, 142, 250, 255, 61, 254, 252
59,40 : 159, 252, 250, 247, 249, 250, 230, 255, 204
59,41 : 244, 252, 249, 250, 255, 196, 254, 252, 43
59,42 : 252, 250, 230, 249, 250, 35, 255, 204, 4
59,43 : 252, 249, 182, 255, 196, 2, 252, 43, 0
59,44 : 250, 230, 192, 250, 35, 66, 204, 4, 9
59,45 : 249, 182, 238, 196, 2, 159, 43, 0, 86
59,46 : 230, 192, 250, 35, 66, 199, 4, 9, 151
59,47 : 182, 238, 255, 2, 159, 247, 0, 86, 187
59,48 : 192, 250, 249, 66, 199, 249, 9, 151, 238
59,49 : 238, 255, 254, 159, 247, 250, 86, 187, 248
59,50 : 250, 249, 254, 199, 249, 252, 151, 238, 255
59,51 : 255, 254, 251, 247, 250, 255, 187, 248, 254
59,52 : 249, 254, 255, 249, 252, 254, 238, 255, 255
59,53 : 254, 251, 253, 250, 255, 255, 248, 254, 255
59,54 : 254, 255, 255, 252, 254, 255, 255, 255, 253
59,55 : 251, 253, 254, 255, 255, 255, 254, 255, 255
59,56 : 255, 255, 255, 254, 255, 254, 255, 253, 255
59,57 : 253, 254, 253, 255, 255, 253, 255, 255, 255
59,58 : 255, 255, 255, 255, 254, 255, 253, 255, 255
59,59 : 254, 253, 252, 255, 253, 255, 255, 255, 255
59,60 : 255, 255, 255, 254, 255, 255, 255, 255, 254
59,61 : 253, 252, 255, 253, 255, 254, 255, 255, 252
59,62 : 255, 255, 255, 255, 255, 255, 255, 254, 244
59,63 : 252, 255, 255, 255, 254, 254, 255, 252, 243
59,64 : 255, 255, 255, 255, 255, 254, 254, 244, 235
59,65 : 255, 255, 255, 254, 254, 255, 252, 243, 202
59,66 : 255, 255, 255, 255, 254, 255, 244, 235, 173
59,67 : 255, 255, 255, 254, 255, 254, 243, 202, 133
59,68 : 255, 255, 254, 254, 255, 255, 235, 173, 81
59,69 : 255, 255, 254, 255, 254, 254, 202, 133, 35
59,70 : 255, 254, 255, 255, 255, 255, 173, 81, 13
59,71 : 255, 254, 252, 254, 254, 255, 133, 35, 12
59,72 : 254, 255, 255, 255, 255, 255, 81, 13, 17
59,73 : 254, 252, 255, 254, 255, 253, 35, 12, 25
59,74 : 255, 255, 253, 255, 255, 246, 13, 17, 64
59,75 : 252, 255, 255, 255, 253, 214, 12, 25, 117
59,76 : 255, 253, 255, 255, 246, 210, 17, 64, 154
59,77 : 255, 255, 255, 253, 214, 193, 25, 117, 182
59,78 : 253, 255, 255, 246, 210, 181, 64, 154, 191
59,79 : 255, 255, 255, 214, 193, 180, 117, 182, 210
59,80 : 255, 255, 254, 210, 181, 163, 154, 191, 229
59,81 : 255, 255, 254, 193, 180, 136, 182, 210, 239
59,82 : 255, 254, 255, 181, 163, 121, 191, 229, 245
59,83 : 255, 254, 255, 180, 136, 114, 210, 239, 250
59,84 : 254, 255, 254, 163, 121, 98, 229, 245, 253
59,85 : 254, 255, 253, 136, 114, 80, 239, 250, 255
59,86 : 255, 254, 253, 121, 98, 46, 245, 253, 255
59,87 : 255, 253, 255, 114, 80, 33, 250, 255, 248
59,88 : 254, 253, 255, 98, 46, 27, 253, 255, 159
59,89 : 253, 255, 255, 80, 33, 70, 255, 248, 24
59,90 : 253, 255, 254, 46, 27, 185, 255, 159, 2
59,91 : 255, 255, 252, 33, 70, 249, 248, 24, 32
59,92 : 255, 254, 250, 27, 185, 250, 159, 2, 142
59,93 : 255, 252, 229, 70, 249, 255, 24, 32, 199
59,94 : 254, 250, 65, 185, 250, 253, 2, 142, 208
59,95 : 252, 229, 3, 249, 255, 248, 32, 199, 187
59,96 : 250, 65, 11, 250, 253, 126, 142, 208, 165
59,97 : 229, 3, 42, 255, 248, 16, 199, 187, 62
59,98 : 65, 11, 200, 253, 126, 6, 208, 165, 4
59,99 : 3, 42, 255, 248, 16, 66, 187, 62, 58
59,100 : 11, 200, 249, 126, 6, 228, 165, 4, 233
59,101 : 42, 255, 255, 16, 66, 255, 62, 58, 252
59,102 : 200, 249, 255, 6, 228, 254, 4, 233, 251
59,103 : 255, 255, 255, 66, 255, 254, 58, 252, 251
59,104 : 249, 255, 255, 228, 254, 254, 233, 251, 252
59,105 : 255, 255, 255, 255, 254, 254, 252, 251, 253
59,106 : 255, 255, 255, 254, 254, 255, 251, 252, 254
59,107 : 255, 255, 255, 254, 254, 255, 251, 253, 254
59,108 : 255, 255, 255, 254, 255, 255, 252, 254, 255
59,109 : 255, 255, 255, 254, 255, 255, 253, 254, 255
59,110 : 255, 255, 255, 255, 255, 255, 254, 255, 255
59,111 : 255, 255, 255, 255, 255, 255, 254, 255, 255
59,112 : 255, 255, 255, 255, 255, 255, 255, 255, 255
59,113 : 255, 255, 255, 255, 255, 255, 255, 255, 255
59,114 : 255, 255, 255, 255, 255, 255, 255, 255, 255
59,115 : 255, 255, 255, 255, 255, 255, 255, 255, 255
59,116 : 255, 255, 255, 255, 255, 255, 255, 255, 255
59,117 : 255, 255, 255, 255, 255, 255, 255, 255, 255
59,118 : 255, 255, 255, 255, 255, 255, 255, 255, 255
59,119 : 255, 255, 255, 255, 255, 255, 255, 255, 255
59,120 : 255, 255, 255, 255, 255, 255, 255, 255, 255
59,121 : 255, 255, 255, 255, 255, 255, 255, 255, 255
59,122 : 255, 255, 255, 255, 255, 255, 255, 255, 255
59,123 : 255, 255, 255, 255, 255, 255, 255, 255, 255
59,124 : 255, 255, 255, 255, 255, 255, 255, 255, 255
59,125 : 255, 255, 255, 255, 255, 255, 255, 255, 255
59,126 : 255, 255, 0, 255, 255, 0, 255, 255, 0
59,127 : 255, 255, 0, 255, 255, 0, 255, 255, 0
60,0 : 0, 255, 255, 0, 255, 255, 0, 255, 255
60,1 : 0, 255, 255, 0, 255, 255, 0, 255, 255
60,2 : 255, 255, 255, 255, 255, 255, 255, 255, 255
60,3 : 255, 255, 255, 255, 255, 255, 255, 255, 255
60,4 : 255, 255, 255, 255, 255, 255, 255, 255, 255
60,5 : 255, 255, 255, 255, 255, 255, 255, 255, 255
60,6 : 255, 255, 253, 255, 255, 255, 255, 255, 255
60,7 : 255, 255, 255, 255, 255, 255, 255, 255, 254
60,8 : 255, 253, 255, 255, 255, 252, 255, 255, 255
60,9 : 255, 255, 255, 255, 255, 252, 255, 254, 249
60,10 : 253, 255, 251, 255, 252, 255, 255, 255, 255
60,11 : 255, 255, 250, 255, 252, 251, 254, 249, 255
60,12 : 255, 251, 155, 252, 255, 255, 255, 255, 249
60,13 : 255, 250, 20, 252, 251, 248, 249, 255, 255
60,14 : 251, 155, 63, 255, 255, 216, 255, 249, 252
60,15 : 250, 20, 139, 251, 248, 151, 255, 255, 255
60,16 : 155, 63, 161, 255, 216, 105, 249, 252, 252
60,17 : 20, 139, 154, 248, 151, 85, 255, 255, 255
60,18 : 63, 161, 151, 216, 105, 60, 252, 252, 254
60,19 : 139, 154, 160, 151, 85, 47, 255, 255, 252
60,20 : 161, 151, 159, 105, 60, 43, 252, 254, 255
60,21 : 154, 160, 154, 85, 47, 41, 255, 252, 251
60,22 : 151, 159, 157, 60, 43, 44, 254, 255, 253
60,23 : 160, 154, 158, 47, 41, 48, 252, 251, 253
60,24 : 159, 157, 155, 43, 44, 76, 255, 253, 255
60,25 : 154, 158, 142, 41, 48, 105, 251, 253, 251
60,26 : 157, 155, 152, 44, 76, 155, 253, 255, 253
60,27 : 158, 142, 130, 48, 105, 175, 253, 251, 252
60,28 : 155, 152, 108, 76, 155, 208, 255, 253, 255
60,29 : 142, 130, 90, 105, 175, 227, 251, 252, 255
60,30 : 152, 108, 39, 155, 208, 245, 253, 255, 254
60,31 : 130, 90, 11, 175, 227, 254, 252, 255, 255
60,32 : 108, 39, 14, 208, 245, 232, 255, 254, 243
60,33 : 90, 11, 7, 227, 254, 63, 255, 255, 72
60,34 : 39, 14, 24, 245, 232, 3, 254, 243, 1
60,35 : 11, 7, 197, 254, 63, 91, 255, 72, 40
60,36 : 14, 24, 251, 232, 3, 236, 243, 1, 207
60,37 : 7, 197, 252, 63, 91, 251, 72, 40, 252
60,38 : 24, 251, 252, 3, 236, 249, 1, 207, 250
60,39 : 197, 252, 244, 91, 251, 249, 40, 252, 255
60,40 : 251, 252, 252, 236, 249, 226, 207, 250, 228
60,41 : 252, 244, 237, 251, 249, 91, 252, 255, 74
60,42 : 252, 252, 146, 249, 226, 4, 250, 228, 4
60,43 : 244, 237, 111, 249, 91, 5, 255, 74, 1
60,44 : 252, 146, 142, 226, 4, 21, 228, 4, 6
60,45 : 237, 111, 189, 91, 5, 131, 74, 1, 32
60,46 : 146, 142, 242, 4, 21, 166, 4, 6, 113
60,47 : 111, 189, 252, 5, 131, 226, 1, 32, 160
60,48 : 142, 242, 255, 21, 166, 255, 6, 113, 193
60,49 : 189, 252, 252, 131, 226, 251, 32, 160, 245
60,50 : 242, 255, 255, 166, 255, 253, 113, 193, 252
60,51 : 252, 252, 255, 226, 251, 253, 160, 245, 252
60,52 : 255, 255, 253, 255, 253, 255, 193, 252, 254
60,53 : 252, 255, 253, 251, 253, 253, 245, 252, 255
60,54 : 255, 253, 255, 253, 255, 254, 252, 254, 255
60,55 : 255, 253, 255, 253, 253, 255, 252, 255, 254
60,56 : 253, 255, 255, 255, 254, 255, 254, 255, 249
60,57 : 253, 255, 255, 253, 255, 255, 255, 254, 252
60,58 : 255, 255, 255, 254, 255, 254, 255, 249, 238
60,59 : 255, 255, 255, 255, 255, 255, 254, 252, 199
60,60 : 255, 255, 255, 255, 254, 255, 249, 238, 133
60,61 : 255, 255, 255, 255, 255, 255, 252, 199, 82
60,62 : 255, 255, 253, 254, 255, 255, 238, 133, 49
60,63 : 255, 255, 255, 255, 255, 252, 199, 82, 27
60,64 : 255, 253, 255, 255, 255, 255, 133, 49, 25
60,65 : 255, 255, 254, 255, 252, 254, 82, 27, 16
60,66 : 253, 255, 253, 255, 255, 254, 49, 25, 14
60,67 : 255, 254, 253, 252, 254, 250, 27, 16, 14
60,68 : 255, 253, 255, 255, 254, 249, 25, 14, 49
60,69 : 254, 253, 255, 254, 250, 241, 16, 14, 98
60,70 : 253, 255, 252, 254, 249, 211, 14, 49, 149
60,71 : 253, 255, 255, 250, 241, 171, 14, 98, 195
60,72 : 255, 252, 253, 249, 211, 154, 49, 149, 213
60,73 : 255, 255, 253, 241, 171, 109, 98, 195, 226
60,74 : 252, 253, 255, 211, 154, 64, 149, 213, 243
60,75 : 255, 253, 254, 171, 109, 26, 195, 226, 250
60,76 : 253, 255, 255, 154, 64, 15, 213, 243, 251
60,77 : 253, 254, 252, 109, 26, 11, 226, 250, 253
60,78 : 255, 255, 253, 64, 15, 14, 243, 251, 252
60,79 : 254, 252, 255, 26, 11, 14, 250, 253, 255
60,80 : 255, 253, 255, 15, 14, 21, 251, 252, 255
60,81 : 252, 255, 253, 11, 14, 38, 253, 255, 255
60,82 : 253, 255, 253, 14, 21, 56, 252, 255, 255
60,83 : 255, 253, 253, 14, 38, 67, 255, 255, 254
60,84 : 255, 253, 253, 21, 56, 78, 255, 255, 252
60,85 : 253, 253, 255, 38, 67, 90, 255, 254, 253
60,86 : 253, 253, 249, 56, 78, 104, 255, 252, 250
60,87 : 253, 255, 238, 67, 90, 110, 254, 253, 254
60,88 : 253, 249, 246, 78, 104, 21, 252, 250, 245
60,89 : 255, 238, 247, 90, 110, 4, 253, 254, 155
60,90 : 249, 246, 255, 104, 21, 55, 250, 245, 40
60,91 : 238, 247, 254, 110, 4, 199, 254, 155, 9
60,92 : 246, 255, 254, 21, 55, 252, 245, 40, 1
60,93 : 247, 254, 244, 4, 199, 248, 155, 9, 15
60,94 : 255, 254, 228, 55, 252, 250, 40, 1, 9
60,95 : 254, 244, 101, 199, 248, 255, 9, 15, 0
60,96 : 254, 228, 14, 252, 250, 251, 1, 9, 6
60,97 : 244, 101, 7, 248, 255, 109, 15, 0, 24
60,98 : 228, 14, 65, 250, 251, 1, 9, 6, 91
60,99 : 101, 7, 218, 255, 109, 31, 0, 24, 204
60,100 : 14, 65, 255, 251, 1, 198, 6, 91, 250
60,101 : 7, 218, 251, 109, 31, 253, 24, 204, 249
60,102 : 65, 255, 255, 1, 198, 252, 91, 250, 252
60,103 : 218, 251, 255, 31, 253, 252, 204, 249, 252
60,104 : 255, 255, 255, 198, 252, 253, 250, 252, 253
60,105 : 251, 255, 255, 253, 252, 253, 249, 252, 253
60,106 : 255, 255, 255, 252, 253, 254, 252, 253, 254
60,107 : 255, 255, 255, 252, 253, 255, 252, 253, 254
60,108 : 255, 255, 255, 253, 254, 255, 253, 254, 255
60,109 : 255, 255, 255, 253, 255, 255, 253, 254, 255
60,110 : 255, 255, 255, 254, 255, 255, 254, 255, 255
60,111 : 255, 255, 255, 255, 255, 255, 254, 255, 255
60,112 : 255, 255, 255, 255, 255, 255, 255, 255, 255
60,113 : 255, 255, 255, 255, 255, 255, 255, 255, 255
60,114 : 255, 255, 255, 255, 255, 255, 255, 255, 255
60,115 : 255, 255, 255, 255, 255, 255, 255, 255, 255
60,116 : 255, 255, 255, 255, 255, 255, 255, 255, 255
60,117 : 255, 255, 255, 255, 255, 255, 255, 255, 255
60,118 : 255, 255, 255, 255, 255, 255, 255, 255, 255
60,119 : 255, 255, 255, 255, 255, 255, 255, 255, 255
60,120 : 255, 255, 255, 255, 255, 255, 255, 255, 255
60,121 : 255, 255, 255, 255, 255, 255, 255, 255, 255
60,122 : 255, 255, 255, 255, 255, 255, 255, 255, 255
60,123 : 255, 255, 255, 255, 255, 255, 255, 255, 255
60,124 : 255, 255, 255, 255, 255, 255, 255, 255, 255
60,125 : 255, 255, 255, 255, 255, 255, 255, 255, 255
60,126 : 255, 255, 0, 255, 255, 0, 255, 255, 0
60,127 : 255, 255, 0, 255, 255, 0, 255, 255, 0
61,0 : 0, 255, 255, 0, 255, 255, 0, 255, 255
61,1 : 0, 255, 255, 0, 255, 255, 0, 255, 255
61,2 : 255, 255, 255, 255, 255, 255, 255, 255, 255
61,3 : 255, 255, 255, 255, 255, 255, 255, 255, 255
61,4 : 255, 255, 255, 255, 255, 255, 255, 255, 255
61,5 : 255, 255, 255, 255, 255, 254, 255, 255, 255
61,6 : 255, 255, 255, 255, 255, 250, 255, 255, 255
61,7 : 255, 255, 253, 255, 254, 255, 255, 255, 253
61,8 : 255, 255, 254, 255, 250, 255, 255, 255, 255
61,9 : 255, 253, 252, 254, 255, 255, 255, 253, 255
61,10 : 255, 254, 254, 250, 255, 255, 255, 255, 254
61,11 : 253, 252, 250, 255, 255, 252, 253, 255, 255
61,12 : 254, 254, 233, 255, 255, 255, 255, 254, 255
61,13 : 252, 250, 137, 255, 252, 255, 255, 255, 255
61,14 : 254, 233, 34, 255, 255, 254, 254, 255, 255
61,15 : 250, 137, 33, 252, 255, 254, 255, 255, 255
61,16 : 233, 34, 60, 255, 254, 253, 255, 255, 255
61,17 : 137, 33, 75, 255, 254, 250, 255, 255, 254
61,18 : 34, 60, 87, 254, 253, 247, 255, 255, 255
61,19 : 33, 75, 113, 254, 250, 244, 255, 254, 255
61,20 : 60, 87, 109, 253, 247, 239, 255, 255, 253
61,21 : 75, 113, 111, 250, 244, 244, 254, 255, 255
61,22 : 87, 109, 85, 247, 239, 246, 255, 253, 255
61,23 : 113, 111, 76, 244, 244, 247, 255, 255, 255
61,24 : 109, 85, 55, 239, 246, 250, 253, 255, 255
61,25 : 111, 76, 33, 244, 247, 255, 255, 255, 255
61,26 : 85, 55, 18, 246, 250, 255, 255, 255, 255
61,27 : 76, 33, 7, 247, 255, 254, 255, 255, 255
61,28 : 55, 18, 12, 250, 255, 251, 255, 255, 255
61,29 : 33, 7, 29, 255, 254, 253, 255, 255, 253
61,30 : 18, 12, 64, 255, 251, 255, 255, 255, 254
61,31 : 7, 29, 135, 254, 253, 253, 255, 253, 255
61,32 : 12, 64, 193, 251, 255, 241, 255, 254, 249
61,33 : 29, 135, 47, 253, 253, 67, 253, 255, 153
61,34 : 64, 193, 10, 255, 241, 2, 254, 249, 20
61,35 : 135, 47, 142, 253, 67, 61, 255, 153, 2
61,36 : 193, 10, 247, 241, 2, 230, 249, 20, 81
61,37 : 47, 142, 250, 67, 61, 254, 153, 2, 204
61,38 : 10, 247, 249, 2, 230, 255, 20, 81, 241
61,39 : 142, 250, 255, 61, 254, 252, 2, 204, 243
61,40 : 247, 249, 250, 230, 255, 204, 81, 241, 214
61,41 : 250, 255, 196, 254, 252, 43, 204, 243, 76
61,42 : 249, 250, 35, 255, 204, 4, 241, 214, 2
61,43 : 255, 196, 2, 252, 43, 0, 243, 76, 12
61,44 : 250, 35, 66, 204, 4, 9, 214, 2, 11
61,45 : 196, 2, 159, 43, 0, 86, 76, 12, 4
61,46 : 35, 66, 199, 4, 9, 151, 2, 11, 10
61,47 : 2, 159, 247, 0, 86, 187, 12, 4, 90
61,48 : 66, 199, 249, 9, 151, 238, 11, 10, 160
61,49 : 159, 247, 250, 86, 187, 248, 4, 90, 212
61,50 : 199, 249, 252, 151, 238, 255, 10, 160, 254
61,51 : 247, 250, 255, 187, 248, 254, 90, 212, 252
61,52 : 249, 252, 254, 238, 255, 255, 160, 254, 252
61,53 : 250, 255, 255, 248, 254, 255, 212, 252, 249
61,54 : 252, 254, 255, 255, 255, 253, 254, 252, 244
61,55 : 255, 255, 255, 254, 255, 255, 252, 249, 219
61,56 : 254, 255, 254, 255, 253, 255, 252, 244, 165
61,57 : 255, 255, 253, 255, 255, 255, 249, 219, 98
61,58 : 255, 254, 255, 253, 255, 255, 244, 165, 37
61,59 : 255, 253, 255, 255, 255, 255, 219, 98, 13
61,60 : 254, 255, 255, 255, 255, 254, 165, 37, 14
61,61 : 253, 255, 254, 255, 255, 252, 98, 13, 26
61,62 : 255, 255, 255, 255, 254, 244, 37, 14, 64
61,63 : 255, 254, 254, 255, 252, 243, 13, 26, 105
61,64 : 255, 255, 254, 254, 244, 235, 14, 64, 163
61,65 : 254, 254, 255, 252, 243, 202, 26, 105, 175
61,66 : 255, 254, 255, 244, 235, 173, 64, 163, 197
61,67 : 254, 255, 254, 243, 202, 133, 105, 175, 220
61,68 : 254, 255, 255, 235, 173, 81, 163, 197, 238
61,69 : 255, 254, 254, 202, 133, 35, 175, 220, 255
61,70 : 255, 255, 255, 173, 81, 13, 197, 238, 254
61,71 : 254, 254, 255, 133, 35, 12, 220, 255, 253
61,72 : 255, 255, 255, 81, 13, 17, 238, 254, 255
61,73 : 254, 255, 253, 35, 12, 25, 255, 253, 253
61,74 : 255, 255, 246, 13, 17, 64, 254, 255, 255
61,75 : 255, 253, 214, 12, 25, 117, 253, 253, 253
61,76 : 255, 246, 210, 17, 64, 154, 255, 255, 255
61,77 : 253, 214, 193, 25, 117, 182, 253, 253, 253
61,78 : 246, 210, 181, 64, 154, 191, 255, 255, 254
61,79 : 214, 193, 180, 117, 182, 210, 253, 253, 255
61,80 : 210, 181, 163, 154, 191, 229, 255, 254, 255
61,81 : 193, 180, 136, 182, 210, 239, 253, 255, 254
61,82 : 181, 163, 121, 191, 229, 245, 254, 255, 254
61,83 : 180, 136, 114, 210, 239, 250, 255, 254, 255
61,84 : 163, 121, 98, 229, 245, 253, 255, 254, 255
61,85 : 136, 114, 80, 239, 250, 255, 254, 255, 255
61,86 : 121, 98, 46, 245, 253, 255, 254, 255, 255
61,87 : 114, 80, 33, 250, 255, 248, 255, 255, 251
61,88 : 98, 46, 27, 253, 255, 159, 255, 255, 252
61,89 : 80, 33, 70, 255, 248, 24, 255, 251, 251
61,90 : 46, 27, 185, 255, 159, 2, 255, 252, 231
61,91 : 33, 70, 249, 248, 24, 32, 251, 251, 171
61,92 : 27, 185, 250, 159, 2, 142, 252, 231, 122
61,93 : 70, 249, 255, 24, 32, 199, 251, 171, 86
61,94 : 185, 250, 253, 2, 142, 208, 231, 122, 82
61,95 : 249, 255, 248, 32, 199, 187, 171, 86, 112
61,96 : 250, 253, 126, 142, 208, 165, 122, 82, 173
61,97 : 255, 248, 16, 199, 187, 62, 86, 112, 224
61,98 : 253, 126, 6, 208, 165, 4, 82, 173, 247
61,99 : 248, 16, 66, 187, 62, 58, 112, 224, 250
61,100 : 126, 6, 228, 165, 4, 233, 173, 247, 255
61,101 : 16, 66, 255, 62, 58, 252, 224, 250, 254
61,102 : 6, 228, 254, 4, 233, 251, 247, 255, 253
61,103 : 66, 255, 254, 58, 252, 251, 250, 254, 253
61,104 : 228, 254, 254, 233, 251, 252, 255, 253, 253
61,105 : 255, 254, 254, 252, 251, 253, 254, 253, 254
61,106 : 254, 254, 255, 251, 252, 254, 253, 253, 254
61,107 : 254, 254, 255, 251, 253, 254, 253, 254, 255
61,108 : 254, 255, 255, 252, 254, 255, 253, 254, 255
61,109 : 254, 255, 255, 253, 254, 255, 254, 255, 255
61,110 : 255, 255, 255, 254, 255, 255, 254, 255, 255
61,111 : 255, 255, 255, 254, 255, 255, 255, 255, 255
61,112 : 255, 255, 255, 255, 255, 255, 255, 255, 255
61,113 : 255, 255, 255, 255, 255, 255, 255, 255, 255
61,114 : 255, 255, 255, 255, 255, 255, 255, 255, 255
61,115 : 255, 255, 255, 255, 255, 255, 255, 255, 255
61,116 : 255, 255, 255, 255, 255, 255, 255, 255, 255
61,117 : 255, 255, 255, 255, 255, 255, 255, 255, 255
61,118 : 255, 255, 255, 255, 255, 255, 255, 255, 255
61,119 : 255, 255, 255, 255, 255, 255, 255, 255, 255
61,120 : 255, 255, 255, 255, 255, 255, 255, 255, 255
61,121 : 255, 255, 255, 255, 255, 255, 255, 255, 255
61,122 : 255, 255, 255, 255, 255, 255, 255, 255, 255
61,123 : 255, 255, 255, 255, 255, 255, 255, 255, 255
61,124 : 255, 255, 255, 255, 255, 255, 255, 255, 255
61,125 : 255, 255, 255, 255, 255, 255, 255, 255, 255
61,126 : 255, 255, 0, 255, 255, 0, 255, 255, 0
61,127 : 255, 255, 0, 255, 255, 0, 255, 255, 0
62,0 : 0, 255, 255, 0, 255, 255, 0, 255, 255
62,1 : 0, 255, 255, 0, 255, 255, 0, 255, 255
62,2 : 255, 255, 255, 255, 255, 255, 255, 255, 255
62,3 : 255, 255, 255, 255, 255, 255, 255, 255, 255
62,4 : 255, 255, 255, 255, 255, 255, 255, 255, 255
62,5 : 255, 255, 255, 255, 255, 255, 255, 255, 255
62,6 : 255, 255, 255, 255, 255, 255, 255, 255, 255
62,7 : 255, 255, 255, 255, 255, 254, 255, 255, 255
62,8 : 255, 255, 252, 255, 255, 255, 255, 255, 255
62,9 : 255, 255, 252, 255, 254, 249, 255, 255, 255
62,10 : 255, 252, 255, 255, 255, 255, 255, 255, 255
62,11 : 255, 252, 251, 254, 249, 255, 255, 255, 255
62,12 : 252, 255, 255, 255, 255, 249, 255, 255, 255
62,13 : 252, 251, 248, 249, 255, 255, 255, 255, 255
62,14 : 255, 255, 216, 255, 249, 252, 255, 255, 255
62,15 : 251, 248, 151, 255, 255, 255, 255, 255, 255
62,16 : 255, 216, 105, 249, 252, 252, 255, 255, 255
62,17 : 248, 151, 85, 255, 255, 255, 255, 255, 255
62,18 : 216, 105, 60, 252, 252, 254, 255, 255, 255
62,19 : 151, 85, 47, 255, 255, 252, 255, 255, 255
62,20 : 105, 60, 43, 252, 254, 255, 255, 255, 255
62,21 : 85, 47, 41, 255, 252, 251, 255, 255, 255
62,22 : 60, 43, 44, 254, 255, 253, 255, 255, 255
62,23 : 47, 41, 48, 252, 251, 253, 255, 255, 255
62,24 : 43, 44, 76, 255, 253, 255, 255, 255, 255
62,25 : 41, 48, 105, 251, 253, 251, 255, 255, 255
62,26 : 44, 76, 155, 253, 255, 253, 255, 255, 255
62,27 : 48, 105, 175, 253, 251, 252, 255, 255, 255
62,28 : 76, 155, 208, 255, 253, 255, 255, 255, 255
62,29 : 105, 175, 227, 251, 252, 255, 255, 255, 255
62,30 : 155, 208, 245, 253, 255, 254, 255, 255, 255
62,31 : 175, 227, 254, 252, 255, 255, 255, 255, 248
62,32 : 208, 245, 232, 255, 254, 243, 255, 255, 255
62,33 : 227, 254, 63, 255, 255, 72, 255, 248, 239
62,34 : 245, 232, 3, 254, 243, 1, 255, 255, 154
62,35 : 254, 63, 91, 255, 72, 40, 248, 239, 52
62,36 : 232, 3, 236, 243, 1, 207, 255, 154, 11
62,37 : 63, 91, 251, 72, 40, 252, 239, 52, 21
62,38 : 3, 236, 249, 1, 207, 250, 154, 11, 65
62,39 : 91, 251, 249, 40, 252, 255, 52, 21, 60
62,40 : 236, 249, 226, 207, 250, 228, 11, 65, 23
62,41 : 251, 249, 91, 252, 255, 74, 21, 60, 5
62,42 : 249, 226, 4, 250, 228, 4, 65, 23, 23
62,43 : 249, 91, 5, 255, 74, 1, 60, 5, 122
62,44 : 226, 4, 21, 228, 4, 6, 23, 23, 147
62,45 : 91, 5, 131, 74, 1, 32, 5, 122, 18
62,46 : 4, 21, 166, 4, 6, 113, 23, 147, 5
62,47 : 5, 131, 226, 1, 32, 160, 122, 18, 77
62,48 : 21, 166, 255, 6, 113, 193, 147, 5, 181
62,49 : 131, 226, 251, 32, 160, 245, 18, 77, 222
62,50 : 166, 255, 253, 113, 193, 252, 5, 181, 250
62,51 : 226, 251, 253, 160, 245, 252, 77, 222, 252
62,52 : 255, 253, 255, 193, 252, 254, 181, 250, 235
62,53 : 251, 253, 253, 245, 252, 255, 222, 252, 153
62,54 : 253, 255, 254, 252, 254, 255, 250, 235, 66
62,55 : 253, 253, 255, 252, 255, 254, 252, 153, 20
62,56 : 255, 254, 255, 254, 255, 249, 235, 66, 3
62,57 : 253, 255, 255, 255, 254, 252, 153, 20, 12
62,58 : 254, 255, 254, 255, 249, 238, 66, 3, 31
62,59 : 255, 255, 255, 254, 252, 199, 20, 12, 90
62,60 : 255, 254, 255, 249, 238, 133, 3, 31, 173
62,61 : 255, 255, 255, 252, 199, 82, 12, 90, 224
62,62 : 254, 255, 255, 238, 133, 49, 31, 173, 247
62,63 : 255, 255, 252, 199, 82, 27, 90, 224, 251
62,64 : 255, 255, 255, 133, 49, 25, 173, 247, 254
62,65 : 255, 252, 254, 82, 27, 16, 224, 251, 255
62,66 : 255, 255, 254, 49, 25, 14, 247, 254, 254
62,67 : 252, 254, 250, 27, 16, 14, 251, 255, 254
62,68 : 255, 254, 249, 25, 14, 49, 254, 254, 254
62,69 : 254, 250, 241, 16, 14, 98, 255, 254, 255
62,70 : 254, 249, 211, 14, 49, 149, 254, 254, 255
62,71 : 250, 241, 171, 14, 98, 195, 254, 255, 255
62,72 : 249, 211, 154, 49, 149, 213, 254, 255, 255
62,73 : 241, 171, 109, 98, 195, 226, 255, 255, 255
62,74 : 211, 154, 64, 149, 213, 243, 255, 255, 255
62,75 : 171, 109, 26, 195, 226, 250, 255, 255, 255
62,76 : 154, 64, 15, 213, 243, 251, 255, 255, 255
62,77 : 109, 26, 11, 226, 250, 253, 255, 255, 255
62,78 : 64, 15, 14, 243, 251, 252, 255, 255, 255
62,79 : 26, 11, 14, 250, 253, 255, 255, 255, 255
62,80 : 15, 14, 21, 251, 252, 255, 255, 255, 255
62,81 : 11, 14, 38, 253, 255, 255, 255, 255, 255
62,82 : 14, 21, 56, 252, 255, 255, 255, 255, 255
62,83 : 14, 38, 67, 255, 255, 254, 255, 255, 255
62,84 : 21, 56, 78, 255, 255, 252, 255, 255, 255
62,85 : 38, 67, 90, 255, 254, 253, 255, 255, 255
62,86 : 56, 78, 104, 255, 252, 250, 255, 255, 254
62,87 : 67, 90, 110, 254, 253, 254, 255, 255, 254
62,88 : 78, 104, 21, 252, 250, 245, 255, 254, 253
62,89 : 90, 110, 4, 253, 254, 155, 255, 254, 253
62,90 : 104, 21, 55, 250, 245, 40, 254, 253, 253
62,91 : 110, 4, 199, 254, 155, 9, 254, 253, 253
62,92 : 21, 55, 252, 245, 40, 1, 253, 253, 253
62,93 : 4, 199, 248, 155, 9, 15, 253, 253, 253
62,94 : 55, 252, 250, 40, 1, 9, 253, 253, 253
62,95 : 199, 248, 255, 9, 15, 0, 253, 253, 253
62,96 : 252, 250, 251, 1, 9, 6, 253, 253, 253
62,97 : 248, 255, 109, 15, 0, 24, 253, 253, 253
62,98 : 250, 251, 1, 9, 6, 91, 253, 253, 253
62,99 : 255, 109, 31, 0, 24, 204, 253, 253, 253
62,100 : 251, 1, 198, 6, 91, 250, 253, 253, 253
62,101 : 109, 31, 253, 24, 204, 249, 253, 253, 253
62,102 : 1, 198, 252, 91, 250, 252, 253, 253, 254
62,103 : 31, 253, 252, 204, 249, 252, 253, 253, 254
62,104 : 198, 252, 253, 250, 252, 253, 253, 254, 254
62,105 : 253, 252, 253, 249, 252, 253, 253, 254, 254
62,106 : 252, 253, 254, 252, 253, 254, 254, 254, 254
62,107 : 252, 253, 255, 252, 253, 254, 254, 254, 255
62,108 : 253, 254, 255, 253, 254, 255, 254, 254, 255
62,109 : 253, 255, 255, 253, 254, 255, 254, 255, 255
62,110 : 254, 255, 255, 254, 255, 255, 254, 255, 255
62,111 : 255, 255, 255, 254, 255, 255, 255, 255, 255
62,112 : 255, 255, 255, 255, 255, 255, 255, 255, 255
62,113 : 255, 255, 255, 255, 255, 255, 255, 255, 255
62,114 : 255, 255, 255, 255, 255, 255, 255, 255, 255
62,115 : 255, 255, 255, 255, 255, 255, 255, 255, 255
62,116 : 255, 255, 255, 255, 255, 255, 255, 255, 255
62,117 : 255, 255, 255, 255, 255, 255, 255, 255, 255
62,118 : 255, 255, 255, 255, 255, 255, 255, 255, 255
62,119 : 255, 255, 255, 255, 255, 255, 255, 255, 255
62,120 : 255, 255, 255, 255, 255, 255, 255, 255, 255
62,121 : 255, 255, 255, 255, 255, 255, 255, 255, 255
62,122 : 255, 255, 255, 255, 255, 255, 255, 255, 255
62,123 : 255, 255, 255, 255, 255, 255, 255, 255, 255
62,124 : 255, 255, 255, 255, 255, 255, 255, 255, 255
62,125 : 255, 255, 255, 255, 255, 255, 255, 255, 255
62,126 : 255, 255, 0, 255, 255, 0, 255, 255, 0
62,127 : 255, 255, 0, 255, 255, 0, 255, 255, 0
63,0 : 0, 255, 255, 0, 255, 255, 0, 255, 255
63,1 : 0, 255, 255, 0, 255, 255, 0, 255, 255
63,2 : 255, 255, 255, 255, 255, 255, 255, 255, 255
63,3 : 255, 255, 255, 255, 255, 255, 255, 255, 255
63,4 : 255, 255, 255, 255, 255, 255, 255, 255, 255
63,5 : 255, 255, 254, 255, 255, 255, 255, 255, 255
63,6 : 255, 255, 250, 255, 255, 255, 255, 255, 255
63,7 : 255, 254, 255, 255, 255, 253, 255, 255, 255
63,8 : 255, 250, 255, 255, 255, 255, 255, 255, 255
63,9 : 254, 255, 255, 255, 253, 255, 255, 255, 255
63,10 : 250, 255, 255, 255, 255, 254, 255, 255, 255
63,11 : 255, 255, 252, 253, 255, 255, 255, 255, 255
63,12 : 255, 255, 255, 255, 254, 255, 255, 255, 255
63,13 : 255, 252, 255, 255, 255, 255, 255, 255, 255
63,14 : 255, 255, 254, 254, 255, 255, 255, 255, 255
63,15 : 252, 255, 254, 255, 255, 255, 255, 255, 255
63,16 : 255, 254, 253, 255, 255, 255, 255, 255, 255
63,17 : 255, 254, 250, 255, 255, 254, 255, 255, 255
63,18 : 254, 253, 247, 255, 255, 255, 255, 255, 255
63,19 : 254, 250, 244, 255, 254, 255, 255, 255, 255
63,20 : 253, 247, 239, 255, 255, 253, 255, 255, 255
63,21 : 250, 244, 244, 254, 255, 255, 255, 255, 255
63,22 : 247, 239, 246, 255, 253, 255, 255, 255, 255
63,23 : 244, 244, 247, 255, 255, 255, 255, 255, 255
63,24 : 239, 246, 250, 253, 255, 255, 255, 255, 255
63,25 : 244, 247, 255, 255, 255, 255, 255, 255, 255
63,26 : 246, 250, 255, 255, 255, 255, 255, 255, 255
63,27 : 247, 255, 254, 255, 255, 255, 255, 255, 255
63,28 : 250, 255, 251, 255, 255, 255, 255, 255, 255
63,29 : 255, 254, 253, 255, 255, 253, 255, 255, 255
63,30 : 255, 251, 255, 255, 255, 254, 255, 255, 253
63,31 : 254, 253, 253, 255, 253, 255, 255, 255, 255
63,32 : 251, 255, 241, 255, 254, 249, 255, 253, 254
63,33 : 253, 253, 67, 253, 255, 153, 255, 255, 250
63,34 : 255, 241, 2, 254, 249, 20, 253, 254, 252
63,35 : 253, 67, 61, 255, 153, 2, 255, 250, 235
63,36 : 241, 2, 230, 249, 20, 81, 254, 252, 159
63,37 : 67, 61, 254, 153, 2, 204, 250, 235, 72
63,38 : 2, 230, 255, 20, 81, 241, 252, 159, 51
63,39 : 61, 254, 252, 2, 204, 243, 235, 72, 61
63,40 : 230, 255, 204, 81, 241, 214, 159, 51, 97
63,41 : 254, 252, 43, 204, 243, 76, 72, 61, 140
63,42 : 255, 204, 4, 241, 214, 2, 51, 97, 197
63,43 : 252, 43, 0, 243, 76, 12, 61, 140, 245
63,44 : 204, 4, 9, 214, 2, 11, 97, 197, 219
63,45 : 43, 0, 86, 76, 12, 4, 140, 245, 59
63,46 : 4, 9, 151, 2, 11, 10, 197, 219, 5
63,47 : 0, 86, 187, 12, 4, 90, 245, 59, 124
63,48 : 9, 151, 238, 11, 10, 160, 219, 5, 248
63,49 : 86, 187, 248, 4, 90, 212, 59, 124, 255
63,50 : 151, 238, 255, 10, 160, 254, 5, 248, 251
63,51 : 187, 248, 254, 90, 212, 252, 124, 255, 251
63,52 : 238, 255, 255, 160, 254, 252, 248, 251, 124
63,53 : 248, 254, 255, 212, 252, 249, 255, 251, 12
63,54 : 255, 255, 253, 254, 252, 244, 251, 124, 5
63,55 : 254, 255, 255, 252, 249, 219, 251, 12, 43
63,56 : 255, 253, 255, 252, 244, 165, 124, 5, 122
63,57 : 255, 255, 255, 249, 219, 98, 12, 43, 185
63,58 : 253, 255, 255, 244, 165, 37, 5, 122, 232
63,59 : 255, 255, 255, 219, 98, 13, 43, 185, 253
63,60 : 255, 255, 254, 165, 37, 14, 122, 232, 253
63,61 : 255, 255, 252, 98, 13, 26, 185, 253, 252
63,62 : 255, 254, 244, 37, 14, 64, 232, 253, 252
63,63 : 255, 252, 243, 13, 26, 105, 253, 252, 254
63,64 : 254, 244, 235, 14, 64, 163, 253, 252, 255
63,65 : 252, 243, 202, 26, 105, 175, 252, 254, 255
63,66 : 244, 235, 173, 64, 163, 197, 252, 255, 255
63,67 : 243, 202, 133, 105, 175, 220, 254, 255, 255
63,68 : 235, 173, 81, 163, 197, 238, 255, 255, 255
63,69 : 202, 133, 35, 175, 220, 255, 255, 255, 255
63,70 : 173, 81, 13, 197, 238, 254, 255, 255, 255
63,71 : 133, 35, 12, 220, 255, 253, 255, 255, 255
63,72 : 81, 13, 17, 238, 254, 255, 255, 255, 255
63,73 : 35, 12, 25, 255, 253, 253, 255, 255, 255
63,74 : 13, 17, 64, 254, 255, 255, 255, 255, 255
63,75 : 12, 25, 117, 253, 253, 253, 255, 255, 255
63,76 : 17, 64, 154, 255, 255, 255, 255, 255, 255
63,77 : 25, 117, 182, 253, 253, 253, 255, 255, 255
63,78 : 64, 154, 191, 255, 255, 254, 255, 255, 255
63,79 : 117, 182, 210, 253, 253, 255, 255, 255, 255
63,80 : 154, 191, 229, 255, 254, 255, 255, 255, 255
63,81 : 182, 210, 239, 253, 255, 254, 255, 255, 255
63,82 : 191, 229, 245, 254, 255, 254, 255, 255, 255
63,83 : 210, 239, 250, 255, 254, 255, 255, 255, 255
63,84 : 229, 245, 253, 255, 254, 255, 255, 255, 255
63,85 : 239, 250, 255, 254, 255, 255, 255, 255, 255
63,86 : 245, 253, 255, 254, 255, 255, 255, 255, 255
63,87 : 250, 255, 248, 255, 255, 251, 255, 255, 254
63,88 : 253, 255, 159, 255, 255, 252, 255, 255, 254
63,89 : 255, 248, 24, 255, 251, 251, 255, 254, 254
63,90 : 255, 159, 2, 255, 252, 231, 255, 254, 253
63,91 : 248, 24, 32, 251, 251, 171, 254, 254, 253
63,92 : 159, 2, 142, 252, 231, 122, 254, 253, 254
63,93 : 24, 32, 199, 251, 171, 86, 254, 253, 254
63,94 : 2, 142, 208, 231, 122, 82, 253, 254, 254
63,95 : 32, 199, 187, 171, 86, 112, 253, 254, 254
63,96 : 142, 208, 165, 122, 82, 173, 254, 254, 254
63,97 : 199, 187, 62, 86, 112, 224, 254, 254, 254
63,98 : 208, 165, 4, 82, 173, 247, 254, 254, 254
63,99 : 187, 62, 58, 112, 224, 250, 254, 254, 254
63,100 : 165, 4, 233, 173, 247, 255, 254, 254, 254
63,101 : 62, 58, 252, 224, 250, 254, 254, 254, 254
63,102 : 4, 233, 251, 247, 255, 253, 254, 254, 254
63,103 : 58, 252, 251, 250, 254, 253, 254, 254, 254
63,104 : 233, 251, 252, 255, 253, 253, 254, 254, 254
63,105 : 252, 251, 253, 254, 253, 254, 254, 254, 254
63,106 : 251, 252, 254, 253, 253, 254, 254, 254, 254
63,107 : 251, 253, 254, 253, 254, 255, 254, 254, 255
63,108 : 252, 254, 255, 253, 254, 255, 254, 254, 255
63,109 : 253, 254, 255, 254, 255, 255, 254, 255, 255
63,110 : 254, 255, 255, 254, 255, 255, 254, 255, 255
63,111 : 254, 255, 255, 255, 255, 255, 255, 255, 255
63,112 : 255, 255, 255, 255, 255, 255, 255, 255, 255
63,113 : 255, 255, 255, 255, 255, 255, 255, 255, 255
63,114 : 255, 255, 255, 255, 255, 255, 255, 255, 255
63,115 : 255, 255, 255, 255, 255, 255, 255, 255, 255
63,116 : 255, 255, 255, 255, 255, 255, 255, 255, 255
63,117 : 255, 255, 255, 255, 255, 255, 255, 255, 255
63,118 : 255, 255, 255, 255, 255, 255, 255, 255, 255
63,119 : 255, 255, 255, 255, 255, 255, 255, 255, 255
63,120 : 255, 255, 255, 255, 255, 255, 255, 255, 255
63,121 : 255, 255, 255, 255, 255, 255, 255, 255, 255
63,122 : 255, 255, 255, 255, 255, 255, 255, 255, 255
63,123 : 255, 255, 255, 255, 255, 255, 255, 255, 255
63,124 : 255, 255, 255, 255, 255, 255, 255, 255, 255
63,125 : 255, 255, 255, 255, 255, 255, 255, 255, 255
63,126 : 255, 255, 0, 255, 255, 0, 255, 255, 0
63,127 : 255, 255, 0, 255, 255, 0, 255, 255, 0
64,0 : 0, 255, 255, 0, 255, 255, 0, 255, 255
64,1 : 0, 255, 255, 0, 255, 255, 0, 255, 255
64,2 : 255, 255, 255, 255, 255, 255, 255, 255, 255
64,3 : 255, 255, 255, 255, 255, 255, 255, 255, 255
64,4 : 255, 255, 255, 255, 255, 255, 255, 255, 255
64,5 : 255, 255, 255, 255, 255, 255, 255, 255, 255
64,6 : 255, 255, 255, 255, 255, 255, 255, 255, 255
64,7 : 255, 255, 254, 255, 255, 255, 255, 255, 255
64,8 : 255, 255, 255, 255, 255, 255, 255, 255, 255
64,9 : 255, 254, 249, 255, 255, 255, 255, 255, 255
64,10 : 255, 255, 255, 255, 255, 255, 255, 255, 255
64,11 : 254, 249, 255, 255, 255, 255, 255, 255, 255
64,12 : 255, 255, 249, 255, 255, 255, 255, 255, 255
64,13 : 249, 255, 255, 255, 255, 255, 255, 255, 255
64,14 : 255, 249, 252, 255, 255, 255, 255, 255, 255
64,15 : 255, 255, 255, 255, 255, 255, 255, 255, 255
64,16 : 249, 252, 252, 255, 255, 255, 255, 255, 255
64,17 : 255, 255, 255, 255, 255, 255, 255, 255, 255
64,18 : 252, 252, 254, 255, 255, 255, 255, 255, 255
64,19 : 255, 255, 252, 255, 255, 255, 255, 255, 255
64,20 : 252, 254, 255, 255, 255, 255, 255, 255, 255
64,21 : 255, 252, 251, 255, 255, 255, 255, 255, 255
64,22 : 254, 255, 253, 255, 255, 255, 255, 255, 255
64,23 : 252, 251, 253, 255, 255, 255, 255, 255, 255
64,24 : 255, 253, 255, 255, 255, 255, 255, 255, 255
64,25 : 251, 253, 251, 255, 255, 255, 255, 255, 255
64,26 : 253, 255, 253, 255, 255, 255, 255, 255, 255
64,27 : 253, 251, 252, 255, 255, 255, 255, 255, 255
64,28 : 255, 253, 255, 255, 255, 255, 255, 255, 255
64,29 : 251, 252, 255, 255, 255, 255, 255, 255, 255
64,30 : 253, 255, 254, 255, 255, 255, 255, 255, 255
64,31 : 252, 255, 255, 255, 255, 248, 255, 255, 253
64,32 : 255, 254, 243, 255, 255, 255, 255, 255, 254
64,33 : 255, 255, 72, 255, 248, 239, 255, 253, 254
64,34 : 254, 243, 1, 255, 255, 154, 255, 254, 251
64,35 : 255, 72, 40, 248, 239, 52, 253, 254, 251
64,36 : 243, 1, 207, 255, 154, 11, 254, 251, 252
64,37 : 72, 40, 252, 239, 52, 21, 254, 251, 248
64,38 : 1, 207, 250, 154, 11, 65, 251, 252, 244
64,39 : 40, 252, 255, 52, 21, 60, 251, 248, 243
64,40 : 207, 250, 228, 11, 65, 23, 252, 244, 253
64,41 : 252, 255, 74, 21, 60, 5, 248, 243, 252
64,42 : 250, 228, 4, 65, 23, 23, 244, 253, 255
64,43 : 255, 74, 1, 60, 5, 122, 243, 252, 253
64,44 : 228, 4, 6, 23, 23, 147, 253, 255, 232
64,45 : 74, 1, 32, 5, 122, 18, 252, 253, 67
64,46 : 4, 6, 113, 23, 147, 5, 255, 232, 2
64,47 : 1, 32, 160, 122, 18, 77, 253, 67, 122
64,48 : 6, 113, 193, 147, 5, 181, 232, 2, 242
64,49 : 32, 160, 245, 18, 77, 222, 67, 122, 250
64,50 : 113, 193, 252, 5, 181, 250, 2, 242, 253
64,51 : 160, 245, 252, 77, 222, 252, 122, 250, 197
64,52 : 193, 252, 254, 181, 250, 235, 242, 253, 36
64,53 : 245, 252, 255, 222, 252, 153, 250, 197, 4
64,54 : 252, 254, 255, 250, 235, 66, 253, 36, 57
64,55 : 252, 255, 254, 252, 153, 20, 197, 4, 223
64,56 : 254, 255, 249, 235, 66, 3, 36, 57, 254
64,57 : 255, 254, 252, 153, 20, 12, 4, 223, 249
64,58 : 255, 249, 238, 66, 3, 31, 57, 254, 255
64,59 : 254, 252, 199, 20, 12, 90, 223, 249, 251
64,60 : 249, 238, 133, 3, 31, 173, 254, 255, 251
64,61 : 252, 199, 82, 12, 90, 224, 249, 251, 255
64,62 : 238, 133, 49, 31, 173, 247, 255, 251, 255
64,63 : 199, 82, 27, 90, 224, 251, 251, 255, 255
64,64 : 133, 49, 25, 173, 247, 254, 251, 255, 255
64,65 : 82, 27, 16, 224, 251, 255, 255, 255, 255
64,66 : 49, 25, 14, 247, 254, 254, 255, 255, 255
64,67 : 27, 16, 14, 251, 255, 254, 255, 255, 255
64,68 : 25, 14, 49, 254, 254, 254, 255, 255, 255
64,69 : 16, 14, 98, 255, 254, 255, 255, 255, 255
64,70 : 14, 49, 149, 254, 254, 255, 255, 255, 255
64,71 : 14, 98, 195, 254, 255, 255, 255, 255, 255
64,72 : 49, 149, 213, 254, 255, 255, 255, 255, 255
64,73 : 98, 195, 226, 255, 255, 255, 255, 255, 255
64,74 : 149, 213, 243, 255, 255, 255, 255, 255, 255
64,75 : 195, 226, 250, 255, 255, 255, 255, 255, 255
64,76 : 213, 243, 251, 255, 255, 255, 255, 255, 255
64,77 : 226, 250, 253, 255, 255, 255, 255, 255, 255
64,78 : 243, 251, 252, 255, 255, 255, 255, 255, 255
64,79 : 250, 253, 255, 255, 255, 255, 255, 255, 255
64,80 : 251, 252, 255, 255, 255, 255, 255, 255, 255
64,81 : 253, 255, 255, 255, 255, 255, 255, 255, 255
64,82 : 252, 255, 255, 255, 255, 255, 255, 255, 255
64,83 : 255, 255, 254, 255, 255, 255, 255, 255, 255
64,84 : 255, 255, 252, 255, 255, 255, 255, 255, 255
64,85 : 255, 254, 253, 255, 255, 255, 255, 255, 255
64,86 : 255, 252, 250, 255, 255, 254, 255, 255, 255
64,87 : 254, 253, 254, 255, 255, 254, 255, 255, 255
64,88 : 252, 250, 245, 255, 254, 253, 255, 255, 254
64,89 : 253, 254, 155, 255, 254, 253, 255, 255, 254
64,90 : 250, 245, 40, 254, 253, 253, 255, 254, 254
64,91 : 254, 155, 9, 254, 253, 253, 255, 254, 254
64,92 : 245, 40, 1, 253, 253, 253, 254, 254, 254
64,93 : 155, 9, 15, 253, 253, 253, 254, 254, 254
64,94 : 40, 1, 9, 253, 253, 253, 254, 254, 254
64,95 : 9, 15, 0, 253, 253, 253, 254, 254, 254
64,96 : 1, 9, 6, 253, 253, 253, 254, 254, 254
64,97 : 15, 0, 24, 253, 253, 253, 254, 254, 254
64,98 : 9, 6, 91, 253, 253, 253, 254, 254, 254
64,99 : 0, 24, 204, 253, 253, 253, 254, 254, 254
64,100 : 6, 91, 250, 253, 253, 253, 254, 254, 254
64,101 : 24, 204, 249, 253, 253, 253, 254, 254, 254
64,102 : 91, 250, 252, 253, 253, 254, 254, 254, 254
64,103 : 204, 249, 252, 253, 253, 254, 254, 254, 254
64,104 : 250, 252, 253, 253, 254, 254, 254, 254, 255
64,105 : 249, 252, 253, 253, 254, 254, 254, 254, 255
64,106 : 252, 253, 254, 254, 254, 254, 254, 255, 255
64,107 : 252, 253, 254, 254, 254, 255, 254, 255, 255
64,108 : 253, 254, 255, 254, 254, 255, 255, 255, 255
64,109 : 253, 254, 255, 254, 255, 255, 255, 255, 255
64,110 : 254, 255, 255, 254, 255, 255, 255, 255, 255
64,111 : 254, 255, 255, 255, 255, 255, 255, 255, 255
64,112 : 255, 255, 255, 255, 255, 255, 255, 255, 255
64,113 : 255, 255, 255, 255, 255, 255, 255, 255, 255
64,114 : 255, 255, 255, 255, 255, 255, 255, 255, 255
64,115 : 255, 255, 255, 255, 255, 255, 255, 255, 255
64,116 : 255, 255, 255, 255, 255, 255, 255, 255, 255
64,117 : 255, 255, 255, 255, 255, 255, 255, 255, 255
64,118 : 255, 255, 255, 255, 255, 255, 255, 255, 255
64,119 : 255, 255, 255, 255, 255, 255, 255, 255, 255
64,120 : 255, 255, 255, 255, 255, 255, 255, 255, 255
64,121 : 255, 255, 255, 255, 255, 255, 255, 255, 255
64,122 : 255, 255, 255, 255, 255, 255, 255, 255, 255
64,123 : 255, 255, 255, 255, 255, 255, 255, 255, 255
64,124 : 255, 255, 255, 255, 255, 255, 255, 255, 255
64,125 : 255, 255, 255, 255, 255, 255, 255, 255, 255
64,126 : 255, 255, 0, 255, 255, 0, 255, 255, 0
64,127 : 255, 255, 0, 255, 255, 0, 255, 255, 0
65,0 : 0, 255, 255, 0, 255, 255, 0, 255, 255
65,1 : 0, 255, 255, 0, 255, 255, 0, 255, 255
65,2 : 255, 255, 255, 255, 255, 255, 255, 255, 255
65,3 : 255, 255, 255, 255, 255, 255, 255, 255, 255
65,4 : 255, 255, 255, 255, 255, 255, 255, 255, 255
65,5 : 255, 255, 255, 255, 255, 255, 255, 255, 255
65,6 : 255, 255, 255, 255, 255, 255, 255, 255, 255
65,7 : 255, 255, 253, 255, 255, 255, 255, 255, 255
65,8 : 255, 255, 255, 255, 255, 255, 255, 255, 255
65,9 : 255, 253, 255, 255, 255, 255, 255, 255, 255
65,10 : 255, 255, 254, 255, 255, 255, 255, 255, 255
65,11 : 253, 255, 255, 255, 255, 255, 255, 255, 255
65,12 : 255, 254, 255, 255, 255, 255, 255, 255, 255
65,13 : 255, 255, 255, 255, 255, 255, 255, 255, 255
65,14 : 254, 255, 255, 255, 255, 255, 255, 255, 255
65,15 : 255, 255, 255, 255, 255, 255, 255, 255, 255
65,16 : 255, 255, 255, 255, 255, 255, 255, 255, 255
65,17 : 255, 255, 254, 255, 255, 255, 255, 255, 255
65,18 : 255, 255, 255, 255, 255, 255, 255, 255, 255
65,19 : 255, 254, 255, 255, 255, 255, 255, 255, 255
65,20 : 255, 255, 253, 255, 255, 255, 255, 255, 255
65,21 : 254, 255, 255, 255, 255, 255, 255, 255, 255
65,22 : 255, 253, 255, 255, 255, 255, 255, 255, 255
65,23 : 255, 255, 255, 255, 255, 255, 255, 255, 255
65,24 : 253, 255, 255, 255, 255, 255, 255, 255, 255
65,25 : 255, 255, 255, 255, 255, 255, 255, 255, 255
65,26 : 255, 255, 255, 255, 255, 255, 255, 255, 255
65,27 : 255, 255, 255, 255, 255, 255, 255, 255, 255
65,28 : 255, 255, 255, 255, 255, 255, 255, 255, 255
65,29 : 255, 255, 253, 255, 255, 255, 255, 255, 255
65,30 : 255, 255, 254, 255, 255, 253, 255, 255, 255
65,31 : 255, 253, 255, 255, 255, 255, 255, 255, 254
65,32 : 255, 254, 249, 255, 253, 254, 255, 255, 254
65,33 : 253, 255, 153, 255, 255, 250, 255, 254, 254
65,34 : 254, 249, 20, 253, 254, 252, 255, 254, 252
65,35 : 255, 153, 2, 255, 250, 235, 254, 254, 253
65,36 : 249, 20, 81, 254, 252, 159, 254, 252, 254
65,37 : 153, 2, 204, 250, 235, 72, 254, 253, 251
65,38 : 20, 81, 241, 252, 159, 51, 252, 254, 253
65,39 : 2, 204, 243, 235, 72, 61, 253, 251, 255
65,40 : 81, 241, 214, 159, 51, 97, 254, 253, 254
65,41 : 204, 243, 76, 72, 61, 140, 251, 255, 254
65,42 : 241, 214, 2, 51, 97, 197, 253, 254, 249
65,43 : 243, 76, 12, 61, 140, 245, 255, 254, 252
65,44 : 214, 2, 11, 97, 197, 219, 254, 249, 245
65,45 : 76, 12, 4, 140, 245, 59, 254, 252, 121
65,46 : 2, 11, 10, 197, 219, 5, 249, 245, 12
65,47 : 12, 4, 90, 245, 59, 124, 252, 121, 23
65,48 : 11, 10, 160, 219, 5, 248, 245, 12, 125
65,49 : 4, 90, 212, 59, 124, 255, 121, 23, 176
65,50 : 10, 160, 254, 5, 248, 251, 12, 125, 114
65,51 : 90, 212, 252, 124, 255, 251, 23, 176, 30
65,52 : 160, 254, 252, 248, 251, 124, 125, 114, 4
65,53 : 212, 252, 249, 255, 251, 12, 176, 30, 24
65,54 : 254, 252, 244, 251, 124, 5, 114, 4, 174
65,55 : 252, 249, 219, 251, 12, 43, 30, 24, 250
65,56 : 252, 244, 165, 124, 5, 122, 4, 174, 245
65,57 : 249, 219, 98, 12, 43, 185, 24, 250, 253
65,58 : 244, 165, 37, 5, 122, 232, 174, 245, 252
65,59 : 219, 98, 13, 43, 185, 253, 250, 253, 253
65,60 : 165, 37, 14, 122, 232, 253, 245, 252, 254
65,61 : 98, 13, 26, 185, 253, 252, 253, 253, 254
65,62 : 37, 14, 64, 232, 253, 252, 252, 254, 254
65,63 : 13, 26, 105, 253, 252, 254, 253, 254, 255
65,64 : 14, 64, 163, 253, 252, 255, 254, 254, 255
65,65 : 26, 105, 175, 252, 254, 255, 254, 255, 254
65,66 : 64, 163, 197, 252, 255, 255, 254, 255, 254
65,67 : 105, 175, 220, 254, 255, 255, 255, 254, 255
65,68 : 163, 197, 238, 255, 255, 255, 255, 254, 255
65,69 : 175, 220, 255, 255, 255, 255, 254, 255, 255
65,70 : 197, 238, 254, 255, 255, 255, 254, 255, 255
65,71 : 220, 255, 253, 255, 255, 255, 255, 255, 255
65,72 : 238, 254, 255, 255, 255, 255, 255, 255, 255
65,73 : 255, 253, 253, 255, 255, 255, 255, 255, 255
65,74 : 254, 255, 255, 255, 255, 255, 255, 255, 255
65,75 : 253, 253, 253, 255, 255, 255, 255, 255, 255
65,76 : 255, 255, 255, 255, 255, 255, 255, 255, 255
65,77 : 253, 253, 253, 255, 255, 255, 255, 255, 255
65,78 : 255, 255, 254, 255, 255, 255, 255, 255, 255
65,79 : 253, 253, 255, 255, 255, 255, 255, 255, 255
65,80 : 255, 254, 255, 255, 255, 255, 255, 255, 255
65,81 : 253, 255, 254, 255, 255, 255, 255, 255, 255
65,82 : 254, 255, 254, 255, 255, 255, 255, 255, 255
65,83 : 255, 254, 255, 255, 255, 255, 255, 255, 255
65,84 : 255, 254, 255, 255, 255, 255, 255, 255, 255
65,85 : 254, 255, 255, 255, 255, 255, 255, 255, 255
65,86 : 254, 255, 255, 255, 255, 255, 255, 255, 255
65,87 : 255, 255, 251, 255, 255, 254, 255, 255, 255
65,88 : 255, 255, 252, 255, 255, 254, 255, 255, 255
65,89 : 255, 251, 251, 255, 254, 254, 255, 255, 255
65,90 : 255, 252, 231, 255, 254, 253, 255, 255, 255
65,91 : 251, 251, 171, 254, 254, 253, 255, 255, 255
65,92 : 252, 231, 122, 254, 253, 254, 255, 255, 255
65,93 : 251, 171, 86, 254, 253, 254, 255, 255, 255
65,94 : 231, 122, 82, 253, 254, 254, 255, 255, 255
65,95 : 171, 86, 112, 253, 254, 254, 255, 255, 255
65,96 : 122, 82, 173, 254, 254, 254, 255, 255, 255
65,97 : 86, 112, 224, 254, 254, 254, 255, 255, 255
65,98 : 82, 173, 247, 254, 254, 254, 255, 255, 255
65,99 : 112, 224, 250, 254, 254, 254, 255, 255, 255
65,100 : 173, 247, 255, 254, 254, 254, 255, 255, 255
65,101 : 224, 250, 254, 254, 254, 254, 255, 255, 255
65,102 : 247, 255, 253, 254, 254, 254, 255, 255, 255
65,103 : 250, 254, 253, 254, 254, 254, 255, 255, 255
65,104 : 255, 253, 253, 254, 254, 254, 255, 255, 255
65,105 : 254, 253, 254, 254, 254, 254, 255, 255, 255
65,106 : 253, 253, 254, 254, 254, 254, 255, 255, 255
65,107 : 253, 254, 255, 254, 254, 255, 255, 255, 255
65,108 : 253, 254, 255, 254, 254, 255, 255, 255, 255
65,109 : 254, 255, 255, 254, 255, 255, 255, 255, 255
65,110 : 254, 255, 255, 254, 255, 255, 255, 255, 255
65,111 : 255, 255, 255, 255, 255, 255, 255, 255, 255
65,112 : 255, 255, 255, 255, 255, 255, 255, 255, 255
65,113 : 255, 255, 255, 255, 255, 255, 255, 255, 255
65,114 : 255, 255, 255, 255, 255, 255, 255, 255, 255
65,115 : 255, 255, 255, 255, 255, 255, 255, 255, 255
65,116 : 255, 255, 255, 255, 255, 255, 255, 255, 255
65,117 : 255, 255, 255, 255, 255, 255, 255, 255, 255
65,118 : 255, 255, 255, 255, 255, 255, 255, 255, 255
65,119 : 255, 255, 255, 255, 255, 255, 255, 255, 255
65,120 : 255, 255, 255, 255, 255, 255, 255, 255, 255
65,121 : 255, 255, 255, 255, 255, 255, 255, 255, 255
65,122 : 255, 255, 255, 255, 255, 255, 255, 255, 255
65,123 : 255, 255, 255, 255, 255, 255, 255, 255, 255
65,124 : 255, 255, 255, 255, 255, 255, 255, 255, 255
65,125 : 255, 255, 255, 255, 255, 255, 255, 255, 255
65,126 : 255, 255, 0, 255, 255, 0, 255, 255, 0
65,127 : 255, 255, 0, 255, 255, 0, 255, 255, 0
66,0 : 0, 255, 255, 0, 255, 255, 0, 255, 255
66,1 : 0, 255, 255, 0, 255, 255, 0, 255, 255
66,2 : 255, 255, 255, 255, 255, 255, 255, 255, 255
66,3 : 255, 255, 255, 255, 255, 255, 255, 255, 255
66,4 : 255, 255, 255, 255, 255, 255, 255, 255, 255
66,5 : 255, 255, 255, 255, 255, 255, 255, 255, 255
66,6 : 255, 255, 255, 255, 255, 255, 255, 255, 255
66,7 : 255, 255, 255, 255, 255, 255, 255, 255, 255
66,8 : 255, 255, 255, 255, 255, 255, 255, 255, 255
66,9 : 255, 255, 255, 255, 255, 255, 255, 255, 255
66,10 : 255, 255, 255, 255, 255, 255, 255, 255, 255
66,11 : 255, 255, 255, 255, 255, 255, 255, 255, 255
66,12 : 255, 255, 255, 255, 255, 255, 255, 255, 255
66,13 : 255, 255, 255, 255, 255, 255, 255, 255, 255
66,14 : 255, 255, 255, 255, 255, 255, 255, 255, 255
66,15 : 255, 255, 255, 255, 255, 255, 255, 255, 255
66,16 : 255, 255, 255, 255, 255, 255, 255, 255, 255
66,17 : 255, 255, 255, 255, 255, 255, 255, 255, 255
66,18 : 255, 255, 255, 255, 255, 255, 255, 255, 255
66,19 : 255, 255, 255, 255, 255, 255, 255, 255, 255
66,20 : 255, 255, 255, 255, 255, 255, 255, 255, 255
66,21 : 255, 255, 255, 255, 255, 255, 255, 255, 255
66,22 : 255, 255, 255, 255, 255, 255, 255, 255, 255
66,23 : 255, 255, 255, 255, 255, 255, 255, 255, 255
66,24 : 255, 255, 255, 255, 255, 255, 255, 255, 255
66,25 : 255, 255, 255, 255, 255, 255, 255, 255, 255
66,26 : 255, 255, 255, 255, 255, 255, 255, 255, 255
66,27 : 255, 255, 255, 255, 255, 255, 255, 255, 255
66,28 : 255, 255, 255, 255, 255, 255, 255, 255, 255
66,29 : 255, 255, 255, 255, 255, 255, 255, 255, 255
66,30 : 255, 255, 255, 255, 255, 255, 255, 255, 255
66,31 : 255, 255, 248, 255, 255, 253, 255, 255, 255
66,32 : 255, 255, 255, 255, 255, 254, 255, 255, 254
66,33 : 255, 248, 239, 255, 253, 254, 255, 255, 254
66,34 : 255, 255, 154, 255, 254, 251, 255, 254, 254
66,35 : 248, 239, 52, 253, 254, 251, 255, 254, 255
66,36 : 255, 154, 11, 254, 251, 252, 254, 254, 255
66,37 : 239, 52, 21, 254, 251, 248, 254, 255, 253
66,38 : 154, 11, 65, 251, 252, 244, 254, 255, 252
66,39 : 52, 21, 60, 251, 248, 243, 255, 253, 255
66,40 : 11, 65, 23, 252, 244, 253, 255, 252, 254
66,41 : 21, 60, 5, 248, 243, 252, 253, 255, 255
66,42 : 65, 23, 23, 244, 253, 255, 252, 254, 253
66,43 : 60, 5, 122, 243, 252, 253, 255, 255, 255
66,44 : 23, 23, 147, 253, 255, 232, 254, 253, 255
66,45 : 5, 122, 18, 252, 253, 67, 255, 255, 233
66,46 : 23, 147, 5, 255, 232, 2, 253, 255, 157
66,47 : 122, 18, 77, 253, 67, 122, 255, 233, 58
66,48 : 147, 5, 181, 232, 2, 242, 255, 157, 8
66,49 : 18, 77, 222, 67, 122, 250, 233, 58, 9
66,50 : 5, 181, 250, 2, 242, 253, 157, 8, 19
66,51 : 77, 222, 252, 122, 250, 197, 58, 9, 44
66,52 : 181, 250, 235, 242, 253, 36, 8, 19, 91
66,53 : 222, 252, 153, 250, 197, 4, 9, 44, 172
66,54 : 250, 235, 66, 253, 36, 57, 19, 91, 245
66,55 : 252, 153, 20, 197, 4, 223, 44, 172, 251
66,56 : 235, 66, 3, 36, 57, 254, 91, 245, 255
66,57 : 153, 20, 12, 4, 223, 249, 172, 251, 254
66,58 : 66, 3, 31, 57, 254, 255, 245, 255, 254
66,59 : 20, 12, 90, 223, 249, 251, 251, 254, 255
66,60 : 3, 31, 173, 254, 255, 251, 255, 254, 253
66,61 : 12, 90, 224, 249, 251, 255, 254, 255, 251
66,62 : 31, 173, 247, 255, 251, 255, 254, 253, 254
66,63 : 90, 224, 251, 251, 255, 255, 255, 251, 255
66,64 : 173, 247, 254, 251, 255, 255, 253, 254, 255
66,65 : 224, 251, 255, 255, 255, 255, 251, 255, 255
66,66 : 247, 254, 254, 255, 255, 255, 254, 255, 255
66,67 : 251, 255, 254, 255, 255, 255, 255, 255, 255
66,68 : 254, 254, 254, 255, 255, 255, 255, 255, 255
66,69 : 255, 254, 255, 255, 255, 255, 255, 255, 255
66,70 : 254, 254, 255, 255, 255, 255, 255, 255, 255
66,71 : 254, 255, 255, 255, 255, 255, 255, 255, 255
66,72 : 254, 255, 255, 255, 255, 255, 255, 255, 255
66,73 : 255, 255, 255, 255, 255, 255, 255, 255, 255
66,74 : 255, 255, 255, 255, 255, 255, 255, 255, 255
66,75 : 255, 255, 255, 255, 255, 255, 255, 255, 255
66,76 : 255, 255, 255, 255, 255, 255, 255, 255, 255
66,77 : 255, 255, 255, 255, 255, 255, 255, 255, 255
66,78 : 255, 255, 255, 255, 255, 255, 255, 255, 255
66,79 : 255, 255, 255, 255, 255, 255, 255, 255, 255
66,80 : 255, 255, 255, 255, 255, 255, 255, 255, 255
66,81 : 255, 255, 255, 255, 255, 255, 255, 255, 255
66,82 : 255, 255, 255, 255, 255, 255, 255, 255, 255
66,83 : 255, 255, 255, 255, 255, 255, 255, 255, 255
66,84 : 255, 255, 255, 255, 255, 255, 255, 255, 255
66,85 : 255, 255, 255, 255, 255, 255, 255, 255, 255
66,86 : 255, 255, 254, 255, 255, 255, 255, 255, 255
66,87 : 255, 255, 254, 255, 255, 255, 255, 255, 255
66,88 : 255, 254, 253, 255, 255, 254, 255, 255, 255
66,89 : 255, 254, 253, 255, 255, 254, 255, 255, 255
66,90 : 254, 253, 253, 255, 254, 254, 255, 255, 255
66,91 : 254, 253, 253, 255, 254, 254, 255, 255, 255
66,92 : 253, 253, 253, 254, 254, 254, 255, 255, 255
66,93 : 253, 253, 253, 254, 254, 254, 255, 255, 255
66,94 : 253, 253, 253, 254, 254, 254, 255, 255, 255
66,95 : 253, 253, 253, 254, 254, 254, 255, 255, 255
66,96 : 253, 253, 253, 254, 254, 254, 255, 255, 255
66,97 : 253, 253, 253, 254, 254, 254, 255, 255, 255
66,98 : 253, 253, 253, 254, 254, 254, 255, 255, 255
66,99 : 253, 253, 253, 254, 254, 254, 255, 255, 255
66,100 : 253, 253, 253, 254, 254, 254, 255, 255, 255
66,101 : 253, 253, 253, 254, 254, 254, 255, 255, 255
66,102 : 253, 253, 254, 254, 254, 254, 255, 255, 255
66,103 : 253, 253, 254, 254, 254, 254, 255, 255, 255
66,104 : 253, 254, 254, 254, 254, 255, 255, 255, 255
66,105 : 253, 254, 254, 254, 254, 255, 255, 255, 255
66,106 : 254, 254, 254, 254, 255, 255, 255, 255, 255
66,107 : 254, 254, 255, 254, 255, 255, 255, 255, 255
66,108 : 254, 254, 255, 255, 255, 255, 255, 255, 255
66,109 : 254, 255, 255, 255, 255, 255, 255, 255, 255
66,110 : 254, 255, 255, 255, 255, 255, 255, 255, 255
66,111 : 255, 255, 255, 255, 255, 255, 255, 255, 255
66,112 : 255, 255, 255, 255, 255, 255, 255, 255, 255
66,113 : 255, 255, 255, 255, 255, 255, 255, 255, 255
66,114 : 255, 255, 255, 255, 255, 255, 255, 255, 255
66,115 : 255, 255, 255, 255, 255, 255, 255, 255, 255
66,116 : 255, 255, 255, 255, 255, 255, 255, 255, 255
66,117 : 255, 255, 255, 255, 255, 255, 255, 255, 255
66,118 : 255, 255, 255, 255, 255, 255, 255, 255, 255
66,119 : 255, 255, 255, 255, 255, 255, 255, 255, 255
66,120 : 255, 255, 255, 255, 255, 255, 255, 255, 255
66,121 : 255, 255, 255, 255, 255, 255, 255, 255, 255
66,122 : 255, 255, 255, 255, 255, 255, 255, 255, 255
66,123 : 255, 255, 255, 255, 255, 255, 255, 255, 255
66,124 : 255, 255, 255, 255, 255, 255, 255, 255, 255
66,125 : 255, 255, 255, 255, 255, 255, 255, 255, 255
66,126 : 255, 255, 0, 255, 255, 0, 255, 255, 0
66,127 : 255, 255, 0, 255, 255, 0, 255, 255, 0
67,0 : 0, 255, 255, 0, 255, 255, 0, 255, 255
67,1 : 0, 255, 255, 0, 255, 255, 0, 255, 255
67,2 : 255, 255, 255, 255, 255, 255, 255, 255, 255
67,3 : 255, 255, 255, 255, 255, 255, 255, 255, 255
67,4 : 255, 255, 255, 255, 255, 255, 255, 255, 255
67,5 : 255, 255, 255, 255, 255, 255, 255, 255, 255
67,6 : 255, 255, 255, 255, 255, 255, 255, 255, 255
67,7 : 255, 255, 255, 255, 255, 255, 255, 255, 255
67,8 : 255, 255, 255, 255, 255, 255, 255, 255, 255
67,9 : 255, 255, 255, 255, 255, 255, 255, 255, 255
67,10 : 255, 255, 255, 255, 255, 255, 255, 255, 255
67,11 : 255, 255, 255, 255, 255, 255, 255, 255, 255
67,12 : 255, 255, 255, 255, 255, 255, 255, 255, 255
67,13 : 255, 255, 255, 255, 255, 255, 255, 255, 255
67,14 : 255, 255, 255, 255, 255, 255, 255, 255, 255
67,15 : 255, 255, 255, 255, 255, 255, 255, 255, 255
67,16 : 255, 255, 255, 255, 255, 255, 255, 255, 255
67,17 : 255, 255, 255, 255, 255, 255, 255, 255, 255
67,18 : 255, 255, 255, 255, 255, 255, 255, 255, 255
67,19 : 255, 255, 255, 255, 255, 255, 255, 255, 255
67,20 : 255, 255, 255, 255, 255, 255, 255, 255, 255
67,21 : 255, 255, 255, 255, 255, 255, 255, 255, 255
67,22 : 255, 255, 255, 255, 255, 255, 255, 255, 255
67,23 : 255, 255, 255, 255, 255, 255, 255, 255, 255
67,24 : 255, 255, 255, 255, 255, 255, 255, 255, 255
67,25 : 255, 255, 255, 255, 255, 255, 255, 255, 255
67,26 : 255, 255, 255, 255, 255, 255, 255, 255, 255
67,27 : 255, 255, 255, 255, 255, 255, 255, 255, 255
67,28 : 255, 255, 255, 255, 255, 255, 255, 255, 255
67,29 : 255, 255, 255, 255, 255, 255, 255, 255, 255
67,30 : 255, 255, 253, 255, 255, 255, 255, 255, 255
67,31 : 255, 255, 255, 255, 255, 254, 255, 255, 255
67,32 : 255, 253, 254, 255, 255, 254, 255, 255, 255
67,33 : 255, 255, 250, 255, 254, 254, 255, 255, 255
67,34 : 253, 254, 252, 255, 254, 252, 255, 255, 255
67,35 : 255, 250, 235, 254, 254, 253, 255, 255, 254
67,36 : 254, 252, 159, 254, 252, 254, 255, 255, 254
67,37 : 250, 235, 72, 254, 253, 251, 255, 254, 255
67,38 : 252, 159, 51, 252, 254, 253, 255, 254, 255
67,39 : 235, 72, 61, 253, 251, 255, 254, 255, 255
67,40 : 159, 51, 97, 254, 253, 254, 254, 255, 253
67,41 : 72, 61, 140, 251, 255, 254, 255, 255, 254
67,42 : 51, 97, 197, 253, 254, 249, 255, 253, 255
67,43 : 61, 140, 245, 255, 254, 252, 255, 254, 253
67,44 : 97, 197, 219, 254, 249, 245, 253, 255, 252
67,45 : 140, 245, 59, 254, 252, 121, 254, 253, 255
67,46 : 197, 219, 5, 249, 245, 12, 255, 252, 252
67,47 : 245, 59, 124, 252, 121, 23, 253, 255, 237
67,48 : 219, 5, 248, 245, 12, 125, 252, 252, 192
67,49 : 59, 124, 255, 121, 23, 176, 255, 237, 182
67,50 : 5, 248, 251, 12, 125, 114, 252, 192, 204
67,51 : 124, 255, 251, 23, 176, 30, 237, 182, 235
67,52 : 248, 251, 124, 125, 114, 4, 192, 204, 250
67,53 : 255, 251, 12, 176, 30, 24, 182, 235, 255
67,54 : 251, 124, 5, 114, 4, 174, 204, 250, 255
67,55 : 251, 12, 43, 30, 24, 250, 235, 255, 252
67,56 : 124, 5, 122, 4, 174, 245, 250, 255, 253
67,57 : 12, 43, 185, 24, 250, 253, 255, 252, 253
67,58 : 5, 122, 232, 174, 245, 252, 255, 253, 250
67,59 : 43, 185, 253, 250, 253, 253, 252, 253, 253
67,60 : 122, 232, 253, 245, 252, 254, 253, 250, 255
67,61 : 185, 253, 252, 253, 253, 254, 253, 253, 254
67,62 : 232, 253, 252, 252, 254, 254, 250, 255, 255
67,63 : 253, 252, 254, 253, 254, 255, 253, 254, 255
67,64 : 253, 252, 255, 254, 254, 255, 255, 255, 255
67,65 : 252, 254, 255, 254, 255, 254, 254, 255, 255
67,66 : 252, 255, 255, 254, 255, 254, 255, 255, 255
67,67 : 254, 255, 255, 255, 254, 255, 255, 255, 255
67,68 : 255, 255, 255, 255, 254, 255, 255, 255, 255
67,69 : 255, 255, 255, 254, 255, 255, 255, 255, 255
67,70 : 255, 255, 255, 254, 255, 255, 255, 255, 255
67,71 : 255, 255, 255, 255, 255, 255, 255, 255, 255
67,72 : 255, 255, 255, 255, 255, 255, 255, 255, 255
67,73 : 255, 255, 255, 255, 255, 255, 255, 255, 255
67,74 : 255, 255, 255, 255, 255, 255, 255, 255, 255
67,75 : 255, 255, 255, 255, 255, 255, 255, 255, 255
67,76 : 255, 255, 255, 255, 255, 255, 255, 255, 255
67,77 : 255, 255, 255, 255, 255, 255, 255, 255, 255
67,78 : 255, 255, 255, 255, 255, 255, 255, 255, 255
67,79 : 255, 255, 255, 255, 255, 255, 255, 255, 255
67,80 : 255, 255, 255, 255, 255, 255, 255, 255, 255
67,81 : 255, 255, 255, 255, 255, 255, 255, 255, 255
67,82 : 255, 255, 255, 255, 255, 255, 255, 255, 255
67,83 : 255, 255, 255, 255, 255, 255, 255, 255, 255
67,84 : 255, 255, 255, 255, 255, 255, 255, 255, 255
67,85 : 255, 255, 255, 255, 255, 255, 255, 255, 255
67,86 : 255, 255, 255, 255, 255, 255, 255, 255, 255
67,87 : 255, 255, 254, 255, 255, 255, 255, 255, 255
67,88 : 255, 255, 254, 255, 255, 255, 255, 255, 255
67,89 : 255, 254, 254, 255, 255, 255, 255, 255, 255
67,90 : 255, 254, 253, 255, 255, 255, 255, 255, 255
67,91 : 254, 254, 253, 255, 255, 255, 255, 255, 255
67,92 : 254, 253, 254, 255, 255, 255, 255, 255, 255
67,93 : 254, 253, 254, 255, 255, 255, 255, 255, 255
67,94 : 253, 254, 254, 255, 255, 255, 255, 255, 255
67,95 : 253, 254, 254, 255, 255, 255, 255, 255, 255
67,96 : 254, 254, 254, 255, 255, 255, 255, 255, 255
67,97 : 254, 254, 254, 255, 255, 255, 255, 255, 255
67,98 : 254, 254, 254, 255, 255, 255, 255, 255, 255
67,99 : 254, 254, 254, 255, 255, 255, 255, 255, 255
67,100 : 254, 254, 254, 255, 255, 255, 255, 255, 255
67,101 : 254, 254, 254, 255, 255, 255, 255, 255, 255
67,102 : 254, 254, 254, 255, 255, 255, 255, 255, 255
67,103 : 254, 254, 254, 255, 255, 255, 255, 255, 255
67,104 : 254, 254, 254, 255, 255, 255, 255, 255, 255
67,105 : 254, 254, 254, 255, 255, 255, 255, 255, 255
67,106 : 254, 254, 254, 255, 255, 255, 255, 255, 255
67,107 : 254, 254, 255, 255, 255, 255, 255, 255, 255
67,108 : 254, 254, 255, 255, 255, 255, 255, 255, 255
67,109 : 254, 255, 255, 255, 255, 255, 255, 255, 255
67,110 : 254, 255, 255, 255, 255, 255, 255, 255, 255
67,111 : 255, 255, 255, 255, 255, 255, 255, 255, 255
67,112 : 255, 255, 255, 255, 255, 255, 255, 255, 255
67,113 : 255, 255, 255, 255, 255, 255, 255, 255, 255
67,114 : 255, 255, 255, 255, 255, 255, 255, 255, 255
67,115 : 255, 255, 255, 255, 255, 255, 255, 255, 255
67,116 : 255, 255, 255, 255, 255, 255, 255, 255, 255
67,117 : 255, 255, 255, 255, 255, 255, 255, 255, 255
67,118 : 255, 255, 255, 255, 255, 255, 255, 255, 255
67,119 : 255, 255, 255, 255, 255, 255, 255, 255, 255
67,120 : 255, 255, 255, 255, 255, 255, 255, 255, 255
67,121 : 255, 255, 255, 255, 255, 255, 255, 255, 255
67,122 : 255, 255, 255, 255, 255, 255, 255, 255, 255
67,123 : 255, 255, 255, 255, 255, 255, 255, 255, 255
67,124 : 255, 255, 255, 255, 255, 255, 255, 255, 255
67,125 : 255, 255, 255, 255, 255, 255, 255, 255, 255
67,126 : 255, 255, 0, 255, 255, 0, 255, 255, 0
67,127 : 255, 255, 0, 255, 255, 0, 255, 255, 0
68,0 : 0, 255, 255, 0, 255, 255, 0, 255, 255
68,1 : 0, 255, 255, 0, 255, 255, 0, 255, 255
68,2 : 255, 255, 255, 255, 255, 255, 255, 255, 255
68,3 : 255, 255, 255, 255, 255, 255, 255, 255, 255
68,4 : 255, 255, 255, 255, 255, 255, 255, 255, 255
68,5 : 255, 255, 255, 255, 255, 255, 255, 255, 255
68,6 : 255, 255, 255, 255, 255, 255, 255, 255, 255
68,7 : 255, 255, 255, 255, 255, 255, 255, 255, 255
68,8 : 255, 255, 255, 255, 255, 255, 255, 255, 255
68,9 : 255, 255, 255, 255, 255, 255, 255, 255, 255
68,10 : 255, 255, 255, 255, 255, 255, 255, 255, 255
68,11 : 255, 255, 255, 255, 255, 255, 255, 255, 255
68,12 : 255, 255, 255, 255, 255, 255, 255, 255, 255
68,13 : 255, 255, 255, 255, 255, 255, 255, 255, 255
68,14 : 255, 255, 255, 255, 255, 255, 255, 255, 255
68,15 : 255, 255, 255, 255, 255, 255, 255, 255, 255
68,16 : 255, 255, 255, 255, 255, 255, 255, 255, 255
68,17 : 255, 255, 255, 255, 255, 255, 255, 255, 255
68,18 : 255, 255, 255, 255, 255, 255, 255, 255, 255
68,19 : 255, 255, 255, 255, 255, 255, 255, 255, 255
68,20 : 255, 255, 255, 255, 255, 255, 255, 255, 255
68,21 : 255, 255, 255, 255, 255, 255, 255, 255, 255
68,22 : 255, 255, 255, 255, 255, 255, 255, 255, 255
68,23 : 255, 255, 255, 255, 255, 255, 255, 255, 255
68,24 : 255, 255, 255, 255, 255, 255, 255, 255, 255
68,25 : 255, 255, 255, 255, 255, 255, 255, 255, 255
68,26 : 255, 255, 255, 255, 255, 255, 255, 255, 255
68,27 : 255, 255, 255, 255, 255, 255, 255, 255, 255
68,28 : 255, 255, 255, 255, 255, 255, 255, 255, 255
68,29 : 255, 255, 255, 255, 255, 255, 255, 255, 255
68,30 : 255, 255, 255, 255, 255, 255, 255, 255, 254
68,31 : 255, 255, 253, 255, 255, 255, 255, 255, 254
68,32 : 255, 255, 254, 255, 255, 254, 255, 254, 254
68,33 : 255, 253, 254, 255, 255, 254, 255, 254, 254
68,34 : 255, 254, 251, 255, 254, 254, 254, 254, 255
68,35 : 253, 254, 251, 255, 254, 255, 254, 254, 254
68,36 : 254, 251, 252, 254, 254, 255, 254, 255, 254
68,37 : 254, 251, 248, 254, 255, 253, 254, 254, 255
68,38 : 251, 252, 244, 254, 255, 252, 255, 254, 254
68,39 : 251, 248, 243, 255, 253, 255, 254, 255, 255
68,40 : 252, 244, 253, 255, 252, 254, 254, 254, 255
68,41 : 248, 243, 252, 253, 255, 255, 255, 255, 255
68,42 : 244, 253, 255, 252, 254, 253, 254, 255, 255
68,43 : 243, 252, 253, 255, 255, 255, 255, 255, 254
68,44 : 253, 255, 232, 254, 253, 255, 255, 255, 255
68,45 : 252, 253, 67, 255, 255, 233, 255, 254, 250
68,46 : 255, 232, 2, 253, 255, 157, 255, 255, 255
68,47 : 253, 67, 122, 255, 233, 58, 254, 250, 254
68,48 : 232, 2, 242, 255, 157, 8, 255, 255, 253
68,49 : 67, 122, 250, 233, 58, 9, 250, 254, 255
68,50 : 2, 242, 253, 157, 8, 19, 255, 253, 255
68,51 : 122, 250, 197, 58, 9, 44, 254, 255, 253
68,52 : 242, 253, 36, 8, 19, 91, 253, 255, 255
68,53 : 250, 197, 4, 9, 44, 172, 255, 253, 253
68,54 : 253, 36, 57, 19, 91, 245, 255, 255, 254
68,55 : 197, 4, 223, 44, 172, 251, 253, 253, 254
68,56 : 36, 57, 254, 91, 245, 255, 255, 254, 254
68,57 : 4, 223, 249, 172, 251, 254, 253, 254, 255
68,58 : 57, 254, 255, 245, 255, 254, 254, 254, 252
68,59 : 223, 249, 251, 251, 254, 255, 254, 255, 255
68,60 : 254, 255, 251, 255, 254, 253, 254, 252, 251
68,61 : 249, 251, 255, 254, 255, 251, 255, 255, 255
68,62 : 255, 251, 255, 254, 253, 254, 252, 251, 255
68,63 : 251, 255, 255, 255, 251, 255, 255, 255, 255
68,64 : 251, 255, 255, 253, 254, 255, 251, 255, 255
68,65 : 255, 255, 255, 251, 255, 255, 255, 255, 255
68,66 : 255, 255, 255, 254, 255, 255, 255, 255, 255
68,67 : 255, 255, 255, 255, 255, 255, 255, 255, 255
68,68 : 255, 255, 255, 255, 255, 255, 255, 255, 255
68,69 : 255, 255, 255, 255, 255, 255, 255, 255, 255
68,70 : 255, 255, 255, 255, 255, 255, 255, 255, 255
68,71 : 255, 255, 255, 255, 255, 255, 255, 255, 255
68,72 : 255, 255, 255, 255, 255, 255, 255, 255, 255
68,73 : 255, 255, 255, 255, 255, 255, 255, 255, 255
68,74 : 255, 255, 255, 255, 255, 255, 255, 255, 255
68,75 : 255, 255, 255, 255, 255, 255, 255, 255, 255
68,76 : 255, 255, 255, 255, 255, 255, 255, 255, 255
68,77 : 255, 255, 255, 255, 255, 255, 255, 255, 255
68,78 : 255, 255, 255, 255, 255, 255, 255, 255, 255
68,79 : 255, 255, 255, 255, 255, 255, 255, 255, 255
68,80 : 255, 255, 255, 255, 255, 255, 255, 255, 255
68,81 : 255, 255, 255, 255, 255, 255, 255, 255, 255
68,82 : 255, 255, 255, 255, 255, 255, 255, 255, 255
68,83 : 255, 255, 255, 255, 255, 255, 255, 255, 255
68,84 : 255, 255, 255, 255, 255, 255, 255, 255, 255
68,85 : 255, 255, 255, 255, 255, 255, 255, 255, 255
68,86 : 255, 255, 255, 255, 255, 255, 255, 255, 255
68,87 : 255, 255, 255, 255, 255, 255, 255, 255, 255
68,88 : 255, 255, 254, 255, 255, 255, 255, 255, 255
68,89 : 255, 255, 254, 255, 255, 255, 255, 255, 255
68,90 : 255, 254, 254, 255, 255, 255, 255, 255, 255
68,91 : 255, 254, 254, 255, 255, 255, 255, 255, 255
68,92 : 254, 254, 254, 255, 255, 255, 255, 255, 255
68,93 : 254, 254, 254, 255, 255, 255, 255, 255, 255
68,94 : 254, 254, 254, 255, 255, 255, 255, 255, 255
68,95 : 254, 254, 254, 255, 255, 255, 255, 255, 255
68,96 : 254, 254, 254, 255, 255, 255, 255, 255, 255
68,97 : 254, 254, 254, 255, 255, 255, 255, 255, 255
68,98 : 254, 254, 254, 255, 255, 255, 255, 255, 255
68,99 : 254, 254, 254, 255, 255, 255, 255, 255, 255
68,100 : 254, 254, 254, 255, 255, 255, 255, 255, 255
68,101 : 254, 254, 254, 255, 255, 255, 255, 255, 255
68,102 : 254, 254, 254, 255, 255, 255, 255, 255, 255
68,103 : 254, 254, 254, 255, 255, 255, 255, 255, 255
68,104 : 254, 254, 255, 255, 255, 255, 255, 255, 255
68,105 : 254, 254, 255, 255, 255, 255, 255, 255, 255
68,106 : 254, 255, 255, 255, 255, 255, 255, 255, 255
68,107 : 254, 255, 255, 255, 255, 255, 255, 255, 255
68,108 : 255, 255, 255, 255, 255, 255, 255, 255, 255
68,109 : 255, 255, 255, 255, 255, 255, 255, 255, 255
68,110 : 255, 255, 255, 255, 255, 255, 255, 255, 255
68,111 : 255, 255, 255, 255, 255, 255, 255, 255, 255
68,112 : 255, 255, 255, 255, 255, 255, 255, 255, 255
68,113 : 255, 255, 255, 255, 255, 255, 255, 255, 255
68,114 : 255, 255, 255, 255, 255, 255, 255, 255, 255
68,115 : 255, 255, 255, 255, 255, 255, 255, 255, 255
68,116 : 255, 255, 255, 255, 255, 255, 255, 255, 255
68,117 : 255, 255, 255, 255, 255, 255, 255, 255, 255
68,118 : 255, 255, 255, 255, 255, 255, 255, 255, 255
68,119 : 255, 255, 255, 255, 255, 255, 255, 255, 255
68,120 : 255, 255, 255, 255, 255, 255, 255, 255, 255
68,121 : 255, 255, 255, 255, 255, 255, 255, 255, 255
68,122 : 255, 255, 255, 255, 255, 255, 255, 255, 255
68,123 : 255, 255, 255, 255, 255, 255, 255, 255, 255
68,124 : 255, 255, 255, 255, 255, 255, 255, 255, 255
68,125 : 255, 255, 255, 255, 255, 255, 255, 255, 255
68,126 : 255, 255, 0, 255, 255, 0, 255, 255, 0
68,127 : 255, 255, 0, 255, 255, 0, 255, 255, 0
69,0 : 0, 255, 255, 0, 255, 255, 0, 255, 255
69,1 : 0, 255, 255, 0, 255, 255, 0, 255, 255
69,2 : 255, 255, 255, 255, 255, 255, 255, 255, 255
69,3 : 255, 255, 255, 255, 255, 255, 255, 255, 255
69,4 : 255, 255, 255, 255, 255, 255, 255, 255, 255
69,5 : 255, 255, 255, 255, 255, 255, 255, 255, 255
69,6 : 255, 255, 255, 255, 255, 255, 255, 255, 255
69,7 : 255, 255, 255, 255, 255, 255, 255, 255, 255
69,8 : 255, 255, 255, 255, 255, 255, 255, 255, 255
69,9 : 255, 255, 255, 255, 255, 255, 255, 255, 255
69,10 : 255, 255, 255, 255, 255, 255, 255, 255, 255
69,11 : 255, 255, 255, 255, 255, 255, 255, 255, 255
69,12 : 255, 255, 255, 255, 255, 255, 255, 255, 255
69,13 : 255, 255, 255, 255, 255, 255, 255, 255, 255
69,14 : 255, 255, 255, 255, 255, 255, 255, 255, 255
69,15 : 255, 255, 255, 255, 255, 255, 255, 255, 255
69,16 : 255, 255, 255, 255, 255, 255, 255, 255, 255
69,17 : 255, 255, 255, 255, 255, 255, 255, 255, 255
69,18 : 255, 255, 255, 255, 255, 255, 255, 255, 255
69,19 : 255, 255, 255, 255, 255, 255, 255, 255, 255
69,20 : 255, 255, 255, 255, 255, 255, 255, 255, 255
69,21 : 255, 255, 255, 255, 255, 255, 255, 255, 255
69,22 : 255, 255, 255, 255, 255, 255, 255, 255, 255
69,23 : 255, 255, 255, 255, 255, 255, 255, 255, 255
69,24 : 255, 255, 255, 255, 255, 255, 255, 255, 255
69,25 : 255, 255, 255, 255, 255, 255, 255, 255, 255
69,26 : 255, 255, 255, 255, 255, 255, 255, 255, 255
69,27 : 255, 255, 255, 255, 255, 255, 255, 255, 255
69,28 : 255, 255, 255, 255, 255, 255, 255, 255, 255
69,29 : 255, 255, 255, 255, 255, 255, 255, 255, 255
69,30 : 255, 255, 255, 255, 255, 255, 255, 255, 255
69,31 : 255, 255, 254, 255, 255, 255, 255, 255, 255
69,32 : 255, 255, 254, 255, 255, 255, 255, 255, 255
69,33 : 255, 254, 254, 255, 255, 255, 255, 255, 254
69,34 : 255, 254, 252, 255, 255, 255, 255, 255, 255
69,35 : 254, 254, 253, 255, 255, 254, 255, 254, 255
69,36 : 254, 252, 254, 255, 255, 254, 255, 255, 254
69,37 : 254, 253, 251, 255, 254, 255, 254, 255, 254
69,38 : 252, 254, 253, 255, 254, 255, 255, 254, 255
69,39 : 253, 251, 255, 254, 255, 255, 255, 254, 253
69,40 : 254, 253, 254, 254, 255, 253, 254, 255, 255
69,41 : 251, 255, 254, 255, 255, 254, 254, 253, 254
69,42 : 253, 254, 249, 255, 253, 255, 255, 255, 254
69,43 : 255, 254, 252, 255, 254, 253, 253, 254, 255
69,44 : 254, 249, 245, 253, 255, 252, 255, 254, 254
69,45 : 254, 252, 121, 254, 253, 255, 254, 255, 255
69,46 : 249, 245, 12, 255, 252, 252, 254, 254, 255
69,47 : 252, 121, 23, 253, 255, 237, 255, 255, 254
69,48 : 245, 12, 125, 252, 252, 192, 254, 255, 255
69,49 : 121, 23, 176, 255, 237, 182, 255, 254, 255
69,50 : 12, 125, 114, 252, 192, 204, 255, 255, 252
69,51 : 23, 176, 30, 237, 182, 235, 254, 255, 255
69,52 : 125, 114, 4, 192, 204, 250, 255, 252, 255
69,53 : 176, 30, 24, 182, 235, 255, 255, 255, 255
69,54 : 114, 4, 174, 204, 250, 255, 252, 255, 255
69,55 : 30, 24, 250, 235, 255, 252, 255, 255, 255
69,56 : 4, 174, 245, 250, 255, 253, 255, 255, 255
69,57 : 24, 250, 253, 255, 252, 253, 255, 255, 253
69,58 : 174, 245, 252, 255, 253, 250, 255, 255, 255
69,59 : 250, 253, 253, 252, 253, 253, 255, 253, 255
69,60 : 245, 252, 254, 253, 250, 255, 255, 255, 255
69,61 : 253, 253, 254, 253, 253, 254, 253, 255, 254
69,62 : 252, 254, 254, 250, 255, 255, 255, 255, 255
69,63 : 253, 254, 255, 253, 254, 255, 255, 254, 255
69,64 : 254, 254, 255, 255, 255, 255, 255, 255, 255
69,65 : 254, 255, 254, 254, 255, 255, 254, 255, 255
69,66 : 254, 255, 254, 255, 255, 255, 255, 255, 254
69,67 : 255, 254, 255, 255, 255, 255, 255, 255, 255
69,68 : 255, 254, 255, 255, 255, 255, 255, 254, 255
69,69 : 254, 255, 255, 255, 255, 255, 255, 255, 255
69,70 : 254, 255, 255, 255, 255, 255, 254, 255, 255
69,71 : 255, 255, 255, 255, 255, 255, 255, 255, 255
69,72 : 255, 255, 255, 255, 255, 255, 255, 255, 255
69,73 : 255, 255, 255, 255, 255, 255, 255, 255, 255
69,74 : 255, 255, 255, 255, 255, 255, 255, 255, 255
69,75 : 255, 255, 255, 255, 255, 255, 255, 255, 255
69,76 : 255, 255, 255, 255, 255, 255, 255, 255, 255
69,77 : 255, 255, 255, 255, 255, 255, 255, 255, 255
69,78 : 255, 255, 255, 255, 255, 255, 255, 255, 255
69,79 : 255, 255, 255, 255, 255, 255, 255, 255, 255
69,80 : 255, 255, 255, 255, 255, 255, 255, 255, 255
69,81 : 255, 255, 255, 255, 255, 255, 255, 255, 255
69,82 : 255, 255, 255, 255, 255, 255, 255, 255, 255
69,83 : 255, 255, 255, 255, 255, 255, 255, 255, 255
69,84 : 255, 255, 255, 255, 255, 255, 255, 255, 255
69,85 : 255, 255, 255, 255, 255, 255, 255, 255, 255
69,86 : 255, 255, 255, 255, 255, 255, 255, 255, 255
69,87 : 255, 255, 255, 255, 255, 255, 255, 255, 255
69,88 : 255, 255, 255, 255, 255, 255, 255, 255, 255
69,89 : 255, 255, 255, 255, 255, 255, 255, 255, 255
69,90 : 255, 255, 255, 255, 255, 255, 255, 255, 255
69,91 : 255, 255, 255, 255, 255, 255, 255, 255, 255
69,92 : 255, 255, 255, 255, 255, 255, 255, 255, 255
69,93 : 255, 255, 255, 255, 255, 255, 255, 255, 255
69,94 : 255, 255, 255, 255, 255, 255, 255, 255, 255
69,95 : 255, 255, 255, 255, 255, 255, 255, 255, 255
69,96 : 255, 255, 255, 255, 255, 255, 255, 255, 255
69,97 : 255, 255, 255, 255, 255, 255, 255, 255, 255
69,98 : 255, 255, 255, 255, 255, 255, 255, 255, 255
69,99 : 255, 255, 255, 255, 255, 255, 255, 255, 255
69,100 : 255, 255, 255, 255, 255, 255, 255, 255, 255
69,101 : 255, 255, 255, 255, 255, 255, 255, 255, 255
69,102 : 255, 255, 255, 255, 255, 255, 255, 255, 255
69,103 : 255, 255, 255, 255, 255, 255, 255, 255, 255
69,104 : 255, 255, 255, 255, 255, 255, 255, 255, 255
69,105 : 255, 255, 255, 255, 255, 255, 255, 255, 255
69,106 : 255, 255, 255, 255, 255, 255, 255, 255, 255
69,107 : 255, 255, 255, 255, 255, 255, 255, 255, 255
69,108 : 255, 255, 255, 255, 255, 255, 255, 255, 255
69,109 : 255, 255, 255, 255, 255, 255, 255, 255, 255
69,110 : 255, 255, 255, 255, 255, 255, 255, 255, 255
69,111 : 255, 255, 255, 255, 255, 255, 255, 255, 255
69,112 : 255, 255, 255, 255, 255, 255, 255, 255, 255
69,113 : 255, 255, 255, 255, 255, 255, 255, 255, 255
69,114 : 255, 255, 255, 255, 255, 255, 255, 255, 255
69,115 : 255, 255, 255, 255, 255, 255, 255, 255, 255
69,116 : 255, 255, 255, 255, 255, 255, 255, 255, 255
69,117 : 255, 255, 255, 255, 255, 255, 255, 255, 255
69,118 : 255, 255, 255, 255, 255, 255, 255, 255, 255
69,119 : 255, 255, 255, 255, 255, 255, 255, 255, 255
69,120 : 255, 255, 255, 255, 255, 255, 255, 255, 255
69,121 : 255, 255, 255, 255, 255, 255, 255, 255, 255
69,122 : 255, 255, 255, 255, 255, 255, 255, 255, 255
69,123 : 255, 255, 255, 255, 255, 255, 255, 255, 255
69,124 : 255, 255, 255, 255, 255, 255, 255, 255, 255
69,125 : 255, 255, 255, 255, 255, 255, 255, 255, 255
69,126 : 255, 255, 0, 255, 255, 0, 255, 255, 0
69,127 : 255, 255, 0, 255, 255, 0, 255, 255, 0
70,0 : 0, 255, 255, 0, 255, 255, 0, 0, 0
70,1 : 0, 255, 255, 0, 255, 255, 0, 0, 0
70,2 : 255, 255, 255, 255, 255, 255, 0, 0, 0
70,3 : 255, 255, 255, 255, 255, 255, 0, 0, 0
70,4 : 255, 255, 255, 255, 255, 255, 0, 0, 0
70,5 : 255, 255, 255, 255, 255, 255, 0, 0, 0
70,6 : 255, 255, 255, 255, 255, 255, 0, 0, 0
70,7 : 255, 255, 255, 255, 255, 255, 0, 0, 0
70,8 : 255, 255, 255, 255, 255, 255, 0, 0, 0
70,9 : 255, 255, 255, 255, 255, 255, 0, 0, 0
70,10 : 255, 255, 255, 255, 255, 255, 0, 0, 0
70,11 : 255, 255, 255, 255, 255, 255, 0, 0, 0
70,12 : 255, 255, 255, 255, 255, 255, 0, 0, 0
70,13 : 255, 255, 255, 255, 255, 255, 0, 0, 0
70,14 : 255, 255, 255, 255, 255, 255, 0, 0, 0
70,15 : 255, 255, 255, 255, 255, 255, 0, 0, 0
70,16 : 255, 255, 255, 255, 255, 255, 0, 0, 0
70,17 : 255, 255, 255, 255, 255, 255, 0, 0, 0
70,18 : 255, 255, 255, 255, 255, 255, 0, 0, 0
70,19 : 255, 255, 255, 255, 255, 255, 0, 0, 0
70,20 : 255, 255, 255, 255, 255, 255, 0, 0, 0
70,21 : 255, 255, 255, 255, 255, 255, 0, 0, 0
70,22 : 255, 255, 255, 255, 255, 255, 0, 0, 0
70,23 : 255, 255, 255, 255, 255, 255, 0, 0, 0
70,24 : 255, 255, 255, 255, 255, 255, 0, 0, 0
70,25 : 255, 255, 255, 255, 255, 255, 0, 0, 0
70,26 : 255, 255, 255, 255, 255, 255, 0, 0, 0
70,27 : 255, 255, 255, 255, 255, 255, 0, 0, 0
70,28 : 255, 255, 255, 255, 255, 255, 0, 0, 0
70,29 : 255, 255, 255, 255, 255, 255, 0, 0, 0
70,30 : 255, 255, 255, 255, 255, 254, 0, 0, 0
70,31 : 255, 255, 255, 255, 255, 254, 0, 0, 0
70,32 : 255, 255, 254, 255, 254, 254, 0, 0, 0
70,33 : 255, 255, 254, 255, 254, 254, 0, 0, 0
70,34 : 255, 254, 254, 254, 254, 255, 0, 0, 0
70,35 : 255, 254, 255, 254, 254, 254, 0, 0, 0
70,36 : 254, 254, 255, 254, 255, 254, 0, 0, 0
70,37 : 254, 255, 253, 254, 254, 255, 0, 0, 0
70,38 : 254, 255, 252, 255, 254, 254, 0, 0, 0
70,39 : 255, 253, 255, 254, 255, 255, 0, 0, 0
70,40 : 255, 252, 254, 254, 254, 255, 0, 0, 0
70,41 : 253, 255, 255, 255, 255, 255, 0, 0, 0
70,42 : 252, 254, 253, 254, 255, 255, 0, 0, 0
70,43 : 255, 255, 255, 255, 255, 254, 0, 0, 0
70,44 : 254, 253, 255, 255, 255, 255, 0, 0, 0
70,45 : 255, 255, 233, 255, 254, 250, 0, 0, 0
70,46 : 253, 255, 157, 255, 255, 255, 0, 0, 0
70,47 : 255, 233, 58, 254, 250, 254, 0, 0, 0
70,48 : 255, 157, 8, 255, 255, 253, 0, 0, 0
70,49 : 233, 58, 9, 250, 254, 255, 0, 0, 0
70,50 : 157, 8, 19, 255, 253, 255, 0, 0, 0
70,51 : 58, 9, 44, 254, 255, 253, 0, 0, 0
70,52 : 8, 19, 91, 253, 255, 255, 0, 0, 0
70,53 : 9, 44, 172, 255, 253, 253, 0, 0, 0
70,54 : 19, 91, 245, 255, 255, 254, 0, 0, 0
70,55 : 44, 172, 251, 253, 253, 254, 0, 0, 0
70,56 : 91, 245, 255, 255, 254, 254, 0, 0, 0
70,57 : 172, 251, 254, 253, 254, 255, 0, 0, 0
70,58 : 245, 255, 254, 254, 254, 252, 0, 0, 0
70,59 : 251, 254, 255, 254, 255, 255, 0, 0, 0
70,60 : 255, 254, 253, 254, 252, 251, 0, 0, 0
70,61 : 254, 255, 251, 255, 255, 255, 0, 0, 0
70,62 : 254, 253, 254, 252, 251, 255, 0, 0, 0
70,63 : 255, 251, 255, 255, 255, 255, 0, 0, 0
70,64 : 253, 254, 255, 251, 255, 255, 0, 0, 0
70,65 : 251, 255, 255, 255, 255, 255, 0, 0, 0
70,66 : 254, 255, 255, 255, 255, 255, 0, 0, 0
70,67 : 255, 255, 255, 255, 255, 255, 0, 0, 0
70,68 : 255, 255, 255, 255, 255, 255, 0, 0, 0
70,69 : 255, 255, 255, 255, 255, 255, 0, 0, 0
70,70 : 255, 255, 255, 255, 255, 255, 0, 0, 0
70,71 : 255, 255, 255, 255, 255, 255, 0, 0, 0
70,72 : 255, 255, 255, 255, 255, 255, 0, 0, 0
70,73 : 255, 255, 255, 255, 255, 255, 0, 0, 0
70,74 : 255, 255, 255, 255, 255, 255, 0, 0, 0
70,75 : 255, 255, 255, 255, 255, 255, 0, 0, 0
70,76 : 255, 255, 255, 255, 255, 255, 0, 0, 0
70,77 : 255, 255, 255, 255, 255, 255, 0, 0, 0
70,78 : 255, 255, 255, 255, 255, 255, 0, 0, 0
70,79 : 255, 255, 255, 255, 255, 255, 0, 0, 0
70,80 : 255, 255, 255, 255, 255, 255, 0, 0, 0
70,81 : 255, 255, 255, 255, 255, 255, 0, 0, 0
70,82 : 255, 255, 255, 255, 255, 255, 0, 0, 0
70,83 : 255, 255, 255, 255, 255, 255, 0, 0, 0
70,84 : 255, 255, 255, 255, 255, 255, 0, 0, 0
70,85 : 255, 255, 255, 255, 255, 255, 0, 0, 0
70,86 : 255, 255, 255, 255, 255, 255, 0, 0, 0
70,87 : 255, 255, 255, 255, 255, 255, 0, 0, 0
70,88 : 255, 255, 255, 255, 255, 255, 0, 0, 0
70,89 : 255, 255, 255, 255, 255, 255, 0, 0, 0
70,90 : 255, 255, 255, 255, 255, 255, 0, 0, 0
70,91 : 255, 255, 255, 255, 255, 255, 0, 0, 0
70,92 : 255, 255, 255, 255, 255, 255, 0, 0, 0
70,93 : 255, 255, 255, 255, 255, 255, 0, 0, 0
70,94 : 255, 255, 255, 255, 255, 255, 0, 0, 0
70,95 : 255, 255, 255, 255, 255, 255, 0, 0, 0
70,96 : 255, 255, 255, 255, 255, 255, 0, 0, 0
70,97 : 255, 255, 255, 255, 255, 255, 0, 0, 0
70,98 : 255, 255, 255, 255, 255, 255, 0, 0, 0
70,99 : 255, 255, 255, 255, 255, 255, 0, 0, 0
70,100 : 255, 255, 255, 255, 255, 255, 0, 0, 0
70,101 : 255, 255, 255, 255, 255, 255, 0, 0, 0
70,102 : 255, 255, 255, 255, 255, 255, 0, 0, 0
70,103 : 255, 255, 255, 255, 255, 255, 0, 0, 0
70,104 : 255, 255, 255, 255, 255, 255, 0, 0, 0
70,105 : 255, 255, 255, 255, 255, 255, 0, 0, 0
70,106 : 255, 255, 255, 255, 255, 255, 0, 0, 0
70,107 : 255, 255, 255, 255, 255, 255, 0, 0, 0
70,108 : 255, 255, 255, 255, 255, 255, 0, 0, 0
70,109 : 255, 255, 255, 255, 255, 255, 0, 0, 0
70,110 : 255, 255, 255, 255, 255, 255, 0, 0, 0
70,111 : 255, 255, 255, 255, 255, 255, 0, 0, 0
70,112 : 255, 255, 255, 255, 255, 255, 0, 0, 0
70,113 : 255, 255, 255, 255, 255, 255, 0, 0, 0
70,114 : 255, 255, 255, 255, 255, 255, 0, 0, 0
70,115 : 255, 255, 255, 255, 255, 255, 0, 0, 0
70,116 : 255, 255, 255, 255, 255, 255, 0, 0, 0
70,117 : 255, 255, 255, 255, 255, 255, 0, 0, 0
70,118 : 255, 255, 255, 255, 255, 255, 0, 0, 0
70,119 : 255, 255, 255, 255, 255, 255, 0, 0, 0
70,120 : 255, 255, 255, 255, 255, 255, 0, 0, 0
70,121 : 255, 255, 255, 255, 255, 255, 0, 0, 0
70,122 : 255, 255, 255, 255, 255, 255, 0, 0, 0
70,123 : 255, 255, 255, 255, 255, 255, 0, 0, 0
70,124 : 255, 255, 255, 255, 255, 255, 0, 0, 0
70,125 : 255, 255, 255, 255, 255, 255, 0, 0, 0
70,126 : 255, 255, 0, 255, 255, 0, 0, 0, 0
70,127 : 255, 255, 0, 255, 255, 0, 0, 0, 0
71,0 : 0, 255, 255, 0, 255, 255, 0, 0, 0
71,1 : 0, 255, 255, 0, 255, 255, 0, 0, 0
71,2 : 255, 255, 255, 255, 255, 255, 0, 0, 0
71,3 : 255, 255, 255, 255, 255, 255, 0, 0, 0
71,4 : 255, 255, 255, 255, 255, 255, 0, 0, 0
71,5 : 255, 255, 255, 255, 255, 255, 0, 0, 0
71,6 : 255, 255, 255, 255, 255, 255, 0, 0, 0
71,7 : 255, 255, 255, 255, 255, 255, 0, 0, 0
71,8 : 255, 255, 255, 255, 255, 255, 0, 0, 0
71,9 : 255, 255, 255, 255, 255, 255, 0, 0, 0
71,10 : 255, 255, 255, 255, 255, 255, 0, 0, 0
71,11 : 255, 255, 255, 255, 255, 255, 0, 0, 0
71,12 : 255, 255, 255, 255, 255, 255, 0, 0, 0
71,13 : 255, 255, 255, 255, 255, 255, 0, 0, 0
71,14 : 255, 255, 255, 255, 255, 255, 0, 0, 0
71,15 : 255, 255, 255, 255, 255, 255, 0, 0, 0
71,16 : 255, 255, 255, 255, 255, 255, 0, 0, 0
71,17 : 255, 255, 255, 255, 255, 255, 0, 0, 0
71,18 : 255, 255, 255, 255, 255, 255, 0, 0, 0
71,19 : 255, 255, 255, 255, 255, 255, 0, 0, 0
71,20 : 255, 255, 255, 255, 255, 255, 0, 0, 0
71,21 : 255, 255, 255, 255, 255, 255, 0, 0, 0
71,22 : 255, 255, 255, 255, 255, 255, 0, 0, 0
71,23 : 255, 255, 255, 255, 255, 255, 0, 0, 0
71,24 : 255, 255, 255, 255, 255, 255, 0, 0, 0
71,25 : 255, 255, 255, 255, 255, 255, 0, 0, 0
71,26 : 255, 255, 255, 255, 255, 255, 0, 0, 0
71,27 : 255, 255, 255, 255, 255, 255, 0, 0, 0
71,28 : 255, 255, 255, 255, 255, 255, 0, 0, 0
71,29 : 255, 255, 255, 255, 255, 255, 0, 0, 0
71,30 : 255, 255, 255, 255, 255, 255, 0, 0, 0
71,31 : 255, 255, 255, 255, 255, 255, 0, 0, 0
71,32 : 255, 255, 255, 255, 255, 255, 0, 0, 0
71,33 : 255, 255, 255, 255, 255, 254, 0, 0, 0
71,34 : 255, 255, 255, 255, 255, 255, 0, 0, 0
71,35 : 255, 255, 254, 255, 254, 255, 0, 0, 0
71,36 : 255, 255, 254, 255, 255, 254, 0, 0, 0
71,37 : 255, 254, 255, 254, 255, 254, 0, 0, 0
71,38 : 255, 254, 255, 255, 254, 255, 0, 0, 0
71,39 : 254, 255, 255, 255, 254, 253, 0, 0, 0
71,40 : 254, 255, 253, 254, 255, 255, 0, 0, 0
71,41 : 255, 255, 254, 254, 253, 254, 0, 0, 0
71,42 : 255, 253, 255, 255, 255, 254, 0, 0, 0
71,43 : 255, 254, 253, 253, 254, 255, 0, 0, 0
71,44 : 253, 255, 252, 255, 254, 254, 0, 0, 0
71,45 : 254, 253, 255, 254, 255, 255, 0, 0, 0
71,46 : 255, 252, 252, 254, 254, 255, 0, 0, 0
71,47 : 253, 255, 237, 255, 255, 254, 0, 0, 0
71,48 : 252, 252, 192, 254, 255, 255, 0, 0, 0
71,49 : 255, 237, 182, 255, 254, 255, 0, 0, 0
71,50 : 252, 192, 204, 255, 255, 252, 0, 0, 0
71,51 : 237, 182, 235, 254, 255, 255, 0, 0, 0
71,52 : 192, 204, 250, 255, 252, 255, 0, 0, 0
71,53 : 182, 235, 255, 255, 255, 255, 0, 0, 0
71,54 : 204, 250, 255, 252, 255, 255, 0, 0, 0
71,55 : 235, 255, 252, 255, 255, 255, 0, 0, 0
71,56 : 250, 255, 253, 255, 255, 255, 0, 0, 0
71,57 : 255, 252, 253, 255, 255, 253, 0, 0, 0
71,58 : 255, 253, 250, 255, 255, 255, 0, 0, 0
71,59 : 252, 253, 253, 255, 253, 255, 0, 0, 0
71,60 : 253, 250, 255, 255, 255, 255, 0, 0, 0
71,61 : 253, 253, 254, 253, 255, 254, 0, 0, 0
71,62 : 250, 255, 255, 255, 255, 255, 0, 0, 0
71,63 : 253, 254, 255, 255, 254, 255, 0, 0, 0
71,64 : 255, 255, 255, 255, 255, 255, 0, 0, 0
71,65 : 254, 255, 255, 254, 255, 255, 0, 0, 0
71,66 : 255, 255, 255, 255, 255, 254, 0, 0, 0
71,67 : 255, 255, 255, 255, 255, 255, 0, 0, 0
71,68 : 255, 255, 255, 255, 254, 255, 0, 0, 0
71,69 : 255, 255, 255, 255, 255, 255, 0, 0, 0
71,70 : 255, 255, 255, 254, 255, 255, 0, 0, 0
71,71 : 255, 255, 255, 255, 255, 255, 0, 0, 0
71,72 : 255, 255, 255, 255, 255, 255, 0, 0, 0
71,73 : 255, 255, 255, 255, 255, 255, 0, 0, 0
71,74 : 255, 255, 255, 255, 255, 255, 0, 0, 0
71,75 : 255, 255, 255, 255, 255, 255, 0, 0, 0
71,76 : 255, 255, 255, 255, 255, 255, 0, 0, 0
71,77 : 255, 255, 255, 255, 255, 255, 0, 0, 0
71,78 : 255, 255, 255, 255, 255, 255, 0, 0, 0
71,79 : 255, 255, 255, 255, 255, 255, 0, 0, 0
71,80 : 255, 255, 255, 255, 255, 255, 0, 0, 0
71,81 : 255, 255, 255, 255, 255, 255, 0, 0, 0
71,82 : 255, 255, 255, 255, 255, 255, 0, 0, 0
71,83 : 255, 255, 255, 255, 255, 255, 0, 0, 0
71,84 : 255, 255, 255, 255, 255, 255, 0, 0, 0
71,85 : 255, 255, 255, 255, 255, 255, 0, 0, 0
71,86 : 255, 255, 255, 255, 255, 255, 0, 0, 0
71,87 : 255, 255, 255, 255, 255, 255, 0, 0, 0
71,88 : 255, 255, 255, 255, 255, 255, 0, 0, 0
71,89 : 255, 255, 255, 255, 255, 255, 0, 0, 0
71,90 : 255, 255, 255, 255, 255, 255, 0, 0, 0
71,91 : 255, 255, 255, 255, 255, 255, 0, 0, 0
71,92 : 255, 255, 255, 255, 255, 255, 0, 0, 0
71,93 : 255, 255, 255, 255, 255, 255, 0, 0, 0
71,94 : 255, 255, 255, 255, 255, 255, 0, 0, 0
71,95 : 255, 255, 255, 255, 255, 255, 0, 0, 0
71,96 : 255, 255, 255, 255, 255, 255, 0, 0, 0
71,97 : 255, 255, 255, 255, 255, 255, 0, 0, 0
71,98 : 255, 255, 255, 255, 255, 255, 0, 0, 0
71,99 : 255, 255, 255, 255, 255, 255, 0, 0, 0
71,100 : 255, 255, 255, 255, 255, 255, 0, 0, 0
71,101 : 255, 255, 255, 255, 255, 255, 0, 0, 0
71,102 : 255, 255, 255, 255, 255, 255, 0, 0, 0
71,103 : 255, 255, 255, 255, 255, 255, 0, 0, 0
71,104 : 255, 255, 255, 255, 255, 255, 0, 0, 0
71,105 : 255, 255, 255, 255, 255, 255, 0, 0, 0
71,106 : 255, 255, 255, 255, 255, 255, 0, 0, 0
71,107 : 255, 255, 255, 255, 255, 255, 0, 0, 0
71,108 : 255, 255, 255, 255, 255, 255, 0, 0, 0
71,109 : 255, 255, 255, 255, 255, 255, 0, 0, 0
71,110 : 255, 255, 255, 255, 255, 255, 0, 0, 0
71,111 : 255, 255, 255, 255, 255, 255, 0, 0, 0
71,112 : 255, 255, 255, 255, 255, 255, 0, 0, 0
71,113 : 255, 255, 255, 255, 255, 255, 0, 0, 0
71,114 : 255, 255, 255, 255, 255, 255, 0, 0, 0
71,115 : 255, 255, 255, 255, 255, 255, 0, 0, 0
71,116 : 255, 255, 255, 255, 255, 255, 0, 0, 0
71,117 : 255, 255, 255, 255, 255, 255, 0, 0, 0
71,118 : 255, 255, 255, 255, 255, 255, 0, 0, 0
71,119 : 255, 255, 255, 255, 255, 255, 0, 0, 0
71,120 : 255, 255, 255, 255, 255, 255, 0, 0, 0
71,121 : 255, 255, 255, 255, 255, 255, 0, 0, 0
71,122 : 255, 255, 255, 255, 255, 255, 0, 0, 0
71,123 : 255, 255, 255, 255, 255, 255, 0, 0, 0
71,124 : 255, 255, 255, 255, 255, 255, 0, 0, 0
71,125 : 255, 255, 255, 255, 255, 255, 0, 0, 0
71,126 : 255, 255, 0, 255, 255, 0, 0, 0, 0
71,127 : 255, 255, 0, 255, 255, 0, 0, 0, 0
250
250
250
250
250
250
250
250
250
250
250
250
250
250
250
250
250
250
250
250
250
250
250
250
250
250
250
250
250
250
250
250
250
250
250
250
250
250
250
250
250
250
250
250
250
250
250
250
250
250
250
250
250
250
250
250
250
250
250
250
250
250
250
250
250
250
250
250
250
250
250
250
250
250
250
250
250
250
250
250
250
250
250
250
250
250
250
250
250
250
250
250
250
250
250
250
250
250
250
250
250
250
250
250
250
250
250
250
250
250
250
250
250
250
250
250
250
250
250
250
250
250
250
250
250
250
250
250
250
250
250
250
250
250
250
250
250
250
250
250
250
250
250
250
250
250
250
250
250
250
250
250
250
250
250
250
250
250
250
250
250
250
250
250
250
250
250
250
250
250
250
250
250
250
250
250
250
250
250
250
250
250
250
250
250
250
250
250
250
250
250
250
250
250
250
250
250
250
250
250
250
250
250
250
250
250
250
250
250
250
250
250
250
250
250
250
250
250
250
250
250
250
250
250
250
250
250
250
250
250
250
250
250
250
250
250
250
250
250
250
250
250
250
250
250
250
250
250
250
250
250
250
250
250
250
250
250
250
250
250
250
250
250
250
250
250
250
250
250
250
250
250
250
250
250
250
250
250
250
250
250
250
250
250
250
250
250
250
250
250
250
250
250
250
250
250
250
250
250
250
250
250
250
250
250
250
250
250
250
250
250
250
250
250
250
250
250
250
250
250
250
250
250
250
250
250
250
250
250
250
250
250
250
250
250
250
250
250
250
250
250
250
250
250
250
250
250
250
250
250
250
250
250
250
250
250
250
250
250
250
250
250
250
250
250
250
250
250
250
250
250
250
250
250
250
250
250
250
250
250
250
250
250
250
250
250
250
250
250
250
250
250
250
250
250
250
250
250
250
250
250
250
250
250
250
250
250
250
250
250
250
250
250
250
250
250
250
250
250
250
250
250
250
250
250
250
250
250
250
250
250
250
250
250
250
250
250
250
250
250
250
250
250
250
250
250
250
250
250
250
250
250
250
250
250
250
250
250
250
250
250
250
250
250
250
250
250
250
250
250
250
250
250
250
250
250
250
250
250
250
250
250
250
250
250
250
250
250
250
250
250
250
250
250
250
250
250
250
250
250
250
250
250
250
250
250
250
250
250
250
250
250
250
250
250
250
250
250
250
250
250
250
250
250
250
250
250
250
250
250
250
250
250
250
250
250
250
250
250
250
250
250
250
250
250
250
250
250
250
250
250
250
250
250
250
250
250
250
250
250
250
250
250
250
250
250
250
250
250
250
250
250
250
250
250
250
250
250
250
250
250
250
250
250
250
250
250
250
250
250
250
250
250
250
250
250
250
250
250
250
250
250
250
250
250
250
250
250
250
250
250
250
250
250
250
250
250
250
250
250
250
250
250
250
250
250
250
250
250
250
250
250
250
250
250
250
250
250
250
250
250
250
250
250
250
250
250
250
250
250
250
250
250
250
250
250
250
250
250
250
250
250
250
250
250
250
250
250
250
250
250
250
250
250
250
250
250
250
250
250
250
250
250
250
250
250
250
250
250
250
250
250
250
250
250
250
250
250
250
250
250
250
250
250
250
250
250
250
250
250
250
250
250
250
250
250
250
250
250
250
250
250
250
250
250
250
250
250
250
250
250
250
250
250
250
250
250
250
250
250
250
250
250
250
250
250
250
250
250
250
250
250
250
250
250
250
250
250
250
250
250
250
250
250
250
250
250
250
250
250
250
250
250
250
250
250
250
250
250
250
250
250
250
250
250
250
250
250
250
250
250
250
250
250
250
250
250
250
250
250
250
250
250
250
250
250
250
250
250
250
250
250
250
250
250
250
250
250
250
250
250
250
250
250
250
250
250
250
250
250
250
250
250
250
250
250
250
250
250
250
250
250
250
250
250
250
250
250
250
250
250
235
60
178
185
58
237
250
247
250
250
250
250
250
250
250
250
250
250
250
250
250
250
250
250
250
250
250
250
250
250
250
250
250
250
250
250
250
250
250
250
250
250
250
250
250
250
250
250
250
250
250
250
250
250
250
250
250
250
250
250
250
250
250
250
250
250
250
250
250
250
250
250
250
250
250
250
250
250
250
250
250
250
250
250
250
250
250
250
250
250
250
250
250
250
250
250
250
250
250
250
250
250
250
250
250
250
250
250
250
250
250
250
250
250
250
250
250
250
250
250
250
250
250
250
250
245
26
24
49
8
3
53
3
14
107
154
35
248
250
250
250
250
250
250
250
250
250
250
250
250
250
250
250
250
250
250
250
250
250
250
250
250
250
250
250
250
250
250
250
250
250
250
250
250
250
250
250
250
250
250
250
250
250
250
250
250
250
250
250
250
250
250
250
250
250
250
250
250
250
250
250
250
250
250
250
250
250
250
250
250
250
250
250
250
250
250
250
250
250
250
250
250
250
250
250
250
250
250
250
250
250
250
250
250
250
250
250
250
250
250
250
250
250
250
250
250
250
250
241
232
218
38
125
15
21
5
60
62
41
41
63
58
11
5
16
24
155
27
249
250
250
250
250
250
250
250
250
250
250
250
250
250
250
250
250
250
250
250
250
250
250
250
250
250
250
250
250
250
250
250
250
250
250
250
250
250
250
250
250
250
250
250
250
250
250
250
250
250
250
250
250
250
250
250
250
250
250
250
250
250
250
250
250
250
250
250
250
250
250
250
250
250
250
250
250
250
250
250
250
250
250
250
250
250
250
250
250
250
250
250
250
250
250
250
250
250
250
250
250
250
250
250
250
244
22
34
33
5
58
5
10
63
62
103
135
42
50
154
159
156
123
52
61
10
6
28
91
13
237
250
250
250
250
250
250
250
250
250
250
250
250
250
250
250
250
250
250
250
250
250
250
250
250
250
250
250
250
250
250
250
250
250
250
250
250
250
250
250
250
250
250
250
250
250
250
250
250
250
250
250
250
250
250
250
250
250
250
250
250
250
250
250
250
250
250
250
250
250
250
250
250
250
250
250
250
250
250
250
250
250
250
250
248
241
236
234
231
239
245
242
242
242
239
241
241
250
250
250
250
250
228
3
16
10
44
54
97
114
128
145
152
155
152
154
153
149
154
57
153
153
155
132
52
0
11
8
7
0
243
250
250
250
250
250
250
250
250
250
250
250
250
250
250
250
250
250
250
250
250
250
250
250
250
250
250
250
250
250
250
250
250
250
250
250
250
250
250
250
250
250
250
250
250
250
250
250
250
250
250
250
250
250
250
250
250
250
250
250
250
250
250
250
250
250
250
250
250
250
250
250
250
250
250
237
46
43
46
146
127
19
16
44
44
60
30
33
54
55
41
31
35
40
35
9
95
103
16
127
4
26
22
116
173
157
159
32
148
155
160
154
149
159
160
149
150
158
158
147
157
155
155
157
116
32
4
16
62
244
248
250
250
250
250
250
250
250
250
250
250
250
250
250
250
250
250
250
250
250
250
250
250
250
250
250
250
250
250
250
250
250
250
250
250
250
250
250
250
250
250
250
250
250
250
250
250
250
250
250
250
250
250
250
250
250
250
250
250
250
250
250
250
250
250
250
250
243
35
29
18
8
58
58
13
8
46
14
13
19
27
39
50
53
63
68
66
77
88
93
11
13
11
11
56
52
42
24
19
10
5
10
79
117
151
37
152
149
12
157
147
155
158
151
155
159
152
151
25
158
146
156
24
138
39
2
23
145
236
250
250
250
250
250
250
250
250
250
250
250
250
250
250
250
250
250
250
250
250
250
250
250
250
250
250
250
250
250
250
250
250
250
250
250
250
250
250
250
250
250
250
250
250
250
250
250
250
250
250
250
250
250
250
250
250
250
250
250
250
250
250
242
240
27
25
52
0
52
3
3
6
19
53
63
108
149
150
145
150
153
152
62
57
151
150
62
156
150
61
62
153
155
12
12
154
147
147
132
22
39
24
48
53
56
129
157
48
156
152
159
157
147
151
26
155
151
156
158
151
151
9
155
123
35
4
7
113
235
250
250
250
250
250
250
250
250
250
250
250
250
250
250
250
250
250
250
250
250
250
250
250
250
250
250
250
250
250
250
250
250
250
250
250
250
250
250
250
250
250
250
250
250
250
250
250
250
250
250
250
250
250
250
250
250
250
245
28
22
13
5
61
13
10
16
45
45
38
82
107
137
147
148
52
158
149
152
8
152
148
153
155
148
151
159
151
147
13
156
153
151
1
152
152
157
57
152
154
49
53
117
56
27
62
53
30
150
151
6
27
150
155
158
154
150
160
27
149
154
160
156
159
143
35
4
11
0
245
249
250
250
250
250
250
250
250
250
250
250
250
250
250
250
250
250
250
250
250
250
250
250
250
250
250
250
250
250
250
250
250
250
250
250
250
250
250
250
250
250
250
250
250
250
250
250
250
250
250
250
250
250
250
25
17
19
14
12
22
58
2
2
110
140
148
156
51
153
151
54
148
145
25
155
146
152
45
152
146
155
155
146
150
154
148
150
157
159
148
154
158
155
148
159
158
148
153
158
154
152
159
155
46
0
7
42
124
29
8
147
155
160
154
150
157
158
149
151
159
148
148
31
135
44
4
9
114
235
248
250
250
250
250
250
250
250
250
250
250
250
250
250
250
250
250
250
250
250
250
250
250
250
250
250
250
250
250
250
250
250
250
250
250
250
250
250
250
250
250
250
250
250
250
250
250
250
250
249
19
137
21
7
4
7
46
42
75
41
142
157
52
158
154
63
4
152
156
160
150
149
156
2
197
217
220
221
213
207
191
63
55
156
148
150
155
157
150
157
156
155
152
160
159
150
152
158
155
149
156
161
161
142
47
6
14
19
156
154
153
157
155
148
154
159
151
153
159
156
147
20
35
141
19
4
6
92
232
250
250
250
250
250
250
250
250
250
250
250
250
250
250
250
250
250
250
250
250
250
250
250
250
250
250
250
250
250
250
250
250
250
250
250
250
250
250
250
249
250
250
250
250
250
250
250
238
20
36
6
15
56
52
40
132
149
162
59
151
155
14
157
152
27
160
150
153
158
155
157
9
239
246
249
250
250
248
250
246
241
224
203
1
142
158
157
150
153
160
155
149
159
26
149
154
25
154
151
26
26
148
152
157
29
6
18
111
154
154
161
155
153
26
27
150
153
158
152
153
156
19
152
140
18
3
10
110
241
250
250
247
250
250
250
250
250
250
250
250
250
250
250
250
250
250
250
250
250
250
250
250
250
250
250
250
250
250
250
250
250
245
226
214
206
219
236
248
250
243
238
232
236
230
21
34
39
24
49
36
144
44
51
156
150
158
16
150
154
158
154
148
158
157
149
154
160
51
226
248
250
249
250
250
247
250
250
250
250
242
245
219
165
55
155
150
151
25
153
148
160
159
149
155
162
154
149
159
161
152
157
46
152
23
55
17
116
155
16
149
149
157
158
148
154
159
155
147
154
163
155
154
149
49
4
9
118
238
250
250
250
250
250
250
250
250
250
250
250
250
250
250
250
250
250
250
250
250
250
250
250
250
250
250
250
250
250
249
7
10
23
22
19
21
32
46
52
31
58
18
13
45
8
15
45
150
34
55
153
155
15
156
152
29
160
149
153
158
152
146
158
154
148
156
46
50
235
248
250
250
250
250
250
250
250
250
250
250
250
245
7
168
155
148
154
26
152
150
27
157
151
152
157
152
150
158
158
150
150
158
156
145
57
7
31
150
59
153
149
157
158
147
154
159
152
152
24
160
148
156
159
130
24
46
13
1
249
250
250
249
250
250
250
250
250
250
250
250
250
250
250
250
250
250
250
250
250
250
250
250
250
250
250
246
8
13
18
4
10
29
31
3
4
53
55
45
42
19
6
40
60
144
157
157
162
156
149
156
161
151
148
158
157
149
155
158
151
148
26
154
148
156
158
165
224
250
250
250
250
250
250
250
250
250
250
250
250
247
237
208
165
145
156
159
153
151
27
158
150
155
162
157
152
158
158
150
153
154
153
157
125
6
13
20
157
159
148
157
159
148
153
159
154
151
159
157
151
152
159
154
121
16
0
62
7
250
250
250
250
250
250
250
250
250
250
250
250
250
250
250
250
250
250
250
250
250
250
250
250
237
3
4
8
6
12
17
5
13
22
33
46
140
163
55
161
140
59
149
158
160
158
150
155
159
153
156
159
154
153
161
155
146
152
156
151
149
25
157
149
156
156
153
6
244
250
250
60
250
250
250
250
250
250
250
250
250
250
231
188
148
154
159
155
150
158
26
149
154
160
152
148
6
61
152
158
51
153
147
145
59
5
28
124
54
148
156
25
149
152
160
155
149
155
159
147
155
159
158
151
19
4
4
63
239
250
250
250
250
250
250
250
250
250
250
250
250
250
250
250
250
250
250
250
249
250
250
215
2
5
3
18
64
132
30
151
151
161
163
161
62
173
165
158
159
159
156
156
24
154
150
162
26
151
157
25
154
148
156
155
148
154
25
151
149
159
25
150
155
158
150
4
235
33
249
250
250
250
250
250
250
250
250
250
250
249
246
217
61
152
160
154
150
158
25
152
154
158
155
154
47
148
129
22
12
8
20
13
8
1
2
76
156
153
159
159
150
150
159
153
149
27
163
149
150
160
155
152
20
18
0
49
5
250
250
250
250
250
250
250
250
250
250
250
250
250
250
250
250
250
250
250
250
249
215
1
0
6
30
18
154
153
154
157
151
162
165
162
165
35
165
156
160
161
150
157
26
155
152
26
159
150
155
159
152
148
158
24
149
153
158
153
149
156
157
148
153
24
151
149
11
241
250
250
250
250
250
250
250
250
250
250
249
250
250
237
5
152
160
152
151
63
157
151
156
42
147
25
18
6
11
6
4
26
56
140
124
23
2
10
144
150
157
157
150
150
160
153
150
14
156
152
155
159
157
152
9
63
0
6
59
242
250
250
250
250
250
250
250
250
250
250
250
250
250
250
250
250
250
250
250
11
66
2
40
16
138
157
149
155
159
154
153
31
162
158
166
173
163
156
160
159
151
157
160
154
147
161
156
148
152
154
152
151
156
26
151
153
158
150
146
157
157
148
155
159
152
149
167
15
247
250
250
250
250
250
250
250
250
249
250
250
249
246
208
158
159
151
153
43
151
28
19
7
60
4
2
38
3
1
3
14
63
249
237
101
7
20
19
157
156
158
149
152
159
156
147
159
163
148
147
8
160
158
19
131
16
3
53
0
247
250
248
59
250
250
250
250
250
250
250
250
250
250
250
250
250
250
248
1
5
45
19
149
158
157
149
155
160
155
153
31
161
160
34
173
164
157
161
159
150
154
157
154
150
159
156
146
152
9
148
147
161
154
151
151
10
156
147
156
157
147
150
155
154
151
37
45
241
250
250
250
250
250
250
250
250
250
250
249
250
250
230
59
124
24
8
62
55
50
4
1
2
29
12
4
2
2
3
61
15
250
246
120
7
1
16
146
161
159
147
152
159
155
146
35
63
9
40
45
50
56
0
4
64
14
2
62
1
250
250
250
250
250
250
250
250
250
250
250
250
250
250
250
250
250
12
63
0
34
139
156
163
161
153
158
28
156
153
163
159
159
165
170
160
154
159
157
149
155
158
150
145
155
10
63
53
146
155
150
60
157
151
155
51
152
151
51
159
153
162
55
56
164
166
31
220
250
250
250
250
250
250
250
250
250
250
246
213
165
9
63
6
0
4
2
1
0
2
3
2
0
2
0
3
3
63
2
250
250
245
53
5
3
8
117
49
156
150
154
39
139
53
8
11
67
57
9
73
66
63
9
13
21
5
4
62
226
250
248
250
250
250
250
250
250
250
250
250
250
250
250
250
245
4
6
6
17
42
157
166
30
154
159
28
157
153
162
158
155
160
163
153
148
156
156
148
150
25
152
151
157
153
61
3
97
12
155
152
151
37
29
98
70
61
62
19
92
16
20
97
87
64
28
64
85
93
88
60
175
247
250
250
250
238
47
1
5
5
8
31
1
0
0
1
3
1
1
1
2
0
3
41
60
3
238
250
250
245
45
4
0
57
14
17
44
146
154
136
46
4
37
16
244
250
250
246
246
235
23
10
10
5
0
59
4
239
250
249
250
250
250
250
250
250
250
250
250
250
250
250
228
54
2
13
135
171
24
160
159
151
157
162
155
152
162
158
151
156
160
151
147
156
156
148
154
157
149
149
157
155
43
30
33
86
55
2
14
9
5
1
3
0
1
3
2
2
3
0
0
1
3
3
4
59
0
8
22
44
15
246
250
232
55
28
9
26
187
182
34
21
11
22
34
16
20
45
50
51
1
180
240
250
249
247
247
250
113
5
1
8
81
132
144
151
139
50
8
3
62
250
250
250
250
250
250
250
248
9
6
33
15
2
45
26
250
250
250
250
250
250
250
250
250
250
250
250
250
250
59
20
1
49
150
167
159
166
159
151
156
160
154
150
160
156
148
154
159
152
149
157
155
146
153
157
150
147
158
154
24
2
0
2
3
3
3
31
0
1
0
1
2
4
1
0
2
3
22
4
0
3
49
62
57
158
33
60
54
5
221
250
196
22
4
205
250
250
237
215
60
215
235
241
242
239
249
244
250
250
250
250
250
250
245
17
61
2
2
2
7
7
20
16
11
5
54
5
250
250
250
250
250
250
250
250
250
250
226
12
102
50
30
62
159
226
248
250
250
250
250
250
250
250
250
250
250
250
222
2
6
13
135
0
160
166
161
152
156
159
152
148
158
155
147
154
159
152
149
157
156
147
152
159
151
147
159
157
132
14
3
2
24
13
0
3
0
5
2
4
1
2
2
3
3
0
0
1
24
2
63
229
250
250
245
182
45
36
4
221
225
57
4
14
169
182
195
216
230
244
250
250
250
249
241
235
228
212
205
183
153
121
16
18
38
55
86
84
36
48
81
72
34
48
21
15
238
250
250
250
250
250
250
250
250
250
250
250
250
244
14
55
27
9
155
240
250
250
250
250
250
250
250
250
250
250
247
0
6
4
23
58
161
162
158
149
154
157
151
148
159
156
148
154
159
151
148
25
25
150
153
26
152
150
159
161
154
17
9
5
10
18
14
1
1
0
1
1
0
2
1
0
0
2
0
2
2
62
168
250
250
250
250
250
8
12
5
39
247
42
7
15
15
6
12
3
7
16
75
26
26
77
24
18
22
17
16
17
16
61
41
5
128
154
47
53
156
160
56
162
154
22
9
13
50
202
3
154
1
154
36
249
250
250
53
250
250
250
250
247
43
60
54
17
237
250
250
250
250
250
250
250
250
250
250
13
50
6
17
164
159
163
159
150
153
156
151
147
157
24
148
152
158
153
149
157
157
149
152
160
153
149
160
160
150
149
62
6
29
26
204
44
0
4
2
0
2
16
3
2
1
2
1
3
38
60
248
250
250
250
244
206
56
8
41
55
250
250
244
5
22
198
189
160
56
52
64
63
41
89
112
115
52
51
133
142
134
147
159
55
151
153
9
153
152
160
159
150
154
156
17
3
5
18
22
50
12
8
2
237
250
250
250
250
250
250
250
250
250
201
42
19
47
250
250
250
250
250
250
250
250
250
250
235
62
2
29
157
63
168
158
149
153
156
151
147
157
156
149
153
158
152
148
157
157
147
153
159
154
151
29
28
155
155
11
5
0
22
34
203
54
0
1
4
0
4
3
3
0
25
31
140
39
249
250
250
218
135
50
13
12
55
1
200
250
250
250
250
250
250
250
250
250
250
247
247
250
250
250
249
241
239
37
34
152
150
156
8
146
155
160
153
150
162
157
150
147
39
142
47
2
4
42
4
109
56
15
54
250
250
250
250
250
250
250
250
250
231
53
13
145
247
250
250
250
250
250
250
250
250
250
249
5
6
11
22
47
159
157
149
153
157
152
148
158
155
149
153
159
152
149
160
161
149
155
27
154
152
161
28
154
157
68
3
0
13
44
247
26
130
60
132
77
62
6
7
25
34
242
250
250
242
42
49
27
60
49
44
37
33
250
250
250
250
250
250
48
250
250
250
250
250
250
250
250
250
250
250
249
248
240
5
62
148
159
158
146
152
159
161
148
161
159
151
153
58
147
43
3
1
41
9
32
9
7
60
250
250
250
250
250
250
250
250
250
42
61
4
154
246
250
250
250
250
250
250
250
250
250
249
19
46
6
29
157
166
158
150
154
158
153
149
158
156
148
153
159
153
153
167
30
154
156
28
155
152
160
158
151
156
137
40
19
0
43
52
250
250
248
247
248
248
248
243
229
61
0
140
102
22
36
13
49
35
229
250
250
250
250
250
250
250
250
250
250
250
250
250
250
250
250
250
250
58
250
250
56
247
250
243
189
151
35
156
154
152
161
152
153
158
160
153
149
160
112
8
3
22
43
23
28
5
46
219
250
250
250
250
250
250
250
250
250
223
52
13
19
250
250
250
250
250
250
250
250
250
250
250
247
121
3
41
117
49
159
151
155
159
154
150
159
157
150
154
159
153
155
29
30
154
155
160
154
153
161
158
151
157
161
149
98
5
22
30
115
43
196
156
118
42
60
39
27
6
5
6
20
44
152
206
245
250
250
250
250
250
250
250
250
250
250
250
250
250
248
243
231
236
245
248
250
250
250
61
250
250
250
250
230
52
152
158
150
151
162
156
151
160
157
150
35
163
14
6
2
17
22
8
57
114
225
250
250
250
250
250
250
250
250
250
250
221
52
8
28
243
250
250
250
250
250
250
250
250
250
250
250
11
6
63
51
153
2
152
156
160
154
150
160
158
152
156
160
153
154
167
166
152
155
160
154
153
161
158
151
156
161
156
153
31
4
14
38
5
4
6
16
57
63
7
98
110
125
146
159
41
248
250
250
250
248
60
250
250
250
60
250
250
245
190
11
57
35
33
17
31
56
223
250
248
248
250
250
250
250
249
242
52
156
158
146
157
161
152
150
57
38
159
95
26
10
6
4
18
93
22
229
17
14
51
226
250
250
250
250
250
250
250
250
222
51
9
138
250
250
250
250
250
250
250
250
250
250
250
250
240
3
8
49
128
159
152
157
161
155
150
28
159
152
156
161
153
152
164
164
153
156
161
154
152
160
158
151
154
163
153
152
46
4
54
144
5
105
113
146
63
0
157
160
153
149
159
18
234
250
43
250
250
250
250
250
250
250
250
250
230
58
48
8
2
0
0
2
0
60
226
250
250
250
250
250
250
250
250
231
165
38
160
151
152
53
159
152
146
18
40
3
2
3
1
6
13
56
62
112
54
4
8
12
206
249
250
250
250
250
250
250
218
49
9
34
247
250
250
250
250
250
250
250
250
250
250
250
250
229
14
17
64
157
151
157
27
155
151
160
159
151
156
27
154
151
163
166
157
156
161
154
151
161
27
153
155
161
153
157
29
5
44
149
26
151
154
160
158
148
154
11
155
151
45
52
236
250
250
250
250
250
250
250
250
250
250
250
2
62
39
47
9
6
4
22
7
25
250
250
250
250
54
47
250
250
249
228
164
156
164
148
44
84
48
22
62
4
7
30
54
51
16
7
5
5
4
2
17
51
30
34
2
250
250
250
250
250
250
250
5
62
27
37
250
250
250
250
250
250
250
250
250
250
250
250
250
250
7
47
25
131
148
154
26
150
152
159
28
152
157
161
155
153
161
161
154
156
29
155
152
161
28
153
155
27
149
151
31
11
26
126
41
154
149
160
158
148
153
158
156
150
159
163
227
250
250
250
250
250
250
250
250
250
250
250
250
239
220
215
209
205
209
220
247
250
250
250
250
250
250
250
250
250
248
206
153
133
61
61
62
3
2
4
2
17
120
54
23
155
151
36
94
86
97
27
154
102
14
53
224
250
250
250
250
250
250
240
8
18
75
225
250
250
250
250
250
250
250
250
250
250
250
250
250
250
249
143
8
56
153
11
160
155
150
159
27
152
155
159
153
151
160
160
152
155
161
154
151
160
159
151
154
160
154
154
144
28
11
22
160
155
150
160
26
148
155
159
149
149
156
162
213
250
250
250
250
250
60
250
250
250
250
250
250
250
250
250
250
250
250
250
250
250
248
245
239
236
228
58
53
128
32
22
0
18
5
4
46
51
30
106
12
7
98
6
19
159
150
22
23
152
158
168
1
25
10
14
247
250
250
250
250
250
250
7
22
15
153
248
250
250
250
250
250
250
250
250
250
250
250
250
250
250
250
20
9
1
141
157
156
155
153
29
158
154
157
160
154
152
160
160
151
155
161
155
152
161
159
151
153
156
152
147
160
23
5
29
133
152
149
157
25
151
151
26
152
154
155
151
4
228
250
250
250
250
250
250
250
250
250
250
250
250
250
250
250
250
244
223
205
37
39
40
23
43
19
10
5
5
12
16
21
113
37
37
247
250
248
238
1
9
23
41
7
95
134
154
164
151
125
67
8
33
5
240
250
250
250
250
250
250
240
16
45
70
230
249
250
250
250
250
250
250
250
250
250
250
250
250
250
250
250
231
78
24
60
157
17
155
152
162
158
151
155
160
153
151
158
157
149
156
161
155
152
160
158
151
154
158
155
148
55
133
32
5
22
159
156
156
155
150
153
20
155
144
19
158
146
63
224
248
250
250
250
250
250
250
250
250
250
244
244
211
151
48
33
20
12
5
7
15
22
29
34
128
145
176
57
226
245
250
250
250
250
250
250
250
248
20
31
28
11
16
10
47
43
23
8
11
27
7
247
250
250
250
250
250
250
247
5
18
24
157
248
250
250
250
250
250
250
250
250
250
250
250
250
250
250
250
250
247
129
21
1
158
162
157
153
162
160
151
156
160
154
151
160
160
153
156
161
154
151
159
157
150
154
159
152
149
160
37
19
9
28
132
148
53
155
152
155
153
156
149
158
53
150
153
165
206
240
245
224
212
184
12
1
123
41
35
27
18
16
19
26
29
102
48
43
45
227
250
250
250
250
250
250
250
250
250
250
250
250
250
250
250
250
250
250
248
236
43
53
92
103
130
163
47
244
250
250
250
250
250
250
248
250
4
50
57
10
236
250
250
250
250
250
250
250
250
250
250
250
250
250
250
250
250
250
250
38
24
102
54
159
156
153
162
159
153
157
160
154
152
162
164
158
157
161
154
151
160
157
150
155
158
153
152
158
52
125
25
9
21
144
154
48
157
141
142
104
108
134
144
137
109
34
34
65
51
17
13
14
19
25
38
49
60
7
186
207
219
231
249
250
250
250
250
250
250
250
250
250
250
250
250
250
250
250
250
250
250
250
250
250
250
250
250
250
250
250
247
250
250
249
250
250
250
250
250
250
250
250
250
165
35
6
81
230
250
250
250
250
250
250
250
250
250
250
250
250
250
250
250
250
250
250
249
52
38
87
183
9
168
161
173
171
164
167
34
164
162
33
31
162
158
161
154
151
27
157
150
154
26
153
150
159
158
144
20
6
12
18
28
29
29
23
14
10
17
43
17
11
11
60
17
38
56
60
182
205
228
243
249
250
250
250
250
250
250
250
250
250
250
250
250
250
250
250
250
250
250
250
250
250
250
250
250
250
250
250
250
250
250
250
250
248
250
250
250
250
250
250
250
250
250
250
250
250
250
250
175
37
13
103
228
250
250
250
250
250
250
250
250
250
250
250
250
250
250
250
250
250
250
250
250
233
109
42
138
41
169
165
175
170
165
167
33
164
162
31
164
152
157
160
152
151
160
157
149
153
159
153
150
157
157
129
46
9
4
3
51
9
7
19
33
50
63
79
114
45
51
224
241
248
250
249
250
250
250
250
250
250
250
250
250
250
250
250
250
250
250
250
250
250
250
250
250
250
250
250
250
250
250
250
250
250
250
250
250
250
250
250
250
250
61
250
250
250
250
250
250
250
250
250
250
250
219
42
10
4
15
234
250
250
250
250
250
250
250
250
250
250
250
250
250
250
250
250
250
250
250
250
250
250
23
52
44
141
168
163
37
35
161
161
163
154
152
161
159
152
154
159
153
150
159
157
150
154
159
153
155
156
159
153
159
123
24
6
59
22
21
212
238
235
248
250
250
250
250
250
250
250
250
250
250
250
250
250
250
250
250
250
250
250
250
250
250
250
250
250
250
250
250
250
250
250
250
250
250
250
250
250
250
250
250
250
250
250
250
250
250
250
250
250
250
250
250
250
250
250
250
235
45
46
31
63
45
8
238
249
250
250
250
250
250
250
250
250
250
250
250
250
250
250
250
250
250
250
250
250
250
250
250
170
28
11
160
171
175
166
152
154
159
152
150
160
156
149
154
159
153
150
159
26
150
154
26
154
147
25
156
149
154
16
22
2
21
22
250
248
250
250
250
250
250
250
250
250
250
250
250
250
250
250
250
250
250
250
250
250
250
250
250
250
250
250
250
250
250
250
250
250
250
250
250
250
250
250
250
250
250
250
250
250
250
250
250
250
250
250
250
250
250
250
250
250
250
36
53
44
34
21
50
37
233
250
250
250
250
250
250
250
250
250
250
250
250
250
250
250
250
250
250
250
250
250
250
250
250
250
250
241
31
38
100
158
161
158
147
151
158
152
150
159
155
148
154
159
152
150
159
157
150
154
158
154
148
158
158
147
155
50
10
7
4
19
243
250
250
250
250
250
250
250
250
250
250
250
250
250
250
250
250
250
250
250
250
250
250
250
250
250
250
250
250
250
250
250
250
250
250
250
250
250
250
250
250
250
250
250
250
250
250
250
250
250
237
223
219
195
174
162
177
151
46
62
58
110
54
207
249
250
248
250
250
250
250
250
250
250
250
250
250
250
250
250
250
250
250
250
250
250
250
250
250
250
250
250
250
250
14
41
37
36
160
157
150
153
159
152
150
159
156
150
153
158
152
150
159
157
150
153
160
152
150
155
157
144
155
160
145
0
60
48
242
250
250
250
250
250
250
250
250
250
250
250
250
250
250
250
250
250
250
250
250
250
250
250
250
250
250
250
250
250
250
250
250
250
250
250
250
250
250
250
250
250
250
250
250
250
250
250
250
245
159
1
19
3
10
12
11
25
53
43
23
248
250
250
249
250
250
250
250
250
250
250
250
250
250
250
250
250
250
250
250
250
250
250
250
250
250
250
250
250
250
250
250
250
242
22
28
50
155
157
150
154
26
152
149
158
156
150
153
158
151
149
158
156
149
153
159
149
153
26
157
152
155
160
115
22
15
28
247
250
250
250
250
250
250
250
250
250
250
250
250
250
250
250
250
250
250
250
250
250
250
250
250
250
250
250
250
250
250
250
250
250
250
250
250
250
250
250
250
250
250
250
250
250
250
250
250
250
192
26
23
17
165
185
14
17
234
248
250
250
250
250
250
250
250
250
250
250
250
250
250
250
250
250
250
250
250
250
250
250
250
250
250
250
250
250
250
250
250
250
250
250
250
17
32
34
136
157
149
152
159
152
150
158
156
149
153
158
151
149
158
156
149
152
159
155
148
158
159
144
159
148
47
7
70
221
250
250
250
250
250
250
250
250
250
250
250
250
250
250
250
250
250
250
250
250
250
250
250
250
250
250
250
250
250
250
250
250
250
250
250
250
250
250
250
250
250
250
250
250
250
250
250
250
250
250
22
14
48
27
250
250
250
245
250
250
250
250
250
250
250
250
250
250
250
250
250
250
250
250
250
250
250
250
250
250
250
250
250
250
250
250
250
250
250
250
250
250
250
250
248
247
130
28
49
149
150
153
159
152
150
159
156
149
153
158
151
148
157
155
148
152
159
148
149
158
156
152
143
47
5
47
206
250
250
250
250
250
250
250
250
250
250
250
250
250
250
250
250
250
250
250
250
250
250
250
250
250
250
250
250
250
250
250
250
250
250
250
250
250
250
250
250
250
250
250
250
250
250
250
250
250
250
250
180
12
30
184
250
250
250
250
250
250
250
250
250
250
250
250
250
250
250
250
250
250
250
250
250
250
250
250
250
250
250
250
250
250
250
250
250
250
250
250
250
250
250
250
250
250
15
31
22
134
153
155
160
151
149
158
156
149
153
158
151
148
157
155
148
152
156
153
147
47
22
26
33
49
70
204
250
250
250
250
250
250
250
250
250
250
250
250
250
250
250
250
250
250
250
250
250
250
250
250
250
250
250
250
250
250
250
250
250
250
250
250
250
250
250
250
250
250
250
250
250
250
250
250
250
250
250
250
161
7
8
56
243
250
250
250
250
250
250
250
250
250
250
250
250
250
250
250
250
250
250
250
250
250
250
250
250
250
250
250
250
250
250
250
250
250
250
250
250
250
250
250
250
250
246
17
28
55
144
62
156
153
148
160
156
147
152
158
150
147
23
155
148
153
159
149
157
155
24
19
15
12
2
250
250
250
250
250
249
250
250
250
250
250
250
250
250
250
250
250
250
250
250
250
250
250
250
250
250
250
250
250
250
250
250
250
250
250
250
250
250
250
250
250
250
250
250
250
250
250
250
250
250
250
250
250
236
95
5
24
2
230
250
250
250
250
250
250
250
250
250
250
250
250
250
250
250
250
250
250
250
250
250
250
250
250
250
250
250
250
250
250
250
250
250
250
250
250
250
250
250
250
250
19
30
31
124
155
58
153
146
158
156
149
150
4
152
147
155
51
149
152
154
131
61
21
8
2
159
244
54
250
250
249
230
182
192
238
250
56
249
250
250
250
250
250
250
250
250
250
250
250
250
250
250
250
250
250
250
250
250
250
250
250
250
250
250
250
250
250
250
250
250
250
250
250
250
250
250
250
250
250
250
250
250
229
2
3
30
42
200
250
249
250
250
250
250
250
250
250
250
250
250
250
250
250
250
250
250
250
250
250
250
250
250
250
250
250
250
250
250
250
250
250
250
250
250
250
250
250
250
250
19
46
41
139
54
154
151
160
62
154
157
158
155
142
152
130
8
2
3
61
14
7
24
25
250
250
250
244
250
237
34
111
142
58
242
250
250
250
250
250
250
250
250
250
250
250
250
250
250
250
250
250
250
250
250
250
250
250
250
250
250
250
250
250
250
250
250
250
250
250
250
250
250
250
249
238
246
247
250
250
250
244
228
101
54
7
2
218
250
250
250
250
250
250
250
250
250
250
250
250
250
250
250
250
250
250
250
250
250
250
250
250
250
250
250
250
250
250
250
250
250
250
250
250
250
250
250
250
233
137
34
27
60
9
87
19
13
111
85
9
55
57
55
7
12
8
64
135
33
47
48
38
247
250
249
45
250
9
9
6
44
159
51
247
249
250
250
250
250
250
250
250
250
250
250
250
250
250
250
250
250
250
250
250
250
250
250
250
250
250
246
12
17
193
181
180
163
4
62
114
98
35
30
35
27
12
5
249
250
250
250
248
44
16
6
18
228
250
250
250
250
250
250
250
250
250
250
250
250
250
250
250
250
250
250
250
250
250
250
250
250
250
250
250
250
250
250
250
250
250
250
250
250
250
250
250
250
248
40
151
44
23
10
6
43
41
4
11
24
105
155
50
62
227
245
250
232
63
3
9
236
250
249
249
226
91
4
5
15
131
166
226
250
250
250
250
250
250
250
250
250
250
250
250
250
250
250
250
250
250
250
250
249
241
211
171
57
41
38
28
18
11
14
14
17
38
56
67
78
90
21
18
21
4
14
0
250
248
250
250
250
15
1
4
61
250
250
250
250
250
250
250
250
250
250
250
250
250
250
250
250
250
250
250
250
250
250
250
250
250
250
250
250
250
250
250
250
250
250
250
250
250
250
250
250
250
250
250
250
250
247
244
239
244
246
247
250
250
250
250
250
250
250
250
241
0
2
61
230
250
39
250
204
3
4
0
9
86
151
187
238
248
250
250
250
250
250
250
250
250
250
250
250
250
244
243
235
202
173
49
41
35
13
12
18
30
40
40
154
182
191
210
229
239
245
250
250
250
250
248
159
24
2
32
17
12
32
187
165
62
4
58
233
250
250
250
250
250
250
250
250
250
250
250
250
250
250
250
250
250
250
250
250
250
250
250
250
250
250
250
250
250
250
250
250
250
250
250
250
249
250
250
249
250
250
250
250
250
250
250
250
250
250
250
250
250
250
250
250
250
250
250
243
72
1
40
207
250
250
250
228
74
4
1
6
13
28
17
8
245
250
250
250
250
250
250
249
250
238
199
50
82
37
22
25
16
14
14
38
48
149
59
213
226
243
250
250
250
250
250
250
250
250
250
250
250
250
250
245
2
40
9
1
63
63
0
6
24
63
11
250
249
250
250
250
250
250
250
250
250
250
250
250
250
250
250
250
250
250
250
250
250
250
250
250
250
250
250
250
250
250
250
250
250
250
250
250
250
250
250
250
250
250
250
250
250
250
250
250
250
250
250
250
250
250
250
250
250
250
250
249
15
18
35
34
14
241
243
214
45
2
17
60
4
10
3
59
19
250
250
250
249
244
219
36
40
38
13
14
27
40
46
163
175
15
12
238
250
250
250
250
250
250
250
250
250
250
250
250
250
250
250
250
250
250
250
250
250
231
171
122
86
61
59
59
224
247
250
250
250
250
250
250
250
250
250
250
250
250
250
250
250
250
250
250
250
250
250
250
250
250
250
250
250
250
250
250
250
250
250
250
250
250
250
250
250
250
250
250
250
250
250
250
250
250
250
250
250
250
250
250
250
250
250
250
250
250
248
250
239
1
52
41
21
4
60
23
63
23
5
2
18
5
2
181
222
250
250
235
4
9
32
3
12
39
43
37
224
247
250
250
250
250
250
250
250
250
250
250
250
250
250
250
250
250
250
250
250
250
250
250
250
250
250
250
250
250
250
250
250
250
250
250
250
250
250
250
250
250
250
250
250
250
250
250
250
250
250
250
250
250
250
250
250
250
250
250
250
250
250
250
250
250
250
250
250
250
250
250
250
250
250
250
250
250
250
250
250
250
250
250
250
250
250
250
250
250
250
250
250
250
250
250
250
250
250
250
250
250
235
31
59
51
61
51
31
197
245
219
59
5
42
248
250
250
250
0
12
38
38
33
33
232
250
250
250
250
250
250
250
250
250
250
250
250
250
250
250
250
250
250
250
250
250
250
250
250
250
250
250
250
250
250
250
250
250
250
250
250
250
250
250
250
250
250
250
250
250
250
250
250
250
250
250
250
250
250
250
250
250
250
250
250
250
250
250
250
250
250
250
250
250
250
250
250
250
250
250
250
250
250
250
250
250
250
250
250
250
250
250
250
250
250
250
250
250
250
250
250
250
250
250
250
250
250
250
250
250
250
248
244
243
250
250
250
250
232
67
2
49
242
250
250
197
36
4
57
223
250
249
250
250
250
250
250
250
250
250
250
250
250
250
250
250
250
250
250
250
250
250
250
250
250
250
250
250
250
250
250
250
250
250
250
250
250
250
250
250
250
250
250
250
250
250
250
250
250
250
250
250
250
250
250
250
250
250
250
250
250
250
250
250
250
250
250
250
250
250
250
250
250
250
250
250
250
250
250
250
250
250
250
250
250
250
250
250
250
250
250
250
250
250
250
250
250
250
250
250
250
250
250
250
250
250
250
250
250
250
250
250
250
250
249
250
245
121
28
36
13
176
114
43
4
24
63
250
245
250
250
250
250
250
250
250
250
250
250
250
250
250
250
250
250
250
250
250
250
250
250
250
250
250
250
250
250
250
250
250
250
250
250
250
250
250
250
250
250
250
250
250
250
250
250
250
250
250
250
250
250
250
250
250
250
250
250
250
250
250
250
250
250
250
250
250
250
250
250
250
250
250
250
250
250
250
250
250
250
250
250
250
250
250
250
250
250
250
250
250
250
250
250
250
250
250
250
250
250
250
250
250
250
250
250
250
250
250
250
250
250
250
250
250
250
233
2
58
8
23
19
29
10
172
245
250
250
250
250
250
250
250
250
250
250
250
250
250
250
250
250
250
250
250
250
250
250
250
250
250
250
250
250
250
250
250
250
250
250
250
250
250
250
250
250
250
250
250
250
250
250
250
250
250
250
250
250
250
250
250
250
250
250
250
250
250
250
250
250
250
250
250
250
250
250
250
250
250
250
250
250
250
250
250
250
250
250
250
250
250
250
250
250
250
250
250
250
250
250
250
250
250
250
250
250
250
250
250
250
250
250
250
250
250
250
250
250
250
250
250
250
250
250
250
250
237
192
33
10
235
250
250
250
250
250
250
250
250
250
250
250
250
250
250
250
250
250
250
250
250
250
250
250
250
250
250
250
250
250
250
250
250
250
250
250
250
250
250
250
250
250
250
250
250
250
250
250
250
250
250
250
250
250
250
250
250
250
250
250
250
250
250
250
250
250
250
250
250
250
250
250
250
250
250
250
250
250
250
250
250
250
250
250
250
250
250
250
250
250
250
250
250
250
250
250
250
250
250
250
250
250
250
250
250
250
250
250
250
250
250
250
250
250
250
250
250
250
250
250
250
250
250
250
250
250
250
250
250
250
250
250
250
250
250
250
250
250
250
250
250
250
250
250
250
250
250
250
250
250
250
250
250
250
250
250
250
250
250
250
250
250
250
250
250
250
250
250
250
250
250
250
250
250
250
250
250
250
250
250
250
250
250
250
250
250
250
250
250
250
250
250
250
250
250
250
250
250
250
250
250
250
250
250
250
250
250
250
250
250
250
250
250
250
250
250
250
250
250
250
250
250
250
250
250
250
250
250
250
250
250
250
250
250
250
250
250
250
250
250
250
250
250
250
250
250
250
250
250
250
250
250
250
250
250
250
250
250
250
250
250
250
250
250
250
250
250
250
250
250
250
250
250
250
250
250
250
250
250
250
250
250
250
250
250
250
250
250
250
250
250
250
250
250
250
250
250
250
250
250
250
250
250
250
250
250
250
250
250
250
250
250
250
250
250
250
250
250
250
250
250
250
250
250
250
250
250
250
250
250
250
