(0,0):171
(0,1):171
(0,2):203
(0,3):203
(0,4):203
(0,5):203
(0,6):203
(0,7):203
(0,8):203
(0,9):203
(0,10):203
(0,11):203
(0,12):203
(0,13):203
(0,14):203
(0,15):203
(0,16):203
(0,17):203
(0,18):203
(0,19):203
(0,20):203
(0,21):203
(0,22):203
(0,23):203
(0,24):203
(0,25):203
(0,26):203
(0,27):203
(0,28):203
(0,29):203
(0,30):203
(0,31):203
(0,32):203
(0,33):203
(0,34):203
(0,35):203
(0,36):203
(0,37):203
(0,38):203
(0,39):203
(0,40):203
(0,41):203
(0,42):203
(0,43):203
(0,44):203
(0,45):203
(0,46):203
(0,47):203
(0,48):203
(0,49):203
(0,50):203
(0,51):203
(0,52):203
(0,53):203
(0,54):203
(0,55):203
(0,56):203
(0,57):203
(0,58):203
(0,59):203
(0,60):203
(0,61):203
(0,62):203
(0,63):203
(0,64):203
(0,65):203
(0,66):203
(0,67):203
(0,68):203
(0,69):203
(0,70):203
(0,71):203
(0,72):203
(0,73):203
(0,74):203
(0,75):203
(0,76):203
(0,77):203
(0,78):203
(0,79):203
(0,80):203
(0,81):203
(0,82):203
(0,83):203
(0,84):203
(0,85):203
(0,86):203
(0,87):203
(0,88):203
(0,89):203
(0,90):203
(0,91):203
(0,92):203
(0,93):203
(0,94):203
(0,95):203
(0,96):203
(0,97):203
(0,98):203
(0,99):203
(0,100):203
(0,101):203
(0,102):203
(0,103):203
(0,104):203
(0,105):203
(0,106):203
(0,107):203
(0,108):203
(0,109):203
(0,110):203
(0,111):203
(0,112):203
(0,113):203
(0,114):203
(0,115):203
(0,116):203
(0,117):203
(0,118):203
(0,119):203
(0,120):203
(0,121):203
(0,122):203
(0,123):203
(0,124):203
(0,125):203
(0,126):171
(0,127):171
(1,0):171
(1,1):171
(1,2):203
(1,3):203
(1,4):203
(1,5):203
(1,6):203
(1,7):203
(1,8):203
(1,9):203
(1,10):203
(1,11):203
(1,12):203
(1,13):203
(1,14):203
(1,15):203
(1,16):203
(1,17):203
(1,18):203
(1,19):203
(1,20):203
(1,21):203
(1,22):203
(1,23):203
(1,24):203
(1,25):203
(1,26):203
(1,27):203
(1,28):203
(1,29):203
(1,30):203
(1,31):203
(1,32):203
(1,33):203
(1,34):203
(1,35):203
(1,36):203
(1,37):203
(1,38):203
(1,39):203
(1,40):203
(1,41):203
(1,42):203
(1,43):203
(1,44):203
(1,45):203
(1,46):203
(1,47):203
(1,48):203
(1,49):203
(1,50):203
(1,51):203
(1,52):203
(1,53):203
(1,54):203
(1,55):203
(1,56):203
(1,57):203
(1,58):203
(1,59):203
(1,60):203
(1,61):203
(1,62):203
(1,63):203
(1,64):203
(1,65):203
(1,66):203
(1,67):203
(1,68):203
(1,69):203
(1,70):203
(1,71):203
(1,72):203
(1,73):203
(1,74):203
(1,75):203
(1,76):203
(1,77):203
(1,78):203
(1,79):203
(1,80):203
(1,81):203
(1,82):203
(1,83):203
(1,84):203
(1,85):203
(1,86):203
(1,87):203
(1,88):203
(1,89):203
(1,90):203
(1,91):203
(1,92):203
(1,93):203
(1,94):203
(1,95):203
(1,96):203
(1,97):203
(1,98):203
(1,99):203
(1,100):203
(1,101):203
(1,102):203
(1,103):203
(1,104):203
(1,105):203
(1,106):203
(1,107):203
(1,108):203
(1,109):203
(1,110):203
(1,111):203
(1,112):203
(1,113):203
(1,114):203
(1,115):203
(1,116):203
(1,117):203
(1,118):203
(1,119):203
(1,120):203
(1,121):203
(1,122):203
(1,123):203
(1,124):203
(1,125):203
(1,126):171
(1,127):171
(2,0):203
(2,1):203
(2,2):250
(2,3):250
(2,4):250
(2,5):250
(2,6):250
(2,7):250
(2,8):250
(2,9):250
(2,10):250
(2,11):250
(2,12):250
(2,13):250
(2,14):250
(2,15):250
(2,16):250
(2,17):250
(2,18):250
(2,19):250
(2,20):250
(2,21):250
(2,22):250
(2,23):250
(2,24):250
(2,25):250
(2,26):250
(2,27):250
(2,28):250
(2,29):250
(2,30):250
(2,31):250
(2,32):250
(2,33):250
(2,34):250
(2,35):250
(2,36):250
(2,37):250
(2,38):250
(2,39):250
(2,40):250
(2,41):250
(2,42):250
(2,43):250
(2,44):250
(2,45):250
(2,46):250
(2,47):250
(2,48):250
(2,49):250
(2,50):250
(2,51):250
(2,52):250
(2,53):250
(2,54):250
(2,55):250
(2,56):250
(2,57):250
(2,58):250
(2,59):250
(2,60):250
(2,61):250
(2,62):250
(2,63):250
(2,64):250
(2,65):250
(2,66):250
(2,67):250
(2,68):250
(2,69):250
(2,70):250
(2,71):250
(2,72):250
(2,73):250
(2,74):250
(2,75):250
(2,76):250
(2,77):250
(2,78):250
(2,79):250
(2,80):250
(2,81):250
(2,82):250
(2,83):250
(2,84):250
(2,85):250
(2,86):250
(2,87):250
(2,88):250
(2,89):250
(2,90):250
(2,91):250
(2,92):250
(2,93):250
(2,94):250
(2,95):250
(2,96):250
(2,97):250
(2,98):250
(2,99):250
(2,100):250
(2,101):250
(2,102):250
(2,103):250
(2,104):250
(2,105):250
(2,106):250
(2,107):250
(2,108):250
(2,109):250
(2,110):250
(2,111):250
(2,112):250
(2,113):250
(2,114):250
(2,115):250
(2,116):250
(2,117):250
(2,118):250
(2,119):250
(2,120):250
(2,121):250
(2,122):250
(2,123):250
(2,124):250
(2,125):250
(2,126):187
(2,127):187
(3,0):203
(3,1):203
(3,2):250
(3,3):250
(3,4):250
(3,5):250
(3,6):250
(3,7):250
(3,8):250
(3,9):250
(3,10):250
(3,11):250
(3,12):250
(3,13):250
(3,14):250
(3,15):250
(3,16):250
(3,17):250
(3,18):250
(3,19):250
(3,20):250
(3,21):250
(3,22):250
(3,23):250
(3,24):250
(3,25):250
(3,26):250
(3,27):250
(3,28):250
(3,29):250
(3,30):250
(3,31):250
(3,32):250
(3,33):250
(3,34):250
(3,35):250
(3,36):250
(3,37):250
(3,38):250
(3,39):250
(3,40):250
(3,41):250
(3,42):250
(3,43):250
(3,44):250
(3,45):250
(3,46):250
(3,47):250
(3,48):250
(3,49):250
(3,50):250
(3,51):250
(3,52):250
(3,53):250
(3,54):250
(3,55):250
(3,56):250
(3,57):250
(3,58):250
(3,59):250
(3,60):250
(3,61):250
(3,62):250
(3,63):250
(3,64):250
(3,65):250
(3,66):250
(3,67):250
(3,68):250
(3,69):250
(3,70):250
(3,71):250
(3,72):250
(3,73):250
(3,74):250
(3,75):250
(3,76):250
(3,77):250
(3,78):250
(3,79):250
(3,80):250
(3,81):250
(3,82):250
(3,83):250
(3,84):250
(3,85):250
(3,86):250
(3,87):250
(3,88):250
(3,89):250
(3,90):250
(3,91):250
(3,92):250
(3,93):250
(3,94):250
(3,95):250
(3,96):250
(3,97):250
(3,98):250
(3,99):250
(3,100):250
(3,101):250
(3,102):250
(3,103):250
(3,104):250
(3,105):250
(3,106):250
(3,107):250
(3,108):250
(3,109):250
(3,110):250
(3,111):250
(3,112):250
(3,113):250
(3,114):250
(3,115):250
(3,116):250
(3,117):250
(3,118):250
(3,119):250
(3,120):250
(3,121):250
(3,122):250
(3,123):250
(3,124):250
(3,125):250
(3,126):187
(3,127):187
(4,0):203
(4,1):203
(4,2):250
(4,3):250
(4,4):250
(4,5):250
(4,6):250
(4,7):250
(4,8):250
(4,9):250
(4,10):250
(4,11):250
(4,12):250
(4,13):250
(4,14):250
(4,15):250
(4,16):250
(4,17):250
(4,18):250
(4,19):250
(4,20):250
(4,21):250
(4,22):250
(4,23):250
(4,24):250
(4,25):250
(4,26):250
(4,27):250
(4,28):250
(4,29):250
(4,30):250
(4,31):250
(4,32):250
(4,33):250
(4,34):250
(4,35):250
(4,36):250
(4,37):250
(4,38):250
(4,39):250
(4,40):250
(4,41):250
(4,42):250
(4,43):250
(4,44):250
(4,45):250
(4,46):250
(4,47):250
(4,48):250
(4,49):250
(4,50):250
(4,51):250
(4,52):250
(4,53):250
(4,54):250
(4,55):250
(4,56):250
(4,57):250
(4,58):250
(4,59):250
(4,60):250
(4,61):250
(4,62):250
(4,63):250
(4,64):250
(4,65):250
(4,66):250
(4,67):250
(4,68):250
(4,69):250
(4,70):250
(4,71):250
(4,72):250
(4,73):250
(4,74):250
(4,75):250
(4,76):250
(4,77):250
(4,78):250
(4,79):250
(4,80):250
(4,81):250
(4,82):247
(4,83):247
(4,84):243
(4,85):245
(4,86):243
(4,87):245
(4,88):246
(4,89):247
(4,90):250
(4,91):250
(4,92):250
(4,93):250
(4,94):250
(4,95):250
(4,96):250
(4,97):250
(4,98):250
(4,99):250
(4,100):250
(4,101):250
(4,102):250
(4,103):250
(4,104):250
(4,105):250
(4,106):250
(4,107):250
(4,108):250
(4,109):250
(4,110):250
(4,111):250
(4,112):250
(4,113):250
(4,114):250
(4,115):250
(4,116):250
(4,117):250
(4,118):250
(4,119):250
(4,120):250
(4,121):250
(4,122):250
(4,123):250
(4,124):250
(4,125):250
(4,126):187
(4,127):187
(5,0):203
(5,1):203
(5,2):250
(5,3):250
(5,4):250
(5,5):250
(5,6):250
(5,7):250
(5,8):250
(5,9):250
(5,10):250
(5,11):250
(5,12):250
(5,13):250
(5,14):250
(5,15):250
(5,16):250
(5,17):250
(5,18):250
(5,19):250
(5,20):250
(5,21):250
(5,22):250
(5,23):250
(5,24):250
(5,25):250
(5,26):250
(5,27):250
(5,28):250
(5,29):250
(5,30):250
(5,31):250
(5,32):250
(5,33):250
(5,34):250
(5,35):250
(5,36):250
(5,37):250
(5,38):250
(5,39):250
(5,40):250
(5,41):250
(5,42):250
(5,43):250
(5,44):250
(5,45):250
(5,46):250
(5,47):250
(5,48):250
(5,49):250
(5,50):250
(5,51):250
(5,52):250
(5,53):250
(5,54):250
(5,55):250
(5,56):250
(5,57):250
(5,58):250
(5,59):250
(5,60):250
(5,61):250
(5,62):250
(5,63):250
(5,64):250
(5,65):250
(5,66):250
(5,67):250
(5,68):250
(5,69):250
(5,70):250
(5,71):250
(5,72):250
(5,73):250
(5,74):250
(5,75):250
(5,76):250
(5,77):250
(5,78):250
(5,79):246
(5,80):245
(5,81):241
(5,82):232
(5,83):228
(5,84):226
(5,85):226
(5,86):219
(5,87):224
(5,88):229
(5,89):234
(5,90):235
(5,91):240
(5,92):246
(5,93):246
(5,94):250
(5,95):250
(5,96):250
(5,97):250
(5,98):250
(5,99):250
(5,100):250
(5,101):250
(5,102):250
(5,103):250
(5,104):250
(5,105):250
(5,106):250
(5,107):250
(5,108):250
(5,109):250
(5,110):250
(5,111):250
(5,112):250
(5,113):250
(5,114):250
(5,115):250
(5,116):250
(5,117):250
(5,118):250
(5,119):250
(5,120):250
(5,121):250
(5,122):250
(5,123):250
(5,124):250
(5,125):250
(5,126):187
(5,127):187
(6,0):203
(6,1):203
(6,2):250
(6,3):250
(6,4):250
(6,5):250
(6,6):250
(6,7):250
(6,8):250
(6,9):250
(6,10):250
(6,11):250
(6,12):250
(6,13):250
(6,14):250
(6,15):250
(6,16):250
(6,17):250
(6,18):250
(6,19):250
(6,20):250
(6,21):250
(6,22):250
(6,23):250
(6,24):250
(6,25):250
(6,26):250
(6,27):250
(6,28):250
(6,29):250
(6,30):250
(6,31):250
(6,32):250
(6,33):250
(6,34):250
(6,35):250
(6,36):250
(6,37):250
(6,38):250
(6,39):250
(6,40):250
(6,41):250
(6,42):250
(6,43):250
(6,44):250
(6,45):250
(6,46):250
(6,47):250
(6,48):250
(6,49):250
(6,50):250
(6,51):250
(6,52):250
(6,53):250
(6,54):250
(6,55):250
(6,56):250
(6,57):250
(6,58):250
(6,59):250
(6,60):250
(6,61):250
(6,62):250
(6,63):250
(6,64):250
(6,65):250
(6,66):250
(6,67):250
(6,68):250
(6,69):250
(6,70):250
(6,71):250
(6,72):250
(6,73):250
(6,74):249
(6,75):249
(6,76):245
(6,77):242
(6,78):239
(6,79):229
(6,80):234
(6,81):217
(6,82):229
(6,83):214
(6,84):203
(6,85):199
(6,86):199
(6,87):194
(6,88):227
(6,89):217
(6,90):232
(6,91):226
(6,92):233
(6,93):239
(6,94):236
(6,95):245
(6,96):241
(6,97):250
(6,98):246
(6,99):250
(6,100):250
(6,101):250
(6,102):250
(6,103):250
(6,104):250
(6,105):250
(6,106):250
(6,107):250
(6,108):250
(6,109):250
(6,110):250
(6,111):250
(6,112):250
(6,113):250
(6,114):250
(6,115):250
(6,116):250
(6,117):250
(6,118):250
(6,119):250
(6,120):250
(6,121):250
(6,122):250
(6,123):250
(6,124):250
(6,125):250
(6,126):187
(6,127):187
(7,0):203
(7,1):203
(7,2):250
(7,3):250
(7,4):250
(7,5):250
(7,6):250
(7,7):250
(7,8):250
(7,9):250
(7,10):250
(7,11):250
(7,12):250
(7,13):250
(7,14):250
(7,15):250
(7,16):250
(7,17):250
(7,18):250
(7,19):250
(7,20):250
(7,21):250
(7,22):250
(7,23):250
(7,24):250
(7,25):250
(7,26):250
(7,27):250
(7,28):250
(7,29):250
(7,30):250
(7,31):250
(7,32):250
(7,33):250
(7,34):250
(7,35):250
(7,36):250
(7,37):250
(7,38):250
(7,39):250
(7,40):250
(7,41):250
(7,42):250
(7,43):250
(7,44):250
(7,45):250
(7,46):250
(7,47):250
(7,48):250
(7,49):250
(7,50):250
(7,51):250
(7,52):250
(7,53):250
(7,54):250
(7,55):250
(7,56):250
(7,57):250
(7,58):250
(7,59):250
(7,60):250
(7,61):250
(7,62):250
(7,63):250
(7,64):250
(7,65):250
(7,66):250
(7,67):250
(7,68):250
(7,69):250
(7,70):250
(7,71):245
(7,72):243
(7,73):236
(7,74):238
(7,75):230
(7,76):225
(7,77):221
(7,78):225
(7,79):215
(7,80):219
(7,81):184
(7,82):185
(7,83):173
(7,84):117
(7,85):114
(7,86):162
(7,87):161
(7,88):140
(7,89):165
(7,90):183
(7,91):191
(7,92):214
(7,93):220
(7,94):219
(7,95):230
(7,96):232
(7,97):242
(7,98):245
(7,99):250
(7,100):250
(7,101):250
(7,102):250
(7,103):250
(7,104):250
(7,105):250
(7,106):250
(7,107):250
(7,108):250
(7,109):250
(7,110):250
(7,111):250
(7,112):250
(7,113):250
(7,114):250
(7,115):250
(7,116):250
(7,117):250
(7,118):250
(7,119):250
(7,120):250
(7,121):250
(7,122):250
(7,123):250
(7,124):250
(7,125):250
(7,126):187
(7,127):187
(8,0):203
(8,1):203
(8,2):250
(8,3):250
(8,4):250
(8,5):250
(8,6):250
(8,7):250
(8,8):250
(8,9):250
(8,10):250
(8,11):250
(8,12):250
(8,13):250
(8,14):250
(8,15):250
(8,16):250
(8,17):250
(8,18):250
(8,19):250
(8,20):250
(8,21):250
(8,22):250
(8,23):250
(8,24):250
(8,25):250
(8,26):250
(8,27):250
(8,28):250
(8,29):250
(8,30):250
(8,31):250
(8,32):250
(8,33):250
(8,34):250
(8,35):250
(8,36):250
(8,37):250
(8,38):250
(8,39):250
(8,40):250
(8,41):250
(8,42):250
(8,43):250
(8,44):250
(8,45):250
(8,46):250
(8,47):250
(8,48):250
(8,49):250
(8,50):250
(8,51):250
(8,52):250
(8,53):250
(8,54):249
(8,55):250
(8,56):249
(8,57):250
(8,58):249
(8,59):250
(8,60):250
(8,61):250
(8,62):250
(8,63):250
(8,64):250
(8,65):250
(8,66):250
(8,67):250
(8,68):250
(8,69):249
(8,70):243
(8,71):237
(8,72):228
(8,73):229
(8,74):221
(8,75):220
(8,76):214
(8,77):214
(8,78):192
(8,79):165
(8,80):185
(8,81):111
(8,82):176
(8,83):107
(8,84):168
(8,85):144
(8,86):169
(8,87):130
(8,88):174
(8,89):107
(8,90):177
(8,91):170
(8,92):179
(8,93):188
(8,94):173
(8,95):226
(8,96):191
(8,97):238
(8,98):227
(8,99):244
(8,100):245
(8,101):250
(8,102):250
(8,103):250
(8,104):250
(8,105):250
(8,106):250
(8,107):250
(8,108):250
(8,109):250
(8,110):250
(8,111):250
(8,112):250
(8,113):250
(8,114):250
(8,115):250
(8,116):250
(8,117):250
(8,118):250
(8,119):250
(8,120):250
(8,121):250
(8,122):250
(8,123):250
(8,124):250
(8,125):250
(8,126):187
(8,127):187
(9,0):203
(9,1):203
(9,2):250
(9,3):250
(9,4):250
(9,5):250
(9,6):250
(9,7):250
(9,8):250
(9,9):250
(9,10):250
(9,11):250
(9,12):250
(9,13):250
(9,14):250
(9,15):250
(9,16):250
(9,17):250
(9,18):250
(9,19):250
(9,20):250
(9,21):250
(9,22):250
(9,23):250
(9,24):250
(9,25):250
(9,26):250
(9,27):250
(9,28):250
(9,29):250
(9,30):250
(9,31):250
(9,32):250
(9,33):250
(9,34):250
(9,35):250
(9,36):250
(9,37):250
(9,38):250
(9,39):250
(9,40):250
(9,41):250
(9,42):250
(9,43):250
(9,44):250
(9,45):247
(9,46):247
(9,47):245
(9,48):242
(9,49):241
(9,50):238
(9,51):238
(9,52):230
(9,53):230
(9,54):228
(9,55):223
(9,56):221
(9,57):221
(9,58):226
(9,59):221
(9,60):221
(9,61):221
(9,62):221
(9,63):222
(9,64):222
(9,65):225
(9,66):226
(9,67):230
(9,68):231
(9,69):227
(9,70):232
(9,71):218
(9,72):227
(9,73):177
(9,74):174
(9,75):135
(9,76):169
(9,77):148
(9,78):116
(9,79):98
(9,80):163
(9,81):112
(9,82):142
(9,83):126
(9,84):176
(9,85):144
(9,86):163
(9,87):120
(9,88):178
(9,89):140
(9,90):158
(9,91):145
(9,92):109
(9,93):106
(9,94):114
(9,95):159
(9,96):169
(9,97):224
(9,98):220
(9,99):240
(9,100):237
(9,101):244
(9,102):250
(9,103):250
(9,104):250
(9,105):250
(9,106):250
(9,107):250
(9,108):250
(9,109):250
(9,110):250
(9,111):250
(9,112):250
(9,113):250
(9,114):250
(9,115):250
(9,116):250
(9,117):250
(9,118):250
(9,119):250
(9,120):250
(9,121):250
(9,122):250
(9,123):250
(9,124):250
(9,125):250
(9,126):187
(9,127):187
(10,0):203
(10,1):203
(10,2):250
(10,3):250
(10,4):250
(10,5):250
(10,6):250
(10,7):250
(10,8):250
(10,9):250
(10,10):250
(10,11):250
(10,12):250
(10,13):250
(10,14):250
(10,15):250
(10,16):250
(10,17):250
(10,18):250
(10,19):250
(10,20):250
(10,21):250
(10,22):250
(10,23):250
(10,24):250
(10,25):250
(10,26):250
(10,27):250
(10,28):250
(10,29):250
(10,30):250
(10,31):250
(10,32):250
(10,33):250
(10,34):250
(10,35):250
(10,36):250
(10,37):250
(10,38):250
(10,39):245
(10,40):245
(10,41):240
(10,42):236
(10,43):229
(10,44):229
(10,45):227
(10,46):219
(10,47):218
(10,48):214
(10,49):215
(10,50):207
(10,51):210
(10,52):211
(10,53):212
(10,54):214
(10,55):215
(10,56):216
(10,57):218
(10,58):220
(10,59):220
(10,60):223
(10,61):225
(10,62):228
(10,63):226
(10,64):228
(10,65):223
(10,66):226
(10,67):217
(10,68):224
(10,69):213
(10,70):211
(10,71):196
(10,72):151
(10,73):103
(10,74):91
(10,75):139
(10,76):149
(10,77):138
(10,78):165
(10,79):146
(10,80):190
(10,81):156
(10,82):197
(10,83):160
(10,84):187
(10,85):155
(10,86):203
(10,87):154
(10,88):202
(10,89):168
(10,90):172
(10,91):160
(10,92):163
(10,93):159
(10,94):162
(10,95):161
(10,96):98
(10,97):162
(10,98):170
(10,99):218
(10,100):223
(10,101):236
(10,102):243
(10,103):250
(10,104):250
(10,105):250
(10,106):250
(10,107):250
(10,108):250
(10,109):250
(10,110):250
(10,111):250
(10,112):250
(10,113):250
(10,114):250
(10,115):250
(10,116):250
(10,117):250
(10,118):250
(10,119):250
(10,120):250
(10,121):250
(10,122):250
(10,123):250
(10,124):250
(10,125):250
(10,126):187
(10,127):187
(11,0):203
(11,1):203
(11,2):250
(11,3):250
(11,4):250
(11,5):250
(11,6):250
(11,7):250
(11,8):250
(11,9):250
(11,10):250
(11,11):250
(11,12):250
(11,13):250
(11,14):250
(11,15):250
(11,16):250
(11,17):250
(11,18):250
(11,19):250
(11,20):250
(11,21):250
(11,22):250
(11,23):250
(11,24):250
(11,25):250
(11,26):250
(11,27):250
(11,28):250
(11,29):250
(11,30):250
(11,31):250
(11,32):250
(11,33):250
(11,34):250
(11,35):250
(11,36):245
(11,37):246
(11,38):235
(11,39):240
(11,40):222
(11,41):227
(11,42):212
(11,43):218
(11,44):216
(11,45):214
(11,46):221
(11,47):199
(11,48):205
(11,49):203
(11,50):193
(11,51):188
(11,52):186
(11,53):173
(11,54):138
(11,55):127
(11,56):165
(11,57):120
(11,58):131
(11,59):154
(11,60):165
(11,61):122
(11,62):130
(11,63):122
(11,64):130
(11,65):164
(11,66):176
(11,67):159
(11,68):165
(11,69):162
(11,70):175
(11,71):135
(11,72):174
(11,73):89
(11,74):157
(11,75):101
(11,76):116
(11,77):97
(11,78):172
(11,79):121
(11,80):168
(11,81):129
(11,82):185
(11,83):132
(11,84):182
(11,85):132
(11,86):183
(11,87):135
(11,88):179
(11,89):133
(11,90):165
(11,91):123
(11,92):168
(11,93):122
(11,94):165
(11,95):137
(11,96):104
(11,97):163
(11,98):97
(11,99):176
(11,100):212
(11,101):225
(11,102):236
(11,103):243
(11,104):250
(11,105):250
(11,106):250
(11,107):250
(11,108):250
(11,109):250
(11,110):250
(11,111):250
(11,112):250
(11,113):250
(11,114):250
(11,115):250
(11,116):250
(11,117):250
(11,118):250
(11,119):250
(11,120):250
(11,121):250
(11,122):250
(11,123):250
(11,124):250
(11,125):250
(11,126):187
(11,127):187
(12,0):203
(12,1):203
(12,2):250
(12,3):250
(12,4):250
(12,5):250
(12,6):250
(12,7):250
(12,8):250
(12,9):250
(12,10):250
(12,11):250
(12,12):250
(12,13):250
(12,14):250
(12,15):250
(12,16):250
(12,17):250
(12,18):250
(12,19):250
(12,20):250
(12,21):250
(12,22):250
(12,23):250
(12,24):250
(12,25):250
(12,26):250
(12,27):250
(12,28):250
(12,29):250
(12,30):250
(12,31):245
(12,32):244
(12,33):239
(12,34):233
(12,35):233
(12,36):219
(12,37):223
(12,38):218
(12,39):217
(12,40):217
(12,41):180
(12,42):182
(12,43):170
(12,44):148
(12,45):130
(12,46):157
(12,47):152
(12,48):101
(12,49):107
(12,50):103
(12,51):100
(12,52):112
(12,53):109
(12,54):127
(12,55):124
(12,56):138
(12,57):129
(12,58):150
(12,59):135
(12,60):154
(12,61):152
(12,62):164
(12,63):172
(12,64):189
(12,65):142
(12,66):157
(12,67):124
(12,68):142
(12,69):116
(12,70):152
(12,71):78
(12,72):83
(12,73):84
(12,74):128
(12,75):104
(12,76):146
(12,77):154
(12,78):187
(12,79):162
(12,80):177
(12,81):167
(12,82):206
(12,83):172
(12,84):218
(12,85):175
(12,86):216
(12,87):177
(12,88):211
(12,89):175
(12,90):211
(12,91):171
(12,92):205
(12,93):169
(12,94):185
(12,95):130
(12,96):178
(12,97):106
(12,98):93
(12,99):96
(12,100):157
(12,101):211
(12,102):230
(12,103):236
(12,104):242
(12,105):250
(12,106):250
(12,107):250
(12,108):250
(12,109):250
(12,110):250
(12,111):250
(12,112):250
(12,113):250
(12,114):250
(12,115):250
(12,116):250
(12,117):250
(12,118):250
(12,119):250
(12,120):250
(12,121):250
(12,122):250
(12,123):250
(12,124):250
(12,125):250
(12,126):187
(12,127):187
(13,0):203
(13,1):203
(13,2):250
(13,3):250
(13,4):250
(13,5):250
(13,6):250
(13,7):250
(13,8):250
(13,9):250
(13,10):250
(13,11):250
(13,12):250
(13,13):250
(13,14):250
(13,15):250
(13,16):250
(13,17):250
(13,18):250
(13,19):250
(13,20):250
(13,21):250
(13,22):250
(13,23):250
(13,24):250
(13,25):250
(13,26):250
(13,27):250
(13,28):245
(13,29):245
(13,30):241
(13,31):233
(13,32):228
(13,33):221
(13,34):226
(13,35):219
(13,36):221
(13,37):219
(13,38):189
(13,39):190
(13,40):135
(13,41):162
(13,42):103
(13,43):104
(13,44):109
(13,45):98
(13,46):157
(13,47):144
(13,48):172
(13,49):139
(13,50):182
(13,51):147
(13,52):168
(13,53):133
(13,54):177
(13,55):123
(13,56):148
(13,57):135
(13,58):176
(13,59):125
(13,60):163
(13,61):129
(13,62):168
(13,63):128
(13,64):175
(13,65):135
(13,66):169
(13,67):141
(13,68):171
(13,69):138
(13,70):174
(13,71):126
(13,72):163
(13,73):123
(13,74):143
(13,75):113
(13,76):154
(13,77):88
(13,78):149
(13,79):125
(13,80):174
(13,81):134
(13,82):170
(13,83):135
(13,84):178
(13,85):134
(13,86):181
(13,87):132
(13,88):185
(13,89):135
(13,90):187
(13,91):131
(13,92):187
(13,93):134
(13,94):168
(13,95):140
(13,96):130
(13,97):128
(13,98):105
(13,99):100
(13,100):98
(13,101):156
(13,102):220
(13,103):224
(13,104):244
(13,105):243
(13,106):250
(13,107):250
(13,108):250
(13,109):250
(13,110):250
(13,111):250
(13,112):250
(13,113):250
(13,114):250
(13,115):250
(13,116):250
(13,117):250
(13,118):250
(13,119):250
(13,120):250
(13,121):250
(13,122):250
(13,123):250
(13,124):250
(13,125):250
(13,126):187
(13,127):187
(14,0):203
(14,1):203
(14,2):250
(14,3):250
(14,4):250
(14,5):250
(14,6):250
(14,7):250
(14,8):250
(14,9):250
(14,10):250
(14,11):250
(14,12):250
(14,13):250
(14,14):250
(14,15):250
(14,16):250
(14,17):250
(14,18):250
(14,19):250
(14,20):250
(14,21):250
(14,22):250
(14,23):250
(14,24):250
(14,25):244
(14,26):244
(14,27):239
(14,28):239
(14,29):225
(14,30):224
(14,31):218
(14,32):213
(14,33):175
(14,34):164
(14,35):171
(14,36):120
(14,37):157
(14,38):110
(14,39):100
(14,40):157
(14,41):142
(14,42):155
(14,43):129
(14,44):158
(14,45):140
(14,46):160
(14,47):144
(14,48):179
(14,49):157
(14,50):186
(14,51):158
(14,52):194
(14,53):162
(14,54):196
(14,55):160
(14,56):198
(14,57):162
(14,58):196
(14,59):162
(14,60):198
(14,61):167
(14,62):204
(14,63):160
(14,64):189
(14,65):151
(14,66):198
(14,67):153
(14,68):202
(14,69):151
(14,70):165
(14,71):149
(14,72):200
(14,73):153
(14,74):197
(14,75):140
(14,76):170
(14,77):124
(14,78):112
(14,79):145
(14,80):163
(14,81):127
(14,82):186
(14,83):160
(14,84):196
(14,85):168
(14,86):211
(14,87):177
(14,88):219
(14,89):175
(14,90):220
(14,91):175
(14,92):218
(14,93):167
(14,94):213
(14,95):161
(14,96):188
(14,97):150
(14,98):182
(14,99):107
(14,100):157
(14,101):86
(14,102):153
(14,103):213
(14,104):218
(14,105):236
(14,106):240
(14,107):250
(14,108):250
(14,109):250
(14,110):250
(14,111):250
(14,112):250
(14,113):250
(14,114):250
(14,115):250
(14,116):250
(14,117):250
(14,118):250
(14,119):250
(14,120):250
(14,121):250
(14,122):250
(14,123):250
(14,124):250
(14,125):250
(14,126):187
(14,127):187
(15,0):203
(15,1):203
(15,2):250
(15,3):250
(15,4):250
(15,5):250
(15,6):250
(15,7):250
(15,8):250
(15,9):250
(15,10):250
(15,11):250
(15,12):250
(15,13):250
(15,14):250
(15,15):250
(15,16):250
(15,17):250
(15,18):250
(15,19):250
(15,20):250
(15,21):250
(15,22):250
(15,23):250
(15,24):245
(15,25):246
(15,26):232
(15,27):233
(15,28):221
(15,29):221
(15,30):185
(15,31):175
(15,32):178
(15,33):113
(15,34):119
(15,35):112
(15,36):160
(15,37):148
(15,38):161
(15,39):137
(15,40):159
(15,41):128
(15,42):159
(15,43):115
(15,44):152
(15,45):131
(15,46):171
(15,47):133
(15,48):187
(15,49):151
(15,50):190
(15,51):172
(15,52):196
(15,53):159
(15,54):194
(15,55):157
(15,56):195
(15,57):155
(15,58):192
(15,59):146
(15,60):191
(15,61):134
(15,62):188
(15,63):137
(15,64):184
(15,65):136
(15,66):181
(15,67):137
(15,68):184
(15,69):136
(15,70):181
(15,71):134
(15,72):178
(15,73):133
(15,74):175
(15,75):125
(15,76):158
(15,77):134
(15,78):172
(15,79):115
(15,80):108
(15,81):123
(15,82):135
(15,83):128
(15,84):138
(15,85):127
(15,86):173
(15,87):133
(15,88):187
(15,89):133
(15,90):186
(15,91):133
(15,92):186
(15,93):134
(15,94):177
(15,95):134
(15,96):169
(15,97):125
(15,98):153
(15,99):129
(15,100):122
(15,101):92
(15,102):158
(15,103):155
(15,104):222
(15,105):224
(15,106):236
(15,107):243
(15,108):250
(15,109):250
(15,110):250
(15,111):250
(15,112):250
(15,113):250
(15,114):250
(15,115):250
(15,116):250
(15,117):250
(15,118):250
(15,119):250
(15,120):250
(15,121):250
(15,122):250
(15,123):250
(15,124):250
(15,125):250
(15,126):187
(15,127):187
(16,0):203
(16,1):203
(16,2):250
(16,3):250
(16,4):250
(16,5):250
(16,6):250
(16,7):250
(16,8):250
(16,9):250
(16,10):249
(16,11):248
(16,12):247
(16,13):248
(16,14):246
(16,15):248
(16,16):247
(16,17):249
(16,18):249
(16,19):250
(16,20):249
(16,21):250
(16,22):244
(16,23):245
(16,24):240
(16,25):227
(16,26):229
(16,27):178
(16,28):189
(16,29):161
(16,30):173
(16,31):94
(16,32):98
(16,33):138
(16,34):108
(16,35):127
(16,36):147
(16,37):147
(16,38):193
(16,39):168
(16,40):196
(16,41):159
(16,42):187
(16,43):156
(16,44):205
(16,45):173
(16,46):214
(16,47):178
(16,48):221
(16,49):187
(16,50):224
(16,51):214
(16,52):242
(16,53):229
(16,54):243
(16,55):227
(16,56):238
(16,57):212
(16,58):226
(16,59):194
(16,60):219
(16,61):182
(16,62):217
(16,63):175
(16,64):219
(16,65):175
(16,66):219
(16,67):174
(16,68):215
(16,69):174
(16,70):220
(16,71):174
(16,72):217
(16,73):171
(16,74):214
(16,75):165
(16,76):197
(16,77):164
(16,78):181
(16,79):129
(16,80):173
(16,81):135
(16,82):98
(16,83):85
(16,84):140
(16,85):154
(16,86):179
(16,87):168
(16,88):216
(16,89):174
(16,90):220
(16,91):176
(16,92):219
(16,93):175
(16,94):219
(16,95):175
(16,96):214
(16,97):161
(16,98):202
(16,99):155
(16,100):178
(16,101):126
(16,102):101
(16,103):86
(16,104):137
(16,105):210
(16,106):226
(16,107):236
(16,108):242
(16,109):250
(16,110):250
(16,111):250
(16,112):250
(16,113):250
(16,114):250
(16,115):250
(16,116):250
(16,117):250
(16,118):250
(16,119):250
(16,120):250
(16,121):250
(16,122):250
(16,123):250
(16,124):250
(16,125):250
(16,126):187
(16,127):187
(17,0):203
(17,1):203
(17,2):250
(17,3):250
(17,4):250
(17,5):250
(17,6):250
(17,7):250
(17,8):244
(17,9):245
(17,10):232
(17,11):233
(17,12):219
(17,13):221
(17,14):218
(17,15):216
(17,16):224
(17,17):217
(17,18):231
(17,19):216
(17,20):224
(17,21):219
(17,22):217
(17,23):218
(17,24):212
(17,25):216
(17,26):175
(17,27):177
(17,28):109
(17,29):103
(17,30):160
(17,31):124
(17,32):140
(17,33):125
(17,34):175
(17,35):122
(17,36):174
(17,37):128
(17,38):182
(17,39):139
(17,40):186
(17,41):131
(17,42):181
(17,43):135
(17,44):186
(17,45):139
(17,46):187
(17,47):166
(17,48):199
(17,49):203
(17,50):234
(17,51):226
(17,52):237
(17,53):230
(17,54):237
(17,55):229
(17,56):237
(17,57):225
(17,58):236
(17,59):205
(17,60):223
(17,61):172
(17,62):194
(17,63):144
(17,64):188
(17,65):138
(17,66):184
(17,67):133
(17,68):185
(17,69):135
(17,70):188
(17,71):136
(17,72):187
(17,73):136
(17,74):181
(17,75):137
(17,76):184
(17,77):134
(17,78):166
(17,79):132
(17,80):177
(17,81):105
(17,82):124
(17,83):78
(17,84):100
(17,85):115
(17,86):160
(17,87):129
(17,88):178
(17,89):135
(17,90):183
(17,91):132
(17,92):185
(17,93):134
(17,94):185
(17,95):135
(17,96):185
(17,97):135
(17,98):170
(17,99):128
(17,100):179
(17,101):135
(17,102):132
(17,103):92
(17,104):100
(17,105):154
(17,106):211
(17,107):225
(17,108):237
(17,109):244
(17,110):250
(17,111):250
(17,112):250
(17,113):250
(17,114):250
(17,115):250
(17,116):250
(17,117):250
(17,118):250
(17,119):250
(17,120):250
(17,121):250
(17,122):250
(17,123):250
(17,124):250
(17,125):250
(17,126):187
(17,127):187
(18,0):203
(18,1):203
(18,2):250
(18,3):250
(18,4):250
(18,5):250
(18,6):243
(18,7):244
(18,8):229
(18,9):230
(18,10):214
(18,11):220
(18,12):204
(18,13):202
(18,14):195
(18,15):214
(18,16):210
(18,17):220
(18,18):214
(18,19):221
(18,20):215
(18,21):217
(18,22):215
(18,23):214
(18,24):183
(18,25):168
(18,26):189
(18,27):107
(18,28):174
(18,29):116
(18,30):175
(18,31):144
(18,32):191
(18,33):154
(18,34):179
(18,35):171
(18,36):206
(18,37):169
(18,38):215
(18,39):176
(18,40):215
(18,41):172
(18,42):220
(18,43):176
(18,44):217
(18,45):177
(18,46):222
(18,47):198
(18,48):239
(18,49):234
(18,50):248
(18,51):244
(18,52):247
(18,53):246
(18,54):249
(18,55):245
(18,56):246
(18,57):240
(18,58):244
(18,59):237
(18,60):242
(18,61):225
(18,62):222
(18,63):186
(18,64):223
(18,65):179
(18,66):220
(18,67):175
(18,68):223
(18,69):174
(18,70):219
(18,71):176
(18,72):220
(18,73):176
(18,74):221
(18,75):176
(18,76):214
(18,77):169
(18,78):215
(18,79):172
(18,80):192
(18,81):144
(18,82):182
(18,83):115
(18,84):89
(18,85):74
(18,86):161
(18,87):152
(18,88):210
(18,89):171
(18,90):221
(18,91):175
(18,92):221
(18,93):175
(18,94):220
(18,95):174
(18,96):219
(18,97):175
(18,98):217
(18,99):166
(18,100):190
(18,101):153
(18,102):180
(18,103):108
(18,104):146
(18,105):89
(18,106):143
(18,107):213
(18,108):220
(18,109):240
(18,110):243
(18,111):247
(18,112):250
(18,113):250
(18,114):250
(18,115):250
(18,116):250
(18,117):250
(18,118):250
(18,119):250
(18,120):250
(18,121):250
(18,122):250
(18,123):250
(18,124):250
(18,125):250
(18,126):187
(18,127):187
(19,0):203
(19,1):203
(19,2):250
(19,3):250
(19,4):244
(19,5):245
(19,6):238
(19,7):232
(19,8):220
(19,9):215
(19,10):165
(19,11):166
(19,12):101
(19,13):111
(19,14):106
(19,15):108
(19,16):160
(19,17):126
(19,18):172
(19,19):116
(19,20):170
(19,21):110
(19,22):114
(19,23):145
(19,24):99
(19,25):101
(19,26):138
(19,27):105
(19,28):179
(19,29):139
(19,30):173
(19,31):132
(19,32):186
(19,33):135
(19,34):184
(19,35):137
(19,36):186
(19,37):135
(19,38):186
(19,39):133
(19,40):186
(19,41):132
(19,42):183
(19,43):135
(19,44):185
(19,45):144
(19,46):194
(19,47):182
(19,48):236
(19,49):235
(19,50):244
(19,51):247
(19,52):250
(19,53):250
(19,54):250
(19,55):250
(19,56):250
(19,57):245
(19,58):247
(19,59):239
(19,60):241
(19,61):229
(19,62):233
(19,63):189
(19,64):193
(19,65):143
(19,66):188
(19,67):134
(19,68):185
(19,69):136
(19,70):188
(19,71):135
(19,72):189
(19,73):133
(19,74):186
(19,75):136
(19,76):186
(19,77):136
(19,78):187
(19,79):130
(19,80):178
(19,81):122
(19,82):163
(19,83):126
(19,84):115
(19,85):81
(19,86):121
(19,87):127
(19,88):149
(19,89):128
(19,90):178
(19,91):133
(19,92):184
(19,93):135
(19,94):184
(19,95):134
(19,96):185
(19,97):135
(19,98):187
(19,99):138
(19,100):178
(19,101):123
(19,102):160
(19,103):130
(19,104):106
(19,105):98
(19,106):97
(19,107):173
(19,108):217
(19,109):238
(19,110):244
(19,111):250
(19,112):250
(19,113):250
(19,114):250
(19,115):250
(19,116):250
(19,117):250
(19,118):250
(19,119):250
(19,120):250
(19,121):250
(19,122):250
(19,123):250
(19,124):250
(19,125):250
(19,126):187
(19,127):187
(20,0):203
(20,1):203
(20,2):248
(20,3):243
(20,4):233
(20,5):229
(20,6):221
(20,7):215
(20,8):160
(20,9):163
(20,10):102
(20,11):101
(20,12):101
(20,13):138
(20,14):148
(20,15):104
(20,16):106
(20,17):156
(20,18):116
(20,19):153
(20,20):160
(20,21):110
(20,22):114
(20,23):113
(20,24):179
(20,25):146
(20,26):203
(20,27):150
(20,28):202
(20,29):161
(20,30):211
(20,31):175
(20,32):213
(20,33):175
(20,34):219
(20,35):175
(20,36):217
(20,37):175
(20,38):221
(20,39):176
(20,40):218
(20,41):176
(20,42):219
(20,43):174
(20,44):219
(20,45):181
(20,46):225
(20,47):198
(20,48):243
(20,49):238
(20,50):249
(20,51):250
(20,52):250
(20,53):250
(20,54):250
(20,55):250
(20,56):250
(20,57):250
(20,58):250
(20,59):248
(20,60):245
(20,61):238
(20,62):244
(20,63):220
(20,64):222
(20,65):183
(20,66):226
(20,67):177
(20,68):222
(20,69):176
(20,70):221
(20,71):177
(20,72):221
(20,73):176
(20,74):217
(20,75):174
(20,76):216
(20,77):174
(20,78):209
(20,79):169
(20,80):205
(20,81):147
(20,82):161
(20,83):83
(20,84):106
(20,85):64
(20,86):129
(20,87):99
(20,88):193
(20,89):159
(20,90):213
(20,91):172
(20,92):220
(20,93):175
(20,94):221
(20,95):174
(20,96):220
(20,97):175
(20,98):216
(20,99):178
(20,100):215
(20,101):164
(20,102):202
(20,103):145
(20,104):131
(20,105):91
(20,106):86
(20,107):138
(20,108):153
(20,109):200
(20,110):235
(20,111):241
(20,112):250
(20,113):250
(20,114):250
(20,115):250
(20,116):250
(20,117):250
(20,118):250
(20,119):250
(20,120):250
(20,121):250
(20,122):250
(20,123):250
(20,124):250
(20,125):250
(20,126):187
(20,127):187
(21,0):201
(21,1):203
(21,2):242
(21,3):237
(21,4):224
(21,5):223
(21,6):170
(21,7):166
(21,8):150
(21,9):98
(21,10):86
(21,11):83
(21,12):109
(21,13):102
(21,14):131
(21,15):116
(21,16):148
(21,17):124
(21,18):184
(21,19):119
(21,20):173
(21,21):129
(21,22):151
(21,23):111
(21,24):171
(21,25):131
(21,26):177
(21,27):130
(21,28):183
(21,29):134
(21,30):189
(21,31):137
(21,32):185
(21,33):136
(21,34):185
(21,35):134
(21,36):186
(21,37):133
(21,38):184
(21,39):133
(21,40):185
(21,41):134
(21,42):184
(21,43):134
(21,44):186
(21,45):143
(21,46):195
(21,47):184
(21,48):223
(21,49):231
(21,50):244
(21,51):247
(21,52):250
(21,53):250
(21,54):250
(21,55):250
(21,56):250
(21,57):250
(21,58):250
(21,59):250
(21,60):249
(21,61):243
(21,62):239
(21,63):225
(21,64):219
(21,65):160
(21,66):191
(21,67):140
(21,68):186
(21,69):134
(21,70):184
(21,71):135
(21,72):185
(21,73):134
(21,74):184
(21,75):129
(21,76):176
(21,77):124
(21,78):168
(21,79):123
(21,80):169
(21,81):134
(21,82):156
(21,83):124
(21,84):150
(21,85):104
(21,86):79
(21,87):102
(21,88):122
(21,89):116
(21,90):171
(21,91):133
(21,92):184
(21,93):134
(21,94):185
(21,95):134
(21,96):186
(21,97):136
(21,98):188
(21,99):133
(21,100):187
(21,101):135
(21,102):169
(21,103):120
(21,104):152
(21,105):111
(21,106):92
(21,107):145
(21,108):153
(21,109):219
(21,110):230
(21,111):244
(21,112):250
(21,113):250
(21,114):250
(21,115):250
(21,116):250
(21,117):250
(21,118):250
(21,119):250
(21,120):250
(21,121):250
(21,122):250
(21,123):250
(21,124):250
(21,125):250
(21,126):187
(21,127):187
(22,0):196
(22,1):186
(22,2):227
(22,3):219
(22,4):191
(22,5):160
(22,6):86
(22,7):91
(22,8):141
(22,9):123
(22,10):165
(22,11):166
(22,12):188
(22,13):149
(22,14):179
(22,15):170
(22,16):192
(22,17):147
(22,18):203
(22,19):161
(22,20):187
(22,21):162
(22,22):207
(22,23):167
(22,24):209
(22,25):165
(22,26):214
(22,27):178
(22,28):220
(22,29):175
(22,30):220
(22,31):177
(22,32):220
(22,33):177
(22,34):219
(22,35):176
(22,36):219
(22,37):175
(22,38):219
(22,39):175
(22,40):219
(22,41):175
(22,42):218
(22,43):177
(22,44):218
(22,45):177
(22,46):224
(22,47):189
(22,48):236
(22,49):232
(22,50):247
(22,51):246
(22,52):250
(22,53):250
(22,54):250
(22,55):250
(22,56):250
(22,57):250
(22,58):250
(22,59):250
(22,60):250
(22,61):246
(22,62):243
(22,63):236
(22,64):239
(22,65):210
(22,66):217
(22,67):182
(22,68):219
(22,69):177
(22,70):216
(22,71):172
(22,72):209
(22,73):165
(22,74):194
(22,75):153
(22,76):163
(22,77):128
(22,78):167
(22,79):131
(22,80):131
(22,81):95
(22,82):97
(22,83):68
(22,84):71
(22,85):61
(22,86):68
(22,87):67
(22,88):136
(22,89):123
(22,90):202
(22,91):168
(22,92):215
(22,93):175
(22,94):220
(22,95):175
(22,96):219
(22,97):173
(22,98):217
(22,99):175
(22,100):216
(22,101):175
(22,102):207
(22,103):150
(22,104):176
(22,105):114
(22,106):87
(22,107):71
(22,108):127
(22,109):160
(22,110):213
(22,111):234
(22,112):242
(22,113):250
(22,114):250
(22,115):250
(22,116):250
(22,117):250
(22,118):250
(22,119):250
(22,120):250
(22,121):250
(22,122):250
(22,123):250
(22,124):250
(22,125):250
(22,126):187
(22,127):187
(23,0):181
(23,1):198
(23,2):223
(23,3):222
(23,4):155
(23,5):105
(23,6):94
(23,7):108
(23,8):118
(23,9):106
(23,10):169
(23,11):122
(23,12):168
(23,13):132
(23,14):179
(23,15):142
(23,16):191
(23,17):146
(23,18):195
(23,19):149
(23,20):187
(23,21):138
(23,22):187
(23,23):140
(23,24):185
(23,25):137
(23,26):187
(23,27):136
(23,28):187
(23,29):135
(23,30):185
(23,31):136
(23,32):187
(23,33):134
(23,34):186
(23,35):134
(23,36):185
(23,37):134
(23,38):185
(23,39):133
(23,40):183
(23,41):134
(23,42):185
(23,43):134
(23,44):184
(23,45):139
(23,46):191
(23,47):154
(23,48):200
(23,49):206
(23,50):238
(23,51):242
(23,52):247
(23,53):249
(23,54):250
(23,55):249
(23,56):250
(23,57):250
(23,58):250
(23,59):250
(23,60):250
(23,61):248
(23,62):242
(23,63):232
(23,64):228
(23,65):197
(23,66):186
(23,67):144
(23,68):172
(23,69):126
(23,70):156
(23,71):119
(23,72):163
(23,73):119
(23,74):159
(23,75):98
(23,76):121
(23,77):88
(23,78):102
(23,79):67
(23,80):75
(23,81):98
(23,82):129
(23,83):137
(23,84):140
(23,85):133
(23,86):96
(23,87):85
(23,88):112
(23,89):124
(23,90):150
(23,91):131
(23,92):183
(23,93):134
(23,94):187
(23,95):132
(23,96):183
(23,97):132
(23,98):182
(23,99):129
(23,100):174
(23,101):129
(23,102):171
(23,103):118
(23,104):142
(23,105):94
(23,106):104
(23,107):84
(23,108):90
(23,109):157
(23,110):211
(23,111):226
(23,112):244
(23,113):244
(23,114):250
(23,115):250
(23,116):250
(23,117):250
(23,118):250
(23,119):250
(23,120):250
(23,121):250
(23,122):250
(23,123):250
(23,124):250
(23,125):250
(23,126):187
(23,127):187
(24,0):184
(24,1):120
(24,2):160
(24,3):112
(24,4):65
(24,5):117
(24,6):139
(24,7):154
(24,8):190
(24,9):165
(24,10):212
(24,11):174
(24,12):216
(24,13):181
(24,14):222
(24,15):177
(24,16):225
(24,17):185
(24,18):225
(24,19):182
(24,20):223
(24,21):178
(24,22):221
(24,23):176
(24,24):220
(24,25):177
(24,26):219
(24,27):177
(24,28):216
(24,29):174
(24,30):214
(24,31):172
(24,32):212
(24,33):173
(24,34):214
(24,35):176
(24,36):216
(24,37):176
(24,38):217
(24,39):176
(24,40):217
(24,41):176
(24,42):217
(24,43):177
(24,44):219
(24,45):173
(24,46):223
(24,47):184
(24,48):224
(24,49):197
(24,50):243
(24,51):241
(24,52):248
(24,53):249
(24,54):250
(24,55):250
(24,56):250
(24,57):250
(24,58):250
(24,59):250
(24,60):250
(24,61):249
(24,62):243
(24,63):234
(24,64):218
(24,65):203
(24,66):196
(24,67):161
(24,68):186
(24,69):149
(24,70):175
(24,71):140
(24,72):130
(24,73):104
(24,74):100
(24,75):79
(24,76):63
(24,77):51
(24,78):63
(24,79):44
(24,80):51
(24,81):61
(24,82):58
(24,83):139
(24,84):102
(24,85):173
(24,86):110
(24,87):75
(24,88):121
(24,89):103
(24,90):160
(24,91):160
(24,92):210
(24,93):169
(24,94):218
(24,95):165
(24,96):206
(24,97):162
(24,98):195
(24,99):148
(24,100):190
(24,101):166
(24,102):197
(24,103):155
(24,104):165
(24,105):95
(24,106):90
(24,107):73
(24,108):57
(24,109):132
(24,110):141
(24,111):216
(24,112):227
(24,113):243
(24,114):249
(24,115):250
(24,116):250
(24,117):250
(24,118):250
(24,119):250
(24,120):250
(24,121):250
(24,122):250
(24,123):250
(24,124):250
(24,125):250
(24,126):187
(24,127):187
(25,0):190
(25,1):175
(25,2):161
(25,3):143
(25,4):86
(25,5):116
(25,6):162
(25,7):124
(25,8):177
(25,9):137
(25,10):184
(25,11):137
(25,12):190
(25,13):140
(25,14):190
(25,15):143
(25,16):194
(25,17):149
(25,18):195
(25,19):147
(25,20):190
(25,21):141
(25,22):186
(25,23):138
(25,24):185
(25,25):135
(25,26):187
(25,27):133
(25,28):184
(25,29):126
(25,30):181
(25,31):123
(25,32):178
(25,33):126
(25,34):177
(25,35):132
(25,36):178
(25,37):131
(25,38):170
(25,39):129
(25,40):170
(25,41):127
(25,42):170
(25,43):128
(25,44):170
(25,45):130
(25,46):173
(25,47):143
(25,48):183
(25,49):171
(25,50):195
(25,51):217
(25,52):222
(25,53):232
(25,54):230
(25,55):241
(25,56):238
(25,57):248
(25,58):247
(25,59):249
(25,60):247
(25,61):243
(25,62):230
(25,63):214
(25,64):178
(25,65):196
(25,66):142
(25,67):126
(25,68):113
(25,69):89
(25,70):98
(25,71):66
(25,72):87
(25,73):54
(25,74):57
(25,75):54
(25,76):63
(25,77):53
(25,78):46
(25,79):65
(25,80):71
(25,81):91
(25,82):127
(25,83):172
(25,84):193
(25,85):192
(25,86):142
(25,87):124
(25,88):75
(25,89):91
(25,90):156
(25,91):126
(25,92):179
(25,93):133
(25,94):179
(25,95):134
(25,96):169
(25,97):122
(25,98):146
(25,99):142
(25,100):166
(25,101):112
(25,102):134
(25,103):113
(25,104):121
(25,105):99
(25,106):103
(25,107):84
(25,108):90
(25,109):86
(25,110):144
(25,111):173
(25,112):225
(25,113):239
(25,114):244
(25,115):250
(25,116):250
(25,117):250
(25,118):250
(25,119):250
(25,120):250
(25,121):250
(25,122):250
(25,123):250
(25,124):250
(25,125):250
(25,126):187
(25,127):187
(26,0):162
(26,1):67
(26,2):90
(26,3):70
(26,4):120
(26,5):140
(26,6):195
(26,7):172
(26,8):214
(26,9):176
(26,10):220
(26,11):178
(26,12):222
(26,13):180
(26,14):223
(26,15):180
(26,16):226
(26,17):184
(26,18):225
(26,19):181
(26,20):221
(26,21):176
(26,22):219
(26,23):174
(26,24):219
(26,25):174
(26,26):219
(26,27):175
(26,28):211
(26,29):163
(26,30):185
(26,31):141
(26,32):182
(26,33):153
(26,34):170
(26,35):156
(26,36):181
(26,37):152
(26,38):179
(26,39):147
(26,40):177
(26,41):147
(26,42):179
(26,43):150
(26,44):180
(26,45):151
(26,46):184
(26,47):134
(26,48):189
(26,49):162
(26,50):186
(26,51):203
(26,52):203
(26,53):214
(26,54):206
(26,55):225
(26,56):215
(26,57):232
(26,58):230
(26,59):246
(26,60):240
(26,61):244
(26,62):224
(26,63):218
(26,64):179
(26,65):132
(26,66):147
(26,67):71
(26,68):77
(26,69):56
(26,70):48
(26,71):47
(26,72):44
(26,73):46
(26,74):32
(26,75):42
(26,76):43
(26,77):45
(26,78):40
(26,79):57
(26,80):60
(26,81):149
(26,82):145
(26,83):224
(26,84):193
(26,85):187
(26,86):123
(26,87):81
(26,88):66
(26,89):92
(26,90):149
(26,91):134
(26,92):201
(26,93):160
(26,94):200
(26,95):132
(26,96):178
(26,97):111
(26,98):99
(26,99):166
(26,100):133
(26,101):163
(26,102):176
(26,103):130
(26,104):119
(26,105):135
(26,106):75
(26,107):82
(26,108):67
(26,109):74
(26,110):76
(26,111):148
(26,112):202
(26,113):224
(26,114):245
(26,115):245
(26,116):250
(26,117):250
(26,118):250
(26,119):250
(26,120):250
(26,121):250
(26,122):250
(26,123):250
(26,124):250
(26,125):250
(26,126):187
(26,127):187
(27,0):165
(27,1):86
(27,2):136
(27,3):82
(27,4):133
(27,5):118
(27,6):175
(27,7):139
(27,8):190
(27,9):142
(27,10):190
(27,11):141
(27,12):189
(27,13):140
(27,14):188
(27,15):140
(27,16):189
(27,17):142
(27,18):189
(27,19):138
(27,20):187
(27,21):136
(27,22):185
(27,23):135
(27,24):184
(27,25):134
(27,26):183
(27,27):132
(27,28):180
(27,29):111
(27,30):154
(27,31):71
(27,32):125
(27,33):88
(27,34):125
(27,35):116
(27,36):145
(27,37):111
(27,38):122
(27,39):97
(27,40):109
(27,41):84
(27,42):101
(27,43):94
(27,44):115
(27,45):112
(27,46):114
(27,47):111
(27,48):118
(27,49):106
(27,50):129
(27,51):137
(27,52):132
(27,53):162
(27,54):151
(27,55):221
(27,56):205
(27,57):239
(27,58):240
(27,59):243
(27,60):243
(27,61):225
(27,62):200
(27,63):175
(27,64):99
(27,65):84
(27,66):82
(27,67):85
(27,68):72
(27,69):77
(27,70):77
(27,71):78
(27,72):64
(27,73):83
(27,74):73
(27,75):80
(27,76):66
(27,77):87
(27,78):76
(27,79):140
(27,80):149
(27,81):181
(27,82):225
(27,83):227
(27,84):211
(27,85):198
(27,86):133
(27,87):83
(27,88):77
(27,89):62
(27,90):100
(27,91):91
(27,92):155
(27,93):118
(27,94):154
(27,95):118
(27,96):103
(27,97):159
(27,98):122
(27,99):168
(27,100):208
(27,101):216
(27,102):224
(27,103):217
(27,104):215
(27,105):202
(27,106):166
(27,107):100
(27,108):97
(27,109):94
(27,110):97
(27,111):166
(27,112):171
(27,113):228
(27,114):237
(27,115):248
(27,116):246
(27,117):250
(27,118):250
(27,119):250
(27,120):250
(27,121):250
(27,122):250
(27,123):250
(27,124):250
(27,125):250
(27,126):187
(27,127):187
(28,0):142
(28,1):53
(28,2):84
(28,3):77
(28,4):128
(28,5):158
(28,6):205
(28,7):177
(28,8):220
(28,9):176
(28,10):221
(28,11):178
(28,12):222
(28,13):178
(28,14):223
(28,15):179
(28,16):222
(28,17):178
(28,18):220
(28,19):176
(28,20):218
(28,21):174
(28,22):218
(28,23):173
(28,24):220
(28,25):175
(28,26):219
(28,27):173
(28,28):203
(28,29):155
(28,30):157
(28,31):79
(28,32):109
(28,33):98
(28,34):93
(28,35):88
(28,36):62
(28,37):57
(28,38):52
(28,39):50
(28,40):51
(28,41):49
(28,42):51
(28,43):53
(28,44):51
(28,45):66
(28,46):53
(28,47):54
(28,48):52
(28,49):56
(28,50):64
(28,51):83
(28,52):78
(28,53):153
(28,54):96
(28,55):124
(28,56):109
(28,57):199
(28,58):168
(28,59):238
(28,60):220
(28,61):228
(28,62):175
(28,63):169
(28,64):97
(28,65):116
(28,66):146
(28,67):104
(28,68):117
(28,69):74
(28,70):64
(28,71):75
(28,72):73
(28,73):102
(28,74):99
(28,75):91
(28,76):89
(28,77):134
(28,78):135
(28,79):184
(28,80):202
(28,81):187
(28,82):204
(28,83):224
(28,84):194
(28,85):185
(28,86):113
(28,87):82
(28,88):66
(28,89):65
(28,90):117
(28,91):139
(28,92):176
(28,93):139
(28,94):164
(28,95):86
(28,96):80
(28,97):145
(28,98):168
(28,99):209
(28,100):217
(28,101):222
(28,102):214
(28,103):217
(28,104):212
(28,105):205
(28,106):205
(28,107):159
(28,108):140
(28,109):136
(28,110):106
(28,111):104
(28,112):168
(28,113):185
(28,114):220
(28,115):240
(28,116):231
(28,117):248
(28,118):244
(28,119):250
(28,120):250
(28,121):250
(28,122):250
(28,123):250
(28,124):250
(28,125):250
(28,126):187
(28,127):187
(29,0):114
(29,1):69
(29,2):91
(29,3):83
(29,4):156
(29,5):135
(29,6):180
(29,7):142
(29,8):189
(29,9):140
(29,10):188
(29,11):138
(29,12):186
(29,13):135
(29,14):185
(29,15):135
(29,16):185
(29,17):136
(29,18):185
(29,19):134
(29,20):185
(29,21):134
(29,22):184
(29,23):133
(29,24):183
(29,25):132
(29,26):184
(29,27):132
(29,28):178
(29,29):117
(29,30):130
(29,31):71
(29,32):71
(29,33):63
(29,34):65
(29,35):64
(29,36):58
(29,37):62
(29,38):57
(29,39):57
(29,40):45
(29,41):52
(29,42):54
(29,43):54
(29,44):46
(29,45):53
(29,46):48
(29,47):53
(29,48):58
(29,49):67
(29,50):59
(29,51):84
(29,52):99
(29,53):175
(29,54):165
(29,55):210
(29,56):192
(29,57):217
(29,58):201
(29,59):195
(29,60):217
(29,61):207
(29,62):186
(29,63):104
(29,64):147
(29,65):107
(29,66):98
(29,67):117
(29,68):163
(29,69):139
(29,70):134
(29,71):193
(29,72):179
(29,73):194
(29,74):151
(29,75):195
(29,76):182
(29,77):199
(29,78):189
(29,79):198
(29,80):161
(29,81):211
(29,82):201
(29,83):214
(29,84):200
(29,85):152
(29,86):137
(29,87):80
(29,88):80
(29,89):66
(29,90):80
(29,91):76
(29,92):86
(29,93):95
(29,94):73
(29,95):80
(29,96):99
(29,97):126
(29,98):203
(29,99):219
(29,100):224
(29,101):237
(29,102):239
(29,103):242
(29,104):236
(29,105):222
(29,106):220
(29,107):220
(29,108):210
(29,109):182
(29,110):161
(29,111):152
(29,112):191
(29,113):215
(29,114):206
(29,115):235
(29,116):240
(29,117):236
(29,118):247
(29,119):245
(29,120):250
(29,121):250
(29,122):250
(29,123):250
(29,124):250
(29,125):250
(29,126):187
(29,127):187
(30,0):142
(30,1):60
(30,2):91
(30,3):103
(30,4):155
(30,5):139
(30,6):199
(30,7):178
(30,8):222
(30,9):177
(30,10):220
(30,11):178
(30,12):219
(30,13):176
(30,14):220
(30,15):175
(30,16):219
(30,17):175
(30,18):219
(30,19):175
(30,20):220
(30,21):174
(30,22):219
(30,23):174
(30,24):219
(30,25):173
(30,26):221
(30,27):174
(30,28):205
(30,29):151
(30,30):141
(30,31):108
(30,32):59
(30,33):46
(30,34):50
(30,35):41
(30,36):38
(30,37):35
(30,38):31
(30,39):28
(30,40):18
(30,41):21
(30,42):11
(30,43):27
(30,44):12
(30,45):23
(30,46):12
(30,47):23
(30,48):15
(30,49):30
(30,50):48
(30,51):71
(30,52):119
(30,53):186
(30,54):197
(30,55):231
(30,56):200
(30,57):192
(30,58):119
(30,59):190
(30,60):157
(30,61):203
(30,62):188
(30,63):135
(30,64):116
(30,65):163
(30,66):160
(30,67):172
(30,68):181
(30,69):196
(30,70):188
(30,71):194
(30,72):191
(30,73):152
(30,74):148
(30,75):199
(30,76):202
(30,77):216
(30,78):208
(30,79):212
(30,80):199
(30,81):204
(30,82):191
(30,83):169
(30,84):163
(30,85):147
(30,86):94
(30,87):111
(30,88):129
(30,89):121
(30,90):151
(30,91):136
(30,92):150
(30,93):107
(30,94):129
(30,95):78
(30,96):98
(30,97):121
(30,98):184
(30,99):197
(30,100):207
(30,101):209
(30,102):198
(30,103):222
(30,104):233
(30,105):222
(30,106):230
(30,107):233
(30,108):222
(30,109):215
(30,110):229
(30,111):229
(30,112):174
(30,113):208
(30,114):117
(30,115):213
(30,116):177
(30,117):233
(30,118):228
(30,119):236
(30,120):245
(30,121):250
(30,122):250
(30,123):250
(30,124):250
(30,125):250
(30,126):187
(30,127):187
(31,0):151
(31,1):85
(31,2):101
(31,3):96
(31,4):138
(31,5):126
(31,6):182
(31,7):145
(31,8):186
(31,9):136
(31,10):186
(31,11):133
(31,12):185
(31,13):132
(31,14):185
(31,15):133
(31,16):184
(31,17):135
(31,18):184
(31,19):134
(31,20):185
(31,21):134
(31,22):185
(31,23):134
(31,24):184
(31,25):134
(31,26):185
(31,27):135
(31,28):177
(31,29):126
(31,30):155
(31,31):107
(31,32):96
(31,33):83
(31,34):52
(31,35):75
(31,36):80
(31,37):103
(31,38):45
(31,39):60
(31,40):40
(31,41):41
(31,42):34
(31,43):41
(31,44):36
(31,45):46
(31,46):44
(31,47):52
(31,48):43
(31,49):73
(31,50):73
(31,51):163
(31,52):161
(31,53):220
(31,54):208
(31,55):219
(31,56):212
(31,57):201
(31,58):137
(31,59):128
(31,60):116
(31,61):180
(31,62):214
(31,63):214
(31,64):174
(31,65):114
(31,66):124
(31,67):112
(31,68):107
(31,69):188
(31,70):185
(31,71):203
(31,72):151
(31,73):209
(31,74):203
(31,75):176
(31,76):193
(31,77):198
(31,78):120
(31,79):131
(31,80):115
(31,81):118
(31,82):107
(31,83):149
(31,84):118
(31,85):134
(31,86):147
(31,87):112
(31,88):141
(31,89):123
(31,90):157
(31,91):130
(31,92):156
(31,93):102
(31,94):117
(31,95):100
(31,96):96
(31,97):97
(31,98):144
(31,99):187
(31,100):170
(31,101):190
(31,102):197
(31,103):203
(31,104):201
(31,105):238
(31,106):233
(31,107):239
(31,108):235
(31,109):230
(31,110):242
(31,111):243
(31,112):232
(31,113):230
(31,114):212
(31,115):166
(31,116):213
(31,117):204
(31,118):236
(31,119):242
(31,120):245
(31,121):250
(31,122):250
(31,123):250
(31,124):250
(31,125):250
(31,126):187
(31,127):187
(32,0):159
(32,1):77
(32,2):148
(32,3):80
(32,4):130
(32,5):154
(32,6):201
(32,7):175
(32,8):220
(32,9):177
(32,10):219
(32,11):176
(32,12):217
(32,13):175
(32,14):218
(32,15):174
(32,16):220
(32,17):174
(32,18):219
(32,19):176
(32,20):219
(32,21):176
(32,22):219
(32,23):175
(32,24):220
(32,25):174
(32,26):221
(32,27):176
(32,28):210
(32,29):168
(32,30):179
(32,31):136
(32,32):96
(32,33):51
(32,34):55
(32,35):45
(32,36):133
(32,37):89
(32,38):96
(32,39):47
(32,40):35
(32,41):41
(32,42):30
(32,43):44
(32,44):29
(32,45):36
(32,46):37
(32,47):38
(32,48):46
(32,49):55
(32,50):94
(32,51):157
(32,52):196
(32,53):222
(32,54):197
(32,55):232
(32,56):193
(32,57):204
(32,58):162
(32,59):122
(32,60):187
(32,61):182
(32,62):209
(32,63):233
(32,64):238
(32,65):213
(32,66):213
(32,67):220
(32,68):213
(32,69):206
(32,70):204
(32,71):198
(32,72):142
(32,73):154
(32,74):196
(32,75):159
(32,76):169
(32,77):211
(32,78):184
(32,79):209
(32,80):188
(32,81):179
(32,82):194
(32,83):178
(32,84):186
(32,85):161
(32,86):180
(32,87):154
(32,88):196
(32,89):164
(32,90):202
(32,91):161
(32,92):205
(32,93):154
(32,94):181
(32,95):142
(32,96):136
(32,97):78
(32,98):63
(32,99):92
(32,100):70
(32,101):78
(32,102):133
(32,103):94
(32,104):158
(32,105):219
(32,106):228
(32,107):247
(32,108):250
(32,109):250
(32,110):237
(32,111):244
(32,112):223
(32,113):244
(32,114):213
(32,115):203
(32,116):121
(32,117):126
(32,118):187
(32,119):222
(32,120):240
(32,121):250
(32,122):250
(32,123):250
(32,124):250
(32,125):250
(32,126):187
(32,127):187
(33,0):127
(33,1):164
(33,2):165
(33,3):148
(33,4):139
(33,5):146
(33,6):164
(33,7):142
(33,8):184
(33,9):136
(33,10):186
(33,11):132
(33,12):186
(33,13):132
(33,14):185
(33,15):134
(33,16):184
(33,17):134
(33,18):186
(33,19):135
(33,20):186
(33,21):134
(33,22):187
(33,23):136
(33,24):187
(33,25):136
(33,26):187
(33,27):136
(33,28):186
(33,29):136
(33,30):158
(33,31):110
(33,32):107
(33,33):65
(33,34):64
(33,35):118
(33,36):62
(33,37):167
(33,38):118
(33,39):92
(33,40):65
(33,41):77
(33,42):69
(33,43):77
(33,44):97
(33,45):74
(33,46):77
(33,47):118
(33,48):114
(33,49):146
(33,50):143
(33,51):218
(33,52):213
(33,53):229
(33,54):226
(33,55):195
(33,56):138
(33,57):112
(33,58):166
(33,59):186
(33,60):189
(33,61):225
(33,62):220
(33,63):222
(33,64):224
(33,65):224
(33,66):218
(33,67):227
(33,68):224
(33,69):229
(33,70):217
(33,71):238
(33,72):234
(33,73):229
(33,74):232
(33,75):238
(33,76):220
(33,77):217
(33,78):216
(33,79):216
(33,80):178
(33,81):175
(33,82):168
(33,83):144
(33,84):175
(33,85):135
(33,86):172
(33,87):137
(33,88):186
(33,89):135
(33,90):184
(33,91):134
(33,92):178
(33,93):134
(33,94):160
(33,95):118
(33,96):150
(33,97):90
(33,98):101
(33,99):75
(33,100):104
(33,101):149
(33,102):128
(33,103):169
(33,104):119
(33,105):213
(33,106):226
(33,107):248
(33,108):250
(33,109):250
(33,110):250
(33,111):250
(33,112):243
(33,113):231
(33,114):228
(33,115):225
(33,116):175
(33,117):199
(33,118):188
(33,119):229
(33,120):240
(33,121):250
(33,122):250
(33,123):250
(33,124):250
(33,125):250
(33,126):187
(33,127):187
(34,0):181
(34,1):154
(34,2):152
(34,3):98
(34,4):99
(34,5):136
(34,6):185
(34,7):170
(34,8):214
(34,9):174
(34,10):217
(34,11):177
(34,12):217
(34,13):176
(34,14):218
(34,15):175
(34,16):218
(34,17):175
(34,18):218
(34,19):177
(34,20):218
(34,21):178
(34,22):220
(34,23):176
(34,24):220
(34,25):176
(34,26):220
(34,27):178
(34,28):220
(34,29):179
(34,30):198
(34,31):150
(34,32):131
(34,33):65
(34,34):74
(34,35):56
(34,36):98
(34,37):71
(34,38):102
(34,39):123
(34,40):114
(34,41):123
(34,42):84
(34,43):80
(34,44):82
(34,45):75
(34,46):85
(34,47):90
(34,48):164
(34,49):129
(34,50):150
(34,51):213
(34,52):169
(34,53):209
(34,54):134
(34,55):216
(34,56):183
(34,57):185
(34,58):199
(34,59):204
(34,60):237
(34,61):231
(34,62):245
(34,63):242
(34,64):246
(34,65):246
(34,66):243
(34,67):239
(34,68):240
(34,69):241
(34,70):224
(34,71):223
(34,72):237
(34,73):217
(34,74):223
(34,75):232
(34,76):233
(34,77):235
(34,78):232
(34,79):234
(34,80):233
(34,81):214
(34,82):218
(34,83):182
(34,84):213
(34,85):171
(34,86):219
(34,87):176
(34,88):216
(34,89):175
(34,90):220
(34,91):174
(34,92):221
(34,93):171
(34,94):194
(34,95):138
(34,96):146
(34,97):68
(34,98):41
(34,99):26
(34,100):61
(34,101):38
(34,102):63
(34,103):80
(34,104):94
(34,105):186
(34,106):215
(34,107):240
(34,108):247
(34,109):250
(34,110):250
(34,111):250
(34,112):250
(34,113):245
(34,114):206
(34,115):191
(34,116):161
(34,117):121
(34,118):168
(34,119):209
(34,120):235
(34,121):250
(34,122):250
(34,123):250
(34,124):250
(34,125):250
(34,126):187
(34,127):187
(35,0):184
(35,1):179
(35,2):172
(35,3):175
(35,4):153
(35,5):115
(35,6):174
(35,7):141
(35,8):181
(35,9):137
(35,10):186
(35,11):134
(35,12):187
(35,13):135
(35,14):185
(35,15):136
(35,16):186
(35,17):135
(35,18):187
(35,19):134
(35,20):191
(35,21):137
(35,22):190
(35,23):139
(35,24):190
(35,25):136
(35,26):189
(35,27):134
(35,28):185
(35,29):130
(35,30):178
(35,31):122
(35,32):147
(35,33):86
(35,34):69
(35,35):79
(35,36):87
(35,37):117
(35,38):100
(35,39):179
(35,40):174
(35,41):169
(35,42):144
(35,43):136
(35,44):183
(35,45):181
(35,46):200
(35,47):146
(35,48):151
(35,49):176
(35,50):163
(35,51):192
(35,52):200
(35,53):213
(35,54):203
(35,55):199
(35,56):237
(35,57):230
(35,58):227
(35,59):236
(35,60):245
(35,61):244
(35,62):244
(35,63):248
(35,64):244
(35,65):243
(35,66):237
(35,67):235
(35,68):222
(35,69):225
(35,70):213
(35,71):231
(35,72):233
(35,73):238
(35,74):247
(35,75):250
(35,76):250
(35,77):250
(35,78):243
(35,79):241
(35,80):240
(35,81):225
(35,82):216
(35,83):162
(35,84):190
(35,85):140
(35,86):187
(35,87):136
(35,88):188
(35,89):136
(35,90):186
(35,91):131
(35,92):180
(35,93):129
(35,94):164
(35,95):109
(35,96):102
(35,97):58
(35,98):59
(35,99):80
(35,100):81
(35,101):106
(35,102):77
(35,103):111
(35,104):161
(35,105):220
(35,106):225
(35,107):246
(35,108):250
(35,109):250
(35,110):250
(35,111):250
(35,112):250
(35,113):250
(35,114):216
(35,115):217
(35,116):137
(35,117):136
(35,118):181
(35,119):221
(35,120):235
(35,121):250
(35,122):250
(35,123):250
(35,124):250
(35,125):250
(35,126):187
(35,127):187
(36,0):190
(36,1):165
(36,2):201
(36,3):161
(36,4):97
(36,5):127
(36,6):132
(36,7):135
(36,8):202
(36,9):169
(36,10):217
(36,11):177
(36,12):217
(36,13):176
(36,14):218
(36,15):175
(36,16):219
(36,17):177
(36,18):217
(36,19):179
(36,20):220
(36,21):179
(36,22):220
(36,23):178
(36,24):219
(36,25):178
(36,26):218
(36,27):180
(36,28):218
(36,29):179
(36,30):207
(36,31):159
(36,32):186
(36,33):139
(36,34):127
(36,35):60
(36,36):60
(36,37):73
(36,38):120
(36,39):124
(36,40):167
(36,41):148
(36,42):136
(36,43):126
(36,44):105
(36,45):89
(36,46):138
(36,47):81
(36,48):86
(36,49):159
(36,50):175
(36,51):195
(36,52):178
(36,53):231
(36,54):234
(36,55):238
(36,56):227
(36,57):238
(36,58):246
(36,59):246
(36,60):245
(36,61):245
(36,62):246
(36,63):246
(36,64):240
(36,65):232
(36,66):225
(36,67):218
(36,68):221
(36,69):207
(36,70):220
(36,71):218
(36,72):239
(36,73):235
(36,74):246
(36,75):248
(36,76):250
(36,77):250
(36,78):250
(36,79):246
(36,80):245
(36,81):233
(36,82):242
(36,83):196
(36,84):221
(36,85):179
(36,86):216
(36,87):177
(36,88):219
(36,89):177
(36,90):213
(36,91):172
(36,92):197
(36,93):147
(36,94):175
(36,95):127
(36,96):87
(36,97):46
(36,98):42
(36,99):37
(36,100):48
(36,101):47
(36,102):96
(36,103):120
(36,104):117
(36,105):155
(36,106):182
(36,107):225
(36,108):241
(36,109):248
(36,110):250
(36,111):250
(36,112):250
(36,113):247
(36,114):216
(36,115):197
(36,116):125
(36,117):133
(36,118):175
(36,119):216
(36,120):234
(36,121):250
(36,122):250
(36,123):250
(36,124):250
(36,125):250
(36,126):187
(36,127):187
(37,0):178
(37,1):187
(37,2):224
(37,3):177
(37,4):139
(37,5):154
(37,6):148
(37,7):136
(37,8):182
(37,9):136
(37,10):188
(37,11):136
(37,12):187
(37,13):136
(37,14):187
(37,15):137
(37,16):186
(37,17):137
(37,18):189
(37,19):137
(37,20):190
(37,21):141
(37,22):192
(37,23):140
(37,24):188
(37,25):139
(37,26):188
(37,27):137
(37,28):187
(37,29):138
(37,30):186
(37,31):126
(37,32):168
(37,33):99
(37,34):150
(37,35):80
(37,36):78
(37,37):84
(37,38):130
(37,39):89
(37,40):91
(37,41):89
(37,42):162
(37,43):113
(37,44):170
(37,45):111
(37,46):157
(37,47):137
(37,48):168
(37,49):162
(37,50):195
(37,51):202
(37,52):230
(37,53):236
(37,54):246
(37,55):247
(37,56):247
(37,57):247
(37,58):250
(37,59):250
(37,60):250
(37,61):249
(37,62):248
(37,63):245
(37,64):236
(37,65):218
(37,66):179
(37,67):168
(37,68):135
(37,69):141
(37,70):108
(37,71):134
(37,72):200
(37,73):234
(37,74):243
(37,75):250
(37,76):250
(37,77):250
(37,78):249
(37,79):250
(37,80):246
(37,81):227
(37,82):233
(37,83):183
(37,84):194
(37,85):139
(37,86):181
(37,87):132
(37,88):179
(37,89):123
(37,90):166
(37,91):120
(37,92):134
(37,93):94
(37,94):107
(37,95):57
(37,96):52
(37,97):55
(37,98):54
(37,99):64
(37,100):89
(37,101):93
(37,102):102
(37,103):133
(37,104):154
(37,105):190
(37,106):216
(37,107):234
(37,108):238
(37,109):248
(37,110):250
(37,111):250
(37,112):250
(37,113):245
(37,114):212
(37,115):196
(37,116):142
(37,117):132
(37,118):178
(37,119):213
(37,120):236
(37,121):250
(37,122):250
(37,123):250
(37,124):250
(37,125):250
(37,126):187
(37,127):187
(38,0):199
(38,1):168
(38,2):211
(38,3):211
(38,4):156
(38,5):87
(38,6):99
(38,7):116
(38,8):186
(38,9):159
(38,10):213
(38,11):176
(38,12):217
(38,13):178
(38,14):219
(38,15):177
(38,16):219
(38,17):178
(38,18):220
(38,19):178
(38,20):219
(38,21):180
(38,22):222
(38,23):179
(38,24):219
(38,25):179
(38,26):217
(38,27):178
(38,28):217
(38,29):178
(38,30):218
(38,31):176
(38,32):205
(38,33):148
(38,34):162
(38,35):85
(38,36):84
(38,37):87
(38,38):156
(38,39):130
(38,40):163
(38,41):144
(38,42):182
(38,43):144
(38,44):199
(38,45):153
(38,46):182
(38,47):165
(38,48):202
(38,49):178
(38,50):188
(38,51):231
(38,52):238
(38,53):246
(38,54):246
(38,55):248
(38,56):250
(38,57):250
(38,58):250
(38,59):250
(38,60):250
(38,61):249
(38,62):246
(38,63):245
(38,64):214
(38,65):206
(38,66):175
(38,67):115
(38,68):110
(38,69):103
(38,70):173
(38,71):117
(38,72):215
(38,73):233
(38,74):246
(38,75):248
(38,76):250
(38,77):250
(38,78):250
(38,79):250
(38,80):249
(38,81):234
(38,82):237
(38,83):201
(38,84):213
(38,85):176
(38,86):204
(38,87):164
(38,88):197
(38,89):157
(38,90):180
(38,91):142
(38,92):123
(38,93):131
(38,94):66
(38,95):63
(38,96):51
(38,97):62
(38,98):57
(38,99):83
(38,100):91
(38,101):90
(38,102):106
(38,103):108
(38,104):81
(38,105):95
(38,106):156
(38,107):204
(38,108):229
(38,109):248
(38,110):250
(38,111):250
(38,112):250
(38,113):242
(38,114):212
(38,115):194
(38,116):166
(38,117):186
(38,118):184
(38,119):220
(38,120):238
(38,121):250
(38,122):250
(38,123):250
(38,124):250
(38,125):250
(38,126):187
(38,127):187
(39,0):203
(39,1):193
(39,2):226
(39,3):229
(39,4):224
(39,5):157
(39,6):179
(39,7):133
(39,8):179
(39,9):136
(39,10):186
(39,11):136
(39,12):188
(39,13):137
(39,14):186
(39,15):138
(39,16):187
(39,17):138
(39,18):187
(39,19):137
(39,20):188
(39,21):140
(39,22):190
(39,23):141
(39,24):188
(39,25):140
(39,26):188
(39,27):138
(39,28):190
(39,29):137
(39,30):188
(39,31):132
(39,32):187
(39,33):121
(39,34):155
(39,35):92
(39,36):94
(39,37):74
(39,38):135
(39,39):109
(39,40):167
(39,41):120
(39,42):153
(39,43):116
(39,44):172
(39,45):129
(39,46):180
(39,47):137
(39,48):185
(39,49):156
(39,50):214
(39,51):228
(39,52):240
(39,53):245
(39,54):250
(39,55):250
(39,56):250
(39,57):250
(39,58):250
(39,59):250
(39,60):250
(39,61):249
(39,62):248
(39,63):236
(39,64):217
(39,65):203
(39,66):165
(39,67):117
(39,68):93
(39,69):101
(39,70):119
(39,71):191
(39,72):188
(39,73):234
(39,74):240
(39,75):250
(39,76):247
(39,77):248
(39,78):244
(39,79):241
(39,80):237
(39,81):221
(39,82):216
(39,83):161
(39,84):182
(39,85):143
(39,86):168
(39,87):119
(39,88):137
(39,89):100
(39,90):116
(39,91):70
(39,92):72
(39,93):64
(39,94):71
(39,95):79
(39,96):87
(39,97):68
(39,98):80
(39,99):69
(39,100):99
(39,101):72
(39,102):83
(39,103):117
(39,104):110
(39,105):111
(39,106):125
(39,107):212
(39,108):233
(39,109):248
(39,110):250
(39,111):250
(39,112):244
(39,113):241
(39,114):205
(39,115):168
(39,116):171
(39,117):147
(39,118):192
(39,119):222
(39,120):241
(39,121):250
(39,122):250
(39,123):250
(39,124):250
(39,125):250
(39,126):187
(39,127):187
(40,0):177
(40,1):203
(40,2):233
(40,3):212
(40,4):206
(40,5):164
(40,6):124
(40,7):99
(40,8):150
(40,9):145
(40,10):207
(40,11):174
(40,12):218
(40,13):177
(40,14):219
(40,15):178
(40,16):220
(40,17):177
(40,18):219
(40,19):178
(40,20):220
(40,21):178
(40,22):220
(40,23):179
(40,24):219
(40,25):178
(40,26):217
(40,27):179
(40,28):217
(40,29):178
(40,30):219
(40,31):176
(40,32):216
(40,33):157
(40,34):173
(40,35):115
(40,36):105
(40,37):83
(40,38):154
(40,39):143
(40,40):204
(40,41):167
(40,42):216
(40,43):172
(40,44):219
(40,45):174
(40,46):221
(40,47):176
(40,48):214
(40,49):190
(40,50):222
(40,51):233
(40,52):241
(40,53):247
(40,54):250
(40,55):250
(40,56):250
(40,57):250
(40,58):250
(40,59):250
(40,60):250
(40,61):249
(40,62):243
(40,63):240
(40,64):234
(40,65):213
(40,66):201
(40,67):203
(40,68):208
(40,69):193
(40,70):210
(40,71):227
(40,72):231
(40,73):214
(40,74):225
(40,75):226
(40,76):226
(40,77):217
(40,78):216
(40,79):216
(40,80):222
(40,81):214
(40,82):208
(40,83):182
(40,84):184
(40,85):163
(40,86):181
(40,87):155
(40,88):167
(40,89):89
(40,90):80
(40,91):81
(40,92):67
(40,93):129
(40,94):88
(40,95):147
(40,96):154
(40,97):148
(40,98):139
(40,99):114
(40,100):132
(40,101):113
(40,102):104
(40,103):65
(40,104):124
(40,105):101
(40,106):122
(40,107):214
(40,108):232
(40,109):248
(40,110):250
(40,111):250
(40,112):244
(40,113):238
(40,114):212
(40,115):178
(40,116):175
(40,117):162
(40,118):217
(40,119):234
(40,120):244
(40,121):250
(40,122):250
(40,123):250
(40,124):250
(40,125):250
(40,126):187
(40,127):187
(41,0):203
(41,1):203
(41,2):250
(41,3):234
(41,4):236
(41,5):218
(41,6):185
(41,7):156
(41,8):163
(41,9):121
(41,10):178
(41,11):134
(41,12):186
(41,13):138
(41,14):187
(41,15):139
(41,16):187
(41,17):139
(41,18):186
(41,19):137
(41,20):187
(41,21):138
(41,22):187
(41,23):140
(41,24):187
(41,25):140
(41,26):190
(41,27):137
(41,28):189
(41,29):136
(41,30):188
(41,31):135
(41,32):188
(41,33):129
(41,34):161
(41,35):100
(41,36):138
(41,37):77
(41,38):123
(41,39):105
(41,40):162
(41,41):128
(41,42):181
(41,43):136
(41,44):182
(41,45):134
(41,46):182
(41,47):136
(41,48):188
(41,49):157
(41,50):202
(41,51):207
(41,52):238
(41,53):238
(41,54):248
(41,55):247
(41,56):250
(41,57):250
(41,58):250
(41,59):250
(41,60):250
(41,61):248
(41,62):246
(41,63):244
(41,64):235
(41,65):220
(41,66):218
(41,67):214
(41,68):210
(41,69):216
(41,70):204
(41,71):216
(41,72):193
(41,73):224
(41,74):220
(41,75):230
(41,76):233
(41,77):237
(41,78):217
(41,79):219
(41,80):208
(41,81):169
(41,82):187
(41,83):170
(41,84):127
(41,85):116
(41,86):163
(41,87):160
(41,88):159
(41,89):137
(41,90):133
(41,91):94
(41,92):89
(41,93):122
(41,94):102
(41,95):125
(41,96):145
(41,97):121
(41,98):149
(41,99):106
(41,100):135
(41,101):96
(41,102):142
(41,103):106
(41,104):89
(41,105):121
(41,106):183
(41,107):224
(41,108):233
(41,109):248
(41,110):250
(41,111):245
(41,112):232
(41,113):220
(41,114):166
(41,115):178
(41,116):119
(41,117):202
(41,118):227
(41,119):235
(41,120):246
(41,121):250
(41,122):250
(41,123):250
(41,124):250
(41,125):250
(41,126):187
(41,127):187
(42,0):203
(42,1):203
(42,2):246
(42,3):237
(42,4):220
(42,5):212
(42,6):173
(42,7):164
(42,8):165
(42,9):157
(42,10):197
(42,11):172
(42,12):218
(42,13):176
(42,14):220
(42,15):176
(42,16):220
(42,17):177
(42,18):218
(42,19):177
(42,20):218
(42,21):177
(42,22):218
(42,23):176
(42,24):218
(42,25):177
(42,26):217
(42,27):179
(42,28):218
(42,29):177
(42,30):218
(42,31):175
(42,32):217
(42,33):170
(42,34):185
(42,35):145
(42,36):147
(42,37):86
(42,38):137
(42,39):133
(42,40):189
(42,41):169
(42,42):208
(42,43):175
(42,44):217
(42,45):172
(42,46):221
(42,47):172
(42,48):220
(42,49):183
(42,50):222
(42,51):210
(42,52):240
(42,53):239
(42,54):246
(42,55):245
(42,56):247
(42,57):246
(42,58):245
(42,59):244
(42,60):238
(42,61):240
(42,62):235
(42,63):235
(42,64):228
(42,65):206
(42,66):221
(42,67):221
(42,68):220
(42,69):220
(42,70):212
(42,71):213
(42,72):192
(42,73):200
(42,74):188
(42,75):188
(42,76):136
(42,77):124
(42,78):171
(42,79):115
(42,80):115
(42,81):173
(42,82):172
(42,83):183
(42,84):191
(42,85):192
(42,86):218
(42,87):206
(42,88):213
(42,89):174
(42,90):201
(42,91):163
(42,92):110
(42,93):174
(42,94):167
(42,95):171
(42,96):166
(42,97):159
(42,98):188
(42,99):168
(42,100):175
(42,101):125
(42,102):125
(42,103):87
(42,104):101
(42,105):186
(42,106):229
(42,107):231
(42,108):238
(42,109):249
(42,110):243
(42,111):246
(42,112):233
(42,113):225
(42,114):169
(42,115):193
(42,116):153
(42,117):234
(42,118):233
(42,119):240
(42,120):249
(42,121):250
(42,122):250
(42,123):250
(42,124):250
(42,125):250
(42,126):187
(42,127):187
(43,0):203
(43,1):203
(43,2):250
(43,3):250
(43,4):240
(43,5):226
(43,6):220
(43,7):144
(43,8):127
(43,9):129
(43,10):175
(43,11):135
(43,12):190
(43,13):140
(43,14):189
(43,15):142
(43,16):186
(43,17):139
(43,18):186
(43,19):139
(43,20):186
(43,21):140
(43,22):186
(43,23):140
(43,24):188
(43,25):140
(43,26):189
(43,27):137
(43,28):189
(43,29):135
(43,30):187
(43,31):134
(43,32):187
(43,33):125
(43,34):173
(43,35):121
(43,36):147
(43,37):104
(43,38):87
(43,39):102
(43,40):130
(43,41):126
(43,42):175
(43,43):133
(43,44):182
(43,45):133
(43,46):178
(43,47):132
(43,48):181
(43,49):140
(43,50):189
(43,51):150
(43,52):213
(43,53):196
(43,54):227
(43,55):222
(43,56):223
(43,57):222
(43,58):222
(43,59):223
(43,60):229
(43,61):232
(43,62):240
(43,63):243
(43,64):242
(43,65):243
(43,66):237
(43,67):216
(43,68):219
(43,69):217
(43,70):190
(43,71):199
(43,72):132
(43,73):138
(43,74):191
(43,75):202
(43,76):203
(43,77):213
(43,78):190
(43,79):198
(43,80):211
(43,81):220
(43,82):218
(43,83):216
(43,84):233
(43,85):233
(43,86):210
(43,87):222
(43,88):228
(43,89):219
(43,90):212
(43,91):222
(43,92):184
(43,93):192
(43,94):181
(43,95):168
(43,96):120
(43,97):112
(43,98):158
(43,99):136
(43,100):121
(43,101):107
(43,102):100
(43,103):131
(43,104):181
(43,105):233
(43,106):232
(43,107):237
(43,108):245
(43,109):247
(43,110):238
(43,111):229
(43,112):206
(43,113):177
(43,114):99
(43,115):133
(43,116):191
(43,117):234
(43,118):233
(43,119):246
(43,120):250
(43,121):250
(43,122):250
(43,123):250
(43,124):250
(43,125):250
(43,126):187
(43,127):187
(44,0):203
(44,1):203
(44,2):250
(44,3):250
(44,4):239
(44,5):228
(44,6):221
(44,7):168
(44,8):121
(44,9):142
(44,10):195
(44,11):167
(44,12):214
(44,13):178
(44,14):219
(44,15):178
(44,16):220
(44,17):178
(44,18):220
(44,19):177
(44,20):220
(44,21):178
(44,22):220
(44,23):178
(44,24):219
(44,25):178
(44,26):218
(44,27):178
(44,28):219
(44,29):177
(44,30):218
(44,31):177
(44,32):218
(44,33):176
(44,34):202
(44,35):152
(44,36):153
(44,37):121
(44,38):87
(44,39):111
(44,40):122
(44,41):149
(44,42):158
(44,43):154
(44,44):186
(44,45):152
(44,46):198
(44,47):136
(44,48):192
(44,49):157
(44,50):196
(44,51):170
(44,52):192
(44,53):186
(44,54):217
(44,55):232
(44,56):234
(44,57):235
(44,58):225
(44,59):219
(44,60):218
(44,61):222
(44,62):183
(44,63):207
(44,64):197
(44,65):194
(44,66):184
(44,67):130
(44,68):126
(44,69):187
(44,70):181
(44,71):169
(44,72):198
(44,73):200
(44,74):183
(44,75):214
(44,76):228
(44,77):216
(44,78):208
(44,79):223
(44,80):229
(44,81):207
(44,82):202
(44,83):233
(44,84):239
(44,85):244
(44,86):245
(44,87):237
(44,88):248
(44,89):237
(44,90):225
(44,91):236
(44,92):239
(44,93):231
(44,94):224
(44,95):230
(44,96):199
(44,97):202
(44,98):157
(44,99):156
(44,100):186
(44,101):176
(44,102):187
(44,103):229
(44,104):236
(44,105):236
(44,106):237
(44,107):245
(44,108):246
(44,109):237
(44,110):225
(44,111):226
(44,112):162
(44,113):191
(44,114):179
(44,115):192
(44,116):237
(44,117):240
(44,118):239
(44,119):250
(44,120):250
(44,121):250
(44,122):250
(44,123):250
(44,124):250
(44,125):250
(44,126):187
(44,127):187
(45,0):203
(45,1):203
(45,2):250
(45,3):250
(45,4):250
(45,5):229
(45,6):213
(45,7):187
(45,8):185
(45,9):130
(45,10):178
(45,11):137
(45,12):187
(45,13):145
(45,14):190
(45,15):145
(45,16):190
(45,17):143
(45,18):189
(45,19):141
(45,20):189
(45,21):142
(45,22):190
(45,23):144
(45,24):189
(45,25):139
(45,26):188
(45,27):135
(45,28):188
(45,29):133
(45,30):186
(45,31):132
(45,32):186
(45,33):134
(45,34):181
(45,35):128
(45,36):133
(45,37):121
(45,38):89
(45,39):79
(45,40):109
(45,41):114
(45,42):147
(45,43):110
(45,44):139
(45,45):119
(45,46):151
(45,47):107
(45,48):149
(45,49):128
(45,50):174
(45,51):151
(45,52):175
(45,53):151
(45,54):199
(45,55):194
(45,56):147
(45,57):145
(45,58):130
(45,59):137
(45,60):197
(45,61):207
(45,62):217
(45,63):230
(45,64):227
(45,65):235
(45,66):223
(45,67):241
(45,68):225
(45,69):237
(45,70):218
(45,71):221
(45,72):235
(45,73):237
(45,74):228
(45,75):224
(45,76):233
(45,77):237
(45,78):240
(45,79):243
(45,80):244
(45,81):245
(45,82):247
(45,83):248
(45,84):246
(45,85):250
(45,86):250
(45,87):250
(45,88):248
(45,89):250
(45,90):241
(45,91):243
(45,92):242
(45,93):239
(45,94):219
(45,95):220
(45,96):232
(45,97):229
(45,98):212
(45,99):211
(45,100):217
(45,101):225
(45,102):227
(45,103):237
(45,104):237
(45,105):241
(45,106):244
(45,107):247
(45,108):248
(45,109):243
(45,110):232
(45,111):202
(45,112):118
(45,113):121
(45,114):156
(45,115):232
(45,116):228
(45,117):238
(45,118):246
(45,119):250
(45,120):250
(45,121):250
(45,122):250
(45,123):250
(45,124):250
(45,125):250
(45,126):187
(45,127):187
(46,0):203
(46,1):203
(46,2):250
(46,3):250
(46,4):250
(46,5):234
(46,6):217
(46,7):189
(46,8):194
(46,9):138
(46,10):159
(46,11):153
(46,12):210
(46,13):182
(46,14):222
(46,15):188
(46,16):222
(46,17):186
(46,18):224
(46,19):184
(46,20):223
(46,21):181
(46,22):221
(46,23):183
(46,24):220
(46,25):179
(46,26):218
(46,27):178
(46,28):218
(46,29):177
(46,30):219
(46,31):176
(46,32):219
(46,33):176
(46,34):210
(46,35):166
(46,36):185
(46,37):151
(46,38):129
(46,39):74
(46,40):69
(46,41):74
(46,42):89
(46,43):116
(46,44):136
(46,45):93
(46,46):118
(46,47):104
(46,48):162
(46,49):144
(46,50):116
(46,51):113
(46,52):114
(46,53):174
(46,54):184
(46,55):204
(46,56):208
(46,57):217
(46,58):212
(46,59):230
(46,60):223
(46,61):237
(46,62):237
(46,63):238
(46,64):231
(46,65):219
(46,66):217
(46,67):235
(46,68):233
(46,69):220
(46,70):228
(46,71):237
(46,72):236
(46,73):241
(46,74):246
(46,75):246
(46,76):245
(46,77):249
(46,78):250
(46,79):245
(46,80):244
(46,81):250
(46,82):250
(46,83):247
(46,84):247
(46,85):250
(46,86):250
(46,87):250
(46,88):250
(46,89):250
(46,90):250
(46,91):250
(46,92):250
(46,93):250
(46,94):242
(46,95):243
(46,96):231
(46,97):233
(46,98):239
(46,99):238
(46,100):233
(46,101):241
(46,102):246
(46,103):245
(46,104):242
(46,105):246
(46,106):232
(46,107):232
(46,108):224
(46,109):214
(46,110):173
(46,111):118
(46,112):120
(46,113):157
(46,114):222
(46,115):238
(46,116):245
(46,117):244
(46,118):249
(46,119):250
(46,120):250
(46,121):250
(46,122):250
(46,123):250
(46,124):250
(46,125):250
(46,126):187
(46,127):187
(47,0):203
(47,1):203
(47,2):250
(47,3):250
(47,4):250
(47,5):243
(47,6):232
(47,7):217
(47,8):179
(47,9):128
(47,10):178
(47,11):129
(47,12):190
(47,13):150
(47,14):196
(47,15):150
(47,16):196
(47,17):147
(47,18):194
(47,19):145
(47,20):194
(47,21):144
(47,22):189
(47,23):139
(47,24):187
(47,25):136
(47,26):187
(47,27):133
(47,28):188
(47,29):133
(47,30):186
(47,31):133
(47,32):185
(47,33):134
(47,34):181
(47,35):134
(47,36):163
(47,37):114
(47,38):104
(47,39):98
(47,40):78
(47,41):61
(47,42):94
(47,43):80
(47,44):93
(47,45):94
(47,46):112
(47,47):120
(47,48):169
(47,49):145
(47,50):167
(47,51):191
(47,52):211
(47,53):232
(47,54):218
(47,55):218
(47,56):210
(47,57):221
(47,58):229
(47,59):231
(47,60):230
(47,61):233
(47,62):241
(47,63):245
(47,64):242
(47,65):247
(47,66):244
(47,67):249
(47,68):247
(47,69):249
(47,70):248
(47,71):250
(47,72):250
(47,73):248
(47,74):250
(47,75):250
(47,76):250
(47,77):249
(47,78):250
(47,79):250
(47,80):250
(47,81):250
(47,82):250
(47,83):250
(47,84):250
(47,85):250
(47,86):250
(47,87):250
(47,88):250
(47,89):250
(47,90):250
(47,91):250
(47,92):250
(47,93):250
(47,94):250
(47,95):250
(47,96):250
(47,97):250
(47,98):250
(47,99):250
(47,100):250
(47,101):247
(47,102):247
(47,103):244
(47,104):244
(47,105):233
(47,106):241
(47,107):230
(47,108):241
(47,109):208
(47,110):210
(47,111):212
(47,112):193
(47,113):246
(47,114):233
(47,115):237
(47,116):241
(47,117):250
(47,118):250
(47,119):250
(47,120):250
(47,121):250
(47,122):250
(47,123):250
(47,124):250
(47,125):250
(47,126):187
(47,127):187
(48,0):203
(48,1):203
(48,2):250
(48,3):250
(48,4):250
(48,5):243
(48,6):240
(48,7):221
(48,8):203
(48,9):140
(48,10):134
(48,11):166
(48,12):199
(48,13):185
(48,14):219
(48,15):188
(48,16):224
(48,17):183
(48,18):221
(48,19):181
(48,20):218
(48,21):180
(48,22):219
(48,23):177
(48,24):219
(48,25):177
(48,26):217
(48,27):177
(48,28):217
(48,29):177
(48,30):219
(48,31):176
(48,32):220
(48,33):175
(48,34):218
(48,35):174
(48,36):206
(48,37):154
(48,38):175
(48,39):125
(48,40):83
(48,41):69
(48,42):98
(48,43):107
(48,44):142
(48,45):190
(48,46):220
(48,47):220
(48,48):210
(48,49):208
(48,50):214
(48,51):229
(48,52):225
(48,53):228
(48,54):228
(48,55):238
(48,56):237
(48,57):243
(48,58):245
(48,59):247
(48,60):246
(48,61):248
(48,62):249
(48,63):250
(48,64):250
(48,65):250
(48,66):250
(48,67):250
(48,68):250
(48,69):250
(48,70):250
(48,71):250
(48,72):250
(48,73):250
(48,74):250
(48,75):250
(48,76):250
(48,77):250
(48,78):250
(48,79):250
(48,80):250
(48,81):250
(48,82):250
(48,83):250
(48,84):250
(48,85):250
(48,86):250
(48,87):250
(48,88):250
(48,89):250
(48,90):250
(48,91):250
(48,92):249
(48,93):249
(48,94):248
(48,95):247
(48,96):244
(48,97):243
(48,98):240
(48,99):238
(48,100):237
(48,101):238
(48,102):238
(48,103):235
(48,104):234
(48,105):235
(48,106):196
(48,107):199
(48,108):126
(48,109):103
(48,110):175
(48,111):173
(48,112):239
(48,113):232
(48,114):235
(48,115):242
(48,116):249
(48,117):250
(48,118):250
(48,119):250
(48,120):250
(48,121):250
(48,122):250
(48,123):250
(48,124):250
(48,125):250
(48,126):187
(48,127):187
(49,0):203
(49,1):203
(49,2):250
(49,3):250
(49,4):250
(49,5):250
(49,6):235
(49,7):224
(49,8):232
(49,9):184
(49,10):197
(49,11):151
(49,12):184
(49,13):147
(49,14):187
(49,15):145
(49,16):189
(49,17):138
(49,18):188
(49,19):136
(49,20):188
(49,21):135
(49,22):187
(49,23):136
(49,24):187
(49,25):133
(49,26):188
(49,27):133
(49,28):187
(49,29):132
(49,30):187
(49,31):133
(49,32):185
(49,33):135
(49,34):185
(49,35):134
(49,36):172
(49,37):125
(49,38):164
(49,39):90
(49,40):124
(49,41):72
(49,42):117
(49,43):124
(49,44):159
(49,45):204
(49,46):219
(49,47):215
(49,48):224
(49,49):232
(49,50):239
(49,51):241
(49,52):243
(49,53):247
(49,54):244
(49,55):250
(49,56):250
(49,57):250
(49,58):248
(49,59):250
(49,60):250
(49,61):250
(49,62):250
(49,63):250
(49,64):250
(49,65):250
(49,66):250
(49,67):250
(49,68):250
(49,69):250
(49,70):250
(49,71):250
(49,72):250
(49,73):250
(49,74):250
(49,75):250
(49,76):250
(49,77):250
(49,78):250
(49,79):250
(49,80):250
(49,81):250
(49,82):250
(49,83):250
(49,84):250
(49,85):250
(49,86):250
(49,87):250
(49,88):250
(49,89):250
(49,90):250
(49,91):250
(49,92):246
(49,93):244
(49,94):233
(49,95):232
(49,96):220
(49,97):219
(49,98):211
(49,99):221
(49,100):221
(49,101):228
(49,102):227
(49,103):218
(49,104):220
(49,105):214
(49,106):211
(49,107):145
(49,108):222
(49,109):214
(49,110):237
(49,111):244
(49,112):248
(49,113):249
(49,114):245
(49,115):250
(49,116):250
(49,117):250
(49,118):250
(49,119):250
(49,120):250
(49,121):250
(49,122):250
(49,123):250
(49,124):250
(49,125):250
(49,126):187
(49,127):187
(50,0):203
(50,1):203
(50,2):250
(50,3):250
(50,4):250
(50,5):250
(50,6):246
(50,7):228
(50,8):219
(50,9):229
(50,10):175
(50,11):184
(50,12):171
(50,13):181
(50,14):214
(50,15):176
(50,16):218
(50,17):178
(50,18):217
(50,19):178
(50,20):217
(50,21):177
(50,22):218
(50,23):175
(50,24):217
(50,25):176
(50,26):217
(50,27):177
(50,28):218
(50,29):177
(50,30):219
(50,31):177
(50,32):221
(50,33):175
(50,34):220
(50,35):172
(50,36):216
(50,37):166
(50,38):189
(50,39):141
(50,40):154
(50,41):108
(50,42):97
(50,43):162
(50,44):219
(50,45):230
(50,46):244
(50,47):248
(50,48):249
(50,49):250
(50,50):250
(50,51):250
(50,52):250
(50,53):250
(50,54):250
(50,55):250
(50,56):250
(50,57):250
(50,58):250
(50,59):250
(50,60):250
(50,61):250
(50,62):250
(50,63):250
(50,64):250
(50,65):250
(50,66):250
(50,67):250
(50,68):250
(50,69):250
(50,70):250
(50,71):250
(50,72):250
(50,73):250
(50,74):250
(50,75):250
(50,76):250
(50,77):250
(50,78):250
(50,79):250
(50,80):250
(50,81):250
(50,82):250
(50,83):250
(50,84):250
(50,85):250
(50,86):250
(50,87):250
(50,88):250
(50,89):250
(50,90):250
(50,91):250
(50,92):246
(50,93):244
(50,94):238
(50,95):234
(50,96):223
(50,97):214
(50,98):198
(50,99):198
(50,100):204
(50,101):201
(50,102):207
(50,103):217
(50,104):206
(50,105):179
(50,106):191
(50,107):202
(50,108):233
(50,109):233
(50,110):236
(50,111):236
(50,112):245
(50,113):244
(50,114):249
(50,115):250
(50,116):250
(50,117):250
(50,118):250
(50,119):250
(50,120):250
(50,121):250
(50,122):250
(50,123):250
(50,124):250
(50,125):250
(50,126):187
(50,127):187
(51,0):203
(51,1):203
(51,2):250
(51,3):250
(51,4):250
(51,5):250
(51,6):250
(51,7):241
(51,8):240
(51,9):223
(51,10):186
(51,11):126
(51,12):128
(51,13):128
(51,14):178
(51,15):129
(51,16):184
(51,17):134
(51,18):185
(51,19):133
(51,20):186
(51,21):134
(51,22):185
(51,23):134
(51,24):187
(51,25):133
(51,26):188
(51,27):132
(51,28):186
(51,29):132
(51,30):186
(51,31):131
(51,32):185
(51,33):132
(51,34):185
(51,35):133
(51,36):186
(51,37):125
(51,38):176
(51,39):113
(51,40):167
(51,41):110
(51,42):166
(51,43):195
(51,44):230
(51,45):238
(51,46):244
(51,47):250
(51,48):250
(51,49):249
(51,50):250
(51,51):250
(51,52):250
(51,53):250
(51,54):250
(51,55):250
(51,56):250
(51,57):250
(51,58):250
(51,59):250
(51,60):250
(51,61):250
(51,62):250
(51,63):250
(51,64):250
(51,65):250
(51,66):250
(51,67):250
(51,68):250
(51,69):250
(51,70):250
(51,71):250
(51,72):250
(51,73):250
(51,74):250
(51,75):250
(51,76):250
(51,77):250
(51,78):250
(51,79):250
(51,80):250
(51,81):250
(51,82):250
(51,83):250
(51,84):250
(51,85):250
(51,86):250
(51,87):250
(51,88):250
(51,89):250
(51,90):250
(51,91):250
(51,92):241
(51,93):232
(51,94):195
(51,95):176
(51,96):120
(51,97):109
(51,98):112
(51,99):127
(51,100):129
(51,101):201
(51,102):208
(51,103):222
(51,104):206
(51,105):221
(51,106):237
(51,107):242
(51,108):246
(51,109):238
(51,110):247
(51,111):247
(51,112):250
(51,113):250
(51,114):250
(51,115):250
(51,116):250
(51,117):250
(51,118):250
(51,119):250
(51,120):250
(51,121):250
(51,122):250
(51,123):250
(51,124):250
(51,125):250
(51,126):187
(51,127):187
(52,0):203
(52,1):203
(52,2):250
(52,3):250
(52,4):250
(52,5):250
(52,6):250
(52,7):250
(52,8):235
(52,9):237
(52,10):228
(52,11):190
(52,12):189
(52,13):161
(52,14):194
(52,15):177
(52,16):209
(52,17):177
(52,18):216
(52,19):177
(52,20):217
(52,21):176
(52,22):218
(52,23):175
(52,24):217
(52,25):175
(52,26):217
(52,27):176
(52,28):219
(52,29):177
(52,30):219
(52,31):176
(52,32):220
(52,33):174
(52,34):220
(52,35):175
(52,36):213
(52,37):167
(52,38):189
(52,39):116
(52,40):145
(52,41):95
(52,42):181
(52,43):177
(52,44):228
(52,45):235
(52,46):250
(52,47):249
(52,48):250
(52,49):250
(52,50):250
(52,51):250
(52,52):250
(52,53):250
(52,54):250
(52,55):250
(52,56):250
(52,57):250
(52,58):250
(52,59):250
(52,60):250
(52,61):250
(52,62):250
(52,63):250
(52,64):250
(52,65):250
(52,66):250
(52,67):250
(52,68):250
(52,69):250
(52,70):250
(52,71):250
(52,72):250
(52,73):250
(52,74):250
(52,75):250
(52,76):250
(52,77):250
(52,78):250
(52,79):250
(52,80):250
(52,81):250
(52,82):250
(52,83):250
(52,84):250
(52,85):250
(52,86):250
(52,87):250
(52,88):250
(52,89):250
(52,90):250
(52,91):250
(52,92):242
(52,93):230
(52,94):201
(52,95):185
(52,96):173
(52,97):174
(52,98):184
(52,99):207
(52,100):216
(52,101):228
(52,102):233
(52,103):229
(52,104):238
(52,105):244
(52,106):246
(52,107):242
(52,108):246
(52,109):248
(52,110):250
(52,111):250
(52,112):250
(52,113):250
(52,114):250
(52,115):250
(52,116):250
(52,117):250
(52,118):250
(52,119):250
(52,120):250
(52,121):250
(52,122):250
(52,123):250
(52,124):250
(52,125):250
(52,126):187
(52,127):187
(53,0):203
(53,1):203
(53,2):250
(53,3):250
(53,4):250
(53,5):250
(53,6):250
(53,7):250
(53,8):240
(53,9):224
(53,10):222
(53,11):183
(53,12):187
(53,13):105
(53,14):161
(53,15):131
(53,16):176
(53,17):133
(53,18):186
(53,19):133
(53,20):186
(53,21):133
(53,22):186
(53,23):133
(53,24):187
(53,25):133
(53,26):187
(53,27):132
(53,28):186
(53,29):131
(53,30):185
(53,31):131
(53,32):184
(53,33):129
(53,34):186
(53,35):130
(53,36):180
(53,37):134
(53,38):171
(53,39):112
(53,40):149
(53,41):123
(53,42):185
(53,43):226
(53,44):238
(53,45):247
(53,46):250
(53,47):250
(53,48):250
(53,49):250
(53,50):250
(53,51):250
(53,52):250
(53,53):250
(53,54):250
(53,55):250
(53,56):250
(53,57):250
(53,58):250
(53,59):250
(53,60):250
(53,61):250
(53,62):250
(53,63):250
(53,64):250
(53,65):250
(53,66):250
(53,67):250
(53,68):250
(53,69):250
(53,70):250
(53,71):250
(53,72):250
(53,73):250
(53,74):250
(53,75):250
(53,76):250
(53,77):250
(53,78):250
(53,79):250
(53,80):250
(53,81):250
(53,82):250
(53,83):250
(53,84):250
(53,85):250
(53,86):250
(53,87):250
(53,88):250
(53,89):250
(53,90):250
(53,91):250
(53,92):234
(53,93):214
(53,94):165
(53,95):100
(53,96):144
(53,97):130
(53,98):190
(53,99):216
(53,100):232
(53,101):232
(53,102):228
(53,103):246
(53,104):247
(53,105):247
(53,106):245
(53,107):250
(53,108):250
(53,109):250
(53,110):250
(53,111):250
(53,112):250
(53,113):250
(53,114):250
(53,115):250
(53,116):250
(53,117):250
(53,118):250
(53,119):250
(53,120):250
(53,121):250
(53,122):250
(53,123):250
(53,124):250
(53,125):250
(53,126):187
(53,127):187
(54,0):203
(54,1):203
(54,2):250
(54,3):250
(54,4):250
(54,5):250
(54,6):250
(54,7):250
(54,8):250
(54,9):240
(54,10):236
(54,11):226
(54,12):190
(54,13):183
(54,14):158
(54,15):168
(54,16):192
(54,17):175
(54,18):214
(54,19):177
(54,20):217
(54,21):177
(54,22):218
(54,23):175
(54,24):219
(54,25):175
(54,26):218
(54,27):176
(54,28):218
(54,29):176
(54,30):219
(54,31):174
(54,32):216
(54,33):174
(54,34):209
(54,35):174
(54,36):190
(54,37):165
(54,38):127
(54,39):134
(54,40):92
(54,41):128
(54,42):209
(54,43):224
(54,44):243
(54,45):245
(54,46):250
(54,47):249
(54,48):250
(54,49):250
(54,50):250
(54,51):250
(54,52):250
(54,53):250
(54,54):250
(54,55):250
(54,56):250
(54,57):250
(54,58):250
(54,59):250
(54,60):250
(54,61):250
(54,62):250
(54,63):250
(54,64):250
(54,65):250
(54,66):250
(54,67):250
(54,68):250
(54,69):250
(54,70):250
(54,71):250
(54,72):250
(54,73):250
(54,74):250
(54,75):250
(54,76):250
(54,77):250
(54,78):250
(54,79):250
(54,80):250
(54,81):250
(54,82):250
(54,83):250
(54,84):250
(54,85):250
(54,86):250
(54,87):250
(54,88):250
(54,89):250
(54,90):250
(54,91):250
(54,92):240
(54,93):218
(54,94):181
(54,95):114
(54,96):107
(54,97):189
(54,98):205
(54,99):234
(54,100):237
(54,101):247
(54,102):247
(54,103):248
(54,104):249
(54,105):250
(54,106):250
(54,107):250
(54,108):250
(54,109):250
(54,110):250
(54,111):250
(54,112):250
(54,113):250
(54,114):250
(54,115):250
(54,116):250
(54,117):250
(54,118):250
(54,119):250
(54,120):250
(54,121):250
(54,122):250
(54,123):250
(54,124):250
(54,125):250
(54,126):187
(54,127):187
(55,0):203
(55,1):203
(55,2):250
(55,3):250
(55,4):250
(55,5):250
(55,6):250
(55,7):250
(55,8):250
(55,9):241
(55,10):240
(55,11):221
(55,12):221
(55,13):178
(55,14):126
(55,15):132
(55,16):175
(55,17):126
(55,18):184
(55,19):129
(55,20):187
(55,21):132
(55,22):186
(55,23):132
(55,24):186
(55,25):132
(55,26):186
(55,27):131
(55,28):184
(55,29):130
(55,30):183
(55,31):130
(55,32):180
(55,33):123
(55,34):174
(55,35):117
(55,36):168
(55,37):129
(55,38):106
(55,39):177
(55,40):142
(55,41):235
(55,42):233
(55,43):235
(55,44):242
(55,45):248
(55,46):248
(55,47):248
(55,48):248
(55,49):250
(55,50):250
(55,51):250
(55,52):250
(55,53):250
(55,54):250
(55,55):250
(55,56):250
(55,57):250
(55,58):250
(55,59):250
(55,60):250
(55,61):250
(55,62):250
(55,63):250
(55,64):250
(55,65):250
(55,66):250
(55,67):250
(55,68):250
(55,69):250
(55,70):250
(55,71):250
(55,72):250
(55,73):250
(55,74):250
(55,75):250
(55,76):250
(55,77):250
(55,78):250
(55,79):250
(55,80):250
(55,81):250
(55,82):250
(55,83):250
(55,84):250
(55,85):250
(55,86):250
(55,87):250
(55,88):250
(55,89):250
(55,90):250
(55,91):250
(55,92):237
(55,93):212
(55,94):187
(55,95):114
(55,96):125
(55,97):156
(55,98):219
(55,99):213
(55,100):244
(55,101):239
(55,102):248
(55,103):250
(55,104):250
(55,105):250
(55,106):250
(55,107):250
(55,108):250
(55,109):250
(55,110):250
(55,111):250
(55,112):250
(55,113):250
(55,114):250
(55,115):250
(55,116):250
(55,117):250
(55,118):250
(55,119):250
(55,120):250
(55,121):250
(55,122):250
(55,123):250
(55,124):250
(55,125):250
(55,126):187
(55,127):187
(56,0):203
(56,1):203
(56,2):250
(56,3):250
(56,4):250
(56,5):250
(56,6):250
(56,7):250
(56,8):250
(56,9):250
(56,10):239
(56,11):235
(56,12):223
(56,13):187
(56,14):184
(56,15):162
(56,16):187
(56,17):174
(56,18):206
(56,19):176
(56,20):214
(56,21):174
(56,22):216
(56,23):174
(56,24):216
(56,25):174
(56,26):217
(56,27):174
(56,28):213
(56,29):168
(56,30):210
(56,31):170
(56,32):195
(56,33):159
(56,34):154
(56,35):155
(56,36):126
(56,37):156
(56,38):83
(56,39):164
(56,40):170
(56,41):237
(56,42):224
(56,43):231
(56,44):239
(56,45):240
(56,46):240
(56,47):240
(56,48):245
(56,49):247
(56,50):250
(56,51):250
(56,52):250
(56,53):250
(56,54):250
(56,55):250
(56,56):250
(56,57):250
(56,58):250
(56,59):250
(56,60):250
(56,61):250
(56,62):250
(56,63):250
(56,64):250
(56,65):250
(56,66):250
(56,67):250
(56,68):250
(56,69):250
(56,70):250
(56,71):250
(56,72):250
(56,73):250
(56,74):250
(56,75):250
(56,76):250
(56,77):250
(56,78):250
(56,79):250
(56,80):250
(56,81):250
(56,82):250
(56,83):250
(56,84):250
(56,85):250
(56,86):250
(56,87):250
(56,88):250
(56,89):250
(56,90):250
(56,91):250
(56,92):242
(56,93):214
(56,94):206
(56,95):164
(56,96):117
(56,97):167
(56,98):155
(56,99):218
(56,100):232
(56,101):234
(56,102):243
(56,103):249
(56,104):250
(56,105):250
(56,106):250
(56,107):250
(56,108):250
(56,109):250
(56,110):250
(56,111):250
(56,112):250
(56,113):250
(56,114):250
(56,115):250
(56,116):250
(56,117):250
(56,118):250
(56,119):250
(56,120):250
(56,121):250
(56,122):250
(56,123):250
(56,124):250
(56,125):250
(56,126):187
(56,127):187
(57,0):203
(57,1):203
(57,2):250
(57,3):250
(57,4):250
(57,5):250
(57,6):250
(57,7):250
(57,8):250
(57,9):250
(57,10):248
(57,11):241
(57,12):209
(57,13):218
(57,14):194
(57,15):108
(57,16):160
(57,17):109
(57,18):172
(57,19):125
(57,20):180
(57,21):130
(57,22):175
(57,23):131
(57,24):179
(57,25):132
(57,26):178
(57,27):126
(57,28):169
(57,29):126
(57,30):149
(57,31):120
(57,32):162
(57,33):123
(57,34):149
(57,35):92
(57,36):87
(57,37):159
(57,38):162
(57,39):229
(57,40):232
(57,41):241
(57,42):228
(57,43):229
(57,44):229
(57,45):211
(57,46):215
(57,47):229
(57,48):239
(57,49):245
(57,50):247
(57,51):250
(57,52):250
(57,53):250
(57,54):250
(57,55):250
(57,56):250
(57,57):250
(57,58):250
(57,59):250
(57,60):250
(57,61):250
(57,62):250
(57,63):250
(57,64):250
(57,65):250
(57,66):250
(57,67):250
(57,68):250
(57,69):250
(57,70):250
(57,71):250
(57,72):250
(57,73):250
(57,74):250
(57,75):249
(57,76):249
(57,77):248
(57,78):246
(57,79):246
(57,80):243
(57,81):246
(57,82):242
(57,83):241
(57,84):237
(57,85):240
(57,86):236
(57,87):238
(57,88):226
(57,89):239
(57,90):228
(57,91):242
(57,92):225
(57,93):220
(57,94):208
(57,95):225
(57,96):186
(57,97):110
(57,98):175
(57,99):132
(57,100):214
(57,101):223
(57,102):235
(57,103):246
(57,104):250
(57,105):250
(57,106):250
(57,107):250
(57,108):250
(57,109):250
(57,110):250
(57,111):250
(57,112):250
(57,113):250
(57,114):250
(57,115):250
(57,116):250
(57,117):250
(57,118):250
(57,119):250
(57,120):250
(57,121):250
(57,122):250
(57,123):250
(57,124):250
(57,125):250
(57,126):187
(57,127):187
(58,0):203
(58,1):203
(58,2):250
(58,3):250
(58,4):250
(58,5):250
(58,6):250
(58,7):250
(58,8):250
(58,9):250
(58,10):250
(58,11):239
(58,12):236
(58,13):232
(58,14):185
(58,15):197
(58,16):144
(58,17):173
(58,18):196
(58,19):173
(58,20):200
(58,21):164
(58,22):180
(58,23):152
(58,24):198
(58,25):164
(58,26):206
(58,27):168
(58,28):203
(58,29):161
(58,30):186
(58,31):168
(58,32):169
(58,33):150
(58,34):88
(58,35):90
(58,36):112
(58,37):132
(58,38):204
(58,39):230
(58,40):235
(58,41):238
(58,42):223
(58,43):223
(58,44):184
(58,45):165
(58,46):182
(58,47):201
(58,48):234
(58,49):240
(58,50):248
(58,51):249
(58,52):250
(58,53):250
(58,54):250
(58,55):250
(58,56):250
(58,57):250
(58,58):250
(58,59):250
(58,60):250
(58,61):250
(58,62):250
(58,63):250
(58,64):250
(58,65):250
(58,66):250
(58,67):250
(58,68):250
(58,69):250
(58,70):248
(58,71):246
(58,72):244
(58,73):242
(58,74):240
(58,75):237
(58,76):227
(58,77):227
(58,78):217
(58,79):218
(58,80):215
(58,81):210
(58,82):218
(58,83):214
(58,84):222
(58,85):219
(58,86):222
(58,87):225
(58,88):220
(58,89):221
(58,90):224
(58,91):224
(58,92):229
(58,93):212
(58,94):213
(58,95):218
(58,96):225
(58,97):147
(58,98):183
(58,99):103
(58,100):166
(58,101):218
(58,102):225
(58,103):247
(58,104):246
(58,105):250
(58,106):250
(58,107):250
(58,108):250
(58,109):250
(58,110):250
(58,111):250
(58,112):250
(58,113):250
(58,114):250
(58,115):250
(58,116):250
(58,117):250
(58,118):250
(58,119):250
(58,120):250
(58,121):250
(58,122):250
(58,123):250
(58,124):250
(58,125):250
(58,126):187
(58,127):187
(59,0):203
(59,1):203
(59,2):250
(59,3):250
(59,4):250
(59,5):250
(59,6):250
(59,7):250
(59,8):250
(59,9):250
(59,10):246
(59,11):250
(59,12):242
(59,13):221
(59,14):225
(59,15):182
(59,16):142
(59,17):120
(59,18):174
(59,19):156
(59,20):162
(59,21):148
(59,22):183
(59,23):151
(59,24):159
(59,25):162
(59,26):176
(59,27):152
(59,28):162
(59,29):109
(59,30):114
(59,31):163
(59,32):131
(59,33):143
(59,34):127
(59,35):120
(59,36):156
(59,37):158
(59,38):216
(59,39):228
(59,40):243
(59,41):240
(59,42):223
(59,43):176
(59,44):118
(59,45):108
(59,46):150
(59,47):169
(59,48):204
(59,49):232
(59,50):243
(59,51):246
(59,52):250
(59,53):250
(59,54):250
(59,55):250
(59,56):250
(59,57):250
(59,58):250
(59,59):250
(59,60):250
(59,61):250
(59,62):250
(59,63):250
(59,64):250
(59,65):249
(59,66):247
(59,67):247
(59,68):243
(59,69):244
(59,70):231
(59,71):232
(59,72):229
(59,73):231
(59,74):229
(59,75):231
(59,76):237
(59,77):238
(59,78):232
(59,79):234
(59,80):220
(59,81):231
(59,82):215
(59,83):235
(59,84):223
(59,85):198
(59,86):183
(59,87):217
(59,88):195
(59,89):207
(59,90):127
(59,91):197
(59,92):173
(59,93):226
(59,94):207
(59,95):214
(59,96):194
(59,97):202
(59,98):157
(59,99):117
(59,100):125
(59,101):176
(59,102):231
(59,103):236
(59,104):250
(59,105):249
(59,106):250
(59,107):250
(59,108):250
(59,109):250
(59,110):250
(59,111):250
(59,112):250
(59,113):250
(59,114):250
(59,115):250
(59,116):250
(59,117):250
(59,118):250
(59,119):250
(59,120):250
(59,121):250
(59,122):250
(59,123):250
(59,124):250
(59,125):250
(59,126):187
(59,127):187
(60,0):203
(60,1):203
(60,2):250
(60,3):250
(60,4):250
(60,5):250
(60,6):250
(60,7):250
(60,8):250
(60,9):250
(60,10):250
(60,11):250
(60,12):239
(60,13):243
(60,14):225
(60,15):234
(60,16):201
(60,17):193
(60,18):196
(60,19):185
(60,20):178
(60,21):168
(60,22):132
(60,23):131
(60,24):176
(60,25):169
(60,26):195
(60,27):160
(60,28):201
(60,29):198
(60,30):215
(60,31):226
(60,32):213
(60,33):195
(60,34):191
(60,35):113
(60,36):98
(60,37):156
(60,38):205
(60,39):218
(60,40):243
(60,41):230
(60,42):202
(60,43):148
(60,44):83
(60,45):85
(60,46):120
(60,47):149
(60,48):198
(60,49):223
(60,50):241
(60,51):244
(60,52):249
(60,53):250
(60,54):250
(60,55):250
(60,56):250
(60,57):250
(60,58):250
(60,59):248
(60,60):246
(60,61):238
(60,62):241
(60,63):233
(60,64):228
(60,65):222
(60,66):217
(60,67):218
(60,68):217
(60,69):219
(60,70):223
(60,71):226
(60,72):220
(60,73):209
(60,74):208
(60,75):207
(60,76):193
(60,77):195
(60,78):118
(60,79):122
(60,80):117
(60,81):116
(60,82):176
(60,83):130
(60,84):142
(60,85):147
(60,86):152
(60,87):164
(60,88):180
(60,89):178
(60,90):115
(60,91):103
(60,92):159
(60,93):157
(60,94):207
(60,95):185
(60,96):206
(60,97):120
(60,98):191
(60,99):121
(60,100):101
(60,101):190
(60,102):196
(60,103):241
(60,104):246
(60,105):250
(60,106):250
(60,107):250
(60,108):250
(60,109):250
(60,110):250
(60,111):250
(60,112):250
(60,113):250
(60,114):250
(60,115):250
(60,116):250
(60,117):250
(60,118):250
(60,119):250
(60,120):250
(60,121):250
(60,122):250
(60,123):250
(60,124):250
(60,125):250
(60,126):187
(60,127):187
(61,0):203
(61,1):203
(61,2):250
(61,3):250
(61,4):250
(61,5):250
(61,6):250
(61,7):250
(61,8):250
(61,9):250
(61,10):250
(61,11):250
(61,12):250
(61,13):240
(61,14):227
(61,15):227
(61,16):238
(61,17):233
(61,18):214
(61,19):222
(61,20):233
(61,21):228
(61,22):225
(61,23):229
(61,24):233
(61,25):228
(61,26):228
(61,27):217
(61,28):217
(61,29):231
(61,30):223
(61,31):223
(61,32):221
(61,33):214
(61,34):208
(61,35):172
(61,36):126
(61,37):152
(61,38):221
(61,39):230
(61,40):245
(61,41):228
(61,42):192
(61,43):156
(61,44):89
(61,45):89
(61,46):73
(61,47):120
(61,48):171
(61,49):183
(61,50):228
(61,51):236
(61,52):247
(61,53):249
(61,54):250
(61,55):246
(61,56):246
(61,57):244
(61,58):243
(61,59):232
(61,60):230
(61,61):231
(61,62):230
(61,63):232
(61,64):230
(61,65):241
(61,66):239
(61,67):239
(61,68):219
(61,69):227
(61,70):208
(61,71):211
(61,72):139
(61,73):144
(61,74):197
(61,75):208
(61,76):213
(61,77):221
(61,78):207
(61,79):229
(61,80):224
(61,81):245
(61,82):242
(61,83):236
(61,84):231
(61,85):243
(61,86):240
(61,87):238
(61,88):214
(61,89):226
(61,90):191
(61,91):148
(61,92):116
(61,93):194
(61,94):174
(61,95):198
(61,96):186
(61,97):191
(61,98):179
(61,99):155
(61,100):208
(61,101):152
(61,102):233
(61,103):233
(61,104):250
(61,105):249
(61,106):250
(61,107):250
(61,108):250
(61,109):250
(61,110):250
(61,111):250
(61,112):250
(61,113):250
(61,114):250
(61,115):250
(61,116):250
(61,117):250
(61,118):250
(61,119):250
(61,120):250
(61,121):250
(61,122):250
(61,123):250
(61,124):250
(61,125):250
(61,126):187
(61,127):187
(62,0):203
(62,1):203
(62,2):250
(62,3):250
(62,4):250
(62,5):250
(62,6):250
(62,7):250
(62,8):250
(62,9):250
(62,10):250
(62,11):250
(62,12):250
(62,13):250
(62,14):241
(62,15):240
(62,16):242
(62,17):240
(62,18):234
(62,19):233
(62,20):221
(62,21):221
(62,22):232
(62,23):232
(62,24):228
(62,25):222
(62,26):237
(62,27):237
(62,28):240
(62,29):242
(62,30):246
(62,31):246
(62,32):246
(62,33):218
(62,34):198
(62,35):134
(62,36):116
(62,37):108
(62,38):185
(62,39):192
(62,40):203
(62,41):155
(62,42):170
(62,43):90
(62,44):66
(62,45):62
(62,46):59
(62,47):108
(62,48):156
(62,49):170
(62,50):223
(62,51):237
(62,52):245
(62,53):243
(62,54):243
(62,55):239
(62,56):228
(62,57):225
(62,58):224
(62,59):226
(62,60):222
(62,61):208
(62,62):205
(62,63):164
(62,64):190
(62,65):186
(62,66):123
(62,67):124
(62,68):118
(62,69):124
(62,70):189
(62,71):199
(62,72):191
(62,73):217
(62,74):219
(62,75):232
(62,76):216
(62,77):218
(62,78):217
(62,79):218
(62,80):224
(62,81):212
(62,82):212
(62,83):216
(62,84):223
(62,85):220
(62,86):227
(62,87):229
(62,88):212
(62,89):206
(62,90):219
(62,91):166
(62,92):121
(62,93):111
(62,94):105
(62,95):149
(62,96):164
(62,97):96
(62,98):89
(62,99):115
(62,100):173
(62,101):181
(62,102):228
(62,103):242
(62,104):246
(62,105):250
(62,106):250
(62,107):250
(62,108):250
(62,109):250
(62,110):250
(62,111):250
(62,112):250
(62,113):250
(62,114):250
(62,115):250
(62,116):250
(62,117):250
(62,118):250
(62,119):250
(62,120):250
(62,121):250
(62,122):250
(62,123):250
(62,124):250
(62,125):250
(62,126):187
(62,127):187
(63,0):203
(63,1):203
(63,2):250
(63,3):250
(63,4):250
(63,5):250
(63,6):250
(63,7):250
(63,8):250
(63,9):250
(63,10):250
(63,11):250
(63,12):250
(63,13):250
(63,14):250
(63,15):250
(63,16):247
(63,17):250
(63,18):250
(63,19):250
(63,20):248
(63,21):250
(63,22):250
(63,23):250
(63,24):250
(63,25):250
(63,26):250
(63,27):250
(63,28):250
(63,29):250
(63,30):250
(63,31):250
(63,32):250
(63,33):235
(63,34):218
(63,35):195
(63,36):205
(63,37):216
(63,38):188
(63,39):225
(63,40):227
(63,41):219
(63,42):190
(63,43):152
(63,44):99
(63,45):131
(63,46):106
(63,47):92
(63,48):105
(63,49):135
(63,50):202
(63,51):224
(63,52):242
(63,53):237
(63,54):240
(63,55):231
(63,56):233
(63,57):204
(63,58):211
(63,59):207
(63,60):202
(63,61):142
(63,62):140
(63,63):208
(63,64):207
(63,65):225
(63,66):211
(63,67):226
(63,68):233
(63,69):238
(63,70):220
(63,71):222
(63,72):237
(63,73):240
(63,74):230
(63,75):232
(63,76):237
(63,77):243
(63,78):243
(63,79):247
(63,80):245
(63,81):248
(63,82):248
(63,83):250
(63,84):250
(63,85):250
(63,86):250
(63,87):250
(63,88):242
(63,89):226
(63,90):223
(63,91):241
(63,92):230
(63,93):201
(63,94):178
(63,95):178
(63,96):214
(63,97):207
(63,98):219
(63,99):228
(63,100):244
(63,101):239
(63,102):246
(63,103):240
(63,104):250
(63,105):249
(63,106):250
(63,107):250
(63,108):250
(63,109):250
(63,110):250
(63,111):250
(63,112):250
(63,113):250
(63,114):250
(63,115):250
(63,116):250
(63,117):250
(63,118):250
(63,119):250
(63,120):250
(63,121):250
(63,122):250
(63,123):250
(63,124):250
(63,125):250
(63,126):187
(63,127):187
(64,0):203
(64,1):203
(64,2):250
(64,3):250
(64,4):250
(64,5):250
(64,6):250
(64,7):250
(64,8):250
(64,9):250
(64,10):250
(64,11):250
(64,12):250
(64,13):250
(64,14):250
(64,15):250
(64,16):250
(64,17):250
(64,18):250
(64,19):250
(64,20):250
(64,21):250
(64,22):250
(64,23):250
(64,24):250
(64,25):250
(64,26):250
(64,27):250
(64,28):250
(64,29):250
(64,30):250
(64,31):250
(64,32):250
(64,33):229
(64,34):213
(64,35):214
(64,36):186
(64,37):137
(64,38):179
(64,39):101
(64,40):182
(64,41):118
(64,42):147
(64,43):83
(64,44):93
(64,45):102
(64,46):100
(64,47):84
(64,48):145
(64,49):153
(64,50):192
(64,51):221
(64,52):227
(64,53):221
(64,54):212
(64,55):178
(64,56):160
(64,57):179
(64,58):109
(64,59):128
(64,60):186
(64,61):188
(64,62):198
(64,63):231
(64,64):214
(64,65):213
(64,66):216
(64,67):217
(64,68):227
(64,69):229
(64,70):224
(64,71):231
(64,72):242
(64,73):246
(64,74):244
(64,75):247
(64,76):248
(64,77):249
(64,78):250
(64,79):250
(64,80):250
(64,81):250
(64,82):250
(64,83):250
(64,84):250
(64,85):250
(64,86):250
(64,87):250
(64,88):250
(64,89):237
(64,90):225
(64,91):222
(64,92):220
(64,93):230
(64,94):223
(64,95):207
(64,96):205
(64,97):217
(64,98):229
(64,99):224
(64,100):235
(64,101):237
(64,102):243
(64,103):244
(64,104):250
(64,105):250
(64,106):250
(64,107):250
(64,108):250
(64,109):250
(64,110):250
(64,111):250
(64,112):250
(64,113):250
(64,114):250
(64,115):250
(64,116):250
(64,117):250
(64,118):250
(64,119):250
(64,120):250
(64,121):250
(64,122):250
(64,123):250
(64,124):250
(64,125):250
(64,126):187
(64,127):187
(65,0):203
(65,1):203
(65,2):250
(65,3):250
(65,4):250
(65,5):250
(65,6):250
(65,7):250
(65,8):250
(65,9):250
(65,10):250
(65,11):250
(65,12):250
(65,13):250
(65,14):250
(65,15):250
(65,16):250
(65,17):250
(65,18):250
(65,19):250
(65,20):250
(65,21):250
(65,22):250
(65,23):250
(65,24):250
(65,25):250
(65,26):250
(65,27):250
(65,28):250
(65,29):250
(65,30):250
(65,31):250
(65,32):250
(65,33):241
(65,34):240
(65,35):244
(65,36):238
(65,37):244
(65,38):203
(65,39):226
(65,40):154
(65,41):158
(65,42):189
(65,43):199
(65,44):215
(65,45):199
(65,46):191
(65,47):132
(65,48):118
(65,49):159
(65,50):207
(65,51):225
(65,52):216
(65,53):220
(65,54):174
(65,55):128
(65,56):186
(65,57):196
(65,58):204
(65,59):195
(65,60):217
(65,61):237
(65,62):240
(65,63):233
(65,64):230
(65,65):242
(65,66):245
(65,67):247
(65,68):246
(65,69):247
(65,70):249
(65,71):249
(65,72):250
(65,73):250
(65,74):250
(65,75):250
(65,76):250
(65,77):250
(65,78):250
(65,79):250
(65,80):250
(65,81):250
(65,82):250
(65,83):250
(65,84):250
(65,85):250
(65,86):250
(65,87):250
(65,88):250
(65,89):250
(65,90):250
(65,91):245
(65,92):237
(65,93):234
(65,94):246
(65,95):244
(65,96):239
(65,97):242
(65,98):248
(65,99):248
(65,100):247
(65,101):250
(65,102):250
(65,103):250
(65,104):250
(65,105):250
(65,106):250
(65,107):250
(65,108):250
(65,109):250
(65,110):250
(65,111):250
(65,112):250
(65,113):250
(65,114):250
(65,115):250
(65,116):250
(65,117):250
(65,118):250
(65,119):250
(65,120):250
(65,121):250
(65,122):250
(65,123):250
(65,124):250
(65,125):250
(65,126):187
(65,127):187
(66,0):203
(66,1):203
(66,2):250
(66,3):250
(66,4):250
(66,5):250
(66,6):250
(66,7):250
(66,8):250
(66,9):250
(66,10):250
(66,11):250
(66,12):250
(66,13):250
(66,14):250
(66,15):250
(66,16):250
(66,17):250
(66,18):250
(66,19):250
(66,20):250
(66,21):250
(66,22):250
(66,23):250
(66,24):250
(66,25):250
(66,26):250
(66,27):250
(66,28):250
(66,29):250
(66,30):250
(66,31):250
(66,32):250
(66,33):250
(66,34):236
(66,35):227
(66,36):241
(66,37):223
(66,38):229
(66,39):217
(66,40):233
(66,41):208
(66,42):216
(66,43):219
(66,44):221
(66,45):198
(66,46):196
(66,47):127
(66,48):95
(66,49):146
(66,50):186
(66,51):168
(66,52):149
(66,53):187
(66,54):101
(66,55):115
(66,56):110
(66,57):194
(66,58):223
(66,59):237
(66,60):225
(66,61):235
(66,62):245
(66,63):246
(66,64):245
(66,65):249
(66,66):250
(66,67):250
(66,68):250
(66,69):250
(66,70):250
(66,71):250
(66,72):250
(66,73):250
(66,74):250
(66,75):250
(66,76):250
(66,77):250
(66,78):250
(66,79):250
(66,80):250
(66,81):250
(66,82):250
(66,83):250
(66,84):250
(66,85):250
(66,86):250
(66,87):250
(66,88):250
(66,89):250
(66,90):250
(66,91):250
(66,92):250
(66,93):250
(66,94):250
(66,95):250
(66,96):250
(66,97):250
(66,98):250
(66,99):250
(66,100):250
(66,101):250
(66,102):250
(66,103):250
(66,104):250
(66,105):250
(66,106):250
(66,107):250
(66,108):250
(66,109):250
(66,110):250
(66,111):250
(66,112):250
(66,113):250
(66,114):250
(66,115):250
(66,116):250
(66,117):250
(66,118):250
(66,119):250
(66,120):250
(66,121):250
(66,122):250
(66,123):250
(66,124):250
(66,125):250
(66,126):187
(66,127):187
(67,0):203
(67,1):203
(67,2):250
(67,3):250
(67,4):250
(67,5):250
(67,6):250
(67,7):250
(67,8):250
(67,9):250
(67,10):250
(67,11):250
(67,12):250
(67,13):250
(67,14):250
(67,15):250
(67,16):250
(67,17):250
(67,18):250
(67,19):250
(67,20):250
(67,21):250
(67,22):250
(67,23):250
(67,24):250
(67,25):250
(67,26):250
(67,27):250
(67,28):250
(67,29):250
(67,30):250
(67,31):250
(67,32):250
(67,33):250
(67,34):250
(67,35):250
(67,36):242
(67,37):247
(67,38):228
(67,39):231
(67,40):240
(67,41):242
(67,42):236
(67,43):240
(67,44):247
(67,45):222
(67,46):217
(67,47):187
(67,48):211
(67,49):209
(67,50):183
(67,51):219
(67,52):164
(67,53):192
(67,54):119
(67,55):149
(67,56):176
(67,57):220
(67,58):240
(67,59):247
(67,60):246
(67,61):246
(67,62):250
(67,63):250
(67,64):250
(67,65):250
(67,66):250
(67,67):250
(67,68):250
(67,69):250
(67,70):250
(67,71):250
(67,72):250
(67,73):250
(67,74):250
(67,75):250
(67,76):250
(67,77):250
(67,78):250
(67,79):250
(67,80):250
(67,81):250
(67,82):250
(67,83):250
(67,84):250
(67,85):250
(67,86):250
(67,87):250
(67,88):250
(67,89):250
(67,90):250
(67,91):250
(67,92):250
(67,93):250
(67,94):250
(67,95):250
(67,96):250
(67,97):250
(67,98):250
(67,99):250
(67,100):250
(67,101):250
(67,102):250
(67,103):250
(67,104):250
(67,105):250
(67,106):250
(67,107):250
(67,108):250
(67,109):250
(67,110):250
(67,111):250
(67,112):250
(67,113):250
(67,114):250
(67,115):250
(67,116):250
(67,117):250
(67,118):250
(67,119):250
(67,120):250
(67,121):250
(67,122):250
(67,123):250
(67,124):250
(67,125):250
(67,126):187
(67,127):187
(68,0):203
(68,1):203
(68,2):250
(68,3):250
(68,4):250
(68,5):250
(68,6):250
(68,7):250
(68,8):250
(68,9):250
(68,10):250
(68,11):250
(68,12):250
(68,13):250
(68,14):250
(68,15):250
(68,16):250
(68,17):250
(68,18):250
(68,19):250
(68,20):250
(68,21):250
(68,22):250
(68,23):250
(68,24):250
(68,25):250
(68,26):250
(68,27):250
(68,28):250
(68,29):250
(68,30):250
(68,31):250
(68,32):250
(68,33):250
(68,34):250
(68,35):250
(68,36):250
(68,37):250
(68,38):250
(68,39):250
(68,40):250
(68,41):250
(68,42):250
(68,43):250
(68,44):249
(68,45):229
(68,46):214
(68,47):224
(68,48):180
(68,49):136
(68,50):80
(68,51):178
(68,52):85
(68,53):165
(68,54):149
(68,55):208
(68,56):231
(68,57):232
(68,58):238
(68,59):249
(68,60):250
(68,61):250
(68,62):250
(68,63):250
(68,64):250
(68,65):250
(68,66):250
(68,67):250
(68,68):250
(68,69):250
(68,70):250
(68,71):250
(68,72):250
(68,73):250
(68,74):250
(68,75):250
(68,76):250
(68,77):250
(68,78):250
(68,79):250
(68,80):250
(68,81):250
(68,82):250
(68,83):250
(68,84):250
(68,85):250
(68,86):250
(68,87):250
(68,88):250
(68,89):250
(68,90):250
(68,91):250
(68,92):250
(68,93):250
(68,94):250
(68,95):250
(68,96):250
(68,97):250
(68,98):250
(68,99):250
(68,100):250
(68,101):250
(68,102):250
(68,103):250
(68,104):250
(68,105):250
(68,106):250
(68,107):250
(68,108):250
(68,109):250
(68,110):250
(68,111):250
(68,112):250
(68,113):250
(68,114):250
(68,115):250
(68,116):250
(68,117):250
(68,118):250
(68,119):250
(68,120):250
(68,121):250
(68,122):250
(68,123):250
(68,124):250
(68,125):250
(68,126):187
(68,127):187
(69,0):203
(69,1):203
(69,2):250
(69,3):250
(69,4):250
(69,5):250
(69,6):250
(69,7):250
(69,8):250
(69,9):250
(69,10):250
(69,11):250
(69,12):250
(69,13):250
(69,14):250
(69,15):250
(69,16):250
(69,17):250
(69,18):250
(69,19):250
(69,20):250
(69,21):250
(69,22):250
(69,23):250
(69,24):250
(69,25):250
(69,26):250
(69,27):250
(69,28):250
(69,29):250
(69,30):250
(69,31):250
(69,32):250
(69,33):250
(69,34):250
(69,35):250
(69,36):250
(69,37):250
(69,38):250
(69,39):250
(69,40):250
(69,41):250
(69,42):250
(69,43):250
(69,44):250
(69,45):238
(69,46):242
(69,47):244
(69,48):238
(69,49):239
(69,50):218
(69,51):242
(69,52):206
(69,53):224
(69,54):230
(69,55):247
(69,56):236
(69,57):238
(69,58):244
(69,59):248
(69,60):250
(69,61):248
(69,62):250
(69,63):248
(69,64):250
(69,65):250
(69,66):250
(69,67):250
(69,68):250
(69,69):250
(69,70):250
(69,71):250
(69,72):250
(69,73):250
(69,74):250
(69,75):250
(69,76):250
(69,77):250
(69,78):250
(69,79):250
(69,80):250
(69,81):250
(69,82):250
(69,83):250
(69,84):250
(69,85):250
(69,86):250
(69,87):250
(69,88):250
(69,89):250
(69,90):250
(69,91):250
(69,92):250
(69,93):250
(69,94):250
(69,95):250
(69,96):250
(69,97):250
(69,98):250
(69,99):250
(69,100):250
(69,101):250
(69,102):250
(69,103):250
(69,104):250
(69,105):250
(69,106):250
(69,107):250
(69,108):250
(69,109):250
(69,110):250
(69,111):250
(69,112):250
(69,113):250
(69,114):250
(69,115):250
(69,116):250
(69,117):250
(69,118):250
(69,119):250
(69,120):250
(69,121):250
(69,122):250
(69,123):250
(69,124):250
(69,125):250
(69,126):187
(69,127):187
(70,0):171
(70,1):171
(70,2):203
(70,3):203
(70,4):203
(70,5):203
(70,6):203
(70,7):203
(70,8):203
(70,9):203
(70,10):203
(70,11):203
(70,12):203
(70,13):203
(70,14):203
(70,15):203
(70,16):203
(70,17):203
(70,18):203
(70,19):203
(70,20):203
(70,21):203
(70,22):203
(70,23):203
(70,24):203
(70,25):203
(70,26):203
(70,27):203
(70,28):203
(70,29):203
(70,30):203
(70,31):203
(70,32):203
(70,33):203
(70,34):203
(70,35):203
(70,36):203
(70,37):203
(70,38):203
(70,39):203
(70,40):203
(70,41):203
(70,42):203
(70,43):203
(70,44):203
(70,45):203
(70,46):189
(70,47):181
(70,48):174
(70,49):193
(70,50):161
(70,51):177
(70,52):121
(70,53):145
(70,54):182
(70,55):192
(70,56):196
(70,57):199
(70,58):203
(70,59):203
(70,60):203
(70,61):203
(70,62):203
(70,63):203
(70,64):203
(70,65):203
(70,66):203
(70,67):203
(70,68):203
(70,69):203
(70,70):203
(70,71):203
(70,72):203
(70,73):203
(70,74):203
(70,75):203
(70,76):203
(70,77):203
(70,78):203
(70,79):203
(70,80):203
(70,81):203
(70,82):203
(70,83):203
(70,84):203
(70,85):203
(70,86):203
(70,87):203
(70,88):203
(70,89):203
(70,90):203
(70,91):203
(70,92):203
(70,93):203
(70,94):203
(70,95):203
(70,96):203
(70,97):203
(70,98):203
(70,99):203
(70,100):203
(70,101):203
(70,102):203
(70,103):203
(70,104):203
(70,105):203
(70,106):203
(70,107):203
(70,108):203
(70,109):203
(70,110):203
(70,111):203
(70,112):203
(70,113):203
(70,114):203
(70,115):203
(70,116):203
(70,117):203
(70,118):203
(70,119):203
(70,120):203
(70,121):203
(70,122):203
(70,123):203
(70,124):203
(70,125):203
(70,126):156
(70,127):156
(71,0):171
(71,1):171
(71,2):203
(71,3):203
(71,4):203
(71,5):203
(71,6):203
(71,7):203
(71,8):203
(71,9):203
(71,10):203
(71,11):203
(71,12):203
(71,13):203
(71,14):203
(71,15):203
(71,16):203
(71,17):203
(71,18):203
(71,19):203
(71,20):203
(71,21):203
(71,22):203
(71,23):203
(71,24):203
(71,25):203
(71,26):203
(71,27):203
(71,28):203
(71,29):203
(71,30):203
(71,31):203
(71,32):203
(71,33):203
(71,34):203
(71,35):203
(71,36):203
(71,37):203
(71,38):203
(71,39):203
(71,40):203
(71,41):203
(71,42):203
(71,43):203
(71,44):203
(71,45):203
(71,46):203
(71,47):203
(71,48):199
(71,49):203
(71,50):200
(71,51):203
(71,52):201
(71,53):203
(71,54):201
(71,55):203
(71,56):203
(71,57):203
(71,58):203
(71,59):201
(71,60):203
(71,61):193
(71,62):203
(71,63):201
(71,64):203
(71,65):203
(71,66):203
(71,67):203
(71,68):203
(71,69):203
(71,70):203
(71,71):203
(71,72):203
(71,73):203
(71,74):203
(71,75):203
(71,76):203
(71,77):203
(71,78):203
(71,79):203
(71,80):203
(71,81):203
(71,82):203
(71,83):203
(71,84):203
(71,85):203
(71,86):203
(71,87):203
(71,88):203
(71,89):203
(71,90):203
(71,91):203
(71,92):203
(71,93):203
(71,94):203
(71,95):203
(71,96):203
(71,97):203
(71,98):203
(71,99):203
(71,100):203
(71,101):203
(71,102):203
(71,103):203
(71,104):203
(71,105):203
(71,106):203
(71,107):203
(71,108):203
(71,109):203
(71,110):203
(71,111):203
(71,112):203
(71,113):203
(71,114):203
(71,115):203
(71,116):203
(71,117):203
(71,118):203
(71,119):203
(71,120):203
(71,121):203
(71,122):203
(71,123):203
(71,124):203
(71,125):203
(71,126):156
(71,127):156
