(0,0):171 (171)
(0,1):171 (171)
(0,2):203 (203)
(0,3):203 (203)
(0,4):203 (203)
(0,5):203 (203)
(0,6):203 (203)
(0,7):203 (203)
(0,8):203 (203)
(0,9):203 (203)
(0,10):203 (203)
(0,11):203 (203)
(0,12):203 (203)
(0,13):203 (203)
(0,14):203 (203)
(0,15):203 (203)
(0,16):203 (203)
(0,17):203 (203)
(0,18):203 (203)
(0,19):203 (203)
(0,20):203 (203)
(0,21):203 (203)
(0,22):203 (203)
(0,23):203 (203)
(0,24):203 (203)
(0,25):203 (203)
(0,26):203 (203)
(0,27):203 (203)
(0,28):203 (203)
(0,29):203 (203)
(0,30):203 (203)
(0,31):203 (203)
(0,32):203 (203)
(0,33):203 (203)
(0,34):203 (203)
(0,35):203 (203)
(0,36):203 (203)
(0,37):203 (203)
(0,38):203 (203)
(0,39):203 (203)
(0,40):203 (203)
(0,41):203 (203)
(0,42):203 (203)
(0,43):203 (203)
(0,44):203 (203)
(0,45):203 (203)
(0,46):203 (203)
(0,47):203 (203)
(0,48):203 (203)
(0,49):203 (203)
(0,50):203 (203)
(0,51):203 (203)
(0,52):203 (203)
(0,53):203 (203)
(0,54):203 (203)
(0,55):203 (203)
(0,56):203 (203)
(0,57):203 (203)
(0,58):203 (203)
(0,59):203 (203)
(0,60):203 (203)
(0,61):203 (203)
(0,62):203 (203)
(0,63):203 (203)
(0,64):203 (203)
(0,65):203 (203)
(0,66):203 (203)
(0,67):203 (203)
(0,68):203 (203)
(0,69):203 (203)
(0,70):203 (203)
(0,71):203 (203)
(0,72):203 (203)
(0,73):203 (203)
(0,74):203 (203)
(0,75):203 (203)
(0,76):203 (203)
(0,77):203 (203)
(0,78):203 (203)
(0,79):203 (203)
(0,80):203 (203)
(0,81):203 (203)
(0,82):203 (203)
(0,83):203 (203)
(0,84):203 (203)
(0,85):203 (203)
(0,86):203 (203)
(0,87):203 (203)
(0,88):203 (203)
(0,89):203 (203)
(0,90):203 (203)
(0,91):203 (203)
(0,92):203 (203)
(0,93):203 (203)
(0,94):203 (203)
(0,95):203 (203)
(0,96):203 (203)
(0,97):203 (203)
(0,98):203 (203)
(0,99):203 (203)
(0,100):203 (203)
(0,101):203 (203)
(0,102):203 (203)
(0,103):203 (203)
(0,104):203 (203)
(0,105):203 (203)
(0,106):203 (203)
(0,107):203 (203)
(0,108):203 (203)
(0,109):203 (203)
(0,110):203 (203)
(0,111):203 (203)
(0,112):203 (203)
(0,113):203 (203)
(0,114):203 (203)
(0,115):203 (203)
(0,116):203 (203)
(0,117):203 (203)
(0,118):203 (203)
(0,119):203 (203)
(0,120):203 (203)
(0,121):203 (203)
(0,122):203 (203)
(0,123):203 (203)
(0,124):203 (203)
(0,125):203 (203)
(0,126):171 (171)
(0,127):171 (171)
(1,0):171 (171)
(1,1):171 (171)
(1,2):203 (203)
(1,3):203 (203)
(1,4):203 (203)
(1,5):203 (203)
(1,6):203 (203)
(1,7):203 (203)
(1,8):203 (203)
(1,9):203 (203)
(1,10):203 (203)
(1,11):203 (203)
(1,12):203 (203)
(1,13):203 (203)
(1,14):203 (203)
(1,15):203 (203)
(1,16):203 (203)
(1,17):203 (203)
(1,18):203 (203)
(1,19):203 (203)
(1,20):203 (203)
(1,21):203 (203)
(1,22):203 (203)
(1,23):203 (203)
(1,24):203 (203)
(1,25):203 (203)
(1,26):203 (203)
(1,27):203 (203)
(1,28):203 (203)
(1,29):203 (203)
(1,30):203 (203)
(1,31):203 (203)
(1,32):203 (203)
(1,33):203 (203)
(1,34):203 (203)
(1,35):203 (203)
(1,36):203 (203)
(1,37):203 (203)
(1,38):203 (203)
(1,39):203 (203)
(1,40):203 (203)
(1,41):203 (203)
(1,42):203 (203)
(1,43):203 (203)
(1,44):203 (203)
(1,45):203 (203)
(1,46):203 (203)
(1,47):203 (203)
(1,48):203 (203)
(1,49):203 (203)
(1,50):203 (203)
(1,51):203 (203)
(1,52):203 (203)
(1,53):203 (203)
(1,54):203 (203)
(1,55):203 (203)
(1,56):203 (203)
(1,57):203 (203)
(1,58):203 (203)
(1,59):203 (203)
(1,60):203 (203)
(1,61):203 (203)
(1,62):203 (203)
(1,63):203 (203)
(1,64):203 (203)
(1,65):203 (203)
(1,66):203 (203)
(1,67):203 (203)
(1,68):203 (203)
(1,69):203 (203)
(1,70):203 (203)
(1,71):203 (203)
(1,72):203 (203)
(1,73):203 (203)
(1,74):203 (203)
(1,75):203 (203)
(1,76):203 (203)
(1,77):203 (203)
(1,78):203 (203)
(1,79):203 (203)
(1,80):203 (203)
(1,81):203 (203)
(1,82):203 (203)
(1,83):203 (203)
(1,84):203 (203)
(1,85):203 (203)
(1,86):203 (203)
(1,87):203 (203)
(1,88):203 (203)
(1,89):203 (203)
(1,90):203 (203)
(1,91):203 (203)
(1,92):203 (203)
(1,93):203 (203)
(1,94):203 (203)
(1,95):203 (203)
(1,96):203 (203)
(1,97):203 (203)
(1,98):203 (203)
(1,99):203 (203)
(1,100):203 (203)
(1,101):203 (203)
(1,102):203 (203)
(1,103):203 (203)
(1,104):203 (203)
(1,105):203 (203)
(1,106):203 (203)
(1,107):203 (203)
(1,108):203 (203)
(1,109):203 (203)
(1,110):203 (203)
(1,111):203 (203)
(1,112):203 (203)
(1,113):203 (203)
(1,114):203 (203)
(1,115):203 (203)
(1,116):203 (203)
(1,117):203 (203)
(1,118):203 (203)
(1,119):203 (203)
(1,120):203 (203)
(1,121):203 (203)
(1,122):203 (203)
(1,123):203 (203)
(1,124):203 (203)
(1,125):203 (203)
(1,126):171 (171)
(1,127):171 (171)
(2,0):203 (203)
(2,1):203 (203)
(2,2):250 (250)
(2,3):250 (250)
(2,4):250 (250)
(2,5):250 (250)
(2,6):250 (250)
(2,7):250 (250)
(2,8):250 (250)
(2,9):250 (250)
(2,10):250 (250)
(2,11):250 (250)
(2,12):250 (250)
(2,13):250 (250)
(2,14):250 (250)
(2,15):250 (250)
(2,16):250 (250)
(2,17):250 (250)
(2,18):250 (250)
(2,19):250 (250)
(2,20):250 (250)
(2,21):250 (250)
(2,22):250 (250)
(2,23):250 (250)
(2,24):250 (250)
(2,25):250 (250)
(2,26):250 (250)
(2,27):250 (250)
(2,28):250 (250)
(2,29):250 (250)
(2,30):250 (250)
(2,31):250 (250)
(2,32):250 (250)
(2,33):250 (250)
(2,34):250 (250)
(2,35):250 (250)
(2,36):250 (250)
(2,37):250 (250)
(2,38):250 (250)
(2,39):250 (250)
(2,40):250 (250)
(2,41):250 (250)
(2,42):250 (250)
(2,43):250 (250)
(2,44):250 (250)
(2,45):250 (250)
(2,46):250 (250)
(2,47):250 (250)
(2,48):250 (250)
(2,49):250 (250)
(2,50):250 (250)
(2,51):250 (250)
(2,52):250 (250)
(2,53):250 (250)
(2,54):250 (250)
(2,55):250 (250)
(2,56):250 (250)
(2,57):250 (250)
(2,58):250 (250)
(2,59):250 (250)
(2,60):250 (250)
(2,61):250 (250)
(2,62):250 (250)
(2,63):250 (250)
(2,64):250 (250)
(2,65):250 (250)
(2,66):250 (250)
(2,67):250 (250)
(2,68):250 (250)
(2,69):250 (250)
(2,70):250 (250)
(2,71):250 (250)
(2,72):250 (250)
(2,73):250 (250)
(2,74):250 (250)
(2,75):250 (250)
(2,76):250 (250)
(2,77):250 (250)
(2,78):250 (250)
(2,79):250 (250)
(2,80):250 (250)
(2,81):250 (250)
(2,82):250 (250)
(2,83):250 (250)
(2,84):250 (250)
(2,85):250 (250)
(2,86):250 (250)
(2,87):250 (250)
(2,88):250 (250)
(2,89):250 (250)
(2,90):250 (250)
(2,91):250 (250)
(2,92):250 (250)
(2,93):250 (250)
(2,94):250 (250)
(2,95):250 (250)
(2,96):250 (250)
(2,97):250 (250)
(2,98):250 (250)
(2,99):250 (250)
(2,100):250 (250)
(2,101):250 (250)
(2,102):250 (250)
(2,103):250 (250)
(2,104):250 (250)
(2,105):250 (250)
(2,106):250 (250)
(2,107):250 (250)
(2,108):250 (250)
(2,109):250 (250)
(2,110):250 (250)
(2,111):250 (250)
(2,112):250 (250)
(2,113):250 (250)
(2,114):250 (250)
(2,115):250 (250)
(2,116):250 (250)
(2,117):250 (250)
(2,118):250 (250)
(2,119):250 (250)
(2,120):250 (250)
(2,121):250 (250)
(2,122):250 (250)
(2,123):250 (250)
(2,124):250 (250)
(2,125):250 (250)
(2,126):187 (187)
(2,127):187 (187)
(3,0):203 (203)
(3,1):203 (203)
(3,2):250 (250)
(3,3):250 (250)
(3,4):250 (250)
(3,5):250 (250)
(3,6):250 (250)
(3,7):250 (250)
(3,8):250 (250)
(3,9):250 (250)
(3,10):250 (250)
(3,11):250 (250)
(3,12):250 (250)
(3,13):250 (250)
(3,14):250 (250)
(3,15):250 (250)
(3,16):250 (250)
(3,17):250 (250)
(3,18):250 (250)
(3,19):250 (250)
(3,20):250 (250)
(3,21):250 (250)
(3,22):250 (250)
(3,23):250 (250)
(3,24):250 (250)
(3,25):250 (250)
(3,26):250 (250)
(3,27):250 (250)
(3,28):250 (250)
(3,29):250 (250)
(3,30):250 (250)
(3,31):250 (250)
(3,32):250 (250)
(3,33):250 (250)
(3,34):250 (250)
(3,35):250 (250)
(3,36):250 (250)
(3,37):250 (250)
(3,38):250 (250)
(3,39):250 (250)
(3,40):250 (250)
(3,41):250 (250)
(3,42):250 (250)
(3,43):250 (250)
(3,44):250 (250)
(3,45):250 (250)
(3,46):250 (250)
(3,47):250 (250)
(3,48):250 (250)
(3,49):250 (250)
(3,50):250 (250)
(3,51):250 (250)
(3,52):250 (250)
(3,53):250 (250)
(3,54):250 (250)
(3,55):250 (250)
(3,56):250 (250)
(3,57):250 (250)
(3,58):250 (250)
(3,59):250 (250)
(3,60):250 (250)
(3,61):250 (250)
(3,62):250 (250)
(3,63):250 (250)
(3,64):250 (250)
(3,65):250 (250)
(3,66):250 (250)
(3,67):250 (250)
(3,68):250 (250)
(3,69):250 (250)
(3,70):250 (250)
(3,71):250 (250)
(3,72):250 (250)
(3,73):250 (250)
(3,74):250 (250)
(3,75):250 (250)
(3,76):250 (250)
(3,77):250 (250)
(3,78):250 (250)
(3,79):250 (250)
(3,80):250 (250)
(3,81):250 (250)
(3,82):250 (250)
(3,83):250 (250)
(3,84):250 (250)
(3,85):250 (250)
(3,86):250 (250)
(3,87):250 (250)
(3,88):250 (250)
(3,89):250 (250)
(3,90):250 (250)
(3,91):250 (250)
(3,92):250 (250)
(3,93):250 (250)
(3,94):250 (250)
(3,95):250 (250)
(3,96):250 (250)
(3,97):250 (250)
(3,98):250 (250)
(3,99):250 (250)
(3,100):250 (250)
(3,101):250 (250)
(3,102):250 (250)
(3,103):250 (250)
(3,104):250 (250)
(3,105):250 (250)
(3,106):250 (250)
(3,107):250 (250)
(3,108):250 (250)
(3,109):250 (250)
(3,110):250 (250)
(3,111):250 (250)
(3,112):250 (250)
(3,113):250 (250)
(3,114):250 (250)
(3,115):250 (250)
(3,116):250 (250)
(3,117):250 (250)
(3,118):250 (250)
(3,119):250 (250)
(3,120):250 (250)
(3,121):250 (250)
(3,122):250 (250)
(3,123):250 (250)
(3,124):250 (250)
(3,125):250 (250)
(3,126):187 (187)
(3,127):187 (187)
(4,0):203 (203)
(4,1):203 (203)
(4,2):250 (250)
(4,3):250 (250)
(4,4):250 (250)
(4,5):250 (250)
(4,6):250 (250)
(4,7):250 (250)
(4,8):250 (250)
(4,9):250 (250)
(4,10):250 (250)
(4,11):250 (250)
(4,12):250 (250)
(4,13):250 (250)
(4,14):250 (250)
(4,15):250 (250)
(4,16):250 (250)
(4,17):250 (250)
(4,18):250 (250)
(4,19):250 (250)
(4,20):250 (250)
(4,21):250 (250)
(4,22):250 (250)
(4,23):250 (250)
(4,24):250 (250)
(4,25):250 (250)
(4,26):250 (250)
(4,27):250 (250)
(4,28):250 (250)
(4,29):250 (250)
(4,30):250 (250)
(4,31):250 (250)
(4,32):250 (250)
(4,33):250 (250)
(4,34):250 (250)
(4,35):250 (250)
(4,36):250 (250)
(4,37):250 (250)
(4,38):250 (250)
(4,39):250 (250)
(4,40):250 (250)
(4,41):250 (250)
(4,42):250 (250)
(4,43):250 (250)
(4,44):250 (250)
(4,45):250 (250)
(4,46):250 (250)
(4,47):250 (250)
(4,48):250 (250)
(4,49):250 (250)
(4,50):250 (250)
(4,51):250 (250)
(4,52):250 (250)
(4,53):250 (250)
(4,54):250 (250)
(4,55):250 (250)
(4,56):250 (250)
(4,57):250 (250)
(4,58):250 (250)
(4,59):250 (250)
(4,60):250 (250)
(4,61):250 (250)
(4,62):250 (250)
(4,63):250 (250)
(4,64):250 (250)
(4,65):250 (250)
(4,66):250 (250)
(4,67):250 (250)
(4,68):250 (250)
(4,69):250 (250)
(4,70):250 (250)
(4,71):250 (250)
(4,72):250 (250)
(4,73):250 (250)
(4,74):250 (250)
(4,75):250 (250)
(4,76):250 (250)
(4,77):250 (250)
(4,78):250 (250)
(4,79):250 (250)
(4,80):250 (250)
(4,81):249 (249)
(4,82):247 (247)
(4,83):244 (244)
(4,84):243 (243)
(4,85):242 (242)
(4,86):242 (242)
(4,87):242 (242)
(4,88):245 (245)
(4,89):247 (247)
(4,90):249 (249)
(4,91):250 (250)
(4,92):249 (249)
(4,93):250 (250)
(4,94):250 (250)
(4,95):250 (250)
(4,96):250 (250)
(4,97):250 (250)
(4,98):250 (250)
(4,99):250 (250)
(4,100):250 (250)
(4,101):250 (250)
(4,102):250 (250)
(4,103):250 (250)
(4,104):250 (250)
(4,105):250 (250)
(4,106):250 (250)
(4,107):250 (250)
(4,108):250 (250)
(4,109):250 (250)
(4,110):250 (250)
(4,111):250 (250)
(4,112):250 (250)
(4,113):250 (250)
(4,114):250 (250)
(4,115):250 (250)
(4,116):250 (250)
(4,117):250 (250)
(4,118):250 (250)
(4,119):250 (250)
(4,120):250 (250)
(4,121):250 (250)
(4,122):250 (250)
(4,123):250 (250)
(4,124):250 (250)
(4,125):250 (250)
(4,126):187 (187)
(4,127):187 (187)
(5,0):203 (203)
(5,1):203 (203)
(5,2):250 (250)
(5,3):250 (250)
(5,4):250 (250)
(5,5):250 (250)
(5,6):250 (250)
(5,7):250 (250)
(5,8):250 (250)
(5,9):250 (250)
(5,10):250 (250)
(5,11):250 (250)
(5,12):250 (250)
(5,13):250 (250)
(5,14):250 (250)
(5,15):250 (250)
(5,16):250 (250)
(5,17):250 (250)
(5,18):250 (250)
(5,19):250 (250)
(5,20):250 (250)
(5,21):250 (250)
(5,22):250 (250)
(5,23):250 (250)
(5,24):250 (250)
(5,25):250 (250)
(5,26):250 (250)
(5,27):250 (250)
(5,28):250 (250)
(5,29):250 (250)
(5,30):250 (250)
(5,31):250 (250)
(5,32):250 (250)
(5,33):250 (250)
(5,34):250 (250)
(5,35):250 (250)
(5,36):250 (250)
(5,37):250 (250)
(5,38):250 (250)
(5,39):250 (250)
(5,40):250 (250)
(5,41):250 (250)
(5,42):250 (250)
(5,43):250 (250)
(5,44):250 (250)
(5,45):250 (250)
(5,46):250 (250)
(5,47):250 (250)
(5,48):250 (250)
(5,49):250 (250)
(5,50):250 (250)
(5,51):250 (250)
(5,52):250 (250)
(5,53):250 (250)
(5,54):250 (250)
(5,55):250 (250)
(5,56):250 (250)
(5,57):250 (250)
(5,58):250 (250)
(5,59):250 (250)
(5,60):250 (250)
(5,61):250 (250)
(5,62):250 (250)
(5,63):250 (250)
(5,64):250 (250)
(5,65):250 (250)
(5,66):250 (250)
(5,67):250 (250)
(5,68):250 (250)
(5,69):250 (250)
(5,70):250 (250)
(5,71):250 (250)
(5,72):250 (250)
(5,73):250 (250)
(5,74):250 (250)
(5,75):250 (250)
(5,76):250 (250)
(5,77):250 (250)
(5,78):249 (249)
(5,79):246 (246)
(5,80):241 (241)
(5,81):234 (234)
(5,82):226 (226)
(5,83):218 (218)
(5,84):211 (211)
(5,85):206 (206)
(5,86):207 (207)
(5,87):210 (210)
(5,88):216 (216)
(5,89):223 (223)
(5,90):231 (231)
(5,91):238 (238)
(5,92):243 (243)
(5,93):248 (248)
(5,94):249 (249)
(5,95):250 (250)
(5,96):250 (250)
(5,97):250 (250)
(5,98):250 (250)
(5,99):250 (250)
(5,100):250 (250)
(5,101):250 (250)
(5,102):250 (250)
(5,103):250 (250)
(5,104):250 (250)
(5,105):250 (250)
(5,106):250 (250)
(5,107):250 (250)
(5,108):250 (250)
(5,109):250 (250)
(5,110):250 (250)
(5,111):250 (250)
(5,112):250 (250)
(5,113):250 (250)
(5,114):250 (250)
(5,115):250 (250)
(5,116):250 (250)
(5,117):250 (250)
(5,118):250 (250)
(5,119):250 (250)
(5,120):250 (250)
(5,121):250 (250)
(5,122):250 (250)
(5,123):250 (250)
(5,124):250 (250)
(5,125):250 (250)
(5,126):187 (187)
(5,127):187 (187)
(6,0):203 (203)
(6,1):203 (203)
(6,2):250 (250)
(6,3):250 (250)
(6,4):250 (250)
(6,5):250 (250)
(6,6):250 (250)
(6,7):250 (250)
(6,8):250 (250)
(6,9):250 (250)
(6,10):250 (250)
(6,11):250 (250)
(6,12):250 (250)
(6,13):250 (250)
(6,14):250 (250)
(6,15):250 (250)
(6,16):250 (250)
(6,17):250 (250)
(6,18):250 (250)
(6,19):250 (250)
(6,20):250 (250)
(6,21):250 (250)
(6,22):250 (250)
(6,23):250 (250)
(6,24):250 (250)
(6,25):250 (250)
(6,26):250 (250)
(6,27):250 (250)
(6,28):250 (250)
(6,29):250 (250)
(6,30):250 (250)
(6,31):250 (250)
(6,32):250 (250)
(6,33):250 (250)
(6,34):250 (250)
(6,35):250 (250)
(6,36):250 (250)
(6,37):250 (250)
(6,38):250 (250)
(6,39):250 (250)
(6,40):250 (250)
(6,41):250 (250)
(6,42):250 (250)
(6,43):250 (250)
(6,44):250 (250)
(6,45):250 (250)
(6,46):250 (250)
(6,47):250 (250)
(6,48):250 (250)
(6,49):250 (250)
(6,50):250 (250)
(6,51):250 (250)
(6,52):250 (250)
(6,53):250 (250)
(6,54):250 (250)
(6,55):250 (250)
(6,56):250 (250)
(6,57):250 (250)
(6,58):250 (250)
(6,59):250 (250)
(6,60):250 (250)
(6,61):250 (250)
(6,62):250 (250)
(6,63):250 (250)
(6,64):250 (250)
(6,65):250 (250)
(6,66):250 (250)
(6,67):250 (250)
(6,68):250 (250)
(6,69):250 (250)
(6,70):250 (250)
(6,71):250 (250)
(6,72):250 (250)
(6,73):249 (249)
(6,74):248 (248)
(6,75):247 (247)
(6,76):243 (243)
(6,77):239 (239)
(6,78):232 (232)
(6,79):225 (225)
(6,80):218 (218)
(6,81):212 (212)
(6,82):209 (209)
(6,83):199 (199)
(6,84):187 (187)
(6,85):174 (174)
(6,86):181 (181)
(6,87):188 (188)
(6,88):203 (203)
(6,89):207 (207)
(6,90):209 (209)
(6,91):215 (215)
(6,92):222 (222)
(6,93):230 (230)
(6,94):233 (233)
(6,95):243 (243)
(6,96):243 (243)
(6,97):249 (249)
(6,98):245 (245)
(6,99):250 (250)
(6,100):250 (250)
(6,101):250 (250)
(6,102):250 (250)
(6,103):250 (250)
(6,104):250 (250)
(6,105):250 (250)
(6,106):250 (250)
(6,107):250 (250)
(6,108):250 (250)
(6,109):250 (250)
(6,110):250 (250)
(6,111):250 (250)
(6,112):250 (250)
(6,113):250 (250)
(6,114):250 (250)
(6,115):250 (250)
(6,116):250 (250)
(6,117):250 (250)
(6,118):250 (250)
(6,119):250 (250)
(6,120):250 (250)
(6,121):250 (250)
(6,122):250 (250)
(6,123):250 (250)
(6,124):250 (250)
(6,125):250 (250)
(6,126):187 (187)
(6,127):187 (187)
(7,0):203 (203)
(7,1):203 (203)
(7,2):250 (250)
(7,3):250 (250)
(7,4):250 (250)
(7,5):250 (250)
(7,6):250 (250)
(7,7):250 (250)
(7,8):250 (250)
(7,9):250 (250)
(7,10):250 (250)
(7,11):250 (250)
(7,12):250 (250)
(7,13):250 (250)
(7,14):250 (250)
(7,15):250 (250)
(7,16):250 (250)
(7,17):250 (250)
(7,18):250 (250)
(7,19):250 (250)
(7,20):250 (250)
(7,21):250 (250)
(7,22):250 (250)
(7,23):250 (250)
(7,24):250 (250)
(7,25):250 (250)
(7,26):250 (250)
(7,27):250 (250)
(7,28):250 (250)
(7,29):250 (250)
(7,30):250 (250)
(7,31):250 (250)
(7,32):250 (250)
(7,33):250 (250)
(7,34):250 (250)
(7,35):250 (250)
(7,36):250 (250)
(7,37):250 (250)
(7,38):250 (250)
(7,39):250 (250)
(7,40):250 (250)
(7,41):250 (250)
(7,42):250 (250)
(7,43):250 (250)
(7,44):250 (250)
(7,45):250 (250)
(7,46):250 (250)
(7,47):250 (250)
(7,48):250 (250)
(7,49):250 (250)
(7,50):250 (250)
(7,51):250 (250)
(7,52):250 (250)
(7,53):250 (250)
(7,54):250 (250)
(7,55):249 (249)
(7,56):249 (249)
(7,57):249 (249)
(7,58):249 (249)
(7,59):249 (249)
(7,60):249 (249)
(7,61):250 (250)
(7,62):250 (250)
(7,63):250 (250)
(7,64):250 (250)
(7,65):250 (250)
(7,66):250 (250)
(7,67):250 (250)
(7,68):250 (250)
(7,69):250 (250)
(7,70):249 (249)
(7,71):246 (246)
(7,72):241 (241)
(7,73):235 (235)
(7,74):227 (227)
(7,75):220 (220)
(7,76):213 (213)
(7,77):208 (208)
(7,78):206 (206)
(7,79):203 (203)
(7,80):201 (201)
(7,81):174 (174)
(7,82):141 (141)
(7,83):98 (98)
(7,84):84 (84)
(7,85):69 (69)
(7,86):83 (83)
(7,87):75 (75)
(7,88):106 (106)
(7,89):125 (125)
(7,90):157 (157)
(7,91):185 (185)
(7,92):201 (201)
(7,93):209 (209)
(7,94):215 (215)
(7,95):224 (224)
(7,96):231 (231)
(7,97):239 (239)
(7,98):245 (245)
(7,99):249 (249)
(7,100):250 (250)
(7,101):250 (250)
(7,102):250 (250)
(7,103):250 (250)
(7,104):250 (250)
(7,105):250 (250)
(7,106):250 (250)
(7,107):250 (250)
(7,108):250 (250)
(7,109):250 (250)
(7,110):250 (250)
(7,111):250 (250)
(7,112):250 (250)
(7,113):250 (250)
(7,114):250 (250)
(7,115):250 (250)
(7,116):250 (250)
(7,117):250 (250)
(7,118):250 (250)
(7,119):250 (250)
(7,120):250 (250)
(7,121):250 (250)
(7,122):250 (250)
(7,123):250 (250)
(7,124):250 (250)
(7,125):250 (250)
(7,126):187 (187)
(7,127):187 (187)
(8,0):203 (203)
(8,1):203 (203)
(8,2):250 (250)
(8,3):250 (250)
(8,4):250 (250)
(8,5):250 (250)
(8,6):250 (250)
(8,7):250 (250)
(8,8):250 (250)
(8,9):250 (250)
(8,10):250 (250)
(8,11):250 (250)
(8,12):250 (250)
(8,13):250 (250)
(8,14):250 (250)
(8,15):250 (250)
(8,16):250 (250)
(8,17):250 (250)
(8,18):250 (250)
(8,19):250 (250)
(8,20):250 (250)
(8,21):250 (250)
(8,22):250 (250)
(8,23):250 (250)
(8,24):250 (250)
(8,25):250 (250)
(8,26):250 (250)
(8,27):250 (250)
(8,28):250 (250)
(8,29):250 (250)
(8,30):250 (250)
(8,31):250 (250)
(8,32):250 (250)
(8,33):250 (250)
(8,34):250 (250)
(8,35):250 (250)
(8,36):250 (250)
(8,37):250 (250)
(8,38):250 (250)
(8,39):250 (250)
(8,40):250 (250)
(8,41):250 (250)
(8,42):250 (250)
(8,43):250 (250)
(8,44):250 (250)
(8,45):250 (250)
(8,46):250 (250)
(8,47):250 (250)
(8,48):250 (250)
(8,49):250 (250)
(8,50):250 (250)
(8,51):249 (249)
(8,52):249 (249)
(8,53):249 (249)
(8,54):248 (248)
(8,55):247 (247)
(8,56):247 (247)
(8,57):247 (247)
(8,58):247 (247)
(8,59):248 (248)
(8,60):248 (248)
(8,61):248 (248)
(8,62):248 (248)
(8,63):248 (248)
(8,64):249 (249)
(8,65):248 (248)
(8,66):249 (249)
(8,67):249 (249)
(8,68):250 (250)
(8,69):248 (248)
(8,70):242 (242)
(8,71):234 (234)
(8,72):227 (227)
(8,73):221 (221)
(8,74):217 (217)
(8,75):209 (209)
(8,76):205 (205)
(8,77):194 (194)
(8,78):177 (177)
(8,79):149 (149)
(8,80):124 (124)
(8,81):93 (93)
(8,82):89 (89)
(8,83):84 (84)
(8,84):120 (120)
(8,85):119 (119)
(8,86):141 (141)
(8,87):111 (111)
(8,88):104 (104)
(8,89):84 (84)
(8,90):89 (89)
(8,91):96 (96)
(8,92):124 (124)
(8,93):157 (157)
(8,94):185 (185)
(8,95):204 (204)
(8,96):181 (181)
(8,97):222 (222)
(8,98):225 (225)
(8,99):237 (237)
(8,100):244 (244)
(8,101):249 (249)
(8,102):250 (250)
(8,103):250 (250)
(8,104):250 (250)
(8,105):250 (250)
(8,106):250 (250)
(8,107):250 (250)
(8,108):250 (250)
(8,109):250 (250)
(8,110):250 (250)
(8,111):250 (250)
(8,112):250 (250)
(8,113):250 (250)
(8,114):250 (250)
(8,115):250 (250)
(8,116):250 (250)
(8,117):250 (250)
(8,118):250 (250)
(8,119):250 (250)
(8,120):250 (250)
(8,121):250 (250)
(8,122):250 (250)
(8,123):250 (250)
(8,124):250 (250)
(8,125):250 (250)
(8,126):187 (187)
(8,127):187 (187)
(9,0):203 (203)
(9,1):203 (203)
(9,2):250 (250)
(9,3):250 (250)
(9,4):250 (250)
(9,5):250 (250)
(9,6):250 (250)
(9,7):250 (250)
(9,8):250 (250)
(9,9):250 (250)
(9,10):250 (250)
(9,11):250 (250)
(9,12):250 (250)
(9,13):250 (250)
(9,14):250 (250)
(9,15):250 (250)
(9,16):250 (250)
(9,17):250 (250)
(9,18):250 (250)
(9,19):250 (250)
(9,20):250 (250)
(9,21):250 (250)
(9,22):250 (250)
(9,23):250 (250)
(9,24):250 (250)
(9,25):250 (250)
(9,26):250 (250)
(9,27):250 (250)
(9,28):250 (250)
(9,29):250 (250)
(9,30):250 (250)
(9,31):250 (250)
(9,32):250 (250)
(9,33):250 (250)
(9,34):250 (250)
(9,35):250 (250)
(9,36):250 (250)
(9,37):250 (250)
(9,38):250 (250)
(9,39):250 (250)
(9,40):250 (250)
(9,41):250 (250)
(9,42):250 (250)
(9,43):249 (249)
(9,44):249 (249)
(9,45):246 (246)
(9,46):246 (246)
(9,47):242 (242)
(9,48):239 (239)
(9,49):235 (235)
(9,50):231 (231)
(9,51):226 (226)
(9,52):221 (221)
(9,53):217 (217)
(9,54):220 (220)
(9,55):211 (211)
(9,56):215 (215)
(9,57):209 (209)
(9,58):219 (219)
(9,59):209 (209)
(9,60):215 (215)
(9,61):210 (210)
(9,62):215 (215)
(9,63):209 (209)
(9,64):212 (212)
(9,65):212 (212)
(9,66):216 (216)
(9,67):217 (217)
(9,68):221 (221)
(9,69):220 (220)
(9,70):217 (217)
(9,71):211 (211)
(9,72):206 (206)
(9,73):177 (177)
(9,74):136 (136)
(9,75):108 (108)
(9,76):94 (94)
(9,77):80 (80)
(9,78):78 (78)
(9,79):64 (64)
(9,80):77 (77)
(9,81):63 (63)
(9,82):107 (107)
(9,83):89 (89)
(9,84):131 (131)
(9,85):85 (85)
(9,86):133 (133)
(9,87):80 (80)
(9,88):139 (139)
(9,89):96 (96)
(9,90):112 (112)
(9,91):74 (74)
(9,92):80 (80)
(9,93):70 (70)
(9,94):92 (92)
(9,95):120 (120)
(9,96):165 (165)
(9,97):199 (199)
(9,98):217 (217)
(9,99):226 (226)
(9,100):235 (235)
(9,101):242 (242)
(9,102):249 (249)
(9,103):250 (250)
(9,104):249 (249)
(9,105):250 (250)
(9,106):250 (250)
(9,107):250 (250)
(9,108):250 (250)
(9,109):250 (250)
(9,110):250 (250)
(9,111):250 (250)
(9,112):250 (250)
(9,113):250 (250)
(9,114):250 (250)
(9,115):250 (250)
(9,116):250 (250)
(9,117):250 (250)
(9,118):250 (250)
(9,119):250 (250)
(9,120):250 (250)
(9,121):250 (250)
(9,122):250 (250)
(9,123):250 (250)
(9,124):250 (250)
(9,125):250 (250)
(9,126):187 (187)
(9,127):187 (187)
(10,0):203 (203)
(10,1):203 (203)
(10,2):250 (250)
(10,3):250 (250)
(10,4):250 (250)
(10,5):250 (250)
(10,6):250 (250)
(10,7):250 (250)
(10,8):250 (250)
(10,9):250 (250)
(10,10):250 (250)
(10,11):250 (250)
(10,12):250 (250)
(10,13):250 (250)
(10,14):250 (250)
(10,15):250 (250)
(10,16):250 (250)
(10,17):250 (250)
(10,18):250 (250)
(10,19):250 (250)
(10,20):250 (250)
(10,21):250 (250)
(10,22):250 (250)
(10,23):250 (250)
(10,24):250 (250)
(10,25):250 (250)
(10,26):250 (250)
(10,27):250 (250)
(10,28):250 (250)
(10,29):250 (250)
(10,30):250 (250)
(10,31):250 (250)
(10,32):250 (250)
(10,33):250 (250)
(10,34):250 (250)
(10,35):249 (249)
(10,36):250 (250)
(10,37):249 (249)
(10,38):249 (249)
(10,39):247 (247)
(10,40):244 (244)
(10,41):239 (239)
(10,42):235 (235)
(10,43):227 (227)
(10,44):221 (221)
(10,45):215 (215)
(10,46):210 (210)
(10,47):208 (208)
(10,48):205 (205)
(10,49):205 (205)
(10,50):205 (205)
(10,51):206 (206)
(10,52):208 (208)
(10,53):207 (207)
(10,54):207 (207)
(10,55):203 (203)
(10,56):208 (208)
(10,57):204 (204)
(10,58):212 (212)
(10,59):212 (212)
(10,60):216 (216)
(10,61):214 (214)
(10,62):218 (218)
(10,63):213 (213)
(10,64):220 (220)
(10,65):212 (212)
(10,66):221 (221)
(10,67):213 (213)
(10,68):216 (216)
(10,69):208 (208)
(10,70):203 (203)
(10,71):181 (181)
(10,72):133 (133)
(10,73):82 (82)
(10,74):76 (76)
(10,75):84 (84)
(10,76):121 (121)
(10,77):114 (114)
(10,78):143 (143)
(10,79):126 (126)
(10,80):163 (163)
(10,81):136 (136)
(10,82):175 (175)
(10,83):139 (139)
(10,84):166 (166)
(10,85):135 (135)
(10,86):177 (177)
(10,87):133 (133)
(10,88):173 (173)
(10,89):134 (134)
(10,90):148 (148)
(10,91):139 (139)
(10,92):156 (156)
(10,93):110 (110)
(10,94):94 (94)
(10,95):72 (72)
(10,96):86 (86)
(10,97):103 (103)
(10,98):163 (163)
(10,99):204 (204)
(10,100):222 (222)
(10,101):234 (234)
(10,102):243 (243)
(10,103):249 (249)
(10,104):250 (250)
(10,105):250 (250)
(10,106):250 (250)
(10,107):250 (250)
(10,108):250 (250)
(10,109):250 (250)
(10,110):250 (250)
(10,111):250 (250)
(10,112):250 (250)
(10,113):250 (250)
(10,114):250 (250)
(10,115):250 (250)
(10,116):250 (250)
(10,117):250 (250)
(10,118):250 (250)
(10,119):250 (250)
(10,120):250 (250)
(10,121):250 (250)
(10,122):250 (250)
(10,123):250 (250)
(10,124):250 (250)
(10,125):250 (250)
(10,126):187 (187)
(10,127):187 (187)
(11,0):203 (203)
(11,1):203 (203)
(11,2):250 (250)
(11,3):250 (250)
(11,4):250 (250)
(11,5):250 (250)
(11,6):250 (250)
(11,7):250 (250)
(11,8):250 (250)
(11,9):250 (250)
(11,10):250 (250)
(11,11):250 (250)
(11,12):250 (250)
(11,13):250 (250)
(11,14):250 (250)
(11,15):250 (250)
(11,16):250 (250)
(11,17):250 (250)
(11,18):250 (250)
(11,19):250 (250)
(11,20):250 (250)
(11,21):250 (250)
(11,22):250 (250)
(11,23):250 (250)
(11,24):250 (250)
(11,25):250 (250)
(11,26):250 (250)
(11,27):250 (250)
(11,28):250 (250)
(11,29):250 (250)
(11,30):250 (250)
(11,31):250 (250)
(11,32):250 (250)
(11,33):250 (250)
(11,34):249 (249)
(11,35):249 (249)
(11,36):246 (246)
(11,37):243 (243)
(11,38):234 (234)
(11,39):228 (228)
(11,40):219 (219)
(11,41):213 (213)
(11,42):207 (207)
(11,43):203 (203)
(11,44):204 (204)
(11,45):199 (199)
(11,46):204 (204)
(11,47):181 (181)
(11,48):187 (187)
(11,49):167 (167)
(11,50):167 (167)
(11,51):143 (143)
(11,52):140 (140)
(11,53):105 (105)
(11,54):111 (111)
(11,55):90 (90)
(11,56):140 (140)
(11,57):84 (84)
(11,58):106 (106)
(11,59):92 (92)
(11,60):140 (140)
(11,61):86 (86)
(11,62):106 (106)
(11,63):84 (84)
(11,64):101 (101)
(11,65):88 (88)
(11,66):116 (116)
(11,67):121 (121)
(11,68):137 (137)
(11,69):129 (129)
(11,70):141 (141)
(11,71):103 (103)
(11,72):73 (73)
(11,73):53 (53)
(11,74):98 (98)
(11,75):95 (95)
(11,76):74 (74)
(11,77):74 (74)
(11,78):113 (113)
(11,79):77 (77)
(11,80):135 (135)
(11,81):89 (89)
(11,82):149 (149)
(11,83):92 (92)
(11,84):152 (152)
(11,85):92 (92)
(11,86):153 (153)
(11,87):95 (95)
(11,88):144 (144)
(11,89):84 (84)
(11,90):135 (135)
(11,91):83 (83)
(11,92):135 (135)
(11,93):78 (78)
(11,94):140 (140)
(11,95):92 (92)
(11,96):78 (78)
(11,97):64 (64)
(11,98):75 (75)
(11,99):141 (141)
(11,100):204 (204)
(11,101):218 (218)
(11,102):233 (233)
(11,103):241 (241)
(11,104):249 (249)
(11,105):249 (249)
(11,106):250 (250)
(11,107):250 (250)
(11,108):250 (250)
(11,109):250 (250)
(11,110):250 (250)
(11,111):250 (250)
(11,112):250 (250)
(11,113):250 (250)
(11,114):250 (250)
(11,115):250 (250)
(11,116):250 (250)
(11,117):250 (250)
(11,118):250 (250)
(11,119):250 (250)
(11,120):250 (250)
(11,121):250 (250)
(11,122):250 (250)
(11,123):250 (250)
(11,124):250 (250)
(11,125):250 (250)
(11,126):187 (187)
(11,127):187 (187)
(12,0):203 (203)
(12,1):203 (203)
(12,2):250 (250)
(12,3):250 (250)
(12,4):250 (250)
(12,5):250 (250)
(12,6):250 (250)
(12,7):250 (250)
(12,8):250 (250)
(12,9):250 (250)
(12,10):250 (250)
(12,11):250 (250)
(12,12):250 (250)
(12,13):250 (250)
(12,14):250 (250)
(12,15):250 (250)
(12,16):250 (250)
(12,17):250 (250)
(12,18):250 (250)
(12,19):250 (250)
(12,20):250 (250)
(12,21):250 (250)
(12,22):250 (250)
(12,23):250 (250)
(12,24):250 (250)
(12,25):250 (250)
(12,26):250 (250)
(12,27):250 (250)
(12,28):250 (250)
(12,29):250 (250)
(12,30):249 (249)
(12,31):247 (247)
(12,32):243 (243)
(12,33):237 (237)
(12,34):231 (231)
(12,35):223 (223)
(12,36):217 (217)
(12,37):210 (210)
(12,38):208 (208)
(12,39):203 (203)
(12,40):200 (200)
(12,41):180 (180)
(12,42):168 (168)
(12,43):133 (133)
(12,44):129 (129)
(12,45):103 (103)
(12,46):95 (95)
(12,47):86 (86)
(12,48):86 (86)
(12,49):84 (84)
(12,50):95 (95)
(12,51):84 (84)
(12,52):103 (103)
(12,53):91 (91)
(12,54):118 (118)
(12,55):106 (106)
(12,56):128 (128)
(12,57):112 (112)
(12,58):140 (140)
(12,59):117 (117)
(12,60):144 (144)
(12,61):132 (132)
(12,62):152 (152)
(12,63):136 (136)
(12,64):161 (161)
(12,65):123 (123)
(12,66):146 (146)
(12,67):107 (107)
(12,68):127 (127)
(12,69):97 (97)
(12,70):92 (92)
(12,71):59 (59)
(12,72):63 (63)
(12,73):55 (55)
(12,74):85 (85)
(12,75):84 (84)
(12,76):132 (132)
(12,77):122 (122)
(12,78):175 (175)
(12,79):136 (136)
(12,80):167 (167)
(12,81):141 (141)
(12,82):196 (196)
(12,83):153 (153)
(12,84):208 (208)
(12,85):155 (155)
(12,86):206 (206)
(12,87):157 (157)
(12,88):201 (201)
(12,89):155 (155)
(12,90):203 (203)
(12,91):147 (147)
(12,92):182 (182)
(12,93):132 (132)
(12,94):176 (176)
(12,95):99 (99)
(12,96):161 (161)
(12,97):79 (79)
(12,98):76 (76)
(12,99):74 (74)
(12,100):144 (144)
(12,101):201 (201)
(12,102):218 (218)
(12,103):233 (233)
(12,104):240 (240)
(12,105):249 (249)
(12,106):249 (249)
(12,107):250 (250)
(12,108):250 (250)
(12,109):250 (250)
(12,110):250 (250)
(12,111):250 (250)
(12,112):250 (250)
(12,113):250 (250)
(12,114):250 (250)
(12,115):250 (250)
(12,116):250 (250)
(12,117):250 (250)
(12,118):250 (250)
(12,119):250 (250)
(12,120):250 (250)
(12,121):250 (250)
(12,122):250 (250)
(12,123):250 (250)
(12,124):250 (250)
(12,125):250 (250)
(12,126):187 (187)
(12,127):187 (187)
(13,0):203 (203)
(13,1):203 (203)
(13,2):250 (250)
(13,3):250 (250)
(13,4):250 (250)
(13,5):250 (250)
(13,6):250 (250)
(13,7):250 (250)
(13,8):250 (250)
(13,9):250 (250)
(13,10):250 (250)
(13,11):250 (250)
(13,12):250 (250)
(13,13):250 (250)
(13,14):250 (250)
(13,15):250 (250)
(13,16):250 (250)
(13,17):250 (250)
(13,18):250 (250)
(13,19):250 (250)
(13,20):250 (250)
(13,21):250 (250)
(13,22):250 (250)
(13,23):250 (250)
(13,24):250 (250)
(13,25):250 (250)
(13,26):250 (250)
(13,27):249 (249)
(13,28):247 (247)
(13,29):244 (244)
(13,30):236 (236)
(13,31):230 (230)
(13,32):221 (221)
(13,33):215 (215)
(13,34):209 (209)
(13,35):205 (205)
(13,36):203 (203)
(13,37):200 (200)
(13,38):179 (179)
(13,39):148 (148)
(13,40):109 (109)
(13,41):78 (78)
(13,42):79 (79)
(13,43):64 (64)
(13,44):77 (77)
(13,45):59 (59)
(13,46):81 (81)
(13,47):65 (65)
(13,48):137 (137)
(13,49):92 (92)
(13,50):147 (147)
(13,51):97 (97)
(13,52):138 (138)
(13,53):90 (90)
(13,54):144 (144)
(13,55):79 (79)
(13,56):118 (118)
(13,57):87 (87)
(13,58):146 (146)
(13,59):85 (85)
(13,60):133 (133)
(13,61):85 (85)
(13,62):138 (138)
(13,63):77 (77)
(13,64):137 (137)
(13,65):95 (95)
(13,66):139 (139)
(13,67):96 (96)
(13,68):136 (136)
(13,69):98 (98)
(13,70):126 (126)
(13,71):86 (86)
(13,72):131 (131)
(13,73):90 (90)
(13,74):77 (77)
(13,75):44 (44)
(13,76):66 (66)
(13,77):49 (49)
(13,78):90 (90)
(13,79):80 (80)
(13,80):137 (137)
(13,81):88 (88)
(13,82):136 (136)
(13,83):90 (90)
(13,84):144 (144)
(13,85):94 (94)
(13,86):151 (151)
(13,87):92 (92)
(13,88):155 (155)
(13,89):95 (95)
(13,90):157 (157)
(13,91):91 (91)
(13,92):157 (157)
(13,93):94 (94)
(13,94):138 (138)
(13,95):84 (84)
(13,96):100 (100)
(13,97):88 (88)
(13,98):79 (79)
(13,99):57 (57)
(13,100):65 (65)
(13,101):124 (124)
(13,102):199 (199)
(13,103):216 (216)
(13,104):233 (233)
(13,105):241 (241)
(13,106):249 (249)
(13,107):249 (249)
(13,108):250 (250)
(13,109):250 (250)
(13,110):250 (250)
(13,111):250 (250)
(13,112):250 (250)
(13,113):250 (250)
(13,114):250 (250)
(13,115):250 (250)
(13,116):250 (250)
(13,117):250 (250)
(13,118):250 (250)
(13,119):250 (250)
(13,120):250 (250)
(13,121):250 (250)
(13,122):250 (250)
(13,123):250 (250)
(13,124):250 (250)
(13,125):250 (250)
(13,126):187 (187)
(13,127):187 (187)
(14,0):203 (203)
(14,1):203 (203)
(14,2):250 (250)
(14,3):250 (250)
(14,4):250 (250)
(14,5):250 (250)
(14,6):250 (250)
(14,7):250 (250)
(14,8):250 (250)
(14,9):250 (250)
(14,10):250 (250)
(14,11):250 (250)
(14,12):250 (250)
(14,13):250 (250)
(14,14):250 (250)
(14,15):250 (250)
(14,16):250 (250)
(14,17):250 (250)
(14,18):250 (250)
(14,19):250 (250)
(14,20):250 (250)
(14,21):250 (250)
(14,22):250 (250)
(14,23):250 (250)
(14,24):249 (249)
(14,25):247 (247)
(14,26):242 (242)
(14,27):235 (235)
(14,28):228 (228)
(14,29):220 (220)
(14,30):213 (213)
(14,31):205 (205)
(14,32):199 (199)
(14,33):179 (179)
(14,34):154 (154)
(14,35):123 (123)
(14,36):112 (112)
(14,37):89 (89)
(14,38):94 (94)
(14,39):76 (76)
(14,40):90 (90)
(14,41):72 (72)
(14,42):103 (103)
(14,43):89 (89)
(14,44):118 (118)
(14,45):104 (104)
(14,46):148 (148)
(14,47):124 (124)
(14,48):163 (163)
(14,49):131 (131)
(14,50):176 (176)
(14,51):138 (138)
(14,52):184 (184)
(14,53):143 (143)
(14,54):186 (186)
(14,55):145 (145)
(14,56):188 (188)
(14,57):142 (142)
(14,58):186 (186)
(14,59):141 (141)
(14,60):188 (188)
(14,61):143 (143)
(14,62):189 (189)
(14,63):140 (140)
(14,64):179 (179)
(14,65):129 (129)
(14,66):186 (186)
(14,67):133 (133)
(14,68):179 (179)
(14,69):131 (131)
(14,70):155 (155)
(14,71):129 (129)
(14,72):177 (177)
(14,73):133 (133)
(14,74):187 (187)
(14,75):120 (120)
(14,76):155 (155)
(14,77):97 (97)
(14,78):102 (102)
(14,79):66 (66)
(14,80):153 (153)
(14,81):106 (106)
(14,82):176 (176)
(14,83):137 (137)
(14,84):186 (186)
(14,85):148 (148)
(14,86):201 (201)
(14,87):157 (157)
(14,88):209 (209)
(14,89):155 (155)
(14,90):210 (210)
(14,91):155 (155)
(14,92):208 (208)
(14,93):147 (147)
(14,94):203 (203)
(14,95):141 (141)
(14,96):178 (178)
(14,97):130 (130)
(14,98):164 (164)
(14,99):89 (89)
(14,100):75 (75)
(14,101):69 (69)
(14,102):124 (124)
(14,103):205 (205)
(14,104):215 (215)
(14,105):233 (233)
(14,106):240 (240)
(14,107):248 (248)
(14,108):250 (250)
(14,109):250 (250)
(14,110):250 (250)
(14,111):250 (250)
(14,112):250 (250)
(14,113):250 (250)
(14,114):250 (250)
(14,115):250 (250)
(14,116):250 (250)
(14,117):250 (250)
(14,118):250 (250)
(14,119):250 (250)
(14,120):250 (250)
(14,121):250 (250)
(14,122):250 (250)
(14,123):250 (250)
(14,124):250 (250)
(14,125):250 (250)
(14,126):187 (187)
(14,127):187 (187)
(15,0):203 (203)
(15,1):203 (203)
(15,2):250 (250)
(15,3):250 (250)
(15,4):250 (250)
(15,5):250 (250)
(15,6):250 (250)
(15,7):250 (250)
(15,8):250 (250)
(15,9):250 (250)
(15,10):250 (250)
(15,11):250 (250)
(15,12):250 (250)
(15,13):250 (250)
(15,14):250 (250)
(15,15):250 (250)
(15,16):250 (250)
(15,17):249 (249)
(15,18):250 (250)
(15,19):249 (249)
(15,20):250 (250)
(15,21):249 (249)
(15,22):249 (249)
(15,23):249 (249)
(15,24):241 (241)
(15,25):234 (234)
(15,26):226 (226)
(15,27):219 (219)
(15,28):210 (210)
(15,29):201 (201)
(15,30):183 (183)
(15,31):154 (154)
(15,32):115 (115)
(15,33):79 (79)
(15,34):83 (83)
(15,35):73 (73)
(15,36):87 (87)
(15,37):65 (65)
(15,38):96 (96)
(15,39):81 (81)
(15,40):127 (127)
(15,41):88 (88)
(15,42):129 (129)
(15,43):68 (68)
(15,44):110 (110)
(15,45):79 (79)
(15,46):141 (141)
(15,47):92 (92)
(15,48):152 (152)
(15,49):104 (104)
(15,50):163 (163)
(15,51):120 (120)
(15,52):171 (171)
(15,53):123 (123)
(15,54):169 (169)
(15,55):124 (124)
(15,56):170 (170)
(15,57):121 (121)
(15,58):165 (165)
(15,59):110 (110)
(15,60):162 (162)
(15,61):96 (96)
(15,62):158 (158)
(15,63):97 (97)
(15,64):154 (154)
(15,65):96 (96)
(15,66):151 (151)
(15,67):97 (97)
(15,68):154 (154)
(15,69):96 (96)
(15,70):151 (151)
(15,71):94 (94)
(15,72):143 (143)
(15,73):85 (85)
(15,74):132 (132)
(15,75):85 (85)
(15,76):120 (120)
(15,77):89 (89)
(15,78):135 (135)
(15,79):63 (63)
(15,80):71 (71)
(15,81):38 (38)
(15,82):74 (74)
(15,83):83 (83)
(15,84):104 (104)
(15,85):87 (87)
(15,86):143 (143)
(15,87):93 (93)
(15,88):157 (157)
(15,89):93 (93)
(15,90):156 (156)
(15,91):93 (93)
(15,92):156 (156)
(15,93):94 (94)
(15,94):147 (147)
(15,95):94 (94)
(15,96):139 (139)
(15,97):85 (85)
(15,98):123 (123)
(15,99):89 (89)
(15,100):86 (86)
(15,101):57 (57)
(15,102):68 (68)
(15,103):123 (123)
(15,104):200 (200)
(15,105):215 (215)
(15,106):233 (233)
(15,107):240 (240)
(15,108):249 (249)
(15,109):249 (249)
(15,110):250 (250)
(15,111):249 (249)
(15,112):250 (250)
(15,113):250 (250)
(15,114):250 (250)
(15,115):250 (250)
(15,116):250 (250)
(15,117):250 (250)
(15,118):250 (250)
(15,119):250 (250)
(15,120):250 (250)
(15,121):250 (250)
(15,122):250 (250)
(15,123):250 (250)
(15,124):250 (250)
(15,125):250 (250)
(15,126):187 (187)
(15,127):187 (187)
(16,0):203 (203)
(16,1):203 (203)
(16,2):250 (250)
(16,3):250 (250)
(16,4):250 (250)
(16,5):250 (250)
(16,6):250 (250)
(16,7):250 (250)
(16,8):250 (250)
(16,9):250 (250)
(16,10):248 (248)
(16,11):247 (247)
(16,12):245 (245)
(16,13):245 (245)
(16,14):244 (244)
(16,15):245 (245)
(16,16):246 (246)
(16,17):247 (247)
(16,18):248 (248)
(16,19):248 (248)
(16,20):248 (248)
(16,21):247 (247)
(16,22):243 (243)
(16,23):235 (235)
(16,24):229 (229)
(16,25):220 (220)
(16,26):213 (213)
(16,27):186 (186)
(16,28):152 (152)
(16,29):106 (106)
(16,30):94 (94)
(16,31):73 (73)
(16,32):80 (80)
(16,33):69 (69)
(16,34):98 (98)
(16,35):93 (93)
(16,36):137 (137)
(16,37):124 (124)
(16,38):169 (169)
(16,39):130 (130)
(16,40):178 (178)
(16,41):135 (135)
(16,42):167 (167)
(16,43):130 (130)
(16,44):190 (190)
(16,45):150 (150)
(16,46):202 (202)
(16,47):159 (159)
(16,48):212 (212)
(16,49):168 (168)
(16,50):215 (215)
(16,51):198 (198)
(16,52):235 (235)
(16,53):214 (214)
(16,54):235 (235)
(16,55):210 (210)
(16,56):230 (230)
(16,57):193 (193)
(16,58):218 (218)
(16,59):176 (176)
(16,60):210 (210)
(16,61):164 (164)
(16,62):208 (208)
(16,63):155 (155)
(16,64):209 (209)
(16,65):155 (155)
(16,66):209 (209)
(16,67):154 (154)
(16,68):205 (205)
(16,69):154 (154)
(16,70):210 (210)
(16,71):154 (154)
(16,72):207 (207)
(16,73):151 (151)
(16,74):203 (203)
(16,75):145 (145)
(16,76):187 (187)
(16,77):130 (130)
(16,78):171 (171)
(16,79):107 (107)
(16,80):163 (163)
(16,81):76 (76)
(16,82):87 (87)
(16,83):63 (63)
(16,84):129 (129)
(16,85):134 (134)
(16,86):169 (169)
(16,87):148 (148)
(16,88):206 (206)
(16,89):154 (154)
(16,90):210 (210)
(16,91):156 (156)
(16,92):209 (209)
(16,93):155 (155)
(16,94):209 (209)
(16,95):155 (155)
(16,96):204 (204)
(16,97):141 (141)
(16,98):175 (175)
(16,99):135 (135)
(16,100):165 (165)
(16,101):108 (108)
(16,102):75 (75)
(16,103):69 (69)
(16,104):119 (119)
(16,105):196 (196)
(16,106):216 (216)
(16,107):232 (232)
(16,108):241 (241)
(16,109):249 (249)
(16,110):249 (249)
(16,111):250 (250)
(16,112):249 (249)
(16,113):250 (250)
(16,114):250 (250)
(16,115):250 (250)
(16,116):250 (250)
(16,117):250 (250)
(16,118):250 (250)
(16,119):250 (250)
(16,120):250 (250)
(16,121):250 (250)
(16,122):250 (250)
(16,123):250 (250)
(16,124):250 (250)
(16,125):250 (250)
(16,126):187 (187)
(16,127):187 (187)
(17,0):203 (203)
(17,1):203 (203)
(17,2):250 (250)
(17,3):250 (250)
(17,4):250 (250)
(17,5):250 (250)
(17,6):250 (250)
(17,7):250 (250)
(17,8):247 (247)
(17,9):242 (242)
(17,10):233 (233)
(17,11):228 (228)
(17,12):218 (218)
(17,13):214 (214)
(17,14):207 (207)
(17,15):209 (209)
(17,16):210 (210)
(17,17):209 (209)
(17,18):209 (209)
(17,19):208 (208)
(17,20):208 (208)
(17,21):207 (207)
(17,22):205 (205)
(17,23):204 (204)
(17,24):200 (200)
(17,25):187 (187)
(17,26):136 (136)
(17,27):81 (81)
(17,28):79 (79)
(17,29):57 (57)
(17,30):78 (78)
(17,31):63 (63)
(17,32):109 (109)
(17,33):84 (84)
(17,34):129 (129)
(17,35):71 (71)
(17,36):136 (136)
(17,37):88 (88)
(17,38):146 (146)
(17,39):93 (93)
(17,40):152 (152)
(17,41):91 (91)
(17,42):151 (151)
(17,43):95 (95)
(17,44):156 (156)
(17,45):98 (98)
(17,46):158 (158)
(17,47):115 (115)
(17,48):173 (173)
(17,49):170 (170)
(17,50):220 (220)
(17,51):211 (211)
(17,52):231 (231)
(17,53):217 (217)
(17,54):231 (231)
(17,55):218 (218)
(17,56):230 (230)
(17,57):213 (213)
(17,58):223 (223)
(17,59):188 (188)
(17,60):197 (197)
(17,61):136 (136)
(17,62):166 (166)
(17,63):103 (103)
(17,64):158 (158)
(17,65):96 (96)
(17,66):154 (154)
(17,67):93 (93)
(17,68):155 (155)
(17,69):95 (95)
(17,70):158 (158)
(17,71):96 (96)
(17,72):157 (157)
(17,73):96 (96)
(17,74):151 (151)
(17,75):97 (97)
(17,76):154 (154)
(17,77):92 (92)
(17,78):136 (136)
(17,79):81 (81)
(17,80):138 (138)
(17,81):64 (64)
(17,82):90 (90)
(17,83):32 (32)
(17,84):63 (63)
(17,85):75 (75)
(17,86):127 (127)
(17,87):89 (89)
(17,88):145 (145)
(17,89):95 (95)
(17,90):153 (153)
(17,91):92 (92)
(17,92):155 (155)
(17,93):94 (94)
(17,94):155 (155)
(17,95):95 (95)
(17,96):155 (155)
(17,97):95 (95)
(17,98):140 (140)
(17,99):88 (88)
(17,100):133 (133)
(17,101):95 (95)
(17,102):104 (104)
(17,103):57 (57)
(17,104):67 (67)
(17,105):122 (122)
(17,106):200 (200)
(17,107):217 (217)
(17,108):234 (234)
(17,109):241 (241)
(17,110):249 (249)
(17,111):249 (249)
(17,112):250 (250)
(17,113):250 (250)
(17,114):250 (250)
(17,115):250 (250)
(17,116):250 (250)
(17,117):250 (250)
(17,118):250 (250)
(17,119):250 (250)
(17,120):250 (250)
(17,121):250 (250)
(17,122):250 (250)
(17,123):250 (250)
(17,124):250 (250)
(17,125):250 (250)
(17,126):187 (187)
(17,127):187 (187)
(18,0):203 (203)
(18,1):203 (203)
(18,2):250 (250)
(18,3):250 (250)
(18,4):250 (250)
(18,5):249 (249)
(18,6):246 (246)
(18,7):239 (239)
(18,8):231 (231)
(18,9):224 (224)
(18,10):215 (215)
(18,11):212 (212)
(18,12):196 (196)
(18,13):187 (187)
(18,14):187 (187)
(18,15):191 (191)
(18,16):202 (202)
(18,17):207 (207)
(18,18):211 (211)
(18,19):205 (205)
(18,20):208 (208)
(18,21):202 (202)
(18,22):206 (206)
(18,23):193 (193)
(18,24):171 (171)
(18,25):102 (102)
(18,26):89 (89)
(18,27):72 (72)
(18,28):121 (121)
(18,29):112 (112)
(18,30):162 (162)
(18,31):109 (109)
(18,32):173 (173)
(18,33):134 (134)
(18,34):169 (169)
(18,35):146 (146)
(18,36):196 (196)
(18,37):149 (149)
(18,38):205 (205)
(18,39):156 (156)
(18,40):205 (205)
(18,41):152 (152)
(18,42):210 (210)
(18,43):156 (156)
(18,44):207 (207)
(18,45):156 (156)
(18,46):213 (213)
(18,47):175 (175)
(18,48):233 (233)
(18,49):227 (227)
(18,50):245 (245)
(18,51):240 (240)
(18,52):245 (245)
(18,53):242 (242)
(18,54):246 (246)
(18,55):240 (240)
(18,56):244 (244)
(18,57):236 (236)
(18,58):242 (242)
(18,59):230 (230)
(18,60):239 (239)
(18,61):208 (208)
(18,62):214 (214)
(18,63):167 (167)
(18,64):213 (213)
(18,65):159 (159)
(18,66):210 (210)
(18,67):155 (155)
(18,68):213 (213)
(18,69):154 (154)
(18,70):209 (209)
(18,71):156 (156)
(18,72):210 (210)
(18,73):156 (156)
(18,74):211 (211)
(18,75):156 (156)
(18,76):204 (204)
(18,77):149 (149)
(18,78):205 (205)
(18,79):144 (144)
(18,80):182 (182)
(18,81):124 (124)
(18,82):177 (177)
(18,83):92 (92)
(18,84):78 (78)
(18,85):55 (55)
(18,86):151 (151)
(18,87):133 (133)
(18,88):194 (194)
(18,89):152 (152)
(18,90):211 (211)
(18,91):155 (155)
(18,92):211 (211)
(18,93):155 (155)
(18,94):210 (210)
(18,95):154 (154)
(18,96):209 (209)
(18,97):155 (155)
(18,98):207 (207)
(18,99):146 (146)
(18,100):180 (180)
(18,101):133 (133)
(18,102):164 (164)
(18,103):88 (88)
(18,104):75 (75)
(18,105):66 (66)
(18,106):132 (132)
(18,107):195 (195)
(18,108):221 (221)
(18,109):231 (231)
(18,110):245 (245)
(18,111):245 (245)
(18,112):249 (249)
(18,113):250 (250)
(18,114):250 (250)
(18,115):250 (250)
(18,116):250 (250)
(18,117):250 (250)
(18,118):250 (250)
(18,119):250 (250)
(18,120):250 (250)
(18,121):250 (250)
(18,122):250 (250)
(18,123):250 (250)
(18,124):250 (250)
(18,125):250 (250)
(18,126):187 (187)
(18,127):187 (187)
(19,0):203 (203)
(19,1):203 (203)
(19,2):250 (250)
(19,3):249 (249)
(19,4):244 (244)
(19,5):237 (237)
(19,6):237 (237)
(19,7):222 (222)
(19,8):219 (219)
(19,9):201 (201)
(19,10):182 (182)
(19,11):135 (135)
(19,12):80 (80)
(19,13):77 (77)
(19,14):75 (75)
(19,15):75 (75)
(19,16):91 (91)
(19,17):93 (93)
(19,18):110 (110)
(19,19):83 (83)
(19,20):87 (87)
(19,21):72 (72)
(19,22):83 (83)
(19,23):71 (71)
(19,24):66 (66)
(19,25):42 (42)
(19,26):96 (96)
(19,27):67 (67)
(19,28):135 (135)
(19,29):85 (85)
(19,30):143 (143)
(19,31):92 (92)
(19,32):150 (150)
(19,33):92 (92)
(19,34):154 (154)
(19,35):97 (97)
(19,36):156 (156)
(19,37):95 (95)
(19,38):156 (156)
(19,39):93 (93)
(19,40):156 (156)
(19,41):92 (92)
(19,42):153 (153)
(19,43):95 (95)
(19,44):155 (155)
(19,45):98 (98)
(19,46):165 (165)
(19,47):147 (147)
(19,48):221 (221)
(19,49):220 (220)
(19,50):240 (240)
(19,51):240 (240)
(19,52):249 (249)
(19,53):248 (248)
(19,54):249 (249)
(19,55):248 (248)
(19,56):248 (248)
(19,57):243 (243)
(19,58):243 (243)
(19,59):232 (232)
(19,60):234 (234)
(19,61):210 (210)
(19,62):208 (208)
(19,63):137 (137)
(19,64):165 (165)
(19,65):101 (101)
(19,66):158 (158)
(19,67):94 (94)
(19,68):155 (155)
(19,69):96 (96)
(19,70):158 (158)
(19,71):95 (95)
(19,72):159 (159)
(19,73):93 (93)
(19,74):156 (156)
(19,75):96 (96)
(19,76):156 (156)
(19,77):96 (96)
(19,78):157 (157)
(19,79):90 (90)
(19,80):147 (147)
(19,81):82 (82)
(19,82):133 (133)
(19,83):86 (86)
(19,84):82 (82)
(19,85):38 (38)
(19,86):75 (75)
(19,87):83 (83)
(19,88):118 (118)
(19,89):84 (84)
(19,90):149 (149)
(19,91):93 (93)
(19,92):154 (154)
(19,93):95 (95)
(19,94):154 (154)
(19,95):94 (94)
(19,96):155 (155)
(19,97):95 (95)
(19,98):157 (157)
(19,99):98 (98)
(19,100):148 (148)
(19,101):83 (83)
(19,102):130 (130)
(19,103):89 (89)
(19,104):79 (79)
(19,105):56 (56)
(19,106):72 (72)
(19,107):135 (135)
(19,108):210 (210)
(19,109):226 (226)
(19,110):242 (242)
(19,111):249 (249)
(19,112):249 (249)
(19,113):250 (250)
(19,114):250 (250)
(19,115):250 (250)
(19,116):250 (250)
(19,117):250 (250)
(19,118):250 (250)
(19,119):250 (250)
(19,120):250 (250)
(19,121):250 (250)
(19,122):250 (250)
(19,123):250 (250)
(19,124):250 (250)
(19,125):250 (250)
(19,126):187 (187)
(19,127):187 (187)
(20,0):203 (203)
(20,1):203 (203)
(20,2):247 (247)
(20,3):238 (238)
(20,4):232 (232)
(20,5):223 (223)
(20,6):215 (215)
(20,7):200 (200)
(20,8):174 (174)
(20,9):122 (122)
(20,10):89 (89)
(20,11):77 (77)
(20,12):92 (92)
(20,13):119 (119)
(20,14):138 (138)
(20,15):79 (79)
(20,16):97 (97)
(20,17):81 (81)
(20,18):106 (106)
(20,19):127 (127)
(20,20):150 (150)
(20,21):91 (91)
(20,22):104 (104)
(20,23):79 (79)
(20,24):130 (130)
(20,25):126 (126)
(20,26):188 (188)
(20,27):126 (126)
(20,28):182 (182)
(20,29):141 (141)
(20,30):199 (199)
(20,31):157 (157)
(20,32):203 (203)
(20,33):155 (155)
(20,34):209 (209)
(20,35):155 (155)
(20,36):207 (207)
(20,37):155 (155)
(20,38):211 (211)
(20,39):156 (156)
(20,40):208 (208)
(20,41):156 (156)
(20,42):209 (209)
(20,43):154 (154)
(20,44):209 (209)
(20,45):159 (159)
(20,46):215 (215)
(20,47):182 (182)
(20,48):238 (238)
(20,49):232 (232)
(20,50):247 (247)
(20,51):248 (248)
(20,52):249 (249)
(20,53):250 (250)
(20,54):249 (249)
(20,55):249 (249)
(20,56):249 (249)
(20,57):249 (249)
(20,58):249 (249)
(20,59):246 (246)
(20,60):244 (244)
(20,61):233 (233)
(20,62):241 (241)
(20,63):202 (202)
(20,64):213 (213)
(20,65):163 (163)
(20,66):216 (216)
(20,67):156 (156)
(20,68):212 (212)
(20,69):156 (156)
(20,70):211 (211)
(20,71):157 (157)
(20,72):211 (211)
(20,73):156 (156)
(20,74):207 (207)
(20,75):154 (154)
(20,76):206 (206)
(20,77):154 (154)
(20,78):201 (201)
(20,79):148 (148)
(20,80):195 (195)
(20,81):127 (127)
(20,82):156 (156)
(20,83):63 (63)
(20,84):132 (132)
(20,85):45 (45)
(20,86):75 (75)
(20,87):87 (87)
(20,88):177 (177)
(20,89):140 (140)
(20,90):203 (203)
(20,91):152 (152)
(20,92):210 (210)
(20,93):155 (155)
(20,94):211 (211)
(20,95):154 (154)
(20,96):210 (210)
(20,97):155 (155)
(20,98):206 (206)
(20,99):158 (158)
(20,100):205 (205)
(20,101):144 (144)
(20,102):178 (178)
(20,103):127 (127)
(20,104):140 (140)
(20,105):69 (69)
(20,106):75 (75)
(20,107):80 (80)
(20,108):169 (169)
(20,109):184 (184)
(20,110):236 (236)
(20,111):242 (242)
(20,112):249 (249)
(20,113):250 (250)
(20,114):250 (250)
(20,115):250 (250)
(20,116):250 (250)
(20,117):250 (250)
(20,118):250 (250)
(20,119):250 (250)
(20,120):250 (250)
(20,121):250 (250)
(20,122):250 (250)
(20,123):250 (250)
(20,124):250 (250)
(20,125):250 (250)
(20,126):187 (187)
(20,127):187 (187)
(21,0):199 (199)
(21,1):200 (200)
(21,2):234 (234)
(21,3):231 (231)
(21,4):217 (217)
(21,5):200 (200)
(21,6):163 (163)
(21,7):98 (98)
(21,8):136 (136)
(21,9):53 (53)
(21,10):59 (59)
(21,11):44 (44)
(21,12):74 (74)
(21,13):56 (56)
(21,14):88 (88)
(21,15):75 (75)
(21,16):119 (119)
(21,17):84 (84)
(21,18):136 (136)
(21,19):79 (79)
(21,20):139 (139)
(21,21):79 (79)
(21,22):113 (113)
(21,23):71 (71)
(21,24):137 (137)
(21,25):86 (86)
(21,26):147 (147)
(21,27):90 (90)
(21,28):151 (151)
(21,29):94 (94)
(21,30):159 (159)
(21,31):97 (97)
(21,32):155 (155)
(21,33):96 (96)
(21,34):155 (155)
(21,35):94 (94)
(21,36):156 (156)
(21,37):93 (93)
(21,38):154 (154)
(21,39):93 (93)
(21,40):155 (155)
(21,41):94 (94)
(21,42):154 (154)
(21,43):94 (94)
(21,44):156 (156)
(21,45):102 (102)
(21,46):168 (168)
(21,47):132 (132)
(21,48):201 (201)
(21,49):210 (210)
(21,50):239 (239)
(21,51):243 (243)
(21,52):249 (249)
(21,53):249 (249)
(21,54):250 (250)
(21,55):250 (250)
(21,56):250 (250)
(21,57):250 (250)
(21,58):249 (249)
(21,59):247 (247)
(21,60):245 (245)
(21,61):226 (226)
(21,62):233 (233)
(21,63):193 (193)
(21,64):194 (194)
(21,65):119 (119)
(21,66):162 (162)
(21,67):98 (98)
(21,68):156 (156)
(21,69):94 (94)
(21,70):154 (154)
(21,71):95 (95)
(21,72):155 (155)
(21,73):94 (94)
(21,74):156 (156)
(21,75):89 (89)
(21,76):146 (146)
(21,77):84 (84)
(21,78):138 (138)
(21,79):81 (81)
(21,80):133 (133)
(21,81):89 (89)
(21,82):121 (121)
(21,83):81 (81)
(21,84):110 (110)
(21,85):60 (60)
(21,86):48 (48)
(21,87):37 (37)
(21,88):97 (97)
(21,89):73 (73)
(21,90):140 (140)
(21,91):93 (93)
(21,92):154 (154)
(21,93):94 (94)
(21,94):155 (155)
(21,95):94 (94)
(21,96):156 (156)
(21,97):96 (96)
(21,98):158 (158)
(21,99):93 (93)
(21,100):157 (157)
(21,101):95 (95)
(21,102):139 (139)
(21,103):79 (79)
(21,104):122 (122)
(21,105):58 (58)
(21,106):66 (66)
(21,107):61 (61)
(21,108):130 (130)
(21,109):198 (198)
(21,110):225 (225)
(21,111):241 (241)
(21,112):249 (249)
(21,113):250 (250)
(21,114):250 (250)
(21,115):250 (250)
(21,116):250 (250)
(21,117):250 (250)
(21,118):250 (250)
(21,119):250 (250)
(21,120):250 (250)
(21,121):250 (250)
(21,122):250 (250)
(21,123):250 (250)
(21,124):250 (250)
(21,125):250 (250)
(21,126):187 (187)
(21,127):187 (187)
(22,0):201 (201)
(22,1):183 (183)
(22,2):230 (230)
(22,3):205 (205)
(22,4):188 (188)
(22,5):112 (112)
(22,6):77 (77)
(22,7):54 (54)
(22,8):76 (76)
(22,9):82 (82)
(22,10):152 (152)
(22,11):140 (140)
(22,12):178 (178)
(22,13):129 (129)
(22,14):169 (169)
(22,15):136 (136)
(22,16):182 (182)
(22,17):127 (127)
(22,18):193 (193)
(22,19):134 (134)
(22,20):177 (177)
(22,21):142 (142)
(22,22):193 (193)
(22,23):147 (147)
(22,24):199 (199)
(22,25):145 (145)
(22,26):202 (202)
(22,27):158 (158)
(22,28):210 (210)
(22,29):155 (155)
(22,30):210 (210)
(22,31):157 (157)
(22,32):210 (210)
(22,33):157 (157)
(22,34):209 (209)
(22,35):156 (156)
(22,36):209 (209)
(22,37):155 (155)
(22,38):209 (209)
(22,39):155 (155)
(22,40):209 (209)
(22,41):155 (155)
(22,42):208 (208)
(22,43):157 (157)
(22,44):208 (208)
(22,45):157 (157)
(22,46):214 (214)
(22,47):171 (171)
(22,48):220 (220)
(22,49):218 (218)
(22,50):244 (244)
(22,51):243 (243)
(22,52):249 (249)
(22,53):249 (249)
(22,54):249 (249)
(22,55):250 (250)
(22,56):250 (250)
(22,57):250 (250)
(22,58):249 (249)
(22,59):249 (249)
(22,60):249 (249)
(22,61):244 (244)
(22,62):241 (241)
(22,63):229 (229)
(22,64):231 (231)
(22,65):180 (180)
(22,66):207 (207)
(22,67):160 (160)
(22,68):209 (209)
(22,69):157 (157)
(22,70):208 (208)
(22,71):152 (152)
(22,72):200 (200)
(22,73):143 (143)
(22,74):184 (184)
(22,75):131 (131)
(22,76):151 (151)
(22,77):106 (106)
(22,78):158 (158)
(22,79):111 (111)
(22,80):131 (131)
(22,81):73 (73)
(22,82):84 (84)
(22,83):49 (49)
(22,84):47 (47)
(22,85):44 (44)
(22,86):59 (59)
(22,87):50 (50)
(22,88):115 (115)
(22,89):106 (106)
(22,90):187 (187)
(22,91):150 (150)
(22,92):205 (205)
(22,93):155 (155)
(22,94):210 (210)
(22,95):155 (155)
(22,96):209 (209)
(22,97):153 (153)
(22,98):207 (207)
(22,99):155 (155)
(22,100):206 (206)
(22,101):155 (155)
(22,102):202 (202)
(22,103):132 (132)
(22,104):172 (172)
(22,105):98 (98)
(22,106):91 (91)
(22,107):51 (51)
(22,108):126 (126)
(22,109):168 (168)
(22,110):216 (216)
(22,111):228 (228)
(22,112):244 (244)
(22,113):249 (249)
(22,114):250 (250)
(22,115):250 (250)
(22,116):250 (250)
(22,117):250 (250)
(22,118):250 (250)
(22,119):250 (250)
(22,120):250 (250)
(22,121):250 (250)
(22,122):250 (250)
(22,123):250 (250)
(22,124):250 (250)
(22,125):250 (250)
(22,126):187 (187)
(22,127):187 (187)
(23,0):164 (164)
(23,1):185 (185)
(23,2):211 (211)
(23,3):187 (187)
(23,4):105 (105)
(23,5):49 (49)
(23,6):65 (65)
(23,7):45 (45)
(23,8):108 (108)
(23,9):58 (58)
(23,10):139 (139)
(23,11):80 (80)
(23,12):138 (138)
(23,13):92 (92)
(23,14):150 (150)
(23,15):101 (101)
(23,16):160 (160)
(23,17):106 (106)
(23,18):166 (166)
(23,19):109 (109)
(23,20):157 (157)
(23,21):98 (98)
(23,22):157 (157)
(23,23):100 (100)
(23,24):155 (155)
(23,25):97 (97)
(23,26):157 (157)
(23,27):96 (96)
(23,28):157 (157)
(23,29):95 (95)
(23,30):155 (155)
(23,31):96 (96)
(23,32):157 (157)
(23,33):94 (94)
(23,34):156 (156)
(23,35):94 (94)
(23,36):155 (155)
(23,37):94 (94)
(23,38):155 (155)
(23,39):93 (93)
(23,40):153 (153)
(23,41):94 (94)
(23,42):155 (155)
(23,43):94 (94)
(23,44):155 (155)
(23,45):95 (95)
(23,46):163 (163)
(23,47):115 (115)
(23,48):176 (176)
(23,49):168 (168)
(23,50):226 (226)
(23,51):230 (230)
(23,52):246 (246)
(23,53):246 (246)
(23,54):250 (250)
(23,55):247 (247)
(23,56):250 (250)
(23,57):250 (250)
(23,58):249 (249)
(23,59):248 (248)
(23,60):249 (249)
(23,61):241 (241)
(23,62):236 (236)
(23,63):216 (216)
(23,64):214 (214)
(23,65):148 (148)
(23,66):159 (159)
(23,67):103 (103)
(23,68):142 (142)
(23,69):85 (85)
(23,70):121 (121)
(23,71):78 (78)
(23,72):129 (129)
(23,73):79 (79)
(23,74):126 (126)
(23,75):58 (58)
(23,76):100 (100)
(23,77):46 (46)
(23,78):59 (59)
(23,79):24 (24)
(23,80):38 (38)
(23,81):39 (39)
(23,82):61 (61)
(23,83):83 (83)
(23,84):107 (107)
(23,85):102 (102)
(23,86):67 (67)
(23,87):44 (44)
(23,88):60 (60)
(23,89):76 (76)
(23,90):118 (118)
(23,91):90 (90)
(23,92):153 (153)
(23,93):94 (94)
(23,94):157 (157)
(23,95):95 (95)
(23,96):153 (153)
(23,97):92 (92)
(23,98):147 (147)
(23,99):88 (88)
(23,100):139 (139)
(23,101):86 (86)
(23,102):135 (135)
(23,103):76 (76)
(23,104):113 (113)
(23,105):44 (44)
(23,106):76 (76)
(23,107):48 (48)
(23,108):61 (61)
(23,109):121 (121)
(23,110):194 (194)
(23,111):222 (222)
(23,112):236 (236)
(23,113):246 (246)
(23,114):250 (250)
(23,115):250 (250)
(23,116):249 (249)
(23,117):250 (250)
(23,118):249 (249)
(23,119):250 (250)
(23,120):249 (249)
(23,121):250 (250)
(23,122):250 (250)
(23,123):250 (250)
(23,124):250 (250)
(23,125):250 (250)
(23,126):187 (187)
(23,127):187 (187)
(24,0):188 (188)
(24,1):114 (114)
(24,2):189 (189)
(24,3):89 (89)
(24,4):57 (57)
(24,5):51 (51)
(24,6):111 (111)
(24,7):119 (119)
(24,8):180 (180)
(24,9):145 (145)
(24,10):195 (195)
(24,11):151 (151)
(24,12):206 (206)
(24,13):161 (161)
(24,14):212 (212)
(24,15):157 (157)
(24,16):215 (215)
(24,17):165 (165)
(24,18):215 (215)
(24,19):162 (162)
(24,20):213 (213)
(24,21):158 (158)
(24,22):211 (211)
(24,23):156 (156)
(24,24):210 (210)
(24,25):157 (157)
(24,26):209 (209)
(24,27):157 (157)
(24,28):205 (205)
(24,29):153 (153)
(24,30):203 (203)
(24,31):151 (151)
(24,32):201 (201)
(24,33):151 (151)
(24,34):204 (204)
(24,35):156 (156)
(24,36):206 (206)
(24,37):156 (156)
(24,38):207 (207)
(24,39):156 (156)
(24,40):207 (207)
(24,41):156 (156)
(24,42):207 (207)
(24,43):157 (157)
(24,44):209 (209)
(24,45):153 (153)
(24,46):211 (211)
(24,47):165 (165)
(24,48):216 (216)
(24,49):181 (181)
(24,50):237 (237)
(24,51):235 (235)
(24,52):247 (247)
(24,53):248 (248)
(24,54):250 (250)
(24,55):249 (249)
(24,56):250 (250)
(24,57):250 (250)
(24,58):249 (249)
(24,59):250 (250)
(24,60):249 (249)
(24,61):247 (247)
(24,62):240 (240)
(24,63):225 (225)
(24,64):202 (202)
(24,65):185 (185)
(24,66):179 (179)
(24,67):139 (139)
(24,68):169 (169)
(24,69):129 (129)
(24,70):168 (168)
(24,71):120 (120)
(24,72):138 (138)
(24,73):82 (82)
(24,74):76 (76)
(24,75):43 (43)
(24,76):51 (51)
(24,77):29 (29)
(24,78):56 (56)
(24,79):24 (24)
(24,80):39 (39)
(24,81):43 (43)
(24,82):52 (52)
(24,83):130 (130)
(24,84):93 (93)
(24,85):160 (160)
(24,86):96 (96)
(24,87):58 (58)
(24,88):74 (74)
(24,89):100 (100)
(24,90):145 (145)
(24,91):142 (142)
(24,92):200 (200)
(24,93):149 (149)
(24,94):208 (208)
(24,95):145 (145)
(24,96):196 (196)
(24,97):134 (134)
(24,98):185 (185)
(24,99):119 (119)
(24,100):180 (180)
(24,101):136 (136)
(24,102):187 (187)
(24,103):131 (131)
(24,104):161 (161)
(24,105):69 (69)
(24,106):127 (127)
(24,107):52 (52)
(24,108):57 (57)
(24,109):69 (69)
(24,110):150 (150)
(24,111):208 (208)
(24,112):227 (227)
(24,113):241 (241)
(24,114):248 (248)
(24,115):249 (249)
(24,116):250 (250)
(24,117):250 (250)
(24,118):250 (250)
(24,119):250 (250)
(24,120):250 (250)
(24,121):250 (250)
(24,122):250 (250)
(24,123):250 (250)
(24,124):250 (250)
(24,125):250 (250)
(24,126):187 (187)
(24,127):187 (187)
(25,0):180 (180)
(25,1):152 (152)
(25,2):121 (121)
(25,3):46 (46)
(25,4):52 (52)
(25,5):63 (63)
(25,6):133 (133)
(25,7):84 (84)
(25,8):147 (147)
(25,9):94 (94)
(25,10):156 (156)
(25,11):97 (97)
(25,12):160 (160)
(25,13):100 (100)
(25,14):160 (160)
(25,15):103 (103)
(25,16):164 (164)
(25,17):109 (109)
(25,18):165 (165)
(25,19):107 (107)
(25,20):160 (160)
(25,21):101 (101)
(25,22):156 (156)
(25,23):98 (98)
(25,24):155 (155)
(25,25):95 (95)
(25,26):157 (157)
(25,27):93 (93)
(25,28):148 (148)
(25,29):86 (86)
(25,30):146 (146)
(25,31):83 (83)
(25,32):142 (142)
(25,33):86 (86)
(25,34):147 (147)
(25,35):92 (92)
(25,36):148 (148)
(25,37):91 (91)
(25,38):140 (140)
(25,39):89 (89)
(25,40):140 (140)
(25,41):87 (87)
(25,42):139 (139)
(25,43):88 (88)
(25,44):143 (143)
(25,45):90 (90)
(25,46):145 (145)
(25,47):101 (101)
(25,48):156 (156)
(25,49):123 (123)
(25,50):180 (180)
(25,51):188 (188)
(25,52):213 (213)
(25,53):197 (197)
(25,54):224 (224)
(25,55):228 (228)
(25,56):235 (235)
(25,57):238 (238)
(25,58):245 (245)
(25,59):246 (246)
(25,60):241 (241)
(25,61):234 (234)
(25,62):219 (219)
(25,63):178 (178)
(25,64):150 (150)
(25,65):165 (165)
(25,66):130 (130)
(25,67):85 (85)
(25,68):79 (79)
(25,69):44 (44)
(25,70):58 (58)
(25,71):25 (25)
(25,72):33 (33)
(25,73):14 (14)
(25,74):26 (26)
(25,75):13 (13)
(25,76):18 (18)
(25,77):13 (13)
(25,78):16 (16)
(25,79):21 (21)
(25,80):30 (30)
(25,81):54 (54)
(25,82):99 (99)
(25,83):176 (176)
(25,84):173 (173)
(25,85):172 (172)
(25,86):108 (108)
(25,87):56 (56)
(25,88):48 (48)
(25,89):42 (42)
(25,90):125 (125)
(25,91):85 (85)
(25,92):151 (151)
(25,93):93 (93)
(25,94):149 (149)
(25,95):88 (88)
(25,96):139 (139)
(25,97):94 (94)
(25,98):116 (116)
(25,99):76 (76)
(25,100):96 (96)
(25,101):75 (75)
(25,102):103 (103)
(25,103):80 (80)
(25,104):95 (95)
(25,105):65 (65)
(25,106):85 (85)
(25,107):61 (61)
(25,108):58 (58)
(25,109):50 (50)
(25,110):75 (75)
(25,111):170 (170)
(25,112):212 (212)
(25,113):231 (231)
(25,114):241 (241)
(25,115):249 (249)
(25,116):249 (249)
(25,117):250 (250)
(25,118):249 (249)
(25,119):250 (250)
(25,120):249 (249)
(25,121):250 (250)
(25,122):250 (250)
(25,123):250 (250)
(25,124):250 (250)
(25,125):250 (250)
(25,126):187 (187)
(25,127):187 (187)
(26,0):169 (169)
(26,1):118 (118)
(26,2):81 (81)
(26,3):46 (46)
(26,4):89 (89)
(26,5):120 (120)
(26,6):184 (184)
(26,7):146 (146)
(26,8):204 (204)
(26,9):156 (156)
(26,10):210 (210)
(26,11):158 (158)
(26,12):212 (212)
(26,13):160 (160)
(26,14):213 (213)
(26,15):160 (160)
(26,16):216 (216)
(26,17):164 (164)
(26,18):215 (215)
(26,19):161 (161)
(26,20):211 (211)
(26,21):156 (156)
(26,22):209 (209)
(26,23):154 (154)
(26,24):209 (209)
(26,25):154 (154)
(26,26):209 (209)
(26,27):155 (155)
(26,28):196 (196)
(26,29):142 (142)
(26,30):160 (160)
(26,31):111 (111)
(26,32):165 (165)
(26,33):129 (129)
(26,34):158 (158)
(26,35):134 (134)
(26,36):172 (172)
(26,37):130 (130)
(26,38):169 (169)
(26,39):127 (127)
(26,40):167 (167)
(26,41):127 (127)
(26,42):169 (169)
(26,43):130 (130)
(26,44):170 (170)
(26,45):131 (131)
(26,46):174 (174)
(26,47):114 (114)
(26,48):179 (179)
(26,49):144 (144)
(26,50):178 (178)
(26,51):187 (187)
(26,52):200 (200)
(26,53):208 (208)
(26,54):205 (205)
(26,55):217 (217)
(26,56):217 (217)
(26,57):225 (225)
(26,58):232 (232)
(26,59):239 (239)
(26,60):238 (238)
(26,61):231 (231)
(26,62):215 (215)
(26,63):193 (193)
(26,64):158 (158)
(26,65):112 (112)
(26,66):79 (79)
(26,67):59 (59)
(26,68):60 (60)
(26,69):42 (42)
(26,70):43 (43)
(26,71):28 (28)
(26,72):30 (30)
(26,73):22 (22)
(26,74):24 (24)
(26,75):22 (22)
(26,76):30 (30)
(26,77):23 (23)
(26,78):29 (29)
(26,79):37 (37)
(26,80):51 (51)
(26,81):133 (133)
(26,82):153 (153)
(26,83):218 (218)
(26,84):190 (190)
(26,85):179 (179)
(26,86):105 (105)
(26,87):67 (67)
(26,88):56 (56)
(26,89):72 (72)
(26,90):134 (134)
(26,91):116 (116)
(26,92):191 (191)
(26,93):140 (140)
(26,94):190 (190)
(26,95):112 (112)
(26,96):168 (168)
(26,97):84 (84)
(26,98):90 (90)
(26,99):84 (84)
(26,100):124 (124)
(26,101):121 (121)
(26,102):168 (168)
(26,103):105 (105)
(26,104):122 (122)
(26,105):71 (71)
(26,106):66 (66)
(26,107):42 (42)
(26,108):68 (68)
(26,109):52 (52)
(26,110):68 (68)
(26,111):124 (124)
(26,112):197 (197)
(26,113):221 (221)
(26,114):243 (243)
(26,115):246 (246)
(26,116):250 (250)
(26,117):250 (250)
(26,118):250 (250)
(26,119):250 (250)
(26,120):250 (250)
(26,121):250 (250)
(26,122):250 (250)
(26,123):250 (250)
(26,124):250 (250)
(26,125):250 (250)
(26,126):187 (187)
(26,127):187 (187)
(27,0):152 (152)
(27,1):35 (35)
(27,2):62 (62)
(27,3):41 (41)
(27,4):100 (100)
(27,5):70 (70)
(27,6):146 (146)
(27,7):99 (99)
(27,8):160 (160)
(27,9):102 (102)
(27,10):160 (160)
(27,11):101 (101)
(27,12):159 (159)
(27,13):100 (100)
(27,14):158 (158)
(27,15):100 (100)
(27,16):159 (159)
(27,17):102 (102)
(27,18):159 (159)
(27,19):98 (98)
(27,20):157 (157)
(27,21):96 (96)
(27,22):155 (155)
(27,23):95 (95)
(27,24):154 (154)
(27,25):94 (94)
(27,26):153 (153)
(27,27):92 (92)
(27,28):146 (146)
(27,29):71 (71)
(27,30):82 (82)
(27,31):31 (31)
(27,32):90 (90)
(27,33):48 (48)
(27,34):95 (95)
(27,35):76 (76)
(27,36):116 (116)
(27,37):71 (71)
(27,38):96 (96)
(27,39):57 (57)
(27,40):75 (75)
(27,41):44 (44)
(27,42):70 (70)
(27,43):51 (51)
(27,44):86 (86)
(27,45):71 (71)
(27,46):97 (97)
(27,47):68 (68)
(27,48):89 (89)
(27,49):67 (67)
(27,50):80 (80)
(27,51):82 (82)
(27,52):110 (110)
(27,53):124 (124)
(27,54):127 (127)
(27,55):143 (143)
(27,56):173 (173)
(27,57):207 (207)
(27,58):219 (219)
(27,59):204 (204)
(27,60):222 (222)
(27,61):202 (202)
(27,62):140 (140)
(27,63):152 (152)
(27,64):65 (65)
(27,65):53 (53)
(27,66):45 (45)
(27,67):59 (59)
(27,68):48 (48)
(27,69):44 (44)
(27,70):48 (48)
(27,71):45 (45)
(27,72):39 (39)
(27,73):47 (47)
(27,74):39 (39)
(27,75):46 (46)
(27,76):39 (39)
(27,77):54 (54)
(27,78):48 (48)
(27,79):109 (109)
(27,80):123 (123)
(27,81):175 (175)
(27,82):209 (209)
(27,83):224 (224)
(27,84):181 (181)
(27,85):180 (180)
(27,86):103 (103)
(27,87):50 (50)
(27,88):45 (45)
(27,89):18 (18)
(27,90):87 (87)
(27,91):47 (47)
(27,92):127 (127)
(27,93):75 (75)
(27,94):124 (124)
(27,95):81 (81)
(27,96):76 (76)
(27,97):57 (57)
(27,98):87 (87)
(27,99):152 (152)
(27,100):198 (198)
(27,101):205 (205)
(27,102):211 (211)
(27,103):207 (207)
(27,104):208 (208)
(27,105):188 (188)
(27,106):136 (136)
(27,107):69 (69)
(27,108):59 (59)
(27,109):63 (63)
(27,110):62 (62)
(27,111):77 (77)
(27,112):125 (125)
(27,113):209 (209)
(27,114):222 (222)
(27,115):243 (243)
(27,116):244 (244)
(27,117):248 (248)
(27,118):249 (249)
(27,119):250 (250)
(27,120):249 (249)
(27,121):250 (250)
(27,122):250 (250)
(27,123):250 (250)
(27,124):250 (250)
(27,125):250 (250)
(27,126):187 (187)
(27,127):187 (187)
(28,0):133 (133)
(28,1):34 (34)
(28,2):71 (71)
(28,3):63 (63)
(28,4):146 (146)
(28,5):135 (135)
(28,6):195 (195)
(28,7):157 (157)
(28,8):210 (210)
(28,9):156 (156)
(28,10):211 (211)
(28,11):158 (158)
(28,12):212 (212)
(28,13):158 (158)
(28,14):213 (213)
(28,15):159 (159)
(28,16):212 (212)
(28,17):158 (158)
(28,18):210 (210)
(28,19):156 (156)
(28,20):208 (208)
(28,21):154 (154)
(28,22):208 (208)
(28,23):153 (153)
(28,24):210 (210)
(28,25):155 (155)
(28,26):209 (209)
(28,27):153 (153)
(28,28):190 (190)
(28,29):129 (129)
(28,30):115 (115)
(28,31):56 (56)
(28,32):74 (74)
(28,33):72 (72)
(28,34):87 (87)
(28,35):52 (52)
(28,36):53 (53)
(28,37):35 (35)
(28,38):42 (42)
(28,39):30 (30)
(28,40):41 (41)
(28,41):29 (29)
(28,42):41 (41)
(28,43):33 (33)
(28,44):41 (41)
(28,45):46 (46)
(28,46):43 (43)
(28,47):34 (34)
(28,48):41 (41)
(28,49):36 (36)
(28,50):54 (54)
(28,51):66 (66)
(28,52):69 (69)
(28,53):137 (137)
(28,54):89 (89)
(28,55):104 (104)
(28,56):105 (105)
(28,57):141 (141)
(28,58):183 (183)
(28,59):215 (215)
(28,60):212 (212)
(28,61):191 (191)
(28,62):132 (132)
(28,63):75 (75)
(28,64):69 (69)
(28,65):104 (104)
(28,66):136 (136)
(28,67):133 (133)
(28,68):100 (100)
(28,69):62 (62)
(28,70):54 (54)
(28,71):56 (56)
(28,72):64 (64)
(28,73):84 (84)
(28,74):90 (90)
(28,75):73 (73)
(28,76):79 (79)
(28,77):115 (115)
(28,78):117 (117)
(28,79):165 (165)
(28,80):196 (196)
(28,81):171 (171)
(28,82):189 (189)
(28,83):208 (208)
(28,84):184 (184)
(28,85):168 (168)
(28,86):97 (97)
(28,87):55 (55)
(28,88):56 (56)
(28,89):43 (43)
(28,90):107 (107)
(28,91):117 (117)
(28,92):160 (160)
(28,93):117 (117)
(28,94):149 (149)
(28,95):72 (72)
(28,96):65 (65)
(28,97):117 (117)
(28,98):160 (160)
(28,99):205 (205)
(28,100):214 (214)
(28,101):209 (209)
(28,102):211 (211)
(28,103):190 (190)
(28,104):210 (210)
(28,105):198 (198)
(28,106):201 (201)
(28,107):135 (135)
(28,108):132 (132)
(28,109):86 (86)
(28,110):101 (101)
(28,111):82 (82)
(28,112):165 (165)
(28,113):177 (177)
(28,114):221 (221)
(28,115):224 (224)
(28,116):230 (230)
(28,117):237 (237)
(28,118):244 (244)
(28,119):249 (249)
(28,120):250 (250)
(28,121):250 (250)
(28,122):250 (250)
(28,123):250 (250)
(28,124):250 (250)
(28,125):250 (250)
(28,126):187 (187)
(28,127):187 (187)
(29,0):120 (120)
(29,1):15 (15)
(29,2):70 (70)
(29,3):41 (41)
(29,4):119 (119)
(29,5):95 (95)
(29,6):150 (150)
(29,7):102 (102)
(29,8):159 (159)
(29,9):100 (100)
(29,10):158 (158)
(29,11):98 (98)
(29,12):156 (156)
(29,13):95 (95)
(29,14):155 (155)
(29,15):95 (95)
(29,16):155 (155)
(29,17):96 (96)
(29,18):155 (155)
(29,19):94 (94)
(29,20):155 (155)
(29,21):94 (94)
(29,22):154 (154)
(29,23):93 (93)
(29,24):153 (153)
(29,25):92 (92)
(29,26):154 (154)
(29,27):92 (92)
(29,28):138 (138)
(29,29):77 (77)
(29,30):105 (105)
(29,31):28 (28)
(29,32):33 (33)
(29,33):28 (28)
(29,34):28 (28)
(29,35):23 (23)
(29,36):25 (25)
(29,37):25 (25)
(29,38):23 (23)
(29,39):12 (12)
(29,40):14 (14)
(29,41):11 (11)
(29,42):18 (18)
(29,43):14 (14)
(29,44):18 (18)
(29,45):13 (13)
(29,46):17 (17)
(29,47):13 (13)
(29,48):17 (17)
(29,49):23 (23)
(29,50):29 (29)
(29,51):50 (50)
(29,52):73 (73)
(29,53):149 (149)
(29,54):171 (171)
(29,55):172 (172)
(29,56):135 (135)
(29,57):86 (86)
(29,58):98 (98)
(29,59):136 (136)
(29,60):181 (181)
(29,61):183 (183)
(29,62):153 (153)
(29,63):75 (75)
(29,64):61 (61)
(29,65):135 (135)
(29,66):63 (63)
(29,67):84 (84)
(29,68):142 (142)
(29,69):133 (133)
(29,70):138 (138)
(29,71):150 (150)
(29,72):156 (156)
(29,73):164 (164)
(29,74):117 (117)
(29,75):168 (168)
(29,76):159 (159)
(29,77):176 (176)
(29,78):169 (169)
(29,79):180 (180)
(29,80):137 (137)
(29,81):196 (196)
(29,82):186 (186)
(29,83):197 (197)
(29,84):181 (181)
(29,85):140 (140)
(29,86):79 (79)
(29,87):46 (46)
(29,88):51 (51)
(29,89):29 (29)
(29,90):50 (50)
(29,91):34 (34)
(29,92):58 (58)
(29,93):33 (33)
(29,94):43 (43)
(29,95):28 (28)
(29,96):69 (69)
(29,97):162 (162)
(29,98):195 (195)
(29,99):207 (207)
(29,100):215 (215)
(29,101):228 (228)
(29,102):236 (236)
(29,103):235 (235)
(29,104):226 (226)
(29,105):213 (213)
(29,106):215 (215)
(29,107):214 (214)
(29,108):189 (189)
(29,109):159 (159)
(29,110):127 (127)
(29,111):126 (126)
(29,112):102 (102)
(29,113):178 (178)
(29,114):164 (164)
(29,115):211 (211)
(29,116):223 (223)
(29,117):228 (228)
(29,118):234 (234)
(29,119):241 (241)
(29,120):249 (249)
(29,121):250 (250)
(29,122):250 (250)
(29,123):250 (250)
(29,124):250 (250)
(29,125):250 (250)
(29,126):187 (187)
(29,127):187 (187)
(30,0):128 (128)
(30,1):48 (48)
(30,2):81 (81)
(30,3):68 (68)
(30,4):137 (137)
(30,5):116 (116)
(30,6):190 (190)
(30,7):158 (158)
(30,8):212 (212)
(30,9):157 (157)
(30,10):210 (210)
(30,11):158 (158)
(30,12):209 (209)
(30,13):156 (156)
(30,14):210 (210)
(30,15):155 (155)
(30,16):209 (209)
(30,17):155 (155)
(30,18):209 (209)
(30,19):155 (155)
(30,20):210 (210)
(30,21):154 (154)
(30,22):209 (209)
(30,23):154 (154)
(30,24):209 (209)
(30,25):153 (153)
(30,26):211 (211)
(30,27):154 (154)
(30,28):190 (190)
(30,29):128 (128)
(30,30):147 (147)
(30,31):64 (64)
(30,32):48 (48)
(30,33):29 (29)
(30,34):35 (35)
(30,35):29 (29)
(30,36):29 (29)
(30,37):20 (20)
(30,38):21 (21)
(30,39):6 (6)
(30,40):8 (8)
(30,41):0 (0)
(30,42):1 (1)
(30,43):6 (6)
(30,44):2 (2)
(30,45):2 (2)
(30,46):2 (2)
(30,47):3 (3)
(30,48):4 (4)
(30,49):13 (13)
(30,50):29 (29)
(30,51):56 (56)
(30,52):109 (109)
(30,53):174 (174)
(30,54):193 (193)
(30,55):215 (215)
(30,56):199 (199)
(30,57):167 (167)
(30,58):96 (96)
(30,59):85 (85)
(30,60):101 (101)
(30,61):154 (154)
(30,62):166 (166)
(30,63):113 (113)
(30,64):103 (103)
(30,65):120 (120)
(30,66):150 (150)
(30,67):151 (151)
(30,68):168 (168)
(30,69):179 (179)
(30,70):176 (176)
(30,71):178 (178)
(30,72):176 (176)
(30,73):129 (129)
(30,74):133 (133)
(30,75):184 (184)
(30,76):186 (186)
(30,77):194 (194)
(30,78):199 (199)
(30,79):187 (187)
(30,80):188 (188)
(30,81):184 (184)
(30,82):176 (176)
(30,83):143 (143)
(30,84):102 (102)
(30,85):63 (63)
(30,86):79 (79)
(30,87):79 (79)
(30,88):118 (118)
(30,89):99 (99)
(30,90):136 (136)
(30,91):105 (105)
(30,92):134 (134)
(30,93):86 (86)
(30,94):78 (78)
(30,95):64 (64)
(30,96):82 (82)
(30,97):150 (150)
(30,98):177 (177)
(30,99):196 (196)
(30,100):196 (196)
(30,101):203 (203)
(30,102):181 (181)
(30,103):219 (219)
(30,104):221 (221)
(30,105):216 (216)
(30,106):225 (225)
(30,107):221 (221)
(30,108):220 (220)
(30,109):211 (211)
(30,110):230 (230)
(30,111):216 (216)
(30,112):198 (198)
(30,113):147 (147)
(30,114):113 (113)
(30,115):118 (118)
(30,116):169 (169)
(30,117):217 (217)
(30,118):225 (225)
(30,119):235 (235)
(30,120):244 (244)
(30,121):250 (250)
(30,122):250 (250)
(30,123):250 (250)
(30,124):250 (250)
(30,125):250 (250)
(30,126):187 (187)
(30,127):187 (187)
(31,0):136 (136)
(31,1):47 (47)
(31,2):71 (71)
(31,3):48 (48)
(31,4):101 (101)
(31,5):80 (80)
(31,6):148 (148)
(31,7):105 (105)
(31,8):156 (156)
(31,9):96 (96)
(31,10):156 (156)
(31,11):93 (93)
(31,12):155 (155)
(31,13):92 (92)
(31,14):155 (155)
(31,15):93 (93)
(31,16):154 (154)
(31,17):95 (95)
(31,18):154 (154)
(31,19):94 (94)
(31,20):155 (155)
(31,21):94 (94)
(31,22):155 (155)
(31,23):94 (94)
(31,24):154 (154)
(31,25):94 (94)
(31,26):155 (155)
(31,27):95 (95)
(31,28):149 (149)
(31,29):86 (86)
(31,30):119 (119)
(31,31):64 (64)
(31,32):33 (33)
(31,33):23 (23)
(31,34):24 (24)
(31,35):87 (87)
(31,36):34 (34)
(31,37):28 (28)
(31,38):23 (23)
(31,39):15 (15)
(31,40):8 (8)
(31,41):1 (1)
(31,42):4 (4)
(31,43):1 (1)
(31,44):6 (6)
(31,45):6 (6)
(31,46):10 (10)
(31,47):14 (14)
(31,48):17 (17)
(31,49):38 (38)
(31,50):50 (50)
(31,51):139 (139)
(31,52):160 (160)
(31,53):203 (203)
(31,54):175 (175)
(31,55):167 (167)
(31,56):179 (179)
(31,57):177 (177)
(31,58):138 (138)
(31,59):82 (82)
(31,60):75 (75)
(31,61):124 (124)
(31,62):186 (186)
(31,63):196 (196)
(31,64):151 (151)
(31,65):81 (81)
(31,66):95 (95)
(31,67):93 (93)
(31,68):85 (85)
(31,69):91 (91)
(31,70):110 (110)
(31,71):125 (125)
(31,72):125 (125)
(31,73):174 (174)
(31,74):175 (175)
(31,75):142 (142)
(31,76):119 (119)
(31,77):114 (114)
(31,78):91 (91)
(31,79):95 (95)
(31,80):94 (94)
(31,81):80 (80)
(31,82):82 (82)
(31,83):73 (73)
(31,84):83 (83)
(31,85):71 (71)
(31,86):118 (118)
(31,87):96 (96)
(31,88):108 (108)
(31,89):86 (86)
(31,90):127 (127)
(31,91):84 (84)
(31,92):126 (126)
(31,93):62 (62)
(31,94):87 (87)
(31,95):71 (71)
(31,96):64 (64)
(31,97):62 (62)
(31,98):101 (101)
(31,99):161 (161)
(31,100):171 (171)
(31,101):151 (151)
(31,102):152 (152)
(31,103):165 (165)
(31,104):200 (200)
(31,105):221 (221)
(31,106):229 (229)
(31,107):235 (235)
(31,108):231 (231)
(31,109):225 (225)
(31,110):220 (220)
(31,111):238 (238)
(31,112):224 (224)
(31,113):218 (218)
(31,114):171 (171)
(31,115):127 (127)
(31,116):104 (104)
(31,117):155 (155)
(31,118):211 (211)
(31,119):227 (227)
(31,120):242 (242)
(31,121):249 (249)
(31,122):250 (250)
(31,123):250 (250)
(31,124):250 (250)
(31,125):250 (250)
(31,126):187 (187)
(31,127):187 (187)
(32,0):150 (150)
(32,1):115 (115)
(32,2):90 (90)
(32,3):68 (68)
(32,4):99 (99)
(32,5):131 (131)
(32,6):189 (189)
(32,7):155 (155)
(32,8):210 (210)
(32,9):157 (157)
(32,10):209 (209)
(32,11):156 (156)
(32,12):207 (207)
(32,13):155 (155)
(32,14):208 (208)
(32,15):154 (154)
(32,16):210 (210)
(32,17):154 (154)
(32,18):209 (209)
(32,19):156 (156)
(32,20):209 (209)
(32,21):156 (156)
(32,22):209 (209)
(32,23):155 (155)
(32,24):210 (210)
(32,25):154 (154)
(32,26):211 (211)
(32,27):156 (156)
(32,28):206 (206)
(32,29):142 (142)
(32,30):165 (165)
(32,31):116 (116)
(32,32):70 (70)
(32,33):38 (38)
(32,34):43 (43)
(32,35):101 (101)
(32,36):125 (125)
(32,37):61 (61)
(32,38):87 (87)
(32,39):25 (25)
(32,40):25 (25)
(32,41):20 (20)
(32,42):20 (20)
(32,43):23 (23)
(32,44):19 (19)
(32,45):25 (25)
(32,46):27 (27)
(32,47):27 (27)
(32,48):33 (33)
(32,49):44 (44)
(32,50):85 (85)
(32,51):161 (161)
(32,52):191 (191)
(32,53):216 (216)
(32,54):182 (182)
(32,55):217 (217)
(32,56):177 (177)
(32,57):169 (169)
(32,58):122 (122)
(32,59):100 (100)
(32,60):99 (99)
(32,61):129 (129)
(32,62):192 (192)
(32,63):216 (216)
(32,64):232 (232)
(32,65):204 (204)
(32,66):201 (201)
(32,67):200 (200)
(32,68):201 (201)
(32,69):186 (186)
(32,70):175 (175)
(32,71):141 (141)
(32,72):125 (125)
(32,73):135 (135)
(32,74):141 (141)
(32,75):138 (138)
(32,76):155 (155)
(32,77):161 (161)
(32,78):176 (176)
(32,79):174 (174)
(32,80):179 (179)
(32,81):159 (159)
(32,82):172 (172)
(32,83):142 (142)
(32,84):176 (176)
(32,85):139 (139)
(32,86):164 (164)
(32,87):126 (126)
(32,88):184 (184)
(32,89):140 (140)
(32,90):192 (192)
(32,91):141 (141)
(32,92):184 (184)
(32,93):133 (133)
(32,94):171 (171)
(32,95):133 (133)
(32,96):120 (120)
(32,97):60 (60)
(32,98):57 (57)
(32,99):80 (80)
(32,100):63 (63)
(32,101):62 (62)
(32,102):77 (77)
(32,103):76 (76)
(32,104):128 (128)
(32,105):206 (206)
(32,106):224 (224)
(32,107):242 (242)
(32,108):250 (250)
(32,109):249 (249)
(32,110):244 (244)
(32,111):232 (232)
(32,112):222 (222)
(32,113):219 (219)
(32,114):209 (209)
(32,115):183 (183)
(32,116):108 (108)
(32,117):101 (101)
(32,118):169 (169)
(32,119):219 (219)
(32,120):238 (238)
(32,121):249 (249)
(32,122):250 (250)
(32,123):250 (250)
(32,124):250 (250)
(32,125):250 (250)
(32,126):187 (187)
(32,127):187 (187)
(33,0):106 (106)
(33,1):133 (133)
(33,2):109 (109)
(33,3):58 (58)
(33,4):75 (75)
(33,5):94 (94)
(33,6):123 (123)
(33,7):102 (102)
(33,8):154 (154)
(33,9):96 (96)
(33,10):156 (156)
(33,11):92 (92)
(33,12):156 (156)
(33,13):92 (92)
(33,14):155 (155)
(33,15):94 (94)
(33,16):154 (154)
(33,17):94 (94)
(33,18):156 (156)
(33,19):95 (95)
(33,20):156 (156)
(33,21):94 (94)
(33,22):157 (157)
(33,23):96 (96)
(33,24):157 (157)
(33,25):96 (96)
(33,26):157 (157)
(33,27):96 (96)
(33,28):156 (156)
(33,29):96 (96)
(33,30):118 (118)
(33,31):63 (63)
(33,32):63 (63)
(33,33):39 (39)
(33,34):33 (33)
(33,35):56 (56)
(33,36):125 (125)
(33,37):141 (141)
(33,38):98 (98)
(33,39):58 (58)
(33,40):36 (36)
(33,41):42 (42)
(33,42):43 (43)
(33,43):41 (41)
(33,44):69 (69)
(33,45):42 (42)
(33,46):50 (50)
(33,47):89 (89)
(33,48):73 (73)
(33,49):130 (130)
(33,50):162 (162)
(33,51):190 (190)
(33,52):195 (195)
(33,53):194 (194)
(33,54):194 (194)
(33,55):156 (156)
(33,56):113 (113)
(33,57):76 (76)
(33,58):74 (74)
(33,59):151 (151)
(33,60):154 (154)
(33,61):195 (195)
(33,62):210 (210)
(33,63):209 (209)
(33,64):220 (220)
(33,65):217 (217)
(33,66):213 (213)
(33,67):205 (205)
(33,68):204 (204)
(33,69):209 (209)
(33,70):209 (209)
(33,71):223 (223)
(33,72):218 (218)
(33,73):215 (215)
(33,74):212 (212)
(33,75):215 (215)
(33,76):214 (214)
(33,77):207 (207)
(33,78):199 (199)
(33,79):183 (183)
(33,80):170 (170)
(33,81):128 (128)
(33,82):142 (142)
(33,83):99 (99)
(33,84):145 (145)
(33,85):96 (96)
(33,86):142 (142)
(33,87):94 (94)
(33,88):156 (156)
(33,89):97 (97)
(33,90):154 (154)
(33,91):94 (94)
(33,92):148 (148)
(33,93):93 (93)
(33,94):132 (132)
(33,95):78 (78)
(33,96):114 (114)
(33,97):50 (50)
(33,98):51 (51)
(33,99):35 (35)
(33,100):61 (61)
(33,101):103 (103)
(33,102):106 (106)
(33,103):81 (81)
(33,104):91 (91)
(33,105):168 (168)
(33,106):221 (221)
(33,107):242 (242)
(33,108):250 (250)
(33,109):250 (250)
(33,110):250 (250)
(33,111):249 (249)
(33,112):240 (240)
(33,113):223 (223)
(33,114):197 (197)
(33,115):193 (193)
(33,116):128 (128)
(33,117):102 (102)
(33,118):153 (153)
(33,119):210 (210)
(33,120):236 (236)
(33,121):249 (249)
(33,122):250 (250)
(33,123):250 (250)
(33,124):250 (250)
(33,125):250 (250)
(33,126):187 (187)
(33,127):187 (187)
(34,0):167 (167)
(34,1):149 (149)
(34,2):141 (141)
(34,3):88 (88)
(34,4):86 (86)
(34,5):116 (116)
(34,6):176 (176)
(34,7):150 (150)
(34,8):206 (206)
(34,9):154 (154)
(34,10):207 (207)
(34,11):157 (157)
(34,12):207 (207)
(34,13):156 (156)
(34,14):208 (208)
(34,15):155 (155)
(34,16):208 (208)
(34,17):155 (155)
(34,18):208 (208)
(34,19):157 (157)
(34,20):208 (208)
(34,21):158 (158)
(34,22):210 (210)
(34,23):156 (156)
(34,24):210 (210)
(34,25):156 (156)
(34,26):210 (210)
(34,27):158 (158)
(34,28):210 (210)
(34,29):159 (159)
(34,30):181 (181)
(34,31):130 (130)
(34,32):105 (105)
(34,33):65 (65)
(34,34):62 (62)
(34,35):31 (31)
(34,36):103 (103)
(34,37):66 (66)
(34,38):93 (93)
(34,39):107 (107)
(34,40):102 (102)
(34,41):105 (105)
(34,42):74 (74)
(34,43):61 (61)
(34,44):67 (67)
(34,45):89 (89)
(34,46):70 (70)
(34,47):112 (112)
(34,48):149 (149)
(34,49):108 (108)
(34,50):141 (141)
(34,51):185 (185)
(34,52):169 (169)
(34,53):157 (157)
(34,54):118 (118)
(34,55):193 (193)
(34,56):111 (111)
(34,57):153 (153)
(34,58):174 (174)
(34,59):208 (208)
(34,60):236 (236)
(34,61):232 (232)
(34,62):234 (234)
(34,63):236 (236)
(34,64):244 (244)
(34,65):242 (242)
(34,66):237 (237)
(34,67):230 (230)
(34,68):231 (231)
(34,69):226 (226)
(34,70):221 (221)
(34,71):217 (217)
(34,72):219 (219)
(34,73):197 (197)
(34,74):221 (221)
(34,75):218 (218)
(34,76):225 (225)
(34,77):227 (227)
(34,78):230 (230)
(34,79):225 (225)
(34,80):230 (230)
(34,81):200 (200)
(34,82):210 (210)
(34,83):164 (164)
(34,84):203 (203)
(34,85):151 (151)
(34,86):209 (209)
(34,87):156 (156)
(34,88):206 (206)
(34,89):155 (155)
(34,90):210 (210)
(34,91):154 (154)
(34,92):211 (211)
(34,93):151 (151)
(34,94):184 (184)
(34,95):118 (118)
(34,96):137 (137)
(34,97):48 (48)
(34,98):35 (35)
(34,99):6 (6)
(34,100):62 (62)
(34,101):18 (18)
(34,102):108 (108)
(34,103):58 (58)
(34,104):89 (89)
(34,105):149 (149)
(34,106):219 (219)
(34,107):234 (234)
(34,108):246 (246)
(34,109):250 (250)
(34,110):250 (250)
(34,111):250 (250)
(34,112):250 (250)
(34,113):240 (240)
(34,114):199 (199)
(34,115):175 (175)
(34,116):114 (114)
(34,117):106 (106)
(34,118):154 (154)
(34,119):203 (203)
(34,120):230 (230)
(34,121):249 (249)
(34,122):250 (250)
(34,123):250 (250)
(34,124):250 (250)
(34,125):250 (250)
(34,126):187 (187)
(34,127):187 (187)
(35,0):175 (175)
(35,1):156 (156)
(35,2):165 (165)
(35,3):96 (96)
(35,4):69 (69)
(35,5):61 (61)
(35,6):133 (133)
(35,7):94 (94)
(35,8):151 (151)
(35,9):97 (97)
(35,10):156 (156)
(35,11):94 (94)
(35,12):157 (157)
(35,13):95 (95)
(35,14):155 (155)
(35,15):96 (96)
(35,16):156 (156)
(35,17):95 (95)
(35,18):157 (157)
(35,19):94 (94)
(35,20):161 (161)
(35,21):97 (97)
(35,22):160 (160)
(35,23):99 (99)
(35,24):160 (160)
(35,25):96 (96)
(35,26):159 (159)
(35,27):94 (94)
(35,28):155 (155)
(35,29):90 (90)
(35,30):144 (144)
(35,31):82 (82)
(35,32):117 (117)
(35,33):42 (42)
(35,34):61 (61)
(35,35):45 (45)
(35,36):51 (51)
(35,37):126 (126)
(35,38):77 (77)
(35,39):166 (166)
(35,40):146 (146)
(35,41):151 (151)
(35,42):106 (106)
(35,43):101 (101)
(35,44):156 (156)
(35,45):164 (164)
(35,46):170 (170)
(35,47):161 (161)
(35,48):160 (160)
(35,49):142 (142)
(35,50):130 (130)
(35,51):105 (105)
(35,52):103 (103)
(35,53):91 (91)
(35,54):171 (171)
(35,55):159 (159)
(35,56):203 (203)
(35,57):220 (220)
(35,58):217 (217)
(35,59):228 (228)
(35,60):234 (234)
(35,61):241 (241)
(35,62):240 (240)
(35,63):243 (243)
(35,64):242 (242)
(35,65):238 (238)
(35,66):230 (230)
(35,67):224 (224)
(35,68):212 (212)
(35,69):214 (214)
(35,70):189 (189)
(35,71):220 (220)
(35,72):226 (226)
(35,73):234 (234)
(35,74):245 (245)
(35,75):248 (248)
(35,76):248 (248)
(35,77):246 (246)
(35,78):242 (242)
(35,79):232 (232)
(35,80):233 (233)
(35,81):200 (200)
(35,82):194 (194)
(35,83):125 (125)
(35,84):161 (161)
(35,85):100 (100)
(35,86):157 (157)
(35,87):96 (96)
(35,88):158 (158)
(35,89):96 (96)
(35,90):156 (156)
(35,91):91 (91)
(35,92):150 (150)
(35,93):89 (89)
(35,94):136 (136)
(35,95):69 (69)
(35,96):81 (81)
(35,97):18 (18)
(35,98):31 (31)
(35,99):45 (45)
(35,100):48 (48)
(35,101):56 (56)
(35,102):45 (45)
(35,103):73 (73)
(35,104):118 (118)
(35,105):188 (188)
(35,106):216 (216)
(35,107):236 (236)
(35,108):248 (248)
(35,109):250 (250)
(35,110):250 (250)
(35,111):250 (250)
(35,112):250 (250)
(35,113):244 (244)
(35,114):202 (202)
(35,115):174 (174)
(35,116):113 (113)
(35,117):109 (109)
(35,118):160 (160)
(35,119):205 (205)
(35,120):230 (230)
(35,121):249 (249)
(35,122):250 (250)
(35,123):250 (250)
(35,124):250 (250)
(35,125):250 (250)
(35,126):187 (187)
(35,127):187 (187)
(36,0):188 (188)
(36,1):160 (160)
(36,2):197 (197)
(36,3):145 (145)
(36,4):91 (91)
(36,5):111 (111)
(36,6):139 (139)
(36,7):117 (117)
(36,8):194 (194)
(36,9):151 (151)
(36,10):207 (207)
(36,11):157 (157)
(36,12):207 (207)
(36,13):156 (156)
(36,14):208 (208)
(36,15):155 (155)
(36,16):209 (209)
(36,17):157 (157)
(36,18):207 (207)
(36,19):159 (159)
(36,20):210 (210)
(36,21):159 (159)
(36,22):210 (210)
(36,23):158 (158)
(36,24):209 (209)
(36,25):158 (158)
(36,26):208 (208)
(36,27):160 (160)
(36,28):208 (208)
(36,29):159 (159)
(36,30):193 (193)
(36,31):139 (139)
(36,32):176 (176)
(36,33):119 (119)
(36,34):119 (119)
(36,35):41 (41)
(36,36):50 (50)
(36,37):60 (60)
(36,38):112 (112)
(36,39):150 (150)
(36,40):157 (157)
(36,41):132 (132)
(36,42):125 (125)
(36,43):98 (98)
(36,44):90 (90)
(36,45):78 (78)
(36,46):90 (90)
(36,47):58 (58)
(36,48):73 (73)
(36,49):85 (85)
(36,50):170 (170)
(36,51):104 (104)
(36,52):161 (161)
(36,53):209 (209)
(36,54):214 (214)
(36,55):222 (222)
(36,56):228 (228)
(36,57):241 (241)
(36,58):237 (237)
(36,59):242 (242)
(36,60):245 (245)
(36,61):246 (246)
(36,62):246 (246)
(36,63):244 (244)
(36,64):229 (229)
(36,65):227 (227)
(36,66):214 (214)
(36,67):213 (213)
(36,68):200 (200)
(36,69):197 (197)
(36,70):205 (205)
(36,71):203 (203)
(36,72):229 (229)
(36,73):231 (231)
(36,74):246 (246)
(36,75):245 (245)
(36,76):250 (250)
(36,77):249 (249)
(36,78):250 (250)
(36,79):244 (244)
(36,80):243 (243)
(36,81):228 (228)
(36,82):237 (237)
(36,83):178 (178)
(36,84):212 (212)
(36,85):158 (158)
(36,86):206 (206)
(36,87):157 (157)
(36,88):209 (209)
(36,89):157 (157)
(36,90):203 (203)
(36,91):152 (152)
(36,92):187 (187)
(36,93):127 (127)
(36,94):166 (166)
(36,95):107 (107)
(36,96):84 (84)
(36,97):28 (28)
(36,98):39 (39)
(36,99):19 (19)
(36,100):45 (45)
(36,101):24 (24)
(36,102):50 (50)
(36,103):88 (88)
(36,104):176 (176)
(36,105):132 (132)
(36,106):179 (179)
(36,107):217 (217)
(36,108):234 (234)
(36,109):247 (247)
(36,110):249 (249)
(36,111):250 (250)
(36,112):250 (250)
(36,113):242 (242)
(36,114):200 (200)
(36,115):173 (173)
(36,116):110 (110)
(36,117):109 (109)
(36,118):140 (140)
(36,119):202 (202)
(36,120):230 (230)
(36,121):249 (249)
(36,122):250 (250)
(36,123):250 (250)
(36,124):250 (250)
(36,125):250 (250)
(36,126):187 (187)
(36,127):187 (187)
(37,0):168 (168)
(37,1):174 (174)
(37,2):201 (201)
(37,3):176 (176)
(37,4):109 (109)
(37,5):61 (61)
(37,6):102 (102)
(37,7):87 (87)
(37,8):143 (143)
(37,9):94 (94)
(37,10):158 (158)
(37,11):96 (96)
(37,12):157 (157)
(37,13):96 (96)
(37,14):157 (157)
(37,15):97 (97)
(37,16):156 (156)
(37,17):97 (97)
(37,18):159 (159)
(37,19):97 (97)
(37,20):160 (160)
(37,21):101 (101)
(37,22):162 (162)
(37,23):100 (100)
(37,24):158 (158)
(37,25):99 (99)
(37,26):158 (158)
(37,27):97 (97)
(37,28):157 (157)
(37,29):98 (98)
(37,30):156 (156)
(37,31):86 (86)
(37,32):138 (138)
(37,33):58 (58)
(37,34):120 (120)
(37,35):51 (51)
(37,36):42 (42)
(37,37):47 (47)
(37,38):57 (57)
(37,39):60 (60)
(37,40):49 (49)
(37,41):51 (51)
(37,42):83 (83)
(37,43):80 (80)
(37,44):94 (94)
(37,45):83 (83)
(37,46):129 (129)
(37,47):99 (99)
(37,48):138 (138)
(37,49):118 (118)
(37,50):152 (152)
(37,51):157 (157)
(37,52):220 (220)
(37,53):219 (219)
(37,54):231 (231)
(37,55):234 (234)
(37,56):244 (244)
(37,57):244 (244)
(37,58):248 (248)
(37,59):250 (250)
(37,60):250 (250)
(37,61):247 (247)
(37,62):238 (238)
(37,63):229 (229)
(37,64):213 (213)
(37,65):180 (180)
(37,66):139 (139)
(37,67):123 (123)
(37,68):76 (76)
(37,69):80 (80)
(37,70):84 (84)
(37,71):101 (101)
(37,72):181 (181)
(37,73):213 (213)
(37,74):243 (243)
(37,75):247 (247)
(37,76):249 (249)
(37,77):249 (249)
(37,78):247 (247)
(37,79):246 (246)
(37,80):238 (238)
(37,81):215 (215)
(37,82):219 (219)
(37,83):146 (146)
(37,84):166 (166)
(37,85):99 (99)
(37,86):151 (151)
(37,87):92 (92)
(37,88):146 (146)
(37,89):83 (83)
(37,90):133 (133)
(37,91):80 (80)
(37,92):102 (102)
(37,93):54 (54)
(37,94):80 (80)
(37,95):18 (18)
(37,96):21 (21)
(37,97):15 (15)
(37,98):22 (22)
(37,99):29 (29)
(37,100):56 (56)
(37,101):90 (90)
(37,102):63 (63)
(37,103):93 (93)
(37,104):128 (128)
(37,105):138 (138)
(37,106):194 (194)
(37,107):224 (224)
(37,108):235 (235)
(37,109):247 (247)
(37,110):250 (250)
(37,111):250 (250)
(37,112):250 (250)
(37,113):240 (240)
(37,114):198 (198)
(37,115):172 (172)
(37,116):113 (113)
(37,117):106 (106)
(37,118):150 (150)
(37,119):205 (205)
(37,120):233 (233)
(37,121):250 (250)
(37,122):250 (250)
(37,123):250 (250)
(37,124):250 (250)
(37,125):250 (250)
(37,126):187 (187)
(37,127):187 (187)
(38,0):198 (198)
(38,1):156 (156)
(38,2):208 (208)
(38,3):207 (207)
(38,4):152 (152)
(38,5):76 (76)
(38,6):92 (92)
(38,7):118 (118)
(38,8):180 (180)
(38,9):141 (141)
(38,10):204 (204)
(38,11):156 (156)
(38,12):207 (207)
(38,13):158 (158)
(38,14):209 (209)
(38,15):157 (157)
(38,16):209 (209)
(38,17):158 (158)
(38,18):210 (210)
(38,19):158 (158)
(38,20):209 (209)
(38,21):160 (160)
(38,22):212 (212)
(38,23):159 (159)
(38,24):209 (209)
(38,25):159 (159)
(38,26):207 (207)
(38,27):158 (158)
(38,28):207 (207)
(38,29):158 (158)
(38,30):208 (208)
(38,31):156 (156)
(38,32):195 (195)
(38,33):130 (130)
(38,34):152 (152)
(38,35):67 (67)
(38,36):74 (74)
(38,37):86 (86)
(38,38):146 (146)
(38,39):111 (111)
(38,40):153 (153)
(38,41):126 (126)
(38,42):172 (172)
(38,43):124 (124)
(38,44):180 (180)
(38,45):131 (131)
(38,46):172 (172)
(38,47):131 (131)
(38,48):190 (190)
(38,49):144 (144)
(38,50):196 (196)
(38,51):209 (209)
(38,52):238 (238)
(38,53):235 (235)
(38,54):244 (244)
(38,55):247 (247)
(38,56):249 (249)
(38,57):249 (249)
(38,58):250 (250)
(38,59):250 (250)
(38,60):250 (250)
(38,61):248 (248)
(38,62):245 (245)
(38,63):232 (232)
(38,64):199 (199)
(38,65):191 (191)
(38,66):99 (99)
(38,67):97 (97)
(38,68):84 (84)
(38,69):86 (86)
(38,70):103 (103)
(38,71):102 (102)
(38,72):201 (201)
(38,73):219 (219)
(38,74):246 (246)
(38,75):245 (245)
(38,76):250 (250)
(38,77):249 (249)
(38,78):250 (250)
(38,79):249 (249)
(38,80):247 (247)
(38,81):229 (229)
(38,82):234 (234)
(38,83):178 (178)
(38,84):200 (200)
(38,85):146 (146)
(38,86):182 (182)
(38,87):135 (135)
(38,88):174 (174)
(38,89):129 (129)
(38,90):162 (162)
(38,91):122 (122)
(38,92):114 (114)
(38,93):111 (111)
(38,94):58 (58)
(38,95):43 (43)
(38,96):43 (43)
(38,97):44 (44)
(38,98):49 (49)
(38,99):83 (83)
(38,100):73 (73)
(38,101):74 (74)
(38,102):116 (116)
(38,103):46 (46)
(38,104):62 (62)
(38,105):79 (79)
(38,106):117 (117)
(38,107):189 (189)
(38,108):221 (221)
(38,109):245 (245)
(38,110):249 (249)
(38,111):250 (250)
(38,112):249 (249)
(38,113):237 (237)
(38,114):196 (196)
(38,115):170 (170)
(38,116):110 (110)
(38,117):109 (109)
(38,118):165 (165)
(38,119):207 (207)
(38,120):234 (234)
(38,121):249 (249)
(38,122):250 (250)
(38,123):250 (250)
(38,124):250 (250)
(38,125):250 (250)
(38,126):187 (187)
(38,127):187 (187)
(39,0):203 (203)
(39,1):197 (197)
(39,2):219 (219)
(39,3):208 (208)
(39,4):198 (198)
(39,5):120 (120)
(39,6):78 (78)
(39,7):66 (66)
(39,8):138 (138)
(39,9):88 (88)
(39,10):154 (154)
(39,11):96 (96)
(39,12):158 (158)
(39,13):97 (97)
(39,14):156 (156)
(39,15):98 (98)
(39,16):157 (157)
(39,17):98 (98)
(39,18):157 (157)
(39,19):97 (97)
(39,20):158 (158)
(39,21):100 (100)
(39,22):160 (160)
(39,23):101 (101)
(39,24):158 (158)
(39,25):100 (100)
(39,26):158 (158)
(39,27):98 (98)
(39,28):160 (160)
(39,29):97 (97)
(39,30):158 (158)
(39,31):92 (92)
(39,32):157 (157)
(39,33):80 (80)
(39,34):122 (122)
(39,35):42 (42)
(39,36):48 (48)
(39,37):33 (33)
(39,38):102 (102)
(39,39):69 (69)
(39,40):119 (119)
(39,41):80 (80)
(39,42):113 (113)
(39,43):76 (76)
(39,44):136 (136)
(39,45):89 (89)
(39,46):145 (145)
(39,47):97 (97)
(39,48):154 (154)
(39,49):120 (120)
(39,50):187 (187)
(39,51):203 (203)
(39,52):234 (234)
(39,53):237 (237)
(39,54):249 (249)
(39,55):249 (249)
(39,56):249 (249)
(39,57):250 (250)
(39,58):249 (249)
(39,59):250 (250)
(39,60):250 (250)
(39,61):247 (247)
(39,62):237 (237)
(39,63):211 (211)
(39,64):128 (128)
(39,65):100 (100)
(39,66):76 (76)
(39,67):68 (68)
(39,68):62 (62)
(39,69):68 (68)
(39,70):93 (93)
(39,71):158 (158)
(39,72):197 (197)
(39,73):227 (227)
(39,74):237 (237)
(39,75):244 (244)
(39,76):245 (245)
(39,77):242 (242)
(39,78):236 (236)
(39,79):232 (232)
(39,80):206 (206)
(39,81):196 (196)
(39,82):183 (183)
(39,83):119 (119)
(39,84):140 (140)
(39,85):91 (91)
(39,86):131 (131)
(39,87):79 (79)
(39,88):97 (97)
(39,89):60 (60)
(39,90):64 (64)
(39,91):35 (35)
(39,92):46 (46)
(39,93):24 (24)
(39,94):46 (46)
(39,95):40 (40)
(39,96):57 (57)
(39,97):28 (28)
(39,98):45 (45)
(39,99):39 (39)
(39,100):41 (41)
(39,101):28 (28)
(39,102):49 (49)
(39,103):43 (43)
(39,104):78 (78)
(39,105):76 (76)
(39,106):101 (101)
(39,107):193 (193)
(39,108):227 (227)
(39,109):247 (247)
(39,110):249 (249)
(39,111):250 (250)
(39,112):244 (244)
(39,113):235 (235)
(39,114):191 (191)
(39,115):156 (156)
(39,116):97 (97)
(39,117):121 (121)
(39,118):175 (175)
(39,119):215 (215)
(39,120):238 (238)
(39,121):250 (250)
(39,122):250 (250)
(39,123):250 (250)
(39,124):250 (250)
(39,125):250 (250)
(39,126):187 (187)
(39,127):187 (187)
(40,0):172 (172)
(40,1):202 (202)
(40,2):231 (231)
(40,3):212 (212)
(40,4):207 (207)
(40,5):184 (184)
(40,6):115 (115)
(40,7):79 (79)
(40,8):152 (152)
(40,9):121 (121)
(40,10):194 (194)
(40,11):154 (154)
(40,12):208 (208)
(40,13):157 (157)
(40,14):209 (209)
(40,15):158 (158)
(40,16):210 (210)
(40,17):157 (157)
(40,18):209 (209)
(40,19):158 (158)
(40,20):210 (210)
(40,21):158 (158)
(40,22):210 (210)
(40,23):159 (159)
(40,24):209 (209)
(40,25):158 (158)
(40,26):207 (207)
(40,27):159 (159)
(40,28):207 (207)
(40,29):158 (158)
(40,30):209 (209)
(40,31):156 (156)
(40,32):206 (206)
(40,33):139 (139)
(40,34):163 (163)
(40,35):108 (108)
(40,36):90 (90)
(40,37):64 (64)
(40,38):139 (139)
(40,39):124 (124)
(40,40):189 (189)
(40,41):147 (147)
(40,42):206 (206)
(40,43):152 (152)
(40,44):209 (209)
(40,45):154 (154)
(40,46):211 (211)
(40,47):156 (156)
(40,48):208 (208)
(40,49):170 (170)
(40,50):214 (214)
(40,51):217 (217)
(40,52):241 (241)
(40,53):243 (243)
(40,54):249 (249)
(40,55):250 (250)
(40,56):249 (249)
(40,57):250 (250)
(40,58):249 (249)
(40,59):250 (250)
(40,60):249 (249)
(40,61):247 (247)
(40,62):241 (241)
(40,63):235 (235)
(40,64):211 (211)
(40,65):196 (196)
(40,66):193 (193)
(40,67):185 (185)
(40,68):175 (175)
(40,69):176 (176)
(40,70):202 (202)
(40,71):212 (212)
(40,72):214 (214)
(40,73):188 (188)
(40,74):216 (216)
(40,75):209 (209)
(40,76):209 (209)
(40,77):207 (207)
(40,78):206 (206)
(40,79):205 (205)
(40,80):203 (203)
(40,81):190 (190)
(40,82):190 (190)
(40,83):149 (149)
(40,84):165 (165)
(40,85):119 (119)
(40,86):118 (118)
(40,87):74 (74)
(40,88):89 (89)
(40,89):64 (64)
(40,90):63 (63)
(40,91):53 (53)
(40,92):50 (50)
(40,93):98 (98)
(40,94):68 (68)
(40,95):115 (115)
(40,96):136 (136)
(40,97):130 (130)
(40,98):139 (139)
(40,99):95 (95)
(40,100):126 (126)
(40,101):92 (92)
(40,102):111 (111)
(40,103):109 (109)
(40,104):106 (106)
(40,105):83 (83)
(40,106):114 (114)
(40,107):201 (201)
(40,108):225 (225)
(40,109):245 (245)
(40,110):249 (249)
(40,111):249 (249)
(40,112):242 (242)
(40,113):222 (222)
(40,114):187 (187)
(40,115):135 (135)
(40,116):99 (99)
(40,117):136 (136)
(40,118):198 (198)
(40,119):223 (223)
(40,120):243 (243)
(40,121):249 (249)
(40,122):250 (250)
(40,123):250 (250)
(40,124):250 (250)
(40,125):250 (250)
(40,126):187 (187)
(40,127):187 (187)
(41,0):203 (203)
(41,1):203 (203)
(41,2):247 (247)
(41,3):229 (229)
(41,4):211 (211)
(41,5):196 (196)
(41,6):159 (159)
(41,7):67 (67)
(41,8):110 (110)
(41,9):72 (72)
(41,10):146 (146)
(41,11):94 (94)
(41,12):156 (156)
(41,13):98 (98)
(41,14):157 (157)
(41,15):99 (99)
(41,16):157 (157)
(41,17):99 (99)
(41,18):156 (156)
(41,19):97 (97)
(41,20):157 (157)
(41,21):98 (98)
(41,22):157 (157)
(41,23):100 (100)
(41,24):157 (157)
(41,25):100 (100)
(41,26):160 (160)
(41,27):97 (97)
(41,28):159 (159)
(41,29):96 (96)
(41,30):158 (158)
(41,31):95 (95)
(41,32):158 (158)
(41,33):86 (86)
(41,34):128 (128)
(41,35):56 (56)
(41,36):81 (81)
(41,37):33 (33)
(41,38):85 (85)
(41,39):62 (62)
(41,40):132 (132)
(41,41):88 (88)
(41,42):151 (151)
(41,43):96 (96)
(41,44):152 (152)
(41,45):94 (94)
(41,46):152 (152)
(41,47):96 (96)
(41,48):157 (157)
(41,49):118 (118)
(41,50):177 (177)
(41,51):177 (177)
(41,52):229 (229)
(41,53):229 (229)
(41,54):246 (246)
(41,55):246 (246)
(41,56):250 (250)
(41,57):250 (250)
(41,58):250 (250)
(41,59):250 (250)
(41,60):250 (250)
(41,61):245 (245)
(41,62):226 (226)
(41,63):220 (220)
(41,64):216 (216)
(41,65):211 (211)
(41,66):195 (195)
(41,67):192 (192)
(41,68):179 (179)
(41,69):193 (193)
(41,70):185 (185)
(41,71):198 (198)
(41,72):155 (155)
(41,73):197 (197)
(41,74):198 (198)
(41,75):204 (204)
(41,76):206 (206)
(41,77):202 (202)
(41,78):188 (188)
(41,79):175 (175)
(41,80):157 (157)
(41,81):128 (128)
(41,82):102 (102)
(41,83):87 (87)
(41,84):86 (86)
(41,85):72 (72)
(41,86):80 (80)
(41,87):93 (93)
(41,88):120 (120)
(41,89):137 (137)
(41,90):111 (111)
(41,91):63 (63)
(41,92):62 (62)
(41,93):80 (80)
(41,94):117 (117)
(41,95):80 (80)
(41,96):116 (116)
(41,97):72 (72)
(41,98):111 (111)
(41,99):62 (62)
(41,100):105 (105)
(41,101):43 (43)
(41,102):111 (111)
(41,103):69 (69)
(41,104):63 (63)
(41,105):86 (86)
(41,106):155 (155)
(41,107):217 (217)
(41,108):228 (228)
(41,109):247 (247)
(41,110):248 (248)
(41,111):245 (245)
(41,112):223 (223)
(41,113):215 (215)
(41,114):152 (152)
(41,115):147 (147)
(41,116):100 (100)
(41,117):177 (177)
(41,118):214 (214)
(41,119):230 (230)
(41,120):245 (245)
(41,121):250 (250)
(41,122):250 (250)
(41,123):250 (250)
(41,124):250 (250)
(41,125):250 (250)
(41,126):187 (187)
(41,127):187 (187)
(42,0):203 (203)
(42,1):203 (203)
(42,2):246 (246)
(42,3):244 (244)
(42,4):221 (221)
(42,5):201 (201)
(42,6):192 (192)
(42,7):103 (103)
(42,8):115 (115)
(42,9):131 (131)
(42,10):183 (183)
(42,11):152 (152)
(42,12):208 (208)
(42,13):156 (156)
(42,14):210 (210)
(42,15):156 (156)
(42,16):210 (210)
(42,17):157 (157)
(42,18):208 (208)
(42,19):157 (157)
(42,20):208 (208)
(42,21):157 (157)
(42,22):208 (208)
(42,23):156 (156)
(42,24):208 (208)
(42,25):157 (157)
(42,26):207 (207)
(42,27):159 (159)
(42,28):208 (208)
(42,29):157 (157)
(42,30):208 (208)
(42,31):155 (155)
(42,32):207 (207)
(42,33):153 (153)
(42,34):174 (174)
(42,35):125 (125)
(42,36):130 (130)
(42,37):63 (63)
(42,38):87 (87)
(42,39):109 (109)
(42,40):177 (177)
(42,41):145 (145)
(42,42):201 (201)
(42,43):155 (155)
(42,44):207 (207)
(42,45):152 (152)
(42,46):211 (211)
(42,47):152 (152)
(42,48):210 (210)
(42,49):162 (162)
(42,50):213 (213)
(42,51):185 (185)
(42,52):233 (233)
(42,53):232 (232)
(42,54):244 (244)
(42,55):242 (242)
(42,56):245 (245)
(42,57):243 (243)
(42,58):236 (236)
(42,59):236 (236)
(42,60):232 (232)
(42,61):228 (228)
(42,62):221 (221)
(42,63):212 (212)
(42,64):211 (211)
(42,65):178 (178)
(42,66):203 (203)
(42,67):197 (197)
(42,68):202 (202)
(42,69):204 (204)
(42,70):196 (196)
(42,71):182 (182)
(42,72):174 (174)
(42,73):145 (145)
(42,74):125 (125)
(42,75):113 (113)
(42,76):117 (117)
(42,77):104 (104)
(42,78):100 (100)
(42,79):93 (93)
(42,80):90 (90)
(42,81):88 (88)
(42,82):100 (100)
(42,83):108 (108)
(42,84):140 (140)
(42,85):161 (161)
(42,86):192 (192)
(42,87):195 (195)
(42,88):204 (204)
(42,89):153 (153)
(42,90):186 (186)
(42,91):150 (150)
(42,92):95 (95)
(42,93):86 (86)
(42,94):103 (103)
(42,95):115 (115)
(42,96):134 (134)
(42,97):135 (135)
(42,98):174 (174)
(42,99):148 (148)
(42,100):168 (168)
(42,101):131 (131)
(42,102):114 (114)
(42,103):71 (71)
(42,104):95 (95)
(42,105):179 (179)
(42,106):223 (223)
(42,107):229 (229)
(42,108):237 (237)
(42,109):248 (248)
(42,110):246 (246)
(42,111):236 (236)
(42,112):223 (223)
(42,113):195 (195)
(42,114):137 (137)
(42,115):81 (81)
(42,116):134 (134)
(42,117):210 (210)
(42,118):222 (222)
(42,119):237 (237)
(42,120):248 (248)
(42,121):250 (250)
(42,122):250 (250)
(42,123):250 (250)
(42,124):250 (250)
(42,125):250 (250)
(42,126):187 (187)
(42,127):187 (187)
(43,0):203 (203)
(43,1):203 (203)
(43,2):250 (250)
(43,3):249 (249)
(43,4):235 (235)
(43,5):204 (204)
(43,6):194 (194)
(43,7):113 (113)
(43,8):93 (93)
(43,9):84 (84)
(43,10):137 (137)
(43,11):95 (95)
(43,12):160 (160)
(43,13):100 (100)
(43,14):159 (159)
(43,15):102 (102)
(43,16):156 (156)
(43,17):99 (99)
(43,18):156 (156)
(43,19):99 (99)
(43,20):156 (156)
(43,21):100 (100)
(43,22):156 (156)
(43,23):100 (100)
(43,24):158 (158)
(43,25):100 (100)
(43,26):159 (159)
(43,27):97 (97)
(43,28):159 (159)
(43,29):95 (95)
(43,30):157 (157)
(43,31):94 (94)
(43,32):157 (157)
(43,33):85 (85)
(43,34):137 (137)
(43,35):78 (78)
(43,36):116 (116)
(43,37):37 (37)
(43,38):53 (53)
(43,39):59 (59)
(43,40):99 (99)
(43,41):86 (86)
(43,42):144 (144)
(43,43):93 (93)
(43,44):152 (152)
(43,45):93 (93)
(43,46):148 (148)
(43,47):92 (92)
(43,48):151 (151)
(43,49):101 (101)
(43,50):162 (162)
(43,51):117 (117)
(43,52):181 (181)
(43,53):186 (186)
(43,54):214 (214)
(43,55):214 (214)
(43,56):211 (211)
(43,57):215 (215)
(43,58):209 (209)
(43,59):209 (209)
(43,60):210 (210)
(43,61):213 (213)
(43,62):217 (217)
(43,63):221 (221)
(43,64):221 (221)
(43,65):222 (222)
(43,66):206 (206)
(43,67):184 (184)
(43,68):146 (146)
(43,69):180 (180)
(43,70):101 (101)
(43,71):108 (108)
(43,72):97 (97)
(43,73):94 (94)
(43,74):98 (98)
(43,75):106 (106)
(43,76):130 (130)
(43,77):138 (138)
(43,78):157 (157)
(43,79):164 (164)
(43,80):174 (174)
(43,81):187 (187)
(43,82):198 (198)
(43,83):206 (206)
(43,84):203 (203)
(43,85):209 (209)
(43,86):189 (189)
(43,87):224 (224)
(43,88):214 (214)
(43,89):207 (207)
(43,90):208 (208)
(43,91):215 (215)
(43,92):197 (197)
(43,93):156 (156)
(43,94):120 (120)
(43,95):94 (94)
(43,96):96 (96)
(43,97):71 (71)
(43,98):134 (134)
(43,99):70 (70)
(43,100):97 (97)
(43,101):70 (70)
(43,102):78 (78)
(43,103):101 (101)
(43,104):180 (180)
(43,105):225 (225)
(43,106):231 (231)
(43,107):234 (234)
(43,108):242 (242)
(43,109):244 (244)
(43,110):234 (234)
(43,111):224 (224)
(43,112):202 (202)
(43,113):162 (162)
(43,114):73 (73)
(43,115):104 (104)
(43,116):173 (173)
(43,117):227 (227)
(43,118):229 (229)
(43,119):243 (243)
(43,120):249 (249)
(43,121):250 (250)
(43,122):250 (250)
(43,123):250 (250)
(43,124):250 (250)
(43,125):250 (250)
(43,126):187 (187)
(43,127):187 (187)
(44,0):203 (203)
(44,1):203 (203)
(44,2):250 (250)
(44,3):250 (250)
(44,4):244 (244)
(44,5):213 (213)
(44,6):208 (208)
(44,7):153 (153)
(44,8):116 (116)
(44,9):117 (117)
(44,10):179 (179)
(44,11):147 (147)
(44,12):204 (204)
(44,13):158 (158)
(44,14):209 (209)
(44,15):158 (158)
(44,16):210 (210)
(44,17):158 (158)
(44,18):210 (210)
(44,19):157 (157)
(44,20):210 (210)
(44,21):158 (158)
(44,22):210 (210)
(44,23):158 (158)
(44,24):209 (209)
(44,25):158 (158)
(44,26):208 (208)
(44,27):158 (158)
(44,28):209 (209)
(44,29):157 (157)
(44,30):208 (208)
(44,31):157 (157)
(44,32):208 (208)
(44,33):156 (156)
(44,34):192 (192)
(44,35):132 (132)
(44,36):132 (132)
(44,37):96 (96)
(44,38):80 (80)
(44,39):58 (58)
(44,40):134 (134)
(44,41):124 (124)
(44,42):147 (147)
(44,43):134 (134)
(44,44):172 (172)
(44,45):132 (132)
(44,46):184 (184)
(44,47):116 (116)
(44,48):182 (182)
(44,49):135 (135)
(44,50):187 (187)
(44,51):147 (147)
(44,52):177 (177)
(44,53):156 (156)
(44,54):198 (198)
(44,55):206 (206)
(44,56):217 (217)
(44,57):211 (211)
(44,58):208 (208)
(44,59):197 (197)
(44,60):178 (178)
(44,61):171 (171)
(44,62):165 (165)
(44,63):143 (143)
(44,64):132 (132)
(44,65):121 (121)
(44,66):108 (108)
(44,67):101 (101)
(44,68):105 (105)
(44,69):112 (112)
(44,70):129 (129)
(44,71):138 (138)
(44,72):151 (151)
(44,73):170 (170)
(44,74):190 (190)
(44,75):195 (195)
(44,76):204 (204)
(44,77):204 (204)
(44,78):206 (206)
(44,79):202 (202)
(44,80):202 (202)
(44,81):181 (181)
(44,82):190 (190)
(44,83):222 (222)
(44,84):228 (228)
(44,85):236 (236)
(44,86):239 (239)
(44,87):234 (234)
(44,88):246 (246)
(44,89):237 (237)
(44,90):224 (224)
(44,91):214 (214)
(44,92):223 (223)
(44,93):221 (221)
(44,94):218 (218)
(44,95):207 (207)
(44,96):201 (201)
(44,97):180 (180)
(44,98):145 (145)
(44,99):142 (142)
(44,100):153 (153)
(44,101):161 (161)
(44,102):185 (185)
(44,103):222 (222)
(44,104):235 (235)
(44,105):234 (234)
(44,106):236 (236)
(44,107):244 (244)
(44,108):244 (244)
(44,109):236 (236)
(44,110):225 (225)
(44,111):213 (213)
(44,112):171 (171)
(44,113):89 (89)
(44,114):90 (90)
(44,115):169 (169)
(44,116):220 (220)
(44,117):227 (227)
(44,118):237 (237)
(44,119):248 (248)
(44,120):250 (250)
(44,121):250 (250)
(44,122):250 (250)
(44,123):250 (250)
(44,124):250 (250)
(44,125):250 (250)
(44,126):187 (187)
(44,127):187 (187)
(45,0):203 (203)
(45,1):203 (203)
(45,2):250 (250)
(45,3):250 (250)
(45,4):248 (248)
(45,5):222 (222)
(45,6):198 (198)
(45,7):169 (169)
(45,8):105 (105)
(45,9):96 (96)
(45,10):141 (141)
(45,11):100 (100)
(45,12):157 (157)
(45,13):108 (108)
(45,14):160 (160)
(45,15):105 (105)
(45,16):160 (160)
(45,17):103 (103)
(45,18):159 (159)
(45,19):101 (101)
(45,20):159 (159)
(45,21):102 (102)
(45,22):160 (160)
(45,23):104 (104)
(45,24):159 (159)
(45,25):99 (99)
(45,26):158 (158)
(45,27):95 (95)
(45,28):158 (158)
(45,29):93 (93)
(45,30):156 (156)
(45,31):92 (92)
(45,32):156 (156)
(45,33):94 (94)
(45,34):151 (151)
(45,35):82 (82)
(45,36):103 (103)
(45,37):78 (78)
(45,38):58 (58)
(45,39):32 (32)
(45,40):73 (73)
(45,41):72 (72)
(45,42):114 (114)
(45,43):70 (70)
(45,44):106 (106)
(45,45):79 (79)
(45,46):117 (117)
(45,47):67 (67)
(45,48):114 (114)
(45,49):88 (88)
(45,50):141 (141)
(45,51):119 (119)
(45,52):146 (146)
(45,53):118 (118)
(45,54):131 (131)
(45,55):167 (167)
(45,56):120 (120)
(45,57):119 (119)
(45,58):102 (102)
(45,59):106 (106)
(45,60):115 (115)
(45,61):126 (126)
(45,62):139 (139)
(45,63):153 (153)
(45,64):169 (169)
(45,65):179 (179)
(45,66):187 (187)
(45,67):210 (210)
(45,68):199 (199)
(45,69):201 (201)
(45,70):206 (206)
(45,71):212 (212)
(45,72):206 (206)
(45,73):203 (203)
(45,74):212 (212)
(45,75):188 (188)
(45,76):219 (219)
(45,77):219 (219)
(45,78):229 (229)
(45,79):235 (235)
(45,80):239 (239)
(45,81):243 (243)
(45,82):245 (245)
(45,83):247 (247)
(45,84):241 (241)
(45,85):249 (249)
(45,86):250 (250)
(45,87):250 (250)
(45,88):246 (246)
(45,89):249 (249)
(45,90):244 (244)
(45,91):238 (238)
(45,92):228 (228)
(45,93):223 (223)
(45,94):217 (217)
(45,95):213 (213)
(45,96):221 (221)
(45,97):208 (208)
(45,98):207 (207)
(45,99):202 (202)
(45,100):211 (211)
(45,101):212 (212)
(45,102):227 (227)
(45,103):233 (233)
(45,104):235 (235)
(45,105):238 (238)
(45,106):243 (243)
(45,107):242 (242)
(45,108):234 (234)
(45,109):234 (234)
(45,110):214 (214)
(45,111):171 (171)
(45,112):83 (83)
(45,113):88 (88)
(45,114):133 (133)
(45,115):218 (218)
(45,116):224 (224)
(45,117):234 (234)
(45,118):244 (244)
(45,119):249 (249)
(45,120):250 (250)
(45,121):250 (250)
(45,122):250 (250)
(45,123):250 (250)
(45,124):250 (250)
(45,125):250 (250)
(45,126):187 (187)
(45,127):187 (187)
(46,0):203 (203)
(46,1):203 (203)
(46,2):250 (250)
(46,3):250 (250)
(46,4):250 (250)
(46,5):231 (231)
(46,6):215 (215)
(46,7):185 (185)
(46,8):186 (186)
(46,9):120 (120)
(46,10):149 (149)
(46,11):133 (133)
(46,12):200 (200)
(46,13):162 (162)
(46,14):212 (212)
(46,15):168 (168)
(46,16):212 (212)
(46,17):166 (166)
(46,18):214 (214)
(46,19):164 (164)
(46,20):213 (213)
(46,21):161 (161)
(46,22):211 (211)
(46,23):163 (163)
(46,24):210 (210)
(46,25):159 (159)
(46,26):208 (208)
(46,27):158 (158)
(46,28):208 (208)
(46,29):157 (157)
(46,30):209 (209)
(46,31):156 (156)
(46,32):209 (209)
(46,33):156 (156)
(46,34):200 (200)
(46,35):146 (146)
(46,36):175 (175)
(46,37):123 (123)
(46,38):126 (126)
(46,39):54 (54)
(46,40):61 (61)
(46,41):56 (56)
(46,42):81 (81)
(46,43):102 (102)
(46,44):94 (94)
(46,45):79 (79)
(46,46):106 (106)
(46,47):85 (85)
(46,48):153 (153)
(46,49):127 (127)
(46,50):108 (108)
(46,51):91 (91)
(46,52):100 (100)
(46,53):106 (106)
(46,54):125 (125)
(46,55):131 (131)
(46,56):157 (157)
(46,57):175 (175)
(46,58):192 (192)
(46,59):204 (204)
(46,60):216 (216)
(46,61):219 (219)
(46,62):216 (216)
(46,63):215 (215)
(46,64):213 (213)
(46,65):210 (210)
(46,66):209 (209)
(46,67):210 (210)
(46,68):213 (213)
(46,69):216 (216)
(46,70):220 (220)
(46,71):226 (226)
(46,72):233 (233)
(46,73):238 (238)
(46,74):242 (242)
(46,75):244 (244)
(46,76):247 (247)
(46,77):248 (248)
(46,78):249 (249)
(46,79):242 (242)
(46,80):243 (243)
(46,81):250 (250)
(46,82):249 (249)
(46,83):246 (246)
(46,84):245 (245)
(46,85):250 (250)
(46,86):250 (250)
(46,87):250 (250)
(46,88):249 (249)
(46,89):250 (250)
(46,90):250 (250)
(46,91):250 (250)
(46,92):250 (250)
(46,93):247 (247)
(46,94):245 (245)
(46,95):240 (240)
(46,96):230 (230)
(46,97):230 (230)
(46,98):232 (232)
(46,99):234 (234)
(46,100):233 (233)
(46,101):239 (239)
(46,102):242 (242)
(46,103):243 (243)
(46,104):243 (243)
(46,105):240 (240)
(46,106):232 (232)
(46,107):225 (225)
(46,108):223 (223)
(46,109):206 (206)
(46,110):171 (171)
(46,111):86 (86)
(46,112):90 (90)
(46,113):141 (141)
(46,114):217 (217)
(46,115):228 (228)
(46,116):234 (234)
(46,117):243 (243)
(46,118):249 (249)
(46,119):250 (250)
(46,120):250 (250)
(46,121):250 (250)
(46,122):250 (250)
(46,123):250 (250)
(46,124):250 (250)
(46,125):250 (250)
(46,126):187 (187)
(46,127):187 (187)
(47,0):203 (203)
(47,1):203 (203)
(47,2):250 (250)
(47,3):250 (250)
(47,4):249 (249)
(47,5):240 (240)
(47,6):212 (212)
(47,7):201 (201)
(47,8):147 (147)
(47,9):94 (94)
(47,10):133 (133)
(47,11):114 (114)
(47,12):150 (150)
(47,13):109 (109)
(47,14):166 (166)
(47,15):110 (110)
(47,16):166 (166)
(47,17):107 (107)
(47,18):164 (164)
(47,19):105 (105)
(47,20):164 (164)
(47,21):104 (104)
(47,22):159 (159)
(47,23):99 (99)
(47,24):157 (157)
(47,25):96 (96)
(47,26):157 (157)
(47,27):93 (93)
(47,28):158 (158)
(47,29):93 (93)
(47,30):156 (156)
(47,31):93 (93)
(47,32):155 (155)
(47,33):94 (94)
(47,34):151 (151)
(47,35):94 (94)
(47,36):133 (133)
(47,37):71 (71)
(47,38):72 (72)
(47,39):35 (35)
(47,40):41 (41)
(47,41):24 (24)
(47,42):40 (40)
(47,43):49 (49)
(47,44):60 (60)
(47,45):63 (63)
(47,46):81 (81)
(47,47):85 (85)
(47,48):111 (111)
(47,49):110 (110)
(47,50):139 (139)
(47,51):155 (155)
(47,52):188 (188)
(47,53):207 (207)
(47,54):207 (207)
(47,55):206 (206)
(47,56):183 (183)
(47,57):213 (213)
(47,58):207 (207)
(47,59):211 (211)
(47,60):213 (213)
(47,61):215 (215)
(47,62):221 (221)
(47,63):226 (226)
(47,64):230 (230)
(47,65):234 (234)
(47,66):238 (238)
(47,67):241 (241)
(47,68):245 (245)
(47,69):247 (247)
(47,70):248 (248)
(47,71):248 (248)
(47,72):249 (249)
(47,73):243 (243)
(47,74):250 (250)
(47,75):250 (250)
(47,76):250 (250)
(47,77):246 (246)
(47,78):250 (250)
(47,79):250 (250)
(47,80):250 (250)
(47,81):250 (250)
(47,82):250 (250)
(47,83):250 (250)
(47,84):250 (250)
(47,85):250 (250)
(47,86):250 (250)
(47,87):250 (250)
(47,88):250 (250)
(47,89):250 (250)
(47,90):250 (250)
(47,91):250 (250)
(47,92):250 (250)
(47,93):250 (250)
(47,94):249 (249)
(47,95):250 (250)
(47,96):250 (250)
(47,97):249 (249)
(47,98):249 (249)
(47,99):249 (249)
(47,100):250 (250)
(47,101):244 (244)
(47,102):245 (245)
(47,103):232 (232)
(47,104):230 (230)
(47,105):217 (217)
(47,106):224 (224)
(47,107):210 (210)
(47,108):199 (199)
(47,109):157 (157)
(47,110):103 (103)
(47,111):179 (179)
(47,112):161 (161)
(47,113):232 (232)
(47,114):230 (230)
(47,115):233 (233)
(47,116):239 (239)
(47,117):248 (248)
(47,118):250 (250)
(47,119):250 (250)
(47,120):250 (250)
(47,121):250 (250)
(47,122):250 (250)
(47,123):250 (250)
(47,124):250 (250)
(47,125):250 (250)
(47,126):187 (187)
(47,127):187 (187)
(48,0):203 (203)
(48,1):203 (203)
(48,2):250 (250)
(48,3):250 (250)
(48,4):250 (250)
(48,5):244 (244)
(48,6):238 (238)
(48,7):217 (217)
(48,8):196 (196)
(48,9):115 (115)
(48,10):123 (123)
(48,11):137 (137)
(48,12):187 (187)
(48,13):155 (155)
(48,14):208 (208)
(48,15):168 (168)
(48,16):214 (214)
(48,17):163 (163)
(48,18):211 (211)
(48,19):161 (161)
(48,20):208 (208)
(48,21):160 (160)
(48,22):209 (209)
(48,23):157 (157)
(48,24):209 (209)
(48,25):157 (157)
(48,26):207 (207)
(48,27):157 (157)
(48,28):207 (207)
(48,29):157 (157)
(48,30):209 (209)
(48,31):156 (156)
(48,32):210 (210)
(48,33):155 (155)
(48,34):208 (208)
(48,35):154 (154)
(48,36):196 (196)
(48,37):134 (134)
(48,38):165 (165)
(48,39):102 (102)
(48,40):74 (74)
(48,41):49 (49)
(48,42):90 (90)
(48,43):128 (128)
(48,44):149 (149)
(48,45):175 (175)
(48,46):209 (209)
(48,47):208 (208)
(48,48):206 (206)
(48,49):204 (204)
(48,50):212 (212)
(48,51):213 (213)
(48,52):211 (211)
(48,53):212 (212)
(48,54):217 (217)
(48,55):223 (223)
(48,56):229 (229)
(48,57):233 (233)
(48,58):238 (238)
(48,59):242 (242)
(48,60):245 (245)
(48,61):247 (247)
(48,62):248 (248)
(48,63):249 (249)
(48,64):249 (249)
(48,65):250 (250)
(48,66):250 (250)
(48,67):250 (250)
(48,68):250 (250)
(48,69):250 (250)
(48,70):250 (250)
(48,71):250 (250)
(48,72):250 (250)
(48,73):250 (250)
(48,74):250 (250)
(48,75):250 (250)
(48,76):250 (250)
(48,77):250 (250)
(48,78):250 (250)
(48,79):250 (250)
(48,80):250 (250)
(48,81):250 (250)
(48,82):250 (250)
(48,83):250 (250)
(48,84):250 (250)
(48,85):250 (250)
(48,86):250 (250)
(48,87):250 (250)
(48,88):250 (250)
(48,89):250 (250)
(48,90):250 (250)
(48,91):250 (250)
(48,92):249 (249)
(48,93):248 (248)
(48,94):247 (247)
(48,95):244 (244)
(48,96):242 (242)
(48,97):239 (239)
(48,98):238 (238)
(48,99):235 (235)
(48,100):230 (230)
(48,101):224 (224)
(48,102):222 (222)
(48,103):220 (220)
(48,104):216 (216)
(48,105):208 (208)
(48,106):188 (188)
(48,107):156 (156)
(48,108):117 (117)
(48,109):83 (83)
(48,110):167 (167)
(48,111):159 (159)
(48,112):231 (231)
(48,113):229 (229)
(48,114):234 (234)
(48,115):240 (240)
(48,116):248 (248)
(48,117):250 (250)
(48,118):250 (250)
(48,119):250 (250)
(48,120):250 (250)
(48,121):250 (250)
(48,122):250 (250)
(48,123):250 (250)
(48,124):250 (250)
(48,125):250 (250)
(48,126):187 (187)
(48,127):187 (187)
(49,0):203 (203)
(49,1):203 (203)
(49,2):250 (250)
(49,3):250 (250)
(49,4):249 (249)
(49,5):248 (248)
(49,6):232 (232)
(49,7):218 (218)
(49,8):218 (218)
(49,9):166 (166)
(49,10):96 (96)
(49,11):79 (79)
(49,12):148 (148)
(49,13):106 (106)
(49,14):157 (157)
(49,15):105 (105)
(49,16):159 (159)
(49,17):98 (98)
(49,18):158 (158)
(49,19):96 (96)
(49,20):158 (158)
(49,21):95 (95)
(49,22):157 (157)
(49,23):96 (96)
(49,24):157 (157)
(49,25):93 (93)
(49,26):158 (158)
(49,27):93 (93)
(49,28):157 (157)
(49,29):92 (92)
(49,30):157 (157)
(49,31):93 (93)
(49,32):155 (155)
(49,33):95 (95)
(49,34):155 (155)
(49,35):94 (94)
(49,36):142 (142)
(49,37):79 (79)
(49,38):133 (133)
(49,39):49 (49)
(49,40):72 (72)
(49,41):34 (34)
(49,42):58 (58)
(49,43):140 (140)
(49,44):121 (121)
(49,45):196 (196)
(49,46):203 (203)
(49,47):188 (188)
(49,48):219 (219)
(49,49):221 (221)
(49,50):232 (232)
(49,51):235 (235)
(49,52):240 (240)
(49,53):243 (243)
(49,54):240 (240)
(49,55):248 (248)
(49,56):249 (249)
(49,57):249 (249)
(49,58):246 (246)
(49,59):249 (249)
(49,60):250 (250)
(49,61):250 (250)
(49,62):250 (250)
(49,63):250 (250)
(49,64):250 (250)
(49,65):250 (250)
(49,66):250 (250)
(49,67):250 (250)
(49,68):250 (250)
(49,69):250 (250)
(49,70):250 (250)
(49,71):250 (250)
(49,72):250 (250)
(49,73):250 (250)
(49,74):250 (250)
(49,75):250 (250)
(49,76):250 (250)
(49,77):250 (250)
(49,78):250 (250)
(49,79):250 (250)
(49,80):250 (250)
(49,81):250 (250)
(49,82):250 (250)
(49,83):250 (250)
(49,84):250 (250)
(49,85):250 (250)
(49,86):250 (250)
(49,87):250 (250)
(49,88):250 (250)
(49,89):250 (250)
(49,90):250 (250)
(49,91):249 (249)
(49,92):244 (244)
(49,93):242 (242)
(49,94):229 (229)
(49,95):226 (226)
(49,96):214 (214)
(49,97):212 (212)
(49,98):205 (205)
(49,99):205 (205)
(49,100):206 (206)
(49,101):206 (206)
(49,102):214 (214)
(49,103):173 (173)
(49,104):184 (184)
(49,105):118 (118)
(49,106):114 (114)
(49,107):102 (102)
(49,108):171 (171)
(49,109):186 (186)
(49,110):221 (221)
(49,111):235 (235)
(49,112):235 (235)
(49,113):246 (246)
(49,114):243 (243)
(49,115):249 (249)
(49,116):250 (250)
(49,117):250 (250)
(49,118):250 (250)
(49,119):250 (250)
(49,120):250 (250)
(49,121):250 (250)
(49,122):250 (250)
(49,123):250 (250)
(49,124):250 (250)
(49,125):250 (250)
(49,126):187 (187)
(49,127):187 (187)
(50,0):203 (203)
(50,1):203 (203)
(50,2):250 (250)
(50,3):250 (250)
(50,4):250 (250)
(50,5):250 (250)
(50,6):245 (245)
(50,7):225 (225)
(50,8):217 (217)
(50,9):208 (208)
(50,10):157 (157)
(50,11):86 (86)
(50,12):144 (144)
(50,13):148 (148)
(50,14):194 (194)
(50,15):154 (154)
(50,16):208 (208)
(50,17):158 (158)
(50,18):207 (207)
(50,19):158 (158)
(50,20):207 (207)
(50,21):157 (157)
(50,22):208 (208)
(50,23):155 (155)
(50,24):207 (207)
(50,25):156 (156)
(50,26):207 (207)
(50,27):157 (157)
(50,28):208 (208)
(50,29):157 (157)
(50,30):209 (209)
(50,31):157 (157)
(50,32):211 (211)
(50,33):155 (155)
(50,34):210 (210)
(50,35):152 (152)
(50,36):206 (206)
(50,37):146 (146)
(50,38):179 (179)
(50,39):118 (118)
(50,40):146 (146)
(50,41):72 (72)
(50,42):92 (92)
(50,43):117 (117)
(50,44):216 (216)
(50,45):226 (226)
(50,46):244 (244)
(50,47):245 (245)
(50,48):249 (249)
(50,49):249 (249)
(50,50):249 (249)
(50,51):250 (250)
(50,52):250 (250)
(50,53):250 (250)
(50,54):250 (250)
(50,55):250 (250)
(50,56):250 (250)
(50,57):250 (250)
(50,58):250 (250)
(50,59):250 (250)
(50,60):250 (250)
(50,61):250 (250)
(50,62):250 (250)
(50,63):250 (250)
(50,64):250 (250)
(50,65):250 (250)
(50,66):250 (250)
(50,67):250 (250)
(50,68):250 (250)
(50,69):250 (250)
(50,70):250 (250)
(50,71):250 (250)
(50,72):250 (250)
(50,73):250 (250)
(50,74):250 (250)
(50,75):250 (250)
(50,76):250 (250)
(50,77):250 (250)
(50,78):250 (250)
(50,79):250 (250)
(50,80):250 (250)
(50,81):250 (250)
(50,82):250 (250)
(50,83):250 (250)
(50,84):250 (250)
(50,85):250 (250)
(50,86):250 (250)
(50,87):250 (250)
(50,88):250 (250)
(50,89):250 (250)
(50,90):250 (250)
(50,91):250 (250)
(50,92):245 (245)
(50,93):242 (242)
(50,94):232 (232)
(50,95):219 (219)
(50,96):215 (215)
(50,97):197 (197)
(50,98):189 (189)
(50,99):181 (181)
(50,100):189 (189)
(50,101):176 (176)
(50,102):146 (146)
(50,103):116 (116)
(50,104):118 (118)
(50,105):146 (146)
(50,106):162 (162)
(50,107):187 (187)
(50,108):230 (230)
(50,109):224 (224)
(50,110):233 (233)
(50,111):234 (234)
(50,112):245 (245)
(50,113):242 (242)
(50,114):249 (249)
(50,115):249 (249)
(50,116):250 (250)
(50,117):250 (250)
(50,118):250 (250)
(50,119):250 (250)
(50,120):250 (250)
(50,121):250 (250)
(50,122):250 (250)
(50,123):250 (250)
(50,124):250 (250)
(50,125):250 (250)
(50,126):187 (187)
(50,127):187 (187)
(51,0):203 (203)
(51,1):203 (203)
(51,2):250 (250)
(51,3):250 (250)
(51,4):250 (250)
(51,5):250 (250)
(51,6):250 (250)
(51,7):239 (239)
(51,8):219 (219)
(51,9):208 (208)
(51,10):186 (186)
(51,11):96 (96)
(51,12):86 (86)
(51,13):87 (87)
(51,14):142 (142)
(51,15):89 (89)
(51,16):154 (154)
(51,17):94 (94)
(51,18):155 (155)
(51,19):93 (93)
(51,20):156 (156)
(51,21):94 (94)
(51,22):155 (155)
(51,23):94 (94)
(51,24):157 (157)
(51,25):93 (93)
(51,26):158 (158)
(51,27):92 (92)
(51,28):156 (156)
(51,29):92 (92)
(51,30):156 (156)
(51,31):91 (91)
(51,32):155 (155)
(51,33):92 (92)
(51,34):155 (155)
(51,35):93 (93)
(51,36):156 (156)
(51,37):85 (85)
(51,38):140 (140)
(51,39):72 (72)
(51,40):115 (115)
(51,41):75 (75)
(51,42):67 (67)
(51,43):165 (165)
(51,44):204 (204)
(51,45):233 (233)
(51,46):242 (242)
(51,47):250 (250)
(51,48):250 (250)
(51,49):246 (246)
(51,50):250 (250)
(51,51):250 (250)
(51,52):250 (250)
(51,53):250 (250)
(51,54):250 (250)
(51,55):250 (250)
(51,56):250 (250)
(51,57):250 (250)
(51,58):250 (250)
(51,59):250 (250)
(51,60):250 (250)
(51,61):250 (250)
(51,62):250 (250)
(51,63):250 (250)
(51,64):250 (250)
(51,65):250 (250)
(51,66):250 (250)
(51,67):250 (250)
(51,68):250 (250)
(51,69):250 (250)
(51,70):250 (250)
(51,71):250 (250)
(51,72):250 (250)
(51,73):250 (250)
(51,74):250 (250)
(51,75):250 (250)
(51,76):250 (250)
(51,77):250 (250)
(51,78):250 (250)
(51,79):250 (250)
(51,80):250 (250)
(51,81):250 (250)
(51,82):250 (250)
(51,83):250 (250)
(51,84):250 (250)
(51,85):250 (250)
(51,86):250 (250)
(51,87):250 (250)
(51,88):250 (250)
(51,89):250 (250)
(51,90):250 (250)
(51,91):249 (249)
(51,92):239 (239)
(51,93):225 (225)
(51,94):175 (175)
(51,95):156 (156)
(51,96):99 (99)
(51,97):87 (87)
(51,98):92 (92)
(51,99):98 (98)
(51,100):101 (101)
(51,101):98 (98)
(51,102):112 (112)
(51,103):136 (136)
(51,104):186 (186)
(51,105):206 (206)
(51,106):234 (234)
(51,107):226 (226)
(51,108):232 (232)
(51,109):235 (235)
(51,110):245 (245)
(51,111):244 (244)
(51,112):248 (248)
(51,113):250 (250)
(51,114):250 (250)
(51,115):250 (250)
(51,116):250 (250)
(51,117):250 (250)
(51,118):250 (250)
(51,119):250 (250)
(51,120):250 (250)
(51,121):250 (250)
(51,122):250 (250)
(51,123):250 (250)
(51,124):250 (250)
(51,125):250 (250)
(51,126):187 (187)
(51,127):187 (187)
(52,0):203 (203)
(52,1):203 (203)
(52,2):250 (250)
(52,3):250 (250)
(52,4):250 (250)
(52,5):250 (250)
(52,6):250 (250)
(52,7):248 (248)
(52,8):233 (233)
(52,9):212 (212)
(52,10):210 (210)
(52,11):150 (150)
(52,12):109 (109)
(52,13):106 (106)
(52,14):173 (173)
(52,15):146 (146)
(52,16):199 (199)
(52,17):157 (157)
(52,18):206 (206)
(52,19):157 (157)
(52,20):207 (207)
(52,21):156 (156)
(52,22):208 (208)
(52,23):155 (155)
(52,24):207 (207)
(52,25):155 (155)
(52,26):207 (207)
(52,27):156 (156)
(52,28):209 (209)
(52,29):157 (157)
(52,30):209 (209)
(52,31):156 (156)
(52,32):210 (210)
(52,33):154 (154)
(52,34):210 (210)
(52,35):155 (155)
(52,36):207 (207)
(52,37):144 (144)
(52,38):183 (183)
(52,39):86 (86)
(52,40):139 (139)
(52,41):67 (67)
(52,42):174 (174)
(52,43):159 (159)
(52,44):226 (226)
(52,45):220 (220)
(52,46):249 (249)
(52,47):248 (248)
(52,48):249 (249)
(52,49):250 (250)
(52,50):250 (250)
(52,51):250 (250)
(52,52):250 (250)
(52,53):250 (250)
(52,54):250 (250)
(52,55):250 (250)
(52,56):250 (250)
(52,57):250 (250)
(52,58):250 (250)
(52,59):250 (250)
(52,60):250 (250)
(52,61):250 (250)
(52,62):250 (250)
(52,63):250 (250)
(52,64):250 (250)
(52,65):250 (250)
(52,66):250 (250)
(52,67):250 (250)
(52,68):250 (250)
(52,69):250 (250)
(52,70):250 (250)
(52,71):250 (250)
(52,72):250 (250)
(52,73):250 (250)
(52,74):250 (250)
(52,75):250 (250)
(52,76):250 (250)
(52,77):250 (250)
(52,78):250 (250)
(52,79):250 (250)
(52,80):250 (250)
(52,81):250 (250)
(52,82):250 (250)
(52,83):250 (250)
(52,84):250 (250)
(52,85):250 (250)
(52,86):250 (250)
(52,87):250 (250)
(52,88):250 (250)
(52,89):250 (250)
(52,90):250 (250)
(52,91):250 (250)
(52,92):240 (240)
(52,93):225 (225)
(52,94):193 (193)
(52,95):168 (168)
(52,96):163 (163)
(52,97):146 (146)
(52,98):175 (175)
(52,99):188 (188)
(52,100):190 (190)
(52,101):192 (192)
(52,102):206 (206)
(52,103):224 (224)
(52,104):227 (227)
(52,105):230 (230)
(52,106):236 (236)
(52,107):241 (241)
(52,108):243 (243)
(52,109):247 (247)
(52,110):249 (249)
(52,111):250 (250)
(52,112):249 (249)
(52,113):250 (250)
(52,114):250 (250)
(52,115):250 (250)
(52,116):250 (250)
(52,117):250 (250)
(52,118):250 (250)
(52,119):250 (250)
(52,120):250 (250)
(52,121):250 (250)
(52,122):250 (250)
(52,123):250 (250)
(52,124):250 (250)
(52,125):250 (250)
(52,126):187 (187)
(52,127):187 (187)
(53,0):203 (203)
(53,1):203 (203)
(53,2):250 (250)
(53,3):250 (250)
(53,4):250 (250)
(53,5):250 (250)
(53,6):250 (250)
(53,7):250 (250)
(53,8):243 (243)
(53,9):220 (220)
(53,10):206 (206)
(53,11):178 (178)
(53,12):112 (112)
(53,13):65 (65)
(53,14):124 (124)
(53,15):85 (85)
(53,16):146 (146)
(53,17):93 (93)
(53,18):156 (156)
(53,19):93 (93)
(53,20):156 (156)
(53,21):93 (93)
(53,22):156 (156)
(53,23):93 (93)
(53,24):157 (157)
(53,25):93 (93)
(53,26):157 (157)
(53,27):92 (92)
(53,28):156 (156)
(53,29):91 (91)
(53,30):155 (155)
(53,31):91 (91)
(53,32):154 (154)
(53,33):89 (89)
(53,34):156 (156)
(53,35):90 (90)
(53,36):150 (150)
(53,37):85 (85)
(53,38):137 (137)
(53,39):61 (61)
(53,40):63 (63)
(53,41):77 (77)
(53,42):126 (126)
(53,43):204 (204)
(53,44):222 (222)
(53,45):243 (243)
(53,46):248 (248)
(53,47):250 (250)
(53,48):250 (250)
(53,49):250 (250)
(53,50):250 (250)
(53,51):250 (250)
(53,52):250 (250)
(53,53):250 (250)
(53,54):250 (250)
(53,55):250 (250)
(53,56):250 (250)
(53,57):250 (250)
(53,58):250 (250)
(53,59):250 (250)
(53,60):250 (250)
(53,61):250 (250)
(53,62):250 (250)
(53,63):250 (250)
(53,64):250 (250)
(53,65):250 (250)
(53,66):250 (250)
(53,67):250 (250)
(53,68):250 (250)
(53,69):250 (250)
(53,70):250 (250)
(53,71):250 (250)
(53,72):250 (250)
(53,73):250 (250)
(53,74):250 (250)
(53,75):250 (250)
(53,76):250 (250)
(53,77):250 (250)
(53,78):250 (250)
(53,79):250 (250)
(53,80):250 (250)
(53,81):250 (250)
(53,82):250 (250)
(53,83):250 (250)
(53,84):250 (250)
(53,85):250 (250)
(53,86):250 (250)
(53,87):250 (250)
(53,88):250 (250)
(53,89):250 (250)
(53,90):250 (250)
(53,91):249 (249)
(53,92):228 (228)
(53,93):204 (204)
(53,94):152 (152)
(53,95):75 (75)
(53,96):118 (118)
(53,97):157 (157)
(53,98):180 (180)
(53,99):194 (194)
(53,100):206 (206)
(53,101):216 (216)
(53,102):230 (230)
(53,103):235 (235)
(53,104):236 (236)
(53,105):240 (240)
(53,106):247 (247)
(53,107):249 (249)
(53,108):250 (250)
(53,109):250 (250)
(53,110):249 (249)
(53,111):250 (250)
(53,112):250 (250)
(53,113):250 (250)
(53,114):250 (250)
(53,115):250 (250)
(53,116):250 (250)
(53,117):250 (250)
(53,118):250 (250)
(53,119):250 (250)
(53,120):250 (250)
(53,121):250 (250)
(53,122):250 (250)
(53,123):250 (250)
(53,124):250 (250)
(53,125):250 (250)
(53,126):187 (187)
(53,127):187 (187)
(54,0):203 (203)
(54,1):203 (203)
(54,2):250 (250)
(54,3):250 (250)
(54,4):250 (250)
(54,5):250 (250)
(54,6):250 (250)
(54,7):250 (250)
(54,8):249 (249)
(54,9):233 (233)
(54,10):215 (215)
(54,11):206 (206)
(54,12):158 (158)
(54,13):90 (90)
(54,14):129 (129)
(54,15):134 (134)
(54,16):173 (173)
(54,17):151 (151)
(54,18):204 (204)
(54,19):157 (157)
(54,20):207 (207)
(54,21):157 (157)
(54,22):208 (208)
(54,23):155 (155)
(54,24):209 (209)
(54,25):155 (155)
(54,26):208 (208)
(54,27):156 (156)
(54,28):208 (208)
(54,29):156 (156)
(54,30):209 (209)
(54,31):154 (154)
(54,32):206 (206)
(54,33):154 (154)
(54,34):199 (199)
(54,35):145 (145)
(54,36):184 (184)
(54,37):129 (129)
(54,38):155 (155)
(54,39):73 (73)
(54,40):92 (92)
(54,41):105 (105)
(54,42):207 (207)
(54,43):218 (218)
(54,44):241 (241)
(54,45):243 (243)
(54,46):249 (249)
(54,47):248 (248)
(54,48):250 (250)
(54,49):250 (250)
(54,50):250 (250)
(54,51):250 (250)
(54,52):250 (250)
(54,53):250 (250)
(54,54):250 (250)
(54,55):250 (250)
(54,56):250 (250)
(54,57):250 (250)
(54,58):250 (250)
(54,59):250 (250)
(54,60):250 (250)
(54,61):250 (250)
(54,62):250 (250)
(54,63):250 (250)
(54,64):250 (250)
(54,65):250 (250)
(54,66):250 (250)
(54,67):250 (250)
(54,68):250 (250)
(54,69):250 (250)
(54,70):250 (250)
(54,71):250 (250)
(54,72):250 (250)
(54,73):250 (250)
(54,74):250 (250)
(54,75):250 (250)
(54,76):250 (250)
(54,77):250 (250)
(54,78):250 (250)
(54,79):250 (250)
(54,80):250 (250)
(54,81):250 (250)
(54,82):250 (250)
(54,83):250 (250)
(54,84):250 (250)
(54,85):250 (250)
(54,86):250 (250)
(54,87):250 (250)
(54,88):250 (250)
(54,89):250 (250)
(54,90):250 (250)
(54,91):250 (250)
(54,92):237 (237)
(54,93):213 (213)
(54,94):172 (172)
(54,95):89 (89)
(54,96):101 (101)
(54,97):164 (164)
(54,98):203 (203)
(54,99):219 (219)
(54,100):238 (238)
(54,101):244 (244)
(54,102):246 (246)
(54,103):247 (247)
(54,104):248 (248)
(54,105):250 (250)
(54,106):250 (250)
(54,107):250 (250)
(54,108):250 (250)
(54,109):250 (250)
(54,110):250 (250)
(54,111):250 (250)
(54,112):250 (250)
(54,113):250 (250)
(54,114):250 (250)
(54,115):250 (250)
(54,116):250 (250)
(54,117):250 (250)
(54,118):250 (250)
(54,119):250 (250)
(54,120):250 (250)
(54,121):250 (250)
(54,122):250 (250)
(54,123):250 (250)
(54,124):250 (250)
(54,125):250 (250)
(54,126):187 (187)
(54,127):187 (187)
(55,0):203 (203)
(55,1):203 (203)
(55,2):250 (250)
(55,3):250 (250)
(55,4):250 (250)
(55,5):250 (250)
(55,6):250 (250)
(55,7):250 (250)
(55,8):249 (249)
(55,9):243 (243)
(55,10):219 (219)
(55,11):205 (205)
(55,12):189 (189)
(55,13):102 (102)
(55,14):83 (83)
(55,15):90 (90)
(55,16):139 (139)
(55,17):89 (89)
(55,18):154 (154)
(55,19):92 (92)
(55,20):157 (157)
(55,21):92 (92)
(55,22):156 (156)
(55,23):92 (92)
(55,24):156 (156)
(55,25):92 (92)
(55,26):156 (156)
(55,27):91 (91)
(55,28):154 (154)
(55,29):91 (91)
(55,30):153 (153)
(55,31):91 (91)
(55,32):147 (147)
(55,33):84 (84)
(55,34):141 (141)
(55,35):72 (72)
(55,36):137 (137)
(55,37):77 (77)
(55,38):70 (70)
(55,39):64 (64)
(55,40):111 (111)
(55,41):196 (196)
(55,42):220 (220)
(55,43):225 (225)
(55,44):230 (230)
(55,45):240 (240)
(55,46):244 (244)
(55,47):242 (242)
(55,48):246 (246)
(55,49):248 (248)
(55,50):250 (250)
(55,51):249 (249)
(55,52):250 (250)
(55,53):250 (250)
(55,54):250 (250)
(55,55):250 (250)
(55,56):250 (250)
(55,57):250 (250)
(55,58):250 (250)
(55,59):250 (250)
(55,60):250 (250)
(55,61):250 (250)
(55,62):250 (250)
(55,63):250 (250)
(55,64):250 (250)
(55,65):250 (250)
(55,66):250 (250)
(55,67):250 (250)
(55,68):250 (250)
(55,69):250 (250)
(55,70):250 (250)
(55,71):250 (250)
(55,72):250 (250)
(55,73):250 (250)
(55,74):250 (250)
(55,75):250 (250)
(55,76):250 (250)
(55,77):250 (250)
(55,78):250 (250)
(55,79):250 (250)
(55,80):250 (250)
(55,81):250 (250)
(55,82):250 (250)
(55,83):250 (250)
(55,84):250 (250)
(55,85):250 (250)
(55,86):250 (250)
(55,87):250 (250)
(55,88):250 (250)
(55,89):250 (250)
(55,90):250 (250)
(55,91):250 (250)
(55,92):234 (234)
(55,93):204 (204)
(55,94):161 (161)
(55,95):99 (99)
(55,96):90 (90)
(55,97):124 (124)
(55,98):193 (193)
(55,99):211 (211)
(55,100):231 (231)
(55,101):237 (237)
(55,102):246 (246)
(55,103):249 (249)
(55,104):250 (250)
(55,105):250 (250)
(55,106):250 (250)
(55,107):250 (250)
(55,108):250 (250)
(55,109):250 (250)
(55,110):250 (250)
(55,111):250 (250)
(55,112):250 (250)
(55,113):250 (250)
(55,114):250 (250)
(55,115):250 (250)
(55,116):250 (250)
(55,117):250 (250)
(55,118):250 (250)
(55,119):250 (250)
(55,120):250 (250)
(55,121):250 (250)
(55,122):250 (250)
(55,123):250 (250)
(55,124):250 (250)
(55,125):250 (250)
(55,126):187 (187)
(55,127):187 (187)
(56,0):203 (203)
(56,1):203 (203)
(56,2):250 (250)
(56,3):250 (250)
(56,4):250 (250)
(56,5):250 (250)
(56,6):250 (250)
(56,7):250 (250)
(56,8):250 (250)
(56,9):249 (249)
(56,10):234 (234)
(56,11):214 (214)
(56,12):208 (208)
(56,13):161 (161)
(56,14):101 (101)
(56,15):94 (94)
(56,16):168 (168)
(56,17):141 (141)
(56,18):196 (196)
(56,19):156 (156)
(56,20):204 (204)
(56,21):154 (154)
(56,22):206 (206)
(56,23):154 (154)
(56,24):206 (206)
(56,25):154 (154)
(56,26):207 (207)
(56,27):154 (154)
(56,28):203 (203)
(56,29):145 (145)
(56,30):194 (194)
(56,31):140 (140)
(56,32):179 (179)
(56,33):129 (129)
(56,34):133 (133)
(56,35):126 (126)
(56,36):118 (118)
(56,37):64 (64)
(56,38):75 (75)
(56,39):121 (121)
(56,40):208 (208)
(56,41):226 (226)
(56,42):227 (227)
(56,43):226 (226)
(56,44):237 (237)
(56,45):237 (237)
(56,46):239 (239)
(56,47):238 (238)
(56,48):244 (244)
(56,49):246 (246)
(56,50):249 (249)
(56,51):250 (250)
(56,52):249 (249)
(56,53):250 (250)
(56,54):250 (250)
(56,55):250 (250)
(56,56):250 (250)
(56,57):250 (250)
(56,58):250 (250)
(56,59):250 (250)
(56,60):250 (250)
(56,61):250 (250)
(56,62):250 (250)
(56,63):250 (250)
(56,64):250 (250)
(56,65):250 (250)
(56,66):250 (250)
(56,67):250 (250)
(56,68):250 (250)
(56,69):250 (250)
(56,70):250 (250)
(56,71):250 (250)
(56,72):250 (250)
(56,73):250 (250)
(56,74):250 (250)
(56,75):250 (250)
(56,76):250 (250)
(56,77):250 (250)
(56,78):250 (250)
(56,79):250 (250)
(56,80):250 (250)
(56,81):250 (250)
(56,82):250 (250)
(56,83):250 (250)
(56,84):250 (250)
(56,85):250 (250)
(56,86):249 (249)
(56,87):249 (249)
(56,88):249 (249)
(56,89):249 (249)
(56,90):249 (249)
(56,91):249 (249)
(56,92):240 (240)
(56,93):210 (210)
(56,94):198 (198)
(56,95):143 (143)
(56,96):101 (101)
(56,97):99 (99)
(56,98):165 (165)
(56,99):196 (196)
(56,100):223 (223)
(56,101):231 (231)
(56,102):242 (242)
(56,103):248 (248)
(56,104):250 (250)
(56,105):250 (250)
(56,106):250 (250)
(56,107):250 (250)
(56,108):250 (250)
(56,109):250 (250)
(56,110):250 (250)
(56,111):250 (250)
(56,112):250 (250)
(56,113):250 (250)
(56,114):250 (250)
(56,115):250 (250)
(56,116):250 (250)
(56,117):250 (250)
(56,118):250 (250)
(56,119):250 (250)
(56,120):250 (250)
(56,121):250 (250)
(56,122):250 (250)
(56,123):250 (250)
(56,124):250 (250)
(56,125):250 (250)
(56,126):187 (187)
(56,127):187 (187)
(57,0):203 (203)
(57,1):203 (203)
(57,2):250 (250)
(57,3):250 (250)
(57,4):250 (250)
(57,5):250 (250)
(57,6):250 (250)
(57,7):249 (249)
(57,8):250 (250)
(57,9):249 (249)
(57,10):242 (242)
(57,11):223 (223)
(57,12):180 (180)
(57,13):193 (193)
(57,14):112 (112)
(57,15):69 (69)
(57,16):120 (120)
(57,17):88 (88)
(57,18):137 (137)
(57,19):84 (84)
(57,20):144 (144)
(57,21):86 (86)
(57,22):143 (143)
(57,23):88 (88)
(57,24):143 (143)
(57,25):84 (84)
(57,26):137 (137)
(57,27):77 (77)
(57,28):128 (128)
(57,29):77 (77)
(57,30):112 (112)
(57,31):84 (84)
(57,32):135 (135)
(57,33):78 (78)
(57,34):95 (95)
(57,35):50 (50)
(57,36):57 (57)
(57,37):69 (69)
(57,38):147 (147)
(57,39):206 (206)
(57,40):228 (228)
(57,41):227 (227)
(57,42):222 (222)
(57,43):218 (218)
(57,44):210 (210)
(57,45):173 (173)
(57,46):191 (191)
(57,47):205 (205)
(57,48):232 (232)
(57,49):238 (238)
(57,50):247 (247)
(57,51):248 (248)
(57,52):250 (250)
(57,53):250 (250)
(57,54):250 (250)
(57,55):250 (250)
(57,56):250 (250)
(57,57):250 (250)
(57,58):250 (250)
(57,59):250 (250)
(57,60):250 (250)
(57,61):250 (250)
(57,62):250 (250)
(57,63):250 (250)
(57,64):250 (250)
(57,65):250 (250)
(57,66):250 (250)
(57,67):250 (250)
(57,68):250 (250)
(57,69):250 (250)
(57,70):250 (250)
(57,71):250 (250)
(57,72):250 (250)
(57,73):250 (250)
(57,74):249 (249)
(57,75):247 (247)
(57,76):247 (247)
(57,77):244 (244)
(57,78):243 (243)
(57,79):239 (239)
(57,80):237 (237)
(57,81):234 (234)
(57,82):232 (232)
(57,83):230 (230)
(57,84):227 (227)
(57,85):223 (223)
(57,86):219 (219)
(57,87):217 (217)
(57,88):213 (213)
(57,89):218 (218)
(57,90):219 (219)
(57,91):229 (229)
(57,92):221 (221)
(57,93):210 (210)
(57,94):198 (198)
(57,95):206 (206)
(57,96):123 (123)
(57,97):80 (80)
(57,98):73 (73)
(57,99):102 (102)
(57,100):184 (184)
(57,101):216 (216)
(57,102):230 (230)
(57,103):243 (243)
(57,104):248 (248)
(57,105):250 (250)
(57,106):250 (250)
(57,107):250 (250)
(57,108):250 (250)
(57,109):250 (250)
(57,110):250 (250)
(57,111):250 (250)
(57,112):250 (250)
(57,113):250 (250)
(57,114):250 (250)
(57,115):250 (250)
(57,116):250 (250)
(57,117):250 (250)
(57,118):250 (250)
(57,119):250 (250)
(57,120):250 (250)
(57,121):250 (250)
(57,122):250 (250)
(57,123):250 (250)
(57,124):250 (250)
(57,125):250 (250)
(57,126):187 (187)
(57,127):187 (187)
(58,0):203 (203)
(58,1):203 (203)
(58,2):250 (250)
(58,3):250 (250)
(58,4):250 (250)
(58,5):250 (250)
(58,6):250 (250)
(58,7):250 (250)
(58,8):250 (250)
(58,9):250 (250)
(58,10):249 (249)
(58,11):237 (237)
(58,12):216 (216)
(58,13):211 (211)
(58,14):181 (181)
(58,15):105 (105)
(58,16):124 (124)
(58,17):137 (137)
(58,18):178 (178)
(58,19):144 (144)
(58,20):180 (180)
(58,21):134 (134)
(58,22):157 (157)
(58,23):120 (120)
(58,24):176 (176)
(58,25):138 (138)
(58,26):183 (183)
(58,27):142 (142)
(58,28):186 (186)
(58,29):138 (138)
(58,30):169 (169)
(58,31):120 (120)
(58,32):111 (111)
(58,33):73 (73)
(58,34):68 (68)
(58,35):54 (54)
(58,36):69 (69)
(58,37):163 (163)
(58,38):206 (206)
(58,39):224 (224)
(58,40):233 (233)
(58,41):226 (226)
(58,42):226 (226)
(58,43):207 (207)
(58,44):176 (176)
(58,45):146 (146)
(58,46):175 (175)
(58,47):189 (189)
(58,48):231 (231)
(58,49):237 (237)
(58,50):245 (245)
(58,51):248 (248)
(58,52):249 (249)
(58,53):250 (250)
(58,54):250 (250)
(58,55):250 (250)
(58,56):250 (250)
(58,57):250 (250)
(58,58):250 (250)
(58,59):250 (250)
(58,60):250 (250)
(58,61):250 (250)
(58,62):250 (250)
(58,63):250 (250)
(58,64):250 (250)
(58,65):250 (250)
(58,66):250 (250)
(58,67):250 (250)
(58,68):250 (250)
(58,69):249 (249)
(58,70):247 (247)
(58,71):244 (244)
(58,72):241 (241)
(58,73):235 (235)
(58,74):229 (229)
(58,75):222 (222)
(58,76):217 (217)
(58,77):212 (212)
(58,78):208 (208)
(58,79):206 (206)
(58,80):206 (206)
(58,81):207 (207)
(58,82):208 (208)
(58,83):210 (210)
(58,84):212 (212)
(58,85):215 (215)
(58,86):220 (220)
(58,87):219 (219)
(58,88):217 (217)
(58,89):210 (210)
(58,90):219 (219)
(58,91):219 (219)
(58,92):226 (226)
(58,93):211 (211)
(58,94):211 (211)
(58,95):203 (203)
(58,96):214 (214)
(58,97):131 (131)
(58,98):91 (91)
(58,99):70 (70)
(58,100):152 (152)
(58,101):195 (195)
(58,102):223 (223)
(58,103):234 (234)
(58,104):246 (246)
(58,105):250 (250)
(58,106):250 (250)
(58,107):250 (250)
(58,108):250 (250)
(58,109):250 (250)
(58,110):250 (250)
(58,111):250 (250)
(58,112):250 (250)
(58,113):250 (250)
(58,114):250 (250)
(58,115):250 (250)
(58,116):250 (250)
(58,117):250 (250)
(58,118):250 (250)
(58,119):250 (250)
(58,120):250 (250)
(58,121):250 (250)
(58,122):250 (250)
(58,123):250 (250)
(58,124):250 (250)
(58,125):250 (250)
(58,126):187 (187)
(58,127):187 (187)
(59,0):203 (203)
(59,1):203 (203)
(59,2):250 (250)
(59,3):250 (250)
(59,4):250 (250)
(59,5):250 (250)
(59,6):250 (250)
(59,7):249 (249)
(59,8):250 (250)
(59,9):249 (249)
(59,10):243 (243)
(59,11):246 (246)
(59,12):224 (224)
(59,13):213 (213)
(59,14):209 (209)
(59,15):159 (159)
(59,16):105 (105)
(59,17):83 (83)
(59,18):110 (110)
(59,19):95 (95)
(59,20):128 (128)
(59,21):111 (111)
(59,22):140 (140)
(59,23):114 (114)
(59,24):128 (128)
(59,25):96 (96)
(59,26):108 (108)
(59,27):76 (76)
(59,28):80 (80)
(59,29):68 (68)
(59,30):83 (83)
(59,31):84 (84)
(59,32):106 (106)
(59,33):100 (100)
(59,34):142 (142)
(59,35):73 (73)
(59,36):87 (87)
(59,37):140 (140)
(59,38):197 (197)
(59,39):201 (201)
(59,40):239 (239)
(59,41):228 (228)
(59,42):214 (214)
(59,43):166 (166)
(59,44):89 (89)
(59,45):70 (70)
(59,46):102 (102)
(59,47):134 (134)
(59,48):191 (191)
(59,49):214 (214)
(59,50):240 (240)
(59,51):242 (242)
(59,52):249 (249)
(59,53):249 (249)
(59,54):250 (250)
(59,55):250 (250)
(59,56):250 (250)
(59,57):250 (250)
(59,58):250 (250)
(59,59):250 (250)
(59,60):250 (250)
(59,61):250 (250)
(59,62):249 (249)
(59,63):249 (249)
(59,64):248 (248)
(59,65):246 (246)
(59,66):243 (243)
(59,67):239 (239)
(59,68):233 (233)
(59,69):226 (226)
(59,70):219 (219)
(59,71):214 (214)
(59,72):210 (210)
(59,73):207 (207)
(59,74):208 (208)
(59,75):210 (210)
(59,76):213 (213)
(59,77):201 (201)
(59,78):204 (204)
(59,79):199 (199)
(59,80):197 (197)
(59,81):196 (196)
(59,82):188 (188)
(59,83):177 (177)
(59,84):169 (169)
(59,85):163 (163)
(59,86):153 (153)
(59,87):142 (142)
(59,88):118 (118)
(59,89):109 (109)
(59,90):101 (101)
(59,91):153 (153)
(59,92):176 (176)
(59,93):208 (208)
(59,94):192 (192)
(59,95):187 (187)
(59,96):153 (153)
(59,97):186 (186)
(59,98):136 (136)
(59,99):84 (84)
(59,100):92 (92)
(59,101):144 (144)
(59,102):213 (213)
(59,103):228 (228)
(59,104):247 (247)
(59,105):247 (247)
(59,106):250 (250)
(59,107):250 (250)
(59,108):250 (250)
(59,109):250 (250)
(59,110):250 (250)
(59,111):250 (250)
(59,112):250 (250)
(59,113):250 (250)
(59,114):250 (250)
(59,115):250 (250)
(59,116):250 (250)
(59,117):250 (250)
(59,118):250 (250)
(59,119):250 (250)
(59,120):250 (250)
(59,121):250 (250)
(59,122):250 (250)
(59,123):250 (250)
(59,124):250 (250)
(59,125):250 (250)
(59,126):187 (187)
(59,127):187 (187)
(60,0):203 (203)
(60,1):203 (203)
(60,2):250 (250)
(60,3):250 (250)
(60,4):250 (250)
(60,5):250 (250)
(60,6):250 (250)
(60,7):250 (250)
(60,8):250 (250)
(60,9):250 (250)
(60,10):250 (250)
(60,11):249 (249)
(60,12):238 (238)
(60,13):220 (220)
(60,14):226 (226)
(60,15):230 (230)
(60,16):210 (210)
(60,17):165 (165)
(60,18):147 (147)
(60,19):131 (131)
(60,20):119 (119)
(60,21):103 (103)
(60,22):112 (112)
(60,23):103 (103)
(60,24):111 (111)
(60,25):107 (107)
(60,26):137 (137)
(60,27):138 (138)
(60,28):176 (176)
(60,29):177 (177)
(60,30):192 (192)
(60,31):197 (197)
(60,32):208 (208)
(60,33):184 (184)
(60,34):168 (168)
(60,35):102 (102)
(60,36):90 (90)
(60,37):141 (141)
(60,38):193 (193)
(60,39):219 (219)
(60,40):240 (240)
(60,41):221 (221)
(60,42):193 (193)
(60,43):104 (104)
(60,44):74 (74)
(60,45):60 (60)
(60,46):111 (111)
(60,47):129 (129)
(60,48):190 (190)
(60,49):206 (206)
(60,50):239 (239)
(60,51):242 (242)
(60,52):248 (248)
(60,53):249 (249)
(60,54):250 (250)
(60,55):250 (250)
(60,56):250 (250)
(60,57):250 (250)
(60,58):249 (249)
(60,59):246 (246)
(60,60):242 (242)
(60,61):236 (236)
(60,62):229 (229)
(60,63):222 (222)
(60,64):215 (215)
(60,65):210 (210)
(60,66):208 (208)
(60,67):206 (206)
(60,68):215 (215)
(60,69):210 (210)
(60,70):221 (221)
(60,71):213 (213)
(60,72):210 (210)
(60,73):186 (186)
(60,74):178 (178)
(60,75):155 (155)
(60,76):133 (133)
(60,77):112 (112)
(60,78):105 (105)
(60,79):101 (101)
(60,80):103 (103)
(60,81):103 (103)
(60,82):108 (108)
(60,83):118 (118)
(60,84):128 (128)
(60,85):135 (135)
(60,86):145 (145)
(60,87):148 (148)
(60,88):173 (173)
(60,89):148 (148)
(60,90):107 (107)
(60,91):91 (91)
(60,92):151 (151)
(60,93):178 (178)
(60,94):203 (203)
(60,95):181 (181)
(60,96):181 (181)
(60,97):104 (104)
(60,98):187 (187)
(60,99):111 (111)
(60,100):84 (84)
(60,101):97 (97)
(60,102):193 (193)
(60,103):231 (231)
(60,104):246 (246)
(60,105):249 (249)
(60,106):250 (250)
(60,107):250 (250)
(60,108):250 (250)
(60,109):250 (250)
(60,110):250 (250)
(60,111):250 (250)
(60,112):250 (250)
(60,113):250 (250)
(60,114):250 (250)
(60,115):250 (250)
(60,116):250 (250)
(60,117):250 (250)
(60,118):250 (250)
(60,119):250 (250)
(60,120):250 (250)
(60,121):250 (250)
(60,122):250 (250)
(60,123):250 (250)
(60,124):250 (250)
(60,125):250 (250)
(60,126):187 (187)
(60,127):187 (187)
(61,0):203 (203)
(61,1):203 (203)
(61,2):250 (250)
(61,3):250 (250)
(61,4):250 (250)
(61,5):250 (250)
(61,6):250 (250)
(61,7):249 (249)
(61,8):250 (250)
(61,9):250 (250)
(61,10):250 (250)
(61,11):249 (249)
(61,12):247 (247)
(61,13):235 (235)
(61,14):223 (223)
(61,15):222 (222)
(61,16):222 (222)
(61,17):217 (217)
(61,18):193 (193)
(61,19):212 (212)
(61,20):215 (215)
(61,21):213 (213)
(61,22):214 (214)
(61,23):210 (210)
(61,24):215 (215)
(61,25):208 (208)
(61,26):209 (209)
(61,27):206 (206)
(61,28):207 (207)
(61,29):207 (207)
(61,30):211 (211)
(61,31):216 (216)
(61,32):227 (227)
(61,33):193 (193)
(61,34):175 (175)
(61,35):103 (103)
(61,36):95 (95)
(61,37):102 (102)
(61,38):182 (182)
(61,39):211 (211)
(61,40):222 (222)
(61,41):212 (212)
(61,42):166 (166)
(61,43):72 (72)
(61,44):55 (55)
(61,45):41 (41)
(61,46):47 (47)
(61,47):78 (78)
(61,48):142 (142)
(61,49):153 (153)
(61,50):216 (216)
(61,51):224 (224)
(61,52):243 (243)
(61,53):246 (246)
(61,54):249 (249)
(61,55):248 (248)
(61,56):244 (244)
(61,57):238 (238)
(61,58):231 (231)
(61,59):223 (223)
(61,60):216 (216)
(61,61):211 (211)
(61,62):210 (210)
(61,63):211 (211)
(61,64):214 (214)
(61,65):215 (215)
(61,66):217 (217)
(61,67):202 (202)
(61,68):190 (190)
(61,69):168 (168)
(61,70):142 (142)
(61,71):118 (118)
(61,72):106 (106)
(61,73):103 (103)
(61,74):106 (106)
(61,75):109 (109)
(61,76):131 (131)
(61,77):157 (157)
(61,78):178 (178)
(61,79):194 (194)
(61,80):200 (200)
(61,81):207 (207)
(61,82):215 (215)
(61,83):221 (221)
(61,84):221 (221)
(61,85):221 (221)
(61,86):215 (215)
(61,87):214 (214)
(61,88):207 (207)
(61,89):210 (210)
(61,90):167 (167)
(61,91):105 (105)
(61,92):92 (92)
(61,93):99 (99)
(61,94):142 (142)
(61,95):181 (181)
(61,96):176 (176)
(61,97):152 (152)
(61,98):146 (146)
(61,99):116 (116)
(61,100):183 (183)
(61,101):123 (123)
(61,102):219 (219)
(61,103):208 (208)
(61,104):247 (247)
(61,105):247 (247)
(61,106):250 (250)
(61,107):250 (250)
(61,108):250 (250)
(61,109):250 (250)
(61,110):250 (250)
(61,111):250 (250)
(61,112):250 (250)
(61,113):250 (250)
(61,114):250 (250)
(61,115):250 (250)
(61,116):250 (250)
(61,117):250 (250)
(61,118):250 (250)
(61,119):250 (250)
(61,120):250 (250)
(61,121):250 (250)
(61,122):250 (250)
(61,123):250 (250)
(61,124):250 (250)
(61,125):250 (250)
(61,126):187 (187)
(61,127):187 (187)
(62,0):203 (203)
(62,1):203 (203)
(62,2):250 (250)
(62,3):250 (250)
(62,4):250 (250)
(62,5):250 (250)
(62,6):250 (250)
(62,7):250 (250)
(62,8):250 (250)
(62,9):250 (250)
(62,10):250 (250)
(62,11):249 (249)
(62,12):250 (250)
(62,13):250 (250)
(62,14):245 (245)
(62,15):237 (237)
(62,16):231 (231)
(62,17):229 (229)
(62,18):224 (224)
(62,19):218 (218)
(62,20):214 (214)
(62,21):214 (214)
(62,22):212 (212)
(62,23):212 (212)
(62,24):215 (215)
(62,25):218 (218)
(62,26):225 (225)
(62,27):228 (228)
(62,28):233 (233)
(62,29):238 (238)
(62,30):244 (244)
(62,31):245 (245)
(62,32):243 (243)
(62,33):212 (212)
(62,34):192 (192)
(62,35):118 (118)
(62,36):98 (98)
(62,37):93 (93)
(62,38):167 (167)
(62,39):185 (185)
(62,40):175 (175)
(62,41):131 (131)
(62,42):153 (153)
(62,43):71 (71)
(62,44):54 (54)
(62,45):36 (36)
(62,46):54 (54)
(62,47):63 (63)
(62,48):152 (152)
(62,49):153 (153)
(62,50):216 (216)
(62,51):226 (226)
(62,52):244 (244)
(62,53):241 (241)
(62,54):242 (242)
(62,55):238 (238)
(62,56):226 (226)
(62,57):223 (223)
(62,58):221 (221)
(62,59):221 (221)
(62,60):212 (212)
(62,61):193 (193)
(62,62):167 (167)
(62,63):141 (141)
(62,64):122 (122)
(62,65):111 (111)
(62,66):109 (109)
(62,67):104 (104)
(62,68):112 (112)
(62,69):106 (106)
(62,70):182 (182)
(62,71):145 (145)
(62,72):179 (179)
(62,73):193 (193)
(62,74):199 (199)
(62,75):201 (201)
(62,76):208 (208)
(62,77):209 (209)
(62,78):208 (208)
(62,79):206 (206)
(62,80):206 (206)
(62,81):208 (208)
(62,82):211 (211)
(62,83):212 (212)
(62,84):214 (214)
(62,85):216 (216)
(62,86):225 (225)
(62,87):221 (221)
(62,88):210 (210)
(62,89):202 (202)
(62,90):214 (214)
(62,91):171 (171)
(62,92):114 (114)
(62,93):99 (99)
(62,94):98 (98)
(62,95):137 (137)
(62,96):158 (158)
(62,97):85 (85)
(62,98):81 (81)
(62,99):82 (82)
(62,100):167 (167)
(62,101):203 (203)
(62,102):226 (226)
(62,103):232 (232)
(62,104):246 (246)
(62,105):249 (249)
(62,106):250 (250)
(62,107):250 (250)
(62,108):250 (250)
(62,109):250 (250)
(62,110):250 (250)
(62,111):250 (250)
(62,112):250 (250)
(62,113):250 (250)
(62,114):250 (250)
(62,115):250 (250)
(62,116):250 (250)
(62,117):250 (250)
(62,118):250 (250)
(62,119):250 (250)
(62,120):250 (250)
(62,121):250 (250)
(62,122):250 (250)
(62,123):250 (250)
(62,124):250 (250)
(62,125):250 (250)
(62,126):187 (187)
(62,127):187 (187)
(63,0):203 (203)
(63,1):203 (203)
(63,2):250 (250)
(63,3):250 (250)
(63,4):250 (250)
(63,5):250 (250)
(63,6):250 (250)
(63,7):250 (250)
(63,8):250 (250)
(63,9):250 (250)
(63,10):250 (250)
(63,11):250 (250)
(63,12):250 (250)
(63,13):250 (250)
(63,14):250 (250)
(63,15):250 (250)
(63,16):244 (244)
(63,17):249 (249)
(63,18):249 (249)
(63,19):249 (249)
(63,20):245 (245)
(63,21):248 (248)
(63,22):249 (249)
(63,23):249 (249)
(63,24):249 (249)
(63,25):249 (249)
(63,26):249 (249)
(63,27):249 (249)
(63,28):249 (249)
(63,29):249 (249)
(63,30):250 (250)
(63,31):250 (250)
(63,32):249 (249)
(63,33):221 (221)
(63,34):204 (204)
(63,35):162 (162)
(63,36):115 (115)
(63,37):101 (101)
(63,38):111 (111)
(63,39):183 (183)
(63,40):197 (197)
(63,41):186 (186)
(63,42):157 (157)
(63,43):100 (100)
(63,44):64 (64)
(63,45):49 (49)
(63,46):76 (76)
(63,47):52 (52)
(63,48):78 (78)
(63,49):103 (103)
(63,50):168 (168)
(63,51):198 (198)
(63,52):235 (235)
(63,53):231 (231)
(63,54):236 (236)
(63,55):220 (220)
(63,56):220 (220)
(63,57):193 (193)
(63,58):179 (179)
(63,59):140 (140)
(63,60):114 (114)
(63,61):103 (103)
(63,62):105 (105)
(63,63):113 (113)
(63,64):135 (135)
(63,65):153 (153)
(63,66):181 (181)
(63,67):187 (187)
(63,68):195 (195)
(63,69):200 (200)
(63,70):206 (206)
(63,71):211 (211)
(63,72):209 (209)
(63,73):208 (208)
(63,74):212 (212)
(63,75):218 (218)
(63,76):223 (223)
(63,77):227 (227)
(63,78):231 (231)
(63,79):236 (236)
(63,80):241 (241)
(63,81):244 (244)
(63,82):245 (245)
(63,83):247 (247)
(63,84):248 (248)
(63,85):249 (249)
(63,86):249 (249)
(63,87):249 (249)
(63,88):238 (238)
(63,89):221 (221)
(63,90):218 (218)
(63,91):217 (217)
(63,92):214 (214)
(63,93):178 (178)
(63,94):153 (153)
(63,95):133 (133)
(63,96):134 (134)
(63,97):142 (142)
(63,98):187 (187)
(63,99):200 (200)
(63,100):236 (236)
(63,101):230 (230)
(63,102):242 (242)
(63,103):238 (238)
(63,104):248 (248)
(63,105):247 (247)
(63,106):250 (250)
(63,107):250 (250)
(63,108):250 (250)
(63,109):250 (250)
(63,110):250 (250)
(63,111):250 (250)
(63,112):250 (250)
(63,113):250 (250)
(63,114):250 (250)
(63,115):250 (250)
(63,116):250 (250)
(63,117):250 (250)
(63,118):250 (250)
(63,119):250 (250)
(63,120):250 (250)
(63,121):250 (250)
(63,122):250 (250)
(63,123):250 (250)
(63,124):250 (250)
(63,125):250 (250)
(63,126):187 (187)
(63,127):187 (187)
(64,0):203 (203)
(64,1):203 (203)
(64,2):250 (250)
(64,3):250 (250)
(64,4):250 (250)
(64,5):250 (250)
(64,6):250 (250)
(64,7):250 (250)
(64,8):250 (250)
(64,9):250 (250)
(64,10):250 (250)
(64,11):250 (250)
(64,12):250 (250)
(64,13):250 (250)
(64,14):250 (250)
(64,15):250 (250)
(64,16):250 (250)
(64,17):250 (250)
(64,18):250 (250)
(64,19):250 (250)
(64,20):250 (250)
(64,21):250 (250)
(64,22):250 (250)
(64,23):250 (250)
(64,24):250 (250)
(64,25):250 (250)
(64,26):250 (250)
(64,27):250 (250)
(64,28):250 (250)
(64,29):250 (250)
(64,30):250 (250)
(64,31):249 (249)
(64,32):248 (248)
(64,33):225 (225)
(64,34):212 (212)
(64,35):205 (205)
(64,36):181 (181)
(64,37):123 (123)
(64,38):92 (92)
(64,39):85 (85)
(64,40):156 (156)
(64,41):102 (102)
(64,42):79 (79)
(64,43):67 (67)
(64,44):82 (82)
(64,45):79 (79)
(64,46):131 (131)
(64,47):63 (63)
(64,48):141 (141)
(64,49):104 (104)
(64,50):184 (184)
(64,51):202 (202)
(64,52):223 (223)
(64,53):215 (215)
(64,54):204 (204)
(64,55):174 (174)
(64,56):152 (152)
(64,57):166 (166)
(64,58):101 (101)
(64,59):112 (112)
(64,60):174 (174)
(64,61):173 (173)
(64,62):180 (180)
(64,63):201 (201)
(64,64):208 (208)
(64,65):208 (208)
(64,66):207 (207)
(64,67):206 (206)
(64,68):225 (225)
(64,69):216 (216)
(64,70):222 (222)
(64,71):228 (228)
(64,72):240 (240)
(64,73):237 (237)
(64,74):242 (242)
(64,75):246 (246)
(64,76):247 (247)
(64,77):248 (248)
(64,78):249 (249)
(64,79):250 (250)
(64,80):250 (250)
(64,81):250 (250)
(64,82):250 (250)
(64,83):250 (250)
(64,84):250 (250)
(64,85):250 (250)
(64,86):250 (250)
(64,87):250 (250)
(64,88):249 (249)
(64,89):237 (237)
(64,90):223 (223)
(64,91):219 (219)
(64,92):218 (218)
(64,93):228 (228)
(64,94):221 (221)
(64,95):203 (203)
(64,96):204 (204)
(64,97):214 (214)
(64,98):227 (227)
(64,99):228 (228)
(64,100):234 (234)
(64,101):235 (235)
(64,102):242 (242)
(64,103):247 (247)
(64,104):250 (250)
(64,105):249 (249)
(64,106):250 (250)
(64,107):250 (250)
(64,108):250 (250)
(64,109):250 (250)
(64,110):250 (250)
(64,111):250 (250)
(64,112):250 (250)
(64,113):250 (250)
(64,114):250 (250)
(64,115):250 (250)
(64,116):250 (250)
(64,117):250 (250)
(64,118):250 (250)
(64,119):250 (250)
(64,120):250 (250)
(64,121):250 (250)
(64,122):250 (250)
(64,123):250 (250)
(64,124):250 (250)
(64,125):250 (250)
(64,126):187 (187)
(64,127):187 (187)
(65,0):203 (203)
(65,1):203 (203)
(65,2):250 (250)
(65,3):250 (250)
(65,4):250 (250)
(65,5):250 (250)
(65,6):250 (250)
(65,7):250 (250)
(65,8):250 (250)
(65,9):250 (250)
(65,10):250 (250)
(65,11):250 (250)
(65,12):250 (250)
(65,13):250 (250)
(65,14):250 (250)
(65,15):250 (250)
(65,16):250 (250)
(65,17):250 (250)
(65,18):250 (250)
(65,19):250 (250)
(65,20):250 (250)
(65,21):250 (250)
(65,22):250 (250)
(65,23):250 (250)
(65,24):250 (250)
(65,25):250 (250)
(65,26):250 (250)
(65,27):250 (250)
(65,28):250 (250)
(65,29):250 (250)
(65,30):250 (250)
(65,31):250 (250)
(65,32):250 (250)
(65,33):238 (238)
(65,34):221 (221)
(65,35):218 (218)
(65,36):222 (222)
(65,37):227 (227)
(65,38):177 (177)
(65,39):190 (190)
(65,40):119 (119)
(65,41):122 (122)
(65,42):126 (126)
(65,43):162 (162)
(65,44):185 (185)
(65,45):180 (180)
(65,46):164 (164)
(65,47):85 (85)
(65,48):87 (87)
(65,49):125 (125)
(65,50):195 (195)
(65,51):204 (204)
(65,52):204 (204)
(65,53):207 (207)
(65,54):151 (151)
(65,55):95 (95)
(65,56):160 (160)
(65,57):94 (94)
(65,58):147 (147)
(65,59):173 (173)
(65,60):197 (197)
(65,61):208 (208)
(65,62):212 (212)
(65,63):217 (217)
(65,64):224 (224)
(65,65):226 (226)
(65,66):231 (231)
(65,67):237 (237)
(65,68):243 (243)
(65,69):245 (245)
(65,70):246 (246)
(65,71):248 (248)
(65,72):249 (249)
(65,73):250 (250)
(65,74):250 (250)
(65,75):250 (250)
(65,76):250 (250)
(65,77):250 (250)
(65,78):250 (250)
(65,79):250 (250)
(65,80):250 (250)
(65,81):250 (250)
(65,82):250 (250)
(65,83):250 (250)
(65,84):250 (250)
(65,85):250 (250)
(65,86):250 (250)
(65,87):250 (250)
(65,88):250 (250)
(65,89):250 (250)
(65,90):247 (247)
(65,91):240 (240)
(65,92):234 (234)
(65,93):229 (229)
(65,94):227 (227)
(65,95):227 (227)
(65,96):232 (232)
(65,97):236 (236)
(65,98):239 (239)
(65,99):241 (241)
(65,100):244 (244)
(65,101):248 (248)
(65,102):249 (249)
(65,103):250 (250)
(65,104):249 (249)
(65,105):250 (250)
(65,106):250 (250)
(65,107):250 (250)
(65,108):250 (250)
(65,109):250 (250)
(65,110):250 (250)
(65,111):250 (250)
(65,112):250 (250)
(65,113):250 (250)
(65,114):250 (250)
(65,115):250 (250)
(65,116):250 (250)
(65,117):250 (250)
(65,118):250 (250)
(65,119):250 (250)
(65,120):250 (250)
(65,121):250 (250)
(65,122):250 (250)
(65,123):250 (250)
(65,124):250 (250)
(65,125):250 (250)
(65,126):187 (187)
(65,127):187 (187)
(66,0):203 (203)
(66,1):203 (203)
(66,2):250 (250)
(66,3):250 (250)
(66,4):250 (250)
(66,5):250 (250)
(66,6):250 (250)
(66,7):250 (250)
(66,8):250 (250)
(66,9):250 (250)
(66,10):250 (250)
(66,11):250 (250)
(66,12):250 (250)
(66,13):250 (250)
(66,14):250 (250)
(66,15):250 (250)
(66,16):250 (250)
(66,17):250 (250)
(66,18):250 (250)
(66,19):250 (250)
(66,20):250 (250)
(66,21):250 (250)
(66,22):250 (250)
(66,23):250 (250)
(66,24):250 (250)
(66,25):250 (250)
(66,26):250 (250)
(66,27):250 (250)
(66,28):250 (250)
(66,29):250 (250)
(66,30):250 (250)
(66,31):249 (249)
(66,32):250 (250)
(66,33):248 (248)
(66,34):238 (238)
(66,35):225 (225)
(66,36):220 (220)
(66,37):220 (220)
(66,38):228 (228)
(66,39):212 (212)
(66,40):203 (203)
(66,41):201 (201)
(66,42):213 (213)
(66,43):215 (215)
(66,44):221 (221)
(66,45):192 (192)
(66,46):190 (190)
(66,47):103 (103)
(66,48):93 (93)
(66,49):117 (117)
(66,50):181 (181)
(66,51):138 (138)
(66,52):139 (139)
(66,53):161 (161)
(66,54):92 (92)
(66,55):98 (98)
(66,56):102 (102)
(66,57):179 (179)
(66,58):220 (220)
(66,59):232 (232)
(66,60):225 (225)
(66,61):232 (232)
(66,62):244 (244)
(66,63):245 (245)
(66,64):245 (245)
(66,65):248 (248)
(66,66):249 (249)
(66,67):250 (250)
(66,68):250 (250)
(66,69):250 (250)
(66,70):250 (250)
(66,71):250 (250)
(66,72):250 (250)
(66,73):250 (250)
(66,74):250 (250)
(66,75):250 (250)
(66,76):250 (250)
(66,77):250 (250)
(66,78):250 (250)
(66,79):250 (250)
(66,80):250 (250)
(66,81):250 (250)
(66,82):250 (250)
(66,83):250 (250)
(66,84):250 (250)
(66,85):250 (250)
(66,86):250 (250)
(66,87):250 (250)
(66,88):250 (250)
(66,89):250 (250)
(66,90):250 (250)
(66,91):250 (250)
(66,92):250 (250)
(66,93):250 (250)
(66,94):250 (250)
(66,95):250 (250)
(66,96):250 (250)
(66,97):250 (250)
(66,98):250 (250)
(66,99):250 (250)
(66,100):250 (250)
(66,101):250 (250)
(66,102):250 (250)
(66,103):250 (250)
(66,104):250 (250)
(66,105):250 (250)
(66,106):250 (250)
(66,107):250 (250)
(66,108):250 (250)
(66,109):250 (250)
(66,110):250 (250)
(66,111):250 (250)
(66,112):250 (250)
(66,113):250 (250)
(66,114):250 (250)
(66,115):250 (250)
(66,116):250 (250)
(66,117):250 (250)
(66,118):250 (250)
(66,119):250 (250)
(66,120):250 (250)
(66,121):250 (250)
(66,122):250 (250)
(66,123):250 (250)
(66,124):250 (250)
(66,125):250 (250)
(66,126):187 (187)
(66,127):187 (187)
(67,0):203 (203)
(67,1):203 (203)
(67,2):250 (250)
(67,3):250 (250)
(67,4):250 (250)
(67,5):250 (250)
(67,6):250 (250)
(67,7):250 (250)
(67,8):250 (250)
(67,9):250 (250)
(67,10):250 (250)
(67,11):250 (250)
(67,12):250 (250)
(67,13):250 (250)
(67,14):250 (250)
(67,15):250 (250)
(67,16):250 (250)
(67,17):250 (250)
(67,18):250 (250)
(67,19):250 (250)
(67,20):250 (250)
(67,21):250 (250)
(67,22):250 (250)
(67,23):250 (250)
(67,24):250 (250)
(67,25):250 (250)
(67,26):250 (250)
(67,27):250 (250)
(67,28):250 (250)
(67,29):250 (250)
(67,30):250 (250)
(67,31):250 (250)
(67,32):250 (250)
(67,33):250 (250)
(67,34):250 (250)
(67,35):248 (248)
(67,36):238 (238)
(67,37):242 (242)
(67,38):225 (225)
(67,39):225 (225)
(67,40):225 (225)
(67,41):234 (234)
(67,42):230 (230)
(67,43):237 (237)
(67,44):235 (235)
(67,45):212 (212)
(67,46):207 (207)
(67,47):153 (153)
(67,48):189 (189)
(67,49):106 (106)
(67,50):150 (150)
(67,51):178 (178)
(67,52):136 (136)
(67,53):156 (156)
(67,54):98 (98)
(67,55):105 (105)
(67,56):172 (172)
(67,57):213 (213)
(67,58):235 (235)
(67,59):237 (237)
(67,60):241 (241)
(67,61):245 (245)
(67,62):248 (248)
(67,63):250 (250)
(67,64):250 (250)
(67,65):250 (250)
(67,66):250 (250)
(67,67):250 (250)
(67,68):250 (250)
(67,69):250 (250)
(67,70):250 (250)
(67,71):250 (250)
(67,72):250 (250)
(67,73):250 (250)
(67,74):250 (250)
(67,75):250 (250)
(67,76):250 (250)
(67,77):250 (250)
(67,78):250 (250)
(67,79):250 (250)
(67,80):250 (250)
(67,81):250 (250)
(67,82):250 (250)
(67,83):250 (250)
(67,84):250 (250)
(67,85):250 (250)
(67,86):250 (250)
(67,87):250 (250)
(67,88):250 (250)
(67,89):250 (250)
(67,90):250 (250)
(67,91):250 (250)
(67,92):250 (250)
(67,93):250 (250)
(67,94):250 (250)
(67,95):250 (250)
(67,96):250 (250)
(67,97):250 (250)
(67,98):250 (250)
(67,99):250 (250)
(67,100):250 (250)
(67,101):250 (250)
(67,102):250 (250)
(67,103):250 (250)
(67,104):250 (250)
(67,105):250 (250)
(67,106):250 (250)
(67,107):250 (250)
(67,108):250 (250)
(67,109):250 (250)
(67,110):250 (250)
(67,111):250 (250)
(67,112):250 (250)
(67,113):250 (250)
(67,114):250 (250)
(67,115):250 (250)
(67,116):250 (250)
(67,117):250 (250)
(67,118):250 (250)
(67,119):250 (250)
(67,120):250 (250)
(67,121):250 (250)
(67,122):250 (250)
(67,123):250 (250)
(67,124):250 (250)
(67,125):250 (250)
(67,126):187 (187)
(67,127):187 (187)
(68,0):203 (203)
(68,1):203 (203)
(68,2):250 (250)
(68,3):250 (250)
(68,4):250 (250)
(68,5):250 (250)
(68,6):250 (250)
(68,7):250 (250)
(68,8):250 (250)
(68,9):250 (250)
(68,10):250 (250)
(68,11):250 (250)
(68,12):250 (250)
(68,13):250 (250)
(68,14):250 (250)
(68,15):250 (250)
(68,16):250 (250)
(68,17):250 (250)
(68,18):250 (250)
(68,19):250 (250)
(68,20):250 (250)
(68,21):250 (250)
(68,22):250 (250)
(68,23):250 (250)
(68,24):250 (250)
(68,25):250 (250)
(68,26):250 (250)
(68,27):250 (250)
(68,28):250 (250)
(68,29):250 (250)
(68,30):250 (250)
(68,31):250 (250)
(68,32):250 (250)
(68,33):250 (250)
(68,34):250 (250)
(68,35):250 (250)
(68,36):250 (250)
(68,37):249 (249)
(68,38):249 (249)
(68,39):249 (249)
(68,40):250 (250)
(68,41):249 (249)
(68,42):249 (249)
(68,43):249 (249)
(68,44):247 (247)
(68,45):226 (226)
(68,46):214 (214)
(68,47):212 (212)
(68,48):188 (188)
(68,49):112 (112)
(68,50):73 (73)
(68,51):90 (90)
(68,52):77 (77)
(68,53):139 (139)
(68,54):141 (141)
(68,55):192 (192)
(68,56):227 (227)
(68,57):229 (229)
(68,58):237 (237)
(68,59):248 (248)
(68,60):250 (250)
(68,61):250 (250)
(68,62):250 (250)
(68,63):250 (250)
(68,64):250 (250)
(68,65):250 (250)
(68,66):250 (250)
(68,67):250 (250)
(68,68):250 (250)
(68,69):250 (250)
(68,70):250 (250)
(68,71):250 (250)
(68,72):250 (250)
(68,73):250 (250)
(68,74):250 (250)
(68,75):250 (250)
(68,76):250 (250)
(68,77):250 (250)
(68,78):250 (250)
(68,79):250 (250)
(68,80):250 (250)
(68,81):250 (250)
(68,82):250 (250)
(68,83):250 (250)
(68,84):250 (250)
(68,85):250 (250)
(68,86):250 (250)
(68,87):250 (250)
(68,88):250 (250)
(68,89):250 (250)
(68,90):250 (250)
(68,91):250 (250)
(68,92):250 (250)
(68,93):250 (250)
(68,94):250 (250)
(68,95):250 (250)
(68,96):250 (250)
(68,97):250 (250)
(68,98):250 (250)
(68,99):250 (250)
(68,100):250 (250)
(68,101):250 (250)
(68,102):250 (250)
(68,103):250 (250)
(68,104):250 (250)
(68,105):250 (250)
(68,106):250 (250)
(68,107):250 (250)
(68,108):250 (250)
(68,109):250 (250)
(68,110):250 (250)
(68,111):250 (250)
(68,112):250 (250)
(68,113):250 (250)
(68,114):250 (250)
(68,115):250 (250)
(68,116):250 (250)
(68,117):250 (250)
(68,118):250 (250)
(68,119):250 (250)
(68,120):250 (250)
(68,121):250 (250)
(68,122):250 (250)
(68,123):250 (250)
(68,124):250 (250)
(68,125):250 (250)
(68,126):187 (187)
(68,127):187 (187)
(69,0):203 (203)
(69,1):203 (203)
(69,2):250 (250)
(69,3):250 (250)
(69,4):250 (250)
(69,5):250 (250)
(69,6):250 (250)
(69,7):250 (250)
(69,8):250 (250)
(69,9):250 (250)
(69,10):250 (250)
(69,11):250 (250)
(69,12):250 (250)
(69,13):250 (250)
(69,14):250 (250)
(69,15):250 (250)
(69,16):250 (250)
(69,17):250 (250)
(69,18):250 (250)
(69,19):250 (250)
(69,20):250 (250)
(69,21):250 (250)
(69,22):250 (250)
(69,23):250 (250)
(69,24):250 (250)
(69,25):250 (250)
(69,26):250 (250)
(69,27):250 (250)
(69,28):250 (250)
(69,29):250 (250)
(69,30):250 (250)
(69,31):250 (250)
(69,32):250 (250)
(69,33):250 (250)
(69,34):250 (250)
(69,35):250 (250)
(69,36):250 (250)
(69,37):250 (250)
(69,38):250 (250)
(69,39):250 (250)
(69,40):250 (250)
(69,41):250 (250)
(69,42):249 (249)
(69,43):250 (250)
(69,44):249 (249)
(69,45):233 (233)
(69,46):238 (238)
(69,47):220 (220)
(69,48):230 (230)
(69,49):221 (221)
(69,50):195 (195)
(69,51):189 (189)
(69,52):183 (183)
(69,53):206 (206)
(69,54):227 (227)
(69,55):244 (244)
(69,56):233 (233)
(69,57):235 (235)
(69,58):245 (245)
(69,59):246 (246)
(69,60):249 (249)
(69,61):246 (246)
(69,62):250 (250)
(69,63):246 (246)
(69,64):250 (250)
(69,65):250 (250)
(69,66):250 (250)
(69,67):250 (250)
(69,68):250 (250)
(69,69):250 (250)
(69,70):250 (250)
(69,71):250 (250)
(69,72):250 (250)
(69,73):250 (250)
(69,74):250 (250)
(69,75):250 (250)
(69,76):250 (250)
(69,77):250 (250)
(69,78):250 (250)
(69,79):250 (250)
(69,80):250 (250)
(69,81):250 (250)
(69,82):250 (250)
(69,83):250 (250)
(69,84):250 (250)
(69,85):250 (250)
(69,86):250 (250)
(69,87):250 (250)
(69,88):250 (250)
(69,89):250 (250)
(69,90):250 (250)
(69,91):250 (250)
(69,92):250 (250)
(69,93):250 (250)
(69,94):250 (250)
(69,95):250 (250)
(69,96):250 (250)
(69,97):250 (250)
(69,98):250 (250)
(69,99):250 (250)
(69,100):250 (250)
(69,101):250 (250)
(69,102):250 (250)
(69,103):250 (250)
(69,104):250 (250)
(69,105):250 (250)
(69,106):250 (250)
(69,107):250 (250)
(69,108):250 (250)
(69,109):250 (250)
(69,110):250 (250)
(69,111):250 (250)
(69,112):250 (250)
(69,113):250 (250)
(69,114):250 (250)
(69,115):250 (250)
(69,116):250 (250)
(69,117):250 (250)
(69,118):250 (250)
(69,119):250 (250)
(69,120):250 (250)
(69,121):250 (250)
(69,122):250 (250)
(69,123):250 (250)
(69,124):250 (250)
(69,125):250 (250)
(69,126):187 (187)
(69,127):187 (187)
(70,0):171 (171)
(70,1):171 (171)
(70,2):203 (203)
(70,3):203 (203)
(70,4):203 (203)
(70,5):203 (203)
(70,6):203 (203)
(70,7):203 (203)
(70,8):203 (203)
(70,9):203 (203)
(70,10):203 (203)
(70,11):203 (203)
(70,12):203 (203)
(70,13):203 (203)
(70,14):203 (203)
(70,15):203 (203)
(70,16):203 (203)
(70,17):203 (203)
(70,18):203 (203)
(70,19):203 (203)
(70,20):203 (203)
(70,21):203 (203)
(70,22):203 (203)
(70,23):203 (203)
(70,24):203 (203)
(70,25):203 (203)
(70,26):203 (203)
(70,27):203 (203)
(70,28):203 (203)
(70,29):203 (203)
(70,30):203 (203)
(70,31):203 (203)
(70,32):203 (203)
(70,33):203 (203)
(70,34):203 (203)
(70,35):203 (203)
(70,36):203 (203)
(70,37):203 (203)
(70,38):203 (203)
(70,39):203 (203)
(70,40):203 (203)
(70,41):203 (203)
(70,42):203 (203)
(70,43):203 (203)
(70,44):203 (203)
(70,45):201 (201)
(70,46):191 (191)
(70,47):179 (179)
(70,48):173 (173)
(70,49):172 (172)
(70,50):160 (160)
(70,51):172 (172)
(70,52):114 (114)
(70,53):122 (122)
(70,54):180 (180)
(70,55):190 (190)
(70,56):196 (196)
(70,57):198 (198)
(70,58):202 (202)
(70,59):203 (203)
(70,60):203 (203)
(70,61):203 (203)
(70,62):203 (203)
(70,63):203 (203)
(70,64):203 (203)
(70,65):203 (203)
(70,66):203 (203)
(70,67):203 (203)
(70,68):203 (203)
(70,69):203 (203)
(70,70):203 (203)
(70,71):203 (203)
(70,72):203 (203)
(70,73):203 (203)
(70,74):203 (203)
(70,75):203 (203)
(70,76):203 (203)
(70,77):203 (203)
(70,78):203 (203)
(70,79):203 (203)
(70,80):203 (203)
(70,81):203 (203)
(70,82):203 (203)
(70,83):203 (203)
(70,84):203 (203)
(70,85):203 (203)
(70,86):203 (203)
(70,87):203 (203)
(70,88):203 (203)
(70,89):203 (203)
(70,90):203 (203)
(70,91):203 (203)
(70,92):203 (203)
(70,93):203 (203)
(70,94):203 (203)
(70,95):203 (203)
(70,96):203 (203)
(70,97):203 (203)
(70,98):203 (203)
(70,99):203 (203)
(70,100):203 (203)
(70,101):203 (203)
(70,102):203 (203)
(70,103):203 (203)
(70,104):203 (203)
(70,105):203 (203)
(70,106):203 (203)
(70,107):203 (203)
(70,108):203 (203)
(70,109):203 (203)
(70,110):203 (203)
(70,111):203 (203)
(70,112):203 (203)
(70,113):203 (203)
(70,114):203 (203)
(70,115):203 (203)
(70,116):203 (203)
(70,117):203 (203)
(70,118):203 (203)
(70,119):203 (203)
(70,120):203 (203)
(70,121):203 (203)
(70,122):203 (203)
(70,123):203 (203)
(70,124):203 (203)
(70,125):203 (203)
(70,126):156 (156)
(70,127):156 (156)
(71,0):171 (171)
(71,1):171 (171)
(71,2):203 (203)
(71,3):203 (203)
(71,4):203 (203)
(71,5):203 (203)
(71,6):203 (203)
(71,7):203 (203)
(71,8):203 (203)
(71,9):203 (203)
(71,10):203 (203)
(71,11):203 (203)
(71,12):203 (203)
(71,13):203 (203)
(71,14):203 (203)
(71,15):203 (203)
(71,16):203 (203)
(71,17):203 (203)
(71,18):203 (203)
(71,19):203 (203)
(71,20):203 (203)
(71,21):203 (203)
(71,22):203 (203)
(71,23):203 (203)
(71,24):203 (203)
(71,25):203 (203)
(71,26):203 (203)
(71,27):203 (203)
(71,28):203 (203)
(71,29):203 (203)
(71,30):203 (203)
(71,31):203 (203)
(71,32):203 (203)
(71,33):203 (203)
(71,34):203 (203)
(71,35):203 (203)
(71,36):203 (203)
(71,37):203 (203)
(71,38):203 (203)
(71,39):203 (203)
(71,40):203 (203)
(71,41):203 (203)
(71,42):203 (203)
(71,43):203 (203)
(71,44):203 (203)
(71,45):203 (203)
(71,46):203 (203)
(71,47):201 (201)
(71,48):196 (196)
(71,49):194 (194)
(71,50):197 (197)
(71,51):200 (200)
(71,52):199 (199)
(71,53):198 (198)
(71,54):200 (200)
(71,55):202 (202)
(71,56):202 (202)
(71,57):203 (203)
(71,58):203 (203)
(71,59):199 (199)
(71,60):203 (203)
(71,61):173 (173)
(71,62):203 (203)
(71,63):199 (199)
(71,64):203 (203)
(71,65):203 (203)
(71,66):203 (203)
(71,67):203 (203)
(71,68):203 (203)
(71,69):203 (203)
(71,70):203 (203)
(71,71):203 (203)
(71,72):203 (203)
(71,73):203 (203)
(71,74):203 (203)
(71,75):203 (203)
(71,76):203 (203)
(71,77):203 (203)
(71,78):203 (203)
(71,79):203 (203)
(71,80):203 (203)
(71,81):203 (203)
(71,82):203 (203)
(71,83):203 (203)
(71,84):203 (203)
(71,85):203 (203)
(71,86):203 (203)
(71,87):203 (203)
(71,88):203 (203)
(71,89):203 (203)
(71,90):203 (203)
(71,91):203 (203)
(71,92):203 (203)
(71,93):203 (203)
(71,94):203 (203)
(71,95):203 (203)
(71,96):203 (203)
(71,97):203 (203)
(71,98):203 (203)
(71,99):203 (203)
(71,100):203 (203)
(71,101):203 (203)
(71,102):203 (203)
(71,103):203 (203)
(71,104):203 (203)
(71,105):203 (203)
(71,106):203 (203)
(71,107):203 (203)
(71,108):203 (203)
(71,109):203 (203)
(71,110):203 (203)
(71,111):203 (203)
(71,112):203 (203)
(71,113):203 (203)
(71,114):203 (203)
(71,115):203 (203)
(71,116):203 (203)
(71,117):203 (203)
(71,118):203 (203)
(71,119):203 (203)
(71,120):203 (203)
(71,121):203 (203)
(71,122):203 (203)
(71,123):203 (203)
(71,124):203 (203)
(71,125):203 (203)
(71,126):156 (156)
(71,127):156 (156)
