(0,0): 15 (52)
(0,1): 54 (76)
(0,2): 83 (94)
(0,3): 114 (113)
(0,4): 104 (107)
(0,5): 117 (115)
(0,6): 109 (110)
(0,7): 125 (120)
(0,8): 112 (112)
(0,9): 141 (130)
(0,10): 112 (112)
(0,11): 148 (134)
(0,12): 112 (112)
(0,13): 151 (136)
(0,14): 122 (118)
(0,15): 146 (133)
(0,16): 124 (119)
(0,17): 150 (135)
(0,18): 119 (116)
(0,19): 151 (136)
(0,20): 114 (113)
(0,21): 148 (134)
(0,22): 114 (113)
(0,23): 150 (135)
(0,24): 119 (116)
(0,25): 151 (136)
(0,26): 119 (116)
(0,27): 153 (137)
(0,28): 120 (117)
(0,29): 151 (136)
(0,30): 120 (117)
(0,31): 151 (136)
(0,32): 114 (113)
(0,33): 148 (134)
(0,34): 114 (113)
(0,35): 128 (122)
(0,36): 115 (114)
(0,37): 140 (129)
(0,38): 115 (114)
(0,39): 141 (130)
(0,40): 119 (116)
(0,41): 127 (121)
(0,42): 117 (115)
(0,43): 145 (132)
(0,44): 117 (115)
(0,45): 150 (135)
(0,46): 115 (114)
(0,47): 148 (134)
(0,48): 114 (113)
(0,49): 141 (130)
(0,50): 114 (113)
(0,51): 120 (117)
(0,52): 107 (109)
(0,53): 122 (118)
(0,54): 114 (113)
(0,55): 119 (116)
(0,56): 114 (113)
(0,57): 124 (119)
(0,58): 111 (111)
(0,59): 138 (128)
(0,60): 111 (111)
(0,61): 122 (118)
(0,62): 111 (111)
(0,63): 117 (115)
(0,64): 109 (110)
(0,65): 120 (117)
(0,66): 106 (108)
(0,67): 124 (119)
(0,68): 106 (108)
(0,69): 117 (115)
(0,70): 98 (103)
(0,71): 117 (115)
(0,72): 106 (108)
(0,73): 119 (116)
(0,74): 114 (113)
(0,75): 124 (119)
(0,76): 114 (113)
(0,77): 120 (117)
(0,78): 114 (113)
(0,79): 115 (114)
(0,80): 114 (113)
(0,81): 120 (117)
(0,82): 114 (113)
(0,83): 122 (118)
(0,84): 114 (113)
(0,85): 120 (117)
(0,86): 114 (113)
(0,87): 124 (119)
(0,88): 114 (113)
(0,89): 125 (120)
(0,90): 114 (113)
(0,91): 125 (120)
(0,92): 114 (113)
(0,93): 124 (119)
(0,94): 114 (113)
(0,95): 122 (118)
(0,96): 114 (113)
(0,97): 122 (118)
(0,98): 112 (112)
(0,99): 120 (117)
(0,100): 111 (111)
(0,101): 119 (116)
(0,102): 111 (111)
(0,103): 119 (116)
(0,104): 109 (110)
(0,105): 117 (115)
(0,106): 109 (110)
(0,107): 115 (114)
(0,108): 107 (109)
(0,109): 114 (113)
(0,110): 106 (108)
(0,111): 112 (112)
(0,112): 104 (107)
(0,113): 109 (110)
(0,114): 101 (105)
(0,115): 106 (108)
(0,116): 96 (102)
(0,117): 96 (102)
(0,118): 81 (93)
(0,119): 91 (99)
(0,120): 75 (89)
(0,121): 81 (93)
(0,122): 65 (83)
(0,123): 73 (88)
(0,124): 62 (81)
(0,125): 63 (82)
(0,126): 44 (70)
(0,127): 23 (57)
(1,0): 54 (76)
(1,1): 96 (102)
(1,2): 127 (121)
(1,3): 150 (135)
(1,4): 141 (130)
(1,5): 148 (134)
(1,6): 146 (133)
(1,7): 156 (139)
(1,8): 151 (136)
(1,9): 158 (140)
(1,10): 145 (132)
(1,11): 159 (141)
(1,12): 151 (136)
(1,13): 169 (147)
(1,14): 156 (139)
(1,15): 172 (149)
(1,16): 166 (145)
(1,17): 176 (151)
(1,18): 164 (144)
(1,19): 174 (150)
(1,20): 154 (138)
(1,21): 159 (141)
(1,22): 146 (133)
(1,23): 169 (147)
(1,24): 158 (140)
(1,25): 174 (150)
(1,26): 154 (138)
(1,27): 174 (150)
(1,28): 163 (143)
(1,29): 174 (150)
(1,30): 163 (143)
(1,31): 172 (149)
(1,32): 154 (138)
(1,33): 172 (149)
(1,34): 158 (140)
(1,35): 169 (147)
(1,36): 161 (142)
(1,37): 164 (144)
(1,38): 159 (141)
(1,39): 171 (148)
(1,40): 164 (144)
(1,41): 171 (148)
(1,42): 164 (144)
(1,43): 172 (149)
(1,44): 161 (142)
(1,45): 172 (149)
(1,46): 159 (141)
(1,47): 167 (146)
(1,48): 150 (135)
(1,49): 164 (144)
(1,50): 153 (137)
(1,51): 161 (142)
(1,52): 148 (134)
(1,53): 161 (142)
(1,54): 154 (138)
(1,55): 161 (142)
(1,56): 156 (139)
(1,57): 164 (144)
(1,58): 154 (138)
(1,59): 164 (144)
(1,60): 156 (139)
(1,61): 163 (143)
(1,62): 151 (136)
(1,63): 154 (138)
(1,64): 133 (125)
(1,65): 150 (135)
(1,66): 145 (132)
(1,67): 156 (139)
(1,68): 145 (132)
(1,69): 148 (134)
(1,70): 132 (124)
(1,71): 153 (137)
(1,72): 150 (135)
(1,73): 159 (141)
(1,74): 154 (138)
(1,75): 159 (141)
(1,76): 154 (138)
(1,77): 159 (141)
(1,78): 153 (137)
(1,79): 158 (140)
(1,80): 154 (138)
(1,81): 159 (141)
(1,82): 154 (138)
(1,83): 159 (141)
(1,84): 150 (135)
(1,85): 154 (138)
(1,86): 151 (136)
(1,87): 161 (142)
(1,88): 154 (138)
(1,89): 164 (144)
(1,90): 154 (138)
(1,91): 164 (144)
(1,92): 154 (138)
(1,93): 161 (142)
(1,94): 153 (137)
(1,95): 159 (141)
(1,96): 150 (135)
(1,97): 158 (140)
(1,98): 148 (134)
(1,99): 158 (140)
(1,100): 148 (134)
(1,101): 156 (139)
(1,102): 148 (134)
(1,103): 156 (139)
(1,104): 148 (134)
(1,105): 153 (137)
(1,106): 146 (133)
(1,107): 151 (136)
(1,108): 145 (132)
(1,109): 150 (135)
(1,110): 143 (131)
(1,111): 148 (134)
(1,112): 140 (129)
(1,113): 145 (132)
(1,114): 132 (124)
(1,115): 137 (127)
(1,116): 122 (118)
(1,117): 117 (115)
(1,118): 107 (109)
(1,119): 102 (106)
(1,120): 96 (102)
(1,121): 96 (102)
(1,122): 93 (100)
(1,123): 89 (98)
(1,124): 85 (95)
(1,125): 78 (91)
(1,126): 72 (87)
(1,127): 46 (71)
(2,0): 86 (96)
(2,1): 124 (119)
(2,2): 148 (134)
(2,3): 154 (138)
(2,4): 158 (140)
(2,5): 161 (142)
(2,6): 163 (143)
(2,7): 167 (146)
(2,8): 167 (146)
(2,9): 172 (149)
(2,10): 172 (149)
(2,11): 179 (153)
(2,12): 180 (154)
(2,13): 184 (156)
(2,14): 184 (156)
(2,15): 185 (157)
(2,16): 184 (156)
(2,17): 185 (157)
(2,18): 184 (156)
(2,19): 185 (157)
(2,20): 182 (155)
(2,21): 184 (156)
(2,22): 179 (153)
(2,23): 185 (157)
(2,24): 185 (157)
(2,25): 187 (158)
(2,26): 184 (156)
(2,27): 187 (158)
(2,28): 185 (157)
(2,29): 189 (159)
(2,30): 187 (158)
(2,31): 187 (158)
(2,32): 184 (156)
(2,33): 189 (159)
(2,34): 189 (159)
(2,35): 189 (159)
(2,36): 187 (158)
(2,37): 185 (157)
(2,38): 185 (157)
(2,39): 189 (159)
(2,40): 187 (158)
(2,41): 189 (159)
(2,42): 187 (158)
(2,43): 187 (158)
(2,44): 184 (156)
(2,45): 185 (157)
(2,46): 182 (155)
(2,47): 182 (155)
(2,48): 177 (152)
(2,49): 180 (154)
(2,50): 179 (153)
(2,51): 180 (154)
(2,52): 179 (153)
(2,53): 179 (153)
(2,54): 179 (153)
(2,55): 179 (153)
(2,56): 179 (153)
(2,57): 179 (153)
(2,58): 177 (152)
(2,59): 177 (152)
(2,60): 176 (151)
(2,61): 174 (150)
(2,62): 174 (150)
(2,63): 172 (149)
(2,64): 169 (147)
(2,65): 171 (148)
(2,66): 171 (148)
(2,67): 172 (149)
(2,68): 169 (147)
(2,69): 169 (147)
(2,70): 169 (147)
(2,71): 172 (149)
(2,72): 174 (150)
(2,73): 176 (151)
(2,74): 176 (151)
(2,75): 177 (152)
(2,76): 177 (152)
(2,77): 177 (152)
(2,78): 177 (152)
(2,79): 179 (153)
(2,80): 179 (153)
(2,81): 179 (153)
(2,82): 179 (153)
(2,83): 177 (152)
(2,84): 176 (151)
(2,85): 176 (151)
(2,86): 177 (152)
(2,87): 177 (152)
(2,88): 179 (153)
(2,89): 179 (153)
(2,90): 179 (153)
(2,91): 179 (153)
(2,92): 177 (152)
(2,93): 177 (152)
(2,94): 176 (151)
(2,95): 176 (151)
(2,96): 174 (150)
(2,97): 174 (150)
(2,98): 172 (149)
(2,99): 172 (149)
(2,100): 172 (149)
(2,101): 172 (149)
(2,102): 171 (148)
(2,103): 171 (148)
(2,104): 171 (148)
(2,105): 169 (147)
(2,106): 167 (146)
(2,107): 164 (144)
(2,108): 163 (143)
(2,109): 159 (141)
(2,110): 158 (140)
(2,111): 156 (139)
(2,112): 156 (139)
(2,113): 153 (137)
(2,114): 151 (136)
(2,115): 146 (133)
(2,116): 140 (129)
(2,117): 137 (127)
(2,118): 135 (126)
(2,119): 130 (123)
(2,120): 119 (116)
(2,121): 115 (114)
(2,122): 112 (112)
(2,123): 109 (110)
(2,124): 101 (105)
(2,125): 91 (99)
(2,126): 81 (93)
(2,127): 57 (78)
(3,0): 111 (111)
(3,1): 143 (131)
(3,2): 153 (137)
(3,3): 158 (140)
(3,4): 161 (142)
(3,5): 163 (143)
(3,6): 164 (144)
(3,7): 167 (146)
(3,8): 169 (147)
(3,9): 172 (149)
(3,10): 174 (150)
(3,11): 177 (152)
(3,12): 179 (153)
(3,13): 182 (155)
(3,14): 184 (156)
(3,15): 184 (156)
(3,16): 185 (157)
(3,17): 187 (158)
(3,18): 185 (157)
(3,19): 187 (158)
(3,20): 187 (158)
(3,21): 187 (158)
(3,22): 187 (158)
(3,23): 189 (159)
(3,24): 189 (159)
(3,25): 190 (160)
(3,26): 189 (159)
(3,27): 190 (160)
(3,28): 189 (159)
(3,29): 190 (160)
(3,30): 189 (159)
(3,31): 190 (160)
(3,32): 190 (160)
(3,33): 192 (161)
(3,34): 192 (161)
(3,35): 192 (161)
(3,36): 192 (161)
(3,37): 192 (161)
(3,38): 190 (160)
(3,39): 192 (161)
(3,40): 190 (160)
(3,41): 190 (160)
(3,42): 190 (160)
(3,43): 190 (160)
(3,44): 187 (158)
(3,45): 187 (158)
(3,46): 185 (157)
(3,47): 185 (157)
(3,48): 184 (156)
(3,49): 184 (156)
(3,50): 184 (156)
(3,51): 185 (157)
(3,52): 184 (156)
(3,53): 185 (157)
(3,54): 184 (156)
(3,55): 184 (156)
(3,56): 184 (156)
(3,57): 182 (155)
(3,58): 182 (155)
(3,59): 180 (154)
(3,60): 179 (153)
(3,61): 179 (153)
(3,62): 177 (152)
(3,63): 179 (153)
(3,64): 177 (152)
(3,65): 177 (152)
(3,66): 177 (152)
(3,67): 179 (153)
(3,68): 177 (152)
(3,69): 179 (153)
(3,70): 179 (153)
(3,71): 180 (154)
(3,72): 180 (154)
(3,73): 180 (154)
(3,74): 180 (154)
(3,75): 182 (155)
(3,76): 182 (155)
(3,77): 184 (156)
(3,78): 184 (156)
(3,79): 184 (156)
(3,80): 184 (156)
(3,81): 184 (156)
(3,82): 184 (156)
(3,83): 184 (156)
(3,84): 184 (156)
(3,85): 184 (156)
(3,86): 184 (156)
(3,87): 184 (156)
(3,88): 184 (156)
(3,89): 184 (156)
(3,90): 182 (155)
(3,91): 184 (156)
(3,92): 182 (155)
(3,93): 182 (155)
(3,94): 180 (154)
(3,95): 180 (154)
(3,96): 179 (153)
(3,97): 179 (153)
(3,98): 179 (153)
(3,99): 179 (153)
(3,100): 177 (152)
(3,101): 177 (152)
(3,102): 176 (151)
(3,103): 176 (151)
(3,104): 174 (150)
(3,105): 174 (150)
(3,106): 171 (148)
(3,107): 169 (147)
(3,108): 166 (145)
(3,109): 163 (143)
(3,110): 161 (142)
(3,111): 159 (141)
(3,112): 158 (140)
(3,113): 156 (139)
(3,114): 153 (137)
(3,115): 150 (135)
(3,116): 148 (134)
(3,117): 150 (135)
(3,118): 150 (135)
(3,119): 146 (133)
(3,120): 138 (128)
(3,121): 130 (123)
(3,122): 125 (120)
(3,123): 120 (117)
(3,124): 115 (114)
(3,125): 101 (105)
(3,126): 88 (97)
(3,127): 59 (79)
(4,0): 102 (106)
(4,1): 132 (124)
(4,2): 154 (138)
(4,3): 158 (140)
(4,4): 159 (141)
(4,5): 161 (142)
(4,6): 164 (144)
(4,7): 166 (145)
(4,8): 167 (146)
(4,9): 171 (148)
(4,10): 172 (149)
(4,11): 174 (150)
(4,12): 177 (152)
(4,13): 179 (153)
(4,14): 180 (154)
(4,15): 182 (155)
(4,16): 184 (156)
(4,17): 185 (157)
(4,18): 185 (157)
(4,19): 187 (158)
(4,20): 187 (158)
(4,21): 189 (159)
(4,22): 189 (159)
(4,23): 189 (159)
(4,24): 189 (159)
(4,25): 189 (159)
(4,26): 189 (159)
(4,27): 189 (159)
(4,28): 189 (159)
(4,29): 190 (160)
(4,30): 190 (160)
(4,31): 190 (160)
(4,32): 190 (160)
(4,33): 192 (161)
(4,34): 192 (161)
(4,35): 192 (161)
(4,36): 192 (161)
(4,37): 192 (161)
(4,38): 190 (160)
(4,39): 192 (161)
(4,40): 190 (160)
(4,41): 190 (160)
(4,42): 190 (160)
(4,43): 189 (159)
(4,44): 189 (159)
(4,45): 187 (158)
(4,46): 185 (157)
(4,47): 185 (157)
(4,48): 184 (156)
(4,49): 184 (156)
(4,50): 184 (156)
(4,51): 185 (157)
(4,52): 185 (157)
(4,53): 187 (158)
(4,54): 185 (157)
(4,55): 185 (157)
(4,56): 185 (157)
(4,57): 184 (156)
(4,58): 184 (156)
(4,59): 182 (155)
(4,60): 180 (154)
(4,61): 180 (154)
(4,62): 180 (154)
(4,63): 179 (153)
(4,64): 179 (153)
(4,65): 179 (153)
(4,66): 179 (153)
(4,67): 179 (153)
(4,68): 180 (154)
(4,69): 180 (154)
(4,70): 182 (155)
(4,71): 182 (155)
(4,72): 182 (155)
(4,73): 182 (155)
(4,74): 182 (155)
(4,75): 184 (156)
(4,76): 184 (156)
(4,77): 184 (156)
(4,78): 184 (156)
(4,79): 184 (156)
(4,80): 184 (156)
(4,81): 185 (157)
(4,82): 184 (156)
(4,83): 184 (156)
(4,84): 184 (156)
(4,85): 184 (156)
(4,86): 184 (156)
(4,87): 184 (156)
(4,88): 184 (156)
(4,89): 184 (156)
(4,90): 184 (156)
(4,91): 184 (156)
(4,92): 184 (156)
(4,93): 182 (155)
(4,94): 182 (155)
(4,95): 180 (154)
(4,96): 180 (154)
(4,97): 180 (154)
(4,98): 179 (153)
(4,99): 179 (153)
(4,100): 179 (153)
(4,101): 177 (152)
(4,102): 177 (152)
(4,103): 176 (151)
(4,104): 174 (150)
(4,105): 172 (149)
(4,106): 171 (148)
(4,107): 167 (146)
(4,108): 164 (144)
(4,109): 163 (143)
(4,110): 161 (142)
(4,111): 159 (141)
(4,112): 158 (140)
(4,113): 156 (139)
(4,114): 154 (138)
(4,115): 153 (137)
(4,116): 153 (137)
(4,117): 153 (137)
(4,118): 153 (137)
(4,119): 150 (135)
(4,120): 143 (131)
(4,121): 135 (126)
(4,122): 128 (122)
(4,123): 124 (119)
(4,124): 119 (116)
(4,125): 111 (111)
(4,126): 94 (101)
(4,127): 65 (83)
(5,0): 107 (109)
(5,1): 137 (127)
(5,2): 150 (135)
(5,3): 156 (139)
(5,4): 158 (140)
(5,5): 159 (141)
(5,6): 161 (142)
(5,7): 163 (143)
(5,8): 164 (144)
(5,9): 167 (146)
(5,10): 169 (147)
(5,11): 171 (148)
(5,12): 174 (150)
(5,13): 176 (151)
(5,14): 177 (152)
(5,15): 179 (153)
(5,16): 180 (154)
(5,17): 182 (155)
(5,18): 184 (156)
(5,19): 185 (157)
(5,20): 185 (157)
(5,21): 187 (158)
(5,22): 187 (158)
(5,23): 187 (158)
(5,24): 187 (158)
(5,25): 189 (159)
(5,26): 189 (159)
(5,27): 189 (159)
(5,28): 189 (159)
(5,29): 189 (159)
(5,30): 189 (159)
(5,31): 189 (159)
(5,32): 190 (160)
(5,33): 190 (160)
(5,34): 190 (160)
(5,35): 190 (160)
(5,36): 190 (160)
(5,37): 190 (160)
(5,38): 190 (160)
(5,39): 190 (160)
(5,40): 190 (160)
(5,41): 190 (160)
(5,42): 190 (160)
(5,43): 189 (159)
(5,44): 189 (159)
(5,45): 187 (158)
(5,46): 185 (157)
(5,47): 184 (156)
(5,48): 182 (155)
(5,49): 180 (154)
(5,50): 184 (156)
(5,51): 187 (158)
(5,52): 187 (158)
(5,53): 189 (159)
(5,54): 189 (159)
(5,55): 187 (158)
(5,56): 187 (158)
(5,57): 185 (157)
(5,58): 184 (156)
(5,59): 182 (155)
(5,60): 182 (155)
(5,61): 180 (154)
(5,62): 180 (154)
(5,63): 180 (154)
(5,64): 180 (154)
(5,65): 180 (154)
(5,66): 180 (154)
(5,67): 180 (154)
(5,68): 182 (155)
(5,69): 182 (155)
(5,70): 182 (155)
(5,71): 182 (155)
(5,72): 184 (156)
(5,73): 184 (156)
(5,74): 184 (156)
(5,75): 184 (156)
(5,76): 184 (156)
(5,77): 184 (156)
(5,78): 184 (156)
(5,79): 185 (157)
(5,80): 185 (157)
(5,81): 185 (157)
(5,82): 185 (157)
(5,83): 184 (156)
(5,84): 184 (156)
(5,85): 184 (156)
(5,86): 184 (156)
(5,87): 184 (156)
(5,88): 184 (156)
(5,89): 184 (156)
(5,90): 184 (156)
(5,91): 184 (156)
(5,92): 184 (156)
(5,93): 182 (155)
(5,94): 182 (155)
(5,95): 182 (155)
(5,96): 180 (154)
(5,97): 180 (154)
(5,98): 180 (154)
(5,99): 180 (154)
(5,100): 179 (153)
(5,101): 179 (153)
(5,102): 177 (152)
(5,103): 176 (151)
(5,104): 174 (150)
(5,105): 171 (148)
(5,106): 169 (147)
(5,107): 166 (145)
(5,108): 164 (144)
(5,109): 163 (143)
(5,110): 161 (142)
(5,111): 159 (141)
(5,112): 158 (140)
(5,113): 156 (139)
(5,114): 154 (138)
(5,115): 154 (138)
(5,116): 154 (138)
(5,117): 154 (138)
(5,118): 151 (136)
(5,119): 148 (134)
(5,120): 140 (129)
(5,121): 130 (123)
(5,122): 128 (122)
(5,123): 125 (120)
(5,124): 122 (118)
(5,125): 111 (111)
(5,126): 99 (104)
(5,127): 68 (85)
(6,0): 98 (103)
(6,1): 124 (119)
(6,2): 141 (130)
(6,3): 151 (136)
(6,4): 154 (138)
(6,5): 156 (139)
(6,6): 158 (140)
(6,7): 159 (141)
(6,8): 161 (142)
(6,9): 163 (143)
(6,10): 166 (145)
(6,11): 167 (146)
(6,12): 169 (147)
(6,13): 171 (148)
(6,14): 172 (149)
(6,15): 176 (151)
(6,16): 177 (152)
(6,17): 179 (153)
(6,18): 180 (154)
(6,19): 182 (155)
(6,20): 184 (156)
(6,21): 185 (157)
(6,22): 185 (157)
(6,23): 187 (158)
(6,24): 187 (158)
(6,25): 187 (158)
(6,26): 187 (158)
(6,27): 187 (158)
(6,28): 187 (158)
(6,29): 187 (158)
(6,30): 187 (158)
(6,31): 189 (159)
(6,32): 189 (159)
(6,33): 189 (159)
(6,34): 190 (160)
(6,35): 190 (160)
(6,36): 190 (160)
(6,37): 190 (160)
(6,38): 190 (160)
(6,39): 190 (160)
(6,40): 190 (160)
(6,41): 190 (160)
(6,42): 190 (160)
(6,43): 190 (160)
(6,44): 189 (159)
(6,45): 187 (158)
(6,46): 184 (156)
(6,47): 180 (154)
(6,48): 176 (151)
(6,49): 177 (152)
(6,50): 180 (154)
(6,51): 187 (158)
(6,52): 192 (161)
(6,53): 193 (162)
(6,54): 190 (160)
(6,55): 189 (159)
(6,56): 187 (158)
(6,57): 187 (158)
(6,58): 185 (157)
(6,59): 184 (156)
(6,60): 180 (154)
(6,61): 182 (155)
(6,62): 182 (155)
(6,63): 182 (155)
(6,64): 182 (155)
(6,65): 182 (155)
(6,66): 182 (155)
(6,67): 182 (155)
(6,68): 182 (155)
(6,69): 184 (156)
(6,70): 184 (156)
(6,71): 184 (156)
(6,72): 184 (156)
(6,73): 184 (156)
(6,74): 184 (156)
(6,75): 184 (156)
(6,76): 184 (156)
(6,77): 184 (156)
(6,78): 184 (156)
(6,79): 184 (156)
(6,80): 184 (156)
(6,81): 184 (156)
(6,82): 184 (156)
(6,83): 184 (156)
(6,84): 184 (156)
(6,85): 184 (156)
(6,86): 184 (156)
(6,87): 184 (156)
(6,88): 184 (156)
(6,89): 184 (156)
(6,90): 184 (156)
(6,91): 184 (156)
(6,92): 184 (156)
(6,93): 182 (155)
(6,94): 182 (155)
(6,95): 182 (155)
(6,96): 182 (155)
(6,97): 180 (154)
(6,98): 180 (154)
(6,99): 180 (154)
(6,100): 179 (153)
(6,101): 179 (153)
(6,102): 177 (152)
(6,103): 176 (151)
(6,104): 172 (149)
(6,105): 169 (147)
(6,106): 166 (145)
(6,107): 161 (142)
(6,108): 159 (141)
(6,109): 161 (142)
(6,110): 161 (142)
(6,111): 159 (141)
(6,112): 158 (140)
(6,113): 156 (139)
(6,114): 154 (138)
(6,115): 153 (137)
(6,116): 153 (137)
(6,117): 151 (136)
(6,118): 150 (135)
(6,119): 143 (131)
(6,120): 133 (125)
(6,121): 127 (121)
(6,122): 124 (119)
(6,123): 125 (120)
(6,124): 124 (119)
(6,125): 119 (116)
(6,126): 101 (105)
(6,127): 75 (89)
(7,0): 99 (104)
(7,1): 120 (117)
(7,2): 140 (129)
(7,3): 148 (134)
(7,4): 150 (135)
(7,5): 151 (136)
(7,6): 154 (138)
(7,7): 156 (139)
(7,8): 158 (140)
(7,9): 159 (141)
(7,10): 163 (143)
(7,11): 164 (144)
(7,12): 167 (146)
(7,13): 169 (147)
(7,14): 171 (148)
(7,15): 171 (148)
(7,16): 174 (150)
(7,17): 176 (151)
(7,18): 177 (152)
(7,19): 180 (154)
(7,20): 182 (155)
(7,21): 184 (156)
(7,22): 185 (157)
(7,23): 185 (157)
(7,24): 185 (157)
(7,25): 185 (157)
(7,26): 187 (158)
(7,27): 187 (158)
(7,28): 187 (158)
(7,29): 187 (158)
(7,30): 187 (158)
(7,31): 187 (158)
(7,32): 187 (158)
(7,33): 187 (158)
(7,34): 189 (159)
(7,35): 190 (160)
(7,36): 190 (160)
(7,37): 192 (161)
(7,38): 192 (161)
(7,39): 192 (161)
(7,40): 192 (161)
(7,41): 192 (161)
(7,42): 192 (161)
(7,43): 190 (160)
(7,44): 189 (159)
(7,45): 185 (157)
(7,46): 180 (154)
(7,47): 171 (148)
(7,48): 164 (144)
(7,49): 166 (145)
(7,50): 176 (151)
(7,51): 193 (162)
(7,52): 206 (170)
(7,53): 208 (171)
(7,54): 206 (170)
(7,55): 198 (165)
(7,56): 190 (160)
(7,57): 187 (158)
(7,58): 185 (157)
(7,59): 185 (157)
(7,60): 185 (157)
(7,61): 184 (156)
(7,62): 184 (156)
(7,63): 184 (156)
(7,64): 184 (156)
(7,65): 184 (156)
(7,66): 184 (156)
(7,67): 184 (156)
(7,68): 184 (156)
(7,69): 184 (156)
(7,70): 184 (156)
(7,71): 184 (156)
(7,72): 184 (156)
(7,73): 184 (156)
(7,74): 184 (156)
(7,75): 184 (156)
(7,76): 184 (156)
(7,77): 184 (156)
(7,78): 184 (156)
(7,79): 184 (156)
(7,80): 184 (156)
(7,81): 184 (156)
(7,82): 184 (156)
(7,83): 184 (156)
(7,84): 184 (156)
(7,85): 184 (156)
(7,86): 184 (156)
(7,87): 184 (156)
(7,88): 184 (156)
(7,89): 184 (156)
(7,90): 184 (156)
(7,91): 184 (156)
(7,92): 182 (155)
(7,93): 182 (155)
(7,94): 182 (155)
(7,95): 182 (155)
(7,96): 180 (154)
(7,97): 180 (154)
(7,98): 180 (154)
(7,99): 180 (154)
(7,100): 179 (153)
(7,101): 179 (153)
(7,102): 177 (152)
(7,103): 176 (151)
(7,104): 172 (149)
(7,105): 169 (147)
(7,106): 163 (143)
(7,107): 159 (141)
(7,108): 161 (142)
(7,109): 161 (142)
(7,110): 161 (142)
(7,111): 159 (141)
(7,112): 159 (141)
(7,113): 156 (139)
(7,114): 154 (138)
(7,115): 151 (136)
(7,116): 150 (135)
(7,117): 146 (133)
(7,118): 143 (131)
(7,119): 137 (127)
(7,120): 128 (122)
(7,121): 125 (120)
(7,122): 125 (120)
(7,123): 128 (122)
(7,124): 127 (121)
(7,125): 124 (119)
(7,126): 104 (107)
(7,127): 76 (90)
(8,0): 83 (94)
(8,1): 112 (112)
(8,2): 135 (126)
(8,3): 141 (130)
(8,4): 145 (132)
(8,5): 148 (134)
(8,6): 150 (135)
(8,7): 151 (136)
(8,8): 154 (138)
(8,9): 158 (140)
(8,10): 159 (141)
(8,11): 163 (143)
(8,12): 164 (144)
(8,13): 166 (145)
(8,14): 167 (146)
(8,15): 169 (147)
(8,16): 171 (148)
(8,17): 172 (149)
(8,18): 176 (151)
(8,19): 177 (152)
(8,20): 180 (154)
(8,21): 182 (155)
(8,22): 184 (156)
(8,23): 185 (157)
(8,24): 185 (157)
(8,25): 185 (157)
(8,26): 187 (158)
(8,27): 187 (158)
(8,28): 187 (158)
(8,29): 185 (157)
(8,30): 185 (157)
(8,31): 185 (157)
(8,32): 182 (155)
(8,33): 185 (157)
(8,34): 189 (159)
(8,35): 190 (160)
(8,36): 192 (161)
(8,37): 193 (162)
(8,38): 193 (162)
(8,39): 192 (161)
(8,40): 195 (163)
(8,41): 195 (163)
(8,42): 193 (162)
(8,43): 193 (162)
(8,44): 190 (160)
(8,45): 187 (158)
(8,46): 179 (153)
(8,47): 163 (143)
(8,48): 159 (141)
(8,49): 156 (139)
(8,50): 164 (144)
(8,51): 202 (167)
(8,52): 216 (176)
(8,53): 223 (180)
(8,54): 223 (180)
(8,55): 213 (174)
(8,56): 198 (165)
(8,57): 192 (161)
(8,58): 189 (159)
(8,59): 189 (159)
(8,60): 187 (158)
(8,61): 184 (156)
(8,62): 185 (157)
(8,63): 185 (157)
(8,64): 185 (157)
(8,65): 185 (157)
(8,66): 185 (157)
(8,67): 184 (156)
(8,68): 184 (156)
(8,69): 184 (156)
(8,70): 184 (156)
(8,71): 184 (156)
(8,72): 184 (156)
(8,73): 184 (156)
(8,74): 184 (156)
(8,75): 184 (156)
(8,76): 184 (156)
(8,77): 184 (156)
(8,78): 184 (156)
(8,79): 184 (156)
(8,80): 184 (156)
(8,81): 184 (156)
(8,82): 184 (156)
(8,83): 184 (156)
(8,84): 182 (155)
(8,85): 182 (155)
(8,86): 182 (155)
(8,87): 182 (155)
(8,88): 182 (155)
(8,89): 182 (155)
(8,90): 182 (155)
(8,91): 182 (155)
(8,92): 182 (155)
(8,93): 182 (155)
(8,94): 182 (155)
(8,95): 180 (154)
(8,96): 180 (154)
(8,97): 180 (154)
(8,98): 180 (154)
(8,99): 179 (153)
(8,100): 179 (153)
(8,101): 177 (152)
(8,102): 176 (151)
(8,103): 174 (150)
(8,104): 171 (148)
(8,105): 167 (146)
(8,106): 164 (144)
(8,107): 159 (141)
(8,108): 161 (142)
(8,109): 161 (142)
(8,110): 161 (142)
(8,111): 159 (141)
(8,112): 159 (141)
(8,113): 156 (139)
(8,114): 153 (137)
(8,115): 145 (132)
(8,116): 141 (130)
(8,117): 141 (130)
(8,118): 138 (128)
(8,119): 130 (123)
(8,120): 127 (121)
(8,121): 128 (122)
(8,122): 132 (124)
(8,123): 132 (124)
(8,124): 130 (123)
(8,125): 127 (121)
(8,126): 114 (113)
(8,127): 91 (99)
(9,0): 89 (98)
(9,1): 111 (111)
(9,2): 128 (122)
(9,3): 137 (127)
(9,4): 140 (129)
(9,5): 143 (131)
(9,6): 145 (132)
(9,7): 148 (134)
(9,8): 153 (137)
(9,9): 156 (139)
(9,10): 158 (140)
(9,11): 161 (142)
(9,12): 163 (143)
(9,13): 164 (144)
(9,14): 164 (144)
(9,15): 166 (145)
(9,16): 167 (146)
(9,17): 169 (147)
(9,18): 172 (149)
(9,19): 176 (151)
(9,20): 177 (152)
(9,21): 180 (154)
(9,22): 182 (155)
(9,23): 184 (156)
(9,24): 185 (157)
(9,25): 187 (158)
(9,26): 187 (158)
(9,27): 187 (158)
(9,28): 187 (158)
(9,29): 185 (157)
(9,30): 184 (156)
(9,31): 182 (155)
(9,32): 180 (154)
(9,33): 180 (154)
(9,34): 185 (157)
(9,35): 190 (160)
(9,36): 195 (163)
(9,37): 198 (165)
(9,38): 200 (166)
(9,39): 202 (167)
(9,40): 198 (165)
(9,41): 198 (165)
(9,42): 197 (164)
(9,43): 195 (163)
(9,44): 195 (163)
(9,45): 192 (161)
(9,46): 184 (156)
(9,47): 167 (146)
(9,48): 156 (139)
(9,49): 154 (138)
(9,50): 141 (130)
(9,51): 184 (156)
(9,52): 215 (175)
(9,53): 221 (179)
(9,54): 223 (180)
(9,55): 218 (177)
(9,56): 210 (172)
(9,57): 198 (165)
(9,58): 192 (161)
(9,59): 190 (160)
(9,60): 190 (160)
(9,61): 189 (159)
(9,62): 189 (159)
(9,63): 189 (159)
(9,64): 187 (158)
(9,65): 187 (158)
(9,66): 187 (158)
(9,67): 185 (157)
(9,68): 185 (157)
(9,69): 185 (157)
(9,70): 185 (157)
(9,71): 185 (157)
(9,72): 184 (156)
(9,73): 184 (156)
(9,74): 184 (156)
(9,75): 184 (156)
(9,76): 184 (156)
(9,77): 184 (156)
(9,78): 184 (156)
(9,79): 184 (156)
(9,80): 182 (155)
(9,81): 182 (155)
(9,82): 182 (155)
(9,83): 182 (155)
(9,84): 182 (155)
(9,85): 182 (155)
(9,86): 182 (155)
(9,87): 182 (155)
(9,88): 182 (155)
(9,89): 182 (155)
(9,90): 182 (155)
(9,91): 180 (154)
(9,92): 180 (154)
(9,93): 180 (154)
(9,94): 180 (154)
(9,95): 180 (154)
(9,96): 179 (153)
(9,97): 179 (153)
(9,98): 179 (153)
(9,99): 179 (153)
(9,100): 177 (152)
(9,101): 176 (151)
(9,102): 174 (150)
(9,103): 172 (149)
(9,104): 169 (147)
(9,105): 167 (146)
(9,106): 164 (144)
(9,107): 163 (143)
(9,108): 161 (142)
(9,109): 159 (141)
(9,110): 159 (141)
(9,111): 159 (141)
(9,112): 158 (140)
(9,113): 153 (137)
(9,114): 145 (132)
(9,115): 140 (129)
(9,116): 138 (128)
(9,117): 138 (128)
(9,118): 133 (125)
(9,119): 130 (123)
(9,120): 132 (124)
(9,121): 137 (127)
(9,122): 137 (127)
(9,123): 137 (127)
(9,124): 135 (126)
(9,125): 127 (121)
(9,126): 109 (110)
(9,127): 76 (90)
(10,0): 73 (88)
(10,1): 104 (107)
(10,2): 119 (116)
(10,3): 128 (122)
(10,4): 133 (125)
(10,5): 138 (128)
(10,6): 141 (130)
(10,7): 146 (133)
(10,8): 150 (135)
(10,9): 154 (138)
(10,10): 156 (139)
(10,11): 159 (141)
(10,12): 161 (142)
(10,13): 161 (142)
(10,14): 163 (143)
(10,15): 164 (144)
(10,16): 163 (143)
(10,17): 164 (144)
(10,18): 169 (147)
(10,19): 172 (149)
(10,20): 176 (151)
(10,21): 179 (153)
(10,22): 180 (154)
(10,23): 182 (155)
(10,24): 184 (156)
(10,25): 185 (157)
(10,26): 187 (158)
(10,27): 187 (158)
(10,28): 187 (158)
(10,29): 185 (157)
(10,30): 182 (155)
(10,31): 176 (151)
(10,32): 166 (145)
(10,33): 159 (141)
(10,34): 163 (143)
(10,35): 180 (154)
(10,36): 197 (164)
(10,37): 203 (168)
(10,38): 208 (171)
(10,39): 211 (173)
(10,40): 215 (175)
(10,41): 213 (174)
(10,42): 210 (172)
(10,43): 206 (170)
(10,44): 203 (168)
(10,45): 200 (166)
(10,46): 193 (162)
(10,47): 180 (154)
(10,48): 163 (143)
(10,49): 172 (149)
(10,50): 153 (137)
(10,51): 203 (168)
(10,52): 219 (178)
(10,53): 221 (179)
(10,54): 223 (180)
(10,55): 219 (178)
(10,56): 216 (176)
(10,57): 205 (169)
(10,58): 197 (164)
(10,59): 193 (162)
(10,60): 192 (161)
(10,61): 192 (161)
(10,62): 190 (160)
(10,63): 190 (160)
(10,64): 190 (160)
(10,65): 189 (159)
(10,66): 187 (158)
(10,67): 189 (159)
(10,68): 187 (158)
(10,69): 185 (157)
(10,70): 185 (157)
(10,71): 185 (157)
(10,72): 184 (156)
(10,73): 184 (156)
(10,74): 184 (156)
(10,75): 184 (156)
(10,76): 184 (156)
(10,77): 184 (156)
(10,78): 182 (155)
(10,79): 182 (155)
(10,80): 182 (155)
(10,81): 182 (155)
(10,82): 182 (155)
(10,83): 182 (155)
(10,84): 180 (154)
(10,85): 180 (154)
(10,86): 180 (154)
(10,87): 180 (154)
(10,88): 180 (154)
(10,89): 180 (154)
(10,90): 180 (154)
(10,91): 180 (154)
(10,92): 179 (153)
(10,93): 179 (153)
(10,94): 179 (153)
(10,95): 177 (152)
(10,96): 177 (152)
(10,97): 177 (152)
(10,98): 177 (152)
(10,99): 176 (151)
(10,100): 176 (151)
(10,101): 174 (150)
(10,102): 172 (149)
(10,103): 171 (148)
(10,104): 167 (146)
(10,105): 166 (145)
(10,106): 163 (143)
(10,107): 161 (142)
(10,108): 159 (141)
(10,109): 158 (140)
(10,110): 158 (140)
(10,111): 154 (138)
(10,112): 151 (136)
(10,113): 143 (131)
(10,114): 138 (128)
(10,115): 138 (128)
(10,116): 140 (129)
(10,117): 140 (129)
(10,118): 137 (127)
(10,119): 137 (127)
(10,120): 140 (129)
(10,121): 140 (129)
(10,122): 140 (129)
(10,123): 140 (129)
(10,124): 140 (129)
(10,125): 135 (126)
(10,126): 115 (114)
(10,127): 93 (100)
(11,0): 80 (92)
(11,1): 101 (105)
(11,2): 112 (112)
(11,3): 124 (119)
(11,4): 130 (123)
(11,5): 133 (125)
(11,6): 138 (128)
(11,7): 143 (131)
(11,8): 148 (134)
(11,9): 153 (137)
(11,10): 156 (139)
(11,11): 158 (140)
(11,12): 159 (141)
(11,13): 159 (141)
(11,14): 161 (142)
(11,15): 161 (142)
(11,16): 163 (143)
(11,17): 164 (144)
(11,18): 167 (146)
(11,19): 171 (148)
(11,20): 174 (150)
(11,21): 177 (152)
(11,22): 179 (153)
(11,23): 180 (154)
(11,24): 184 (156)
(11,25): 185 (157)
(11,26): 187 (158)
(11,27): 187 (158)
(11,28): 185 (157)
(11,29): 184 (156)
(11,30): 177 (152)
(11,31): 164 (144)
(11,32): 146 (133)
(11,33): 133 (125)
(11,34): 132 (124)
(11,35): 159 (141)
(11,36): 190 (160)
(11,37): 203 (168)
(11,38): 215 (175)
(11,39): 223 (180)
(11,40): 231 (185)
(11,41): 232 (186)
(11,42): 234 (187)
(11,43): 232 (186)
(11,44): 229 (184)
(11,45): 224 (181)
(11,46): 216 (176)
(11,47): 200 (166)
(11,48): 177 (152)
(11,49): 169 (147)
(11,50): 151 (136)
(11,51): 190 (160)
(11,52): 215 (175)
(11,53): 221 (179)
(11,54): 223 (180)
(11,55): 223 (180)
(11,56): 221 (179)
(11,57): 216 (176)
(11,58): 210 (172)
(11,59): 206 (170)
(11,60): 205 (169)
(11,61): 203 (168)
(11,62): 203 (168)
(11,63): 205 (169)
(11,64): 203 (168)
(11,65): 200 (166)
(11,66): 197 (164)
(11,67): 190 (160)
(11,68): 187 (158)
(11,69): 185 (157)
(11,70): 185 (157)
(11,71): 185 (157)
(11,72): 184 (156)
(11,73): 184 (156)
(11,74): 184 (156)
(11,75): 182 (155)
(11,76): 182 (155)
(11,77): 182 (155)
(11,78): 182 (155)
(11,79): 180 (154)
(11,80): 180 (154)
(11,81): 180 (154)
(11,82): 180 (154)
(11,83): 180 (154)
(11,84): 180 (154)
(11,85): 179 (153)
(11,86): 179 (153)
(11,87): 179 (153)
(11,88): 179 (153)
(11,89): 179 (153)
(11,90): 179 (153)
(11,91): 177 (152)
(11,92): 177 (152)
(11,93): 177 (152)
(11,94): 176 (151)
(11,95): 176 (151)
(11,96): 176 (151)
(11,97): 176 (151)
(11,98): 174 (150)
(11,99): 174 (150)
(11,100): 172 (149)
(11,101): 172 (149)
(11,102): 171 (148)
(11,103): 169 (147)
(11,104): 166 (145)
(11,105): 163 (143)
(11,106): 161 (142)
(11,107): 159 (141)
(11,108): 158 (140)
(11,109): 156 (139)
(11,110): 153 (137)
(11,111): 148 (134)
(11,112): 138 (128)
(11,113): 135 (126)
(11,114): 138 (128)
(11,115): 140 (129)
(11,116): 145 (132)
(11,117): 145 (132)
(11,118): 146 (133)
(11,119): 146 (133)
(11,120): 146 (133)
(11,121): 145 (132)
(11,122): 143 (131)
(11,123): 143 (131)
(11,124): 141 (130)
(11,125): 137 (127)
(11,126): 111 (111)
(11,127): 80 (92)
(12,0): 67 (84)
(12,1): 96 (102)
(12,2): 109 (110)
(12,3): 120 (117)
(12,4): 127 (121)
(12,5): 130 (123)
(12,6): 135 (126)
(12,7): 140 (129)
(12,8): 146 (133)
(12,9): 151 (136)
(12,10): 156 (139)
(12,11): 158 (140)
(12,12): 158 (140)
(12,13): 158 (140)
(12,14): 158 (140)
(12,15): 158 (140)
(12,16): 159 (141)
(12,17): 163 (143)
(12,18): 164 (144)
(12,19): 167 (146)
(12,20): 171 (148)
(12,21): 174 (150)
(12,22): 177 (152)
(12,23): 179 (153)
(12,24): 180 (154)
(12,25): 182 (155)
(12,26): 184 (156)
(12,27): 185 (157)
(12,28): 182 (155)
(12,29): 177 (152)
(12,30): 164 (144)
(12,31): 146 (133)
(12,32): 130 (123)
(12,33): 114 (113)
(12,34): 106 (108)
(12,35): 132 (124)
(12,36): 150 (135)
(12,37): 185 (157)
(12,38): 210 (172)
(12,39): 228 (183)
(12,40): 241 (191)
(12,41): 241 (191)
(12,42): 244 (193)
(12,43): 244 (193)
(12,44): 244 (193)
(12,45): 241 (191)
(12,46): 237 (189)
(12,47): 232 (186)
(12,48): 224 (181)
(12,49): 224 (181)
(12,50): 213 (174)
(12,51): 208 (171)
(12,52): 221 (179)
(12,53): 223 (180)
(12,54): 224 (181)
(12,55): 226 (182)
(12,56): 229 (184)
(12,57): 229 (184)
(12,58): 231 (185)
(12,59): 228 (183)
(12,60): 226 (182)
(12,61): 223 (180)
(12,62): 223 (180)
(12,63): 221 (179)
(12,64): 219 (178)
(12,65): 218 (177)
(12,66): 213 (174)
(12,67): 200 (166)
(12,68): 190 (160)
(12,69): 187 (158)
(12,70): 184 (156)
(12,71): 182 (155)
(12,72): 184 (156)
(12,73): 182 (155)
(12,74): 182 (155)
(12,75): 180 (154)
(12,76): 180 (154)
(12,77): 180 (154)
(12,78): 180 (154)
(12,79): 180 (154)
(12,80): 180 (154)
(12,81): 179 (153)
(12,82): 179 (153)
(12,83): 179 (153)
(12,84): 179 (153)
(12,85): 177 (152)
(12,86): 177 (152)
(12,87): 177 (152)
(12,88): 177 (152)
(12,89): 177 (152)
(12,90): 176 (151)
(12,91): 176 (151)
(12,92): 176 (151)
(12,93): 174 (150)
(12,94): 174 (150)
(12,95): 174 (150)
(12,96): 174 (150)
(12,97): 172 (149)
(12,98): 172 (149)
(12,99): 172 (149)
(12,100): 171 (148)
(12,101): 169 (147)
(12,102): 169 (147)
(12,103): 166 (145)
(12,104): 164 (144)
(12,105): 161 (142)
(12,106): 156 (139)
(12,107): 156 (139)
(12,108): 154 (138)
(12,109): 151 (136)
(12,110): 146 (133)
(12,111): 138 (128)
(12,112): 133 (125)
(12,113): 138 (128)
(12,114): 145 (132)
(12,115): 148 (134)
(12,116): 150 (135)
(12,117): 151 (136)
(12,118): 151 (136)
(12,119): 151 (136)
(12,120): 150 (135)
(12,121): 148 (134)
(12,122): 146 (133)
(12,123): 143 (131)
(12,124): 141 (130)
(12,125): 135 (126)
(12,126): 112 (112)
(12,127): 85 (95)
(13,0): 72 (87)
(13,1): 98 (103)
(13,2): 109 (110)
(13,3): 119 (116)
(13,4): 124 (119)
(13,5): 127 (121)
(13,6): 132 (124)
(13,7): 137 (127)
(13,8): 141 (130)
(13,9): 150 (135)
(13,10): 154 (138)
(13,11): 156 (139)
(13,12): 156 (139)
(13,13): 154 (138)
(13,14): 154 (138)
(13,15): 153 (137)
(13,16): 156 (139)
(13,17): 159 (141)
(13,18): 163 (143)
(13,19): 166 (145)
(13,20): 167 (146)
(13,21): 171 (148)
(13,22): 172 (149)
(13,23): 176 (151)
(13,24): 177 (152)
(13,25): 179 (153)
(13,26): 180 (154)
(13,27): 180 (154)
(13,28): 177 (152)
(13,29): 164 (144)
(13,30): 148 (134)
(13,31): 132 (124)
(13,32): 109 (110)
(13,33): 88 (97)
(13,34): 85 (95)
(13,35): 89 (98)
(13,36): 101 (105)
(13,37): 141 (130)
(13,38): 187 (158)
(13,39): 216 (176)
(13,40): 237 (189)
(13,41): 241 (191)
(13,42): 245 (194)
(13,43): 245 (194)
(13,44): 247 (195)
(13,45): 245 (194)
(13,46): 244 (193)
(13,47): 242 (192)
(13,48): 239 (190)
(13,49): 239 (190)
(13,50): 236 (188)
(13,51): 231 (185)
(13,52): 229 (184)
(13,53): 229 (184)
(13,54): 231 (185)
(13,55): 231 (185)
(13,56): 234 (187)
(13,57): 236 (188)
(13,58): 237 (189)
(13,59): 236 (188)
(13,60): 236 (188)
(13,61): 236 (188)
(13,62): 234 (187)
(13,63): 234 (187)
(13,64): 232 (186)
(13,65): 231 (185)
(13,66): 228 (183)
(13,67): 219 (178)
(13,68): 206 (170)
(13,69): 192 (161)
(13,70): 185 (157)
(13,71): 184 (156)
(13,72): 180 (154)
(13,73): 180 (154)
(13,74): 180 (154)
(13,75): 179 (153)
(13,76): 179 (153)
(13,77): 179 (153)
(13,78): 179 (153)
(13,79): 179 (153)
(13,80): 179 (153)
(13,81): 179 (153)
(13,82): 177 (152)
(13,83): 177 (152)
(13,84): 177 (152)
(13,85): 177 (152)
(13,86): 176 (151)
(13,87): 176 (151)
(13,88): 176 (151)
(13,89): 176 (151)
(13,90): 174 (150)
(13,91): 174 (150)
(13,92): 174 (150)
(13,93): 172 (149)
(13,94): 172 (149)
(13,95): 172 (149)
(13,96): 172 (149)
(13,97): 172 (149)
(13,98): 172 (149)
(13,99): 171 (148)
(13,100): 171 (148)
(13,101): 169 (147)
(13,102): 167 (146)
(13,103): 166 (145)
(13,104): 163 (143)
(13,105): 158 (140)
(13,106): 158 (140)
(13,107): 156 (139)
(13,108): 153 (137)
(13,109): 146 (133)
(13,110): 140 (129)
(13,111): 137 (127)
(13,112): 140 (129)
(13,113): 150 (135)
(13,114): 153 (137)
(13,115): 154 (138)
(13,116): 156 (139)
(13,117): 156 (139)
(13,118): 156 (139)
(13,119): 154 (138)
(13,120): 153 (137)
(13,121): 150 (135)
(13,122): 148 (134)
(13,123): 145 (132)
(13,124): 140 (129)
(13,125): 130 (123)
(13,126): 109 (110)
(13,127): 83 (94)
(14,0): 65 (83)
(14,1): 98 (103)
(14,2): 111 (111)
(14,3): 119 (116)
(14,4): 120 (117)
(14,5): 124 (119)
(14,6): 128 (122)
(14,7): 132 (124)
(14,8): 138 (128)
(14,9): 145 (132)
(14,10): 150 (135)
(14,11): 151 (136)
(14,12): 151 (136)
(14,13): 150 (135)
(14,14): 150 (135)
(14,15): 151 (136)
(14,16): 153 (137)
(14,17): 156 (139)
(14,18): 159 (141)
(14,19): 161 (142)
(14,20): 164 (144)
(14,21): 167 (146)
(14,22): 169 (147)
(14,23): 172 (149)
(14,24): 174 (150)
(14,25): 174 (150)
(14,26): 176 (151)
(14,27): 172 (149)
(14,28): 164 (144)
(14,29): 150 (135)
(14,30): 133 (125)
(14,31): 109 (110)
(14,32): 78 (91)
(14,33): 75 (89)
(14,34): 73 (88)
(14,35): 75 (89)
(14,36): 80 (92)
(14,37): 99 (104)
(14,38): 135 (126)
(14,39): 184 (156)
(14,40): 219 (178)
(14,41): 229 (184)
(14,42): 242 (192)
(14,43): 247 (195)
(14,44): 247 (195)
(14,45): 247 (195)
(14,46): 247 (195)
(14,47): 245 (194)
(14,48): 244 (193)
(14,49): 242 (192)
(14,50): 241 (191)
(14,51): 239 (190)
(14,52): 237 (189)
(14,53): 236 (188)
(14,54): 234 (187)
(14,55): 236 (188)
(14,56): 237 (189)
(14,57): 237 (189)
(14,58): 239 (190)
(14,59): 239 (190)
(14,60): 237 (189)
(14,61): 239 (190)
(14,62): 237 (189)
(14,63): 237 (189)
(14,64): 236 (188)
(14,65): 234 (187)
(14,66): 234 (187)
(14,67): 229 (184)
(14,68): 224 (181)
(14,69): 208 (171)
(14,70): 190 (160)
(14,71): 184 (156)
(14,72): 180 (154)
(14,73): 177 (152)
(14,74): 176 (151)
(14,75): 177 (152)
(14,76): 177 (152)
(14,77): 177 (152)
(14,78): 177 (152)
(14,79): 179 (153)
(14,80): 177 (152)
(14,81): 177 (152)
(14,82): 177 (152)
(14,83): 177 (152)
(14,84): 176 (151)
(14,85): 176 (151)
(14,86): 176 (151)
(14,87): 176 (151)
(14,88): 174 (150)
(14,89): 174 (150)
(14,90): 174 (150)
(14,91): 174 (150)
(14,92): 172 (149)
(14,93): 172 (149)
(14,94): 172 (149)
(14,95): 172 (149)
(14,96): 172 (149)
(14,97): 172 (149)
(14,98): 172 (149)
(14,99): 172 (149)
(14,100): 171 (148)
(14,101): 171 (148)
(14,102): 169 (147)
(14,103): 164 (144)
(14,104): 163 (143)
(14,105): 159 (141)
(14,106): 158 (140)
(14,107): 156 (139)
(14,108): 156 (139)
(14,109): 151 (136)
(14,110): 148 (134)
(14,111): 151 (136)
(14,112): 156 (139)
(14,113): 159 (141)
(14,114): 161 (142)
(14,115): 163 (143)
(14,116): 161 (142)
(14,117): 161 (142)
(14,118): 161 (142)
(14,119): 159 (141)
(14,120): 156 (139)
(14,121): 153 (137)
(14,122): 150 (135)
(14,123): 146 (133)
(14,124): 141 (130)
(14,125): 130 (123)
(14,126): 111 (111)
(14,127): 89 (98)
(15,0): 73 (88)
(15,1): 96 (102)
(15,2): 114 (113)
(15,3): 117 (115)
(15,4): 119 (116)
(15,5): 120 (117)
(15,6): 124 (119)
(15,7): 127 (121)
(15,8): 132 (124)
(15,9): 137 (127)
(15,10): 140 (129)
(15,11): 141 (130)
(15,12): 143 (131)
(15,13): 145 (132)
(15,14): 145 (132)
(15,15): 146 (133)
(15,16): 148 (134)
(15,17): 151 (136)
(15,18): 153 (137)
(15,19): 156 (139)
(15,20): 161 (142)
(15,21): 164 (144)
(15,22): 166 (145)
(15,23): 169 (147)
(15,24): 171 (148)
(15,25): 171 (148)
(15,26): 169 (147)
(15,27): 163 (143)
(15,28): 151 (136)
(15,29): 138 (128)
(15,30): 111 (111)
(15,31): 76 (90)
(15,32): 67 (84)
(15,33): 67 (84)
(15,34): 67 (84)
(15,35): 68 (85)
(15,36): 73 (88)
(15,37): 78 (91)
(15,38): 94 (101)
(15,39): 133 (125)
(15,40): 174 (150)
(15,41): 203 (168)
(15,42): 236 (188)
(15,43): 245 (194)
(15,44): 247 (195)
(15,45): 249 (196)
(15,46): 249 (196)
(15,47): 247 (195)
(15,48): 247 (195)
(15,49): 245 (194)
(15,50): 244 (193)
(15,51): 242 (192)
(15,52): 241 (191)
(15,53): 239 (190)
(15,54): 237 (189)
(15,55): 237 (189)
(15,56): 237 (189)
(15,57): 237 (189)
(15,58): 239 (190)
(15,59): 239 (190)
(15,60): 239 (190)
(15,61): 239 (190)
(15,62): 239 (190)
(15,63): 237 (189)
(15,64): 237 (189)
(15,65): 236 (188)
(15,66): 234 (187)
(15,67): 231 (185)
(15,68): 228 (183)
(15,69): 218 (177)
(15,70): 205 (169)
(15,71): 187 (158)
(15,72): 179 (153)
(15,73): 174 (150)
(15,74): 172 (149)
(15,75): 172 (149)
(15,76): 176 (151)
(15,77): 177 (152)
(15,78): 177 (152)
(15,79): 179 (153)
(15,80): 179 (153)
(15,81): 176 (151)
(15,82): 177 (152)
(15,83): 177 (152)
(15,84): 177 (152)
(15,85): 174 (150)
(15,86): 176 (151)
(15,87): 176 (151)
(15,88): 176 (151)
(15,89): 172 (149)
(15,90): 172 (149)
(15,91): 172 (149)
(15,92): 174 (150)
(15,93): 172 (149)
(15,94): 174 (150)
(15,95): 172 (149)
(15,96): 172 (149)
(15,97): 172 (149)
(15,98): 172 (149)
(15,99): 172 (149)
(15,100): 174 (150)
(15,101): 174 (150)
(15,102): 171 (148)
(15,103): 169 (147)
(15,104): 171 (148)
(15,105): 171 (148)
(15,106): 166 (145)
(15,107): 164 (144)
(15,108): 166 (145)
(15,109): 164 (144)
(15,110): 166 (145)
(15,111): 169 (147)
(15,112): 169 (147)
(15,113): 171 (148)
(15,114): 171 (148)
(15,115): 171 (148)
(15,116): 171 (148)
(15,117): 169 (147)
(15,118): 167 (146)
(15,119): 166 (145)
(15,120): 163 (143)
(15,121): 156 (139)
(15,122): 151 (136)
(15,123): 151 (136)
(15,124): 146 (133)
(15,125): 132 (124)
(15,126): 111 (111)
(15,127): 88 (97)
(16,0): 70 (86)
(16,1): 94 (101)
(16,2): 109 (110)
(16,3): 114 (113)
(16,4): 115 (114)
(16,5): 117 (115)
(16,6): 119 (116)
(16,7): 122 (118)
(16,8): 124 (119)
(16,9): 127 (121)
(16,10): 128 (122)
(16,11): 132 (124)
(16,12): 133 (125)
(16,13): 137 (127)
(16,14): 138 (128)
(16,15): 141 (130)
(16,16): 143 (131)
(16,17): 145 (132)
(16,18): 148 (134)
(16,19): 150 (135)
(16,20): 156 (139)
(16,21): 161 (142)
(16,22): 164 (144)
(16,23): 166 (145)
(16,24): 167 (146)
(16,25): 166 (145)
(16,26): 163 (143)
(16,27): 154 (138)
(16,28): 143 (131)
(16,29): 114 (113)
(16,30): 76 (90)
(16,31): 70 (86)
(16,32): 65 (83)
(16,33): 63 (82)
(16,34): 63 (82)
(16,35): 65 (83)
(16,36): 68 (85)
(16,37): 73 (88)
(16,38): 83 (94)
(16,39): 91 (99)
(16,40): 104 (107)
(16,41): 164 (144)
(16,42): 218 (177)
(16,43): 236 (188)
(16,44): 247 (195)
(16,45): 249 (196)
(16,46): 249 (196)
(16,47): 249 (196)
(16,48): 249 (196)
(16,49): 247 (195)
(16,50): 245 (194)
(16,51): 244 (193)
(16,52): 241 (191)
(16,53): 239 (190)
(16,54): 237 (189)
(16,55): 237 (189)
(16,56): 237 (189)
(16,57): 237 (189)
(16,58): 237 (189)
(16,59): 237 (189)
(16,60): 237 (189)
(16,61): 237 (189)
(16,62): 237 (189)
(16,63): 236 (188)
(16,64): 236 (188)
(16,65): 234 (187)
(16,66): 232 (186)
(16,67): 229 (184)
(16,68): 224 (181)
(16,69): 218 (177)
(16,70): 213 (174)
(16,71): 190 (160)
(16,72): 172 (149)
(16,73): 167 (146)
(16,74): 167 (146)
(16,75): 172 (149)
(16,76): 176 (151)
(16,77): 179 (153)
(16,78): 179 (153)
(16,79): 180 (154)
(16,80): 179 (153)
(16,81): 179 (153)
(16,82): 179 (153)
(16,83): 179 (153)
(16,84): 179 (153)
(16,85): 179 (153)
(16,86): 177 (152)
(16,87): 177 (152)
(16,88): 177 (152)
(16,89): 177 (152)
(16,90): 177 (152)
(16,91): 177 (152)
(16,92): 177 (152)
(16,93): 177 (152)
(16,94): 177 (152)
(16,95): 180 (154)
(16,96): 180 (154)
(16,97): 182 (155)
(16,98): 182 (155)
(16,99): 182 (155)
(16,100): 182 (155)
(16,101): 182 (155)
(16,102): 180 (154)
(16,103): 180 (154)
(16,104): 180 (154)
(16,105): 180 (154)
(16,106): 180 (154)
(16,107): 180 (154)
(16,108): 179 (153)
(16,109): 180 (154)
(16,110): 180 (154)
(16,111): 182 (155)
(16,112): 182 (155)
(16,113): 180 (154)
(16,114): 180 (154)
(16,115): 180 (154)
(16,116): 179 (153)
(16,117): 179 (153)
(16,118): 177 (152)
(16,119): 176 (151)
(16,120): 171 (148)
(16,121): 167 (146)
(16,122): 163 (143)
(16,123): 159 (141)
(16,124): 154 (138)
(16,125): 146 (133)
(16,126): 124 (119)
(16,127): 99 (104)
(17,0): 78 (91)
(17,1): 94 (101)
(17,2): 106 (108)
(17,3): 111 (111)
(17,4): 111 (111)
(17,5): 112 (112)
(17,6): 114 (113)
(17,7): 115 (114)
(17,8): 117 (115)
(17,9): 117 (115)
(17,10): 122 (118)
(17,11): 122 (118)
(17,12): 127 (121)
(17,13): 130 (123)
(17,14): 133 (125)
(17,15): 135 (126)
(17,16): 138 (128)
(17,17): 138 (128)
(17,18): 141 (130)
(17,19): 148 (134)
(17,20): 153 (137)
(17,21): 158 (140)
(17,22): 163 (143)
(17,23): 164 (144)
(17,24): 164 (144)
(17,25): 164 (144)
(17,26): 159 (141)
(17,27): 146 (133)
(17,28): 115 (114)
(17,29): 78 (91)
(17,30): 68 (85)
(17,31): 65 (83)
(17,32): 63 (82)
(17,33): 65 (83)
(17,34): 65 (83)
(17,35): 63 (82)
(17,36): 65 (83)
(17,37): 70 (86)
(17,38): 73 (88)
(17,39): 78 (91)
(17,40): 89 (98)
(17,41): 109 (110)
(17,42): 164 (144)
(17,43): 211 (173)
(17,44): 237 (189)
(17,45): 247 (195)
(17,46): 249 (196)
(17,47): 249 (196)
(17,48): 249 (196)
(17,49): 247 (195)
(17,50): 245 (194)
(17,51): 244 (193)
(17,52): 241 (191)
(17,53): 237 (189)
(17,54): 234 (187)
(17,55): 232 (186)
(17,56): 231 (185)
(17,57): 231 (185)
(17,58): 231 (185)
(17,59): 231 (185)
(17,60): 229 (184)
(17,61): 228 (183)
(17,62): 228 (183)
(17,63): 228 (183)
(17,64): 226 (182)
(17,65): 223 (180)
(17,66): 221 (179)
(17,67): 215 (175)
(17,68): 210 (172)
(17,69): 198 (165)
(17,70): 187 (158)
(17,71): 172 (149)
(17,72): 158 (140)
(17,73): 150 (135)
(17,74): 153 (137)
(17,75): 167 (146)
(17,76): 176 (151)
(17,77): 182 (155)
(17,78): 185 (157)
(17,79): 189 (159)
(17,80): 190 (160)
(17,81): 190 (160)
(17,82): 187 (158)
(17,83): 189 (159)
(17,84): 190 (160)
(17,85): 190 (160)
(17,86): 190 (160)
(17,87): 187 (158)
(17,88): 189 (159)
(17,89): 189 (159)
(17,90): 189 (159)
(17,91): 189 (159)
(17,92): 189 (159)
(17,93): 189 (159)
(17,94): 189 (159)
(17,95): 190 (160)
(17,96): 190 (160)
(17,97): 192 (161)
(17,98): 192 (161)
(17,99): 192 (161)
(17,100): 192 (161)
(17,101): 190 (160)
(17,102): 190 (160)
(17,103): 190 (160)
(17,104): 189 (159)
(17,105): 189 (159)
(17,106): 189 (159)
(17,107): 189 (159)
(17,108): 187 (158)
(17,109): 189 (159)
(17,110): 189 (159)
(17,111): 189 (159)
(17,112): 189 (159)
(17,113): 189 (159)
(17,114): 189 (159)
(17,115): 189 (159)
(17,116): 189 (159)
(17,117): 187 (158)
(17,118): 185 (157)
(17,119): 184 (156)
(17,120): 180 (154)
(17,121): 176 (151)
(17,122): 171 (148)
(17,123): 166 (145)
(17,124): 161 (142)
(17,125): 156 (139)
(17,126): 127 (121)
(17,127): 98 (103)
(18,0): 67 (84)
(18,1): 89 (98)
(18,2): 102 (106)
(18,3): 106 (108)
(18,4): 107 (109)
(18,5): 109 (110)
(18,6): 107 (109)
(18,7): 109 (110)
(18,8): 111 (111)
(18,9): 115 (114)
(18,10): 117 (115)
(18,11): 120 (117)
(18,12): 122 (118)
(18,13): 125 (120)
(18,14): 128 (122)
(18,15): 132 (124)
(18,16): 135 (126)
(18,17): 138 (128)
(18,18): 143 (131)
(18,19): 146 (133)
(18,20): 151 (136)
(18,21): 156 (139)
(18,22): 161 (142)
(18,23): 163 (143)
(18,24): 163 (143)
(18,25): 161 (142)
(18,26): 151 (136)
(18,27): 124 (119)
(18,28): 86 (96)
(18,29): 72 (87)
(18,30): 67 (84)
(18,31): 65 (83)
(18,32): 63 (82)
(18,33): 65 (83)
(18,34): 65 (83)
(18,35): 63 (82)
(18,36): 67 (84)
(18,37): 67 (84)
(18,38): 68 (85)
(18,39): 73 (88)
(18,40): 81 (93)
(18,41): 88 (97)
(18,42): 99 (104)
(18,43): 159 (141)
(18,44): 215 (175)
(18,45): 234 (187)
(18,46): 247 (195)
(18,47): 247 (195)
(18,48): 247 (195)
(18,49): 245 (194)
(18,50): 244 (193)
(18,51): 241 (191)
(18,52): 234 (187)
(18,53): 226 (182)
(18,54): 218 (177)
(18,55): 211 (173)
(18,56): 208 (171)
(18,57): 206 (170)
(18,58): 206 (170)
(18,59): 205 (169)
(18,60): 203 (168)
(18,61): 200 (166)
(18,62): 200 (166)
(18,63): 198 (165)
(18,64): 195 (163)
(18,65): 187 (158)
(18,66): 182 (155)
(18,67): 177 (152)
(18,68): 172 (149)
(18,69): 163 (143)
(18,70): 153 (137)
(18,71): 148 (134)
(18,72): 145 (132)
(18,73): 140 (129)
(18,74): 135 (126)
(18,75): 156 (139)
(18,76): 180 (154)
(18,77): 190 (160)
(18,78): 198 (165)
(18,79): 202 (167)
(18,80): 205 (169)
(18,81): 206 (170)
(18,82): 205 (169)
(18,83): 205 (169)
(18,84): 205 (169)
(18,85): 203 (168)
(18,86): 203 (168)
(18,87): 203 (168)
(18,88): 202 (167)
(18,89): 200 (166)
(18,90): 200 (166)
(18,91): 198 (165)
(18,92): 198 (165)
(18,93): 198 (165)
(18,94): 198 (165)
(18,95): 198 (165)
(18,96): 200 (166)
(18,97): 200 (166)
(18,98): 200 (166)
(18,99): 198 (165)
(18,100): 198 (165)
(18,101): 197 (164)
(18,102): 195 (163)
(18,103): 193 (162)
(18,104): 192 (161)
(18,105): 190 (160)
(18,106): 190 (160)
(18,107): 190 (160)
(18,108): 190 (160)
(18,109): 190 (160)
(18,110): 190 (160)
(18,111): 192 (161)
(18,112): 192 (161)
(18,113): 192 (161)
(18,114): 192 (161)
(18,115): 192 (161)
(18,116): 192 (161)
(18,117): 192 (161)
(18,118): 190 (160)
(18,119): 187 (158)
(18,120): 185 (157)
(18,121): 180 (154)
(18,122): 176 (151)
(18,123): 169 (147)
(18,124): 163 (143)
(18,125): 154 (138)
(18,126): 127 (121)
(18,127): 96 (102)
(19,0): 76 (90)
(19,1): 88 (97)
(19,2): 98 (103)
(19,3): 102 (106)
(19,4): 106 (108)
(19,5): 106 (108)
(19,6): 107 (109)
(19,7): 109 (110)
(19,8): 111 (111)
(19,9): 112 (112)
(19,10): 114 (113)
(19,11): 114 (113)
(19,12): 119 (116)
(19,13): 122 (118)
(19,14): 125 (120)
(19,15): 128 (122)
(19,16): 133 (125)
(19,17): 138 (128)
(19,18): 141 (130)
(19,19): 146 (133)
(19,20): 150 (135)
(19,21): 154 (138)
(19,22): 158 (140)
(19,23): 159 (141)
(19,24): 158 (140)
(19,25): 153 (137)
(19,26): 130 (123)
(19,27): 96 (102)
(19,28): 78 (91)
(19,29): 70 (86)
(19,30): 67 (84)
(19,31): 67 (84)
(19,32): 65 (83)
(19,33): 65 (83)
(19,34): 65 (83)
(19,35): 67 (84)
(19,36): 67 (84)
(19,37): 68 (85)
(19,38): 70 (86)
(19,39): 70 (86)
(19,40): 73 (88)
(19,41): 80 (92)
(19,42): 86 (96)
(19,43): 101 (105)
(19,44): 159 (141)
(19,45): 210 (172)
(19,46): 231 (185)
(19,47): 241 (191)
(19,48): 242 (192)
(19,49): 244 (193)
(19,50): 241 (191)
(19,51): 237 (189)
(19,52): 228 (183)
(19,53): 208 (171)
(19,54): 193 (162)
(19,55): 184 (156)
(19,56): 176 (151)
(19,57): 171 (148)
(19,58): 166 (145)
(19,59): 164 (144)
(19,60): 164 (144)
(19,61): 167 (146)
(19,62): 166 (145)
(19,63): 166 (145)
(19,64): 164 (144)
(19,65): 161 (142)
(19,66): 158 (140)
(19,67): 153 (137)
(19,68): 150 (135)
(19,69): 146 (133)
(19,70): 148 (134)
(19,71): 145 (132)
(19,72): 141 (130)
(19,73): 140 (129)
(19,74): 145 (132)
(19,75): 153 (137)
(19,76): 179 (153)
(19,77): 197 (164)
(19,78): 205 (169)
(19,79): 210 (172)
(19,80): 211 (173)
(19,81): 213 (174)
(19,82): 213 (174)
(19,83): 211 (173)
(19,84): 210 (172)
(19,85): 210 (172)
(19,86): 208 (171)
(19,87): 208 (171)
(19,88): 206 (170)
(19,89): 205 (169)
(19,90): 203 (168)
(19,91): 203 (168)
(19,92): 202 (167)
(19,93): 203 (168)
(19,94): 203 (168)
(19,95): 203 (168)
(19,96): 203 (168)
(19,97): 203 (168)
(19,98): 203 (168)
(19,99): 202 (167)
(19,100): 202 (167)
(19,101): 200 (166)
(19,102): 197 (164)
(19,103): 195 (163)
(19,104): 193 (162)
(19,105): 192 (161)
(19,106): 190 (160)
(19,107): 190 (160)
(19,108): 190 (160)
(19,109): 190 (160)
(19,110): 190 (160)
(19,111): 192 (161)
(19,112): 192 (161)
(19,113): 192 (161)
(19,114): 193 (162)
(19,115): 193 (162)
(19,116): 193 (162)
(19,117): 193 (162)
(19,118): 192 (161)
(19,119): 190 (160)
(19,120): 187 (158)
(19,121): 182 (155)
(19,122): 176 (151)
(19,123): 169 (147)
(19,124): 163 (143)
(19,125): 141 (130)
(19,126): 109 (110)
(19,127): 65 (83)
(20,0): 59 (79)
(20,1): 83 (94)
(20,2): 93 (100)
(20,3): 99 (104)
(20,4): 102 (106)
(20,5): 106 (108)
(20,6): 107 (109)
(20,7): 107 (109)
(20,8): 109 (110)
(20,9): 111 (111)
(20,10): 112 (112)
(20,11): 114 (113)
(20,12): 117 (115)
(20,13): 120 (117)
(20,14): 124 (119)
(20,15): 127 (121)
(20,16): 132 (124)
(20,17): 137 (127)
(20,18): 141 (130)
(20,19): 145 (132)
(20,20): 148 (134)
(20,21): 151 (136)
(20,22): 153 (137)
(20,23): 153 (137)
(20,24): 150 (135)
(20,25): 130 (123)
(20,26): 104 (107)
(20,27): 86 (96)
(20,28): 73 (88)
(20,29): 68 (85)
(20,30): 65 (83)
(20,31): 63 (82)
(20,32): 65 (83)
(20,33): 65 (83)
(20,34): 67 (84)
(20,35): 67 (84)
(20,36): 67 (84)
(20,37): 68 (85)
(20,38): 68 (85)
(20,39): 67 (84)
(20,40): 68 (85)
(20,41): 73 (88)
(20,42): 80 (92)
(20,43): 86 (96)
(20,44): 96 (102)
(20,45): 151 (136)
(20,46): 190 (160)
(20,47): 219 (178)
(20,48): 236 (188)
(20,49): 237 (189)
(20,50): 234 (187)
(20,51): 231 (185)
(20,52): 221 (179)
(20,53): 203 (168)
(20,54): 182 (155)
(20,55): 167 (146)
(20,56): 153 (137)
(20,57): 143 (131)
(20,58): 137 (127)
(20,59): 135 (126)
(20,60): 137 (127)
(20,61): 137 (127)
(20,62): 137 (127)
(20,63): 138 (128)
(20,64): 135 (126)
(20,65): 137 (127)
(20,66): 133 (125)
(20,67): 135 (126)
(20,68): 133 (125)
(20,69): 141 (130)
(20,70): 145 (132)
(20,71): 143 (131)
(20,72): 141 (130)
(20,73): 137 (127)
(20,74): 138 (128)
(20,75): 141 (130)
(20,76): 174 (150)
(20,77): 202 (167)
(20,78): 208 (171)
(20,79): 213 (174)
(20,80): 215 (175)
(20,81): 215 (175)
(20,82): 213 (174)
(20,83): 213 (174)
(20,84): 211 (173)
(20,85): 210 (172)
(20,86): 210 (172)
(20,87): 208 (171)
(20,88): 206 (170)
(20,89): 205 (169)
(20,90): 205 (169)
(20,91): 203 (168)
(20,92): 203 (168)
(20,93): 203 (168)
(20,94): 203 (168)
(20,95): 203 (168)
(20,96): 203 (168)
(20,97): 203 (168)
(20,98): 203 (168)
(20,99): 203 (168)
(20,100): 202 (167)
(20,101): 200 (166)
(20,102): 198 (165)
(20,103): 195 (163)
(20,104): 192 (161)
(20,105): 189 (159)
(20,106): 187 (158)
(20,107): 187 (158)
(20,108): 187 (158)
(20,109): 189 (159)
(20,110): 189 (159)
(20,111): 190 (160)
(20,112): 190 (160)
(20,113): 192 (161)
(20,114): 193 (162)
(20,115): 193 (162)
(20,116): 195 (163)
(20,117): 193 (162)
(20,118): 193 (162)
(20,119): 190 (160)
(20,120): 187 (158)
(20,121): 180 (154)
(20,122): 171 (148)
(20,123): 164 (144)
(20,124): 153 (137)
(20,125): 132 (124)
(20,126): 109 (110)
(20,127): 76 (90)
(21,0): 67 (84)
(21,1): 81 (93)
(21,2): 88 (97)
(21,3): 96 (102)
(21,4): 101 (105)
(21,5): 104 (107)
(21,6): 107 (109)
(21,7): 107 (109)
(21,8): 109 (110)
(21,9): 109 (110)
(21,10): 111 (111)
(21,11): 112 (112)
(21,12): 112 (112)
(21,13): 115 (114)
(21,14): 122 (118)
(21,15): 124 (119)
(21,16): 130 (123)
(21,17): 137 (127)
(21,18): 141 (130)
(21,19): 145 (132)
(21,20): 146 (133)
(21,21): 148 (134)
(21,22): 148 (134)
(21,23): 143 (131)
(21,24): 127 (121)
(21,25): 104 (107)
(21,26): 88 (97)
(21,27): 76 (90)
(21,28): 70 (86)
(21,29): 67 (84)
(21,30): 67 (84)
(21,31): 65 (83)
(21,32): 65 (83)
(21,33): 65 (83)
(21,34): 67 (84)
(21,35): 67 (84)
(21,36): 68 (85)
(21,37): 68 (85)
(21,38): 68 (85)
(21,39): 67 (84)
(21,40): 67 (84)
(21,41): 70 (86)
(21,42): 73 (88)
(21,43): 78 (91)
(21,44): 83 (94)
(21,45): 89 (98)
(21,46): 119 (116)
(21,47): 167 (146)
(21,48): 205 (169)
(21,49): 221 (179)
(21,50): 226 (182)
(21,51): 224 (181)
(21,52): 216 (176)
(21,53): 197 (164)
(21,54): 167 (146)
(21,55): 148 (134)
(21,56): 138 (128)
(21,57): 120 (117)
(21,58): 115 (114)
(21,59): 111 (111)
(21,60): 111 (111)
(21,61): 106 (108)
(21,62): 104 (107)
(21,63): 102 (106)
(21,64): 101 (105)
(21,65): 101 (105)
(21,66): 102 (106)
(21,67): 109 (110)
(21,68): 119 (116)
(21,69): 137 (127)
(21,70): 145 (132)
(21,71): 146 (133)
(21,72): 150 (135)
(21,73): 143 (131)
(21,74): 156 (139)
(21,75): 150 (135)
(21,76): 174 (150)
(21,77): 200 (166)
(21,78): 210 (172)
(21,79): 213 (174)
(21,80): 213 (174)
(21,81): 213 (174)
(21,82): 213 (174)
(21,83): 211 (173)
(21,84): 210 (172)
(21,85): 210 (172)
(21,86): 208 (171)
(21,87): 206 (170)
(21,88): 205 (169)
(21,89): 203 (168)
(21,90): 202 (167)
(21,91): 202 (167)
(21,92): 202 (167)
(21,93): 202 (167)
(21,94): 202 (167)
(21,95): 203 (168)
(21,96): 203 (168)
(21,97): 203 (168)
(21,98): 203 (168)
(21,99): 203 (168)
(21,100): 202 (167)
(21,101): 200 (166)
(21,102): 198 (165)
(21,103): 193 (162)
(21,104): 187 (158)
(21,105): 180 (154)
(21,106): 180 (154)
(21,107): 180 (154)
(21,108): 182 (155)
(21,109): 184 (156)
(21,110): 185 (157)
(21,111): 187 (158)
(21,112): 189 (159)
(21,113): 190 (160)
(21,114): 192 (161)
(21,115): 193 (162)
(21,116): 193 (162)
(21,117): 192 (161)
(21,118): 190 (160)
(21,119): 189 (159)
(21,120): 184 (156)
(21,121): 174 (150)
(21,122): 159 (141)
(21,123): 150 (135)
(21,124): 135 (126)
(21,125): 115 (114)
(21,126): 96 (102)
(21,127): 55 (77)
(22,0): 50 (74)
(22,1): 72 (87)
(22,2): 83 (94)
(22,3): 93 (100)
(22,4): 99 (104)
(22,5): 104 (107)
(22,6): 107 (109)
(22,7): 107 (109)
(22,8): 107 (109)
(22,9): 109 (110)
(22,10): 109 (110)
(22,11): 109 (110)
(22,12): 111 (111)
(22,13): 117 (115)
(22,14): 120 (117)
(22,15): 125 (120)
(22,16): 130 (123)
(22,17): 135 (126)
(22,18): 140 (129)
(22,19): 143 (131)
(22,20): 145 (132)
(22,21): 145 (132)
(22,22): 140 (129)
(22,23): 125 (120)
(22,24): 104 (107)
(22,25): 86 (96)
(22,26): 75 (89)
(22,27): 70 (86)
(22,28): 67 (84)
(22,29): 67 (84)
(22,30): 65 (83)
(22,31): 65 (83)
(22,32): 62 (81)
(22,33): 65 (83)
(22,34): 65 (83)
(22,35): 67 (84)
(22,36): 68 (85)
(22,37): 68 (85)
(22,38): 70 (86)
(22,39): 70 (86)
(22,40): 72 (87)
(22,41): 70 (86)
(22,42): 70 (86)
(22,43): 73 (88)
(22,44): 76 (90)
(22,45): 81 (93)
(22,46): 86 (96)
(22,47): 109 (110)
(22,48): 150 (135)
(22,49): 192 (161)
(22,50): 215 (175)
(22,51): 210 (172)
(22,52): 206 (170)
(22,53): 190 (160)
(22,54): 159 (141)
(22,55): 125 (120)
(22,56): 109 (110)
(22,57): 75 (89)
(22,58): 50 (74)
(22,59): 49 (73)
(22,60): 49 (73)
(22,61): 50 (74)
(22,62): 60 (80)
(22,63): 68 (85)
(22,64): 75 (89)
(22,65): 81 (93)
(22,66): 91 (99)
(22,67): 104 (107)
(22,68): 124 (119)
(22,69): 140 (129)
(22,70): 148 (134)
(22,71): 146 (133)
(22,72): 151 (136)
(22,73): 143 (131)
(22,74): 167 (146)
(22,75): 166 (145)
(22,76): 179 (153)
(22,77): 205 (169)
(22,78): 211 (173)
(22,79): 210 (172)
(22,80): 210 (172)
(22,81): 206 (170)
(22,82): 206 (170)
(22,83): 206 (170)
(22,84): 205 (169)
(22,85): 203 (168)
(22,86): 202 (167)
(22,87): 198 (165)
(22,88): 193 (162)
(22,89): 192 (161)
(22,90): 192 (161)
(22,91): 195 (163)
(22,92): 197 (164)
(22,93): 197 (164)
(22,94): 197 (164)
(22,95): 198 (165)
(22,96): 198 (165)
(22,97): 200 (166)
(22,98): 202 (167)
(22,99): 202 (167)
(22,100): 200 (166)
(22,101): 197 (164)
(22,102): 193 (162)
(22,103): 187 (158)
(22,104): 177 (152)
(22,105): 169 (147)
(22,106): 166 (145)
(22,107): 171 (148)
(22,108): 174 (150)
(22,109): 176 (151)
(22,110): 177 (152)
(22,111): 180 (154)
(22,112): 184 (156)
(22,113): 187 (158)
(22,114): 189 (159)
(22,115): 189 (159)
(22,116): 189 (159)
(22,117): 185 (157)
(22,118): 182 (155)
(22,119): 180 (154)
(22,120): 176 (151)
(22,121): 166 (145)
(22,122): 150 (135)
(22,123): 130 (123)
(22,124): 119 (116)
(22,125): 107 (109)
(22,126): 91 (99)
(22,127): 60 (80)
(23,0): 52 (75)
(23,1): 65 (83)
(23,2): 76 (90)
(23,3): 91 (99)
(23,4): 99 (104)
(23,5): 104 (107)
(23,6): 107 (109)
(23,7): 107 (109)
(23,8): 107 (109)
(23,9): 107 (109)
(23,10): 109 (110)
(23,11): 111 (111)
(23,12): 111 (111)
(23,13): 114 (113)
(23,14): 120 (117)
(23,15): 125 (120)
(23,16): 130 (123)
(23,17): 135 (126)
(23,18): 140 (129)
(23,19): 141 (130)
(23,20): 143 (131)
(23,21): 140 (129)
(23,22): 130 (123)
(23,23): 112 (112)
(23,24): 93 (100)
(23,25): 78 (91)
(23,26): 70 (86)
(23,27): 67 (84)
(23,28): 67 (84)
(23,29): 65 (83)
(23,30): 63 (82)
(23,31): 63 (82)
(23,32): 63 (82)
(23,33): 63 (82)
(23,34): 65 (83)
(23,35): 67 (84)
(23,36): 68 (85)
(23,37): 70 (86)
(23,38): 72 (87)
(23,39): 73 (88)
(23,40): 75 (89)
(23,41): 75 (89)
(23,42): 72 (87)
(23,43): 72 (87)
(23,44): 73 (88)
(23,45): 76 (90)
(23,46): 81 (93)
(23,47): 88 (97)
(23,48): 107 (109)
(23,49): 148 (134)
(23,50): 184 (156)
(23,51): 184 (156)
(23,52): 180 (154)
(23,53): 169 (147)
(23,54): 158 (140)
(23,55): 119 (116)
(23,56): 89 (98)
(23,57): 47 (72)
(23,58): 33 (63)
(23,59): 29 (61)
(23,60): 34 (64)
(23,61): 39 (67)
(23,62): 49 (73)
(23,63): 57 (78)
(23,64): 65 (83)
(23,65): 75 (89)
(23,66): 86 (96)
(23,67): 99 (104)
(23,68): 115 (114)
(23,69): 137 (127)
(23,70): 154 (138)
(23,71): 148 (134)
(23,72): 159 (141)
(23,73): 148 (134)
(23,74): 172 (149)
(23,75): 176 (151)
(23,76): 182 (155)
(23,77): 195 (163)
(23,78): 202 (167)
(23,79): 202 (167)
(23,80): 197 (164)
(23,81): 192 (161)
(23,82): 190 (160)
(23,83): 192 (161)
(23,84): 192 (161)
(23,85): 190 (160)
(23,86): 184 (156)
(23,87): 174 (150)
(23,88): 169 (147)
(23,89): 171 (148)
(23,90): 174 (150)
(23,91): 180 (154)
(23,92): 185 (157)
(23,93): 189 (159)
(23,94): 190 (160)
(23,95): 192 (161)
(23,96): 193 (162)
(23,97): 195 (163)
(23,98): 197 (164)
(23,99): 197 (164)
(23,100): 195 (163)
(23,101): 189 (159)
(23,102): 179 (153)
(23,103): 171 (148)
(23,104): 161 (142)
(23,105): 154 (138)
(23,106): 153 (137)
(23,107): 158 (140)
(23,108): 161 (142)
(23,109): 164 (144)
(23,110): 167 (146)
(23,111): 171 (148)
(23,112): 174 (150)
(23,113): 179 (153)
(23,114): 179 (153)
(23,115): 179 (153)
(23,116): 172 (149)
(23,117): 169 (147)
(23,118): 167 (146)
(23,119): 166 (145)
(23,120): 159 (141)
(23,121): 150 (135)
(23,122): 138 (128)
(23,123): 124 (119)
(23,124): 111 (111)
(23,125): 98 (103)
(23,126): 86 (96)
(23,127): 50 (74)
(24,0): 39 (67)
(24,1): 55 (77)
(24,2): 73 (88)
(24,3): 91 (99)
(24,4): 101 (105)
(24,5): 104 (107)
(24,6): 107 (109)
(24,7): 107 (109)
(24,8): 107 (109)
(24,9): 107 (109)
(24,10): 106 (108)
(24,11): 111 (111)
(24,12): 114 (113)
(24,13): 117 (115)
(24,14): 120 (117)
(24,15): 124 (119)
(24,16): 128 (122)
(24,17): 133 (125)
(24,18): 137 (127)
(24,19): 138 (128)
(24,20): 138 (128)
(24,21): 133 (125)
(24,22): 122 (118)
(24,23): 106 (108)
(24,24): 88 (97)
(24,25): 76 (90)
(24,26): 70 (86)
(24,27): 65 (83)
(24,28): 63 (82)
(24,29): 63 (82)
(24,30): 60 (80)
(24,31): 62 (81)
(24,32): 62 (81)
(24,33): 63 (82)
(24,34): 63 (82)
(24,35): 65 (83)
(24,36): 65 (83)
(24,37): 70 (86)
(24,38): 73 (88)
(24,39): 76 (90)
(24,40): 80 (92)
(24,41): 80 (92)
(24,42): 78 (91)
(24,43): 75 (89)
(24,44): 73 (88)
(24,45): 75 (89)
(24,46): 80 (92)
(24,47): 86 (96)
(24,48): 93 (100)
(24,49): 111 (111)
(24,50): 140 (129)
(24,51): 140 (129)
(24,52): 138 (128)
(24,53): 127 (121)
(24,54): 127 (121)
(24,55): 78 (91)
(24,56): 46 (71)
(24,57): 33 (63)
(24,58): 29 (61)
(24,59): 29 (61)
(24,60): 31 (62)
(24,61): 36 (65)
(24,62): 44 (70)
(24,63): 55 (77)
(24,64): 62 (81)
(24,65): 72 (87)
(24,66): 83 (94)
(24,67): 94 (101)
(24,68): 109 (110)
(24,69): 128 (122)
(24,70): 151 (136)
(24,71): 145 (132)
(24,72): 154 (138)
(24,73): 143 (131)
(24,74): 159 (141)
(24,75): 166 (145)
(24,76): 174 (150)
(24,77): 179 (153)
(24,78): 184 (156)
(24,79): 184 (156)
(24,80): 177 (152)
(24,81): 171 (148)
(24,82): 166 (145)
(24,83): 167 (146)
(24,84): 169 (147)
(24,85): 166 (145)
(24,86): 159 (141)
(24,87): 150 (135)
(24,88): 148 (134)
(24,89): 154 (138)
(24,90): 164 (144)
(24,91): 171 (148)
(24,92): 176 (151)
(24,93): 179 (153)
(24,94): 182 (155)
(24,95): 184 (156)
(24,96): 185 (157)
(24,97): 185 (157)
(24,98): 187 (158)
(24,99): 187 (158)
(24,100): 182 (155)
(24,101): 174 (150)
(24,102): 159 (141)
(24,103): 150 (135)
(24,104): 145 (132)
(24,105): 141 (130)
(24,106): 140 (129)
(24,107): 141 (130)
(24,108): 146 (133)
(24,109): 150 (135)
(24,110): 151 (136)
(24,111): 154 (138)
(24,112): 154 (138)
(24,113): 154 (138)
(24,114): 153 (137)
(24,115): 151 (136)
(24,116): 151 (136)
(24,117): 150 (135)
(24,118): 151 (136)
(24,119): 146 (133)
(24,120): 138 (128)
(24,121): 130 (123)
(24,122): 122 (118)
(24,123): 114 (113)
(24,124): 104 (107)
(24,125): 91 (99)
(24,126): 81 (93)
(24,127): 54 (76)
(25,0): 41 (68)
(25,1): 54 (76)
(25,2): 72 (87)
(25,3): 91 (99)
(25,4): 101 (105)
(25,5): 104 (107)
(25,6): 106 (108)
(25,7): 106 (108)
(25,8): 106 (108)
(25,9): 104 (107)
(25,10): 109 (110)
(25,11): 112 (112)
(25,12): 115 (114)
(25,13): 117 (115)
(25,14): 120 (117)
(25,15): 124 (119)
(25,16): 127 (121)
(25,17): 130 (123)
(25,18): 133 (125)
(25,19): 135 (126)
(25,20): 133 (125)
(25,21): 127 (121)
(25,22): 117 (115)
(25,23): 104 (107)
(25,24): 89 (98)
(25,25): 78 (91)
(25,26): 70 (86)
(25,27): 65 (83)
(25,28): 65 (83)
(25,29): 63 (82)
(25,30): 62 (81)
(25,31): 62 (81)
(25,32): 62 (81)
(25,33): 62 (81)
(25,34): 63 (82)
(25,35): 65 (83)
(25,36): 65 (83)
(25,37): 72 (87)
(25,38): 76 (90)
(25,39): 81 (93)
(25,40): 83 (94)
(25,41): 85 (95)
(25,42): 85 (95)
(25,43): 81 (93)
(25,44): 78 (91)
(25,45): 78 (91)
(25,46): 80 (92)
(25,47): 86 (96)
(25,48): 94 (101)
(25,49): 107 (109)
(25,50): 124 (119)
(25,51): 114 (113)
(25,52): 117 (115)
(25,53): 102 (106)
(25,54): 93 (100)
(25,55): 59 (79)
(25,56): 39 (67)
(25,57): 33 (63)
(25,58): 31 (62)
(25,59): 29 (61)
(25,60): 33 (63)
(25,61): 36 (65)
(25,62): 44 (70)
(25,63): 54 (76)
(25,64): 63 (82)
(25,65): 72 (87)
(25,66): 78 (91)
(25,67): 89 (98)
(25,68): 101 (105)
(25,69): 119 (116)
(25,70): 138 (128)
(25,71): 141 (130)
(25,72): 153 (137)
(25,73): 146 (133)
(25,74): 154 (138)
(25,75): 156 (139)
(25,76): 159 (141)
(25,77): 164 (144)
(25,78): 166 (145)
(25,79): 167 (146)
(25,80): 154 (138)
(25,81): 150 (135)
(25,82): 141 (130)
(25,83): 140 (129)
(25,84): 140 (129)
(25,85): 138 (128)
(25,86): 137 (127)
(25,87): 135 (126)
(25,88): 138 (128)
(25,89): 143 (131)
(25,90): 154 (138)
(25,91): 163 (143)
(25,92): 169 (147)
(25,93): 172 (149)
(25,94): 176 (151)
(25,95): 177 (152)
(25,96): 177 (152)
(25,97): 176 (151)
(25,98): 172 (149)
(25,99): 171 (148)
(25,100): 166 (145)
(25,101): 156 (139)
(25,102): 146 (133)
(25,103): 140 (129)
(25,104): 135 (126)
(25,105): 132 (124)
(25,106): 130 (123)
(25,107): 130 (123)
(25,108): 132 (124)
(25,109): 135 (126)
(25,110): 137 (127)
(25,111): 135 (126)
(25,112): 133 (125)
(25,113): 124 (119)
(25,114): 120 (117)
(25,115): 119 (116)
(25,116): 120 (117)
(25,117): 125 (120)
(25,118): 128 (122)
(25,119): 128 (122)
(25,120): 124 (119)
(25,121): 117 (115)
(25,122): 109 (110)
(25,123): 101 (105)
(25,124): 94 (101)
(25,125): 85 (95)
(25,126): 75 (89)
(25,127): 47 (72)
(26,0): 31 (62)
(26,1): 52 (75)
(26,2): 72 (87)
(26,3): 91 (99)
(26,4): 99 (104)
(26,5): 102 (106)
(26,6): 102 (106)
(26,7): 104 (107)
(26,8): 102 (106)
(26,9): 104 (107)
(26,10): 109 (110)
(26,11): 112 (112)
(26,12): 115 (114)
(26,13): 119 (116)
(26,14): 120 (117)
(26,15): 124 (119)
(26,16): 125 (120)
(26,17): 128 (122)
(26,18): 130 (123)
(26,19): 130 (123)
(26,20): 128 (122)
(26,21): 124 (119)
(26,22): 112 (112)
(26,23): 102 (106)
(26,24): 93 (100)
(26,25): 81 (93)
(26,26): 73 (88)
(26,27): 67 (84)
(26,28): 62 (81)
(26,29): 60 (80)
(26,30): 59 (79)
(26,31): 60 (80)
(26,32): 60 (80)
(26,33): 59 (79)
(26,34): 60 (80)
(26,35): 65 (83)
(26,36): 68 (85)
(26,37): 73 (88)
(26,38): 78 (91)
(26,39): 83 (94)
(26,40): 86 (96)
(26,41): 88 (97)
(26,42): 88 (97)
(26,43): 88 (97)
(26,44): 85 (95)
(26,45): 81 (93)
(26,46): 81 (93)
(26,47): 85 (95)
(26,48): 91 (99)
(26,49): 101 (105)
(26,50): 109 (110)
(26,51): 101 (105)
(26,52): 101 (105)
(26,53): 85 (95)
(26,54): 70 (86)
(26,55): 54 (76)
(26,56): 41 (68)
(26,57): 34 (64)
(26,58): 31 (62)
(26,59): 31 (62)
(26,60): 33 (63)
(26,61): 37 (66)
(26,62): 46 (71)
(26,63): 57 (78)
(26,64): 63 (82)
(26,65): 70 (86)
(26,66): 75 (89)
(26,67): 83 (94)
(26,68): 93 (100)
(26,69): 107 (109)
(26,70): 122 (118)
(26,71): 128 (122)
(26,72): 143 (131)
(26,73): 135 (126)
(26,74): 146 (133)
(26,75): 148 (134)
(26,76): 154 (138)
(26,77): 158 (140)
(26,78): 163 (143)
(26,79): 161 (142)
(26,80): 146 (133)
(26,81): 135 (126)
(26,82): 124 (119)
(26,83): 124 (119)
(26,84): 125 (120)
(26,85): 128 (122)
(26,86): 130 (123)
(26,87): 132 (124)
(26,88): 135 (126)
(26,89): 140 (129)
(26,90): 146 (133)
(26,91): 158 (140)
(26,92): 164 (144)
(26,93): 167 (146)
(26,94): 171 (148)
(26,95): 172 (149)
(26,96): 171 (148)
(26,97): 167 (146)
(26,98): 164 (144)
(26,99): 161 (142)
(26,100): 156 (139)
(26,101): 151 (136)
(26,102): 145 (132)
(26,103): 137 (127)
(26,104): 130 (123)
(26,105): 127 (121)
(26,106): 125 (120)
(26,107): 124 (119)
(26,108): 127 (121)
(26,109): 124 (119)
(26,110): 124 (119)
(26,111): 119 (116)
(26,112): 111 (111)
(26,113): 102 (106)
(26,114): 98 (103)
(26,115): 98 (103)
(26,116): 99 (104)
(26,117): 104 (107)
(26,118): 111 (111)
(26,119): 112 (112)
(26,120): 111 (111)
(26,121): 106 (108)
(26,122): 99 (104)
(26,123): 91 (99)
(26,124): 86 (96)
(26,125): 80 (92)
(26,126): 73 (88)
(26,127): 49 (73)
(27,0): 37 (66)
(27,1): 55 (77)
(27,2): 72 (87)
(27,3): 89 (98)
(27,4): 96 (102)
(27,5): 98 (103)
(27,6): 99 (104)
(27,7): 101 (105)
(27,8): 104 (107)
(27,9): 107 (109)
(27,10): 111 (111)
(27,11): 114 (113)
(27,12): 117 (115)
(27,13): 119 (116)
(27,14): 120 (117)
(27,15): 124 (119)
(27,16): 125 (120)
(27,17): 127 (121)
(27,18): 127 (121)
(27,19): 127 (121)
(27,20): 125 (120)
(27,21): 119 (116)
(27,22): 109 (110)
(27,23): 102 (106)
(27,24): 94 (101)
(27,25): 86 (96)
(27,26): 78 (91)
(27,27): 68 (85)
(27,28): 63 (82)
(27,29): 60 (80)
(27,30): 59 (79)
(27,31): 60 (80)
(27,32): 60 (80)
(27,33): 59 (79)
(27,34): 60 (80)
(27,35): 65 (83)
(27,36): 68 (85)
(27,37): 73 (88)
(27,38): 78 (91)
(27,39): 83 (94)
(27,40): 86 (96)
(27,41): 89 (98)
(27,42): 91 (99)
(27,43): 91 (99)
(27,44): 89 (98)
(27,45): 85 (95)
(27,46): 85 (95)
(27,47): 85 (95)
(27,48): 89 (98)
(27,49): 94 (101)
(27,50): 101 (105)
(27,51): 93 (100)
(27,52): 88 (97)
(27,53): 78 (91)
(27,54): 68 (85)
(27,55): 54 (76)
(27,56): 44 (70)
(27,57): 37 (66)
(27,58): 36 (65)
(27,59): 34 (64)
(27,60): 37 (66)
(27,61): 42 (69)
(27,62): 52 (75)
(27,63): 60 (80)
(27,64): 67 (84)
(27,65): 70 (86)
(27,66): 73 (88)
(27,67): 80 (92)
(27,68): 86 (96)
(27,69): 98 (103)
(27,70): 107 (109)
(27,71): 117 (115)
(27,72): 127 (121)
(27,73): 128 (122)
(27,74): 141 (130)
(27,75): 145 (132)
(27,76): 148 (134)
(27,77): 151 (136)
(27,78): 151 (136)
(27,79): 148 (134)
(27,80): 127 (121)
(27,81): 119 (116)
(27,82): 115 (114)
(27,83): 119 (116)
(27,84): 122 (118)
(27,85): 128 (122)
(27,86): 132 (124)
(27,87): 133 (125)
(27,88): 137 (127)
(27,89): 145 (132)
(27,90): 150 (135)
(27,91): 156 (139)
(27,92): 161 (142)
(27,93): 164 (144)
(27,94): 166 (145)
(27,95): 166 (145)
(27,96): 164 (144)
(27,97): 161 (142)
(27,98): 159 (141)
(27,99): 156 (139)
(27,100): 151 (136)
(27,101): 146 (133)
(27,102): 141 (130)
(27,103): 137 (127)
(27,104): 130 (123)
(27,105): 128 (122)
(27,106): 124 (119)
(27,107): 124 (119)
(27,108): 122 (118)
(27,109): 119 (116)
(27,110): 115 (114)
(27,111): 104 (107)
(27,112): 96 (102)
(27,113): 93 (100)
(27,114): 91 (99)
(27,115): 91 (99)
(27,116): 93 (100)
(27,117): 98 (103)
(27,118): 99 (104)
(27,119): 99 (104)
(27,120): 98 (103)
(27,121): 93 (100)
(27,122): 89 (98)
(27,123): 85 (95)
(27,124): 80 (92)
(27,125): 73 (88)
(27,126): 68 (85)
(27,127): 39 (67)
(28,0): 31 (62)
(28,1): 54 (76)
(28,2): 70 (86)
(28,3): 85 (95)
(28,4): 89 (98)
(28,5): 93 (100)
(28,6): 96 (102)
(28,7): 99 (104)
(28,8): 102 (106)
(28,9): 107 (109)
(28,10): 111 (111)
(28,11): 114 (113)
(28,12): 117 (115)
(28,13): 120 (117)
(28,14): 120 (117)
(28,15): 122 (118)
(28,16): 122 (118)
(28,17): 124 (119)
(28,18): 124 (119)
(28,19): 124 (119)
(28,20): 120 (117)
(28,21): 114 (113)
(28,22): 107 (109)
(28,23): 101 (105)
(28,24): 96 (102)
(28,25): 88 (97)
(28,26): 80 (92)
(28,27): 70 (86)
(28,28): 65 (83)
(28,29): 62 (81)
(28,30): 59 (79)
(28,31): 60 (80)
(28,32): 60 (80)
(28,33): 59 (79)
(28,34): 60 (80)
(28,35): 63 (82)
(28,36): 70 (86)
(28,37): 75 (89)
(28,38): 78 (91)
(28,39): 83 (94)
(28,40): 86 (96)
(28,41): 89 (98)
(28,42): 93 (100)
(28,43): 93 (100)
(28,44): 91 (99)
(28,45): 89 (98)
(28,46): 86 (96)
(28,47): 85 (95)
(28,48): 88 (97)
(28,49): 91 (99)
(28,50): 94 (101)
(28,51): 88 (97)
(28,52): 83 (94)
(28,53): 75 (89)
(28,54): 65 (83)
(28,55): 54 (76)
(28,56): 46 (71)
(28,57): 39 (67)
(28,58): 37 (66)
(28,59): 37 (66)
(28,60): 41 (68)
(28,61): 50 (74)
(28,62): 59 (79)
(28,63): 65 (83)
(28,64): 68 (85)
(28,65): 72 (87)
(28,66): 73 (88)
(28,67): 78 (91)
(28,68): 85 (95)
(28,69): 88 (97)
(28,70): 93 (100)
(28,71): 101 (105)
(28,72): 109 (110)
(28,73): 115 (114)
(28,74): 135 (126)
(28,75): 140 (129)
(28,76): 145 (132)
(28,77): 148 (134)
(28,78): 151 (136)
(28,79): 141 (130)
(28,80): 117 (115)
(28,81): 112 (112)
(28,82): 112 (112)
(28,83): 114 (113)
(28,84): 120 (117)
(28,85): 128 (122)
(28,86): 135 (126)
(28,87): 140 (129)
(28,88): 145 (132)
(28,89): 150 (135)
(28,90): 153 (137)
(28,91): 156 (139)
(28,92): 159 (141)
(28,93): 161 (142)
(28,94): 161 (142)
(28,95): 159 (141)
(28,96): 158 (140)
(28,97): 156 (139)
(28,98): 154 (138)
(28,99): 151 (136)
(28,100): 148 (134)
(28,101): 145 (132)
(28,102): 141 (130)
(28,103): 137 (127)
(28,104): 132 (124)
(28,105): 128 (122)
(28,106): 125 (120)
(28,107): 122 (118)
(28,108): 119 (116)
(28,109): 114 (113)
(28,110): 107 (109)
(28,111): 98 (103)
(28,112): 89 (98)
(28,113): 88 (97)
(28,114): 88 (97)
(28,115): 89 (98)
(28,116): 91 (99)
(28,117): 91 (99)
(28,118): 93 (100)
(28,119): 93 (100)
(28,120): 89 (98)
(28,121): 86 (96)
(28,122): 83 (94)
(28,123): 80 (92)
(28,124): 76 (90)
(28,125): 70 (86)
(28,126): 67 (84)
(28,127): 47 (72)
(29,0): 36 (65)
(29,1): 54 (76)
(29,2): 65 (83)
(29,3): 76 (90)
(29,4): 85 (95)
(29,5): 89 (98)
(29,6): 93 (100)
(29,7): 98 (103)
(29,8): 101 (105)
(29,9): 106 (108)
(29,10): 109 (110)
(29,11): 112 (112)
(29,12): 115 (114)
(29,13): 119 (116)
(29,14): 119 (116)
(29,15): 120 (117)
(29,16): 120 (117)
(29,17): 120 (117)
(29,18): 120 (117)
(29,19): 119 (116)
(29,20): 114 (113)
(29,21): 109 (110)
(29,22): 104 (107)
(29,23): 99 (104)
(29,24): 96 (102)
(29,25): 91 (99)
(29,26): 83 (94)
(29,27): 73 (88)
(29,28): 67 (84)
(29,29): 63 (82)
(29,30): 60 (80)
(29,31): 59 (79)
(29,32): 59 (79)
(29,33): 62 (81)
(29,34): 62 (81)
(29,35): 67 (84)
(29,36): 68 (85)
(29,37): 75 (89)
(29,38): 80 (92)
(29,39): 83 (94)
(29,40): 88 (97)
(29,41): 91 (99)
(29,42): 93 (100)
(29,43): 93 (100)
(29,44): 93 (100)
(29,45): 91 (99)
(29,46): 89 (98)
(29,47): 86 (96)
(29,48): 88 (97)
(29,49): 91 (99)
(29,50): 93 (100)
(29,51): 88 (97)
(29,52): 81 (93)
(29,53): 73 (88)
(29,54): 63 (82)
(29,55): 54 (76)
(29,56): 47 (72)
(29,57): 42 (69)
(29,58): 42 (69)
(29,59): 42 (69)
(29,60): 49 (73)
(29,61): 59 (79)
(29,62): 65 (83)
(29,63): 68 (85)
(29,64): 72 (87)
(29,65): 75 (89)
(29,66): 76 (90)
(29,67): 80 (92)
(29,68): 80 (92)
(29,69): 86 (96)
(29,70): 88 (97)
(29,71): 93 (100)
(29,72): 99 (104)
(29,73): 109 (110)
(29,74): 125 (120)
(29,75): 132 (124)
(29,76): 138 (128)
(29,77): 140 (129)
(29,78): 135 (126)
(29,79): 127 (121)
(29,80): 112 (112)
(29,81): 109 (110)
(29,82): 109 (110)
(29,83): 112 (112)
(29,84): 120 (117)
(29,85): 130 (123)
(29,86): 140 (129)
(29,87): 146 (133)
(29,88): 150 (135)
(29,89): 153 (137)
(29,90): 156 (139)
(29,91): 158 (140)
(29,92): 158 (140)
(29,93): 158 (140)
(29,94): 156 (139)
(29,95): 154 (138)
(29,96): 153 (137)
(29,97): 151 (136)
(29,98): 150 (135)
(29,99): 148 (134)
(29,100): 146 (133)
(29,101): 143 (131)
(29,102): 140 (129)
(29,103): 137 (127)
(29,104): 133 (125)
(29,105): 128 (122)
(29,106): 125 (120)
(29,107): 120 (117)
(29,108): 115 (114)
(29,109): 109 (110)
(29,110): 99 (104)
(29,111): 93 (100)
(29,112): 88 (97)
(29,113): 85 (95)
(29,114): 85 (95)
(29,115): 86 (96)
(29,116): 88 (97)
(29,117): 88 (97)
(29,118): 88 (97)
(29,119): 88 (97)
(29,120): 86 (96)
(29,121): 83 (94)
(29,122): 80 (92)
(29,123): 78 (91)
(29,124): 75 (89)
(29,125): 68 (85)
(29,126): 65 (83)
(29,127): 36 (65)
(30,0): 28 (60)
(30,1): 50 (74)
(30,2): 60 (80)
(30,3): 72 (87)
(30,4): 80 (92)
(30,5): 86 (96)
(30,6): 91 (99)
(30,7): 96 (102)
(30,8): 99 (104)
(30,9): 104 (107)
(30,10): 107 (109)
(30,11): 111 (111)
(30,12): 112 (112)
(30,13): 115 (114)
(30,14): 115 (114)
(30,15): 115 (114)
(30,16): 115 (114)
(30,17): 115 (114)
(30,18): 114 (113)
(30,19): 111 (111)
(30,20): 107 (109)
(30,21): 104 (107)
(30,22): 101 (105)
(30,23): 99 (104)
(30,24): 96 (102)
(30,25): 93 (100)
(30,26): 88 (97)
(30,27): 80 (92)
(30,28): 70 (86)
(30,29): 65 (83)
(30,30): 62 (81)
(30,31): 60 (80)
(30,32): 60 (80)
(30,33): 60 (80)
(30,34): 63 (82)
(30,35): 68 (85)
(30,36): 73 (88)
(30,37): 76 (90)
(30,38): 81 (93)
(30,39): 85 (95)
(30,40): 88 (97)
(30,41): 91 (99)
(30,42): 93 (100)
(30,43): 94 (101)
(30,44): 93 (100)
(30,45): 93 (100)
(30,46): 88 (97)
(30,47): 88 (97)
(30,48): 93 (100)
(30,49): 93 (100)
(30,50): 93 (100)
(30,51): 88 (97)
(30,52): 81 (93)
(30,53): 73 (88)
(30,54): 62 (81)
(30,55): 54 (76)
(30,56): 47 (72)
(30,57): 46 (71)
(30,58): 44 (70)
(30,59): 49 (73)
(30,60): 59 (79)
(30,61): 65 (83)
(30,62): 70 (86)
(30,63): 73 (88)
(30,64): 75 (89)
(30,65): 76 (90)
(30,66): 78 (91)
(30,67): 76 (90)
(30,68): 81 (93)
(30,69): 85 (95)
(30,70): 88 (97)
(30,71): 89 (98)
(30,72): 94 (101)
(30,73): 102 (106)
(30,74): 117 (115)
(30,75): 124 (119)
(30,76): 132 (124)
(30,77): 132 (124)
(30,78): 125 (120)
(30,79): 120 (117)
(30,80): 112 (112)
(30,81): 111 (111)
(30,82): 109 (110)
(30,83): 114 (113)
(30,84): 122 (118)
(30,85): 133 (125)
(30,86): 145 (132)
(30,87): 153 (137)
(30,88): 154 (138)
(30,89): 156 (139)
(30,90): 158 (140)
(30,91): 159 (141)
(30,92): 158 (140)
(30,93): 156 (139)
(30,94): 153 (137)
(30,95): 150 (135)
(30,96): 148 (134)
(30,97): 146 (133)
(30,98): 145 (132)
(30,99): 145 (132)
(30,100): 143 (131)
(30,101): 141 (130)
(30,102): 138 (128)
(30,103): 135 (126)
(30,104): 132 (124)
(30,105): 128 (122)
(30,106): 124 (119)
(30,107): 117 (115)
(30,108): 112 (112)
(30,109): 106 (108)
(30,110): 96 (102)
(30,111): 89 (98)
(30,112): 86 (96)
(30,113): 85 (95)
(30,114): 83 (94)
(30,115): 85 (95)
(30,116): 85 (95)
(30,117): 86 (96)
(30,118): 86 (96)
(30,119): 85 (95)
(30,120): 83 (94)
(30,121): 81 (93)
(30,122): 78 (91)
(30,123): 76 (90)
(30,124): 73 (88)
(30,125): 68 (85)
(30,126): 65 (83)
(30,127): 42 (69)
(31,0): 31 (62)
(31,1): 47 (72)
(31,2): 57 (78)
(31,3): 68 (85)
(31,4): 76 (90)
(31,5): 83 (94)
(31,6): 88 (97)
(31,7): 93 (100)
(31,8): 96 (102)
(31,9): 101 (105)
(31,10): 104 (107)
(31,11): 106 (108)
(31,12): 109 (110)
(31,13): 111 (111)
(31,14): 111 (111)
(31,15): 111 (111)
(31,16): 111 (111)
(31,17): 109 (110)
(31,18): 107 (109)
(31,19): 104 (107)
(31,20): 101 (105)
(31,21): 99 (104)
(31,22): 98 (103)
(31,23): 96 (102)
(31,24): 96 (102)
(31,25): 94 (101)
(31,26): 91 (99)
(31,27): 86 (96)
(31,28): 78 (91)
(31,29): 70 (86)
(31,30): 65 (83)
(31,31): 62 (81)
(31,32): 62 (81)
(31,33): 62 (81)
(31,34): 65 (83)
(31,35): 72 (87)
(31,36): 76 (90)
(31,37): 80 (92)
(31,38): 83 (94)
(31,39): 86 (96)
(31,40): 89 (98)
(31,41): 93 (100)
(31,42): 94 (101)
(31,43): 94 (101)
(31,44): 94 (101)
(31,45): 94 (101)
(31,46): 94 (101)
(31,47): 94 (101)
(31,48): 96 (102)
(31,49): 96 (102)
(31,50): 98 (103)
(31,51): 91 (99)
(31,52): 85 (95)
(31,53): 73 (88)
(31,54): 62 (81)
(31,55): 54 (76)
(31,56): 50 (74)
(31,57): 49 (73)
(31,58): 50 (74)
(31,59): 57 (78)
(31,60): 63 (82)
(31,61): 68 (85)
(31,62): 72 (87)
(31,63): 75 (89)
(31,64): 76 (90)
(31,65): 78 (91)
(31,66): 78 (91)
(31,67): 78 (91)
(31,68): 78 (91)
(31,69): 83 (94)
(31,70): 86 (96)
(31,71): 88 (97)
(31,72): 93 (100)
(31,73): 102 (106)
(31,74): 112 (112)
(31,75): 119 (116)
(31,76): 120 (117)
(31,77): 119 (116)
(31,78): 117 (115)
(31,79): 117 (115)
(31,80): 115 (114)
(31,81): 114 (113)
(31,82): 114 (113)
(31,83): 119 (116)
(31,84): 125 (120)
(31,85): 137 (127)
(31,86): 146 (133)
(31,87): 154 (138)
(31,88): 158 (140)
(31,89): 158 (140)
(31,90): 159 (141)
(31,91): 158 (140)
(31,92): 158 (140)
(31,93): 154 (138)
(31,94): 151 (136)
(31,95): 146 (133)
(31,96): 141 (130)
(31,97): 141 (130)
(31,98): 140 (129)
(31,99): 140 (129)
(31,100): 140 (129)
(31,101): 138 (128)
(31,102): 137 (127)
(31,103): 133 (125)
(31,104): 130 (123)
(31,105): 125 (120)
(31,106): 122 (118)
(31,107): 115 (114)
(31,108): 109 (110)
(31,109): 102 (106)
(31,110): 98 (103)
(31,111): 89 (98)
(31,112): 86 (96)
(31,113): 83 (94)
(31,114): 85 (95)
(31,115): 85 (95)
(31,116): 85 (95)
(31,117): 85 (95)
(31,118): 83 (94)
(31,119): 83 (94)
(31,120): 81 (93)
(31,121): 80 (92)
(31,122): 76 (90)
(31,123): 75 (89)
(31,124): 72 (87)
(31,125): 67 (84)
(31,126): 65 (83)
(31,127): 36 (65)
(32,0): 23 (57)
(32,1): 44 (70)
(32,2): 52 (75)
(32,3): 67 (84)
(32,4): 75 (89)
(32,5): 81 (93)
(32,6): 86 (96)
(32,7): 89 (98)
(32,8): 94 (101)
(32,9): 98 (103)
(32,10): 101 (105)
(32,11): 102 (106)
(32,12): 104 (107)
(32,13): 106 (108)
(32,14): 106 (108)
(32,15): 106 (108)
(32,16): 104 (107)
(32,17): 102 (106)
(32,18): 99 (104)
(32,19): 98 (103)
(32,20): 96 (102)
(32,21): 93 (100)
(32,22): 94 (101)
(32,23): 94 (101)
(32,24): 94 (101)
(32,25): 94 (101)
(32,26): 93 (100)
(32,27): 91 (99)
(32,28): 85 (95)
(32,29): 78 (91)
(32,30): 70 (86)
(32,31): 65 (83)
(32,32): 65 (83)
(32,33): 67 (84)
(32,34): 70 (86)
(32,35): 78 (91)
(32,36): 81 (93)
(32,37): 85 (95)
(32,38): 88 (97)
(32,39): 89 (98)
(32,40): 91 (99)
(32,41): 94 (101)
(32,42): 96 (102)
(32,43): 96 (102)
(32,44): 98 (103)
(32,45): 98 (103)
(32,46): 98 (103)
(32,47): 99 (104)
(32,48): 99 (104)
(32,49): 99 (104)
(32,50): 98 (103)
(32,51): 93 (100)
(32,52): 88 (97)
(32,53): 75 (89)
(32,54): 63 (82)
(32,55): 54 (76)
(32,56): 52 (75)
(32,57): 50 (74)
(32,58): 55 (77)
(32,59): 60 (80)
(32,60): 65 (83)
(32,61): 70 (86)
(32,62): 72 (87)
(32,63): 75 (89)
(32,64): 76 (90)
(32,65): 76 (90)
(32,66): 78 (91)
(32,67): 78 (91)
(32,68): 80 (92)
(32,69): 81 (93)
(32,70): 85 (95)
(32,71): 86 (96)
(32,72): 91 (99)
(32,73): 99 (104)
(32,74): 107 (109)
(32,75): 112 (112)
(32,76): 112 (112)
(32,77): 111 (111)
(32,78): 111 (111)
(32,79): 115 (114)
(32,80): 117 (115)
(32,81): 120 (117)
(32,82): 120 (117)
(32,83): 125 (120)
(32,84): 130 (123)
(32,85): 140 (129)
(32,86): 150 (135)
(32,87): 158 (140)
(32,88): 159 (141)
(32,89): 161 (142)
(32,90): 161 (142)
(32,91): 158 (140)
(32,92): 154 (138)
(32,93): 151 (136)
(32,94): 148 (134)
(32,95): 145 (132)
(32,96): 140 (129)
(32,97): 135 (126)
(32,98): 133 (125)
(32,99): 135 (126)
(32,100): 135 (126)
(32,101): 135 (126)
(32,102): 133 (125)
(32,103): 130 (123)
(32,104): 127 (121)
(32,105): 122 (118)
(32,106): 117 (115)
(32,107): 112 (112)
(32,108): 107 (109)
(32,109): 102 (106)
(32,110): 98 (103)
(32,111): 93 (100)
(32,112): 89 (98)
(32,113): 85 (95)
(32,114): 85 (95)
(32,115): 81 (93)
(32,116): 83 (94)
(32,117): 83 (94)
(32,118): 81 (93)
(32,119): 81 (93)
(32,120): 80 (92)
(32,121): 78 (91)
(32,122): 76 (90)
(32,123): 75 (89)
(32,124): 72 (87)
(32,125): 68 (85)
(32,126): 65 (83)
(32,127): 39 (67)
(33,0): 24 (58)
(33,1): 42 (69)
(33,2): 52 (75)
(33,3): 65 (83)
(33,4): 73 (88)
(33,5): 80 (92)
(33,6): 85 (95)
(33,7): 88 (97)
(33,8): 93 (100)
(33,9): 94 (101)
(33,10): 98 (103)
(33,11): 99 (104)
(33,12): 101 (105)
(33,13): 101 (105)
(33,14): 101 (105)
(33,15): 99 (104)
(33,16): 99 (104)
(33,17): 96 (102)
(33,18): 94 (101)
(33,19): 93 (100)
(33,20): 89 (98)
(33,21): 91 (99)
(33,22): 91 (99)
(33,23): 93 (100)
(33,24): 93 (100)
(33,25): 93 (100)
(33,26): 93 (100)
(33,27): 93 (100)
(33,28): 89 (98)
(33,29): 85 (95)
(33,30): 80 (92)
(33,31): 73 (88)
(33,32): 70 (86)
(33,33): 73 (88)
(33,34): 81 (93)
(33,35): 86 (96)
(33,36): 89 (98)
(33,37): 93 (100)
(33,38): 94 (101)
(33,39): 96 (102)
(33,40): 96 (102)
(33,41): 98 (103)
(33,42): 98 (103)
(33,43): 99 (104)
(33,44): 101 (105)
(33,45): 101 (105)
(33,46): 102 (106)
(33,47): 102 (106)
(33,48): 104 (107)
(33,49): 102 (106)
(33,50): 101 (105)
(33,51): 98 (103)
(33,52): 93 (100)
(33,53): 78 (91)
(33,54): 63 (82)
(33,55): 55 (77)
(33,56): 55 (77)
(33,57): 55 (77)
(33,58): 60 (80)
(33,59): 63 (82)
(33,60): 67 (84)
(33,61): 70 (86)
(33,62): 72 (87)
(33,63): 72 (87)
(33,64): 73 (88)
(33,65): 75 (89)
(33,66): 76 (90)
(33,67): 78 (91)
(33,68): 78 (91)
(33,69): 80 (92)
(33,70): 83 (94)
(33,71): 83 (94)
(33,72): 88 (97)
(33,73): 98 (103)
(33,74): 104 (107)
(33,75): 109 (110)
(33,76): 107 (109)
(33,77): 106 (108)
(33,78): 109 (110)
(33,79): 115 (114)
(33,80): 120 (117)
(33,81): 124 (119)
(33,82): 127 (121)
(33,83): 128 (122)
(33,84): 133 (125)
(33,85): 143 (131)
(33,86): 151 (136)
(33,87): 158 (140)
(33,88): 159 (141)
(33,89): 159 (141)
(33,90): 159 (141)
(33,91): 154 (138)
(33,92): 151 (136)
(33,93): 148 (134)
(33,94): 146 (133)
(33,95): 143 (131)
(33,96): 137 (127)
(33,97): 130 (123)
(33,98): 127 (121)
(33,99): 127 (121)
(33,100): 130 (123)
(33,101): 128 (122)
(33,102): 128 (122)
(33,103): 125 (120)
(33,104): 124 (119)
(33,105): 119 (116)
(33,106): 114 (113)
(33,107): 111 (111)
(33,108): 107 (109)
(33,109): 102 (106)
(33,110): 99 (104)
(33,111): 96 (102)
(33,112): 91 (99)
(33,113): 88 (97)
(33,114): 83 (94)
(33,115): 81 (93)
(33,116): 83 (94)
(33,117): 83 (94)
(33,118): 81 (93)
(33,119): 81 (93)
(33,120): 80 (92)
(33,121): 80 (92)
(33,122): 76 (90)
(33,123): 75 (89)
(33,124): 72 (87)
(33,125): 67 (84)
(33,126): 63 (82)
(33,127): 34 (64)
(34,0): 20 (55)
(34,1): 41 (68)
(34,2): 55 (77)
(34,3): 65 (83)
(34,4): 72 (87)
(34,5): 78 (91)
(34,6): 83 (94)
(34,7): 88 (97)
(34,8): 91 (99)
(34,9): 94 (101)
(34,10): 96 (102)
(34,11): 98 (103)
(34,12): 98 (103)
(34,13): 98 (103)
(34,14): 98 (103)
(34,15): 96 (102)
(34,16): 94 (101)
(34,17): 91 (99)
(34,18): 88 (97)
(34,19): 89 (98)
(34,20): 88 (97)
(34,21): 86 (96)
(34,22): 89 (98)
(34,23): 89 (98)
(34,24): 91 (99)
(34,25): 91 (99)
(34,26): 91 (99)
(34,27): 91 (99)
(34,28): 91 (99)
(34,29): 89 (98)
(34,30): 86 (96)
(34,31): 85 (95)
(34,32): 80 (92)
(34,33): 86 (96)
(34,34): 89 (98)
(34,35): 94 (101)
(34,36): 98 (103)
(34,37): 101 (105)
(34,38): 102 (106)
(34,39): 102 (106)
(34,40): 101 (105)
(34,41): 102 (106)
(34,42): 101 (105)
(34,43): 102 (106)
(34,44): 102 (106)
(34,45): 104 (107)
(34,46): 106 (108)
(34,47): 106 (108)
(34,48): 106 (108)
(34,49): 104 (107)
(34,50): 101 (105)
(34,51): 96 (102)
(34,52): 91 (99)
(34,53): 75 (89)
(34,54): 63 (82)
(34,55): 59 (79)
(34,56): 57 (78)
(34,57): 59 (79)
(34,58): 63 (82)
(34,59): 65 (83)
(34,60): 67 (84)
(34,61): 68 (85)
(34,62): 70 (86)
(34,63): 70 (86)
(34,64): 70 (86)
(34,65): 72 (87)
(34,66): 73 (88)
(34,67): 75 (89)
(34,68): 76 (90)
(34,69): 78 (91)
(34,70): 80 (92)
(34,71): 81 (93)
(34,72): 85 (95)
(34,73): 93 (100)
(34,74): 99 (104)
(34,75): 102 (106)
(34,76): 104 (107)
(34,77): 107 (109)
(34,78): 111 (111)
(34,79): 115 (114)
(34,80): 120 (117)
(34,81): 125 (120)
(34,82): 128 (122)
(34,83): 133 (125)
(34,84): 138 (128)
(34,85): 146 (133)
(34,86): 154 (138)
(34,87): 159 (141)
(34,88): 159 (141)
(34,89): 158 (140)
(34,90): 154 (138)
(34,91): 150 (135)
(34,92): 145 (132)
(34,93): 143 (131)
(34,94): 141 (130)
(34,95): 138 (128)
(34,96): 133 (125)
(34,97): 127 (121)
(34,98): 124 (119)
(34,99): 122 (118)
(34,100): 125 (120)
(34,101): 124 (119)
(34,102): 122 (118)
(34,103): 120 (117)
(34,104): 117 (115)
(34,105): 114 (113)
(34,106): 111 (111)
(34,107): 109 (110)
(34,108): 106 (108)
(34,109): 104 (107)
(34,110): 101 (105)
(34,111): 98 (103)
(34,112): 94 (101)
(34,113): 89 (98)
(34,114): 85 (95)
(34,115): 83 (94)
(34,116): 81 (93)
(34,117): 83 (94)
(34,118): 83 (94)
(34,119): 83 (94)
(34,120): 83 (94)
(34,121): 81 (93)
(34,122): 80 (92)
(34,123): 76 (90)
(34,124): 72 (87)
(34,125): 67 (84)
(34,126): 63 (82)
(34,127): 41 (68)
(35,0): 20 (55)
(35,1): 44 (70)
(35,2): 54 (76)
(35,3): 63 (82)
(35,4): 70 (86)
(35,5): 78 (91)
(35,6): 85 (95)
(35,7): 88 (97)
(35,8): 91 (99)
(35,9): 94 (101)
(35,10): 94 (101)
(35,11): 96 (102)
(35,12): 96 (102)
(35,13): 96 (102)
(35,14): 94 (101)
(35,15): 93 (100)
(35,16): 89 (98)
(35,17): 88 (97)
(35,18): 86 (96)
(35,19): 86 (96)
(35,20): 86 (96)
(35,21): 86 (96)
(35,22): 86 (96)
(35,23): 88 (97)
(35,24): 89 (98)
(35,25): 89 (98)
(35,26): 91 (99)
(35,27): 91 (99)
(35,28): 91 (99)
(35,29): 93 (100)
(35,30): 91 (99)
(35,31): 91 (99)
(35,32): 93 (100)
(35,33): 94 (101)
(35,34): 98 (103)
(35,35): 101 (105)
(35,36): 102 (106)
(35,37): 106 (108)
(35,38): 106 (108)
(35,39): 107 (109)
(35,40): 106 (108)
(35,41): 104 (107)
(35,42): 104 (107)
(35,43): 104 (107)
(35,44): 106 (108)
(35,45): 107 (109)
(35,46): 109 (110)
(35,47): 109 (110)
(35,48): 109 (110)
(35,49): 106 (108)
(35,50): 102 (106)
(35,51): 98 (103)
(35,52): 93 (100)
(35,53): 76 (90)
(35,54): 67 (84)
(35,55): 62 (81)
(35,56): 62 (81)
(35,57): 65 (83)
(35,58): 67 (84)
(35,59): 67 (84)
(35,60): 68 (85)
(35,61): 68 (85)
(35,62): 67 (84)
(35,63): 67 (84)
(35,64): 67 (84)
(35,65): 68 (85)
(35,66): 70 (86)
(35,67): 73 (88)
(35,68): 75 (89)
(35,69): 76 (90)
(35,70): 78 (91)
(35,71): 78 (91)
(35,72): 81 (93)
(35,73): 88 (97)
(35,74): 93 (100)
(35,75): 98 (103)
(35,76): 102 (106)
(35,77): 107 (109)
(35,78): 109 (110)
(35,79): 114 (113)
(35,80): 119 (116)
(35,81): 124 (119)
(35,82): 128 (122)
(35,83): 132 (124)
(35,84): 135 (126)
(35,85): 141 (130)
(35,86): 146 (133)
(35,87): 148 (134)
(35,88): 148 (134)
(35,89): 146 (133)
(35,90): 143 (131)
(35,91): 140 (129)
(35,92): 135 (126)
(35,93): 137 (127)
(35,94): 135 (126)
(35,95): 133 (125)
(35,96): 130 (123)
(35,97): 127 (121)
(35,98): 124 (119)
(35,99): 122 (118)
(35,100): 120 (117)
(35,101): 119 (116)
(35,102): 117 (115)
(35,103): 115 (114)
(35,104): 114 (113)
(35,105): 111 (111)
(35,106): 109 (110)
(35,107): 107 (109)
(35,108): 106 (108)
(35,109): 104 (107)
(35,110): 102 (106)
(35,111): 99 (104)
(35,112): 96 (102)
(35,113): 93 (100)
(35,114): 89 (98)
(35,115): 85 (95)
(35,116): 83 (94)
(35,117): 85 (95)
(35,118): 85 (95)
(35,119): 85 (95)
(35,120): 85 (95)
(35,121): 85 (95)
(35,122): 81 (93)
(35,123): 80 (92)
(35,124): 73 (88)
(35,125): 67 (84)
(35,126): 62 (81)
(35,127): 34 (64)
(36,0): 16 (53)
(36,1): 42 (69)
(36,2): 54 (76)
(36,3): 63 (82)
(36,4): 73 (88)
(36,5): 81 (93)
(36,6): 88 (97)
(36,7): 91 (99)
(36,8): 93 (100)
(36,9): 96 (102)
(36,10): 96 (102)
(36,11): 96 (102)
(36,12): 96 (102)
(36,13): 94 (101)
(36,14): 93 (100)
(36,15): 89 (98)
(36,16): 88 (97)
(36,17): 83 (94)
(36,18): 81 (93)
(36,19): 81 (93)
(36,20): 83 (94)
(36,21): 85 (95)
(36,22): 85 (95)
(36,23): 86 (96)
(36,24): 86 (96)
(36,25): 88 (97)
(36,26): 89 (98)
(36,27): 91 (99)
(36,28): 91 (99)
(36,29): 93 (100)
(36,30): 94 (101)
(36,31): 98 (103)
(36,32): 99 (104)
(36,33): 101 (105)
(36,34): 102 (106)
(36,35): 104 (107)
(36,36): 106 (108)
(36,37): 107 (109)
(36,38): 107 (109)
(36,39): 107 (109)
(36,40): 106 (108)
(36,41): 104 (107)
(36,42): 101 (105)
(36,43): 104 (107)
(36,44): 106 (108)
(36,45): 107 (109)
(36,46): 111 (111)
(36,47): 109 (110)
(36,48): 109 (110)
(36,49): 106 (108)
(36,50): 101 (105)
(36,51): 96 (102)
(36,52): 93 (100)
(36,53): 76 (90)
(36,54): 72 (87)
(36,55): 68 (85)
(36,56): 68 (85)
(36,57): 70 (86)
(36,58): 70 (86)
(36,59): 68 (85)
(36,60): 68 (85)
(36,61): 67 (84)
(36,62): 65 (83)
(36,63): 62 (81)
(36,64): 62 (81)
(36,65): 62 (81)
(36,66): 67 (84)
(36,67): 70 (86)
(36,68): 73 (88)
(36,69): 75 (89)
(36,70): 76 (90)
(36,71): 78 (91)
(36,72): 78 (91)
(36,73): 85 (95)
(36,74): 86 (96)
(36,75): 94 (101)
(36,76): 99 (104)
(36,77): 102 (106)
(36,78): 107 (109)
(36,79): 111 (111)
(36,80): 115 (114)
(36,81): 120 (117)
(36,82): 125 (120)
(36,83): 128 (122)
(36,84): 130 (123)
(36,85): 132 (124)
(36,86): 132 (124)
(36,87): 132 (124)
(36,88): 130 (123)
(36,89): 127 (121)
(36,90): 127 (121)
(36,91): 125 (120)
(36,92): 128 (122)
(36,93): 130 (123)
(36,94): 130 (123)
(36,95): 130 (123)
(36,96): 127 (121)
(36,97): 125 (120)
(36,98): 122 (118)
(36,99): 120 (117)
(36,100): 117 (115)
(36,101): 115 (114)
(36,102): 114 (113)
(36,103): 112 (112)
(36,104): 111 (111)
(36,105): 109 (110)
(36,106): 107 (109)
(36,107): 106 (108)
(36,108): 106 (108)
(36,109): 104 (107)
(36,110): 102 (106)
(36,111): 101 (105)
(36,112): 99 (104)
(36,113): 96 (102)
(36,114): 93 (100)
(36,115): 89 (98)
(36,116): 86 (96)
(36,117): 85 (95)
(36,118): 88 (97)
(36,119): 88 (97)
(36,120): 88 (97)
(36,121): 88 (97)
(36,122): 86 (96)
(36,123): 85 (95)
(36,124): 80 (92)
(36,125): 72 (87)
(36,126): 65 (83)
(36,127): 46 (71)
(37,0): 16 (53)
(37,1): 41 (68)
(37,2): 52 (75)
(37,3): 68 (85)
(37,4): 80 (92)
(37,5): 88 (97)
(37,6): 94 (101)
(37,7): 96 (102)
(37,8): 99 (104)
(37,9): 99 (104)
(37,10): 99 (104)
(37,11): 99 (104)
(37,12): 98 (103)
(37,13): 96 (102)
(37,14): 93 (100)
(37,15): 89 (98)
(37,16): 83 (94)
(37,17): 81 (93)
(37,18): 80 (92)
(37,19): 81 (93)
(37,20): 81 (93)
(37,21): 83 (94)
(37,22): 83 (94)
(37,23): 83 (94)
(37,24): 85 (95)
(37,25): 86 (96)
(37,26): 88 (97)
(37,27): 89 (98)
(37,28): 91 (99)
(37,29): 91 (99)
(37,30): 98 (103)
(37,31): 101 (105)
(37,32): 102 (106)
(37,33): 106 (108)
(37,34): 104 (107)
(37,35): 106 (108)
(37,36): 104 (107)
(37,37): 104 (107)
(37,38): 104 (107)
(37,39): 104 (107)
(37,40): 102 (106)
(37,41): 99 (104)
(37,42): 99 (104)
(37,43): 101 (105)
(37,44): 106 (108)
(37,45): 107 (109)
(37,46): 111 (111)
(37,47): 111 (111)
(37,48): 111 (111)
(37,49): 106 (108)
(37,50): 102 (106)
(37,51): 96 (102)
(37,52): 94 (101)
(37,53): 85 (95)
(37,54): 80 (92)
(37,55): 78 (91)
(37,56): 76 (90)
(37,57): 75 (89)
(37,58): 73 (88)
(37,59): 70 (86)
(37,60): 68 (85)
(37,61): 67 (84)
(37,62): 63 (82)
(37,63): 62 (81)
(37,64): 62 (81)
(37,65): 62 (81)
(37,66): 62 (81)
(37,67): 67 (84)
(37,68): 70 (86)
(37,69): 72 (87)
(37,70): 75 (89)
(37,71): 76 (90)
(37,72): 80 (92)
(37,73): 80 (92)
(37,74): 86 (96)
(37,75): 91 (99)
(37,76): 96 (102)
(37,77): 99 (104)
(37,78): 104 (107)
(37,79): 107 (109)
(37,80): 112 (112)
(37,81): 115 (114)
(37,82): 120 (117)
(37,83): 122 (118)
(37,84): 122 (118)
(37,85): 122 (118)
(37,86): 119 (116)
(37,87): 115 (114)
(37,88): 114 (113)
(37,89): 112 (112)
(37,90): 114 (113)
(37,91): 115 (114)
(37,92): 124 (119)
(37,93): 125 (120)
(37,94): 127 (121)
(37,95): 127 (121)
(37,96): 125 (120)
(37,97): 122 (118)
(37,98): 120 (117)
(37,99): 117 (115)
(37,100): 115 (114)
(37,101): 112 (112)
(37,102): 111 (111)
(37,103): 109 (110)
(37,104): 109 (110)
(37,105): 107 (109)
(37,106): 107 (109)
(37,107): 106 (108)
(37,108): 106 (108)
(37,109): 104 (107)
(37,110): 104 (107)
(37,111): 102 (106)
(37,112): 101 (105)
(37,113): 98 (103)
(37,114): 96 (102)
(37,115): 93 (100)
(37,116): 91 (99)
(37,117): 89 (98)
(37,118): 89 (98)
(37,119): 89 (98)
(37,120): 89 (98)
(37,121): 89 (98)
(37,122): 89 (98)
(37,123): 88 (97)
(37,124): 86 (96)
(37,125): 80 (92)
(37,126): 70 (86)
(37,127): 44 (70)
(38,0): 15 (52)
(38,1): 36 (65)
(38,2): 52 (75)
(38,3): 73 (88)
(38,4): 89 (98)
(38,5): 98 (103)
(38,6): 99 (104)
(38,7): 102 (106)
(38,8): 106 (108)
(38,9): 106 (108)
(38,10): 104 (107)
(38,11): 102 (106)
(38,12): 99 (104)
(38,13): 98 (103)
(38,14): 93 (100)
(38,15): 88 (97)
(38,16): 81 (93)
(38,17): 80 (92)
(38,18): 81 (93)
(38,19): 81 (93)
(38,20): 80 (92)
(38,21): 80 (92)
(38,22): 80 (92)
(38,23): 80 (92)
(38,24): 81 (93)
(38,25): 83 (94)
(38,26): 85 (95)
(38,27): 88 (97)
(38,28): 91 (99)
(38,29): 96 (102)
(38,30): 99 (104)
(38,31): 104 (107)
(38,32): 109 (110)
(38,33): 112 (112)
(38,34): 111 (111)
(38,35): 109 (110)
(38,36): 104 (107)
(38,37): 96 (102)
(38,38): 89 (98)
(38,39): 86 (96)
(38,40): 85 (95)
(38,41): 86 (96)
(38,42): 89 (98)
(38,43): 94 (101)
(38,44): 102 (106)
(38,45): 106 (108)
(38,46): 109 (110)
(38,47): 109 (110)
(38,48): 109 (110)
(38,49): 106 (108)
(38,50): 101 (105)
(38,51): 96 (102)
(38,52): 94 (101)
(38,53): 86 (96)
(38,54): 88 (97)
(38,55): 85 (95)
(38,56): 83 (94)
(38,57): 78 (91)
(38,58): 75 (89)
(38,59): 72 (87)
(38,60): 68 (85)
(38,61): 65 (83)
(38,62): 62 (81)
(38,63): 57 (78)
(38,64): 57 (78)
(38,65): 57 (78)
(38,66): 59 (79)
(38,67): 62 (81)
(38,68): 67 (84)
(38,69): 70 (86)
(38,70): 73 (88)
(38,71): 76 (90)
(38,72): 80 (92)
(38,73): 80 (92)
(38,74): 83 (94)
(38,75): 89 (98)
(38,76): 93 (100)
(38,77): 98 (103)
(38,78): 101 (105)
(38,79): 104 (107)
(38,80): 107 (109)
(38,81): 111 (111)
(38,82): 114 (113)
(38,83): 115 (114)
(38,84): 114 (113)
(38,85): 112 (112)
(38,86): 111 (111)
(38,87): 106 (108)
(38,88): 106 (108)
(38,89): 104 (107)
(38,90): 106 (108)
(38,91): 107 (109)
(38,92): 115 (114)
(38,93): 119 (116)
(38,94): 120 (117)
(38,95): 120 (117)
(38,96): 122 (118)
(38,97): 120 (117)
(38,98): 117 (115)
(38,99): 114 (113)
(38,100): 112 (112)
(38,101): 109 (110)
(38,102): 106 (108)
(38,103): 107 (109)
(38,104): 107 (109)
(38,105): 106 (108)
(38,106): 106 (108)
(38,107): 106 (108)
(38,108): 106 (108)
(38,109): 106 (108)
(38,110): 104 (107)
(38,111): 104 (107)
(38,112): 102 (106)
(38,113): 101 (105)
(38,114): 98 (103)
(38,115): 96 (102)
(38,116): 94 (101)
(38,117): 93 (100)
(38,118): 93 (100)
(38,119): 93 (100)
(38,120): 93 (100)
(38,121): 91 (99)
(38,122): 91 (99)
(38,123): 91 (99)
(38,124): 89 (98)
(38,125): 86 (96)
(38,126): 76 (90)
(38,127): 49 (73)
(39,0): 18 (54)
(39,1): 37 (66)
(39,2): 55 (77)
(39,3): 76 (90)
(39,4): 93 (100)
(39,5): 101 (105)
(39,6): 104 (107)
(39,7): 106 (108)
(39,8): 107 (109)
(39,9): 107 (109)
(39,10): 106 (108)
(39,11): 104 (107)
(39,12): 99 (104)
(39,13): 96 (102)
(39,14): 91 (99)
(39,15): 85 (95)
(39,16): 80 (92)
(39,17): 80 (92)
(39,18): 80 (92)
(39,19): 80 (92)
(39,20): 80 (92)
(39,21): 78 (91)
(39,22): 78 (91)
(39,23): 75 (89)
(39,24): 78 (91)
(39,25): 80 (92)
(39,26): 80 (92)
(39,27): 86 (96)
(39,28): 91 (99)
(39,29): 98 (103)
(39,30): 102 (106)
(39,31): 106 (108)
(39,32): 107 (109)
(39,33): 112 (112)
(39,34): 109 (110)
(39,35): 107 (109)
(39,36): 101 (105)
(39,37): 89 (98)
(39,38): 85 (95)
(39,39): 83 (94)
(39,40): 83 (94)
(39,41): 83 (94)
(39,42): 86 (96)
(39,43): 91 (99)
(39,44): 99 (104)
(39,45): 104 (107)
(39,46): 109 (110)
(39,47): 107 (109)
(39,48): 109 (110)
(39,49): 104 (107)
(39,50): 102 (106)
(39,51): 98 (103)
(39,52): 96 (102)
(39,53): 93 (100)
(39,54): 91 (99)
(39,55): 88 (97)
(39,56): 85 (95)
(39,57): 80 (92)
(39,58): 75 (89)
(39,59): 70 (86)
(39,60): 67 (84)
(39,61): 63 (82)
(39,62): 59 (79)
(39,63): 57 (78)
(39,64): 59 (79)
(39,65): 57 (78)
(39,66): 59 (79)
(39,67): 60 (80)
(39,68): 67 (84)
(39,69): 72 (87)
(39,70): 75 (89)
(39,71): 78 (91)
(39,72): 80 (92)
(39,73): 83 (94)
(39,74): 86 (96)
(39,75): 89 (98)
(39,76): 93 (100)
(39,77): 96 (102)
(39,78): 99 (104)
(39,79): 101 (105)
(39,80): 104 (107)
(39,81): 106 (108)
(39,82): 107 (109)
(39,83): 109 (110)
(39,84): 107 (109)
(39,85): 106 (108)
(39,86): 104 (107)
(39,87): 102 (106)
(39,88): 102 (106)
(39,89): 99 (104)
(39,90): 101 (105)
(39,91): 104 (107)
(39,92): 107 (109)
(39,93): 111 (111)
(39,94): 114 (113)
(39,95): 114 (113)
(39,96): 115 (114)
(39,97): 115 (114)
(39,98): 114 (113)
(39,99): 111 (111)
(39,100): 109 (110)
(39,101): 107 (109)
(39,102): 104 (107)
(39,103): 106 (108)
(39,104): 106 (108)
(39,105): 106 (108)
(39,106): 106 (108)
(39,107): 106 (108)
(39,108): 106 (108)
(39,109): 106 (108)
(39,110): 106 (108)
(39,111): 104 (107)
(39,112): 104 (107)
(39,113): 102 (106)
(39,114): 99 (104)
(39,115): 98 (103)
(39,116): 96 (102)
(39,117): 96 (102)
(39,118): 94 (101)
(39,119): 94 (101)
(39,120): 94 (101)
(39,121): 93 (100)
(39,122): 93 (100)
(39,123): 91 (99)
(39,124): 89 (98)
(39,125): 88 (97)
(39,126): 76 (90)
(39,127): 47 (72)
(40,0): 18 (54)
(40,1): 37 (66)
(40,2): 57 (78)
(40,3): 78 (91)
(40,4): 91 (99)
(40,5): 99 (104)
(40,6): 102 (106)
(40,7): 104 (107)
(40,8): 106 (108)
(40,9): 104 (107)
(40,10): 104 (107)
(40,11): 101 (105)
(40,12): 96 (102)
(40,13): 93 (100)
(40,14): 89 (98)
(40,15): 86 (96)
(40,16): 83 (94)
(40,17): 81 (93)
(40,18): 80 (92)
(40,19): 80 (92)
(40,20): 78 (91)
(40,21): 75 (89)
(40,22): 75 (89)
(40,23): 72 (87)
(40,24): 75 (89)
(40,25): 76 (90)
(40,26): 76 (90)
(40,27): 81 (93)
(40,28): 91 (99)
(40,29): 98 (103)
(40,30): 106 (108)
(40,31): 117 (115)
(40,32): 117 (115)
(40,33): 120 (117)
(40,34): 114 (113)
(40,35): 109 (110)
(40,36): 101 (105)
(40,37): 89 (98)
(40,38): 85 (95)
(40,39): 83 (94)
(40,40): 83 (94)
(40,41): 83 (94)
(40,42): 86 (96)
(40,43): 93 (100)
(40,44): 98 (103)
(40,45): 102 (106)
(40,46): 106 (108)
(40,47): 106 (108)
(40,48): 106 (108)
(40,49): 104 (107)
(40,50): 102 (106)
(40,51): 98 (103)
(40,52): 96 (102)
(40,53): 93 (100)
(40,54): 91 (99)
(40,55): 86 (96)
(40,56): 83 (94)
(40,57): 78 (91)
(40,58): 73 (88)
(40,59): 67 (84)
(40,60): 63 (82)
(40,61): 60 (80)
(40,62): 59 (79)
(40,63): 57 (78)
(40,64): 55 (77)
(40,65): 57 (78)
(40,66): 59 (79)
(40,67): 63 (82)
(40,68): 70 (86)
(40,69): 75 (89)
(40,70): 78 (91)
(40,71): 80 (92)
(40,72): 81 (93)
(40,73): 85 (95)
(40,74): 88 (97)
(40,75): 89 (98)
(40,76): 93 (100)
(40,77): 94 (101)
(40,78): 98 (103)
(40,79): 99 (104)
(40,80): 99 (104)
(40,81): 101 (105)
(40,82): 101 (105)
(40,83): 101 (105)
(40,84): 101 (105)
(40,85): 101 (105)
(40,86): 99 (104)
(40,87): 99 (104)
(40,88): 99 (104)
(40,89): 98 (103)
(40,90): 99 (104)
(40,91): 96 (102)
(40,92): 99 (104)
(40,93): 102 (106)
(40,94): 106 (108)
(40,95): 104 (107)
(40,96): 109 (110)
(40,97): 109 (110)
(40,98): 109 (110)
(40,99): 107 (109)
(40,100): 107 (109)
(40,101): 106 (108)
(40,102): 106 (108)
(40,103): 106 (108)
(40,104): 104 (107)
(40,105): 104 (107)
(40,106): 104 (107)
(40,107): 104 (107)
(40,108): 104 (107)
(40,109): 106 (108)
(40,110): 106 (108)
(40,111): 106 (108)
(40,112): 104 (107)
(40,113): 102 (106)
(40,114): 101 (105)
(40,115): 99 (104)
(40,116): 99 (104)
(40,117): 98 (103)
(40,118): 96 (102)
(40,119): 96 (102)
(40,120): 94 (101)
(40,121): 93 (100)
(40,122): 93 (100)
(40,123): 91 (99)
(40,124): 89 (98)
(40,125): 88 (97)
(40,126): 80 (92)
(40,127): 52 (75)
(41,0): 23 (57)
(41,1): 42 (69)
(41,2): 57 (78)
(41,3): 73 (88)
(41,4): 83 (94)
(41,5): 89 (98)
(41,6): 94 (101)
(41,7): 98 (103)
(41,8): 98 (103)
(41,9): 96 (102)
(41,10): 94 (101)
(41,11): 93 (100)
(41,12): 89 (98)
(41,13): 86 (96)
(41,14): 86 (96)
(41,15): 86 (96)
(41,16): 85 (95)
(41,17): 83 (94)
(41,18): 81 (93)
(41,19): 80 (92)
(41,20): 76 (90)
(41,21): 73 (88)
(41,22): 68 (85)
(41,23): 68 (85)
(41,24): 72 (87)
(41,25): 72 (87)
(41,26): 75 (89)
(41,27): 80 (92)
(41,28): 85 (95)
(41,29): 93 (100)
(41,30): 102 (106)
(41,31): 115 (114)
(41,32): 114 (113)
(41,33): 115 (114)
(41,34): 109 (110)
(41,35): 106 (108)
(41,36): 101 (105)
(41,37): 94 (101)
(41,38): 88 (97)
(41,39): 85 (95)
(41,40): 83 (94)
(41,41): 83 (94)
(41,42): 86 (96)
(41,43): 93 (100)
(41,44): 99 (104)
(41,45): 101 (105)
(41,46): 104 (107)
(41,47): 104 (107)
(41,48): 104 (107)
(41,49): 102 (106)
(41,50): 102 (106)
(41,51): 98 (103)
(41,52): 98 (103)
(41,53): 93 (100)
(41,54): 89 (98)
(41,55): 85 (95)
(41,56): 80 (92)
(41,57): 75 (89)
(41,58): 72 (87)
(41,59): 68 (85)
(41,60): 65 (83)
(41,61): 63 (82)
(41,62): 62 (81)
(41,63): 59 (79)
(41,64): 59 (79)
(41,65): 60 (80)
(41,66): 67 (84)
(41,67): 70 (86)
(41,68): 75 (89)
(41,69): 78 (91)
(41,70): 81 (93)
(41,71): 83 (94)
(41,72): 85 (95)
(41,73): 86 (96)
(41,74): 88 (97)
(41,75): 89 (98)
(41,76): 93 (100)
(41,77): 94 (101)
(41,78): 94 (101)
(41,79): 96 (102)
(41,80): 96 (102)
(41,81): 93 (100)
(41,82): 93 (100)
(41,83): 96 (102)
(41,84): 96 (102)
(41,85): 96 (102)
(41,86): 96 (102)
(41,87): 96 (102)
(41,88): 96 (102)
(41,89): 96 (102)
(41,90): 94 (101)
(41,91): 94 (101)
(41,92): 96 (102)
(41,93): 99 (104)
(41,94): 101 (105)
(41,95): 102 (106)
(41,96): 104 (107)
(41,97): 106 (108)
(41,98): 107 (109)
(41,99): 107 (109)
(41,100): 106 (108)
(41,101): 106 (108)
(41,102): 106 (108)
(41,103): 104 (107)
(41,104): 104 (107)
(41,105): 102 (106)
(41,106): 102 (106)
(41,107): 102 (106)
(41,108): 104 (107)
(41,109): 106 (108)
(41,110): 106 (108)
(41,111): 106 (108)
(41,112): 106 (108)
(41,113): 104 (107)
(41,114): 102 (106)
(41,115): 101 (105)
(41,116): 99 (104)
(41,117): 99 (104)
(41,118): 98 (103)
(41,119): 96 (102)
(41,120): 94 (101)
(41,121): 94 (101)
(41,122): 93 (100)
(41,123): 91 (99)
(41,124): 89 (98)
(41,125): 86 (96)
(41,126): 78 (91)
(41,127): 44 (70)
(42,0): 20 (55)
(42,1): 39 (67)
(42,2): 52 (75)
(42,3): 63 (82)
(42,4): 72 (87)
(42,5): 78 (91)
(42,6): 81 (93)
(42,7): 85 (95)
(42,8): 86 (96)
(42,9): 86 (96)
(42,10): 83 (94)
(42,11): 83 (94)
(42,12): 86 (96)
(42,13): 86 (96)
(42,14): 86 (96)
(42,15): 86 (96)
(42,16): 85 (95)
(42,17): 85 (95)
(42,18): 83 (94)
(42,19): 80 (92)
(42,20): 75 (89)
(42,21): 68 (85)
(42,22): 65 (83)
(42,23): 65 (83)
(42,24): 67 (84)
(42,25): 72 (87)
(42,26): 75 (89)
(42,27): 76 (90)
(42,28): 81 (93)
(42,29): 88 (97)
(42,30): 101 (105)
(42,31): 114 (113)
(42,32): 114 (113)
(42,33): 115 (114)
(42,34): 109 (110)
(42,35): 106 (108)
(42,36): 101 (105)
(42,37): 96 (102)
(42,38): 91 (99)
(42,39): 83 (94)
(42,40): 81 (93)
(42,41): 81 (93)
(42,42): 86 (96)
(42,43): 91 (99)
(42,44): 96 (102)
(42,45): 98 (103)
(42,46): 101 (105)
(42,47): 101 (105)
(42,48): 101 (105)
(42,49): 99 (104)
(42,50): 99 (104)
(42,51): 96 (102)
(42,52): 94 (101)
(42,53): 89 (98)
(42,54): 86 (96)
(42,55): 78 (91)
(42,56): 75 (89)
(42,57): 73 (88)
(42,58): 68 (85)
(42,59): 68 (85)
(42,60): 67 (84)
(42,61): 62 (81)
(42,62): 62 (81)
(42,63): 62 (81)
(42,64): 63 (82)
(42,65): 68 (85)
(42,66): 72 (87)
(42,67): 76 (90)
(42,68): 80 (92)
(42,69): 81 (93)
(42,70): 83 (94)
(42,71): 85 (95)
(42,72): 86 (96)
(42,73): 86 (96)
(42,74): 88 (97)
(42,75): 89 (98)
(42,76): 91 (99)
(42,77): 93 (100)
(42,78): 93 (100)
(42,79): 93 (100)
(42,80): 93 (100)
(42,81): 93 (100)
(42,82): 93 (100)
(42,83): 91 (99)
(42,84): 94 (101)
(42,85): 94 (101)
(42,86): 96 (102)
(42,87): 96 (102)
(42,88): 96 (102)
(42,89): 96 (102)
(42,90): 96 (102)
(42,91): 96 (102)
(42,92): 98 (103)
(42,93): 96 (102)
(42,94): 98 (103)
(42,95): 101 (105)
(42,96): 102 (106)
(42,97): 104 (107)
(42,98): 106 (108)
(42,99): 107 (109)
(42,100): 107 (109)
(42,101): 106 (108)
(42,102): 106 (108)
(42,103): 104 (107)
(42,104): 104 (107)
(42,105): 99 (104)
(42,106): 102 (106)
(42,107): 99 (104)
(42,108): 104 (107)
(42,109): 104 (107)
(42,110): 106 (108)
(42,111): 106 (108)
(42,112): 106 (108)
(42,113): 104 (107)
(42,114): 104 (107)
(42,115): 102 (106)
(42,116): 101 (105)
(42,117): 99 (104)
(42,118): 98 (103)
(42,119): 98 (103)
(42,120): 96 (102)
(42,121): 94 (101)
(42,122): 93 (100)
(42,123): 93 (100)
(42,124): 91 (99)
(42,125): 89 (98)
(42,126): 81 (93)
(42,127): 54 (76)
(43,0): 23 (57)
(43,1): 41 (68)
(43,2): 47 (72)
(43,3): 57 (78)
(43,4): 63 (82)
(43,5): 70 (86)
(43,6): 73 (88)
(43,7): 76 (90)
(43,8): 78 (91)
(43,9): 78 (91)
(43,10): 76 (90)
(43,11): 80 (92)
(43,12): 81 (93)
(43,13): 83 (94)
(43,14): 85 (95)
(43,15): 85 (95)
(43,16): 85 (95)
(43,17): 85 (95)
(43,18): 83 (94)
(43,19): 80 (92)
(43,20): 73 (88)
(43,21): 63 (82)
(43,22): 62 (81)
(43,23): 63 (82)
(43,24): 67 (84)
(43,25): 70 (86)
(43,26): 72 (87)
(43,27): 75 (89)
(43,28): 76 (90)
(43,29): 85 (95)
(43,30): 91 (99)
(43,31): 99 (104)
(43,32): 104 (107)
(43,33): 107 (109)
(43,34): 104 (107)
(43,35): 102 (106)
(43,36): 99 (104)
(43,37): 98 (103)
(43,38): 91 (99)
(43,39): 81 (93)
(43,40): 76 (90)
(43,41): 76 (90)
(43,42): 80 (92)
(43,43): 86 (96)
(43,44): 91 (99)
(43,45): 94 (101)
(43,46): 96 (102)
(43,47): 96 (102)
(43,48): 98 (103)
(43,49): 98 (103)
(43,50): 98 (103)
(43,51): 94 (101)
(43,52): 91 (99)
(43,53): 88 (97)
(43,54): 83 (94)
(43,55): 76 (90)
(43,56): 73 (88)
(43,57): 73 (88)
(43,58): 70 (86)
(43,59): 68 (85)
(43,60): 68 (85)
(43,61): 67 (84)
(43,62): 65 (83)
(43,63): 68 (85)
(43,64): 72 (87)
(43,65): 73 (88)
(43,66): 78 (91)
(43,67): 80 (92)
(43,68): 83 (94)
(43,69): 85 (95)
(43,70): 86 (96)
(43,71): 86 (96)
(43,72): 88 (97)
(43,73): 86 (96)
(43,74): 88 (97)
(43,75): 89 (98)
(43,76): 89 (98)
(43,77): 91 (99)
(43,78): 93 (100)
(43,79): 93 (100)
(43,80): 93 (100)
(43,81): 93 (100)
(43,82): 91 (99)
(43,83): 94 (101)
(43,84): 94 (101)
(43,85): 96 (102)
(43,86): 98 (103)
(43,87): 98 (103)
(43,88): 98 (103)
(43,89): 98 (103)
(43,90): 98 (103)
(43,91): 98 (103)
(43,92): 99 (104)
(43,93): 99 (104)
(43,94): 101 (105)
(43,95): 102 (106)
(43,96): 104 (107)
(43,97): 106 (108)
(43,98): 106 (108)
(43,99): 107 (109)
(43,100): 107 (109)
(43,101): 107 (109)
(43,102): 106 (108)
(43,103): 106 (108)
(43,104): 104 (107)
(43,105): 102 (106)
(43,106): 102 (106)
(43,107): 102 (106)
(43,108): 104 (107)
(43,109): 104 (107)
(43,110): 106 (108)
(43,111): 106 (108)
(43,112): 106 (108)
(43,113): 106 (108)
(43,114): 104 (107)
(43,115): 102 (106)
(43,116): 101 (105)
(43,117): 101 (105)
(43,118): 99 (104)
(43,119): 98 (103)
(43,120): 96 (102)
(43,121): 96 (102)
(43,122): 94 (101)
(43,123): 94 (101)
(43,124): 93 (100)
(43,125): 88 (97)
(43,126): 83 (94)
(43,127): 50 (74)
(44,0): 15 (52)
(44,1): 37 (66)
(44,2): 44 (70)
(44,3): 54 (76)
(44,4): 59 (79)
(44,5): 63 (82)
(44,6): 67 (84)
(44,7): 70 (86)
(44,8): 72 (87)
(44,9): 73 (88)
(44,10): 75 (89)
(44,11): 76 (90)
(44,12): 80 (92)
(44,13): 81 (93)
(44,14): 83 (94)
(44,15): 85 (95)
(44,16): 85 (95)
(44,17): 85 (95)
(44,18): 83 (94)
(44,19): 80 (92)
(44,20): 65 (83)
(44,21): 60 (80)
(44,22): 59 (79)
(44,23): 62 (81)
(44,24): 67 (84)
(44,25): 68 (85)
(44,26): 70 (86)
(44,27): 72 (87)
(44,28): 72 (87)
(44,29): 75 (89)
(44,30): 81 (93)
(44,31): 83 (94)
(44,32): 91 (99)
(44,33): 96 (102)
(44,34): 101 (105)
(44,35): 99 (104)
(44,36): 98 (103)
(44,37): 94 (101)
(44,38): 86 (96)
(44,39): 75 (89)
(44,40): 70 (86)
(44,41): 70 (86)
(44,42): 75 (89)
(44,43): 81 (93)
(44,44): 86 (96)
(44,45): 88 (97)
(44,46): 91 (99)
(44,47): 91 (99)
(44,48): 93 (100)
(44,49): 93 (100)
(44,50): 93 (100)
(44,51): 91 (99)
(44,52): 89 (98)
(44,53): 86 (96)
(44,54): 81 (93)
(44,55): 78 (91)
(44,56): 75 (89)
(44,57): 73 (88)
(44,58): 72 (87)
(44,59): 70 (86)
(44,60): 68 (85)
(44,61): 70 (86)
(44,62): 70 (86)
(44,63): 72 (87)
(44,64): 75 (89)
(44,65): 76 (90)
(44,66): 78 (91)
(44,67): 80 (92)
(44,68): 81 (93)
(44,69): 83 (94)
(44,70): 85 (95)
(44,71): 85 (95)
(44,72): 86 (96)
(44,73): 83 (94)
(44,74): 85 (95)
(44,75): 88 (97)
(44,76): 89 (98)
(44,77): 91 (99)
(44,78): 93 (100)
(44,79): 91 (99)
(44,80): 94 (101)
(44,81): 96 (102)
(44,82): 96 (102)
(44,83): 98 (103)
(44,84): 96 (102)
(44,85): 99 (104)
(44,86): 98 (103)
(44,87): 101 (105)
(44,88): 101 (105)
(44,89): 101 (105)
(44,90): 99 (104)
(44,91): 99 (104)
(44,92): 102 (106)
(44,93): 102 (106)
(44,94): 101 (105)
(44,95): 104 (107)
(44,96): 106 (108)
(44,97): 107 (109)
(44,98): 107 (109)
(44,99): 109 (110)
(44,100): 109 (110)
(44,101): 107 (109)
(44,102): 107 (109)
(44,103): 106 (108)
(44,104): 104 (107)
(44,105): 101 (105)
(44,106): 101 (105)
(44,107): 101 (105)
(44,108): 104 (107)
(44,109): 106 (108)
(44,110): 106 (108)
(44,111): 107 (109)
(44,112): 107 (109)
(44,113): 106 (108)
(44,114): 104 (107)
(44,115): 104 (107)
(44,116): 102 (106)
(44,117): 101 (105)
(44,118): 101 (105)
(44,119): 99 (104)
(44,120): 99 (104)
(44,121): 98 (103)
(44,122): 98 (103)
(44,123): 96 (102)
(44,124): 94 (101)
(44,125): 91 (99)
(44,126): 86 (96)
(44,127): 62 (81)
(45,0): 16 (53)
(45,1): 37 (66)
(45,2): 42 (69)
(45,3): 50 (74)
(45,4): 55 (77)
(45,5): 60 (80)
(45,6): 62 (81)
(45,7): 65 (83)
(45,8): 63 (82)
(45,9): 68 (85)
(45,10): 72 (87)
(45,11): 75 (89)
(45,12): 76 (90)
(45,13): 80 (92)
(45,14): 81 (93)
(45,15): 83 (94)
(45,16): 83 (94)
(45,17): 83 (94)
(45,18): 81 (93)
(45,19): 75 (89)
(45,20): 62 (81)
(45,21): 59 (79)
(45,22): 59 (79)
(45,23): 63 (82)
(45,24): 67 (84)
(45,25): 67 (84)
(45,26): 67 (84)
(45,27): 68 (85)
(45,28): 70 (86)
(45,29): 72 (87)
(45,30): 75 (89)
(45,31): 75 (89)
(45,32): 76 (90)
(45,33): 81 (93)
(45,34): 88 (97)
(45,35): 93 (100)
(45,36): 93 (100)
(45,37): 88 (97)
(45,38): 81 (93)
(45,39): 72 (87)
(45,40): 67 (84)
(45,41): 67 (84)
(45,42): 70 (86)
(45,43): 76 (90)
(45,44): 80 (92)
(45,45): 83 (94)
(45,46): 86 (96)
(45,47): 88 (97)
(45,48): 89 (98)
(45,49): 89 (98)
(45,50): 89 (98)
(45,51): 88 (97)
(45,52): 86 (96)
(45,53): 85 (95)
(45,54): 81 (93)
(45,55): 76 (90)
(45,56): 72 (87)
(45,57): 72 (87)
(45,58): 70 (86)
(45,59): 70 (86)
(45,60): 70 (86)
(45,61): 70 (86)
(45,62): 72 (87)
(45,63): 73 (88)
(45,64): 76 (90)
(45,65): 76 (90)
(45,66): 80 (92)
(45,67): 80 (92)
(45,68): 83 (94)
(45,69): 85 (95)
(45,70): 86 (96)
(45,71): 85 (95)
(45,72): 86 (96)
(45,73): 85 (95)
(45,74): 88 (97)
(45,75): 88 (97)
(45,76): 91 (99)
(45,77): 93 (100)
(45,78): 94 (101)
(45,79): 98 (103)
(45,80): 99 (104)
(45,81): 101 (105)
(45,82): 102 (106)
(45,83): 104 (107)
(45,84): 106 (108)
(45,85): 106 (108)
(45,86): 106 (108)
(45,87): 106 (108)
(45,88): 107 (109)
(45,89): 107 (109)
(45,90): 107 (109)
(45,91): 107 (109)
(45,92): 107 (109)
(45,93): 107 (109)
(45,94): 107 (109)
(45,95): 106 (108)
(45,96): 109 (110)
(45,97): 111 (111)
(45,98): 111 (111)
(45,99): 111 (111)
(45,100): 111 (111)
(45,101): 111 (111)
(45,102): 109 (110)
(45,103): 107 (109)
(45,104): 107 (109)
(45,105): 106 (108)
(45,106): 104 (107)
(45,107): 104 (107)
(45,108): 102 (106)
(45,109): 106 (108)
(45,110): 107 (109)
(45,111): 109 (110)
(45,112): 107 (109)
(45,113): 107 (109)
(45,114): 106 (108)
(45,115): 106 (108)
(45,116): 104 (107)
(45,117): 104 (107)
(45,118): 101 (105)
(45,119): 99 (104)
(45,120): 99 (104)
(45,121): 99 (104)
(45,122): 99 (104)
(45,123): 101 (105)
(45,124): 101 (105)
(45,125): 94 (101)
(45,126): 88 (97)
(45,127): 57 (78)
(46,0): 15 (52)
(46,1): 37 (66)
(46,2): 42 (69)
(46,3): 49 (73)
(46,4): 52 (75)
(46,5): 57 (78)
(46,6): 59 (79)
(46,7): 60 (80)
(46,8): 63 (82)
(46,9): 65 (83)
(46,10): 68 (85)
(46,11): 72 (87)
(46,12): 75 (89)
(46,13): 76 (90)
(46,14): 78 (91)
(46,15): 80 (92)
(46,16): 80 (92)
(46,17): 80 (92)
(46,18): 75 (89)
(46,19): 67 (84)
(46,20): 60 (80)
(46,21): 59 (79)
(46,22): 60 (80)
(46,23): 63 (82)
(46,24): 65 (83)
(46,25): 65 (83)
(46,26): 65 (83)
(46,27): 63 (82)
(46,28): 67 (84)
(46,29): 68 (85)
(46,30): 70 (86)
(46,31): 70 (86)
(46,32): 72 (87)
(46,33): 75 (89)
(46,34): 80 (92)
(46,35): 83 (94)
(46,36): 85 (95)
(46,37): 81 (93)
(46,38): 76 (90)
(46,39): 72 (87)
(46,40): 65 (83)
(46,41): 63 (82)
(46,42): 63 (82)
(46,43): 68 (85)
(46,44): 75 (89)
(46,45): 80 (92)
(46,46): 81 (93)
(46,47): 83 (94)
(46,48): 86 (96)
(46,49): 86 (96)
(46,50): 88 (97)
(46,51): 86 (96)
(46,52): 85 (95)
(46,53): 83 (94)
(46,54): 80 (92)
(46,55): 76 (90)
(46,56): 72 (87)
(46,57): 70 (86)
(46,58): 68 (85)
(46,59): 68 (85)
(46,60): 68 (85)
(46,61): 68 (85)
(46,62): 70 (86)
(46,63): 72 (87)
(46,64): 73 (88)
(46,65): 75 (89)
(46,66): 76 (90)
(46,67): 78 (91)
(46,68): 80 (92)
(46,69): 80 (92)
(46,70): 83 (94)
(46,71): 81 (93)
(46,72): 81 (93)
(46,73): 81 (93)
(46,74): 85 (95)
(46,75): 86 (96)
(46,76): 89 (98)
(46,77): 96 (102)
(46,78): 99 (104)
(46,79): 102 (106)
(46,80): 106 (108)
(46,81): 109 (110)
(46,82): 111 (111)
(46,83): 112 (112)
(46,84): 115 (114)
(46,85): 115 (114)
(46,86): 114 (113)
(46,87): 114 (113)
(46,88): 114 (113)
(46,89): 114 (113)
(46,90): 114 (113)
(46,91): 114 (113)
(46,92): 114 (113)
(46,93): 114 (113)
(46,94): 114 (113)
(46,95): 114 (113)
(46,96): 112 (112)
(46,97): 115 (114)
(46,98): 115 (114)
(46,99): 115 (114)
(46,100): 115 (114)
(46,101): 114 (113)
(46,102): 112 (112)
(46,103): 111 (111)
(46,104): 109 (110)
(46,105): 104 (107)
(46,106): 104 (107)
(46,107): 102 (106)
(46,108): 104 (107)
(46,109): 107 (109)
(46,110): 111 (111)
(46,111): 111 (111)
(46,112): 111 (111)
(46,113): 107 (109)
(46,114): 106 (108)
(46,115): 109 (110)
(46,116): 109 (110)
(46,117): 109 (110)
(46,118): 109 (110)
(46,119): 109 (110)
(46,120): 109 (110)
(46,121): 109 (110)
(46,122): 109 (110)
(46,123): 111 (111)
(46,124): 109 (110)
(46,125): 104 (107)
(46,126): 91 (99)
(46,127): 75 (89)
(47,0): 20 (55)
(47,1): 37 (66)
(47,2): 41 (68)
(47,3): 47 (72)
(47,4): 50 (74)
(47,5): 54 (76)
(47,6): 57 (78)
(47,7): 59 (79)
(47,8): 60 (80)
(47,9): 63 (82)
(47,10): 67 (84)
(47,11): 70 (86)
(47,12): 73 (88)
(47,13): 75 (89)
(47,14): 75 (89)
(47,15): 76 (90)
(47,16): 75 (89)
(47,17): 73 (88)
(47,18): 70 (86)
(47,19): 67 (84)
(47,20): 62 (81)
(47,21): 60 (80)
(47,22): 63 (82)
(47,23): 63 (82)
(47,24): 65 (83)
(47,25): 63 (82)
(47,26): 63 (82)
(47,27): 63 (82)
(47,28): 65 (83)
(47,29): 67 (84)
(47,30): 68 (85)
(47,31): 70 (86)
(47,32): 72 (87)
(47,33): 73 (88)
(47,34): 76 (90)
(47,35): 78 (91)
(47,36): 78 (91)
(47,37): 76 (90)
(47,38): 73 (88)
(47,39): 68 (85)
(47,40): 63 (82)
(47,41): 62 (81)
(47,42): 62 (81)
(47,43): 63 (82)
(47,44): 70 (86)
(47,45): 75 (89)
(47,46): 78 (91)
(47,47): 80 (92)
(47,48): 83 (94)
(47,49): 85 (95)
(47,50): 85 (95)
(47,51): 85 (95)
(47,52): 83 (94)
(47,53): 80 (92)
(47,54): 76 (90)
(47,55): 70 (86)
(47,56): 67 (84)
(47,57): 62 (81)
(47,58): 60 (80)
(47,59): 63 (82)
(47,60): 63 (82)
(47,61): 65 (83)
(47,62): 67 (84)
(47,63): 68 (85)
(47,64): 70 (86)
(47,65): 73 (88)
(47,66): 75 (89)
(47,67): 76 (90)
(47,68): 80 (92)
(47,69): 80 (92)
(47,70): 81 (93)
(47,71): 81 (93)
(47,72): 80 (92)
(47,73): 81 (93)
(47,74): 85 (95)
(47,75): 91 (99)
(47,76): 98 (103)
(47,77): 101 (105)
(47,78): 106 (108)
(47,79): 107 (109)
(47,80): 115 (114)
(47,81): 120 (117)
(47,82): 125 (120)
(47,83): 125 (120)
(47,84): 125 (120)
(47,85): 124 (119)
(47,86): 124 (119)
(47,87): 122 (118)
(47,88): 120 (117)
(47,89): 120 (117)
(47,90): 120 (117)
(47,91): 120 (117)
(47,92): 120 (117)
(47,93): 122 (118)
(47,94): 122 (118)
(47,95): 122 (118)
(47,96): 122 (118)
(47,97): 124 (119)
(47,98): 124 (119)
(47,99): 124 (119)
(47,100): 122 (118)
(47,101): 120 (117)
(47,102): 120 (117)
(47,103): 117 (115)
(47,104): 112 (112)
(47,105): 109 (110)
(47,106): 109 (110)
(47,107): 107 (109)
(47,108): 109 (110)
(47,109): 112 (112)
(47,110): 115 (114)
(47,111): 115 (114)
(47,112): 115 (114)
(47,113): 112 (112)
(47,114): 112 (112)
(47,115): 115 (114)
(47,116): 117 (115)
(47,117): 117 (115)
(47,118): 117 (115)
(47,119): 117 (115)
(47,120): 117 (115)
(47,121): 117 (115)
(47,122): 119 (116)
(47,123): 120 (117)
(47,124): 119 (116)
(47,125): 114 (113)
(47,126): 99 (104)
(47,127): 75 (89)
(48,0): 15 (52)
(48,1): 36 (65)
(48,2): 41 (68)
(48,3): 46 (71)
(48,4): 49 (73)
(48,5): 52 (75)
(48,6): 54 (76)
(48,7): 55 (77)
(48,8): 59 (79)
(48,9): 60 (80)
(48,10): 63 (82)
(48,11): 67 (84)
(48,12): 70 (86)
(48,13): 72 (87)
(48,14): 72 (87)
(48,15): 72 (87)
(48,16): 72 (87)
(48,17): 70 (86)
(48,18): 68 (85)
(48,19): 65 (83)
(48,20): 63 (82)
(48,21): 63 (82)
(48,22): 62 (81)
(48,23): 62 (81)
(48,24): 62 (81)
(48,25): 62 (81)
(48,26): 62 (81)
(48,27): 62 (81)
(48,28): 63 (82)
(48,29): 65 (83)
(48,30): 67 (84)
(48,31): 68 (85)
(48,32): 70 (86)
(48,33): 73 (88)
(48,34): 75 (89)
(48,35): 75 (89)
(48,36): 75 (89)
(48,37): 73 (88)
(48,38): 70 (86)
(48,39): 63 (82)
(48,40): 60 (80)
(48,41): 59 (79)
(48,42): 59 (79)
(48,43): 60 (80)
(48,44): 65 (83)
(48,45): 70 (86)
(48,46): 73 (88)
(48,47): 76 (90)
(48,48): 80 (92)
(48,49): 83 (94)
(48,50): 85 (95)
(48,51): 85 (95)
(48,52): 81 (93)
(48,53): 76 (90)
(48,54): 70 (86)
(48,55): 62 (81)
(48,56): 55 (77)
(48,57): 52 (75)
(48,58): 52 (75)
(48,59): 57 (78)
(48,60): 59 (79)
(48,61): 60 (80)
(48,62): 60 (80)
(48,63): 62 (81)
(48,64): 67 (84)
(48,65): 70 (86)
(48,66): 73 (88)
(48,67): 75 (89)
(48,68): 76 (90)
(48,69): 76 (90)
(48,70): 78 (91)
(48,71): 78 (91)
(48,72): 78 (91)
(48,73): 80 (92)
(48,74): 85 (95)
(48,75): 94 (101)
(48,76): 104 (107)
(48,77): 107 (109)
(48,78): 111 (111)
(48,79): 119 (116)
(48,80): 132 (124)
(48,81): 133 (125)
(48,82): 135 (126)
(48,83): 135 (126)
(48,84): 135 (126)
(48,85): 132 (124)
(48,86): 130 (123)
(48,87): 127 (121)
(48,88): 125 (120)
(48,89): 124 (119)
(48,90): 124 (119)
(48,91): 124 (119)
(48,92): 125 (120)
(48,93): 127 (121)
(48,94): 128 (122)
(48,95): 130 (123)
(48,96): 130 (123)
(48,97): 132 (124)
(48,98): 132 (124)
(48,99): 130 (123)
(48,100): 130 (123)
(48,101): 128 (122)
(48,102): 128 (122)
(48,103): 127 (121)
(48,104): 124 (119)
(48,105): 119 (116)
(48,106): 114 (113)
(48,107): 111 (111)
(48,108): 114 (113)
(48,109): 119 (116)
(48,110): 122 (118)
(48,111): 122 (118)
(48,112): 122 (118)
(48,113): 122 (118)
(48,114): 122 (118)
(48,115): 122 (118)
(48,116): 124 (119)
(48,117): 124 (119)
(48,118): 124 (119)
(48,119): 124 (119)
(48,120): 124 (119)
(48,121): 124 (119)
(48,122): 125 (120)
(48,123): 127 (121)
(48,124): 125 (120)
(48,125): 124 (119)
(48,126): 109 (110)
(48,127): 88 (97)
(49,0): 18 (54)
(49,1): 34 (64)
(49,2): 39 (67)
(49,3): 44 (70)
(49,4): 47 (72)
(49,5): 50 (74)
(49,6): 52 (75)
(49,7): 54 (76)
(49,8): 55 (77)
(49,9): 59 (79)
(49,10): 62 (81)
(49,11): 65 (83)
(49,12): 67 (84)
(49,13): 68 (85)
(49,14): 68 (85)
(49,15): 68 (85)
(49,16): 67 (84)
(49,17): 67 (84)
(49,18): 65 (83)
(49,19): 65 (83)
(49,20): 63 (82)
(49,21): 62 (81)
(49,22): 60 (80)
(49,23): 60 (80)
(49,24): 59 (79)
(49,25): 59 (79)
(49,26): 60 (80)
(49,27): 60 (80)
(49,28): 62 (81)
(49,29): 63 (82)
(49,30): 67 (84)
(49,31): 68 (85)
(49,32): 70 (86)
(49,33): 73 (88)
(49,34): 75 (89)
(49,35): 75 (89)
(49,36): 73 (88)
(49,37): 70 (86)
(49,38): 67 (84)
(49,39): 63 (82)
(49,40): 57 (78)
(49,41): 57 (78)
(49,42): 59 (79)
(49,43): 57 (78)
(49,44): 62 (81)
(49,45): 63 (82)
(49,46): 67 (84)
(49,47): 70 (86)
(49,48): 75 (89)
(49,49): 78 (91)
(49,50): 81 (93)
(49,51): 81 (93)
(49,52): 78 (91)
(49,53): 72 (87)
(49,54): 62 (81)
(49,55): 55 (77)
(49,56): 50 (74)
(49,57): 49 (73)
(49,58): 49 (73)
(49,59): 50 (74)
(49,60): 57 (78)
(49,61): 59 (79)
(49,62): 60 (80)
(49,63): 60 (80)
(49,64): 65 (83)
(49,65): 68 (85)
(49,66): 70 (86)
(49,67): 72 (87)
(49,68): 73 (88)
(49,69): 75 (89)
(49,70): 75 (89)
(49,71): 76 (90)
(49,72): 76 (90)
(49,73): 78 (91)
(49,74): 85 (95)
(49,75): 101 (105)
(49,76): 109 (110)
(49,77): 114 (113)
(49,78): 122 (118)
(49,79): 128 (122)
(49,80): 140 (129)
(49,81): 141 (130)
(49,82): 141 (130)
(49,83): 141 (130)
(49,84): 140 (129)
(49,85): 137 (127)
(49,86): 133 (125)
(49,87): 130 (123)
(49,88): 125 (120)
(49,89): 122 (118)
(49,90): 120 (117)
(49,91): 122 (118)
(49,92): 124 (119)
(49,93): 128 (122)
(49,94): 132 (124)
(49,95): 133 (125)
(49,96): 135 (126)
(49,97): 135 (126)
(49,98): 135 (126)
(49,99): 135 (126)
(49,100): 133 (125)
(49,101): 133 (125)
(49,102): 133 (125)
(49,103): 132 (124)
(49,104): 130 (123)
(49,105): 125 (120)
(49,106): 122 (118)
(49,107): 117 (115)
(49,108): 122 (118)
(49,109): 124 (119)
(49,110): 125 (120)
(49,111): 127 (121)
(49,112): 127 (121)
(49,113): 128 (122)
(49,114): 127 (121)
(49,115): 127 (121)
(49,116): 127 (121)
(49,117): 127 (121)
(49,118): 127 (121)
(49,119): 127 (121)
(49,120): 127 (121)
(49,121): 127 (121)
(49,122): 127 (121)
(49,123): 128 (122)
(49,124): 128 (122)
(49,125): 125 (120)
(49,126): 107 (109)
(49,127): 81 (93)
(50,0): 11 (50)
(50,1): 33 (63)
(50,2): 36 (65)
(50,3): 42 (69)
(50,4): 46 (71)
(50,5): 47 (72)
(50,6): 49 (73)
(50,7): 49 (73)
(50,8): 50 (74)
(50,9): 54 (76)
(50,10): 57 (78)
(50,11): 60 (80)
(50,12): 62 (81)
(50,13): 65 (83)
(50,14): 65 (83)
(50,15): 65 (83)
(50,16): 65 (83)
(50,17): 65 (83)
(50,18): 65 (83)
(50,19): 63 (82)
(50,20): 62 (81)
(50,21): 60 (80)
(50,22): 59 (79)
(50,23): 57 (78)
(50,24): 57 (78)
(50,25): 54 (76)
(50,26): 55 (77)
(50,27): 59 (79)
(50,28): 62 (81)
(50,29): 63 (82)
(50,30): 67 (84)
(50,31): 68 (85)
(50,32): 72 (87)
(50,33): 73 (88)
(50,34): 75 (89)
(50,35): 75 (89)
(50,36): 73 (88)
(50,37): 70 (86)
(50,38): 65 (83)
(50,39): 59 (79)
(50,40): 55 (77)
(50,41): 54 (76)
(50,42): 54 (76)
(50,43): 57 (78)
(50,44): 59 (79)
(50,45): 60 (80)
(50,46): 62 (81)
(50,47): 62 (81)
(50,48): 68 (85)
(50,49): 75 (89)
(50,50): 80 (92)
(50,51): 80 (92)
(50,52): 75 (89)
(50,53): 68 (85)
(50,54): 59 (79)
(50,55): 52 (75)
(50,56): 49 (73)
(50,57): 47 (72)
(50,58): 47 (72)
(50,59): 50 (74)
(50,60): 57 (78)
(50,61): 60 (80)
(50,62): 60 (80)
(50,63): 60 (80)
(50,64): 63 (82)
(50,65): 67 (84)
(50,66): 68 (85)
(50,67): 70 (86)
(50,68): 70 (86)
(50,69): 72 (87)
(50,70): 73 (88)
(50,71): 75 (89)
(50,72): 75 (89)
(50,73): 78 (91)
(50,74): 86 (96)
(50,75): 102 (106)
(50,76): 115 (114)
(50,77): 122 (118)
(50,78): 132 (124)
(50,79): 137 (127)
(50,80): 143 (131)
(50,81): 143 (131)
(50,82): 145 (132)
(50,83): 143 (131)
(50,84): 140 (129)
(50,85): 138 (128)
(50,86): 135 (126)
(50,87): 125 (120)
(50,88): 107 (109)
(50,89): 99 (104)
(50,90): 99 (104)
(50,91): 104 (107)
(50,92): 114 (113)
(50,93): 124 (119)
(50,94): 132 (124)
(50,95): 135 (126)
(50,96): 135 (126)
(50,97): 135 (126)
(50,98): 135 (126)
(50,99): 135 (126)
(50,100): 135 (126)
(50,101): 135 (126)
(50,102): 135 (126)
(50,103): 133 (125)
(50,104): 132 (124)
(50,105): 127 (121)
(50,106): 122 (118)
(50,107): 120 (117)
(50,108): 124 (119)
(50,109): 125 (120)
(50,110): 127 (121)
(50,111): 128 (122)
(50,112): 128 (122)
(50,113): 128 (122)
(50,114): 128 (122)
(50,115): 128 (122)
(50,116): 128 (122)
(50,117): 128 (122)
(50,118): 128 (122)
(50,119): 128 (122)
(50,120): 128 (122)
(50,121): 127 (121)
(50,122): 128 (122)
(50,123): 128 (122)
(50,124): 128 (122)
(50,125): 125 (120)
(50,126): 111 (111)
(50,127): 88 (97)
(51,0): 11 (50)
(51,1): 29 (61)
(51,2): 33 (63)
(51,3): 37 (66)
(51,4): 42 (69)
(51,5): 44 (70)
(51,6): 44 (70)
(51,7): 46 (71)
(51,8): 46 (71)
(51,9): 44 (70)
(51,10): 47 (72)
(51,11): 54 (76)
(51,12): 57 (78)
(51,13): 60 (80)
(51,14): 62 (81)
(51,15): 63 (82)
(51,16): 65 (83)
(51,17): 65 (83)
(51,18): 65 (83)
(51,19): 63 (82)
(51,20): 60 (80)
(51,21): 59 (79)
(51,22): 57 (78)
(51,23): 55 (77)
(51,24): 55 (77)
(51,25): 55 (77)
(51,26): 57 (78)
(51,27): 59 (79)
(51,28): 62 (81)
(51,29): 63 (82)
(51,30): 65 (83)
(51,31): 72 (87)
(51,32): 75 (89)
(51,33): 76 (90)
(51,34): 78 (91)
(51,35): 78 (91)
(51,36): 75 (89)
(51,37): 70 (86)
(51,38): 60 (80)
(51,39): 57 (78)
(51,40): 54 (76)
(51,41): 55 (77)
(51,42): 52 (75)
(51,43): 55 (77)
(51,44): 55 (77)
(51,45): 54 (76)
(51,46): 55 (77)
(51,47): 57 (78)
(51,48): 60 (80)
(51,49): 70 (86)
(51,50): 75 (89)
(51,51): 76 (90)
(51,52): 73 (88)
(51,53): 67 (84)
(51,54): 57 (78)
(51,55): 52 (75)
(51,56): 49 (73)
(51,57): 47 (72)
(51,58): 49 (73)
(51,59): 57 (78)
(51,60): 62 (81)
(51,61): 62 (81)
(51,62): 62 (81)
(51,63): 63 (82)
(51,64): 65 (83)
(51,65): 67 (84)
(51,66): 68 (85)
(51,67): 68 (85)
(51,68): 68 (85)
(51,69): 70 (86)
(51,70): 68 (85)
(51,71): 73 (88)
(51,72): 73 (88)
(51,73): 78 (91)
(51,74): 86 (96)
(51,75): 106 (108)
(51,76): 120 (117)
(51,77): 128 (122)
(51,78): 138 (128)
(51,79): 141 (130)
(51,80): 145 (132)
(51,81): 146 (133)
(51,82): 146 (133)
(51,83): 143 (131)
(51,84): 141 (130)
(51,85): 138 (128)
(51,86): 133 (125)
(51,87): 117 (115)
(51,88): 93 (100)
(51,89): 78 (91)
(51,90): 80 (92)
(51,91): 85 (95)
(51,92): 94 (101)
(51,93): 114 (113)
(51,94): 128 (122)
(51,95): 135 (126)
(51,96): 137 (127)
(51,97): 135 (126)
(51,98): 135 (126)
(51,99): 135 (126)
(51,100): 135 (126)
(51,101): 135 (126)
(51,102): 135 (126)
(51,103): 133 (125)
(51,104): 132 (124)
(51,105): 128 (122)
(51,106): 125 (120)
(51,107): 124 (119)
(51,108): 124 (119)
(51,109): 125 (120)
(51,110): 127 (121)
(51,111): 128 (122)
(51,112): 128 (122)
(51,113): 128 (122)
(51,114): 128 (122)
(51,115): 130 (123)
(51,116): 128 (122)
(51,117): 128 (122)
(51,118): 128 (122)
(51,119): 128 (122)
(51,120): 127 (121)
(51,121): 127 (121)
(51,122): 127 (121)
(51,123): 127 (121)
(51,124): 125 (120)
(51,125): 124 (119)
(51,126): 104 (107)
(51,127): 76 (90)
(52,0): 7 (47)
(52,1): 24 (58)
(52,2): 29 (61)
(52,3): 34 (64)
(52,4): 37 (66)
(52,5): 39 (67)
(52,6): 41 (68)
(52,7): 41 (68)
(52,8): 39 (67)
(52,9): 39 (67)
(52,10): 42 (69)
(52,11): 47 (72)
(52,12): 54 (76)
(52,13): 59 (79)
(52,14): 60 (80)
(52,15): 63 (82)
(52,16): 63 (82)
(52,17): 65 (83)
(52,18): 65 (83)
(52,19): 63 (82)
(52,20): 60 (80)
(52,21): 55 (77)
(52,22): 54 (76)
(52,23): 52 (75)
(52,24): 55 (77)
(52,25): 54 (76)
(52,26): 55 (77)
(52,27): 57 (78)
(52,28): 60 (80)
(52,29): 65 (83)
(52,30): 70 (86)
(52,31): 73 (88)
(52,32): 78 (91)
(52,33): 80 (92)
(52,34): 81 (93)
(52,35): 83 (94)
(52,36): 78 (91)
(52,37): 70 (86)
(52,38): 59 (79)
(52,39): 55 (77)
(52,40): 55 (77)
(52,41): 52 (75)
(52,42): 54 (76)
(52,43): 54 (76)
(52,44): 54 (76)
(52,45): 54 (76)
(52,46): 54 (76)
(52,47): 54 (76)
(52,48): 59 (79)
(52,49): 68 (85)
(52,50): 73 (88)
(52,51): 76 (90)
(52,52): 73 (88)
(52,53): 68 (85)
(52,54): 62 (81)
(52,55): 55 (77)
(52,56): 50 (74)
(52,57): 50 (74)
(52,58): 55 (77)
(52,59): 65 (83)
(52,60): 67 (84)
(52,61): 67 (84)
(52,62): 65 (83)
(52,63): 65 (83)
(52,64): 65 (83)
(52,65): 67 (84)
(52,66): 67 (84)
(52,67): 68 (85)
(52,68): 68 (85)
(52,69): 67 (84)
(52,70): 70 (86)
(52,71): 70 (86)
(52,72): 73 (88)
(52,73): 78 (91)
(52,74): 86 (96)
(52,75): 106 (108)
(52,76): 124 (119)
(52,77): 132 (124)
(52,78): 141 (130)
(52,79): 143 (131)
(52,80): 146 (133)
(52,81): 145 (132)
(52,82): 145 (132)
(52,83): 143 (131)
(52,84): 140 (129)
(52,85): 137 (127)
(52,86): 130 (123)
(52,87): 112 (112)
(52,88): 86 (96)
(52,89): 68 (85)
(52,90): 65 (83)
(52,91): 70 (86)
(52,92): 81 (93)
(52,93): 104 (107)
(52,94): 124 (119)
(52,95): 132 (124)
(52,96): 135 (126)
(52,97): 135 (126)
(52,98): 135 (126)
(52,99): 135 (126)
(52,100): 133 (125)
(52,101): 133 (125)
(52,102): 133 (125)
(52,103): 132 (124)
(52,104): 130 (123)
(52,105): 127 (121)
(52,106): 125 (120)
(52,107): 120 (117)
(52,108): 120 (117)
(52,109): 124 (119)
(52,110): 125 (120)
(52,111): 127 (121)
(52,112): 128 (122)
(52,113): 128 (122)
(52,114): 128 (122)
(52,115): 127 (121)
(52,116): 127 (121)
(52,117): 127 (121)
(52,118): 127 (121)
(52,119): 127 (121)
(52,120): 125 (120)
(52,121): 125 (120)
(52,122): 124 (119)
(52,123): 124 (119)
(52,124): 124 (119)
(52,125): 120 (117)
(52,126): 104 (107)
(52,127): 81 (93)
(53,0): 7 (47)
(53,1): 23 (57)
(53,2): 28 (60)
(53,3): 33 (63)
(53,4): 36 (65)
(53,5): 37 (66)
(53,6): 37 (66)
(53,7): 36 (65)
(53,8): 36 (65)
(53,9): 39 (67)
(53,10): 42 (69)
(53,11): 46 (71)
(53,12): 52 (75)
(53,13): 57 (78)
(53,14): 60 (80)
(53,15): 62 (81)
(53,16): 63 (82)
(53,17): 65 (83)
(53,18): 65 (83)
(53,19): 63 (82)
(53,20): 60 (80)
(53,21): 55 (77)
(53,22): 54 (76)
(53,23): 57 (78)
(53,24): 57 (78)
(53,25): 59 (79)
(53,26): 60 (80)
(53,27): 62 (81)
(53,28): 65 (83)
(53,29): 68 (85)
(53,30): 73 (88)
(53,31): 76 (90)
(53,32): 81 (93)
(53,33): 85 (95)
(53,34): 86 (96)
(53,35): 86 (96)
(53,36): 76 (90)
(53,37): 62 (81)
(53,38): 57 (78)
(53,39): 54 (76)
(53,40): 52 (75)
(53,41): 54 (76)
(53,42): 54 (76)
(53,43): 54 (76)
(53,44): 54 (76)
(53,45): 54 (76)
(53,46): 55 (77)
(53,47): 54 (76)
(53,48): 59 (79)
(53,49): 67 (84)
(53,50): 73 (88)
(53,51): 76 (90)
(53,52): 75 (89)
(53,53): 70 (86)
(53,54): 62 (81)
(53,55): 57 (78)
(53,56): 54 (76)
(53,57): 55 (77)
(53,58): 62 (81)
(53,59): 68 (85)
(53,60): 70 (86)
(53,61): 70 (86)
(53,62): 68 (85)
(53,63): 65 (83)
(53,64): 67 (84)
(53,65): 68 (85)
(53,66): 68 (85)
(53,67): 68 (85)
(53,68): 65 (83)
(53,69): 68 (85)
(53,70): 67 (84)
(53,71): 70 (86)
(53,72): 73 (88)
(53,73): 78 (91)
(53,74): 85 (95)
(53,75): 104 (107)
(53,76): 120 (117)
(53,77): 133 (125)
(53,78): 141 (130)
(53,79): 143 (131)
(53,80): 145 (132)
(53,81): 143 (131)
(53,82): 143 (131)
(53,83): 141 (130)
(53,84): 138 (128)
(53,85): 135 (126)
(53,86): 128 (122)
(53,87): 111 (111)
(53,88): 85 (95)
(53,89): 65 (83)
(53,90): 63 (82)
(53,91): 65 (83)
(53,92): 73 (88)
(53,93): 93 (100)
(53,94): 119 (116)
(53,95): 130 (123)
(53,96): 133 (125)
(53,97): 133 (125)
(53,98): 133 (125)
(53,99): 133 (125)
(53,100): 132 (124)
(53,101): 132 (124)
(53,102): 132 (124)
(53,103): 130 (123)
(53,104): 128 (122)
(53,105): 125 (120)
(53,106): 124 (119)
(53,107): 122 (118)
(53,108): 119 (116)
(53,109): 122 (118)
(53,110): 124 (119)
(53,111): 125 (120)
(53,112): 125 (120)
(53,113): 125 (120)
(53,114): 125 (120)
(53,115): 125 (120)
(53,116): 125 (120)
(53,117): 125 (120)
(53,118): 125 (120)
(53,119): 124 (119)
(53,120): 124 (119)
(53,121): 122 (118)
(53,122): 120 (117)
(53,123): 120 (117)
(53,124): 119 (116)
(53,125): 115 (114)
(53,126): 96 (102)
(53,127): 68 (85)
(54,0): 5 (46)
(54,1): 21 (56)
(54,2): 26 (59)
(54,3): 31 (62)
(54,4): 34 (64)
(54,5): 36 (65)
(54,6): 37 (66)
(54,7): 36 (65)
(54,8): 37 (66)
(54,9): 41 (68)
(54,10): 44 (70)
(54,11): 47 (72)
(54,12): 54 (76)
(54,13): 57 (78)
(54,14): 60 (80)
(54,15): 62 (81)
(54,16): 63 (82)
(54,17): 65 (83)
(54,18): 65 (83)
(54,19): 63 (82)
(54,20): 62 (81)
(54,21): 57 (78)
(54,22): 55 (77)
(54,23): 59 (79)
(54,24): 59 (79)
(54,25): 60 (80)
(54,26): 62 (81)
(54,27): 62 (81)
(54,28): 65 (83)
(54,29): 72 (87)
(54,30): 76 (90)
(54,31): 81 (93)
(54,32): 86 (96)
(54,33): 88 (97)
(54,34): 89 (98)
(54,35): 83 (94)
(54,36): 67 (84)
(54,37): 57 (78)
(54,38): 54 (76)
(54,39): 52 (75)
(54,40): 54 (76)
(54,41): 54 (76)
(54,42): 54 (76)
(54,43): 54 (76)
(54,44): 54 (76)
(54,45): 52 (75)
(54,46): 54 (76)
(54,47): 55 (77)
(54,48): 59 (79)
(54,49): 67 (84)
(54,50): 73 (88)
(54,51): 78 (91)
(54,52): 76 (90)
(54,53): 75 (89)
(54,54): 68 (85)
(54,55): 62 (81)
(54,56): 57 (78)
(54,57): 59 (79)
(54,58): 65 (83)
(54,59): 73 (88)
(54,60): 75 (89)
(54,61): 75 (89)
(54,62): 72 (87)
(54,63): 68 (85)
(54,64): 70 (86)
(54,65): 70 (86)
(54,66): 70 (86)
(54,67): 68 (85)
(54,68): 68 (85)
(54,69): 67 (84)
(54,70): 68 (85)
(54,71): 72 (87)
(54,72): 75 (89)
(54,73): 80 (92)
(54,74): 86 (96)
(54,75): 101 (105)
(54,76): 115 (114)
(54,77): 128 (122)
(54,78): 138 (128)
(54,79): 140 (129)
(54,80): 140 (129)
(54,81): 140 (129)
(54,82): 140 (129)
(54,83): 138 (128)
(54,84): 137 (127)
(54,85): 133 (125)
(54,86): 128 (122)
(54,87): 114 (113)
(54,88): 88 (97)
(54,89): 68 (85)
(54,90): 65 (83)
(54,91): 65 (83)
(54,92): 68 (85)
(54,93): 89 (98)
(54,94): 114 (113)
(54,95): 127 (121)
(54,96): 130 (123)
(54,97): 132 (124)
(54,98): 132 (124)
(54,99): 130 (123)
(54,100): 130 (123)
(54,101): 130 (123)
(54,102): 128 (122)
(54,103): 127 (121)
(54,104): 125 (120)
(54,105): 124 (119)
(54,106): 119 (116)
(54,107): 117 (115)
(54,108): 119 (116)
(54,109): 117 (115)
(54,110): 120 (117)
(54,111): 122 (118)
(54,112): 122 (118)
(54,113): 122 (118)
(54,114): 122 (118)
(54,115): 120 (117)
(54,116): 120 (117)
(54,117): 120 (117)
(54,118): 120 (117)
(54,119): 120 (117)
(54,120): 119 (116)
(54,121): 119 (116)
(54,122): 117 (115)
(54,123): 115 (114)
(54,124): 114 (113)
(54,125): 109 (110)
(54,126): 94 (101)
(54,127): 68 (85)
(55,0): 8 (48)
(55,1): 21 (56)
(55,2): 28 (60)
(55,3): 33 (63)
(55,4): 37 (66)
(55,5): 37 (66)
(55,6): 37 (66)
(55,7): 39 (67)
(55,8): 42 (69)
(55,9): 47 (72)
(55,10): 50 (74)
(55,11): 54 (76)
(55,12): 57 (78)
(55,13): 59 (79)
(55,14): 62 (81)
(55,15): 63 (82)
(55,16): 63 (82)
(55,17): 63 (82)
(55,18): 63 (82)
(55,19): 63 (82)
(55,20): 62 (81)
(55,21): 60 (80)
(55,22): 60 (80)
(55,23): 60 (80)
(55,24): 60 (80)
(55,25): 62 (81)
(55,26): 63 (82)
(55,27): 67 (84)
(55,28): 70 (86)
(55,29): 73 (88)
(55,30): 78 (91)
(55,31): 83 (94)
(55,32): 88 (97)
(55,33): 89 (98)
(55,34): 85 (95)
(55,35): 72 (87)
(55,36): 60 (80)
(55,37): 55 (77)
(55,38): 52 (75)
(55,39): 52 (75)
(55,40): 54 (76)
(55,41): 54 (76)
(55,42): 54 (76)
(55,43): 55 (77)
(55,44): 55 (77)
(55,45): 54 (76)
(55,46): 55 (77)
(55,47): 60 (80)
(55,48): 60 (80)
(55,49): 67 (84)
(55,50): 75 (89)
(55,51): 81 (93)
(55,52): 81 (93)
(55,53): 80 (92)
(55,54): 73 (88)
(55,55): 67 (84)
(55,56): 62 (81)
(55,57): 62 (81)
(55,58): 67 (84)
(55,59): 76 (90)
(55,60): 80 (92)
(55,61): 78 (91)
(55,62): 76 (90)
(55,63): 72 (87)
(55,64): 73 (88)
(55,65): 73 (88)
(55,66): 72 (87)
(55,67): 72 (87)
(55,68): 68 (85)
(55,69): 68 (85)
(55,70): 68 (85)
(55,71): 73 (88)
(55,72): 76 (90)
(55,73): 83 (94)
(55,74): 89 (98)
(55,75): 99 (104)
(55,76): 112 (112)
(55,77): 122 (118)
(55,78): 130 (123)
(55,79): 135 (126)
(55,80): 137 (127)
(55,81): 138 (128)
(55,82): 138 (128)
(55,83): 137 (127)
(55,84): 135 (126)
(55,85): 133 (125)
(55,86): 128 (122)
(55,87): 117 (115)
(55,88): 99 (104)
(55,89): 78 (91)
(55,90): 70 (86)
(55,91): 68 (85)
(55,92): 73 (88)
(55,93): 88 (97)
(55,94): 111 (111)
(55,95): 125 (120)
(55,96): 128 (122)
(55,97): 130 (123)
(55,98): 130 (123)
(55,99): 128 (122)
(55,100): 128 (122)
(55,101): 127 (121)
(55,102): 125 (120)
(55,103): 125 (120)
(55,104): 124 (119)
(55,105): 120 (117)
(55,106): 119 (116)
(55,107): 117 (115)
(55,108): 117 (115)
(55,109): 117 (115)
(55,110): 117 (115)
(55,111): 119 (116)
(55,112): 117 (115)
(55,113): 117 (115)
(55,114): 117 (115)
(55,115): 115 (114)
(55,116): 115 (114)
(55,117): 117 (115)
(55,118): 117 (115)
(55,119): 117 (115)
(55,120): 115 (114)
(55,121): 114 (113)
(55,122): 112 (112)
(55,123): 111 (111)
(55,124): 107 (109)
(55,125): 99 (104)
(55,126): 81 (93)
(55,127): 52 (75)
(56,0): 7 (47)
(56,1): 23 (57)
(56,2): 29 (61)
(56,3): 37 (66)
(56,4): 44 (70)
(56,5): 46 (71)
(56,6): 47 (72)
(56,7): 50 (74)
(56,8): 52 (75)
(56,9): 55 (77)
(56,10): 57 (78)
(56,11): 59 (79)
(56,12): 60 (80)
(56,13): 60 (80)
(56,14): 62 (81)
(56,15): 63 (82)
(56,16): 63 (82)
(56,17): 63 (82)
(56,18): 63 (82)
(56,19): 63 (82)
(56,20): 63 (82)
(56,21): 62 (81)
(56,22): 62 (81)
(56,23): 62 (81)
(56,24): 62 (81)
(56,25): 63 (82)
(56,26): 65 (83)
(56,27): 68 (85)
(56,28): 72 (87)
(56,29): 75 (89)
(56,30): 81 (93)
(56,31): 86 (96)
(56,32): 88 (97)
(56,33): 85 (95)
(56,34): 75 (89)
(56,35): 63 (82)
(56,36): 57 (78)
(56,37): 55 (77)
(56,38): 55 (77)
(56,39): 52 (75)
(56,40): 54 (76)
(56,41): 55 (77)
(56,42): 55 (77)
(56,43): 57 (78)
(56,44): 57 (78)
(56,45): 59 (79)
(56,46): 60 (80)
(56,47): 60 (80)
(56,48): 63 (82)
(56,49): 70 (86)
(56,50): 78 (91)
(56,51): 86 (96)
(56,52): 86 (96)
(56,53): 86 (96)
(56,54): 83 (94)
(56,55): 78 (91)
(56,56): 70 (86)
(56,57): 68 (85)
(56,58): 72 (87)
(56,59): 81 (93)
(56,60): 85 (95)
(56,61): 83 (94)
(56,62): 80 (92)
(56,63): 78 (91)
(56,64): 76 (90)
(56,65): 76 (90)
(56,66): 75 (89)
(56,67): 75 (89)
(56,68): 73 (88)
(56,69): 72 (87)
(56,70): 73 (88)
(56,71): 80 (92)
(56,72): 83 (94)
(56,73): 86 (96)
(56,74): 91 (99)
(56,75): 102 (106)
(56,76): 111 (111)
(56,77): 120 (117)
(56,78): 127 (121)
(56,79): 130 (123)
(56,80): 133 (125)
(56,81): 135 (126)
(56,82): 135 (126)
(56,83): 135 (126)
(56,84): 133 (125)
(56,85): 130 (123)
(56,86): 127 (121)
(56,87): 120 (117)
(56,88): 109 (110)
(56,89): 94 (101)
(56,90): 80 (92)
(56,91): 76 (90)
(56,92): 81 (93)
(56,93): 93 (100)
(56,94): 111 (111)
(56,95): 122 (118)
(56,96): 125 (120)
(56,97): 127 (121)
(56,98): 127 (121)
(56,99): 125 (120)
(56,100): 124 (119)
(56,101): 124 (119)
(56,102): 122 (118)
(56,103): 122 (118)
(56,104): 120 (117)
(56,105): 119 (116)
(56,106): 115 (114)
(56,107): 115 (114)
(56,108): 114 (113)
(56,109): 114 (113)
(56,110): 114 (113)
(56,111): 114 (113)
(56,112): 114 (113)
(56,113): 112 (112)
(56,114): 112 (112)
(56,115): 109 (110)
(56,116): 109 (110)
(56,117): 112 (112)
(56,118): 112 (112)
(56,119): 112 (112)
(56,120): 112 (112)
(56,121): 111 (111)
(56,122): 109 (110)
(56,123): 107 (109)
(56,124): 106 (108)
(56,125): 98 (103)
(56,126): 88 (97)
(56,127): 68 (85)
(57,0): 15 (52)
(57,1): 28 (60)
(57,2): 34 (64)
(57,3): 44 (70)
(57,4): 52 (75)
(57,5): 57 (78)
(57,6): 59 (79)
(57,7): 60 (80)
(57,8): 60 (80)
(57,9): 62 (81)
(57,10): 62 (81)
(57,11): 62 (81)
(57,12): 62 (81)
(57,13): 62 (81)
(57,14): 62 (81)
(57,15): 62 (81)
(57,16): 62 (81)
(57,17): 62 (81)
(57,18): 62 (81)
(57,19): 62 (81)
(57,20): 63 (82)
(57,21): 63 (82)
(57,22): 63 (82)
(57,23): 63 (82)
(57,24): 63 (82)
(57,25): 65 (83)
(57,26): 67 (84)
(57,27): 67 (84)
(57,28): 70 (86)
(57,29): 76 (90)
(57,30): 81 (93)
(57,31): 85 (95)
(57,32): 85 (95)
(57,33): 81 (93)
(57,34): 75 (89)
(57,35): 63 (82)
(57,36): 57 (78)
(57,37): 55 (77)
(57,38): 54 (76)
(57,39): 54 (76)
(57,40): 55 (77)
(57,41): 57 (78)
(57,42): 59 (79)
(57,43): 59 (79)
(57,44): 60 (80)
(57,45): 62 (81)
(57,46): 62 (81)
(57,47): 65 (83)
(57,48): 68 (85)
(57,49): 73 (88)
(57,50): 80 (92)
(57,51): 89 (98)
(57,52): 94 (101)
(57,53): 96 (102)
(57,54): 93 (100)
(57,55): 86 (96)
(57,56): 81 (93)
(57,57): 76 (90)
(57,58): 78 (91)
(57,59): 86 (96)
(57,60): 88 (97)
(57,61): 86 (96)
(57,62): 85 (95)
(57,63): 83 (94)
(57,64): 81 (93)
(57,65): 80 (92)
(57,66): 78 (91)
(57,67): 78 (91)
(57,68): 75 (89)
(57,69): 76 (90)
(57,70): 80 (92)
(57,71): 85 (95)
(57,72): 86 (96)
(57,73): 89 (98)
(57,74): 94 (101)
(57,75): 102 (106)
(57,76): 112 (112)
(57,77): 119 (116)
(57,78): 125 (120)
(57,79): 128 (122)
(57,80): 132 (124)
(57,81): 133 (125)
(57,82): 133 (125)
(57,83): 133 (125)
(57,84): 130 (123)
(57,85): 128 (122)
(57,86): 124 (119)
(57,87): 120 (117)
(57,88): 115 (114)
(57,89): 107 (109)
(57,90): 96 (102)
(57,91): 88 (97)
(57,92): 91 (99)
(57,93): 102 (106)
(57,94): 112 (112)
(57,95): 120 (117)
(57,96): 122 (118)
(57,97): 124 (119)
(57,98): 124 (119)
(57,99): 122 (118)
(57,100): 120 (117)
(57,101): 119 (116)
(57,102): 119 (116)
(57,103): 117 (115)
(57,104): 117 (115)
(57,105): 115 (114)
(57,106): 112 (112)
(57,107): 112 (112)
(57,108): 111 (111)
(57,109): 111 (111)
(57,110): 111 (111)
(57,111): 109 (110)
(57,112): 109 (110)
(57,113): 107 (109)
(57,114): 107 (109)
(57,115): 107 (109)
(57,116): 107 (109)
(57,117): 109 (110)
(57,118): 109 (110)
(57,119): 109 (110)
(57,120): 107 (109)
(57,121): 107 (109)
(57,122): 106 (108)
(57,123): 104 (107)
(57,124): 101 (105)
(57,125): 93 (100)
(57,126): 83 (94)
(57,127): 55 (77)
(58,0): 15 (52)
(58,1): 31 (62)
(58,2): 37 (66)
(58,3): 47 (72)
(58,4): 57 (78)
(58,5): 60 (80)
(58,6): 62 (81)
(58,7): 63 (82)
(58,8): 65 (83)
(58,9): 65 (83)
(58,10): 63 (82)
(58,11): 63 (82)
(58,12): 63 (82)
(58,13): 63 (82)
(58,14): 63 (82)
(58,15): 62 (81)
(58,16): 62 (81)
(58,17): 62 (81)
(58,18): 62 (81)
(58,19): 62 (81)
(58,20): 63 (82)
(58,21): 63 (82)
(58,22): 65 (83)
(58,23): 65 (83)
(58,24): 65 (83)
(58,25): 67 (84)
(58,26): 65 (83)
(58,27): 68 (85)
(58,28): 73 (88)
(58,29): 78 (91)
(58,30): 81 (93)
(58,31): 83 (94)
(58,32): 83 (94)
(58,33): 81 (93)
(58,34): 75 (89)
(58,35): 65 (83)
(58,36): 59 (79)
(58,37): 57 (78)
(58,38): 55 (77)
(58,39): 55 (77)
(58,40): 59 (79)
(58,41): 60 (80)
(58,42): 60 (80)
(58,43): 62 (81)
(58,44): 65 (83)
(58,45): 67 (84)
(58,46): 68 (85)
(58,47): 68 (85)
(58,48): 73 (88)
(58,49): 80 (92)
(58,50): 88 (97)
(58,51): 102 (106)
(58,52): 111 (111)
(58,53): 112 (112)
(58,54): 109 (110)
(58,55): 104 (107)
(58,56): 94 (101)
(58,57): 89 (98)
(58,58): 89 (98)
(58,59): 91 (99)
(58,60): 91 (99)
(58,61): 91 (99)
(58,62): 89 (98)
(58,63): 85 (95)
(58,64): 85 (95)
(58,65): 85 (95)
(58,66): 83 (94)
(58,67): 80 (92)
(58,68): 81 (93)
(58,69): 86 (96)
(58,70): 89 (98)
(58,71): 93 (100)
(58,72): 96 (102)
(58,73): 96 (102)
(58,74): 101 (105)
(58,75): 109 (110)
(58,76): 114 (113)
(58,77): 119 (116)
(58,78): 124 (119)
(58,79): 127 (121)
(58,80): 130 (123)
(58,81): 130 (123)
(58,82): 130 (123)
(58,83): 128 (122)
(58,84): 127 (121)
(58,85): 124 (119)
(58,86): 122 (118)
(58,87): 119 (116)
(58,88): 115 (114)
(58,89): 112 (112)
(58,90): 107 (109)
(58,91): 101 (105)
(58,92): 101 (105)
(58,93): 106 (108)
(58,94): 111 (111)
(58,95): 115 (114)
(58,96): 119 (116)
(58,97): 119 (116)
(58,98): 119 (116)
(58,99): 119 (116)
(58,100): 117 (115)
(58,101): 115 (114)
(58,102): 115 (114)
(58,103): 114 (113)
(58,104): 112 (112)
(58,105): 111 (111)
(58,106): 109 (110)
(58,107): 106 (108)
(58,108): 107 (109)
(58,109): 107 (109)
(58,110): 107 (109)
(58,111): 106 (108)
(58,112): 106 (108)
(58,113): 102 (106)
(58,114): 104 (107)
(58,115): 106 (108)
(58,116): 106 (108)
(58,117): 106 (108)
(58,118): 106 (108)
(58,119): 106 (108)
(58,120): 104 (107)
(58,121): 104 (107)
(58,122): 102 (106)
(58,123): 102 (106)
(58,124): 101 (105)
(58,125): 94 (101)
(58,126): 88 (97)
(58,127): 70 (86)
(59,0): 24 (58)
(59,1): 36 (65)
(59,2): 41 (68)
(59,3): 49 (73)
(59,4): 57 (78)
(59,5): 62 (81)
(59,6): 63 (82)
(59,7): 65 (83)
(59,8): 67 (84)
(59,9): 67 (84)
(59,10): 67 (84)
(59,11): 65 (83)
(59,12): 65 (83)
(59,13): 63 (82)
(59,14): 63 (82)
(59,15): 63 (82)
(59,16): 62 (81)
(59,17): 62 (81)
(59,18): 62 (81)
(59,19): 63 (82)
(59,20): 63 (82)
(59,21): 65 (83)
(59,22): 67 (84)
(59,23): 67 (84)
(59,24): 68 (85)
(59,25): 68 (85)
(59,26): 70 (86)
(59,27): 70 (86)
(59,28): 75 (89)
(59,29): 78 (91)
(59,30): 80 (92)
(59,31): 83 (94)
(59,32): 83 (94)
(59,33): 83 (94)
(59,34): 76 (90)
(59,35): 70 (86)
(59,36): 62 (81)
(59,37): 59 (79)
(59,38): 59 (79)
(59,39): 59 (79)
(59,40): 62 (81)
(59,41): 63 (82)
(59,42): 65 (83)
(59,43): 67 (84)
(59,44): 68 (85)
(59,45): 72 (87)
(59,46): 72 (87)
(59,47): 73 (88)
(59,48): 78 (91)
(59,49): 88 (97)
(59,50): 102 (106)
(59,51): 115 (114)
(59,52): 120 (117)
(59,53): 122 (118)
(59,54): 120 (117)
(59,55): 117 (115)
(59,56): 109 (110)
(59,57): 99 (104)
(59,58): 98 (103)
(59,59): 98 (103)
(59,60): 96 (102)
(59,61): 96 (102)
(59,62): 94 (101)
(59,63): 93 (100)
(59,64): 88 (97)
(59,65): 89 (98)
(59,66): 86 (96)
(59,67): 88 (97)
(59,68): 89 (98)
(59,69): 96 (102)
(59,70): 99 (104)
(59,71): 101 (105)
(59,72): 102 (106)
(59,73): 106 (108)
(59,74): 109 (110)
(59,75): 112 (112)
(59,76): 115 (114)
(59,77): 120 (117)
(59,78): 124 (119)
(59,79): 127 (121)
(59,80): 128 (122)
(59,81): 128 (122)
(59,82): 128 (122)
(59,83): 125 (120)
(59,84): 122 (118)
(59,85): 119 (116)
(59,86): 117 (115)
(59,87): 117 (115)
(59,88): 115 (114)
(59,89): 114 (113)
(59,90): 111 (111)
(59,91): 106 (108)
(59,92): 104 (107)
(59,93): 107 (109)
(59,94): 109 (110)
(59,95): 112 (112)
(59,96): 114 (113)
(59,97): 115 (114)
(59,98): 115 (114)
(59,99): 115 (114)
(59,100): 114 (113)
(59,101): 114 (113)
(59,102): 112 (112)
(59,103): 112 (112)
(59,104): 111 (111)
(59,105): 109 (110)
(59,106): 106 (108)
(59,107): 106 (108)
(59,108): 104 (107)
(59,109): 104 (107)
(59,110): 104 (107)
(59,111): 104 (107)
(59,112): 102 (106)
(59,113): 102 (106)
(59,114): 102 (106)
(59,115): 104 (107)
(59,116): 104 (107)
(59,117): 104 (107)
(59,118): 102 (106)
(59,119): 102 (106)
(59,120): 102 (106)
(59,121): 101 (105)
(59,122): 101 (105)
(59,123): 101 (105)
(59,124): 99 (104)
(59,125): 93 (100)
(59,126): 85 (95)
(59,127): 55 (77)
(60,0): 18 (54)
(60,1): 36 (65)
(60,2): 42 (69)
(60,3): 50 (74)
(60,4): 57 (78)
(60,5): 62 (81)
(60,6): 65 (83)
(60,7): 67 (84)
(60,8): 68 (85)
(60,9): 68 (85)
(60,10): 67 (84)
(60,11): 67 (84)
(60,12): 67 (84)
(60,13): 65 (83)
(60,14): 65 (83)
(60,15): 65 (83)
(60,16): 63 (82)
(60,17): 62 (81)
(60,18): 62 (81)
(60,19): 63 (82)
(60,20): 67 (84)
(60,21): 68 (85)
(60,22): 70 (86)
(60,23): 72 (87)
(60,24): 72 (87)
(60,25): 73 (88)
(60,26): 73 (88)
(60,27): 72 (87)
(60,28): 75 (89)
(60,29): 78 (91)
(60,30): 80 (92)
(60,31): 81 (93)
(60,32): 83 (94)
(60,33): 81 (93)
(60,34): 78 (91)
(60,35): 70 (86)
(60,36): 65 (83)
(60,37): 63 (82)
(60,38): 65 (83)
(60,39): 65 (83)
(60,40): 67 (84)
(60,41): 65 (83)
(60,42): 70 (86)
(60,43): 72 (87)
(60,44): 73 (88)
(60,45): 76 (90)
(60,46): 78 (91)
(60,47): 81 (93)
(60,48): 88 (97)
(60,49): 102 (106)
(60,50): 115 (114)
(60,51): 122 (118)
(60,52): 125 (120)
(60,53): 125 (120)
(60,54): 125 (120)
(60,55): 122 (118)
(60,56): 117 (115)
(60,57): 111 (111)
(60,58): 106 (108)
(60,59): 102 (106)
(60,60): 101 (105)
(60,61): 99 (104)
(60,62): 98 (103)
(60,63): 98 (103)
(60,64): 96 (102)
(60,65): 93 (100)
(60,66): 94 (101)
(60,67): 99 (104)
(60,68): 104 (107)
(60,69): 106 (108)
(60,70): 107 (109)
(60,71): 107 (109)
(60,72): 109 (110)
(60,73): 111 (111)
(60,74): 112 (112)
(60,75): 114 (113)
(60,76): 117 (115)
(60,77): 119 (116)
(60,78): 122 (118)
(60,79): 124 (119)
(60,80): 125 (120)
(60,81): 125 (120)
(60,82): 124 (119)
(60,83): 120 (117)
(60,84): 114 (113)
(60,85): 112 (112)
(60,86): 114 (113)
(60,87): 114 (113)
(60,88): 114 (113)
(60,89): 114 (113)
(60,90): 112 (112)
(60,91): 109 (110)
(60,92): 109 (110)
(60,93): 106 (108)
(60,94): 109 (110)
(60,95): 111 (111)
(60,96): 112 (112)
(60,97): 112 (112)
(60,98): 114 (113)
(60,99): 112 (112)
(60,100): 112 (112)
(60,101): 112 (112)
(60,102): 111 (111)
(60,103): 109 (110)
(60,104): 107 (109)
(60,105): 106 (108)
(60,106): 104 (107)
(60,107): 101 (105)
(60,108): 102 (106)
(60,109): 102 (106)
(60,110): 101 (105)
(60,111): 101 (105)
(60,112): 101 (105)
(60,113): 101 (105)
(60,114): 102 (106)
(60,115): 102 (106)
(60,116): 102 (106)
(60,117): 102 (106)
(60,118): 102 (106)
(60,119): 101 (105)
(60,120): 101 (105)
(60,121): 101 (105)
(60,122): 101 (105)
(60,123): 99 (104)
(60,124): 99 (104)
(60,125): 98 (103)
(60,126): 83 (94)
(60,127): 72 (87)
(61,0): 24 (58)
(61,1): 39 (67)
(61,2): 46 (71)
(61,3): 52 (75)
(61,4): 57 (78)
(61,5): 62 (81)
(61,6): 67 (84)
(61,7): 70 (86)
(61,8): 70 (86)
(61,9): 70 (86)
(61,10): 70 (86)
(61,11): 68 (85)
(61,12): 68 (85)
(61,13): 68 (85)
(61,14): 67 (84)
(61,15): 65 (83)
(61,16): 67 (84)
(61,17): 68 (85)
(61,18): 68 (85)
(61,19): 70 (86)
(61,20): 72 (87)
(61,21): 73 (88)
(61,22): 75 (89)
(61,23): 76 (90)
(61,24): 76 (90)
(61,25): 76 (90)
(61,26): 76 (90)
(61,27): 76 (90)
(61,28): 76 (90)
(61,29): 78 (91)
(61,30): 80 (92)
(61,31): 83 (94)
(61,32): 85 (95)
(61,33): 83 (94)
(61,34): 80 (92)
(61,35): 75 (89)
(61,36): 70 (86)
(61,37): 68 (85)
(61,38): 68 (85)
(61,39): 68 (85)
(61,40): 72 (87)
(61,41): 73 (88)
(61,42): 75 (89)
(61,43): 75 (89)
(61,44): 78 (91)
(61,45): 81 (93)
(61,46): 85 (95)
(61,47): 91 (99)
(61,48): 102 (106)
(61,49): 114 (113)
(61,50): 120 (117)
(61,51): 124 (119)
(61,52): 125 (120)
(61,53): 127 (121)
(61,54): 124 (119)
(61,55): 122 (118)
(61,56): 120 (117)
(61,57): 115 (114)
(61,58): 111 (111)
(61,59): 107 (109)
(61,60): 104 (107)
(61,61): 104 (107)
(61,62): 102 (106)
(61,63): 102 (106)
(61,64): 101 (105)
(61,65): 99 (104)
(61,66): 104 (107)
(61,67): 107 (109)
(61,68): 111 (111)
(61,69): 112 (112)
(61,70): 112 (112)
(61,71): 112 (112)
(61,72): 112 (112)
(61,73): 114 (113)
(61,74): 115 (114)
(61,75): 117 (115)
(61,76): 117 (115)
(61,77): 119 (116)
(61,78): 120 (117)
(61,79): 120 (117)
(61,80): 122 (118)
(61,81): 120 (117)
(61,82): 119 (116)
(61,83): 114 (113)
(61,84): 112 (112)
(61,85): 111 (111)
(61,86): 112 (112)
(61,87): 112 (112)
(61,88): 112 (112)
(61,89): 112 (112)
(61,90): 112 (112)
(61,91): 111 (111)
(61,92): 109 (110)
(61,93): 109 (110)
(61,94): 109 (110)
(61,95): 109 (110)
(61,96): 111 (111)
(61,97): 111 (111)
(61,98): 111 (111)
(61,99): 111 (111)
(61,100): 111 (111)
(61,101): 109 (110)
(61,102): 109 (110)
(61,103): 109 (110)
(61,104): 107 (109)
(61,105): 106 (108)
(61,106): 102 (106)
(61,107): 102 (106)
(61,108): 101 (105)
(61,109): 101 (105)
(61,110): 101 (105)
(61,111): 99 (104)
(61,112): 101 (105)
(61,113): 101 (105)
(61,114): 101 (105)
(61,115): 102 (106)
(61,116): 102 (106)
(61,117): 102 (106)
(61,118): 101 (105)
(61,119): 101 (105)
(61,120): 101 (105)
(61,121): 99 (104)
(61,122): 99 (104)
(61,123): 99 (104)
(61,124): 99 (104)
(61,125): 94 (101)
(61,126): 78 (91)
(61,127): 50 (74)
(62,0): 16 (53)
(62,1): 36 (65)
(62,2): 44 (70)
(62,3): 52 (75)
(62,4): 60 (80)
(62,5): 67 (84)
(62,6): 72 (87)
(62,7): 75 (89)
(62,8): 76 (90)
(62,9): 75 (89)
(62,10): 75 (89)
(62,11): 73 (88)
(62,12): 70 (86)
(62,13): 70 (86)
(62,14): 72 (87)
(62,15): 70 (86)
(62,16): 70 (86)
(62,17): 73 (88)
(62,18): 75 (89)
(62,19): 75 (89)
(62,20): 76 (90)
(62,21): 78 (91)
(62,22): 80 (92)
(62,23): 81 (93)
(62,24): 81 (93)
(62,25): 81 (93)
(62,26): 80 (92)
(62,27): 76 (90)
(62,28): 76 (90)
(62,29): 76 (90)
(62,30): 81 (93)
(62,31): 85 (95)
(62,32): 86 (96)
(62,33): 86 (96)
(62,34): 83 (94)
(62,35): 76 (90)
(62,36): 75 (89)
(62,37): 73 (88)
(62,38): 76 (90)
(62,39): 78 (91)
(62,40): 80 (92)
(62,41): 81 (93)
(62,42): 80 (92)
(62,43): 81 (93)
(62,44): 88 (97)
(62,45): 89 (98)
(62,46): 98 (103)
(62,47): 104 (107)
(62,48): 112 (112)
(62,49): 119 (116)
(62,50): 122 (118)
(62,51): 124 (119)
(62,52): 124 (119)
(62,53): 125 (120)
(62,54): 124 (119)
(62,55): 122 (118)
(62,56): 120 (117)
(62,57): 117 (115)
(62,58): 114 (113)
(62,59): 111 (111)
(62,60): 106 (108)
(62,61): 107 (109)
(62,62): 106 (108)
(62,63): 106 (108)
(62,64): 106 (108)
(62,65): 106 (108)
(62,66): 109 (110)
(62,67): 111 (111)
(62,68): 112 (112)
(62,69): 114 (113)
(62,70): 114 (113)
(62,71): 115 (114)
(62,72): 115 (114)
(62,73): 115 (114)
(62,74): 117 (115)
(62,75): 117 (115)
(62,76): 117 (115)
(62,77): 117 (115)
(62,78): 119 (116)
(62,79): 119 (116)
(62,80): 119 (116)
(62,81): 119 (116)
(62,82): 117 (115)
(62,83): 115 (114)
(62,84): 111 (111)
(62,85): 112 (112)
(62,86): 109 (110)
(62,87): 111 (111)
(62,88): 112 (112)
(62,89): 112 (112)
(62,90): 112 (112)
(62,91): 111 (111)
(62,92): 111 (111)
(62,93): 109 (110)
(62,94): 109 (110)
(62,95): 109 (110)
(62,96): 109 (110)
(62,97): 109 (110)
(62,98): 111 (111)
(62,99): 109 (110)
(62,100): 109 (110)
(62,101): 107 (109)
(62,102): 107 (109)
(62,103): 107 (109)
(62,104): 106 (108)
(62,105): 104 (107)
(62,106): 102 (106)
(62,107): 101 (105)
(62,108): 101 (105)
(62,109): 99 (104)
(62,110): 99 (104)
(62,111): 99 (104)
(62,112): 99 (104)
(62,113): 101 (105)
(62,114): 101 (105)
(62,115): 102 (106)
(62,116): 102 (106)
(62,117): 102 (106)
(62,118): 101 (105)
(62,119): 101 (105)
(62,120): 101 (105)
(62,121): 99 (104)
(62,122): 101 (105)
(62,123): 101 (105)
(62,124): 101 (105)
(62,125): 101 (105)
(62,126): 85 (95)
(62,127): 63 (82)
(63,0): 18 (54)
(63,1): 37 (66)
(63,2): 44 (70)
(63,3): 55 (77)
(63,4): 65 (83)
(63,5): 73 (88)
(63,6): 80 (92)
(63,7): 83 (94)
(63,8): 83 (94)
(63,9): 83 (94)
(63,10): 81 (93)
(63,11): 80 (92)
(63,12): 76 (90)
(63,13): 76 (90)
(63,14): 76 (90)
(63,15): 80 (92)
(63,16): 78 (91)
(63,17): 81 (93)
(63,18): 83 (94)
(63,19): 83 (94)
(63,20): 83 (94)
(63,21): 81 (93)
(63,22): 85 (95)
(63,23): 86 (96)
(63,24): 86 (96)
(63,25): 86 (96)
(63,26): 85 (95)
(63,27): 80 (92)
(63,28): 78 (91)
(63,29): 80 (92)
(63,30): 86 (96)
(63,31): 89 (98)
(63,32): 91 (99)
(63,33): 89 (98)
(63,34): 88 (97)
(63,35): 83 (94)
(63,36): 80 (92)
(63,37): 81 (93)
(63,38): 85 (95)
(63,39): 86 (96)
(63,40): 88 (97)
(63,41): 89 (98)
(63,42): 91 (99)
(63,43): 91 (99)
(63,44): 96 (102)
(63,45): 101 (105)
(63,46): 106 (108)
(63,47): 111 (111)
(63,48): 115 (114)
(63,49): 117 (115)
(63,50): 119 (116)
(63,51): 120 (117)
(63,52): 120 (117)
(63,53): 120 (117)
(63,54): 120 (117)
(63,55): 120 (117)
(63,56): 119 (116)
(63,57): 117 (115)
(63,58): 115 (114)
(63,59): 112 (112)
(63,60): 111 (111)
(63,61): 109 (110)
(63,62): 109 (110)
(63,63): 107 (109)
(63,64): 107 (109)
(63,65): 109 (110)
(63,66): 109 (110)
(63,67): 111 (111)
(63,68): 114 (113)
(63,69): 114 (113)
(63,70): 115 (114)
(63,71): 115 (114)
(63,72): 115 (114)
(63,73): 115 (114)
(63,74): 117 (115)
(63,75): 117 (115)
(63,76): 117 (115)
(63,77): 117 (115)
(63,78): 117 (115)
(63,79): 117 (115)
(63,80): 117 (115)
(63,81): 117 (115)
(63,82): 115 (114)
(63,83): 115 (114)
(63,84): 114 (113)
(63,85): 112 (112)
(63,86): 111 (111)
(63,87): 111 (111)
(63,88): 111 (111)
(63,89): 112 (112)
(63,90): 112 (112)
(63,91): 111 (111)
(63,92): 111 (111)
(63,93): 111 (111)
(63,94): 111 (111)
(63,95): 109 (110)
(63,96): 109 (110)
(63,97): 109 (110)
(63,98): 109 (110)
(63,99): 109 (110)
(63,100): 107 (109)
(63,101): 106 (108)
(63,102): 106 (108)
(63,103): 106 (108)
(63,104): 106 (108)
(63,105): 104 (107)
(63,106): 102 (106)
(63,107): 101 (105)
(63,108): 99 (104)
(63,109): 99 (104)
(63,110): 99 (104)
(63,111): 99 (104)
(63,112): 101 (105)
(63,113): 101 (105)
(63,114): 101 (105)
(63,115): 102 (106)
(63,116): 102 (106)
(63,117): 102 (106)
(63,118): 101 (105)
(63,119): 101 (105)
(63,120): 101 (105)
(63,121): 101 (105)
(63,122): 101 (105)
(63,123): 101 (105)
(63,124): 99 (104)
(63,125): 98 (103)
(63,126): 88 (97)
(63,127): 57 (78)
(64,0): 18 (54)
(64,1): 37 (66)
(64,2): 44 (70)
(64,3): 60 (80)
(64,4): 73 (88)
(64,5): 83 (94)
(64,6): 88 (97)
(64,7): 91 (99)
(64,8): 91 (99)
(64,9): 91 (99)
(64,10): 89 (98)
(64,11): 88 (97)
(64,12): 85 (95)
(64,13): 88 (97)
(64,14): 86 (96)
(64,15): 91 (99)
(64,16): 94 (101)
(64,17): 94 (101)
(64,18): 93 (100)
(64,19): 91 (99)
(64,20): 91 (99)
(64,21): 91 (99)
(64,22): 91 (99)
(64,23): 91 (99)
(64,24): 91 (99)
(64,25): 91 (99)
(64,26): 88 (97)
(64,27): 83 (94)
(64,28): 83 (94)
(64,29): 85 (95)
(64,30): 91 (99)
(64,31): 94 (101)
(64,32): 96 (102)
(64,33): 96 (102)
(64,34): 94 (101)
(64,35): 89 (98)
(64,36): 89 (98)
(64,37): 93 (100)
(64,38): 94 (101)
(64,39): 96 (102)
(64,40): 98 (103)
(64,41): 99 (104)
(64,42): 101 (105)
(64,43): 102 (106)
(64,44): 104 (107)
(64,45): 107 (109)
(64,46): 111 (111)
(64,47): 112 (112)
(64,48): 114 (113)
(64,49): 115 (114)
(64,50): 117 (115)
(64,51): 117 (115)
(64,52): 117 (115)
(64,53): 117 (115)
(64,54): 119 (116)
(64,55): 119 (116)
(64,56): 119 (116)
(64,57): 117 (115)
(64,58): 115 (114)
(64,59): 114 (113)
(64,60): 112 (112)
(64,61): 111 (111)
(64,62): 109 (110)
(64,63): 109 (110)
(64,64): 109 (110)
(64,65): 109 (110)
(64,66): 111 (111)
(64,67): 111 (111)
(64,68): 112 (112)
(64,69): 114 (113)
(64,70): 115 (114)
(64,71): 115 (114)
(64,72): 115 (114)
(64,73): 115 (114)
(64,74): 117 (115)
(64,75): 117 (115)
(64,76): 115 (114)
(64,77): 115 (114)
(64,78): 115 (114)
(64,79): 115 (114)
(64,80): 115 (114)
(64,81): 115 (114)
(64,82): 115 (114)
(64,83): 115 (114)
(64,84): 114 (113)
(64,85): 112 (112)
(64,86): 112 (112)
(64,87): 111 (111)
(64,88): 111 (111)
(64,89): 111 (111)
(64,90): 112 (112)
(64,91): 112 (112)
(64,92): 112 (112)
(64,93): 112 (112)
(64,94): 111 (111)
(64,95): 111 (111)
(64,96): 111 (111)
(64,97): 111 (111)
(64,98): 109 (110)
(64,99): 107 (109)
(64,100): 107 (109)
(64,101): 106 (108)
(64,102): 104 (107)
(64,103): 104 (107)
(64,104): 104 (107)
(64,105): 104 (107)
(64,106): 102 (106)
(64,107): 101 (105)
(64,108): 99 (104)
(64,109): 96 (102)
(64,110): 99 (104)
(64,111): 101 (105)
(64,112): 101 (105)
(64,113): 102 (106)
(64,114): 102 (106)
(64,115): 102 (106)
(64,116): 102 (106)
(64,117): 102 (106)
(64,118): 102 (106)
(64,119): 101 (105)
(64,120): 101 (105)
(64,121): 101 (105)
(64,122): 101 (105)
(64,123): 101 (105)
(64,124): 101 (105)
(64,125): 101 (105)
(64,126): 88 (97)
(64,127): 72 (87)
(65,0): 34 (64)
(65,1): 46 (71)
(65,2): 57 (78)
(65,3): 70 (86)
(65,4): 83 (94)
(65,5): 93 (100)
(65,6): 98 (103)
(65,7): 99 (104)
(65,8): 99 (104)
(65,9): 98 (103)
(65,10): 98 (103)
(65,11): 96 (102)
(65,12): 96 (102)
(65,13): 98 (103)
(65,14): 99 (104)
(65,15): 102 (106)
(65,16): 104 (107)
(65,17): 104 (107)
(65,18): 102 (106)
(65,19): 101 (105)
(65,20): 99 (104)
(65,21): 98 (103)
(65,22): 98 (103)
(65,23): 98 (103)
(65,24): 98 (103)
(65,25): 96 (102)
(65,26): 91 (99)
(65,27): 88 (97)
(65,28): 89 (98)
(65,29): 93 (100)
(65,30): 99 (104)
(65,31): 102 (106)
(65,32): 104 (107)
(65,33): 102 (106)
(65,34): 102 (106)
(65,35): 101 (105)
(65,36): 101 (105)
(65,37): 102 (106)
(65,38): 104 (107)
(65,39): 106 (108)
(65,40): 107 (109)
(65,41): 107 (109)
(65,42): 107 (109)
(65,43): 107 (109)
(65,44): 109 (110)
(65,45): 111 (111)
(65,46): 111 (111)
(65,47): 112 (112)
(65,48): 114 (113)
(65,49): 114 (113)
(65,50): 115 (114)
(65,51): 115 (114)
(65,52): 112 (112)
(65,53): 115 (114)
(65,54): 115 (114)
(65,55): 117 (115)
(65,56): 117 (115)
(65,57): 117 (115)
(65,58): 115 (114)
(65,59): 114 (113)
(65,60): 114 (113)
(65,61): 112 (112)
(65,62): 111 (111)
(65,63): 109 (110)
(65,64): 109 (110)
(65,65): 109 (110)
(65,66): 109 (110)
(65,67): 111 (111)
(65,68): 112 (112)
(65,69): 112 (112)
(65,70): 114 (113)
(65,71): 115 (114)
(65,72): 115 (114)
(65,73): 115 (114)
(65,74): 115 (114)
(65,75): 115 (114)
(65,76): 115 (114)
(65,77): 114 (113)
(65,78): 114 (113)
(65,79): 115 (114)
(65,80): 115 (114)
(65,81): 115 (114)
(65,82): 117 (115)
(65,83): 115 (114)
(65,84): 115 (114)
(65,85): 114 (113)
(65,86): 112 (112)
(65,87): 111 (111)
(65,88): 111 (111)
(65,89): 111 (111)
(65,90): 112 (112)
(65,91): 112 (112)
(65,92): 112 (112)
(65,93): 112 (112)
(65,94): 112 (112)
(65,95): 112 (112)
(65,96): 112 (112)
(65,97): 111 (111)
(65,98): 111 (111)
(65,99): 109 (110)
(65,100): 106 (108)
(65,101): 104 (107)
(65,102): 101 (105)
(65,103): 102 (106)
(65,104): 102 (106)
(65,105): 102 (106)
(65,106): 101 (105)
(65,107): 99 (104)
(65,108): 99 (104)
(65,109): 99 (104)
(65,110): 99 (104)
(65,111): 101 (105)
(65,112): 102 (106)
(65,113): 102 (106)
(65,114): 102 (106)
(65,115): 102 (106)
(65,116): 102 (106)
(65,117): 102 (106)
(65,118): 102 (106)
(65,119): 102 (106)
(65,120): 101 (105)
(65,121): 101 (105)
(65,122): 101 (105)
(65,123): 101 (105)
(65,124): 99 (104)
(65,125): 96 (102)
(65,126): 86 (96)
(65,127): 54 (76)
(66,0): 47 (72)
(66,1): 60 (80)
(66,2): 72 (87)
(66,3): 83 (94)
(66,4): 96 (102)
(66,5): 102 (106)
(66,6): 106 (108)
(66,7): 107 (109)
(66,8): 106 (108)
(66,9): 106 (108)
(66,10): 104 (107)
(66,11): 104 (107)
(66,12): 106 (108)
(66,13): 107 (109)
(66,14): 107 (109)
(66,15): 107 (109)
(66,16): 109 (110)
(66,17): 107 (109)
(66,18): 107 (109)
(66,19): 107 (109)
(66,20): 106 (108)
(66,21): 104 (107)
(66,22): 104 (107)
(66,23): 104 (107)
(66,24): 104 (107)
(66,25): 101 (105)
(66,26): 98 (103)
(66,27): 99 (104)
(66,28): 101 (105)
(66,29): 104 (107)
(66,30): 106 (108)
(66,31): 109 (110)
(66,32): 109 (110)
(66,33): 109 (110)
(66,34): 109 (110)
(66,35): 109 (110)
(66,36): 109 (110)
(66,37): 111 (111)
(66,38): 111 (111)
(66,39): 111 (111)
(66,40): 111 (111)
(66,41): 111 (111)
(66,42): 111 (111)
(66,43): 111 (111)
(66,44): 111 (111)
(66,45): 111 (111)
(66,46): 111 (111)
(66,47): 112 (112)
(66,48): 112 (112)
(66,49): 114 (113)
(66,50): 114 (113)
(66,51): 114 (113)
(66,52): 114 (113)
(66,53): 114 (113)
(66,54): 114 (113)
(66,55): 115 (114)
(66,56): 115 (114)
(66,57): 117 (115)
(66,58): 115 (114)
(66,59): 115 (114)
(66,60): 114 (113)
(66,61): 112 (112)
(66,62): 111 (111)
(66,63): 109 (110)
(66,64): 109 (110)
(66,65): 109 (110)
(66,66): 109 (110)
(66,67): 109 (110)
(66,68): 111 (111)
(66,69): 112 (112)
(66,70): 112 (112)
(66,71): 114 (113)
(66,72): 115 (114)
(66,73): 115 (114)
(66,74): 115 (114)
(66,75): 114 (113)
(66,76): 114 (113)
(66,77): 114 (113)
(66,78): 114 (113)
(66,79): 114 (113)
(66,80): 115 (114)
(66,81): 115 (114)
(66,82): 117 (115)
(66,83): 117 (115)
(66,84): 115 (114)
(66,85): 114 (113)
(66,86): 112 (112)
(66,87): 112 (112)
(66,88): 112 (112)
(66,89): 111 (111)
(66,90): 112 (112)
(66,91): 112 (112)
(66,92): 112 (112)
(66,93): 114 (113)
(66,94): 114 (113)
(66,95): 114 (113)
(66,96): 114 (113)
(66,97): 112 (112)
(66,98): 111 (111)
(66,99): 109 (110)
(66,100): 106 (108)
(66,101): 104 (107)
(66,102): 102 (106)
(66,103): 101 (105)
(66,104): 101 (105)
(66,105): 101 (105)
(66,106): 101 (105)
(66,107): 99 (104)
(66,108): 96 (102)
(66,109): 96 (102)
(66,110): 99 (104)
(66,111): 101 (105)
(66,112): 102 (106)
(66,113): 102 (106)
(66,114): 102 (106)
(66,115): 102 (106)
(66,116): 102 (106)
(66,117): 102 (106)
(66,118): 102 (106)
(66,119): 101 (105)
(66,120): 101 (105)
(66,121): 101 (105)
(66,122): 99 (104)
(66,123): 99 (104)
(66,124): 99 (104)
(66,125): 98 (103)
(66,126): 86 (96)
(66,127): 70 (86)
(67,0): 68 (85)
(67,1): 80 (92)
(67,2): 86 (96)
(67,3): 99 (104)
(67,4): 106 (108)
(67,5): 109 (110)
(67,6): 112 (112)
(67,7): 112 (112)
(67,8): 112 (112)
(67,9): 111 (111)
(67,10): 111 (111)
(67,11): 111 (111)
(67,12): 112 (112)
(67,13): 112 (112)
(67,14): 112 (112)
(67,15): 111 (111)
(67,16): 111 (111)
(67,17): 109 (110)
(67,18): 111 (111)
(67,19): 109 (110)
(67,20): 109 (110)
(67,21): 109 (110)
(67,22): 109 (110)
(67,23): 109 (110)
(67,24): 107 (109)
(67,25): 106 (108)
(67,26): 106 (108)
(67,27): 106 (108)
(67,28): 107 (109)
(67,29): 109 (110)
(67,30): 111 (111)
(67,31): 111 (111)
(67,32): 111 (111)
(67,33): 111 (111)
(67,34): 112 (112)
(67,35): 112 (112)
(67,36): 112 (112)
(67,37): 112 (112)
(67,38): 112 (112)
(67,39): 112 (112)
(67,40): 111 (111)
(67,41): 111 (111)
(67,42): 111 (111)
(67,43): 111 (111)
(67,44): 111 (111)
(67,45): 111 (111)
(67,46): 109 (110)
(67,47): 111 (111)
(67,48): 111 (111)
(67,49): 112 (112)
(67,50): 112 (112)
(67,51): 112 (112)
(67,52): 112 (112)
(67,53): 112 (112)
(67,54): 112 (112)
(67,55): 112 (112)
(67,56): 114 (113)
(67,57): 115 (114)
(67,58): 115 (114)
(67,59): 115 (114)
(67,60): 114 (113)
(67,61): 112 (112)
(67,62): 111 (111)
(67,63): 109 (110)
(67,64): 109 (110)
(67,65): 109 (110)
(67,66): 109 (110)
(67,67): 109 (110)
(67,68): 109 (110)
(67,69): 111 (111)
(67,70): 111 (111)
(67,71): 112 (112)
(67,72): 114 (113)
(67,73): 114 (113)
(67,74): 114 (113)
(67,75): 112 (112)
(67,76): 112 (112)
(67,77): 112 (112)
(67,78): 112 (112)
(67,79): 114 (113)
(67,80): 114 (113)
(67,81): 115 (114)
(67,82): 117 (115)
(67,83): 117 (115)
(67,84): 115 (114)
(67,85): 114 (113)
(67,86): 112 (112)
(67,87): 112 (112)
(67,88): 111 (111)
(67,89): 111 (111)
(67,90): 111 (111)
(67,91): 112 (112)
(67,92): 112 (112)
(67,93): 114 (113)
(67,94): 115 (114)
(67,95): 115 (114)
(67,96): 114 (113)
(67,97): 112 (112)
(67,98): 111 (111)
(67,99): 109 (110)
(67,100): 106 (108)
(67,101): 102 (106)
(67,102): 101 (105)
(67,103): 99 (104)
(67,104): 99 (104)
(67,105): 99 (104)
(67,106): 99 (104)
(67,107): 98 (103)
(67,108): 98 (103)
(67,109): 98 (103)
(67,110): 99 (104)
(67,111): 101 (105)
(67,112): 102 (106)
(67,113): 102 (106)
(67,114): 102 (106)
(67,115): 101 (105)
(67,116): 101 (105)
(67,117): 101 (105)
(67,118): 101 (105)
(67,119): 101 (105)
(67,120): 99 (104)
(67,121): 99 (104)
(67,122): 99 (104)
(67,123): 98 (103)
(67,124): 96 (102)
(67,125): 91 (99)
(67,126): 83 (94)
(67,127): 50 (74)
(68,0): 59 (79)
(68,1): 88 (97)
(68,2): 101 (105)
(68,3): 107 (109)
(68,4): 111 (111)
(68,5): 112 (112)
(68,6): 114 (113)
(68,7): 114 (113)
(68,8): 115 (114)
(68,9): 114 (113)
(68,10): 115 (114)
(68,11): 114 (113)
(68,12): 114 (113)
(68,13): 112 (112)
(68,14): 114 (113)
(68,15): 111 (111)
(68,16): 111 (111)
(68,17): 109 (110)
(68,18): 111 (111)
(68,19): 111 (111)
(68,20): 111 (111)
(68,21): 111 (111)
(68,22): 111 (111)
(68,23): 111 (111)
(68,24): 109 (110)
(68,25): 109 (110)
(68,26): 111 (111)
(68,27): 109 (110)
(68,28): 111 (111)
(68,29): 111 (111)
(68,30): 112 (112)
(68,31): 111 (111)
(68,32): 112 (112)
(68,33): 112 (112)
(68,34): 112 (112)
(68,35): 114 (113)
(68,36): 114 (113)
(68,37): 114 (113)
(68,38): 112 (112)
(68,39): 112 (112)
(68,40): 111 (111)
(68,41): 111 (111)
(68,42): 111 (111)
(68,43): 109 (110)
(68,44): 109 (110)
(68,45): 107 (109)
(68,46): 107 (109)
(68,47): 107 (109)
(68,48): 109 (110)
(68,49): 111 (111)
(68,50): 111 (111)
(68,51): 111 (111)
(68,52): 111 (111)
(68,53): 109 (110)
(68,54): 109 (110)
(68,55): 111 (111)
(68,56): 112 (112)
(68,57): 114 (113)
(68,58): 115 (114)
(68,59): 114 (113)
(68,60): 114 (113)
(68,61): 112 (112)
(68,62): 109 (110)
(68,63): 109 (110)
(68,64): 107 (109)
(68,65): 107 (109)
(68,66): 107 (109)
(68,67): 107 (109)
(68,68): 107 (109)
(68,69): 107 (109)
(68,70): 109 (110)
(68,71): 109 (110)
(68,72): 111 (111)
(68,73): 112 (112)
(68,74): 112 (112)
(68,75): 111 (111)
(68,76): 111 (111)
(68,77): 111 (111)
(68,78): 111 (111)
(68,79): 112 (112)
(68,80): 114 (113)
(68,81): 115 (114)
(68,82): 117 (115)
(68,83): 115 (114)
(68,84): 115 (114)
(68,85): 114 (113)
(68,86): 112 (112)
(68,87): 111 (111)
(68,88): 111 (111)
(68,89): 109 (110)
(68,90): 111 (111)
(68,91): 111 (111)
(68,92): 112 (112)
(68,93): 114 (113)
(68,94): 115 (114)
(68,95): 115 (114)
(68,96): 115 (114)
(68,97): 114 (113)
(68,98): 111 (111)
(68,99): 107 (109)
(68,100): 104 (107)
(68,101): 101 (105)
(68,102): 99 (104)
(68,103): 98 (103)
(68,104): 98 (103)
(68,105): 98 (103)
(68,106): 98 (103)
(68,107): 96 (102)
(68,108): 96 (102)
(68,109): 96 (102)
(68,110): 98 (103)
(68,111): 99 (104)
(68,112): 101 (105)
(68,113): 101 (105)
(68,114): 101 (105)
(68,115): 99 (104)
(68,116): 99 (104)
(68,117): 99 (104)
(68,118): 99 (104)
(68,119): 98 (103)
(68,120): 98 (103)
(68,121): 96 (102)
(68,122): 96 (102)
(68,123): 94 (101)
(68,124): 93 (100)
(68,125): 89 (98)
(68,126): 80 (92)
(68,127): 65 (83)
(69,0): 75 (89)
(69,1): 89 (98)
(69,2): 107 (109)
(69,3): 106 (108)
(69,4): 112 (112)
(69,5): 111 (111)
(69,6): 115 (114)
(69,7): 112 (112)
(69,8): 114 (113)
(69,9): 114 (113)
(69,10): 115 (114)
(69,11): 112 (112)
(69,12): 114 (113)
(69,13): 112 (112)
(69,14): 112 (112)
(69,15): 109 (110)
(69,16): 111 (111)
(69,17): 107 (109)
(69,18): 109 (110)
(69,19): 109 (110)
(69,20): 111 (111)
(69,21): 111 (111)
(69,22): 111 (111)
(69,23): 109 (110)
(69,24): 109 (110)
(69,25): 109 (110)
(69,26): 109 (110)
(69,27): 109 (110)
(69,28): 111 (111)
(69,29): 109 (110)
(69,30): 109 (110)
(69,31): 107 (109)
(69,32): 109 (110)
(69,33): 107 (109)
(69,34): 109 (110)
(69,35): 111 (111)
(69,36): 111 (111)
(69,37): 111 (111)
(69,38): 111 (111)
(69,39): 109 (110)
(69,40): 109 (110)
(69,41): 106 (108)
(69,42): 106 (108)
(69,43): 104 (107)
(69,44): 106 (108)
(69,45): 102 (106)
(69,46): 104 (107)
(69,47): 102 (106)
(69,48): 106 (108)
(69,49): 106 (108)
(69,50): 111 (111)
(69,51): 107 (109)
(69,52): 106 (108)
(69,53): 102 (106)
(69,54): 104 (107)
(69,55): 106 (108)
(69,56): 109 (110)
(69,57): 111 (111)
(69,58): 112 (112)
(69,59): 111 (111)
(69,60): 111 (111)
(69,61): 107 (109)
(69,62): 107 (109)
(69,63): 106 (108)
(69,64): 106 (108)
(69,65): 104 (107)
(69,66): 104 (107)
(69,67): 104 (107)
(69,68): 104 (107)
(69,69): 102 (106)
(69,70): 104 (107)
(69,71): 104 (107)
(69,72): 106 (108)
(69,73): 107 (109)
(69,74): 109 (110)
(69,75): 107 (109)
(69,76): 107 (109)
(69,77): 106 (108)
(69,78): 109 (110)
(69,79): 109 (110)
(69,80): 112 (112)
(69,81): 112 (112)
(69,82): 114 (113)
(69,83): 112 (112)
(69,84): 114 (113)
(69,85): 112 (112)
(69,86): 111 (111)
(69,87): 109 (110)
(69,88): 107 (109)
(69,89): 106 (108)
(69,90): 107 (109)
(69,91): 106 (108)
(69,92): 109 (110)
(69,93): 111 (111)
(69,94): 112 (112)
(69,95): 112 (112)
(69,96): 112 (112)
(69,97): 111 (111)
(69,98): 109 (110)
(69,99): 104 (107)
(69,100): 101 (105)
(69,101): 98 (103)
(69,102): 94 (101)
(69,103): 93 (100)
(69,104): 94 (101)
(69,105): 94 (101)
(69,106): 96 (102)
(69,107): 91 (99)
(69,108): 93 (100)
(69,109): 91 (99)
(69,110): 94 (101)
(69,111): 96 (102)
(69,112): 98 (103)
(69,113): 96 (102)
(69,114): 94 (101)
(69,115): 93 (100)
(69,116): 93 (100)
(69,117): 93 (100)
(69,118): 91 (99)
(69,119): 89 (98)
(69,120): 88 (97)
(69,121): 86 (96)
(69,122): 86 (96)
(69,123): 86 (96)
(69,124): 83 (94)
(69,125): 78 (91)
(69,126): 72 (87)
(69,127): 46 (71)
(70,0): 54 (76)
(70,1): 78 (91)
(70,2): 98 (103)
(70,3): 93 (100)
(70,4): 104 (107)
(70,5): 98 (103)
(70,6): 111 (111)
(70,7): 101 (105)
(70,8): 109 (110)
(70,9): 106 (108)
(70,10): 109 (110)
(70,11): 106 (108)
(70,12): 109 (110)
(70,13): 104 (107)
(70,14): 104 (107)
(70,15): 98 (103)
(70,16): 102 (106)
(70,17): 93 (100)
(70,18): 102 (106)
(70,19): 98 (103)
(70,20): 104 (107)
(70,21): 102 (106)
(70,22): 102 (106)
(70,23): 98 (103)
(70,24): 102 (106)
(70,25): 98 (103)
(70,26): 102 (106)
(70,27): 101 (105)
(70,28): 104 (107)
(70,29): 101 (105)
(70,30): 101 (105)
(70,31): 96 (102)
(70,32): 99 (104)
(70,33): 93 (100)
(70,34): 99 (104)
(70,35): 99 (104)
(70,36): 102 (106)
(70,37): 101 (105)
(70,38): 104 (107)
(70,39): 101 (105)
(70,40): 101 (105)
(70,41): 96 (102)
(70,42): 98 (103)
(70,43): 91 (99)
(70,44): 96 (102)
(70,45): 91 (99)
(70,46): 93 (100)
(70,47): 89 (98)
(70,48): 96 (102)
(70,49): 94 (101)
(70,50): 102 (106)
(70,51): 96 (102)
(70,52): 96 (102)
(70,53): 91 (99)
(70,54): 96 (102)
(70,55): 94 (101)
(70,56): 101 (105)
(70,57): 99 (104)
(70,58): 102 (106)
(70,59): 99 (104)
(70,60): 102 (106)
(70,61): 98 (103)
(70,62): 102 (106)
(70,63): 98 (103)
(70,64): 98 (103)
(70,65): 93 (100)
(70,66): 93 (100)
(70,67): 93 (100)
(70,68): 94 (101)
(70,69): 91 (99)
(70,70): 94 (101)
(70,71): 91 (99)
(70,72): 96 (102)
(70,73): 96 (102)
(70,74): 99 (104)
(70,75): 98 (103)
(70,76): 101 (105)
(70,77): 99 (104)
(70,78): 102 (106)
(70,79): 102 (106)
(70,80): 106 (108)
(70,81): 104 (107)
(70,82): 106 (108)
(70,83): 98 (103)
(70,84): 106 (108)
(70,85): 99 (104)
(70,86): 102 (106)
(70,87): 99 (104)
(70,88): 99 (104)
(70,89): 94 (101)
(70,90): 96 (102)
(70,91): 89 (98)
(70,92): 94 (101)
(70,93): 98 (103)
(70,94): 102 (106)
(70,95): 101 (105)
(70,96): 102 (106)
(70,97): 99 (104)
(70,98): 99 (104)
(70,99): 94 (101)
(70,100): 93 (100)
(70,101): 89 (98)
(70,102): 88 (97)
(70,103): 85 (95)
(70,104): 83 (94)
(70,105): 80 (92)
(70,106): 85 (95)
(70,107): 75 (89)
(70,108): 81 (93)
(70,109): 80 (92)
(70,110): 85 (95)
(70,111): 81 (93)
(70,112): 83 (94)
(70,113): 78 (91)
(70,114): 78 (91)
(70,115): 76 (90)
(70,116): 78 (91)
(70,117): 75 (89)
(70,118): 75 (89)
(70,119): 70 (86)
(70,120): 68 (85)
(70,121): 67 (84)
(70,122): 68 (85)
(70,123): 67 (84)
(70,124): 67 (84)
(70,125): 65 (83)
(70,126): 62 (81)
(70,127): 42 (69)
(71,0): 34 (64)
(71,1): 49 (73)
(71,2): 81 (93)
(71,3): 76 (90)
(71,4): 88 (97)
(71,5): 73 (88)
(71,6): 89 (98)
(71,7): 72 (87)
(71,8): 91 (99)
(71,9): 78 (91)
(71,10): 93 (100)
(71,11): 80 (92)
(71,12): 88 (97)
(71,13): 78 (91)
(71,14): 89 (98)
(71,15): 73 (88)
(71,16): 88 (97)
(71,17): 68 (85)
(71,18): 86 (96)
(71,19): 68 (85)
(71,20): 85 (95)
(71,21): 73 (88)
(71,22): 85 (95)
(71,23): 72 (87)
(71,24): 85 (95)
(71,25): 67 (84)
(71,26): 78 (91)
(71,27): 72 (87)
(71,28): 81 (93)
(71,29): 72 (87)
(71,30): 83 (94)
(71,31): 70 (86)
(71,32): 83 (94)
(71,33): 65 (83)
(71,34): 81 (93)
(71,35): 68 (85)
(71,36): 76 (90)
(71,37): 72 (87)
(71,38): 80 (92)
(71,39): 68 (85)
(71,40): 80 (92)
(71,41): 70 (86)
(71,42): 80 (92)
(71,43): 65 (83)
(71,44): 78 (91)
(71,45): 63 (82)
(71,46): 73 (88)
(71,47): 65 (83)
(71,48): 83 (94)
(71,49): 70 (86)
(71,50): 83 (94)
(71,51): 70 (86)
(71,52): 85 (95)
(71,53): 70 (86)
(71,54): 81 (93)
(71,55): 67 (84)
(71,56): 81 (93)
(71,57): 67 (84)
(71,58): 83 (94)
(71,59): 73 (88)
(71,60): 86 (96)
(71,61): 73 (88)
(71,62): 86 (96)
(71,63): 75 (89)
(71,64): 80 (92)
(71,65): 65 (83)
(71,66): 72 (87)
(71,67): 63 (82)
(71,68): 72 (87)
(71,69): 60 (80)
(71,70): 73 (88)
(71,71): 60 (80)
(71,72): 76 (90)
(71,73): 65 (83)
(71,74): 80 (92)
(71,75): 68 (85)
(71,76): 80 (92)
(71,77): 70 (86)
(71,78): 83 (94)
(71,79): 75 (89)
(71,80): 86 (96)
(71,81): 76 (90)
(71,82): 88 (97)
(71,83): 70 (86)
(71,84): 86 (96)
(71,85): 72 (87)
(71,86): 81 (93)
(71,87): 72 (87)
(71,88): 76 (90)
(71,89): 65 (83)
(71,90): 75 (89)
(71,91): 63 (82)
(71,92): 73 (88)
(71,93): 70 (86)
(71,94): 80 (92)
(71,95): 73 (88)
(71,96): 81 (93)
(71,97): 72 (87)
(71,98): 80 (92)
(71,99): 65 (83)
(71,100): 70 (86)
(71,101): 59 (79)
(71,102): 63 (82)
(71,103): 57 (78)
(71,104): 62 (81)
(71,105): 52 (75)
(71,106): 63 (82)
(71,107): 49 (73)
(71,108): 60 (80)
(71,109): 52 (75)
(71,110): 59 (79)
(71,111): 52 (75)
(71,112): 55 (77)
(71,113): 49 (73)
(71,114): 52 (75)
(71,115): 47 (72)
(71,116): 50 (74)
(71,117): 46 (71)
(71,118): 49 (73)
(71,119): 41 (68)
(71,120): 42 (69)
(71,121): 37 (66)
(71,122): 41 (68)
(71,123): 37 (66)
(71,124): 39 (67)
(71,125): 33 (63)
(71,126): 29 (61)
(71,127): 3 (45)
