(0,0):73
(0,1):75
(0,2):144
(0,3):152
(0,4):158
(0,5):156
(0,6):164
(0,7):155
(0,8):166
(0,9):163
(0,10):190
(0,11):172
(0,12):153
(0,13):180
(0,14):222
(0,15):133
(0,16):195
(0,17):180
(0,18):170
(0,19):173
(0,20):126
(0,21):170
(0,22):170
(0,23):169
(0,24):169
(0,25):170
(0,26):169
(0,27):170
(0,28):168
(0,29):169
(0,30):167
(0,31):168
(0,32):170
(0,33):168
(0,34):127
(0,35):125
(0,36):171
(0,37):169
(0,38):128
(0,39):168
(0,40):170
(0,41):126
(0,42):167
(0,43):169
(0,44):167
(0,45):168
(0,46):164
(0,47):166
(0,48):163
(0,49):164
(0,50):164
(0,51):121
(0,52):121
(0,53):163
(0,54):163
(0,55):119
(0,56):163
(0,57):161
(0,58):120
(0,59):157
(0,60):162
(0,61):156
(0,62):160
(0,63):116
(0,64):157
(0,65):156
(0,66):154
(0,67):153
(0,68):154
(0,69):154
(0,70):114
(0,71):114
(0,72):154
(0,73):154
(0,74):152
(0,75):151
(0,76):154
(0,77):154
(0,78):154
(0,79):115
(0,80):153
(0,81):153
(0,82):154
(0,83):151
(0,84):153
(0,85):152
(0,86):154
(0,87):154
(0,88):154
(0,89):154
(0,90):153
(0,91):153
(0,92):150
(0,93):149
(0,94):148
(0,95):150
(0,96):147
(0,97):148
(0,98):148
(0,99):146
(0,100):146
(0,101):145
(0,102):145
(0,103):145
(0,104):142
(0,105):147
(0,106):142
(0,107):140
(0,108):143
(0,109):140
(0,110):139
(0,111):140
(0,112):136
(0,113):139
(0,114):133
(0,115):137
(0,116):130
(0,117):133
(0,118):109
(0,119):125
(0,120):107
(0,121):115
(0,122):77
(0,123):110
(0,124):102
(0,125):92
(0,126):95
(0,127):44
(1,0):73
(1,1):67
(1,2):152
(1,3):142
(1,4):148
(1,5):98
(1,6):155
(1,7):142
(1,8):163
(1,9):135
(1,10):123
(1,11):122
(1,12):170
(1,13):146
(1,14):130
(1,15):162
(1,16):177
(1,17):165
(1,18):167
(1,19):171
(1,20):163
(1,21):127
(1,22):122
(1,23):171
(1,24):166
(1,25):176
(1,26):122
(1,27):172
(1,28):164
(1,29):170
(1,30):165
(1,31):173
(1,32):123
(1,33):174
(1,34):165
(1,35):176
(1,36):166
(1,37):130
(1,38):167
(1,39):172
(1,40):167
(1,41):170
(1,42):163
(1,43):169
(1,44):163
(1,45):169
(1,46):163
(1,47):167
(1,48):119
(1,49):166
(1,50):163
(1,51):165
(1,52):121
(1,53):165
(1,54):162
(1,55):163
(1,56):157
(1,57):166
(1,58):155
(1,59):165
(1,60):154
(1,61):165
(1,62):154
(1,63):163
(1,64):112
(1,65):121
(1,66):149
(1,67):163
(1,68):150
(1,69):122
(1,70):113
(1,71):162
(1,72):151
(1,73):161
(1,74):153
(1,75):160
(1,76):152
(1,77):159
(1,78):150
(1,79):161
(1,80):155
(1,81):163
(1,82):153
(1,83):162
(1,84):153
(1,85):121
(1,86):154
(1,87):162
(1,88):155
(1,89):163
(1,90):154
(1,91):163
(1,92):154
(1,93):162
(1,94):151
(1,95):159
(1,96):146
(1,97):157
(1,98):144
(1,99):158
(1,100):144
(1,101):158
(1,102):145
(1,103):156
(1,104):145
(1,105):154
(1,106):145
(1,107):155
(1,108):141
(1,109):153
(1,110):143
(1,111):150
(1,112):141
(1,113):150
(1,114):141
(1,115):140
(1,116):134
(1,117):89
(1,118):116
(1,119):74
(1,120):102
(1,121):58
(1,122):122
(1,123):59
(1,124):95
(1,125):62
(1,126):100
(1,127):62
(2,0):150
(2,1):148
(2,2):151
(2,3):147
(2,4):153
(2,5):156
(2,6):166
(2,7):157
(2,8):167
(2,9):163
(2,10):197
(2,11):176
(2,12):201
(2,13):176
(2,14):218
(2,15):175
(2,16):186
(2,17):163
(2,18):172
(2,19):166
(2,20):167
(2,21):161
(2,22):165
(2,23):165
(2,24):164
(2,25):162
(2,26):163
(2,27):162
(2,28):165
(2,29):164
(2,30):166
(2,31):165
(2,32):167
(2,33):162
(2,34):170
(2,35):165
(2,36):168
(2,37):164
(2,38):171
(2,39):165
(2,40):167
(2,41):168
(2,42):166
(2,43):165
(2,44):164
(2,45):162
(2,46):161
(2,47):162
(2,48):162
(2,49):156
(2,50):158
(2,51):160
(2,52):159
(2,53):157
(2,54):158
(2,55):155
(2,56):156
(2,57):155
(2,58):157
(2,59):156
(2,60):153
(2,61):152
(2,62):154
(2,63):152
(2,64):153
(2,65):151
(2,66):152
(2,67):152
(2,68):148
(2,69):149
(2,70):150
(2,71):148
(2,72):149
(2,73):149
(2,74):153
(2,75):153
(2,76):153
(2,77):153
(2,78):154
(2,79):153
(2,80):154
(2,81):154
(2,82):154
(2,83):157
(2,84):152
(2,85):155
(2,86):156
(2,87):154
(2,88):153
(2,89):151
(2,90):155
(2,91):156
(2,92):153
(2,93):152
(2,94):154
(2,95):152
(2,96):150
(2,97):150
(2,98):152
(2,99):151
(2,100):146
(2,101):146
(2,102):149
(2,103):146
(2,104):148
(2,105):148
(2,106):148
(2,107):145
(2,108):143
(2,109):144
(2,110):135
(2,111):143
(2,112):140
(2,113):143
(2,114):133
(2,115):118
(2,116):98
(2,117):117
(2,118):120
(2,119):130
(2,120):77
(2,121):105
(2,122):100
(2,123):104
(2,124):110
(2,125):96
(2,126):89
(2,127):87
(3,0):143
(3,1):128
(3,2):148
(3,3):131
(3,4):147
(3,5):111
(3,6):155
(3,7):115
(3,8):163
(3,9):130
(3,10):161
(3,11):114
(3,12):170
(3,13):134
(3,14):174
(3,15):130
(3,16):161
(3,17):147
(3,18):171
(3,19):145
(3,20):164
(3,21):169
(3,22):160
(3,23):171
(3,24):159
(3,25):176
(3,26):161
(3,27):173
(3,28):160
(3,29):169
(3,30):161
(3,31):172
(3,32):165
(3,33):174
(3,34):164
(3,35):171
(3,36):165
(3,37):172
(3,38):162
(3,39):170
(3,40):163
(3,41):168
(3,42):162
(3,43):169
(3,44):160
(3,45):166
(3,46):158
(3,47):162
(3,48):153
(3,49):169
(3,50):159
(3,51):161
(3,52):159
(3,53):163
(3,54):153
(3,55):166
(3,56):155
(3,57):165
(3,58):151
(3,59):161
(3,60):150
(3,61):160
(3,62):146
(3,63):157
(3,64):148
(3,65):159
(3,66):147
(3,67):159
(3,68):151
(3,69):163
(3,70):151
(3,71):162
(3,72):150
(3,73):162
(3,74):148
(3,75):162
(3,76):155
(3,77):162
(3,78):152
(3,79):162
(3,80):155
(3,81):163
(3,82):155
(3,83):159
(3,84):157
(3,85):161
(3,86):152
(3,87):159
(3,88):154
(3,89):161
(3,90):156
(3,91):159
(3,92):154
(3,93):160
(3,94):153
(3,95):161
(3,96):149
(3,97):160
(3,98):148
(3,99):159
(3,100):150
(3,101):160
(3,102):148
(3,103):160
(3,104):146
(3,105):154
(3,106):148
(3,107):156
(3,108):147
(3,109):140
(3,110):137
(3,111):145
(3,112):135
(3,113):143
(3,114):136
(3,115):122
(3,116):114
(3,117):142
(3,118):142
(3,119):147
(3,120):136
(3,121):101
(3,122):130
(3,123):89
(3,124):121
(3,125):71
(3,126):117
(3,127):64
(4,0):150
(4,1):135
(4,2):153
(4,3):142
(4,4):157
(4,5):150
(4,6):163
(4,7):163
(4,8):193
(4,9):158
(4,10):180
(4,11):167
(4,12):180
(4,13):166
(4,14):193
(4,15):163
(4,16):182
(4,17):163
(4,18):192
(4,19):174
(4,20):169
(4,21):162
(4,22):168
(4,23):161
(4,24):161
(4,25):157
(4,26):158
(4,27):159
(4,28):161
(4,29):159
(4,30):165
(4,31):158
(4,32):161
(4,33):160
(4,34):163
(4,35):162
(4,36):160
(4,37):160
(4,38):163
(4,39):161
(4,40):159
(4,41):161
(4,42):161
(4,43):158
(4,44):158
(4,45):157
(4,46):156
(4,47):157
(4,48):155
(4,49):154
(4,50):155
(4,51):153
(4,52):151
(4,53):153
(4,54):155
(4,55):151
(4,56):150
(4,57):147
(4,58):149
(4,59):148
(4,60):145
(4,61):145
(4,62):149
(4,63):148
(4,64):148
(4,65):146
(4,66):150
(4,67):149
(4,68):147
(4,69):146
(4,70):149
(4,71):147
(4,72):151
(4,73):148
(4,74):157
(4,75):152
(4,76):158
(4,77):152
(4,78):156
(4,79):156
(4,80):158
(4,81):157
(4,82):159
(4,83):157
(4,84):156
(4,85):158
(4,86):159
(4,87):157
(4,88):157
(4,89):155
(4,90):154
(4,91):155
(4,92):150
(4,93):153
(4,94):153
(4,95):153
(4,96):156
(4,97):151
(4,98):153
(4,99):149
(4,100):148
(4,101):146
(4,102):149
(4,103):146
(4,104):146
(4,105):148
(4,106):143
(4,107):140
(4,108):137
(4,109):107
(4,110):118
(4,111):132
(4,112):138
(4,113):132
(4,114):126
(4,115):135
(4,116):139
(4,117):140
(4,118):142
(4,119):136
(4,120):140
(4,121):119
(4,122):139
(4,123):133
(4,124):127
(4,125):116
(4,126):94
(4,127):89
(5,0):145
(5,1):124
(5,2):130
(5,3):105
(5,4):145
(5,5):110
(5,6):148
(5,7):105
(5,8):150
(5,9):100
(5,10):151
(5,11):106
(5,12):155
(5,13):114
(5,14):161
(5,15):122
(5,16):166
(5,17):120
(5,18):177
(5,19):123
(5,20):168
(5,21):131
(5,22):160
(5,23):163
(5,24):158
(5,25):167
(5,26):154
(5,27):166
(5,28):153
(5,29):165
(5,30):154
(5,31):169
(5,32):156
(5,33):169
(5,34):155
(5,35):166
(5,36):156
(5,37):168
(5,38):155
(5,39):167
(5,40):158
(5,41):163
(5,42):156
(5,43):161
(5,44):153
(5,45):162
(5,46):156
(5,47):161
(5,48):153
(5,49):159
(5,50):155
(5,51):161
(5,52):154
(5,53):161
(5,54):151
(5,55):164
(5,56):154
(5,57):163
(5,58):151
(5,59):158
(5,60):150
(5,61):159
(5,62):149
(5,63):159
(5,64):151
(5,65):161
(5,66):151
(5,67):161
(5,68):154
(5,69):164
(5,70):153
(5,71):164
(5,72):155
(5,73):164
(5,74):153
(5,75):161
(5,76):154
(5,77):165
(5,78):155
(5,79):163
(5,80):156
(5,81):162
(5,82):157
(5,83):161
(5,84):155
(5,85):163
(5,86):156
(5,87):163
(5,88):156
(5,89):163
(5,90):154
(5,91):161
(5,92):156
(5,93):161
(5,94):151
(5,95):158
(5,96):152
(5,97):159
(5,98):147
(5,99):158
(5,100):150
(5,101):159
(5,102):147
(5,103):157
(5,104):145
(5,105):160
(5,106):145
(5,107):156
(5,108):143
(5,109):140
(5,110):139
(5,111):137
(5,112):144
(5,113):122
(5,114):118
(5,115):126
(5,116):143
(5,117):146
(5,118):138
(5,119):127
(5,120):139
(5,121):102
(5,122):118
(5,123):93
(5,124):101
(5,125):69
(5,126):100
(5,127):102
(6,0):152
(6,1):128
(6,2):140
(6,3):137
(6,4):160
(6,5):144
(6,6):161
(6,7):152
(6,8):167
(6,9):145
(6,10):178
(6,11):154
(6,12):187
(6,13):159
(6,14):170
(6,15):151
(6,16):183
(6,17):167
(6,18):188
(6,19):170
(6,20):180
(6,21):181
(6,22):174
(6,23):163
(6,24):162
(6,25):153
(6,26):151
(6,27):154
(6,28):151
(6,29):154
(6,30):149
(6,31):153
(6,32):152
(6,33):154
(6,34):157
(6,35):153
(6,36):156
(6,37):153
(6,38):156
(6,39):158
(6,40):151
(6,41):156
(6,42):155
(6,43):156
(6,44):156
(6,45):159
(6,46):158
(6,47):160
(6,48):168
(6,49):136
(6,50):170
(6,51):157
(6,52):164
(6,53):154
(6,54):161
(6,55):155
(6,56):159
(6,57):155
(6,58):161
(6,59):154
(6,60):158
(6,61):151
(6,62):157
(6,63):154
(6,64):155
(6,65):153
(6,66):153
(6,67):153
(6,68):155
(6,69):152
(6,70):156
(6,71):154
(6,72):156
(6,73):154
(6,74):155
(6,75):154
(6,76):157
(6,77):156
(6,78):157
(6,79):155
(6,80):156
(6,81):156
(6,82):156
(6,83):157
(6,84):158
(6,85):155
(6,86):156
(6,87):154
(6,88):156
(6,89):153
(6,90):157
(6,91):156
(6,92):157
(6,93):154
(6,94):157
(6,95):153
(6,96):156
(6,97):151
(6,98):154
(6,99):150
(6,100):152
(6,101):147
(6,102):150
(6,103):149
(6,104):145
(6,105):141
(6,106):138
(6,107):143
(6,108):143
(6,109):142
(6,110):140
(6,111):137
(6,112):140
(6,113):120
(6,114):125
(6,115):141
(6,116):139
(6,117):136
(6,118):142
(6,119):126
(6,120):109
(6,121):102
(6,122):101
(6,123):107
(6,124):107
(6,125):103
(6,126):110
(6,127):78
(7,0):131
(7,1):88
(7,2):129
(7,3):109
(7,4):138
(7,5):121
(7,6):137
(7,7):90
(7,8):138
(7,9):105
(7,10):156
(7,11):113
(7,12):152
(7,13):115
(7,14):152
(7,15):112
(7,16):156
(7,17):118
(7,18):159
(7,19):120
(7,20):173
(7,21):132
(7,22):160
(7,23):138
(7,24):160
(7,25):157
(7,26):153
(7,27):164
(7,28):156
(7,29):166
(7,30):152
(7,31):167
(7,32):157
(7,33):167
(7,34):157
(7,35):165
(7,36):157
(7,37):166
(7,38):157
(7,39):167
(7,40):161
(7,41):167
(7,42):164
(7,43):167
(7,44):162
(7,45):164
(7,46):157
(7,47):157
(7,48):102
(7,49):154
(7,50):132
(7,51):165
(7,52):214
(7,53):168
(7,54):183
(7,55):160
(7,56):155
(7,57):162
(7,58):156
(7,59):163
(7,60):156
(7,61):161
(7,62):154
(7,63):159
(7,64):153
(7,65):161
(7,66):151
(7,67):163
(7,68):152
(7,69):164
(7,70):155
(7,71):163
(7,72):154
(7,73):162
(7,74):156
(7,75):162
(7,76):154
(7,77):160
(7,78):154
(7,79):162
(7,80):153
(7,81):161
(7,82):154
(7,83):161
(7,84):152
(7,85):160
(7,86):153
(7,87):160
(7,88):153
(7,89):161
(7,90):153
(7,91):160
(7,92):155
(7,93):161
(7,94):155
(7,95):161
(7,96):152
(7,97):162
(7,98):151
(7,99):159
(7,100):150
(7,101):159
(7,102):149
(7,103):159
(7,104):139
(7,105):141
(7,106):118
(7,107):92
(7,108):137
(7,109):132
(7,110):143
(7,111):144
(7,112):143
(7,113):134
(7,114):144
(7,115):118
(7,116):129
(7,117):135
(7,118):136
(7,119):115
(7,120):109
(7,121):61
(7,122):112
(7,123):117
(7,124):111
(7,125):128
(7,126):118
(7,127):122
(8,0):132
(8,1):121
(8,2):139
(8,3):136
(8,4):138
(8,5):138
(8,6):153
(8,7):142
(8,8):158
(8,9):147
(8,10):170
(8,11):145
(8,12):169
(8,13):149
(8,14):180
(8,15):150
(8,16):162
(8,17):147
(8,18):174
(8,19):159
(8,20):192
(8,21):158
(8,22):179
(8,23):159
(8,24):165
(8,25):153
(8,26):156
(8,27):156
(8,28):157
(8,29):157
(8,30):158
(8,31):156
(8,32):159
(8,33):156
(8,34):163
(8,35):180
(8,36):165
(8,37):158
(8,38):165
(8,39):158
(8,40):161
(8,41):162
(8,42):165
(8,43):161
(8,44):161
(8,45):161
(8,46):160
(8,47):82
(8,48):166
(8,49):75
(8,50):159
(8,51):220
(8,52):212
(8,53):232
(8,54):248
(8,55):209
(8,56):175
(8,57):155
(8,58):161
(8,59):152
(8,60):157
(8,61):154
(8,62):154
(8,63):153
(8,64):155
(8,65):150
(8,66):154
(8,67):153
(8,68):154
(8,69):154
(8,70):154
(8,71):153
(8,72):157
(8,73):152
(8,74):154
(8,75):151
(8,76):155
(8,77):153
(8,78):152
(8,79):151
(8,80):152
(8,81):151
(8,82):153
(8,83):150
(8,84):155
(8,85):151
(8,86):153
(8,87):151
(8,88):154
(8,89):152
(8,90):155
(8,91):154
(8,92):157
(8,93):154
(8,94):156
(8,95):154
(8,96):154
(8,97):152
(8,98):156
(8,99):150
(8,100):155
(8,101):150
(8,102):152
(8,103):148
(8,104):148
(8,105):143
(8,106):140
(8,107):120
(8,108):133
(8,109):141
(8,110):137
(8,111):139
(8,112):141
(8,113):139
(8,114):141
(8,115):106
(8,116):118
(8,117):137
(8,118):131
(8,119):119
(8,120):96
(8,121):118
(8,122):118
(8,123):114
(8,124):110
(8,125):109
(8,126):122
(8,127):120
(9,0):114
(9,1):93
(9,2):128
(9,3):86
(9,4):130
(9,5):97
(9,6):133
(9,7):88
(9,8):140
(9,9):113
(9,10):138
(9,11):108
(9,12):144
(9,13):121
(9,14):154
(9,15):121
(9,16):148
(9,17):114
(9,18):154
(9,19):125
(9,20):155
(9,21):133
(9,22):165
(9,23):142
(9,24):161
(9,25):159
(9,26):155
(9,27):170
(9,28):155
(9,29):167
(9,30):157
(9,31):168
(9,32):157
(9,33):157
(9,34):163
(9,35):152
(9,36):172
(9,37):163
(9,38):153
(9,39):166
(9,40):159
(9,41):169
(9,42):161
(9,43):167
(9,44):163
(9,45):160
(9,46):157
(9,47):146
(9,48):100
(9,49):128
(9,50):60
(9,51):119
(9,52):203
(9,53):184
(9,54):200
(9,55):176
(9,56):205
(9,57):163
(9,58):153
(9,59):162
(9,60):155
(9,61):164
(9,62):157
(9,63):161
(9,64):158
(9,65):158
(9,66):156
(9,67):160
(9,68):155
(9,69):158
(9,70):155
(9,71):163
(9,72):155
(9,73):162
(9,74):155
(9,75):163
(9,76):154
(9,77):163
(9,78):152
(9,79):163
(9,80):152
(9,81):163
(9,82):152
(9,83):163
(9,84):151
(9,85):162
(9,86):151
(9,87):161
(9,88):152
(9,89):161
(9,90):151
(9,91):160
(9,92):150
(9,93):161
(9,94):151
(9,95):161
(9,96):153
(9,97):160
(9,98):148
(9,99):160
(9,100):148
(9,101):160
(9,102):148
(9,103):156
(9,104):147
(9,105):156
(9,106):148
(9,107):145
(9,108):144
(9,109):138
(9,110):137
(9,111):153
(9,112):137
(9,113):153
(9,114):140
(9,115):101
(9,116):106
(9,117):93
(9,118):112
(9,119):68
(9,120):116
(9,121):118
(9,122):133
(9,123):130
(9,124):114
(9,125):82
(9,126):108
(9,127):92
(10,0):123
(10,1):110
(10,2):128
(10,3):133
(10,4):138
(10,5):124
(10,6):137
(10,7):140
(10,8):167
(10,9):136
(10,10):168
(10,11):141
(10,12):168
(10,13):143
(10,14):175
(10,15):152
(10,16):159
(10,17):153
(10,18):168
(10,19):153
(10,20):177
(10,21):153
(10,22):181
(10,23):157
(10,24):169
(10,25):161
(10,26):163
(10,27):158
(10,28):171
(10,29):159
(10,30):161
(10,31):139
(10,32):163
(10,33):127
(10,34):157
(10,35):141
(10,36):226
(10,37):193
(10,38):207
(10,39):181
(10,40):185
(10,41):174
(10,42):175
(10,43):157
(10,44):172
(10,45):156
(10,46):182
(10,47):155
(10,48):148
(10,49):148
(10,50):128
(10,51):190
(10,52):248
(10,53):190
(10,54):240
(10,55):197
(10,56):172
(10,57):161
(10,58):187
(10,59):159
(10,60):169
(10,61):168
(10,62):170
(10,63):158
(10,64):170
(10,65):162
(10,66):168
(10,67):153
(10,68):162
(10,69):158
(10,70):159
(10,71):155
(10,72):159
(10,73):159
(10,74):165
(10,75):159
(10,76):163
(10,77):157
(10,78):159
(10,79):153
(10,80):156
(10,81):152
(10,82):153
(10,83):154
(10,84):156
(10,85):152
(10,86):154
(10,87):153
(10,88):157
(10,89):152
(10,90):152
(10,91):151
(10,92):151
(10,93):149
(10,94):150
(10,95):146
(10,96):149
(10,97):146
(10,98):148
(10,99):148
(10,100):146
(10,101):146
(10,102):149
(10,103):147
(10,104):147
(10,105):141
(10,106):144
(10,107):143
(10,108):140
(10,109):138
(10,110):135
(10,111):137
(10,112):138
(10,113):133
(10,114):112
(10,115):124
(10,116):112
(10,117):122
(10,118):118
(10,119):108
(10,120):110
(10,121):116
(10,122):103
(10,123):115
(10,124):125
(10,125):125
(10,126):127
(10,127):118
(11,0):111
(11,1):60
(11,2):108
(11,3):62
(11,4):126
(11,5):91
(11,6):136
(11,7):83
(11,8):137
(11,9):112
(11,10):143
(11,11):106
(11,12):146
(11,13):112
(11,14):142
(11,15):115
(11,16):141
(11,17):104
(11,18):150
(11,19):116
(11,20):153
(11,21):147
(11,22):158
(11,23):150
(11,24):161
(11,25):168
(11,26):163
(11,27):171
(11,28):159
(11,29):159
(11,30):162
(11,31):150
(11,32):117
(11,33):91
(11,34):84
(11,35):132
(11,36):218
(11,37):162
(11,38):224
(11,39):179
(11,40):229
(11,41):183
(11,42):236
(11,43):177
(11,44):226
(11,45):178
(11,46):207
(11,47):139
(11,48):151
(11,49):93
(11,50):70
(11,51):110
(11,52):185
(11,53):155
(11,54):210
(11,55):180
(11,56):198
(11,57):156
(11,58):159
(11,59):158
(11,60):157
(11,61):157
(11,62):159
(11,63):163
(11,64):156
(11,65):152
(11,66):170
(11,67):161
(11,68):148
(11,69):165
(11,70):157
(11,71):165
(11,72):153
(11,73):163
(11,74):152
(11,75):162
(11,76):155
(11,77):160
(11,78):151
(11,79):161
(11,80):150
(11,81):163
(11,82):152
(11,83):162
(11,84):151
(11,85):160
(11,86):149
(11,87):162
(11,88):148
(11,89):162
(11,90):151
(11,91):160
(11,92):149
(11,93):158
(11,94):147
(11,95):161
(11,96):146
(11,97):158
(11,98):144
(11,99):155
(11,100):146
(11,101):156
(11,102):141
(11,103):153
(11,104):141
(11,105):148
(11,106):141
(11,107):143
(11,108):144
(11,109):152
(11,110):137
(11,111):116
(11,112):115
(11,113):79
(11,114):107
(11,115):95
(11,116):129
(11,117):148
(11,118):130
(11,119):135
(11,120):127
(11,121):133
(11,122):131
(11,123):141
(11,124):127
(11,125):138
(11,126):90
(11,127):133
(12,0):105
(12,1):103
(12,2):104
(12,3):113
(12,4):131
(12,5):128
(12,6):141
(12,7):128
(12,8):156
(12,9):133
(12,10):171
(12,11):150
(12,12):170
(12,13):141
(12,14):167
(12,15):138
(12,16):164
(12,17):137
(12,18):171
(12,19):150
(12,20):175
(12,21):159
(12,22):167
(12,23):156
(12,24):155
(12,25):154
(12,26):168
(12,27):159
(12,28):169
(12,29):161
(12,30):152
(12,31):116
(12,32):131
(12,33):102
(12,34):86
(12,35):141
(12,36):141
(12,37):197
(12,38):179
(12,39):234
(12,40):250
(12,41):234
(12,42):251
(12,43):232
(12,44):249
(12,45):231
(12,46):251
(12,47):235
(12,48):248
(12,49):221
(12,50):219
(12,51):155
(12,52):250
(12,53):165
(12,54):247
(12,55):174
(12,56):251
(12,57):222
(12,58):247
(12,59):221
(12,60):229
(12,61):204
(12,62):222
(12,63):197
(12,64):223
(12,65):192
(12,66):217
(12,67):157
(12,68):157
(12,69):152
(12,70):155
(12,71):151
(12,72):158
(12,73):150
(12,74):152
(12,75):152
(12,76):152
(12,77):153
(12,78):152
(12,79):148
(12,80):153
(12,81):148
(12,82):149
(12,83):150
(12,84):150
(12,85):151
(12,86):152
(12,87):147
(12,88):150
(12,89):147
(12,90):146
(12,91):146
(12,92):145
(12,93):143
(12,94):142
(12,95):140
(12,96):141
(12,97):142
(12,98):142
(12,99):144
(12,100):139
(12,101):140
(12,102):140
(12,103):140
(12,104):136
(12,105):120
(12,106):119
(12,107):130
(12,108):125
(12,109):124
(12,110):112
(12,111):103
(12,112):98
(12,113):122
(12,114):127
(12,115):128
(12,116):127
(12,117):127
(12,118):122
(12,119):129
(12,120):126
(12,121):126
(12,122):126
(12,123):121
(12,124):127
(12,125):124
(12,126):119
(12,127):85
(13,0):98
(13,1):65
(13,2):113
(13,3):68
(13,4):133
(13,5):85
(13,6):104
(13,7):82
(13,8):125
(13,9):111
(13,10):152
(13,11):117
(13,12):146
(13,13):108
(13,14):129
(13,15):114
(13,16):144
(13,17):119
(13,18):147
(13,19):132
(13,20):149
(13,21):128
(13,22):152
(13,23):134
(13,24):153
(13,25):148
(13,26):156
(13,27):155
(13,28):158
(13,29):149
(13,30):123
(13,31):117
(13,32):103
(13,33):51
(13,34):55
(13,35):49
(13,36):56
(13,37):100
(13,38):189
(13,39):187
(13,40):241
(13,41):178
(13,42):239
(13,43):178
(13,44):231
(13,45):171
(13,46):224
(13,47):170
(13,48):227
(13,49):171
(13,50):226
(13,51):164
(13,52):216
(13,53):147
(13,54):214
(13,55):154
(13,56):221
(13,57):170
(13,58):227
(13,59):168
(13,60):207
(13,61):166
(13,62):221
(13,63):170
(13,64):221
(13,65):165
(13,66):222
(13,67):163
(13,68):168
(13,69):158
(13,70):148
(13,71):160
(13,72):148
(13,73):158
(13,74):148
(13,75):158
(13,76):146
(13,77):159
(13,78):146
(13,79):160
(13,80):147
(13,81):160
(13,82):148
(13,83):158
(13,84):145
(13,85):155
(13,86):144
(13,87):156
(13,88):141
(13,89):157
(13,90):145
(13,91):155
(13,92):144
(13,93):152
(13,94):139
(13,95):156
(13,96):141
(13,97):155
(13,98):138
(13,99):150
(13,100):138
(13,101):151
(13,102):135
(13,103):150
(13,104):138
(13,105):107
(13,106):127
(13,107):115
(13,108):122
(13,109):116
(13,110):102
(13,111):73
(13,112):119
(13,113):140
(13,114):131
(13,115):148
(13,116):135
(13,117):143
(13,118):128
(13,119):140
(13,120):130
(13,121):139
(13,122):127
(13,123):131
(13,124):103
(13,125):99
(13,126):126
(13,127):124
(14,0):104
(14,1):108
(14,2):114
(14,3):118
(14,4):139
(14,5):114
(14,6):125
(14,7):120
(14,8):152
(14,9):143
(14,10):174
(14,11):149
(14,12):177
(14,13):135
(14,14):145
(14,15):139
(14,16):152
(14,17):142
(14,18):156
(14,19):148
(14,20):171
(14,21):153
(14,22):158
(14,23):145
(14,24):162
(14,25):155
(14,26):162
(14,27):163
(14,28):155
(14,29):125
(14,30):140
(14,31):106
(14,32):91
(14,33):58
(14,34):106
(14,35):53
(14,36):94
(14,37):53
(14,38):119
(14,39):175
(14,40):244
(14,41):198
(14,42):251
(14,43):238
(14,44):254
(14,45):235
(14,46):250
(14,47):232
(14,48):251
(14,49):231
(14,50):250
(14,51):226
(14,52):249
(14,53):227
(14,54):251
(14,55):212
(14,56):248
(14,57):222
(14,58):251
(14,59):232
(14,60):250
(14,61):232
(14,62):254
(14,63):223
(14,64):253
(14,65):224
(14,66):251
(14,67):221
(14,68):251
(14,69):185
(14,70):164
(14,71):150
(14,72):154
(14,73):149
(14,74):152
(14,75):148
(14,76):150
(14,77):147
(14,78):147
(14,79):145
(14,80):145
(14,81):143
(14,82):144
(14,83):143
(14,84):144
(14,85):143
(14,86):144
(14,87):142
(14,88):141
(14,89):142
(14,90):142
(14,91):139
(14,92):142
(14,93):138
(14,94):138
(14,95):140
(14,96):135
(14,97):139
(14,98):137
(14,99):137
(14,100):135
(14,101):136
(14,102):134
(14,103):139
(14,104):130
(14,105):131
(14,106):138
(14,107):133
(14,108):133
(14,109):134
(14,110):123
(14,111):133
(14,112):129
(14,113):133
(14,114):126
(14,115):131
(14,116):124
(14,117):129
(14,118):120
(14,119):131
(14,120):122
(14,121):128
(14,122):117
(14,123):122
(14,124):123
(14,125):117
(14,126):95
(14,127):98
(15,0):96
(15,1):71
(15,2):117
(15,3):76
(15,4):119
(15,5):83
(15,6):120
(15,7):95
(15,8):127
(15,9):87
(15,10):141
(15,11):93
(15,12):132
(15,13):105
(15,14):128
(15,15):118
(15,16):130
(15,17):111
(15,18):148
(15,19):117
(15,20):141
(15,21):107
(15,22):143
(15,23):121
(15,24):153
(15,25):128
(15,26):144
(15,27):143
(15,28):124
(15,29):133
(15,30):104
(15,31):48
(15,32):58
(15,33):50
(15,34):54
(15,35):52
(15,36):50
(15,37):50
(15,38):50
(15,39):119
(15,40):165
(15,41):122
(15,42):241
(15,43):185
(15,44):236
(15,45):175
(15,46):234
(15,47):176
(15,48):235
(15,49):175
(15,50):229
(15,51):168
(15,52):230
(15,53):167
(15,54):221
(15,55):170
(15,56):229
(15,57):165
(15,58):222
(15,59):166
(15,60):226
(15,61):170
(15,62):228
(15,63):170
(15,64):226
(15,65):168
(15,66):223
(15,67):170
(15,68):218
(15,69):164
(15,70):194
(15,71):145
(15,72):149
(15,73):156
(15,74):137
(15,75):159
(15,76):147
(15,77):157
(15,78):147
(15,79):157
(15,80):146
(15,81):155
(15,82):143
(15,83):156
(15,84):140
(15,85):154
(15,86):142
(15,87):152
(15,88):140
(15,89):153
(15,90):140
(15,91):152
(15,92):140
(15,93):152
(15,94):139
(15,95):154
(15,96):138
(15,97):153
(15,98):136
(15,99):153
(15,100):136
(15,101):152
(15,102):133
(15,103):148
(15,104):135
(15,105):150
(15,106):133
(15,107):150
(15,108):133
(15,109):148
(15,110):136
(15,111):144
(15,112):136
(15,113):143
(15,114):136
(15,115):149
(15,116):135
(15,117):147
(15,118):138
(15,119):147
(15,120):136
(15,121):131
(15,122):99
(15,123):113
(15,124):135
(15,125):76
(15,126):108
(15,127):121
(16,0):107
(16,1):116
(16,2):117
(16,3):109
(16,4):135
(16,5):107
(16,6):134
(16,7):135
(16,8):137
(16,9):122
(16,10):134
(16,11):113
(16,12):137
(16,13):130
(16,14):133
(16,15):126
(16,16):139
(16,17):128
(16,18):128
(16,19):125
(16,20):155
(16,21):148
(16,22):169
(16,23):154
(16,24):176
(16,25):156
(16,26):146
(16,27):140
(16,28):150
(16,29):105
(16,30):95
(16,31):58
(16,32):108
(16,33):59
(16,34):106
(16,35):55
(16,36):101
(16,37):56
(16,38):98
(16,39):55
(16,40):92
(16,41):145
(16,42):232
(16,43):236
(16,44):254
(16,45):237
(16,46):253
(16,47):233
(16,48):252
(16,49):228
(16,50):252
(16,51):232
(16,52):249
(16,53):228
(16,54):249
(16,55):226
(16,56):251
(16,57):227
(16,58):249
(16,59):223
(16,60):253
(16,61):227
(16,62):254
(16,63):225
(16,64):250
(16,65):205
(16,66):252
(16,67):222
(16,68):227
(16,69):222
(16,70):252
(16,71):199
(16,72):173
(16,73):145
(16,74):147
(16,75):145
(16,76):145
(16,77):143
(16,78):146
(16,79):141
(16,80):140
(16,81):144
(16,82):139
(16,83):142
(16,84):138
(16,85):142
(16,86):136
(16,87):138
(16,88):138
(16,89):138
(16,90):135
(16,91):139
(16,92):137
(16,93):138
(16,94):136
(16,95):140
(16,96):141
(16,97):147
(16,98):150
(16,99):146
(16,100):157
(16,101):151
(16,102):156
(16,103):149
(16,104):157
(16,105):153
(16,106):162
(16,107):153
(16,108):159
(16,109):148
(16,110):162
(16,111):158
(16,112):169
(16,113):158
(16,114):168
(16,115):157
(16,116):164
(16,117):151
(16,118):159
(16,119):147
(16,120):151
(16,121):144
(16,122):149
(16,123):143
(16,124):150
(16,125):129
(16,126):113
(16,127):125
(17,0):107
(17,1):67
(17,2):115
(17,3):82
(17,4):98
(17,5):60
(17,6):109
(17,7):59
(17,8):113
(17,9):51
(17,10):121
(17,11):75
(17,12):119
(17,13):77
(17,14):125
(17,15):89
(17,16):130
(17,17):81
(17,18):120
(17,19):98
(17,20):132
(17,21):102
(17,22):151
(17,23):113
(17,24):155
(17,25):114
(17,26):146
(17,27):115
(17,28):104
(17,29):52
(17,30):56
(17,31):49
(17,32):60
(17,33):53
(17,34):55
(17,35):51
(17,36):60
(17,37):58
(17,38):58
(17,39):52
(17,40):56
(17,41):57
(17,42):148
(17,43):184
(17,44):240
(17,45):181
(17,46):235
(17,47):180
(17,48):232
(17,49):175
(17,50):231
(17,51):176
(17,52):230
(17,53):159
(17,54):229
(17,55):174
(17,56):225
(17,57):170
(17,58):226
(17,59):168
(17,60):223
(17,61):156
(17,62):220
(17,63):172
(17,64):223
(17,65):172
(17,66):221
(17,67):172
(17,68):210
(17,69):162
(17,70):183
(17,71):131
(17,72):140
(17,73):116
(17,74):104
(17,75):149
(17,76):142
(17,77):156
(17,78):147
(17,79):158
(17,80):156
(17,81):157
(17,82):146
(17,83):165
(17,84):152
(17,85):169
(17,86):157
(17,87):165
(17,88):155
(17,89):169
(17,90):160
(17,91):168
(17,92):160
(17,93):174
(17,94):164
(17,95):170
(17,96):164
(17,97):172
(17,98):167
(17,99):172
(17,100):162
(17,101):169
(17,102):165
(17,103):171
(17,104):160
(17,105):169
(17,106):162
(17,107):172
(17,108):160
(17,109):167
(17,110):163
(17,111):166
(17,112):164
(17,113):169
(17,114):164
(17,115):162
(17,116):165
(17,117):164
(17,118):162
(17,119):166
(17,120):157
(17,121):158
(17,122):148
(17,123):157
(17,124):144
(17,125):157
(17,126):140
(17,127):153
(18,0):122
(18,1):107
(18,2):127
(18,3):97
(18,4):115
(18,5):111
(18,6):109
(18,7):105
(18,8):113
(18,9):121
(18,10):122
(18,11):114
(18,12):130
(18,13):120
(18,14):123
(18,15):127
(18,16):146
(18,17):129
(18,18):155
(18,19):136
(18,20):162
(18,21):149
(18,22):183
(18,23):155
(18,24):179
(18,25):149
(18,26):175
(18,27):120
(18,28):111
(18,29):61
(18,30):106
(18,31):58
(18,32):108
(18,33):64
(18,34):109
(18,35):60
(18,36):108
(18,37):63
(18,38):109
(18,39):62
(18,40):101
(18,41):58
(18,42):91
(18,43):145
(18,44):222
(18,45):231
(18,46):253
(18,47):231
(18,48):252
(18,49):236
(18,50):249
(18,51):231
(18,52):243
(18,53):196
(18,54):223
(18,55):190
(18,56):213
(18,57):187
(18,58):221
(18,59):179
(18,60):217
(18,61):176
(18,62):207
(18,63):169
(18,64):197
(18,65):152
(18,66):178
(18,67):132
(18,68):155
(18,69):117
(18,70):140
(18,71):118
(18,72):142
(18,73):112
(18,74):68
(18,75):124
(18,76):204
(18,77):184
(18,78):205
(18,79):183
(18,80):203
(18,81):182
(18,82):198
(18,83):180
(18,84):197
(18,85):178
(18,86):196
(18,87):180
(18,88):196
(18,89):174
(18,90):186
(18,91):165
(18,92):184
(18,93):170
(18,94):184
(18,95):168
(18,96):183
(18,97):172
(18,98):181
(18,99):167
(18,100):180
(18,101):170
(18,102):181
(18,103):159
(18,104):178
(18,105):165
(18,106):171
(18,107):163
(18,108):174
(18,109):167
(18,110):173
(18,111):167
(18,112):179
(18,113):165
(18,114):173
(18,115):162
(18,116):174
(18,117):163
(18,118):170
(18,119):162
(18,120):167
(18,121):163
(18,122):168
(18,123):121
(18,124):144
(18,125):148
(18,126):141
(18,127):117
(19,0):109
(19,1):63
(19,2):103
(19,3):57
(19,4):113
(19,5):62
(19,6):105
(19,7):60
(19,8):108
(19,9):63
(19,10):114
(19,11):73
(19,12):118
(19,13):73
(19,14):123
(19,15):81
(19,16):118
(19,17):85
(19,18):129
(19,19):88
(19,20):141
(19,21):103
(19,22):154
(19,23):113
(19,24):154
(19,25):129
(19,26):129
(19,27):57
(19,28):70
(19,29):55
(19,30):57
(19,31):53
(19,32):60
(19,33):55
(19,34):60
(19,35):58
(19,36):67
(19,37):58
(19,38):67
(19,39):56
(19,40):58
(19,41):52
(19,42):56
(19,43):53
(19,44):146
(19,45):171
(19,46):235
(19,47):179
(19,48):234
(19,49):171
(19,50):231
(19,51):174
(19,52):206
(19,53):119
(19,54):140
(19,55):123
(19,56):140
(19,57):128
(19,58):124
(19,59):116
(19,60):128
(19,61):117
(19,62):136
(19,63):122
(19,64):136
(19,65):119
(19,66):128
(19,67):115
(19,68):127
(19,69):123
(19,70):129
(19,71):114
(19,72):122
(19,73):95
(19,74):127
(19,75):130
(19,76):160
(19,77):185
(19,78):169
(19,79):190
(19,80):186
(19,81):190
(19,82):185
(19,83):187
(19,84):180
(19,85):182
(19,86):180
(19,87):187
(19,88):178
(19,89):184
(19,90):172
(19,91):178
(19,92):177
(19,93):176
(19,94):174
(19,95):180
(19,96):173
(19,97):181
(19,98):174
(19,99):180
(19,100):172
(19,101):176
(19,102):169
(19,103):170
(19,104):168
(19,105):173
(19,106):161
(19,107):172
(19,108):161
(19,109):168
(19,110):166
(19,111):163
(19,112):165
(19,113):169
(19,114):163
(19,115):171
(19,116):165
(19,117):170
(19,118):165
(19,119):163
(19,120):161
(19,121):164
(19,122):155
(19,123):148
(19,124):154
(19,125):100
(19,126):113
(19,127):66
(20,0):105
(20,1):87
(20,2):97
(20,3):100
(20,4):114
(20,5):109
(20,6):110
(20,7):108
(20,8):125
(20,9):115
(20,10):112
(20,11):102
(20,12):123
(20,13):122
(20,14):127
(20,15):122
(20,16):146
(20,17):133
(20,18):166
(20,19):137
(20,20):148
(20,21):132
(20,22):174
(20,23):151
(20,24):151
(20,25):141
(20,26):146
(20,27):96
(20,28):115
(20,29):64
(20,30):107
(20,31):58
(20,32):105
(20,33):65
(20,34):110
(20,35):63
(20,36):113
(20,37):62
(20,38):111
(20,39):61
(20,40):108
(20,41):61
(20,42):97
(20,43):58
(20,44):94
(20,45):141
(20,46):194
(20,47):224
(20,48):250
(20,49):222
(20,50):249
(20,51):216
(20,52):253
(20,53):167
(20,54):183
(20,55):141
(20,56):182
(20,57):118
(20,58):143
(20,59):121
(20,60):158
(20,61):130
(20,62):164
(20,63):132
(20,64):165
(20,65):132
(20,66):162
(20,67):132
(20,68):155
(20,69):126
(20,70):149
(20,71):124
(20,72):174
(20,73):88
(20,74):124
(20,75):61
(20,76):206
(20,77):171
(20,78):189
(20,79):191
(20,80):200
(20,81):185
(20,82):197
(20,83):181
(20,84):197
(20,85):180
(20,86):192
(20,87):176
(20,88):188
(20,89):174
(20,90):189
(20,91):177
(20,92):188
(20,93):175
(20,94):188
(20,95):173
(20,96):184
(20,97):168
(20,98):185
(20,99):174
(20,100):183
(20,101):166
(20,102):185
(20,103):153
(20,104):172
(20,105):156
(20,106):162
(20,107):156
(20,108):163
(20,109):161
(20,110):177
(20,111):163
(20,112):168
(20,113):160
(20,114):174
(20,115):165
(20,116):176
(20,117):166
(20,118):172
(20,119):163
(20,120):174
(20,121):161
(20,122):170
(20,123):152
(20,124):163
(20,125):134
(20,126):138
(20,127):116
(21,0):97
(21,1):62
(21,2):85
(21,3):63
(21,4):107
(21,5):72
(21,6):102
(21,7):72
(21,8):116
(21,9):58
(21,10):109
(21,11):67
(21,12):117
(21,13):64
(21,14):115
(21,15):78
(21,16):125
(21,17):80
(21,18):132
(21,19):103
(21,20):138
(21,21):102
(21,22):145
(21,23):87
(21,24):127
(21,25):63
(21,26):94
(21,27):57
(21,28):62
(21,29):56
(21,30):62
(21,31):53
(21,32):63
(21,33):54
(21,34):59
(21,35):61
(21,36):65
(21,37):57
(21,38):67
(21,39):57
(21,40):58
(21,41):55
(21,42):58
(21,43):50
(21,44):53
(21,45):53
(21,46):66
(21,47):136
(21,48):208
(21,49):165
(21,50):207
(21,51):167
(21,52):209
(21,53):163
(21,54):131
(21,55):118
(21,56):118
(21,57):106
(21,58):113
(21,59):106
(21,60):116
(21,61):89
(21,62):92
(21,63):83
(21,64):85
(21,65):72
(21,66):70
(21,67):58
(21,68):70
(21,69):73
(21,70):117
(21,71):109
(21,72):137
(21,73):82
(21,74):125
(21,75):92
(21,76):108
(21,77):154
(21,78):184
(21,79):180
(21,80):186
(21,81):190
(21,82):183
(21,83):186
(21,84):179
(21,85):184
(21,86):180
(21,87):187
(21,88):176
(21,89):179
(21,90):176
(21,91):181
(21,92):175
(21,93):175
(21,94):173
(21,95):182
(21,96):175
(21,97):172
(21,98):174
(21,99):180
(21,100):169
(21,101):175
(21,102):171
(21,103):174
(21,104):155
(21,105):145
(21,106):156
(21,107):148
(21,108):156
(21,109):161
(21,110):156
(21,111):152
(21,112):148
(21,113):165
(21,114):171
(21,115):167
(21,116):168
(21,117):176
(21,118):180
(21,119):165
(21,120):163
(21,121):139
(21,122):124
(21,123):106
(21,124):132
(21,125):71
(21,126):113
(21,127):48
(22,0):100
(22,1):82
(22,2):92
(22,3):93
(22,4):109
(22,5):107
(22,6):115
(22,7):101
(22,8):118
(22,9):106
(22,10):114
(22,11):107
(22,12):104
(22,13):112
(22,14):126
(22,15):108
(22,16):129
(22,17):139
(22,18):165
(22,19):136
(22,20):153
(22,21):137
(22,22):148
(22,23):118
(22,24):113
(22,25):72
(22,26):110
(22,27):61
(22,28):112
(22,29):66
(22,30):108
(22,31):61
(22,32):112
(22,33):61
(22,34):113
(22,35):65
(22,36):113
(22,37):62
(22,38):109
(22,39):60
(22,40):106
(22,41):58
(22,42):108
(22,43):56
(22,44):105
(22,45):52
(22,46):96
(22,47):62
(22,48):172
(22,49):188
(22,50):244
(22,51):191
(22,52):249
(22,53):194
(22,54):179
(22,55):90
(22,56):130
(22,57):55
(22,58):56
(22,59):28
(22,60):50
(22,61):26
(22,62):71
(22,63):48
(22,64):99
(22,65):60
(22,66):142
(22,67):89
(22,68):227
(22,69):129
(22,70):219
(22,71):134
(22,72):249
(22,73):114
(22,74):245
(22,75):132
(22,76):211
(22,77):210
(22,78):252
(22,79):188
(22,80):207
(22,81):178
(22,82):187
(22,83):180
(22,84):191
(22,85):181
(22,86):195
(22,87):177
(22,88):195
(22,89):167
(22,90):193
(22,91):174
(22,92):202
(22,93):175
(22,94):204
(22,95):180
(22,96):192
(22,97):173
(22,98):189
(22,99):175
(22,100):188
(22,101):174
(22,102):184
(22,103):171
(22,104):173
(22,105):133
(22,106):145
(22,107):152
(22,108):176
(22,109):161
(22,110):170
(22,111):144
(22,112):176
(22,113):155
(22,114):175
(22,115):167
(22,116):169
(22,117):168
(22,118):148
(22,119):163
(22,120):174
(22,121):150
(22,122):134
(22,123):98
(22,124):86
(22,125):115
(22,126):93
(22,127):88
(23,0):91
(23,1):35
(23,2):78
(23,3):54
(23,4):93
(23,5):59
(23,6):128
(23,7):70
(23,8):112
(23,9):58
(23,10):104
(23,11):67
(23,12):108
(23,13):77
(23,14):116
(23,15):80
(23,16):122
(23,17):83
(23,18):138
(23,19):89
(23,20):133
(23,21):116
(23,22):131
(23,23):70
(23,24):79
(23,25):51
(23,26):58
(23,27):55
(23,28):61
(23,29):51
(23,30):62
(23,31):50
(23,32):59
(23,33):51
(23,34):63
(23,35):56
(23,36):62
(23,37):54
(23,38):56
(23,39):53
(23,40):79
(23,41):56
(23,42):58
(23,43):49
(23,44):61
(23,45):54
(23,46):54
(23,47):51
(23,48):59
(23,49):111
(23,50):169
(23,51):155
(23,52):157
(23,53):151
(23,54):167
(23,55):104
(23,56):85
(23,57):28
(23,58):19
(23,59):20
(23,60):24
(23,61):25
(23,62):44
(23,63):47
(23,64):58
(23,65):56
(23,66):75
(23,67):65
(23,68):91
(23,69):97
(23,70):161
(23,71):96
(23,72):172
(23,73):76
(23,74):191
(23,75):155
(23,76):155
(23,77):159
(23,78):194
(23,79):158
(23,80):165
(23,81):154
(23,82):166
(23,83):153
(23,84):178
(23,85):153
(23,86):164
(23,87):130
(23,88):147
(23,89):97
(23,90):157
(23,91):123
(23,92):167
(23,93):112
(23,94):182
(23,95):111
(23,96):175
(23,97):143
(23,98):183
(23,99):178
(23,100):173
(23,101):159
(23,102):162
(23,103):133
(23,104):170
(23,105):115
(23,106):116
(23,107):124
(23,108):152
(23,109):112
(23,110):157
(23,111):135
(23,112):154
(23,113):169
(23,114):166
(23,115):157
(23,116):147
(23,117):118
(23,118):146
(23,119):146
(23,120):143
(23,121):147
(23,122):145
(23,123):106
(23,124):107
(23,125):61
(23,126):117
(23,127):57
(24,0):98
(24,1):60
(24,2):78
(24,3):89
(24,4):116
(24,5):114
(24,6):131
(24,7):105
(24,8):130
(24,9):108
(24,10):105
(24,11):108
(24,12):112
(24,13):114
(24,14):125
(24,15):115
(24,16):152
(24,17):122
(24,18):157
(24,19):133
(24,20):151
(24,21):127
(24,22):133
(24,23):102
(24,24):114
(24,25):69
(24,26):104
(24,27):56
(24,28):112
(24,29):62
(24,30):106
(24,31):57
(24,32):111
(24,33):58
(24,34):107
(24,35):63
(24,36):109
(24,37):73
(24,38):120
(24,39):90
(24,40):116
(24,41):91
(24,42):114
(24,43):62
(24,44):113
(24,45):61
(24,46):101
(24,47):56
(24,48):101
(24,49):80
(24,50):194
(24,51):103
(24,52):195
(24,53):109
(24,54):200
(24,55):60
(24,56):72
(24,57):24
(24,58):59
(24,59):32
(24,60):65
(24,61):37
(24,62):101
(24,63):50
(24,64):113
(24,65):65
(24,66):152
(24,67):80
(24,68):191
(24,69):111
(24,70):252
(24,71):137
(24,72):251
(24,73):102
(24,74):247
(24,75):144
(24,76):250
(24,77):133
(24,78):240
(24,79):173
(24,80):168
(24,81):146
(24,82):163
(24,83):152
(24,84):179
(24,85):164
(24,86):159
(24,87):127
(24,88):129
(24,89):144
(24,90):187
(24,91):159
(24,92):171
(24,93):173
(24,94):189
(24,95):175
(24,96):191
(24,97):176
(24,98):185
(24,99):161
(24,100):191
(24,101):151
(24,102):147
(24,103):128
(24,104):141
(24,105):130
(24,106):139
(24,107):125
(24,108):164
(24,109):144
(24,110):153
(24,111):144
(24,112):144
(24,113):138
(24,114):159
(24,115):142
(24,116):177
(24,117):137
(24,118):164
(24,119):132
(24,120):108
(24,121):113
(24,122):107
(24,123):112
(24,124):105
(24,125):106
(24,126):81
(24,127):92
(25,0):59
(25,1):26
(25,2):74
(25,3):69
(25,4):101
(25,5):71
(25,6):128
(25,7):63
(25,8):105
(25,9):60
(25,10):110
(25,11):67
(25,12):106
(25,13):80
(25,14):107
(25,15):82
(25,16):132
(25,17):89
(25,18):130
(25,19):101
(25,20):125
(25,21):85
(25,22):121
(25,23):74
(25,24):77
(25,25):57
(25,26):64
(25,27):50
(25,28):56
(25,29):50
(25,30):62
(25,31):49
(25,32):59
(25,33):48
(25,34):62
(25,35):44
(25,36):60
(25,37):51
(25,38):74
(25,39):57
(25,40):90
(25,41):64
(25,42):79
(25,43):57
(25,44):82
(25,45):45
(25,46):58
(25,47):62
(25,48):80
(25,49):76
(25,50):144
(25,51):60
(25,52):86
(25,53):56
(25,54):93
(25,55):33
(25,56):37
(25,57):28
(25,58):35
(25,59):29
(25,60):42
(25,61):30
(25,62):43
(25,63):45
(25,64):58
(25,65):51
(25,66):69
(25,67):63
(25,68):80
(25,69):74
(25,70):126
(25,71):94
(25,72):137
(25,73):73
(25,74):147
(25,75):93
(25,76):130
(25,77):92
(25,78):129
(25,79):133
(25,80):114
(25,81):107
(25,82):117
(25,83):74
(25,84):133
(25,85):85
(25,86):120
(25,87):82
(25,88):120
(25,89):84
(25,90):138
(25,91):104
(25,92):152
(25,93):99
(25,94):180
(25,95):103
(25,96):162
(25,97):99
(25,98):150
(25,99):116
(25,100):169
(25,101):100
(25,102):118
(25,103):81
(25,104):113
(25,105):76
(25,106):118
(25,107):77
(25,108):132
(25,109):77
(25,110):117
(25,111):90
(25,112):147
(25,113):56
(25,114):128
(25,115):59
(25,116):109
(25,117):62
(25,118):139
(25,119):82
(25,120):125
(25,121):88
(25,122):122
(25,123):53
(25,124):102
(25,125):50
(25,126):95
(25,127):52
(26,0):60
(26,1):59
(26,2):77
(26,3):97
(26,4):100
(26,5):122
(26,6):126
(26,7):99
(26,8):95
(26,9):90
(26,10):117
(26,11):116
(26,12):117
(26,13):117
(26,14):115
(26,15):114
(26,16):123
(26,17):114
(26,18):124
(26,19):119
(26,20):148
(26,21):127
(26,22):140
(26,23):89
(26,24):123
(26,25):88
(26,26):115
(26,27):58
(26,28):107
(26,29):57
(26,30):106
(26,31):53
(26,32):106
(26,33):56
(26,34):107
(26,35):59
(26,36):106
(26,37):68
(26,38):126
(26,39):85
(26,40):127
(26,41):96
(26,42):122
(26,43):100
(26,44):133
(26,45):88
(26,46):133
(26,47):76
(26,48):125
(26,49):99
(26,50):193
(26,51):78
(26,52):161
(26,53):82
(26,54):148
(26,55):53
(26,56):86
(26,57):38
(26,58):76
(26,59):35
(26,60):88
(26,61):32
(26,62):107
(26,63):50
(26,64):109
(26,65):62
(26,66):133
(26,67):70
(26,68):154
(26,69):89
(26,70):214
(26,71):106
(26,72):242
(26,73):81
(26,74):251
(26,75):123
(26,76):248
(26,77):123
(26,78):246
(26,79):163
(26,80):156
(26,81):129
(26,82):109
(26,83):110
(26,84):121
(26,85):136
(26,86):134
(26,87):110
(26,88):111
(26,89):125
(26,90):146
(26,91):155
(26,92):175
(26,93):149
(26,94):191
(26,95):181
(26,96):194
(26,97):143
(26,98):171
(26,99):142
(26,100):182
(26,101):132
(26,102):170
(26,103):139
(26,104):135
(26,105):110
(26,106):115
(26,107):105
(26,108):147
(26,109):108
(26,110):123
(26,111):109
(26,112):98
(26,113):101
(26,114):80
(26,115):96
(26,116):94
(26,117):107
(26,118):108
(26,119):124
(26,120):97
(26,121):122
(26,122):82
(26,123):94
(26,124):81
(26,125):91
(26,126):81
(26,127):76
(27,0):72
(27,1):35
(27,2):74
(27,3):64
(27,4):111
(27,5):64
(27,6):89
(27,7):52
(27,8):98
(27,9):72
(27,10):107
(27,11):81
(27,12):118
(27,13):80
(27,14):122
(27,15):82
(27,16):109
(27,17):86
(27,18):122
(27,19):89
(27,20):124
(27,21):87
(27,22):104
(27,23):70
(27,24):95
(27,25):71
(27,26):69
(27,27):52
(27,28):57
(27,29):50
(27,30):60
(27,31):49
(27,32):59
(27,33):46
(27,34):58
(27,35):48
(27,36):67
(27,37):49
(27,38):79
(27,39):59
(27,40):81
(27,41):66
(27,42):93
(27,43):70
(27,44):90
(27,45):62
(27,46):84
(27,47):63
(27,48):59
(27,49):73
(27,50):134
(27,51):55
(27,52):72
(27,53):58
(27,54):83
(27,55):46
(27,56):45
(27,57):36
(27,58):45
(27,59):37
(27,60):43
(27,61):27
(27,62):62
(27,63):44
(27,64):67
(27,65):47
(27,66):66
(27,67):58
(27,68):72
(27,69):65
(27,70):94
(27,71):91
(27,72):105
(27,73):65
(27,74):130
(27,75):92
(27,76):117
(27,77):96
(27,78):114
(27,79):124
(27,80):102
(27,81):67
(27,82):108
(27,83):70
(27,84):119
(27,85):77
(27,86):121
(27,87):70
(27,88):119
(27,89):85
(27,90):128
(27,91):87
(27,92):157
(27,93):89
(27,94):170
(27,95):100
(27,96):166
(27,97):88
(27,98):149
(27,99):87
(27,100):146
(27,101):92
(27,102):141
(27,103):75
(27,104):118
(27,105):75
(27,106):122
(27,107):71
(27,108):127
(27,109):74
(27,110):127
(27,111):58
(27,112):98
(27,113):54
(27,114):92
(27,115):54
(27,116):102
(27,117):45
(27,118):118
(27,119):50
(27,120):110
(27,121):50
(27,122):93
(27,123):43
(27,124):93
(27,125):44
(27,126):82
(27,127):49
(28,0):66
(28,1):60
(28,2):78
(28,3):118
(28,4):83
(28,5):86
(28,6):101
(28,7):94
(28,8):124
(28,9):113
(28,10):122
(28,11):111
(28,12):125
(28,13):114
(28,14):135
(28,15):121
(28,16):126
(28,17):117
(28,18):139
(28,19):122
(28,20):136
(28,21):109
(28,22):111
(28,23):96
(28,24):125
(28,25):87
(28,26):123
(28,27):63
(28,28):108
(28,29):56
(28,30):107
(28,31):51
(28,32):105
(28,33):62
(28,34):111
(28,35):60
(28,36):114
(28,37):81
(28,38):115
(28,39):81
(28,40):119
(28,41):79
(28,42):128
(28,43):88
(28,44):127
(28,45):74
(28,46):120
(28,47):64
(28,48):111
(28,49):80
(28,50):169
(28,51):65
(28,52):140
(28,53):69
(28,54):147
(28,55):58
(28,56):93
(28,57):37
(28,58):80
(28,59):41
(28,60):85
(28,61):42
(28,62):104
(28,63):80
(28,64):110
(28,65):67
(28,66):118
(28,67):65
(28,68):138
(28,69):69
(28,70):159
(28,71):84
(28,72):180
(28,73):69
(28,74):227
(28,75):119
(28,76):250
(28,77):126
(28,78):250
(28,79):153
(28,80):104
(28,81):100
(28,82):108
(28,83):108
(28,84):116
(28,85):148
(28,86):145
(28,87):121
(28,88):140
(28,89):149
(28,90):168
(28,91):143
(28,92):174
(28,93):164
(28,94):178
(28,95):163
(28,96):191
(28,97):150
(28,98):189
(28,99):158
(28,100):174
(28,101):144
(28,102):146
(28,103):131
(28,104):144
(28,105):131
(28,106):137
(28,107):115
(28,108):152
(28,109):108
(28,110):136
(28,111):100
(28,112):88
(28,113):85
(28,114):79
(28,115):100
(28,116):83
(28,117):98
(28,118):86
(28,119):105
(28,120):91
(28,121):93
(28,122):78
(28,123):91
(28,124):78
(28,125):78
(28,126):66
(28,127):90
(29,0):69
(29,1):39
(29,2):75
(29,3):40
(29,4):88
(29,5):55
(29,6):101
(29,7):63
(29,8):102
(29,9):73
(29,10):105
(29,11):82
(29,12):114
(29,13):91
(29,14):112
(29,15):85
(29,16):119
(29,17):91
(29,18):121
(29,19):87
(29,20):118
(29,21):83
(29,22):101
(29,23):63
(29,24):90
(29,25):60
(29,26):80
(29,27):44
(29,28):59
(29,29):51
(29,30):53
(29,31):48
(29,32):56
(29,33):43
(29,34):59
(29,35):45
(29,36):56
(29,37):54
(29,38):75
(29,39):65
(29,40):81
(29,41):69
(29,42):95
(29,43):70
(29,44):101
(29,45):47
(29,46):91
(29,47):42
(29,48):64
(29,49):67
(29,50):99
(29,51):51
(29,52):73
(29,53):52
(29,54):69
(29,55):41
(29,56):48
(29,57):31
(29,58):43
(29,59):34
(29,60):50
(29,61):50
(29,62):52
(29,63):41
(29,64):67
(29,65):54
(29,66):61
(29,67):59
(29,68):69
(29,69):65
(29,70):74
(29,71):68
(29,72):86
(29,73):54
(29,74):115
(29,75):86
(29,76):112
(29,77):98
(29,78):107
(29,79):102
(29,80):108
(29,81):64
(29,82):99
(29,83):62
(29,84):118
(29,85):85
(29,86):166
(29,87):82
(29,88):166
(29,89):86
(29,90):166
(29,91):83
(29,92):152
(29,93):83
(29,94):146
(29,95):88
(29,96):149
(29,97):83
(29,98):151
(29,99):92
(29,100):134
(29,101):82
(29,102):140
(29,103):74
(29,104):148
(29,105):78
(29,106):139
(29,107):67
(29,108):115
(29,109):61
(29,110):114
(29,111):42
(29,112):96
(29,113):47
(29,114):88
(29,115):53
(29,116):105
(29,117):49
(29,118):98
(29,119):50
(29,120):95
(29,121):47
(29,122):90
(29,123):42
(29,124):82
(29,125):45
(29,126):86
(29,127):36
(30,0):51
(30,1):60
(30,2):78
(30,3):72
(30,4):83
(30,5):90
(30,6):91
(30,7):105
(30,8):101
(30,9):95
(30,10):106
(30,11):113
(30,12):119
(30,13):121
(30,14):136
(30,15):113
(30,16):120
(30,17):111
(30,18):114
(30,19):108
(30,20):102
(30,21):112
(30,22):105
(30,23):108
(30,24):116
(30,25):112
(30,26):101
(30,27):68
(30,28):105
(30,29):67
(30,30):105
(30,31):56
(30,32):96
(30,33):64
(30,34):110
(30,35):58
(30,36):108
(30,37):59
(30,38):103
(30,39):74
(30,40):121
(30,41):81
(30,42):117
(30,43):102
(30,44):127
(30,45):97
(30,46):122
(30,47):74
(30,48):125
(30,49):95
(30,50):169
(30,51):75
(30,52):129
(30,53):66
(30,54):126
(30,55):55
(30,56):94
(30,57):44
(30,58):78
(30,59):48
(30,60):90
(30,61):76
(30,62):108
(30,63):86
(30,64):104
(30,65):95
(30,66):115
(30,67):67
(30,68):123
(30,69):71
(30,70):145
(30,71):76
(30,72):148
(30,73):68
(30,74):210
(30,75):105
(30,76):245
(30,77):114
(30,78):184
(30,79):143
(30,80):98
(30,81):87
(30,82):86
(30,83):108
(30,84):124
(30,85):140
(30,86):160
(30,87):164
(30,88):163
(30,89):161
(30,90):171
(30,91):167
(30,92):192
(30,93):166
(30,94):156
(30,95):121
(30,96):160
(30,97):137
(30,98):171
(30,99):138
(30,100):179
(30,101):155
(30,102):167
(30,103):135
(30,104):165
(30,105):123
(30,106):152
(30,107):108
(30,108):125
(30,109):112
(30,110):98
(30,111):94
(30,112):88
(30,113):98
(30,114):73
(30,115):88
(30,116):85
(30,117):99
(30,118):83
(30,119):94
(30,120):85
(30,121):94
(30,122):76
(30,123):85
(30,124):75
(30,125):70
(30,126):68
(30,127):85
(31,0):57
(31,1):35
(31,2):64
(31,3):39
(31,4):85
(31,5):56
(31,6):88
(31,7):64
(31,8):96
(31,9):69
(31,10):98
(31,11):77
(31,12):96
(31,13):78
(31,14):96
(31,15):77
(31,16):103
(31,17):69
(31,18):96
(31,19):75
(31,20):88
(31,21):55
(31,22):109
(31,23):59
(31,24):103
(31,25):53
(31,26):115
(31,27):50
(31,28):85
(31,29):41
(31,30):62
(31,31):41
(31,32):67
(31,33):43
(31,34):58
(31,35):59
(31,36):84
(31,37):62
(31,38):74
(31,39):57
(31,40):92
(31,41):51
(31,42):100
(31,43):68
(31,44):97
(31,45):51
(31,46):98
(31,47):53
(31,48):86
(31,49):66
(31,50):126
(31,51):57
(31,52):82
(31,53):59
(31,54):60
(31,55):44
(31,56):46
(31,57):44
(31,58):62
(31,59):51
(31,60):70
(31,61):47
(31,62):83
(31,63):49
(31,64):90
(31,65):56
(31,66):85
(31,67):55
(31,68):66
(31,69):61
(31,70):77
(31,71):63
(31,72):85
(31,73):59
(31,74):111
(31,75):84
(31,76):99
(31,77):74
(31,78):92
(31,79):82
(31,80):108
(31,81):64
(31,82):87
(31,83):63
(31,84):113
(31,85):63
(31,86):144
(31,87):79
(31,88):169
(31,89):83
(31,90):132
(31,91):77
(31,92):177
(31,93):96
(31,94):132
(31,95):74
(31,96):144
(31,97):74
(31,98):126
(31,99):78
(31,100):147
(31,101):71
(31,102):138
(31,103):75
(31,104):118
(31,105):75
(31,106):135
(31,107):60
(31,108):101
(31,109):62
(31,110):102
(31,111):49
(31,112):97
(31,113):46
(31,114):85
(31,115):46
(31,116):95
(31,117):44
(31,118):95
(31,119):50
(31,120):87
(31,121):49
(31,122):88
(31,123):47
(31,124):80
(31,125):40
(31,126):81
(31,127):52
(32,0):51
(32,1):50
(32,2):52
(32,3):79
(32,4):83
(32,5):79
(32,6):95
(32,7):90
(32,8):96
(32,9):98
(32,10):101
(32,11):102
(32,12):109
(32,13):99
(32,14):110
(32,15):99
(32,16):106
(32,17):105
(32,18):110
(32,19):98
(32,20):99
(32,21):93
(32,22):97
(32,23):98
(32,24):117
(32,25):103
(32,26):116
(32,27):106
(32,28):99
(32,29):87
(32,30):93
(32,31):52
(32,32):98
(32,33):68
(32,34):96
(32,35):87
(32,36):102
(32,37):84
(32,38):108
(32,39):76
(32,40):112
(32,41):81
(32,42):117
(32,43):98
(32,44):119
(32,45):90
(32,46):112
(32,47):93
(32,48):107
(32,49):97
(32,50):150
(32,51):77
(32,52):123
(32,53):71
(32,54):124
(32,55):52
(32,56):98
(32,57):39
(32,58):79
(32,59):64
(32,60):96
(32,61):89
(32,62):91
(32,63):94
(32,64):89
(32,65):98
(32,66):98
(32,67):79
(32,68):125
(32,69):72
(32,70):139
(32,71):85
(32,72):127
(32,73):81
(32,74):175
(32,75):120
(32,76):205
(32,77):65
(32,78):143
(32,79):123
(32,80):129
(32,81):122
(32,82):133
(32,83):127
(32,84):122
(32,85):135
(32,86):156
(32,87):159
(32,88):182
(32,89):173
(32,90):178
(32,91):153
(32,92):173
(32,93):148
(32,94):175
(32,95):155
(32,96):161
(32,97):127
(32,98):144
(32,99):150
(32,100):151
(32,101):142
(32,102):154
(32,103):126
(32,104):132
(32,105):121
(32,106):133
(32,107):100
(32,108):115
(32,109):108
(32,110):93
(32,111):109
(32,112):83
(32,113):89
(32,114):72
(32,115):90
(32,116):81
(32,117):92
(32,118):77
(32,119):88
(32,120):72
(32,121):86
(32,122):77
(32,123):83
(32,124):76
(32,125):77
(32,126):69
(32,127):61
(33,0):56
(33,1):29
(33,2):59
(33,3):52
(33,4):83
(33,5):49
(33,6):79
(33,7):65
(33,8):92
(33,9):65
(33,10):94
(33,11):71
(33,12):101
(33,13):77
(33,14):98
(33,15):68
(33,16):102
(33,17):72
(33,18):97
(33,19):67
(33,20):90
(33,21):51
(33,22):94
(33,23):50
(33,24):100
(33,25):46
(33,26):114
(33,27):58
(33,28):104
(33,29):44
(33,30):95
(33,31):45
(33,32):54
(33,33):47
(33,34):66
(33,35):53
(33,36):86
(33,37):55
(33,38):81
(33,39):67
(33,40):76
(33,41):61
(33,42):91
(33,43):62
(33,44):87
(33,45):71
(33,46):98
(33,47):72
(33,48):98
(33,49):79
(33,50):112
(33,51):72
(33,52):107
(33,53):67
(33,54):61
(33,55):41
(33,56):40
(33,57):44
(33,58):75
(33,59):42
(33,60):75
(33,61):41
(33,62):83
(33,63):39
(33,64):87
(33,65):47
(33,66):79
(33,67):54
(33,68):69
(33,69):57
(33,70):72
(33,71):65
(33,72):83
(33,73):58
(33,74):102
(33,75):80
(33,76):83
(33,77):50
(33,78):76
(33,79):90
(33,80):142
(33,81):73
(33,82):142
(33,83):73
(33,84):132
(33,85):70
(33,86):139
(33,87):86
(33,88):170
(33,89):96
(33,90):158
(33,91):85
(33,92):178
(33,93):84
(33,94):152
(33,95):90
(33,96):131
(33,97):62
(33,98):108
(33,99):65
(33,100):134
(33,101):70
(33,102):132
(33,103):80
(33,104):142
(33,105):68
(33,106):121
(33,107):71
(33,108):117
(33,109):67
(33,110):98
(33,111):43
(33,112):88
(33,113):49
(33,114):90
(33,115):48
(33,116):91
(33,117):46
(33,118):89
(33,119):46
(33,120):85
(33,121):46
(33,122):84
(33,123):48
(33,124):79
(33,125):54
(33,126):83
(33,127):49
(34,0):47
(34,1):49
(34,2):73
(34,3):71
(34,4):67
(34,5):74
(34,6):87
(34,7):91
(34,8):97
(34,9):92
(34,10):95
(34,11):94
(34,12):97
(34,13):99
(34,14):107
(34,15):93
(34,16):95
(34,17):84
(34,18):93
(34,19):83
(34,20):89
(34,21):103
(34,22):91
(34,23):103
(34,24):103
(34,25):98
(34,26):96
(34,27):111
(34,28):98
(34,29):103
(34,30):95
(34,31):78
(34,32):92
(34,33):78
(34,34):109
(34,35):102
(34,36):113
(34,37):109
(34,38):115
(34,39):109
(34,40):112
(34,41):112
(34,42):102
(34,43):112
(34,44):107
(34,45):111
(34,46):112
(34,47):105
(34,48):115
(34,49):103
(34,50):123
(34,51):82
(34,52):128
(34,53):76
(34,54):109
(34,55):53
(34,56):103
(34,57):53
(34,58):92
(34,59):65
(34,60):86
(34,61):76
(34,62):75
(34,63):73
(34,64):79
(34,65):76
(34,66):90
(34,67):76
(34,68):114
(34,69):73
(34,70):117
(34,71):82
(34,72):99
(34,73):85
(34,74):161
(34,75):105
(34,76):155
(34,77):69
(34,78):153
(34,79):103
(34,80):144
(34,81):120
(34,82):136
(34,83):142
(34,84):152
(34,85):176
(34,86):189
(34,87):193
(34,88):204
(34,89):161
(34,90):160
(34,91):160
(34,92):133
(34,93):128
(34,94):160
(34,95):154
(34,96):166
(34,97):134
(34,98):104
(34,99):117
(34,100):128
(34,101):140
(34,102):125
(34,103):130
(34,104):122
(34,105):127
(34,106):115
(34,107):102
(34,108):118
(34,109):111
(34,110):116
(34,111):110
(34,112):113
(34,113):95
(34,114):99
(34,115):94
(34,116):77
(34,117):84
(34,118):75
(34,119):86
(34,120):81
(34,121):83
(34,122):77
(34,123):86
(34,124):65
(34,125):77
(34,126):75
(34,127):84
(35,0):55
(35,1):30
(35,2):73
(35,3):47
(35,4):66
(35,5):56
(35,6):91
(35,7):63
(35,8):89
(35,9):67
(35,10):90
(35,11):74
(35,12):92
(35,13):66
(35,14):102
(35,15):67
(35,16):87
(35,17):63
(35,18):80
(35,19):49
(35,20):94
(35,21):44
(35,22):81
(35,23):52
(35,24):91
(35,25):48
(35,26):102
(35,27):47
(35,28):89
(35,29):82
(35,30):102
(35,31):56
(35,32):94
(35,33):89
(35,34):88
(35,35):86
(35,36):102
(35,37):96
(35,38):108
(35,39):91
(35,40):102
(35,41):86
(35,42):94
(35,43):82
(35,44):98
(35,45):80
(35,46):106
(35,47):88
(35,48):109
(35,49):81
(35,50):101
(35,51):66
(35,52):108
(35,53):50
(35,54):58
(35,55):38
(35,56):42
(35,57):54
(35,58):62
(35,59):56
(35,60):73
(35,61):48
(35,62):82
(35,63):47
(35,64):69
(35,65):49
(35,66):78
(35,67):58
(35,68):75
(35,69):58
(35,70):79
(35,71):51
(35,72):76
(35,73):54
(35,74):92
(35,75):80
(35,76):74
(35,77):133
(35,78):84
(35,79):74
(35,80):117
(35,81):81
(35,82):139
(35,83):80
(35,84):139
(35,85):80
(35,86):159
(35,87):82
(35,88):155
(35,89):93
(35,90):152
(35,91):84
(35,92):116
(35,93):77
(35,94):141
(35,95):83
(35,96):122
(35,97):63
(35,98):112
(35,99):69
(35,100):126
(35,101):64
(35,102):114
(35,103):59
(35,104):110
(35,105):61
(35,106):105
(35,107):65
(35,108):113
(35,109):66
(35,110):105
(35,111):67
(35,112):108
(35,113):65
(35,114):91
(35,115):53
(35,116):84
(35,117):58
(35,118):87
(35,119):65
(35,120):91
(35,121):54
(35,122):87
(35,123):46
(35,124):77
(35,125):25
(35,126):83
(35,127):33
(36,0):43
(36,1):60
(36,2):66
(36,3):69
(36,4):64
(36,5):78
(36,6):84
(36,7):90
(36,8):83
(36,9):82
(36,10):92
(36,11):85
(36,12):88
(36,13):81
(36,14):87
(36,15):84
(36,16):89
(36,17):82
(36,18):82
(36,19):94
(36,20):94
(36,21):86
(36,22):101
(36,23):90
(36,24):108
(36,25):97
(36,26):95
(36,27):81
(36,28):114
(36,29):95
(36,30):100
(36,31):103
(36,32):104
(36,33):79
(36,34):110
(36,35):102
(36,36):117
(36,37):102
(36,38):113
(36,39):104
(36,40):113
(36,41):102
(36,42):99
(36,43):90
(36,44):110
(36,45):103
(36,46):119
(36,47):96
(36,48):128
(36,49):93
(36,50):137
(36,51):74
(36,52):158
(36,53):62
(36,54):106
(36,55):58
(36,56):100
(36,57):60
(36,58):91
(36,59):65
(36,60):88
(36,61):69
(36,62):76
(36,63):60
(36,64):53
(36,65):50
(36,66):75
(36,67):77
(36,68):106
(36,69):77
(36,70):119
(36,71):65
(36,72):92
(36,73):82
(36,74):120
(36,75):87
(36,76):137
(36,77):84
(36,78):139
(36,79):87
(36,80):142
(36,81):112
(36,82):166
(36,83):130
(36,84):143
(36,85):118
(36,86):147
(36,87):132
(36,88):133
(36,89):118
(36,90):126
(36,91):115
(36,92):121
(36,93):124
(36,94):131
(36,95):125
(36,96):121
(36,97):111
(36,98):116
(36,99):117
(36,100):111
(36,101):115
(36,102):96
(36,103):105
(36,104):117
(36,105):104
(36,106):108
(36,107):89
(36,108):108
(36,109):100
(36,110):101
(36,111):104
(36,112):91
(36,113):90
(36,114):78
(36,115):82
(36,116):82
(36,117):86
(36,118):87
(36,119):95
(36,120):98
(36,121):102
(36,122):89
(36,123):91
(36,124):77
(36,125):60
(36,126):59
(36,127):86
(37,0):29
(37,1):33
(37,2):55
(37,3):42
(37,4):80
(37,5):59
(37,6):84
(37,7):65
(37,8):82
(37,9):68
(37,10):83
(37,11):65
(37,12):84
(37,13):63
(37,14):82
(37,15):63
(37,16):77
(37,17):51
(37,18):86
(37,19):54
(37,20):89
(37,21):56
(37,22):91
(37,23):44
(37,24):97
(37,25):50
(37,26):95
(37,27):62
(37,28):91
(37,29):51
(37,30):106
(37,31):87
(37,32):94
(37,33):75
(37,34):93
(37,35):51
(37,36):100
(37,37):77
(37,38):119
(37,39):107
(37,40):114
(37,41):83
(37,42):107
(37,43):87
(37,44):106
(37,45):88
(37,46):108
(37,47):88
(37,48):124
(37,49):92
(37,50):76
(37,51):57
(37,52):112
(37,53):54
(37,54):67
(37,55):71
(37,56):68
(37,57):83
(37,58):78
(37,59):66
(37,60):74
(37,61):53
(37,62):63
(37,63):49
(37,64):72
(37,65):44
(37,66):80
(37,67):45
(37,68):74
(37,69):48
(37,70):88
(37,71):53
(37,72):77
(37,73):47
(37,74):88
(37,75):62
(37,76):84
(37,77):81
(37,78):90
(37,79):65
(37,80):106
(37,81):77
(37,82):107
(37,83):71
(37,84):119
(37,85):76
(37,86):113
(37,87):72
(37,88):108
(37,89):70
(37,90):102
(37,91):70
(37,92):128
(37,93):83
(37,94):135
(37,95):107
(37,96):127
(37,97):89
(37,98):120
(37,99):98
(37,100):101
(37,101):83
(37,102):104
(37,103):79
(37,104):106
(37,105):63
(37,106):103
(37,107):73
(37,108):100
(37,109):68
(37,110):103
(37,111):58
(37,112):109
(37,113):58
(37,114):96
(37,115):60
(37,116):100
(37,117):57
(37,118):85
(37,119):47
(37,120):97
(37,121):69
(37,122):95
(37,123):60
(37,124):104
(37,125):67
(37,126):90
(37,127):62
(38,0):45
(38,1):46
(38,2):47
(38,3):98
(38,4):106
(38,5):101
(38,6):100
(38,7):107
(38,8):118
(38,9):124
(38,10):120
(38,11):110
(38,12):108
(38,13):119
(38,14):123
(38,15):110
(38,16):102
(38,17):76
(38,18):88
(38,19):86
(38,20):104
(38,21):90
(38,22):96
(38,23):89
(38,24):89
(38,25):88
(38,26):99
(38,27):87
(38,28):90
(38,29):94
(38,30):128
(38,31):90
(38,32):154
(38,33):119
(38,34):170
(38,35):123
(38,36):122
(38,37):76
(38,38):90
(38,39):61
(38,40):85
(38,41):64
(38,42):84
(38,43):74
(38,44):91
(38,45):120
(38,46):140
(38,47):84
(38,48):142
(38,49):106
(38,50):140
(38,51):80
(38,52):167
(38,53):66
(38,54):129
(38,55):72
(38,56):107
(38,57):77
(38,58):85
(38,59):73
(38,60):80
(38,61):69
(38,62):79
(38,63):74
(38,64):69
(38,65):64
(38,66):78
(38,67):71
(38,68):79
(38,69):72
(38,70):94
(38,71):74
(38,72):103
(38,73):80
(38,74):91
(38,75):75
(38,76):100
(38,77):96
(38,78):133
(38,79):88
(38,80):122
(38,81):114
(38,82):136
(38,83):113
(38,84):116
(38,85):96
(38,86):115
(38,87):99
(38,88):117
(38,89):95
(38,90):108
(38,91):94
(38,92):142
(38,93):105
(38,94):127
(38,95):111
(38,96):141
(38,97):125
(38,98):129
(38,99):109
(38,100):111
(38,101):106
(38,102):106
(38,103):107
(38,104):115
(38,105):110
(38,106):109
(38,107):102
(38,108):109
(38,109):103
(38,110):104
(38,111):115
(38,112):100
(38,113):114
(38,114):110
(38,115):93
(38,116):95
(38,117):92
(38,118):77
(38,119):97
(38,120):96
(38,121):100
(38,122):99
(38,123):101
(38,124):91
(38,125):102
(38,126):93
(38,127):71
(39,0):44
(39,1):25
(39,2):58
(39,3):59
(39,4):110
(39,5):91
(39,6):118
(39,7):84
(39,8):103
(39,9):109
(39,10):120
(39,11):84
(39,12):94
(39,13):107
(39,14):91
(39,15):58
(39,16):64
(39,17):35
(39,18):78
(39,19):60
(39,20):81
(39,21):39
(39,22):82
(39,23):53
(39,24):85
(39,25):43
(39,26):89
(39,27):49
(39,28):93
(39,29):66
(39,30):86
(39,31):70
(39,32):87
(39,33):73
(39,34):84
(39,35):90
(39,36):86
(39,37):57
(39,38):63
(39,39):52
(39,40):67
(39,41):53
(39,42):63
(39,43):61
(39,44):72
(39,45):98
(39,46):99
(39,47):65
(39,48):108
(39,49):93
(39,50):84
(39,51):55
(39,52):95
(39,53):59
(39,54):92
(39,55):98
(39,56):90
(39,57):69
(39,58):74
(39,59):65
(39,60):65
(39,61):47
(39,62):73
(39,63):43
(39,64):58
(39,65):31
(39,66):54
(39,67):41
(39,68):56
(39,69):45
(39,70):72
(39,71):45
(39,72):72
(39,73):54
(39,74):88
(39,75):52
(39,76):83
(39,77):65
(39,78):91
(39,79):68
(39,80):103
(39,81):73
(39,82):109
(39,83):94
(39,84):102
(39,85):78
(39,86):92
(39,87):78
(39,88):98
(39,89):71
(39,90):100
(39,91):71
(39,92):107
(39,93):79
(39,94):117
(39,95):80
(39,96):111
(39,97):99
(39,98):110
(39,99):72
(39,100):105
(39,101):57
(39,102):104
(39,103):63
(39,104):109
(39,105):76
(39,106):113
(39,107):73
(39,108):124
(39,109):78
(39,110):124
(39,111):66
(39,112):117
(39,113):71
(39,114):105
(39,115):63
(39,116):106
(39,117):68
(39,118):108
(39,119):59
(39,120):93
(39,121):61
(39,122):95
(39,123):61
(39,124):85
(39,125):60
(39,126):89
(39,127):56
(40,0):49
(40,1):51
(40,2):64
(40,3):78
(40,4):110
(40,5):109
(40,6):113
(40,7):109
(40,8):112
(40,9):109
(40,10):123
(40,11):112
(40,12):102
(40,13):68
(40,14):105
(40,15):84
(40,16):86
(40,17):90
(40,18):89
(40,19):87
(40,20):99
(40,21):74
(40,22):84
(40,23):79
(40,24):71
(40,25):82
(40,26):81
(40,27):85
(40,28):152
(40,29):82
(40,30):156
(40,31):120
(40,32):149
(40,33):145
(40,34):151
(40,35):108
(40,36):113
(40,37):60
(40,38):103
(40,39):63
(40,40):109
(40,41):74
(40,42):107
(40,43):72
(40,44):97
(40,45):102
(40,46):131
(40,47):76
(40,48):145
(40,49):105
(40,50):150
(40,51):76
(40,52):144
(40,53):86
(40,54):139
(40,55):90
(40,56):99
(40,57):72
(40,58):79
(40,59):72
(40,60):73
(40,61):61
(40,62):66
(40,63):55
(40,64):61
(40,65):44
(40,66):67
(40,67):57
(40,68):99
(40,69):70
(40,70):118
(40,71):79
(40,72):107
(40,73):78
(40,74):124
(40,75):101
(40,76):122
(40,77):98
(40,78):129
(40,79):103
(40,80):110
(40,81):95
(40,82):102
(40,83):103
(40,84):115
(40,85):96
(40,86):103
(40,87):93
(40,88):102
(40,89):95
(40,90):99
(40,91):87
(40,92):99
(40,93):92
(40,94):97
(40,95):87
(40,96):103
(40,97):97
(40,98):115
(40,99):89
(40,100):105
(40,101):106
(40,102):110
(40,103):110
(40,104):101
(40,105):102
(40,106):105
(40,107):90
(40,108):106
(40,109):98
(40,110):105
(40,111):110
(40,112):98
(40,113):105
(40,114):104
(40,115):105
(40,116):88
(40,117):100
(40,118):96
(40,119):105
(40,120):92
(40,121):101
(40,122):100
(40,123):93
(40,124):97
(40,125):90
(40,126):88
(40,127):97
(41,0):56
(41,1):25
(41,2):69
(41,3):81
(41,4):89
(41,5):75
(41,6):93
(41,7):71
(41,8):94
(41,9):75
(41,10):87
(41,11):56
(41,12):82
(41,13):57
(41,14):91
(41,15):54
(41,16):89
(41,17):44
(41,18):94
(41,19):66
(41,20):68
(41,21):44
(41,22):81
(41,23):38
(41,24):80
(41,25):43
(41,26):80
(41,27):46
(41,28):82
(41,29):64
(41,30):75
(41,31):112
(41,32):123
(41,33):100
(41,34):73
(41,35):90
(41,36):100
(41,37):73
(41,38):89
(41,39):82
(41,40):86
(41,41):65
(41,42):85
(41,43):75
(41,44):106
(41,45):95
(41,46):101
(41,47):60
(41,48):104
(41,49):81
(41,50):96
(41,51):81
(41,52):95
(41,53):65
(41,54):98
(41,55):65
(41,56):91
(41,57):56
(41,58):72
(41,59):49
(41,60):77
(41,61):45
(41,62):57
(41,63):55
(41,64):65
(41,65):48
(41,66):68
(41,67):58
(41,68):77
(41,69):56
(41,70):82
(41,71):58
(41,72):80
(41,73):56
(41,74):85
(41,75):63
(41,76):93
(41,77):62
(41,78):111
(41,79):63
(41,80):100
(41,81):56
(41,82):98
(41,83):66
(41,84):88
(41,85):65
(41,86):100
(41,87):65
(41,88):99
(41,89):65
(41,90):92
(41,91):62
(41,92):101
(41,93):62
(41,94):107
(41,95):69
(41,96):97
(41,97):66
(41,98):111
(41,99):65
(41,100):113
(41,101):64
(41,102):111
(41,103):52
(41,104):103
(41,105):55
(41,106):104
(41,107):67
(41,108):94
(41,109):71
(41,110):97
(41,111):60
(41,112):100
(41,113):49
(41,114):104
(41,115):56
(41,116):108
(41,117):66
(41,118):102
(41,119):55
(41,120):98
(41,121):62
(41,122):95
(41,123):49
(41,124):93
(41,125):64
(41,126):101
(41,127):44
(42,0):56
(42,1):51
(42,2):63
(42,3):57
(42,4):70
(42,5):68
(42,6):76
(42,7):83
(42,8):79
(42,9):78
(42,10):92
(42,11):84
(42,12):107
(42,13):94
(42,14):106
(42,15):92
(42,16):101
(42,17):87
(42,18):92
(42,19):75
(42,20):110
(42,21):69
(42,22):77
(42,23):76
(42,24):70
(42,25):76
(42,26):80
(42,27):79
(42,28):117
(42,29):83
(42,30):148
(42,31):118
(42,32):133
(42,33):112
(42,34):146
(42,35):101
(42,36):125
(42,37):99
(42,38):113
(42,39):89
(42,40):110
(42,41):86
(42,42):110
(42,43):90
(42,44):135
(42,45):102
(42,46):143
(42,47):78
(42,48):127
(42,49):79
(42,50):123
(42,51):102
(42,52):123
(42,53):77
(42,54):96
(42,55):74
(42,56):82
(42,57):65
(42,58):68
(42,59):66
(42,60):66
(42,61):53
(42,62):69
(42,63):57
(42,64):73
(42,65):69
(42,66):84
(42,67):83
(42,68):119
(42,69):81
(42,70):114
(42,71):85
(42,72):135
(42,73):92
(42,74):116
(42,75):92
(42,76):124
(42,77):92
(42,78):90
(42,79):94
(42,80):94
(42,81):77
(42,82):88
(42,83):77
(42,84):100
(42,85):81
(42,86):96
(42,87):87
(42,88):98
(42,89):82
(42,90):92
(42,91):79
(42,92):93
(42,93):97
(42,94):104
(42,95):88
(42,96):91
(42,97):106
(42,98):103
(42,99):107
(42,100):99
(42,101):110
(42,102):98
(42,103):110
(42,104):94
(42,105):107
(42,106):107
(42,107):85
(42,108):109
(42,109):118
(42,110):106
(42,111):114
(42,112):102
(42,113):125
(42,114):100
(42,115):113
(42,116):99
(42,117):97
(42,118):97
(42,119):103
(42,120):88
(42,121):101
(42,122):86
(42,123):93
(42,124):88
(42,125):101
(42,126):92
(42,127):75
(43,0):62
(43,1):31
(43,2):55
(43,3):35
(43,4):69
(43,5):50
(43,6):81
(43,7):50
(43,8):84
(43,9):65
(43,10):68
(43,11):52
(43,12):75
(43,13):66
(43,14):87
(43,15):57
(43,16):98
(43,17):64
(43,18):82
(43,19):76
(43,20):71
(43,21):30
(43,22):61
(43,23):41
(43,24):65
(43,25):60
(43,26):81
(43,27):55
(43,28):82
(43,29):60
(43,30):77
(43,31):94
(43,32):84
(43,33):126
(43,34):77
(43,35):81
(43,36):97
(43,37):80
(43,38):96
(43,39):53
(43,40):61
(43,41):53
(43,42):74
(43,43):57
(43,44):92
(43,45):74
(43,46):83
(43,47):80
(43,48):95
(43,49):93
(43,50):108
(43,51):75
(43,52):85
(43,53):58
(43,54):70
(43,55):48
(43,56):64
(43,57):57
(43,58):78
(43,59):49
(43,60):75
(43,61):55
(43,62):72
(43,63):56
(43,64):82
(43,65):51
(43,66):73
(43,67):75
(43,68):86
(43,69):67
(43,70):84
(43,71):74
(43,72):93
(43,73):65
(43,74):60
(43,75):56
(43,76):96
(43,77):52
(43,78):67
(43,79):60
(43,80):73
(43,81):65
(43,82):75
(43,83):66
(43,84):79
(43,85):67
(43,86):84
(43,87):65
(43,88):83
(43,89):72
(43,90):85
(43,91):62
(43,92):81
(43,93):65
(43,94):87
(43,95):63
(43,96):105
(43,97):64
(43,98):110
(43,99):66
(43,100):111
(43,101):68
(43,102):112
(43,103):68
(43,104):114
(43,105):61
(43,106):109
(43,107):52
(43,108):115
(43,109):57
(43,110):109
(43,111):66
(43,112):115
(43,113):65
(43,114):114
(43,115):63
(43,116):102
(43,117):66
(43,118):98
(43,119):59
(43,120):103
(43,121):56
(43,122):97
(43,123):53
(43,124):94
(43,125):57
(43,126):103
(43,127):57
(44,0):45
(44,1):38
(44,2):68
(44,3):60
(44,4):73
(44,5):77
(44,6):83
(44,7):78
(44,8):87
(44,9):79
(44,10):99
(44,11):80
(44,12):88
(44,13):82
(44,14):112
(44,15):86
(44,16):112
(44,17):87
(44,18):118
(44,19):108
(44,20):103
(44,21):46
(44,22):63
(44,23):83
(44,24):83
(44,25):84
(44,26):80
(44,27):75
(44,28):88
(44,29):74
(44,30):102
(44,31):78
(44,32):106
(44,33):84
(44,34):134
(44,35):90
(44,36):128
(44,37):87
(44,38):112
(44,39):67
(44,40):65
(44,41):66
(44,42):88
(44,43):77
(44,44):94
(44,45):92
(44,46):99
(44,47):91
(44,48):89
(44,49):80
(44,50):100
(44,51):81
(44,52):111
(44,53):85
(44,54):99
(44,55):85
(44,56):84
(44,57):70
(44,58):78
(44,59):73
(44,60):73
(44,61):78
(44,62):61
(44,63):75
(44,64):84
(44,65):88
(44,66):81
(44,67):60
(44,68):74
(44,69):59
(44,70):87
(44,71):82
(44,72):100
(44,73):60
(44,74):64
(44,75):81
(44,76):91
(44,77):95
(44,78):94
(44,79):96
(44,80):96
(44,81):99
(44,82):93
(44,83):91
(44,84):102
(44,85):96
(44,86):98
(44,87):104
(44,88):100
(44,89):110
(44,90):104
(44,91):110
(44,92):108
(44,93):105
(44,94):102
(44,95):101
(44,96):106
(44,97):116
(44,98):108
(44,99):109
(44,100):109
(44,101):110
(44,102):98
(44,103):105
(44,104):101
(44,105):99
(44,106):101
(44,107):84
(44,108):110
(44,109):116
(44,110):103
(44,111):105
(44,112):105
(44,113):110
(44,114):102
(44,115):107
(44,116):99
(44,117):103
(44,118):94
(44,119):100
(44,120):95
(44,121):98
(44,122):91
(44,123):102
(44,124):90
(44,125):105
(44,126):92
(44,127):103
(45,0):28
(45,1):40
(45,2):60
(45,3):34
(45,4):62
(45,5):52
(45,6):67
(45,7):47
(45,8):56
(45,9):52
(45,10):68
(45,11):50
(45,12):76
(45,13):54
(45,14):84
(45,15):52
(45,16):79
(45,17):54
(45,18):87
(45,19):55
(45,20):48
(45,21):25
(45,22):51
(45,23):39
(45,24):91
(45,25):46
(45,26):65
(45,27):48
(45,28):55
(45,29):58
(45,30):69
(45,31):60
(45,32):62
(45,33):61
(45,34):74
(45,35):75
(45,36):118
(45,37):61
(45,38):99
(45,39):51
(45,40):55
(45,41):43
(45,42):71
(45,43):63
(45,44):85
(45,45):56
(45,46):69
(45,47):61
(45,48):85
(45,49):66
(45,50):80
(45,51):63
(45,52):96
(45,53):69
(45,54):81
(45,55):63
(45,56):78
(45,57):57
(45,58):77
(45,59):56
(45,60):80
(45,61):56
(45,62):85
(45,63):63
(45,64):92
(45,65):68
(45,66):86
(45,67):66
(45,68):105
(45,69):66
(45,70):104
(45,71):69
(45,72):99
(45,73):66
(45,74):101
(45,75):63
(45,76):109
(45,77):63
(45,78):111
(45,79):65
(45,80):115
(45,81):69
(45,82):106
(45,83):71
(45,84):112
(45,85):70
(45,86):108
(45,87):72
(45,88):103
(45,89):65
(45,90):112
(45,91):69
(45,92):106
(45,93):68
(45,94):110
(45,95):65
(45,96):113
(45,97):66
(45,98):113
(45,99):70
(45,100):104
(45,101):65
(45,102):109
(45,103):77
(45,104):108
(45,105):75
(45,106):107
(45,107):65
(45,108):110
(45,109):73
(45,110):109
(45,111):69
(45,112):109
(45,113):70
(45,114):100
(45,115):69
(45,116):100
(45,117):58
(45,118):102
(45,119):60
(45,120):102
(45,121):62
(45,122):105
(45,123):62
(45,124):101
(45,125):58
(45,126):102
(45,127):57
(46,0):58
(46,1):53
(46,2):61
(46,3):55
(46,4):68
(46,5):77
(46,6):67
(46,7):54
(46,8):70
(46,9):66
(46,10):65
(46,11):69
(46,12):100
(46,13):83
(46,14):117
(46,15):79
(46,16):100
(46,17):88
(46,18):101
(46,19):79
(46,20):74
(46,21):40
(46,22):84
(46,23):80
(46,24):102
(46,25):49
(46,26):61
(46,27):50
(46,28):77
(46,29):58
(46,30):86
(46,31):57
(46,32):77
(46,33):66
(46,34):74
(46,35):80
(46,36):100
(46,37):92
(46,38):90
(46,39):74
(46,40):53
(46,41):54
(46,42):71
(46,43):73
(46,44):88
(46,45):96
(46,46):90
(46,47):92
(46,48):95
(46,49):97
(46,50):88
(46,51):97
(46,52):92
(46,53):98
(46,54):89
(46,55):96
(46,56):83
(46,57):87
(46,58):88
(46,59):84
(46,60):75
(46,61):81
(46,62):83
(46,63):89
(46,64):72
(46,65):88
(46,66):84
(46,67):85
(46,68):79
(46,69):74
(46,70):89
(46,71):81
(46,72):86
(46,73):73
(46,74):91
(46,75):86
(46,76):83
(46,77):92
(46,78):88
(46,79):95
(46,80):94
(46,81):102
(46,82):89
(46,83):104
(46,84):96
(46,85):105
(46,86):102
(46,87):103
(46,88):88
(46,89):108
(46,90):83
(46,91):102
(46,92):86
(46,93):104
(46,94):93
(46,95):95
(46,96):86
(46,97):100
(46,98):82
(46,99):104
(46,100):87
(46,101):101
(46,102):84
(46,103):103
(46,104):83
(46,105):106
(46,106):89
(46,107):97
(46,108):79
(46,109):103
(46,110):90
(46,111):104
(46,112):83
(46,113):93
(46,114):72
(46,115):101
(46,116):88
(46,117):100
(46,118):83
(46,119):99
(46,120):84
(46,121):91
(46,122):87
(46,123):93
(46,124):92
(46,125):96
(46,126):93
(46,127):104
(47,0):54
(47,1):32
(47,2):44
(47,3):35
(47,4):50
(47,5):44
(47,6):61
(47,7):43
(47,8):69
(47,9):46
(47,10):63
(47,11):49
(47,12):85
(47,13):54
(47,14):83
(47,15):50
(47,16):83
(47,17):55
(47,18):71
(47,19):57
(47,20):64
(47,21):35
(47,22):70
(47,23):46
(47,24):90
(47,25):45
(47,26):75
(47,27):52
(47,28):75
(47,29):52
(47,30):78
(47,31):53
(47,32):70
(47,33):63
(47,34):80
(47,35):63
(47,36):80
(47,37):52
(47,38):90
(47,39):48
(47,40):82
(47,41):46
(47,42):68
(47,43):41
(47,44):78
(47,45):53
(47,46):75
(47,47):49
(47,48):82
(47,49):58
(47,50):89
(47,51):51
(47,52):85
(47,53):40
(47,54):82
(47,55):40
(47,56):76
(47,57):46
(47,58):76
(47,59):40
(47,60):76
(47,61):42
(47,62):73
(47,63):44
(47,64):72
(47,65):38
(47,66):74
(47,67):50
(47,68):82
(47,69):69
(47,70):89
(47,71):56
(47,72):83
(47,73):59
(47,74):79
(47,75):67
(47,76):93
(47,77):65
(47,78):93
(47,79):61
(47,80):122
(47,81):96
(47,82):110
(47,83):102
(47,84):116
(47,85):101
(47,86):112
(47,87):104
(47,88):112
(47,89):98
(47,90):113
(47,91):104
(47,92):111
(47,93):103
(47,94):114
(47,95):96
(47,96):116
(47,97):100
(47,98):114
(47,99):103
(47,100):109
(47,101):90
(47,102):106
(47,103):92
(47,104):102
(47,105):75
(47,106):107
(47,107):62
(47,108):102
(47,109):76
(47,110):111
(47,111):89
(47,112):108
(47,113):79
(47,114):92
(47,115):98
(47,116):110
(47,117):97
(47,118):111
(47,119):99
(47,120):113
(47,121):107
(47,122):113
(47,123):110
(47,124):111
(47,125):104
(47,126):113
(47,127):113
(48,0):52
(48,1):50
(48,2):52
(48,3):66
(48,4):67
(48,5):60
(48,6):66
(48,7):68
(48,8):64
(48,9):75
(48,10):65
(48,11):74
(48,12):90
(48,13):79
(48,14):69
(48,15):84
(48,16):71
(48,17):82
(48,18):65
(48,19):83
(48,20):76
(48,21):87
(48,22):84
(48,23):76
(48,24):93
(48,25):89
(48,26):87
(48,27):66
(48,28):85
(48,29):80
(48,30):84
(48,31):81
(48,32):84
(48,33):76
(48,34):81
(48,35):73
(48,36):89
(48,37):87
(48,38):82
(48,39):83
(48,40):79
(48,41):61
(48,42):74
(48,43):60
(48,44):68
(48,45):81
(48,46):85
(48,47):84
(48,48):87
(48,49):95
(48,50):107
(48,51):90
(48,52):129
(48,53):87
(48,54):91
(48,55):62
(48,56):85
(48,57):49
(48,58):67
(48,59):56
(48,60):79
(48,61):66
(48,62):74
(48,63):41
(48,64):82
(48,65):86
(48,66):88
(48,67):57
(48,68):108
(48,69):73
(48,70):111
(48,71):78
(48,72):107
(48,73):66
(48,74):130
(48,75):96
(48,76):208
(48,77):97
(48,78):170
(48,79):99
(48,80):178
(48,81):112
(48,82):122
(48,83):123
(48,84):125
(48,85):122
(48,86):122
(48,87):113
(48,88):125
(48,89):121
(48,90):125
(48,91):123
(48,92):124
(48,93):123
(48,94):115
(48,95):124
(48,96):124
(48,97):117
(48,98):124
(48,99):124
(48,100):124
(48,101):119
(48,102):122
(48,103):119
(48,104):116
(48,105):104
(48,106):127
(48,107):76
(48,108):131
(48,109):120
(48,110):121
(48,111):118
(48,112):116
(48,113):115
(48,114):108
(48,115):115
(48,116):117
(48,117):116
(48,118):115
(48,119):116
(48,120):106
(48,121):110
(48,122):115
(48,123):117
(48,124):110
(48,125):117
(48,126):114
(48,127):113
(49,0):62
(49,1):24
(49,2):68
(49,3):33
(49,4):71
(49,5):35
(49,6):69
(49,7):37
(49,8):80
(49,9):37
(49,10):82
(49,11):47
(49,12):93
(49,13):40
(49,14):80
(49,15):39
(49,16):68
(49,17):52
(49,18):67
(49,19):33
(49,20):83
(49,21):44
(49,22):78
(49,23):32
(49,24):58
(49,25):49
(49,26):64
(49,27):45
(49,28):72
(49,29):52
(49,30):73
(49,31):39
(49,32):61
(49,33):49
(49,34):68
(49,35):52
(49,36):78
(49,37):52
(49,38):63
(49,39):49
(49,40):47
(49,41):37
(49,42):55
(49,43):49
(49,44):73
(49,45):61
(49,46):73
(49,47):53
(49,48):72
(49,49):60
(49,50):87
(49,51):78
(49,52):72
(49,53):51
(49,54):57
(49,55):40
(49,56):48
(49,57):30
(49,58):40
(49,59):37
(49,60):60
(49,61):40
(49,62):59
(49,63):30
(49,64):78
(49,65):53
(49,66):88
(49,67):46
(49,68):70
(49,69):57
(49,70):67
(49,71):60
(49,72):72
(49,73):51
(49,74):65
(49,75):72
(49,76):97
(49,77):70
(49,78):93
(49,79):75
(49,80):161
(49,81):130
(49,82):123
(49,83):134
(49,84):123
(49,85):134
(49,86):118
(49,87):127
(49,88):118
(49,89):126
(49,90):117
(49,91):124
(49,92):118
(49,93):127
(49,94):117
(49,95):127
(49,96):118
(49,97):120
(49,98):119
(49,99):129
(49,100):119
(49,101):128
(49,102):118
(49,103):127
(49,104):120
(49,105):127
(49,106):115
(49,107):75
(49,108):117
(49,109):118
(49,110):115
(49,111):111
(49,112):112
(49,113):121
(49,114):114
(49,115):113
(49,116):111
(49,117):117
(49,118):112
(49,119):114
(49,120):111
(49,121):113
(49,122):110
(49,123):115
(49,124):112
(49,125):111
(49,126):116
(49,127):114
(50,0):46
(50,1):55
(50,2):52
(50,3):65
(50,4):62
(50,5):63
(50,6):66
(50,7):71
(50,8):71
(50,9):75
(50,10):75
(50,11):70
(50,12):92
(50,13):78
(50,14):93
(50,15):70
(50,16):79
(50,17):77
(50,18):81
(50,19):88
(50,20):84
(50,21):62
(50,22):85
(50,23):60
(50,24):61
(50,25):53
(50,26):60
(50,27):48
(50,28):64
(50,29):59
(50,30):75
(50,31):65
(50,32):75
(50,33):98
(50,34):100
(50,35):65
(50,36):99
(50,37):56
(50,38):82
(50,39):68
(50,40):66
(50,41):50
(50,42):70
(50,43):62
(50,44):79
(50,45):53
(50,46):86
(50,47):55
(50,48):86
(50,49):55
(50,50):125
(50,51):82
(50,52):102
(50,53):66
(50,54):100
(50,55):55
(50,56):88
(50,57):43
(50,58):60
(50,59):40
(50,60):71
(50,61):87
(50,62):82
(50,63):43
(50,64):78
(50,65):96
(50,66):87
(50,67):68
(50,68):102
(50,69):67
(50,70):107
(50,71):70
(50,72):112
(50,73):69
(50,74):114
(50,75):100
(50,76):208
(50,77):99
(50,78):207
(50,79):103
(50,80):186
(50,81):126
(50,82):125
(50,83):119
(50,84):123
(50,85):118
(50,86):124
(50,87):107
(50,88):63
(50,89):71
(50,90):76
(50,91):85
(50,92):97
(50,93):97
(50,94):122
(50,95):121
(50,96):121
(50,97):121
(50,98):120
(50,99):114
(50,100):116
(50,101):118
(50,102):118
(50,103):117
(50,104):118
(50,105):118
(50,106):117
(50,107):87
(50,108):113
(50,109):120
(50,110):115
(50,111):113
(50,112):110
(50,113):113
(50,114):116
(50,115):111
(50,116):117
(50,117):110
(50,118):115
(50,119):112
(50,120):113
(50,121):111
(50,122):115
(50,123):112
(50,124):122
(50,125):109
(50,126):111
(50,127):107
(51,0):38
(51,1):16
(51,2):39
(51,3):33
(51,4):59
(51,5):26
(51,6):64
(51,7):30
(51,8):50
(51,9):27
(51,10):47
(51,11):34
(51,12):70
(51,13):43
(51,14):64
(51,15):39
(51,16):67
(51,17):40
(51,18):69
(51,19):45
(51,20):59
(51,21):34
(51,22):74
(51,23):39
(51,24):69
(51,25):40
(51,26):60
(51,27):42
(51,28):65
(51,29):46
(51,30):67
(51,31):58
(51,32):68
(51,33):55
(51,34):70
(51,35):47
(51,36):101
(51,37):51
(51,38):51
(51,39):51
(51,40):67
(51,41):43
(51,42):59
(51,43):46
(51,44):69
(51,45):39
(51,46):52
(51,47):45
(51,48):52
(51,49):44
(51,50):85
(51,51):78
(51,52):62
(51,53):48
(51,54):60
(51,55):44
(51,56):52
(51,57):37
(51,58):41
(51,59):51
(51,60):79
(51,61):53
(51,62):68
(51,63):30
(51,64):64
(51,65):48
(51,66):74
(51,67):54
(51,68):61
(51,69):47
(51,70):66
(51,71):55
(51,72):72
(51,73):57
(51,74):69
(51,75):79
(51,76):102
(51,77):76
(51,78):106
(51,79):79
(51,80):135
(51,81):133
(51,82):124
(51,83):128
(51,84):123
(51,85):131
(51,86):119
(51,87):106
(51,88):63
(51,89):53
(51,90):73
(51,91):70
(51,92):65
(51,93):96
(51,94):118
(51,95):127
(51,96):120
(51,97):124
(51,98):116
(51,99):104
(51,100):119
(51,101):122
(51,102):115
(51,103):123
(51,104):117
(51,105):121
(51,106):118
(51,107):82
(51,108):114
(51,109):115
(51,110):113
(51,111):117
(51,112):114
(51,113):119
(51,114):109
(51,115):119
(51,116):110
(51,117):120
(51,118):112
(51,119):115
(51,120):112
(51,121):116
(51,122):111
(51,123):104
(51,124):112
(51,125):108
(51,126):109
(51,127):112
(52,0):42
(52,1):41
(52,2):55
(52,3):58
(52,4):50
(52,5):48
(52,6):56
(52,7):44
(52,8):49
(52,9):42
(52,10):53
(52,11):40
(52,12):85
(52,13):58
(52,14):94
(52,15):66
(52,16):93
(52,17):63
(52,18):91
(52,19):70
(52,20):82
(52,21):47
(52,22):72
(52,23):57
(52,24):76
(52,25):56
(52,26):74
(52,27):67
(52,28):81
(52,29):65
(52,30):114
(52,31):67
(52,32):106
(52,33):85
(52,34):116
(52,35):76
(52,36):127
(52,37):91
(52,38):91
(52,39):61
(52,40):88
(52,41):57
(52,42):75
(52,43):56
(52,44):83
(52,45):56
(52,46):85
(52,47):52
(52,48):84
(52,49):58
(52,50):112
(52,51):93
(52,52):104
(52,53):59
(52,54):96
(52,55):60
(52,56):90
(52,57):40
(52,58):82
(52,59):88
(52,60):82
(52,61):93
(52,62):72
(52,63):48
(52,64):79
(52,65):76
(52,66):93
(52,67):63
(52,68):94
(52,69):62
(52,70):105
(52,71):77
(52,72):105
(52,73):77
(52,74):104
(52,75):99
(52,76):210
(52,77):116
(52,78):197
(52,79):127
(52,80):194
(52,81):124
(52,82):122
(52,83):121
(52,84):120
(52,85):115
(52,86):123
(52,87):113
(52,88):61
(52,89):56
(52,90):62
(52,91):60
(52,92):67
(52,93):88
(52,94):116
(52,95):117
(52,96):117
(52,97):114
(52,98):116
(52,99):103
(52,100):109
(52,101):112
(52,102):115
(52,103):116
(52,104):113
(52,105):115
(52,106):110
(52,107):90
(52,108):109
(52,109):107
(52,110):112
(52,111):111
(52,112):112
(52,113):110
(52,114):109
(52,115):108
(52,116):111
(52,117):110
(52,118):109
(52,119):110
(52,120):114
(52,121):106
(52,122):107
(52,123):112
(52,124):113
(52,125):104
(52,126):111
(52,127):106
(53,0):39
(53,1):23
(53,2):59
(53,3):28
(53,4):44
(53,5):32
(53,6):61
(53,7):27
(53,8):40
(53,9):21
(53,10):52
(53,11):34
(53,12):60
(53,13):34
(53,14):62
(53,15):46
(53,16):69
(53,17):53
(53,18):66
(53,19):73
(53,20):59
(53,21):34
(53,22):44
(53,23):39
(53,24):79
(53,25):37
(53,26):64
(53,27):40
(53,28):71
(53,29):53
(53,30):69
(53,31):54
(53,32):76
(53,33):67
(53,34):86
(53,35):99
(53,36):72
(53,37):59
(53,38):50
(53,39):43
(53,40):56
(53,41):41
(53,42):54
(53,43):43
(53,44):58
(53,45):42
(53,46):51
(53,47):44
(53,48):57
(53,49):37
(53,50):78
(53,51):87
(53,52):57
(53,53):49
(53,54):63
(53,55):47
(53,56):51
(53,57):37
(53,58):59
(53,59):56
(53,60):71
(53,61):61
(53,62):61
(53,63):34
(53,64):65
(53,65):55
(53,66):85
(53,67):49
(53,68):53
(53,69):46
(53,70):64
(53,71):57
(53,72):67
(53,73):45
(53,74):70
(53,75):71
(53,76):119
(53,77):99
(53,78):147
(53,79):110
(53,80):152
(53,81):131
(53,82):117
(53,83):127
(53,84):118
(53,85):127
(53,86):116
(53,87):119
(53,88):61
(53,89):45
(53,90):50
(53,91):41
(53,92):52
(53,93):73
(53,94):119
(53,95):124
(53,96):119
(53,97):121
(53,98):115
(53,99):116
(53,100):115
(53,101):123
(53,102):110
(53,103):119
(53,104):112
(53,105):120
(53,106):109
(53,107):82
(53,108):104
(53,109):108
(53,110):107
(53,111):115
(53,112):109
(53,113):111
(53,114):108
(53,115):113
(53,116):108
(53,117):113
(53,118):107
(53,119):113
(53,120):106
(53,121):110
(53,122):106
(53,123):102
(53,124):104
(53,125):108
(53,126):106
(53,127):98
(54,0):44
(54,1):32
(54,2):53
(54,3):43
(54,4):50
(54,5):53
(54,6):61
(54,7):49
(54,8):65
(54,9):55
(54,10):60
(54,11):50
(54,12):75
(54,13):70
(54,14):83
(54,15):69
(54,16):89
(54,17):72
(54,18):97
(54,19):82
(54,20):87
(54,21):56
(54,22):72
(54,23):65
(54,24):88
(54,25):66
(54,26):66
(54,27):69
(54,28):97
(54,29):69
(54,30):130
(54,31):70
(54,32):120
(54,33):99
(54,34):122
(54,35):101
(54,36):92
(54,37):51
(54,38):83
(54,39):55
(54,40):88
(54,41):62
(54,42):83
(54,43):60
(54,44):81
(54,45):53
(54,46):84
(54,47):55
(54,48):87
(54,49):57
(54,50):101
(54,51):101
(54,52):104
(54,53):64
(54,54):112
(54,55):73
(54,56):95
(54,57):44
(54,58):74
(54,59):87
(54,60):103
(54,61):93
(54,62):77
(54,63):54
(54,64):70
(54,65):97
(54,66):82
(54,67):70
(54,68):78
(54,69):69
(54,70):91
(54,71):76
(54,72):92
(54,73):84
(54,74):93
(54,75):97
(54,76):148
(54,77):126
(54,78):177
(54,79):128
(54,80):151
(54,81):123
(54,82):120
(54,83):116
(54,84):120
(54,85):114
(54,86):116
(54,87):114
(54,88):67
(54,89):59
(54,90):59
(54,91):63
(54,92):56
(54,93):65
(54,94):117
(54,95):115
(54,96):112
(54,97):112
(54,98):110
(54,99):110
(54,100):113
(54,101):112
(54,102):112
(54,103):108
(54,104):109
(54,105):111
(54,106):113
(54,107):92
(54,108):103
(54,109):111
(54,110):110
(54,111):105
(54,112):110
(54,113):110
(54,114):108
(54,115):107
(54,116):105
(54,117):109
(54,118):103
(54,119):106
(54,120):108
(54,121):101
(54,122):102
(54,123):108
(54,124):105
(54,125):109
(54,126):103
(54,127):90
(55,0):32
(55,1):17
(55,2):39
(55,3):23
(55,4):40
(55,5):24
(55,6):39
(55,7):24
(55,8):47
(55,9):41
(55,10):54
(55,11):39
(55,12):58
(55,13):52
(55,14):67
(55,15):51
(55,16):77
(55,17):49
(55,18):77
(55,19):59
(55,20):64
(55,21):44
(55,22):57
(55,23):49
(55,24):71
(55,25):49
(55,26):79
(55,27):44
(55,28):72
(55,29):50
(55,30):69
(55,31):66
(55,32):100
(55,33):90
(55,34):82
(55,35):46
(55,36):52
(55,37):46
(55,38):47
(55,39):43
(55,40):56
(55,41):42
(55,42):54
(55,43):41
(55,44):61
(55,45):49
(55,46):61
(55,47):46
(55,48):62
(55,49):41
(55,50):71
(55,51):95
(55,52):66
(55,53):50
(55,54):71
(55,55):57
(55,56):50
(55,57):31
(55,58):61
(55,59):75
(55,60):88
(55,61):70
(55,62):69
(55,63):36
(55,64):87
(55,65):45
(55,66):90
(55,67):54
(55,68):57
(55,69):41
(55,70):71
(55,71):66
(55,72):70
(55,73):62
(55,74):74
(55,75):64
(55,76):92
(55,77):80
(55,78):104
(55,79):96
(55,80):111
(55,81):119
(55,82):117
(55,83):123
(55,84):114
(55,85):123
(55,86):112
(55,87):119
(55,88):87
(55,89):54
(55,90):64
(55,91):45
(55,92):59
(55,93):58
(55,94):111
(55,95):120
(55,96):113
(55,97):120
(55,98):112
(55,99):117
(55,100):112
(55,101):112
(55,102):110
(55,103):111
(55,104):112
(55,105):112
(55,106):110
(55,107):92
(55,108):98
(55,109):103
(55,110):104
(55,111):106
(55,112):106
(55,113):95
(55,114):109
(55,115):84
(55,116):109
(55,117):98
(55,118):110
(55,119):100
(55,120):106
(55,121):93
(55,122):96
(55,123):81
(55,124):98
(55,125):61
(55,126):94
(55,127):54
(56,0):40
(56,1):32
(56,2):49
(56,3):52
(56,4):52
(56,5):52
(56,6):51
(56,7):50
(56,8):55
(56,9):60
(56,10):64
(56,11):60
(56,12):70
(56,13):56
(56,14):76
(56,15):69
(56,16):79
(56,17):60
(56,18):75
(56,19):74
(56,20):98
(56,21):70
(56,22):83
(56,23):70
(56,24):91
(56,25):69
(56,26):89
(56,27):70
(56,28):108
(56,29):65
(56,30):122
(56,31):73
(56,32):114
(56,33):87
(56,34):96
(56,35):54
(56,36):87
(56,37):53
(56,38):85
(56,39):55
(56,40):82
(56,41):61
(56,42):83
(56,43):62
(56,44):75
(56,45):64
(56,46):88
(56,47):63
(56,48):83
(56,49):50
(56,50):98
(56,51):116
(56,52):120
(56,53):72
(56,54):132
(56,55):83
(56,56):101
(56,57):45
(56,58):62
(56,59):92
(56,60):101
(56,61):96
(56,62):77
(56,63):71
(56,64):79
(56,65):85
(56,66):90
(56,67):82
(56,68):76
(56,69):65
(56,70):87
(56,71):77
(56,72):89
(56,73):83
(56,74):108
(56,75):106
(56,76):126
(56,77):110
(56,78):126
(56,79):110
(56,80):121
(56,81):111
(56,82):117
(56,83):117
(56,84):114
(56,85):114
(56,86):120
(56,87):111
(56,88):87
(56,89):84
(56,90):71
(56,91):61
(56,92):66
(56,93):73
(56,94):110
(56,95):113
(56,96):116
(56,97):110
(56,98):112
(56,99):108
(56,100):113
(56,101):105
(56,102):112
(56,103):109
(56,104):112
(56,105):105
(56,106):112
(56,107):89
(56,108):102
(56,109):109
(56,110):111
(56,111):105
(56,112):109
(56,113):110
(56,114):96
(56,115):99
(56,116):107
(56,117):105
(56,118):106
(56,119):106
(56,120):106
(56,121):105
(56,122):107
(56,123):112
(56,124):104
(56,125):106
(56,126):97
(56,127):108
(57,0):52
(57,1):30
(57,2):40
(57,3):60
(57,4):85
(57,5):70
(57,6):85
(57,7):51
(57,8):69
(57,9):65
(57,10):78
(57,11):51
(57,12):68
(57,13):54
(57,14):71
(57,15):44
(57,16):60
(57,17):36
(57,18):56
(57,19):51
(57,20):74
(57,21):41
(57,22):65
(57,23):41
(57,24):69
(57,25):36
(57,26):68
(57,27):44
(57,28):69
(57,29):58
(57,30):75
(57,31):80
(57,32):77
(57,33):65
(57,34):79
(57,35):41
(57,36):60
(57,37):44
(57,38):56
(57,39):46
(57,40):56
(57,41):43
(57,42):67
(57,43):41
(57,44):70
(57,45):43
(57,46):59
(57,47):53
(57,48):71
(57,49):45
(57,50):66
(57,51):75
(57,52):76
(57,53):56
(57,54):85
(57,55):65
(57,56):84
(57,57):41
(57,58):54
(57,59):73
(57,60):93
(57,61):65
(57,62):89
(57,63):44
(57,64):86
(57,65):45
(57,66):96
(57,67):57
(57,68):71
(57,69):47
(57,70):82
(57,71):66
(57,72):78
(57,73):61
(57,74):76
(57,75):66
(57,76):97
(57,77):107
(57,78):113
(57,79):109
(57,80):116
(57,81):121
(57,82):117
(57,83):117
(57,84):116
(57,85):116
(57,86):113
(57,87):117
(57,88):114
(57,89):101
(57,90):89
(57,91):68
(57,92):65
(57,93):78
(57,94):110
(57,95):118
(57,96):111
(57,97):107
(57,98):110
(57,99):106
(57,100):109
(57,101):93
(57,102):100
(57,103):94
(57,104):107
(57,105):90
(57,106):110
(57,107):89
(57,108):102
(57,109):84
(57,110):108
(57,111):72
(57,112):105
(57,113):73
(57,114):100
(57,115):57
(57,116):110
(57,117):63
(57,118):104
(57,119):91
(57,120):100
(57,121):75
(57,122):103
(57,123):70
(57,124):98
(57,125):58
(57,126):93
(57,127):60
(58,0):51
(58,1):51
(58,2):46
(58,3):58
(58,4):71
(58,5):73
(58,6):72
(58,7):80
(58,8):76
(58,9):80
(58,10):83
(58,11):72
(58,12):76
(58,13):80
(58,14):84
(58,15):80
(58,16):82
(58,17):73
(58,18):67
(58,19):71
(58,20):94
(58,21):62
(58,22):92
(58,23):66
(58,24):77
(58,25):71
(58,26):88
(58,27):67
(58,28):106
(58,29):96
(58,30):111
(58,31):72
(58,32):86
(58,33):98
(58,34):105
(58,35):54
(58,36):84
(58,37):66
(58,38):82
(58,39):62
(58,40):87
(58,41):55
(58,42):88
(58,43):63
(58,44):89
(58,45):67
(58,46):84
(58,47):74
(58,48):83
(58,49):79
(58,50):86
(58,51):120
(58,52):140
(58,53):103
(58,54):152
(58,55):112
(58,56):125
(58,57):70
(58,58):102
(58,59):88
(58,60):102
(58,61):96
(58,62):94
(58,63):85
(58,64):87
(58,65):90
(58,66):87
(58,67):78
(58,68):86
(58,69):73
(58,70):140
(58,71):83
(58,72):106
(58,73):85
(58,74):120
(58,75):95
(58,76):128
(58,77):101
(58,78):114
(58,79):120
(58,80):119
(58,81):114
(58,82):118
(58,83):115
(58,84):121
(58,85):111
(58,86):114
(58,87):113
(58,88):111
(58,89):108
(58,90):96
(58,91):99
(58,92):83
(58,93):86
(58,94):114
(58,95):107
(58,96):113
(58,97):111
(58,98):108
(58,99):106
(58,100):99
(58,101):94
(58,102):111
(58,103):100
(58,104):113
(58,105):113
(58,106):108
(58,107):105
(58,108):102
(58,109):93
(58,110):111
(58,111):110
(58,112):102
(58,113):103
(58,114):100
(58,115):102
(58,116):115
(58,117):98
(58,118):103
(58,119):95
(58,120):92
(58,121):98
(58,122):108
(58,123):106
(58,124):108
(58,125):90
(58,126):99
(58,127):104
(59,0):58
(59,1):25
(59,2):42
(59,3):32
(59,4):60
(59,5):55
(59,6):70
(59,7):46
(59,8):67
(59,9):54
(59,10):66
(59,11):47
(59,12):65
(59,13):48
(59,14):65
(59,15):47
(59,16):69
(59,17):38
(59,18):60
(59,19):40
(59,20):69
(59,21):44
(59,22):68
(59,23):53
(59,24):71
(59,25):30
(59,26):73
(59,27):39
(59,28):67
(59,29):52
(59,30):87
(59,31):46
(59,32):83
(59,33):78
(59,34):88
(59,35):47
(59,36):57
(59,37):40
(59,38):63
(59,39):43
(59,40):72
(59,41):48
(59,42):63
(59,43):46
(59,44):79
(59,45):47
(59,46):79
(59,47):54
(59,48):72
(59,49):60
(59,50):88
(59,51):104
(59,52):102
(59,53):99
(59,54):123
(59,55):94
(59,56):99
(59,57):63
(59,58):76
(59,59):75
(59,60):107
(59,61):74
(59,62):92
(59,63):49
(59,64):97
(59,65):57
(59,66):88
(59,67):62
(59,68):82
(59,69):60
(59,70):90
(59,71):71
(59,72):108
(59,73):72
(59,74):87
(59,75):78
(59,76):109
(59,77):80
(59,78):107
(59,79):113
(59,80):115
(59,81):108
(59,82):128
(59,83):105
(59,84):111
(59,85):81
(59,86):106
(59,87):99
(59,88):106
(59,89):95
(59,90):114
(59,91):97
(59,92):92
(59,93):75
(59,94):106
(59,95):82
(59,96):111
(59,97):87
(59,98):114
(59,99):66
(59,100):99
(59,101):103
(59,102):101
(59,103):81
(59,104):102
(59,105):67
(59,106):96
(59,107):64
(59,108):102
(59,109):66
(59,110):103
(59,111):62
(59,112):102
(59,113):68
(59,114):105
(59,115):68
(59,116):111
(59,117):68
(59,118):111
(59,119):72
(59,120):86
(59,121):70
(59,122):100
(59,123):65
(59,124):106
(59,125):63
(59,126):107
(59,127):64
(60,0):59
(60,1):43
(60,2):44
(60,3):53
(60,4):51
(60,5):69
(60,6):66
(60,7):71
(60,8):72
(60,9):69
(60,10):66
(60,11):71
(60,12):70
(60,13):67
(60,14):67
(60,15):66
(60,16):71
(60,17):64
(60,18):67
(60,19):65
(60,20):65
(60,21):82
(60,22):81
(60,23):69
(60,24):110
(60,25):77
(60,26):81
(60,27):89
(60,28):88
(60,29):76
(60,30):81
(60,31):79
(60,32):88
(60,33):100
(60,34):92
(60,35):59
(60,36):85
(60,37):66
(60,38):86
(60,39):58
(60,40):88
(60,41):67
(60,42):81
(60,43):73
(60,44):94
(60,45):79
(60,46):90
(60,47):75
(60,48):86
(60,49):87
(60,50):127
(60,51):118
(60,52):152
(60,53):115
(60,54):144
(60,55):118
(60,56):131
(60,57):114
(60,58):121
(60,59):95
(60,60):101
(60,61):107
(60,62):93
(60,63):99
(60,64):101
(60,65):87
(60,66):93
(60,67):98
(60,68):121
(60,69):104
(60,70):120
(60,71):99
(60,72):114
(60,73):112
(60,74):120
(60,75):110
(60,76):122
(60,77):118
(60,78):136
(60,79):121
(60,80):131
(60,81):114
(60,82):123
(60,83):110
(60,84):102
(60,85):97
(60,86):108
(60,87):105
(60,88):114
(60,89):105
(60,90):119
(60,91):101
(60,92):100
(60,93):94
(60,94):109
(60,95):101
(60,96):113
(60,97):107
(60,98):122
(60,99):109
(60,100):122
(60,101):118
(60,102):111
(60,103):102
(60,104):97
(60,105):108
(60,106):95
(60,107):100
(60,108):88
(60,109):105
(60,110):105
(60,111):102
(60,112):88
(60,113):104
(60,114):105
(60,115):100
(60,116):103
(60,117):111
(60,118):99
(60,119):93
(60,120):90
(60,121):105
(60,122):98
(60,123):99
(60,124):101
(60,125):106
(60,126):93
(60,127):119
(61,0):65
(61,1):44
(61,2):69
(61,3):46
(61,4):62
(61,5):45
(61,6):78
(61,7):48
(61,8):71
(61,9):52
(61,10):72
(61,11):52
(61,12):72
(61,13):46
(61,14):72
(61,15):49
(61,16):64
(61,17):55
(61,18):64
(61,19):52
(61,20):74
(61,21):48
(61,22):75
(61,23):49
(61,24):92
(61,25):47
(61,26):74
(61,27):67
(61,28):75
(61,29):47
(61,30):84
(61,31):50
(61,32):100
(61,33):82
(61,34):79
(61,35):45
(61,36):72
(61,37):56
(61,38):66
(61,39):59
(61,40):80
(61,41):48
(61,42):76
(61,43):44
(61,44):95
(61,45):53
(61,46):87
(61,47):60
(61,48):90
(61,49):89
(61,50):119
(61,51):97
(61,52):123
(61,53):101
(61,54):118
(61,55):85
(61,56):127
(61,57):84
(61,58):111
(61,59):70
(61,60):102
(61,61):65
(61,62):108
(61,63):65
(61,64):108
(61,65):62
(61,66):108
(61,67):83
(61,68):115
(61,69):90
(61,70):113
(61,71):87
(61,72):112
(61,73):81
(61,74):116
(61,75):82
(61,76):114
(61,77):84
(61,78):114
(61,79):71
(61,80):111
(61,81):88
(61,82):122
(61,83):75
(61,84):94
(61,85):62
(61,86):105
(61,87):80
(61,88):114
(61,89):77
(61,90):112
(61,91):84
(61,92):96
(61,93):77
(61,94):103
(61,95):69
(61,96):109
(61,97):82
(61,98):106
(61,99):73
(61,100):96
(61,101):83
(61,102):106
(61,103):79
(61,104):102
(61,105):70
(61,106):98
(61,107):59
(61,108):104
(61,109):64
(61,110):100
(61,111):66
(61,112):103
(61,113):59
(61,114):98
(61,115):65
(61,116):106
(61,117):65
(61,118):108
(61,119):63
(61,120):96
(61,121):62
(61,122):108
(61,123):55
(61,124):101
(61,125):61
(61,126):79
(61,127):47
(62,0):40
(62,1):57
(62,2):50
(62,3):59
(62,4):64
(62,5):60
(62,6):71
(62,7):82
(62,8):70
(62,9):72
(62,10):72
(62,11):74
(62,12):68
(62,13):70
(62,14):85
(62,15):74
(62,16):78
(62,17):82
(62,18):88
(62,19):93
(62,20):88
(62,21):90
(62,22):98
(62,23):98
(62,24):99
(62,25):86
(62,26):88
(62,27):80
(62,28):79
(62,29):75
(62,30):82
(62,31):83
(62,32):92
(62,33):100
(62,34):92
(62,35):67
(62,36):87
(62,37):74
(62,38):82
(62,39):76
(62,40):96
(62,41):85
(62,42):86
(62,43):71
(62,44):97
(62,45):94
(62,46):99
(62,47):101
(62,48):123
(62,49):106
(62,50):127
(62,51):120
(62,52):141
(62,53):124
(62,54):141
(62,55):121
(62,56):132
(62,57):114
(62,58):123
(62,59):99
(62,60):97
(62,61):108
(62,62):111
(62,63):111
(62,64):105
(62,65):103
(62,66):105
(62,67):116
(62,68):115
(62,69):111
(62,70):121
(62,71):109
(62,72):111
(62,73):111
(62,74):115
(62,75):118
(62,76):107
(62,77):113
(62,78):112
(62,79):113
(62,80):106
(62,81):114
(62,82):119
(62,83):114
(62,84):103
(62,85):100
(62,86):104
(62,87):108
(62,88):106
(62,89):112
(62,90):111
(62,91):107
(62,92):102
(62,93):102
(62,94):102
(62,95):105
(62,96):107
(62,97):106
(62,98):111
(62,99):105
(62,100):102
(62,101):108
(62,102):112
(62,103):105
(62,104):108
(62,105):121
(62,106):100
(62,107):101
(62,108):102
(62,109):97
(62,110):94
(62,111):102
(62,112):95
(62,113):101
(62,114):91
(62,115):108
(62,116):84
(62,117):108
(62,118):97
(62,119):104
(62,120):89
(62,121):106
(62,122):99
(62,123):104
(62,124):97
(62,125):114
(62,126):93
(62,127):86
(63,0):40
(63,1):23
(63,2):44
(63,3):46
(63,4):87
(63,5):47
(63,6):96
(63,7):62
(63,8):102
(63,9):57
(63,10):79
(63,11):58
(63,12):80
(63,13):49
(63,14):90
(63,15):39
(63,16):76
(63,17):56
(63,18):75
(63,19):47
(63,20):81
(63,21):45
(63,22):72
(63,23):50
(63,24):106
(63,25):49
(63,26):92
(63,27):52
(63,28):76
(63,29):43
(63,30):92
(63,31):49
(63,32):103
(63,33):64
(63,34):78
(63,35):48
(63,36):77
(63,37):56
(63,38):82
(63,39):56
(63,40):80
(63,41):65
(63,42):91
(63,43):53
(63,44):92
(63,45):67
(63,46):121
(63,47):72
(63,48):109
(63,49):90
(63,50):118
(63,51):94
(63,52):104
(63,53):83
(63,54):116
(63,55):84
(63,56):122
(63,57):76
(63,58):115
(63,59):74
(63,60):106
(63,61):74
(63,62):108
(63,63):66
(63,64):115
(63,65):66
(63,66):111
(63,67):69
(63,68):113
(63,69):82
(63,70):115
(63,71):76
(63,72):112
(63,73):76
(63,74):114
(63,75):77
(63,76):118
(63,77):79
(63,78):115
(63,79):72
(63,80):116
(63,81):67
(63,82):118
(63,83):78
(63,84):119
(63,85):64
(63,86):112
(63,87):71
(63,88):99
(63,89):78
(63,90):110
(63,91):83
(63,92):106
(63,93):75
(63,94):103
(63,95):71
(63,96):100
(63,97):69
(63,98):108
(63,99):64
(63,100):107
(63,101):61
(63,102):106
(63,103):68
(63,104):106
(63,105):64
(63,106):116
(63,107):56
(63,108):104
(63,109):59
(63,110):105
(63,111):55
(63,112):100
(63,113):60
(63,114):109
(63,115):61
(63,116):109
(63,117):58
(63,118):115
(63,119):56
(63,120):101
(63,121):58
(63,122):107
(63,123):57
(63,124):108
(63,125):64
(63,126):108
(63,127):65
(64,0):51
(64,1):44
(64,2):48
(64,3):53
(64,4):81
(64,5):94
(64,6):86
(64,7):86
(64,8):90
(64,9):108
(64,10):82
(64,11):98
(64,12):84
(64,13):81
(64,14):89
(64,15):96
(64,16):112
(64,17):96
(64,18):96
(64,19):94
(64,20):101
(64,21):88
(64,22):85
(64,23):91
(64,24):101
(64,25):98
(64,26):97
(64,27):88
(64,28):74
(64,29):77
(64,30):93
(64,31):91
(64,32):102
(64,33):102
(64,34):97
(64,35):86
(64,36):94
(64,37):89
(64,38):100
(64,39):97
(64,40):102
(64,41):110
(64,42):106
(64,43):94
(64,44):105
(64,45):115
(64,46):106
(64,47):119
(64,48):117
(64,49):119
(64,50):118
(64,51):111
(64,52):116
(64,53):104
(64,54):105
(64,55):118
(64,56):124
(64,57):124
(64,58):110
(64,59):113
(64,60):101
(64,61):117
(64,62):104
(64,63):119
(64,64):105
(64,65):118
(64,66):97
(64,67):116
(64,68):100
(64,69):117
(64,70):106
(64,71):117
(64,72):101
(64,73):121
(64,74):107
(64,75):119
(64,76):107
(64,77):119
(64,78):106
(64,79):118
(64,80):107
(64,81):122
(64,82):112
(64,83):122
(64,84):113
(64,85):112
(64,86):108
(64,87):110
(64,88):106
(64,89):109
(64,90):103
(64,91):113
(64,92):109
(64,93):112
(64,94):101
(64,95):112
(64,96):98
(64,97):111
(64,98):107
(64,99):120
(64,100):106
(64,101):103
(64,102):94
(64,103):102
(64,104):97
(64,105):121
(64,106):117
(64,107):101
(64,108):87
(64,109):95
(64,110):90
(64,111):106
(64,112):94
(64,113):110
(64,114):93
(64,115):104
(64,116):97
(64,117):111
(64,118):96
(64,119):106
(64,120):90
(64,121):98
(64,122):96
(64,123):112
(64,124):96
(64,125):118
(64,126):96
(64,127):114
(65,0):66
(65,1):26
(65,2):50
(65,3):39
(65,4):83
(65,5):55
(65,6):107
(65,7):61
(65,8):96
(65,9):69
(65,10):88
(65,11):59
(65,12):96
(65,13):70
(65,14):99
(65,15):75
(65,16):117
(65,17):61
(65,18):118
(65,19):69
(65,20):114
(65,21):60
(65,22):87
(65,23):62
(65,24):116
(65,25):62
(65,26):93
(65,27):50
(65,28):81
(65,29):65
(65,30):107
(65,31):65
(65,32):111
(65,33):78
(65,34):100
(65,35):59
(65,36):108
(65,37):69
(65,38):113
(65,39):72
(65,40):110
(65,41):74
(65,42):115
(65,43):68
(65,44):118
(65,45):80
(65,46):112
(65,47):74
(65,48):108
(65,49):69
(65,50):116
(65,51):65
(65,52):105
(65,53):69
(65,54):109
(65,55):64
(65,56):133
(65,57):67
(65,58):112
(65,59):74
(65,60):115
(65,61):65
(65,62):116
(65,63):60
(65,64):115
(65,65):61
(65,66):112
(65,67):67
(65,68):110
(65,69):77
(65,70):121
(65,71):72
(65,72):117
(65,73):71
(65,74):117
(65,75):74
(65,76):114
(65,77):67
(65,78):120
(65,79):68
(65,80):116
(65,81):71
(65,82):120
(65,83):69
(65,84):120
(65,85):65
(65,86):113
(65,87):67
(65,88):110
(65,89):65
(65,90):114
(65,91):76
(65,92):112
(65,93):74
(65,94):114
(65,95):70
(65,96):121
(65,97):68
(65,98):114
(65,99):66
(65,100):108
(65,101):62
(65,102):99
(65,103):55
(65,104):109
(65,105):65
(65,106):120
(65,107):52
(65,108):105
(65,109):53
(65,110):109
(65,111):58
(65,112):112
(65,113):61
(65,114):115
(65,115):54
(65,116):113
(65,117):60
(65,118):113
(65,119):59
(65,120):113
(65,121):56
(65,122):114
(65,123):56
(65,124):109
(65,125):60
(65,126):104
(65,127):57
(66,0):97
(66,1):82
(66,2):60
(66,3):91
(66,4):95
(66,5):120
(66,6):97
(66,7):117
(66,8):93
(66,9):112
(66,10):102
(66,11):102
(66,12):105
(66,13):112
(66,14):90
(66,15):113
(66,16):113
(66,17):108
(66,18):107
(66,19):109
(66,20):106
(66,21):115
(66,22):95
(66,23):107
(66,24):106
(66,25):111
(66,26):83
(66,27):98
(66,28):95
(66,29):98
(66,30):103
(66,31):107
(66,32):107
(66,33):122
(66,34):104
(66,35):115
(66,36):107
(66,37):115
(66,38):106
(66,39):122
(66,40):110
(66,41):121
(66,42):107
(66,43):111
(66,44):109
(66,45):109
(66,46):103
(66,47):102
(66,48):100
(66,49):119
(66,50):116
(66,51):111
(66,52):104
(66,53):114
(66,54):101
(66,55):113
(66,56):149
(66,57):132
(66,58):106
(66,59):124
(66,60):109
(66,61):120
(66,62):108
(66,63):117
(66,64):96
(66,65):111
(66,66):97
(66,67):116
(66,68):98
(66,69):114
(66,70):104
(66,71):124
(66,72):109
(66,73):123
(66,74):109
(66,75):118
(66,76):107
(66,77):110
(66,78):100
(66,79):118
(66,80):102
(66,81):122
(66,82):120
(66,83):123
(66,84):110
(66,85):115
(66,86):101
(66,87):122
(66,88):101
(66,89):109
(66,90):107
(66,91):113
(66,92):101
(66,93):117
(66,94):113
(66,95):135
(66,96):115
(66,97):112
(66,98):101
(66,99):118
(66,100):105
(66,101):120
(66,102):89
(66,103):98
(66,104):90
(66,105):114
(66,106):139
(66,107):101
(66,108):79
(66,109):107
(66,110):90
(66,111):118
(66,112):99
(66,113):113
(66,114):94
(66,115):107
(66,116):94
(66,117):111
(66,118):100
(66,119):114
(66,120):89
(66,121):111
(66,122):92
(66,123):105
(66,124):89
(66,125):118
(66,126):94
(66,127):107
(67,0):115
(67,1):59
(67,2):86
(67,3):61
(67,4):103
(67,5):75
(67,6):124
(67,7):65
(67,8):116
(67,9):71
(67,10):112
(67,11):66
(67,12):116
(67,13):72
(67,14):118
(67,15):70
(67,16):118
(67,17):65
(67,18):124
(67,19):63
(67,20):119
(67,21):67
(67,22):102
(67,23):66
(67,24):119
(67,25):61
(67,26):111
(67,27):64
(67,28):109
(67,29):82
(67,30):120
(67,31):82
(67,32):106
(67,33):77
(67,34):112
(67,35):73
(67,36):122
(67,37):70
(67,38):121
(67,39):70
(67,40):111
(67,41):67
(67,42):111
(67,43):75
(67,44):109
(67,45):66
(67,46):116
(67,47):68
(67,48):111
(67,49):65
(67,50):118
(67,51):70
(67,52):113
(67,53):65
(67,54):111
(67,55):63
(67,56):125
(67,57):66
(67,58):123
(67,59):57
(67,60):120
(67,61):61
(67,62):122
(67,63):58
(67,64):113
(67,65):50
(67,66):113
(67,67):57
(67,68):113
(67,69):53
(67,70):116
(67,71):66
(67,72):120
(67,73):70
(67,74):120
(67,75):68
(67,76):120
(67,77):62
(67,78):111
(67,79):63
(67,80):121
(67,81):67
(67,82):126
(67,83):70
(67,84):122
(67,85):68
(67,86):119
(67,87):66
(67,88):117
(67,89):60
(67,90):122
(67,91):71
(67,92):114
(67,93):61
(67,94):121
(67,95):67
(67,96):120
(67,97):61
(67,98):115
(67,99):60
(67,100):114
(67,101):61
(67,102):104
(67,103):54
(67,104):99
(67,105):53
(67,106):113
(67,107):50
(67,108):100
(67,109):43
(67,110):117
(67,111):64
(67,112):117
(67,113):61
(67,114):110
(67,115):54
(67,116):104
(67,117):57
(67,118):111
(67,119):54
(67,120):113
(67,121):52
(67,122):114
(67,123):53
(67,124):105
(67,125):55
(67,126):106
(67,127):50
(68,0):103
(68,1):109
(68,2):89
(68,3):125
(68,4):102
(68,5):123
(68,6):108
(68,7):126
(68,8):116
(68,9):121
(68,10):115
(68,11):128
(68,12):114
(68,13):115
(68,14):113
(68,15):117
(68,16):116
(68,17):112
(68,18):109
(68,19):118
(68,20):112
(68,21):131
(68,22):102
(68,23):130
(68,24):109
(68,25):124
(68,26):106
(68,27):123
(68,28):106
(68,29):115
(68,30):117
(68,31):113
(68,32):106
(68,33):117
(68,34):106
(68,35):127
(68,36):115
(68,37):118
(68,38):108
(68,39):123
(68,40):101
(68,41):114
(68,42):104
(68,43):116
(68,44):110
(68,45):110
(68,46):103
(68,47):112
(68,48):98
(68,49):120
(68,50):114
(68,51):124
(68,52):115
(68,53):110
(68,54):96
(68,55):112
(68,56):113
(68,57):123
(68,58):116
(68,59):120
(68,60):113
(68,61):123
(68,62):106
(68,63):112
(68,64):97
(68,65):123
(68,66):99
(68,67):123
(68,68):103
(68,69):114
(68,70):103
(68,71):119
(68,72):102
(68,73):122
(68,74):108
(68,75):118
(68,76):96
(68,77):111
(68,78):94
(68,79):113
(68,80):112
(68,81):126
(68,82):111
(68,83):121
(68,84):108
(68,85):122
(68,86):102
(68,87):122
(68,88):98
(68,89):113
(68,90):99
(68,91):120
(68,92):107
(68,93):118
(68,94):104
(68,95):135
(68,96):118
(68,97):112
(68,98):103
(68,99):121
(68,100):90
(68,101):118
(68,102):91
(68,103):100
(68,104):84
(68,105):105
(68,106):107
(68,107):99
(68,108):78
(68,109):96
(68,110):94
(68,111):109
(68,112):97
(68,113):116
(68,114):93
(68,115):107
(68,116):94
(68,117):110
(68,118):99
(68,119):114
(68,120):94
(68,121):108
(68,122):97
(68,123):108
(68,124):79
(68,125):104
(68,126):91
(68,127):113
(69,0):121
(69,1):72
(69,2):120
(69,3):71
(69,4):131
(69,5):69
(69,6):132
(69,7):61
(69,8):129
(69,9):69
(69,10):130
(69,11):68
(69,12):123
(69,13):66
(69,14):121
(69,15):68
(69,16):121
(69,17):61
(69,18):120
(69,19):60
(69,20):118
(69,21):71
(69,22):115
(69,23):69
(69,24):121
(69,25):65
(69,26):121
(69,27):65
(69,28):123
(69,29):77
(69,30):114
(69,31):67
(69,32):112
(69,33):74
(69,34):112
(69,35):71
(69,36):126
(69,37):63
(69,38):126
(69,39):62
(69,40):115
(69,41):63
(69,42):113
(69,43):65
(69,44):114
(69,45):63
(69,46):114
(69,47):57
(69,48):111
(69,49):66
(69,50):130
(69,51):63
(69,52):117
(69,53):60
(69,54):106
(69,55):63
(69,56):112
(69,57):80
(69,58):118
(69,59):65
(69,60):121
(69,61):68
(69,62):112
(69,63):67
(69,64):107
(69,65):59
(69,66):120
(69,67):70
(69,68):113
(69,69):53
(69,70):115
(69,71):57
(69,72):106
(69,73):58
(69,74):112
(69,75):67
(69,76):112
(69,77):57
(69,78):114
(69,79):64
(69,80):118
(69,81):66
(69,82):121
(69,83):72
(69,84):123
(69,85):68
(69,86):117
(69,87):62
(69,88):119
(69,89):62
(69,90):113
(69,91):70
(69,92):117
(69,93):64
(69,94):116
(69,95):79
(69,96):118
(69,97):67
(69,98):118
(69,99):65
(69,100):105
(69,101):56
(69,102):100
(69,103):50
(69,104):97
(69,105):59
(69,106):136
(69,107):62
(69,108):98
(69,109):54
(69,110):103
(69,111):54
(69,112):114
(69,113):60
(69,114):102
(69,115):50
(69,116):108
(69,117):52
(69,118):109
(69,119):49
(69,120):96
(69,121):49
(69,122):105
(69,123):47
(69,124):84
(69,125):50
(69,126):104
(69,127):49
(70,0):109
(70,1):113
(70,2):85
(70,3):88
(70,4):88
(70,5):114
(70,6):140
(70,7):118
(70,8):91
(70,9):127
(70,10):109
(70,11):117
(70,12):112
(70,13):128
(70,14):82
(70,15):119
(70,16):105
(70,17):86
(70,18):110
(70,19):115
(70,20):111
(70,21):131
(70,22):94
(70,23):95
(70,24):107
(70,25):121
(70,26):101
(70,27):117
(70,28):109
(70,29):116
(70,30):96
(70,31):111
(70,32):108
(70,33):87
(70,34):110
(70,35):121
(70,36):83
(70,37):123
(70,38):109
(70,39):120
(70,40):94
(70,41):117
(70,42):103
(70,43):87
(70,44):101
(70,45):118
(70,46):98
(70,47):85
(70,48):77
(70,49):112
(70,50):113
(70,51):125
(70,52):82
(70,53):86
(70,54):101
(70,55):112
(70,56):106
(70,57):131
(70,58):79
(70,59):117
(70,60):97
(70,61):91
(70,62):105
(70,63):127
(70,64):92
(70,65):108
(70,66):71
(70,67):115
(70,68):94
(70,69):105
(70,70):95
(70,71):117
(70,72):90
(70,73):112
(70,74):106
(70,75):123
(70,76):98
(70,77):114
(70,78):99
(70,79):122
(70,80):103
(70,81):132
(70,82):106
(70,83):94
(70,84):107
(70,85):123
(70,86):102
(70,87):118
(70,88):90
(70,89):110
(70,90):98
(70,91):87
(70,92):77
(70,93):121
(70,94):104
(70,95):124
(70,96):82
(70,97):115
(70,98):108
(70,99):120
(70,100):84
(70,101):113
(70,102):103
(70,103):102
(70,104):78
(70,105):106
(70,106):128
(70,107):76
(70,108):81
(70,109):99
(70,110):97
(70,111):107
(70,112):87
(70,113):100
(70,114):77
(70,115):95
(70,116):78
(70,117):96
(70,118):80
(70,119):91
(70,120):66
(70,121):82
(70,122):76
(70,123):89
(70,124):69
(70,125):84
(70,126):72
(70,127):92
(71,0):58
(71,1):55
(71,2):114
(71,3):83
(71,4):138
(71,5):59
(71,6):101
(71,7):56
(71,8):134
(71,9):64
(71,10):124
(71,11):71
(71,12):126
(71,13):66
(71,14):128
(71,15):56
(71,16):116
(71,17):69
(71,18):117
(71,19):48
(71,20):119
(71,21):64
(71,22):113
(71,23):61
(71,24):126
(71,25):48
(71,26):91
(71,27):66
(71,28):117
(71,29):65
(71,30):111
(71,31):63
(71,32):117
(71,33):51
(71,34):115
(71,35):68
(71,36):88
(71,37):64
(71,38):114
(71,39):61
(71,40):108
(71,41):60
(71,42):114
(71,43):65
(71,44):107
(71,45):61
(71,46):85
(71,47):66
(71,48):120
(71,49):60
(71,50):127
(71,51):56
(71,52):121
(71,53):68
(71,54):105
(71,55):55
(71,56):108
(71,57):50
(71,58):121
(71,59):65
(71,60):117
(71,61):69
(71,62):116
(71,63):70
(71,64):119
(71,65):50
(71,66):86
(71,67):66
(71,68):107
(71,69):49
(71,70):101
(71,71):39
(71,72):117
(71,73):52
(71,74):113
(71,75):61
(71,76):110
(71,77):58
(71,78):117
(71,79):63
(71,80):120
(71,81):72
(71,82):120
(71,83):61
(71,84):119
(71,85):59
(71,86):110
(71,87):67
(71,88):101
(71,89):56
(71,90):103
(71,91):64
(71,92):82
(71,93):64
(71,94):111
(71,95):66
(71,96):119
(71,97):55
(71,98):118
(71,99):56
(71,100):100
(71,101):50
(71,102):96
(71,103):45
(71,104):79
(71,105):46
(71,106):97
(71,107):37
(71,108):86
(71,109):43
(71,110):85
(71,111):41
(71,112):87
(71,113):39
(71,114):77
(71,115):39
(71,116):75
(71,117):40
(71,118):76
(71,119):32
(71,120):64
(71,121):31
(71,122):65
(71,123):36
(71,124):61
(71,125):33
(71,126):63
(71,127):35
