(0,0): 51 (53)
(0,1): 76 (80)
(0,2): 94 (99)
(0,3): 113 (121)
(0,4): 107 (111)
(0,5): 115 (122)
(0,6): 110 (113)
(0,7): 120 (127)
(0,8): 112 (116)
(0,9): 130 (131)
(0,10): 112 (116)
(0,11): 134 (136)
(0,12): 112 (115)
(0,13): 136 (137)
(0,14): 118 (122)
(0,15): 133 (132)
(0,16): 119 (124)
(0,17): 135 (135)
(0,18): 116 (120)
(0,19): 136 (137)
(0,20): 110 (112)
(0,21): 134 (135)
(0,22): 113 (117)
(0,23): 135 (136)
(0,24): 116 (120)
(0,25): 136 (137)
(0,26): 116 (120)
(0,27): 137 (137)
(0,28): 117 (121)
(0,29): 136 (136)
(0,30): 117 (121)
(0,31): 136 (137)
(0,32): 113 (117)
(0,33): 134 (134)
(0,34): 110 (113)
(0,35): 119 (126)
(0,36): 114 (118)
(0,37): 129 (129)
(0,38): 111 (114)
(0,39): 130 (130)
(0,40): 113 (117)
(0,41): 121 (127)
(0,42): 115 (119)
(0,43): 132 (132)
(0,44): 115 (119)
(0,45): 135 (135)
(0,46): 114 (118)
(0,47): 134 (134)
(0,48): 113 (117)
(0,49): 130 (130)
(0,50): 110 (114)
(0,51): 117 (124)
(0,52): 106 (109)
(0,53): 118 (125)
(0,54): 110 (114)
(0,55): 116 (122)
(0,56): 110 (114)
(0,57): 119 (126)
(0,58): 108 (111)
(0,59): 128 (128)
(0,60): 111 (115)
(0,61): 118 (125)
(0,62): 111 (114)
(0,63): 115 (121)
(0,64): 107 (110)
(0,65): 117 (124)
(0,66): 108 (112)
(0,67): 119 (126)
(0,68): 108 (112)
(0,69): 115 (123)
(0,70): 100 (102)
(0,71): 112 (118)
(0,72): 108 (111)
(0,73): 116 (123)
(0,74): 110 (113)
(0,75): 119 (126)
(0,76): 110 (113)
(0,77): 117 (124)
(0,78): 110 (113)
(0,79): 114 (120)
(0,80): 110 (113)
(0,81): 117 (123)
(0,82): 110 (113)
(0,83): 118 (125)
(0,84): 110 (113)
(0,85): 117 (124)
(0,86): 110 (114)
(0,87): 119 (126)
(0,88): 110 (114)
(0,89): 120 (127)
(0,90): 110 (114)
(0,91): 120 (127)
(0,92): 110 (114)
(0,93): 119 (126)
(0,94): 110 (113)
(0,95): 118 (125)
(0,96): 110 (113)
(0,97): 118 (125)
(0,98): 109 (112)
(0,99): 117 (124)
(0,100): 108 (111)
(0,101): 116 (123)
(0,102): 108 (111)
(0,103): 116 (123)
(0,104): 107 (110)
(0,105): 115 (122)
(0,106): 107 (110)
(0,107): 114 (121)
(0,108): 106 (109)
(0,109): 113 (120)
(0,110): 105 (108)
(0,111): 112 (119)
(0,112): 104 (107)
(0,113): 110 (117)
(0,114): 102 (105)
(0,115): 108 (114)
(0,116): 99 (102)
(0,117): 102 (108)
(0,118): 90 (93)
(0,119): 96 (102)
(0,120): 86 (88)
(0,121): 90 (95)
(0,122): 81 (83)
(0,123): 85 (90)
(0,124): 78 (81)
(0,125): 79 (84)
(0,126): 70 (75)
(0,127): 54 (58)
(1,0): 75 (79)
(1,1): 99 (101)
(1,2): 119 (121)
(1,3): 133 (136)
(1,4): 130 (130)
(1,5): 134 (135)
(1,6): 133 (133)
(1,7): 139 (141)
(1,8): 136 (135)
(1,9): 140 (142)
(1,10): 132 (129)
(1,11): 142 (144)
(1,12): 136 (134)
(1,13): 147 (149)
(1,14): 139 (137)
(1,15): 149 (151)
(1,16): 145 (145)
(1,17): 151 (153)
(1,18): 144 (144)
(1,19): 150 (152)
(1,20): 138 (136)
(1,21): 142 (143)
(1,22): 134 (131)
(1,23): 147 (149)
(1,24): 140 (139)
(1,25): 150 (152)
(1,26): 138 (135)
(1,27): 150 (152)
(1,28): 143 (142)
(1,29): 150 (152)
(1,30): 143 (142)
(1,31): 149 (151)
(1,32): 138 (135)
(1,33): 149 (151)
(1,34): 140 (139)
(1,35): 147 (149)
(1,36): 142 (142)
(1,37): 144 (145)
(1,38): 141 (140)
(1,39): 148 (150)
(1,40): 144 (143)
(1,41): 148 (150)
(1,42): 144 (143)
(1,43): 149 (151)
(1,44): 142 (142)
(1,45): 149 (151)
(1,46): 141 (140)
(1,47): 146 (148)
(1,48): 135 (133)
(1,49): 144 (146)
(1,50): 137 (136)
(1,51): 142 (144)
(1,52): 134 (132)
(1,53): 142 (144)
(1,54): 138 (138)
(1,55): 142 (144)
(1,56): 139 (139)
(1,57): 144 (146)
(1,58): 138 (137)
(1,59): 144 (146)
(1,60): 139 (139)
(1,61): 143 (145)
(1,62): 136 (135)
(1,63): 138 (140)
(1,64): 126 (125)
(1,65): 135 (136)
(1,66): 132 (131)
(1,67): 139 (141)
(1,68): 132 (132)
(1,69): 134 (134)
(1,70): 125 (124)
(1,71): 137 (139)
(1,72): 135 (135)
(1,73): 141 (143)
(1,74): 138 (137)
(1,75): 141 (144)
(1,76): 138 (137)
(1,77): 141 (143)
(1,78): 137 (136)
(1,79): 140 (142)
(1,80): 138 (137)
(1,81): 141 (144)
(1,82): 138 (137)
(1,83): 141 (143)
(1,84): 135 (134)
(1,85): 138 (140)
(1,86): 136 (135)
(1,87): 142 (144)
(1,88): 138 (137)
(1,89): 144 (146)
(1,90): 138 (138)
(1,91): 144 (146)
(1,92): 138 (138)
(1,93): 142 (144)
(1,94): 137 (136)
(1,95): 141 (143)
(1,96): 135 (134)
(1,97): 140 (142)
(1,98): 134 (133)
(1,99): 140 (142)
(1,100): 134 (133)
(1,101): 139 (141)
(1,102): 134 (133)
(1,103): 139 (141)
(1,104): 134 (133)
(1,105): 137 (139)
(1,106): 133 (132)
(1,107): 136 (138)
(1,108): 132 (131)
(1,109): 135 (137)
(1,110): 131 (131)
(1,111): 134 (136)
(1,112): 129 (129)
(1,113): 132 (134)
(1,114): 124 (126)
(1,115): 127 (129)
(1,116): 118 (120)
(1,117): 115 (117)
(1,118): 109 (109)
(1,119): 107 (109)
(1,120): 102 (102)
(1,121): 102 (103)
(1,122): 100 (101)
(1,123): 98 (100)
(1,124): 95 (96)
(1,125): 91 (93)
(1,126): 84 (86)
(1,127): 69 (73)
(2,0): 94 (99)
(2,1): 119 (122)
(2,2): 133 (134)
(2,3): 138 (141)
(2,4): 140 (141)
(2,5): 142 (143)
(2,6): 143 (144)
(2,7): 146 (148)
(2,8): 146 (147)
(2,9): 149 (152)
(2,10): 149 (150)
(2,11): 153 (157)
(2,12): 154 (157)
(2,13): 156 (159)
(2,14): 156 (158)
(2,15): 157 (160)
(2,16): 156 (158)
(2,17): 157 (159)
(2,18): 156 (157)
(2,19): 157 (159)
(2,20): 155 (156)
(2,21): 156 (158)
(2,22): 153 (153)
(2,23): 157 (160)
(2,24): 157 (158)
(2,25): 158 (161)
(2,26): 156 (156)
(2,27): 158 (161)
(2,28): 157 (159)
(2,29): 159 (161)
(2,30): 158 (159)
(2,31): 158 (161)
(2,32): 156 (157)
(2,33): 159 (161)
(2,34): 159 (161)
(2,35): 159 (161)
(2,36): 158 (159)
(2,37): 157 (159)
(2,38): 157 (159)
(2,39): 159 (161)
(2,40): 158 (160)
(2,41): 159 (161)
(2,42): 158 (160)
(2,43): 158 (160)
(2,44): 156 (158)
(2,45): 157 (159)
(2,46): 155 (156)
(2,47): 155 (158)
(2,48): 152 (153)
(2,49): 154 (156)
(2,50): 153 (154)
(2,51): 154 (156)
(2,52): 153 (154)
(2,53): 153 (155)
(2,54): 153 (155)
(2,55): 153 (155)
(2,56): 153 (154)
(2,57): 153 (155)
(2,58): 152 (154)
(2,59): 152 (154)
(2,60): 151 (152)
(2,61): 150 (152)
(2,62): 150 (151)
(2,63): 149 (151)
(2,64): 147 (147)
(2,65): 148 (149)
(2,66): 148 (149)
(2,67): 149 (151)
(2,68): 147 (148)
(2,69): 147 (148)
(2,70): 147 (148)
(2,71): 149 (151)
(2,72): 150 (152)
(2,73): 151 (152)
(2,74): 151 (152)
(2,75): 152 (153)
(2,76): 152 (153)
(2,77): 152 (153)
(2,78): 152 (154)
(2,79): 153 (154)
(2,80): 153 (154)
(2,81): 153 (154)
(2,82): 153 (154)
(2,83): 152 (154)
(2,84): 151 (152)
(2,85): 151 (152)
(2,86): 152 (153)
(2,87): 152 (154)
(2,88): 153 (154)
(2,89): 153 (154)
(2,90): 153 (154)
(2,91): 153 (154)
(2,92): 152 (154)
(2,93): 152 (154)
(2,94): 151 (152)
(2,95): 151 (153)
(2,96): 150 (151)
(2,97): 150 (152)
(2,98): 149 (150)
(2,99): 149 (151)
(2,100): 149 (150)
(2,101): 149 (150)
(2,102): 148 (149)
(2,103): 148 (150)
(2,104): 148 (149)
(2,105): 147 (149)
(2,106): 146 (147)
(2,107): 144 (146)
(2,108): 143 (144)
(2,109): 141 (143)
(2,110): 140 (141)
(2,111): 139 (141)
(2,112): 139 (140)
(2,113): 137 (139)
(2,114): 136 (137)
(2,115): 133 (134)
(2,116): 129 (129)
(2,117): 127 (128)
(2,118): 126 (127)
(2,119): 123 (124)
(2,120): 116 (116)
(2,121): 114 (114)
(2,122): 112 (113)
(2,123): 110 (111)
(2,124): 105 (107)
(2,125): 99 (100)
(2,126): 90 (92)
(2,127): 76 (80)
(3,0): 111 (119)
(3,1): 131 (134)
(3,2): 136 (138)
(3,3): 140 (142)
(3,4): 142 (143)
(3,5): 143 (144)
(3,6): 144 (145)
(3,7): 146 (147)
(3,8): 147 (148)
(3,9): 149 (150)
(3,10): 150 (151)
(3,11): 152 (152)
(3,12): 153 (154)
(3,13): 155 (156)
(3,14): 156 (157)
(3,15): 156 (157)
(3,16): 157 (158)
(3,17): 158 (159)
(3,18): 157 (158)
(3,19): 158 (159)
(3,20): 158 (159)
(3,21): 158 (160)
(3,22): 158 (159)
(3,23): 159 (161)
(3,24): 159 (160)
(3,25): 160 (161)
(3,26): 159 (160)
(3,27): 160 (161)
(3,28): 159 (160)
(3,29): 160 (161)
(3,30): 159 (160)
(3,31): 160 (162)
(3,32): 160 (161)
(3,33): 161 (162)
(3,34): 161 (162)
(3,35): 161 (162)
(3,36): 161 (162)
(3,37): 161 (162)
(3,38): 160 (161)
(3,39): 161 (162)
(3,40): 160 (161)
(3,41): 160 (161)
(3,42): 160 (161)
(3,43): 160 (161)
(3,44): 158 (159)
(3,45): 158 (159)
(3,46): 157 (158)
(3,47): 157 (158)
(3,48): 156 (157)
(3,49): 156 (157)
(3,50): 156 (157)
(3,51): 157 (158)
(3,52): 156 (157)
(3,53): 157 (158)
(3,54): 156 (157)
(3,55): 156 (157)
(3,56): 156 (157)
(3,57): 155 (156)
(3,58): 155 (156)
(3,59): 154 (155)
(3,60): 153 (154)
(3,61): 153 (154)
(3,62): 152 (153)
(3,63): 153 (154)
(3,64): 152 (153)
(3,65): 152 (154)
(3,66): 152 (153)
(3,67): 153 (154)
(3,68): 152 (153)
(3,69): 153 (155)
(3,70): 153 (155)
(3,71): 154 (155)
(3,72): 154 (155)
(3,73): 154 (155)
(3,74): 154 (155)
(3,75): 155 (156)
(3,76): 155 (156)
(3,77): 156 (157)
(3,78): 156 (157)
(3,79): 156 (157)
(3,80): 156 (157)
(3,81): 156 (157)
(3,82): 156 (157)
(3,83): 156 (157)
(3,84): 156 (157)
(3,85): 156 (157)
(3,86): 156 (157)
(3,87): 156 (157)
(3,88): 156 (157)
(3,89): 156 (157)
(3,90): 155 (156)
(3,91): 156 (157)
(3,92): 155 (156)
(3,93): 155 (156)
(3,94): 154 (155)
(3,95): 154 (155)
(3,96): 153 (154)
(3,97): 153 (154)
(3,98): 153 (154)
(3,99): 153 (154)
(3,100): 152 (153)
(3,101): 152 (153)
(3,102): 151 (152)
(3,103): 151 (152)
(3,104): 150 (151)
(3,105): 150 (151)
(3,106): 148 (150)
(3,107): 147 (148)
(3,108): 145 (146)
(3,109): 143 (144)
(3,110): 142 (143)
(3,111): 141 (142)
(3,112): 140 (141)
(3,113): 139 (140)
(3,114): 137 (138)
(3,115): 135 (136)
(3,116): 134 (135)
(3,117): 135 (137)
(3,118): 135 (137)
(3,119): 133 (135)
(3,120): 128 (130)
(3,121): 123 (124)
(3,122): 120 (121)
(3,123): 117 (119)
(3,124): 114 (115)
(3,125): 105 (107)
(3,126): 94 (96)
(3,127): 77 (79)
(4,0): 103 (106)
(4,1): 124 (126)
(4,2): 137 (138)
(4,3): 140 (141)
(4,4): 141 (142)
(4,5): 142 (143)
(4,6): 144 (145)
(4,7): 145 (146)
(4,8): 146 (147)
(4,9): 148 (149)
(4,10): 149 (150)
(4,11): 150 (151)
(4,12): 152 (152)
(4,13): 153 (154)
(4,14): 154 (155)
(4,15): 155 (156)
(4,16): 156 (157)
(4,17): 157 (157)
(4,18): 157 (158)
(4,19): 158 (159)
(4,20): 158 (159)
(4,21): 159 (160)
(4,22): 159 (159)
(4,23): 159 (160)
(4,24): 159 (160)
(4,25): 159 (160)
(4,26): 159 (160)
(4,27): 159 (160)
(4,28): 159 (160)
(4,29): 160 (160)
(4,30): 160 (160)
(4,31): 160 (161)
(4,32): 160 (161)
(4,33): 161 (161)
(4,34): 161 (161)
(4,35): 161 (161)
(4,36): 161 (161)
(4,37): 161 (161)
(4,38): 160 (161)
(4,39): 161 (161)
(4,40): 160 (161)
(4,41): 160 (161)
(4,42): 160 (160)
(4,43): 159 (160)
(4,44): 159 (159)
(4,45): 158 (159)
(4,46): 157 (158)
(4,47): 157 (157)
(4,48): 156 (156)
(4,49): 156 (157)
(4,50): 156 (157)
(4,51): 157 (158)
(4,52): 157 (158)
(4,53): 158 (158)
(4,54): 157 (158)
(4,55): 157 (158)
(4,56): 157 (157)
(4,57): 156 (157)
(4,58): 156 (156)
(4,59): 155 (155)
(4,60): 154 (155)
(4,61): 154 (154)
(4,62): 154 (154)
(4,63): 153 (154)
(4,64): 153 (154)
(4,65): 153 (154)
(4,66): 153 (154)
(4,67): 153 (154)
(4,68): 154 (154)
(4,69): 154 (155)
(4,70): 155 (155)
(4,71): 155 (156)
(4,72): 155 (156)
(4,73): 155 (156)
(4,74): 155 (156)
(4,75): 156 (156)
(4,76): 156 (157)
(4,77): 156 (157)
(4,78): 156 (157)
(4,79): 156 (157)
(4,80): 156 (157)
(4,81): 157 (158)
(4,82): 156 (157)
(4,83): 156 (157)
(4,84): 156 (157)
(4,85): 156 (157)
(4,86): 156 (157)
(4,87): 156 (157)
(4,88): 156 (157)
(4,89): 156 (157)
(4,90): 156 (157)
(4,91): 156 (157)
(4,92): 156 (156)
(4,93): 155 (156)
(4,94): 155 (155)
(4,95): 154 (155)
(4,96): 154 (155)
(4,97): 154 (154)
(4,98): 153 (154)
(4,99): 153 (154)
(4,100): 153 (153)
(4,101): 152 (153)
(4,102): 152 (153)
(4,103): 151 (152)
(4,104): 150 (151)
(4,105): 149 (150)
(4,106): 148 (149)
(4,107): 146 (147)
(4,108): 144 (145)
(4,109): 143 (143)
(4,110): 142 (142)
(4,111): 141 (141)
(4,112): 140 (141)
(4,113): 139 (139)
(4,114): 138 (138)
(4,115): 137 (138)
(4,116): 137 (138)
(4,117): 137 (138)
(4,118): 137 (138)
(4,119): 135 (136)
(4,120): 131 (133)
(4,121): 126 (127)
(4,122): 122 (123)
(4,123): 119 (120)
(4,124): 116 (118)
(4,125): 110 (111)
(4,126): 98 (100)
(4,127): 81 (85)
(5,0): 109 (116)
(5,1): 127 (129)
(5,2): 134 (135)
(5,3): 139 (140)
(5,4): 140 (141)
(5,5): 141 (142)
(5,6): 142 (143)
(5,7): 143 (144)
(5,8): 144 (145)
(5,9): 146 (146)
(5,10): 147 (147)
(5,11): 148 (149)
(5,12): 150 (150)
(5,13): 151 (151)
(5,14): 152 (152)
(5,15): 153 (154)
(5,16): 154 (155)
(5,17): 155 (156)
(5,18): 156 (157)
(5,19): 157 (158)
(5,20): 157 (158)
(5,21): 158 (158)
(5,22): 158 (159)
(5,23): 158 (159)
(5,24): 158 (159)
(5,25): 159 (159)
(5,26): 159 (159)
(5,27): 159 (159)
(5,28): 159 (159)
(5,29): 159 (160)
(5,30): 159 (160)
(5,31): 159 (160)
(5,32): 160 (160)
(5,33): 160 (161)
(5,34): 160 (161)
(5,35): 160 (161)
(5,36): 160 (161)
(5,37): 160 (161)
(5,38): 160 (161)
(5,39): 160 (161)
(5,40): 160 (161)
(5,41): 160 (161)
(5,42): 160 (160)
(5,43): 159 (160)
(5,44): 159 (159)
(5,45): 158 (159)
(5,46): 157 (158)
(5,47): 156 (157)
(5,48): 155 (156)
(5,49): 155 (156)
(5,50): 156 (157)
(5,51): 158 (158)
(5,52): 158 (158)
(5,53): 159 (159)
(5,54): 159 (159)
(5,55): 158 (158)
(5,56): 158 (158)
(5,57): 157 (157)
(5,58): 156 (157)
(5,59): 155 (156)
(5,60): 155 (155)
(5,61): 154 (155)
(5,62): 154 (155)
(5,63): 154 (155)
(5,64): 154 (154)
(5,65): 154 (155)
(5,66): 154 (155)
(5,67): 154 (155)
(5,68): 155 (155)
(5,69): 155 (156)
(5,70): 155 (156)
(5,71): 155 (156)
(5,72): 156 (156)
(5,73): 156 (156)
(5,74): 156 (156)
(5,75): 156 (157)
(5,76): 156 (157)
(5,77): 156 (157)
(5,78): 156 (157)
(5,79): 157 (157)
(5,80): 157 (157)
(5,81): 157 (157)
(5,82): 157 (157)
(5,83): 156 (157)
(5,84): 156 (157)
(5,85): 156 (157)
(5,86): 156 (157)
(5,87): 156 (157)
(5,88): 156 (157)
(5,89): 156 (157)
(5,90): 156 (157)
(5,91): 156 (157)
(5,92): 156 (156)
(5,93): 155 (156)
(5,94): 155 (156)
(5,95): 155 (155)
(5,96): 154 (155)
(5,97): 154 (155)
(5,98): 154 (154)
(5,99): 154 (154)
(5,100): 153 (154)
(5,101): 153 (154)
(5,102): 152 (153)
(5,103): 151 (152)
(5,104): 150 (151)
(5,105): 148 (149)
(5,106): 147 (147)
(5,107): 145 (146)
(5,108): 144 (144)
(5,109): 143 (143)
(5,110): 142 (143)
(5,111): 141 (142)
(5,112): 140 (141)
(5,113): 139 (139)
(5,114): 138 (138)
(5,115): 138 (138)
(5,116): 138 (139)
(5,117): 138 (139)
(5,118): 136 (137)
(5,119): 134 (135)
(5,120): 129 (130)
(5,121): 124 (125)
(5,122): 122 (122)
(5,123): 120 (120)
(5,124): 118 (119)
(5,125): 111 (112)
(5,126): 101 (102)
(5,127): 83 (86)
(6,0): 100 (103)
(6,1): 119 (120)
(6,2): 130 (131)
(6,3): 136 (137)
(6,4): 138 (139)
(6,5): 139 (140)
(6,6): 140 (141)
(6,7): 141 (141)
(6,8): 142 (142)
(6,9): 143 (144)
(6,10): 145 (145)
(6,11): 146 (147)
(6,12): 147 (148)
(6,13): 148 (149)
(6,14): 149 (149)
(6,15): 151 (151)
(6,16): 152 (152)
(6,17): 153 (154)
(6,18): 154 (155)
(6,19): 155 (156)
(6,20): 156 (157)
(6,21): 157 (158)
(6,22): 157 (158)
(6,23): 158 (158)
(6,24): 158 (158)
(6,25): 158 (158)
(6,26): 158 (158)
(6,27): 158 (159)
(6,28): 158 (159)
(6,29): 158 (159)
(6,30): 158 (159)
(6,31): 159 (159)
(6,32): 159 (159)
(6,33): 159 (160)
(6,34): 160 (160)
(6,35): 160 (160)
(6,36): 160 (160)
(6,37): 160 (161)
(6,38): 160 (160)
(6,39): 160 (161)
(6,40): 160 (160)
(6,41): 160 (160)
(6,42): 160 (160)
(6,43): 160 (160)
(6,44): 159 (159)
(6,45): 158 (158)
(6,46): 156 (157)
(6,47): 154 (154)
(6,48): 152 (152)
(6,49): 153 (153)
(6,50): 155 (156)
(6,51): 158 (159)
(6,52): 161 (161)
(6,53): 162 (162)
(6,54): 161 (161)
(6,55): 160 (160)
(6,56): 159 (159)
(6,57): 158 (158)
(6,58): 157 (157)
(6,59): 156 (156)
(6,60): 155 (156)
(6,61): 155 (155)
(6,62): 155 (155)
(6,63): 155 (155)
(6,64): 155 (155)
(6,65): 155 (155)
(6,66): 155 (155)
(6,67): 155 (155)
(6,68): 155 (156)
(6,69): 156 (156)
(6,70): 156 (156)
(6,71): 156 (156)
(6,72): 156 (157)
(6,73): 156 (156)
(6,74): 156 (157)
(6,75): 156 (157)
(6,76): 156 (157)
(6,77): 156 (157)
(6,78): 156 (157)
(6,79): 156 (157)
(6,80): 156 (157)
(6,81): 156 (157)
(6,82): 156 (157)
(6,83): 156 (157)
(6,84): 156 (157)
(6,85): 156 (157)
(6,86): 156 (157)
(6,87): 156 (157)
(6,88): 156 (157)
(6,89): 156 (157)
(6,90): 156 (157)
(6,91): 156 (156)
(6,92): 156 (156)
(6,93): 155 (156)
(6,94): 155 (156)
(6,95): 155 (155)
(6,96): 155 (155)
(6,97): 154 (155)
(6,98): 154 (155)
(6,99): 154 (154)
(6,100): 153 (154)
(6,101): 153 (154)
(6,102): 152 (153)
(6,103): 151 (152)
(6,104): 149 (150)
(6,105): 147 (148)
(6,106): 145 (145)
(6,107): 143 (143)
(6,108): 142 (142)
(6,109): 142 (142)
(6,110): 142 (143)
(6,111): 141 (141)
(6,112): 140 (141)
(6,113): 139 (139)
(6,114): 138 (139)
(6,115): 137 (138)
(6,116): 137 (138)
(6,117): 136 (137)
(6,118): 135 (136)
(6,119): 131 (132)
(6,120): 126 (127)
(6,121): 122 (122)
(6,122): 120 (120)
(6,123): 120 (120)
(6,124): 119 (120)
(6,125): 115 (116)
(6,126): 105 (107)
(6,127): 87 (91)
(7,0): 101 (107)
(7,1): 117 (119)
(7,2): 128 (129)
(7,3): 134 (135)
(7,4): 135 (136)
(7,5): 136 (137)
(7,6): 138 (138)
(7,7): 139 (139)
(7,8): 140 (140)
(7,9): 141 (141)
(7,10): 143 (143)
(7,11): 144 (145)
(7,12): 146 (146)
(7,13): 147 (147)
(7,14): 148 (148)
(7,15): 148 (148)
(7,16): 150 (150)
(7,17): 151 (151)
(7,18): 152 (153)
(7,19): 154 (154)
(7,20): 155 (156)
(7,21): 156 (157)
(7,22): 157 (157)
(7,23): 157 (157)
(7,24): 157 (158)
(7,25): 157 (158)
(7,26): 158 (158)
(7,27): 158 (158)
(7,28): 158 (158)
(7,29): 158 (158)
(7,30): 158 (158)
(7,31): 158 (158)
(7,32): 158 (158)
(7,33): 158 (159)
(7,34): 159 (160)
(7,35): 160 (160)
(7,36): 160 (160)
(7,37): 161 (161)
(7,38): 161 (161)
(7,39): 161 (161)
(7,40): 161 (161)
(7,41): 161 (161)
(7,42): 161 (161)
(7,43): 160 (161)
(7,44): 159 (160)
(7,45): 157 (158)
(7,46): 154 (155)
(7,47): 149 (149)
(7,48): 145 (145)
(7,49): 146 (146)
(7,50): 152 (152)
(7,51): 162 (163)
(7,52): 170 (171)
(7,53): 171 (173)
(7,54): 170 (171)
(7,55): 165 (166)
(7,56): 161 (161)
(7,57): 159 (159)
(7,58): 158 (158)
(7,59): 157 (157)
(7,60): 157 (157)
(7,61): 156 (156)
(7,62): 156 (156)
(7,63): 156 (156)
(7,64): 156 (156)
(7,65): 156 (156)
(7,66): 156 (156)
(7,67): 156 (156)
(7,68): 156 (156)
(7,69): 156 (157)
(7,70): 156 (157)
(7,71): 156 (157)
(7,72): 156 (157)
(7,73): 156 (157)
(7,74): 156 (157)
(7,75): 156 (157)
(7,76): 156 (157)
(7,77): 156 (157)
(7,78): 156 (157)
(7,79): 156 (157)
(7,80): 156 (157)
(7,81): 156 (157)
(7,82): 156 (156)
(7,83): 156 (156)
(7,84): 156 (156)
(7,85): 156 (156)
(7,86): 156 (156)
(7,87): 156 (156)
(7,88): 156 (156)
(7,89): 156 (156)
(7,90): 156 (156)
(7,91): 156 (156)
(7,92): 155 (156)
(7,93): 155 (156)
(7,94): 155 (156)
(7,95): 155 (155)
(7,96): 154 (155)
(7,97): 154 (155)
(7,98): 154 (155)
(7,99): 154 (154)
(7,100): 153 (154)
(7,101): 153 (154)
(7,102): 152 (153)
(7,103): 151 (151)
(7,104): 149 (149)
(7,105): 147 (147)
(7,106): 144 (144)
(7,107): 142 (142)
(7,108): 142 (143)
(7,109): 142 (143)
(7,110): 142 (143)
(7,111): 141 (142)
(7,112): 141 (142)
(7,113): 139 (140)
(7,114): 138 (139)
(7,115): 136 (137)
(7,116): 135 (136)
(7,117): 133 (134)
(7,118): 131 (132)
(7,119): 127 (128)
(7,120): 123 (123)
(7,121): 121 (120)
(7,122): 121 (121)
(7,123): 122 (122)
(7,124): 121 (122)
(7,125): 118 (120)
(7,126): 107 (109)
(7,127): 88 (91)
(8,0): 92 (95)
(8,1): 112 (113)
(8,2): 125 (126)
(8,3): 130 (131)
(8,4): 132 (133)
(8,5): 134 (134)
(8,6): 135 (135)
(8,7): 136 (137)
(8,8): 138 (138)
(8,9): 140 (140)
(8,10): 141 (142)
(8,11): 143 (143)
(8,12): 144 (145)
(8,13): 145 (146)
(8,14): 146 (147)
(8,15): 147 (147)
(8,16): 148 (148)
(8,17): 149 (149)
(8,18): 151 (151)
(8,19): 152 (153)
(8,20): 154 (155)
(8,21): 155 (156)
(8,22): 156 (157)
(8,23): 157 (157)
(8,24): 157 (157)
(8,25): 157 (158)
(8,26): 158 (158)
(8,27): 158 (158)
(8,28): 158 (158)
(8,29): 157 (158)
(8,30): 157 (158)
(8,31): 157 (157)
(8,32): 156 (157)
(8,33): 157 (158)
(8,34): 159 (160)
(8,35): 160 (161)
(8,36): 161 (161)
(8,37): 162 (162)
(8,38): 162 (162)
(8,39): 162 (162)
(8,40): 163 (163)
(8,41): 163 (163)
(8,42): 162 (163)
(8,43): 162 (162)
(8,44): 160 (161)
(8,45): 158 (159)
(8,46): 153 (153)
(8,47): 144 (143)
(8,48): 142 (141)
(8,49): 141 (139)
(8,50): 145 (144)
(8,51): 167 (170)
(8,52): 175 (177)
(8,53): 179 (182)
(8,54): 179 (181)
(8,55): 174 (175)
(8,56): 166 (167)
(8,57): 162 (162)
(8,58): 160 (160)
(8,59): 159 (159)
(8,60): 158 (158)
(8,61): 157 (158)
(8,62): 157 (157)
(8,63): 157 (157)
(8,64): 157 (157)
(8,65): 157 (157)
(8,66): 157 (157)
(8,67): 156 (157)
(8,68): 156 (157)
(8,69): 156 (157)
(8,70): 156 (157)
(8,71): 156 (157)
(8,72): 156 (157)
(8,73): 156 (157)
(8,74): 156 (157)
(8,75): 156 (157)
(8,76): 156 (157)
(8,77): 156 (157)
(8,78): 156 (157)
(8,79): 156 (156)
(8,80): 156 (156)
(8,81): 156 (156)
(8,82): 156 (156)
(8,83): 156 (156)
(8,84): 155 (156)
(8,85): 155 (156)
(8,86): 155 (156)
(8,87): 155 (156)
(8,88): 155 (156)
(8,89): 155 (156)
(8,90): 155 (156)
(8,91): 155 (156)
(8,92): 155 (156)
(8,93): 155 (156)
(8,94): 155 (155)
(8,95): 154 (155)
(8,96): 154 (155)
(8,97): 154 (154)
(8,98): 154 (154)
(8,99): 153 (154)
(8,100): 153 (154)
(8,101): 152 (153)
(8,102): 151 (152)
(8,103): 150 (151)
(8,104): 148 (149)
(8,105): 146 (147)
(8,106): 144 (144)
(8,107): 142 (142)
(8,108): 142 (142)
(8,109): 142 (142)
(8,110): 142 (143)
(8,111): 141 (142)
(8,112): 141 (142)
(8,113): 139 (140)
(8,114): 137 (138)
(8,115): 133 (133)
(8,116): 131 (131)
(8,117): 130 (130)
(8,118): 128 (128)
(8,119): 124 (124)
(8,120): 122 (121)
(8,121): 123 (123)
(8,122): 124 (125)
(8,123): 124 (125)
(8,124): 123 (124)
(8,125): 120 (121)
(8,126): 113 (116)
(8,127): 96 (102)
(9,0): 95 (101)
(9,1): 111 (113)
(9,2): 121 (122)
(9,3): 127 (128)
(9,4): 129 (129)
(9,5): 131 (131)
(9,6): 132 (133)
(9,7): 134 (135)
(9,8): 137 (137)
(9,9): 139 (139)
(9,10): 140 (141)
(9,11): 142 (142)
(9,12): 143 (143)
(9,13): 144 (144)
(9,14): 144 (145)
(9,15): 145 (145)
(9,16): 146 (146)
(9,17): 147 (147)
(9,18): 149 (149)
(9,19): 151 (151)
(9,20): 152 (153)
(9,21): 154 (154)
(9,22): 155 (156)
(9,23): 156 (157)
(9,24): 157 (158)
(9,25): 158 (158)
(9,26): 158 (159)
(9,27): 158 (159)
(9,28): 158 (159)
(9,29): 157 (158)
(9,30): 156 (157)
(9,31): 155 (156)
(9,32): 154 (155)
(9,33): 154 (155)
(9,34): 157 (158)
(9,35): 160 (161)
(9,36): 163 (164)
(9,37): 165 (166)
(9,38): 166 (166)
(9,39): 167 (167)
(9,40): 166 (166)
(9,41): 166 (166)
(9,42): 165 (165)
(9,43): 164 (164)
(9,44): 163 (163)
(9,45): 161 (161)
(9,46): 156 (156)
(9,47): 147 (147)
(9,48): 140 (138)
(9,49): 140 (140)
(9,50): 133 (127)
(9,51): 157 (156)
(9,52): 174 (175)
(9,53): 179 (181)
(9,54): 180 (181)
(9,55): 177 (179)
(9,56): 172 (173)
(9,57): 166 (166)
(9,58): 162 (162)
(9,59): 161 (161)
(9,60): 160 (160)
(9,61): 159 (160)
(9,62): 159 (159)
(9,63): 159 (159)
(9,64): 158 (158)
(9,65): 158 (158)
(9,66): 158 (158)
(9,67): 157 (158)
(9,68): 157 (157)
(9,69): 157 (157)
(9,70): 157 (157)
(9,71): 157 (157)
(9,72): 156 (157)
(9,73): 156 (157)
(9,74): 156 (157)
(9,75): 156 (157)
(9,76): 156 (157)
(9,77): 156 (157)
(9,78): 156 (156)
(9,79): 156 (156)
(9,80): 155 (156)
(9,81): 155 (156)
(9,82): 155 (156)
(9,83): 155 (156)
(9,84): 155 (156)
(9,85): 155 (155)
(9,86): 155 (155)
(9,87): 155 (155)
(9,88): 155 (155)
(9,89): 155 (155)
(9,90): 155 (155)
(9,91): 154 (155)
(9,92): 154 (155)
(9,93): 154 (155)
(9,94): 154 (155)
(9,95): 154 (154)
(9,96): 153 (154)
(9,97): 153 (154)
(9,98): 153 (154)
(9,99): 153 (153)
(9,100): 152 (153)
(9,101): 151 (152)
(9,102): 150 (151)
(9,103): 149 (150)
(9,104): 147 (148)
(9,105): 146 (146)
(9,106): 144 (145)
(9,107): 143 (144)
(9,108): 142 (143)
(9,109): 141 (142)
(9,110): 141 (142)
(9,111): 141 (142)
(9,112): 140 (141)
(9,113): 137 (139)
(9,114): 133 (134)
(9,115): 130 (130)
(9,116): 129 (129)
(9,117): 128 (127)
(9,118): 126 (126)
(9,119): 124 (123)
(9,120): 125 (125)
(9,121): 127 (128)
(9,122): 127 (128)
(9,123): 127 (128)
(9,124): 126 (127)
(9,125): 121 (121)
(9,126): 107 (107)
(9,127): 88 (90)
(10,0): 86 (89)
(10,1): 104 (105)
(10,2): 116 (116)
(10,3): 122 (123)
(10,4): 125 (126)
(10,5): 128 (128)
(10,6): 130 (130)
(10,7): 133 (133)
(10,8): 135 (136)
(10,9): 138 (138)
(10,10): 139 (140)
(10,11): 141 (141)
(10,12): 142 (142)
(10,13): 142 (143)
(10,14): 143 (144)
(10,15): 144 (144)
(10,16): 144 (145)
(10,17): 145 (146)
(10,18): 147 (147)
(10,19): 149 (149)
(10,20): 151 (152)
(10,21): 153 (154)
(10,22): 154 (155)
(10,23): 155 (156)
(10,24): 156 (157)
(10,25): 157 (158)
(10,26): 158 (159)
(10,27): 158 (159)
(10,28): 158 (159)
(10,29): 157 (158)
(10,30): 155 (156)
(10,31): 151 (152)
(10,32): 146 (147)
(10,33): 142 (142)
(10,34): 144 (144)
(10,35): 154 (155)
(10,36): 164 (166)
(10,37): 168 (170)
(10,38): 171 (173)
(10,39): 173 (174)
(10,40): 175 (175)
(10,41): 174 (174)
(10,42): 173 (173)
(10,43): 171 (171)
(10,44): 169 (169)
(10,45): 166 (165)
(10,46): 162 (162)
(10,47): 155 (155)
(10,48): 144 (143)
(10,49): 150 (153)
(10,50): 139 (136)
(10,51): 168 (170)
(10,52): 177 (179)
(10,53): 179 (180)
(10,54): 180 (181)
(10,55): 178 (179)
(10,56): 176 (176)
(10,57): 170 (170)
(10,58): 165 (165)
(10,59): 163 (163)
(10,60): 162 (162)
(10,61): 162 (162)
(10,62): 161 (161)
(10,63): 161 (161)
(10,64): 161 (161)
(10,65): 160 (160)
(10,66): 159 (159)
(10,67): 159 (159)
(10,68): 158 (158)
(10,69): 157 (158)
(10,70): 157 (157)
(10,71): 157 (157)
(10,72): 156 (157)
(10,73): 156 (157)
(10,74): 156 (157)
(10,75): 156 (157)
(10,76): 156 (156)
(10,77): 156 (156)
(10,78): 155 (156)
(10,79): 155 (156)
(10,80): 155 (156)
(10,81): 155 (155)
(10,82): 155 (155)
(10,83): 155 (155)
(10,84): 154 (155)
(10,85): 154 (155)
(10,86): 154 (155)
(10,87): 154 (155)
(10,88): 154 (155)
(10,89): 154 (155)
(10,90): 154 (154)
(10,91): 154 (154)
(10,92): 153 (154)
(10,93): 153 (154)
(10,94): 153 (153)
(10,95): 152 (153)
(10,96): 152 (153)
(10,97): 152 (153)
(10,98): 152 (152)
(10,99): 151 (152)
(10,100): 151 (152)
(10,101): 150 (151)
(10,102): 149 (150)
(10,103): 148 (149)
(10,104): 146 (147)
(10,105): 145 (146)
(10,106): 143 (144)
(10,107): 142 (143)
(10,108): 141 (142)
(10,109): 140 (141)
(10,110): 140 (141)
(10,111): 138 (139)
(10,112): 136 (137)
(10,113): 132 (132)
(10,114): 129 (128)
(10,115): 129 (129)
(10,116): 129 (129)
(10,117): 129 (129)
(10,118): 128 (128)
(10,119): 128 (128)
(10,120): 129 (130)
(10,121): 129 (130)
(10,122): 129 (130)
(10,123): 129 (130)
(10,124): 129 (131)
(10,125): 125 (127)
(10,126): 114 (117)
(10,127): 97 (103)
(11,0): 89 (94)
(11,1): 102 (103)
(11,2): 112 (112)
(11,3): 119 (120)
(11,4): 123 (123)
(11,5): 125 (125)
(11,6): 128 (128)
(11,7): 131 (131)
(11,8): 134 (135)
(11,9): 137 (138)
(11,10): 139 (140)
(11,11): 140 (141)
(11,12): 141 (142)
(11,13): 141 (142)
(11,14): 142 (142)
(11,15): 142 (142)
(11,16): 143 (143)
(11,17): 144 (144)
(11,18): 146 (146)
(11,19): 148 (148)
(11,20): 150 (151)
(11,21): 152 (153)
(11,22): 153 (154)
(11,23): 154 (155)
(11,24): 156 (157)
(11,25): 157 (158)
(11,26): 158 (159)
(11,27): 158 (159)
(11,28): 157 (158)
(11,29): 156 (157)
(11,30): 152 (153)
(11,31): 144 (145)
(11,32): 134 (134)
(11,33): 127 (126)
(11,34): 126 (124)
(11,35): 142 (143)
(11,36): 159 (161)
(11,37): 168 (170)
(11,38): 175 (177)
(11,39): 180 (182)
(11,40): 185 (186)
(11,41): 186 (187)
(11,42): 187 (189)
(11,43): 186 (187)
(11,44): 184 (186)
(11,45): 181 (183)
(11,46): 176 (177)
(11,47): 167 (167)
(11,48): 154 (152)
(11,49): 150 (149)
(11,50): 140 (135)
(11,51): 161 (160)
(11,52): 175 (176)
(11,53): 179 (179)
(11,54): 180 (181)
(11,55): 180 (181)
(11,56): 179 (180)
(11,57): 176 (177)
(11,58): 173 (173)
(11,59): 171 (171)
(11,60): 170 (170)
(11,61): 169 (169)
(11,62): 169 (169)
(11,63): 169 (169)
(11,64): 168 (168)
(11,65): 166 (167)
(11,66): 164 (164)
(11,67): 161 (161)
(11,68): 159 (159)
(11,69): 158 (158)
(11,70): 157 (157)
(11,71): 157 (157)
(11,72): 156 (157)
(11,73): 156 (157)
(11,74): 156 (156)
(11,75): 155 (156)
(11,76): 155 (156)
(11,77): 155 (156)
(11,78): 155 (155)
(11,79): 154 (155)
(11,80): 154 (155)
(11,81): 154 (155)
(11,82): 154 (155)
(11,83): 154 (155)
(11,84): 154 (154)
(11,85): 153 (154)
(11,86): 153 (154)
(11,87): 153 (154)
(11,88): 153 (154)
(11,89): 153 (154)
(11,90): 153 (153)
(11,91): 152 (153)
(11,92): 152 (153)
(11,93): 152 (152)
(11,94): 151 (152)
(11,95): 151 (151)
(11,96): 151 (151)
(11,97): 151 (151)
(11,98): 150 (151)
(11,99): 150 (150)
(11,100): 149 (150)
(11,101): 149 (149)
(11,102): 148 (148)
(11,103): 147 (147)
(11,104): 145 (146)
(11,105): 143 (144)
(11,106): 142 (142)
(11,107): 141 (141)
(11,108): 140 (141)
(11,109): 139 (140)
(11,110): 137 (138)
(11,111): 134 (134)
(11,112): 129 (129)
(11,113): 127 (126)
(11,114): 129 (128)
(11,115): 130 (130)
(11,116): 132 (132)
(11,117): 132 (133)
(11,118): 133 (134)
(11,119): 133 (134)
(11,120): 133 (134)
(11,121): 132 (133)
(11,122): 131 (132)
(11,123): 131 (132)
(11,124): 130 (131)
(11,125): 126 (127)
(11,126): 108 (108)
(11,127): 90 (93)
(12,0): 82 (84)
(12,1): 99 (100)
(12,2): 110 (110)
(12,3): 117 (118)
(12,4): 121 (121)
(12,5): 123 (123)
(12,6): 126 (126)
(12,7): 129 (129)
(12,8): 133 (133)
(12,9): 136 (137)
(12,10): 139 (140)
(12,11): 140 (141)
(12,12): 140 (141)
(12,13): 140 (141)
(12,14): 140 (140)
(12,15): 140 (140)
(12,16): 141 (142)
(12,17): 143 (143)
(12,18): 144 (145)
(12,19): 146 (147)
(12,20): 148 (149)
(12,21): 150 (151)
(12,22): 152 (152)
(12,23): 153 (154)
(12,24): 154 (155)
(12,25): 155 (156)
(12,26): 156 (157)
(12,27): 157 (158)
(12,28): 155 (157)
(12,29): 152 (153)
(12,30): 144 (145)
(12,31): 133 (133)
(12,32): 124 (124)
(12,33): 115 (115)
(12,34): 110 (108)
(12,35): 125 (127)
(12,36): 136 (136)
(12,37): 157 (159)
(12,38): 171 (173)
(12,39): 182 (184)
(12,40): 190 (193)
(12,41): 191 (193)
(12,42): 193 (195)
(12,43): 193 (194)
(12,44): 193 (195)
(12,45): 191 (193)
(12,46): 189 (191)
(12,47): 186 (187)
(12,48): 181 (182)
(12,49): 181 (183)
(12,50): 174 (175)
(12,51): 172 (171)
(12,52): 179 (179)
(12,53): 180 (179)
(12,54): 181 (181)
(12,55): 182 (182)
(12,56): 184 (185)
(12,57): 184 (185)
(12,58): 185 (186)
(12,59): 183 (184)
(12,60): 182 (183)
(12,61): 180 (181)
(12,62): 180 (181)
(12,63): 179 (180)
(12,64): 178 (179)
(12,65): 177 (178)
(12,66): 174 (175)
(12,67): 167 (167)
(12,68): 161 (160)
(12,69): 159 (159)
(12,70): 157 (157)
(12,71): 156 (157)
(12,72): 156 (156)
(12,73): 155 (156)
(12,74): 155 (155)
(12,75): 154 (155)
(12,76): 154 (155)
(12,77): 154 (155)
(12,78): 154 (154)
(12,79): 154 (154)
(12,80): 154 (154)
(12,81): 153 (154)
(12,82): 153 (154)
(12,83): 153 (154)
(12,84): 153 (153)
(12,85): 152 (153)
(12,86): 152 (153)
(12,87): 152 (152)
(12,88): 152 (152)
(12,89): 152 (152)
(12,90): 151 (152)
(12,91): 151 (152)
(12,92): 151 (151)
(12,93): 150 (151)
(12,94): 150 (150)
(12,95): 150 (150)
(12,96): 150 (150)
(12,97): 149 (150)
(12,98): 149 (149)
(12,99): 149 (149)
(12,100): 148 (148)
(12,101): 147 (148)
(12,102): 147 (147)
(12,103): 145 (146)
(12,104): 144 (144)
(12,105): 142 (142)
(12,106): 140 (140)
(12,107): 139 (139)
(12,108): 138 (138)
(12,109): 136 (136)
(12,110): 133 (133)
(12,111): 129 (128)
(12,112): 126 (124)
(12,113): 129 (129)
(12,114): 132 (133)
(12,115): 134 (135)
(12,116): 135 (136)
(12,117): 136 (137)
(12,118): 136 (137)
(12,119): 136 (137)
(12,120): 135 (136)
(12,121): 134 (134)
(12,122): 133 (133)
(12,123): 131 (132)
(12,124): 130 (131)
(12,125): 125 (127)
(12,126): 112 (114)
(12,127): 93 (98)
(13,0): 85 (90)
(13,1): 100 (102)
(13,2): 110 (111)
(13,3): 116 (117)
(13,4): 119 (120)
(13,5): 121 (121)
(13,6): 124 (124)
(13,7): 127 (127)
(13,8): 130 (131)
(13,9): 135 (136)
(13,10): 138 (139)
(13,11): 139 (140)
(13,12): 139 (140)
(13,13): 138 (139)
(13,14): 138 (138)
(13,15): 138 (139)
(13,16): 139 (140)
(13,17): 141 (142)
(13,18): 143 (144)
(13,19): 145 (146)
(13,20): 146 (147)
(13,21): 148 (149)
(13,22): 149 (150)
(13,23): 151 (151)
(13,24): 152 (152)
(13,25): 153 (154)
(13,26): 154 (155)
(13,27): 154 (155)
(13,28): 152 (153)
(13,29): 144 (145)
(13,30): 134 (134)
(13,31): 124 (124)
(13,32): 111 (112)
(13,33): 99 (98)
(13,34): 97 (96)
(13,35): 100 (98)
(13,36): 107 (105)
(13,37): 131 (131)
(13,38): 157 (159)
(13,39): 175 (177)
(13,40): 188 (191)
(13,41): 191 (193)
(13,42): 194 (196)
(13,43): 194 (195)
(13,44): 195 (196)
(13,45): 194 (195)
(13,46): 193 (194)
(13,47): 192 (193)
(13,48): 190 (191)
(13,49): 190 (191)
(13,50): 188 (189)
(13,51): 185 (186)
(13,52): 184 (185)
(13,53): 184 (184)
(13,54): 185 (185)
(13,55): 185 (186)
(13,56): 187 (188)
(13,57): 188 (189)
(13,58): 189 (190)
(13,59): 188 (190)
(13,60): 188 (189)
(13,61): 188 (189)
(13,62): 187 (188)
(13,63): 187 (188)
(13,64): 186 (187)
(13,65): 185 (186)
(13,66): 183 (185)
(13,67): 178 (179)
(13,68): 170 (171)
(13,69): 162 (162)
(13,70): 158 (158)
(13,71): 157 (157)
(13,72): 155 (155)
(13,73): 154 (155)
(13,74): 154 (154)
(13,75): 153 (154)
(13,76): 153 (153)
(13,77): 153 (154)
(13,78): 153 (153)
(13,79): 153 (153)
(13,80): 153 (153)
(13,81): 153 (153)
(13,82): 152 (153)
(13,83): 152 (152)
(13,84): 152 (152)
(13,85): 152 (152)
(13,86): 151 (151)
(13,87): 151 (151)
(13,88): 151 (151)
(13,89): 151 (151)
(13,90): 150 (151)
(13,91): 150 (150)
(13,92): 150 (150)
(13,93): 149 (150)
(13,94): 149 (149)
(13,95): 149 (149)
(13,96): 149 (149)
(13,97): 149 (149)
(13,98): 149 (149)
(13,99): 148 (148)
(13,100): 148 (148)
(13,101): 147 (147)
(13,102): 146 (146)
(13,103): 145 (145)
(13,104): 143 (143)
(13,105): 141 (141)
(13,106): 140 (140)
(13,107): 139 (139)
(13,108): 137 (137)
(13,109): 134 (134)
(13,110): 130 (129)
(13,111): 128 (126)
(13,112): 130 (130)
(13,113): 135 (136)
(13,114): 137 (138)
(13,115): 138 (139)
(13,116): 139 (139)
(13,117): 139 (139)
(13,118): 139 (139)
(13,119): 138 (139)
(13,120): 137 (137)
(13,121): 135 (136)
(13,122): 134 (134)
(13,123): 132 (133)
(13,124): 129 (130)
(13,125): 123 (124)
(13,126): 110 (111)
(13,127): 92 (95)
(14,0): 81 (83)
(14,1): 100 (101)
(14,2): 111 (112)
(14,3): 116 (117)
(14,4): 117 (118)
(14,5): 119 (120)
(14,6): 122 (122)
(14,7): 124 (125)
(14,8): 128 (129)
(14,9): 132 (133)
(14,10): 135 (136)
(14,11): 136 (137)
(14,12): 136 (137)
(14,13): 135 (136)
(14,14): 135 (136)
(14,15): 136 (136)
(14,16): 137 (138)
(14,17): 139 (140)
(14,18): 141 (141)
(14,19): 142 (143)
(14,20): 144 (145)
(14,21): 146 (146)
(14,22): 147 (148)
(14,23): 149 (149)
(14,24): 150 (150)
(14,25): 150 (151)
(14,26): 151 (152)
(14,27): 149 (150)
(14,28): 144 (145)
(14,29): 135 (136)
(14,30): 125 (126)
(14,31): 111 (112)
(14,32): 93 (92)
(14,33): 90 (89)
(14,34): 89 (89)
(14,35): 90 (90)
(14,36): 94 (94)
(14,37): 106 (105)
(14,38): 127 (127)
(14,39): 155 (157)
(14,40): 177 (181)
(14,41): 183 (184)
(14,42): 192 (194)
(14,43): 195 (196)
(14,44): 195 (196)
(14,45): 195 (196)
(14,46): 195 (196)
(14,47): 194 (195)
(14,48): 193 (194)
(14,49): 192 (193)
(14,50): 191 (192)
(14,51): 190 (191)
(14,52): 189 (190)
(14,53): 188 (189)
(14,54): 187 (188)
(14,55): 188 (189)
(14,56): 189 (190)
(14,57): 189 (190)
(14,58): 190 (191)
(14,59): 190 (191)
(14,60): 189 (190)
(14,61): 190 (191)
(14,62): 189 (190)
(14,63): 189 (190)
(14,64): 188 (189)
(14,65): 187 (188)
(14,66): 187 (188)
(14,67): 184 (186)
(14,68): 181 (184)
(14,69): 171 (172)
(14,70): 161 (160)
(14,71): 157 (157)
(14,72): 155 (155)
(14,73): 153 (154)
(14,74): 152 (152)
(14,75): 152 (152)
(14,76): 152 (152)
(14,77): 152 (153)
(14,78): 152 (153)
(14,79): 153 (153)
(14,80): 152 (153)
(14,81): 152 (152)
(14,82): 152 (152)
(14,83): 152 (152)
(14,84): 151 (152)
(14,85): 151 (151)
(14,86): 151 (151)
(14,87): 151 (151)
(14,88): 150 (150)
(14,89): 150 (150)
(14,90): 150 (150)
(14,91): 150 (150)
(14,92): 149 (149)
(14,93): 149 (149)
(14,94): 149 (149)
(14,95): 149 (149)
(14,96): 149 (149)
(14,97): 149 (149)
(14,98): 149 (149)
(14,99): 149 (149)
(14,100): 148 (148)
(14,101): 148 (148)
(14,102): 147 (147)
(14,103): 145 (145)
(14,104): 144 (143)
(14,105): 142 (142)
(14,106): 141 (141)
(14,107): 140 (140)
(14,108): 139 (139)
(14,109): 137 (137)
(14,110): 135 (135)
(14,111): 137 (137)
(14,112): 139 (139)
(14,113): 141 (142)
(14,114): 142 (143)
(14,115): 143 (143)
(14,116): 142 (143)
(14,117): 142 (142)
(14,118): 142 (142)
(14,119): 141 (141)
(14,120): 139 (139)
(14,121): 137 (137)
(14,122): 135 (135)
(14,123): 133 (133)
(14,124): 130 (131)
(14,125): 123 (123)
(14,126): 111 (113)
(14,127): 95 (99)
(15,0): 86 (91)
(15,1): 102 (104)
(15,2): 112 (113)
(15,3): 115 (116)
(15,4): 116 (116)
(15,5): 117 (118)
(15,6): 119 (120)
(15,7): 121 (122)
(15,8): 124 (125)
(15,9): 127 (128)
(15,10): 129 (130)
(15,11): 130 (131)
(15,12): 131 (132)
(15,13): 132 (132)
(15,14): 132 (133)
(15,15): 133 (133)
(15,16): 134 (134)
(15,17): 136 (136)
(15,18): 137 (138)
(15,19): 139 (140)
(15,20): 142 (142)
(15,21): 144 (144)
(15,22): 145 (146)
(15,23): 147 (147)
(15,24): 148 (148)
(15,25): 148 (149)
(15,26): 147 (148)
(15,27): 143 (144)
(15,28): 136 (137)
(15,29): 128 (129)
(15,30): 111 (112)
(15,31): 92 (91)
(15,32): 86 (85)
(15,33): 85 (84)
(15,34): 85 (84)
(15,35): 86 (86)
(15,36): 89 (89)
(15,37): 93 (93)
(15,38): 103 (102)
(15,39): 126 (126)
(15,40): 150 (151)
(15,41): 168 (169)
(15,42): 187 (189)
(15,43): 193 (195)
(15,44): 195 (196)
(15,45): 196 (197)
(15,46): 196 (197)
(15,47): 195 (196)
(15,48): 195 (196)
(15,49): 194 (195)
(15,50): 193 (194)
(15,51): 192 (193)
(15,52): 191 (192)
(15,53): 190 (191)
(15,54): 189 (190)
(15,55): 189 (190)
(15,56): 189 (190)
(15,57): 189 (190)
(15,58): 190 (190)
(15,59): 190 (191)
(15,60): 190 (191)
(15,61): 190 (191)
(15,62): 190 (191)
(15,63): 189 (190)
(15,64): 189 (190)
(15,65): 188 (189)
(15,66): 187 (188)
(15,67): 185 (186)
(15,68): 183 (185)
(15,69): 177 (179)
(15,70): 169 (170)
(15,71): 159 (160)
(15,72): 154 (154)
(15,73): 151 (152)
(15,74): 150 (151)
(15,75): 150 (151)
(15,76): 151 (151)
(15,77): 152 (152)
(15,78): 152 (152)
(15,79): 153 (153)
(15,80): 153 (153)
(15,81): 152 (152)
(15,82): 152 (152)
(15,83): 152 (152)
(15,84): 152 (152)
(15,85): 151 (151)
(15,86): 151 (151)
(15,87): 151 (151)
(15,88): 151 (151)
(15,89): 150 (150)
(15,90): 150 (150)
(15,91): 150 (150)
(15,92): 150 (150)
(15,93): 150 (150)
(15,94): 150 (150)
(15,95): 150 (150)
(15,96): 150 (150)
(15,97): 150 (150)
(15,98): 150 (150)
(15,99): 150 (150)
(15,100): 150 (150)
(15,101): 150 (150)
(15,102): 149 (149)
(15,103): 148 (148)
(15,104): 148 (148)
(15,105): 148 (148)
(15,106): 146 (147)
(15,107): 145 (146)
(15,108): 145 (145)
(15,109): 145 (145)
(15,110): 145 (146)
(15,111): 147 (148)
(15,112): 147 (148)
(15,113): 148 (148)
(15,114): 148 (148)
(15,115): 148 (148)
(15,116): 148 (148)
(15,117): 147 (147)
(15,118): 146 (146)
(15,119): 145 (145)
(15,120): 143 (143)
(15,121): 140 (140)
(15,122): 137 (137)
(15,123): 136 (136)
(15,124): 133 (134)
(15,125): 124 (124)
(15,126): 111 (112)
(15,127): 95 (99)
(16,0): 84 (86)
(16,1): 101 (103)
(16,2): 110 (111)
(16,3): 113 (114)
(16,4): 114 (114)
(16,5): 115 (115)
(16,6): 116 (117)
(16,7): 118 (118)
(16,8): 119 (120)
(16,9): 121 (121)
(16,10): 122 (122)
(16,11): 124 (124)
(16,12): 125 (125)
(16,13): 127 (127)
(16,14): 128 (129)
(16,15): 130 (130)
(16,16): 131 (131)
(16,17): 132 (132)
(16,18): 134 (134)
(16,19): 136 (136)
(16,20): 139 (139)
(16,21): 142 (142)
(16,22): 144 (145)
(16,23): 145 (146)
(16,24): 146 (147)
(16,25): 145 (146)
(16,26): 143 (144)
(16,27): 138 (139)
(16,28): 130 (131)
(16,29): 113 (114)
(16,30): 92 (91)
(16,31): 87 (86)
(16,32): 84 (84)
(16,33): 83 (83)
(16,34): 83 (83)
(16,35): 84 (84)
(16,36): 86 (86)
(16,37): 89 (89)
(16,38): 95 (95)
(16,39): 101 (100)
(16,40): 110 (108)
(16,41): 144 (144)
(16,42): 175 (177)
(16,43): 187 (188)
(16,44): 194 (196)
(16,45): 196 (197)
(16,46): 196 (197)
(16,47): 196 (197)
(16,48): 196 (197)
(16,49): 195 (196)
(16,50): 194 (195)
(16,51): 193 (194)
(16,52): 191 (192)
(16,53): 190 (191)
(16,54): 189 (190)
(16,55): 189 (190)
(16,56): 189 (190)
(16,57): 189 (190)
(16,58): 189 (190)
(16,59): 189 (190)
(16,60): 189 (190)
(16,61): 189 (190)
(16,62): 189 (191)
(16,63): 188 (190)
(16,64): 188 (190)
(16,65): 187 (188)
(16,66): 186 (188)
(16,67): 184 (185)
(16,68): 181 (183)
(16,69): 177 (179)
(16,70): 173 (177)
(16,71): 160 (162)
(16,72): 150 (151)
(16,73): 147 (147)
(16,74): 147 (147)
(16,75): 149 (150)
(16,76): 151 (151)
(16,77): 153 (153)
(16,78): 153 (153)
(16,79): 154 (154)
(16,80): 154 (154)
(16,81): 154 (154)
(16,82): 154 (153)
(16,83): 154 (154)
(16,84): 154 (154)
(16,85): 154 (154)
(16,86): 153 (153)
(16,87): 153 (153)
(16,88): 153 (153)
(16,89): 153 (153)
(16,90): 153 (153)
(16,91): 153 (153)
(16,92): 153 (153)
(16,93): 153 (153)
(16,94): 153 (153)
(16,95): 154 (154)
(16,96): 154 (154)
(16,97): 155 (155)
(16,98): 155 (155)
(16,99): 155 (155)
(16,100): 155 (155)
(16,101): 155 (155)
(16,102): 154 (155)
(16,103): 154 (154)
(16,104): 154 (154)
(16,105): 154 (155)
(16,106): 154 (155)
(16,107): 154 (154)
(16,108): 153 (153)
(16,109): 154 (154)
(16,110): 154 (155)
(16,111): 155 (156)
(16,112): 155 (156)
(16,113): 154 (155)
(16,114): 154 (155)
(16,115): 154 (155)
(16,116): 153 (154)
(16,117): 153 (154)
(16,118): 152 (153)
(16,119): 151 (152)
(16,120): 148 (149)
(16,121): 146 (146)
(16,122): 143 (143)
(16,123): 141 (142)
(16,124): 138 (140)
(16,125): 132 (133)
(16,126): 119 (121)
(16,127): 101 (107)
(17,0): 88 (93)
(17,1): 101 (103)
(17,2): 108 (110)
(17,3): 111 (112)
(17,4): 111 (112)
(17,5): 112 (112)
(17,6): 113 (113)
(17,7): 114 (114)
(17,8): 115 (115)
(17,9): 116 (116)
(17,10): 118 (118)
(17,11): 119 (119)
(17,12): 121 (121)
(17,13): 123 (123)
(17,14): 125 (125)
(17,15): 126 (127)
(17,16): 128 (128)
(17,17): 129 (129)
(17,18): 131 (131)
(17,19): 134 (134)
(17,20): 137 (137)
(17,21): 140 (141)
(17,22): 143 (144)
(17,23): 144 (145)
(17,24): 144 (145)
(17,25): 144 (145)
(17,26): 140 (141)
(17,27): 132 (133)
(17,28): 114 (115)
(17,29): 93 (92)
(17,30): 87 (86)
(17,31): 84 (84)
(17,32): 83 (83)
(17,33): 83 (83)
(17,34): 83 (83)
(17,35): 83 (83)
(17,36): 84 (84)
(17,37): 87 (87)
(17,38): 89 (89)
(17,39): 92 (91)
(17,40): 100 (99)
(17,41): 112 (112)
(17,42): 144 (144)
(17,43): 172 (174)
(17,44): 188 (189)
(17,45): 194 (196)
(17,46): 196 (197)
(17,47): 196 (197)
(17,48): 196 (197)
(17,49): 195 (196)
(17,50): 194 (195)
(17,51): 193 (194)
(17,52): 191 (192)
(17,53): 189 (190)
(17,54): 187 (188)
(17,55): 186 (187)
(17,56): 185 (187)
(17,57): 185 (186)
(17,58): 185 (186)
(17,59): 185 (186)
(17,60): 184 (185)
(17,61): 183 (184)
(17,62): 183 (184)
(17,63): 183 (184)
(17,64): 182 (184)
(17,65): 180 (182)
(17,66): 179 (181)
(17,67): 175 (177)
(17,68): 172 (174)
(17,69): 165 (167)
(17,70): 158 (160)
(17,71): 149 (149)
(17,72): 141 (141)
(17,73): 136 (136)
(17,74): 138 (137)
(17,75): 146 (146)
(17,76): 151 (152)
(17,77): 155 (156)
(17,78): 157 (158)
(17,79): 159 (160)
(17,80): 160 (161)
(17,81): 160 (160)
(17,82): 159 (160)
(17,83): 160 (160)
(17,84): 160 (161)
(17,85): 160 (161)
(17,86): 160 (161)
(17,87): 159 (160)
(17,88): 159 (160)
(17,89): 159 (160)
(17,90): 159 (160)
(17,91): 159 (160)
(17,92): 159 (160)
(17,93): 159 (160)
(17,94): 159 (160)
(17,95): 160 (161)
(17,96): 160 (161)
(17,97): 161 (162)
(17,98): 161 (162)
(17,99): 161 (162)
(17,100): 161 (162)
(17,101): 160 (161)
(17,102): 160 (161)
(17,103): 160 (161)
(17,104): 159 (160)
(17,105): 159 (160)
(17,106): 159 (160)
(17,107): 159 (160)
(17,108): 158 (159)
(17,109): 159 (160)
(17,110): 159 (160)
(17,111): 159 (160)
(17,112): 159 (160)
(17,113): 159 (160)
(17,114): 159 (160)
(17,115): 159 (160)
(17,116): 159 (160)
(17,117): 158 (159)
(17,118): 157 (158)
(17,119): 156 (157)
(17,120): 154 (155)
(17,121): 151 (152)
(17,122): 148 (149)
(17,123): 145 (146)
(17,124): 142 (144)
(17,125): 138 (140)
(17,126): 121 (123)
(17,127): 100 (104)
(18,0): 82 (85)
(18,1): 98 (99)
(18,2): 106 (107)
(18,3): 108 (109)
(18,4): 109 (109)
(18,5): 110 (110)
(18,6): 110 (110)
(18,7): 111 (111)
(18,8): 112 (112)
(18,9): 114 (114)
(18,10): 115 (115)
(18,11): 117 (117)
(18,12): 118 (118)
(18,13): 120 (120)
(18,14): 122 (122)
(18,15): 124 (124)
(18,16): 126 (126)
(18,17): 128 (128)
(18,18): 131 (131)
(18,19): 133 (133)
(18,20): 136 (136)
(18,21): 139 (140)
(18,22): 142 (143)
(18,23): 143 (144)
(18,24): 143 (144)
(18,25): 141 (142)
(18,26): 135 (137)
(18,27): 119 (120)
(18,28): 98 (97)
(18,29): 89 (88)
(18,30): 85 (85)
(18,31): 84 (84)
(18,32): 83 (83)
(18,33): 83 (83)
(18,34): 83 (83)
(18,35): 83 (84)
(18,36): 84 (84)
(18,37): 85 (85)
(18,38): 86 (86)
(18,39): 89 (89)
(18,40): 94 (94)
(18,41): 99 (99)
(18,42): 107 (105)
(18,43): 141 (142)
(18,44): 173 (175)
(18,45): 186 (188)
(18,46): 194 (196)
(18,47): 195 (196)
(18,48): 195 (196)
(18,49): 194 (195)
(18,50): 193 (194)
(18,51): 191 (192)
(18,52): 187 (188)
(18,53): 182 (182)
(18,54): 177 (178)
(18,55): 173 (174)
(18,56): 171 (172)
(18,57): 170 (171)
(18,58): 170 (171)
(18,59): 169 (170)
(18,60): 168 (169)
(18,61): 166 (167)
(18,62): 166 (167)
(18,63): 165 (165)
(18,64): 163 (164)
(18,65): 159 (159)
(18,66): 156 (156)
(18,67): 153 (152)
(18,68): 150 (150)
(18,69): 144 (143)
(18,70): 138 (137)
(18,71): 135 (135)
(18,72): 133 (132)
(18,73): 130 (129)
(18,74): 128 (124)
(18,75): 140 (140)
(18,76): 154 (155)
(18,77): 160 (162)
(18,78): 165 (166)
(18,79): 167 (168)
(18,80): 169 (170)
(18,81): 170 (171)
(18,82): 169 (170)
(18,83): 169 (170)
(18,84): 169 (170)
(18,85): 168 (169)
(18,86): 168 (169)
(18,87): 168 (169)
(18,88): 167 (168)
(18,89): 166 (167)
(18,90): 166 (167)
(18,91): 165 (166)
(18,92): 165 (166)
(18,93): 165 (166)
(18,94): 165 (166)
(18,95): 165 (166)
(18,96): 166 (167)
(18,97): 166 (167)
(18,98): 166 (167)
(18,99): 165 (166)
(18,100): 165 (166)
(18,101): 164 (165)
(18,102): 163 (164)
(18,103): 162 (163)
(18,104): 161 (162)
(18,105): 160 (161)
(18,106): 160 (161)
(18,107): 160 (161)
(18,108): 160 (161)
(18,109): 160 (161)
(18,110): 160 (161)
(18,111): 161 (162)
(18,112): 161 (162)
(18,113): 161 (162)
(18,114): 161 (162)
(18,115): 161 (162)
(18,116): 161 (162)
(18,117): 161 (162)
(18,118): 160 (161)
(18,119): 158 (159)
(18,120): 157 (158)
(18,121): 154 (155)
(18,122): 151 (152)
(18,123): 147 (148)
(18,124): 143 (145)
(18,125): 137 (139)
(18,126): 121 (124)
(18,127): 99 (104)
(19,0): 87 (92)
(19,1): 97 (99)
(19,2): 103 (104)
(19,3): 106 (107)
(19,4): 108 (108)
(19,5): 108 (109)
(19,6): 109 (109)
(19,7): 110 (110)
(19,8): 111 (111)
(19,9): 112 (112)
(19,10): 113 (113)
(19,11): 114 (115)
(19,12): 116 (116)
(19,13): 118 (118)
(19,14): 120 (121)
(19,15): 122 (123)
(19,16): 125 (125)
(19,17): 128 (128)
(19,18): 130 (131)
(19,19): 133 (133)
(19,20): 135 (136)
(19,21): 138 (138)
(19,22): 140 (141)
(19,23): 141 (142)
(19,24): 140 (142)
(19,25): 136 (138)
(19,26): 123 (124)
(19,27): 103 (103)
(19,28): 92 (92)
(19,29): 87 (87)
(19,30): 85 (85)
(19,31): 84 (84)
(19,32): 83 (83)
(19,33): 83 (83)
(19,34): 83 (84)
(19,35): 84 (84)
(19,36): 84 (85)
(19,37): 85 (85)
(19,38): 86 (86)
(19,39): 87 (87)
(19,40): 89 (89)
(19,41): 93 (93)
(19,42): 98 (98)
(19,43): 108 (107)
(19,44): 141 (141)
(19,45): 170 (172)
(19,46): 184 (187)
(19,47): 190 (192)
(19,48): 192 (194)
(19,49): 193 (194)
(19,50): 191 (193)
(19,51): 189 (190)
(19,52): 183 (184)
(19,53): 172 (172)
(19,54): 163 (162)
(19,55): 157 (157)
(19,56): 152 (152)
(19,57): 149 (149)
(19,58): 146 (146)
(19,59): 145 (145)
(19,60): 145 (145)
(19,61): 146 (146)
(19,62): 145 (145)
(19,63): 145 (145)
(19,64): 144 (144)
(19,65): 142 (142)
(19,66): 140 (140)
(19,67): 138 (138)
(19,68): 136 (136)
(19,69): 134 (134)
(19,70): 134 (134)
(19,71): 132 (132)
(19,72): 131 (132)
(19,73): 130 (130)
(19,74): 133 (134)
(19,75): 138 (137)
(19,76): 153 (155)
(19,77): 164 (166)
(19,78): 169 (170)
(19,79): 172 (173)
(19,80): 173 (175)
(19,81): 174 (176)
(19,82): 174 (175)
(19,83): 173 (174)
(19,84): 172 (173)
(19,85): 172 (173)
(19,86): 171 (172)
(19,87): 171 (172)
(19,88): 170 (171)
(19,89): 169 (170)
(19,90): 168 (169)
(19,91): 168 (169)
(19,92): 167 (168)
(19,93): 168 (169)
(19,94): 168 (169)
(19,95): 168 (169)
(19,96): 168 (169)
(19,97): 168 (169)
(19,98): 168 (169)
(19,99): 167 (168)
(19,100): 167 (168)
(19,101): 166 (167)
(19,102): 164 (165)
(19,103): 163 (164)
(19,104): 162 (163)
(19,105): 161 (162)
(19,106): 160 (161)
(19,107): 160 (161)
(19,108): 160 (161)
(19,109): 160 (161)
(19,110): 160 (161)
(19,111): 161 (162)
(19,112): 161 (162)
(19,113): 161 (162)
(19,114): 162 (163)
(19,115): 162 (163)
(19,116): 162 (163)
(19,117): 162 (163)
(19,118): 161 (162)
(19,119): 160 (161)
(19,120): 158 (159)
(19,121): 155 (156)
(19,122): 151 (152)
(19,123): 147 (149)
(19,124): 142 (144)
(19,125): 129 (131)
(19,126): 107 (107)
(19,127): 82 (83)
(20,0): 77 (79)
(20,1): 91 (92)
(20,2): 100 (100)
(20,3): 104 (105)
(20,4): 106 (107)
(20,5): 108 (108)
(20,6): 109 (109)
(20,7): 109 (110)
(20,8): 110 (110)
(20,9): 111 (111)
(20,10): 112 (112)
(20,11): 113 (113)
(20,12): 115 (115)
(20,13): 117 (117)
(20,14): 119 (119)
(20,15): 121 (121)
(20,16): 124 (124)
(20,17): 127 (128)
(20,18): 130 (131)
(20,19): 132 (133)
(20,20): 134 (135)
(20,21): 136 (137)
(20,22): 137 (138)
(20,23): 137 (138)
(20,24): 134 (135)
(20,25): 123 (125)
(20,26): 108 (108)
(20,27): 97 (97)
(20,28): 89 (89)
(20,29): 86 (86)
(20,30): 84 (85)
(20,31): 83 (84)
(20,32): 83 (83)
(20,33): 83 (84)
(20,34): 84 (84)
(20,35): 84 (85)
(20,36): 84 (85)
(20,37): 85 (85)
(20,38): 85 (85)
(20,39): 85 (85)
(20,40): 86 (86)
(20,41): 89 (89)
(20,42): 93 (93)
(20,43): 98 (98)
(20,44): 105 (104)
(20,45): 136 (136)
(20,46): 159 (160)
(20,47): 177 (179)
(20,48): 187 (189)
(20,49): 188 (189)
(20,50): 187 (188)
(20,51): 185 (186)
(20,52): 179 (180)
(20,53): 168 (168)
(20,54): 156 (155)
(20,55): 147 (147)
(20,56): 138 (139)
(20,57): 132 (132)
(20,58): 128 (128)
(20,59): 127 (127)
(20,60): 127 (128)
(20,61): 127 (128)
(20,62): 127 (128)
(20,63): 128 (129)
(20,64): 126 (127)
(20,65): 127 (128)
(20,66): 125 (125)
(20,67): 126 (127)
(20,68): 126 (125)
(20,69): 130 (130)
(20,70): 132 (132)
(20,71): 131 (131)
(20,72): 131 (131)
(20,73): 128 (126)
(20,74): 130 (129)
(20,75): 132 (128)
(20,76): 151 (152)
(20,77): 166 (167)
(20,78): 171 (172)
(20,79): 174 (175)
(20,80): 175 (176)
(20,81): 175 (176)
(20,82): 174 (175)
(20,83): 174 (175)
(20,84): 173 (174)
(20,85): 172 (173)
(20,86): 172 (173)
(20,87): 171 (172)
(20,88): 170 (171)
(20,89): 169 (170)
(20,90): 169 (170)
(20,91): 168 (169)
(20,92): 168 (169)
(20,93): 168 (169)
(20,94): 168 (169)
(20,95): 168 (169)
(20,96): 168 (169)
(20,97): 168 (169)
(20,98): 168 (169)
(20,99): 168 (169)
(20,100): 167 (168)
(20,101): 166 (167)
(20,102): 165 (166)
(20,103): 163 (164)
(20,104): 161 (162)
(20,105): 159 (160)
(20,106): 158 (159)
(20,107): 158 (159)
(20,108): 158 (159)
(20,109): 159 (160)
(20,110): 159 (160)
(20,111): 160 (161)
(20,112): 160 (161)
(20,113): 161 (162)
(20,114): 162 (163)
(20,115): 162 (163)
(20,116): 163 (164)
(20,117): 162 (163)
(20,118): 162 (163)
(20,119): 160 (161)
(20,120): 158 (159)
(20,121): 154 (155)
(20,122): 148 (149)
(20,123): 144 (145)
(20,124): 136 (138)
(20,125): 123 (124)
(20,126): 107 (109)
(20,127): 88 (93)
(21,0): 81 (86)
(21,1): 90 (92)
(21,2): 97 (98)
(21,3): 102 (103)
(21,4): 105 (106)
(21,5): 107 (108)
(21,6): 109 (109)
(21,7): 109 (110)
(21,8): 110 (110)
(21,9): 110 (110)
(21,10): 111 (111)
(21,11): 112 (112)
(21,12): 113 (114)
(21,13): 115 (115)
(21,14): 118 (118)
(21,15): 120 (121)
(21,16): 123 (124)
(21,17): 127 (127)
(21,18): 130 (131)
(21,19): 132 (133)
(21,20): 133 (134)
(21,21): 134 (135)
(21,22): 134 (135)
(21,23): 131 (132)
(21,24): 121 (122)
(21,25): 108 (107)
(21,26): 98 (98)
(21,27): 91 (92)
(21,28): 87 (87)
(21,29): 85 (85)
(21,30): 84 (84)
(21,31): 83 (84)
(21,32): 83 (83)
(21,33): 83 (84)
(21,34): 84 (84)
(21,35): 84 (85)
(21,36): 85 (85)
(21,37): 85 (85)
(21,38): 85 (85)
(21,39): 85 (85)
(21,40): 85 (85)
(21,41): 87 (87)
(21,42): 89 (89)
(21,43): 92 (92)
(21,44): 96 (96)
(21,45): 101 (100)
(21,46): 118 (117)
(21,47): 146 (147)
(21,48): 168 (170)
(21,49): 178 (180)
(21,50): 181 (182)
(21,51): 180 (181)
(21,52): 175 (176)
(21,53): 164 (166)
(21,54): 147 (147)
(21,55): 135 (135)
(21,56): 128 (128)
(21,57): 117 (118)
(21,58): 114 (115)
(21,59): 111 (112)
(21,60): 111 (112)
(21,61): 108 (109)
(21,62): 107 (108)
(21,63): 106 (106)
(21,64): 106 (106)
(21,65): 106 (106)
(21,66): 107 (106)
(21,67): 111 (110)
(21,68): 117 (116)
(21,69): 127 (126)
(21,70): 132 (133)
(21,71): 133 (133)
(21,72): 135 (138)
(21,73): 132 (132)
(21,74): 140 (142)
(21,75): 137 (135)
(21,76): 151 (150)
(21,77): 166 (167)
(21,78): 172 (174)
(21,79): 174 (176)
(21,80): 174 (175)
(21,81): 174 (176)
(21,82): 174 (175)
(21,83): 173 (174)
(21,84): 172 (173)
(21,85): 172 (173)
(21,86): 171 (172)
(21,87): 170 (172)
(21,88): 169 (170)
(21,89): 168 (170)
(21,90): 167 (169)
(21,91): 167 (168)
(21,92): 167 (168)
(21,93): 167 (168)
(21,94): 167 (168)
(21,95): 168 (169)
(21,96): 168 (169)
(21,97): 168 (169)
(21,98): 168 (169)
(21,99): 168 (169)
(21,100): 167 (168)
(21,101): 166 (167)
(21,102): 165 (166)
(21,103): 162 (163)
(21,104): 158 (159)
(21,105): 155 (155)
(21,106): 154 (154)
(21,107): 154 (155)
(21,108): 155 (156)
(21,109): 156 (157)
(21,110): 157 (158)
(21,111): 158 (158)
(21,112): 159 (159)
(21,113): 160 (161)
(21,114): 161 (162)
(21,115): 162 (163)
(21,116): 162 (163)
(21,117): 161 (163)
(21,118): 160 (162)
(21,119): 159 (160)
(21,120): 156 (157)
(21,121): 150 (151)
(21,122): 141 (142)
(21,123): 135 (135)
(21,124): 126 (127)
(21,125): 114 (114)
(21,126): 99 (100)
(21,127): 76 (77)
(22,0): 72 (74)
(22,1): 84 (85)
(22,2): 94 (94)
(22,3): 100 (101)
(22,4): 104 (105)
(22,5): 107 (108)
(22,6): 109 (110)
(22,7): 109 (110)
(22,8): 109 (110)
(22,9): 110 (110)
(22,10): 110 (110)
(22,11): 111 (111)
(22,12): 112 (112)
(22,13): 115 (115)
(22,14): 117 (117)
(22,15): 120 (120)
(22,16): 123 (123)
(22,17): 126 (127)
(22,18): 129 (130)
(22,19): 131 (132)
(22,20): 132 (133)
(22,21): 132 (133)
(22,22): 129 (130)
(22,23): 120 (121)
(22,24): 108 (107)
(22,25): 97 (97)
(22,26): 90 (90)
(22,27): 87 (87)
(22,28): 85 (85)
(22,29): 84 (84)
(22,30): 83 (83)
(22,31): 83 (83)
(22,32): 82 (83)
(22,33): 83 (83)
(22,34): 83 (84)
(22,35): 84 (85)
(22,36): 85 (85)
(22,37): 85 (86)
(22,38): 86 (86)
(22,39): 86 (86)
(22,40): 87 (87)
(22,41): 87 (86)
(22,42): 87 (87)
(22,43): 89 (89)
(22,44): 91 (91)
(22,45): 94 (93)
(22,46): 98 (96)
(22,47): 112 (110)
(22,48): 136 (137)
(22,49): 160 (162)
(22,50): 173 (175)
(22,51): 171 (173)
(22,52): 169 (172)
(22,53): 159 (161)
(22,54): 141 (141)
(22,55): 121 (120)
(22,56): 111 (111)
(22,57): 91 (90)
(22,58): 77 (76)
(22,59): 75 (74)
(22,60): 75 (74)
(22,61): 76 (75)
(22,62): 81 (79)
(22,63): 86 (85)
(22,64): 90 (90)
(22,65): 94 (94)
(22,66): 100 (99)
(22,67): 108 (108)
(22,68): 119 (121)
(22,69): 129 (130)
(22,70): 134 (136)
(22,71): 133 (132)
(22,72): 137 (139)
(22,73): 132 (130)
(22,74): 146 (149)
(22,75): 146 (146)
(22,76): 154 (155)
(22,77): 168 (170)
(22,78): 172 (175)
(22,79): 172 (174)
(22,80): 172 (173)
(22,81): 170 (171)
(22,82): 170 (171)
(22,83): 170 (171)
(22,84): 169 (170)
(22,85): 168 (169)
(22,86): 167 (168)
(22,87): 165 (166)
(22,88): 162 (163)
(22,89): 161 (162)
(22,90): 161 (162)
(22,91): 163 (163)
(22,92): 164 (165)
(22,93): 164 (165)
(22,94): 164 (165)
(22,95): 165 (166)
(22,96): 165 (166)
(22,97): 166 (167)
(22,98): 167 (168)
(22,99): 167 (168)
(22,100): 166 (167)
(22,101): 164 (166)
(22,102): 162 (163)
(22,103): 158 (159)
(22,104): 152 (153)
(22,105): 148 (148)
(22,106): 146 (146)
(22,107): 148 (148)
(22,108): 150 (151)
(22,109): 151 (152)
(22,110): 152 (153)
(22,111): 154 (155)
(22,112): 156 (157)
(22,113): 158 (159)
(22,114): 159 (160)
(22,115): 159 (161)
(22,116): 159 (160)
(22,117): 157 (157)
(22,118): 155 (156)
(22,119): 154 (155)
(22,120): 151 (153)
(22,121): 145 (146)
(22,122): 135 (136)
(22,123): 124 (124)
(22,124): 116 (116)
(22,125): 109 (109)
(22,126): 96 (98)
(22,127): 78 (82)
(23,0): 73 (78)
(23,1): 81 (82)
(23,2): 90 (91)
(23,3): 99 (100)
(23,4): 104 (105)
(23,5): 107 (108)
(23,6): 109 (110)
(23,7): 109 (110)
(23,8): 109 (110)
(23,9): 109 (109)
(23,10): 110 (110)
(23,11): 111 (111)
(23,12): 112 (112)
(23,13): 114 (115)
(23,14): 117 (117)
(23,15): 120 (120)
(23,16): 123 (123)
(23,17): 126 (127)
(23,18): 129 (130)
(23,19): 130 (131)
(23,20): 131 (132)
(23,21): 129 (131)
(23,22): 123 (124)
(23,23): 112 (112)
(23,24): 101 (100)
(23,25): 92 (92)
(23,26): 87 (87)
(23,27): 85 (85)
(23,28): 84 (84)
(23,29): 83 (83)
(23,30): 82 (83)
(23,31): 82 (82)
(23,32): 82 (82)
(23,33): 82 (83)
(23,34): 83 (83)
(23,35): 84 (84)
(23,36): 85 (85)
(23,37): 86 (86)
(23,38): 87 (87)
(23,39): 88 (88)
(23,40): 89 (89)
(23,41): 89 (89)
(23,42): 88 (88)
(23,43): 88 (87)
(23,44): 89 (88)
(23,45): 91 (91)
(23,46): 94 (94)
(23,47): 99 (98)
(23,48): 111 (109)
(23,49): 134 (135)
(23,50): 154 (156)
(23,51): 155 (158)
(23,52): 153 (154)
(23,53): 146 (148)
(23,54): 139 (142)
(23,55): 116 (117)
(23,56): 98 (100)
(23,57): 74 (72)
(23,58): 65 (64)
(23,59): 63 (62)
(23,60): 65 (64)
(23,61): 68 (67)
(23,62): 74 (74)
(23,63): 79 (79)
(23,64): 84 (84)
(23,65): 90 (90)
(23,66): 97 (97)
(23,67): 105 (105)
(23,68): 115 (115)
(23,69): 127 (129)
(23,70): 137 (140)
(23,71): 134 (134)
(23,72): 141 (144)
(23,73): 135 (134)
(23,74): 149 (152)
(23,75): 151 (153)
(23,76): 155 (157)
(23,77): 163 (165)
(23,78): 167 (168)
(23,79): 167 (168)
(23,80): 164 (165)
(23,81): 161 (162)
(23,82): 160 (161)
(23,83): 161 (162)
(23,84): 161 (162)
(23,85): 160 (161)
(23,86): 156 (157)
(23,87): 151 (152)
(23,88): 148 (148)
(23,89): 149 (148)
(23,90): 151 (152)
(23,91): 154 (155)
(23,92): 157 (158)
(23,93): 159 (159)
(23,94): 160 (160)
(23,95): 161 (161)
(23,96): 162 (162)
(23,97): 163 (164)
(23,98): 164 (165)
(23,99): 164 (165)
(23,100): 163 (164)
(23,101): 159 (160)
(23,102): 153 (154)
(23,103): 148 (148)
(23,104): 143 (144)
(23,105): 139 (139)
(23,106): 138 (138)
(23,107): 140 (140)
(23,108): 142 (143)
(23,109): 144 (145)
(23,110): 146 (146)
(23,111): 148 (149)
(23,112): 150 (151)
(23,113): 153 (154)
(23,114): 153 (155)
(23,115): 153 (154)
(23,116): 149 (150)
(23,117): 147 (148)
(23,118): 146 (147)
(23,119): 145 (146)
(23,120): 141 (142)
(23,121): 135 (136)
(23,122): 128 (129)
(23,123): 119 (120)
(23,124): 111 (112)
(23,125): 103 (104)
(23,126): 93 (94)
(23,127): 73 (75)
(24,0): 66 (68)
(24,1): 75 (75)
(24,2): 88 (88)
(24,3): 99 (100)
(24,4): 105 (106)
(24,5): 107 (108)
(24,6): 109 (110)
(24,7): 109 (109)
(24,8): 109 (110)
(24,9): 109 (109)
(24,10): 109 (109)
(24,11): 111 (111)
(24,12): 113 (113)
(24,13): 115 (115)
(24,14): 117 (117)
(24,15): 119 (120)
(24,16): 122 (123)
(24,17): 125 (125)
(24,18): 127 (128)
(24,19): 128 (129)
(24,20): 128 (129)
(24,21): 125 (126)
(24,22): 118 (119)
(24,23): 108 (108)
(24,24): 98 (98)
(24,25): 91 (91)
(24,26): 87 (87)
(24,27): 84 (84)
(24,28): 83 (83)
(24,29): 82 (82)
(24,30): 81 (82)
(24,31): 81 (81)
(24,32): 81 (82)
(24,33): 82 (82)
(24,34): 82 (82)
(24,35): 83 (83)
(24,36): 84 (85)
(24,37): 86 (87)
(24,38): 88 (89)
(24,39): 90 (91)
(24,40): 92 (93)
(24,41): 92 (93)
(24,42): 91 (91)
(24,43): 90 (90)
(24,44): 89 (89)
(24,45): 90 (90)
(24,46): 93 (93)
(24,47): 97 (97)
(24,48): 102 (101)
(24,49): 112 (110)
(24,50): 129 (131)
(24,51): 129 (128)
(24,52): 128 (128)
(24,53): 121 (120)
(24,54): 120 (123)
(24,55): 92 (91)
(24,56): 73 (71)
(24,57): 65 (63)
(24,58): 62 (61)
(24,59): 62 (61)
(24,60): 63 (62)
(24,61): 66 (66)
(24,62): 71 (71)
(24,63): 77 (77)
(24,64): 82 (82)
(24,65): 88 (88)
(24,66): 95 (95)
(24,67): 102 (102)
(24,68): 111 (111)
(24,69): 122 (123)
(24,70): 135 (138)
(24,71): 132 (131)
(24,72): 138 (140)
(24,73): 132 (130)
(24,74): 142 (143)
(24,75): 145 (146)
(24,76): 150 (150)
(24,77): 153 (153)
(24,78): 156 (157)
(24,79): 156 (157)
(24,80): 152 (152)
(24,81): 149 (150)
(24,82): 146 (146)
(24,83): 146 (147)
(24,84): 147 (148)
(24,85): 145 (146)
(24,86): 141 (141)
(24,87): 136 (135)
(24,88): 135 (134)
(24,89): 139 (139)
(24,90): 144 (145)
(24,91): 148 (148)
(24,92): 151 (151)
(24,93): 153 (154)
(24,94): 155 (155)
(24,95): 156 (156)
(24,96): 157 (157)
(24,97): 157 (158)
(24,98): 158 (158)
(24,99): 158 (159)
(24,100): 155 (156)
(24,101): 150 (150)
(24,102): 142 (142)
(24,103): 136 (136)
(24,104): 133 (133)
(24,105): 131 (131)
(24,106): 130 (130)
(24,107): 131 (131)
(24,108): 133 (133)
(24,109): 135 (136)
(24,110): 136 (137)
(24,111): 138 (139)
(24,112): 138 (139)
(24,113): 138 (139)
(24,114): 137 (138)
(24,115): 136 (137)
(24,116): 136 (137)
(24,117): 135 (136)
(24,118): 136 (137)
(24,119): 133 (134)
(24,120): 128 (128)
(24,121): 123 (123)
(24,122): 118 (119)
(24,123): 113 (114)
(24,124): 107 (108)
(24,125): 99 (100)
(24,126): 90 (92)
(24,127): 74 (78)
(25,0): 66 (69)
(25,1): 74 (75)
(25,2): 87 (88)
(25,3): 99 (100)
(25,4): 105 (106)
(25,5): 107 (108)
(25,6): 108 (109)
(25,7): 108 (109)
(25,8): 108 (109)
(25,9): 108 (108)
(25,10): 110 (110)
(25,11): 112 (112)
(25,12): 114 (114)
(25,13): 115 (116)
(25,14): 117 (118)
(25,15): 119 (120)
(25,16): 121 (122)
(25,17): 123 (124)
(25,18): 125 (126)
(25,19): 126 (127)
(25,20): 125 (126)
(25,21): 121 (122)
(25,22): 115 (116)
(25,23): 107 (107)
(25,24): 99 (99)
(25,25): 92 (92)
(25,26): 87 (87)
(25,27): 84 (84)
(25,28): 83 (83)
(25,29): 82 (82)
(25,30): 81 (81)
(25,31): 81 (81)
(25,32): 81 (81)
(25,33): 81 (81)
(25,34): 82 (82)
(25,35): 83 (83)
(25,36): 84 (84)
(25,37): 87 (87)
(25,38): 90 (90)
(25,39): 93 (94)
(25,40): 94 (95)
(25,41): 95 (96)
(25,42): 95 (96)
(25,43): 93 (94)
(25,44): 92 (92)
(25,45): 92 (91)
(25,46): 93 (93)
(25,47): 97 (97)
(25,48): 102 (103)
(25,49): 109 (109)
(25,50): 119 (121)
(25,51): 113 (113)
(25,52): 115 (116)
(25,53): 106 (106)
(25,54): 100 (101)
(25,55): 80 (79)
(25,56): 69 (69)
(25,57): 64 (64)
(25,58): 63 (63)
(25,59): 62 (62)
(25,60): 64 (64)
(25,61): 66 (66)
(25,62): 71 (71)
(25,63): 76 (76)
(25,64): 82 (82)
(25,65): 87 (87)
(25,66): 92 (93)
(25,67): 99 (99)
(25,68): 106 (106)
(25,69): 116 (117)
(25,70): 128 (130)
(25,71): 130 (130)
(25,72): 137 (140)
(25,73): 133 (133)
(25,74): 138 (140)
(25,75): 139 (139)
(25,76): 142 (142)
(25,77): 144 (144)
(25,78): 145 (145)
(25,79): 146 (147)
(25,80): 139 (139)
(25,81): 136 (137)
(25,82): 131 (130)
(25,83): 130 (129)
(25,84): 130 (130)
(25,85): 129 (129)
(25,86): 128 (127)
(25,87): 127 (126)
(25,88): 129 (128)
(25,89): 132 (132)
(25,90): 138 (138)
(25,91): 143 (143)
(25,92): 147 (147)
(25,93): 149 (150)
(25,94): 151 (152)
(25,95): 152 (153)
(25,96): 152 (153)
(25,97): 151 (151)
(25,98): 149 (150)
(25,99): 148 (149)
(25,100): 145 (146)
(25,101): 140 (140)
(25,102): 134 (134)
(25,103): 130 (129)
(25,104): 127 (126)
(25,105): 125 (124)
(25,106): 124 (124)
(25,107): 124 (124)
(25,108): 125 (126)
(25,109): 126 (126)
(25,110): 127 (127)
(25,111): 126 (127)
(25,112): 125 (126)
(25,113): 120 (120)
(25,114): 118 (118)
(25,115): 117 (116)
(25,116): 118 (118)
(25,117): 120 (120)
(25,118): 122 (123)
(25,119): 122 (122)
(25,120): 119 (120)
(25,121): 115 (116)
(25,122): 110 (111)
(25,123): 105 (106)
(25,124): 101 (102)
(25,125): 95 (96)
(25,126): 86 (87)
(25,127): 70 (71)
(26,0): 61 (62)
(26,1): 73 (73)
(26,2): 87 (88)
(26,3): 99 (100)
(26,4): 104 (105)
(26,5): 106 (107)
(26,6): 106 (107)
(26,7): 107 (107)
(26,8): 107 (107)
(26,9): 108 (108)
(26,10): 110 (111)
(26,11): 112 (113)
(26,12): 114 (115)
(26,13): 116 (117)
(26,14): 117 (118)
(26,15): 119 (119)
(26,16): 120 (121)
(26,17): 122 (123)
(26,18): 123 (124)
(26,19): 123 (124)
(26,20): 122 (123)
(26,21): 119 (120)
(26,22): 112 (113)
(26,23): 106 (106)
(26,24): 100 (100)
(26,25): 94 (95)
(26,26): 89 (89)
(26,27): 85 (85)
(26,28): 82 (82)
(26,29): 81 (81)
(26,30): 80 (81)
(26,31): 80 (80)
(26,32): 80 (80)
(26,33): 80 (81)
(26,34): 81 (81)
(26,35): 83 (83)
(26,36): 85 (85)
(26,37): 88 (88)
(26,38): 91 (92)
(26,39): 94 (95)
(26,40): 96 (97)
(26,41): 97 (98)
(26,42): 97 (98)
(26,43): 97 (98)
(26,44): 95 (96)
(26,45): 94 (95)
(26,46): 94 (94)
(26,47): 96 (96)
(26,48): 100 (100)
(26,49): 105 (105)
(26,50): 110 (112)
(26,51): 105 (104)
(26,52): 105 (106)
(26,53): 95 (95)
(26,54): 87 (87)
(26,55): 77 (77)
(26,56): 69 (69)
(26,57): 65 (65)
(26,58): 63 (63)
(26,59): 63 (63)
(26,60): 64 (64)
(26,61): 67 (67)
(26,62): 72 (72)
(26,63): 78 (78)
(26,64): 82 (82)
(26,65): 86 (86)
(26,66): 90 (91)
(26,67): 95 (96)
(26,68): 101 (101)
(26,69): 109 (109)
(26,70): 118 (119)
(26,71): 122 (122)
(26,72): 131 (133)
(26,73): 127 (126)
(26,74): 133 (134)
(26,75): 134 (134)
(26,76): 138 (138)
(26,77): 140 (141)
(26,78): 143 (144)
(26,79): 142 (144)
(26,80): 133 (133)
(26,81): 127 (127)
(26,82): 120 (119)
(26,83): 120 (120)
(26,84): 121 (121)
(26,85): 123 (123)
(26,86): 124 (124)
(26,87): 125 (125)
(26,88): 127 (126)
(26,89): 130 (130)
(26,90): 134 (134)
(26,91): 140 (140)
(26,92): 144 (144)
(26,93): 146 (147)
(26,94): 148 (149)
(26,95): 149 (150)
(26,96): 148 (149)
(26,97): 146 (146)
(26,98): 144 (144)
(26,99): 142 (142)
(26,100): 139 (139)
(26,101): 136 (136)
(26,102): 132 (132)
(26,103): 128 (128)
(26,104): 124 (124)
(26,105): 122 (121)
(26,106): 121 (121)
(26,107): 120 (120)
(26,108): 121 (121)
(26,109): 119 (119)
(26,110): 119 (119)
(26,111): 116 (116)
(26,112): 112 (112)
(26,113): 107 (107)
(26,114): 104 (104)
(26,115): 104 (104)
(26,116): 105 (105)
(26,117): 108 (108)
(26,118): 111 (111)
(26,119): 112 (113)
(26,120): 111 (112)
(26,121): 108 (109)
(26,122): 104 (104)
(26,123): 99 (99)
(26,124): 96 (96)
(26,125): 92 (93)
(26,126): 85 (87)
(26,127): 71 (75)
(27,0): 64 (68)
(27,1): 75 (76)
(27,2): 87 (88)
(27,3): 98 (99)
(27,4): 102 (103)
(27,5): 103 (103)
(27,6): 104 (104)
(27,7): 105 (105)
(27,8): 107 (107)
(27,9): 109 (109)
(27,10): 111 (112)
(27,11): 113 (114)
(27,12): 115 (116)
(27,13): 116 (117)
(27,14): 117 (118)
(27,15): 119 (119)
(27,16): 120 (120)
(27,17): 121 (121)
(27,18): 121 (122)
(27,19): 121 (122)
(27,20): 120 (121)
(27,21): 116 (117)
(27,22): 110 (111)
(27,23): 106 (106)
(27,24): 101 (102)
(27,25): 96 (97)
(27,26): 91 (91)
(27,27): 86 (86)
(27,28): 83 (83)
(27,29): 81 (81)
(27,30): 80 (81)
(27,31): 80 (80)
(27,32): 80 (80)
(27,33): 80 (80)
(27,34): 81 (81)
(27,35): 83 (83)
(27,36): 85 (85)
(27,37): 88 (89)
(27,38): 91 (92)
(27,39): 94 (95)
(27,40): 96 (97)
(27,41): 98 (99)
(27,42): 99 (100)
(27,43): 99 (100)
(27,44): 98 (99)
(27,45): 96 (97)
(27,46): 96 (96)
(27,47): 96 (96)
(27,48): 99 (99)
(27,49): 101 (102)
(27,50): 105 (107)
(27,51): 100 (100)
(27,52): 97 (98)
(27,53): 91 (91)
(27,54): 85 (85)
(27,55): 77 (77)
(27,56): 71 (71)
(27,57): 67 (67)
(27,58): 66 (66)
(27,59): 65 (65)
(27,60): 67 (67)
(27,61): 70 (70)
(27,62): 75 (76)
(27,63): 80 (81)
(27,64): 84 (84)
(27,65): 86 (86)
(27,66): 89 (89)
(27,67): 93 (93)
(27,68): 97 (97)
(27,69): 103 (103)
(27,70): 109 (109)
(27,71): 115 (115)
(27,72): 121 (123)
(27,73): 122 (121)
(27,74): 130 (131)
(27,75): 132 (132)
(27,76): 134 (135)
(27,77): 136 (136)
(27,78): 136 (136)
(27,79): 134 (136)
(27,80): 122 (121)
(27,81): 117 (116)
(27,82): 115 (115)
(27,83): 117 (117)
(27,84): 119 (119)
(27,85): 122 (122)
(27,86): 124 (124)
(27,87): 126 (126)
(27,88): 128 (128)
(27,89): 132 (132)
(27,90): 135 (135)
(27,91): 139 (139)
(27,92): 142 (142)
(27,93): 144 (144)
(27,94): 145 (146)
(27,95): 145 (146)
(27,96): 144 (145)
(27,97): 142 (143)
(27,98): 141 (141)
(27,99): 139 (139)
(27,100): 136 (136)
(27,101): 133 (134)
(27,102): 130 (131)
(27,103): 127 (127)
(27,104): 124 (124)
(27,105): 122 (122)
(27,106): 120 (121)
(27,107): 119 (119)
(27,108): 118 (119)
(27,109): 116 (117)
(27,110): 114 (115)
(27,111): 108 (108)
(27,112): 103 (103)
(27,113): 101 (100)
(27,114): 100 (100)
(27,115): 100 (100)
(27,116): 101 (101)
(27,117): 103 (103)
(27,118): 104 (104)
(27,119): 104 (105)
(27,120): 103 (104)
(27,121): 100 (101)
(27,122): 98 (98)
(27,123): 95 (95)
(27,124): 92 (93)
(27,125): 88 (89)
(27,126): 82 (83)
(27,127): 66 (67)
(28,0): 61 (62)
(28,1): 74 (75)
(28,2): 86 (87)
(28,3): 95 (96)
(28,4): 98 (99)
(28,5): 100 (100)
(28,6): 102 (102)
(28,7): 104 (104)
(28,8): 106 (107)
(28,9): 109 (110)
(28,10): 111 (112)
(28,11): 113 (114)
(28,12): 115 (116)
(28,13): 117 (118)
(28,14): 117 (118)
(28,15): 118 (119)
(28,16): 118 (119)
(28,17): 119 (120)
(28,18): 119 (120)
(28,19): 119 (120)
(28,20): 117 (118)
(28,21): 113 (114)
(28,22): 109 (109)
(28,23): 105 (106)
(28,24): 102 (103)
(28,25): 97 (98)
(28,26): 92 (92)
(28,27): 87 (87)
(28,28): 84 (84)
(28,29): 82 (82)
(28,30): 80 (80)
(28,31): 80 (80)
(28,32): 80 (80)
(28,33): 80 (80)
(28,34): 81 (81)
(28,35): 83 (83)
(28,36): 86 (86)
(28,37): 89 (89)
(28,38): 91 (92)
(28,39): 94 (95)
(28,40): 96 (97)
(28,41): 98 (99)
(28,42): 100 (101)
(28,43): 100 (100)
(28,44): 99 (100)
(28,45): 98 (98)
(28,46): 97 (97)
(28,47): 96 (96)
(28,48): 98 (98)
(28,49): 99 (98)
(28,50): 101 (102)
(28,51): 97 (97)
(28,52): 94 (94)
(28,53): 89 (89)
(28,54): 83 (84)
(28,55): 77 (78)
(28,56): 72 (72)
(28,57): 68 (68)
(28,58): 67 (67)
(28,59): 67 (67)
(28,60): 69 (69)
(28,61): 74 (74)
(28,62): 79 (80)
(28,63): 83 (84)
(28,64): 85 (86)
(28,65): 87 (88)
(28,66): 89 (89)
(28,67): 92 (92)
(28,68): 95 (95)
(28,69): 98 (98)
(28,70): 101 (101)
(28,71): 106 (106)
(28,72): 111 (112)
(28,73): 115 (114)
(28,74): 126 (127)
(28,75): 129 (129)
(28,76): 132 (133)
(28,77): 134 (136)
(28,78): 135 (137)
(28,79): 130 (132)
(28,80): 116 (114)
(28,81): 113 (113)
(28,82): 113 (112)
(28,83): 114 (114)
(28,84): 118 (118)
(28,85): 122 (123)
(28,86): 126 (126)
(28,87): 129 (129)
(28,88): 132 (132)
(28,89): 135 (135)
(28,90): 137 (138)
(28,91): 139 (140)
(28,92): 141 (141)
(28,93): 142 (143)
(28,94): 142 (143)
(28,95): 141 (142)
(28,96): 140 (141)
(28,97): 139 (140)
(28,98): 138 (139)
(28,99): 136 (137)
(28,100): 134 (135)
(28,101): 132 (133)
(28,102): 130 (130)
(28,103): 127 (127)
(28,104): 124 (125)
(28,105): 122 (122)
(28,106): 120 (121)
(28,107): 118 (118)
(28,108): 116 (117)
(28,109): 113 (114)
(28,110): 109 (110)
(28,111): 104 (104)
(28,112): 99 (99)
(28,113): 98 (97)
(28,114): 98 (98)
(28,115): 98 (98)
(28,116): 99 (99)
(28,117): 99 (100)
(28,118): 100 (100)
(28,119): 100 (100)
(28,120): 98 (99)
(28,121): 96 (96)
(28,122): 94 (94)
(28,123): 92 (93)
(28,124): 90 (91)
(28,125): 86 (87)
(28,126): 81 (82)
(28,127): 70 (74)
(29,0): 63 (67)
(29,1): 74 (76)
(29,2): 83 (84)
(29,3): 90 (91)
(29,4): 95 (95)
(29,5): 98 (98)
(29,6): 100 (101)
(29,7): 103 (104)
(29,8): 105 (106)
(29,9): 108 (109)
(29,10): 110 (111)
(29,11): 112 (113)
(29,12): 114 (115)
(29,13): 116 (117)
(29,14): 116 (117)
(29,15): 117 (118)
(29,16): 117 (118)
(29,17): 117 (118)
(29,18): 117 (118)
(29,19): 116 (117)
(29,20): 113 (114)
(29,21): 110 (110)
(29,22): 107 (107)
(29,23): 104 (105)
(29,24): 102 (103)
(29,25): 99 (100)
(29,26): 94 (94)
(29,27): 89 (89)
(29,28): 85 (85)
(29,29): 83 (83)
(29,30): 81 (81)
(29,31): 80 (80)
(29,32): 80 (80)
(29,33): 81 (81)
(29,34): 82 (82)
(29,35): 84 (84)
(29,36): 86 (86)
(29,37): 89 (89)
(29,38): 92 (92)
(29,39): 94 (95)
(29,40): 97 (97)
(29,41): 99 (99)
(29,42): 100 (101)
(29,43): 100 (101)
(29,44): 100 (101)
(29,45): 99 (99)
(29,46): 98 (98)
(29,47): 97 (97)
(29,48): 98 (99)
(29,49): 99 (99)
(29,50): 100 (101)
(29,51): 97 (97)
(29,52): 93 (94)
(29,53): 88 (88)
(29,54): 82 (83)
(29,55): 77 (77)
(29,56): 73 (73)
(29,57): 70 (70)
(29,58): 70 (70)
(29,59): 70 (70)
(29,60): 74 (74)
(29,61): 79 (80)
(29,62): 83 (83)
(29,63): 85 (86)
(29,64): 87 (88)
(29,65): 89 (89)
(29,66): 90 (90)
(29,67): 92 (92)
(29,68): 93 (93)
(29,69): 96 (96)
(29,70): 98 (98)
(29,71): 101 (101)
(29,72): 105 (105)
(29,73): 111 (111)
(29,74): 120 (121)
(29,75): 124 (125)
(29,76): 128 (129)
(29,77): 129 (130)
(29,78): 126 (127)
(29,79): 121 (122)
(29,80): 113 (112)
(29,81): 111 (111)
(29,82): 111 (111)
(29,83): 113 (113)
(29,84): 118 (118)
(29,85): 123 (124)
(29,86): 129 (130)
(29,87): 133 (134)
(29,88): 135 (136)
(29,89): 137 (138)
(29,90): 139 (140)
(29,91): 140 (141)
(29,92): 140 (141)
(29,93): 140 (141)
(29,94): 139 (140)
(29,95): 138 (138)
(29,96): 137 (137)
(29,97): 136 (136)
(29,98): 135 (136)
(29,99): 134 (135)
(29,100): 133 (133)
(29,101): 131 (132)
(29,102): 129 (130)
(29,103): 127 (127)
(29,104): 125 (126)
(29,105): 122 (123)
(29,106): 120 (121)
(29,107): 117 (118)
(29,108): 114 (115)
(29,109): 110 (110)
(29,110): 105 (106)
(29,111): 101 (101)
(29,112): 98 (98)
(29,113): 96 (96)
(29,114): 96 (96)
(29,115): 96 (97)
(29,116): 97 (97)
(29,117): 97 (98)
(29,118): 97 (98)
(29,119): 97 (97)
(29,120): 96 (96)
(29,121): 94 (94)
(29,122): 92 (93)
(29,123): 91 (91)
(29,124): 89 (89)
(29,125): 85 (86)
(29,126): 80 (81)
(29,127): 64 (66)
(30,0): 59 (60)
(30,1): 72 (73)
(30,2): 80 (81)
(30,3): 87 (87)
(30,4): 92 (92)
(30,5): 96 (96)
(30,6): 99 (99)
(30,7): 102 (102)
(30,8): 104 (105)
(30,9): 107 (107)
(30,10): 109 (110)
(30,11): 111 (112)
(30,12): 112 (113)
(30,13): 114 (115)
(30,14): 114 (115)
(30,15): 114 (115)
(30,16): 114 (115)
(30,17): 114 (115)
(30,18): 113 (114)
(30,19): 111 (112)
(30,20): 109 (109)
(30,21): 107 (107)
(30,22): 105 (106)
(30,23): 104 (104)
(30,24): 102 (103)
(30,25): 100 (101)
(30,26): 97 (97)
(30,27): 92 (92)
(30,28): 87 (87)
(30,29): 84 (84)
(30,30): 82 (82)
(30,31): 81 (81)
(30,32): 81 (81)
(30,33): 81 (81)
(30,34): 83 (83)
(30,35): 85 (85)
(30,36): 88 (88)
(30,37): 90 (91)
(30,38): 93 (93)
(30,39): 95 (95)
(30,40): 97 (98)
(30,41): 99 (100)
(30,42): 100 (101)
(30,43): 101 (101)
(30,44): 100 (101)
(30,45): 100 (100)
(30,46): 98 (98)
(30,47): 98 (98)
(30,48): 100 (100)
(30,49): 100 (100)
(30,50): 100 (101)
(30,51): 97 (97)
(30,52): 93 (94)
(30,53): 88 (88)
(30,54): 82 (82)
(30,55): 77 (77)
(30,56): 73 (73)
(30,57): 72 (72)
(30,58): 71 (71)
(30,59): 74 (74)
(30,60): 79 (79)
(30,61): 83 (84)
(30,62): 86 (87)
(30,63): 88 (89)
(30,64): 89 (90)
(30,65): 90 (91)
(30,66): 91 (91)
(30,67): 91 (92)
(30,68): 93 (93)
(30,69): 95 (95)
(30,70): 97 (97)
(30,71): 99 (99)
(30,72): 102 (102)
(30,73): 107 (107)
(30,74): 115 (115)
(30,75): 119 (120)
(30,76): 124 (125)
(30,77): 124 (125)
(30,78): 120 (120)
(30,79): 117 (118)
(30,80): 113 (112)
(30,81): 112 (112)
(30,82): 111 (110)
(30,83): 114 (114)
(30,84): 119 (119)
(30,85): 125 (126)
(30,86): 132 (133)
(30,87): 137 (138)
(30,88): 138 (139)
(30,89): 139 (140)
(30,90): 140 (141)
(30,91): 141 (142)
(30,92): 140 (141)
(30,93): 139 (140)
(30,94): 137 (137)
(30,95): 135 (135)
(30,96): 134 (134)
(30,97): 133 (133)
(30,98): 132 (133)
(30,99): 132 (133)
(30,100): 131 (132)
(30,101): 130 (131)
(30,102): 128 (129)
(30,103): 126 (127)
(30,104): 124 (125)
(30,105): 122 (122)
(30,106): 119 (120)
(30,107): 115 (115)
(30,108): 112 (112)
(30,109): 108 (108)
(30,110): 103 (103)
(30,111): 99 (99)
(30,112): 97 (97)
(30,113): 96 (96)
(30,114): 95 (95)
(30,115): 95 (95)
(30,116): 95 (96)
(30,117): 96 (96)
(30,118): 96 (96)
(30,119): 95 (95)
(30,120): 94 (94)
(30,121): 93 (93)
(30,122): 91 (92)
(30,123): 90 (90)
(30,124): 88 (89)
(30,125): 85 (86)
(30,126): 80 (82)
(30,127): 67 (71)
(31,0): 60 (63)
(31,1): 70 (71)
(31,2): 78 (78)
(31,3): 85 (85)
(31,4): 90 (90)
(31,5): 94 (95)
(31,6): 97 (98)
(31,7): 100 (101)
(31,8): 102 (103)
(31,9): 105 (105)
(31,10): 107 (107)
(31,11): 108 (109)
(31,12): 110 (110)
(31,13): 111 (111)
(31,14): 111 (112)
(31,15): 111 (112)
(31,16): 111 (111)
(31,17): 110 (111)
(31,18): 109 (109)
(31,19): 107 (107)
(31,20): 105 (105)
(31,21): 104 (104)
(31,22): 103 (103)
(31,23): 102 (103)
(31,24): 102 (103)
(31,25): 101 (102)
(31,26): 99 (100)
(31,27): 96 (96)
(31,28): 91 (92)
(31,29): 87 (87)
(31,30): 84 (84)
(31,31): 82 (82)
(31,32): 82 (82)
(31,33): 82 (82)
(31,34): 84 (84)
(31,35): 87 (88)
(31,36): 90 (91)
(31,37): 92 (93)
(31,38): 94 (94)
(31,39): 96 (96)
(31,40): 98 (98)
(31,41): 100 (100)
(31,42): 101 (101)
(31,43): 101 (102)
(31,44): 101 (102)
(31,45): 101 (101)
(31,46): 101 (101)
(31,47): 101 (101)
(31,48): 102 (103)
(31,49): 102 (103)
(31,50): 103 (105)
(31,51): 99 (100)
(31,52): 95 (96)
(31,53): 88 (89)
(31,54): 82 (82)
(31,55): 77 (77)
(31,56): 75 (75)
(31,57): 74 (74)
(31,58): 75 (75)
(31,59): 78 (79)
(31,60): 82 (83)
(31,61): 85 (86)
(31,62): 87 (88)
(31,63): 89 (90)
(31,64): 90 (91)
(31,65): 91 (92)
(31,66): 91 (91)
(31,67): 91 (92)
(31,68): 92 (92)
(31,69): 94 (94)
(31,70): 96 (96)
(31,71): 98 (98)
(31,72): 101 (102)
(31,73): 106 (106)
(31,74): 112 (113)
(31,75): 116 (117)
(31,76): 117 (118)
(31,77): 116 (117)
(31,78): 115 (115)
(31,79): 115 (115)
(31,80): 114 (114)
(31,81): 114 (114)
(31,82): 114 (114)
(31,83): 117 (117)
(31,84): 121 (121)
(31,85): 127 (127)
(31,86): 133 (134)
(31,87): 138 (139)
(31,88): 140 (141)
(31,89): 140 (141)
(31,90): 141 (141)
(31,91): 140 (141)
(31,92): 140 (141)
(31,93): 138 (139)
(31,94): 136 (136)
(31,95): 133 (133)
(31,96): 131 (131)
(31,97): 130 (130)
(31,98): 129 (129)
(31,99): 129 (129)
(31,100): 129 (130)
(31,101): 128 (129)
(31,102): 127 (128)
(31,103): 125 (126)
(31,104): 123 (124)
(31,105): 120 (121)
(31,106): 118 (119)
(31,107): 114 (114)
(31,108): 110 (110)
(31,109): 106 (106)
(31,110): 103 (103)
(31,111): 99 (99)
(31,112): 97 (97)
(31,113): 95 (95)
(31,114): 95 (95)
(31,115): 95 (95)
(31,116): 95 (95)
(31,117): 95 (95)
(31,118): 94 (95)
(31,119): 94 (94)
(31,120): 93 (93)
(31,121): 92 (92)
(31,122): 90 (91)
(31,123): 89 (90)
(31,124): 87 (88)
(31,125): 84 (85)
(31,126): 80 (81)
(31,127): 64 (65)
(32,0): 56 (57)
(32,1): 68 (68)
(32,2): 75 (75)
(32,3): 84 (84)
(32,4): 89 (90)
(32,5): 93 (93)
(32,6): 96 (96)
(32,7): 98 (99)
(32,8): 101 (101)
(32,9): 103 (104)
(32,10): 105 (105)
(32,11): 106 (107)
(32,12): 107 (108)
(32,13): 108 (108)
(32,14): 108 (108)
(32,15): 108 (108)
(32,16): 107 (107)
(32,17): 106 (107)
(32,18): 104 (105)
(32,19): 103 (103)
(32,20): 102 (102)
(32,21): 101 (101)
(32,22): 101 (101)
(32,23): 101 (102)
(32,24): 101 (102)
(32,25): 101 (102)
(32,26): 100 (101)
(32,27): 99 (100)
(32,28): 95 (96)
(32,29): 91 (91)
(32,30): 87 (87)
(32,31): 84 (84)
(32,32): 84 (84)
(32,33): 85 (85)
(32,34): 87 (87)
(32,35): 91 (91)
(32,36): 93 (94)
(32,37): 95 (95)
(32,38): 97 (97)
(32,39): 98 (98)
(32,40): 99 (99)
(32,41): 101 (101)
(32,42): 102 (102)
(32,43): 102 (103)
(32,44): 103 (103)
(32,45): 103 (103)
(32,46): 103 (103)
(32,47): 104 (104)
(32,48): 104 (105)
(32,49): 104 (104)
(32,50): 103 (104)
(32,51): 100 (100)
(32,52): 97 (98)
(32,53): 89 (90)
(32,54): 83 (83)
(32,55): 77 (77)
(32,56): 76 (76)
(32,57): 75 (75)
(32,58): 78 (78)
(32,59): 80 (81)
(32,60): 83 (84)
(32,61): 86 (87)
(32,62): 87 (88)
(32,63): 89 (90)
(32,64): 90 (91)
(32,65): 90 (91)
(32,66): 91 (91)
(32,67): 91 (92)
(32,68): 92 (92)
(32,69): 93 (93)
(32,70): 95 (95)
(32,71): 97 (97)
(32,72): 100 (100)
(32,73): 104 (105)
(32,74): 109 (110)
(32,75): 112 (113)
(32,76): 112 (113)
(32,77): 112 (112)
(32,78): 112 (111)
(32,79): 114 (115)
(32,80): 115 (116)
(32,81): 117 (118)
(32,82): 118 (119)
(32,83): 121 (121)
(32,84): 124 (124)
(32,85): 129 (129)
(32,86): 135 (136)
(32,87): 140 (141)
(32,88): 141 (142)
(32,89): 142 (143)
(32,90): 142 (143)
(32,91): 140 (141)
(32,92): 138 (139)
(32,93): 136 (137)
(32,94): 134 (135)
(32,95): 132 (133)
(32,96): 129 (130)
(32,97): 127 (127)
(32,98): 126 (126)
(32,99): 126 (127)
(32,100): 126 (127)
(32,101): 126 (127)
(32,102): 125 (126)
(32,103): 123 (124)
(32,104): 121 (122)
(32,105): 118 (119)
(32,106): 115 (116)
(32,107): 112 (112)
(32,108): 109 (109)
(32,109): 106 (106)
(32,110): 103 (103)
(32,111): 100 (101)
(32,112): 98 (98)
(32,113): 96 (96)
(32,114): 95 (95)
(32,115): 94 (94)
(32,116): 94 (94)
(32,117): 94 (94)
(32,118): 93 (94)
(32,119): 93 (93)
(32,120): 92 (92)
(32,121): 91 (91)
(32,122): 90 (90)
(32,123): 89 (89)
(32,124): 87 (88)
(32,125): 85 (86)
(32,126): 80 (81)
(32,127): 65 (69)
(33,0): 57 (60)
(33,1): 67 (68)
(33,2): 75 (76)
(33,3): 83 (84)
(33,4): 88 (89)
(33,5): 92 (92)
(33,6): 95 (95)
(33,7): 97 (98)
(33,8): 100 (100)
(33,9): 101 (102)
(33,10): 103 (103)
(33,11): 104 (105)
(33,12): 105 (105)
(33,13): 105 (106)
(33,14): 105 (105)
(33,15): 104 (105)
(33,16): 104 (104)
(33,17): 102 (103)
(33,18): 101 (101)
(33,19): 100 (100)
(33,20): 99 (99)
(33,21): 99 (99)
(33,22): 99 (99)
(33,23): 100 (100)
(33,24): 100 (101)
(33,25): 100 (101)
(33,26): 100 (101)
(33,27): 100 (101)
(33,28): 98 (99)
(33,29): 95 (96)
(33,30): 92 (92)
(33,31): 89 (89)
(33,32): 87 (87)
(33,33): 89 (89)
(33,34): 93 (93)
(33,35): 96 (96)
(33,36): 98 (99)
(33,37): 100 (100)
(33,38): 101 (101)
(33,39): 102 (102)
(33,40): 102 (102)
(33,41): 103 (103)
(33,42): 103 (104)
(33,43): 104 (104)
(33,44): 105 (105)
(33,45): 105 (106)
(33,46): 106 (106)
(33,47): 106 (107)
(33,48): 107 (108)
(33,49): 106 (107)
(33,50): 105 (107)
(33,51): 103 (104)
(33,52): 100 (102)
(33,53): 91 (92)
(33,54): 83 (83)
(33,55): 78 (78)
(33,56): 78 (78)
(33,57): 78 (78)
(33,58): 80 (80)
(33,59): 82 (83)
(33,60): 84 (85)
(33,61): 86 (86)
(33,62): 87 (88)
(33,63): 87 (88)
(33,64): 88 (89)
(33,65): 89 (90)
(33,66): 90 (91)
(33,67): 91 (91)
(33,68): 91 (92)
(33,69): 92 (93)
(33,70): 94 (94)
(33,71): 95 (96)
(33,72): 98 (99)
(33,73): 103 (104)
(33,74): 107 (108)
(33,75): 110 (111)
(33,76): 109 (109)
(33,77): 109 (109)
(33,78): 111 (111)
(33,79): 114 (115)
(33,80): 117 (118)
(33,81): 119 (120)
(33,82): 121 (122)
(33,83): 123 (124)
(33,84): 126 (127)
(33,85): 131 (132)
(33,86): 136 (137)
(33,87): 140 (141)
(33,88): 141 (142)
(33,89): 141 (142)
(33,90): 141 (142)
(33,91): 138 (139)
(33,92): 136 (137)
(33,93): 134 (135)
(33,94): 133 (134)
(33,95): 131 (132)
(33,96): 127 (128)
(33,97): 124 (124)
(33,98): 122 (122)
(33,99): 122 (122)
(33,100): 123 (123)
(33,101): 122 (123)
(33,102): 122 (123)
(33,103): 120 (121)
(33,104): 119 (120)
(33,105): 116 (116)
(33,106): 113 (114)
(33,107): 111 (112)
(33,108): 109 (109)
(33,109): 106 (107)
(33,110): 104 (105)
(33,111): 102 (102)
(33,112): 99 (99)
(33,113): 97 (97)
(33,114): 95 (95)
(33,115): 94 (95)
(33,116): 94 (94)
(33,117): 94 (94)
(33,118): 93 (93)
(33,119): 93 (93)
(33,120): 92 (93)
(33,121): 92 (92)
(33,122): 90 (91)
(33,123): 89 (89)
(33,124): 87 (88)
(33,125): 84 (85)
(33,126): 79 (80)
(33,127): 63 (64)
(34,0): 54 (55)
(34,1): 66 (67)
(34,2): 77 (77)
(34,3): 83 (84)
(34,4): 87 (87)
(34,5): 91 (91)
(34,6): 94 (94)
(34,7): 97 (97)
(34,8): 99 (99)
(34,9): 101 (101)
(34,10): 102 (102)
(34,11): 103 (103)
(34,12): 103 (103)
(34,13): 103 (104)
(34,14): 103 (103)
(34,15): 102 (102)
(34,16): 101 (101)
(34,17): 99 (100)
(34,18): 98 (98)
(34,19): 98 (98)
(34,20): 97 (97)
(34,21): 97 (98)
(34,22): 98 (98)
(34,23): 98 (99)
(34,24): 99 (99)
(34,25): 99 (100)
(34,26): 99 (100)
(34,27): 99 (100)
(34,28): 99 (100)
(34,29): 98 (99)
(34,30): 96 (97)
(34,31): 95 (95)
(34,32): 93 (93)
(34,33): 96 (96)
(34,34): 98 (99)
(34,35): 101 (102)
(34,36): 103 (104)
(34,37): 105 (106)
(34,38): 106 (107)
(34,39): 106 (107)
(34,40): 105 (106)
(34,41): 106 (107)
(34,42): 105 (106)
(34,43): 106 (107)
(34,44): 106 (107)
(34,45): 107 (108)
(34,46): 108 (109)
(34,47): 108 (109)
(34,48): 108 (109)
(34,49): 107 (107)
(34,50): 105 (106)
(34,51): 102 (102)
(34,52): 99 (100)
(34,53): 90 (90)
(34,54): 83 (83)
(34,55): 80 (79)
(34,56): 79 (79)
(34,57): 80 (80)
(34,58): 82 (82)
(34,59): 83 (84)
(34,60): 84 (85)
(34,61): 85 (86)
(34,62): 86 (86)
(34,63): 86 (86)
(34,64): 86 (87)
(34,65): 87 (88)
(34,66): 88 (89)
(34,67): 89 (90)
(34,68): 90 (91)
(34,69): 91 (92)
(34,70): 92 (92)
(34,71): 94 (94)
(34,72): 96 (96)
(34,73): 100 (101)
(34,74): 104 (105)
(34,75): 106 (107)
(34,76): 107 (107)
(34,77): 109 (109)
(34,78): 111 (112)
(34,79): 114 (114)
(34,80): 117 (118)
(34,81): 120 (121)
(34,82): 122 (123)
(34,83): 125 (126)
(34,84): 128 (129)
(34,85): 133 (135)
(34,86): 138 (140)
(34,87): 141 (143)
(34,88): 141 (143)
(34,89): 140 (142)
(34,90): 138 (139)
(34,91): 135 (136)
(34,92): 132 (133)
(34,93): 131 (131)
(34,94): 130 (131)
(34,95): 128 (129)
(34,96): 125 (126)
(34,97): 122 (123)
(34,98): 120 (119)
(34,99): 119 (119)
(34,100): 120 (120)
(34,101): 119 (120)
(34,102): 118 (119)
(34,103): 117 (118)
(34,104): 115 (116)
(34,105): 113 (113)
(34,106): 111 (111)
(34,107): 110 (110)
(34,108): 108 (109)
(34,109): 107 (107)
(34,110): 105 (106)
(34,111): 103 (103)
(34,112): 101 (101)
(34,113): 98 (99)
(34,114): 96 (96)
(34,115): 95 (95)
(34,116): 94 (94)
(34,117): 94 (94)
(34,118): 94 (94)
(34,119): 94 (94)
(34,120): 94 (94)
(34,121): 93 (93)
(34,122): 92 (92)
(34,123): 90 (90)
(34,124): 87 (88)
(34,125): 84 (85)
(34,126): 79 (80)
(34,127): 66 (70)
(35,0): 54 (57)
(35,1): 68 (69)
(35,2): 76 (77)
(35,3): 82 (83)
(35,4): 86 (86)
(35,5): 91 (91)
(35,6): 95 (95)
(35,7): 97 (98)
(35,8): 99 (99)
(35,9): 101 (101)
(35,10): 101 (101)
(35,11): 102 (102)
(35,12): 102 (102)
(35,13): 102 (102)
(35,14): 101 (101)
(35,15): 100 (100)
(35,16): 98 (98)
(35,17): 97 (97)
(35,18): 96 (96)
(35,19): 96 (96)
(35,20): 96 (96)
(35,21): 96 (96)
(35,22): 96 (97)
(35,23): 97 (98)
(35,24): 98 (98)
(35,25): 98 (99)
(35,26): 99 (100)
(35,27): 99 (99)
(35,28): 99 (100)
(35,29): 100 (101)
(35,30): 99 (100)
(35,31): 99 (99)
(35,32): 100 (101)
(35,33): 101 (102)
(35,34): 103 (104)
(35,35): 105 (106)
(35,36): 106 (107)
(35,37): 108 (109)
(35,38): 108 (109)
(35,39): 109 (110)
(35,40): 108 (109)
(35,41): 107 (108)
(35,42): 107 (107)
(35,43): 107 (108)
(35,44): 108 (108)
(35,45): 109 (109)
(35,46): 110 (111)
(35,47): 110 (111)
(35,48): 110 (111)
(35,49): 108 (109)
(35,50): 106 (108)
(35,51): 103 (104)
(35,52): 100 (102)
(35,53): 91 (91)
(35,54): 85 (84)
(35,55): 82 (82)
(35,56): 82 (82)
(35,57): 83 (83)
(35,58): 84 (84)
(35,59): 84 (85)
(35,60): 85 (86)
(35,61): 85 (85)
(35,62): 84 (85)
(35,63): 84 (84)
(35,64): 84 (85)
(35,65): 85 (85)
(35,66): 86 (87)
(35,67): 88 (89)
(35,68): 89 (90)
(35,69): 90 (91)
(35,70): 91 (92)
(35,71): 92 (92)
(35,72): 94 (94)
(35,73): 97 (97)
(35,74): 100 (101)
(35,75): 103 (104)
(35,76): 106 (106)
(35,77): 109 (110)
(35,78): 110 (111)
(35,79): 113 (113)
(35,80): 116 (116)
(35,81): 119 (120)
(35,82): 122 (123)
(35,83): 124 (125)
(35,84): 126 (127)
(35,85): 130 (131)
(35,86): 133 (134)
(35,87): 134 (135)
(35,88): 134 (135)
(35,89): 133 (134)
(35,90): 131 (132)
(35,91): 129 (129)
(35,92): 127 (127)
(35,93): 127 (127)
(35,94): 126 (127)
(35,95): 125 (126)
(35,96): 123 (123)
(35,97): 121 (121)
(35,98): 119 (119)
(35,99): 118 (118)
(35,100): 117 (117)
(35,101): 116 (117)
(35,102): 115 (116)
(35,103): 114 (114)
(35,104): 113 (113)
(35,105): 111 (111)
(35,106): 110 (111)
(35,107): 109 (109)
(35,108): 108 (109)
(35,109): 107 (107)
(35,110): 106 (107)
(35,111): 104 (105)
(35,112): 102 (103)
(35,113): 100 (100)
(35,114): 98 (98)
(35,115): 96 (96)
(35,116): 95 (96)
(35,117): 95 (95)
(35,118): 95 (95)
(35,119): 95 (96)
(35,120): 95 (96)
(35,121): 95 (95)
(35,122): 93 (94)
(35,123): 92 (92)
(35,124): 88 (88)
(35,125): 84 (84)
(35,126): 78 (79)
(35,127): 63 (65)
(36,0): 52 (53)
(36,1): 67 (68)
(36,2): 76 (76)
(36,3): 82 (83)
(36,4): 88 (88)
(36,5): 93 (93)
(36,6): 97 (97)
(36,7): 99 (99)
(36,8): 100 (100)
(36,9): 102 (102)
(36,10): 102 (102)
(36,11): 102 (103)
(36,12): 102 (102)
(36,13): 101 (102)
(36,14): 100 (100)
(36,15): 98 (99)
(36,16): 97 (97)
(36,17): 95 (95)
(36,18): 94 (94)
(36,19): 94 (95)
(36,20): 94 (95)
(36,21): 95 (95)
(36,22): 95 (96)
(36,23): 96 (96)
(36,24): 96 (97)
(36,25): 97 (98)
(36,26): 98 (98)
(36,27): 99 (99)
(36,28): 99 (100)
(36,29): 100 (101)
(36,30): 101 (102)
(36,31): 103 (104)
(36,32): 104 (105)
(36,33): 105 (106)
(36,34): 106 (107)
(36,35): 107 (108)
(36,36): 108 (109)
(36,37): 109 (110)
(36,38): 109 (110)
(36,39): 109 (110)
(36,40): 108 (109)
(36,41): 107 (108)
(36,42): 106 (107)
(36,43): 107 (108)
(36,44): 108 (109)
(36,45): 109 (110)
(36,46): 111 (112)
(36,47): 110 (111)
(36,48): 110 (111)
(36,49): 108 (108)
(36,50): 105 (106)
(36,51): 102 (101)
(36,52): 100 (101)
(36,53): 91 (91)
(36,54): 88 (88)
(36,55): 86 (86)
(36,56): 86 (86)
(36,57): 86 (86)
(36,58): 86 (87)
(36,59): 85 (86)
(36,60): 85 (85)
(36,61): 84 (85)
(36,62): 83 (84)
(36,63): 82 (82)
(36,64): 82 (82)
(36,65): 82 (82)
(36,66): 84 (84)
(36,67): 86 (86)
(36,68): 88 (89)
(36,69): 89 (89)
(36,70): 90 (90)
(36,71): 91 (91)
(36,72): 92 (92)
(36,73): 95 (95)
(36,74): 97 (97)
(36,75): 101 (101)
(36,76): 104 (105)
(36,77): 106 (107)
(36,78): 109 (109)
(36,79): 111 (111)
(36,80): 114 (114)
(36,81): 117 (118)
(36,82): 120 (121)
(36,83): 122 (123)
(36,84): 123 (124)
(36,85): 124 (125)
(36,86): 124 (125)
(36,87): 124 (125)
(36,88): 123 (123)
(36,89): 122 (122)
(36,90): 122 (122)
(36,91): 121 (121)
(36,92): 122 (122)
(36,93): 123 (124)
(36,94): 123 (124)
(36,95): 123 (123)
(36,96): 121 (121)
(36,97): 120 (120)
(36,98): 118 (119)
(36,99): 117 (118)
(36,100): 115 (116)
(36,101): 114 (114)
(36,102): 113 (113)
(36,103): 112 (112)
(36,104): 111 (111)
(36,105): 110 (110)
(36,106): 109 (109)
(36,107): 108 (108)
(36,108): 108 (108)
(36,109): 107 (107)
(36,110): 106 (107)
(36,111): 105 (106)
(36,112): 104 (104)
(36,113): 102 (102)
(36,114): 100 (100)
(36,115): 98 (98)
(36,116): 97 (97)
(36,117): 96 (96)
(36,118): 97 (97)
(36,119): 97 (97)
(36,120): 97 (98)
(36,121): 97 (98)
(36,122): 96 (97)
(36,123): 95 (96)
(36,124): 92 (93)
(36,125): 87 (87)
(36,126): 80 (81)
(36,127): 69 (73)
(37,0): 52 (54)
(37,1): 66 (67)
(37,2): 75 (75)
(37,3): 85 (85)
(37,4): 92 (93)
(37,5): 97 (98)
(37,6): 101 (101)
(37,7): 102 (103)
(37,8): 104 (104)
(37,9): 104 (105)
(37,10): 104 (104)
(37,11): 104 (104)
(37,12): 103 (103)
(37,13): 102 (102)
(37,14): 100 (100)
(37,15): 98 (98)
(37,16): 95 (95)
(37,17): 94 (94)
(37,18): 93 (93)
(37,19): 93 (93)
(37,20): 93 (94)
(37,21): 94 (94)
(37,22): 94 (94)
(37,23): 94 (95)
(37,24): 95 (95)
(37,25): 96 (96)
(37,26): 97 (97)
(37,27): 98 (99)
(37,28): 99 (100)
(37,29): 100 (100)
(37,30): 103 (104)
(37,31): 105 (106)
(37,32): 106 (107)
(37,33): 108 (108)
(37,34): 107 (107)
(37,35): 108 (108)
(37,36): 107 (107)
(37,37): 107 (108)
(37,38): 107 (109)
(37,39): 107 (108)
(37,40): 106 (107)
(37,41): 104 (105)
(37,42): 104 (105)
(37,43): 105 (106)
(37,44): 108 (109)
(37,45): 109 (110)
(37,46): 111 (112)
(37,47): 111 (112)
(37,48): 111 (113)
(37,49): 108 (109)
(37,50): 106 (107)
(37,51): 102 (102)
(37,52): 101 (103)
(37,53): 95 (95)
(37,54): 93 (93)
(37,55): 91 (91)
(37,56): 90 (91)
(37,57): 89 (90)
(37,58): 88 (89)
(37,59): 86 (87)
(37,60): 85 (86)
(37,61): 84 (84)
(37,62): 82 (83)
(37,63): 81 (81)
(37,64): 81 (81)
(37,65): 81 (81)
(37,66): 82 (82)
(37,67): 84 (84)
(37,68): 86 (86)
(37,69): 87 (88)
(37,70): 89 (89)
(37,71): 90 (90)
(37,72): 92 (92)
(37,73): 93 (93)
(37,74): 96 (96)
(37,75): 99 (99)
(37,76): 102 (102)
(37,77): 104 (104)
(37,78): 107 (107)
(37,79): 109 (110)
(37,80): 112 (112)
(37,81): 114 (115)
(37,82): 117 (118)
(37,83): 118 (119)
(37,84): 118 (119)
(37,85): 118 (118)
(37,86): 116 (117)
(37,87): 115 (115)
(37,88): 114 (114)
(37,89): 113 (113)
(37,90): 114 (114)
(37,91): 115 (115)
(37,92): 119 (120)
(37,93): 120 (121)
(37,94): 121 (122)
(37,95): 121 (122)
(37,96): 120 (121)
(37,97): 118 (119)
(37,98): 117 (118)
(37,99): 115 (116)
(37,100): 114 (114)
(37,101): 112 (112)
(37,102): 111 (111)
(37,103): 110 (110)
(37,104): 110 (110)
(37,105): 109 (109)
(37,106): 109 (110)
(37,107): 108 (109)
(37,108): 108 (109)
(37,109): 107 (108)
(37,110): 107 (108)
(37,111): 106 (107)
(37,112): 105 (106)
(37,113): 103 (104)
(37,114): 102 (102)
(37,115): 100 (101)
(37,116): 99 (99)
(37,117): 98 (99)
(37,118): 98 (99)
(37,119): 98 (99)
(37,120): 98 (99)
(37,121): 98 (99)
(37,122): 98 (99)
(37,123): 97 (98)
(37,124): 96 (97)
(37,125): 92 (93)
(37,126): 83 (84)
(37,127): 68 (70)
(38,0): 51 (52)
(38,1): 64 (65)
(38,2): 75 (75)
(38,3): 88 (89)
(38,4): 98 (100)
(38,5): 103 (104)
(38,6): 104 (105)
(38,7): 106 (107)
(38,8): 108 (109)
(38,9): 108 (110)
(38,10): 107 (108)
(38,11): 106 (107)
(38,12): 104 (105)
(38,13): 103 (105)
(38,14): 100 (101)
(38,15): 97 (98)
(38,16): 94 (94)
(38,17): 93 (93)
(38,18): 93 (93)
(38,19): 93 (93)
(38,20): 92 (93)
(38,21): 92 (93)
(38,22): 92 (93)
(38,23): 92 (93)
(38,24): 93 (93)
(38,25): 94 (94)
(38,26): 95 (96)
(38,27): 97 (97)
(38,28): 99 (99)
(38,29): 102 (102)
(38,30): 104 (105)
(38,31): 107 (108)
(38,32): 110 (111)
(38,33): 112 (115)
(38,34): 111 (113)
(38,35): 110 (112)
(38,36): 107 (107)
(38,37): 103 (103)
(38,38): 99 (99)
(38,39): 97 (96)
(38,40): 96 (96)
(38,41): 97 (96)
(38,42): 99 (99)
(38,43): 102 (102)
(38,44): 106 (106)
(38,45): 108 (109)
(38,46): 110 (111)
(38,47): 110 (110)
(38,48): 110 (111)
(38,49): 108 (108)
(38,50): 105 (106)
(38,51): 102 (101)
(38,52): 101 (102)
(38,53): 97 (97)
(38,54): 97 (98)
(38,55): 95 (95)
(38,56): 94 (95)
(38,57): 91 (92)
(38,58): 89 (90)
(38,59): 87 (87)
(38,60): 85 (85)
(38,61): 83 (83)
(38,62): 81 (81)
(38,63): 79 (79)
(38,64): 79 (79)
(38,65): 79 (79)
(38,66): 80 (80)
(38,67): 82 (82)
(38,68): 84 (84)
(38,69): 86 (86)
(38,70): 88 (88)
(38,71): 90 (90)
(38,72): 92 (92)
(38,73): 93 (93)
(38,74): 95 (95)
(38,75): 98 (98)
(38,76): 100 (100)
(38,77): 103 (103)
(38,78): 105 (106)
(38,79): 107 (107)
(38,80): 109 (110)
(38,81): 111 (112)
(38,82): 113 (114)
(38,83): 114 (114)
(38,84): 113 (114)
(38,85): 112 (112)
(38,86): 111 (111)
(38,87): 109 (109)
(38,88): 109 (109)
(38,89): 108 (108)
(38,90): 109 (109)
(38,91): 110 (110)
(38,92): 114 (115)
(38,93): 116 (116)
(38,94): 117 (118)
(38,95): 117 (118)
(38,96): 118 (119)
(38,97): 117 (118)
(38,98): 115 (116)
(38,99): 113 (114)
(38,100): 112 (112)
(38,101): 110 (110)
(38,102): 109 (110)
(38,103): 109 (109)
(38,104): 109 (109)
(38,105): 108 (109)
(38,106): 108 (109)
(38,107): 108 (108)
(38,108): 108 (109)
(38,109): 108 (108)
(38,110): 107 (108)
(38,111): 107 (107)
(38,112): 106 (107)
(38,113): 105 (105)
(38,114): 103 (104)
(38,115): 102 (102)
(38,116): 101 (101)
(38,117): 100 (101)
(38,118): 100 (100)
(38,119): 100 (100)
(38,120): 100 (101)
(38,121): 99 (100)
(38,122): 99 (100)
(38,123): 99 (100)
(38,124): 98 (99)
(38,125): 95 (97)
(38,126): 87 (89)
(38,127): 71 (75)
(39,0): 53 (55)
(39,1): 65 (65)
(39,2): 77 (77)
(39,3): 90 (92)
(39,4): 100 (102)
(39,5): 105 (107)
(39,6): 107 (108)
(39,7): 108 (109)
(39,8): 109 (110)
(39,9): 109 (111)
(39,10): 108 (109)
(39,11): 107 (108)
(39,12): 104 (105)
(39,13): 102 (104)
(39,14): 99 (99)
(39,15): 96 (96)
(39,16): 93 (93)
(39,17): 93 (93)
(39,18): 92 (92)
(39,19): 92 (93)
(39,20): 92 (92)
(39,21): 91 (92)
(39,22): 91 (91)
(39,23): 90 (91)
(39,24): 91 (91)
(39,25): 92 (92)
(39,26): 93 (94)
(39,27): 96 (96)
(39,28): 99 (99)
(39,29): 103 (104)
(39,30): 106 (106)
(39,31): 108 (109)
(39,32): 109 (108)
(39,33): 112 (112)
(39,34): 110 (109)
(39,35): 109 (110)
(39,36): 105 (105)
(39,37): 99 (99)
(39,38): 96 (96)
(39,39): 95 (94)
(39,40): 95 (95)
(39,41): 95 (95)
(39,42): 97 (97)
(39,43): 100 (99)
(39,44): 104 (104)
(39,45): 107 (108)
(39,46): 110 (111)
(39,47): 109 (110)
(39,48): 110 (111)
(39,49): 107 (108)
(39,50): 106 (107)
(39,51): 103 (103)
(39,52): 102 (103)
(39,53): 100 (100)
(39,54): 99 (101)
(39,55): 97 (99)
(39,56): 95 (97)
(39,57): 92 (93)
(39,58): 89 (90)
(39,59): 86 (87)
(39,60): 84 (85)
(39,61): 82 (82)
(39,62): 80 (81)
(39,63): 79 (79)
(39,64): 79 (79)
(39,65): 79 (79)
(39,66): 80 (80)
(39,67): 81 (81)
(39,68): 84 (84)
(39,69): 87 (87)
(39,70): 89 (89)
(39,71): 91 (91)
(39,72): 92 (92)
(39,73): 94 (94)
(39,74): 96 (96)
(39,75): 98 (98)
(39,76): 100 (100)
(39,77): 102 (103)
(39,78): 104 (105)
(39,79): 105 (106)
(39,80): 107 (108)
(39,81): 108 (109)
(39,82): 109 (110)
(39,83): 110 (111)
(39,84): 109 (110)
(39,85): 108 (108)
(39,86): 107 (107)
(39,87): 106 (106)
(39,88): 106 (106)
(39,89): 105 (105)
(39,90): 106 (106)
(39,91): 107 (107)
(39,92): 109 (110)
(39,93): 111 (112)
(39,94): 113 (114)
(39,95): 113 (114)
(39,96): 114 (115)
(39,97): 114 (115)
(39,98): 113 (114)
(39,99): 111 (111)
(39,100): 110 (110)
(39,101): 109 (109)
(39,102): 108 (109)
(39,103): 108 (108)
(39,104): 108 (109)
(39,105): 108 (108)
(39,106): 108 (109)
(39,107): 108 (108)
(39,108): 108 (109)
(39,109): 108 (109)
(39,110): 108 (109)
(39,111): 107 (108)
(39,112): 107 (108)
(39,113): 106 (106)
(39,114): 104 (105)
(39,115): 103 (104)
(39,116): 102 (103)
(39,117): 102 (103)
(39,118): 101 (102)
(39,119): 101 (102)
(39,120): 101 (101)
(39,121): 100 (100)
(39,122): 100 (100)
(39,123): 99 (100)
(39,124): 98 (99)
(39,125): 96 (97)
(39,126): 87 (89)
(39,127): 70 (71)
(40,0): 53 (54)
(40,1): 65 (66)
(40,2): 78 (79)
(40,3): 91 (93)
(40,4): 99 (101)
(40,5): 104 (106)
(40,6): 106 (108)
(40,7): 107 (109)
(40,8): 108 (109)
(40,9): 107 (109)
(40,10): 107 (108)
(40,11): 105 (107)
(40,12): 102 (103)
(40,13): 100 (100)
(40,14): 98 (98)
(40,15): 96 (96)
(40,16): 94 (94)
(40,17): 93 (94)
(40,18): 92 (93)
(40,19): 92 (92)
(40,20): 91 (91)
(40,21): 89 (90)
(40,22): 89 (89)
(40,23): 88 (88)
(40,24): 89 (89)
(40,25): 90 (90)
(40,26): 91 (91)
(40,27): 94 (95)
(40,28): 99 (100)
(40,29): 103 (103)
(40,30): 108 (109)
(40,31): 115 (117)
(40,32): 115 (117)
(40,33): 117 (121)
(40,34): 113 (114)
(40,35): 110 (112)
(40,36): 105 (105)
(40,37): 99 (99)
(40,38): 96 (96)
(40,39): 95 (95)
(40,40): 95 (95)
(40,41): 95 (95)
(40,42): 97 (97)
(40,43): 100 (100)
(40,44): 103 (104)
(40,45): 106 (107)
(40,46): 108 (109)
(40,47): 108 (108)
(40,48): 108 (109)
(40,49): 107 (107)
(40,50): 106 (107)
(40,51): 103 (103)
(40,52): 102 (103)
(40,53): 100 (100)
(40,54): 99 (101)
(40,55): 96 (97)
(40,56): 94 (95)
(40,57): 91 (91)
(40,58): 88 (88)
(40,59): 85 (85)
(40,60): 83 (83)
(40,61): 81 (81)
(40,62): 80 (80)
(40,63): 79 (79)
(40,64): 78 (78)
(40,65): 79 (78)
(40,66): 80 (80)
(40,67): 83 (83)
(40,68): 86 (86)
(40,69): 89 (89)
(40,70): 91 (91)
(40,71): 92 (92)
(40,72): 93 (93)
(40,73): 95 (95)
(40,74): 97 (98)
(40,75): 98 (99)
(40,76): 100 (101)
(40,77): 101 (102)
(40,78): 103 (104)
(40,79): 104 (104)
(40,80): 104 (105)
(40,81): 105 (105)
(40,82): 105 (105)
(40,83): 105 (106)
(40,84): 105 (106)
(40,85): 105 (105)
(40,86): 104 (104)
(40,87): 104 (104)
(40,88): 104 (104)
(40,89): 103 (103)
(40,90): 104 (104)
(40,91): 103 (103)
(40,92): 105 (105)
(40,93): 106 (106)
(40,94): 108 (108)
(40,95): 108 (108)
(40,96): 110 (110)
(40,97): 110 (110)
(40,98): 110 (110)
(40,99): 109 (109)
(40,100): 109 (109)
(40,101): 108 (108)
(40,102): 108 (108)
(40,103): 108 (108)
(40,104): 107 (108)
(40,105): 107 (107)
(40,106): 107 (107)
(40,107): 107 (107)
(40,108): 107 (108)
(40,109): 108 (108)
(40,110): 108 (109)
(40,111): 108 (109)
(40,112): 107 (108)
(40,113): 106 (107)
(40,114): 105 (106)
(40,115): 104 (105)
(40,116): 104 (104)
(40,117): 103 (104)
(40,118): 102 (103)
(40,119): 102 (103)
(40,120): 101 (102)
(40,121): 100 (101)
(40,122): 100 (101)
(40,123): 99 (100)
(40,124): 98 (99)
(40,125): 96 (97)
(40,126): 89 (91)
(40,127): 73 (77)
(41,0): 56 (59)
(41,1): 67 (68)
(41,2): 78 (79)
(41,3): 88 (90)
(41,4): 94 (95)
(41,5): 98 (99)
(41,6): 101 (102)
(41,7): 103 (104)
(41,8): 103 (104)
(41,9): 102 (103)
(41,10): 101 (102)
(41,11): 100 (101)
(41,12): 98 (99)
(41,13): 97 (97)
(41,14): 96 (97)
(41,15): 96 (96)
(41,16): 95 (95)
(41,17): 94 (95)
(41,18): 93 (93)
(41,19): 92 (92)
(41,20): 90 (90)
(41,21): 88 (88)
(41,22): 86 (86)
(41,23): 86 (86)
(41,24): 87 (87)
(41,25): 88 (88)
(41,26): 90 (90)
(41,27): 93 (93)
(41,28): 96 (97)
(41,29): 101 (102)
(41,30): 106 (106)
(41,31): 114 (116)
(41,32): 113 (113)
(41,33): 114 (115)
(41,34): 110 (109)
(41,35): 108 (109)
(41,36): 105 (105)
(41,37): 101 (101)
(41,38): 98 (98)
(41,39): 96 (96)
(41,40): 95 (95)
(41,41): 95 (95)
(41,42): 97 (97)
(41,43): 100 (101)
(41,44): 104 (105)
(41,45): 105 (106)
(41,46): 107 (108)
(41,47): 107 (107)
(41,48): 107 (108)
(41,49): 106 (106)
(41,50): 106 (107)
(41,51): 103 (104)
(41,52): 103 (104)
(41,53): 100 (101)
(41,54): 98 (99)
(41,55): 95 (95)
(41,56): 92 (92)
(41,57): 89 (89)
(41,58): 87 (87)
(41,59): 85 (85)
(41,60): 83 (84)
(41,61): 82 (82)
(41,62): 81 (81)
(41,63): 80 (80)
(41,64): 80 (80)
(41,65): 81 (81)
(41,66): 84 (84)
(41,67): 86 (87)
(41,68): 89 (90)
(41,69): 91 (92)
(41,70): 93 (94)
(41,71): 94 (95)
(41,72): 95 (96)
(41,73): 96 (97)
(41,74): 97 (98)
(41,75): 98 (99)
(41,76): 100 (100)
(41,77): 101 (101)
(41,78): 101 (102)
(41,79): 102 (102)
(41,80): 102 (102)
(41,81): 101 (101)
(41,82): 101 (101)
(41,83): 102 (102)
(41,84): 102 (102)
(41,85): 102 (102)
(41,86): 102 (103)
(41,87): 102 (102)
(41,88): 102 (102)
(41,89): 102 (102)
(41,90): 102 (102)
(41,91): 102 (102)
(41,92): 103 (103)
(41,93): 104 (104)
(41,94): 105 (105)
(41,95): 106 (106)
(41,96): 107 (107)
(41,97): 108 (108)
(41,98): 109 (109)
(41,99): 109 (109)
(41,100): 108 (109)
(41,101): 108 (108)
(41,102): 108 (108)
(41,103): 107 (107)
(41,104): 107 (108)
(41,105): 106 (107)
(41,106): 106 (107)
(41,107): 106 (107)
(41,108): 107 (108)
(41,109): 108 (108)
(41,110): 108 (109)
(41,111): 108 (109)
(41,112): 108 (108)
(41,113): 107 (107)
(41,114): 106 (107)
(41,115): 105 (106)
(41,116): 104 (105)
(41,117): 104 (104)
(41,118): 103 (103)
(41,119): 102 (103)
(41,120): 101 (102)
(41,121): 101 (101)
(41,122): 100 (100)
(41,123): 99 (99)
(41,124): 98 (99)
(41,125): 96 (97)
(41,126): 88 (89)
(41,127): 69 (70)
(42,0): 54 (55)
(42,1): 65 (66)
(42,2): 75 (76)
(42,3): 82 (83)
(42,4): 87 (88)
(42,5): 91 (91)
(42,6): 93 (94)
(42,7): 95 (96)
(42,8): 96 (97)
(42,9): 96 (96)
(42,10): 95 (95)
(42,11): 95 (95)
(42,12): 96 (96)
(42,13): 96 (96)
(42,14): 96 (96)
(42,15): 96 (97)
(42,16): 95 (96)
(42,17): 95 (96)
(42,18): 94 (95)
(42,19): 92 (93)
(42,20): 89 (90)
(42,21): 86 (86)
(42,22): 84 (84)
(42,23): 84 (84)
(42,24): 85 (85)
(42,25): 87 (87)
(42,26): 89 (89)
(42,27): 91 (92)
(42,28): 94 (94)
(42,29): 98 (99)
(42,30): 105 (107)
(42,31): 113 (115)
(42,32): 113 (114)
(42,33): 114 (116)
(42,34): 110 (111)
(42,35): 108 (109)
(42,36): 105 (106)
(42,37): 102 (103)
(42,38): 99 (100)
(42,39): 95 (96)
(42,40): 94 (94)
(42,41): 94 (94)
(42,42): 96 (96)
(42,43): 99 (100)
(42,44): 102 (103)
(42,45): 103 (104)
(42,46): 105 (106)
(42,47): 105 (105)
(42,48): 105 (106)
(42,49): 104 (104)
(42,50): 104 (105)
(42,51): 102 (103)
(42,52): 101 (102)
(42,53): 98 (99)
(42,54): 96 (96)
(42,55): 92 (92)
(42,56): 90 (90)
(42,57): 88 (88)
(42,58): 86 (86)
(42,59): 85 (85)
(42,60): 84 (84)
(42,61): 82 (82)
(42,62): 82 (82)
(42,63): 82 (82)
(42,64): 83 (83)
(42,65): 85 (85)
(42,66): 87 (88)
(42,67): 90 (90)
(42,68): 92 (93)
(42,69): 93 (94)
(42,70): 94 (95)
(42,71): 95 (95)
(42,72): 96 (97)
(42,73): 96 (97)
(42,74): 97 (98)
(42,75): 98 (99)
(42,76): 99 (100)
(42,77): 100 (100)
(42,78): 100 (100)
(42,79): 100 (100)
(42,80): 100 (100)
(42,81): 100 (100)
(42,82): 100 (100)
(42,83): 100 (100)
(42,84): 101 (101)
(42,85): 101 (101)
(42,86): 102 (102)
(42,87): 102 (102)
(42,88): 102 (102)
(42,89): 102 (102)
(42,90): 102 (102)
(42,91): 102 (102)
(42,92): 103 (103)
(42,93): 103 (103)
(42,94): 104 (104)
(42,95): 105 (105)
(42,96): 106 (106)
(42,97): 107 (107)
(42,98): 108 (109)
(42,99): 109 (109)
(42,100): 109 (109)
(42,101): 108 (109)
(42,102): 108 (108)
(42,103): 107 (107)
(42,104): 107 (107)
(42,105): 105 (105)
(42,106): 106 (106)
(42,107): 105 (105)
(42,108): 107 (107)
(42,109): 107 (107)
(42,110): 108 (108)
(42,111): 108 (109)
(42,112): 108 (108)
(42,113): 107 (108)
(42,114): 107 (107)
(42,115): 106 (106)
(42,116): 105 (105)
(42,117): 104 (105)
(42,118): 103 (104)
(42,119): 103 (103)
(42,120): 102 (102)
(42,121): 101 (101)
(42,122): 100 (101)
(42,123): 100 (100)
(42,124): 99 (100)
(42,125): 97 (98)
(42,126): 90 (92)
(42,127): 74 (78)
(43,0): 56 (59)
(43,1): 66 (67)
(43,2): 72 (72)
(43,3): 78 (78)
(43,4): 82 (82)
(43,5): 86 (86)
(43,6): 88 (88)
(43,7): 90 (90)
(43,8): 91 (91)
(43,9): 91 (91)
(43,10): 91 (91)
(43,11): 92 (92)
(43,12): 93 (94)
(43,13): 94 (95)
(43,14): 95 (96)
(43,15): 95 (96)
(43,16): 95 (96)
(43,17): 95 (96)
(43,18): 94 (95)
(43,19): 92 (93)
(43,20): 88 (88)
(43,21): 83 (83)
(43,22): 82 (81)
(43,23): 83 (83)
(43,24): 84 (85)
(43,25): 86 (87)
(43,26): 87 (88)
(43,27): 89 (90)
(43,28): 91 (92)
(43,29): 95 (95)
(43,30): 99 (100)
(43,31): 104 (105)
(43,32): 107 (107)
(43,33): 109 (111)
(43,34): 107 (108)
(43,35): 106 (107)
(43,36): 104 (105)
(43,37): 103 (104)
(43,38): 99 (100)
(43,39): 94 (94)
(43,40): 91 (91)
(43,41): 91 (91)
(43,42): 93 (94)
(43,43): 96 (97)
(43,44): 99 (100)
(43,45): 101 (102)
(43,46): 102 (103)
(43,47): 102 (103)
(43,48): 103 (104)
(43,49): 103 (104)
(43,50): 103 (104)
(43,51): 101 (102)
(43,52): 99 (100)
(43,53): 97 (97)
(43,54): 94 (94)
(43,55): 91 (91)
(43,56): 89 (89)
(43,57): 88 (88)
(43,58): 86 (87)
(43,59): 85 (86)
(43,60): 85 (85)
(43,61): 84 (85)
(43,62): 84 (85)
(43,63): 85 (86)
(43,64): 87 (88)
(43,65): 88 (89)
(43,66): 91 (92)
(43,67): 92 (93)
(43,68): 94 (96)
(43,69): 95 (96)
(43,70): 96 (98)
(43,71): 96 (97)
(43,72): 97 (98)
(43,73): 96 (97)
(43,74): 97 (97)
(43,75): 98 (98)
(43,76): 98 (99)
(43,77): 99 (100)
(43,78): 100 (100)
(43,79): 100 (100)
(43,80): 100 (100)
(43,81): 100 (100)
(43,82): 100 (100)
(43,83): 101 (101)
(43,84): 101 (101)
(43,85): 102 (102)
(43,86): 103 (103)
(43,87): 103 (103)
(43,88): 103 (103)
(43,89): 103 (103)
(43,90): 103 (103)
(43,91): 103 (103)
(43,92): 104 (104)
(43,93): 104 (104)
(43,94): 105 (105)
(43,95): 106 (106)
(43,96): 107 (107)
(43,97): 108 (108)
(43,98): 108 (109)
(43,99): 109 (109)
(43,100): 109 (110)
(43,101): 109 (109)
(43,102): 108 (109)
(43,103): 108 (108)
(43,104): 107 (108)
(43,105): 106 (106)
(43,106): 106 (107)
(43,107): 106 (106)
(43,108): 107 (108)
(43,109): 107 (108)
(43,110): 108 (109)
(43,111): 108 (109)
(43,112): 108 (109)
(43,113): 108 (108)
(43,114): 107 (108)
(43,115): 106 (107)
(43,116): 105 (106)
(43,117): 105 (105)
(43,118): 104 (104)
(43,119): 103 (103)
(43,120): 102 (103)
(43,121): 102 (102)
(43,122): 101 (102)
(43,123): 101 (101)
(43,124): 100 (100)
(43,125): 97 (98)
(43,126): 91 (92)
(43,127): 72 (73)
(44,0): 51 (52)
(44,1): 64 (64)
(44,2): 70 (71)
(44,3): 76 (76)
(44,4): 79 (80)
(44,5): 82 (83)
(44,6): 84 (85)
(44,7): 86 (86)
(44,8): 87 (87)
(44,9): 88 (88)
(44,10): 89 (89)
(44,11): 90 (91)
(44,12): 92 (92)
(44,13): 93 (94)
(44,14): 94 (95)
(44,15): 95 (96)
(44,16): 95 (96)
(44,17): 95 (96)
(44,18): 94 (96)
(44,19): 92 (93)
(44,20): 84 (85)
(44,21): 81 (80)
(44,22): 80 (80)
(44,23): 82 (82)
(44,24): 84 (84)
(44,25): 85 (86)
(44,26): 86 (86)
(44,27): 87 (87)
(44,28): 88 (88)
(44,29): 90 (91)
(44,30): 93 (93)
(44,31): 95 (96)
(44,32): 99 (99)
(44,33): 102 (103)
(44,34): 105 (106)
(44,35): 104 (105)
(44,36): 103 (104)
(44,37): 101 (102)
(44,38): 96 (97)
(44,39): 90 (90)
(44,40): 87 (86)
(44,41): 87 (87)
(44,42): 90 (90)
(44,43): 93 (94)
(44,44): 96 (96)
(44,45): 97 (98)
(44,46): 99 (99)
(44,47): 99 (100)
(44,48): 100 (100)
(44,49): 100 (101)
(44,50): 100 (100)
(44,51): 99 (99)
(44,52): 98 (98)
(44,53): 96 (96)
(44,54): 93 (94)
(44,55): 91 (91)
(44,56): 89 (89)
(44,57): 88 (88)
(44,58): 87 (87)
(44,59): 86 (86)
(44,60): 85 (86)
(44,61): 86 (86)
(44,62): 86 (87)
(44,63): 87 (88)
(44,64): 89 (90)
(44,65): 90 (91)
(44,66): 91 (92)
(44,67): 92 (92)
(44,68): 93 (93)
(44,69): 94 (93)
(44,70): 95 (96)
(44,71): 95 (95)
(44,72): 96 (96)
(44,73): 95 (95)
(44,74): 96 (96)
(44,75): 97 (97)
(44,76): 98 (98)
(44,77): 99 (99)
(44,78): 100 (100)
(44,79): 100 (100)
(44,80): 101 (101)
(44,81): 102 (102)
(44,82): 102 (102)
(44,83): 103 (103)
(44,84): 103 (103)
(44,85): 104 (104)
(44,86): 104 (104)
(44,87): 105 (105)
(44,88): 105 (105)
(44,89): 105 (105)
(44,90): 105 (105)
(44,91): 105 (106)
(44,92): 106 (106)
(44,93): 106 (106)
(44,94): 106 (106)
(44,95): 107 (107)
(44,96): 108 (108)
(44,97): 109 (109)
(44,98): 109 (110)
(44,99): 110 (110)
(44,100): 110 (110)
(44,101): 109 (110)
(44,102): 109 (109)
(44,103): 108 (108)
(44,104): 107 (108)
(44,105): 106 (106)
(44,106): 106 (106)
(44,107): 106 (106)
(44,108): 107 (107)
(44,109): 108 (108)
(44,110): 108 (109)
(44,111): 109 (109)
(44,112): 109 (109)
(44,113): 108 (109)
(44,114): 107 (108)
(44,115): 107 (107)
(44,116): 106 (106)
(44,117): 105 (105)
(44,118): 105 (105)
(44,119): 104 (104)
(44,120): 104 (104)
(44,121): 103 (103)
(44,122): 103 (103)
(44,123): 102 (103)
(44,124): 101 (102)
(44,125): 99 (100)
(44,126): 93 (95)
(44,127): 79 (84)
(45,0): 52 (54)
(45,1): 64 (65)
(45,2): 69 (70)
(45,3): 74 (75)
(45,4): 77 (78)
(45,5): 80 (80)
(45,6): 81 (82)
(45,7): 83 (83)
(45,8): 83 (83)
(45,9): 85 (85)
(45,10): 87 (87)
(45,11): 89 (89)
(45,12): 90 (91)
(45,13): 92 (92)
(45,14): 93 (94)
(45,15): 94 (95)
(45,16): 94 (95)
(45,17): 94 (95)
(45,18): 93 (94)
(45,19): 89 (89)
(45,20): 82 (81)
(45,21): 80 (79)
(45,22): 80 (80)
(45,23): 82 (82)
(45,24): 84 (85)
(45,25): 84 (85)
(45,26): 84 (85)
(45,27): 85 (85)
(45,28): 86 (86)
(45,29): 87 (87)
(45,30): 89 (89)
(45,31): 90 (90)
(45,32): 91 (91)
(45,33): 94 (94)
(45,34): 97 (98)
(45,35): 100 (101)
(45,36): 100 (101)
(45,37): 97 (98)
(45,38): 93 (93)
(45,39): 88 (88)
(45,40): 85 (85)
(45,41): 85 (84)
(45,42): 87 (87)
(45,43): 90 (91)
(45,44): 92 (93)
(45,45): 94 (95)
(45,46): 96 (96)
(45,47): 97 (97)
(45,48): 98 (98)
(45,49): 98 (99)
(45,50): 98 (98)
(45,51): 97 (98)
(45,52): 96 (97)
(45,53): 95 (96)
(45,54): 93 (93)
(45,55): 90 (91)
(45,56): 88 (89)
(45,57): 87 (88)
(45,58): 86 (87)
(45,59): 86 (87)
(45,60): 86 (87)
(45,61): 86 (87)
(45,62): 87 (88)
(45,63): 88 (89)
(45,64): 90 (91)
(45,65): 90 (91)
(45,66): 92 (93)
(45,67): 92 (93)
(45,68): 94 (96)
(45,69): 95 (96)
(45,70): 96 (98)
(45,71): 95 (96)
(45,72): 96 (97)
(45,73): 95 (96)
(45,74): 97 (98)
(45,75): 97 (97)
(45,76): 99 (99)
(45,77): 100 (100)
(45,78): 101 (102)
(45,79): 103 (103)
(45,80): 104 (104)
(45,81): 105 (105)
(45,82): 106 (106)
(45,83): 107 (107)
(45,84): 108 (108)
(45,85): 108 (108)
(45,86): 108 (108)
(45,87): 108 (108)
(45,88): 109 (109)
(45,89): 109 (109)
(45,90): 109 (109)
(45,91): 109 (109)
(45,92): 109 (109)
(45,93): 109 (109)
(45,94): 109 (109)
(45,95): 109 (109)
(45,96): 110 (110)
(45,97): 111 (111)
(45,98): 111 (111)
(45,99): 111 (111)
(45,100): 111 (111)
(45,101): 111 (111)
(45,102): 110 (111)
(45,103): 109 (110)
(45,104): 109 (109)
(45,105): 108 (108)
(45,106): 107 (108)
(45,107): 107 (107)
(45,108): 107 (108)
(45,109): 108 (108)
(45,110): 109 (110)
(45,111): 110 (110)
(45,112): 109 (109)
(45,113): 109 (109)
(45,114): 108 (108)
(45,115): 108 (108)
(45,116): 107 (107)
(45,117): 107 (107)
(45,118): 106 (106)
(45,119): 105 (105)
(45,120): 105 (105)
(45,121): 105 (105)
(45,122): 105 (105)
(45,123): 105 (106)
(45,124): 105 (105)
(45,125): 101 (102)
(45,126): 94 (95)
(45,127): 76 (78)
(46,0): 51 (52)
(46,1): 64 (65)
(46,2): 69 (70)
(46,3): 73 (73)
(46,4): 75 (76)
(46,5): 78 (78)
(46,6): 79 (79)
(46,7): 80 (81)
(46,8): 82 (82)
(46,9): 83 (83)
(46,10): 85 (85)
(46,11): 87 (87)
(46,12): 89 (90)
(46,13): 90 (91)
(46,14): 91 (92)
(46,15): 92 (93)
(46,16): 92 (93)
(46,17): 92 (93)
(46,18): 89 (90)
(46,19): 85 (85)
(46,20): 81 (81)
(46,21): 80 (80)
(46,22): 81 (82)
(46,23): 82 (83)
(46,24): 83 (84)
(46,25): 83 (83)
(46,26): 83 (83)
(46,27): 83 (83)
(46,28): 84 (84)
(46,29): 85 (85)
(46,30): 86 (86)
(46,31): 87 (87)
(46,32): 88 (88)
(46,33): 90 (90)
(46,34): 92 (92)
(46,35): 94 (95)
(46,36): 95 (96)
(46,37): 93 (94)
(46,38): 90 (91)
(46,39): 87 (87)
(46,40): 84 (84)
(46,41): 83 (83)
(46,42): 83 (83)
(46,43): 86 (87)
(46,44): 89 (90)
(46,45): 92 (93)
(46,46): 93 (93)
(46,47): 94 (95)
(46,48): 96 (96)
(46,49): 96 (97)
(46,50): 97 (97)
(46,51): 96 (97)
(46,52): 95 (96)
(46,53): 94 (95)
(46,54): 92 (93)
(46,55): 90 (91)
(46,56): 87 (88)
(46,57): 86 (87)
(46,58): 85 (86)
(46,59): 85 (86)
(46,60): 85 (85)
(46,61): 85 (86)
(46,62): 86 (87)
(46,63): 87 (88)
(46,64): 88 (89)
(46,65): 89 (89)
(46,66): 90 (91)
(46,67): 91 (91)
(46,68): 92 (93)
(46,69): 92 (92)
(46,70): 94 (94)
(46,71): 93 (93)
(46,72): 94 (94)
(46,73): 94 (94)
(46,74): 96 (96)
(46,75): 97 (97)
(46,76): 99 (99)
(46,77): 102 (102)
(46,78): 104 (104)
(46,79): 106 (106)
(46,80): 108 (108)
(46,81): 110 (110)
(46,82): 111 (112)
(46,83): 112 (113)
(46,84): 114 (114)
(46,85): 114 (114)
(46,86): 113 (114)
(46,87): 113 (114)
(46,88): 113 (114)
(46,89): 113 (114)
(46,90): 113 (114)
(46,91): 113 (114)
(46,92): 113 (114)
(46,93): 113 (113)
(46,94): 113 (113)
(46,95): 113 (113)
(46,96): 113 (113)
(46,97): 114 (114)
(46,98): 114 (114)
(46,99): 114 (114)
(46,100): 114 (114)
(46,101): 113 (113)
(46,102): 112 (112)
(46,103): 111 (111)
(46,104): 110 (110)
(46,105): 108 (108)
(46,106): 108 (108)
(46,107): 107 (107)
(46,108): 108 (108)
(46,109): 109 (109)
(46,110): 111 (111)
(46,111): 111 (112)
(46,112): 111 (111)
(46,113): 110 (110)
(46,114): 109 (109)
(46,115): 110 (110)
(46,116): 110 (110)
(46,117): 110 (110)
(46,118): 110 (110)
(46,119): 110 (110)
(46,120): 110 (110)
(46,121): 110 (110)
(46,122): 110 (110)
(46,123): 111 (111)
(46,124): 110 (111)
(46,125): 107 (108)
(46,126): 99 (101)
(46,127): 86 (91)
(47,0): 54 (57)
(47,1): 64 (65)
(47,2): 68 (69)
(47,3): 72 (73)
(47,4): 74 (75)
(47,5): 76 (77)
(47,6): 78 (78)
(47,7): 79 (79)
(47,8): 80 (80)
(47,9): 82 (82)
(47,10): 84 (84)
(47,11): 86 (86)
(47,12): 88 (89)
(47,13): 89 (90)
(47,14): 89 (90)
(47,15): 90 (90)
(47,16): 89 (90)
(47,17): 88 (89)
(47,18): 86 (86)
(47,19): 84 (84)
(47,20): 82 (82)
(47,21): 81 (82)
(47,22): 82 (82)
(47,23): 82 (83)
(47,24): 83 (84)
(47,25): 82 (83)
(47,26): 82 (83)
(47,27): 82 (83)
(47,28): 83 (84)
(47,29): 84 (84)
(47,30): 85 (85)
(47,31): 86 (86)
(47,32): 87 (87)
(47,33): 88 (88)
(47,34): 90 (90)
(47,35): 91 (91)
(47,36): 91 (92)
(47,37): 90 (91)
(47,38): 88 (89)
(47,39): 85 (85)
(47,40): 83 (83)
(47,41): 82 (82)
(47,42): 82 (82)
(47,43): 83 (83)
(47,44): 86 (87)
(47,45): 89 (90)
(47,46): 91 (91)
(47,47): 92 (93)
(47,48): 94 (94)
(47,49): 95 (96)
(47,50): 95 (96)
(47,51): 95 (96)
(47,52): 94 (95)
(47,53): 92 (93)
(47,54): 90 (90)
(47,55): 86 (87)
(47,56): 84 (84)
(47,57): 82 (82)
(47,58): 81 (82)
(47,59): 82 (82)
(47,60): 82 (83)
(47,61): 83 (83)
(47,62): 84 (84)
(47,63): 85 (86)
(47,64): 86 (87)
(47,65): 88 (88)
(47,66): 89 (90)
(47,67): 90 (91)
(47,68): 92 (93)
(47,69): 92 (93)
(47,70): 93 (94)
(47,71): 93 (93)
(47,72): 93 (94)
(47,73): 94 (95)
(47,74): 96 (97)
(47,75): 99 (100)
(47,76): 103 (104)
(47,77): 105 (106)
(47,78): 108 (108)
(47,79): 110 (110)
(47,80): 114 (115)
(47,81): 117 (118)
(47,82): 120 (120)
(47,83): 120 (121)
(47,84): 120 (121)
(47,85): 119 (120)
(47,86): 119 (120)
(47,87): 118 (119)
(47,88): 117 (118)
(47,89): 117 (118)
(47,90): 117 (118)
(47,91): 117 (118)
(47,92): 117 (118)
(47,93): 118 (119)
(47,94): 118 (119)
(47,95): 118 (119)
(47,96): 118 (119)
(47,97): 119 (119)
(47,98): 119 (120)
(47,99): 119 (119)
(47,100): 118 (119)
(47,101): 117 (118)
(47,102): 117 (117)
(47,103): 115 (116)
(47,104): 113 (114)
(47,105): 111 (111)
(47,106): 111 (111)
(47,107): 110 (110)
(47,108): 111 (111)
(47,109): 112 (112)
(47,110): 114 (115)
(47,111): 114 (115)
(47,112): 114 (114)
(47,113): 113 (113)
(47,114): 113 (113)
(47,115): 114 (114)
(47,116): 115 (115)
(47,117): 115 (116)
(47,118): 115 (116)
(47,119): 115 (116)
(47,120): 115 (116)
(47,121): 115 (116)
(47,122): 116 (117)
(47,123): 117 (118)
(47,124): 116 (118)
(47,125): 113 (114)
(47,126): 104 (106)
(47,127): 87 (91)
(48,0): 51 (53)
(48,1): 63 (64)
(48,2): 68 (69)
(48,3): 71 (72)
(48,4): 73 (74)
(48,5): 75 (76)
(48,6): 76 (77)
(48,7): 77 (78)
(48,8): 79 (79)
(48,9): 80 (81)
(48,10): 82 (83)
(48,11): 84 (85)
(48,12): 86 (87)
(48,13): 87 (88)
(48,14): 87 (88)
(48,15): 87 (88)
(48,16): 87 (87)
(48,17): 86 (87)
(48,18): 85 (85)
(48,19): 83 (84)
(48,20): 82 (83)
(48,21): 82 (83)
(48,22): 81 (82)
(48,23): 81 (81)
(48,24): 81 (82)
(48,25): 81 (81)
(48,26): 81 (81)
(48,27): 81 (81)
(48,28): 82 (82)
(48,29): 83 (83)
(48,30): 84 (84)
(48,31): 85 (86)
(48,32): 86 (87)
(48,33): 88 (88)
(48,34): 89 (89)
(48,35): 89 (90)
(48,36): 89 (89)
(48,37): 88 (88)
(48,38): 86 (86)
(48,39): 83 (84)
(48,40): 81 (81)
(48,41): 80 (80)
(48,42): 80 (80)
(48,43): 81 (81)
(48,44): 83 (83)
(48,45): 86 (86)
(48,46): 88 (89)
(48,47): 90 (91)
(48,48): 92 (92)
(48,49): 94 (95)
(48,50): 95 (96)
(48,51): 95 (96)
(48,52): 93 (94)
(48,53): 90 (91)
(48,54): 86 (86)
(48,55): 82 (82)
(48,56): 78 (78)
(48,57): 76 (76)
(48,58): 76 (76)
(48,59): 78 (78)
(48,60): 79 (80)
(48,61): 80 (80)
(48,62): 81 (81)
(48,63): 82 (82)
(48,64): 84 (85)
(48,65): 86 (87)
(48,66): 88 (88)
(48,67): 89 (89)
(48,68): 90 (90)
(48,69): 90 (90)
(48,70): 91 (91)
(48,71): 91 (91)
(48,72): 92 (92)
(48,73): 93 (93)
(48,74): 96 (96)
(48,75): 101 (102)
(48,76): 107 (109)
(48,77): 109 (110)
(48,78): 112 (112)
(48,79): 116 (116)
(48,80): 124 (125)
(48,81): 125 (126)
(48,82): 126 (127)
(48,83): 126 (127)
(48,84): 126 (127)
(48,85): 124 (125)
(48,86): 123 (124)
(48,87): 121 (122)
(48,88): 120 (121)
(48,89): 119 (120)
(48,90): 119 (120)
(48,91): 119 (120)
(48,92): 120 (121)
(48,93): 121 (122)
(48,94): 122 (123)
(48,95): 123 (124)
(48,96): 123 (124)
(48,97): 124 (125)
(48,98): 124 (125)
(48,99): 123 (124)
(48,100): 123 (124)
(48,101): 122 (123)
(48,102): 122 (123)
(48,103): 121 (122)
(48,104): 119 (120)
(48,105): 116 (116)
(48,106): 114 (114)
(48,107): 112 (111)
(48,108): 114 (115)
(48,109): 116 (117)
(48,110): 118 (119)
(48,111): 118 (119)
(48,112): 118 (119)
(48,113): 118 (119)
(48,114): 118 (119)
(48,115): 118 (119)
(48,116): 119 (120)
(48,117): 119 (120)
(48,118): 119 (120)
(48,119): 119 (120)
(48,120): 119 (120)
(48,121): 119 (120)
(48,122): 120 (121)
(48,123): 121 (122)
(48,124): 120 (122)
(48,125): 118 (120)
(48,126): 110 (113)
(48,127): 94 (99)
(49,0): 53 (56)
(49,1): 62 (63)
(49,2): 67 (68)
(49,3): 70 (71)
(49,4): 72 (73)
(49,5): 74 (74)
(49,6): 75 (75)
(49,7): 76 (77)
(49,8): 77 (78)
(49,9): 79 (80)
(49,10): 81 (82)
(49,11): 83 (84)
(49,12): 84 (85)
(49,13): 85 (86)
(49,14): 85 (86)
(49,15): 85 (85)
(49,16): 84 (84)
(49,17): 84 (85)
(49,18): 83 (83)
(49,19): 83 (83)
(49,20): 82 (83)
(49,21): 81 (82)
(49,22): 80 (81)
(49,23): 80 (80)
(49,24): 79 (80)
(49,25): 79 (80)
(49,26): 80 (81)
(49,27): 80 (81)
(49,28): 81 (82)
(49,29): 82 (83)
(49,30): 84 (84)
(49,31): 85 (85)
(49,32): 86 (86)
(49,33): 88 (88)
(49,34): 89 (89)
(49,35): 89 (90)
(49,36): 88 (88)
(49,37): 86 (87)
(49,38): 84 (85)
(49,39): 82 (82)
(49,40): 79 (79)
(49,41): 79 (79)
(49,42): 79 (79)
(49,43): 79 (80)
(49,44): 81 (81)
(49,45): 82 (83)
(49,46): 84 (84)
(49,47): 86 (86)
(49,48): 89 (89)
(49,49): 91 (92)
(49,50): 93 (94)
(49,51): 93 (94)
(49,52): 91 (92)
(49,53): 87 (87)
(49,54): 82 (82)
(49,55): 78 (78)
(49,56): 75 (75)
(49,57): 74 (73)
(49,58): 74 (73)
(49,59): 75 (75)
(49,60): 78 (78)
(49,61): 79 (79)
(49,62): 80 (80)
(49,63): 81 (81)
(49,64): 83 (83)
(49,65): 85 (85)
(49,66): 86 (87)
(49,67): 87 (88)
(49,68): 88 (89)
(49,69): 89 (89)
(49,70): 89 (90)
(49,71): 90 (90)
(49,72): 91 (91)
(49,73): 92 (92)
(49,74): 96 (97)
(49,75): 105 (105)
(49,76): 110 (111)
(49,77): 113 (114)
(49,78): 118 (118)
(49,79): 122 (122)
(49,80): 129 (131)
(49,81): 130 (131)
(49,82): 130 (132)
(49,83): 130 (131)
(49,84): 129 (130)
(49,85): 127 (128)
(49,86): 125 (126)
(49,87): 123 (124)
(49,88): 120 (121)
(49,89): 118 (119)
(49,90): 117 (119)
(49,91): 118 (119)
(49,92): 119 (121)
(49,93): 122 (123)
(49,94): 124 (125)
(49,95): 125 (126)
(49,96): 126 (127)
(49,97): 126 (127)
(49,98): 126 (127)
(49,99): 126 (127)
(49,100): 125 (126)
(49,101): 125 (126)
(49,102): 125 (126)
(49,103): 124 (125)
(49,104): 123 (124)
(49,105): 120 (121)
(49,106): 118 (119)
(49,107): 116 (116)
(49,108): 118 (119)
(49,109): 119 (120)
(49,110): 120 (121)
(49,111): 121 (122)
(49,112): 121 (122)
(49,113): 122 (123)
(49,114): 121 (122)
(49,115): 121 (122)
(49,116): 121 (122)
(49,117): 121 (122)
(49,118): 121 (122)
(49,119): 121 (122)
(49,120): 121 (122)
(49,121): 121 (122)
(49,122): 121 (122)
(49,123): 122 (123)
(49,124): 122 (123)
(49,125): 119 (121)
(49,126): 109 (111)
(49,127): 91 (93)
(50,0): 49 (51)
(50,1): 61 (62)
(50,2): 65 (66)
(50,3): 69 (70)
(50,4): 71 (72)
(50,5): 72 (73)
(50,6): 73 (73)
(50,7): 73 (74)
(50,8): 74 (75)
(50,9): 76 (76)
(50,10): 78 (78)
(50,11): 80 (81)
(50,12): 81 (82)
(50,13): 83 (83)
(50,14): 83 (84)
(50,15): 83 (84)
(50,16): 83 (83)
(50,17): 83 (84)
(50,18): 83 (83)
(50,19): 82 (83)
(50,20): 81 (82)
(50,21): 80 (81)
(50,22): 79 (80)
(50,23): 78 (78)
(50,24): 78 (78)
(50,25): 77 (77)
(50,26): 78 (78)
(50,27): 79 (79)
(50,28): 81 (81)
(50,29): 82 (82)
(50,30): 84 (84)
(50,31): 85 (86)
(50,32): 87 (87)
(50,33): 88 (89)
(50,34): 89 (90)
(50,35): 89 (90)
(50,36): 88 (88)
(50,37): 86 (86)
(50,38): 83 (83)
(50,39): 80 (80)
(50,40): 78 (78)
(50,41): 77 (77)
(50,42): 77 (77)
(50,43): 78 (78)
(50,44): 79 (79)
(50,45): 80 (80)
(50,46): 81 (81)
(50,47): 82 (82)
(50,48): 85 (85)
(50,49): 89 (89)
(50,50): 92 (93)
(50,51): 92 (93)
(50,52): 89 (90)
(50,53): 85 (85)
(50,54): 80 (80)
(50,55): 76 (76)
(50,56): 74 (74)
(50,57): 73 (73)
(50,58): 73 (73)
(50,59): 75 (75)
(50,60): 78 (79)
(50,61): 80 (80)
(50,62): 80 (80)
(50,63): 81 (81)
(50,64): 82 (82)
(50,65): 84 (84)
(50,66): 85 (86)
(50,67): 86 (86)
(50,68): 86 (87)
(50,69): 87 (87)
(50,70): 88 (88)
(50,71): 89 (89)
(50,72): 90 (90)
(50,73): 92 (92)
(50,74): 97 (97)
(50,75): 106 (107)
(50,76): 114 (115)
(50,77): 118 (118)
(50,78): 124 (125)
(50,79): 127 (127)
(50,80): 131 (132)
(50,81): 131 (132)
(50,82): 132 (133)
(50,83): 131 (131)
(50,84): 129 (130)
(50,85): 128 (129)
(50,86): 126 (127)
(50,87): 120 (121)
(50,88): 110 (110)
(50,89): 105 (105)
(50,90): 105 (105)
(50,91): 108 (108)
(50,92): 113 (114)
(50,93): 119 (120)
(50,94): 124 (125)
(50,95): 126 (127)
(50,96): 126 (127)
(50,97): 126 (127)
(50,98): 126 (127)
(50,99): 126 (127)
(50,100): 126 (127)
(50,101): 126 (127)
(50,102): 126 (127)
(50,103): 125 (126)
(50,104): 124 (125)
(50,105): 121 (122)
(50,106): 119 (120)
(50,107): 118 (118)
(50,108): 119 (119)
(50,109): 120 (120)
(50,110): 121 (122)
(50,111): 122 (123)
(50,112): 122 (123)
(50,113): 122 (123)
(50,114): 122 (123)
(50,115): 122 (123)
(50,116): 122 (123)
(50,117): 122 (123)
(50,118): 122 (123)
(50,119): 122 (123)
(50,120): 122 (122)
(50,121): 121 (122)
(50,122): 122 (123)
(50,123): 122 (122)
(50,124): 122 (123)
(50,125): 119 (120)
(50,126): 111 (113)
(50,127): 94 (99)
(51,0): 49 (51)
(51,1): 59 (60)
(51,2): 63 (64)
(51,3): 66 (67)
(51,4): 69 (70)
(51,5): 70 (70)
(51,6): 70 (71)
(51,7): 71 (71)
(51,8): 71 (71)
(51,9): 71 (71)
(51,10): 73 (73)
(51,11): 76 (76)
(51,12): 78 (79)
(51,13): 80 (81)
(51,14): 81 (82)
(51,15): 82 (82)
(51,16): 83 (83)
(51,17): 83 (83)
(51,18): 83 (83)
(51,19): 82 (82)
(51,20): 80 (80)
(51,21): 79 (79)
(51,22): 78 (78)
(51,23): 77 (77)
(51,24): 77 (78)
(51,25): 77 (77)
(51,26): 78 (79)
(51,27): 79 (79)
(51,28): 81 (81)
(51,29): 82 (82)
(51,30): 84 (84)
(51,31): 87 (87)
(51,32): 89 (89)
(51,33): 90 (90)
(51,34): 91 (91)
(51,35): 91 (91)
(51,36): 89 (90)
(51,37): 86 (87)
(51,38): 81 (81)
(51,39): 79 (79)
(51,40): 77 (77)
(51,41): 77 (77)
(51,42): 76 (77)
(51,43): 77 (77)
(51,44): 77 (77)
(51,45): 77 (77)
(51,46): 78 (78)
(51,47): 79 (79)
(51,48): 81 (81)
(51,49): 86 (86)
(51,50): 89 (90)
(51,51): 90 (91)
(51,52): 88 (88)
(51,53): 84 (84)
(51,54): 79 (79)
(51,55): 76 (76)
(51,56): 74 (74)
(51,57): 73 (73)
(51,58): 74 (74)
(51,59): 78 (79)
(51,60): 81 (82)
(51,61): 81 (82)
(51,62): 81 (81)
(51,63): 82 (82)
(51,64): 83 (83)
(51,65): 84 (84)
(51,66): 85 (85)
(51,67): 85 (86)
(51,68): 85 (85)
(51,69): 86 (86)
(51,70): 86 (86)
(51,71): 88 (88)
(51,72): 89 (89)
(51,73): 92 (92)
(51,74): 97 (97)
(51,75): 108 (109)
(51,76): 117 (118)
(51,77): 122 (123)
(51,78): 128 (129)
(51,79): 130 (131)
(51,80): 132 (134)
(51,81): 133 (134)
(51,82): 133 (134)
(51,83): 131 (132)
(51,84): 130 (131)
(51,85): 128 (130)
(51,86): 125 (126)
(51,87): 115 (116)
(51,88): 101 (100)
(51,89): 93 (91)
(51,90): 93 (92)
(51,91): 96 (95)
(51,92): 102 (102)
(51,93): 113 (114)
(51,94): 122 (123)
(51,95): 126 (127)
(51,96): 127 (128)
(51,97): 126 (127)
(51,98): 126 (127)
(51,99): 126 (127)
(51,100): 126 (127)
(51,101): 126 (127)
(51,102): 126 (127)
(51,103): 125 (126)
(51,104): 124 (125)
(51,105): 122 (123)
(51,106): 120 (121)
(51,107): 119 (119)
(51,108): 119 (120)
(51,109): 120 (120)
(51,110): 121 (122)
(51,111): 122 (123)
(51,112): 122 (123)
(51,113): 122 (123)
(51,114): 122 (123)
(51,115): 123 (124)
(51,116): 122 (123)
(51,117): 122 (123)
(51,118): 122 (123)
(51,119): 122 (123)
(51,120): 121 (122)
(51,121): 121 (122)
(51,122): 121 (122)
(51,123): 121 (122)
(51,124): 120 (121)
(51,125): 118 (119)
(51,126): 107 (109)
(51,127): 88 (91)
(52,0): 46 (47)
(52,1): 56 (57)
(52,2): 61 (62)
(52,3): 64 (65)
(52,4): 66 (67)
(52,5): 67 (68)
(52,6): 68 (68)
(52,7): 68 (68)
(52,8): 68 (68)
(52,9): 68 (68)
(52,10): 70 (70)
(52,11): 73 (73)
(52,12): 76 (76)
(52,13): 79 (79)
(52,14): 80 (81)
(52,15): 82 (82)
(52,16): 82 (83)
(52,17): 83 (84)
(52,18): 83 (84)
(52,19): 82 (83)
(52,20): 80 (80)
(52,21): 78 (78)
(52,22): 77 (77)
(52,23): 76 (76)
(52,24): 77 (77)
(52,25): 77 (77)
(52,26): 78 (78)
(52,27): 79 (79)
(52,28): 81 (81)
(52,29): 83 (84)
(52,30): 86 (86)
(52,31): 88 (89)
(52,32): 91 (92)
(52,33): 92 (93)
(52,34): 93 (94)
(52,35): 94 (95)
(52,36): 91 (93)
(52,37): 86 (87)
(52,38): 80 (80)
(52,39): 78 (78)
(52,40): 77 (77)
(52,41): 76 (77)
(52,42): 76 (76)
(52,43): 76 (76)
(52,44): 76 (76)
(52,45): 76 (76)
(52,46): 77 (77)
(52,47): 77 (77)
(52,48): 80 (80)
(52,49): 85 (85)
(52,50): 88 (89)
(52,51): 90 (91)
(52,52): 88 (89)
(52,53): 85 (85)
(52,54): 81 (81)
(52,55): 78 (78)
(52,56): 75 (75)
(52,57): 75 (75)
(52,58): 78 (78)
(52,59): 83 (84)
(52,60): 84 (85)
(52,61): 84 (84)
(52,62): 83 (83)
(52,63): 83 (83)
(52,64): 83 (83)
(52,65): 84 (84)
(52,66): 84 (85)
(52,67): 85 (85)
(52,68): 85 (85)
(52,69): 85 (85)
(52,70): 86 (86)
(52,71): 87 (88)
(52,72): 89 (89)
(52,73): 92 (92)
(52,74): 97 (97)
(52,75): 108 (109)
(52,76): 119 (121)
(52,77): 124 (125)
(52,78): 130 (131)
(52,79): 131 (132)
(52,80): 133 (134)
(52,81): 132 (133)
(52,82): 132 (132)
(52,83): 131 (131)
(52,84): 129 (130)
(52,85): 127 (128)
(52,86): 123 (124)
(52,87): 112 (113)
(52,88): 97 (96)
(52,89): 87 (86)
(52,90): 85 (84)
(52,91): 87 (86)
(52,92): 94 (93)
(52,93): 107 (107)
(52,94): 119 (120)
(52,95): 124 (125)
(52,96): 126 (127)
(52,97): 126 (126)
(52,98): 126 (126)
(52,99): 126 (126)
(52,100): 125 (126)
(52,101): 125 (126)
(52,102): 125 (126)
(52,103): 124 (125)
(52,104): 123 (124)
(52,105): 121 (122)
(52,106): 120 (120)
(52,107): 118 (118)
(52,108): 118 (119)
(52,109): 119 (119)
(52,110): 120 (121)
(52,111): 121 (122)
(52,112): 122 (123)
(52,113): 122 (123)
(52,114): 122 (122)
(52,115): 121 (122)
(52,116): 121 (122)
(52,117): 121 (122)
(52,118): 121 (122)
(52,119): 121 (122)
(52,120): 120 (121)
(52,121): 120 (121)
(52,122): 119 (120)
(52,123): 119 (120)
(52,124): 119 (120)
(52,125): 116 (117)
(52,126): 107 (110)
(52,127): 90 (95)
(53,0): 46 (48)
(53,1): 55 (56)
(53,2): 60 (61)
(53,3): 63 (63)
(53,4): 65 (65)
(53,5): 66 (66)
(53,6): 66 (66)
(53,7): 66 (66)
(53,8): 66 (66)
(53,9): 68 (67)
(53,10): 70 (70)
(53,11): 72 (72)
(53,12): 75 (75)
(53,13): 78 (78)
(53,14): 80 (80)
(53,15): 81 (82)
(53,16): 82 (83)
(53,17): 83 (84)
(53,18): 83 (84)
(53,19): 82 (83)
(53,20): 80 (80)
(53,21): 78 (78)
(53,22): 77 (77)
(53,23): 78 (78)
(53,24): 78 (79)
(53,25): 79 (79)
(53,26): 80 (80)
(53,27): 81 (81)
(53,28): 83 (83)
(53,29): 85 (86)
(53,30): 88 (88)
(53,31): 90 (91)
(53,32): 93 (94)
(53,33): 95 (96)
(53,34): 96 (98)
(53,35): 96 (98)
(53,36): 90 (91)
(53,37): 82 (83)
(53,38): 79 (79)
(53,39): 77 (77)
(53,40): 76 (76)
(53,41): 76 (76)
(53,42): 76 (76)
(53,43): 76 (76)
(53,44): 76 (76)
(53,45): 76 (76)
(53,46): 77 (77)
(53,47): 77 (77)
(53,48): 80 (80)
(53,49): 84 (84)
(53,50): 88 (88)
(53,51): 90 (91)
(53,52): 89 (89)
(53,53): 86 (87)
(53,54): 82 (82)
(53,55): 79 (79)
(53,56): 77 (77)
(53,57): 78 (78)
(53,58): 81 (81)
(53,59): 85 (86)
(53,60): 86 (87)
(53,61): 86 (87)
(53,62): 85 (85)
(53,63): 84 (84)
(53,64): 84 (84)
(53,65): 85 (85)
(53,66): 85 (85)
(53,67): 85 (85)
(53,68): 84 (84)
(53,69): 85 (85)
(53,70): 85 (85)
(53,71): 87 (88)
(53,72): 89 (89)
(53,73): 92 (92)
(53,74): 96 (96)
(53,75): 107 (107)
(53,76): 117 (118)
(53,77): 125 (126)
(53,78): 130 (132)
(53,79): 131 (133)
(53,80): 132 (133)
(53,81): 131 (132)
(53,82): 131 (132)
(53,83): 130 (131)
(53,84): 128 (129)
(53,85): 126 (127)
(53,86): 122 (123)
(53,87): 111 (112)
(53,88): 96 (95)
(53,89): 85 (84)
(53,90): 83 (82)
(53,91): 84 (83)
(53,92): 89 (88)
(53,93): 101 (101)
(53,94): 116 (117)
(53,95): 123 (124)
(53,96): 125 (126)
(53,97): 125 (126)
(53,98): 125 (126)
(53,99): 125 (125)
(53,100): 124 (125)
(53,101): 124 (125)
(53,102): 124 (125)
(53,103): 123 (124)
(53,104): 122 (123)
(53,105): 120 (121)
(53,106): 119 (119)
(53,107): 118 (118)
(53,108): 117 (118)
(53,109): 118 (118)
(53,110): 119 (120)
(53,111): 120 (121)
(53,112): 120 (121)
(53,113): 120 (121)
(53,114): 120 (121)
(53,115): 120 (121)
(53,116): 120 (121)
(53,117): 120 (121)
(53,118): 120 (121)
(53,119): 119 (120)
(53,120): 119 (119)
(53,121): 118 (119)
(53,122): 117 (118)
(53,123): 117 (117)
(53,124): 116 (117)
(53,125): 113 (114)
(53,126): 102 (103)
(53,127): 83 (85)
(54,0): 45 (46)
(54,1): 54 (55)
(54,2): 59 (60)
(54,3): 62 (62)
(54,4): 64 (64)
(54,5): 65 (65)
(54,6): 66 (66)
(54,7): 66 (66)
(54,8): 67 (67)
(54,9): 69 (69)
(54,10): 71 (71)
(54,11): 73 (73)
(54,12): 76 (76)
(54,13): 78 (78)
(54,14): 80 (81)
(54,15): 81 (82)
(54,16): 82 (83)
(54,17): 83 (84)
(54,18): 83 (84)
(54,19): 82 (83)
(54,20): 81 (81)
(54,21): 79 (79)
(54,22): 78 (78)
(54,23): 79 (79)
(54,24): 79 (79)
(54,25): 80 (80)
(54,26): 81 (81)
(54,27): 82 (83)
(54,28): 84 (85)
(54,29): 87 (87)
(54,30): 90 (90)
(54,31): 93 (93)
(54,32): 96 (97)
(54,33): 97 (99)
(54,34): 98 (100)
(54,35): 94 (96)
(54,36): 85 (85)
(54,37): 79 (79)
(54,38): 77 (77)
(54,39): 76 (77)
(54,40): 76 (76)
(54,41): 76 (76)
(54,42): 76 (76)
(54,43): 76 (76)
(54,44): 76 (76)
(54,45): 76 (76)
(54,46): 77 (77)
(54,47): 78 (78)
(54,48): 80 (80)
(54,49): 84 (84)
(54,50): 88 (89)
(54,51): 91 (93)
(54,52): 90 (91)
(54,53): 89 (90)
(54,54): 85 (85)
(54,55): 82 (82)
(54,56): 79 (79)
(54,57): 80 (80)
(54,58): 83 (83)
(54,59): 88 (89)
(54,60): 89 (90)
(54,61): 89 (90)
(54,62): 87 (87)
(54,63): 86 (86)
(54,64): 86 (86)
(54,65): 86 (87)
(54,66): 86 (86)
(54,67): 85 (85)
(54,68): 85 (85)
(54,69): 85 (85)
(54,70): 86 (86)
(54,71): 88 (88)
(54,72): 90 (90)
(54,73): 93 (93)
(54,74): 97 (97)
(54,75): 106 (106)
(54,76): 114 (114)
(54,77): 122 (123)
(54,78): 128 (129)
(54,79): 129 (130)
(54,80): 129 (130)
(54,81): 129 (130)
(54,82): 129 (130)
(54,83): 128 (129)
(54,84): 127 (128)
(54,85): 125 (126)
(54,86): 122 (123)
(54,87): 113 (114)
(54,88): 98 (98)
(54,89): 87 (86)
(54,90): 84 (83)
(54,91): 84 (84)
(54,92): 87 (86)
(54,93): 99 (98)
(54,94): 113 (114)
(54,95): 121 (122)
(54,96): 123 (124)
(54,97): 124 (124)
(54,98): 124 (124)
(54,99): 123 (124)
(54,100): 123 (124)
(54,101): 123 (124)
(54,102): 122 (123)
(54,103): 121 (122)
(54,104): 120 (121)
(54,105): 119 (119)
(54,106): 117 (118)
(54,107): 116 (116)
(54,108): 116 (116)
(54,109): 116 (117)
(54,110): 117 (118)
(54,111): 118 (119)
(54,112): 118 (119)
(54,113): 118 (119)
(54,114): 118 (118)
(54,115): 117 (118)
(54,116): 117 (118)
(54,117): 117 (118)
(54,118): 117 (118)
(54,119): 117 (118)
(54,120): 116 (117)
(54,121): 116 (116)
(54,122): 115 (115)
(54,123): 114 (115)
(54,124): 113 (114)
(54,125): 109 (111)
(54,126): 98 (100)
(54,127): 83 (87)
(55,0): 47 (49)
(55,1): 54 (55)
(55,2): 60 (60)
(55,3): 63 (63)
(55,4): 66 (66)
(55,5): 66 (66)
(55,6): 67 (67)
(55,7): 68 (68)
(55,8): 70 (70)
(55,9): 72 (72)
(55,10): 74 (74)
(55,11): 76 (76)
(55,12): 78 (78)
(55,13): 79 (80)
(55,14): 81 (81)
(55,15): 82 (82)
(55,16): 82 (83)
(55,17): 82 (83)
(55,18): 82 (83)
(55,19): 82 (83)
(55,20): 81 (82)
(55,21): 80 (81)
(55,22): 80 (80)
(55,23): 80 (80)
(55,24): 80 (81)
(55,25): 81 (82)
(55,26): 82 (83)
(55,27): 84 (84)
(55,28): 86 (86)
(55,29): 88 (88)
(55,30): 91 (92)
(55,31): 94 (95)
(55,32): 97 (99)
(55,33): 98 (100)
(55,34): 95 (96)
(55,35): 87 (87)
(55,36): 81 (80)
(55,37): 78 (78)
(55,38): 76 (76)
(55,39): 76 (76)
(55,40): 76 (76)
(55,41): 76 (76)
(55,42): 76 (77)
(55,43): 77 (77)
(55,44): 77 (77)
(55,45): 77 (78)
(55,46): 78 (78)
(55,47): 80 (80)
(55,48): 81 (81)
(55,49): 85 (85)
(55,50): 89 (89)
(55,51): 93 (95)
(55,52): 93 (93)
(55,53): 92 (92)
(55,54): 88 (89)
(55,55): 85 (85)
(55,56): 82 (82)
(55,57): 82 (81)
(55,58): 85 (85)
(55,59): 90 (91)
(55,60): 92 (93)
(55,61): 91 (92)
(55,62): 90 (90)
(55,63): 88 (88)
(55,64): 88 (88)
(55,65): 88 (88)
(55,66): 87 (88)
(55,67): 87 (87)
(55,68): 86 (86)
(55,69): 86 (86)
(55,70): 86 (86)
(55,71): 89 (89)
(55,72): 91 (91)
(55,73): 95 (95)
(55,74): 99 (99)
(55,75): 105 (105)
(55,76): 112 (112)
(55,77): 118 (118)
(55,78): 123 (124)
(55,79): 126 (127)
(55,80): 127 (128)
(55,81): 128 (128)
(55,82): 128 (128)
(55,83): 127 (128)
(55,84): 126 (127)
(55,85): 125 (126)
(55,86): 122 (123)
(55,87): 115 (116)
(55,88): 104 (105)
(55,89): 92 (92)
(55,90): 87 (86)
(55,91): 86 (85)
(55,92): 89 (88)
(55,93): 98 (98)
(55,94): 111 (112)
(55,95): 120 (121)
(55,96): 122 (123)
(55,97): 123 (124)
(55,98): 123 (124)
(55,99): 122 (123)
(55,100): 122 (122)
(55,101): 121 (122)
(55,102): 120 (121)
(55,103): 120 (120)
(55,104): 119 (120)
(55,105): 117 (118)
(55,106): 116 (117)
(55,107): 115 (116)
(55,108): 115 (115)
(55,109): 115 (115)
(55,110): 115 (116)
(55,111): 116 (117)
(55,112): 115 (116)
(55,113): 115 (116)
(55,114): 115 (115)
(55,115): 114 (114)
(55,116): 114 (115)
(55,117): 115 (115)
(55,118): 115 (116)
(55,119): 115 (116)
(55,120): 114 (115)
(55,121): 113 (114)
(55,122): 112 (113)
(55,123): 111 (112)
(55,124): 109 (110)
(55,125): 104 (104)
(55,126): 90 (90)
(55,127): 74 (76)
(56,0): 46 (47)
(56,1): 55 (56)
(56,2): 61 (61)
(56,3): 66 (67)
(56,4): 70 (71)
(56,5): 71 (72)
(56,6): 72 (73)
(56,7): 74 (74)
(56,8): 75 (76)
(56,9): 77 (77)
(56,10): 78 (79)
(56,11): 79 (80)
(56,12): 80 (80)
(56,13): 80 (81)
(56,14): 81 (82)
(56,15): 82 (83)
(56,16): 82 (82)
(56,17): 82 (83)
(56,18): 82 (82)
(56,19): 82 (83)
(56,20): 82 (82)
(56,21): 81 (82)
(56,22): 81 (81)
(56,23): 81 (81)
(56,24): 81 (81)
(56,25): 82 (82)
(56,26): 83 (83)
(56,27): 85 (85)
(56,28): 87 (87)
(56,29): 89 (90)
(56,30): 93 (94)
(56,31): 96 (97)
(56,32): 97 (98)
(56,33): 95 (96)
(56,34): 89 (89)
(56,35): 83 (82)
(56,36): 79 (79)
(56,37): 78 (78)
(56,38): 77 (77)
(56,39): 76 (77)
(56,40): 76 (77)
(56,41): 77 (77)
(56,42): 77 (78)
(56,43): 78 (78)
(56,44): 78 (79)
(56,45): 79 (79)
(56,46): 80 (80)
(56,47): 81 (81)
(56,48): 83 (83)
(56,49): 87 (87)
(56,50): 91 (91)
(56,51): 96 (98)
(56,52): 96 (97)
(56,53): 96 (97)
(56,54): 94 (94)
(56,55): 91 (91)
(56,56): 87 (87)
(56,57): 86 (85)
(56,58): 88 (88)
(56,59): 93 (94)
(56,60): 95 (96)
(56,61): 94 (95)
(56,62): 92 (93)
(56,63): 91 (91)
(56,64): 90 (90)
(56,65): 90 (90)
(56,66): 89 (90)
(56,67): 89 (89)
(56,68): 88 (88)
(56,69): 88 (88)
(56,70): 89 (89)
(56,71): 92 (92)
(56,72): 94 (94)
(56,73): 97 (97)
(56,74): 100 (100)
(56,75): 106 (106)
(56,76): 111 (112)
(56,77): 117 (117)
(56,78): 121 (121)
(56,79): 123 (124)
(56,80): 125 (125)
(56,81): 126 (126)
(56,82): 126 (127)
(56,83): 126 (127)
(56,84): 125 (126)
(56,85): 123 (124)
(56,86): 121 (122)
(56,87): 117 (118)
(56,88): 110 (111)
(56,89): 102 (102)
(56,90): 93 (93)
(56,91): 91 (90)
(56,92): 94 (93)
(56,93): 101 (101)
(56,94): 111 (112)
(56,95): 118 (119)
(56,96): 120 (121)
(56,97): 121 (122)
(56,98): 121 (122)
(56,99): 120 (121)
(56,100): 119 (120)
(56,101): 119 (119)
(56,102): 118 (119)
(56,103): 118 (118)
(56,104): 117 (118)
(56,105): 116 (116)
(56,106): 114 (115)
(56,107): 114 (114)
(56,108): 113 (114)
(56,109): 113 (113)
(56,110): 113 (114)
(56,111): 113 (114)
(56,112): 113 (113)
(56,113): 112 (112)
(56,114): 112 (112)
(56,115): 111 (111)
(56,116): 111 (111)
(56,117): 112 (112)
(56,118): 112 (113)
(56,119): 112 (113)
(56,120): 112 (112)
(56,121): 111 (111)
(56,122): 110 (110)
(56,123): 109 (110)
(56,124): 108 (109)
(56,125): 103 (104)
(56,126): 94 (96)
(56,127): 82 (88)
(57,0): 51 (54)
(57,1): 58 (59)
(57,2): 64 (64)
(57,3): 70 (71)
(57,4): 75 (77)
(57,5): 78 (79)
(57,6): 79 (80)
(57,7): 80 (81)
(57,8): 80 (81)
(57,9): 81 (82)
(57,10): 81 (82)
(57,11): 81 (82)
(57,12): 81 (82)
(57,13): 81 (82)
(57,14): 81 (82)
(57,15): 81 (82)
(57,16): 81 (81)
(57,17): 81 (81)
(57,18): 81 (81)
(57,19): 81 (82)
(57,20): 82 (82)
(57,21): 82 (82)
(57,22): 82 (82)
(57,23): 82 (82)
(57,24): 82 (82)
(57,25): 83 (83)
(57,26): 84 (84)
(57,27): 85 (85)
(57,28): 87 (88)
(57,29): 90 (91)
(57,30): 93 (94)
(57,31): 95 (96)
(57,32): 95 (96)
(57,33): 93 (94)
(57,34): 89 (89)
(57,35): 83 (83)
(57,36): 79 (79)
(57,37): 78 (78)
(57,38): 77 (77)
(57,39): 77 (77)
(57,40): 77 (77)
(57,41): 78 (78)
(57,42): 79 (79)
(57,43): 79 (80)
(57,44): 80 (81)
(57,45): 81 (81)
(57,46): 82 (82)
(57,47): 84 (84)
(57,48): 86 (86)
(57,49): 89 (89)
(57,50): 93 (93)
(57,51): 98 (99)
(57,52): 101 (102)
(57,53): 102 (103)
(57,54): 100 (101)
(57,55): 97 (98)
(57,56): 94 (94)
(57,57): 91 (91)
(57,58): 92 (92)
(57,59): 96 (96)
(57,60): 97 (98)
(57,61): 96 (97)
(57,62): 95 (96)
(57,63): 94 (94)
(57,64): 93 (93)
(57,65): 92 (92)
(57,66): 91 (92)
(57,67): 91 (91)
(57,68): 90 (90)
(57,69): 91 (91)
(57,70): 93 (93)
(57,71): 95 (96)
(57,72): 97 (97)
(57,73): 99 (99)
(57,74): 102 (102)
(57,75): 107 (107)
(57,76): 112 (112)
(57,77): 116 (117)
(57,78): 120 (120)
(57,79): 122 (123)
(57,80): 124 (124)
(57,81): 125 (126)
(57,82): 125 (126)
(57,83): 125 (126)
(57,84): 123 (124)
(57,85): 122 (123)
(57,86): 119 (120)
(57,87): 117 (118)
(57,88): 114 (115)
(57,89): 109 (110)
(57,90): 103 (103)
(57,91): 98 (98)
(57,92): 100 (100)
(57,93): 106 (106)
(57,94): 112 (113)
(57,95): 117 (118)
(57,96): 118 (119)
(57,97): 119 (120)
(57,98): 119 (120)
(57,99): 118 (119)
(57,100): 117 (117)
(57,101): 116 (116)
(57,102): 116 (116)
(57,103): 115 (116)
(57,104): 115 (115)
(57,105): 114 (114)
(57,106): 112 (113)
(57,107): 112 (112)
(57,108): 111 (112)
(57,109): 111 (111)
(57,110): 111 (111)
(57,111): 110 (111)
(57,112): 110 (110)
(57,113): 109 (109)
(57,114): 109 (109)
(57,115): 109 (109)
(57,116): 109 (110)
(57,117): 110 (110)
(57,118): 110 (110)
(57,119): 110 (110)
(57,120): 109 (110)
(57,121): 109 (109)
(57,122): 108 (108)
(57,123): 107 (107)
(57,124): 105 (106)
(57,125): 100 (100)
(57,126): 91 (91)
(57,127): 75 (77)
(58,0): 51 (53)
(58,1): 60 (61)
(58,2): 66 (66)
(58,3): 72 (73)
(58,4): 78 (79)
(58,5): 80 (81)
(58,6): 81 (82)
(58,7): 82 (83)
(58,8): 83 (84)
(58,9): 83 (84)
(58,10): 82 (83)
(58,11): 82 (83)
(58,12): 82 (82)
(58,13): 82 (83)
(58,14): 82 (82)
(58,15): 81 (82)
(58,16): 81 (81)
(58,17): 81 (81)
(58,18): 81 (81)
(58,19): 81 (82)
(58,20): 82 (82)
(58,21): 82 (83)
(58,22): 83 (83)
(58,23): 83 (83)
(58,24): 83 (83)
(58,25): 84 (84)
(58,26): 84 (84)
(58,27): 86 (86)
(58,28): 88 (88)
(58,29): 91 (92)
(58,30): 93 (94)
(58,31): 94 (95)
(58,32): 94 (94)
(58,33): 93 (94)
(58,34): 89 (90)
(58,35): 84 (84)
(58,36): 80 (80)
(58,37): 79 (79)
(58,38): 78 (79)
(58,39): 78 (78)
(58,40): 79 (79)
(58,41): 80 (80)
(58,42): 80 (81)
(58,43): 81 (81)
(58,44): 83 (83)
(58,45): 84 (84)
(58,46): 85 (85)
(58,47): 86 (86)
(58,48): 89 (89)
(58,49): 93 (93)
(58,50): 98 (98)
(58,51): 106 (107)
(58,52): 111 (112)
(58,53): 112 (113)
(58,54): 110 (111)
(58,55): 107 (108)
(58,56): 102 (102)
(58,57): 99 (99)
(58,58): 99 (99)
(58,59): 99 (100)
(58,60): 99 (100)
(58,61): 99 (100)
(58,62): 98 (98)
(58,63): 96 (97)
(58,64): 95 (95)
(58,65): 95 (95)
(58,66): 94 (94)
(58,67): 93 (93)
(58,68): 94 (94)
(58,69): 96 (96)
(58,70): 98 (99)
(58,71): 100 (101)
(58,72): 102 (102)
(58,73): 103 (103)
(58,74): 106 (106)
(58,75): 110 (110)
(58,76): 113 (114)
(58,77): 116 (117)
(58,78): 119 (120)
(58,79): 121 (122)
(58,80): 123 (124)
(58,81): 123 (124)
(58,82): 123 (124)
(58,83): 122 (123)
(58,84): 121 (122)
(58,85): 119 (120)
(58,86): 118 (118)
(58,87): 116 (117)
(58,88): 114 (115)
(58,89): 112 (113)
(58,90): 109 (110)
(58,91): 106 (107)
(58,92): 106 (106)
(58,93): 108 (108)
(58,94): 111 (112)
(58,95): 114 (115)
(58,96): 116 (117)
(58,97): 116 (117)
(58,98): 116 (117)
(58,99): 116 (116)
(58,100): 115 (115)
(58,101): 114 (115)
(58,102): 114 (114)
(58,103): 113 (114)
(58,104): 112 (113)
(58,105): 111 (112)
(58,106): 110 (110)
(58,107): 109 (110)
(58,108): 109 (109)
(58,109): 109 (109)
(58,110): 109 (109)
(58,111): 108 (109)
(58,112): 108 (108)
(58,113): 107 (107)
(58,114): 107 (108)
(58,115): 108 (108)
(58,116): 108 (108)
(58,117): 108 (108)
(58,118): 108 (108)
(58,119): 108 (108)
(58,120): 107 (107)
(58,121): 107 (107)
(58,122): 106 (107)
(58,123): 106 (107)
(58,124): 105 (106)
(58,125): 101 (102)
(58,126): 94 (96)
(58,127): 83 (88)
(59,0): 56 (59)
(59,1): 63 (64)
(59,2): 68 (69)
(59,3): 73 (74)
(59,4): 78 (79)
(59,5): 81 (82)
(59,6): 82 (83)
(59,7): 83 (84)
(59,8): 84 (85)
(59,9): 84 (85)
(59,10): 84 (84)
(59,11): 83 (84)
(59,12): 83 (83)
(59,13): 82 (83)
(59,14): 82 (82)
(59,15): 82 (82)
(59,16): 81 (81)
(59,17): 81 (81)
(59,18): 81 (81)
(59,19): 82 (82)
(59,20): 82 (82)
(59,21): 83 (84)
(59,22): 84 (84)
(59,23): 84 (85)
(59,24): 85 (85)
(59,25): 85 (85)
(59,26): 86 (86)
(59,27): 87 (87)
(59,28): 89 (89)
(59,29): 91 (91)
(59,30): 92 (93)
(59,31): 94 (94)
(59,32): 94 (95)
(59,33): 94 (95)
(59,34): 90 (91)
(59,35): 86 (86)
(59,36): 82 (82)
(59,37): 80 (80)
(59,38): 80 (80)
(59,39): 80 (80)
(59,40): 81 (81)
(59,41): 82 (82)
(59,42): 83 (83)
(59,43): 84 (84)
(59,44): 85 (86)
(59,45): 87 (87)
(59,46): 88 (88)
(59,47): 89 (89)
(59,48): 92 (92)
(59,49): 98 (98)
(59,50): 106 (107)
(59,51): 114 (115)
(59,52): 117 (119)
(59,53): 118 (120)
(59,54): 117 (119)
(59,55): 115 (116)
(59,56): 110 (110)
(59,57): 105 (106)
(59,58): 104 (104)
(59,59): 103 (103)
(59,60): 102 (103)
(59,61): 102 (102)
(59,62): 101 (101)
(59,63): 100 (100)
(59,64): 98 (99)
(59,65): 98 (98)
(59,66): 97 (97)
(59,67): 98 (98)
(59,68): 99 (100)
(59,69): 102 (103)
(59,70): 104 (104)
(59,71): 105 (106)
(59,72): 106 (107)
(59,73): 108 (108)
(59,74): 110 (110)
(59,75): 112 (112)
(59,76): 114 (115)
(59,77): 117 (117)
(59,78): 119 (119)
(59,79): 121 (122)
(59,80): 122 (123)
(59,81): 122 (123)
(59,82): 122 (123)
(59,83): 120 (121)
(59,84): 118 (118)
(59,85): 116 (116)
(59,86): 115 (116)
(59,87): 115 (115)
(59,88): 114 (115)
(59,89): 113 (114)
(59,90): 111 (112)
(59,91): 109 (110)
(59,92): 108 (109)
(59,93): 109 (109)
(59,94): 110 (111)
(59,95): 112 (112)
(59,96): 113 (114)
(59,97): 114 (115)
(59,98): 114 (115)
(59,99): 114 (114)
(59,100): 113 (113)
(59,101): 113 (113)
(59,102): 112 (113)
(59,103): 112 (112)
(59,104): 111 (111)
(59,105): 110 (110)
(59,106): 108 (108)
(59,107): 108 (108)
(59,108): 107 (107)
(59,109): 107 (107)
(59,110): 107 (107)
(59,111): 107 (107)
(59,112): 106 (107)
(59,113): 106 (106)
(59,114): 106 (107)
(59,115): 107 (107)
(59,116): 107 (108)
(59,117): 107 (107)
(59,118): 106 (107)
(59,119): 106 (106)
(59,120): 106 (106)
(59,121): 105 (106)
(59,122): 105 (105)
(59,123): 105 (105)
(59,124): 104 (105)
(59,125): 100 (101)
(59,126): 92 (93)
(59,127): 75 (77)
(60,0): 53 (55)
(60,1): 63 (64)
(60,2): 69 (70)
(60,3): 74 (74)
(60,4): 78 (78)
(60,5): 81 (81)
(60,6): 83 (83)
(60,7): 84 (85)
(60,8): 85 (85)
(60,9): 85 (85)
(60,10): 84 (85)
(60,11): 84 (84)
(60,12): 84 (84)
(60,13): 83 (84)
(60,14): 83 (83)
(60,15): 83 (83)
(60,16): 82 (82)
(60,17): 82 (83)
(60,18): 82 (82)
(60,19): 83 (83)
(60,20): 84 (84)
(60,21): 85 (86)
(60,22): 86 (86)
(60,23): 87 (87)
(60,24): 87 (88)
(60,25): 88 (88)
(60,26): 88 (88)
(60,27): 88 (89)
(60,28): 89 (90)
(60,29): 91 (91)
(60,30): 92 (92)
(60,31): 93 (94)
(60,32): 94 (95)
(60,33): 93 (94)
(60,34): 91 (92)
(60,35): 87 (87)
(60,36): 84 (84)
(60,37): 83 (83)
(60,38): 83 (83)
(60,39): 83 (83)
(60,40): 84 (84)
(60,41): 84 (84)
(60,42): 86 (86)
(60,43): 87 (87)
(60,44): 88 (89)
(60,45): 90 (90)
(60,46): 92 (92)
(60,47): 94 (94)
(60,48): 98 (98)
(60,49): 106 (106)
(60,50): 114 (115)
(60,51): 118 (119)
(60,52): 120 (121)
(60,53): 120 (121)
(60,54): 120 (121)
(60,55): 118 (119)
(60,56): 115 (116)
(60,57): 111 (112)
(60,58): 108 (109)
(60,59): 106 (106)
(60,60): 105 (105)
(60,61): 104 (105)
(60,62): 103 (104)
(60,63): 103 (103)
(60,64): 102 (102)
(60,65): 101 (101)
(60,66): 102 (102)
(60,67): 104 (105)
(60,68): 107 (108)
(60,69): 108 (109)
(60,70): 109 (110)
(60,71): 109 (110)
(60,72): 110 (111)
(60,73): 111 (112)
(60,74): 112 (113)
(60,75): 113 (114)
(60,76): 115 (116)
(60,77): 116 (117)
(60,78): 118 (119)
(60,79): 119 (120)
(60,80): 120 (121)
(60,81): 120 (121)
(60,82): 119 (120)
(60,83): 117 (117)
(60,84): 114 (114)
(60,85): 113 (113)
(60,86): 113 (113)
(60,87): 113 (114)
(60,88): 113 (114)
(60,89): 113 (113)
(60,90): 112 (113)
(60,91): 110 (111)
(60,92): 110 (110)
(60,93): 109 (109)
(60,94): 110 (110)
(60,95): 111 (111)
(60,96): 112 (112)
(60,97): 112 (113)
(60,98): 113 (113)
(60,99): 112 (113)
(60,100): 112 (113)
(60,101): 112 (112)
(60,102): 111 (112)
(60,103): 110 (111)
(60,104): 109 (110)
(60,105): 108 (108)
(60,106): 107 (107)
(60,107): 106 (106)
(60,108): 106 (106)
(60,109): 106 (106)
(60,110): 105 (106)
(60,111): 105 (105)
(60,112): 105 (105)
(60,113): 105 (106)
(60,114): 106 (106)
(60,115): 106 (106)
(60,116): 106 (107)
(60,117): 106 (107)
(60,118): 106 (106)
(60,119): 105 (105)
(60,120): 105 (105)
(60,121): 105 (105)
(60,122): 105 (105)
(60,123): 104 (105)
(60,124): 104 (105)
(60,125): 102 (104)
(60,126): 94 (96)
(60,127): 84 (89)
(61,0): 56 (59)
(61,1): 65 (67)
(61,2): 71 (72)
(61,3): 75 (76)
(61,4): 78 (78)
(61,5): 81 (81)
(61,6): 84 (85)
(61,7): 86 (86)
(61,8): 86 (87)
(61,9): 86 (86)
(61,10): 86 (86)
(61,11): 85 (85)
(61,12): 85 (85)
(61,13): 85 (85)
(61,14): 84 (84)
(61,15): 84 (84)
(61,16): 84 (84)
(61,17): 85 (85)
(61,18): 85 (85)
(61,19): 86 (86)
(61,20): 87 (87)
(61,21): 88 (88)
(61,22): 89 (89)
(61,23): 90 (90)
(61,24): 90 (91)
(61,25): 90 (91)
(61,26): 90 (90)
(61,27): 90 (90)
(61,28): 90 (90)
(61,29): 91 (91)
(61,30): 92 (92)
(61,31): 94 (95)
(61,32): 95 (96)
(61,33): 94 (95)
(61,34): 92 (93)
(61,35): 89 (89)
(61,36): 87 (87)
(61,37): 86 (86)
(61,38): 86 (86)
(61,39): 86 (87)
(61,40): 87 (88)
(61,41): 88 (88)
(61,42): 89 (89)
(61,43): 90 (90)
(61,44): 92 (93)
(61,45): 94 (94)
(61,46): 96 (96)
(61,47): 100 (100)
(61,48): 106 (106)
(61,49): 113 (114)
(61,50): 117 (118)
(61,51): 119 (121)
(61,52): 120 (121)
(61,53): 121 (122)
(61,54): 119 (120)
(61,55): 118 (119)
(61,56): 117 (118)
(61,57): 114 (115)
(61,58): 111 (112)
(61,59): 109 (109)
(61,60): 107 (108)
(61,61): 107 (107)
(61,62): 106 (107)
(61,63): 106 (106)
(61,64): 105 (106)
(61,65): 105 (106)
(61,66): 107 (107)
(61,67): 109 (110)
(61,68): 111 (112)
(61,69): 112 (113)
(61,70): 112 (113)
(61,71): 112 (113)
(61,72): 112 (113)
(61,73): 113 (114)
(61,74): 114 (115)
(61,75): 115 (115)
(61,76): 115 (116)
(61,77): 116 (117)
(61,78): 117 (117)
(61,79): 117 (118)
(61,80): 118 (118)
(61,81): 117 (118)
(61,82): 116 (117)
(61,83): 114 (114)
(61,84): 113 (113)
(61,85): 112 (112)
(61,86): 112 (112)
(61,87): 112 (112)
(61,88): 112 (113)
(61,89): 112 (113)
(61,90): 112 (112)
(61,91): 111 (112)
(61,92): 110 (111)
(61,93): 110 (110)
(61,94): 110 (110)
(61,95): 110 (110)
(61,96): 111 (111)
(61,97): 111 (111)
(61,98): 111 (112)
(61,99): 111 (112)
(61,100): 111 (111)
(61,101): 110 (111)
(61,102): 110 (110)
(61,103): 110 (110)
(61,104): 109 (109)
(61,105): 108 (108)
(61,106): 106 (106)
(61,107): 106 (106)
(61,108): 105 (105)
(61,109): 105 (105)
(61,110): 105 (105)
(61,111): 104 (105)
(61,112): 105 (105)
(61,113): 105 (105)
(61,114): 105 (106)
(61,115): 106 (106)
(61,116): 106 (107)
(61,117): 106 (106)
(61,118): 105 (106)
(61,119): 105 (105)
(61,120): 105 (105)
(61,121): 104 (104)
(61,122): 104 (105)
(61,123): 104 (105)
(61,124): 104 (105)
(61,125): 101 (101)
(61,126): 88 (87)
(61,127): 73 (74)
(62,0): 52 (53)
(62,1): 63 (64)
(62,2): 70 (71)
(62,3): 75 (76)
(62,4): 80 (80)
(62,5): 84 (84)
(62,6): 87 (88)
(62,7): 89 (90)
(62,8): 90 (90)
(62,9): 89 (89)
(62,10): 89 (89)
(62,11): 88 (88)
(62,12): 87 (87)
(62,13): 87 (87)
(62,14): 87 (87)
(62,15): 87 (87)
(62,16): 87 (87)
(62,17): 88 (88)
(62,18): 89 (89)
(62,19): 89 (90)
(62,20): 90 (90)
(62,21): 91 (91)
(62,22): 92 (93)
(62,23): 93 (94)
(62,24): 93 (94)
(62,25): 93 (94)
(62,26): 92 (93)
(62,27): 91 (91)
(62,28): 91 (91)
(62,29): 91 (91)
(62,30): 93 (93)
(62,31): 95 (96)
(62,32): 96 (97)
(62,33): 96 (97)
(62,34): 94 (94)
(62,35): 91 (91)
(62,36): 90 (90)
(62,37): 89 (89)
(62,38): 90 (90)
(62,39): 91 (91)
(62,40): 92 (92)
(62,41): 93 (93)
(62,42): 93 (93)
(62,43): 94 (94)
(62,44): 97 (97)
(62,45): 99 (100)
(62,46): 103 (103)
(62,47): 107 (108)
(62,48): 112 (113)
(62,49): 116 (117)
(62,50): 118 (119)
(62,51): 119 (120)
(62,52): 119 (120)
(62,53): 120 (121)
(62,54): 119 (120)
(62,55): 118 (119)
(62,56): 117 (118)
(62,57): 115 (116)
(62,58): 113 (114)
(62,59): 111 (111)
(62,60): 109 (110)
(62,61): 109 (109)
(62,62): 108 (109)
(62,63): 108 (109)
(62,64): 108 (108)
(62,65): 108 (109)
(62,66): 110 (111)
(62,67): 111 (112)
(62,68): 112 (113)
(62,69): 113 (114)
(62,70): 113 (114)
(62,71): 114 (115)
(62,72): 114 (115)
(62,73): 114 (115)
(62,74): 115 (115)
(62,75): 115 (116)
(62,76): 115 (116)
(62,77): 115 (116)
(62,78): 116 (116)
(62,79): 116 (116)
(62,80): 116 (116)
(62,81): 116 (116)
(62,82): 115 (115)
(62,83): 114 (114)
(62,84): 112 (112)
(62,85): 112 (112)
(62,86): 111 (111)
(62,87): 111 (112)
(62,88): 112 (112)
(62,89): 112 (113)
(62,90): 112 (112)
(62,91): 111 (112)
(62,92): 111 (111)
(62,93): 110 (110)
(62,94): 110 (110)
(62,95): 110 (110)
(62,96): 110 (110)
(62,97): 110 (111)
(62,98): 111 (111)
(62,99): 110 (111)
(62,100): 110 (110)
(62,101): 109 (110)
(62,102): 109 (110)
(62,103): 109 (110)
(62,104): 108 (109)
(62,105): 107 (108)
(62,106): 106 (107)
(62,107): 105 (106)
(62,108): 105 (105)
(62,109): 104 (104)
(62,110): 104 (104)
(62,111): 104 (104)
(62,112): 104 (105)
(62,113): 105 (105)
(62,114): 105 (106)
(62,115): 106 (106)
(62,116): 106 (106)
(62,117): 106 (106)
(62,118): 105 (106)
(62,119): 105 (105)
(62,120): 105 (105)
(62,121): 104 (105)
(62,122): 105 (105)
(62,123): 105 (105)
(62,124): 105 (106)
(62,125): 104 (106)
(62,126): 95 (97)
(62,127): 80 (85)
(63,0): 53 (56)
(63,1): 64 (64)
(63,2): 70 (70)
(63,3): 77 (78)
(63,4): 83 (84)
(63,5): 88 (89)
(63,6): 92 (92)
(63,7): 94 (95)
(63,8): 94 (95)
(63,9): 94 (94)
(63,10): 93 (93)
(63,11): 92 (92)
(63,12): 91 (91)
(63,13): 91 (91)
(63,14): 91 (91)
(63,15): 92 (92)
(63,16): 92 (93)
(63,17): 93 (94)
(63,18): 94 (94)
(63,19): 94 (94)
(63,20): 94 (94)
(63,21): 94 (94)
(63,22): 95 (95)
(63,23): 96 (96)
(63,24): 96 (97)
(63,25): 96 (97)
(63,26): 95 (95)
(63,27): 93 (93)
(63,28): 92 (92)
(63,29): 93 (93)
(63,30): 96 (96)
(63,31): 98 (99)
(63,32): 99 (100)
(63,33): 98 (99)
(63,34): 97 (97)
(63,35): 95 (95)
(63,36): 93 (93)
(63,37): 94 (94)
(63,38): 95 (95)
(63,39): 96 (96)
(63,40): 97 (98)
(63,41): 98 (99)
(63,42): 99 (99)
(63,43): 100 (100)
(63,44): 102 (102)
(63,45): 105 (106)
(63,46): 108 (109)
(63,47): 111 (112)
(63,48): 114 (115)
(63,49): 115 (116)
(63,50): 116 (117)
(63,51): 117 (118)
(63,52): 117 (118)
(63,53): 117 (118)
(63,54): 117 (118)
(63,55): 117 (118)
(63,56): 116 (117)
(63,57): 115 (116)
(63,58): 114 (114)
(63,59): 112 (113)
(63,60): 111 (111)
(63,61): 110 (111)
(63,62): 110 (110)
(63,63): 109 (110)
(63,64): 109 (110)
(63,65): 110 (111)
(63,66): 110 (111)
(63,67): 111 (112)
(63,68): 113 (114)
(63,69): 113 (114)
(63,70): 114 (115)
(63,71): 114 (115)
(63,72): 114 (115)
(63,73): 114 (115)
(63,74): 115 (115)
(63,75): 115 (116)
(63,76): 115 (116)
(63,77): 115 (115)
(63,78): 115 (115)
(63,79): 115 (115)
(63,80): 115 (115)
(63,81): 115 (115)
(63,82): 114 (115)
(63,83): 114 (114)
(63,84): 113 (113)
(63,85): 112 (112)
(63,86): 111 (111)
(63,87): 111 (111)
(63,88): 111 (112)
(63,89): 112 (112)
(63,90): 112 (112)
(63,91): 111 (112)
(63,92): 111 (111)
(63,93): 111 (111)
(63,94): 111 (111)
(63,95): 110 (111)
(63,96): 110 (110)
(63,97): 110 (111)
(63,98): 110 (110)
(63,99): 110 (110)
(63,100): 109 (109)
(63,101): 108 (109)
(63,102): 108 (108)
(63,103): 108 (108)
(63,104): 108 (108)
(63,105): 107 (108)
(63,106): 106 (107)
(63,107): 105 (106)
(63,108): 104 (104)
(63,109): 104 (104)
(63,110): 104 (104)
(63,111): 104 (104)
(63,112): 105 (105)
(63,113): 105 (105)
(63,114): 105 (106)
(63,115): 106 (106)
(63,116): 106 (107)
(63,117): 106 (106)
(63,118): 105 (106)
(63,119): 105 (106)
(63,120): 105 (105)
(63,121): 105 (105)
(63,122): 105 (105)
(63,123): 105 (105)
(63,124): 104 (105)
(63,125): 103 (104)
(63,126): 94 (95)
(63,127): 76 (78)
(64,0): 53 (55)
(64,1): 64 (64)
(64,2): 71 (71)
(64,3): 80 (79)
(64,4): 88 (88)
(64,5): 94 (95)
(64,6): 97 (98)
(64,7): 99 (100)
(64,8): 99 (100)
(64,9): 99 (100)
(64,10): 98 (98)
(64,11): 97 (97)
(64,12): 96 (96)
(64,13): 97 (97)
(64,14): 97 (98)
(64,15): 99 (100)
(64,16): 101 (101)
(64,17): 101 (102)
(64,18): 100 (101)
(64,19): 99 (100)
(64,20): 99 (99)
(64,21): 99 (99)
(64,22): 99 (99)
(64,23): 99 (99)
(64,24): 99 (100)
(64,25): 99 (99)
(64,26): 97 (98)
(64,27): 95 (95)
(64,28): 95 (94)
(64,29): 96 (96)
(64,30): 99 (99)
(64,31): 101 (102)
(64,32): 102 (103)
(64,33): 102 (103)
(64,34): 101 (101)
(64,35): 99 (99)
(64,36): 99 (99)
(64,37): 100 (100)
(64,38): 101 (102)
(64,39): 102 (103)
(64,40): 103 (104)
(64,41): 104 (105)
(64,42): 105 (106)
(64,43): 106 (107)
(64,44): 107 (108)
(64,45): 109 (110)
(64,46): 111 (112)
(64,47): 112 (113)
(64,48): 113 (114)
(64,49): 114 (115)
(64,50): 115 (115)
(64,51): 115 (116)
(64,52): 115 (115)
(64,53): 115 (115)
(64,54): 116 (116)
(64,55): 116 (117)
(64,56): 116 (117)
(64,57): 115 (116)
(64,58): 114 (115)
(64,59): 113 (113)
(64,60): 112 (112)
(64,61): 111 (112)
(64,62): 110 (111)
(64,63): 110 (111)
(64,64): 110 (111)
(64,65): 110 (111)
(64,66): 111 (111)
(64,67): 111 (112)
(64,68): 112 (113)
(64,69): 113 (114)
(64,70): 114 (114)
(64,71): 114 (115)
(64,72): 114 (115)
(64,73): 114 (115)
(64,74): 115 (115)
(64,75): 115 (115)
(64,76): 114 (115)
(64,77): 114 (115)
(64,78): 114 (114)
(64,79): 114 (114)
(64,80): 114 (115)
(64,81): 114 (115)
(64,82): 114 (115)
(64,83): 114 (114)
(64,84): 113 (114)
(64,85): 112 (113)
(64,86): 112 (112)
(64,87): 111 (111)
(64,88): 111 (112)
(64,89): 111 (112)
(64,90): 112 (112)
(64,91): 112 (112)
(64,92): 112 (112)
(64,93): 112 (112)
(64,94): 111 (112)
(64,95): 111 (112)
(64,96): 111 (111)
(64,97): 111 (111)
(64,98): 110 (111)
(64,99): 109 (110)
(64,100): 109 (109)
(64,101): 108 (108)
(64,102): 107 (107)
(64,103): 107 (108)
(64,104): 107 (108)
(64,105): 107 (108)
(64,106): 106 (107)
(64,107): 105 (105)
(64,108): 104 (104)
(64,109): 103 (103)
(64,110): 104 (104)
(64,111): 105 (105)
(64,112): 105 (106)
(64,113): 106 (106)
(64,114): 106 (106)
(64,115): 106 (106)
(64,116): 106 (107)
(64,117): 106 (106)
(64,118): 106 (106)
(64,119): 105 (106)
(64,120): 105 (106)
(64,121): 105 (105)
(64,122): 105 (106)
(64,123): 105 (106)
(64,124): 105 (106)
(64,125): 104 (106)
(64,126): 97 (100)
(64,127): 84 (89)
(65,0): 62 (65)
(65,1): 69 (70)
(65,2): 78 (78)
(65,3): 86 (86)
(65,4): 94 (95)
(65,5): 100 (101)
(65,6): 103 (103)
(65,7): 104 (105)
(65,8): 104 (104)
(65,9): 103 (104)
(65,10): 103 (103)
(65,11): 102 (102)
(65,12): 102 (102)
(65,13): 103 (103)
(65,14): 104 (105)
(65,15): 106 (107)
(65,16): 107 (108)
(65,17): 107 (108)
(65,18): 106 (107)
(65,19): 105 (106)
(65,20): 104 (105)
(65,21): 103 (103)
(65,22): 103 (103)
(65,23): 103 (103)
(65,24): 103 (103)
(65,25): 102 (103)
(65,26): 100 (101)
(65,27): 98 (98)
(65,28): 99 (99)
(65,29): 101 (101)
(65,30): 104 (105)
(65,31): 106 (107)
(65,32): 107 (108)
(65,33): 106 (107)
(65,34): 106 (107)
(65,35): 105 (106)
(65,36): 105 (106)
(65,37): 106 (107)
(65,38): 107 (108)
(65,39): 108 (109)
(65,40): 109 (110)
(65,41): 109 (110)
(65,42): 109 (110)
(65,43): 109 (110)
(65,44): 110 (111)
(65,45): 111 (112)
(65,46): 111 (112)
(65,47): 112 (113)
(65,48): 113 (114)
(65,49): 113 (114)
(65,50): 114 (114)
(65,51): 114 (114)
(65,52): 113 (113)
(65,53): 114 (114)
(65,54): 114 (114)
(65,55): 115 (115)
(65,56): 115 (116)
(65,57): 115 (116)
(65,58): 114 (115)
(65,59): 113 (114)
(65,60): 113 (113)
(65,61): 112 (112)
(65,62): 111 (111)
(65,63): 110 (111)
(65,64): 110 (110)
(65,65): 110 (110)
(65,66): 110 (110)
(65,67): 111 (111)
(65,68): 112 (112)
(65,69): 112 (113)
(65,70): 113 (114)
(65,71): 114 (114)
(65,72): 114 (115)
(65,73): 114 (115)
(65,74): 114 (115)
(65,75): 114 (115)
(65,76): 114 (114)
(65,77): 113 (114)
(65,78): 113 (114)
(65,79): 114 (114)
(65,80): 114 (114)
(65,81): 114 (115)
(65,82): 115 (115)
(65,83): 114 (115)
(65,84): 114 (114)
(65,85): 113 (113)
(65,86): 112 (112)
(65,87): 111 (112)
(65,88): 111 (112)
(65,89): 111 (112)
(65,90): 112 (112)
(65,91): 112 (112)
(65,92): 112 (113)
(65,93): 112 (113)
(65,94): 112 (113)
(65,95): 112 (113)
(65,96): 112 (112)
(65,97): 111 (112)
(65,98): 111 (111)
(65,99): 110 (110)
(65,100): 108 (108)
(65,101): 107 (108)
(65,102): 106 (106)
(65,103): 106 (106)
(65,104): 106 (107)
(65,105): 106 (107)
(65,106): 105 (106)
(65,107): 104 (105)
(65,108): 104 (104)
(65,109): 104 (104)
(65,110): 104 (105)
(65,111): 105 (106)
(65,112): 106 (107)
(65,113): 106 (107)
(65,114): 106 (107)
(65,115): 106 (107)
(65,116): 106 (107)
(65,117): 106 (106)
(65,118): 106 (107)
(65,119): 106 (106)
(65,120): 105 (106)
(65,121): 105 (105)
(65,122): 105 (105)
(65,123): 105 (105)
(65,124): 104 (105)
(65,125): 102 (103)
(65,126): 93 (94)
(65,127): 75 (77)
(66,0): 70 (73)
(66,1): 78 (79)
(66,2): 87 (87)
(66,3): 94 (95)
(66,4): 102 (103)
(66,5): 106 (107)
(66,6): 108 (109)
(66,7): 109 (110)
(66,8): 108 (109)
(66,9): 108 (108)
(66,10): 107 (108)
(66,11): 107 (108)
(66,12): 108 (109)
(66,13): 109 (110)
(66,14): 109 (110)
(66,15): 109 (110)
(66,16): 110 (111)
(66,17): 109 (110)
(66,18): 109 (110)
(66,19): 109 (110)
(66,20): 108 (109)
(66,21): 107 (108)
(66,22): 107 (108)
(66,23): 107 (108)
(66,24): 107 (108)
(66,25): 105 (106)
(66,26): 104 (104)
(66,27): 104 (104)
(66,28): 105 (105)
(66,29): 107 (108)
(66,30): 108 (109)
(66,31): 110 (111)
(66,32): 110 (111)
(66,33): 110 (111)
(66,34): 110 (111)
(66,35): 110 (111)
(66,36): 110 (111)
(66,37): 111 (112)
(66,38): 111 (112)
(66,39): 111 (112)
(66,40): 111 (112)
(66,41): 111 (112)
(66,42): 111 (112)
(66,43): 111 (111)
(66,44): 111 (112)
(66,45): 111 (112)
(66,46): 111 (112)
(66,47): 112 (112)
(66,48): 112 (113)
(66,49): 113 (113)
(66,50): 113 (113)
(66,51): 113 (113)
(66,52): 113 (113)
(66,53): 113 (113)
(66,54): 113 (113)
(66,55): 114 (114)
(66,56): 114 (115)
(66,57): 115 (116)
(66,58): 114 (115)
(66,59): 114 (115)
(66,60): 113 (114)
(66,61): 112 (113)
(66,62): 111 (112)
(66,63): 110 (111)
(66,64): 110 (110)
(66,65): 110 (111)
(66,66): 110 (111)
(66,67): 110 (111)
(66,68): 111 (111)
(66,69): 112 (112)
(66,70): 112 (113)
(66,71): 113 (114)
(66,72): 114 (114)
(66,73): 114 (115)
(66,74): 114 (114)
(66,75): 113 (114)
(66,76): 113 (113)
(66,77): 113 (113)
(66,78): 113 (113)
(66,79): 113 (114)
(66,80): 114 (114)
(66,81): 114 (115)
(66,82): 115 (116)
(66,83): 115 (116)
(66,84): 114 (115)
(66,85): 113 (114)
(66,86): 112 (113)
(66,87): 112 (112)
(66,88): 112 (112)
(66,89): 111 (112)
(66,90): 112 (112)
(66,91): 112 (113)
(66,92): 112 (113)
(66,93): 113 (114)
(66,94): 113 (114)
(66,95): 113 (114)
(66,96): 113 (114)
(66,97): 112 (113)
(66,98): 111 (112)
(66,99): 110 (111)
(66,100): 108 (109)
(66,101): 107 (108)
(66,102): 106 (106)
(66,103): 105 (105)
(66,104): 105 (105)
(66,105): 105 (106)
(66,106): 105 (106)
(66,107): 104 (104)
(66,108): 103 (103)
(66,109): 103 (103)
(66,110): 104 (105)
(66,111): 105 (106)
(66,112): 106 (107)
(66,113): 106 (107)
(66,114): 106 (107)
(66,115): 106 (107)
(66,116): 106 (106)
(66,117): 106 (106)
(66,118): 106 (106)
(66,119): 105 (106)
(66,120): 105 (106)
(66,121): 105 (105)
(66,122): 104 (105)
(66,123): 104 (105)
(66,124): 104 (105)
(66,125): 102 (104)
(66,126): 96 (99)
(66,127): 83 (88)
(67,0): 82 (88)
(67,1): 89 (91)
(67,2): 96 (97)
(67,3): 104 (105)
(67,4): 108 (109)
(67,5): 110 (111)
(67,6): 112 (113)
(67,7): 112 (113)
(67,8): 112 (113)
(67,9): 111 (112)
(67,10): 111 (112)
(67,11): 111 (112)
(67,12): 112 (113)
(67,13): 112 (113)
(67,14): 112 (113)
(67,15): 111 (112)
(67,16): 111 (112)
(67,17): 110 (111)
(67,18): 111 (112)
(67,19): 110 (111)
(67,20): 110 (111)
(67,21): 110 (111)
(67,22): 110 (111)
(67,23): 110 (111)
(67,24): 109 (110)
(67,25): 108 (109)
(67,26): 108 (109)
(67,27): 108 (109)
(67,28): 109 (110)
(67,29): 110 (111)
(67,30): 111 (112)
(67,31): 111 (112)
(67,32): 111 (112)
(67,33): 111 (112)
(67,34): 112 (113)
(67,35): 112 (113)
(67,36): 112 (113)
(67,37): 112 (113)
(67,38): 112 (113)
(67,39): 112 (112)
(67,40): 111 (112)
(67,41): 111 (112)
(67,42): 111 (112)
(67,43): 111 (112)
(67,44): 111 (112)
(67,45): 111 (111)
(67,46): 110 (111)
(67,47): 111 (111)
(67,48): 111 (112)
(67,49): 112 (112)
(67,50): 112 (113)
(67,51): 112 (113)
(67,52): 112 (112)
(67,53): 112 (112)
(67,54): 112 (112)
(67,55): 112 (113)
(67,56): 113 (114)
(67,57): 114 (115)
(67,58): 114 (115)
(67,59): 114 (114)
(67,60): 113 (114)
(67,61): 112 (113)
(67,62): 111 (112)
(67,63): 110 (111)
(67,64): 110 (110)
(67,65): 110 (110)
(67,66): 110 (110)
(67,67): 110 (110)
(67,68): 110 (111)
(67,69): 111 (111)
(67,70): 111 (112)
(67,71): 112 (113)
(67,72): 113 (113)
(67,73): 113 (114)
(67,74): 113 (114)
(67,75): 112 (113)
(67,76): 112 (113)
(67,77): 112 (112)
(67,78): 112 (112)
(67,79): 113 (113)
(67,80): 113 (114)
(67,81): 114 (115)
(67,82): 115 (116)
(67,83): 115 (116)
(67,84): 114 (115)
(67,85): 113 (114)
(67,86): 112 (113)
(67,87): 112 (112)
(67,88): 111 (112)
(67,89): 111 (112)
(67,90): 111 (112)
(67,91): 112 (112)
(67,92): 112 (113)
(67,93): 113 (114)
(67,94): 114 (114)
(67,95): 114 (114)
(67,96): 113 (114)
(67,97): 112 (113)
(67,98): 111 (112)
(67,99): 110 (110)
(67,100): 108 (108)
(67,101): 106 (107)
(67,102): 105 (105)
(67,103): 104 (104)
(67,104): 104 (104)
(67,105): 104 (104)
(67,106): 104 (105)
(67,107): 103 (103)
(67,108): 103 (104)
(67,109): 103 (103)
(67,110): 104 (105)
(67,111): 105 (106)
(67,112): 106 (107)
(67,113): 106 (107)
(67,114): 106 (107)
(67,115): 105 (106)
(67,116): 105 (106)
(67,117): 105 (106)
(67,118): 105 (106)
(67,119): 105 (106)
(67,120): 104 (105)
(67,121): 104 (105)
(67,122): 104 (105)
(67,123): 103 (104)
(67,124): 102 (103)
(67,125): 99 (100)
(67,126): 91 (92)
(67,127): 73 (75)
(68,0): 77 (80)
(68,1): 94 (96)
(68,2): 105 (107)
(68,3): 109 (111)
(68,4): 111 (112)
(68,5): 112 (113)
(68,6): 113 (114)
(68,7): 113 (114)
(68,8): 114 (115)
(68,9): 113 (114)
(68,10): 114 (115)
(68,11): 113 (114)
(68,12): 113 (114)
(68,13): 112 (113)
(68,14): 113 (114)
(68,15): 111 (112)
(68,16): 111 (112)
(68,17): 110 (111)
(68,18): 111 (112)
(68,19): 111 (111)
(68,20): 111 (112)
(68,21): 111 (112)
(68,22): 111 (112)
(68,23): 111 (112)
(68,24): 110 (111)
(68,25): 110 (111)
(68,26): 111 (112)
(68,27): 110 (111)
(68,28): 111 (112)
(68,29): 111 (112)
(68,30): 112 (113)
(68,31): 111 (112)
(68,32): 112 (113)
(68,33): 112 (113)
(68,34): 112 (113)
(68,35): 113 (114)
(68,36): 113 (114)
(68,37): 113 (114)
(68,38): 112 (113)
(68,39): 112 (113)
(68,40): 111 (112)
(68,41): 111 (112)
(68,42): 111 (112)
(68,43): 110 (111)
(68,44): 110 (111)
(68,45): 109 (110)
(68,46): 109 (110)
(68,47): 109 (110)
(68,48): 110 (111)
(68,49): 111 (112)
(68,50): 111 (112)
(68,51): 111 (112)
(68,52): 111 (112)
(68,53): 110 (111)
(68,54): 110 (111)
(68,55): 111 (112)
(68,56): 112 (113)
(68,57): 113 (114)
(68,58): 114 (115)
(68,59): 113 (114)
(68,60): 113 (114)
(68,61): 112 (113)
(68,62): 110 (111)
(68,63): 110 (110)
(68,64): 109 (110)
(68,65): 109 (110)
(68,66): 109 (110)
(68,67): 109 (110)
(68,68): 109 (110)
(68,69): 109 (110)
(68,70): 110 (111)
(68,71): 110 (111)
(68,72): 111 (112)
(68,73): 112 (113)
(68,74): 112 (113)
(68,75): 111 (112)
(68,76): 111 (111)
(68,77): 111 (111)
(68,78): 111 (112)
(68,79): 112 (112)
(68,80): 113 (114)
(68,81): 114 (115)
(68,82): 115 (116)
(68,83): 114 (115)
(68,84): 114 (115)
(68,85): 113 (114)
(68,86): 112 (113)
(68,87): 111 (112)
(68,88): 111 (112)
(68,89): 110 (111)
(68,90): 111 (112)
(68,91): 111 (112)
(68,92): 112 (113)
(68,93): 113 (114)
(68,94): 114 (115)
(68,95): 114 (115)
(68,96): 114 (115)
(68,97): 113 (114)
(68,98): 111 (112)
(68,99): 109 (110)
(68,100): 107 (108)
(68,101): 105 (106)
(68,102): 104 (104)
(68,103): 103 (103)
(68,104): 103 (104)
(68,105): 103 (103)
(68,106): 103 (104)
(68,107): 102 (102)
(68,108): 102 (103)
(68,109): 102 (102)
(68,110): 103 (104)
(68,111): 104 (105)
(68,112): 105 (107)
(68,113): 105 (106)
(68,114): 105 (106)
(68,115): 104 (105)
(68,116): 104 (105)
(68,117): 104 (105)
(68,118): 104 (105)
(68,119): 103 (104)
(68,120): 103 (104)
(68,121): 102 (103)
(68,122): 102 (103)
(68,123): 101 (102)
(68,124): 100 (101)
(68,125): 97 (99)
(68,126): 92 (95)
(68,127): 80 (85)
(69,0): 86 (92)
(69,1): 98 (101)
(69,2): 108 (111)
(69,3): 108 (109)
(69,4): 112 (114)
(69,5): 111 (112)
(69,6): 114 (116)
(69,7): 112 (113)
(69,8): 113 (115)
(69,9): 113 (114)
(69,10): 114 (116)
(69,11): 112 (113)
(69,12): 113 (115)
(69,13): 112 (113)
(69,14): 112 (113)
(69,15): 110 (111)
(69,16): 111 (113)
(69,17): 109 (109)
(69,18): 110 (112)
(69,19): 110 (111)
(69,20): 111 (113)
(69,21): 111 (112)
(69,22): 111 (112)
(69,23): 110 (111)
(69,24): 110 (112)
(69,25): 110 (111)
(69,26): 110 (112)
(69,27): 110 (112)
(69,28): 111 (113)
(69,29): 110 (112)
(69,30): 110 (112)
(69,31): 109 (110)
(69,32): 110 (111)
(69,33): 109 (110)
(69,34): 110 (112)
(69,35): 111 (112)
(69,36): 111 (113)
(69,37): 111 (113)
(69,38): 111 (113)
(69,39): 110 (111)
(69,40): 110 (111)
(69,41): 108 (109)
(69,42): 108 (109)
(69,43): 107 (107)
(69,44): 108 (109)
(69,45): 106 (107)
(69,46): 107 (108)
(69,47): 106 (106)
(69,48): 108 (109)
(69,49): 108 (109)
(69,50): 111 (113)
(69,51): 109 (110)
(69,52): 108 (110)
(69,53): 106 (106)
(69,54): 107 (108)
(69,55): 108 (109)
(69,56): 110 (112)
(69,57): 111 (112)
(69,58): 112 (113)
(69,59): 111 (112)
(69,60): 111 (112)
(69,61): 109 (110)
(69,62): 109 (110)
(69,63): 108 (109)
(69,64): 108 (109)
(69,65): 107 (108)
(69,66): 107 (108)
(69,67): 107 (108)
(69,68): 107 (108)
(69,69): 106 (107)
(69,70): 107 (108)
(69,71): 107 (108)
(69,72): 108 (109)
(69,73): 109 (110)
(69,74): 110 (111)
(69,75): 109 (110)
(69,76): 109 (110)
(69,77): 108 (109)
(69,78): 110 (111)
(69,79): 110 (111)
(69,80): 112 (113)
(69,81): 112 (113)
(69,82): 113 (115)
(69,83): 112 (113)
(69,84): 113 (114)
(69,85): 112 (113)
(69,86): 111 (113)
(69,87): 110 (111)
(69,88): 109 (111)
(69,89): 108 (109)
(69,90): 109 (110)
(69,91): 108 (109)
(69,92): 110 (111)
(69,93): 111 (112)
(69,94): 112 (114)
(69,95): 112 (113)
(69,96): 112 (113)
(69,97): 111 (112)
(69,98): 110 (111)
(69,99): 107 (109)
(69,100): 105 (106)
(69,101): 103 (104)
(69,102): 101 (102)
(69,103): 100 (101)
(69,104): 101 (102)
(69,105): 101 (102)
(69,106): 102 (104)
(69,107): 99 (100)
(69,108): 100 (101)
(69,109): 99 (100)
(69,110): 101 (102)
(69,111): 102 (103)
(69,112): 103 (104)
(69,113): 102 (103)
(69,114): 101 (102)
(69,115): 100 (101)
(69,116): 100 (101)
(69,117): 100 (101)
(69,118): 99 (100)
(69,119): 98 (99)
(69,120): 97 (98)
(69,121): 96 (97)
(69,122): 96 (97)
(69,123): 96 (97)
(69,124): 94 (95)
(69,125): 91 (92)
(69,126): 84 (85)
(69,127): 69 (72)
(70,0): 74 (78)
(70,1): 88 (90)
(70,2): 102 (106)
(70,3): 100 (100)
(70,4): 107 (110)
(70,5): 103 (104)
(70,6): 111 (115)
(70,7): 105 (106)
(70,8): 110 (113)
(70,9): 108 (109)
(70,10): 110 (113)
(70,11): 108 (109)
(70,12): 110 (113)
(70,13): 107 (108)
(70,14): 107 (110)
(70,15): 103 (104)
(70,16): 106 (109)
(70,17): 100 (100)
(70,18): 106 (110)
(70,19): 103 (104)
(70,20): 107 (110)
(70,21): 106 (107)
(70,22): 106 (109)
(70,23): 103 (104)
(70,24): 106 (109)
(70,25): 103 (104)
(70,26): 106 (109)
(70,27): 105 (106)
(70,28): 107 (110)
(70,29): 105 (106)
(70,30): 105 (107)
(70,31): 102 (103)
(70,32): 104 (106)
(70,33): 100 (100)
(70,34): 104 (107)
(70,35): 104 (105)
(70,36): 106 (108)
(70,37): 105 (106)
(70,38): 107 (110)
(70,39): 105 (106)
(70,40): 105 (108)
(70,41): 102 (103)
(70,42): 103 (105)
(70,43): 99 (100)
(70,44): 102 (104)
(70,45): 99 (100)
(70,46): 100 (102)
(70,47): 98 (98)
(70,48): 102 (105)
(70,49): 101 (102)
(70,50): 106 (110)
(70,51): 102 (103)
(70,52): 102 (104)
(70,53): 99 (99)
(70,54): 102 (104)
(70,55): 101 (102)
(70,56): 105 (108)
(70,57): 104 (105)
(70,58): 106 (108)
(70,59): 104 (105)
(70,60): 106 (108)
(70,61): 103 (103)
(70,62): 106 (109)
(70,63): 103 (105)
(70,64): 103 (106)
(70,65): 100 (101)
(70,66): 100 (102)
(70,67): 100 (101)
(70,68): 101 (103)
(70,69): 99 (100)
(70,70): 101 (103)
(70,71): 99 (100)
(70,72): 102 (104)
(70,73): 102 (103)
(70,74): 104 (107)
(70,75): 103 (104)
(70,76): 105 (107)
(70,77): 104 (105)
(70,78): 106 (109)
(70,79): 106 (107)
(70,80): 108 (111)
(70,81): 107 (108)
(70,82): 108 (111)
(70,83): 103 (104)
(70,84): 108 (111)
(70,85): 104 (105)
(70,86): 106 (109)
(70,87): 104 (105)
(70,88): 104 (106)
(70,89): 101 (102)
(70,90): 102 (104)
(70,91): 98 (99)
(70,92): 101 (103)
(70,93): 103 (105)
(70,94): 106 (109)
(70,95): 105 (107)
(70,96): 106 (108)
(70,97): 104 (106)
(70,98): 104 (107)
(70,99): 101 (103)
(70,100): 100 (103)
(70,101): 98 (99)
(70,102): 97 (99)
(70,103): 95 (96)
(70,104): 94 (96)
(70,105): 92 (93)
(70,106): 95 (97)
(70,107): 89 (89)
(70,108): 93 (95)
(70,109): 92 (93)
(70,110): 95 (97)
(70,111): 93 (95)
(70,112): 94 (96)
(70,113): 91 (93)
(70,114): 91 (93)
(70,115): 90 (92)
(70,116): 91 (93)
(70,117): 89 (91)
(70,118): 89 (91)
(70,119): 86 (87)
(70,120): 85 (87)
(70,121): 84 (85)
(70,122): 85 (87)
(70,123): 84 (86)
(70,124): 84 (87)
(70,125): 82 (84)
(70,126): 78 (81)
(70,127): 67 (73)
(71,0): 61 (67)
(71,1): 73 (76)
(71,2): 93 (100)
(71,3): 87 (90)
(71,4): 97 (104)
(71,5): 85 (87)
(71,6): 95 (101)
(71,7): 85 (87)
(71,8): 96 (102)
(71,9): 88 (90)
(71,10): 97 (103)
(71,11): 89 (91)
(71,12): 97 (103)
(71,13): 88 (90)
(71,14): 95 (101)
(71,15): 85 (87)
(71,16): 94 (100)
(71,17): 83 (85)
(71,18): 93 (99)
(71,19): 83 (85)
(71,20): 92 (98)
(71,21): 85 (87)
(71,22): 92 (98)
(71,23): 84 (86)
(71,24): 92 (98)
(71,25): 82 (84)
(71,26): 88 (93)
(71,27): 84 (86)
(71,28): 90 (95)
(71,29): 84 (87)
(71,30): 91 (96)
(71,31): 83 (85)
(71,32): 91 (97)
(71,33): 81 (82)
(71,34): 90 (96)
(71,35): 83 (85)
(71,36): 87 (92)
(71,37): 84 (86)
(71,38): 89 (94)
(71,39): 83 (85)
(71,40): 89 (95)
(71,41): 83 (85)
(71,42): 89 (95)
(71,43): 81 (83)
(71,44): 88 (93)
(71,45): 80 (82)
(71,46): 85 (90)
(71,47): 81 (83)
(71,48): 91 (97)
(71,49): 83 (85)
(71,50): 94 (101)
(71,51): 83 (85)
(71,52): 92 (98)
(71,53): 83 (85)
(71,54): 90 (95)
(71,55): 82 (84)
(71,56): 90 (95)
(71,57): 82 (84)
(71,58): 91 (97)
(71,59): 85 (87)
(71,60): 93 (99)
(71,61): 85 (88)
(71,62): 93 (99)
(71,63): 86 (88)
(71,64): 89 (95)
(71,65): 81 (83)
(71,66): 84 (89)
(71,67): 80 (82)
(71,68): 84 (89)
(71,69): 78 (80)
(71,70): 85 (90)
(71,71): 78 (79)
(71,72): 87 (93)
(71,73): 81 (83)
(71,74): 89 (94)
(71,75): 83 (85)
(71,76): 89 (95)
(71,77): 84 (86)
(71,78): 91 (97)
(71,79): 86 (88)
(71,80): 93 (99)
(71,81): 87 (90)
(71,82): 94 (100)
(71,83): 84 (86)
(71,84): 93 (99)
(71,85): 84 (86)
(71,86): 90 (95)
(71,87): 84 (86)
(71,88): 87 (92)
(71,89): 81 (83)
(71,90): 86 (91)
(71,91): 80 (82)
(71,92): 85 (89)
(71,93): 83 (86)
(71,94): 89 (94)
(71,95): 85 (87)
(71,96): 90 (96)
(71,97): 84 (86)
(71,98): 89 (94)
(71,99): 81 (83)
(71,100): 83 (88)
(71,101): 77 (79)
(71,102): 80 (84)
(71,103): 76 (77)
(71,104): 79 (83)
(71,105): 73 (75)
(71,106): 79 (84)
(71,107): 71 (72)
(71,108): 78 (83)
(71,109): 73 (74)
(71,110): 77 (81)
(71,111): 73 (74)
(71,112): 75 (79)
(71,113): 71 (72)
(71,114): 73 (77)
(71,115): 70 (71)
(71,116): 72 (76)
(71,117): 69 (70)
(71,118): 71 (74)
(71,119): 66 (67)
(71,120): 67 (70)
(71,121): 64 (65)
(71,122): 66 (69)
(71,123): 64 (65)
(71,124): 65 (68)
(71,125): 61 (63)
(71,126): 58 (61)
(71,127): 43 (46)
