(0,0): 94-120-171
(0,1): 132-171-234
(0,2): 128-167-203
(0,3): 169-203-248
(0,4): 130-171-203
(0,5): 171-203-244
(0,6): 130-171-203
(0,7): 171-203-244
(0,8): 130-171-203
(0,9): 171-203-244
(0,10): 130-171-203
(0,11): 171-203-244
(0,12): 130-171-203
(0,13): 171-203-244
(0,14): 130-171-203
(0,15): 171-203-244
(0,16): 130-171-203
(0,17): 171-203-244
(0,18): 130-171-203
(0,19): 171-203-244
(0,20): 130-171-203
(0,21): 171-203-244
(0,22): 130-171-203
(0,23): 171-203-244
(0,24): 130-171-203
(0,25): 171-203-244
(0,26): 130-171-203
(0,27): 171-203-244
(0,28): 130-171-203
(0,29): 171-203-244
(0,30): 130-171-203
(0,31): 171-203-244
(0,32): 130-171-203
(0,33): 171-203-244
(0,34): 130-171-203
(0,35): 171-203-244
(0,36): 130-171-203
(0,37): 171-203-244
(0,38): 130-171-203
(0,39): 171-203-244
(0,40): 130-171-203
(0,41): 171-203-244
(0,42): 130-171-203
(0,43): 171-203-244
(0,44): 130-171-203
(0,45): 171-203-244
(0,46): 130-171-203
(0,47): 171-203-244
(0,48): 130-171-203
(0,49): 171-203-244
(0,50): 130-171-203
(0,51): 171-203-244
(0,52): 130-171-203
(0,53): 171-203-244
(0,54): 130-171-203
(0,55): 171-203-244
(0,56): 130-171-203
(0,57): 171-203-244
(0,58): 130-171-203
(0,59): 171-203-244
(0,60): 130-171-203
(0,61): 171-203-244
(0,62): 130-171-203
(0,63): 171-203-244
(0,64): 130-171-203
(0,65): 171-203-244
(0,66): 130-171-203
(0,67): 171-203-244
(0,68): 130-171-203
(0,69): 171-203-244
(0,70): 130-171-203
(0,71): 171-203-244
(0,72): 130-171-203
(0,73): 171-203-244
(0,74): 130-171-203
(0,75): 171-203-244
(0,76): 130-171-203
(0,77): 171-203-244
(0,78): 130-171-203
(0,79): 171-203-244
(0,80): 130-171-203
(0,81): 171-203-244
(0,82): 130-171-203
(0,83): 171-203-244
(0,84): 130-171-203
(0,85): 171-203-244
(0,86): 130-171-203
(0,87): 171-203-244
(0,88): 130-171-203
(0,89): 171-203-244
(0,90): 130-171-203
(0,91): 171-203-244
(0,92): 130-171-203
(0,93): 171-203-244
(0,94): 130-171-203
(0,95): 171-203-244
(0,96): 130-171-203
(0,97): 171-203-244
(0,98): 130-171-203
(0,99): 171-203-244
(0,100): 130-171-203
(0,101): 171-203-244
(0,102): 130-171-203
(0,103): 171-203-244
(0,104): 130-171-203
(0,105): 171-203-244
(0,106): 130-171-203
(0,107): 171-203-244
(0,108): 130-171-203
(0,109): 171-203-244
(0,110): 130-171-203
(0,111): 171-203-244
(0,112): 130-171-203
(0,113): 171-203-244
(0,114): 130-171-203
(0,115): 171-203-244
(0,116): 130-171-203
(0,117): 171-203-244
(0,118): 130-171-203
(0,119): 171-203-244
(0,120): 130-171-203
(0,121): 171-203-244
(0,122): 130-171-203
(0,123): 171-203-244
(0,124): 136-175-203
(0,125): 173-203-236
(0,126): 148-173-171
(0,127): 160-171-157
(1,0): 132-171-234
(1,1): 171-221-250
(1,2): 179-203-242
(1,3): 203-238-250
(1,4): 181-203-234
(1,5): 203-234-250
(1,6): 181-203-234
(1,7): 203-234-250
(1,8): 181-203-234
(1,9): 203-234-250
(1,10): 181-203-234
(1,11): 203-234-250
(1,12): 181-203-234
(1,13): 203-234-250
(1,14): 181-203-234
(1,15): 203-234-250
(1,16): 181-203-234
(1,17): 203-234-250
(1,18): 181-203-234
(1,19): 203-234-250
(1,20): 181-203-234
(1,21): 203-234-250
(1,22): 181-203-234
(1,23): 203-234-250
(1,24): 181-203-234
(1,25): 203-234-250
(1,26): 181-203-234
(1,27): 203-234-250
(1,28): 181-203-234
(1,29): 203-234-250
(1,30): 181-203-234
(1,31): 203-234-250
(1,32): 181-203-234
(1,33): 203-234-250
(1,34): 181-203-234
(1,35): 203-234-250
(1,36): 181-203-234
(1,37): 203-234-250
(1,38): 181-203-234
(1,39): 203-234-250
(1,40): 181-203-234
(1,41): 203-234-250
(1,42): 181-203-234
(1,43): 203-234-250
(1,44): 181-203-234
(1,45): 203-234-250
(1,46): 181-203-234
(1,47): 203-234-250
(1,48): 181-203-234
(1,49): 203-234-250
(1,50): 181-203-234
(1,51): 203-234-250
(1,52): 181-203-234
(1,53): 203-234-250
(1,54): 181-203-234
(1,55): 203-234-250
(1,56): 181-203-234
(1,57): 203-234-250
(1,58): 181-203-234
(1,59): 203-234-250
(1,60): 181-203-234
(1,61): 203-234-250
(1,62): 181-203-234
(1,63): 203-234-250
(1,64): 181-203-234
(1,65): 203-234-250
(1,66): 181-203-234
(1,67): 203-234-250
(1,68): 181-203-234
(1,69): 203-234-250
(1,70): 181-203-234
(1,71): 203-234-250
(1,72): 181-203-234
(1,73): 203-234-250
(1,74): 181-203-234
(1,75): 203-234-250
(1,76): 181-203-234
(1,77): 203-234-250
(1,78): 181-203-234
(1,79): 203-234-250
(1,80): 181-203-234
(1,81): 203-234-250
(1,82): 181-203-234
(1,83): 203-234-250
(1,84): 181-203-234
(1,85): 203-234-250
(1,86): 181-203-234
(1,87): 203-234-250
(1,88): 181-203-234
(1,89): 203-234-250
(1,90): 181-203-234
(1,91): 203-234-250
(1,92): 181-203-234
(1,93): 203-234-250
(1,94): 181-203-234
(1,95): 203-234-250
(1,96): 181-203-234
(1,97): 203-234-250
(1,98): 181-203-234
(1,99): 203-234-250
(1,100): 181-203-234
(1,101): 203-234-250
(1,102): 181-203-234
(1,103): 203-234-250
(1,104): 181-203-234
(1,105): 203-234-250
(1,106): 181-203-234
(1,107): 203-234-250
(1,108): 181-203-234
(1,109): 203-234-250
(1,110): 181-203-234
(1,111): 203-234-250
(1,112): 181-203-234
(1,113): 203-234-250
(1,114): 181-203-234
(1,115): 203-234-250
(1,116): 181-203-234
(1,117): 203-234-250
(1,118): 181-203-234
(1,119): 203-234-250
(1,120): 181-203-234
(1,121): 203-234-250
(1,122): 181-203-234
(1,123): 203-234-250
(1,124): 185-203-232
(1,125): 203-230-238
(1,126): 178-171-173
(1,127): 171-169-144
(2,0): 128-167-203
(2,1): 179-203-242
(2,2): 224-238-250
(2,3): 241-250-250
(2,4): 235-244-250
(2,5): 244-250-250
(2,6): 235-244-250
(2,7): 244-250-250
(2,8): 235-244-250
(2,9): 244-250-250
(2,10): 235-244-250
(2,11): 244-250-250
(2,12): 235-244-250
(2,13): 244-250-250
(2,14): 235-244-250
(2,15): 244-250-250
(2,16): 235-244-250
(2,17): 244-250-250
(2,18): 235-244-250
(2,19): 244-250-250
(2,20): 235-244-250
(2,21): 244-250-250
(2,22): 235-244-250
(2,23): 244-250-250
(2,24): 235-244-250
(2,25): 244-250-250
(2,26): 235-244-250
(2,27): 244-250-250
(2,28): 235-244-250
(2,29): 244-250-250
(2,30): 235-244-250
(2,31): 244-250-250
(2,32): 235-244-250
(2,33): 244-250-250
(2,34): 235-244-250
(2,35): 244-250-250
(2,36): 235-244-250
(2,37): 244-250-250
(2,38): 235-244-250
(2,39): 244-250-250
(2,40): 235-244-250
(2,41): 244-250-250
(2,42): 235-244-250
(2,43): 244-250-250
(2,44): 235-244-250
(2,45): 244-250-250
(2,46): 235-244-250
(2,47): 244-250-250
(2,48): 235-244-250
(2,49): 244-250-250
(2,50): 235-244-250
(2,51): 244-250-250
(2,52): 235-244-250
(2,53): 244-250-250
(2,54): 235-244-250
(2,55): 244-250-250
(2,56): 235-244-250
(2,57): 244-250-250
(2,58): 235-244-250
(2,59): 244-250-250
(2,60): 235-244-250
(2,61): 244-250-250
(2,62): 235-244-250
(2,63): 244-250-250
(2,64): 235-244-250
(2,65): 244-250-250
(2,66): 235-244-250
(2,67): 244-250-250
(2,68): 235-244-250
(2,69): 244-250-250
(2,70): 235-244-250
(2,71): 244-250-250
(2,72): 235-244-250
(2,73): 244-250-250
(2,74): 235-244-250
(2,75): 244-250-250
(2,76): 235-244-250
(2,77): 244-250-250
(2,78): 235-244-250
(2,79): 244-250-250
(2,80): 235-244-250
(2,81): 244-250-250
(2,82): 235-244-250
(2,83): 244-250-250
(2,84): 236-245-250
(2,85): 245-250-250
(2,86): 236-245-250
(2,87): 245-250-250
(2,88): 236-244-250
(2,89): 244-250-250
(2,90): 235-244-250
(2,91): 244-250-250
(2,92): 235-244-250
(2,93): 244-250-250
(2,94): 235-244-250
(2,95): 244-250-250
(2,96): 235-244-250
(2,97): 244-250-250
(2,98): 235-244-250
(2,99): 244-250-250
(2,100): 235-244-250
(2,101): 244-250-250
(2,102): 235-244-250
(2,103): 244-250-250
(2,104): 235-244-250
(2,105): 244-250-250
(2,106): 235-244-250
(2,107): 244-250-250
(2,108): 235-244-250
(2,109): 244-250-250
(2,110): 235-244-250
(2,111): 244-250-250
(2,112): 235-244-250
(2,113): 244-250-250
(2,114): 235-244-250
(2,115): 244-250-250
(2,116): 235-244-250
(2,117): 244-250-250
(2,118): 235-244-250
(2,119): 244-250-250
(2,120): 235-244-250
(2,121): 244-250-250
(2,122): 235-244-250
(2,123): 244-250-250
(2,124): 247-250-250
(2,125): 250-250-247
(2,126): 229-216-187
(2,127): 222-187-156
(3,0): 169-203-248
(3,1): 203-238-250
(3,2): 241-250-250
(3,3): 250-250-250
(3,4): 247-250-250
(3,5): 250-250-250
(3,6): 247-250-250
(3,7): 250-250-250
(3,8): 247-250-250
(3,9): 250-250-250
(3,10): 247-250-250
(3,11): 250-250-250
(3,12): 247-250-250
(3,13): 250-250-250
(3,14): 247-250-250
(3,15): 250-250-250
(3,16): 247-250-250
(3,17): 250-250-250
(3,18): 247-250-250
(3,19): 250-250-250
(3,20): 247-250-250
(3,21): 250-250-250
(3,22): 247-250-250
(3,23): 250-250-250
(3,24): 247-250-250
(3,25): 250-250-250
(3,26): 247-250-250
(3,27): 250-250-250
(3,28): 247-250-250
(3,29): 250-250-250
(3,30): 247-250-250
(3,31): 250-250-250
(3,32): 247-250-250
(3,33): 250-250-250
(3,34): 247-250-250
(3,35): 250-250-250
(3,36): 247-250-250
(3,37): 250-250-250
(3,38): 247-250-250
(3,39): 250-250-250
(3,40): 247-250-250
(3,41): 250-250-250
(3,42): 247-250-250
(3,43): 250-250-250
(3,44): 247-250-250
(3,45): 250-250-250
(3,46): 247-250-250
(3,47): 250-250-250
(3,48): 247-250-250
(3,49): 250-250-250
(3,50): 247-250-250
(3,51): 250-250-250
(3,52): 247-250-250
(3,53): 250-250-250
(3,54): 247-250-250
(3,55): 250-250-250
(3,56): 247-250-250
(3,57): 250-250-250
(3,58): 247-250-250
(3,59): 250-250-250
(3,60): 247-250-250
(3,61): 250-250-250
(3,62): 247-250-250
(3,63): 250-250-250
(3,64): 247-250-250
(3,65): 250-250-250
(3,66): 247-250-250
(3,67): 250-250-250
(3,68): 247-250-250
(3,69): 250-250-250
(3,70): 247-250-250
(3,71): 250-250-250
(3,72): 247-250-250
(3,73): 250-250-250
(3,74): 247-250-250
(3,75): 250-250-250
(3,76): 247-250-250
(3,77): 250-250-250
(3,78): 247-250-250
(3,79): 250-250-250
(3,80): 246-250-250
(3,81): 250-250-250
(3,82): 246-250-250
(3,83): 250-250-250
(3,84): 246-250-250
(3,85): 250-250-250
(3,86): 246-250-250
(3,87): 250-250-250
(3,88): 246-250-250
(3,89): 250-250-250
(3,90): 246-250-250
(3,91): 250-250-250
(3,92): 246-250-250
(3,93): 250-250-250
(3,94): 247-250-250
(3,95): 250-250-250
(3,96): 247-250-250
(3,97): 250-250-250
(3,98): 247-250-250
(3,99): 250-250-250
(3,100): 247-250-250
(3,101): 250-250-250
(3,102): 247-250-250
(3,103): 250-250-250
(3,104): 247-250-250
(3,105): 250-250-250
(3,106): 247-250-250
(3,107): 250-250-250
(3,108): 247-250-250
(3,109): 250-250-250
(3,110): 247-250-250
(3,111): 250-250-250
(3,112): 247-250-250
(3,113): 250-250-250
(3,114): 247-250-250
(3,115): 250-250-250
(3,116): 247-250-250
(3,117): 250-250-250
(3,118): 247-250-250
(3,119): 250-250-250
(3,120): 247-250-250
(3,121): 250-250-250
(3,122): 247-250-250
(3,123): 250-250-250
(3,124): 250-250-250
(3,125): 250-248-239
(3,126): 217-187-165
(3,127): 187-157-119
(4,0): 130-171-203
(4,1): 181-203-234
(4,2): 235-244-250
(4,3): 247-250-250
(4,4): 250-250-250
(4,5): 250-250-250
(4,6): 250-250-250
(4,7): 250-250-250
(4,8): 250-250-250
(4,9): 250-250-250
(4,10): 250-250-250
(4,11): 250-250-250
(4,12): 250-250-250
(4,13): 250-250-250
(4,14): 250-250-250
(4,15): 250-250-250
(4,16): 250-250-250
(4,17): 250-250-250
(4,18): 250-250-250
(4,19): 250-250-250
(4,20): 250-250-250
(4,21): 250-250-250
(4,22): 250-250-250
(4,23): 250-250-250
(4,24): 250-250-250
(4,25): 250-250-250
(4,26): 250-250-250
(4,27): 250-250-250
(4,28): 250-250-250
(4,29): 250-250-250
(4,30): 250-250-250
(4,31): 250-250-250
(4,32): 250-250-250
(4,33): 250-250-250
(4,34): 250-250-250
(4,35): 250-250-250
(4,36): 250-250-250
(4,37): 250-250-250
(4,38): 250-250-250
(4,39): 250-250-250
(4,40): 250-250-250
(4,41): 250-250-250
(4,42): 250-250-250
(4,43): 250-250-250
(4,44): 250-250-250
(4,45): 250-250-250
(4,46): 250-250-250
(4,47): 250-250-250
(4,48): 250-250-250
(4,49): 250-250-250
(4,50): 250-250-250
(4,51): 250-250-250
(4,52): 250-250-250
(4,53): 250-250-250
(4,54): 250-250-250
(4,55): 250-250-250
(4,56): 250-250-250
(4,57): 250-250-250
(4,58): 250-250-250
(4,59): 250-250-250
(4,60): 250-250-250
(4,61): 250-250-250
(4,62): 250-250-250
(4,63): 250-250-250
(4,64): 250-250-250
(4,65): 250-250-250
(4,66): 250-250-250
(4,67): 250-250-250
(4,68): 250-250-250
(4,69): 250-250-250
(4,70): 250-250-250
(4,71): 250-250-250
(4,72): 250-250-250
(4,73): 250-250-249
(4,74): 250-250-250
(4,75): 250-250-249
(4,76): 250-250-250
(4,77): 250-250-249
(4,78): 250-250-250
(4,79): 250-250-249
(4,80): 250-250-250
(4,81): 249-249-250
(4,82): 244-246-247
(4,83): 243-244-247
(4,84): 239-242-243
(4,85): 241-242-244
(4,86): 238-241-242
(4,87): 241-242-245
(4,88): 240-243-245
(4,89): 246-247-250
(4,90): 248-249-249
(4,91): 250-250-250
(4,92): 250-250-249
(4,93): 250-250-249
(4,94): 250-250-250
(4,95): 250-250-249
(4,96): 250-250-250
(4,97): 250-250-249
(4,98): 250-250-250
(4,99): 250-250-250
(4,100): 250-250-250
(4,101): 250-250-250
(4,102): 250-250-250
(4,103): 250-250-250
(4,104): 250-250-250
(4,105): 250-250-250
(4,106): 250-250-250
(4,107): 250-250-250
(4,108): 250-250-250
(4,109): 250-250-250
(4,110): 250-250-250
(4,111): 250-250-250
(4,112): 250-250-250
(4,113): 250-250-250
(4,114): 250-250-250
(4,115): 250-250-250
(4,116): 250-250-250
(4,117): 250-250-250
(4,118): 250-250-250
(4,119): 250-250-250
(4,120): 250-250-250
(4,121): 250-250-250
(4,122): 250-250-250
(4,123): 250-250-250
(4,124): 250-250-250
(4,125): 250-250-242
(4,126): 241-218-187
(4,127): 226-187-155
(5,0): 171-203-244
(5,1): 203-234-250
(5,2): 244-250-250
(5,3): 250-250-250
(5,4): 250-250-250
(5,5): 250-250-250
(5,6): 250-250-250
(5,7): 250-250-250
(5,8): 250-250-250
(5,9): 250-250-250
(5,10): 250-250-250
(5,11): 250-250-250
(5,12): 250-250-250
(5,13): 250-250-250
(5,14): 250-250-250
(5,15): 250-250-250
(5,16): 250-250-250
(5,17): 250-250-250
(5,18): 250-250-250
(5,19): 250-250-250
(5,20): 250-250-250
(5,21): 250-250-250
(5,22): 250-250-250
(5,23): 250-250-250
(5,24): 250-250-250
(5,25): 250-250-250
(5,26): 250-250-250
(5,27): 250-250-250
(5,28): 250-250-250
(5,29): 250-250-250
(5,30): 250-250-250
(5,31): 250-250-250
(5,32): 250-250-250
(5,33): 250-250-250
(5,34): 250-250-250
(5,35): 250-250-250
(5,36): 250-250-250
(5,37): 250-250-250
(5,38): 250-250-250
(5,39): 250-250-250
(5,40): 250-250-250
(5,41): 250-250-250
(5,42): 250-250-250
(5,43): 250-250-250
(5,44): 250-250-250
(5,45): 250-250-250
(5,46): 250-250-250
(5,47): 250-250-250
(5,48): 250-250-250
(5,49): 250-250-250
(5,50): 250-250-250
(5,51): 250-250-250
(5,52): 250-250-250
(5,53): 250-250-250
(5,54): 250-250-250
(5,55): 250-250-250
(5,56): 249-250-250
(5,57): 250-250-250
(5,58): 249-250-250
(5,59): 250-250-250
(5,60): 249-250-250
(5,61): 250-250-250
(5,62): 250-250-250
(5,63): 250-250-250
(5,64): 250-250-250
(5,65): 250-250-250
(5,66): 250-250-250
(5,67): 250-250-250
(5,68): 250-250-250
(5,69): 250-250-250
(5,70): 249-250-250
(5,71): 250-250-250
(5,72): 249-250-250
(5,73): 250-250-250
(5,74): 249-250-250
(5,75): 250-250-250
(5,76): 249-250-250
(5,77): 250-250-250
(5,78): 250-249-249
(5,79): 246-247-246
(5,80): 242-241-240
(5,81): 234-238-240
(5,82): 222-226-235
(5,83): 218-230-237
(5,84): 203-211-224
(5,85): 206-218-227
(5,86): 199-207-220
(5,87): 210-224-233
(5,88): 208-216-231
(5,89): 223-233-239
(5,90): 228-231-236
(5,91): 238-240-240
(5,92): 244-243-242
(5,93): 248-248-246
(5,94): 250-249-248
(5,95): 250-250-249
(5,96): 249-250-249
(5,97): 250-250-249
(5,98): 249-250-248
(5,99): 250-250-248
(5,100): 250-250-250
(5,101): 250-250-250
(5,102): 250-250-250
(5,103): 250-250-250
(5,104): 250-250-250
(5,105): 250-250-250
(5,106): 250-250-250
(5,107): 250-250-250
(5,108): 250-250-250
(5,109): 250-250-250
(5,110): 250-250-250
(5,111): 250-250-250
(5,112): 250-250-250
(5,113): 250-250-250
(5,114): 250-250-250
(5,115): 250-250-250
(5,116): 250-250-250
(5,117): 250-250-250
(5,118): 250-250-250
(5,119): 250-250-250
(5,120): 250-250-250
(5,121): 250-250-250
(5,122): 250-250-250
(5,123): 250-250-250
(5,124): 250-250-246
(5,125): 250-242-230
(5,126): 218-187-163
(5,127): 187-155-116
(6,0): 130-171-203
(6,1): 181-203-234
(6,2): 235-244-250
(6,3): 247-250-250
(6,4): 250-250-250
(6,5): 250-250-250
(6,6): 250-250-250
(6,7): 250-250-250
(6,8): 250-250-250
(6,9): 250-250-250
(6,10): 250-250-250
(6,11): 250-250-250
(6,12): 250-250-250
(6,13): 250-250-250
(6,14): 250-250-250
(6,15): 250-250-250
(6,16): 250-250-250
(6,17): 250-250-250
(6,18): 250-250-250
(6,19): 250-250-250
(6,20): 250-250-250
(6,21): 250-250-250
(6,22): 250-250-250
(6,23): 250-250-250
(6,24): 250-250-250
(6,25): 250-250-250
(6,26): 250-250-250
(6,27): 250-250-250
(6,28): 250-250-250
(6,29): 250-250-250
(6,30): 250-250-250
(6,31): 250-250-250
(6,32): 250-250-250
(6,33): 250-250-250
(6,34): 250-250-250
(6,35): 250-250-250
(6,36): 250-250-250
(6,37): 250-250-250
(6,38): 250-250-250
(6,39): 250-250-250
(6,40): 250-250-250
(6,41): 250-250-250
(6,42): 250-250-250
(6,43): 250-250-250
(6,44): 250-250-250
(6,45): 250-250-250
(6,46): 250-250-250
(6,47): 250-250-250
(6,48): 250-250-250
(6,49): 250-250-250
(6,50): 250-250-250
(6,51): 250-250-249
(6,52): 250-250-250
(6,53): 250-250-249
(6,54): 250-250-250
(6,55): 250-250-249
(6,56): 250-250-250
(6,57): 250-250-250
(6,58): 250-250-250
(6,59): 250-250-250
(6,60): 250-250-250
(6,61): 250-250-250
(6,62): 250-250-250
(6,63): 250-250-249
(6,64): 250-250-250
(6,65): 250-250-249
(6,66): 250-250-250
(6,67): 250-250-249
(6,68): 250-250-250
(6,69): 250-250-250
(6,70): 250-250-250
(6,71): 250-250-250
(6,72): 249-250-250
(6,73): 249-249-250
(6,74): 244-247-248
(6,75): 245-247-250
(6,76): 238-241-243
(6,77): 237-239-240
(6,78): 234-234-232
(6,79): 231-225-222
(6,80): 224-226-218
(6,81): 219-212-213
(6,82): 198-206-209
(6,83): 182-199-211
(6,84): 146-166-187
(6,85): 152-174-193
(6,86): 130-156-181
(6,87): 163-188-207
(6,88): 171-188-203
(6,89): 198-207-216
(6,90): 206-211-209
(6,91): 225-215-212
(6,92): 233-231-222
(6,93): 236-230-225
(6,94): 238-238-233
(6,95): 243-243-240
(6,96): 250-250-243
(6,97): 249-249-245
(6,98): 249-250-245
(6,99): 250-250-247
(6,100): 250-250-250
(6,101): 250-250-249
(6,102): 250-250-250
(6,103): 250-250-250
(6,104): 250-250-250
(6,105): 250-250-250
(6,106): 250-250-250
(6,107): 250-250-250
(6,108): 250-250-250
(6,109): 250-250-250
(6,110): 250-250-250
(6,111): 250-250-250
(6,112): 250-250-250
(6,113): 250-250-250
(6,114): 250-250-250
(6,115): 250-250-250
(6,116): 250-250-250
(6,117): 250-250-250
(6,118): 250-250-250
(6,119): 250-250-250
(6,120): 250-250-250
(6,121): 250-250-250
(6,122): 250-250-250
(6,123): 250-250-250
(6,124): 250-250-250
(6,125): 250-250-242
(6,126): 241-218-187
(6,127): 226-187-155
(7,0): 171-203-244
(7,1): 203-234-250
(7,2): 244-250-250
(7,3): 250-250-250
(7,4): 250-250-250
(7,5): 250-250-250
(7,6): 250-250-250
(7,7): 250-250-250
(7,8): 250-250-250
(7,9): 250-250-250
(7,10): 250-250-250
(7,11): 250-250-250
(7,12): 250-250-250
(7,13): 250-250-250
(7,14): 250-250-250
(7,15): 250-250-250
(7,16): 250-250-250
(7,17): 250-250-250
(7,18): 250-250-250
(7,19): 250-250-250
(7,20): 250-250-250
(7,21): 250-250-250
(7,22): 250-250-250
(7,23): 250-250-250
(7,24): 250-250-250
(7,25): 250-250-250
(7,26): 250-250-250
(7,27): 250-250-250
(7,28): 250-250-250
(7,29): 250-250-250
(7,30): 250-250-250
(7,31): 250-250-250
(7,32): 250-250-250
(7,33): 250-250-250
(7,34): 250-250-250
(7,35): 250-250-250
(7,36): 250-250-250
(7,37): 250-250-250
(7,38): 250-250-250
(7,39): 250-250-250
(7,40): 250-250-250
(7,41): 250-250-250
(7,42): 250-250-250
(7,43): 250-250-250
(7,44): 249-250-250
(7,45): 250-250-250
(7,46): 249-250-250
(7,47): 250-250-250
(7,48): 249-250-250
(7,49): 250-250-250
(7,50): 248-250-250
(7,51): 250-250-250
(7,52): 248-250-250
(7,53): 250-250-250
(7,54): 248-250-250
(7,55): 249-250-250
(7,56): 247-249-250
(7,57): 249-250-250
(7,58): 247-249-250
(7,59): 249-250-250
(7,60): 247-249-250
(7,61): 250-250-250
(7,62): 248-250-250
(7,63): 250-250-250
(7,64): 248-250-250
(7,65): 250-250-250
(7,66): 248-250-250
(7,67): 250-250-250
(7,68): 248-250-250
(7,69): 250-250-250
(7,70): 248-249-250
(7,71): 246-248-249
(7,72): 240-241-242
(7,73): 235-240-244
(7,74): 221-227-238
(7,75): 220-233-243
(7,76): 203-213-230
(7,77): 208-222-229
(7,78): 202-206-217
(7,79): 203-210-210
(7,80): 205-201-193
(7,81): 174-174-178
(7,82): 135-141-139
(7,83): 98-107-121
(7,84): 57-84-105
(7,85): 69-91-122
(7,86): 47-83-108
(7,87): 75-99-122
(7,88): 84-106-116
(7,89): 125-128-136
(7,90): 160-157-148
(7,91): 185-179-178
(7,92): 209-201-194
(7,93): 209-214-211
(7,94): 213-215-223
(7,95): 224-233-225
(7,96): 229-231-218
(7,97): 239-241-229
(7,98): 246-245-240
(7,99): 249-249-246
(7,100): 250-250-250
(7,101): 250-250-250
(7,102): 250-250-250
(7,103): 250-250-250
(7,104): 249-250-250
(7,105): 250-250-250
(7,106): 250-250-250
(7,107): 250-250-250
(7,108): 250-250-250
(7,109): 250-250-250
(7,110): 250-250-250
(7,111): 250-250-250
(7,112): 250-250-250
(7,113): 250-250-250
(7,114): 250-250-250
(7,115): 250-250-250
(7,116): 250-250-250
(7,117): 250-250-250
(7,118): 250-250-250
(7,119): 250-250-250
(7,120): 250-250-250
(7,121): 250-250-250
(7,122): 250-250-250
(7,123): 250-250-250
(7,124): 250-250-246
(7,125): 250-242-230
(7,126): 218-187-163
(7,127): 187-155-116
(8,0): 130-171-203
(8,1): 181-203-234
(8,2): 235-244-250
(8,3): 247-250-250
(8,4): 250-250-250
(8,5): 250-250-250
(8,6): 250-250-250
(8,7): 250-250-250
(8,8): 250-250-250
(8,9): 250-250-250
(8,10): 250-250-250
(8,11): 250-250-250
(8,12): 250-250-250
(8,13): 250-250-250
(8,14): 250-250-250
(8,15): 250-250-250
(8,16): 250-250-250
(8,17): 250-250-250
(8,18): 250-250-250
(8,19): 250-250-250
(8,20): 250-250-250
(8,21): 250-250-250
(8,22): 250-250-250
(8,23): 250-250-250
(8,24): 250-250-250
(8,25): 250-250-250
(8,26): 250-250-250
(8,27): 250-250-250
(8,28): 250-250-250
(8,29): 250-250-250
(8,30): 250-250-250
(8,31): 250-250-250
(8,32): 250-250-250
(8,33): 250-250-250
(8,34): 250-250-250
(8,35): 250-250-249
(8,36): 250-250-250
(8,37): 250-250-249
(8,38): 250-250-250
(8,39): 250-250-249
(8,40): 250-250-250
(8,41): 250-250-249
(8,42): 250-250-250
(8,43): 250-250-248
(8,44): 250-250-250
(8,45): 250-250-248
(8,46): 250-250-250
(8,47): 250-250-249
(8,48): 250-250-250
(8,49): 250-250-250
(8,50): 248-250-250
(8,51): 248-249-250
(8,52): 243-247-249
(8,53): 245-249-250
(8,54): 239-246-248
(8,55): 242-247-250
(8,56): 236-243-247
(8,57): 241-247-250
(8,58): 234-244-247
(8,59): 240-248-250
(8,60): 235-243-248
(8,61): 241-248-250
(8,62): 234-243-248
(8,63): 241-248-250
(8,64): 235-243-249
(8,65): 243-248-250
(8,66): 237-244-249
(8,67): 245-249-250
(8,68): 242-247-250
(8,69): 245-248-250
(8,70): 238-241-242
(8,71): 236-234-234
(8,72): 229-233-227
(8,73): 229-221-224
(8,74): 206-212-217
(8,75): 195-209-226
(8,76): 165-185-205
(8,77): 169-194-215
(8,78): 139-157-177
(8,79): 130-149-159
(8,80): 97-111-124
(8,81): 81-93-91
(8,82): 55-72-89
(8,83): 59-84-93
(8,84): 65-91-120
(8,85): 71-119-145
(8,86): 73-109-141
(8,87): 61-111-128
(8,88): 58-86-104
(8,89): 69-84-80
(8,90): 77-83-89
(8,91): 91-96-89
(8,92): 105-114-124
(8,93): 140-157-162
(8,94): 176-180-185
(8,95): 195-204-194
(8,96): 192-203-181
(8,97): 234-222-201
(8,98): 240-238-225
(8,99): 239-237-233
(8,100): 247-246-244
(8,101): 248-249-249
(8,102): 250-250-250
(8,103): 250-250-250
(8,104): 250-249-250
(8,105): 250-250-250
(8,106): 250-250-250
(8,107): 250-250-250
(8,108): 250-250-250
(8,109): 250-250-250
(8,110): 250-250-250
(8,111): 250-250-250
(8,112): 250-250-250
(8,113): 250-250-250
(8,114): 250-250-250
(8,115): 250-250-250
(8,116): 250-250-250
(8,117): 250-250-250
(8,118): 250-250-250
(8,119): 250-250-250
(8,120): 250-250-250
(8,121): 250-250-250
(8,122): 250-250-250
(8,123): 250-250-250
(8,124): 250-250-250
(8,125): 250-250-242
(8,126): 241-218-187
(8,127): 226-187-155
(9,0): 171-203-244
(9,1): 203-234-250
(9,2): 244-250-250
(9,3): 250-250-250
(9,4): 250-250-250
(9,5): 250-250-250
(9,6): 250-250-250
(9,7): 250-250-250
(9,8): 250-250-250
(9,9): 250-250-250
(9,10): 250-250-250
(9,11): 250-250-250
(9,12): 250-250-250
(9,13): 250-250-250
(9,14): 250-250-250
(9,15): 250-250-250
(9,16): 250-250-250
(9,17): 250-250-250
(9,18): 250-250-250
(9,19): 250-250-250
(9,20): 250-250-250
(9,21): 250-250-250
(9,22): 250-250-250
(9,23): 250-250-250
(9,24): 250-250-250
(9,25): 250-250-250
(9,26): 250-250-250
(9,27): 250-250-250
(9,28): 250-250-250
(9,29): 250-250-250
(9,30): 250-250-250
(9,31): 250-250-250
(9,32): 250-250-250
(9,33): 250-250-250
(9,34): 250-250-250
(9,35): 250-249-250
(9,36): 250-250-250
(9,37): 250-250-250
(9,38): 249-250-250
(9,39): 250-250-250
(9,40): 249-250-250
(9,41): 250-250-250
(9,42): 250-250-250
(9,43): 249-249-247
(9,44): 250-249-247
(9,45): 246-245-241
(9,46): 249-246-242
(9,47): 242-242-239
(9,48): 241-239-237
(9,49): 235-238-237
(9,50): 229-231-234
(9,51): 226-234-239
(9,52): 213-221-232
(9,53): 217-233-242
(9,54): 206-220-233
(9,55): 211-231-242
(9,56): 201-215-228
(9,57): 209-231-244
(9,58): 200-219-235
(9,59): 209-233-245
(9,60): 198-215-229
(9,61): 210-233-248
(9,62): 197-215-234
(9,63): 209-232-248
(9,64): 195-212-234
(9,65): 212-232-250
(9,66): 203-216-236
(9,67): 217-232-246
(9,68): 211-221-235
(9,69): 220-232-241
(9,70): 213-217-227
(9,71): 211-221-219
(9,72): 208-206-201
(9,73): 177-173-182
(9,74): 135-136-135
(9,75): 108-113-128
(9,76): 68-94-124
(9,77): 80-103-136
(9,78): 46-78-106
(9,79): 64-86-120
(9,80): 46-77-98
(9,81): 63-82-107
(9,82): 78-107-119
(9,83): 89-117-140
(9,84): 94-131-150
(9,85): 85-130-152
(9,86): 84-133-167
(9,87): 80-125-142
(9,88): 102-139-151
(9,89): 96-119-132
(9,90): 89-112-109
(9,91): 74-89-103
(9,92): 54-80-98
(9,93): 70-84-102
(9,94): 76-92-100
(9,95): 120-120-116
(9,96): 168-165-142
(9,97): 199-195-191
(9,98): 222-217-218
(9,99): 226-232-227
(9,100): 235-235-236
(9,101): 242-244-244
(9,102): 248-249-249
(9,103): 250-250-250
(9,104): 249-249-249
(9,105): 250-249-250
(9,106): 250-250-249
(9,107): 250-250-250
(9,108): 250-250-250
(9,109): 250-250-250
(9,110): 250-250-250
(9,111): 250-250-250
(9,112): 250-250-250
(9,113): 250-250-250
(9,114): 250-250-250
(9,115): 250-250-250
(9,116): 250-250-250
(9,117): 250-250-250
(9,118): 250-250-250
(9,119): 250-250-250
(9,120): 250-250-250
(9,121): 250-250-250
(9,122): 250-250-250
(9,123): 250-250-250
(9,124): 250-250-246
(9,125): 250-242-230
(9,126): 218-187-163
(9,127): 187-155-116
(10,0): 130-171-203
(10,1): 181-203-234
(10,2): 235-244-250
(10,3): 247-250-250
(10,4): 250-250-250
(10,5): 250-250-250
(10,6): 250-250-250
(10,7): 250-250-250
(10,8): 250-250-250
(10,9): 250-250-250
(10,10): 250-250-250
(10,11): 250-250-250
(10,12): 250-250-250
(10,13): 250-250-250
(10,14): 250-250-250
(10,15): 250-250-250
(10,16): 250-250-250
(10,17): 250-250-250
(10,18): 250-250-250
(10,19): 250-250-250
(10,20): 250-250-250
(10,21): 250-250-250
(10,22): 250-250-250
(10,23): 250-250-250
(10,24): 250-250-250
(10,25): 250-250-250
(10,26): 250-250-250
(10,27): 250-250-250
(10,28): 250-250-250
(10,29): 250-250-250
(10,30): 250-250-250
(10,31): 250-250-249
(10,32): 250-250-250
(10,33): 250-250-249
(10,34): 250-250-250
(10,35): 250-249-248
(10,36): 250-250-250
(10,37): 250-249-249
(10,38): 250-250-249
(10,39): 248-247-249
(10,40): 243-244-244
(10,41): 241-239-240
(10,42): 239-237-235
(10,43): 234-227-223
(10,44): 235-231-221
(10,45): 227-215-204
(10,46): 229-226-210
(10,47): 216-208-196
(10,48): 219-218-205
(10,49): 210-205-199
(10,50): 204-210-205
(10,51): 202-206-209
(10,52): 185-202-208
(10,53): 186-207-220
(10,54): 164-191-207
(10,55): 173-203-219
(10,56): 155-195-208
(10,57): 170-204-223
(10,58): 155-189-212
(10,59): 178-212-232
(10,60): 157-200-216
(10,61): 176-214-236
(10,62): 154-191-218
(10,63): 179-213-243
(10,64): 154-188-220
(10,65): 182-212-242
(10,66): 169-195-221
(10,67): 197-213-235
(10,68): 183-202-216
(10,69): 196-208-222
(10,70): 189-202-203
(10,71): 172-181-183
(10,72): 129-130-133
(10,73): 84-82-75
(10,74): 61-68-76
(10,75): 79-84-94
(10,76): 75-82-121
(10,77): 77-114-151
(10,78): 61-99-143
(10,79): 78-126-167
(10,80): 81-123-163
(10,81): 89-136-177
(10,82): 99-143-175
(10,83): 97-139-170
(10,84): 86-137-166
(10,85): 84-135-167
(10,86): 92-141-177
(10,87): 82-133-170
(10,88): 100-145-173
(10,89): 94-134-158
(10,90): 78-126-148
(10,91): 92-139-165
(10,92): 90-125-156
(10,93): 63-110-129
(10,94): 47-75-94
(10,95): 67-72-67
(10,96): 70-72-86
(10,97): 108-103-106
(10,98): 165-155-163
(10,99): 201-204-205
(10,100): 224-231-222
(10,101): 233-234-235
(10,102): 243-245-243
(10,103): 248-249-249
(10,104): 250-250-250
(10,105): 249-250-250
(10,106): 249-250-250
(10,107): 250-250-250
(10,108): 250-250-250
(10,109): 250-250-250
(10,110): 250-250-250
(10,111): 250-250-250
(10,112): 250-250-250
(10,113): 250-250-250
(10,114): 250-250-250
(10,115): 250-250-250
(10,116): 250-250-250
(10,117): 250-250-250
(10,118): 250-250-250
(10,119): 250-250-250
(10,120): 250-250-250
(10,121): 250-250-250
(10,122): 250-250-250
(10,123): 250-250-250
(10,124): 250-250-250
(10,125): 250-250-242
(10,126): 241-218-187
(10,127): 226-187-155
(11,0): 171-203-244
(11,1): 203-234-250
(11,2): 244-250-250
(11,3): 250-250-250
(11,4): 250-250-250
(11,5): 250-250-250
(11,6): 250-250-250
(11,7): 250-250-250
(11,8): 250-250-250
(11,9): 250-250-250
(11,10): 250-250-250
(11,11): 250-250-250
(11,12): 250-250-250
(11,13): 250-250-250
(11,14): 250-250-250
(11,15): 250-250-250
(11,16): 250-250-250
(11,17): 250-250-250
(11,18): 250-250-250
(11,19): 250-250-250
(11,20): 250-250-250
(11,21): 250-250-250
(11,22): 250-250-250
(11,23): 250-250-250
(11,24): 250-250-250
(11,25): 250-250-250
(11,26): 250-250-250
(11,27): 250-250-250
(11,28): 249-250-250
(11,29): 250-250-250
(11,30): 249-250-250
(11,31): 250-250-250
(11,32): 250-250-250
(11,33): 250-250-250
(11,34): 250-249-249
(11,35): 249-247-246
(11,36): 250-246-244
(11,37): 243-240-239
(11,38): 236-234-236
(11,39): 228-233-236
(11,40): 216-219-232
(11,41): 213-222-229
(11,42): 207-207-218
(11,43): 203-203-204
(11,44): 212-204-202
(11,45): 199-194-183
(11,46): 212-204-187
(11,47): 181-177-158
(11,48): 195-187-165
(11,49): 167-162-150
(11,50): 169-167-155
(11,51): 143-146-148
(11,52): 125-140-142
(11,53): 105-122-136
(11,54): 78-111-128
(11,55): 90-125-142
(11,56): 90-140-149
(11,57): 84-122-145
(11,58): 61-106-133
(11,59): 92-131-160
(11,60): 87-140-152
(11,61): 86-132-158
(11,62): 56-106-135
(11,63): 84-123-164
(11,64): 57-101-138
(11,65): 88-118-157
(11,66): 87-116-144
(11,67): 121-137-168
(11,68): 122-137-150
(11,69): 129-142-154
(11,70): 131-141-137
(11,71): 103-105-110
(11,72): 67-73-69
(11,73): 53-45-41
(11,74): 92-98-86
(11,75): 95-97-122
(11,76): 63-74-115
(11,77): 74-105-141
(11,78): 68-113-159
(11,79): 77-127-162
(11,80): 80-135-171
(11,81): 89-144-182
(11,82): 91-149-195
(11,83): 92-149-187
(11,84): 93-152-193
(11,85): 92-149-189
(11,86): 97-153-197
(11,87): 95-150-195
(11,88): 89-144-185
(11,89): 84-137-175
(11,90): 77-135-171
(11,91): 83-139-173
(11,92): 79-135-174
(11,93): 78-125-146
(11,94): 108-140-155
(11,95): 92-100-133
(11,96): 72-78-108
(11,97): 64-50-72
(11,98): 75-75-89
(11,99): 141-139-151
(11,100): 198-204-203
(11,101): 218-233-230
(11,102): 231-233-233
(11,103): 241-244-243
(11,104): 247-249-247
(11,105): 249-250-249
(11,106): 249-250-249
(11,107): 250-250-250
(11,108): 250-250-250
(11,109): 250-250-250
(11,110): 250-250-250
(11,111): 250-250-250
(11,112): 250-250-250
(11,113): 250-250-250
(11,114): 250-250-250
(11,115): 250-250-250
(11,116): 250-250-250
(11,117): 250-250-250
(11,118): 250-250-250
(11,119): 250-250-250
(11,120): 250-250-250
(11,121): 250-250-250
(11,122): 250-250-250
(11,123): 250-250-250
(11,124): 250-250-246
(11,125): 250-242-230
(11,126): 218-187-163
(11,127): 187-155-116
(12,0): 130-171-203
(12,1): 181-203-234
(12,2): 235-244-250
(12,3): 247-250-250
(12,4): 250-250-250
(12,5): 250-250-250
(12,6): 250-250-250
(12,7): 250-250-250
(12,8): 250-250-250
(12,9): 250-250-250
(12,10): 250-250-250
(12,11): 250-250-250
(12,12): 250-250-250
(12,13): 250-250-250
(12,14): 250-250-250
(12,15): 250-250-250
(12,16): 250-250-250
(12,17): 250-250-250
(12,18): 250-250-250
(12,19): 250-250-250
(12,20): 250-250-250
(12,21): 250-250-250
(12,22): 250-250-250
(12,23): 250-250-250
(12,24): 250-250-250
(12,25): 250-250-249
(12,26): 250-250-250
(12,27): 250-250-249
(12,28): 250-250-250
(12,29): 250-250-250
(12,30): 250-250-249
(12,31): 248-247-248
(12,32): 244-244-243
(12,33): 240-237-237
(12,34): 241-237-231
(12,35): 234-223-217
(12,36): 236-228-217
(12,37): 229-210-203
(12,38): 218-215-208
(12,39): 206-203-209
(12,40): 183-189-200
(12,41): 163-180-197
(12,42): 140-150-168
(12,43): 123-133-145
(12,44): 115-118-129
(12,45): 96-103-98
(12,46): 89-94-95
(12,47): 70-86-65
(12,48): 86-96-86
(12,49): 70-84-63
(12,50): 89-96-95
(12,51): 66-84-77
(12,52): 72-89-103
(12,53): 55-91-98
(12,54): 62-94-118
(12,55): 55-106-121
(12,56): 58-101-128
(12,57): 62-112-134
(12,58): 66-106-140
(12,59): 67-117-141
(12,60): 64-115-144
(12,61): 74-132-156
(12,62): 63-115-152
(12,63): 77-136-171
(12,64): 76-117-161
(12,65): 79-123-159
(12,66): 79-107-146
(12,67): 79-107-131
(12,68): 87-103-127
(12,69): 74-97-103
(12,70): 70-83-92
(12,71): 43-59-55
(12,72): 38-50-63
(12,73): 40-55-56
(12,74): 48-63-85
(12,75): 68-84-112
(12,76): 64-85-132
(12,77): 82-122-172
(12,78): 99-134-175
(12,79): 96-136-175
(12,80): 79-134-167
(12,81): 94-141-179
(12,82): 100-152-196
(12,83): 98-153-205
(12,84): 106-160-208
(12,85): 98-155-207
(12,86): 100-158-206
(12,87): 99-157-205
(12,88): 93-154-201
(12,89): 95-155-205
(12,90): 101-157-203
(12,91): 87-147-193
(12,92): 83-140-182
(12,93): 80-132-175
(12,94): 99-135-176
(12,95): 79-99-160
(12,96): 106-105-161
(12,97): 65-79-119
(12,98): 26-35-76
(12,99): 73-74-86
(12,100): 132-134-144
(12,101): 190-201-199
(12,102): 222-231-218
(12,103): 231-233-232
(12,104): 242-244-240
(12,105): 247-249-247
(12,106): 250-250-249
(12,107): 249-250-249
(12,108): 249-250-250
(12,109): 250-250-250
(12,110): 250-250-250
(12,111): 250-250-250
(12,112): 250-250-250
(12,113): 250-250-250
(12,114): 250-250-250
(12,115): 250-250-250
(12,116): 250-250-250
(12,117): 250-250-250
(12,118): 250-250-250
(12,119): 250-250-250
(12,120): 250-250-250
(12,121): 250-250-250
(12,122): 250-250-250
(12,123): 250-250-250
(12,124): 250-250-250
(12,125): 250-250-242
(12,126): 241-218-187
(12,127): 226-187-155
(13,0): 171-203-244
(13,1): 203-234-250
(13,2): 244-250-250
(13,3): 250-250-250
(13,4): 250-250-250
(13,5): 250-250-250
(13,6): 250-250-250
(13,7): 250-250-250
(13,8): 250-250-250
(13,9): 250-250-250
(13,10): 250-250-250
(13,11): 250-250-250
(13,12): 250-250-250
(13,13): 250-250-250
(13,14): 250-250-250
(13,15): 250-250-250
(13,16): 250-250-250
(13,17): 250-250-250
(13,18): 250-250-250
(13,19): 250-250-250
(13,20): 250-250-250
(13,21): 250-250-250
(13,22): 249-250-250
(13,23): 250-250-249
(13,24): 249-250-250
(13,25): 250-250-250
(13,26): 250-250-250
(13,27): 249-249-248
(13,28): 249-247-246
(13,29): 244-244-243
(13,30): 237-236-238
(13,31): 230-234-236
(13,32): 219-221-232
(13,33): 215-223-224
(13,34): 213-209-212
(13,35): 205-199-194
(13,36): 221-203-193
(13,37): 200-187-183
(13,38): 195-179-168
(13,39): 148-142-148
(13,40): 104-109-119
(13,41): 78-84-102
(13,42): 58-79-95
(13,43): 64-75-101
(13,44): 55-77-88
(13,45): 59-69-90
(13,46): 55-81-90
(13,47): 65-86-92
(13,48): 103-137-128
(13,49): 92-116-117
(13,50): 118-147-148
(13,51): 97-119-128
(13,52): 105-138-152
(13,53): 90-123-139
(13,54): 99-144-162
(13,55): 79-118-140
(13,56): 76-118-148
(13,57): 87-126-156
(13,58): 98-146-172
(13,59): 85-130-158
(13,60): 84-133-162
(13,61): 85-136-167
(13,62): 81-138-171
(13,63): 77-131-160
(13,64): 86-137-175
(13,65): 95-134-172
(13,66): 103-139-175
(13,67): 96-125-154
(13,68): 108-136-159
(13,69): 98-120-135
(13,70): 103-126-130
(13,71): 86-106-114
(13,72): 111-131-140
(13,73): 90-110-145
(13,74): 55-77-118
(13,75): 44-68-112
(13,76): 26-66-118
(13,77): 49-82-123
(13,78): 58-90-123
(13,79): 80-112-157
(13,80): 98-137-177
(13,81): 88-136-183
(13,82): 85-136-193
(13,83): 90-142-192
(13,84): 88-144-198
(13,85): 94-151-203
(13,86): 91-151-202
(13,87): 92-153-202
(13,88): 92-155-205
(13,89): 95-158-209
(13,90): 93-157-211
(13,91): 91-153-200
(13,92): 99-157-202
(13,93): 94-147-197
(13,94): 96-138-191
(13,95): 84-115-173
(13,96): 78-100-162
(13,97): 88-104-156
(13,98): 67-79-108
(13,99): 57-50-74
(13,100): 60-65-77
(13,101): 124-127-130
(13,102): 187-199-187
(13,103): 216-234-224
(13,104): 231-233-230
(13,105): 241-245-242
(13,106): 247-249-247
(13,107): 249-250-250
(13,108): 249-250-250
(13,109): 250-250-250
(13,110): 250-250-250
(13,111): 250-250-250
(13,112): 250-250-250
(13,113): 250-250-250
(13,114): 250-250-250
(13,115): 250-250-250
(13,116): 250-250-250
(13,117): 250-250-250
(13,118): 250-250-250
(13,119): 250-250-250
(13,120): 250-250-250
(13,121): 250-250-250
(13,122): 250-250-250
(13,123): 250-250-250
(13,124): 250-250-246
(13,125): 250-242-230
(13,126): 218-187-163
(13,127): 187-155-116
(14,0): 130-171-203
(14,1): 181-203-234
(14,2): 235-244-250
(14,3): 247-250-250
(14,4): 250-250-250
(14,5): 250-250-250
(14,6): 250-250-250
(14,7): 250-250-250
(14,8): 250-250-250
(14,9): 250-250-250
(14,10): 250-250-250
(14,11): 250-250-249
(14,12): 250-250-250
(14,13): 250-250-249
(14,14): 250-250-250
(14,15): 250-250-249
(14,16): 250-250-250
(14,17): 249-250-249
(14,18): 249-250-250
(14,19): 249-250-249
(14,20): 249-250-250
(14,21): 250-250-249
(14,22): 250-250-250
(14,23): 250-250-250
(14,24): 250-250-249
(14,25): 247-247-247
(14,26): 243-243-242
(14,27): 238-235-234
(14,28): 238-234-228
(14,29): 233-220-215
(14,30): 222-221-213
(14,31): 210-205-209
(14,32): 189-193-199
(14,33): 162-179-188
(14,34): 138-145-154
(14,35): 120-123-123
(14,36): 106-106-112
(14,37): 88-89-84
(14,38): 85-84-94
(14,39): 66-76-76
(14,40): 58-69-90
(14,41): 43-72-85
(14,42): 49-75-103
(14,43): 50-89-111
(14,44): 49-82-118
(14,45): 64-104-136
(14,46): 76-114-148
(14,47): 76-124-155
(14,48): 93-139-163
(14,49): 89-131-159
(14,50): 112-150-176
(14,51): 99-138-172
(14,52): 114-152-184
(14,53): 97-143-180
(14,54): 107-152-186
(14,55): 95-145-186
(14,56): 106-146-188
(14,57): 97-142-184
(14,58): 102-149-186
(14,59): 91-141-182
(14,60): 98-147-188
(14,61): 86-143-187
(14,62): 94-148-189
(14,63): 81-140-182
(14,64): 85-136-179
(14,65): 85-129-173
(14,66): 101-141-186
(14,67): 90-133-176
(14,68): 104-143-179
(14,69): 93-131-160
(14,70): 86-129-155
(14,71): 91-129-158
(14,72): 106-146-177
(14,73): 100-133-186
(14,74): 100-131-187
(14,75): 75-120-182
(14,76): 69-102-155
(14,77): 58-97-130
(14,78): 24-66-102
(14,79): 40-66-104
(14,80): 68-95-153
(14,81): 62-106-166
(14,82): 90-123-176
(14,83): 103-137-191
(14,84): 94-137-186
(14,85): 97-148-199
(14,86): 97-154-201
(14,87): 95-157-208
(14,88): 96-158-209
(14,89): 93-155-208
(14,90): 94-157-210
(14,91): 91-155-208
(14,92): 98-157-208
(14,93): 93-147-203
(14,94): 99-148-203
(14,95): 97-141-194
(14,96): 84-125-178
(14,97): 99-130-182
(14,98): 108-124-164
(14,99): 70-89-119
(14,100): 26-40-75
(14,101): 61-69-72
(14,102): 113-124-124
(14,103): 191-205-191
(14,104): 224-234-215
(14,105): 231-233-229
(14,106): 241-244-240
(14,107): 246-248-247
(14,108): 250-250-250
(14,109): 249-250-250
(14,110): 249-250-250
(14,111): 249-250-250
(14,112): 249-250-250
(14,113): 250-250-250
(14,114): 250-250-250
(14,115): 250-250-250
(14,116): 250-250-250
(14,117): 250-250-250
(14,118): 250-250-250
(14,119): 250-250-250
(14,120): 250-250-250
(14,121): 250-250-250
(14,122): 250-250-250
(14,123): 250-250-250
(14,124): 250-250-250
(14,125): 250-250-242
(14,126): 241-218-187
(14,127): 226-187-155
(15,0): 171-203-244
(15,1): 203-234-250
(15,2): 244-250-250
(15,3): 250-250-250
(15,4): 250-250-250
(15,5): 250-250-250
(15,6): 250-250-250
(15,7): 250-250-250
(15,8): 249-250-250
(15,9): 250-250-250
(15,10): 249-250-250
(15,11): 250-250-250
(15,12): 249-250-250
(15,13): 250-250-250
(15,14): 248-250-250
(15,15): 250-250-250
(15,16): 248-250-250
(15,17): 249-250-250
(15,18): 247-250-250
(15,19): 249-250-250
(15,20): 247-250-250
(15,21): 249-250-250
(15,22): 248-249-250
(15,23): 249-250-250
(15,24): 241-241-244
(15,25): 234-237-239
(15,26): 224-226-237
(15,27): 219-228-229
(15,28): 217-210-212
(15,29): 201-196-196
(15,30): 195-183-173
(15,31): 154-149-154
(15,32): 110-115-121
(15,33): 79-85-93
(15,34): 65-83-90
(15,35): 73-80-101
(15,36): 68-87-94
(15,37): 65-76-93
(15,38): 74-96-111
(15,39): 81-98-119
(15,40): 100-127-143
(15,41): 88-120-140
(15,42): 90-129-148
(15,43): 68-107-134
(15,44): 63-110-151
(15,45): 79-126-164
(15,46): 88-141-182
(15,47): 92-144-182
(15,48): 101-152-190
(15,49): 104-146-180
(15,50): 117-163-192
(15,51): 120-160-192
(15,52): 123-171-204
(15,53): 123-166-198
(15,54): 120-169-201
(15,55): 124-167-201
(15,56): 122-170-206
(15,57): 121-161-196
(15,58): 118-165-198
(15,59): 110-154-191
(15,60): 106-162-201
(15,61): 96-151-190
(15,62): 99-158-203
(15,63): 97-153-199
(15,64): 100-154-200
(15,65): 96-147-195
(15,66): 99-151-203
(15,67): 97-148-196
(15,68): 101-154-199
(15,69): 96-147-187
(15,70): 99-151-188
(15,71): 94-145-189
(15,72): 90-143-192
(15,73): 85-136-188
(15,74): 80-132-196
(15,75): 85-132-187
(15,76): 80-120-173
(15,77): 89-128-166
(15,78): 100-135-154
(15,79): 63-90-140
(15,80): 41-71-136
(15,81): 38-63-117
(15,82): 51-74-112
(15,83): 83-105-160
(15,84): 75-104-149
(15,85): 87-132-171
(15,86): 90-143-182
(15,87): 93-152-198
(15,88): 95-157-210
(15,89): 93-155-208
(15,90): 93-156-210
(15,91): 93-156-209
(15,92): 96-156-209
(15,93): 94-151-207
(15,94): 92-147-204
(15,95): 94-147-201
(15,96): 87-139-192
(15,97): 85-130-175
(15,98): 87-123-171
(15,99): 89-116-157
(15,100): 65-86-110
(15,101): 57-57-71
(15,102): 59-68-65
(15,103): 123-128-123
(15,104): 187-200-185
(15,105): 215-232-222
(15,106): 231-233-231
(15,107): 240-244-242
(15,108): 247-249-248
(15,109): 249-250-250
(15,110): 249-250-249
(15,111): 249-249-249
(15,112): 249-250-249
(15,113): 250-250-249
(15,114): 250-250-250
(15,115): 250-250-250
(15,116): 250-250-250
(15,117): 250-250-250
(15,118): 250-250-250
(15,119): 250-250-250
(15,120): 250-250-250
(15,121): 250-250-250
(15,122): 250-250-250
(15,123): 250-250-250
(15,124): 250-250-246
(15,125): 250-242-230
(15,126): 218-187-163
(15,127): 187-155-116
(16,0): 130-171-203
(16,1): 181-203-234
(16,2): 235-244-250
(16,3): 247-250-250
(16,4): 250-250-250
(16,5): 250-250-249
(16,6): 250-250-250
(16,7): 250-250-249
(16,8): 250-250-250
(16,9): 250-250-250
(16,10): 248-249-248
(16,11): 247-247-249
(16,12): 243-245-245
(16,13): 245-245-247
(16,14): 239-242-244
(16,15): 243-245-249
(16,16): 236-243-246
(16,17): 242-247-250
(16,18): 235-243-248
(16,19): 242-248-250
(16,20): 236-243-248
(16,21): 242-247-250
(16,22): 234-238-243
(16,23): 235-235-240
(16,24): 226-229-229
(16,25): 230-220-227
(16,26): 206-209-213
(16,27): 166-186-195
(16,28): 130-139-152
(16,29): 101-106-108
(16,30): 75-81-94
(16,31): 65-73-69
(16,32): 49-61-80
(16,33): 41-69-76
(16,34): 49-75-98
(16,35): 54-93-113
(16,36): 69-106-137
(16,37): 80-124-159
(16,38): 93-131-169
(16,39): 90-130-171
(16,40): 103-146-178
(16,41): 92-135-168
(16,42): 83-134-167
(16,43): 81-130-171
(16,44): 97-144-190
(16,45): 97-150-199
(16,46): 104-157-202
(16,47): 107-159-207
(16,48): 126-167-212
(16,49): 131-168-207
(16,50): 149-186-215
(16,51): 167-198-226
(16,52): 179-211-235
(16,53): 180-214-241
(16,54): 178-211-235
(16,55): 179-210-236
(16,56): 175-205-230
(16,57): 166-193-221
(16,58): 158-189-218
(16,59): 141-176-209
(16,60): 130-173-210
(16,61): 109-164-206
(16,62): 109-162-208
(16,63): 98-155-205
(16,64): 103-158-209
(16,65): 99-155-208
(16,66): 100-156-209
(16,67): 97-154-205
(16,68): 96-155-205
(16,69): 98-154-205
(16,70): 107-162-210
(16,71): 98-154-208
(16,72): 98-154-207
(16,73): 94-151-207
(16,74): 94-147-203
(16,75): 95-145-198
(16,76): 93-139-187
(16,77): 88-130-176
(16,78): 86-130-171
(16,79): 65-107-161
(16,80): 72-105-163
(16,81): 33-76-119
(16,82): 0-38-87
(16,83): 40-63-94
(16,84): 68-90-129
(16,85): 97-134-164
(16,86): 83-136-169
(16,87): 93-148-190
(16,88): 100-156-206
(16,89): 94-154-209
(16,90): 94-155-210
(16,91): 93-156-210
(16,92): 92-155-209
(16,93): 95-155-209
(16,94): 96-154-209
(16,95): 98-155-210
(16,96): 100-153-204
(16,97): 91-141-189
(16,98): 81-129-175
(16,99): 98-135-177
(16,100): 111-134-165
(16,101): 82-108-125
(16,102): 32-53-75
(16,103): 60-69-65
(16,104): 109-119-119
(16,105): 184-196-183
(16,106): 223-231-216
(16,107): 231-232-231
(16,108): 242-244-241
(16,109): 247-249-247
(16,110): 249-250-249
(16,111): 249-250-248
(16,112): 249-249-249
(16,113): 250-250-249
(16,114): 250-250-250
(16,115): 250-250-250
(16,116): 250-250-250
(16,117): 250-250-250
(16,118): 250-250-250
(16,119): 250-250-250
(16,120): 250-250-250
(16,121): 250-250-250
(16,122): 250-250-250
(16,123): 250-250-250
(16,124): 250-250-250
(16,125): 250-250-242
(16,126): 241-218-187
(16,127): 226-187-155
(17,0): 171-203-244
(17,1): 203-234-250
(17,2): 244-250-250
(17,3): 250-250-250
(17,4): 249-250-250
(17,5): 250-250-250
(17,6): 250-250-250
(17,7): 250-250-250
(17,8): 248-247-246
(17,9): 242-243-243
(17,10): 232-233-235
(17,11): 228-236-239
(17,12): 211-218-231
(17,13): 214-225-235
(17,14): 199-207-222
(17,15): 209-224-236
(17,16): 198-210-227
(17,17): 209-227-241
(17,18): 196-209-227
(17,19): 208-228-244
(17,20): 194-208-229
(17,21): 207-227-244
(17,22): 193-205-227
(17,23): 204-221-231
(17,24): 203-200-214
(17,25): 187-187-210
(17,26): 131-136-140
(17,27): 81-92-105
(17,28): 53-79-96
(17,29): 57-68-94
(17,30): 55-78-97
(17,31): 63-75-101
(17,32): 84-109-126
(17,33): 84-114-135
(17,34): 87-129-144
(17,35): 71-118-139
(17,36): 81-136-174
(17,37): 88-142-182
(17,38): 91-146-194
(17,39): 93-148-192
(17,40): 95-152-198
(17,41): 91-147-189
(17,42): 94-151-195
(17,43): 95-151-198
(17,44): 97-156-208
(17,45): 98-155-203
(17,46): 103-158-208
(17,47): 115-160-206
(17,48): 135-173-216
(17,49): 170-200-231
(17,50): 198-220-238
(17,51): 211-234-250
(17,52): 216-231-248
(17,53): 217-238-250
(17,54): 217-231-248
(17,55): 218-236-250
(17,56): 218-230-247
(17,57): 213-230-248
(17,58): 207-223-240
(17,59): 188-214-238
(17,60): 164-197-225
(17,61): 136-177-207
(17,62): 115-166-204
(17,63): 103-154-200
(17,64): 98-158-210
(17,65): 96-155-208
(17,66): 93-154-208
(17,67): 93-153-207
(17,68): 94-155-209
(17,69): 95-155-209
(17,70): 97-158-211
(17,71): 96-156-209
(17,72): 97-157-211
(17,73): 96-155-210
(17,74): 94-151-208
(17,75): 97-153-204
(17,76): 99-154-202
(17,77): 92-142-192
(17,78): 87-136-188
(17,79): 81-133-183
(17,80): 87-138-189
(17,81): 64-109-156
(17,82): 47-90-130
(17,83): 32-54-84
(17,84): 34-63-90
(17,85): 75-101-141
(17,86): 90-127-166
(17,87): 89-139-181
(17,88): 91-145-200
(17,89): 95-153-209
(17,90): 93-153-209
(17,91): 92-153-208
(17,92): 93-155-209
(17,93): 94-155-209
(17,94): 94-155-210
(17,95): 95-155-208
(17,96): 97-155-209
(17,97): 95-149-201
(17,98): 88-140-189
(17,99): 88-135-177
(17,100): 93-133-176
(17,101): 95-131-163
(17,102): 78-104-122
(17,103): 57-56-70
(17,104): 58-67-70
(17,105): 122-125-124
(17,106): 189-200-193
(17,107): 217-231-226
(17,108): 234-234-234
(17,109): 241-243-243
(17,110): 249-249-249
(17,111): 249-249-249
(17,112): 250-250-249
(17,113): 250-250-249
(17,114): 250-250-250
(17,115): 250-250-250
(17,116): 250-250-250
(17,117): 250-250-250
(17,118): 250-250-250
(17,119): 250-250-250
(17,120): 250-250-250
(17,121): 250-250-250
(17,122): 250-250-250
(17,123): 250-250-250
(17,124): 250-250-246
(17,125): 250-242-230
(17,126): 218-187-163
(17,127): 187-155-116
(18,0): 130-171-203
(18,1): 181-203-234
(18,2): 235-244-250
(18,3): 248-250-250
(18,4): 250-250-250
(18,5): 247-249-249
(18,6): 246-248-246
(18,7): 239-239-237
(18,8): 236-237-231
(18,9): 233-224-219
(18,10): 219-224-215
(18,11): 210-212-217
(18,12): 171-179-196
(18,13): 169-187-208
(18,14): 137-161-187
(18,15): 172-191-212
(18,16): 159-183-202
(18,17): 186-207-229
(18,18): 163-192-211
(18,19): 175-205-233
(18,20): 145-177-208
(18,21): 175-202-231
(18,22): 156-183-206
(18,23): 168-193-221
(18,24): 131-144-171
(18,25): 89-102-120
(18,26): 31-59-89
(18,27): 37-72-87
(18,28): 53-86-121
(18,29): 67-112-149
(18,30): 85-118-162
(18,31): 72-109-159
(18,32): 97-135-173
(18,33): 91-134-169
(18,34): 86-140-169
(18,35): 90-146-182
(18,36): 100-155-196
(18,37): 94-149-199
(18,38): 99-156-205
(18,39): 97-156-206
(18,40): 95-156-205
(18,41): 93-152-205
(18,42): 103-159-210
(18,43): 99-156-208
(18,44): 97-156-207
(18,45): 98-156-206
(18,46): 113-162-213
(18,47): 132-175-216
(18,48): 167-202-233
(18,49): 206-227-247
(18,50): 217-236-245
(18,51): 231-240-246
(18,52): 229-241-245
(18,53): 235-242-245
(18,54): 234-241-246
(18,55): 235-240-244
(18,56): 232-239-244
(18,57): 231-236-241
(18,58): 222-235-242
(18,59): 216-230-243
(18,60): 200-223-239
(18,61): 177-208-231
(18,62): 138-181-214
(18,63): 115-167-207
(18,64): 110-163-213
(18,65): 98-159-211
(18,66): 93-155-210
(18,67): 93-155-210
(18,68): 97-156-213
(18,69): 94-154-209
(18,70): 94-155-209
(18,71): 94-156-208
(18,72): 95-157-210
(18,73): 95-156-210
(18,74): 99-157-211
(18,75): 98-156-208
(18,76): 96-154-204
(18,77): 95-149-202
(18,78): 101-154-205
(18,79): 88-144-193
(18,80): 77-136-182
(18,81): 76-124-176
(18,82): 104-135-177
(18,83): 65-92-124
(18,84): 5-38-78
(18,85): 39-55-88
(18,86): 87-108-151
(18,87): 94-133-186
(18,88): 93-140-194
(18,89): 95-152-209
(18,90): 95-155-211
(18,91): 93-155-212
(18,92): 94-155-211
(18,93): 94-155-210
(18,94): 94-154-210
(18,95): 94-154-208
(18,96): 95-155-209
(18,97): 97-155-210
(18,98): 104-156-207
(18,99): 93-146-194
(18,100): 87-137-180
(18,101): 90-133-177
(18,102): 108-132-164
(18,103): 68-88-114
(18,104): 33-43-75
(18,105): 62-66-73
(18,106): 121-125-132
(18,107): 187-195-191
(18,108): 222-229-221
(18,109): 234-231-232
(18,110): 245-244-245
(18,111): 246-245-247
(18,112): 250-248-249
(18,113): 249-250-250
(18,114): 250-250-250
(18,115): 250-250-250
(18,116): 250-250-250
(18,117): 250-250-250
(18,118): 250-250-250
(18,119): 250-250-250
(18,120): 250-250-250
(18,121): 250-250-250
(18,122): 250-250-250
(18,123): 250-250-250
(18,124): 250-250-250
(18,125): 250-250-242
(18,126): 241-218-187
(18,127): 226-187-155
(19,0): 171-203-244
(19,1): 203-234-250
(19,2): 244-250-250
(19,3): 249-250-250
(19,4): 243-244-245
(19,5): 237-241-240
(19,6): 231-237-242
(19,7): 222-236-235
(19,8): 221-219-219
(19,9): 201-205-205
(19,10): 183-182-168
(19,11): 135-136-146
(19,12): 67-80-99
(19,13): 77-93-121
(19,14): 47-75-111
(19,15): 75-89-127
(19,16): 68-91-107
(19,17): 93-112-139
(19,18): 78-110-117
(19,19): 83-117-146
(19,20): 51-87-123
(19,21): 72-96-138
(19,22): 53-83-106
(19,23): 71-92-133
(19,24): 33-66-98
(19,25): 42-67-98
(19,26): 53-96-122
(19,27): 67-103-139
(19,28): 88-135-165
(19,29): 85-136-171
(19,30): 92-143-193
(19,31): 92-143-190
(19,32): 95-150-197
(19,33): 92-148-188
(19,34): 96-154-195
(19,35): 97-157-202
(19,36): 97-156-206
(19,37): 95-155-206
(19,38): 94-156-210
(19,39): 93-155-207
(19,40): 93-156-207
(19,41): 92-153-207
(19,42): 92-153-209
(19,43): 95-154-208
(19,44): 95-155-207
(19,45): 98-152-201
(19,46): 115-165-215
(19,47): 147-188-229
(19,48): 192-221-250
(19,49): 220-244-250
(19,50): 231-240-249
(19,51): 240-249-250
(19,52): 246-249-250
(19,53): 248-250-250
(19,54): 248-249-250
(19,55): 248-250-250
(19,56): 247-248-250
(19,57): 243-247-250
(19,58): 238-243-248
(19,59): 232-243-250
(19,60): 223-234-246
(19,61): 210-234-250
(19,62): 177-208-231
(19,63): 137-178-209
(19,64): 112-165-208
(19,65): 101-156-205
(19,66): 96-158-213
(19,67): 94-154-210
(19,68): 94-155-212
(19,69): 96-156-212
(19,70): 96-158-211
(19,71): 95-157-210
(19,72): 95-159-212
(19,73): 93-155-208
(19,74): 94-156-210
(19,75): 96-156-208
(19,76): 96-156-207
(19,77): 96-156-208
(19,78): 96-157-211
(19,79): 90-151-199
(19,80): 90-147-196
(19,81): 82-132-177
(19,82): 100-133-186
(19,83): 86-106-156
(19,84): 66-82-115
(19,85): 38-45-80
(19,86): 53-75-110
(19,87): 83-113-165
(19,88): 80-118-179
(19,89): 84-138-194
(19,90): 91-149-205
(19,91): 93-153-210
(19,92): 94-154-209
(19,93): 95-155-211
(19,94): 94-154-210
(19,95): 94-153-209
(19,96): 94-155-209
(19,97): 95-155-207
(19,98): 98-157-209
(19,99): 98-156-205
(19,100): 92-148-194
(19,101): 83-133-173
(19,102): 92-130-174
(19,103): 89-116-154
(19,104): 64-79-102
(19,105): 56-49-71
(19,106): 69-72-82
(19,107): 135-136-145
(19,108): 209-210-214
(19,109): 226-226-232
(19,110): 248-242-248
(19,111): 249-248-250
(19,112): 250-249-249
(19,113): 250-249-249
(19,114): 250-250-249
(19,115): 250-250-250
(19,116): 250-250-250
(19,117): 250-250-250
(19,118): 250-250-250
(19,119): 250-250-250
(19,120): 250-250-250
(19,121): 250-250-250
(19,122): 250-250-250
(19,123): 250-250-250
(19,124): 250-250-246
(19,125): 250-242-230
(19,126): 218-187-163
(19,127): 187-155-116
(20,0): 130-171-203
(20,1): 184-203-235
(20,2): 234-240-247
(20,3): 240-238-245
(20,4): 234-234-232
(20,5): 232-223-223
(20,6): 213-222-215
(20,7): 175-200-200
(20,8): 159-179-174
(20,9): 107-122-117
(20,10): 56-75-89
(20,11): 59-77-81
(20,12): 34-58-92
(20,13): 71-119-150
(20,14): 72-91-138
(20,15): 49-79-115
(20,16): 36-62-97
(20,17): 53-81-90
(20,18): 42-85-106
(20,19): 69-127-148
(20,20): 79-111-150
(20,21): 49-91-126
(20,22): 23-58-104
(20,23): 41-79-110
(20,24): 40-84-130
(20,25): 68-126-171
(20,26): 99-142-188
(20,27): 79-126-178
(20,28): 85-139-182
(20,29): 88-141-186
(20,30): 99-154-199
(20,31): 102-157-202
(20,32): 98-156-203
(20,33): 97-155-205
(20,34): 103-160-209
(20,35): 96-155-207
(20,36): 95-155-207
(20,37): 94-155-208
(20,38): 96-157-211
(20,39): 93-156-209
(20,40): 92-155-208
(20,41): 94-156-209
(20,42): 93-154-209
(20,43): 94-154-208
(20,44): 96-155-209
(20,45): 100-159-208
(20,46): 117-166-215
(20,47): 140-182-218
(20,48): 184-213-238
(20,49): 218-232-248
(20,50): 230-241-247
(20,51): 244-248-250
(20,52): 246-249-249
(20,53): 249-250-249
(20,54): 249-249-249
(20,55): 249-249-248
(20,56): 248-249-249
(20,57): 248-249-249
(20,58): 245-248-249
(20,59): 242-246-248
(20,60): 228-239-244
(20,61): 220-233-245
(20,62): 201-225-241
(20,63): 166-202-228
(20,64): 128-174-213
(20,65): 107-163-207
(20,66): 107-162-216
(20,67): 95-156-212
(20,68): 95-155-212
(20,69): 95-156-211
(20,70): 95-156-211
(20,71): 95-157-211
(20,72): 97-158-211
(20,73): 94-156-208
(20,74): 96-157-207
(20,75): 95-154-205
(20,76): 102-160-206
(20,77): 98-154-203
(20,78): 95-154-201
(20,79): 91-148-199
(20,80): 106-152-195
(20,81): 86-127-174
(20,82): 91-115-156
(20,83): 60-63-114
(20,84): 98-96-132
(20,85): 34-45-79
(20,86): 13-36-75
(20,87): 60-87-126
(20,88): 91-125-177
(20,89): 85-140-200
(20,90): 90-148-203
(20,91): 93-152-209
(20,92): 95-155-210
(20,93): 94-155-211
(20,94): 95-155-211
(20,95): 93-154-209
(20,96): 95-155-210
(20,97): 95-155-206
(20,98): 94-156-206
(20,99): 97-158-208
(20,100): 101-158-205
(20,101): 89-144-192
(20,102): 86-135-178
(20,103): 90-127-166
(20,104): 81-106-140
(20,105): 50-69-92
(20,106): 34-42-75
(20,107): 73-80-96
(20,108): 158-153-169
(20,109): 196-184-201
(20,110): 240-231-236
(20,111): 243-242-248
(20,112): 250-249-249
(20,113): 249-250-250
(20,114): 250-250-250
(20,115): 250-250-250
(20,116): 250-250-250
(20,117): 250-250-250
(20,118): 250-250-250
(20,119): 250-250-250
(20,120): 250-250-250
(20,121): 250-250-250
(20,122): 250-250-250
(20,123): 250-250-250
(20,124): 250-250-250
(20,125): 250-250-242
(20,126): 241-218-187
(20,127): 226-187-155
(21,0): 169-199-246
(21,1): 200-227-250
(21,2): 234-234-249
(21,3): 231-234-240
(21,4): 226-217-229
(21,5): 200-201-212
(21,6): 152-163-158
(21,7): 98-122-111
(21,8): 95-136-125
(21,9): 53-76-87
(21,10): 26-59-77
(21,11): 44-69-100
(21,12): 33-74-105
(21,13): 56-94-132
(21,14): 52-88-134
(21,15): 75-103-143
(21,16): 88-119-143
(21,17): 84-113-141
(21,18): 92-136-157
(21,19): 79-129-149
(21,20): 88-139-173
(21,21): 79-120-155
(21,22): 68-113-149
(21,23): 71-112-146
(21,24): 83-137-176
(21,25): 86-144-188
(21,26): 90-147-203
(21,27): 90-147-198
(21,28): 93-151-200
(21,29): 94-152-201
(21,30): 99-159-209
(21,31): 97-158-207
(21,32): 95-155-206
(21,33): 96-156-209
(21,34): 94-155-208
(21,35): 94-155-207
(21,36): 94-156-208
(21,37): 93-154-208
(21,38): 92-154-209
(21,39): 93-154-209
(21,40): 93-155-208
(21,41): 94-155-209
(21,42): 92-154-207
(21,43): 94-154-206
(21,44): 96-156-209
(21,45): 102-158-209
(21,46): 114-168-217
(21,47): 132-174-213
(21,48): 170-201-230
(21,49): 210-232-250
(21,50): 231-239-247
(21,51): 243-250-250
(21,52): 247-249-249
(21,53): 249-250-250
(21,54): 249-250-249
(21,55): 250-250-250
(21,56): 250-250-249
(21,57): 250-250-250
(21,58): 248-249-249
(21,59): 247-250-250
(21,60): 238-245-247
(21,61): 226-240-246
(21,62): 214-233-245
(21,63): 193-223-245
(21,64): 154-194-223
(21,65): 119-166-204
(21,66): 103-162-212
(21,67): 98-156-207
(21,68): 93-156-212
(21,69): 94-156-210
(21,70): 91-154-212
(21,71): 95-156-211
(21,72): 94-155-209
(21,73): 94-155-204
(21,74): 96-156-203
(21,75): 89-149-191
(21,76): 88-146-188
(21,77): 84-139-183
(21,78): 82-138-191
(21,79): 81-137-178
(21,80): 89-133-181
(21,81): 89-122-155
(21,82): 103-121-147
(21,83): 81-86-105
(21,84): 104-110-120
(21,85): 60-59-74
(21,86): 33-48-63
(21,87): 37-56-85
(21,88): 55-97-148
(21,89): 73-121-170
(21,90): 87-140-196
(21,91): 93-151-205
(21,92): 95-154-207
(21,93): 94-154-209
(21,94): 94-155-210
(21,95): 94-154-209
(21,96): 95-156-210
(21,97): 96-156-209
(21,98): 95-158-209
(21,99): 93-156-205
(21,100): 96-157-209
(21,101): 95-153-205
(21,102): 85-139-191
(21,103): 79-129-172
(21,104): 77-122-167
(21,105): 58-87-118
(21,106): 41-66-84
(21,107): 61-57-78
(21,108): 130-130-152
(21,109): 198-194-213
(21,110): 237-225-233
(21,111): 241-241-244
(21,112): 250-249-250
(21,113): 250-250-250
(21,114): 250-250-250
(21,115): 250-250-250
(21,116): 249-250-250
(21,117): 250-250-250
(21,118): 249-250-250
(21,119): 250-250-250
(21,120): 249-250-250
(21,121): 250-250-250
(21,122): 250-250-250
(21,123): 250-250-250
(21,124): 250-250-246
(21,125): 250-242-230
(21,126): 218-187-163
(21,127): 187-155-116
(22,0): 130-159-201
(22,1): 179-183-223
(22,2): 218-220-230
(22,3): 218-205-224
(22,4): 196-179-188
(22,5): 107-112-118
(22,6): 45-63-77
(22,7): 18-54-46
(22,8): 11-60-76
(22,9): 30-82-102
(22,10): 71-113-152
(22,11): 82-140-189
(22,12): 85-131-178
(22,13): 80-129-180
(22,14): 74-121-169
(22,15): 94-136-178
(22,16): 101-142-182
(22,17): 87-127-175
(22,18): 111-152-193
(22,19): 83-134-178
(22,20): 83-137-177
(22,21): 92-142-183
(22,22): 102-149-193
(22,23): 95-147-196
(22,24): 99-153-199
(22,25): 91-145-196
(22,26): 92-152-202
(22,27): 98-158-208
(22,28): 101-160-210
(22,29): 96-155-208
(22,30): 98-158-210
(22,31): 97-157-210
(22,32): 98-158-210
(22,33): 96-157-209
(22,34): 95-156-209
(22,35): 94-156-209
(22,36): 94-156-209
(22,37): 93-155-208
(22,38): 93-154-209
(22,39): 93-155-209
(22,40): 94-155-209
(22,41): 94-155-208
(22,42): 93-155-208
(22,43): 95-157-209
(22,44): 94-155-208
(22,45): 97-157-207
(22,46): 111-165-214
(22,47): 121-171-210
(22,48): 150-187-220
(22,49): 194-218-237
(22,50): 217-234-244
(22,51): 237-243-250
(22,52): 243-247-249
(22,53): 247-249-249
(22,54): 247-249-249
(22,55): 248-250-249
(22,56): 249-250-250
(22,57): 250-250-249
(22,58): 248-249-249
(22,59): 248-249-249
(22,60): 242-248-249
(22,61): 235-244-247
(22,62): 219-235-241
(22,63): 211-229-243
(22,64): 180-211-231
(22,65): 135-180-213
(22,66): 115-164-207
(22,67): 107-160-206
(22,68): 102-158-209
(22,69): 99-157-213
(22,70): 96-151-208
(22,71): 95-152-208
(22,72): 97-152-200
(22,73): 93-143-189
(22,74): 98-151-183
(22,75): 80-131-164
(22,76): 70-121-151
(22,77): 68-106-146
(22,78): 76-115-158
(22,79): 65-111-156
(22,80): 67-94-131
(22,81): 54-73-99
(22,82): 63-69-84
(22,83): 45-49-43
(22,84): 47-55-47
(22,85): 47-44-39
(22,86): 42-40-59
(22,87): 29-50-74
(22,88): 50-73-115
(22,89): 71-106-155
(22,90): 98-138-187
(22,91): 94-150-204
(22,92): 95-154-205
(22,93): 94-155-207
(22,94): 95-156-210
(22,95): 95-155-208
(22,96): 96-155-209
(22,97): 96-153-206
(22,98): 96-156-207
(22,99): 96-155-207
(22,100): 96-155-206
(22,101): 99-155-211
(22,102): 96-148-202
(22,103): 79-132-190
(22,104): 81-128-172
(22,105): 59-98-131
(22,106): 27-55-91
(22,107): 44-51-73
(22,108): 101-98-126
(22,109): 174-168-180
(22,110): 215-217-216
(22,111): 230-228-235
(22,112): 246-244-244
(22,113): 249-249-250
(22,114): 250-250-250
(22,115): 250-250-250
(22,116): 250-249-250
(22,117): 250-250-250
(22,118): 250-249-250
(22,119): 250-250-250
(22,120): 250-249-250
(22,121): 250-250-250
(22,122): 250-250-250
(22,123): 250-250-250
(22,124): 250-250-250
(22,125): 250-250-242
(22,126): 241-218-187
(22,127): 226-187-155
(23,0): 155-164-225
(23,1): 185-193-239
(23,2): 232-211-239
(23,3): 187-182-210
(23,4): 108-105-114
(23,5): 49-45-52
(23,6): 37-65-68
(23,7): 45-72-90
(23,8): 61-108-122
(23,9): 58-113-143
(23,10): 73-139-184
(23,11): 80-145-188
(23,12): 78-138-194
(23,13): 92-148-197
(23,14): 95-150-199
(23,15): 101-154-199
(23,16): 108-160-209
(23,17): 106-157-205
(23,18): 116-166-216
(23,19): 109-160-208
(23,20): 105-157-201
(23,21): 98-153-199
(23,22): 99-157-210
(23,23): 100-158-210
(23,24): 98-155-208
(23,25): 97-154-207
(23,26): 97-157-208
(23,27): 96-158-208
(23,28): 95-157-209
(23,29): 95-156-208
(23,30): 95-155-207
(23,31): 96-156-208
(23,32): 95-157-208
(23,33): 94-155-206
(23,34): 93-156-208
(23,35): 94-156-207
(23,36): 93-155-207
(23,37): 94-155-208
(23,38): 92-155-209
(23,39): 93-155-208
(23,40): 91-153-208
(23,41): 94-155-209
(23,42): 92-155-208
(23,43): 94-156-208
(23,44): 92-155-209
(23,45): 95-154-206
(23,46): 104-163-215
(23,47): 115-164-208
(23,48): 133-176-215
(23,49): 168-199-228
(23,50): 204-226-246
(23,51): 230-246-250
(23,52): 239-246-250
(23,53): 246-250-250
(23,54): 245-250-250
(23,55): 247-250-250
(23,56): 247-250-250
(23,57): 250-250-250
(23,58): 248-249-249
(23,59): 248-250-250
(23,60): 246-249-250
(23,61): 241-249-250
(23,62): 228-236-242
(23,63): 216-239-248
(23,64): 185-214-229
(23,65): 148-183-202
(23,66): 115-159-195
(23,67): 103-149-190
(23,68): 89-142-192
(23,69): 85-139-192
(23,70): 66-121-184
(23,71): 78-134-183
(23,72): 77-129-179
(23,73): 79-129-162
(23,74): 80-126-149
(23,75): 58-100-116
(23,76): 63-100-115
(23,77): 46-74-104
(23,78): 30-59-99
(23,79): 24-46-78
(23,80): 19-38-64
(23,81): 39-42-58
(23,82): 57-61-50
(23,83): 83-78-56
(23,84): 113-107-61
(23,85): 102-100-82
(23,86): 64-67-71
(23,87): 44-46-68
(23,88): 44-60-86
(23,89): 76-102-140
(23,90): 84-118-157
(23,91): 90-142-186
(23,92): 97-153-202
(23,93): 94-154-206
(23,94): 97-157-212
(23,95): 95-154-208
(23,96): 96-153-206
(23,97): 92-146-198
(23,98): 92-147-201
(23,99): 88-140-195
(23,100): 83-139-195
(23,101): 86-142-195
(23,102): 79-135-195
(23,103): 76-129-183
(23,104): 64-113-169
(23,105): 44-80-124
(23,106): 47-76-114
(23,107): 48-48-82
(23,108): 58-61-80
(23,109): 121-118-130
(23,110): 190-194-201
(23,111): 222-230-229
(23,112): 239-236-237
(23,113): 246-247-248
(23,114): 250-250-250
(23,115): 250-250-250
(23,116): 249-249-249
(23,117): 250-249-250
(23,118): 249-249-249
(23,119): 250-249-250
(23,120): 249-249-249
(23,121): 250-249-250
(23,122): 250-250-249
(23,123): 250-250-250
(23,124): 250-250-246
(23,125): 250-242-230
(23,126): 218-187-163
(23,127): 187-155-116
(24,0): 120-138-188
(24,1): 123-114-182
(24,2): 179-158-188
(24,3): 89-89-112
(24,4): 21-30-57
(24,5): 27-51-60
(24,6): 50-85-111
(24,7): 69-119-151
(24,8): 95-146-180
(24,9): 85-145-190
(24,10): 88-151-195
(24,11): 90-151-201
(24,12): 97-155-206
(24,13): 103-161-213
(24,14): 107-162-212
(24,15): 104-157-210
(24,16): 111-165-215
(24,17): 112-165-214
(24,18): 112-167-215
(24,19): 111-162-212
(24,20): 110-164-213
(24,21): 102-158-210
(24,22): 102-159-211
(24,23): 100-156-209
(24,24): 99-157-210
(24,25): 98-157-209
(24,26): 97-158-209
(24,27): 95-157-208
(24,28): 92-154-205
(24,29): 92-153-203
(24,30): 96-155-203
(24,31): 94-151-200
(24,32): 93-153-201
(24,33): 92-151-201
(24,34): 99-157-204
(24,35): 97-156-206
(24,36): 98-157-206
(24,37): 99-156-208
(24,38): 98-156-207
(24,39): 99-156-209
(24,40): 97-156-207
(24,41): 98-156-209
(24,42): 97-156-207
(24,43): 98-157-211
(24,44): 99-157-209
(24,45): 96-153-207
(24,46): 106-160-211
(24,47): 116-165-212
(24,48): 129-171-216
(24,49): 146-181-220
(24,50): 189-213-237
(24,51): 220-235-250
(24,52): 225-242-247
(24,53): 233-248-250
(24,54): 238-248-250
(24,55): 246-249-250
(24,56): 247-250-250
(24,57): 249-250-250
(24,58): 248-250-249
(24,59): 250-250-250
(24,60): 246-249-249
(24,61): 244-247-250
(24,62): 227-238-240
(24,63): 209-225-231
(24,64): 176-193-202
(24,65): 176-185-197
(24,66): 136-160-179
(24,67): 109-139-171
(24,68): 90-129-169
(24,69): 86-129-179
(24,70): 79-121-168
(24,71): 74-120-170
(24,72): 63-100-138
(24,73): 48-82-108
(24,74): 23-57-76
(24,75): 16-43-52
(24,76): 12-33-51
(24,77): 11-29-47
(24,78): 16-25-56
(24,79): 5-24-44
(24,80): 9-17-39
(24,81): 28-43-37
(24,82): 57-63-52
(24,83): 135-130-90
(24,84): 130-140-93
(24,85): 164-160-128
(24,86): 103-104-96
(24,87): 52-58-60
(24,88): 32-52-74
(24,89): 67-100-114
(24,90): 70-119-145
(24,91): 90-142-178
(24,92): 100-155-200
(24,93): 91-149-203
(24,94): 99-154-208
(24,95): 91-145-199
(24,96): 94-144-196
(24,97): 94-134-186
(24,98): 100-137-185
(24,99): 81-119-175
(24,100): 84-124-180
(24,101): 87-136-195
(24,102): 86-130-187
(24,103): 87-131-189
(24,104): 73-106-161
(24,105): 41-69-128
(24,106): 79-87-127
(24,107): 49-52-78
(24,108): 24-29-57
(24,109): 68-69-79
(24,110): 146-140-150
(24,111): 211-208-212
(24,112): 230-232-227
(24,113): 241-241-243
(24,114): 248-248-248
(24,115): 250-249-250
(24,116): 250-249-250
(24,117): 250-250-250
(24,118): 250-249-250
(24,119): 250-250-250
(24,120): 250-249-250
(24,121): 250-250-250
(24,122): 250-250-250
(24,123): 250-250-250
(24,124): 250-250-250
(24,125): 250-250-242
(24,126): 241-218-187
(24,127): 226-187-155
(25,0): 164-180-230
(25,1): 152-176-220
(25,2): 116-121-144
(25,3): 46-44-55
(25,4): 29-52-57
(25,5): 63-89-110
(25,6): 90-133-162
(25,7): 84-140-176
(25,8): 90-147-197
(25,9): 94-155-203
(25,10): 97-156-205
(25,11): 97-157-208
(25,12): 98-160-212
(25,13): 100-161-212
(25,14): 100-160-214
(25,15): 103-160-214
(25,16): 107-164-217
(25,17): 109-166-218
(25,18): 109-165-216
(25,19): 107-163-215
(25,20): 103-160-213
(25,21): 101-158-211
(25,22): 99-156-210
(25,23): 98-155-209
(25,24): 95-155-209
(25,25): 95-155-208
(25,26): 95-157-209
(25,27): 93-154-205
(25,28): 87-148-198
(25,29): 86-147-191
(25,30): 84-146-191
(25,31): 83-141-188
(25,32): 84-142-191
(25,33): 86-145-187
(25,34): 89-147-188
(25,35): 92-148-188
(25,36): 93-148-193
(25,37): 91-145-191
(25,38): 86-140-191
(25,39): 89-144-192
(25,40): 84-140-192
(25,41): 87-144-193
(25,42): 81-139-193
(25,43): 88-146-194
(25,44): 86-143-195
(25,45): 90-143-191
(25,46): 94-145-198
(25,47): 101-146-196
(25,48): 109-156-206
(25,49): 123-161-196
(25,50): 147-180-211
(25,51): 188-218-238
(25,52): 187-213-227
(25,53): 197-223-225
(25,54): 204-224-233
(25,55): 228-242-246
(25,56): 230-235-239
(25,57): 238-241-240
(25,58): 244-245-244
(25,59): 246-250-250
(25,60): 241-241-243
(25,61): 234-243-248
(25,62): 205-219-229
(25,63): 178-189-193
(25,64): 149-150-171
(25,65): 165-168-191
(25,66): 128-130-137
(25,67): 85-97-115
(25,68): 56-79-105
(25,69): 44-69-98
(25,70): 27-58-87
(25,71): 25-49-79
(25,72): 8-33-57
(25,73): 14-27-46
(25,74): 12-26-27
(25,75): 13-17-30
(25,76): 13-18-22
(25,77): 13-11-26
(25,78): 13-16-28
(25,79): 21-12-22
(25,80): 22-30-21
(25,81): 54-51-37
(25,82): 102-99-77
(25,83): 176-176-154
(25,84): 188-173-140
(25,85): 172-176-153
(25,86): 106-108-102
(25,87): 56-59-67
(25,88): 19-48-59
(25,89): 42-77-89
(25,90): 75-125-150
(25,91): 85-142-180
(25,92): 98-151-203
(25,93): 93-151-202
(25,94): 96-149-206
(25,95): 88-134-188
(25,96): 99-139-197
(25,97): 94-126-171
(25,98): 90-116-142
(25,99): 76-90-125
(25,100): 71-96-126
(25,101): 75-95-137
(25,102): 78-103-148
(25,103): 80-95-140
(25,104): 81-95-125
(25,105): 65-65-97
(25,106): 81-85-103
(25,107): 61-60-81
(25,108): 52-58-66
(25,109): 50-36-45
(25,110): 82-75-84
(25,111): 170-167-179
(25,112): 216-212-219
(25,113): 231-235-238
(25,114): 242-241-246
(25,115): 249-249-250
(25,116): 250-249-250
(25,117): 250-249-250
(25,118): 249-249-249
(25,119): 250-249-250
(25,120): 249-249-249
(25,121): 250-249-250
(25,122): 250-250-249
(25,123): 250-250-250
(25,124): 250-250-246
(25,125): 250-242-230
(25,126): 218-187-163
(25,127): 187-155-116
(26,0): 98-146-169
(26,1): 87-118-137
(26,2): 32-62-81
(26,3): 26-46-51
(26,4): 34-65-89
(26,5): 76-120-145
(26,6): 104-153-184
(26,7): 92-146-194
(26,8): 100-156-204
(26,9): 99-156-207
(26,10): 101-159-210
(26,11): 99-158-210
(26,12): 100-160-212
(26,13): 100-160-213
(26,14): 100-159-213
(26,15): 102-160-213
(26,16): 105-162-216
(26,17): 106-164-217
(26,18): 105-163-215
(26,19): 103-161-213
(26,20): 100-158-211
(26,21): 98-156-209
(26,22): 96-154-209
(26,23): 96-154-208
(26,24): 95-154-209
(26,25): 93-154-208
(26,26): 95-156-209
(26,27): 93-155-206
(26,28): 89-150-196
(26,29): 83-142-185
(26,30): 60-115-160
(26,31): 59-111-153
(26,32): 74-126-165
(26,33): 75-129-166
(26,34): 76-126-158
(26,35): 94-134-166
(26,36): 101-144-172
(26,37): 92-130-168
(26,38): 93-134-169
(26,39): 88-127-170
(26,40): 84-127-167
(26,41): 84-127-173
(26,42): 84-127-169
(26,43): 88-130-175
(26,44): 91-133-170
(26,45): 93-131-176
(26,46): 99-133-174
(26,47): 87-114-164
(26,48): 109-139-179
(26,49): 113-144-181
(26,50): 122-153-178
(26,51): 163-187-207
(26,52): 166-192-200
(26,53): 183-208-221
(26,54): 185-202-205
(26,55): 209-217-219
(26,56): 218-222-217
(26,57): 233-225-223
(26,58): 231-237-232
(26,59): 228-239-240
(26,60): 229-238-238
(26,61): 231-231-241
(26,62): 208-207-215
(26,63): 197-193-211
(26,64): 149-138-158
(26,65): 109-112-126
(26,66): 49-59-79
(26,67): 46-59-66
(26,68): 29-38-60
(26,69): 22-42-49
(26,70): 13-26-43
(26,71): 12-28-34
(26,72): 4-11-30
(26,73): 9-22-27
(26,74): 5-11-24
(26,75): 16-22-27
(26,76): 19-17-30
(26,77): 18-23-30
(26,78): 23-13-29
(26,79): 47-37-28
(26,80): 49-54-51
(26,81): 129-133-109
(26,82): 181-181-153
(26,83): 230-218-207
(26,84): 230-216-190
(26,85): 194-179-173
(26,86): 110-111-105
(26,87): 58-67-60
(26,88): 14-39-56
(26,89): 30-72-87
(26,90): 54-104-134
(26,91): 58-116-163
(26,92): 90-143-191
(26,93): 83-140-197
(26,94): 92-136-190
(26,95): 80-112-173
(26,96): 104-119-168
(26,97): 56-84-120
(26,98): 42-58-90
(26,99): 76-84-92
(26,100): 97-105-124
(26,101): 108-121-143
(26,102): 147-138-168
(26,103): 103-105-129
(26,104): 113-105-122
(26,105): 81-71-71
(26,106): 48-51-66
(26,107): 33-42-47
(26,108): 51-46-68
(26,109): 48-52-57
(26,110): 44-47-68
(26,111): 122-124-134
(26,112): 187-181-197
(26,113): 229-221-238
(26,114): 243-239-243
(26,115): 250-246-250
(26,116): 250-250-250
(26,117): 250-250-250
(26,118): 250-250-250
(26,119): 250-250-250
(26,120): 250-249-250
(26,121): 250-250-250
(26,122): 250-250-250
(26,123): 250-250-250
(26,124): 250-250-250
(26,125): 250-250-242
(26,126): 241-218-187
(26,127): 226-187-155
(27,0): 104-152-193
(27,1): 35-83-100
(27,2): 24-62-74
(27,3): 41-64-91
(27,4): 57-100-126
(27,5): 70-123-150
(27,6): 91-146-191
(27,7): 99-157-205
(27,8): 104-160-211
(27,9): 102-159-211
(27,10): 102-160-212
(27,11): 101-159-212
(27,12): 100-159-212
(27,13): 100-159-213
(27,14): 99-158-212
(27,15): 100-159-213
(27,16): 100-159-213
(27,17): 102-160-214
(27,18): 100-159-211
(27,19): 98-157-209
(27,20): 97-157-209
(27,21): 96-155-208
(27,22): 95-155-208
(27,23): 95-153-208
(27,24): 94-154-209
(27,25): 94-154-209
(27,26): 93-153-207
(27,27): 92-154-204
(27,28): 88-146-190
(27,29): 71-124-164
(27,30): 33-82-117
(27,31): 31-71-108
(27,32): 38-90-118
(27,33): 48-92-115
(27,34): 58-95-124
(27,35): 76-108-130
(27,36): 89-116-131
(27,37): 71-98-115
(27,38): 70-96-116
(27,39): 57-83-107
(27,40): 47-75-102
(27,41): 44-71-98
(27,42): 41-70-99
(27,43): 51-78-102
(27,44): 61-86-107
(27,45): 71-97-118
(27,46): 77-97-119
(27,47): 68-86-113
(27,48): 70-89-114
(27,49): 67-83-107
(27,50): 58-80-98
(27,51): 82-98-106
(27,52): 89-110-105
(27,53): 124-136-126
(27,54): 118-127-111
(27,55): 143-135-124
(27,56): 177-173-158
(27,57): 207-209-213
(27,58): 211-219-223
(27,59): 204-226-220
(27,60): 213-222-223
(27,61): 202-200-205
(27,62): 165-140-146
(27,63): 152-130-162
(27,64): 72-65-78
(27,65): 53-44-54
(27,66): 31-45-67
(27,67): 59-67-88
(27,68): 46-48-51
(27,69): 44-36-44
(27,70): 52-48-35
(27,71): 45-32-31
(27,72): 47-39-29
(27,73): 47-35-36
(27,74): 44-39-43
(27,75): 46-31-37
(27,76): 45-39-33
(27,77): 54-40-39
(27,78): 60-48-47
(27,79): 109-94-99
(27,80): 133-123-132
(27,81): 175-173-169
(27,82): 218-209-193
(27,83): 224-225-210
(27,84): 201-181-178
(27,85): 180-174-168
(27,86): 104-103-97
(27,87): 50-55-59
(27,88): 14-45-54
(27,89): 18-49-70
(27,90): 32-87-120
(27,91): 47-108-143
(27,92): 65-127-180
(27,93): 75-132-181
(27,94): 87-124-180
(27,95): 81-105-157
(27,96): 55-76-103
(27,97): 57-58-71
(27,98): 82-87-96
(27,99): 152-151-158
(27,100): 207-198-195
(27,101): 205-204-208
(27,102): 230-211-226
(27,103): 207-193-200
(27,104): 233-208-207
(27,105): 188-178-186
(27,106): 143-136-141
(27,107): 69-61-69
(27,108): 54-59-79
(27,109): 63-51-72
(27,110): 55-62-66
(27,111): 77-65-84
(27,112): 129-125-162
(27,113): 209-199-226
(27,114): 235-222-234
(27,115): 243-240-246
(27,116): 249-244-243
(27,117): 248-247-247
(27,118): 249-249-249
(27,119): 250-250-250
(27,120): 249-249-249
(27,121): 250-249-250
(27,122): 250-250-249
(27,123): 250-250-250
(27,124): 250-250-246
(27,125): 250-242-230
(27,126): 218-187-163
(27,127): 187-155-116
(28,0): 43-97-133
(28,1): 0-34-75
(28,2): 3-37-71
(28,3): 32-63-90
(28,4): 79-115-146
(28,5): 86-135-177
(28,6): 100-153-195
(28,7): 101-157-206
(28,8): 104-160-210
(28,9): 99-156-208
(28,10): 100-158-211
(28,11): 99-158-211
(28,12): 99-158-212
(28,13): 98-158-212
(28,14): 98-158-213
(28,15): 98-159-213
(28,16): 98-157-212
(28,17): 99-158-211
(28,18): 96-156-210
(28,19): 95-156-209
(28,20): 94-154-208
(28,21): 94-154-207
(28,22): 93-153-208
(28,23): 93-153-208
(28,24): 94-154-210
(28,25): 93-155-210
(28,26): 95-155-209
(28,27): 92-153-205
(28,28): 92-147-190
(28,29): 75-129-165
(28,30): 30-79-115
(28,31): 16-56-76
(28,32): 11-47-74
(28,33): 39-72-91
(28,34): 49-65-87
(28,35): 35-52-66
(28,36): 26-42-53
(28,37): 23-35-36
(28,38): 19-31-42
(28,39): 14-30-34
(28,40): 13-25-41
(28,41): 11-29-37
(28,42): 13-26-41
(28,43): 16-33-36
(28,44): 20-34-41
(28,45): 31-46-43
(28,46): 25-37-43
(28,47): 24-34-32
(28,48): 21-29-41
(28,49): 27-36-40
(28,50): 36-40-54
(28,51): 51-66-59
(28,52): 68-74-69
(28,53): 124-137-107
(28,54): 106-107-89
(28,55): 110-104-78
(28,56): 101-104-105
(28,57): 127-141-138
(28,58): 174-179-183
(28,59): 194-215-220
(28,60): 217-226-212
(28,61): 194-191-192
(28,62): 127-123-132
(28,63): 88-75-77
(28,64): 56-44-69
(28,65): 113-104-126
(28,66): 110-104-136
(28,67): 101-133-156
(28,68): 76-94-100
(28,69): 64-62-58
(28,70): 61-55-54
(28,71): 68-56-41
(28,72): 83-72-64
(28,73): 103-84-78
(28,74): 117-85-90
(28,75): 95-73-73
(28,76): 90-83-79
(28,77): 122-115-101
(28,78): 123-119-117
(28,79): 177-165-178
(28,80): 209-178-196
(28,81): 194-171-190
(28,82): 207-199-189
(28,83): 221-208-201
(28,84): 214-203-183
(28,85): 183-168-159
(28,86): 97-96-97
(28,87): 42-55-58
(28,88): 6-29-56
(28,89): 10-43-68
(28,90): 21-67-107
(28,91): 55-117-160
(28,92): 58-112-160
(28,93): 66-117-174
(28,94): 73-101-149
(28,95): 53-72-94
(28,96): 25-46-65
(28,97): 117-117-112
(28,98): 162-162-160
(28,99): 206-205-205
(28,100): 228-227-214
(28,101): 223-209-206
(28,102): 232-220-211
(28,103): 214-190-188
(28,104): 226-216-210
(28,105): 210-198-208
(28,106): 203-192-201
(28,107): 135-135-156
(28,108): 114-109-132
(28,109): 90-86-104
(28,110): 70-65-101
(28,111): 74-82-120
(28,112): 136-114-165
(28,113): 200-177-211
(28,114): 235-213-221
(28,115): 240-224-229
(28,116): 239-236-230
(28,117): 238-237-236
(28,118): 245-244-244
(28,119): 248-249-249
(28,120): 250-250-250
(28,121): 250-250-250
(28,122): 250-250-250
(28,123): 250-250-250
(28,124): 250-250-250
(28,125): 250-250-242
(28,126): 241-218-187
(28,127): 226-187-155
(29,0): 81-120-163
(29,1): 15-60-91
(29,2): 23-70-91
(29,3): 41-75-102
(29,4): 79-119-156
(29,5): 95-140-183
(29,6): 105-150-196
(29,7): 102-157-203
(29,8): 103-159-211
(29,9): 100-157-211
(29,10): 99-158-210
(29,11): 98-157-211
(29,12): 95-156-209
(29,13): 95-155-210
(29,14): 94-155-210
(29,15): 95-155-210
(29,16): 94-155-209
(29,17): 96-155-209
(29,18): 94-155-208
(29,19): 94-154-208
(29,20): 94-155-208
(29,21): 94-154-208
(29,22): 93-154-208
(29,23): 93-153-208
(29,24): 92-153-209
(29,25): 92-153-208
(29,26): 94-154-209
(29,27): 92-151-202
(29,28): 86-138-185
(29,29): 77-128-166
(29,30): 62-105-135
(29,31): 28-53-79
(29,32): 12-33-46
(29,33): 28-39-59
(29,34): 20-28-44
(29,35): 23-18-27
(29,36): 25-25-24
(29,37): 25-21-29
(29,38): 24-23-22
(29,39): 12-10-16
(29,40): 12-14-17
(29,41): 11-11-17
(29,42): 15-18-16
(29,43): 14-16-17
(29,44): 15-18-12
(29,45): 13-14-12
(29,46): 15-17-11
(29,47): 13-9-10
(29,48): 18-17-12
(29,49): 23-14-17
(29,50): 30-29-27
(29,51): 50-31-29
(29,52): 82-73-59
(29,53): 149-144-123
(29,54): 181-171-144
(29,55): 172-174-173
(29,56): 123-135-130
(29,57): 86-91-80
(29,58): 79-98-99
(29,59): 136-143-145
(29,60): 179-181-167
(29,61): 183-194-189
(29,62): 148-153-152
(29,63): 75-54-48
(29,64): 78-61-59
(29,65): 135-117-160
(29,66): 68-63-114
(29,67): 84-111-122
(29,68): 114-142-153
(29,69): 133-150-155
(29,70): 141-138-140
(29,71): 150-148-142
(29,72): 177-156-157
(29,73): 164-136-137
(29,74): 154-117-118
(29,75): 168-151-149
(29,76): 174-159-159
(29,77): 176-182-180
(29,78): 172-169-182
(29,79): 180-182-202
(29,80): 154-137-184
(29,81): 196-188-215
(29,82): 202-186-194
(29,83): 197-198-191
(29,84): 192-181-166
(29,85): 140-131-127
(29,86): 81-79-78
(29,87): 46-49-62
(29,88): 28-51-73
(29,89): 29-52-91
(29,90): 17-50-87
(29,91): 34-75-123
(29,92): 20-58-104
(29,93): 33-67-117
(29,94): 12-43-79
(29,95): 28-32-49
(29,96): 66-69-63
(29,97): 162-169-176
(29,98): 199-195-201
(29,99): 207-218-210
(29,100): 219-215-218
(29,101): 228-230-221
(29,102): 243-236-223
(29,103): 235-233-229
(29,104): 231-226-231
(29,105): 213-213-213
(29,106): 222-215-231
(29,107): 214-212-228
(29,108): 198-189-197
(29,109): 159-154-172
(29,110): 128-127-153
(29,111): 126-113-145
(29,112): 123-102-142
(29,113): 178-141-164
(29,114): 197-164-157
(29,115): 211-190-196
(29,116): 231-223-220
(29,117): 228-234-227
(29,118): 233-234-235
(29,119): 241-242-242
(29,120): 248-249-248
(29,121): 250-250-250
(29,122): 250-250-249
(29,123): 250-250-250
(29,124): 250-250-246
(29,125): 250-242-230
(29,126): 218-187-163
(29,127): 187-155-116
(30,0): 43-94-128
(30,1): 0-48-85
(30,2): 18-51-81
(30,3): 35-68-94
(30,4): 72-105-137
(30,5): 76-116-159
(30,6): 100-146-190
(30,7): 103-158-208
(30,8): 106-161-212
(30,9): 98-157-210
(30,10): 96-157-210
(30,11): 96-158-210
(30,12): 93-155-209
(30,13): 93-156-209
(30,14): 93-155-210
(30,15): 93-155-209
(30,16): 93-154-209
(30,17): 95-155-209
(30,18): 94-154-209
(30,19): 93-155-209
(30,20): 94-155-210
(30,21): 93-154-209
(30,22): 93-154-209
(30,23): 93-154-209
(30,24): 92-153-209
(30,25): 92-153-209
(30,26): 97-157-211
(30,27): 94-154-206
(30,28): 88-143-190
(30,29): 77-128-174
(30,30): 76-112-147
(30,31): 38-64-92
(30,32): 10-23-48
(30,33): 20-29-40
(30,34): 27-19-35
(30,35): 43-29-39
(30,36): 18-12-29
(30,37): 16-20-26
(30,38): 4-7-21
(30,39): 3-6-10
(30,40): 0-0-8
(30,41): 0-0-0
(30,42): 0-0-1
(30,43): 0-6-2
(30,44): 0-1-2
(30,45): 0-2-0
(30,46): 0-0-2
(30,47): 1-3-0
(30,48): 5-1-4
(30,49): 18-13-8
(30,50): 37-20-29
(30,51): 73-56-55
(30,52): 126-110-109
(30,53): 185-174-175
(30,54): 208-207-193
(30,55): 202-215-225
(30,56): 192-202-199
(30,57): 147-167-165
(30,58): 78-94-96
(30,59): 81-85-69
(30,60): 99-102-101
(30,61): 147-154-150
(30,62): 170-168-166
(30,63): 118-113-120
(30,64): 83-85-103
(30,65): 114-120-141
(30,66): 96-106-150
(30,67): 111-151-188
(30,68): 108-144-168
(30,69): 154-179-198
(30,70): 149-167-176
(30,71): 177-178-194
(30,72): 191-172-176
(30,73): 173-129-131
(30,74): 150-143-133
(30,75): 192-184-176
(30,76): 183-186-186
(30,77): 187-194-217
(30,78): 165-176-199
(30,79): 174-187-222
(30,80): 138-150-188
(30,81): 170-184-214
(30,82): 146-155-176
(30,83): 129-143-152
(30,84): 81-91-102
(30,85): 62-63-63
(30,86): 57-64-79
(30,87): 63-79-94
(30,88): 67-86-118
(30,89): 66-99-135
(30,90): 56-94-136
(30,91): 58-105-148
(30,92): 49-91-134
(30,93): 41-86-115
(30,94): 6-42-78
(30,95): 45-64-70
(30,96): 59-72-82
(30,97): 146-150-148
(30,98): 187-187-177
(30,99): 207-196-197
(30,100): 214-214-196
(30,101): 211-203-183
(30,102): 198-204-181
(30,103): 228-219-200
(30,104): 234-232-221
(30,105): 220-216-219
(30,106): 227-224-225
(30,107): 234-221-222
(30,108): 216-218-220
(30,109): 213-211-227
(30,110): 216-213-230
(30,111): 216-216-239
(30,112): 201-180-198
(30,113): 178-147-147
(30,114): 118-106-113
(30,115): 131-118-111
(30,116): 180-165-169
(30,117): 210-217-213
(30,118): 226-233-225
(30,119): 234-235-235
(30,120): 244-245-244
(30,121): 249-250-249
(30,122): 250-250-250
(30,123): 250-250-250
(30,124): 250-250-250
(30,125): 250-250-242
(30,126): 241-218-187
(30,127): 226-187-155
(31,0): 93-136-179
(31,1): 47-91-110
(31,2): 36-71-84
(31,3): 48-72-95
(31,4): 64-101-122
(31,5): 80-121-149
(31,6): 99-148-193
(31,7): 105-159-207
(31,8): 101-156-210
(31,9): 96-155-208
(31,10): 94-156-208
(31,11): 93-155-207
(31,12): 91-155-207
(31,13): 92-154-207
(31,14): 92-155-208
(31,15): 93-154-208
(31,16): 93-154-209
(31,17): 95-154-209
(31,18): 94-154-208
(31,19): 94-154-208
(31,20): 94-155-209
(31,21): 94-155-209
(31,22): 94-155-208
(31,23): 94-154-209
(31,24): 93-154-209
(31,25): 94-153-210
(31,26): 95-155-210
(31,27): 95-155-206
(31,28): 95-149-199
(31,29): 86-136-179
(31,30): 84-119-157
(31,31): 64-90-118
(31,32): 21-33-45
(31,33): 23-15-25
(31,34): 40-24-25
(31,35): 87-74-98
(31,36): 55-34-56
(31,37): 28-15-36
(31,38): 24-23-41
(31,39): 15-10-27
(31,40): 6-8-10
(31,41): 1-0-1
(31,42): 0-4-0
(31,43): 1-2-0
(31,44): 3-6-0
(31,45): 6-5-3
(31,46): 10-10-6
(31,47): 14-3-0
(31,48): 23-17-10
(31,49): 38-11-8
(31,50): 75-50-41
(31,51): 139-116-117
(31,52): 183-160-154
(31,53): 203-201-199
(31,54): 172-175-169
(31,55): 167-191-180
(31,56): 164-179-192
(31,57): 177-200-204
(31,58): 129-138-124
(31,59): 82-67-55
(31,60): 71-75-66
(31,61): 124-116-109
(31,62): 194-186-187
(31,63): 196-203-228
(31,64): 133-151-162
(31,65): 81-102-112
(31,66): 49-95-130
(31,67): 93-121-163
(31,68): 51-85-117
(31,69): 91-115-143
(31,70): 86-110-128
(31,71): 125-121-137
(31,72): 142-125-126
(31,73): 174-147-153
(31,74): 184-175-147
(31,75): 142-141-134
(31,76): 107-119-130
(31,77): 114-120-148
(31,78): 68-91-122
(31,79): 95-114-152
(31,80): 55-94-126
(31,81): 80-108-146
(31,82): 47-82-116
(31,83): 73-93-127
(31,84): 58-83-101
(31,85): 71-85-107
(31,86): 96-118-128
(31,87): 96-118-152
(31,88): 85-108-152
(31,89): 86-123-164
(31,90): 87-127-171
(31,91): 84-132-172
(31,92): 79-126-166
(31,93): 62-103-135
(31,94): 56-87-116
(31,95): 71-93-122
(31,96): 43-64-79
(31,97): 62-69-72
(31,98): 99-101-103
(31,99): 161-160-158
(31,100): 180-171-150
(31,101): 151-140-119
(31,102): 158-152-134
(31,103): 165-158-146
(31,104): 200-200-194
(31,105): 221-225-218
(31,106): 233-229-229
(31,107): 235-235-236
(31,108): 230-231-237
(31,109): 225-230-239
(31,110): 222-220-242
(31,111): 238-239-248
(31,112): 238-224-229
(31,113): 218-203-205
(31,114): 177-171-159
(31,115): 127-110-99
(31,116): 102-104-106
(31,117): 155-150-155
(31,118): 207-211-205
(31,119): 227-233-228
(31,120): 242-242-241
(31,121): 249-250-249
(31,122): 250-250-249
(31,123): 250-250-250
(31,124): 250-250-246
(31,125): 250-242-230
(31,126): 218-187-163
(31,127): 187-155-116
(32,0): 85-116-150
(32,1): 88-115-142
(32,2): 50-76-90
(32,3): 46-68-71
(32,4): 50-80-99
(32,5): 97-131-156
(32,6): 110-149-189
(32,7): 107-155-207
(32,8): 104-158-210
(32,9): 96-157-210
(32,10): 94-156-209
(32,11): 92-156-208
(32,12): 91-154-207
(32,13): 91-155-207
(32,14): 92-154-208
(32,15): 93-154-208
(32,16): 95-154-210
(32,17): 94-154-209
(32,18): 94-155-209
(32,19): 94-156-209
(32,20): 94-155-209
(32,21): 94-156-209
(32,22): 94-155-209
(32,23): 94-155-209
(32,24): 95-155-210
(32,25): 94-154-209
(32,26): 96-156-211
(32,27): 95-156-211
(32,28): 102-156-206
(32,29): 93-142-190
(32,30): 87-130-165
(32,31): 81-116-138
(32,32): 32-52-70
(32,33): 37-38-39
(32,34): 28-34-43
(32,35): 106-101-111
(32,36): 122-110-125
(32,37): 84-61-98
(32,38): 76-62-87
(32,39): 22-25-47
(32,40): 7-7-25
(32,41): 12-20-24
(32,42): 13-17-20
(32,43): 14-23-17
(32,44): 15-25-19
(32,45): 14-25-21
(32,46): 34-26-27
(32,47): 39-27-26
(32,48): 42-23-33
(32,49): 70-44-32
(32,50): 114-97-85
(32,51): 180-161-150
(32,52): 222-210-191
(32,53): 225-216-204
(32,54): 189-206-182
(32,55): 187-217-209
(32,56): 161-181-177
(32,57): 148-169-172
(32,58): 110-113-122
(32,59): 105-100-98
(32,60): 90-82-99
(32,61): 133-129-132
(32,62): 187-189-192
(32,63): 218-216-231
(32,64): 211-221-232
(32,65): 172-204-229
(32,66): 146-176-201
(32,67): 176-200-226
(32,68): 154-172-201
(32,69): 160-186-210
(32,70): 157-158-175
(32,71): 150-141-139
(32,72): 144-128-125
(32,73): 164-135-111
(32,74): 173-156-141
(32,75): 143-138-132
(32,76): 149-144-155
(32,77): 150-161-175
(32,78): 138-148-176
(32,79): 147-174-202
(32,80): 112-143-179
(32,81): 114-159-198
(32,82): 85-124-172
(32,83): 98-142-188
(32,84): 96-135-176
(32,85): 99-139-175
(32,86): 90-132-164
(32,87): 96-126-167
(32,88): 103-139-184
(32,89): 95-140-189
(32,90): 100-147-192
(32,91): 92-141-188
(32,92): 87-140-183
(32,93): 86-133-179
(32,94): 98-136-171
(32,95): 97-133-166
(32,96): 71-96-120
(32,97): 40-60-70
(32,98): 45-52-57
(32,99): 82-80-59
(32,100): 86-76-63
(32,101): 86-62-41
(32,102): 92-77-77
(32,103): 84-76-65
(32,104): 140-130-128
(32,105): 204-206-195
(32,106): 230-233-224
(32,107): 244-242-243
(32,108): 250-250-250
(32,109): 246-249-250
(32,110): 245-240-244
(32,111): 242-232-231
(32,112): 229-227-222
(32,113): 230-219-220
(32,114): 226-216-209
(32,115): 182-183-176
(32,116): 101-100-108
(32,117): 101-101-97
(32,118): 164-164-169
(32,119): 217-219-218
(32,120): 244-243-238
(32,121): 249-249-249
(32,122): 250-250-250
(32,123): 249-250-250
(32,124): 250-250-250
(32,125): 250-250-242
(32,126): 241-218-187
(32,127): 226-187-155
(33,0): 105-106-159
(33,1): 133-153-187
(33,2): 103-109-112
(33,3): 58-67-77
(33,4): 54-75-82
(33,5): 94-120-151
(33,6): 94-123-169
(33,7): 102-147-198
(33,8): 102-154-206
(33,9): 96-154-207
(33,10): 94-156-207
(33,11): 92-155-206
(33,12): 92-156-206
(33,13): 92-154-206
(33,14): 93-155-208
(33,15): 94-154-208
(33,16): 93-154-208
(33,17): 94-154-208
(33,18): 94-156-208
(33,19): 95-156-209
(33,20): 94-156-207
(33,21): 94-156-207
(33,22): 95-157-209
(33,23): 96-156-209
(33,24): 96-157-210
(33,25): 96-156-210
(33,26): 96-157-210
(33,27): 96-157-209
(33,28): 101-156-207
(33,29): 96-149-199
(33,30): 73-118-159
(33,31): 63-103-124
(33,32): 37-63-73
(33,33): 39-46-64
(33,34): 20-33-44
(33,35): 56-61-66
(33,36): 133-125-157
(33,37): 141-124-157
(33,38): 114-98-116
(33,39): 58-50-52
(33,40): 32-36-43
(33,41): 42-40-39
(33,42): 36-43-40
(33,43): 41-46-40
(33,44): 58-69-46
(33,45): 42-41-21
(33,46): 58-50-34
(33,47): 89-66-71
(33,48): 103-73-91
(33,49): 130-104-113
(33,50): 176-162-146
(33,51): 190-199-182
(33,52): 195-195-201
(33,53): 194-207-190
(33,54): 181-194-149
(33,55): 156-182-152
(33,56): 85-113-92
(33,57): 76-77-71
(33,58): 69-74-87
(33,59): 151-136-162
(33,60): 169-154-159
(33,61): 195-188-200
(33,62): 211-210-212
(33,63): 209-218-222
(33,64): 209-220-240
(33,65): 217-236-250
(33,66): 201-213-228
(33,67): 205-221-231
(33,68): 195-204-227
(33,69): 209-219-226
(33,70): 216-209-221
(33,71): 223-211-208
(33,72): 238-218-204
(33,73): 215-192-179
(33,74): 233-212-202
(33,75): 215-201-194
(33,76): 223-214-210
(33,77): 207-209-209
(33,78): 193-199-211
(33,79): 183-200-216
(33,80): 144-170-196
(33,81): 128-161-188
(33,82): 97-142-181
(33,83): 99-145-185
(33,84): 93-145-192
(33,85): 96-146-191
(33,86): 91-142-188
(33,87): 94-143-189
(33,88): 100-156-205
(33,89): 97-153-201
(33,90): 97-154-207
(33,91): 94-150-201
(33,92): 95-148-200
(33,93): 93-147-196
(33,94): 82-132-181
(33,95): 78-127-158
(33,96): 76-114-148
(33,97): 50-69-88
(33,98): 36-51-48
(33,99): 35-22-13
(33,100): 80-61-62
(33,101): 103-72-94
(33,102): 124-106-116
(33,103): 81-59-65
(33,104): 99-91-84
(33,105): 168-159-153
(33,106): 224-221-221
(33,107): 242-246-249
(33,108): 250-250-250
(33,109): 250-250-250
(33,110): 250-250-250
(33,111): 249-247-248
(33,112): 242-240-237
(33,113): 223-222-217
(33,114): 206-197-201
(33,115): 193-189-184
(33,116): 126-128-115
(33,117): 102-89-87
(33,118): 150-153-154
(33,119): 210-209-208
(33,120): 241-236-232
(33,121): 249-250-249
(33,122): 250-250-249
(33,123): 250-250-250
(33,124): 250-250-246
(33,125): 250-242-230
(33,126): 218-187-163
(33,127): 187-155-116
(34,0): 107-131-167
(34,1): 139-149-183
(34,2): 115-130-141
(34,3): 69-88-96
(34,4): 46-66-86
(34,5): 84-116-138
(34,6): 103-141-176
(34,7): 104-150-197
(34,8): 104-156-206
(34,9): 96-154-206
(34,10): 94-155-207
(34,11): 93-157-207
(34,12): 93-156-207
(34,13): 93-156-207
(34,14): 94-155-208
(34,15): 95-155-207
(34,16): 94-154-208
(34,17): 94-155-207
(34,18): 94-156-208
(34,19): 94-157-207
(34,20): 94-157-208
(34,21): 95-158-209
(34,22): 97-158-210
(34,23): 96-156-208
(34,24): 96-157-210
(34,25): 95-156-208
(34,26): 95-157-210
(34,27): 95-158-210
(34,28): 100-161-210
(34,29): 101-159-206
(34,30): 92-144-181
(34,31): 80-130-156
(34,32): 43-85-105
(34,33): 37-65-79
(34,34): 22-32-62
(34,35): 26-31-60
(34,36): 107-78-103
(34,37): 124-66-85
(34,38): 116-83-93
(34,39): 123-107-109
(34,40): 115-105-102
(34,41): 112-105-100
(34,42): 80-76-74
(34,43): 59-61-45
(34,44): 89-95-67
(34,45): 100-89-53
(34,46): 104-98-70
(34,47): 140-112-103
(34,48): 182-148-149
(34,49): 140-108-117
(34,50): 140-145-141
(34,51): 172-185-180
(34,52): 157-168-169
(34,53): 128-157-138
(34,54): 111-153-118
(34,55): 157-193-138
(34,56): 105-133-111
(34,57): 141-153-137
(34,58): 166-161-174
(34,59): 215-208-223
(34,60): 239-231-236
(34,61): 239-232-243
(34,62): 225-231-234
(34,63): 231-236-242
(34,64): 235-240-244
(34,65): 240-242-247
(34,66): 231-236-237
(34,67): 228-230-237
(34,68): 225-226-231
(34,69): 231-226-233
(34,70): 226-217-221
(34,71): 235-217-219
(34,72): 238-224-219
(34,73): 216-197-199
(34,74): 237-224-221
(34,75): 231-218-215
(34,76): 237-232-225
(34,77): 231-227-226
(34,78): 224-228-230
(34,79): 217-225-237
(34,80): 196-214-230
(34,81): 172-200-228
(34,82): 137-174-210
(34,83): 116-164-204
(34,84): 105-155-203
(34,85): 99-151-203
(34,86): 107-158-209
(34,87): 99-156-207
(34,88): 98-157-206
(34,89): 97-155-206
(34,90): 99-158-210
(34,91): 95-154-210
(34,92): 106-160-211
(34,93): 99-151-202
(34,94): 91-140-183
(34,95): 71-118-166
(34,96): 77-106-137
(34,97): 26-48-71
(34,98): 7-14-35
(34,99): 11-6-26
(34,100): 59-32-62
(34,101): 51-18-61
(34,102): 107-76-108
(34,103): 58-58-79
(34,104): 75-69-89
(34,105): 166-149-151
(34,106): 234-222-219
(34,107): 235-234-240
(34,108): 250-249-246
(34,109): 249-250-250
(34,110): 250-250-250
(34,111): 250-250-250
(34,112): 250-250-250
(34,113): 241-240-239
(34,114): 212-206-199
(34,115): 190-175-164
(34,116): 122-116-114
(34,117): 99-106-96
(34,118): 149-150-154
(34,119): 206-203-203
(34,120): 237-235-230
(34,121): 249-249-249
(34,122): 250-250-250
(34,123): 249-250-250
(34,124): 250-250-250
(34,125): 250-250-242
(34,126): 241-218-187
(34,127): 226-187-155
(35,0): 145-175-224
(35,1): 156-189-214
(35,2): 150-165-180
(35,3): 96-108-115
(35,4): 38-69-69
(35,5): 61-94-104
(35,6): 85-133-164
(35,7): 94-141-184
(35,8): 100-151-203
(35,9): 97-154-205
(35,10): 96-156-207
(35,11): 94-156-206
(35,12): 95-157-207
(35,13): 95-156-207
(35,14): 95-155-207
(35,15): 96-155-208
(35,16): 95-156-209
(35,17): 95-156-207
(35,18): 94-157-207
(35,19): 94-157-206
(35,20): 97-161-210
(35,21): 97-159-209
(35,22): 98-160-211
(35,23): 99-159-211
(35,24): 98-160-211
(35,25): 96-157-208
(35,26): 95-159-209
(35,27): 94-157-208
(35,28): 91-155-206
(35,29): 90-153-196
(35,30): 85-144-186
(35,31): 82-138-172
(35,32): 65-117-144
(35,33): 42-83-105
(35,34): 38-61-88
(35,35): 45-34-65
(35,36): 85-51-71
(35,37): 126-76-109
(35,38): 131-77-95
(35,39): 166-153-166
(35,40): 170-146-159
(35,41): 151-152-160
(35,42): 112-106-119
(35,43): 101-101-83
(35,44): 164-156-132
(35,45): 164-156-129
(35,46): 198-170-141
(35,47): 161-143-123
(35,48): 181-160-158
(35,49): 142-127-143
(35,50): 131-130-153
(35,51): 105-110-130
(35,52): 68-103-114
(35,53): 91-120-106
(35,54): 122-171-141
(35,55): 159-189-155
(35,56): 189-203-174
(35,57): 220-225-219
(35,58): 219-217-222
(35,59): 228-231-232
(35,60): 232-234-248
(35,61): 241-244-249
(35,62): 240-240-244
(35,63): 243-247-248
(35,64): 241-242-244
(35,65): 238-246-247
(35,66): 226-230-239
(35,67): 224-235-242
(35,68): 208-212-230
(35,69): 214-221-237
(35,70): 193-189-216
(35,71): 220-222-238
(35,72): 232-226-236
(35,73): 234-229-236
(35,74): 250-245-248
(35,75): 248-245-244
(35,76): 250-248-247
(35,77): 246-247-247
(35,78): 239-242-247
(35,79): 232-242-248
(35,80): 220-233-246
(35,81): 200-226-248
(35,82): 160-194-228
(35,83): 125-168-207
(35,84): 107-161-209
(35,85): 100-154-204
(35,86): 96-157-211
(35,87): 96-157-207
(35,88): 96-158-209
(35,89): 96-158-210
(35,90): 93-156-210
(35,91): 91-153-203
(35,92): 89-150-206
(35,93): 89-147-195
(35,94): 85-136-184
(35,95): 69-119-156
(35,96): 44-81-117
(35,97): 18-33-53
(35,98): 26-31-42
(35,99): 45-31-53
(35,100): 69-48-65
(35,101): 56-22-49
(35,102): 58-45-72
(35,103): 73-61-82
(35,104): 131-118-141
(35,105): 188-170-191
(35,106): 235-216-213
(35,107): 236-233-227
(35,108): 250-248-245
(35,109): 250-250-247
(35,110): 250-250-249
(35,111): 250-250-250
(35,112): 250-250-250
(35,113): 244-244-241
(35,114): 210-202-195
(35,115): 174-163-151
(35,116): 111-113-104
(35,117): 109-103-101
(35,118): 155-160-153
(35,119): 205-204-197
(35,120): 235-230-227
(35,121): 249-249-247
(35,122): 250-250-249
(35,123): 250-250-250
(35,124): 250-250-246
(35,125): 250-242-230
(35,126): 218-187-163
(35,127): 187-155-116
(36,0): 118-149-188
(36,1): 147-160-204
(36,2): 179-187-196
(36,3): 138-145-150
(36,4): 59-82-91
(36,5): 71-111-112
(36,6): 76-116-139
(36,7): 80-117-157
(36,8): 101-146-194
(36,9): 94-151-203
(36,10): 98-157-207
(36,11): 94-157-207
(36,12): 95-156-207
(36,13): 95-156-207
(36,14): 95-155-208
(36,15): 95-155-207
(36,16): 97-156-209
(36,17): 96-157-207
(36,18): 94-156-207
(36,19): 95-159-208
(36,20): 98-160-210
(36,21): 98-159-209
(36,22): 99-159-210
(36,23): 98-158-208
(36,24): 98-158-209
(36,25): 97-158-207
(36,26): 96-158-208
(36,27): 97-160-209
(36,28): 97-159-208
(36,29): 95-159-205
(36,30): 88-149-193
(36,31): 83-139-185
(36,32): 84-139-176
(36,33): 56-119-157
(36,34): 55-89-119
(36,35): 38-41-59
(36,36): 28-22-50
(36,37): 88-60-75
(36,38): 100-86-112
(36,39): 150-150-176
(36,40): 132-136-157
(36,41): 122-132-158
(36,42): 97-105-125
(36,43): 86-98-99
(36,44): 87-93-90
(36,45): 85-78-64
(36,46): 118-103-90
(36,47): 71-58-37
(36,48): 72-71-73
(36,49): 89-85-97
(36,50): 150-131-170
(36,51): 89-104-142
(36,52): 115-140-161
(36,53): 166-209-211
(36,54): 195-221-214
(36,55): 202-222-224
(36,56): 233-240-228
(36,57): 247-241-236
(36,58): 245-243-237
(36,59): 244-242-241
(36,60): 243-244-245
(36,61): 247-246-248
(36,62): 245-245-246
(36,63): 242-244-243
(36,64): 224-233-229
(36,65): 222-227-230
(36,66): 208-213-214
(36,67): 210-213-225
(36,68): 172-182-200
(36,69): 187-197-223
(36,70): 166-176-205
(36,71): 189-203-225
(36,72): 200-215-229
(36,73): 232-231-240
(36,74): 242-245-246
(36,75): 249-245-246
(36,76): 250-250-250
(36,77): 250-249-250
(36,78): 248-248-250
(36,79): 242-244-249
(36,80): 224-236-243
(36,81): 212-228-246
(36,82): 180-210-237
(36,83): 135-178-216
(36,84): 117-166-212
(36,85): 102-158-205
(36,86): 99-157-206
(36,87): 98-157-207
(36,88): 100-160-209
(36,89): 97-157-209
(36,90): 95-155-203
(36,91): 96-152-204
(36,92): 88-139-187
(36,93): 75-127-181
(36,94): 86-131-166
(36,95): 60-107-142
(36,96): 20-53-84
(36,97): 11-28-49
(36,98): 16-17-39
(36,99): 21-19-33
(36,100): 46-31-45
(36,101): 56-24-28
(36,102): 32-24-50
(36,103): 90-88-110
(36,104): 183-157-176
(36,105): 154-132-154
(36,106): 190-186-179
(36,107): 224-217-209
(36,108): 246-241-234
(36,109): 247-247-245
(36,110): 250-250-249
(36,111): 249-250-250
(36,112): 250-250-250
(36,113): 247-242-240
(36,114): 215-209-200
(36,115): 181-173-162
(36,116): 117-111-110
(36,117): 105-109-92
(36,118): 137-142-140
(36,119): 205-202-195
(36,120): 239-236-230
(36,121): 250-249-249
(36,122): 250-250-250
(36,123): 249-250-250
(36,124): 250-250-250
(36,125): 250-250-242
(36,126): 241-218-187
(36,127): 226-187-155
(37,0): 151-168-223
(37,1): 174-192-228
(37,2): 206-201-213
(37,3): 176-186-192
(37,4): 98-109-107
(37,5): 61-74-81
(37,6): 66-102-115
(37,7): 87-124-157
(37,8): 99-143-190
(37,9): 94-149-197
(37,10): 100-158-208
(37,11): 96-157-207
(37,12): 96-157-207
(37,13): 96-156-207
(37,14): 96-157-209
(37,15): 97-156-208
(37,16): 96-156-208
(37,17): 97-157-208
(37,18): 97-159-209
(37,19): 97-158-208
(37,20): 99-160-210
(37,21): 101-161-212
(37,22): 102-162-212
(37,23): 100-159-210
(37,24): 98-158-208
(37,25): 99-158-208
(37,26): 97-158-206
(37,27): 97-158-207
(37,28): 96-157-206
(37,29): 98-160-208
(37,30): 95-156-202
(37,31): 86-149-195
(37,32): 72-138-186
(37,33): 58-123-155
(37,34): 73-120-154
(37,35): 51-69-101
(37,36): 27-42-55
(37,37): 47-51-80
(37,38): 38-57-97
(37,39): 60-80-124
(37,40): 20-49-96
(37,41): 51-76-120
(37,42): 53-83-121
(37,43): 80-100-143
(37,44): 78-94-116
(37,45): 83-95-114
(37,46): 112-129-137
(37,47): 99-106-119
(37,48): 127-138-143
(37,49): 118-124-148
(37,50): 139-152-193
(37,51): 157-169-188
(37,52): 204-220-224
(37,53): 219-243-243
(37,54): 225-231-235
(37,55): 234-244-245
(37,56): 240-244-244
(37,57): 244-248-245
(37,58): 246-248-248
(37,59): 250-250-250
(37,60): 250-250-250
(37,61): 247-248-250
(37,62): 237-238-242
(37,63): 229-236-236
(37,64): 201-213-212
(37,65): 180-196-190
(37,66): 130-139-132
(37,67): 123-123-138
(37,68): 64-76-95
(37,69): 80-87-113
(37,70): 55-84-113
(37,71): 101-109-134
(37,72): 161-181-201
(37,73): 213-223-238
(37,74): 240-243-247
(37,75): 247-249-250
(37,76): 249-249-250
(37,77): 249-250-250
(37,78): 247-247-250
(37,79): 246-250-250
(37,80): 229-238-249
(37,81): 215-237-250
(37,82): 188-219-248
(37,83): 146-188-225
(37,84): 116-166-212
(37,85): 99-151-193
(37,86): 94-151-197
(37,87): 92-148-194
(37,88): 86-146-196
(37,89): 83-141-187
(37,90): 77-133-183
(37,91): 80-134-177
(37,92): 52-102-139
(37,93): 54-105-132
(37,94): 33-80-98
(37,95): 18-49-67
(37,96): 0-21-38
(37,97): 15-24-47
(37,98): 9-22-31
(37,99): 29-35-37
(37,100): 64-56-63
(37,101): 90-73-99
(37,102): 84-63-93
(37,103): 93-84-106
(37,104): 132-128-147
(37,105): 138-129-128
(37,106): 199-194-175
(37,107): 224-219-203
(37,108): 244-235-230
(37,109): 247-246-241
(37,110): 250-250-249
(37,111): 250-250-250
(37,112): 250-250-249
(37,113): 240-239-234
(37,114): 206-198-192
(37,115): 172-165-156
(37,116): 109-113-106
(37,117): 106-97-96
(37,118): 148-150-147
(37,119): 205-203-200
(37,120): 239-233-230
(37,121): 250-250-249
(37,122): 250-250-249
(37,123): 250-250-250
(37,124): 250-250-246
(37,125): 250-242-230
(37,126): 218-187-163
(37,127): 187-155-116
(38,0): 134-159-198
(38,1): 151-156-198
(38,2): 199-202-208
(38,3): 200-207-211
(38,4): 143-148-152
(38,5): 60-76-86
(38,6): 42-66-92
(38,7): 81-118-137
(38,8): 98-144-180
(38,9): 88-141-188
(38,10): 98-155-204
(38,11): 94-156-206
(38,12): 96-157-207
(38,13): 97-158-208
(38,14): 97-157-209
(38,15): 98-157-208
(38,16): 97-156-209
(38,17): 98-158-209
(38,18): 98-158-210
(38,19): 96-158-209
(38,20): 97-158-209
(38,21): 100-160-210
(38,22): 102-161-212
(38,23): 100-159-210
(38,24): 99-158-209
(38,25): 100-159-208
(38,26): 97-157-207
(38,27): 97-158-206
(38,28): 97-158-207
(38,29): 97-158-207
(38,30): 98-160-208
(38,31): 91-156-205
(38,32): 86-150-195
(38,33): 64-130-175
(38,34): 68-116-152
(38,35): 41-67-95
(38,36): 16-43-74
(38,37): 58-86-118
(38,38): 72-102-146
(38,39): 72-111-168
(38,40): 55-94-153
(38,41): 78-126-183
(38,42): 76-114-172
(38,43): 87-124-183
(38,44): 96-130-180
(38,45): 91-131-177
(38,46): 95-136-172
(38,47): 99-131-171
(38,48): 129-155-190
(38,49): 119-144-177
(38,50): 144-169-196
(38,51): 195-209-221
(38,52): 224-238-238
(38,53): 230-235-242
(38,54): 239-243-244
(38,55): 245-247-248
(38,56): 248-250-249
(38,57): 248-249-249
(38,58): 250-250-250
(38,59): 250-250-250
(38,60): 250-250-250
(38,61): 248-248-250
(38,62): 241-244-245
(38,63): 230-232-240
(38,64): 182-192-199
(38,65): 157-191-184
(38,66): 62-89-99
(38,67): 79-97-98
(38,68): 39-50-84
(38,69): 54-86-106
(38,70): 49-56-103
(38,71): 91-102-134
(38,72): 177-176-201
(38,73): 218-219-235
(38,74): 246-244-246
(38,75): 249-245-249
(38,76): 250-250-250
(38,77): 250-249-250
(38,78): 250-250-250
(38,79): 250-249-250
(38,80): 233-237-247
(38,81): 217-229-250
(38,82): 180-210-234
(38,83): 137-178-213
(38,84): 115-158-200
(38,85): 97-146-186
(38,86): 95-144-182
(38,87): 92-135-176
(38,88): 88-133-174
(38,89): 85-129-175
(38,90): 82-123-162
(38,91): 80-122-153
(38,92): 48-95-114
(38,93): 56-111-114
(38,94): 4-50-58
(38,95): 12-43-46
(38,96): 0-21-43
(38,97): 19-44-49
(38,98): 9-36-49
(38,99): 58-83-84
(38,100): 38-58-73
(38,101): 72-74-105
(38,102): 95-79-116
(38,103): 41-46-71
(38,104): 37-49-62
(38,105): 81-79-60
(38,106): 137-127-117
(38,107): 200-189-178
(38,108): 238-231-221
(38,109): 245-245-243
(38,110): 250-250-249
(38,111): 249-250-250
(38,112): 250-250-249
(38,113): 243-237-236
(38,114): 207-203-196
(38,115): 178-170-160
(38,116): 114-106-110
(38,117): 107-109-106
(38,118): 157-157-165
(38,119): 209-207-211
(38,120): 239-237-234
(38,121): 250-249-250
(38,122): 250-250-250
(38,123): 249-250-250
(38,124): 250-250-250
(38,125): 250-250-242
(38,126): 241-218-187
(38,127): 226-187-155
(39,0): 176-203-234
(39,1): 197-220-240
(39,2): 220-219-228
(39,3): 208-222-220
(39,4): 185-198-196
(39,5): 120-127-131
(39,6): 58-78-83
(39,7): 66-91-116
(39,8): 92-138-177
(39,9): 88-141-187
(39,10): 98-154-204
(39,11): 96-156-204
(39,12): 97-158-208
(39,13): 97-157-208
(39,14): 96-156-208
(39,15): 98-157-209
(39,16): 97-157-209
(39,17): 98-157-209
(39,18): 97-157-209
(39,19): 97-157-208
(39,20): 98-158-209
(39,21): 100-159-210
(39,22): 101-160-211
(39,23): 101-159-210
(39,24): 99-158-208
(39,25): 100-158-208
(39,26): 98-158-206
(39,27): 98-158-207
(39,28): 98-160-208
(39,29): 97-159-208
(39,30): 94-158-209
(39,31): 92-158-206
(39,32): 95-157-206
(39,33): 80-142-186
(39,34): 71-122-160
(39,35): 42-79-110
(39,36): 6-48-70
(39,37): 33-67-101
(39,38): 54-102-150
(39,39): 69-119-164
(39,40): 69-119-172
(39,41): 80-130-186
(39,42): 62-113-177
(39,43): 76-126-184
(39,44): 80-136-194
(39,45): 89-142-194
(39,46): 93-145-193
(39,47): 97-144-192
(39,48): 106-154-204
(39,49): 120-156-191
(39,50): 157-187-212
(39,51): 203-226-244
(39,52): 226-234-243
(39,53): 237-246-250
(39,54): 246-249-250
(39,55): 249-250-250
(39,56): 249-249-249
(39,57): 250-250-250
(39,58): 249-249-249
(39,59): 250-250-250
(39,60): 250-250-249
(39,61): 247-249-250
(39,62): 238-237-236
(39,63): 211-214-233
(39,64): 116-128-144
(39,65): 100-114-124
(39,66): 45-76-80
(39,67): 68-78-98
(39,68): 33-62-78
(39,69): 68-75-98
(39,70): 83-93-121
(39,71): 158-155-187
(39,72): 205-197-219
(39,73): 227-222-237
(39,74): 248-237-244
(39,75): 244-241-240
(39,76): 250-245-241
(39,77): 242-239-236
(39,78): 241-236-235
(39,79): 232-232-239
(39,80): 205-206-221
(39,81): 196-213-235
(39,82): 155-183-214
(39,83): 119-157-189
(39,84): 95-140-184
(39,85): 91-133-165
(39,86): 92-131-158
(39,87): 79-106-137
(39,88): 72-97-120
(39,89): 60-76-104
(39,90): 38-64-84
(39,91): 35-60-80
(39,92): 6-46-49
(39,93): 24-61-51
(39,94): 14-46-27
(39,95): 40-66-78
(39,96): 25-57-72
(39,97): 28-62-81
(39,98): 13-45-67
(39,99): 39-67-98
(39,100): 14-41-67
(39,101): 28-51-86
(39,102): 22-49-89
(39,103): 43-58-80
(39,104): 61-78-78
(39,105): 76-65-70
(39,106): 112-101-85
(39,107): 193-180-170
(39,108): 237-227-218
(39,109): 247-247-245
(39,110): 250-249-248
(39,111): 250-250-250
(39,112): 249-244-246
(39,113): 235-233-233
(39,114): 198-191-192
(39,115): 156-141-138
(39,116): 97-97-92
(39,117): 121-108-111
(39,118): 173-175-181
(39,119): 215-217-220
(39,120): 242-238-238
(39,121): 250-250-250
(39,122): 250-250-249
(39,123): 250-250-250
(39,124): 250-250-246
(39,125): 250-242-230
(39,126): 218-187-163
(39,127): 187-155-116
(40,0): 110-159-172
(40,1): 185-202-214
(40,2): 226-231-231
(40,3): 209-212-222
(40,4): 208-214-207
(40,5): 175-184-176
(40,6): 77-102-115
(40,7): 46-79-97
(40,8): 74-112-152
(40,9): 67-121-168
(40,10): 92-147-194
(40,11): 93-154-205
(40,12): 98-158-208
(40,13): 97-157-208
(40,14): 97-156-209
(40,15): 99-158-210
(40,16): 99-157-210
(40,17): 98-157-209
(40,18): 97-156-209
(40,19): 97-158-210
(40,20): 98-158-210
(40,21): 98-158-209
(40,22): 99-158-210
(40,23): 101-159-210
(40,24): 100-158-209
(40,25): 100-158-207
(40,26): 98-158-207
(40,27): 97-159-207
(40,28): 96-158-207
(40,29): 96-158-207
(40,30): 96-158-209
(40,31): 91-156-208
(40,32): 97-158-206
(40,33): 80-139-185
(40,34): 71-128-163
(40,35): 57-108-133
(40,36): 13-57-90
(40,37): 29-64-95
(40,38): 57-99-139
(40,39): 73-124-173
(40,40): 89-140-188
(40,41): 94-147-206
(40,42): 95-147-206
(40,43): 95-152-213
(40,44): 94-152-209
(40,45): 98-154-212
(40,46): 102-157-211
(40,47): 102-156-208
(40,48): 109-160-208
(40,49): 125-170-205
(40,50): 154-187-214
(40,51): 198-217-232
(40,52): 217-234-241
(40,53): 235-243-247
(40,54): 243-249-249
(40,55): 249-250-249
(40,56): 249-250-249
(40,57): 250-250-248
(40,58): 250-250-249
(40,59): 250-250-248
(40,60): 250-250-249
(40,61): 250-247-248
(40,62): 237-241-241
(40,63): 233-235-244
(40,64): 185-193-211
(40,65): 181-196-218
(40,66): 158-173-193
(40,67): 168-185-207
(40,68): 133-152-175
(40,69): 164-176-202
(40,70): 176-181-202
(40,71): 219-212-234
(40,72): 206-195-214
(40,73): 211-188-204
(40,74): 231-216-216
(40,75): 223-209-205
(40,76): 231-222-209
(40,77): 223-207-197
(40,78): 224-216-206
(40,79): 215-205-206
(40,80): 197-199-203
(40,81): 182-190-209
(40,82): 143-163-190
(40,83): 115-149-186
(40,84): 94-125-165
(40,85): 76-119-152
(40,86): 54-81-118
(40,87): 48-74-94
(40,88): 54-63-89
(40,89): 62-64-68
(40,90): 29-43-63
(40,91): 22-53-51
(40,92): 24-47-50
(40,93): 65-98-77
(40,94): 41-84-68
(40,95): 84-115-113
(40,96): 85-124-136
(40,97): 80-130-162
(40,98): 63-104-139
(40,99): 57-95-140
(40,100): 45-85-126
(40,101): 41-92-124
(40,102): 41-87-110
(40,103): 82-109-123
(40,104): 76-88-106
(40,105): 70-83-89
(40,106): 102-108-114
(40,107): 210-201-191
(40,108): 240-235-225
(40,109): 247-245-245
(40,110): 250-250-249
(40,111): 250-249-250
(40,112): 247-242-242
(40,113): 232-222-231
(40,114): 202-184-187
(40,115): 159-135-130
(40,116): 106-87-99
(40,117): 143-136-135
(40,118): 197-194-198
(40,119): 221-223-230
(40,120): 244-244-243
(40,121): 249-249-250
(40,122): 250-250-250
(40,123): 249-250-250
(40,124): 250-250-250
(40,125): 250-250-242
(40,126): 241-218-187
(40,127): 226-187-155
(41,0): 172-203-228
(41,1): 203-236-247
(41,2): 240-247-250
(41,3): 229-236-237
(41,4): 215-211-212
(41,5): 196-209-214
(41,6): 136-159-168
(41,7): 67-90-109
(41,8): 60-110-138
(41,9): 72-121-152
(41,10): 89-146-190
(41,11): 94-153-201
(41,12): 98-156-207
(41,13): 98-156-209
(41,14): 98-157-209
(41,15): 99-156-209
(41,16): 99-157-210
(41,17): 99-157-209
(41,18): 97-156-207
(41,19): 97-156-207
(41,20): 97-157-208
(41,21): 98-156-208
(41,22): 98-157-208
(41,23): 100-157-208
(41,24): 99-157-208
(41,25): 100-158-208
(41,26): 99-160-208
(41,27): 97-158-206
(41,28): 96-159-207
(41,29): 96-158-208
(41,30): 96-158-209
(41,31): 95-158-209
(41,32): 97-158-208
(41,33): 86-148-192
(41,34): 71-128-165
(41,35): 56-108-136
(41,36): 33-81-108
(41,37): 33-66-101
(41,38): 38-85-115
(41,39): 62-112-147
(41,40): 76-132-186
(41,41): 88-147-198
(41,42): 92-151-208
(41,43): 96-156-211
(41,44): 93-152-209
(41,45): 94-152-209
(41,46): 92-152-211
(41,47): 96-152-206
(41,48): 103-157-209
(41,49): 118-163-207
(41,50): 139-177-212
(41,51): 177-207-232
(41,52): 209-229-245
(41,53): 229-246-250
(41,54): 239-246-250
(41,55): 246-250-250
(41,56): 247-250-250
(41,57): 250-250-250
(41,58): 250-250-250
(41,59): 250-250-250
(41,60): 250-250-248
(41,61): 245-244-245
(41,62): 228-226-229
(41,63): 220-221-219
(41,64): 217-216-226
(41,65): 211-210-225
(41,66): 197-195-214
(41,67): 192-203-214
(41,68): 174-179-202
(41,69): 193-202-218
(41,70): 184-185-214
(41,71): 198-200-222
(41,72): 174-155-187
(41,73): 197-179-194
(41,74): 218-198-193
(41,75): 204-189-179
(41,76): 227-206-189
(41,77): 202-182-167
(41,78): 209-188-167
(41,79): 175-157-144
(41,80): 165-157-143
(41,81): 128-117-120
(41,82): 97-102-109
(41,83): 87-89-115
(41,84): 64-86-107
(41,85): 72-87-117
(41,86): 58-80-109
(41,87): 93-99-124
(41,88): 124-120-133
(41,89): 137-127-158
(41,90): 111-111-118
(41,91): 63-67-58
(41,92): 48-62-46
(41,93): 80-90-78
(41,94): 89-117-97
(41,95): 80-120-116
(41,96): 67-116-140
(41,97): 72-128-154
(41,98): 56-111-153
(41,99): 62-117-156
(41,100): 40-105-151
(41,101): 43-102-118
(41,102): 61-111-125
(41,103): 69-88-106
(41,104): 44-63-69
(41,105): 86-89-88
(41,106): 146-155-155
(41,107): 217-216-220
(41,108): 238-228-224
(41,109): 247-246-245
(41,110): 250-248-248
(41,111): 245-244-248
(41,112): 234-223-228
(41,113): 215-206-210
(41,114): 173-152-165
(41,115): 147-109-127
(41,116): 125-100-97
(41,117): 177-162-160
(41,118): 218-214-214
(41,119): 230-234-234
(41,120): 245-245-246
(41,121): 250-250-250
(41,122): 250-250-249
(41,123): 250-250-250
(41,124): 250-250-246
(41,125): 250-242-230
(41,126): 218-187-163
(41,127): 187-155-116
(42,0): 137-176-203
(42,1): 181-203-233
(42,2): 235-245-246
(42,3): 241-244-246
(42,4): 218-222-221
(42,5): 197-201-213
(42,6): 165-177-192
(42,7): 76-103-121
(42,8): 49-86-115
(42,9): 85-131-153
(42,10): 93-146-183
(42,11): 94-152-198
(42,12): 101-159-208
(42,13): 97-156-208
(42,14): 100-157-210
(42,15): 99-156-209
(42,16): 100-156-210
(42,17): 99-157-209
(42,18): 97-155-208
(42,19): 98-157-208
(42,20): 97-156-208
(42,21): 98-157-208
(42,22): 98-156-208
(42,23): 99-156-207
(42,24): 99-156-208
(42,25): 99-157-206
(42,26): 97-158-207
(42,27): 96-159-207
(42,28): 96-158-208
(42,29): 94-157-207
(42,30): 95-156-208
(42,31): 92-155-206
(42,32): 96-159-207
(42,33): 89-153-197
(42,34): 77-136-174
(42,35): 70-125-160
(42,36): 57-100-130
(42,37): 27-63-86
(42,38): 14-55-87
(42,39): 72-109-139
(42,40): 92-133-177
(42,41): 94-145-197
(42,42): 103-157-201
(42,43): 99-155-206
(42,44): 100-157-207
(42,45): 96-152-208
(42,46): 99-155-211
(42,47): 98-152-207
(42,48): 106-158-210
(42,49): 112-162-208
(42,50): 129-172-213
(42,51): 148-185-218
(42,52): 187-213-233
(42,53): 220-232-246
(42,54): 228-239-244
(42,55): 238-242-249
(42,56): 237-240-245
(42,57): 241-243-246
(42,58): 232-235-236
(42,59): 235-236-235
(42,60): 237-236-232
(42,61): 234-228-226
(42,62): 231-225-221
(42,63): 221-212-211
(42,64): 232-216-211
(42,65): 208-178-182
(42,66): 220-206-203
(42,67): 208-197-205
(42,68): 211-197-202
(42,69): 225-204-220
(42,70): 184-177-196
(42,71): 177-182-209
(42,72): 151-146-174
(42,73): 141-145-157
(42,74): 113-113-125
(42,75): 111-113-106
(42,76): 130-117-117
(42,77): 111-104-88
(42,78): 128-108-100
(42,79): 104-93-70
(42,80): 117-97-90
(42,81): 99-88-69
(42,82): 112-97-100
(42,83): 109-108-105
(42,84): 120-123-140
(42,85): 145-161-181
(42,86): 162-164-192
(42,87): 186-195-224
(42,88): 184-183-204
(42,89): 169-153-184
(42,90): 185-175-186
(42,91): 142-150-148
(42,92): 94-101-95
(42,93): 86-86-77
(42,94): 83-96-103
(42,95): 76-115-126
(42,96): 64-105-134
(42,97): 76-135-167
(42,98): 89-145-174
(42,99): 89-148-189
(42,100): 80-133-168
(42,101): 71-131-162
(42,102): 51-85-114
(42,103): 53-71-76
(42,104): 64-86-95
(42,105): 167-179-174
(42,106): 229-224-223
(42,107): 232-229-240
(42,108): 237-238-237
(42,109): 250-248-249
(42,110): 249-247-246
(42,111): 238-236-242
(42,112): 229-226-223
(42,113): 210-195-200
(42,114): 140-114-137
(42,115): 101-81-92
(42,116): 137-123-134
(42,117): 218-210-202
(42,118): 232-231-222
(42,119): 237-237-237
(42,120): 248-248-248
(42,121): 250-250-250
(42,122): 250-250-250
(42,123): 250-250-250
(42,124): 250-250-250
(42,125): 250-250-242
(42,126): 241-218-187
(42,127): 226-187-155
(43,0): 171-203-244
(43,1): 203-234-250
(43,2): 246-250-250
(43,3): 249-250-250
(43,4): 233-235-236
(43,5): 204-215-223
(43,6): 177-194-213
(43,7): 113-126-144
(43,8): 65-93-104
(43,9): 84-114-140
(43,10): 93-137-178
(43,11): 95-149-193
(43,12): 103-160-208
(43,13): 100-157-207
(43,14): 102-159-210
(43,15): 102-157-210
(43,16): 99-156-208
(43,17): 99-155-208
(43,18): 98-156-208
(43,19): 99-156-208
(43,20): 99-156-207
(43,21): 100-156-209
(43,22): 99-156-207
(43,23): 100-156-208
(43,24): 100-158-208
(43,25): 100-158-208
(43,26): 99-159-207
(43,27): 97-158-208
(43,28): 96-159-209
(43,29): 95-157-208
(43,30): 94-157-208
(43,31): 94-157-209
(43,32): 92-157-207
(43,33): 85-149-193
(43,34): 79-137-180
(43,35): 78-134-166
(43,36): 65-116-140
(43,37): 37-69-88
(43,38): 22-53-71
(43,39): 59-82-123
(43,40): 68-99-149
(43,41): 86-132-170
(43,42): 94-144-176
(43,43): 93-149-186
(43,44): 96-152-198
(43,45): 93-147-196
(43,46): 94-148-206
(43,47): 92-143-198
(43,48): 98-151-205
(43,49): 101-151-195
(43,50): 110-162-203
(43,51): 117-154-180
(43,52): 151-181-204
(43,53): 186-204-225
(43,54): 203-214-227
(43,55): 214-223-233
(43,56): 203-211-230
(43,57): 215-227-239
(43,58): 201-209-224
(43,59): 209-219-223
(43,60): 207-210-213
(43,61): 213-212-208
(43,62): 227-217-215
(43,63): 221-207-196
(43,64): 249-221-206
(43,65): 222-193-180
(43,66): 235-206-184
(43,67): 184-154-141
(43,68): 181-146-139
(43,69): 180-145-164
(43,70): 121-101-112
(43,71): 108-98-115
(43,72): 79-97-111
(43,73): 94-97-115
(43,74): 80-98-103
(43,75): 106-109-121
(43,76): 120-130-127
(43,77): 138-131-130
(43,78): 161-157-142
(43,79): 164-146-134
(43,80): 194-174-156
(43,81): 187-161-146
(43,82): 219-198-174
(43,83): 206-194-182
(43,84): 215-203-203
(43,85): 209-207-215
(43,86): 199-189-215
(43,87): 224-225-245
(43,88): 220-214-235
(43,89): 207-203-215
(43,90): 217-208-222
(43,91): 215-216-218
(43,92): 201-197-182
(43,93): 156-157-162
(43,94): 105-120-133
(43,95): 94-116-137
(43,96): 52-96-121
(43,97): 71-116-133
(43,98): 74-134-139
(43,99): 70-114-136
(43,100): 51-97-122
(43,101): 70-98-127
(43,102): 47-78-100
(43,103): 101-113-121
(43,104): 167-180-171
(43,105): 225-236-242
(43,106): 235-231-239
(43,107): 234-237-236
(43,108): 241-242-243
(43,109): 244-244-244
(43,110): 237-234-235
(43,111): 224-230-230
(43,112): 208-202-212
(43,113): 162-141-158
(43,114): 82-73-80
(43,115): 104-81-81
(43,116): 170-173-177
(43,117): 227-228-231
(43,118): 238-229-226
(43,119): 243-242-242
(43,120): 250-249-249
(43,121): 250-250-250
(43,122): 250-250-249
(43,123): 250-250-250
(43,124): 250-250-246
(43,125): 250-242-230
(43,126): 218-187-163
(43,127): 187-155-116
(44,0): 130-171-203
(44,1): 181-203-234
(44,2): 236-245-250
(44,3): 247-250-250
(44,4): 240-242-244
(44,5): 207-213-226
(44,6): 189-197-208
(44,7): 147-153-160
(44,8): 73-89-116
(44,9): 91-117-139
(44,10): 105-143-179
(44,11): 96-147-192
(44,12): 104-158-204
(44,13): 102-158-207
(44,14): 103-158-209
(44,15): 102-158-209
(44,16): 102-157-210
(44,17): 100-158-210
(44,18): 100-157-210
(44,19): 99-157-209
(44,20): 100-157-210
(44,21): 100-158-210
(44,22): 101-158-210
(44,23): 101-158-209
(44,24): 100-158-209
(44,25): 99-158-208
(44,26): 97-158-208
(44,27): 95-158-208
(44,28): 95-158-209
(44,29): 93-157-208
(44,30): 93-156-208
(44,31): 93-157-208
(44,32): 94-158-208
(44,33): 91-156-205
(44,34): 94-150-192
(44,35): 81-132-166
(44,36): 59-105-132
(44,37): 64-96-112
(44,38): 21-46-80
(44,39): 39-58-90
(44,40): 75-97-134
(44,41): 89-124-152
(44,42): 80-129-147
(44,43): 84-134-162
(44,44): 94-138-172
(44,45): 89-132-178
(44,46): 94-136-184
(44,47): 72-116-170
(44,48): 85-128-182
(44,49): 88-135-183
(44,50): 119-154-187
(44,51): 114-147-176
(44,52): 133-156-177
(44,53): 145-156-178
(44,54): 176-180-198
(44,55): 211-206-229
(44,56): 190-194-217
(44,57): 191-211-239
(44,58): 163-180-208
(44,59): 170-197-216
(44,60): 143-159-178
(44,61): 156-171-178
(44,62): 161-156-165
(44,63): 148-143-134
(44,64): 162-142-132
(44,65): 145-121-91
(44,66): 158-126-108
(44,67): 131-101-73
(44,68): 150-110-105
(44,69): 141-112-101
(44,70): 146-119-129
(44,71): 136-138-140
(44,72): 131-137-151
(44,73): 151-170-182
(44,74): 154-173-190
(44,75): 165-195-212
(44,76): 173-194-204
(44,77): 194-204-213
(44,78): 201-206-206
(44,79): 208-202-203
(44,80): 222-208-202
(44,81): 205-181-170
(44,82): 217-209-190
(44,83): 236-222-206
(44,84): 246-237-228
(44,85): 243-236-239
(44,86): 240-232-239
(44,87): 244-234-245
(44,88): 245-241-246
(44,89): 239-237-238
(44,90): 225-224-224
(44,91): 229-214-215
(44,92): 227-228-223
(44,93): 217-221-231
(44,94): 190-203-218
(44,95): 181-207-229
(44,96): 160-185-201
(44,97): 145-180-182
(44,98): 104-143-145
(44,99): 117-142-137
(44,100): 116-137-153
(44,101): 141-161-170
(44,102): 153-171-185
(44,103): 201-222-229
(44,104): 233-240-235
(44,105): 243-234-238
(44,106): 236-239-236
(44,107): 244-244-243
(44,108): 248-245-244
(44,109): 242-236-237
(44,110): 231-232-225
(44,111): 219-213-219
(44,112): 171-153-171
(44,113): 101-89-98
(44,114): 70-67-90
(44,115): 172-169-165
(44,116): 230-221-220
(44,117): 233-227-237
(44,118): 239-237-237
(44,119): 248-248-247
(44,120): 250-250-250
(44,121): 250-250-250
(44,122): 250-250-250
(44,123): 250-250-250
(44,124): 250-250-250
(44,125): 250-250-242
(44,126): 241-218-187
(44,127): 226-187-155
(45,0): 171-203-244
(45,1): 203-234-250
(45,2): 244-250-250
(45,3): 250-250-250
(45,4): 247-248-250
(45,5): 222-225-233
(45,6): 202-198-208
(45,7): 169-165-189
(45,8): 98-105-135
(45,9): 96-112-145
(45,10): 105-141-170
(45,11): 100-142-180
(45,12): 108-157-205
(45,13): 108-161-209
(45,14): 106-160-208
(45,15): 105-161-210
(45,16): 103-160-209
(45,17): 103-160-211
(45,18): 100-159-210
(45,19): 101-159-210
(45,20): 101-159-210
(45,21): 102-159-210
(45,22): 102-160-211
(45,23): 104-162-213
(45,24): 101-159-209
(45,25): 99-158-208
(45,26): 96-158-207
(45,27): 95-157-207
(45,28): 94-158-208
(45,29): 93-156-207
(45,30): 91-156-208
(45,31): 92-155-207
(45,32): 93-156-208
(45,33): 94-157-206
(45,34): 94-151-196
(45,35): 82-131-171
(45,36): 71-103-137
(45,37): 78-106-144
(45,38): 35-58-92
(45,39): 32-46-78
(45,40): 48-73-99
(45,41): 72-101-120
(45,42): 79-114-121
(45,43): 70-112-121
(45,44): 69-106-131
(45,45): 79-111-143
(45,46): 81-117-151
(45,47): 67-98-142
(45,48): 75-114-164
(45,49): 88-123-149
(45,50): 115-141-151
(45,51): 119-131-142
(45,52): 136-146-138
(45,53): 118-108-111
(45,54): 142-131-132
(45,55): 167-148-176
(45,56): 123-120-136
(45,57): 119-123-151
(45,58): 74-102-128
(45,59): 106-124-153
(45,60): 85-115-132
(45,61): 126-138-159
(45,62): 124-139-146
(45,63): 153-149-155
(45,64): 172-169-156
(45,65): 179-158-146
(45,66): 212-187-162
(45,67): 210-178-165
(45,68): 225-199-179
(45,69): 201-177-158
(45,70): 219-206-198
(45,71): 212-205-199
(45,72): 209-206-207
(45,73): 203-215-218
(45,74): 190-212-225
(45,75): 188-214-215
(45,76): 197-219-231
(45,77): 219-233-239
(45,78): 226-229-236
(45,79): 235-236-237
(45,80): 246-239-239
(45,81): 243-235-230
(45,82): 250-245-234
(45,83): 247-243-235
(45,84): 245-241-242
(45,85): 249-249-248
(45,86): 250-250-250
(45,87): 250-248-250
(45,88): 249-246-250
(45,89): 249-250-250
(45,90): 246-244-243
(45,91): 238-235-239
(45,92): 226-228-235
(45,93): 223-232-240
(45,94): 206-217-234
(45,95): 213-230-237
(45,96): 210-221-229
(45,97): 208-221-220
(45,98): 206-207-198
(45,99): 202-207-203
(45,100): 209-211-211
(45,101): 212-221-221
(45,102): 220-227-234
(45,103): 233-250-250
(45,104): 231-235-246
(45,105): 238-242-243
(45,106): 243-243-240
(45,107): 242-243-243
(45,108): 240-234-239
(45,109): 234-237-238
(45,110): 225-214-216
(45,111): 171-143-156
(45,112): 94-83-92
(45,113): 88-57-61
(45,114): 138-133-139
(45,115): 218-215-230
(45,116): 236-224-230
(45,117): 234-233-233
(45,118): 243-244-244
(45,119): 249-250-250
(45,120): 250-250-250
(45,121): 250-250-250
(45,122): 250-250-250
(45,123): 250-250-250
(45,124): 250-250-246
(45,125): 250-242-230
(45,126): 218-187-163
(45,127): 187-155-116
(46,0): 130-171-203
(46,1): 181-203-234
(46,2): 235-244-250
(46,3): 246-250-250
(46,4): 248-249-250
(46,5): 232-231-237
(46,6): 203-203-215
(46,7): 193-185-212
(46,8): 152-147-186
(46,9): 95-120-151
(46,10): 83-120-149
(46,11): 99-133-167
(46,12): 116-156-200
(46,13): 110-162-210
(46,14): 111-166-212
(46,15): 110-168-214
(46,16): 105-164-212
(46,17): 108-166-214
(46,18): 105-164-214
(46,19): 105-164-214
(46,20): 104-163-213
(46,21): 104-161-211
(46,22): 102-161-211
(46,23): 104-163-212
(46,24): 100-159-210
(46,25): 98-159-209
(46,26): 95-157-208
(46,27): 94-158-208
(46,28): 93-157-208
(46,29): 93-157-208
(46,30): 93-156-209
(46,31): 92-156-209
(46,32): 94-156-209
(46,33): 94-156-207
(46,34): 94-153-200
(46,35): 93-146-194
(46,36): 90-132-175
(46,37): 89-123-170
(46,38): 57-79-125
(46,39): 27-54-83
(46,40): 8-34-61
(46,41): 37-56-63
(46,42): 41-69-81
(46,43): 58-102-110
(46,44): 40-70-94
(46,45): 48-79-99
(46,46): 33-63-106
(46,47): 48-85-124
(46,48): 89-110-153
(46,49): 83-127-145
(46,50): 76-97-108
(46,51): 86-91-77
(46,52): 108-105-100
(46,53): 112-106-90
(46,54): 142-122-125
(46,55): 152-131-134
(46,56): 150-135-157
(46,57): 164-175-193
(46,58): 152-165-192
(46,59): 176-204-230
(46,60): 170-191-216
(46,61): 195-219-240
(46,62): 184-201-216
(46,63): 206-215-224
(46,64): 206-211-213
(46,65): 214-210-209
(46,66): 225-217-209
(46,67): 230-210-202
(46,68): 237-226-213
(46,69): 228-216-207
(46,70): 237-230-220
(46,71): 237-226-221
(46,72): 239-238-233
(46,73): 234-238-239
(46,74): 230-242-242
(46,75): 229-244-247
(46,76): 233-245-247
(46,77): 242-248-250
(46,78): 246-248-249
(46,79): 247-242-242
(46,80): 248-248-243
(46,81): 250-250-245
(46,82): 250-250-249
(46,83): 250-246-244
(46,84): 249-247-245
(46,85): 250-250-248
(46,86): 250-250-250
(46,87): 250-250-249
(46,88): 249-249-249
(46,89): 250-250-249
(46,90): 250-250-250
(46,91): 250-250-250
(46,92): 246-247-250
(46,93): 244-247-250
(46,94): 240-242-245
(46,95): 237-240-238
(46,96): 230-235-230
(46,97): 233-230-225
(46,98): 242-240-232
(46,99): 239-234-229
(46,100): 240-242-233
(46,101): 242-239-234
(46,102): 246-249-242
(46,103): 241-243-245
(46,104): 238-242-243
(46,105): 235-240-240
(46,106): 233-237-232
(46,107): 232-225-224
(46,108): 234-232-223
(46,109): 210-206-213
(46,110): 181-149-171
(46,111): 133-86-94
(46,112): 86-64-90
(46,113): 152-141-146
(46,114): 234-210-217
(46,115): 237-228-242
(46,116): 233-233-234
(46,117): 243-243-243
(46,118): 249-249-249
(46,119): 250-250-250
(46,120): 249-250-250
(46,121): 250-250-250
(46,122): 250-250-250
(46,123): 250-250-250
(46,124): 250-250-250
(46,125): 250-250-242
(46,126): 241-218-187
(46,127): 226-187-155
(47,0): 171-203-244
(47,1): 203-234-250
(47,2): 244-250-250
(47,3): 250-250-250
(47,4): 250-249-250
(47,5): 240-238-245
(47,6): 220-212-220
(47,7): 201-200-224
(47,8): 136-147-184
(47,9): 94-103-125
(47,10): 101-133-144
(47,11): 114-147-178
(47,12): 113-150-194
(47,13): 109-158-201
(47,14): 111-166-212
(47,15): 110-168-214
(47,16): 107-166-214
(47,17): 107-166-215
(47,18): 105-164-214
(47,19): 105-164-213
(47,20): 105-164-212
(47,21): 104-162-213
(47,22): 100-159-209
(47,23): 99-158-209
(47,24): 96-157-208
(47,25): 96-157-208
(47,26): 94-157-206
(47,27): 93-156-206
(47,28): 93-158-207
(47,29): 93-157-208
(47,30): 92-156-208
(47,31): 93-155-209
(47,32): 93-155-208
(47,33): 94-154-206
(47,34): 95-151-201
(47,35): 94-150-201
(47,36): 83-133-182
(47,37): 71-115-164
(47,38): 36-72-125
(47,39): 35-62-99
(47,40): 17-41-49
(47,41): 24-34-58
(47,42): 17-40-53
(47,43): 49-69-84
(47,44): 32-60-77
(47,45): 63-79-110
(47,46): 54-81-110
(47,47): 85-110-152
(47,48): 82-111-143
(47,49): 110-131-149
(47,50): 125-139-139
(47,51): 155-151-148
(47,52): 201-188-168
(47,53): 207-191-183
(47,54): 228-207-193
(47,55): 206-184-179
(47,56): 199-183-191
(47,57): 213-207-216
(47,58): 206-207-218
(47,59): 211-224-234
(47,60): 201-213-230
(47,61): 215-230-240
(47,62): 211-221-232
(47,63): 226-235-241
(47,64): 227-230-235
(47,65): 234-237-237
(47,66): 239-238-238
(47,67): 241-238-234
(47,68): 248-245-243
(47,69): 247-245-242
(47,70): 250-248-246
(47,71): 248-248-245
(47,72): 246-249-250
(47,73): 243-249-247
(47,74): 246-250-250
(47,75): 250-250-250
(47,76): 247-250-250
(47,77): 246-250-250
(47,78): 247-250-250
(47,79): 250-250-250
(47,80): 250-250-248
(47,81): 250-250-249
(47,82): 250-250-250
(47,83): 250-249-249
(47,84): 249-250-249
(47,85): 250-250-248
(47,86): 250-250-250
(47,87): 250-250-249
(47,88): 249-250-250
(47,89): 250-250-249
(47,90): 249-250-250
(47,91): 250-250-250
(47,92): 249-250-250
(47,93): 250-250-250
(47,94): 248-249-250
(47,95): 250-250-250
(47,96): 250-250-249
(47,97): 249-250-249
(47,98): 250-249-250
(47,99): 249-250-250
(47,100): 250-250-250
(47,101): 244-249-246
(47,102): 242-245-244
(47,103): 232-242-242
(47,104): 221-230-236
(47,105): 217-234-232
(47,106): 218-224-228
(47,107): 210-216-212
(47,108): 208-199-180
(47,109): 157-125-135
(47,110): 147-103-134
(47,111): 179-117-149
(47,112): 207-161-165
(47,113): 232-213-227
(47,114): 245-230-242
(47,115): 233-232-230
(47,116): 239-239-241
(47,117): 248-248-249
(47,118): 250-250-250
(47,119): 250-250-250
(47,120): 250-250-250
(47,121): 250-250-250
(47,122): 250-250-250
(47,123): 250-250-250
(47,124): 250-250-246
(47,125): 250-242-230
(47,126): 218-187-163
(47,127): 187-155-116
(48,0): 130-171-203
(48,1): 181-203-234
(48,2): 235-244-250
(48,3): 246-250-250
(48,4): 249-249-250
(48,5): 247-244-250
(48,6): 235-232-238
(48,7): 215-217-232
(48,8): 173-176-196
(48,9): 108-115-133
(48,10): 76-95-123
(48,11): 105-137-154
(48,12): 115-156-187
(48,13): 107-155-198
(48,14): 112-164-208
(48,15): 111-168-215
(48,16): 108-166-214
(48,17): 103-163-212
(48,18): 101-161-211
(48,19): 100-161-209
(48,20): 98-159-208
(48,21): 99-160-208
(48,22): 98-158-209
(48,23): 96-157-208
(48,24): 96-157-209
(48,25): 94-157-207
(48,26): 93-156-207
(48,27): 92-157-206
(48,28): 92-156-207
(48,29): 92-157-208
(48,30): 92-156-209
(48,31): 93-156-209
(48,32): 94-155-210
(48,33): 94-155-209
(48,34): 97-155-208
(48,35): 98-154-208
(48,36): 90-144-196
(48,37): 81-134-189
(48,38): 74-121-165
(48,39): 55-102-131
(48,40): 4-45-74
(48,41): 31-49-65
(48,42): 55-64-90
(48,43): 126-128-150
(48,44): 109-119-149
(48,45): 163-175-207
(48,46): 157-183-209
(48,47): 172-208-234
(48,48): 151-185-206
(48,49): 184-204-219
(48,50): 194-206-212
(48,51): 211-213-214
(48,52): 222-221-211
(48,53): 230-212-204
(48,54): 235-227-217
(48,55): 236-223-220
(48,56): 239-228-229
(48,57): 241-233-236
(48,58): 237-236-238
(48,59): 240-242-246
(48,60): 236-241-245
(48,61): 242-247-250
(48,62): 241-245-248
(48,63): 247-249-250
(48,64): 246-249-249
(48,65): 250-250-250
(48,66): 250-250-250
(48,67): 250-250-249
(48,68): 250-250-250
(48,69): 250-250-248
(48,70): 250-250-250
(48,71): 250-250-248
(48,72): 250-250-250
(48,73): 248-250-249
(48,74): 249-250-250
(48,75): 250-250-249
(48,76): 249-250-250
(48,77): 248-250-249
(48,78): 249-250-250
(48,79): 250-250-249
(48,80): 250-250-250
(48,81): 250-250-250
(48,82): 250-250-250
(48,83): 250-250-249
(48,84): 250-250-250
(48,85): 250-250-250
(48,86): 250-250-250
(48,87): 250-250-250
(48,88): 250-250-250
(48,89): 250-250-250
(48,90): 249-250-250
(48,91): 250-250-250
(48,92): 248-248-249
(48,93): 249-248-250
(48,94): 245-245-247
(48,95): 245-244-247
(48,96): 241-241-242
(48,97): 241-239-241
(48,98): 239-239-238
(48,99): 237-235-235
(48,100): 233-233-230
(48,101): 227-224-220
(48,102): 223-232-222
(48,103): 213-220-215
(48,104): 202-222-216
(48,105): 178-208-215
(48,106): 166-178-188
(48,107): 131-156-150
(48,108): 100-109-117
(48,109): 102-83-94
(48,110): 173-131-167
(48,111): 195-159-189
(48,112): 250-219-231
(48,113): 250-229-241
(48,114): 238-234-234
(48,115): 241-240-240
(48,116): 249-247-248
(48,117): 250-250-250
(48,118): 250-250-250
(48,119): 250-250-250
(48,120): 250-250-250
(48,121): 250-250-250
(48,122): 250-250-250
(48,123): 250-250-250
(48,124): 250-250-250
(48,125): 250-250-242
(48,126): 241-218-187
(48,127): 226-187-155
(49,0): 171-203-244
(49,1): 203-234-250
(49,2): 244-250-250
(49,3): 250-250-250
(49,4): 250-249-249
(49,5): 248-248-250
(49,6): 231-232-240
(49,7): 218-225-227
(49,8): 214-218-221
(49,9): 166-167-185
(49,10): 88-96-114
(49,11): 79-96-121
(49,12): 102-148-178
(49,13): 106-157-191
(49,14): 106-157-201
(49,15): 105-161-209
(49,16): 101-159-209
(49,17): 98-158-208
(49,18): 96-158-207
(49,19): 96-157-206
(49,20): 95-158-206
(49,21): 95-156-206
(49,22): 95-157-208
(49,23): 96-156-208
(49,24): 94-157-208
(49,25): 93-156-206
(49,26): 93-158-207
(49,27): 93-157-207
(49,28): 92-157-207
(49,29): 92-156-207
(49,30): 92-157-209
(49,31): 93-156-209
(49,32): 93-155-210
(49,33): 95-155-211
(49,34): 96-155-209
(49,35): 94-152-207
(49,36): 84-142-198
(49,37): 79-140-189
(49,38): 71-133-179
(49,39): 49-103-136
(49,40): 29-72-104
(49,41): 34-43-72
(49,42): 60-58-80
(49,43): 140-120-158
(49,44): 146-121-160
(49,45): 196-201-234
(49,46): 189-203-227
(49,47): 188-218-227
(49,48): 196-219-233
(49,49): 221-239-248
(49,50): 225-232-241
(49,51): 235-242-243
(49,52): 241-240-239
(49,53): 243-239-238
(49,54): 246-240-240
(49,55): 248-246-244
(49,56): 250-249-250
(49,57): 249-249-248
(49,58): 247-246-249
(49,59): 249-250-250
(49,60): 249-250-250
(49,61): 250-250-250
(49,62): 248-250-250
(49,63): 250-250-250
(49,64): 248-250-250
(49,65): 250-250-250
(49,66): 249-250-250
(49,67): 250-250-250
(49,68): 249-250-250
(49,69): 250-250-250
(49,70): 249-250-250
(49,71): 250-250-250
(49,72): 249-250-250
(49,73): 250-250-250
(49,74): 250-250-250
(49,75): 250-250-250
(49,76): 250-250-250
(49,77): 250-250-250
(49,78): 250-250-250
(49,79): 250-250-250
(49,80): 250-250-250
(49,81): 250-250-250
(49,82): 250-250-250
(49,83): 250-250-250
(49,84): 250-250-250
(49,85): 250-250-250
(49,86): 250-250-250
(49,87): 250-250-250
(49,88): 250-250-250
(49,89): 250-250-250
(49,90): 250-250-249
(49,91): 249-249-249
(49,92): 244-244-244
(49,93): 242-243-246
(49,94): 227-229-239
(49,95): 226-232-242
(49,96): 207-214-233
(49,97): 212-223-236
(49,98): 198-205-218
(49,99): 205-213-221
(49,100): 201-206-218
(49,101): 206-218-216
(49,102): 204-214-205
(49,103): 173-183-175
(49,104): 159-184-164
(49,105): 118-134-128
(49,106): 78-114-124
(49,107): 102-115-112
(49,108): 154-171-166
(49,109): 186-176-189
(49,110): 232-221-232
(49,111): 235-222-234
(49,112): 246-235-250
(49,113): 246-239-243
(49,114): 248-243-243
(49,115): 249-247-248
(49,116): 250-250-250
(49,117): 250-250-250
(49,118): 250-250-250
(49,119): 250-250-250
(49,120): 250-250-250
(49,121): 250-250-250
(49,122): 250-250-250
(49,123): 250-250-250
(49,124): 250-250-246
(49,125): 250-242-230
(49,126): 218-187-163
(49,127): 187-155-116
(50,0): 130-171-203
(50,1): 181-203-234
(50,2): 235-244-250
(50,3): 247-250-250
(50,4): 250-250-250
(50,5): 250-250-250
(50,6): 243-242-245
(50,7): 224-225-228
(50,8): 214-222-217
(50,9): 205-208-208
(50,10): 124-135-157
(50,11): 63-86-113
(50,12): 78-108-144
(50,13): 104-148-181
(50,14): 104-155-194
(50,15): 96-154-202
(50,16): 99-158-208
(50,17): 96-158-209
(50,18): 94-156-207
(50,19): 94-158-207
(50,20): 94-157-207
(50,21): 94-157-208
(50,22): 94-156-208
(50,23): 94-155-206
(50,24): 93-155-207
(50,25): 92-156-206
(50,26): 92-157-207
(50,27): 92-157-207
(50,28): 92-156-208
(50,29): 92-157-208
(50,30): 91-156-209
(50,31): 92-157-210
(50,32): 93-156-211
(50,33): 93-155-210
(50,34): 94-154-210
(50,35): 92-152-208
(50,36): 93-153-206
(50,37): 84-146-196
(50,38): 74-136-179
(50,39): 66-118-163
(50,40): 76-106-146
(50,41): 60-72-102
(50,42): 55-46-92
(50,43): 152-117-151
(50,44): 212-186-216
(50,45): 232-226-250
(50,46): 226-235-244
(50,47): 230-245-250
(50,48): 235-246-249
(50,49): 244-249-250
(50,50): 244-249-249
(50,51): 250-250-250
(50,52): 250-250-250
(50,53): 250-250-250
(50,54): 250-250-250
(50,55): 250-250-249
(50,56): 250-250-250
(50,57): 250-250-249
(50,58): 250-250-250
(50,59): 250-250-250
(50,60): 250-250-250
(50,61): 250-250-249
(50,62): 250-250-250
(50,63): 250-250-249
(50,64): 250-250-250
(50,65): 250-250-250
(50,66): 250-250-250
(50,67): 250-250-250
(50,68): 250-250-250
(50,69): 250-250-250
(50,70): 250-250-250
(50,71): 250-250-250
(50,72): 250-250-250
(50,73): 250-250-250
(50,74): 250-250-250
(50,75): 250-250-250
(50,76): 250-250-250
(50,77): 250-250-250
(50,78): 250-250-250
(50,79): 250-250-250
(50,80): 250-250-250
(50,81): 250-250-250
(50,82): 250-250-250
(50,83): 250-250-250
(50,84): 250-250-250
(50,85): 250-250-250
(50,86): 250-250-250
(50,87): 250-250-250
(50,88): 250-250-250
(50,89): 250-250-250
(50,90): 250-250-250
(50,91): 250-250-250
(50,92): 242-244-245
(50,93): 244-242-249
(50,94): 217-219-232
(50,95): 214-219-241
(50,96): 176-186-215
(50,97): 173-197-222
(50,98): 139-161-189
(50,99): 159-181-206
(50,100): 151-166-189
(50,101): 149-176-187
(50,102): 124-135-146
(50,103): 104-116-105
(50,104): 105-123-118
(50,105): 127-146-131
(50,106): 139-154-162
(50,107): 160-187-197
(50,108): 218-224-230
(50,109): 226-224-230
(50,110): 232-236-233
(50,111): 245-234-233
(50,112): 247-242-245
(50,113): 247-242-245
(50,114): 250-248-249
(50,115): 250-249-250
(50,116): 250-250-250
(50,117): 249-250-250
(50,118): 250-250-250
(50,119): 250-250-250
(50,120): 250-250-250
(50,121): 250-250-250
(50,122): 250-250-250
(50,123): 250-250-250
(50,124): 250-250-250
(50,125): 250-250-242
(50,126): 241-218-187
(50,127): 226-187-155
(51,0): 171-203-244
(51,1): 203-234-250
(51,2): 244-250-250
(51,3): 250-250-250
(51,4): 249-250-250
(51,5): 250-250-250
(51,6): 250-250-250
(51,7): 239-239-241
(51,8): 223-219-219
(51,9): 208-220-225
(51,10): 167-186-199
(51,11): 96-106-123
(51,12): 59-86-107
(51,13): 87-119-153
(51,14): 95-142-182
(51,15): 89-147-190
(51,16): 92-154-203
(51,17): 94-156-205
(51,18): 92-155-204
(51,19): 93-155-205
(51,20): 93-156-206
(51,21): 94-156-207
(51,22): 93-155-207
(51,23): 94-155-207
(51,24): 94-157-207
(51,25): 93-156-207
(51,26): 93-158-207
(51,27): 92-156-207
(51,28): 91-156-208
(51,29): 92-156-209
(51,30): 91-156-208
(51,31): 91-155-209
(51,32): 91-155-210
(51,33): 92-154-210
(51,34): 92-155-210
(51,35): 93-155-210
(51,36): 93-156-211
(51,37): 85-147-195
(51,38): 87-140-189
(51,39): 72-117-165
(51,40): 85-115-167
(51,41): 75-74-128
(51,42): 81-67-119
(51,43): 165-137-178
(51,44): 219-204-234
(51,45): 233-232-248
(51,46): 246-242-250
(51,47): 250-250-250
(51,48): 248-250-250
(51,49): 246-250-250
(51,50): 247-250-250
(51,51): 250-250-250
(51,52): 249-250-250
(51,53): 250-250-250
(51,54): 249-250-250
(51,55): 250-250-250
(51,56): 249-250-250
(51,57): 250-250-250
(51,58): 249-250-250
(51,59): 250-250-250
(51,60): 250-250-250
(51,61): 250-250-250
(51,62): 250-250-250
(51,63): 250-250-250
(51,64): 250-250-250
(51,65): 250-250-250
(51,66): 250-250-250
(51,67): 250-250-250
(51,68): 250-250-250
(51,69): 250-250-250
(51,70): 250-250-250
(51,71): 250-250-250
(51,72): 250-250-250
(51,73): 250-250-250
(51,74): 250-250-250
(51,75): 250-250-250
(51,76): 250-250-250
(51,77): 250-250-250
(51,78): 250-250-250
(51,79): 250-250-250
(51,80): 250-250-250
(51,81): 250-250-250
(51,82): 250-250-250
(51,83): 250-250-250
(51,84): 250-250-250
(51,85): 250-250-250
(51,86): 250-250-250
(51,87): 250-250-250
(51,88): 250-250-250
(51,89): 250-250-250
(51,90): 250-250-249
(51,91): 249-250-250
(51,92): 241-239-238
(51,93): 225-226-236
(51,94): 174-175-188
(51,95): 156-166-202
(51,96): 79-99-134
(51,97): 87-99-133
(51,98): 60-92-114
(51,99): 98-116-149
(51,100): 69-101-121
(51,101): 98-112-133
(51,102): 90-112-119
(51,103): 136-138-142
(51,104): 180-186-168
(51,105): 206-212-205
(51,106): 232-234-225
(51,107): 226-237-238
(51,108): 229-232-246
(51,109): 235-241-245
(51,110): 242-245-246
(51,111): 244-245-245
(51,112): 248-248-250
(51,113): 250-248-250
(51,114): 250-250-250
(51,115): 250-249-249
(51,116): 250-250-250
(51,117): 250-250-250
(51,118): 250-250-250
(51,119): 250-250-250
(51,120): 250-250-250
(51,121): 250-250-250
(51,122): 250-250-250
(51,123): 250-250-250
(51,124): 250-250-246
(51,125): 250-242-230
(51,126): 218-187-163
(51,127): 187-155-116
(52,0): 130-171-203
(52,1): 181-203-234
(52,2): 235-244-250
(52,3): 247-250-250
(52,4): 250-250-250
(52,5): 249-250-250
(52,6): 250-250-250
(52,7): 248-248-248
(52,8): 230-231-233
(52,9): 209-212-225
(52,10): 199-204-210
(52,11): 140-150-158
(52,12): 59-82-109
(52,13): 73-106-127
(52,14): 92-137-173
(52,15): 87-146-191
(52,16): 97-155-199
(52,17): 95-157-205
(52,18): 94-157-206
(52,19): 93-157-207
(52,20): 93-156-207
(52,21): 93-156-207
(52,22): 93-155-208
(52,23): 92-155-206
(52,24): 92-155-207
(52,25): 91-155-205
(52,26): 91-156-207
(52,27): 91-156-207
(52,28): 92-156-209
(52,29): 92-157-209
(52,30): 91-155-209
(52,31): 91-156-210
(52,32): 91-155-210
(52,33): 90-154-209
(52,34): 93-156-210
(52,35): 92-155-209
(52,36): 96-156-207
(52,37): 82-144-199
(52,38): 85-133-183
(52,39): 52-86-143
(52,40): 63-77-139
(52,41): 64-67-132
(52,42): 136-108-174
(52,43): 182-159-207
(52,44): 215-204-226
(52,45): 227-220-238
(52,46): 249-243-249
(52,47): 249-248-250
(52,48): 248-249-249
(52,49): 248-250-249
(52,50): 249-250-250
(52,51): 250-250-250
(52,52): 250-250-250
(52,53): 250-250-250
(52,54): 250-250-250
(52,55): 250-250-250
(52,56): 250-250-250
(52,57): 250-250-250
(52,58): 250-250-250
(52,59): 250-250-250
(52,60): 250-250-250
(52,61): 250-250-250
(52,62): 250-250-250
(52,63): 250-250-250
(52,64): 250-250-250
(52,65): 250-250-250
(52,66): 250-250-250
(52,67): 250-250-250
(52,68): 250-250-250
(52,69): 250-250-250
(52,70): 250-250-250
(52,71): 250-250-250
(52,72): 250-250-250
(52,73): 250-250-250
(52,74): 250-250-250
(52,75): 250-250-250
(52,76): 250-250-250
(52,77): 250-250-250
(52,78): 250-250-250
(52,79): 250-250-250
(52,80): 250-250-250
(52,81): 250-250-250
(52,82): 250-250-250
(52,83): 250-250-250
(52,84): 250-250-250
(52,85): 250-250-250
(52,86): 250-250-250
(52,87): 250-250-250
(52,88): 250-250-250
(52,89): 250-250-250
(52,90): 250-250-250
(52,91): 250-250-250
(52,92): 238-239-240
(52,93): 225-225-234
(52,94): 158-175-193
(52,95): 137-168-187
(52,96): 112-128-163
(52,97): 129-146-177
(52,98): 125-145-175
(52,99): 162-188-210
(52,100): 142-165-190
(52,101): 169-192-211
(52,102): 174-191-206
(52,103): 211-224-230
(52,104): 223-231-227
(52,105): 233-230-229
(52,106): 241-245-236
(52,107): 242-241-237
(52,108): 241-243-243
(52,109): 246-247-246
(52,110): 248-250-249
(52,111): 249-250-249
(52,112): 248-249-249
(52,113): 250-250-249
(52,114): 250-250-250
(52,115): 250-250-249
(52,116): 250-250-250
(52,117): 250-250-250
(52,118): 250-250-250
(52,119): 250-250-250
(52,120): 250-250-250
(52,121): 250-250-250
(52,122): 250-250-250
(52,123): 250-250-250
(52,124): 250-250-250
(52,125): 250-250-242
(52,126): 241-218-187
(52,127): 226-187-155
(53,0): 171-203-244
(53,1): 203-234-250
(53,2): 244-250-250
(53,3): 250-250-250
(53,4): 250-250-250
(53,5): 250-250-250
(53,6): 250-250-249
(53,7): 250-250-250
(53,8): 241-243-245
(53,9): 220-223-226
(53,10): 208-206-212
(53,11): 178-184-196
(53,12): 98-112-120
(53,13): 65-84-106
(53,14): 74-124-157
(53,15): 85-137-169
(53,16): 90-146-184
(53,17): 93-153-197
(53,18): 94-156-205
(53,19): 93-156-206
(53,20): 92-156-206
(53,21): 93-156-207
(53,22): 92-156-208
(53,23): 93-155-208
(53,24): 94-157-209
(53,25): 93-156-208
(53,26): 93-157-208
(53,27): 92-156-208
(53,28): 91-156-208
(53,29): 91-155-208
(53,30): 90-155-208
(53,31): 91-155-208
(53,32): 89-154-208
(53,33): 89-154-206
(53,34): 91-156-208
(53,35): 90-154-203
(53,36): 91-150-199
(53,37): 85-143-187
(53,38): 91-137-187
(53,39): 61-83-132
(53,40): 48-63-101
(53,41): 77-61-110
(53,42): 132-126-182
(53,43): 204-194-231
(53,44): 237-222-236
(53,45): 243-238-249
(53,46): 250-248-250
(53,47): 250-250-250
(53,48): 250-250-250
(53,49): 250-250-250
(53,50): 250-250-250
(53,51): 250-250-250
(53,52): 250-250-250
(53,53): 250-250-250
(53,54): 250-250-250
(53,55): 250-250-250
(53,56): 250-250-250
(53,57): 250-250-250
(53,58): 250-250-250
(53,59): 250-250-250
(53,60): 250-250-250
(53,61): 250-250-250
(53,62): 250-250-250
(53,63): 250-250-250
(53,64): 250-250-250
(53,65): 250-250-250
(53,66): 250-250-250
(53,67): 250-250-250
(53,68): 250-250-250
(53,69): 250-250-250
(53,70): 250-250-250
(53,71): 250-250-250
(53,72): 250-250-250
(53,73): 250-250-250
(53,74): 250-250-250
(53,75): 250-250-250
(53,76): 250-250-250
(53,77): 250-250-250
(53,78): 250-250-250
(53,79): 250-250-250
(53,80): 250-250-250
(53,81): 250-250-250
(53,82): 250-250-250
(53,83): 250-250-250
(53,84): 250-250-250
(53,85): 250-250-250
(53,86): 250-250-250
(53,87): 250-250-250
(53,88): 250-250-250
(53,89): 250-250-250
(53,90): 250-250-248
(53,91): 249-249-250
(53,92): 231-228-229
(53,93): 204-212-222
(53,94): 125-152-170
(53,95): 75-92-98
(53,96): 89-118-132
(53,97): 157-170-188
(53,98): 175-180-196
(53,99): 194-210-219
(53,100): 197-206-221
(53,101): 216-230-238
(53,102): 223-230-239
(53,103): 235-246-250
(53,104): 233-236-241
(53,105): 240-243-244
(53,106): 247-247-245
(53,107): 249-250-250
(53,108): 250-250-250
(53,109): 250-250-250
(53,110): 249-249-249
(53,111): 250-250-250
(53,112): 250-250-249
(53,113): 250-250-249
(53,114): 250-250-250
(53,115): 250-250-250
(53,116): 250-250-250
(53,117): 250-250-250
(53,118): 250-250-250
(53,119): 250-250-250
(53,120): 250-250-250
(53,121): 250-250-250
(53,122): 250-250-250
(53,123): 250-250-250
(53,124): 250-250-246
(53,125): 250-242-230
(53,126): 218-187-163
(53,127): 187-155-116
(54,0): 130-171-203
(54,1): 181-203-234
(54,2): 235-244-250
(54,3): 247-250-250
(54,4): 250-250-250
(54,5): 250-250-250
(54,6): 250-250-250
(54,7): 250-250-250
(54,8): 249-249-249
(54,9): 233-233-234
(54,10): 213-217-215
(54,11): 204-206-206
(54,12): 132-145-158
(54,13): 64-90-110
(54,14): 68-96-129
(54,15): 94-134-158
(54,16): 87-141-173
(54,17): 91-151-190
(54,18): 98-158-204
(54,19): 92-157-206
(54,20): 93-157-207
(54,21): 93-157-207
(54,22): 92-156-208
(54,23): 92-155-207
(54,24): 93-156-209
(54,25): 91-155-207
(54,26): 92-156-208
(54,27): 91-156-208
(54,28): 91-155-208
(54,29): 92-156-208
(54,30): 94-156-209
(54,31): 93-154-207
(54,32): 93-155-206
(54,33): 91-154-204
(54,34): 95-156-199
(54,35): 81-145-191
(54,36): 91-147-184
(54,37): 87-129-174
(54,38): 87-113-155
(54,39): 49-73-105
(54,40): 35-45-92
(54,41): 118-105-132
(54,42): 193-179-207
(54,43): 224-218-241
(54,44): 236-233-241
(54,45): 247-243-249
(54,46): 246-247-249
(54,47): 247-248-249
(54,48): 249-249-250
(54,49): 249-250-250
(54,50): 249-250-250
(54,51): 249-250-250
(54,52): 249-250-250
(54,53): 250-250-250
(54,54): 250-250-250
(54,55): 250-250-250
(54,56): 250-250-250
(54,57): 250-250-250
(54,58): 250-250-250
(54,59): 250-250-250
(54,60): 250-250-250
(54,61): 250-250-250
(54,62): 250-250-250
(54,63): 250-250-250
(54,64): 250-250-250
(54,65): 250-250-250
(54,66): 250-250-250
(54,67): 250-250-250
(54,68): 250-250-250
(54,69): 250-250-250
(54,70): 250-250-250
(54,71): 250-250-250
(54,72): 250-250-250
(54,73): 250-250-250
(54,74): 250-250-250
(54,75): 250-250-250
(54,76): 250-250-250
(54,77): 250-250-250
(54,78): 250-250-250
(54,79): 250-250-250
(54,80): 250-250-250
(54,81): 250-250-250
(54,82): 250-250-250
(54,83): 250-250-250
(54,84): 250-250-250
(54,85): 250-250-250
(54,86): 250-250-250
(54,87): 250-250-249
(54,88): 250-250-250
(54,89): 250-250-249
(54,90): 250-250-250
(54,91): 250-250-250
(54,92): 235-237-237
(54,93): 207-213-225
(54,94): 137-148-172
(54,95): 62-89-99
(54,96): 69-85-101
(54,97): 159-164-158
(54,98): 196-205-203
(54,99): 215-219-229
(54,100): 231-236-238
(54,101): 241-244-248
(54,102): 243-248-246
(54,103): 248-247-248
(54,104): 247-248-248
(54,105): 249-250-250
(54,106): 250-250-250
(54,107): 250-250-249
(54,108): 250-250-250
(54,109): 250-250-249
(54,110): 250-249-250
(54,111): 250-250-250
(54,112): 250-250-250
(54,113): 250-250-250
(54,114): 250-250-250
(54,115): 250-250-250
(54,116): 250-250-250
(54,117): 250-250-250
(54,118): 250-250-250
(54,119): 250-250-250
(54,120): 250-250-250
(54,121): 250-250-250
(54,122): 250-250-250
(54,123): 250-250-250
(54,124): 250-250-250
(54,125): 250-250-242
(54,126): 241-218-187
(54,127): 226-187-155
(55,0): 171-203-244
(55,1): 203-234-250
(55,2): 244-250-250
(55,3): 250-250-250
(55,4): 250-250-250
(55,5): 250-250-250
(55,6): 250-250-249
(55,7): 250-250-250
(55,8): 250-249-250
(55,9): 243-243-246
(55,10): 221-219-220
(55,11): 205-216-217
(55,12): 168-189-199
(55,13): 102-112-121
(55,14): 61-83-98
(55,15): 90-114-145
(55,16): 98-139-173
(55,17): 89-145-183
(55,18): 92-154-202
(55,19): 92-157-204
(55,20): 92-157-207
(55,21): 92-156-207
(55,22): 91-156-209
(55,23): 92-155-207
(55,24): 92-156-209
(55,25): 92-156-209
(55,26): 91-156-210
(55,27): 91-156-208
(55,28): 90-154-209
(55,29): 91-153-206
(55,30): 91-153-208
(55,31): 91-150-199
(55,32): 88-147-194
(55,33): 84-143-180
(55,34): 77-141-171
(55,35): 72-135-156
(55,36): 88-137-165
(55,37): 77-102-136
(55,38): 52-70-90
(55,39): 64-58-79
(55,40): 115-111-135
(55,41): 196-189-219
(55,42): 230-220-235
(55,43): 225-228-235
(55,44): 229-230-242
(55,45): 240-248-250
(55,46): 240-244-250
(55,47): 242-247-250
(55,48): 244-246-248
(55,49): 248-249-250
(55,50): 249-250-250
(55,51): 249-250-249
(55,52): 249-250-249
(55,53): 250-250-249
(55,54): 250-250-250
(55,55): 250-250-250
(55,56): 250-250-250
(55,57): 250-250-250
(55,58): 250-250-250
(55,59): 250-250-250
(55,60): 250-250-250
(55,61): 250-250-250
(55,62): 250-250-250
(55,63): 250-250-250
(55,64): 250-250-250
(55,65): 250-250-250
(55,66): 250-250-250
(55,67): 250-250-250
(55,68): 250-250-250
(55,69): 250-250-250
(55,70): 250-250-250
(55,71): 250-250-250
(55,72): 250-250-250
(55,73): 250-250-250
(55,74): 249-250-250
(55,75): 250-250-250
(55,76): 249-250-250
(55,77): 250-250-250
(55,78): 249-250-250
(55,79): 250-250-250
(55,80): 249-250-250
(55,81): 250-250-250
(55,82): 248-250-250
(55,83): 250-250-250
(55,84): 248-250-250
(55,85): 250-250-250
(55,86): 248-250-250
(55,87): 250-250-250
(55,88): 247-250-250
(55,89): 250-250-250
(55,90): 250-250-250
(55,91): 250-250-250
(55,92): 234-234-239
(55,93): 204-211-221
(55,94): 151-161-180
(55,95): 99-94-103
(55,96): 76-90-87
(55,97): 124-130-132
(55,98): 179-193-208
(55,99): 211-233-242
(55,100): 226-231-242
(55,101): 237-245-247
(55,102): 244-246-249
(55,103): 249-250-250
(55,104): 249-250-250
(55,105): 250-250-250
(55,106): 249-250-250
(55,107): 250-250-250
(55,108): 250-250-250
(55,109): 250-250-250
(55,110): 249-250-250
(55,111): 250-250-250
(55,112): 250-250-250
(55,113): 250-250-250
(55,114): 250-250-250
(55,115): 250-250-250
(55,116): 250-250-250
(55,117): 250-250-250
(55,118): 250-250-250
(55,119): 250-250-250
(55,120): 250-250-250
(55,121): 250-250-250
(55,122): 250-250-250
(55,123): 250-250-250
(55,124): 250-250-246
(55,125): 250-242-230
(55,126): 218-187-163
(55,127): 187-155-116
(56,0): 130-171-203
(56,1): 181-203-234
(56,2): 235-244-250
(56,3): 247-250-250
(56,4): 250-250-250
(56,5): 250-250-250
(56,6): 249-250-250
(56,7): 249-250-250
(56,8): 250-250-250
(56,9): 250-249-249
(56,10): 232-232-234
(56,11): 214-214-227
(56,12): 203-201-208
(56,13): 159-161-164
(56,14): 60-77-101
(56,15): 70-94-113
(56,16): 98-133-168
(56,17): 87-141-188
(56,18): 93-150-196
(56,19): 92-156-205
(56,20): 93-156-204
(56,21): 93-154-205
(56,22): 98-157-206
(56,23): 96-154-206
(56,24): 93-155-206
(56,25): 92-154-208
(56,26): 91-153-207
(56,27): 89-154-210
(56,28): 87-147-203
(56,29): 87-145-202
(56,30): 88-139-194
(56,31): 89-140-188
(56,32): 97-146-179
(56,33): 85-129-152
(56,34): 65-118-133
(56,35): 73-126-138
(56,36): 69-97-118
(56,37): 40-64-72
(56,38): 31-52-75
(56,39): 122-121-129
(56,40): 211-197-208
(56,41): 235-226-238
(56,42): 222-227-227
(56,43): 228-226-231
(56,44): 226-233-237
(56,45): 225-237-243
(56,46): 224-233-239
(56,47): 233-238-243
(56,48): 234-241-244
(56,49): 244-246-247
(56,50): 247-249-249
(56,51): 248-250-249
(56,52): 248-249-249
(56,53): 250-250-249
(56,54): 250-250-250
(56,55): 250-250-250
(56,56): 250-250-250
(56,57): 250-250-250
(56,58): 250-250-250
(56,59): 250-250-250
(56,60): 250-250-250
(56,61): 250-250-250
(56,62): 250-250-250
(56,63): 250-250-250
(56,64): 250-250-250
(56,65): 250-250-250
(56,66): 250-250-250
(56,67): 250-250-250
(56,68): 250-250-250
(56,69): 250-250-249
(56,70): 250-250-250
(56,71): 250-250-249
(56,72): 250-250-250
(56,73): 250-250-249
(56,74): 250-250-250
(56,75): 250-250-248
(56,76): 250-250-250
(56,77): 250-250-248
(56,78): 250-250-250
(56,79): 250-250-249
(56,80): 250-250-250
(56,81): 250-250-250
(56,82): 248-250-250
(56,83): 250-250-250
(56,84): 245-249-250
(56,85): 247-250-250
(56,86): 240-245-249
(56,87): 245-249-250
(56,88): 239-244-249
(56,89): 246-249-250
(56,90): 243-246-249
(56,91): 249-249-250
(56,92): 232-234-240
(56,93): 208-210-226
(56,94): 192-186-198
(56,95): 153-143-147
(56,96): 75-79-101
(56,97): 88-99-111
(56,98): 137-145-165
(56,99): 178-196-208
(56,100): 209-222-223
(56,101): 232-231-237
(56,102): 241-242-242
(56,103): 249-248-249
(56,104): 250-250-250
(56,105): 250-250-250
(56,106): 250-250-250
(56,107): 250-250-250
(56,108): 250-250-250
(56,109): 250-250-250
(56,110): 250-250-250
(56,111): 250-250-250
(56,112): 250-250-250
(56,113): 250-250-250
(56,114): 250-250-250
(56,115): 250-250-250
(56,116): 250-250-250
(56,117): 250-250-250
(56,118): 250-250-250
(56,119): 250-250-250
(56,120): 250-250-250
(56,121): 250-250-250
(56,122): 250-250-250
(56,123): 250-250-250
(56,124): 250-250-250
(56,125): 250-250-242
(56,126): 241-218-187
(56,127): 226-187-155
(57,0): 171-203-244
(57,1): 203-234-250
(57,2): 244-250-250
(57,3): 250-250-250
(57,4): 250-250-250
(57,5): 250-250-250
(57,6): 249-250-250
(57,7): 249-249-249
(57,8): 250-250-249
(57,9): 249-250-250
(57,10): 243-242-243
(57,11): 223-218-226
(57,12): 199-180-192
(57,13): 193-186-207
(57,14): 110-112-121
(57,15): 69-76-95
(57,16): 78-120-146
(57,17): 88-137-171
(57,18): 82-137-183
(57,19): 84-142-184
(57,20): 84-144-190
(57,21): 86-139-180
(57,22): 88-143-181
(57,23): 88-137-181
(57,24): 87-143-191
(57,25): 84-140-189
(57,26): 75-137-191
(57,27): 77-137-191
(57,28): 68-128-188
(57,29): 77-129-185
(57,30): 64-112-170
(57,31): 84-127-164
(57,32): 97-135-152
(57,33): 78-107-121
(57,34): 69-95-88
(57,35): 50-71-79
(57,36): 28-57-65
(57,37): 69-83-80
(57,38): 138-147-145
(57,39): 206-212-229
(57,40): 235-228-242
(57,41): 227-233-234
(57,42): 223-222-227
(57,43): 218-226-231
(57,44): 193-210-221
(57,45): 173-190-199
(57,46): 173-191-209
(57,47): 205-216-228
(57,48): 225-232-241
(57,49): 238-245-249
(57,50): 245-247-247
(57,51): 248-250-250
(57,52): 249-250-249
(57,53): 250-250-250
(57,54): 250-250-250
(57,55): 250-250-250
(57,56): 250-250-250
(57,57): 250-250-250
(57,58): 250-250-250
(57,59): 250-250-250
(57,60): 250-250-250
(57,61): 250-250-250
(57,62): 249-250-250
(57,63): 250-250-250
(57,64): 249-250-250
(57,65): 250-250-250
(57,66): 249-250-250
(57,67): 250-250-250
(57,68): 249-250-250
(57,69): 250-250-250
(57,70): 248-250-250
(57,71): 250-250-250
(57,72): 250-250-250
(57,73): 250-250-250
(57,74): 250-249-249
(57,75): 247-246-242
(57,76): 250-247-244
(57,77): 244-242-238
(57,78): 246-243-239
(57,79): 239-237-233
(57,80): 239-237-235
(57,81): 234-234-232
(57,82): 231-232-233
(57,83): 230-234-236
(57,84): 222-227-233
(57,85): 223-231-238
(57,86): 210-219-231
(57,87): 217-229-240
(57,88): 203-213-231
(57,89): 218-231-246
(57,90): 212-219-238
(57,91): 229-237-249
(57,92): 220-221-234
(57,93): 210-209-217
(57,94): 214-198-209
(57,95): 206-197-227
(57,96): 129-123-148
(57,97): 80-69-86
(57,98): 56-73-89
(57,99): 102-107-123
(57,100): 169-184-194
(57,101): 216-227-235
(57,102): 234-230-232
(57,103): 243-243-245
(57,104): 249-248-248
(57,105): 250-250-250
(57,106): 250-250-249
(57,107): 250-250-250
(57,108): 250-250-250
(57,109): 250-250-250
(57,110): 250-250-250
(57,111): 250-250-250
(57,112): 250-250-250
(57,113): 250-250-250
(57,114): 250-250-250
(57,115): 250-250-250
(57,116): 250-250-250
(57,117): 250-250-250
(57,118): 250-250-250
(57,119): 250-250-250
(57,120): 250-250-250
(57,121): 250-250-250
(57,122): 250-250-250
(57,123): 250-250-250
(57,124): 250-250-246
(57,125): 250-242-230
(57,126): 218-187-163
(57,127): 187-155-116
(58,0): 130-171-203
(58,1): 181-203-234
(58,2): 235-244-250
(58,3): 247-250-250
(58,4): 250-250-250
(58,5): 250-250-250
(58,6): 249-250-250
(58,7): 249-250-250
(58,8): 249-250-250
(58,9): 250-250-250
(58,10): 250-248-249
(58,11): 242-237-240
(58,12): 216-211-216
(58,13): 218-211-220
(58,14): 169-166-181
(58,15): 92-105-126
(58,16): 54-86-124
(58,17): 89-137-165
(58,18): 99-140-178
(58,19): 95-144-188
(58,20): 105-145-180
(58,21): 97-134-165
(58,22): 91-128-157
(58,23): 91-120-154
(58,24): 104-138-176
(58,25): 95-138-184
(58,26): 88-134-183
(58,27): 89-142-200
(58,28): 76-123-186
(58,29): 84-138-200
(58,30): 76-112-169
(58,31): 75-120-155
(58,32): 52-86-111
(58,33): 46-73-73
(58,34): 36-64-68
(58,35): 33-54-39
(58,36): 44-64-69
(58,37): 137-163-156
(58,38): 201-214-206
(58,39): 223-224-230
(58,40): 225-235-233
(58,41): 226-226-231
(58,42): 223-226-226
(58,43): 211-207-212
(58,44): 155-162-176
(58,45): 126-146-161
(58,46): 134-149-175
(58,47): 176-189-206
(58,48): 210-221-231
(58,49): 231-237-246
(58,50): 237-244-245
(58,51): 245-248-248
(58,52): 248-249-249
(58,53): 249-250-249
(58,54): 249-250-250
(58,55): 250-250-250
(58,56): 250-250-250
(58,57): 250-250-250
(58,58): 250-250-250
(58,59): 250-250-249
(58,60): 250-250-250
(58,61): 250-250-249
(58,62): 250-250-250
(58,63): 250-250-248
(58,64): 250-250-250
(58,65): 250-250-248
(58,66): 250-250-250
(58,67): 250-250-250
(58,68): 248-250-250
(58,69): 248-249-250
(58,70): 239-243-247
(58,71): 240-244-248
(58,72): 235-238-241
(58,73): 235-235-236
(58,74): 234-232-229
(58,75): 229-222-216
(58,76): 234-229-217
(58,77): 223-212-200
(58,78): 230-223-208
(58,79): 219-206-195
(58,80): 227-218-206
(58,81): 219-207-199
(58,82): 219-216-208
(58,83): 213-210-209
(58,84): 206-210-212
(58,85): 210-215-224
(58,86): 196-208-220
(58,87): 205-219-239
(58,88): 172-190-217
(58,89): 191-210-237
(58,90): 191-196-219
(58,91): 222-219-238
(58,92): 215-217-226
(58,93): 220-211-223
(58,94): 203-201-211
(58,95): 221-203-233
(58,96): 215-186-214
(58,97): 145-131-152
(58,98): 46-58-91
(58,99): 58-70-83
(58,100): 134-133-152
(58,101): 190-195-202
(58,102): 218-225-223
(58,103): 232-234-237
(58,104): 244-246-246
(58,105): 248-250-250
(58,106): 250-250-250
(58,107): 250-250-250
(58,108): 250-250-250
(58,109): 250-250-250
(58,110): 250-250-250
(58,111): 250-250-250
(58,112): 250-250-250
(58,113): 250-250-250
(58,114): 250-250-250
(58,115): 250-250-250
(58,116): 250-250-250
(58,117): 250-250-250
(58,118): 250-250-250
(58,119): 250-250-250
(58,120): 250-250-250
(58,121): 250-250-250
(58,122): 250-250-250
(58,123): 250-250-250
(58,124): 250-250-250
(58,125): 250-250-242
(58,126): 241-218-187
(58,127): 226-187-155
(59,0): 171-203-244
(59,1): 203-234-250
(59,2): 244-250-250
(59,3): 250-250-250
(59,4): 250-250-250
(59,5): 250-250-250
(59,6): 249-250-250
(59,7): 249-249-249
(59,8): 249-250-249
(59,9): 249-248-250
(59,10): 247-243-246
(59,11): 246-244-247
(59,12): 225-224-227
(59,13): 213-218-218
(59,14): 200-209-217
(59,15): 159-168-194
(59,16): 88-105-130
(59,17): 83-100-122
(59,18): 77-110-132
(59,19): 95-114-135
(59,20): 110-128-136
(59,21): 111-118-130
(59,22): 132-140-135
(59,23): 114-116-129
(59,24): 117-128-135
(59,25): 96-108-133
(59,26): 83-108-131
(59,27): 76-99-143
(59,28): 44-80-126
(59,29): 68-98-148
(59,30): 45-83-124
(59,31): 84-110-145
(59,32): 81-106-122
(59,33): 100-122-133
(59,34): 116-142-133
(59,35): 73-83-79
(59,36): 70-87-78
(59,37): 140-161-161
(59,38): 180-197-208
(59,39): 201-222-221
(59,40): 229-239-244
(59,41): 228-238-242
(59,42): 219-214-220
(59,43): 166-163-181
(59,44): 86-89-102
(59,45): 70-70-90
(59,46): 80-102-129
(59,47): 134-148-170
(59,48): 178-191-209
(59,49): 214-229-242
(59,50): 235-240-245
(59,51): 242-248-250
(59,52): 247-249-249
(59,53): 249-250-250
(59,54): 249-250-250
(59,55): 250-250-250
(59,56): 249-250-250
(59,57): 250-250-250
(59,58): 249-250-250
(59,59): 250-250-250
(59,60): 250-250-250
(59,61): 250-250-250
(59,62): 250-249-249
(59,63): 249-247-243
(59,64): 250-248-243
(59,65): 246-241-236
(59,66): 248-243-238
(59,67): 239-237-236
(59,68): 233-233-237
(59,69): 226-231-239
(59,70): 211-219-235
(59,71): 214-228-240
(59,72): 200-210-229
(59,73): 207-216-224
(59,74): 208-208-215
(59,75): 210-209-203
(59,76): 223-213-199
(59,77): 201-184-164
(59,78): 223-204-178
(59,79): 199-172-149
(59,80): 221-197-170
(59,81): 196-169-150
(59,82): 206-188-162
(59,83): 177-158-144
(59,84): 176-169-156
(59,85): 163-154-155
(59,86): 149-153-152
(59,87): 142-142-163
(59,88): 103-118-141
(59,89): 109-108-125
(59,90): 98-101-112
(59,91): 153-141-168
(59,92): 186-176-190
(59,93): 208-212-232
(59,94): 201-192-208
(59,95): 187-178-196
(59,96): 182-153-198
(59,97): 186-161-213
(59,98): 151-136-159
(59,99): 84-75-88
(59,100): 91-92-92
(59,101): 144-139-148
(59,102): 210-213-211
(59,103): 228-240-240
(59,104): 244-247-246
(59,105): 247-250-250
(59,106): 249-250-249
(59,107): 250-250-250
(59,108): 250-250-250
(59,109): 250-250-250
(59,110): 250-250-250
(59,111): 250-250-250
(59,112): 250-250-250
(59,113): 250-250-250
(59,114): 250-250-250
(59,115): 250-250-250
(59,116): 250-250-250
(59,117): 250-250-250
(59,118): 250-250-250
(59,119): 250-250-250
(59,120): 250-250-250
(59,121): 250-250-250
(59,122): 250-250-250
(59,123): 250-250-250
(59,124): 250-250-246
(59,125): 250-242-230
(59,126): 218-187-163
(59,127): 187-155-116
(60,0): 130-171-203
(60,1): 181-203-234
(60,2): 235-244-250
(60,3): 247-250-250
(60,4): 250-250-250
(60,5): 250-250-250
(60,6): 249-250-250
(60,7): 249-250-250
(60,8): 249-250-250
(60,9): 250-250-250
(60,10): 250-249-250
(60,11): 250-249-250
(60,12): 237-236-238
(60,13): 220-220-225
(60,14): 212-224-226
(60,15): 220-230-240
(60,16): 191-194-210
(60,17): 151-165-180
(60,18): 124-131-147
(60,19): 126-131-123
(60,20): 124-122-119
(60,21): 110-103-85
(60,22): 133-121-112
(60,23): 110-103-83
(60,24): 120-113-111
(60,25): 106-107-100
(60,26): 118-122-137
(60,27): 123-138-154
(60,28): 131-145-176
(60,29): 149-177-203
(60,30): 138-163-192
(60,31): 171-197-222
(60,32): 170-193-208
(60,33): 163-184-202
(60,34): 138-165-168
(60,35): 88-102-100
(60,36): 73-85-90
(60,37): 127-141-135
(60,38): 176-193-193
(60,39): 209-219-228
(60,40): 244-246-240
(60,41): 228-221-231
(60,42): 184-186-193
(60,43): 101-104-115
(60,44): 42-47-74
(60,45): 48-60-75
(60,46): 71-78-111
(60,47): 111-129-153
(60,48): 149-170-190
(60,49): 188-206-222
(60,50): 218-233-239
(60,51): 234-242-249
(60,52): 242-247-248
(60,53): 248-249-249
(60,54): 250-250-250
(60,55): 250-250-250
(60,56): 250-250-250
(60,57): 250-250-250
(60,58): 246-248-249
(60,59): 243-246-249
(60,60): 238-240-242
(60,61): 236-236-236
(60,62): 238-234-229
(60,63): 232-222-214
(60,64): 239-229-215
(60,65): 228-210-196
(60,66): 233-224-208
(60,67): 220-206-199
(60,68): 221-218-215
(60,69): 212-210-221
(60,70): 187-199-221
(60,71): 190-213-238
(60,72): 164-181-210
(60,73): 162-186-212
(60,74): 146-156-178
(60,75): 139-155-159
(60,76): 136-130-133
(60,77): 121-112-92
(60,78): 144-119-105
(60,79): 124-101-68
(60,80): 159-123-103
(60,81): 127-103-68
(60,82): 159-128-108
(60,83): 135-118-89
(60,84): 164-139-128
(60,85): 144-135-119
(60,86): 153-142-145
(60,87): 146-148-157
(60,88): 171-156-173
(60,89): 141-148-154
(60,90): 82-85-107
(60,91): 90-91-102
(60,92): 132-128-151
(60,93): 167-178-198
(60,94): 200-194-203
(60,95): 189-181-208
(60,96): 169-148-181
(60,97): 148-104-149
(60,98): 192-163-187
(60,99): 93-111-119
(60,100): 48-75-84
(60,101): 77-97-92
(60,102): 174-189-193
(60,103): 210-231-234
(60,104): 241-249-246
(60,105): 246-249-250
(60,106): 249-250-250
(60,107): 249-250-250
(60,108): 250-250-250
(60,109): 250-250-250
(60,110): 250-250-250
(60,111): 250-250-250
(60,112): 250-250-250
(60,113): 250-250-250
(60,114): 250-250-250
(60,115): 250-250-250
(60,116): 250-250-250
(60,117): 250-250-250
(60,118): 250-250-250
(60,119): 250-250-250
(60,120): 250-250-250
(60,121): 250-250-250
(60,122): 250-250-250
(60,123): 250-250-250
(60,124): 250-250-250
(60,125): 250-250-242
(60,126): 241-218-187
(60,127): 226-187-155
(61,0): 171-203-244
(61,1): 203-234-250
(61,2): 244-250-250
(61,3): 250-250-250
(61,4): 250-250-250
(61,5): 250-250-250
(61,6): 249-250-250
(61,7): 249-249-249
(61,8): 249-250-250
(61,9): 250-250-250
(61,10): 249-250-250
(61,11): 249-250-249
(61,12): 245-247-247
(61,13): 235-235-240
(61,14): 220-223-229
(61,15): 222-231-233
(61,16): 220-222-234
(61,17): 217-215-222
(61,18): 210-193-195
(61,19): 212-198-189
(61,20): 236-215-196
(61,21): 213-195-177
(61,22): 236-214-195
(61,23): 210-193-173
(61,24): 234-215-196
(61,25): 208-196-185
(61,26): 220-209-207
(61,27): 206-206-208
(61,28): 206-207-221
(61,29): 207-219-227
(61,30): 202-211-228
(61,31): 216-236-246
(61,32): 215-227-242
(61,33): 193-216-227
(61,34): 161-175-189
(61,35): 103-107-114
(61,36): 73-95-93
(61,37): 102-109-109
(61,38): 170-182-195
(61,39): 211-220-221
(61,40): 239-222-219
(61,41): 212-203-218
(61,42): 168-166-181
(61,43): 72-70-75
(61,44): 39-55-58
(61,45): 41-36-53
(61,46): 39-47-65
(61,47): 78-86-114
(61,48): 119-142-173
(61,49): 153-178-197
(61,50): 197-216-232
(61,51): 224-238-247
(61,52): 239-243-246
(61,53): 246-249-250
(61,54): 249-249-249
(61,55): 248-250-249
(61,56): 244-244-241
(61,57): 238-241-243
(61,58): 226-231-237
(61,59): 223-235-240
(61,60): 207-216-232
(61,61): 211-220-223
(61,62): 211-210-212
(61,63): 211-203-193
(61,64): 231-214-195
(61,65): 215-194-172
(61,66): 241-217-187
(61,67): 202-179-160
(61,68): 207-190-172
(61,69): 168-152-168
(61,70): 137-142-171
(61,71): 118-123-156
(61,72): 79-106-131
(61,73): 103-119-148
(61,74): 77-106-125
(61,75): 109-116-132
(61,76): 122-131-131
(61,77): 157-144-144
(61,78): 194-178-155
(61,79): 194-168-151
(61,80): 226-200-172
(61,81): 207-178-151
(61,82): 242-215-185
(61,83): 221-195-171
(61,84): 246-221-198
(61,85): 221-201-184
(61,86): 233-215-205
(61,87): 214-202-194
(61,88): 226-207-210
(61,89): 210-204-211
(61,90): 167-167-167
(61,91): 105-97-97
(61,92): 77-92-93
(61,93): 99-93-89
(61,94): 142-142-138
(61,95): 181-178-188
(61,96): 195-176-198
(61,97): 152-125-148
(61,98): 152-146-159
(61,99): 116-118-111
(61,100): 147-183-160
(61,101): 123-149-128
(61,102): 181-219-221
(61,103): 208-231-227
(61,104): 234-247-247
(61,105): 247-250-250
(61,106): 249-250-250
(61,107): 250-250-250
(61,108): 250-250-250
(61,109): 250-250-250
(61,110): 250-250-250
(61,111): 250-250-250
(61,112): 250-250-250
(61,113): 250-250-250
(61,114): 250-250-250
(61,115): 250-250-250
(61,116): 250-250-250
(61,117): 250-250-250
(61,118): 250-250-250
(61,119): 250-250-250
(61,120): 250-250-250
(61,121): 250-250-250
(61,122): 250-250-250
(61,123): 250-250-250
(61,124): 250-250-246
(61,125): 250-242-230
(61,126): 218-187-163
(61,127): 187-155-116
(62,0): 130-171-203
(62,1): 181-203-234
(62,2): 235-244-250
(62,3): 247-250-250
(62,4): 250-250-250
(62,5): 250-250-250
(62,6): 249-250-250
(62,7): 249-250-250
(62,8): 249-250-250
(62,9): 249-250-250
(62,10): 249-249-250
(62,11): 249-249-249
(62,12): 249-250-250
(62,13): 249-250-250
(62,14): 243-242-245
(62,15): 236-237-238
(62,16): 233-232-231
(62,17): 239-229-226
(62,18): 241-229-224
(62,19): 234-218-210
(62,20): 240-229-214
(62,21): 231-214-199
(62,22): 240-229-212
(62,23): 229-212-198
(62,24): 240-231-215
(62,25): 232-218-208
(62,26): 240-234-225
(62,27): 235-228-224
(62,28): 234-235-233
(62,29): 238-238-240
(62,30): 241-243-244
(62,31): 241-245-250
(62,32): 235-243-243
(62,33): 204-212-223
(62,34): 178-183-192
(62,35): 113-118-126
(62,36): 72-75-98
(62,37): 82-93-106
(62,38): 169-156-167
(62,39): 199-185-188
(62,40): 195-181-175
(62,41): 163-131-141
(62,42): 163-145-153
(62,43): 64-71-82
(62,44): 37-38-54
(62,45): 28-36-38
(62,46): 11-26-54
(62,47): 49-63-87
(62,48): 97-109-152
(62,49): 127-153-187
(62,50): 177-196-216
(62,51): 213-226-242
(62,52): 233-242-244
(62,53): 239-241-244
(62,54): 244-246-242
(62,55): 240-238-232
(62,56): 232-236-226
(62,57): 222-223-222
(62,58): 216-225-221
(62,59): 208-221-232
(62,60): 177-191-212
(62,61): 168-193-209
(62,62): 145-152-167
(62,63): 133-141-138
(62,64): 133-123-122
(62,65): 123-111-87
(62,66): 149-126-109
(62,67): 123-104-76
(62,68): 136-113-112
(62,69): 120-106-117
(62,70): 173-149-182
(62,71): 135-145-178
(62,72): 138-148-179
(62,73): 165-193-213
(62,74): 157-176-199
(62,75): 180-201-219
(62,76): 186-196-208
(62,77): 207-209-214
(62,78): 215-214-208
(62,79): 219-206-199
(62,80): 230-220-206
(62,81): 224-208-195
(62,82): 242-228-211
(62,83): 230-212-198
(62,84): 242-229-214
(62,85): 232-216-207
(62,86): 248-235-225
(62,87): 232-221-214
(62,88): 219-214-210
(62,89): 214-202-209
(62,90): 226-214-214
(62,91): 161-171-166
(62,92): 107-115-114
(62,93): 93-99-79
(62,94): 90-94-98
(62,95): 130-137-139
(62,96): 164-141-158
(62,97): 93-85-84
(62,98): 74-73-81
(62,99): 90-82-66
(62,100): 175-181-167
(62,101): 171-203-194
(62,102): 210-231-226
(62,103): 217-232-234
(62,104): 237-245-246
(62,105): 246-249-250
(62,106): 249-250-250
(62,107): 249-250-250
(62,108): 250-250-250
(62,109): 250-250-250
(62,110): 250-250-250
(62,111): 250-250-250
(62,112): 250-250-250
(62,113): 250-250-250
(62,114): 250-250-250
(62,115): 250-250-250
(62,116): 250-250-250
(62,117): 250-250-250
(62,118): 250-250-250
(62,119): 250-250-250
(62,120): 250-250-250
(62,121): 250-250-250
(62,122): 250-250-250
(62,123): 250-250-250
(62,124): 250-250-250
(62,125): 250-250-242
(62,126): 241-218-187
(62,127): 226-187-155
(63,0): 171-203-244
(63,1): 203-234-250
(63,2): 244-250-250
(63,3): 250-250-250
(63,4): 250-250-250
(63,5): 250-250-250
(63,6): 250-250-250
(63,7): 250-250-250
(63,8): 250-250-250
(63,9): 250-250-250
(63,10): 250-250-250
(63,11): 250-249-250
(63,12): 249-250-250
(63,13): 250-250-250
(63,14): 250-250-250
(63,15): 250-248-249
(63,16): 248-244-244
(63,17): 249-246-244
(63,18): 250-249-249
(63,19): 249-245-241
(63,20): 250-245-241
(63,21): 248-243-237
(63,22): 250-249-243
(63,23): 249-244-239
(63,24): 250-249-244
(63,25): 249-246-242
(63,26): 250-249-248
(63,27): 249-249-247
(63,28): 250-249-250
(63,29): 249-250-250
(63,30): 249-250-250
(63,31): 250-250-250
(63,32): 247-249-250
(63,33): 221-227-231
(63,34): 203-204-207
(63,35): 162-161-171
(63,36): 116-115-124
(63,37): 101-76-83
(63,38): 134-111-112
(63,39): 183-150-155
(63,40): 232-197-199
(63,41): 186-162-164
(63,42): 180-157-147
(63,43): 100-81-79
(63,44): 68-64-60
(63,45): 49-41-47
(63,46): 63-76-92
(63,47): 52-56-99
(63,48): 62-78-134
(63,49): 103-111-151
(63,50): 156-168-187
(63,51): 198-211-222
(63,52): 228-235-239
(63,53): 231-238-238
(63,54): 232-236-240
(63,55): 220-231-227
(63,56): 217-220-201
(63,57): 193-207-190
(63,58): 170-179-156
(63,59): 140-140-152
(63,60): 95-114-143
(63,61): 103-113-134
(63,62): 80-105-113
(63,63): 113-116-125
(63,64): 126-135-129
(63,65): 153-142-137
(63,66): 191-181-157
(63,67): 187-166-155
(63,68): 215-195-181
(63,69): 200-179-183
(63,70): 221-206-220
(63,71): 211-205-218
(63,72): 209-209-221
(63,73): 208-219-224
(63,74): 204-212-225
(63,75): 218-230-238
(63,76): 217-223-233
(63,77): 227-233-236
(63,78): 230-231-234
(63,79): 236-235-233
(63,80): 245-241-237
(63,81): 244-240-236
(63,82): 250-245-241
(63,83): 247-241-235
(63,84): 250-248-243
(63,85): 249-244-240
(63,86): 250-249-248
(63,87): 249-247-245
(63,88): 240-238-236
(63,89): 221-218-216
(63,90): 221-218-227
(63,91): 217-221-215
(63,92): 215-214-192
(63,93): 178-177-169
(63,94): 147-153-147
(63,95): 133-132-133
(63,96): 124-134-155
(63,97): 142-135-138
(63,98): 189-187-169
(63,99): 200-192-190
(63,100): 242-236-227
(63,101): 230-242-238
(63,102): 239-242-242
(63,103): 238-244-244
(63,104): 244-248-249
(63,105): 247-249-249
(63,106): 249-250-250
(63,107): 250-250-250
(63,108): 250-250-250
(63,109): 250-250-250
(63,110): 250-250-250
(63,111): 250-250-250
(63,112): 250-250-250
(63,113): 250-250-250
(63,114): 250-250-250
(63,115): 250-250-250
(63,116): 250-250-250
(63,117): 250-250-250
(63,118): 250-250-250
(63,119): 250-250-250
(63,120): 250-250-250
(63,121): 250-250-250
(63,122): 250-250-250
(63,123): 250-250-250
(63,124): 250-250-246
(63,125): 250-242-230
(63,126): 218-187-163
(63,127): 187-155-116
(64,0): 130-171-203
(64,1): 181-203-234
(64,2): 235-244-250
(64,3): 247-250-250
(64,4): 250-250-250
(64,5): 250-250-250
(64,6): 250-250-250
(64,7): 250-250-250
(64,8): 250-250-250
(64,9): 250-250-250
(64,10): 250-250-250
(64,11): 250-250-249
(64,12): 250-250-250
(64,13): 250-250-250
(64,14): 250-250-250
(64,15): 250-250-249
(64,16): 250-250-250
(64,17): 250-250-249
(64,18): 250-250-250
(64,19): 250-250-248
(64,20): 250-250-250
(64,21): 250-250-248
(64,22): 250-250-250
(64,23): 250-250-247
(64,24): 250-250-250
(64,25): 250-250-248
(64,26): 250-250-250
(64,27): 250-250-248
(64,28): 250-250-250
(64,29): 250-250-249
(64,30): 250-250-250
(64,31): 248-249-250
(64,32): 246-247-248
(64,33): 225-225-227
(64,34): 207-212-212
(64,35): 201-205-207
(64,36): 196-179-181
(64,37): 141-123-118
(64,38): 107-78-92
(64,39): 128-85-98
(64,40): 184-135-156
(64,41): 110-102-108
(64,42): 88-77-79
(64,43): 81-67-51
(64,44): 93-79-82
(64,45): 82-79-92
(64,46): 102-102-131
(64,47): 47-63-112
(64,48): 92-83-141
(64,49): 95-104-145
(64,50): 152-164-184
(64,51): 201-202-212
(64,52): 232-229-223
(64,53): 223-215-222
(64,54): 208-207-204
(64,55): 152-174-164
(64,56): 145-176-152
(64,57): 126-166-131
(64,58): 81-105-101
(64,59): 111-112-113
(64,60): 151-146-174
(64,61): 151-173-194
(64,62): 146-163-180
(64,63): 181-201-211
(64,64): 191-201-208
(64,65): 203-208-212
(64,66): 207-211-207
(64,67): 216-206-207
(64,68): 237-228-225
(64,69): 228-216-215
(64,70): 224-222-222
(64,71): 237-228-227
(64,72): 241-239-240
(64,73): 236-237-242
(64,74): 237-240-242
(64,75): 244-246-248
(64,76): 243-246-247
(64,77): 247-248-250
(64,78): 248-249-249
(64,79): 250-250-250
(64,80): 250-250-250
(64,81): 250-250-249
(64,82): 250-250-250
(64,83): 250-250-248
(64,84): 250-250-250
(64,85): 250-250-248
(64,86): 250-250-250
(64,87): 250-250-250
(64,88): 250-250-249
(64,89): 237-237-234
(64,90): 224-225-223
(64,91): 227-219-211
(64,92): 228-231-218
(64,93): 225-228-227
(64,94): 213-217-221
(64,95): 192-203-215
(64,96): 177-190-204
(64,97): 208-214-217
(64,98): 230-234-227
(64,99): 236-228-224
(64,100): 239-242-234
(64,101): 237-235-232
(64,102): 243-244-242
(64,103): 244-247-246
(64,104): 248-249-250
(64,105): 248-249-250
(64,106): 249-249-250
(64,107): 249-250-250
(64,108): 250-250-250
(64,109): 250-250-250
(64,110): 250-250-250
(64,111): 250-250-250
(64,112): 250-250-250
(64,113): 250-250-250
(64,114): 250-250-250
(64,115): 250-250-250
(64,116): 250-250-250
(64,117): 250-250-250
(64,118): 250-250-250
(64,119): 250-250-250
(64,120): 250-250-250
(64,121): 250-250-250
(64,122): 250-250-250
(64,123): 250-250-250
(64,124): 250-250-250
(64,125): 250-250-242
(64,126): 241-218-187
(64,127): 226-187-155
(65,0): 171-203-244
(65,1): 203-234-250
(65,2): 244-250-250
(65,3): 250-250-250
(65,4): 250-250-250
(65,5): 250-250-250
(65,6): 250-250-250
(65,7): 250-250-250
(65,8): 250-250-250
(65,9): 250-250-250
(65,10): 250-250-250
(65,11): 250-250-250
(65,12): 250-250-250
(65,13): 250-250-250
(65,14): 250-250-250
(65,15): 250-250-250
(65,16): 249-250-250
(65,17): 250-250-250
(65,18): 249-250-250
(65,19): 250-250-250
(65,20): 249-250-250
(65,21): 250-250-250
(65,22): 249-250-250
(65,23): 250-250-250
(65,24): 249-250-250
(65,25): 250-250-250
(65,26): 249-250-250
(65,27): 250-250-250
(65,28): 249-250-250
(65,29): 250-250-250
(65,30): 250-250-250
(65,31): 250-250-250
(65,32): 250-250-250
(65,33): 238-237-239
(65,34): 222-221-223
(65,35): 218-217-212
(65,36): 236-222-223
(65,37): 227-205-209
(65,38): 217-177-169
(65,39): 190-148-170
(65,40): 143-119-145
(65,41): 122-101-109
(65,42): 133-126-122
(65,43): 162-149-150
(65,44): 199-185-178
(65,45): 180-181-195
(65,46): 164-164-190
(65,47): 85-83-106
(65,48): 82-87-112
(65,49): 125-126-150
(65,50): 199-195-212
(65,51): 204-198-202
(65,52): 223-204-194
(65,53): 207-200-191
(65,54): 139-151-142
(65,55): 95-115-91
(65,56): 104-160-119
(65,57): 94-125-87
(65,58): 120-147-136
(65,59): 173-173-182
(65,60): 197-197-207
(65,61): 208-215-223
(65,62): 208-212-220
(65,63): 217-229-232
(65,64): 217-224-233
(65,65): 226-233-236
(65,66): 230-231-233
(65,67): 237-237-240
(65,68): 245-243-248
(65,69): 245-244-245
(65,70): 249-246-245
(65,71): 248-247-247
(65,72): 250-249-250
(65,73): 250-250-250
(65,74): 249-250-250
(65,75): 250-250-250
(65,76): 249-250-250
(65,77): 250-250-250
(65,78): 249-250-250
(65,79): 250-250-250
(65,80): 249-250-250
(65,81): 250-250-250
(65,82): 249-250-250
(65,83): 250-250-250
(65,84): 249-250-250
(65,85): 250-250-250
(65,86): 249-250-250
(65,87): 250-250-249
(65,88): 250-250-250
(65,89): 250-250-250
(65,90): 248-247-243
(65,91): 240-239-237
(65,92): 232-234-233
(65,93): 229-237-238
(65,94): 220-227-239
(65,95): 227-235-242
(65,96): 227-232-238
(65,97): 236-244-248
(65,98): 237-239-245
(65,99): 241-244-245
(65,100): 246-244-243
(65,101): 248-247-247
(65,102): 250-249-248
(65,103): 250-250-250
(65,104): 249-249-250
(65,105): 250-249-250
(65,106): 250-250-250
(65,107): 250-250-250
(65,108): 250-250-250
(65,109): 250-250-250
(65,110): 250-250-250
(65,111): 250-250-250
(65,112): 250-250-250
(65,113): 250-250-250
(65,114): 250-250-250
(65,115): 250-250-250
(65,116): 250-250-250
(65,117): 250-250-250
(65,118): 250-250-250
(65,119): 250-250-250
(65,120): 250-250-250
(65,121): 250-250-250
(65,122): 250-250-250
(65,123): 250-250-250
(65,124): 250-250-246
(65,125): 250-242-230
(65,126): 218-187-163
(65,127): 187-155-116
(66,0): 130-171-203
(66,1): 181-203-234
(66,2): 235-244-250
(66,3): 247-250-250
(66,4): 250-250-250
(66,5): 250-250-250
(66,6): 250-250-250
(66,7): 250-250-250
(66,8): 250-250-250
(66,9): 250-250-250
(66,10): 250-250-250
(66,11): 250-250-250
(66,12): 250-250-250
(66,13): 250-250-250
(66,14): 250-250-250
(66,15): 250-250-250
(66,16): 250-250-250
(66,17): 250-250-250
(66,18): 250-250-250
(66,19): 250-250-250
(66,20): 250-250-250
(66,21): 250-250-250
(66,22): 250-250-250
(66,23): 250-250-250
(66,24): 250-250-250
(66,25): 250-250-250
(66,26): 250-250-250
(66,27): 250-250-250
(66,28): 250-250-250
(66,29): 249-250-250
(66,30): 250-249-250
(66,31): 249-249-249
(66,32): 249-250-250
(66,33): 247-248-248
(66,34): 242-238-238
(66,35): 229-225-223
(66,36): 230-224-220
(66,37): 245-220-222
(66,38): 248-227-228
(66,39): 231-212-223
(66,40): 186-184-203
(66,41): 198-201-214
(66,42): 207-205-213
(66,43): 221-215-225
(66,44): 226-225-221
(66,45): 198-192-205
(66,46): 176-179-190
(66,47): 87-103-103
(66,48): 55-83-93
(66,49): 99-117-115
(66,50): 197-179-181
(66,51): 172-138-144
(66,52): 183-157-139
(66,53): 179-161-135
(66,54): 99-99-92
(66,55): 64-98-66
(66,56): 73-116-102
(66,57): 147-179-167
(66,58): 219-225-220
(66,59): 228-232-236
(66,60): 218-227-225
(66,61): 236-232-234
(66,62): 244-243-244
(66,63): 243-245-249
(66,64): 241-245-245
(66,65): 247-248-249
(66,66): 249-250-249
(66,67): 250-250-250
(66,68): 250-250-250
(66,69): 250-250-249
(66,70): 250-250-250
(66,71): 250-250-249
(66,72): 250-250-250
(66,73): 250-250-249
(66,74): 250-250-250
(66,75): 250-250-249
(66,76): 250-250-250
(66,77): 250-250-249
(66,78): 250-250-250
(66,79): 250-250-250
(66,80): 250-250-250
(66,81): 250-250-250
(66,82): 250-250-250
(66,83): 250-250-250
(66,84): 250-250-250
(66,85): 250-250-250
(66,86): 250-250-250
(66,87): 250-250-250
(66,88): 250-250-250
(66,89): 250-250-249
(66,90): 250-250-250
(66,91): 250-250-250
(66,92): 248-250-250
(66,93): 247-250-250
(66,94): 244-247-250
(66,95): 249-250-250
(66,96): 249-250-250
(66,97): 250-250-250
(66,98): 248-250-250
(66,99): 250-250-250
(66,100): 250-250-250
(66,101): 250-250-249
(66,102): 250-250-250
(66,103): 250-250-250
(66,104): 250-249-250
(66,105): 250-250-250
(66,106): 250-250-250
(66,107): 250-250-250
(66,108): 250-250-250
(66,109): 250-250-250
(66,110): 250-250-250
(66,111): 250-250-250
(66,112): 250-250-250
(66,113): 250-250-250
(66,114): 250-250-250
(66,115): 250-250-250
(66,116): 250-250-250
(66,117): 250-250-250
(66,118): 250-250-250
(66,119): 250-250-250
(66,120): 250-250-250
(66,121): 250-250-250
(66,122): 250-250-250
(66,123): 250-250-250
(66,124): 250-250-250
(66,125): 250-250-242
(66,126): 241-218-187
(66,127): 226-187-155
(67,0): 171-203-244
(67,1): 203-234-250
(67,2): 244-250-250
(67,3): 250-250-250
(67,4): 250-250-250
(67,5): 250-250-250
(67,6): 250-250-250
(67,7): 250-250-250
(67,8): 250-250-250
(67,9): 250-250-250
(67,10): 250-250-250
(67,11): 250-250-250
(67,12): 250-250-250
(67,13): 250-250-250
(67,14): 250-250-250
(67,15): 250-250-250
(67,16): 250-250-250
(67,17): 250-250-250
(67,18): 250-250-250
(67,19): 250-250-250
(67,20): 250-250-250
(67,21): 250-250-250
(67,22): 250-250-250
(67,23): 250-250-250
(67,24): 250-250-250
(67,25): 250-250-250
(67,26): 250-250-250
(67,27): 250-250-250
(67,28): 250-250-250
(67,29): 250-250-250
(67,30): 250-250-250
(67,31): 250-249-250
(67,32): 250-250-250
(67,33): 250-250-249
(67,34): 250-250-250
(67,35): 248-244-245
(67,36): 245-238-236
(67,37): 242-235-240
(67,38): 226-225-238
(67,39): 225-225-229
(67,40): 222-225-235
(67,41): 234-239-247
(67,42): 230-230-242
(67,43): 237-243-249
(67,44): 233-235-243
(67,45): 212-220-226
(67,46): 192-207-216
(67,47): 153-176-169
(67,48): 154-189-173
(67,49): 106-110-86
(67,50): 162-150-135
(67,51): 178-135-128
(67,52): 179-136-94
(67,53): 156-124-98
(67,54): 103-98-76
(67,55): 105-104-86
(67,56): 162-172-156
(67,57): 213-226-230
(67,58): 233-235-241
(67,59): 237-247-246
(67,60): 238-241-242
(67,61): 245-247-249
(67,62): 247-248-250
(67,63): 250-250-250
(67,64): 249-250-250
(67,65): 250-250-250
(67,66): 249-250-250
(67,67): 250-250-250
(67,68): 249-250-250
(67,69): 250-250-250
(67,70): 249-250-250
(67,71): 250-250-250
(67,72): 249-250-250
(67,73): 250-250-250
(67,74): 250-250-250
(67,75): 250-250-250
(67,76): 250-250-250
(67,77): 250-250-250
(67,78): 250-250-250
(67,79): 250-250-250
(67,80): 250-250-250
(67,81): 250-250-250
(67,82): 250-250-250
(67,83): 250-250-250
(67,84): 250-250-250
(67,85): 250-250-250
(67,86): 250-250-250
(67,87): 250-250-250
(67,88): 250-250-250
(67,89): 250-250-250
(67,90): 249-250-250
(67,91): 250-250-250
(67,92): 249-250-250
(67,93): 250-250-250
(67,94): 248-250-250
(67,95): 250-250-250
(67,96): 248-250-250
(67,97): 250-250-250
(67,98): 249-250-250
(67,99): 250-250-250
(67,100): 249-250-250
(67,101): 250-250-250
(67,102): 249-250-250
(67,103): 250-250-250
(67,104): 249-250-250
(67,105): 250-250-250
(67,106): 250-250-250
(67,107): 250-250-250
(67,108): 250-250-250
(67,109): 250-250-250
(67,110): 250-250-250
(67,111): 250-250-250
(67,112): 250-250-250
(67,113): 250-250-250
(67,114): 250-250-250
(67,115): 250-250-250
(67,116): 250-250-250
(67,117): 250-250-250
(67,118): 250-250-250
(67,119): 250-250-250
(67,120): 250-250-250
(67,121): 250-250-250
(67,122): 250-250-250
(67,123): 250-250-250
(67,124): 250-250-246
(67,125): 250-242-230
(67,126): 218-187-163
(67,127): 187-155-116
(68,0): 136-175-203
(68,1): 185-203-232
(68,2): 244-250-250
(68,3): 250-250-250
(68,4): 250-250-250
(68,5): 250-250-247
(68,6): 250-250-250
(68,7): 250-250-247
(68,8): 250-250-250
(68,9): 250-250-247
(68,10): 250-250-250
(68,11): 250-250-247
(68,12): 250-250-250
(68,13): 250-250-247
(68,14): 250-250-250
(68,15): 250-250-247
(68,16): 250-250-250
(68,17): 250-250-247
(68,18): 250-250-250
(68,19): 250-250-247
(68,20): 250-250-250
(68,21): 250-250-247
(68,22): 250-250-250
(68,23): 250-250-247
(68,24): 250-250-250
(68,25): 250-250-247
(68,26): 250-250-250
(68,27): 250-250-247
(68,28): 250-250-250
(68,29): 250-250-247
(68,30): 250-250-250
(68,31): 250-250-247
(68,32): 250-250-250
(68,33): 250-250-246
(68,34): 250-250-250
(68,35): 250-250-247
(68,36): 250-250-250
(68,37): 250-249-248
(68,38): 250-250-249
(68,39): 250-249-250
(68,40): 250-250-250
(68,41): 250-249-248
(68,42): 250-250-249
(68,43): 250-249-250
(68,44): 250-250-247
(68,45): 227-226-222
(68,46): 212-225-214
(68,47): 196-212-200
(68,48): 212-210-188
(68,49): 120-112-85
(68,50): 114-97-73
(68,51): 133-90-36
(68,52): 152-117-77
(68,53): 169-139-97
(68,54): 175-162-141
(68,55): 190-192-184
(68,56): 242-235-227
(68,57): 236-229-233
(68,58): 241-245-237
(68,59): 250-248-244
(68,60): 250-250-250
(68,61): 250-250-247
(68,62): 250-250-250
(68,63): 250-250-247
(68,64): 250-250-250
(68,65): 250-250-246
(68,66): 250-250-250
(68,67): 250-250-247
(68,68): 250-250-250
(68,69): 250-250-247
(68,70): 250-250-250
(68,71): 250-250-247
(68,72): 250-250-250
(68,73): 250-250-247
(68,74): 250-250-250
(68,75): 250-250-247
(68,76): 250-250-250
(68,77): 250-250-247
(68,78): 250-250-250
(68,79): 250-250-247
(68,80): 250-250-250
(68,81): 250-250-247
(68,82): 250-250-250
(68,83): 250-250-247
(68,84): 250-250-250
(68,85): 250-250-247
(68,86): 250-250-250
(68,87): 250-250-247
(68,88): 250-250-250
(68,89): 250-250-247
(68,90): 250-250-250
(68,91): 250-250-247
(68,92): 250-250-250
(68,93): 250-250-247
(68,94): 250-250-250
(68,95): 250-250-247
(68,96): 250-250-250
(68,97): 250-250-247
(68,98): 250-250-250
(68,99): 250-250-247
(68,100): 250-250-250
(68,101): 250-250-247
(68,102): 250-250-250
(68,103): 250-250-247
(68,104): 250-250-250
(68,105): 250-250-247
(68,106): 250-250-250
(68,107): 250-250-247
(68,108): 250-250-250
(68,109): 250-250-247
(68,110): 250-250-250
(68,111): 250-250-247
(68,112): 250-250-250
(68,113): 250-250-247
(68,114): 250-250-250
(68,115): 250-250-247
(68,116): 250-250-250
(68,117): 250-250-247
(68,118): 250-250-250
(68,119): 250-250-247
(68,120): 250-250-250
(68,121): 250-250-247
(68,122): 250-250-250
(68,123): 250-250-247
(68,124): 250-250-250
(68,125): 250-250-239
(68,126): 247-222-187
(68,127): 229-187-153
(69,0): 173-203-236
(69,1): 203-230-242
(69,2): 250-250-250
(69,3): 250-250-244
(69,4): 250-250-244
(69,5): 250-244-235
(69,6): 250-250-244
(69,7): 250-244-235
(69,8): 250-250-244
(69,9): 250-244-235
(69,10): 250-250-244
(69,11): 250-244-235
(69,12): 250-250-244
(69,13): 250-244-235
(69,14): 250-250-244
(69,15): 250-244-235
(69,16): 250-250-244
(69,17): 250-244-235
(69,18): 250-250-244
(69,19): 250-244-235
(69,20): 250-250-244
(69,21): 250-244-235
(69,22): 250-250-244
(69,23): 250-244-235
(69,24): 250-250-244
(69,25): 250-244-235
(69,26): 250-250-244
(69,27): 250-244-235
(69,28): 250-250-244
(69,29): 250-244-235
(69,30): 250-250-244
(69,31): 250-244-235
(69,32): 250-250-244
(69,33): 250-244-235
(69,34): 250-250-244
(69,35): 250-244-235
(69,36): 250-250-245
(69,37): 250-244-236
(69,38): 250-250-247
(69,39): 250-247-239
(69,40): 250-250-247
(69,41): 250-245-238
(69,42): 250-249-245
(69,43): 250-247-239
(69,44): 250-249-246
(69,45): 233-234-222
(69,46): 238-238-227
(69,47): 220-223-205
(69,48): 249-230-218
(69,49): 221-199-181
(69,50): 228-195-152
(69,51): 189-153-96
(69,52): 214-183-129
(69,53): 206-172-134
(69,54): 250-227-210
(69,55): 244-239-228
(69,56): 248-233-238
(69,57): 235-230-221
(69,58): 250-245-238
(69,59): 246-244-235
(69,60): 250-249-244
(69,61): 246-247-240
(69,62): 250-250-244
(69,63): 246-243-233
(69,64): 250-250-244
(69,65): 250-244-236
(69,66): 250-250-244
(69,67): 250-244-235
(69,68): 250-250-244
(69,69): 250-244-235
(69,70): 250-250-244
(69,71): 250-244-235
(69,72): 250-250-244
(69,73): 250-244-235
(69,74): 250-250-244
(69,75): 250-244-235
(69,76): 250-250-244
(69,77): 250-244-235
(69,78): 250-250-244
(69,79): 250-244-235
(69,80): 250-250-244
(69,81): 250-244-235
(69,82): 250-250-244
(69,83): 250-244-235
(69,84): 250-250-244
(69,85): 250-244-235
(69,86): 250-250-244
(69,87): 250-244-235
(69,88): 250-250-244
(69,89): 250-244-235
(69,90): 250-250-244
(69,91): 250-244-235
(69,92): 250-250-244
(69,93): 250-244-235
(69,94): 250-250-244
(69,95): 250-244-235
(69,96): 250-250-244
(69,97): 250-244-235
(69,98): 250-250-244
(69,99): 250-244-235
(69,100): 250-250-244
(69,101): 250-244-235
(69,102): 250-250-244
(69,103): 250-244-235
(69,104): 250-250-244
(69,105): 250-244-235
(69,106): 250-250-244
(69,107): 250-244-235
(69,108): 250-250-244
(69,109): 250-244-235
(69,110): 250-250-244
(69,111): 250-244-235
(69,112): 250-250-244
(69,113): 250-244-235
(69,114): 250-250-244
(69,115): 250-244-235
(69,116): 250-250-244
(69,117): 250-244-235
(69,118): 250-250-244
(69,119): 250-244-235
(69,120): 250-250-244
(69,121): 250-244-235
(69,122): 250-250-244
(69,123): 250-244-235
(69,124): 250-250-240
(69,125): 250-236-219
(69,126): 226-187-161
(69,127): 187-151-114
(70,0): 145-171-171
(70,1): 177-171-177
(70,2): 242-230-203
(70,3): 232-203-185
(70,4): 250-234-203
(70,5): 234-203-181
(70,6): 250-234-203
(70,7): 234-203-181
(70,8): 250-234-203
(70,9): 234-203-181
(70,10): 250-234-203
(70,11): 234-203-181
(70,12): 250-234-203
(70,13): 234-203-181
(70,14): 250-234-203
(70,15): 234-203-181
(70,16): 250-234-203
(70,17): 234-203-181
(70,18): 250-234-203
(70,19): 234-203-181
(70,20): 250-234-203
(70,21): 234-203-181
(70,22): 250-234-203
(70,23): 234-203-181
(70,24): 250-234-203
(70,25): 234-203-181
(70,26): 250-234-203
(70,27): 234-203-181
(70,28): 250-234-203
(70,29): 234-203-181
(70,30): 250-234-203
(70,31): 234-203-181
(70,32): 250-234-203
(70,33): 234-203-181
(70,34): 250-234-203
(70,35): 234-203-181
(70,36): 250-234-203
(70,37): 234-203-181
(70,38): 250-234-203
(70,39): 234-203-181
(70,40): 250-234-203
(70,41): 234-203-181
(70,42): 250-234-203
(70,43): 234-203-181
(70,44): 250-235-203
(70,45): 227-201-177
(70,46): 246-227-191
(70,47): 210-179-152
(70,48): 237-213-173
(70,49): 220-172-134
(70,50): 250-219-160
(70,51): 212-172-116
(70,52): 205-173-114
(70,53): 182-122-85
(70,54): 250-218-180
(70,55): 230-190-171
(70,56): 250-227-196
(70,57): 228-198-177
(70,58): 250-233-202
(70,59): 230-203-182
(70,60): 245-234-203
(70,61): 217-203-181
(70,62): 245-234-203
(70,63): 230-203-181
(70,64): 250-234-203
(70,65): 234-203-181
(70,66): 250-234-203
(70,67): 234-203-181
(70,68): 250-234-203
(70,69): 234-203-181
(70,70): 250-234-203
(70,71): 234-203-181
(70,72): 250-234-203
(70,73): 234-203-181
(70,74): 250-234-203
(70,75): 234-203-181
(70,76): 250-234-203
(70,77): 234-203-181
(70,78): 250-234-203
(70,79): 234-203-181
(70,80): 250-234-203
(70,81): 234-203-181
(70,82): 250-234-203
(70,83): 234-203-181
(70,84): 250-234-203
(70,85): 234-203-181
(70,86): 250-234-203
(70,87): 234-203-181
(70,88): 250-234-203
(70,89): 234-203-181
(70,90): 250-234-203
(70,91): 234-203-181
(70,92): 250-234-203
(70,93): 234-203-181
(70,94): 250-234-203
(70,95): 234-203-181
(70,96): 250-234-203
(70,97): 234-203-181
(70,98): 250-234-203
(70,99): 234-203-181
(70,100): 250-234-203
(70,101): 234-203-181
(70,102): 250-234-203
(70,103): 234-203-181
(70,104): 250-234-203
(70,105): 234-203-181
(70,106): 250-234-203
(70,107): 234-203-181
(70,108): 250-234-203
(70,109): 234-203-181
(70,110): 250-234-203
(70,111): 234-203-181
(70,112): 250-234-203
(70,113): 234-203-181
(70,114): 250-234-203
(70,115): 234-203-181
(70,116): 250-234-203
(70,117): 234-203-181
(70,118): 250-234-203
(70,119): 234-203-181
(70,120): 250-234-203
(70,121): 234-203-181
(70,122): 250-234-203
(70,123): 234-203-181
(70,124): 250-240-203
(70,125): 245-203-177
(70,126): 242-204-156
(70,127): 215-156-118
(71,0): 158-171-158
(71,1): 171-171-145
(71,2): 236-203-173
(71,3): 203-175-136
(71,4): 244-203-171
(71,5): 203-171-130
(71,6): 244-203-171
(71,7): 203-171-130
(71,8): 244-203-171
(71,9): 203-171-130
(71,10): 244-203-171
(71,11): 203-171-130
(71,12): 244-203-171
(71,13): 203-171-130
(71,14): 244-203-171
(71,15): 203-171-130
(71,16): 244-203-171
(71,17): 203-171-130
(71,18): 244-203-171
(71,19): 203-171-130
(71,20): 244-203-171
(71,21): 203-171-130
(71,22): 244-203-171
(71,23): 203-171-130
(71,24): 244-203-171
(71,25): 203-171-130
(71,26): 244-203-171
(71,27): 203-171-130
(71,28): 244-203-171
(71,29): 203-171-130
(71,30): 244-203-171
(71,31): 203-171-130
(71,32): 244-203-171
(71,33): 203-171-130
(71,34): 244-203-171
(71,35): 203-171-130
(71,36): 244-203-171
(71,37): 203-171-130
(71,38): 244-203-171
(71,39): 203-171-130
(71,40): 244-203-171
(71,41): 203-171-130
(71,42): 243-203-171
(71,43): 203-171-130
(71,44): 244-203-172
(71,45): 203-173-131
(71,46): 246-203-170
(71,47): 201-167-126
(71,48): 240-196-161
(71,49): 194-160-112
(71,50): 239-197-160
(71,51): 200-169-109
(71,52): 248-199-146
(71,53): 198-153-108
(71,54): 250-200-172
(71,55): 202-168-124
(71,56): 244-202-171
(71,57): 203-172-132
(71,58): 242-203-172
(71,59): 199-174-133
(71,60): 226-203-171
(71,61): 173-158-110
(71,62): 227-203-171
(71,63): 199-174-134
(71,64): 242-203-171
(71,65): 203-172-131
(71,66): 244-203-171
(71,67): 203-171-130
(71,68): 244-203-171
(71,69): 203-171-130
(71,70): 244-203-171
(71,71): 203-171-130
(71,72): 244-203-171
(71,73): 203-171-130
(71,74): 244-203-171
(71,75): 203-171-130
(71,76): 244-203-171
(71,77): 203-171-130
(71,78): 244-203-171
(71,79): 203-171-130
(71,80): 244-203-171
(71,81): 203-171-130
(71,82): 244-203-171
(71,83): 203-171-130
(71,84): 244-203-171
(71,85): 203-171-130
(71,86): 244-203-171
(71,87): 203-171-130
(71,88): 244-203-171
(71,89): 203-171-130
(71,90): 244-203-171
(71,91): 203-171-130
(71,92): 244-203-171
(71,93): 203-171-130
(71,94): 244-203-171
(71,95): 203-171-130
(71,96): 244-203-171
(71,97): 203-171-130
(71,98): 244-203-171
(71,99): 203-171-130
(71,100): 244-203-171
(71,101): 203-171-130
(71,102): 244-203-171
(71,103): 203-171-130
(71,104): 244-203-171
(71,105): 203-171-130
(71,106): 244-203-171
(71,107): 203-171-130
(71,108): 244-203-171
(71,109): 203-171-130
(71,110): 244-203-171
(71,111): 203-171-130
(71,112): 244-203-171
(71,113): 203-171-130
(71,114): 244-203-171
(71,115): 203-171-130
(71,116): 244-203-171
(71,117): 203-171-130
(71,118): 244-203-171
(71,119): 203-171-130
(71,120): 244-203-171
(71,121): 203-171-130
(71,122): 244-203-171
(71,123): 203-171-130
(71,124): 249-203-168
(71,125): 203-165-127
(71,126): 218-156-119
(71,127): 156-107-82
