(0,0):159-191-250 (255))
(0,1):207-250-250 (255))
(0,2):175-223-250 (255))
(0,3):223-250-250 (255))
(0,4):175-223-250 (255))
(0,5):223-250-250 (255))
(0,6):175-223-250 (255))
(0,7):223-250-250 (255))
(0,8):175-223-250 (255))
(0,9):223-250-250 (255))
(0,10):175-223-250 (255))
(0,11):223-250-250 (255))
(0,12):175-223-250 (255))
(0,13):223-250-250 (255))
(0,14):175-223-250 (255))
(0,15):223-250-250 (255))
(0,16):175-223-250 (255))
(0,17):223-250-250 (255))
(0,18):175-223-250 (255))
(0,19):223-250-250 (255))
(0,20):175-223-250 (255))
(0,21):223-250-250 (255))
(0,22):175-223-250 (255))
(0,23):223-250-250 (255))
(0,24):175-223-250 (255))
(0,25):223-250-250 (255))
(0,26):175-223-250 (255))
(0,27):223-250-250 (255))
(0,28):175-223-250 (255))
(0,29):223-250-250 (255))
(0,30):175-223-250 (255))
(0,31):223-250-250 (255))
(0,32):175-223-250 (255))
(0,33):223-250-250 (255))
(0,34):175-223-250 (255))
(0,35):223-250-250 (255))
(0,36):175-223-250 (255))
(0,37):223-250-250 (255))
(0,38):175-223-250 (255))
(0,39):223-250-250 (255))
(0,40):175-223-250 (255))
(0,41):223-250-250 (255))
(0,42):175-223-250 (255))
(0,43):223-250-250 (255))
(0,44):175-223-250 (255))
(0,45):223-250-250 (255))
(0,46):175-223-250 (255))
(0,47):223-250-250 (255))
(0,48):175-223-250 (255))
(0,49):223-250-250 (255))
(0,50):175-223-250 (255))
(0,51):223-250-250 (255))
(0,52):175-223-250 (255))
(0,53):223-250-250 (255))
(0,54):175-223-250 (255))
(0,55):223-250-250 (255))
(0,56):175-223-250 (255))
(0,57):223-250-250 (255))
(0,58):175-223-250 (255))
(0,59):223-250-250 (255))
(0,60):175-223-250 (255))
(0,61):223-250-250 (255))
(0,62):175-223-250 (255))
(0,63):223-250-250 (255))
(0,64):175-223-250 (255))
(0,65):223-250-250 (255))
(0,66):175-223-250 (255))
(0,67):223-250-250 (255))
(0,68):175-223-250 (255))
(0,69):223-250-250 (255))
(0,70):175-223-250 (255))
(0,71):223-250-250 (255))
(0,72):175-223-250 (255))
(0,73):223-250-250 (255))
(0,74):175-223-250 (255))
(0,75):223-250-250 (255))
(0,76):175-223-250 (255))
(0,77):223-250-250 (255))
(0,78):175-223-250 (255))
(0,79):223-250-250 (255))
(0,80):175-223-250 (255))
(0,81):222-250-250 (255))
(0,82):175-222-250 (255))
(0,83):223-250-250 (255))
(0,84):175-223-250 (255))
(0,85):222-250-250 (255))
(0,86):174-222-250 (254))
(0,87):222-250-250 (254))
(0,88):175-223-250 (255))
(0,89):223-250-250 (255))
(0,90):174-222-250 (254))
(0,91):222-250-250 (255))
(0,92):175-223-250 (255))
(0,93):222-250-250 (255))
(0,94):175-222-250 (255))
(0,95):222-250-250 (254))
(0,96):175-222-250 (255))
(0,97):223-250-250 (255))
(0,98):175-223-250 (255))
(0,99):223-250-250 (255))
(0,100):175-223-250 (255))
(0,101):223-250-250 (255))
(0,102):175-223-250 (255))
(0,103):223-250-250 (255))
(0,104):175-223-250 (255))
(0,105):223-250-250 (255))
(0,106):175-223-250 (255))
(0,107):223-250-250 (255))
(0,108):175-223-250 (255))
(0,109):223-250-250 (255))
(0,110):175-223-250 (255))
(0,111):223-250-250 (255))
(0,112):175-223-250 (255))
(0,113):223-250-250 (255))
(0,114):175-223-250 (255))
(0,115):223-250-250 (255))
(0,116):175-223-250 (255))
(0,117):223-250-250 (255))
(0,118):175-223-250 (255))
(0,119):223-250-250 (255))
(0,120):175-223-250 (255))
(0,121):223-250-250 (255))
(0,122):175-223-250 (255))
(0,123):223-250-250 (255))
(0,124):175-223-250 (255))
(0,125):223-250-250 (255))
(0,126):223-250-250 (255))
(0,127):239-250-239 (255))
(1,0):207-250-250 (255))
(1,1):250-250-250 (255))
(1,2):239-250-250 (255))
(1,3):250-250-250 (255))
(1,4):239-250-250 (255))
(1,5):250-250-250 (255))
(1,6):239-250-250 (255))
(1,7):250-250-250 (255))
(1,8):239-250-250 (255))
(1,9):250-250-250 (255))
(1,10):239-250-250 (255))
(1,11):250-250-250 (255))
(1,12):239-250-250 (255))
(1,13):250-250-250 (255))
(1,14):239-250-250 (255))
(1,15):250-250-250 (255))
(1,16):239-250-250 (255))
(1,17):250-250-250 (255))
(1,18):239-250-250 (255))
(1,19):250-250-250 (255))
(1,20):239-250-250 (255))
(1,21):250-250-250 (255))
(1,22):239-250-250 (255))
(1,23):250-250-250 (255))
(1,24):239-250-250 (255))
(1,25):250-250-250 (255))
(1,26):239-250-250 (255))
(1,27):250-250-250 (255))
(1,28):239-250-250 (255))
(1,29):250-250-250 (255))
(1,30):239-250-250 (255))
(1,31):250-250-250 (255))
(1,32):239-250-250 (255))
(1,33):250-250-250 (255))
(1,34):239-250-250 (255))
(1,35):250-250-250 (255))
(1,36):239-250-250 (255))
(1,37):250-250-250 (255))
(1,38):239-250-250 (255))
(1,39):250-250-250 (255))
(1,40):239-250-250 (255))
(1,41):250-250-250 (255))
(1,42):239-250-250 (255))
(1,43):250-250-250 (255))
(1,44):239-250-250 (255))
(1,45):250-250-250 (255))
(1,46):239-250-250 (255))
(1,47):250-250-250 (255))
(1,48):239-250-250 (255))
(1,49):250-250-250 (255))
(1,50):239-250-250 (255))
(1,51):250-250-250 (255))
(1,52):239-250-250 (255))
(1,53):250-250-250 (255))
(1,54):239-250-250 (255))
(1,55):250-250-250 (255))
(1,56):239-250-250 (255))
(1,57):250-250-250 (255))
(1,58):239-250-250 (255))
(1,59):250-250-250 (255))
(1,60):239-250-250 (255))
(1,61):250-250-250 (255))
(1,62):239-250-250 (255))
(1,63):250-250-250 (255))
(1,64):239-250-250 (255))
(1,65):250-250-250 (255))
(1,66):239-250-250 (255))
(1,67):250-250-250 (255))
(1,68):239-250-250 (255))
(1,69):250-250-250 (255))
(1,70):239-250-250 (255))
(1,71):250-250-250 (255))
(1,72):239-250-250 (255))
(1,73):250-250-250 (255))
(1,74):239-250-250 (255))
(1,75):250-250-250 (255))
(1,76):239-250-250 (255))
(1,77):250-250-250 (255))
(1,78):239-250-250 (255))
(1,79):250-250-250 (255))
(1,80):238-250-250 (255))
(1,81):250-250-250 (254))
(1,82):237-250-250 (253))
(1,83):250-250-250 (255))
(1,84):239-250-250 (255))
(1,85):250-250-250 (254))
(1,86):239-250-250 (255))
(1,87):250-250-250 (255))
(1,88):239-250-250 (255))
(1,89):250-250-250 (255))
(1,90):238-250-250 (255))
(1,91):250-250-250 (254))
(1,92):238-250-250 (255))
(1,93):250-250-250 (254))
(1,94):239-250-250 (255))
(1,95):250-250-250 (255))
(1,96):239-250-250 (255))
(1,97):250-250-250 (255))
(1,98):239-250-250 (255))
(1,99):250-250-250 (255))
(1,100):239-250-250 (255))
(1,101):250-250-250 (255))
(1,102):239-250-250 (255))
(1,103):250-250-250 (255))
(1,104):239-250-250 (255))
(1,105):250-250-250 (255))
(1,106):239-250-250 (255))
(1,107):250-250-250 (255))
(1,108):239-250-250 (255))
(1,109):250-250-250 (255))
(1,110):239-250-250 (255))
(1,111):250-250-250 (255))
(1,112):239-250-250 (255))
(1,113):250-250-250 (255))
(1,114):239-250-250 (255))
(1,115):250-250-250 (255))
(1,116):239-250-250 (255))
(1,117):250-250-250 (255))
(1,118):239-250-250 (255))
(1,119):250-250-250 (255))
(1,120):239-250-250 (255))
(1,121):250-250-250 (255))
(1,122):239-250-250 (255))
(1,123):250-250-250 (255))
(1,124):239-250-250 (255))
(1,125):250-250-250 (255))
(1,126):250-250-250 (255))
(1,127):250-250-223 (255))
(2,0):175-223-250 (255))
(2,1):239-250-250 (255))
(2,2):250-250-250 (255))
(2,3):250-250-250 (255))
(2,4):250-250-250 (255))
(2,5):250-250-250 (255))
(2,6):250-250-250 (255))
(2,7):250-250-250 (255))
(2,8):250-250-250 (255))
(2,9):250-250-250 (255))
(2,10):250-250-250 (255))
(2,11):250-250-250 (255))
(2,12):250-250-250 (255))
(2,13):250-250-250 (255))
(2,14):250-250-250 (255))
(2,15):250-250-250 (255))
(2,16):250-250-250 (255))
(2,17):250-250-250 (255))
(2,18):250-250-250 (255))
(2,19):250-250-250 (255))
(2,20):250-250-250 (255))
(2,21):250-250-250 (255))
(2,22):250-250-250 (255))
(2,23):250-250-250 (255))
(2,24):250-250-250 (255))
(2,25):250-250-250 (255))
(2,26):250-250-250 (255))
(2,27):250-250-250 (255))
(2,28):250-250-250 (255))
(2,29):250-250-250 (255))
(2,30):250-250-250 (255))
(2,31):250-250-250 (255))
(2,32):250-250-250 (255))
(2,33):250-250-250 (255))
(2,34):250-250-250 (255))
(2,35):250-250-250 (255))
(2,36):250-250-250 (255))
(2,37):250-250-250 (255))
(2,38):250-250-250 (255))
(2,39):250-250-250 (255))
(2,40):250-250-250 (255))
(2,41):250-250-250 (255))
(2,42):250-250-250 (255))
(2,43):250-250-250 (255))
(2,44):250-250-250 (255))
(2,45):250-250-250 (255))
(2,46):250-250-250 (255))
(2,47):250-250-250 (255))
(2,48):250-250-250 (255))
(2,49):250-250-250 (255))
(2,50):250-250-250 (255))
(2,51):250-250-250 (255))
(2,52):250-250-250 (255))
(2,53):250-250-250 (255))
(2,54):250-250-250 (255))
(2,55):250-250-250 (255))
(2,56):250-250-250 (255))
(2,57):250-250-250 (255))
(2,58):250-250-250 (255))
(2,59):250-250-250 (255))
(2,60):250-250-250 (255))
(2,61):250-250-250 (255))
(2,62):250-250-250 (255))
(2,63):250-250-250 (255))
(2,64):250-250-250 (255))
(2,65):250-250-250 (255))
(2,66):250-250-250 (255))
(2,67):250-250-250 (255))
(2,68):250-250-250 (255))
(2,69):250-250-250 (255))
(2,70):250-250-250 (255))
(2,71):250-250-250 (255))
(2,72):250-250-250 (255))
(2,73):250-250-250 (255))
(2,74):250-250-250 (255))
(2,75):250-250-250 (255))
(2,76):250-250-250 (255))
(2,77):250-250-250 (255))
(2,78):250-250-250 (255))
(2,79):250-250-250 (255))
(2,80):250-250-250 (255))
(2,81):250-250-250 (255))
(2,82):250-250-250 (255))
(2,83):250-250-250 (253))
(2,84):250-250-250 (254))
(2,85):250-250-250 (255))
(2,86):250-250-250 (255))
(2,87):250-250-250 (252))
(2,88):250-250-250 (255))
(2,89):250-250-250 (254))
(2,90):250-250-250 (255))
(2,91):250-250-250 (254))
(2,92):250-250-250 (255))
(2,93):250-250-250 (253))
(2,94):250-250-250 (255))
(2,95):250-250-250 (254))
(2,96):250-250-250 (255))
(2,97):250-250-250 (255))
(2,98):250-250-250 (255))
(2,99):250-250-250 (255))
(2,100):250-250-250 (255))
(2,101):250-250-250 (255))
(2,102):250-250-250 (255))
(2,103):250-250-250 (255))
(2,104):250-250-250 (255))
(2,105):250-250-250 (255))
(2,106):250-250-250 (255))
(2,107):250-250-250 (255))
(2,108):250-250-250 (255))
(2,109):250-250-250 (255))
(2,110):250-250-250 (255))
(2,111):250-250-250 (255))
(2,112):250-250-250 (255))
(2,113):250-250-250 (255))
(2,114):250-250-250 (255))
(2,115):250-250-250 (255))
(2,116):250-250-250 (255))
(2,117):250-250-250 (255))
(2,118):250-250-250 (255))
(2,119):250-250-250 (255))
(2,120):250-250-250 (255))
(2,121):250-250-250 (255))
(2,122):250-250-250 (255))
(2,123):250-250-250 (255))
(2,124):250-250-250 (255))
(2,125):250-250-250 (255))
(2,126):250-250-250 (255))
(2,127):250-250-223 (255))
(3,0):223-250-250 (255))
(3,1):250-250-250 (255))
(3,2):250-250-250 (255))
(3,3):250-250-250 (255))
(3,4):250-250-250 (255))
(3,5):250-250-250 (255))
(3,6):250-250-250 (255))
(3,7):250-250-250 (255))
(3,8):250-250-250 (255))
(3,9):250-250-250 (255))
(3,10):250-250-250 (255))
(3,11):250-250-250 (255))
(3,12):250-250-250 (255))
(3,13):250-250-250 (255))
(3,14):250-250-250 (255))
(3,15):250-250-250 (255))
(3,16):250-250-250 (255))
(3,17):250-250-250 (255))
(3,18):250-250-250 (255))
(3,19):250-250-250 (255))
(3,20):250-250-250 (255))
(3,21):250-250-250 (255))
(3,22):250-250-250 (255))
(3,23):250-250-250 (255))
(3,24):250-250-250 (255))
(3,25):250-250-250 (255))
(3,26):250-250-250 (255))
(3,27):250-250-250 (255))
(3,28):250-250-250 (255))
(3,29):250-250-250 (255))
(3,30):250-250-250 (255))
(3,31):250-250-250 (255))
(3,32):250-250-250 (255))
(3,33):250-250-250 (255))
(3,34):250-250-250 (255))
(3,35):250-250-250 (255))
(3,36):250-250-250 (255))
(3,37):250-250-250 (255))
(3,38):250-250-250 (255))
(3,39):250-250-250 (255))
(3,40):250-250-250 (255))
(3,41):250-250-250 (255))
(3,42):250-250-250 (255))
(3,43):250-250-250 (255))
(3,44):250-250-250 (255))
(3,45):250-250-250 (255))
(3,46):250-250-250 (255))
(3,47):250-250-250 (255))
(3,48):250-250-250 (255))
(3,49):250-250-250 (255))
(3,50):250-250-250 (255))
(3,51):250-250-250 (255))
(3,52):250-250-250 (255))
(3,53):250-250-250 (255))
(3,54):250-250-250 (255))
(3,55):250-250-250 (255))
(3,56):250-250-250 (255))
(3,57):250-250-250 (255))
(3,58):250-250-250 (255))
(3,59):250-250-250 (255))
(3,60):250-250-250 (255))
(3,61):250-250-250 (255))
(3,62):250-250-250 (255))
(3,63):250-250-250 (255))
(3,64):250-250-250 (255))
(3,65):250-250-250 (255))
(3,66):250-250-250 (255))
(3,67):250-250-250 (255))
(3,68):250-250-250 (255))
(3,69):250-250-250 (255))
(3,70):250-250-250 (255))
(3,71):250-250-250 (255))
(3,72):250-250-250 (255))
(3,73):250-250-250 (255))
(3,74):250-250-250 (255))
(3,75):250-250-250 (255))
(3,76):250-250-250 (255))
(3,77):250-250-250 (255))
(3,78):250-250-250 (255))
(3,79):250-250-250 (255))
(3,80):250-250-250 (255))
(3,81):250-250-250 (254))
(3,82):250-250-250 (254))
(3,83):250-250-250 (255))
(3,84):250-250-250 (255))
(3,85):250-250-250 (254))
(3,86):250-250-250 (255))
(3,87):250-250-250 (255))
(3,88):250-250-250 (255))
(3,89):250-250-250 (252))
(3,90):250-250-250 (255))
(3,91):250-250-250 (255))
(3,92):250-250-250 (255))
(3,93):250-250-250 (255))
(3,94):250-250-250 (255))
(3,95):250-250-250 (254))
(3,96):250-250-250 (255))
(3,97):250-250-250 (255))
(3,98):250-250-250 (255))
(3,99):250-250-250 (255))
(3,100):250-250-250 (255))
(3,101):250-250-250 (255))
(3,102):250-250-250 (255))
(3,103):250-250-250 (255))
(3,104):250-250-250 (255))
(3,105):250-250-250 (255))
(3,106):250-250-250 (255))
(3,107):250-250-250 (255))
(3,108):250-250-250 (255))
(3,109):250-250-250 (255))
(3,110):250-250-250 (255))
(3,111):250-250-250 (255))
(3,112):250-250-250 (255))
(3,113):250-250-250 (255))
(3,114):250-250-250 (255))
(3,115):250-250-250 (255))
(3,116):250-250-250 (255))
(3,117):250-250-250 (255))
(3,118):250-250-250 (255))
(3,119):250-250-250 (255))
(3,120):250-250-250 (255))
(3,121):250-250-250 (255))
(3,122):250-250-250 (255))
(3,123):250-250-250 (255))
(3,124):250-250-250 (255))
(3,125):250-250-250 (255))
(3,126):250-250-239 (255))
(3,127):250-223-175 (255))
(4,0):175-223-250 (255))
(4,1):239-250-250 (255))
(4,2):250-250-250 (255))
(4,3):250-250-250 (255))
(4,4):250-250-250 (255))
(4,5):250-250-250 (255))
(4,6):250-250-250 (255))
(4,7):250-250-250 (255))
(4,8):250-250-250 (255))
(4,9):250-250-250 (255))
(4,10):250-250-250 (255))
(4,11):250-250-250 (255))
(4,12):250-250-250 (255))
(4,13):250-250-250 (255))
(4,14):250-250-250 (255))
(4,15):250-250-250 (255))
(4,16):250-250-250 (255))
(4,17):250-250-250 (255))
(4,18):250-250-250 (255))
(4,19):250-250-250 (255))
(4,20):250-250-250 (255))
(4,21):250-250-250 (255))
(4,22):250-250-250 (255))
(4,23):250-250-250 (255))
(4,24):250-250-250 (255))
(4,25):250-250-250 (255))
(4,26):250-250-250 (255))
(4,27):250-250-250 (255))
(4,28):250-250-250 (255))
(4,29):250-250-250 (255))
(4,30):250-250-250 (255))
(4,31):250-250-250 (255))
(4,32):250-250-250 (255))
(4,33):250-250-250 (255))
(4,34):250-250-250 (255))
(4,35):250-250-250 (255))
(4,36):250-250-250 (255))
(4,37):250-250-250 (255))
(4,38):250-250-250 (255))
(4,39):250-250-250 (255))
(4,40):250-250-250 (255))
(4,41):250-250-250 (255))
(4,42):250-250-250 (255))
(4,43):250-250-250 (255))
(4,44):250-250-250 (255))
(4,45):250-250-250 (255))
(4,46):250-250-250 (255))
(4,47):250-250-250 (255))
(4,48):250-250-250 (255))
(4,49):250-250-250 (255))
(4,50):250-250-250 (255))
(4,51):250-250-250 (255))
(4,52):250-250-250 (255))
(4,53):250-250-250 (255))
(4,54):250-250-250 (255))
(4,55):250-250-250 (255))
(4,56):250-250-250 (255))
(4,57):250-250-250 (255))
(4,58):250-250-250 (255))
(4,59):250-250-250 (255))
(4,60):250-250-250 (255))
(4,61):250-250-250 (255))
(4,62):250-250-250 (255))
(4,63):250-250-250 (255))
(4,64):250-250-250 (255))
(4,65):250-250-250 (255))
(4,66):250-250-250 (255))
(4,67):250-250-250 (255))
(4,68):250-250-250 (255))
(4,69):250-250-250 (255))
(4,70):250-250-250 (255))
(4,71):250-250-250 (255))
(4,72):250-250-250 (255))
(4,73):250-250-250 (255))
(4,74):250-250-250 (255))
(4,75):250-250-250 (255))
(4,76):250-250-250 (255))
(4,77):250-250-250 (255))
(4,78):250-250-250 (255))
(4,79):250-250-250 (255))
(4,80):250-250-250 (253))
(4,81):250-250-250 (255))
(4,82):250-250-250 (255))
(4,83):250-250-250 (255))
(4,84):250-250-250 (255))
(4,85):250-250-250 (255))
(4,86):250-250-250 (255))
(4,87):250-250-250 (254))
(4,88):250-250-250 (255))
(4,89):250-250-250 (254))
(4,90):250-250-250 (255))
(4,91):250-250-250 (253))
(4,92):250-250-250 (255))
(4,93):250-250-250 (255))
(4,94):250-250-250 (255))
(4,95):250-250-250 (255))
(4,96):250-250-250 (255))
(4,97):250-250-250 (255))
(4,98):250-250-250 (255))
(4,99):250-250-250 (255))
(4,100):250-250-250 (255))
(4,101):250-250-250 (255))
(4,102):250-250-250 (255))
(4,103):250-250-250 (255))
(4,104):250-250-250 (255))
(4,105):250-250-250 (255))
(4,106):250-250-250 (255))
(4,107):250-250-250 (255))
(4,108):250-250-250 (255))
(4,109):250-250-250 (255))
(4,110):250-250-250 (255))
(4,111):250-250-250 (255))
(4,112):250-250-250 (255))
(4,113):250-250-250 (255))
(4,114):250-250-250 (255))
(4,115):250-250-250 (255))
(4,116):250-250-250 (255))
(4,117):250-250-250 (255))
(4,118):250-250-250 (255))
(4,119):250-250-250 (255))
(4,120):250-250-250 (255))
(4,121):250-250-250 (255))
(4,122):250-250-250 (255))
(4,123):250-250-250 (255))
(4,124):250-250-250 (255))
(4,125):250-250-250 (255))
(4,126):250-250-250 (255))
(4,127):250-250-223 (255))
(5,0):223-250-250 (255))
(5,1):250-250-250 (255))
(5,2):250-250-250 (255))
(5,3):250-250-250 (255))
(5,4):250-250-250 (255))
(5,5):250-250-250 (255))
(5,6):250-250-250 (255))
(5,7):250-250-250 (255))
(5,8):250-250-250 (255))
(5,9):250-250-250 (255))
(5,10):250-250-250 (255))
(5,11):250-250-250 (255))
(5,12):250-250-250 (255))
(5,13):250-250-250 (255))
(5,14):250-250-250 (255))
(5,15):250-250-250 (255))
(5,16):250-250-250 (255))
(5,17):250-250-250 (255))
(5,18):250-250-250 (255))
(5,19):250-250-250 (255))
(5,20):250-250-250 (255))
(5,21):250-250-250 (255))
(5,22):250-250-250 (255))
(5,23):250-250-250 (255))
(5,24):250-250-250 (255))
(5,25):250-250-250 (255))
(5,26):250-250-250 (255))
(5,27):250-250-250 (255))
(5,28):250-250-250 (255))
(5,29):250-250-250 (255))
(5,30):250-250-250 (255))
(5,31):250-250-250 (255))
(5,32):250-250-250 (255))
(5,33):250-250-250 (255))
(5,34):250-250-250 (255))
(5,35):250-250-250 (255))
(5,36):250-250-250 (255))
(5,37):250-250-250 (255))
(5,38):250-250-250 (255))
(5,39):250-250-250 (255))
(5,40):250-250-250 (255))
(5,41):250-250-250 (255))
(5,42):250-250-250 (255))
(5,43):250-250-250 (255))
(5,44):250-250-250 (255))
(5,45):250-250-250 (255))
(5,46):250-250-250 (255))
(5,47):250-250-250 (255))
(5,48):250-250-250 (255))
(5,49):250-250-250 (255))
(5,50):250-250-250 (255))
(5,51):250-250-250 (255))
(5,52):250-250-250 (255))
(5,53):250-250-250 (255))
(5,54):250-250-250 (255))
(5,55):250-250-250 (255))
(5,56):250-250-250 (255))
(5,57):250-250-250 (255))
(5,58):250-250-250 (255))
(5,59):250-250-250 (255))
(5,60):250-250-250 (255))
(5,61):250-250-250 (255))
(5,62):250-250-250 (255))
(5,63):250-250-250 (255))
(5,64):250-250-250 (255))
(5,65):250-250-250 (255))
(5,66):250-250-250 (255))
(5,67):250-250-250 (255))
(5,68):250-250-250 (255))
(5,69):250-250-250 (255))
(5,70):250-250-250 (255))
(5,71):250-250-250 (255))
(5,72):250-250-250 (255))
(5,73):250-250-250 (255))
(5,74):250-250-250 (255))
(5,75):250-250-250 (255))
(5,76):250-250-250 (255))
(5,77):250-250-250 (255))
(5,78):250-250-250 (255))
(5,79):250-250-250 (255))
(5,80):250-250-250 (255))
(5,81):250-250-250 (255))
(5,82):247-250-250 (253))
(5,83):250-250-250 (253))
(5,84):250-250-250 (254))
(5,85):250-250-250 (255))
(5,86):250-250-250 (255))
(5,87):250-250-250 (255))
(5,88):246-250-250 (251))
(5,89):250-250-250 (255))
(5,90):248-250-250 (253))
(5,91):250-250-250 (255))
(5,92):250-250-250 (255))
(5,93):250-250-250 (255))
(5,94):250-250-250 (254))
(5,95):250-250-250 (254))
(5,96):250-250-250 (254))
(5,97):250-250-250 (254))
(5,98):250-250-250 (255))
(5,99):250-250-250 (255))
(5,100):250-250-250 (255))
(5,101):250-250-250 (255))
(5,102):250-250-250 (255))
(5,103):250-250-250 (255))
(5,104):250-250-250 (255))
(5,105):250-250-250 (255))
(5,106):250-250-250 (255))
(5,107):250-250-250 (255))
(5,108):250-250-250 (255))
(5,109):250-250-250 (255))
(5,110):250-250-250 (255))
(5,111):250-250-250 (255))
(5,112):250-250-250 (255))
(5,113):250-250-250 (255))
(5,114):250-250-250 (255))
(5,115):250-250-250 (255))
(5,116):250-250-250 (255))
(5,117):250-250-250 (255))
(5,118):250-250-250 (255))
(5,119):250-250-250 (255))
(5,120):250-250-250 (255))
(5,121):250-250-250 (255))
(5,122):250-250-250 (255))
(5,123):250-250-250 (255))
(5,124):250-250-250 (255))
(5,125):250-250-250 (255))
(5,126):250-250-239 (255))
(5,127):250-223-175 (255))
(6,0):175-223-250 (255))
(6,1):239-250-250 (255))
(6,2):250-250-250 (255))
(6,3):250-250-250 (255))
(6,4):250-250-250 (255))
(6,5):250-250-250 (255))
(6,6):250-250-250 (255))
(6,7):250-250-250 (255))
(6,8):250-250-250 (255))
(6,9):250-250-250 (255))
(6,10):250-250-250 (255))
(6,11):250-250-250 (255))
(6,12):250-250-250 (255))
(6,13):250-250-250 (255))
(6,14):250-250-250 (255))
(6,15):250-250-250 (255))
(6,16):250-250-250 (255))
(6,17):250-250-250 (255))
(6,18):250-250-250 (255))
(6,19):250-250-250 (255))
(6,20):250-250-250 (255))
(6,21):250-250-250 (255))
(6,22):250-250-250 (255))
(6,23):250-250-250 (255))
(6,24):250-250-250 (255))
(6,25):250-250-250 (255))
(6,26):250-250-250 (255))
(6,27):250-250-250 (255))
(6,28):250-250-250 (255))
(6,29):250-250-250 (255))
(6,30):250-250-250 (255))
(6,31):250-250-250 (255))
(6,32):250-250-250 (255))
(6,33):250-250-250 (255))
(6,34):250-250-250 (255))
(6,35):250-250-250 (255))
(6,36):250-250-250 (255))
(6,37):250-250-250 (255))
(6,38):250-250-250 (255))
(6,39):250-250-250 (255))
(6,40):250-250-250 (255))
(6,41):250-250-250 (255))
(6,42):250-250-250 (255))
(6,43):250-250-250 (255))
(6,44):250-250-250 (255))
(6,45):250-250-250 (255))
(6,46):250-250-250 (255))
(6,47):250-250-250 (255))
(6,48):250-250-250 (255))
(6,49):250-250-250 (255))
(6,50):250-250-250 (255))
(6,51):250-250-250 (255))
(6,52):250-250-250 (255))
(6,53):250-250-250 (255))
(6,54):250-250-250 (255))
(6,55):250-250-250 (255))
(6,56):250-250-250 (255))
(6,57):250-250-250 (255))
(6,58):250-250-250 (255))
(6,59):250-250-250 (255))
(6,60):250-250-250 (255))
(6,61):250-250-250 (255))
(6,62):250-250-250 (255))
(6,63):250-250-250 (255))
(6,64):250-250-250 (255))
(6,65):250-250-250 (255))
(6,66):250-250-250 (255))
(6,67):250-250-250 (255))
(6,68):250-250-250 (255))
(6,69):250-250-250 (255))
(6,70):250-250-250 (255))
(6,71):250-250-250 (255))
(6,72):250-250-250 (255))
(6,73):250-250-250 (255))
(6,74):250-250-250 (255))
(6,75):250-250-250 (254))
(6,76):250-250-250 (254))
(6,77):250-250-250 (254))
(6,78):250-250-250 (254))
(6,79):250-250-247 (254))
(6,80):250-250-250 (254))
(6,81):250-250-250 (253))
(6,82):242-250-250 (250))
(6,83):209-235-250 (235))
(6,84):151-176-203 (203))
(6,85):159-178-205 (178))
(6,86):124-157-185 (185))
(6,87):179-207-235 (207))
(6,88):201-219-237 (237))
(6,89):245-250-250 (252))
(6,90):250-250-247 (247))
(6,91):250-250-250 (255))
(6,92):250-250-250 (254))
(6,93):250-250-245 (251))
(6,94):250-250-250 (252))
(6,95):250-250-250 (255))
(6,96):250-250-250 (253))
(6,97):250-250-250 (254))
(6,98):250-250-250 (254))
(6,99):250-250-250 (255))
(6,100):250-250-250 (255))
(6,101):250-250-250 (255))
(6,102):250-250-250 (255))
(6,103):250-250-250 (255))
(6,104):250-250-250 (255))
(6,105):250-250-250 (255))
(6,106):250-250-250 (255))
(6,107):250-250-250 (255))
(6,108):250-250-250 (255))
(6,109):250-250-250 (255))
(6,110):250-250-250 (255))
(6,111):250-250-250 (255))
(6,112):250-250-250 (255))
(6,113):250-250-250 (255))
(6,114):250-250-250 (255))
(6,115):250-250-250 (255))
(6,116):250-250-250 (255))
(6,117):250-250-250 (255))
(6,118):250-250-250 (255))
(6,119):250-250-250 (255))
(6,120):250-250-250 (255))
(6,121):250-250-250 (255))
(6,122):250-250-250 (255))
(6,123):250-250-250 (255))
(6,124):250-250-250 (255))
(6,125):250-250-250 (255))
(6,126):250-250-250 (255))
(6,127):250-250-223 (255))
(7,0):223-250-250 (255))
(7,1):250-250-250 (255))
(7,2):250-250-250 (255))
(7,3):250-250-250 (255))
(7,4):250-250-250 (255))
(7,5):250-250-250 (255))
(7,6):250-250-250 (255))
(7,7):250-250-250 (255))
(7,8):250-250-250 (255))
(7,9):250-250-250 (255))
(7,10):250-250-250 (255))
(7,11):250-250-250 (255))
(7,12):250-250-250 (255))
(7,13):250-250-250 (255))
(7,14):250-250-250 (255))
(7,15):250-250-250 (255))
(7,16):250-250-250 (255))
(7,17):250-250-250 (255))
(7,18):250-250-250 (255))
(7,19):250-250-250 (255))
(7,20):250-250-250 (255))
(7,21):250-250-250 (255))
(7,22):250-250-250 (255))
(7,23):250-250-250 (255))
(7,24):250-250-250 (255))
(7,25):250-250-250 (255))
(7,26):250-250-250 (255))
(7,27):250-250-250 (255))
(7,28):250-250-250 (255))
(7,29):250-250-250 (255))
(7,30):250-250-250 (255))
(7,31):250-250-250 (255))
(7,32):250-250-250 (255))
(7,33):250-250-250 (255))
(7,34):250-250-250 (255))
(7,35):250-250-250 (255))
(7,36):250-250-250 (255))
(7,37):250-250-250 (255))
(7,38):250-250-250 (255))
(7,39):250-250-250 (255))
(7,40):250-250-250 (255))
(7,41):250-250-250 (255))
(7,42):250-250-250 (255))
(7,43):250-250-250 (255))
(7,44):250-250-250 (255))
(7,45):250-250-250 (255))
(7,46):250-250-250 (255))
(7,47):250-250-250 (255))
(7,48):250-250-250 (255))
(7,49):250-250-250 (255))
(7,50):250-250-250 (255))
(7,51):250-250-250 (255))
(7,52):250-250-250 (255))
(7,53):250-250-250 (255))
(7,54):250-250-250 (255))
(7,55):250-250-250 (255))
(7,56):250-250-250 (255))
(7,57):250-250-250 (255))
(7,58):250-250-250 (255))
(7,59):250-250-250 (255))
(7,60):250-250-250 (255))
(7,61):250-250-250 (255))
(7,62):250-250-250 (255))
(7,63):250-250-250 (255))
(7,64):250-250-250 (255))
(7,65):250-250-250 (255))
(7,66):250-250-250 (255))
(7,67):250-250-250 (255))
(7,68):250-250-250 (255))
(7,69):250-250-250 (255))
(7,70):250-250-250 (255))
(7,71):250-250-250 (255))
(7,72):250-250-250 (255))
(7,73):250-250-250 (255))
(7,74):247-250-250 (254))
(7,75):250-250-250 (253))
(7,76):244-250-250 (252))
(7,77):250-250-250 (252))
(7,78):250-250-250 (252))
(7,79):250-250-241 (252))
(7,80):250-245-220 (245))
(7,81):200-183-177 (200))
(7,82):125-124-108 (124))
(7,83):49-48-55 (49))
(7,84):0-8-27 (8))
(7,85):3-12-45 (3))
(7,86):0-10-26 (10))
(7,87):13-23-44 (13))
(7,88):30-51-56 (51))
(7,89):107-94-95 (107))
(7,90):173-154-130 (154))
(7,91):217-199-188 (217))
(7,92):250-248-230 (248))
(7,93):250-250-250 (254))
(7,94):250-250-250 (251))
(7,95):250-250-250 (250))
(7,96):247-250-250 (253))
(7,97):250-250-250 (253))
(7,98):250-250-250 (254))
(7,99):250-250-250 (254))
(7,100):250-250-250 (255))
(7,101):250-250-250 (255))
(7,102):250-250-250 (255))
(7,103):250-250-250 (255))
(7,104):250-250-250 (255))
(7,105):250-250-250 (255))
(7,106):250-250-250 (255))
(7,107):250-250-250 (255))
(7,108):250-250-250 (255))
(7,109):250-250-250 (255))
(7,110):250-250-250 (255))
(7,111):250-250-250 (255))
(7,112):250-250-250 (255))
(7,113):250-250-250 (255))
(7,114):250-250-250 (255))
(7,115):250-250-250 (255))
(7,116):250-250-250 (255))
(7,117):250-250-250 (255))
(7,118):250-250-250 (255))
(7,119):250-250-250 (255))
(7,120):250-250-250 (255))
(7,121):250-250-250 (255))
(7,122):250-250-250 (255))
(7,123):250-250-250 (255))
(7,124):250-250-250 (255))
(7,125):250-250-250 (255))
(7,126):250-250-239 (255))
(7,127):250-223-175 (255))
(8,0):175-223-250 (255))
(8,1):239-250-250 (255))
(8,2):250-250-250 (255))
(8,3):250-250-250 (255))
(8,4):250-250-250 (255))
(8,5):250-250-250 (255))
(8,6):250-250-250 (255))
(8,7):250-250-250 (255))
(8,8):250-250-250 (255))
(8,9):250-250-250 (255))
(8,10):250-250-250 (255))
(8,11):250-250-250 (255))
(8,12):250-250-250 (255))
(8,13):250-250-250 (255))
(8,14):250-250-250 (255))
(8,15):250-250-250 (255))
(8,16):250-250-250 (255))
(8,17):250-250-250 (255))
(8,18):250-250-250 (255))
(8,19):250-250-250 (255))
(8,20):250-250-250 (255))
(8,21):250-250-250 (255))
(8,22):250-250-250 (255))
(8,23):250-250-250 (255))
(8,24):250-250-250 (255))
(8,25):250-250-250 (254))
(8,26):250-250-250 (254))
(8,27):250-250-250 (255))
(8,28):250-250-250 (255))
(8,29):250-250-250 (255))
(8,30):250-250-250 (255))
(8,31):250-250-250 (254))
(8,32):250-250-250 (252))
(8,33):250-250-250 (255))
(8,34):250-250-250 (253))
(8,35):250-250-250 (253))
(8,36):250-250-250 (255))
(8,37):250-250-250 (255))
(8,38):250-250-250 (255))
(8,39):250-250-250 (255))
(8,40):250-250-250 (255))
(8,41):250-250-250 (255))
(8,42):250-250-250 (254))
(8,43):250-250-250 (254))
(8,44):250-250-250 (255))
(8,45):250-250-250 (253))
(8,46):250-250-250 (253))
(8,47):250-250-250 (255))
(8,48):250-250-250 (255))
(8,49):250-250-250 (255))
(8,50):250-250-250 (255))
(8,51):250-250-250 (255))
(8,52):250-250-250 (255))
(8,53):250-250-250 (253))
(8,54):250-250-250 (253))
(8,55):250-250-250 (255))
(8,56):250-250-250 (253))
(8,57):250-250-250 (255))
(8,58):250-250-250 (253))
(8,59):250-250-250 (254))
(8,60):250-250-250 (254))
(8,61):250-250-250 (253))
(8,62):250-250-250 (255))
(8,63):250-250-250 (252))
(8,64):250-250-250 (255))
(8,65):250-250-250 (253))
(8,66):250-250-250 (255))
(8,67):250-250-250 (255))
(8,68):250-250-250 (252))
(8,69):250-250-250 (255))
(8,70):250-250-250 (255))
(8,71):250-250-250 (255))
(8,72):250-250-250 (254))
(8,73):250-250-250 (254))
(8,74):241-249-250 (253))
(8,75):222-241-250 (241))
(8,76):184-209-232 (232))
(8,77):186-218-246 (218))
(8,78):139-152-172 (172))
(8,79):111-125-125 (125))
(8,80):72-64-66 (66))
(8,81):40-21-0 (21))
(8,82):13-3-3 (3))
(8,83):17-26-9 (26))
(8,84):51-46-62 (62))
(8,85):61-89-96 (89))
(8,86):69-68-85 (85))
(8,87):40-63-58 (63))
(8,88):28-22-26 (26))
(8,89):21-11-0 (11))
(8,90):28-8-5 (5))
(8,91):42-31-7 (31))
(8,92):77-77-85 (85))
(8,93):135-155-167 (155))
(8,94):198-202-219 (219))
(8,95):230-249-250 (249))
(8,96):250-250-250 (255))
(8,97):250-250-250 (252))
(8,98):250-250-250 (251))
(8,99):250-250-250 (255))
(8,100):250-250-250 (252))
(8,101):250-250-250 (255))
(8,102):250-250-250 (255))
(8,103):250-250-250 (255))
(8,104):250-250-250 (254))
(8,105):250-250-250 (255))
(8,106):250-250-250 (255))
(8,107):250-250-250 (255))
(8,108):250-250-250 (255))
(8,109):250-250-250 (254))
(8,110):250-250-250 (254))
(8,111):250-250-250 (255))
(8,112):250-250-250 (255))
(8,113):250-250-250 (255))
(8,114):250-250-250 (255))
(8,115):250-250-250 (255))
(8,116):250-250-250 (255))
(8,117):250-250-250 (255))
(8,118):250-250-250 (255))
(8,119):250-250-250 (255))
(8,120):250-250-250 (255))
(8,121):250-250-250 (255))
(8,122):250-250-250 (255))
(8,123):250-250-250 (255))
(8,124):250-250-250 (255))
(8,125):250-250-250 (255))
(8,126):250-250-250 (255))
(8,127):250-250-223 (255))
(9,0):223-250-250 (255))
(9,1):250-250-250 (255))
(9,2):250-250-250 (255))
(9,3):250-250-250 (255))
(9,4):250-250-250 (255))
(9,5):250-250-250 (255))
(9,6):250-250-250 (255))
(9,7):250-250-250 (255))
(9,8):250-250-250 (255))
(9,9):250-250-250 (255))
(9,10):250-250-250 (255))
(9,11):250-250-250 (255))
(9,12):250-250-250 (255))
(9,13):250-250-250 (255))
(9,14):250-250-250 (255))
(9,15):250-250-250 (255))
(9,16):250-250-250 (255))
(9,17):250-250-250 (255))
(9,18):250-250-250 (255))
(9,19):250-250-250 (255))
(9,20):250-250-250 (255))
(9,21):250-250-250 (255))
(9,22):250-250-250 (255))
(9,23):250-250-250 (255))
(9,24):250-250-250 (253))
(9,25):250-250-250 (255))
(9,26):250-250-250 (255))
(9,27):250-250-250 (255))
(9,28):250-250-250 (252))
(9,29):250-250-250 (253))
(9,30):250-250-250 (255))
(9,31):250-250-250 (255))
(9,32):250-250-250 (254))
(9,33):250-250-250 (254))
(9,34):250-250-250 (255))
(9,35):250-250-250 (255))
(9,36):250-250-250 (255))
(9,37):250-250-250 (253))
(9,38):250-250-250 (254))
(9,39):250-250-250 (255))
(9,40):250-250-250 (254))
(9,41):250-250-250 (255))
(9,42):250-250-250 (255))
(9,43):250-250-250 (255))
(9,44):250-250-250 (254))
(9,45):250-250-250 (255))
(9,46):250-250-250 (255))
(9,47):250-250-250 (253))
(9,48):250-250-250 (255))
(9,49):250-250-250 (255))
(9,50):245-250-250 (253))
(9,51):250-250-250 (252))
(9,52):244-250-250 (254))
(9,53):250-250-250 (255))
(9,54):243-250-250 (254))
(9,55):250-250-250 (252))
(9,56):245-250-250 (255))
(9,57):250-250-250 (252))
(9,58):241-250-250 (251))
(9,59):250-250-250 (253))
(9,60):241-250-250 (251))
(9,61):250-250-250 (252))
(9,62):243-250-250 (255))
(9,63):250-250-250 (254))
(9,64):244-250-250 (255))
(9,65):250-250-250 (253))
(9,66):242-250-250 (253))
(9,67):250-250-250 (253))
(9,68):244-250-250 (252))
(9,69):250-250-250 (255))
(9,70):249-250-250 (252))
(9,71):250-250-250 (254))
(9,72):250-244-222 (244))
(9,73):194-179-185 (194))
(9,74):125-118-107 (118))
(9,75):70-62-72 (70))
(9,76):5-35-54 (35))
(9,77):26-40-74 (26))
(9,78):0-5-26 (5))
(9,79):10-13-40 (10))
(9,80):6-20-21 (20))
(9,81):61-41-43 (61))
(9,82):113-103-76 (103))
(9,83):135-125-115 (135))
(9,84):177-163-152 (163))
(9,85):165-165-150 (165))
(9,86):170-154-155 (154))
(9,87):159-154-139 (159))
(9,88):174-156-132 (156))
(9,89):123-105-92 (123))
(9,90):86-85-61 (85))
(9,91):36-25-26 (36))
(9,92):0-10-18 (10))
(9,93):6-4-20 (6))
(9,94):6-28-40 (28))
(9,95):91-84-81 (91))
(9,96):185-176-151 (176))
(9,97):237-229-234 (237))
(9,98):250-250-250 (253))
(9,99):250-250-250 (251))
(9,100):250-250-250 (254))
(9,101):250-250-250 (250))
(9,102):250-250-250 (253))
(9,103):250-250-250 (255))
(9,104):250-250-250 (254))
(9,105):250-250-250 (255))
(9,106):250-250-250 (254))
(9,107):250-250-250 (253))
(9,108):250-250-250 (255))
(9,109):250-250-250 (255))
(9,110):250-250-250 (255))
(9,111):250-250-250 (255))
(9,112):250-250-250 (255))
(9,113):250-250-250 (255))
(9,114):250-250-250 (255))
(9,115):250-250-250 (255))
(9,116):250-250-250 (255))
(9,117):250-250-250 (255))
(9,118):250-250-250 (255))
(9,119):250-250-250 (255))
(9,120):250-250-250 (255))
(9,121):250-250-250 (255))
(9,122):250-250-250 (255))
(9,123):250-250-250 (255))
(9,124):250-250-250 (255))
(9,125):250-250-250 (255))
(9,126):250-250-239 (255))
(9,127):250-223-175 (255))
(10,0):175-223-250 (255))
(10,1):239-250-250 (255))
(10,2):250-250-250 (255))
(10,3):250-250-250 (255))
(10,4):250-250-250 (255))
(10,5):250-250-250 (255))
(10,6):250-250-250 (255))
(10,7):250-250-250 (255))
(10,8):250-250-250 (255))
(10,9):250-250-250 (255))
(10,10):250-250-250 (255))
(10,11):250-250-250 (255))
(10,12):250-250-250 (255))
(10,13):250-250-250 (255))
(10,14):250-250-250 (255))
(10,15):250-250-250 (255))
(10,16):250-250-250 (255))
(10,17):250-250-250 (255))
(10,18):250-250-250 (255))
(10,19):250-250-250 (255))
(10,20):250-250-250 (255))
(10,21):250-250-250 (255))
(10,22):250-250-250 (255))
(10,23):250-250-250 (255))
(10,24):250-250-250 (255))
(10,25):250-250-250 (254))
(10,26):250-250-250 (253))
(10,27):250-250-250 (255))
(10,28):250-250-250 (255))
(10,29):250-250-250 (255))
(10,30):250-250-250 (254))
(10,31):250-250-250 (255))
(10,32):250-250-250 (255))
(10,33):250-250-250 (253))
(10,34):250-250-250 (255))
(10,35):250-250-250 (251))
(10,36):250-250-250 (255))
(10,37):250-250-250 (255))
(10,38):250-250-250 (255))
(10,39):250-250-250 (255))
(10,40):250-250-250 (253))
(10,41):250-250-250 (255))
(10,42):250-250-250 (255))
(10,43):250-250-247 (255))
(10,44):250-250-250 (255))
(10,45):250-250-242 (252))
(10,46):250-250-250 (253))
(10,47):250-250-248 (255))
(10,48):250-250-250 (253))
(10,49):250-250-250 (255))
(10,50):247-250-250 (255))
(10,51):250-250-250 (255))
(10,52):220-244-250 (253))
(10,53):229-248-250 (248))
(10,54):188-218-241 (241))
(10,55):212-236-250 (236))
(10,56):172-211-234 (234))
(10,57):202-231-250 (231))
(10,58):175-209-239 (239))
(10,59):218-245-250 (245))
(10,60):177-216-242 (242))
(10,61):211-242-250 (242))
(10,62):171-208-242 (242))
(10,63):206-239-250 (239))
(10,64):165-207-241 (241))
(10,65):207-241-250 (241))
(10,66):192-224-250 (250))
(10,67):238-250-250 (250))
(10,68):216-240-250 (253))
(10,69):240-250-250 (254))
(10,70):243-250-250 (251))
(10,71):210-228-218 (228))
(10,72):107-105-93 (93))
(10,73):41-16-0 (16))
(10,74):39-22-10 (10))
(10,75):59-39-16 (39))
(10,76):70-57-69 (69))
(10,77):72-97-109 (97))
(10,78):68-86-114 (114))
(10,79):96-128-152 (128))
(10,80):112-125-145 (145))
(10,81):146-152-167 (152))
(10,82):156-160-155 (155))
(10,83):162-152-149 (152))
(10,84):170-168-154 (154))
(10,85):168-153-146 (153))
(10,86):166-158-149 (149))
(10,87):165-154-149 (154))
(10,88):176-174-161 (161))
(10,89):166-153-155 (153))
(10,90):149-155-153 (153))
(10,91):134-155-172 (155))
(10,92):107-112-132 (132))
(10,93):59-80-85 (80))
(10,94):17-18-29 (29))
(10,95):16-8-0 (8))
(10,96):8-0-8 (8))
(10,97):80-64-52 (64))
(10,98):181-161-163 (163))
(10,99):232-243-241 (243))
(10,100):250-250-250 (252))
(10,101):250-250-250 (255))
(10,102):250-250-250 (254))
(10,103):250-250-250 (251))
(10,104):250-250-250 (255))
(10,105):250-250-250 (255))
(10,106):250-250-250 (255))
(10,107):250-250-250 (254))
(10,108):250-250-250 (255))
(10,109):250-250-250 (255))
(10,110):250-250-250 (255))
(10,111):250-250-250 (254))
(10,112):250-250-250 (255))
(10,113):250-250-250 (255))
(10,114):250-250-250 (255))
(10,115):250-250-250 (255))
(10,116):250-250-250 (255))
(10,117):250-250-250 (255))
(10,118):250-250-250 (255))
(10,119):250-250-250 (255))
(10,120):250-250-250 (255))
(10,121):250-250-250 (255))
(10,122):250-250-250 (255))
(10,123):250-250-250 (255))
(10,124):250-250-250 (255))
(10,125):250-250-250 (255))
(10,126):250-250-250 (255))
(10,127):250-250-223 (255))
(11,0):223-250-250 (255))
(11,1):250-250-250 (255))
(11,2):250-250-250 (255))
(11,3):250-250-250 (255))
(11,4):250-250-250 (255))
(11,5):250-250-250 (255))
(11,6):250-250-250 (255))
(11,7):250-250-250 (255))
(11,8):250-250-250 (255))
(11,9):250-250-250 (255))
(11,10):250-250-250 (255))
(11,11):250-250-250 (255))
(11,12):250-250-250 (255))
(11,13):250-250-250 (255))
(11,14):250-250-250 (255))
(11,15):250-250-250 (255))
(11,16):250-250-250 (255))
(11,17):250-250-250 (255))
(11,18):250-250-250 (255))
(11,19):250-250-250 (255))
(11,20):250-250-250 (255))
(11,21):250-250-250 (255))
(11,22):250-250-250 (255))
(11,23):250-250-250 (255))
(11,24):250-250-250 (255))
(11,25):250-250-250 (255))
(11,26):250-250-250 (255))
(11,27):250-250-250 (254))
(11,28):250-250-250 (255))
(11,29):250-250-250 (253))
(11,30):250-250-250 (253))
(11,31):250-250-250 (255))
(11,32):250-250-250 (252))
(11,33):250-250-250 (254))
(11,34):250-250-250 (255))
(11,35):250-250-250 (255))
(11,36):250-250-250 (254))
(11,37):250-250-250 (254))
(11,38):248-250-250 (252))
(11,39):250-250-250 (253))
(11,40):244-250-250 (255))
(11,41):250-250-250 (250))
(11,42):250-250-250 (255))
(11,43):250-250-240 (251))
(11,44):250-250-242 (251))
(11,45):250-234-209 (250))
(11,46):250-237-211 (237))
(11,47):207-191-161 (207))
(11,48):214-195-171 (195))
(11,49):171-150-130 (171))
(11,50):161-146-126 (146))
(11,51):127-112-110 (127))
(11,52):92-101-93 (101))
(11,53):66-66-79 (66))
(11,54):19-44-55 (44))
(11,55):44-53-81 (44))
(11,56):10-47-52 (47))
(11,57):30-45-76 (30))
(11,58):0-33-54 (33))
(11,59):46-62-102 (46))
(11,60):13-51-63 (51))
(11,61):41-62-102 (41))
(11,62):0-31-57 (31))
(11,63):35-59-103 (35))
(11,64):0-40-69 (40))
(11,65):35-55-93 (35))
(11,66):36-66-83 (66))
(11,67):95-96-123 (95))
(11,68):91-103-102 (103))
(11,69):106-112-116 (106))
(11,70):112-127-106 (127))
(11,71):74-66-50 (74))
(11,72):13-9-0 (9))
(11,73):22-0-0 (22))
(11,74):143-116-60 (116))
(11,75):173-149-133 (173))
(11,76):186-157-157 (157))
(11,77):159-174-164 (159))
(11,78):155-164-185 (164))
(11,79):148-166-167 (148))
(11,80):148-155-167 (155))
(11,81):160-170-174 (160))
(11,82):151-154-163 (154))
(11,83):149-151-153 (149))
(11,84):159-159-156 (159))
(11,85):160-157-155 (160))
(11,86):149-149-147 (149))
(11,87):150-150-149 (150))
(11,88):158-158-160 (158))
(11,89):158-158-164 (158))
(11,90):147-147-156 (147))
(11,91):157-170-171 (157))
(11,92):157-155-171 (155))
(11,93):155-158-154 (155))
(11,94):171-157-129 (157))
(11,95):116-97-92 (116))
(11,96):44-32-27 (32))
(11,97):4-0-0 (4))
(11,98):14-16-27 (16))
(11,99):131-133-143 (131))
(11,100):230-244-240 (244))
(11,101):248-250-250 (248))
(11,102):250-250-250 (251))
(11,103):250-250-250 (253))
(11,104):250-250-250 (253))
(11,105):250-250-250 (255))
(11,106):250-250-250 (255))
(11,107):250-250-250 (255))
(11,108):250-250-250 (255))
(11,109):250-250-250 (254))
(11,110):250-250-250 (254))
(11,111):250-250-250 (255))
(11,112):250-250-250 (255))
(11,113):250-250-250 (255))
(11,114):250-250-250 (255))
(11,115):250-250-250 (255))
(11,116):250-250-250 (255))
(11,117):250-250-250 (255))
(11,118):250-250-250 (255))
(11,119):250-250-250 (255))
(11,120):250-250-250 (255))
(11,121):250-250-250 (255))
(11,122):250-250-250 (255))
(11,123):250-250-250 (255))
(11,124):250-250-250 (255))
(11,125):250-250-250 (255))
(11,126):250-250-239 (255))
(11,127):250-223-175 (255))
(12,0):175-223-250 (255))
(12,1):239-250-250 (255))
(12,2):250-250-250 (255))
(12,3):250-250-250 (255))
(12,4):250-250-250 (255))
(12,5):250-250-250 (255))
(12,6):250-250-250 (255))
(12,7):250-250-250 (255))
(12,8):250-250-250 (255))
(12,9):250-250-250 (255))
(12,10):250-250-250 (255))
(12,11):250-250-250 (255))
(12,12):250-250-250 (255))
(12,13):250-250-250 (255))
(12,14):250-250-250 (255))
(12,15):250-250-250 (255))
(12,16):250-250-250 (255))
(12,17):250-250-250 (255))
(12,18):250-250-250 (255))
(12,19):250-250-250 (255))
(12,20):250-250-250 (255))
(12,21):250-250-250 (255))
(12,22):250-250-250 (255))
(12,23):250-250-250 (255))
(12,24):250-250-250 (253))
(12,25):250-250-250 (255))
(12,26):250-250-250 (255))
(12,27):250-250-250 (254))
(12,28):250-250-250 (255))
(12,29):250-250-250 (255))
(12,30):250-250-250 (255))
(12,31):250-250-250 (254))
(12,32):250-250-250 (255))
(12,33):250-250-250 (255))
(12,34):250-250-250 (252))
(12,35):250-250-244 (255))
(12,36):250-250-250 (255))
(12,37):250-250-250 (255))
(12,38):250-250-250 (255))
(12,39):243-250-250 (255))
(12,40):207-226-243 (243))
(12,41):179-210-240 (210))
(12,42):143-158-177 (177))
(12,43):114-121-130 (121))
(12,44):92-85-90 (90))
(12,45):64-58-38 (58))
(12,46):53-36-31 (31))
(12,47):14-13-0 (13))
(12,48):49-16-8 (8))
(12,49):30-14-0 (14))
(12,50):67-32-14 (14))
(12,51):31-13-0 (13))
(12,52):51-23-19 (19))
(12,53):22-27-7 (27))
(12,54):45-29-39 (39))
(12,55):35-50-39 (50))
(12,56):43-45-53 (53))
(12,57):44-63-60 (63))
(12,58):50-47-68 (68))
(12,59):49-66-70 (66))
(12,60):50-59-77 (77))
(12,61):66-88-93 (88))
(12,62):61-68-93 (93))
(12,63):78-106-121 (106))
(12,64):69-77-105 (105))
(12,65):47-73-86 (73))
(12,66):63-54-74 (74))
(12,67):61-56-48 (56))
(12,68):75-53-52 (52))
(12,69):42-42-13 (42))
(12,70):50-37-24 (24))
(12,71):24-19-0 (19))
(12,72):41-9-10 (10))
(12,73):15-5-0 (5))
(12,74):47-43-27 (27))
(12,75):89-79-70 (79))
(12,76):113-110-117 (117))
(12,77):130-151-167 (151))
(12,78):161-164-163 (163))
(12,79):167-152-152 (152))
(12,80):166-167-149 (149))
(12,81):169-161-154 (161))
(12,82):159-156-157 (157))
(12,83):145-147-148 (147))
(12,84):154-155-155 (155))
(12,85):160-158-156 (158))
(12,86):152-151-151 (151))
(12,87):151-155-155 (155))
(12,88):156-158-159 (159))
(12,89):155-152-152 (152))
(12,90):153-151-151 (151))
(12,91):161-163-162 (163))
(12,92):160-159-158 (158))
(12,93):158-146-143 (146))
(12,94):173-173-156 (156))
(12,95):171-166-176 (166))
(12,96):144-126-138 (138))
(12,97):42-39-54 (39))
(12,98):0-0-2 (2))
(12,99):26-23-33 (23))
(12,100):136-135-145 (145))
(12,101):219-236-237 (236))
(12,102):250-250-250 (255))
(12,103):250-250-250 (253))
(12,104):250-250-250 (253))
(12,105):250-250-250 (253))
(12,106):250-250-250 (253))
(12,107):250-250-250 (255))
(12,108):250-250-250 (255))
(12,109):250-250-250 (254))
(12,110):250-250-250 (254))
(12,111):250-250-250 (255))
(12,112):250-250-250 (255))
(12,113):250-250-250 (255))
(12,114):250-250-250 (255))
(12,115):250-250-250 (255))
(12,116):250-250-250 (255))
(12,117):250-250-250 (255))
(12,118):250-250-250 (255))
(12,119):250-250-250 (255))
(12,120):250-250-250 (255))
(12,121):250-250-250 (255))
(12,122):250-250-250 (255))
(12,123):250-250-250 (255))
(12,124):250-250-250 (255))
(12,125):250-250-250 (255))
(12,126):250-250-250 (255))
(12,127):250-250-223 (255))
(13,0):223-250-250 (255))
(13,1):250-250-250 (255))
(13,2):250-250-250 (255))
(13,3):250-250-250 (255))
(13,4):250-250-250 (255))
(13,5):250-250-250 (255))
(13,6):250-250-250 (255))
(13,7):250-250-250 (255))
(13,8):250-250-250 (255))
(13,9):250-250-250 (255))
(13,10):250-250-250 (255))
(13,11):250-250-250 (255))
(13,12):250-250-250 (255))
(13,13):250-250-250 (255))
(13,14):250-250-250 (255))
(13,15):250-250-250 (255))
(13,16):250-250-250 (255))
(13,17):250-250-250 (255))
(13,18):250-250-250 (255))
(13,19):250-250-250 (255))
(13,20):250-250-250 (255))
(13,21):250-250-250 (255))
(13,22):250-250-250 (255))
(13,23):250-250-250 (255))
(13,24):250-250-250 (255))
(13,25):250-250-250 (254))
(13,26):250-250-250 (254))
(13,27):250-250-250 (254))
(13,28):250-250-250 (253))
(13,29):250-250-250 (253))
(13,30):250-250-250 (255))
(13,31):250-250-250 (254))
(13,32):247-250-250 (253))
(13,33):250-250-250 (254))
(13,34):250-250-250 (255))
(13,35):250-241-225 (253))
(13,36):250-242-224 (242))
(13,37):240-219-205 (240))
(13,38):214-197-166 (197))
(13,39):113-108-101 (113))
(13,40):31-52-63 (52))
(13,41):12-14-32 (12))
(13,42):0-9-15 (9))
(13,43):3-0-17 (3))
(13,44):0-3-0 (3))
(13,45):6-0-9 (6))
(13,46):3-19-8 (19))
(13,47):22-9-9 (22))
(13,48):54-49-34 (49))
(13,49):108-84-69 (108))
(13,50):174-149-111 (149))
(13,51):150-122-98 (150))
(13,52):175-145-120 (145))
(13,53):150-129-104 (150))
(13,54):172-153-138 (153))
(13,55):152-142-119 (152))
(13,56):181-164-147 (164))
(13,57):161-152-134 (161))
(13,58):166-151-145 (151))
(13,59):150-143-129 (150))
(13,60):171-161-154 (161))
(13,61):156-152-141 (156))
(13,62):161-150-148 (150))
(13,63):164-163-154 (164))
(13,64):173-163-165 (163))
(13,65):153-148-139 (153))
(13,66):175-155-147 (155))
(13,67):167-145-127 (167))
(13,68):188-161-138 (161))
(13,69):154-131-105 (154))
(13,70):176-147-118 (147))
(13,71):147-125-102 (147))
(13,72):153-132-115 (132))
(13,73):115-104-109 (115))
(13,74):64-71-63 (71))
(13,75):24-32-35 (24))
(13,76):0-7-32 (7))
(13,77):28-32-38 (28))
(13,78):70-68-57 (68))
(13,79):129-109-112 (129))
(13,80):171-157-131 (157))
(13,81):161-170-161 (161))
(13,82):156-156-174 (156))
(13,83):152-155-158 (152))
(13,84):159-159-157 (159))
(13,85):157-156-155 (157))
(13,86):146-147-147 (147))
(13,87):151-152-152 (151))
(13,88):159-161-161 (161))
(13,89):155-154-154 (155))
(13,90):149-151-149 (151))
(13,91):156-158-155 (156))
(13,92):156-158-160 (158))
(13,93):151-148-153 (151))
(13,94):153-151-152 (151))
(13,95):163-170-170 (163))
(13,96):162-155-167 (155))
(13,97):123-118-142 (123))
(13,98):44-35-50 (35))
(13,99):4-0-0 (4))
(13,100):9-7-21 (7))
(13,101):113-115-115 (113))
(13,102):218-235-214 (235))
(13,103):250-250-250 (250))
(13,104):250-250-250 (255))
(13,105):250-250-250 (254))
(13,106):250-250-250 (252))
(13,107):250-250-250 (253))
(13,108):250-250-250 (255))
(13,109):250-250-250 (255))
(13,110):250-250-250 (254))
(13,111):250-250-250 (255))
(13,112):250-250-250 (255))
(13,113):250-250-250 (255))
(13,114):250-250-250 (255))
(13,115):250-250-250 (255))
(13,116):250-250-250 (255))
(13,117):250-250-250 (255))
(13,118):250-250-250 (255))
(13,119):250-250-250 (255))
(13,120):250-250-250 (255))
(13,121):250-250-250 (255))
(13,122):250-250-250 (255))
(13,123):250-250-250 (255))
(13,124):250-250-250 (255))
(13,125):250-250-250 (255))
(13,126):250-250-239 (255))
(13,127):250-223-175 (255))
(14,0):175-223-250 (255))
(14,1):239-250-250 (255))
(14,2):250-250-250 (255))
(14,3):250-250-250 (255))
(14,4):250-250-250 (255))
(14,5):250-250-250 (255))
(14,6):250-250-250 (255))
(14,7):250-250-250 (255))
(14,8):250-250-250 (255))
(14,9):250-250-250 (255))
(14,10):250-250-250 (255))
(14,11):250-250-250 (255))
(14,12):250-250-250 (255))
(14,13):250-250-250 (255))
(14,14):250-250-250 (255))
(14,15):250-250-250 (255))
(14,16):250-250-250 (255))
(14,17):250-250-250 (255))
(14,18):250-250-250 (255))
(14,19):250-250-250 (255))
(14,20):250-250-250 (255))
(14,21):250-250-250 (255))
(14,22):250-250-250 (255))
(14,23):250-250-250 (255))
(14,24):250-250-250 (255))
(14,25):250-250-250 (252))
(14,26):250-250-250 (255))
(14,27):250-250-250 (255))
(14,28):250-250-250 (254))
(14,29):250-250-248 (255))
(14,30):250-250-250 (255))
(14,31):250-250-250 (251))
(14,32):230-235-245 (245))
(14,33):176-208-228 (208))
(14,34):136-142-151 (151))
(14,35):102-94-89 (94))
(14,36):82-62-63 (63))
(14,37):39-27-0 (27))
(14,38):40-22-13 (13))
(14,39):10-10-0 (10))
(14,40):22-6-16 (16))
(14,41):7-21-11 (21))
(14,42):32-28-42 (42))
(14,43):59-64-63 (64))
(14,44):65-70-82 (82))
(14,45):89-107-121 (107))
(14,46):105-124-137 (137))
(14,47):126-147-164 (147))
(14,48):135-142-148 (148))
(14,49):168-160-164 (160))
(14,50):169-172-158 (158))
(14,51):159-149-146 (149))
(14,52):162-158-152 (152))
(14,53):163-156-152 (156))
(14,54):159-157-152 (152))
(14,55):150-148-144 (148))
(14,56):163-162-153 (153))
(14,57):164-155-148 (155))
(14,58):163-156-148 (148))
(14,59):159-151-147 (151))
(14,60):171-167-159 (159))
(14,61):159-151-146 (151))
(14,62):161-155-147 (147))
(14,63):167-157-150 (157))
(14,64):167-166-156 (156))
(14,65):159-153-144 (153))
(14,66):168-162-151 (151))
(14,67):175-157-146 (157))
(14,68):174-167-152 (152))
(14,69):163-152-144 (152))
(14,70):178-172-157 (157))
(14,71):176-161-154 (161))
(14,72):167-164-152 (152))
(14,73):167-154-159 (154))
(14,74):147-159-162 (162))
(14,75):125-159-175 (159))
(14,76):93-101-117 (117))
(14,77):70-83-73 (83))
(14,78):30-33-27 (27))
(14,79):41-15-0 (15))
(14,80):40-37-42 (42))
(14,81):88-109-109 (109))
(14,82):155-145-150 (150))
(14,83):163-151-159 (151))
(14,84):165-170-159 (159))
(14,85):159-159-158 (159))
(14,86):151-149-150 (150))
(14,87):154-155-154 (155))
(14,88):156-159-158 (158))
(14,89):154-154-152 (154))
(14,90):152-151-150 (150))
(14,91):158-160-159 (160))
(14,92):156-158-160 (160))
(14,93):148-149-151 (149))
(14,94):153-151-154 (154))
(14,95):164-160-161 (160))
(14,96):154-159-156 (156))
(14,97):161-159-174 (159))
(14,98):149-128-143 (143))
(14,99):48-35-55 (35))
(14,100):0-0-4 (4))
(14,101):10-11-4 (11))
(14,102):98-110-99 (99))
(14,103):227-245-218 (245))
(14,104):250-250-249 (249))
(14,105):250-250-250 (253))
(14,106):250-250-250 (255))
(14,107):250-250-250 (254))
(14,108):250-250-250 (255))
(14,109):250-250-250 (255))
(14,110):250-250-250 (254))
(14,111):250-250-250 (254))
(14,112):250-250-250 (255))
(14,113):250-250-250 (255))
(14,114):250-250-250 (255))
(14,115):250-250-250 (255))
(14,116):250-250-250 (255))
(14,117):250-250-250 (255))
(14,118):250-250-250 (255))
(14,119):250-250-250 (255))
(14,120):250-250-250 (255))
(14,121):250-250-250 (255))
(14,122):250-250-250 (255))
(14,123):250-250-250 (255))
(14,124):250-250-250 (255))
(14,125):250-250-250 (255))
(14,126):250-250-250 (255))
(14,127):250-250-223 (255))
(15,0):223-250-250 (255))
(15,1):250-250-250 (255))
(15,2):250-250-250 (255))
(15,3):250-250-250 (255))
(15,4):250-250-250 (255))
(15,5):250-250-250 (255))
(15,6):250-250-250 (255))
(15,7):250-250-250 (255))
(15,8):250-250-250 (255))
(15,9):250-250-250 (255))
(15,10):250-250-250 (255))
(15,11):250-250-250 (255))
(15,12):250-250-250 (255))
(15,13):250-250-250 (255))
(15,14):250-250-250 (255))
(15,15):250-250-250 (255))
(15,16):250-250-250 (255))
(15,17):250-250-250 (255))
(15,18):250-250-250 (255))
(15,19):250-250-250 (255))
(15,20):250-250-250 (255))
(15,21):250-250-250 (255))
(15,22):250-250-250 (255))
(15,23):250-250-250 (255))
(15,24):250-250-250 (255))
(15,25):250-250-250 (254))
(15,26):250-250-250 (255))
(15,27):250-250-250 (253))
(15,28):250-250-250 (253))
(15,29):250-234-224 (250))
(15,30):247-215-182 (215))
(15,31):164-145-143 (164))
(15,32):68-74-80 (74))
(15,33):14-15-14 (14))
(15,34):0-12-9 (12))
(15,35):22-6-23 (22))
(15,36):15-30-21 (30))
(15,37):28-16-10 (28))
(15,38):73-74-55 (74))
(15,39):110-95-83 (110))
(15,40):157-140-119 (140))
(15,41):148-136-122 (148))
(15,42):180-156-146 (156))
(15,43):170-161-150 (170))
(15,44):165-153-152 (153))
(15,45):151-159-156 (151))
(15,46):153-160-175 (160))
(15,47):148-163-168 (148))
(15,48):140-145-156 (145))
(15,49):158-156-158 (158))
(15,50):153-155-145 (155))
(15,51):146-147-148 (146))
(15,52):143-152-159 (152))
(15,53):158-162-173 (158))
(15,54):141-152-158 (152))
(15,55):146-150-159 (146))
(15,56):147-155-155 (155))
(15,57):155-151-152 (155))
(15,58):147-146-135 (146))
(15,59):150-142-142 (150))
(15,60):155-154-150 (154))
(15,61):148-145-145 (148))
(15,62):149-150-148 (150))
(15,63):157-156-154 (157))
(15,64):157-159-158 (159))
(15,65):148-150-150 (148))
(15,66):152-154-154 (154))
(15,67):158-156-155 (158))
(15,68):153-155-153 (155))
(15,69):148-151-150 (148))
(15,70):155-159-160 (159))
(15,71):158-159-159 (158))
(15,72):147-148-149 (148))
(15,73):153-156-161 (153))
(15,74):151-158-171 (158))
(15,75):154-171-170 (154))
(15,76):153-152-158 (152))
(15,77):159-162-152 (159))
(15,78):161-155-121 (155))
(15,79):88-75-75 (88))
(15,80):10-17-34 (17))
(15,81):7-0-0 (7))
(15,82):47-48-48 (48))
(15,83):124-115-131 (124))
(15,84):170-165-154 (165))
(15,85):158-167-152 (158))
(15,86):148-147-148 (147))
(15,87):155-154-155 (155))
(15,88):160-160-158 (160))
(15,89):154-154-152 (154))
(15,90):150-150-146 (150))
(15,91):157-156-156 (157))
(15,92):157-158-160 (158))
(15,93):149-149-152 (149))
(15,94):151-151-151 (151))
(15,95):159-156-158 (159))
(15,96):148-148-151 (148))
(15,97):148-156-157 (148))
(15,98):165-159-175 (159))
(15,99):135-128-153 (135))
(15,100):53-44-58 (44))
(15,101):4-0-0 (4))
(15,102):8-9-0 (9))
(15,103):114-117-101 (114))
(15,104):219-235-208 (235))
(15,105):248-250-250 (248))
(15,106):250-250-250 (255))
(15,107):250-250-250 (254))
(15,108):250-250-250 (253))
(15,109):250-250-250 (255))
(15,110):250-250-250 (255))
(15,111):250-250-250 (255))
(15,112):250-250-250 (255))
(15,113):250-250-250 (255))
(15,114):250-250-250 (255))
(15,115):250-250-250 (255))
(15,116):250-250-250 (255))
(15,117):250-250-250 (255))
(15,118):250-250-250 (255))
(15,119):250-250-250 (255))
(15,120):250-250-250 (255))
(15,121):250-250-250 (255))
(15,122):250-250-250 (255))
(15,123):250-250-250 (255))
(15,124):250-250-250 (255))
(15,125):250-250-250 (255))
(15,126):250-250-239 (255))
(15,127):250-223-175 (255))
(16,0):175-223-250 (255))
(16,1):238-250-250 (255))
(16,2):250-250-250 (253))
(16,3):250-250-250 (254))
(16,4):250-250-250 (255))
(16,5):250-250-250 (255))
(16,6):250-250-250 (253))
(16,7):250-250-250 (255))
(16,8):250-250-250 (255))
(16,9):250-250-250 (255))
(16,10):250-250-250 (255))
(16,11):250-250-250 (254))
(16,12):250-250-250 (255))
(16,13):250-250-250 (255))
(16,14):250-250-250 (255))
(16,15):250-250-250 (255))
(16,16):250-250-250 (254))
(16,17):250-250-250 (255))
(16,18):250-250-250 (255))
(16,19):250-250-250 (255))
(16,20):250-250-250 (253))
(16,21):250-250-250 (255))
(16,22):250-250-250 (253))
(16,23):250-250-250 (255))
(16,24):250-250-250 (255))
(16,25):250-250-250 (253))
(16,26):250-250-249 (249))
(16,27):178-218-229 (218))
(16,28):123-126-137 (137))
(16,29):73-59-44 (59))
(16,30):32-16-14 (14))
(16,31):16-4-0 (4))
(16,32):12-0-7 (7))
(16,33):5-26-10 (26))
(16,34):34-33-42 (42))
(16,35):73-75-76 (75))
(16,36):98-107-116 (116))
(16,37):118-142-154 (142))
(16,38):148-156-157 (157))
(16,39):170-163-167 (163))
(16,40):170-171-158 (158))
(16,41):168-154-149 (154))
(16,42):183-175-162 (162))
(16,43):180-162-155 (162))
(16,44):168-162-152 (152))
(16,45):158-156-153 (156))
(16,46):159-161-160 (160))
(16,47):147-150-151 (150))
(16,48):148-139-149 (149))
(16,49):165-156-149 (156))
(16,50):167-171-164 (164))
(16,51):193-197-192 (197))
(16,52):215-214-217 (217))
(16,53):217-220-230 (220))
(16,54):212-216-221 (221))
(16,55):204-213-219 (213))
(16,56):206-207-207 (207))
(16,57):192-191-185 (191))
(16,58):173-170-164 (164))
(16,59):164-157-147 (157))
(16,60):155-153-156 (156))
(16,61):143-148-148 (148))
(16,62):153-145-150 (150))
(16,63):157-155-156 (155))
(16,64):155-156-157 (157))
(16,65):146-150-152 (150))
(16,66):156-155-157 (157))
(16,67):158-156-158 (156))
(16,68):153-154-155 (155))
(16,69):147-152-153 (152))
(16,70):157-159-160 (160))
(16,71):160-159-159 (159))
(16,72):152-149-150 (150))
(16,73):152-152-152 (152))
(16,74):155-157-158 (158))
(16,75):153-155-153 (155))
(16,76):158-154-149 (149))
(16,77):169-156-151 (156))
(16,78):169-178-161 (161))
(16,79):150-161-176 (161))
(16,80):137-120-142 (142))
(16,81):52-50-62 (50))
(16,82):0-0-6 (6))
(16,83):18-14-2 (14))
(16,84):100-88-84 (84))
(16,85):159-156-146 (156))
(16,86):164-166-154 (154))
(16,87):153-153-153 (153))
(16,88):156-158-157 (157))
(16,89):154-155-151 (155))
(16,90):151-150-148 (148))
(16,91):155-154-153 (154))
(16,92):156-157-159 (159))
(16,93):148-151-152 (151))
(16,94):151-152-153 (153))
(16,95):161-159-161 (159))
(16,96):154-151-156 (156))
(16,97):147-147-151 (147))
(16,98):157-161-159 (159))
(16,99):175-164-176 (164))
(16,100):156-133-141 (141))
(16,101):62-51-62 (51))
(16,102):0-0-4 (4))
(16,103):5-6-0 (6))
(16,104):91-102-92 (92))
(16,105):214-232-209 (232))
(16,106):250-250-250 (255))
(16,107):250-250-250 (253))
(16,108):250-250-250 (252))
(16,109):250-250-250 (254))
(16,110):250-250-250 (253))
(16,111):250-250-250 (255))
(16,112):250-250-250 (255))
(16,113):250-250-250 (255))
(16,114):250-250-250 (255))
(16,115):250-250-250 (255))
(16,116):250-250-250 (255))
(16,117):250-250-250 (255))
(16,118):250-250-250 (255))
(16,119):250-250-250 (255))
(16,120):250-250-250 (255))
(16,121):250-250-250 (255))
(16,122):250-250-250 (255))
(16,123):250-250-250 (255))
(16,124):250-250-250 (255))
(16,125):250-250-250 (255))
(16,126):250-250-250 (255))
(16,127):250-250-223 (255))
(17,0):222-250-250 (255))
(17,1):250-250-250 (254))
(17,2):250-250-250 (255))
(17,3):250-250-250 (255))
(17,4):250-250-250 (251))
(17,5):250-250-250 (255))
(17,6):250-250-250 (255))
(17,7):250-250-250 (252))
(17,8):250-250-250 (255))
(17,9):250-250-250 (255))
(17,10):250-250-250 (253))
(17,11):250-250-250 (255))
(17,12):245-250-250 (255))
(17,13):250-250-250 (251))
(17,14):246-250-250 (255))
(17,15):250-250-250 (252))
(17,16):242-250-250 (255))
(17,17):249-250-250 (249))
(17,18):239-250-250 (253))
(17,19):250-250-250 (252))
(17,20):243-250-250 (254))
(17,21):250-250-250 (255))
(17,22):244-250-250 (252))
(17,23):250-250-250 (255))
(17,24):250-250-250 (250))
(17,25):238-217-248 (238))
(17,26):120-114-107 (114))
(17,27):19-18-12 (19))
(17,28):0-6-21 (6))
(17,29):15-0-13 (15))
(17,30):25-32-17 (32))
(17,31):65-51-43 (65))
(17,32):115-109-90 (109))
(17,33):132-126-114 (132))
(17,34):164-149-133 (149))
(17,35):162-158-150 (162))
(17,36):165-161-167 (161))
(17,37):151-164-165 (151))
(17,38):152-155-167 (155))
(17,39):164-168-171 (164))
(17,40):157-157-159 (157))
(17,41):152-153-156 (152))
(17,42):160-161-162 (161))
(17,43):160-158-157 (160))
(17,44):150-150-147 (150))
(17,45):153-153-153 (153))
(17,46):156-158-159 (158))
(17,47):155-150-161 (155))
(17,48):164-157-172 (157))
(17,49):210-204-203 (210))
(17,50):245-239-225 (239))
(17,51):246-248-244 (246))
(17,52):250-249-250 (249))
(17,53):250-250-250 (253))
(17,54):250-250-250 (251))
(17,55):248-250-248 (248))
(17,56):250-250-250 (251))
(17,57):246-247-238 (246))
(17,58):248-241-232 (241))
(17,59):224-220-219 (224))
(17,60):205-203-204 (203))
(17,61):169-165-160 (169))
(17,62):144-142-138 (142))
(17,63):158-151-154 (158))
(17,64):158-157-156 (157))
(17,65):150-150-152 (150))
(17,66):153-153-153 (153))
(17,67):160-159-158 (160))
(17,68):154-155-154 (155))
(17,69):149-150-152 (149))
(17,70):158-159-161 (159))
(17,71):160-159-158 (160))
(17,72):150-149-147 (149))
(17,73):154-153-154 (154))
(17,74):159-160-162 (160))
(17,75):154-154-153 (154))
(17,76):152-151-147 (151))
(17,77):160-158-158 (160))
(17,78):156-159-161 (159))
(17,79):148-160-162 (148))
(17,80):161-152-173 (152))
(17,81):157-151-171 (157))
(17,82):90-88-80 (88))
(17,83):9-0-0 (9))
(17,84):21-18-14 (18))
(17,85):111-100-114 (111))
(17,86):159-154-156 (154))
(17,87):154-161-154 (154))
(17,88):160-161-160 (161))
(17,89):155-154-153 (155))
(17,90):153-153-149 (153))
(17,91):158-157-155 (158))
(17,92):159-160-161 (160))
(17,93):150-151-153 (150))
(17,94):152-153-153 (153))
(17,95):158-157-156 (158))
(17,96):154-152-155 (152))
(17,97):153-149-154 (153))
(17,98):160-156-155 (156))
(17,99):164-167-165 (164))
(17,100):167-152-165 (152))
(17,101):140-129-155 (140))
(17,102):58-46-61 (46))
(17,103):3-0-0 (3))
(17,104):6-10-2 (10))
(17,105):110-114-103 (110))
(17,106):225-241-228 (241))
(17,107):250-250-250 (254))
(17,108):250-250-250 (253))
(17,109):247-249-247 (247))
(17,110):249-250-250 (253))
(17,111):250-250-250 (253))
(17,112):250-250-250 (255))
(17,113):250-250-250 (255))
(17,114):250-250-250 (255))
(17,115):250-250-250 (255))
(17,116):250-250-250 (255))
(17,117):250-250-250 (255))
(17,118):250-250-250 (254))
(17,119):250-250-250 (254))
(17,120):250-250-250 (255))
(17,121):250-250-250 (255))
(17,122):250-250-250 (255))
(17,123):250-250-250 (255))
(17,124):250-250-250 (255))
(17,125):250-250-250 (255))
(17,126):250-250-239 (255))
(17,127):250-223-175 (255))
(18,0):175-222-250 (255))
(18,1):238-250-250 (254))
(18,2):250-250-250 (255))
(18,3):250-250-250 (253))
(18,4):250-250-250 (255))
(18,5):250-250-250 (255))
(18,6):250-250-250 (255))
(18,7):250-250-250 (255))
(18,8):250-250-250 (254))
(18,9):250-250-249 (252))
(18,10):250-250-250 (255))
(18,11):234-245-250 (245))
(18,12):190-206-226 (226))
(18,13):194-214-240 (214))
(18,14):151-186-206 (206))
(18,15):199-219-246 (219))
(18,16):186-217-236 (236))
(18,17):226-248-250 (248))
(18,18):195-234-250 (252))
(18,19):212-243-250 (243))
(18,20):169-206-238 (238))
(18,21):209-232-250 (232))
(18,22):186-215-236 (236))
(18,23):196-230-250 (230))
(18,24):150-146-174 (174))
(18,25):66-48-58 (48))
(18,26):0-0-11 (11))
(18,27):18-24-22 (24))
(18,28):69-64-89 (89))
(18,29):106-119-137 (119))
(18,30):131-136-144 (144))
(18,31):151-162-172 (162))
(18,32):161-171-162 (162))
(18,33):167-156-152 (156))
(18,34):169-164-150 (150))
(18,35):173-158-151 (158))
(18,36):167-164-159 (159))
(18,37):148-150-150 (150))
(18,38):153-152-154 (154))
(18,39):161-158-158 (158))
(18,40):154-153-154 (154))
(18,41):144-148-149 (148))
(18,42):154-156-158 (158))
(18,43):157-157-156 (157))
(18,44):151-149-149 (149))
(18,45):154-154-152 (154))
(18,46):149-153-160 (160))
(18,47):166-168-178 (168))
(18,48):219-216-226 (226))
(18,49):248-248-250 (248))
(18,50):250-250-250 (252))
(18,51):250-249-249 (249))
(18,52):250-250-250 (252))
(18,53):250-250-249 (253))
(18,54):250-250-247 (247))
(18,55):250-250-246 (253))
(18,56):250-250-250 (250))
(18,57):250-250-250 (254))
(18,58):250-250-250 (253))
(18,59):249-242-248 (242))
(18,60):250-247-245 (245))
(18,61):218-219-215 (219))
(18,62):161-167-165 (165))
(18,63):156-158-151 (158))
(18,64):152-152-155 (155))
(18,65):148-150-147 (150))
(18,66):151-152-151 (151))
(18,67):164-162-158 (162))
(18,68):153-153-153 (153))
(18,69):145-148-149 (148))
(18,70):157-159-160 (160))
(18,71):159-159-158 (159))
(18,72):150-150-149 (149))
(18,73):153-155-155 (155))
(18,74):158-160-162 (162))
(18,75):152-154-154 (154))
(18,76):150-150-149 (149))
(18,77):161-159-158 (159))
(18,78):157-159-161 (161))
(18,79):147-152-155 (152))
(18,80):157-156-157 (157))
(18,81):179-162-170 (162))
(18,82):169-157-152 (152))
(18,83):79-84-84 (84))
(18,84):0-0-16 (16))
(18,85):26-17-21 (17))
(18,86):128-111-116 (116))
(18,87):160-155-161 (155))
(18,88):162-163-158 (158))
(18,89):149-149-148 (149))
(18,90):152-150-149 (149))
(18,91):157-157-156 (157))
(18,92):155-157-158 (158))
(18,93):145-148-149 (148))
(18,94):152-153-154 (154))
(18,95):160-159-160 (159))
(18,96):155-152-155 (155))
(18,97):149-147-147 (147))
(18,98):155-155-154 (154))
(18,99):165-163-161 (163))
(18,100):159-157-155 (155))
(18,101):169-154-171 (154))
(18,102):158-136-149 (149))
(18,103):57-49-66 (49))
(18,104):0-0-4 (4))
(18,105):14-9-10 (9))
(18,106):119-120-118 (118))
(18,107):229-238-224 (238))
(18,108):250-250-250 (251))
(18,109):247-250-250 (251))
(18,110):249-250-250 (252))
(18,111):250-250-250 (255))
(18,112):250-250-250 (255))
(18,113):250-250-250 (255))
(18,114):250-250-250 (255))
(18,115):250-250-250 (255))
(18,116):250-250-250 (255))
(18,117):250-250-250 (255))
(18,118):250-250-250 (255))
(18,119):250-250-250 (255))
(18,120):250-250-250 (255))
(18,121):250-250-250 (255))
(18,122):250-250-250 (255))
(18,123):250-250-250 (255))
(18,124):250-250-250 (255))
(18,125):250-250-250 (255))
(18,126):250-250-250 (255))
(18,127):250-250-223 (255))
(19,0):222-250-250 (254))
(19,1):250-250-250 (255))
(19,2):250-250-250 (254))
(19,3):250-250-250 (255))
(19,4):250-250-250 (255))
(19,5):250-250-250 (254))
(19,6):247-250-250 (254))
(19,7):250-250-250 (252))
(19,8):250-250-250 (255))
(19,9):249-249-250 (249))
(19,10):214-211-178 (211))
(19,11):100-101-98 (100))
(19,12):4-23-47 (23))
(19,13):22-27-51 (22))
(19,14):0-19-30 (19))
(19,15):21-24-52 (21))
(19,16):10-32-38 (32))
(19,17):53-59-84 (53))
(19,18):32-62-56 (62))
(19,19):31-45-69 (31))
(19,20):0-17-39 (17))
(19,21):18-23-63 (18))
(19,22):0-13-21 (13))
(19,23):19-27-61 (19))
(19,24):0-8-36 (8))
(19,25):15-6-13 (15))
(19,26):82-81-64 (81))
(19,27):150-136-151 (150))
(19,28):182-159-162 (159))
(19,29):168-170-172 (168))
(19,30):154-153-165 (153))
(19,31):155-168-168 (155))
(19,32):158-164-171 (164))
(19,33):156-158-159 (156))
(19,34):155-152-148 (152))
(19,35):163-160-158 (163))
(19,36):160-160-160 (160))
(19,37):149-150-152 (149))
(19,38):152-153-154 (153))
(19,39):158-157-156 (158))
(19,40):150-152-151 (152))
(19,41):146-147-150 (146))
(19,42):155-158-160 (158))
(19,43):154-153-153 (154))
(19,44):148-148-146 (148))
(19,45):156-153-151 (156))
(19,46):157-162-164 (162))
(19,47):174-180-189 (174))
(19,48):224-235-250 (235))
(19,49):248-250-250 (248))
(19,50):250-250-250 (252))
(19,51):250-250-250 (253))
(19,52):250-250-250 (250))
(19,53):250-250-249 (250))
(19,54):250-250-249 (251))
(19,55):250-250-250 (254))
(19,56):250-250-250 (255))
(19,57):250-250-250 (253))
(19,58):250-250-250 (253))
(19,59):250-250-250 (253))
(19,60):250-250-250 (251))
(19,61):245-249-250 (245))
(19,62):209-213-206 (213))
(19,63):168-169-159 (168))
(19,64):147-155-154 (155))
(19,65):148-146-150 (148))
(19,66):154-154-153 (154))
(19,67):161-160-158 (161))
(19,68):152-152-151 (152))
(19,69):150-151-153 (150))
(19,70):159-162-164 (162))
(19,71):157-158-155 (157))
(19,72):149-151-148 (151))
(19,73):152-153-154 (152))
(19,74):154-157-161 (157))
(19,75):152-153-154 (152))
(19,76):149-150-148 (150))
(19,77):158-157-157 (158))
(19,78):157-158-159 (158))
(19,79):150-150-154 (150))
(19,80):150-150-152 (150))
(19,81):158-157-156 (158))
(19,82):168-156-163 (156))
(19,83):145-145-160 (145))
(19,84):59-57-64 (57))
(19,85):7-0-0 (7))
(19,86):61-60-59 (60))
(19,87):150-152-160 (150))
(19,88):175-164-167 (164))
(19,89):153-154-151 (153))
(19,90):148-149-146 (149))
(19,91):157-157-156 (157))
(19,92):156-158-160 (158))
(19,93):147-148-150 (147))
(19,94):152-154-154 (154))
(19,95):159-158-157 (159))
(19,96):153-152-153 (152))
(19,97):152-150-153 (152))
(19,98):160-160-159 (160))
(19,99):160-158-156 (160))
(19,100):151-148-149 (148))
(19,101):156-158-160 (156))
(19,102):170-159-174 (159))
(19,103):130-121-145 (130))
(19,104):43-24-39 (24))
(19,105):6-0-0 (6))
(19,106):22-13-16 (13))
(19,107):135-136-141 (135))
(19,108):240-249-248 (249))
(19,109):250-250-250 (252))
(19,110):250-250-250 (253))
(19,111):249-250-250 (249))
(19,112):250-250-250 (253))
(19,113):250-250-250 (254))
(19,114):250-250-250 (254))
(19,115):250-250-250 (254))
(19,116):250-250-250 (255))
(19,117):250-250-250 (255))
(19,118):250-250-250 (255))
(19,119):250-250-250 (255))
(19,120):250-250-250 (255))
(19,121):250-250-250 (255))
(19,122):250-250-250 (255))
(19,123):250-250-250 (255))
(19,124):250-250-250 (255))
(19,125):250-250-250 (255))
(19,126):250-250-239 (255))
(19,127):250-223-175 (255))
(20,0):174-222-250 (254))
(20,1):240-250-250 (254))
(20,2):250-250-250 (255))
(20,3):250-250-250 (254))
(20,4):250-250-250 (255))
(20,5):250-250-250 (254))
(20,6):250-250-250 (255))
(20,7):215-246-250 (246))
(20,8):185-179-193 (193))
(20,9):97-89-88 (89))
(20,10):0-14-18 (18))
(20,11):0-4-0 (4))
(20,12):0-0-10 (10))
(20,13):0-28-35 (28))
(20,14):2-0-26 (26))
(20,15):0-3-3 (3))
(20,16):1-0-4 (4))
(20,17):6-11-0 (11))
(20,18):22-19-18 (18))
(20,19):30-46-33 (46))
(20,20):47-32-49 (49))
(20,21):8-19-16 (19))
(20,22):0-0-12 (12))
(20,23):33-40-43 (40))
(20,24):62-72-94 (94))
(20,25):112-144-153 (144))
(20,26):157-160-157 (157))
(20,27):176-157-161 (157))
(20,28):173-168-162 (162))
(20,29):168-156-153 (156))
(20,30):155-151-149 (149))
(20,31):153-156-155 (156))
(20,32):159-160-161 (161))
(20,33):151-151-150 (151))
(20,34):154-150-148 (148))
(20,35):162-158-155 (158))
(20,36):156-156-157 (157))
(20,37):145-149-150 (149))
(20,38):153-153-155 (155))
(20,39):158-158-158 (158))
(20,40):149-150-151 (151))
(20,41):144-148-149 (148))
(20,42):156-158-160 (160))
(20,43):154-154-154 (154))
(20,44):151-148-148 (148))
(20,45):157-156-153 (156))
(20,46):148-152-158 (158))
(20,47):158-165-169 (165))
(20,48):220-221-224 (224))
(20,49):250-250-250 (250))
(20,50):250-250-250 (252))
(20,51):250-250-250 (252))
(20,52):250-250-250 (252))
(20,53):250-250-250 (255))
(20,54):250-250-250 (255))
(20,55):250-250-250 (252))
(20,56):250-250-250 (252))
(20,57):250-250-250 (255))
(20,58):250-250-250 (253))
(20,59):250-250-250 (255))
(20,60):250-250-250 (253))
(20,61):250-247-250 (247))
(20,62):246-244-237 (237))
(20,63):202-208-206 (208))
(20,64):154-160-165 (165))
(20,65):141-145-143 (145))
(20,66):154-153-156 (156))
(20,67):160-159-160 (159))
(20,68):152-152-153 (153))
(20,69):148-151-152 (151))
(20,70):158-160-161 (161))
(20,71):159-158-158 (158))
(20,72):151-150-150 (150))
(20,73):153-155-155 (155))
(20,74):157-160-162 (162))
(20,75):154-157-158 (157))
(20,76):152-151-152 (152))
(20,77):159-158-158 (158))
(20,78):158-159-158 (158))
(20,79):150-150-149 (150))
(20,80):162-157-153 (153))
(20,81):168-154-148 (154))
(20,82):179-172-153 (153))
(20,83):178-157-157 (157))
(20,84):146-133-125 (125))
(20,85):26-23-19 (23))
(20,86):0-3-13 (13))
(20,87):93-98-89 (98))
(20,88):164-165-157 (157))
(20,89):160-159-165 (159))
(20,90):151-150-148 (148))
(20,91):157-157-156 (157))
(20,92):155-157-159 (159))
(20,93):145-148-149 (148))
(20,94):152-152-153 (153))
(20,95):161-159-158 (159))
(20,96):154-153-154 (154))
(20,97):149-151-152 (151))
(20,98):158-157-159 (159))
(20,99):159-157-159 (157))
(20,100):154-148-151 (151))
(20,101):155-152-153 (152))
(20,102):160-162-159 (159))
(20,103):163-154-166 (154))
(20,104):121-107-121 (121))
(20,105):17-16-31 (16))
(20,106):0-0-0 (0))
(20,107):33-34-48 (34))
(20,108):191-178-180 (180))
(20,109):250-250-250 (252))
(20,110):250-250-250 (252))
(20,111):250-250-250 (255))
(20,112):250-250-250 (253))
(20,113):250-250-250 (253))
(20,114):250-250-250 (253))
(20,115):250-250-250 (254))
(20,116):250-250-250 (254))
(20,117):250-250-250 (255))
(20,118):250-250-250 (255))
(20,119):250-250-250 (255))
(20,120):250-250-250 (255))
(20,121):250-250-250 (255))
(20,122):250-250-250 (255))
(20,123):250-250-250 (255))
(20,124):250-250-250 (255))
(20,125):250-250-250 (255))
(20,126):250-250-250 (255))
(20,127):250-250-223 (255))
(21,0):224-250-250 (255))
(21,1):250-250-250 (255))
(21,2):250-250-250 (251))
(21,3):250-250-250 (253))
(21,4):250-250-250 (252))
(21,5):237-232-250 (237))
(21,6):161-160-141 (160))
(21,7):64-71-66 (64))
(21,8):0-14-28 (14))
(21,9):6-0-1 (6))
(21,10):0-12-1 (12))
(21,11):29-29-38 (29))
(21,12):32-47-50 (47))
(21,13):65-71-77 (65))
(21,14):88-86-91 (86))
(21,15):109-98-96 (109))
(21,16):136-119-104 (119))
(21,17):140-124-100 (140))
(21,18):188-163-135 (163))
(21,19):172-160-139 (172))
(21,20):182-161-151 (161))
(21,21):140-123-105 (140))
(21,22):146-124-114 (124))
(21,23):149-135-129 (149))
(21,24):165-158-157 (158))
(21,25):160-176-171 (160))
(21,26):152-158-167 (158))
(21,27):150-152-154 (150))
(21,28):154-155-160 (155))
(21,29):159-156-156 (159))
(21,30):154-153-148 (153))
(21,31):156-156-155 (156))
(21,32):159-159-162 (159))
(21,33):154-153-153 (154))
(21,34):155-153-148 (153))
(21,35):161-158-156 (161))
(21,36):155-155-155 (155))
(21,37):146-147-149 (146))
(21,38):150-152-153 (152))
(21,39):156-156-155 (156))
(21,40):150-151-150 (151))
(21,41):149-150-153 (149))
(21,42):159-161-163 (161))
(21,43):157-157-156 (157))
(21,44):150-149-147 (149))
(21,45):156-154-154 (156))
(21,46):150-156-158 (156))
(21,47):153-152-158 (153))
(21,48):192-194-199 (194))
(21,49):244-248-249 (244))
(21,50):250-250-250 (253))
(21,51):250-250-250 (253))
(21,52):250-250-250 (255))
(21,53):250-250-250 (253))
(21,54):250-250-250 (254))
(21,55):250-250-250 (255))
(21,56):250-250-250 (255))
(21,57):250-250-250 (254))
(21,58):250-250-250 (254))
(21,59):250-250-250 (255))
(21,60):250-250-250 (253))
(21,61):250-250-250 (253))
(21,62):250-250-248 (250))
(21,63):231-236-236 (231))
(21,64):185-188-189 (188))
(21,65):148-146-149 (148))
(21,66):147-154-155 (154))
(21,67):159-159-156 (159))
(21,68):153-155-154 (155))
(21,69):150-150-152 (150))
(21,70):159-158-159 (158))
(21,71):161-159-160 (161))
(21,72):151-149-147 (149))
(21,73):154-153-154 (154))
(21,74):158-160-160 (160))
(21,75):152-154-155 (152))
(21,76):145-148-154 (148))
(21,77):159-168-171 (159))
(21,78):155-161-173 (161))
(21,79):152-165-165 (152))
(21,80):162-158-166 (158))
(21,81):163-159-150 (163))
(21,82):172-153-140 (153))
(21,83):147-137-111 (147))
(21,84):160-145-118 (145))
(21,85):59-37-26 (59))
(21,86):0-5-0 (5))
(21,87):20-21-7 (20))
(21,88):108-124-127 (124))
(21,89):159-167-164 (159))
(21,90):154-148-144 (148))
(21,91):156-156-155 (156))
(21,92):157-159-161 (159))
(21,93):149-150-152 (149))
(21,94):152-152-151 (152))
(21,95):160-159-156 (160))
(21,96):154-155-154 (155))
(21,97):149-149-151 (149))
(21,98):155-155-158 (155))
(21,99):159-157-157 (159))
(21,100):150-147-146 (147))
(21,101):155-151-153 (155))
(21,102):162-159-161 (159))
(21,103):158-170-171 (158))
(21,104):141-151-163 (151))
(21,105):66-64-59 (66))
(21,106):0-4-0 (4))
(21,107):4-0-0 (4))
(21,108):99-87-86 (87))
(21,109):239-238-242 (239))
(21,110):250-250-247 (250))
(21,111):250-250-250 (251))
(21,112):250-250-250 (253))
(21,113):250-250-250 (253))
(21,114):250-250-250 (253))
(21,115):250-250-250 (254))
(21,116):250-250-250 (254))
(21,117):250-250-250 (254))
(21,118):250-250-250 (254))
(21,119):250-250-250 (254))
(21,120):250-250-250 (255))
(21,121):250-250-250 (255))
(21,122):250-250-250 (255))
(21,123):250-250-250 (255))
(21,124):250-250-250 (255))
(21,125):250-250-250 (255))
(21,126):250-250-239 (255))
(21,127):250-223-175 (255))
(22,0):174-221-250 (255))
(22,1):235-249-250 (249))
(22,2):250-250-250 (255))
(22,3):250-250-250 (251))
(22,4):240-205-215 (215))
(22,5):86-75-80 (75))
(22,6):0-0-5 (5))
(22,7):0-3-0 (3))
(22,8):0-0-18 (18))
(22,9):63-64-72 (64))
(22,10):120-120-132 (132))
(22,11):138-160-178 (160))
(22,12):127-147-151 (151))
(22,13):143-151-164 (151))
(22,14):149-158-161 (161))
(22,15):172-163-166 (163))
(22,16):172-172-161 (161))
(22,17):181-173-167 (173))
(22,18):194-192-173 (173))
(22,19):184-165-158 (165))
(22,20):177-172-158 (158))
(22,21):171-159-153 (159))
(22,22):178-168-159 (159))
(22,23):168-156-151 (156))
(22,24):166-166-156 (156))
(22,25):165-163-159 (163))
(22,26):153-154-154 (154))
(22,27):148-150-151 (150))
(22,28):158-159-162 (162))
(22,29):160-159-159 (159))
(22,30):154-152-151 (151))
(22,31):157-157-157 (157))
(22,32):160-161-162 (162))
(22,33):153-154-153 (154))
(22,34):151-149-148 (148))
(22,35):159-156-154 (156))
(22,36):153-154-155 (155))
(22,37):144-148-149 (148))
(22,38):152-153-154 (154))
(22,39):159-159-158 (159))
(22,40):151-151-151 (151))
(22,41):147-149-149 (149))
(22,42):156-158-159 (159))
(22,43):159-158-157 (158))
(22,44):153-150-150 (150))
(22,45):155-155-155 (155))
(22,46):150-153-158 (158))
(22,47):148-150-150 (150))
(22,48):174-173-178 (178))
(22,49):238-235-233 (235))
(22,50):250-250-250 (253))
(22,51):250-249-250 (249))
(22,52):250-250-250 (252))
(22,53):250-250-250 (255))
(22,54):250-250-250 (255))
(22,55):250-250-250 (255))
(22,56):250-250-250 (252))
(22,57):250-250-250 (255))
(22,58):250-250-250 (254))
(22,59):250-250-250 (251))
(22,60):250-250-250 (254))
(22,61):250-250-250 (255))
(22,62):250-250-249 (249))
(22,63):247-246-247 (246))
(22,64):212-215-217 (217))
(22,65):153-162-165 (162))
(22,66):146-147-152 (152))
(22,67):162-160-157 (160))
(22,68):155-154-154 (154))
(22,69):148-150-150 (150))
(22,70):154-157-158 (158))
(22,71):162-160-159 (160))
(22,72):161-156-152 (152))
(22,73):163-154-148 (154))
(22,74):173-171-158 (158))
(22,75):170-155-152 (155))
(22,76):162-162-154 (154))
(22,77):157-159-167 (159))
(22,78):130-142-148 (148))
(22,79):112-129-144 (129))
(22,80):100-104-110 (110))
(22,81):80-78-75 (78))
(22,82):74-51-44 (44))
(22,83):33-20-0 (20))
(22,84):31-32-13 (13))
(22,85):26-8-0 (8))
(22,86):13-0-1 (1))
(22,87):0-2-2 (2))
(22,88):76-75-76 (76))
(22,89):167-156-152 (156))
(22,90):167-162-153 (153))
(22,91):159-159-159 (159))
(22,92):156-158-159 (159))
(22,93):148-150-149 (150))
(22,94):151-150-150 (150))
(22,95):162-159-157 (159))
(22,96):153-153-153 (153))
(22,97):148-149-150 (149))
(22,98):157-158-160 (160))
(22,99):161-163-162 (163))
(22,100):151-150-149 (149))
(22,101):154-150-150 (150))
(22,102):159-157-160 (160))
(22,103):154-155-161 (155))
(22,104):164-163-152 (152))
(22,105):130-120-105 (120))
(22,106):12-15-18 (18))
(22,107):0-0-0 (0))
(22,108):32-35-37 (37))
(22,109):210-200-182 (200))
(22,110):250-250-250 (253))
(22,111):250-250-250 (255))
(22,112):250-250-250 (253))
(22,113):250-250-250 (253))
(22,114):250-250-250 (253))
(22,115):250-250-250 (253))
(22,116):250-250-250 (254))
(22,117):250-250-250 (254))
(22,118):250-250-250 (254))
(22,119):250-250-250 (254))
(22,120):250-250-250 (255))
(22,121):250-250-250 (255))
(22,122):250-250-250 (255))
(22,123):250-250-250 (255))
(22,124):250-250-250 (255))
(22,125):250-250-250 (255))
(22,126):250-250-250 (255))
(22,127):250-250-223 (255))
(23,0):222-250-250 (254))
(23,1):250-250-250 (252))
(23,2):250-249-250 (249))
(23,3):215-203-238 (215))
(23,4):86-71-85 (71))
(23,5):0-0-0 (0))
(23,6):0-6-0 (6))
(23,7):33-35-15 (33))
(23,8):113-118-105 (118))
(23,9):154-155-166 (154))
(23,10):159-153-168 (153))
(23,11):154-172-170 (154))
(23,12):146-157-167 (157))
(23,13):151-164-170 (151))
(23,14):156-162-173 (162))
(23,15):165-171-174 (165))
(23,16):158-162-164 (162))
(23,17):165-172-170 (165))
(23,18):172-176-177 (176))
(23,19):165-164-164 (165))
(23,20):156-156-154 (156))
(23,21):160-162-162 (160))
(23,22):155-161-165 (161))
(23,23):150-153-153 (150))
(23,24):155-157-156 (157))
(23,25):162-162-160 (162))
(23,26):155-155-154 (155))
(23,27):152-152-155 (152))
(23,28):162-163-166 (163))
(23,29):159-158-158 (159))
(23,30):151-150-148 (150))
(23,31):155-154-153 (155))
(23,32):158-159-159 (159))
(23,33):152-152-152 (152))
(23,34):149-148-147 (148))
(23,35):158-155-154 (158))
(23,36):157-158-159 (158))
(23,37):149-150-152 (149))
(23,38):152-153-153 (153))
(23,39):158-158-155 (158))
(23,40):153-153-150 (153))
(23,41):149-149-151 (149))
(23,42):156-156-158 (156))
(23,43):157-156-155 (157))
(23,44):148-148-146 (148))
(23,45):153-154-153 (153))
(23,46):157-159-161 (159))
(23,47):151-145-150 (151))
(23,48):153-149-150 (149))
(23,49):202-197-198 (202))
(23,50):243-241-243 (241))
(23,51):250-250-250 (253))
(23,52):250-250-250 (254))
(23,53):250-250-250 (255))
(23,54):250-250-250 (253))
(23,55):250-250-250 (255))
(23,56):250-250-250 (255))
(23,57):250-250-250 (255))
(23,58):250-250-250 (254))
(23,59):250-250-250 (255))
(23,60):250-250-250 (251))
(23,61):249-250-248 (249))
(23,62):250-250-250 (254))
(23,63):250-250-250 (251))
(23,64):230-237-241 (237))
(23,65):177-179-178 (177))
(23,66):148-152-149 (152))
(23,67):160-159-159 (160))
(23,68):148-152-159 (152))
(23,69):151-163-171 (151))
(23,70):152-160-177 (160))
(23,71):157-173-175 (157))
(23,72):152-151-162 (151))
(23,73):156-157-151 (156))
(23,74):178-163-151 (163))
(23,75):147-139-130 (147))
(23,76):123-112-99 (112))
(23,77):76-74-73 (76))
(23,78):26-39-51 (39))
(23,79):11-20-30 (11))
(23,80):0-6-15 (6))
(23,81):4-0-0 (4))
(23,82):9-12-0 (12))
(23,83):71-54-42 (71))
(23,84):154-140-120 (140))
(23,85):124-116-113 (124))
(23,86):32-23-28 (23))
(23,87):2-0-0 (2))
(23,88):42-31-25 (31))
(23,89):144-140-139 (144))
(23,90):165-150-149 (150))
(23,91):157-157-159 (157))
(23,92):157-157-158 (157))
(23,93):150-149-152 (150))
(23,94):151-150-149 (150))
(23,95):160-157-156 (160))
(23,96):154-153-153 (153))
(23,97):150-150-154 (150))
(23,98):151-157-165 (157))
(23,99):156-170-170 (156))
(23,100):145-152-161 (152))
(23,101):155-166-176 (155))
(23,102):153-159-178 (159))
(23,103):157-169-177 (157))
(23,104):165-152-162 (152))
(23,105):165-171-183 (165))
(23,106):70-63-73 (63))
(23,107):0-0-0 (0))
(23,108):0-6-0 (6))
(23,109):117-115-108 (117))
(23,110):230-242-247 (242))
(23,111):250-250-250 (252))
(23,112):250-250-250 (253))
(23,113):250-250-250 (253))
(23,114):250-250-250 (253))
(23,115):250-250-250 (253))
(23,116):250-250-250 (254))
(23,117):250-250-250 (254))
(23,118):250-250-250 (255))
(23,119):250-250-250 (255))
(23,120):250-250-250 (255))
(23,121):250-250-250 (255))
(23,122):250-250-250 (255))
(23,123):250-250-250 (255))
(23,124):250-250-250 (255))
(23,125):250-250-250 (255))
(23,126):250-250-239 (255))
(23,127):250-223-175 (255))
(24,0):179-225-250 (255))
(24,1):243-250-250 (252))
(24,2):240-214-220 (220))
(24,3):78-66-77 (66))
(24,4):0-0-2 (2))
(24,5):6-12-0 (12))
(24,6):58-69-66 (66))
(24,7):117-138-134 (138))
(24,8):166-169-157 (157))
(24,9):163-149-152 (149))
(24,10):157-156-155 (155))
(24,11):157-159-158 (159))
(24,12):152-154-154 (154))
(24,13):149-153-153 (153))
(24,14):161-162-164 (164))
(24,15):162-162-161 (162))
(24,16):159-159-158 (158))
(24,17):163-166-165 (166))
(24,18):171-173-173 (173))
(24,19):163-163-163 (163))
(24,20):158-156-156 (156))
(24,21):161-160-159 (160))
(24,22):156-158-159 (159))
(24,23):147-151-152 (151))
(24,24):155-156-157 (157))
(24,25):160-160-160 (160))
(24,26):154-153-154 (154))
(24,27):146-147-149 (147))
(24,28):158-159-161 (161))
(24,29):156-156-157 (156))
(24,30):158-153-148 (148))
(24,31):158-152-146 (152))
(24,32):153-157-154 (154))
(24,33):148-152-151 (152))
(24,34):153-149-151 (151))
(24,35):160-156-158 (156))
(24,36):158-157-159 (159))
(24,37):149-151-152 (151))
(24,38):153-152-153 (153))
(24,39):159-158-156 (158))
(24,40):151-151-150 (150))
(24,41):143-146-146 (146))
(24,42):154-155-157 (157))
(24,43):158-157-156 (157))
(24,44):149-148-148 (148))
(24,45):151-155-155 (155))
(24,46):153-156-159 (159))
(24,47):151-152-151 (152))
(24,48):145-139-149 (149))
(24,49):171-167-171 (167))
(24,50):224-219-219 (219))
(24,51):250-247-248 (247))
(24,52):250-250-250 (252))
(24,53):250-250-250 (254))
(24,54):250-250-250 (254))
(24,55):250-250-250 (255))
(24,56):250-250-250 (255))
(24,57):250-250-250 (254))
(24,58):250-250-250 (255))
(24,59):250-250-250 (255))
(24,60):247-250-249 (249))
(24,61):248-250-249 (251))
(24,62):250-250-250 (250))
(24,63):250-249-250 (249))
(24,64):250-250-246 (246))
(24,65):228-208-197 (208))
(24,66):183-175-158 (158))
(24,67):175-159-151 (159))
(24,68):147-152-151 (151))
(24,69):144-153-169 (153))
(24,70):138-156-165 (165))
(24,71):129-151-171 (151))
(24,72):103-111-120 (120))
(24,73):82-81-84 (81))
(24,74):63-58-53 (53))
(24,75):41-27-9 (27))
(24,76):22-12-4 (4))
(24,77):6-2-0 (2))
(24,78):0-0-5 (5))
(24,79):0-3-6 (3))
(24,80):0-0-1 (1))
(24,81):0-3-0 (3))
(24,82):0-4-14 (14))
(24,83):152-144-150 (144))
(24,84):250-250-249 (249))
(24,85):244-237-250 (237))
(24,86):98-99-101 (101))
(24,87):8-7-0 (7))
(24,88):1-6-17 (17))
(24,89):122-121-111 (121))
(24,90):163-166-157 (157))
(24,91):157-156-164 (156))
(24,92):155-156-158 (158))
(24,93):146-149-150 (149))
(24,94):152-151-152 (152))
(24,95):161-159-160 (159))
(24,96):157-156-156 (156))
(24,97):163-147-150 (147))
(24,98):161-164-159 (159))
(24,99):153-163-171 (163))
(24,100):115-133-148 (148))
(24,101):129-147-172 (147))
(24,102):121-142-165 (165))
(24,103):143-160-184 (160))
(24,104):132-148-158 (158))
(24,105):167-168-191 (168))
(24,106):137-128-131 (131))
(24,107):30-16-30 (16))
(24,108):0-0-3 (3))
(24,109):29-27-41 (27))
(24,110):167-155-161 (161))
(24,111):250-247-249 (247))
(24,112):250-250-250 (252))
(24,113):249-248-250 (248))
(24,114):250-250-250 (255))
(24,115):250-250-250 (253))
(24,116):250-250-250 (253))
(24,117):250-250-250 (255))
(24,118):250-250-250 (255))
(24,119):250-250-250 (254))
(24,120):250-250-250 (255))
(24,121):250-250-250 (255))
(24,122):250-250-250 (255))
(24,123):250-250-250 (255))
(24,124):250-250-250 (255))
(24,125):250-250-250 (255))
(24,126):250-250-250 (255))
(24,127):250-250-223 (255))
(25,0):238-250-250 (252))
(25,1):248-250-250 (248))
(25,2):125-131-133 (131))
(25,3):5-0-0 (5))
(25,4):0-12-0 (12))
(25,5):86-79-66 (86))
(25,6):147-149-137 (149))
(25,7):158-176-172 (158))
(25,8):155-157-165 (157))
(25,9):149-149-152 (149))
(25,10):153-155-155 (155))
(25,11):160-160-159 (160))
(25,12):154-155-154 (155))
(25,13):153-154-156 (153))
(25,14):162-164-166 (164))
(25,15):161-161-161 (161))
(25,16):160-160-158 (160))
(25,17):167-168-168 (167))
(25,18):173-173-175 (173))
(25,19):164-164-165 (164))
(25,20):157-157-155 (157))
(25,21):161-160-159 (161))
(25,22):158-159-159 (159))
(25,23):150-151-154 (150))
(25,24):152-154-156 (154))
(25,25):157-157-155 (157))
(25,26):153-154-153 (154))
(25,27):150-149-152 (150))
(25,28):158-159-160 (159))
(25,29):156-156-144 (156))
(25,30):146-146-144 (146))
(25,31):152-157-166 (152))
(25,32):160-161-167 (161))
(25,33):148-148-142 (148))
(25,34):148-147-146 (147))
(25,35):161-157-160 (161))
(25,36):157-154-157 (154))
(25,37):151-153-158 (151))
(25,38):149-151-159 (151))
(25,39):160-166-168 (160))
(25,40):149-156-163 (156))
(25,41):147-159-166 (147))
(25,42):148-156-171 (156))
(25,43):157-167-173 (157))
(25,44):142-147-152 (147))
(25,45):150-157-162 (150))
(25,46):148-155-166 (155))
(25,47):154-163-170 (154))
(25,48):143-151-161 (151))
(25,49):167-171-178 (167))
(25,50):196-199-210 (199))
(25,51):241-250-250 (241))
(25,52):247-250-250 (251))
(25,53):250-250-250 (255))
(25,54):244-250-250 (253))
(25,55):250-250-250 (255))
(25,56):250-250-250 (255))
(25,57):250-250-250 (253))
(25,58):250-250-250 (255))
(25,59):250-250-250 (251))
(25,60):250-250-250 (255))
(25,61):250-250-250 (250))
(25,62):246-249-250 (249))
(25,63):250-250-250 (254))
(25,64):250-250-250 (252))
(25,65):230-220-216 (230))
(25,66):184-154-131 (154))
(25,67):124-105-90 (124))
(25,68):86-83-80 (83))
(25,69):58-64-68 (58))
(25,70):26-48-60 (48))
(25,71):15-31-41 (15))
(25,72):0-7-18 (7))
(25,73):4-3-14 (4))
(25,74):0-1-0 (1))
(25,75):2-0-0 (2))
(25,76):13-6-0 (6))
(25,77):12-0-0 (12))
(25,78):9-4-0 (4))
(25,79):2-0-0 (2))
(25,80):0-2-0 (2))
(25,81):3-0-0 (3))
(25,82):74-61-58 (61))
(25,83):207-208-217 (207))
(25,84):250-250-250 (250))
(25,85):246-250-250 (246))
(25,86):117-120-119 (120))
(25,87):7-0-7 (7))
(25,88):0-1-4 (1))
(25,89):54-57-53 (54))
(25,90):138-146-150 (146))
(25,91):161-169-168 (161))
(25,92):159-159-158 (159))
(25,93):147-149-149 (147))
(25,94):150-152-152 (152))
(25,95):159-162-159 (159))
(25,96):164-155-170 (155))
(25,97):146-141-153 (146))
(25,98):116-109-93 (109))
(25,99):70-54-52 (70))
(25,100):38-47-45 (47))
(25,101):40-36-46 (40))
(25,102):27-45-47 (45))
(25,103):50-44-58 (50))
(25,104):47-56-51 (56))
(25,105):70-60-47 (70))
(25,106):102-97-80 (97))
(25,107):64-56-72 (64))
(25,108):18-14-19 (14))
(25,109):2-0-0 (2))
(25,110):62-40-48 (40))
(25,111):199-190-213 (199))
(25,112):250-250-250 (251))
(25,113):250-250-250 (252))
(25,114):250-250-250 (253))
(25,115):250-250-250 (254))
(25,116):250-250-250 (253))
(25,117):250-250-250 (253))
(25,118):250-250-250 (250))
(25,119):250-250-250 (255))
(25,120):250-250-250 (255))
(25,121):250-250-250 (255))
(25,122):250-250-250 (255))
(25,123):250-250-250 (255))
(25,124):250-250-250 (255))
(25,125):250-250-250 (255))
(25,126):250-250-239 (255))
(25,127):250-223-175 (255))
(26,0):185-238-250 (255))
(26,1):201-211-222 (211))
(26,2):34-46-46 (46))
(26,3):0-0-0 (0))
(26,4):28-33-34 (34))
(26,5):151-139-122 (139))
(26,6):181-176-156 (156))
(26,7):166-163-164 (163))
(26,8):159-160-161 (161))
(26,9):151-153-154 (153))
(26,10):157-157-158 (158))
(26,11):164-163-162 (163))
(26,12):156-156-156 (156))
(26,13):150-153-154 (153))
(26,14):158-160-163 (163))
(26,15):158-159-160 (159))
(26,16):160-159-159 (159))
(26,17):164-165-166 (165))
(26,18):167-169-170 (170))
(26,19):159-160-161 (160))
(26,20):155-154-154 (154))
(26,21):160-159-158 (159))
(26,22):154-156-157 (157))
(26,23):147-149-150 (149))
(26,24):153-153-155 (155))
(26,25):158-158-158 (158))
(26,26):151-150-150 (150))
(26,27):146-145-144 (145))
(26,28):160-160-155 (155))
(26,29):167-160-157 (160))
(26,30):101-101-108 (108))
(26,31):83-98-102 (98))
(26,32):143-145-146 (146))
(26,33):170-155-157 (155))
(26,34):173-164-150 (150))
(26,35):173-157-149 (157))
(26,36):173-172-157 (157))
(26,37):159-151-151 (151))
(26,38):160-158-155 (155))
(26,39):168-159-165 (159))
(26,40):142-151-152 (152))
(26,41):144-151-164 (151))
(26,42):142-154-160 (160))
(26,43):156-159-169 (159))
(26,44):147-156-153 (153))
(26,45):170-162-168 (162))
(26,46):166-175-171 (171))
(26,47):169-169-178 (169))
(26,48):150-163-164 (164))
(26,49):161-166-174 (166))
(26,50):146-167-176 (176))
(26,51):211-220-241 (220))
(26,52):223-242-250 (252))
(26,53):243-250-250 (252))
(26,54):228-243-250 (255))
(26,55):243-250-250 (250))
(26,56):250-250-250 (255))
(26,57):250-250-250 (255))
(26,58):250-250-250 (255))
(26,59):250-250-250 (255))
(26,60):250-250-250 (255))
(26,61):250-250-250 (255))
(26,62):228-233-246 (246))
(26,63):185-213-233 (213))
(26,64):154-155-165 (165))
(26,65):91-86-90 (86))
(26,66):16-12-26 (26))
(26,67):3-6-0 (6))
(26,68):0-0-0 (0))
(26,69):0-4-0 (4))
(26,70):0-0-2 (2))
(26,71):0-1-4 (1))
(26,72):0-0-0 (0))
(26,73):0-2-9 (2))
(26,74):0-0-3 (3))
(26,75):0-2-5 (2))
(26,76):0-0-0 (0))
(26,77):0-2-2 (2))
(26,78):0-0-0 (0))
(26,79):0-3-1 (3))
(26,80):0-0-3 (3))
(26,81):34-23-35 (23))
(26,82):181-159-163 (163))
(26,83):250-250-250 (250))
(26,84):250-250-250 (254))
(26,85):250-245-244 (245))
(26,86):125-123-118 (118))
(26,87):0-5-1 (5))
(26,88):0-0-3 (3))
(26,89):3-15-25 (15))
(26,90):111-114-117 (117))
(26,91):166-157-160 (157))
(26,92):165-162-156 (156))
(26,93):144-150-149 (150))
(26,94):152-158-154 (154))
(26,95):171-161-171 (161))
(26,96):154-132-139 (139))
(26,97):50-53-54 (53))
(26,98):0-0-8 (8))
(26,99):30-13-0 (13))
(26,100):90-70-67 (67))
(26,101):83-90-70 (90))
(26,102):103-85-80 (80))
(26,103):75-73-53 (73))
(26,104):106-74-66 (66))
(26,105):61-38-9 (38))
(26,106):15-18-9 (9))
(26,107):0-13-0 (13))
(26,108):28-14-21 (21))
(26,109):0-5-0 (5))
(26,110):0-0-4 (4))
(26,111):89-83-99 (83))
(26,112):243-222-226 (226))
(26,113):250-250-250 (251))
(26,114):249-250-248 (248))
(26,115):250-250-250 (255))
(26,116):250-250-250 (254))
(26,117):250-250-250 (255))
(26,118):250-250-250 (254))
(26,119):250-250-250 (255))
(26,120):250-250-250 (255))
(26,121):250-250-250 (255))
(26,122):250-250-250 (255))
(26,123):250-250-250 (255))
(26,124):250-250-250 (255))
(26,125):250-250-250 (255))
(26,126):250-250-250 (255))
(26,127):250-250-223 (255))
(27,0):210-245-250 (245))
(27,1):126-157-175 (126))
(27,2):1-6-0 (6))
(27,3):6-0-0 (6))
(27,4):90-86-87 (86))
(27,5):169-169-169 (169))
(27,6):174-157-156 (157))
(27,7):166-162-163 (166))
(27,8):162-161-162 (161))
(27,9):154-154-156 (154))
(27,10):159-159-159 (159))
(27,11):164-163-161 (164))
(27,12):157-157-156 (157))
(27,13):153-154-156 (153))
(27,14):160-162-165 (162))
(27,15):158-158-159 (158))
(27,16):154-155-153 (155))
(27,17):160-160-161 (160))
(27,18):162-163-165 (163))
(27,19):153-153-154 (153))
(27,20):148-148-146 (148))
(27,21):156-155-154 (156))
(27,22):155-156-156 (156))
(27,23):148-148-152 (148))
(27,24):150-150-152 (150))
(27,25):158-156-155 (158))
(27,26):154-152-149 (152))
(27,27):151-150-152 (151))
(27,28):169-157-150 (157))
(27,29):153-147-148 (153))
(27,30):35-42-44 (42))
(27,31):3-2-0 (3))
(27,32):87-97-99 (97))
(27,33):166-168-164 (166))
(27,34):180-155-143 (155))
(27,35):152-144-124 (152))
(27,36):163-151-131 (151))
(27,37):119-111-96 (119))
(27,38):111-98-96 (98))
(27,39):98-88-88 (98))
(27,40):74-70-72 (70))
(27,41):61-61-64 (61))
(27,42):56-62-70 (62))
(27,43):73-73-70 (73))
(27,44):97-92-86 (92))
(27,45):113-109-107 (113))
(27,46):122-114-108 (114))
(27,47):97-99-94 (97))
(27,48):82-87-84 (87))
(27,49):64-67-71 (64))
(27,50):38-52-59 (52))
(27,51):64-71-81 (64))
(27,52):72-85-91 (85))
(27,53):93-79-83 (93))
(27,54):89-88-77 (88))
(27,55):115-93-78 (115))
(27,56):192-175-148 (175))
(27,57):247-240-247 (247))
(27,58):250-250-250 (253))
(27,59):250-250-250 (253))
(27,60):250-250-250 (252))
(27,61):238-236-250 (238))
(27,62):117-122-132 (122))
(27,63):29-36-59 (29))
(27,64):0-5-9 (5))
(27,65):5-0-11 (5))
(27,66):0-8-11 (8))
(27,67):10-6-7 (10))
(27,68):0-1-0 (1))
(27,69):0-0-0 (0))
(27,70):9-0-0 (0))
(27,71):1-0-0 (1))
(27,72):8-3-0 (3))
(27,73):1-0-0 (1))
(27,74):3-1-0 (1))
(27,75):1-0-0 (1))
(27,76):3-2-0 (2))
(27,77):0-0-0 (0))
(27,78):0-3-2 (3))
(27,79):14-18-21 (14))
(27,80):61-71-91 (71))
(27,81):163-162-187 (163))
(27,82):239-238-239 (238))
(27,83):250-250-250 (254))
(27,84):250-250-244 (252))
(27,85):245-250-236 (245))
(27,86):119-125-123 (125))
(27,87):4-2-12 (4))
(27,88):0-0-11 (0))
(27,89):10-8-15 (10))
(27,90):105-105-116 (105))
(27,91):169-182-190 (169))
(27,92):162-160-170 (160))
(27,93):146-168-169 (146))
(27,94):157-154-171 (154))
(27,95):136-131-153 (136))
(27,96):47-46-47 (46))
(27,97):4-0-0 (4))
(27,98):49-37-46 (37))
(27,99):169-148-146 (169))
(27,100):250-244-217 (244))
(27,101):250-245-217 (250))
(27,102):250-250-231 (250))
(27,103):246-230-198 (246))
(27,104):250-246-220 (246))
(27,105):235-214-210 (235))
(27,106):148-141-134 (141))
(27,107):16-12-0 (16))
(27,108):0-10-0 (10))
(27,109):5-0-0 (5))
(27,110):0-0-0 (0))
(27,111):10-0-0 (10))
(27,112):118-120-120 (120))
(27,113):239-250-250 (239))
(27,114):250-250-250 (255))
(27,115):249-250-250 (249))
(27,116):250-250-250 (254))
(27,117):250-250-250 (255))
(27,118):250-250-250 (254))
(27,119):250-250-250 (254))
(27,120):250-250-250 (255))
(27,121):250-250-250 (255))
(27,122):250-250-250 (255))
(27,123):250-250-250 (255))
(27,124):250-250-250 (255))
(27,125):250-250-250 (255))
(27,126):250-250-239 (255))
(27,127):250-223-175 (255))
(28,0):117-180-228 (228))
(28,1):16-54-106 (54))
(28,2):0-0-2 (2))
(28,3):6-13-18 (13))
(28,4):130-130-135 (135))
(28,5):177-171-185 (171))
(28,6):176-168-165 (165))
(28,7):165-160-162 (160))
(28,8):157-156-159 (159))
(28,9):149-151-151 (151))
(28,10):157-157-157 (157))
(28,11):163-162-161 (162))
(28,12):155-155-155 (155))
(28,13):149-152-153 (152))
(28,14):158-160-162 (162))
(28,15):157-158-158 (158))
(28,16):152-151-151 (151))
(28,17):155-156-156 (156))
(28,18):157-158-160 (160))
(28,19):150-151-151 (151))
(28,20):148-147-147 (147))
(28,21):157-156-155 (156))
(28,22):153-155-156 (156))
(28,23):145-148-150 (148))
(28,24):153-152-154 (154))
(28,25):158-157-156 (157))
(28,26):150-150-149 (149))
(28,27):148-149-148 (149))
(28,28):170-167-157 (157))
(28,29):163-155-149 (155))
(28,30):44-52-62 (62))
(28,31):0-4-0 (4))
(28,32):18-29-33 (33))
(28,33):88-86-72 (86))
(28,34):83-71-59 (59))
(28,35):45-36-18 (36))
(28,36):38-29-14 (14))
(28,37):18-9-0 (9))
(28,38):27-8-5 (5))
(28,39):9-1-0 (1))
(28,40):12-0-3 (3))
(28,41):0-0-0 (0))
(28,42):4-0-1 (1))
(28,43):0-3-0 (3))
(28,44):18-5-2 (2))
(28,45):11-2-0 (2))
(28,46):22-9-3 (3))
(28,47):2-0-0 (0))
(28,48):10-3-0 (0))
(28,49):0-1-0 (1))
(28,50):0-0-3 (3))
(28,51):0-3-0 (3))
(28,52):28-0-4 (4))
(28,53):28-10-0 (10))
(28,54):35-9-0 (0))
(28,55):16-8-0 (8))
(28,56):20-19-22 (22))
(28,57):90-103-100 (103))
(28,58):193-182-196 (196))
(28,59):223-246-250 (246))
(28,60):250-250-250 (253))
(28,61):246-232-231 (232))
(28,62):89-108-122 (122))
(28,63):0-7-0 (7))
(28,64):0-0-9 (9))
(28,65):135-122-125 (122))
(28,66):206-199-187 (187))
(28,67):168-182-175 (182))
(28,68):100-97-73 (73))
(28,69):50-21-0 (21))
(28,70):52-24-11 (11))
(28,71):40-22-0 (22))
(28,72):80-55-34 (34))
(28,73):65-52-25 (52))
(28,74):99-71-57 (57))
(28,75):62-45-21 (45))
(28,76):80-62-50 (50))
(28,77):82-62-45 (62))
(28,78):118-117-117 (117))
(28,79):167-180-192 (180))
(28,80):243-238-240 (240))
(28,81):250-250-250 (254))
(28,82):250-250-249 (249))
(28,83):250-247-239 (247))
(28,84):250-250-247 (247))
(28,85):250-250-236 (251))
(28,86):123-120-113 (113))
(28,87):0-5-7 (5))
(28,88):0-0-1 (1))
(28,89):0-8-20 (8))
(28,90):42-59-81 (81))
(28,91):112-132-155 (132))
(28,92):107-129-144 (144))
(28,93):117-151-184 (151))
(28,94):114-117-139 (139))
(28,95):60-50-56 (50))
(28,96):3-0-8 (8))
(28,97):85-58-61 (58))
(28,98):204-179-187 (187))
(28,99):250-250-250 (250))
(28,100):250-250-250 (253))
(28,101):250-250-242 (252))
(28,102):250-250-250 (251))
(28,103):250-250-241 (255))
(28,104):250-250-250 (251))
(28,105):250-250-250 (255))
(28,106):250-250-248 (248))
(28,107):121-132-125 (132))
(28,108):38-49-34 (34))
(28,109):48-31-0 (31))
(28,110):12-0-15 (15))
(28,111):0-2-0 (2))
(28,112):0-14-34 (34))
(28,113):175-191-184 (191))
(28,114):250-250-250 (254))
(28,115):250-250-250 (251))
(28,116):250-250-250 (253))
(28,117):250-250-250 (253))
(28,118):250-250-250 (252))
(28,119):250-250-250 (255))
(28,120):250-250-250 (255))
(28,121):250-250-250 (255))
(28,122):250-250-250 (255))
(28,123):250-250-250 (255))
(28,124):250-250-250 (255))
(28,125):250-250-250 (255))
(28,126):250-250-250 (255))
(28,127):250-250-223 (255))
(29,0):155-206-250 (206))
(29,1):20-55-79 (20))
(29,2):0-1-8 (1))
(29,3):27-33-52 (27))
(29,4):136-150-167 (150))
(29,5):167-179-172 (167))
(29,6):163-159-157 (159))
(29,7):166-163-164 (166))
(29,8):159-159-160 (159))
(29,9):151-151-153 (151))
(29,10):155-156-156 (156))
(29,11):160-160-158 (160))
(29,12):153-154-153 (154))
(29,13):150-151-153 (150))
(29,14):158-160-162 (160))
(29,15):156-156-155 (156))
(29,16):148-148-145 (148))
(29,17):154-153-153 (154))
(29,18):158-159-160 (159))
(29,19):152-151-152 (152))
(29,20):149-149-146 (149))
(29,21):157-156-155 (157))
(29,22):154-155-156 (155))
(29,23):146-147-149 (146))
(29,24):151-153-153 (153))
(29,25):157-156-154 (157))
(29,26):149-150-148 (150))
(29,27):147-148-149 (147))
(29,28):161-158-156 (158))
(29,29):154-161-155 (154))
(29,30):91-101-101 (101))
(29,31):6-5-12 (6))
(29,32):0-0-0 (0))
(29,33):2-1-0 (2))
(29,34):2-3-0 (3))
(29,35):3-0-0 (3))
(29,36):8-3-0 (3))
(29,37):4-0-0 (4))
(29,38):6-0-0 (0))
(29,39):1-0-0 (1))
(29,40):3-0-0 (0))
(29,41):1-0-0 (1))
(29,42):6-2-0 (2))
(29,43):4-0-0 (4))
(29,44):7-1-0 (1))
(29,45):0-0-0 (0))
(29,46):8-2-0 (2))
(29,47):3-0-0 (3))
(29,48):13-9-0 (9))
(29,49):4-0-0 (4))
(29,50):0-0-0 (0))
(29,51):3-0-0 (3))
(29,52):80-49-10 (49))
(29,53):175-145-114 (175))
(29,54):230-197-153 (197))
(29,55):158-146-142 (158))
(29,56):78-95-85 (95))
(29,57):18-15-0 (18))
(29,58):0-22-34 (22))
(29,59):98-107-114 (98))
(29,60):212-221-192 (221))
(29,61):250-250-250 (251))
(29,62):186-196-200 (196))
(29,63):22-0-0 (22))
(29,64):46-27-6 (27))
(29,65):205-186-190 (205))
(29,66):250-250-250 (250))
(29,67):250-250-250 (252))
(29,68):250-237-233 (237))
(29,69):215-216-197 (215))
(29,70):221-203-210 (203))
(29,71):215-220-197 (215))
(29,72):250-235-236 (235))
(29,73):241-248-227 (241))
(29,74):250-242-250 (242))
(29,75):239-245-223 (239))
(29,76):250-249-250 (249))
(29,77):244-250-243 (244))
(29,78):250-250-250 (251))
(29,79):250-250-250 (255))
(29,80):250-250-250 (255))
(29,81):250-250-250 (253))
(29,82):250-250-250 (252))
(29,83):250-250-231 (253))
(29,84):250-245-209 (245))
(29,85):192-168-144 (192))
(29,86):81-65-48 (65))
(29,87):2-0-0 (2))
(29,88):0-2-10 (2))
(29,89):2-3-31 (2))
(29,90):0-7-17 (7))
(29,91):7-22-38 (7))
(29,92):0-16-27 (16))
(29,93):18-31-55 (18))
(29,94):0-11-29 (11))
(29,95):5-0-0 (5))
(29,96):75-54-21 (54))
(29,97):210-204-219 (210))
(29,98):250-250-250 (252))
(29,99):250-250-250 (255))
(29,100):250-250-250 (254))
(29,101):250-250-250 (254))
(29,102):247-250-250 (255))
(29,103):250-250-250 (253))
(29,104):249-250-250 (255))
(29,105):250-250-250 (251))
(29,106):250-250-250 (253))
(29,107):250-250-250 (250))
(29,108):247-226-190 (226))
(29,109):184-174-171 (184))
(29,110):99-102-116 (102))
(29,111):50-53-66 (50))
(29,112):0-23-32 (23))
(29,113):72-62-39 (72))
(29,114):166-159-128 (159))
(29,115):226-209-222 (226))
(29,116):250-248-250 (248))
(29,117):250-250-250 (255))
(29,118):250-250-250 (255))
(29,119):250-250-250 (255))
(29,120):250-250-250 (255))
(29,121):250-250-250 (255))
(29,122):250-250-250 (255))
(29,123):250-250-250 (255))
(29,124):250-250-250 (255))
(29,125):250-250-250 (255))
(29,126):250-250-239 (255))
(29,127):250-223-175 (255))
(30,0):109-177-222 (222))
(30,1):14-56-105 (56))
(30,2):0-0-6 (6))
(30,3):1-13-17 (13))
(30,4):127-135-135 (135))
(30,5):177-174-181 (174))
(30,6):172-167-160 (160))
(30,7):168-166-164 (166))
(30,8):158-160-161 (161))
(30,9):149-152-153 (152))
(30,10):154-155-156 (156))
(30,11):160-159-158 (159))
(30,12):151-151-152 (152))
(30,13):145-148-148 (148))
(30,14):155-157-158 (158))
(30,15):155-155-154 (155))
(30,16):149-147-147 (147))
(30,17):154-154-153 (154))
(30,18):156-158-159 (159))
(30,19):151-152-152 (152))
(30,20):151-149-149 (149))
(30,21):158-157-156 (157))
(30,22):154-155-156 (156))
(30,23):145-147-147 (147))
(30,24):152-152-152 (152))
(30,25):160-159-157 (159))
(30,26):151-150-151 (151))
(30,27):145-147-148 (147))
(30,28):159-159-159 (159))
(30,29):156-157-168 (157))
(30,30):135-131-132 (132))
(30,31):37-38-48 (38))
(30,32):0-0-3 (3))
(30,33):0-2-1 (2))
(30,34):37-28-24 (24))
(30,35):35-13-16 (13))
(30,36):0-0-0 (0))
(30,37):0-3-0 (3))
(30,38):0-1-0 (0))
(30,39):3-5-3 (5))
(30,40):1-2-2 (2))
(30,41):3-4-2 (4))
(30,42):2-1-1 (1))
(30,43):4-2-2 (2))
(30,44):3-4-4 (4))
(30,45):0-3-4 (3))
(30,46):2-1-3 (3))
(30,47):1-0-0 (0))
(30,48):0-1-0 (0))
(30,49):3-4-4 (4))
(30,50):0-0-7 (7))
(30,51):0-2-0 (2))
(30,52):59-75-55 (55))
(30,53):250-229-197 (229))
(30,54):250-250-250 (251))
(30,55):250-250-250 (250))
(30,56):249-247-245 (245))
(30,57):160-182-179 (182))
(30,58):13-38-45 (45))
(30,59):3-10-0 (10))
(30,60):76-83-70 (70))
(30,61):207-221-215 (221))
(30,62):238-236-225 (225))
(30,63):67-57-59 (57))
(30,64):0-0-4 (4))
(30,65):90-85-84 (85))
(30,66):134-143-169 (169))
(30,67):149-182-217 (182))
(30,68):145-176-195 (195))
(30,69):195-216-245 (216))
(30,70):185-212-230 (230))
(30,71):232-244-250 (244))
(30,72):229-250-250 (252))
(30,73):250-250-250 (254))
(30,74):234-250-250 (252))
(30,75):249-249-250 (249))
(30,76):208-235-241 (241))
(30,77):221-235-250 (235))
(30,78):177-206-228 (228))
(30,79):186-212-249 (212))
(30,80):147-174-205 (205))
(30,81):153-183-209 (183))
(30,82):130-138-153 (153))
(30,83):108-121-112 (121))
(30,84):75-64-60 (60))
(30,85):50-21-0 (21))
(30,86):44-25-18 (18))
(30,87):54-55-38 (55))
(30,88):94-85-86 (86))
(30,89):83-84-89 (84))
(30,90):74-80-88 (88))
(30,91):75-97-101 (97))
(30,92):65-72-81 (81))
(30,93):61-72-70 (72))
(30,94):23-33-44 (44))
(30,95):4-7-0 (7))
(30,96):22-25-21 (21))
(30,97):178-173-159 (173))
(30,98):250-250-238 (238))
(30,99):250-250-250 (251))
(30,100):250-250-250 (253))
(30,101):250-250-250 (252))
(30,102):248-250-250 (252))
(30,103):250-250-250 (251))
(30,104):250-250-250 (251))
(30,105):250-250-250 (253))
(30,106):250-250-250 (254))
(30,107):250-250-249 (252))
(30,108):250-250-250 (253))
(30,109):250-250-250 (250))
(30,110):238-247-250 (253))
(30,111):214-244-250 (244))
(30,112):198-186-200 (200))
(30,113):115-112-99 (112))
(30,114):10-28-27 (27))
(30,115):61-44-27 (44))
(30,116):174-142-155 (155))
(30,117):228-240-239 (240))
(30,118):250-250-250 (253))
(30,119):250-250-250 (253))
(30,120):250-250-250 (255))
(30,121):250-250-250 (255))
(30,122):250-250-250 (255))
(30,123):250-250-250 (255))
(30,124):250-250-250 (255))
(30,125):250-250-250 (255))
(30,126):250-250-250 (255))
(30,127):250-250-223 (255))
(31,0):207-247-250 (247))
(31,1):115-152-162 (115))
(31,2):0-6-0 (6))
(31,3):4-0-0 (4))
(31,4):108-115-112 (115))
(31,5):178-181-170 (178))
(31,6):173-161-152 (161))
(31,7):162-160-157 (162))
(31,8):155-158-159 (158))
(31,9):149-150-152 (149))
(31,10):152-154-154 (154))
(31,11):157-156-155 (157))
(31,12):150-151-151 (151))
(31,13):148-149-151 (148))
(31,14):158-159-160 (159))
(31,15):156-155-154 (156))
(31,16):149-148-145 (148))
(31,17):154-153-153 (154))
(31,18):158-159-160 (159))
(31,19):151-151-151 (151))
(31,20):148-148-146 (148))
(31,21):158-157-155 (158))
(31,22):158-158-158 (158))
(31,23):150-150-152 (150))
(31,24):154-153-151 (153))
(31,25):160-159-156 (160))
(31,26):153-152-151 (152))
(31,27):150-149-152 (150))
(31,28):160-159-161 (159))
(31,29):161-166-163 (161))
(31,30):161-154-152 (154))
(31,31):106-99-98 (106))
(31,32):8-8-9 (8))
(31,33):5-0-0 (5))
(31,34):98-92-61 (92))
(31,35):137-138-153 (137))
(31,36):56-30-65 (30))
(31,37):1-0-0 (1))
(31,38):0-1-0 (1))
(31,39):0-2-0 (0))
(31,40):0-1-0 (1))
(31,41):1-0-0 (1))
(31,42):1-0-0 (0))
(31,43):6-5-5 (6))
(31,44):6-7-5 (7))
(31,45):0-1-0 (0))
(31,46):0-0-1 (0))
(31,47):2-0-0 (2))
(31,48):4-0-0 (0))
(31,49):2-0-0 (2))
(31,50):0-2-0 (2))
(31,51):26-36-12 (26))
(31,52):148-168-152 (168))
(31,53):250-250-250 (250))
(31,54):250-250-250 (252))
(31,55):250-250-250 (255))
(31,56):250-250-250 (253))
(31,57):250-250-250 (252))
(31,58):150-159-135 (159))
(31,59):12-0-0 (12))
(31,60):0-5-0 (5))
(31,61):134-131-113 (134))
(31,62):250-247-250 (247))
(31,63):206-208-250 (206))
(31,64):69-79-79 (79))
(31,65):15-20-41 (15))
(31,66):0-15-56 (15))
(31,67):6-37-93 (6))
(31,68):0-12-46 (12))
(31,69):18-46-102 (18))
(31,70):0-25-57 (25))
(31,71):51-65-100 (51))
(31,72):51-75-68 (75))
(31,73):91-88-113 (91))
(31,74):71-87-81 (87))
(31,75):77-80-112 (77))
(31,76):17-49-65 (49))
(31,77):34-48-94 (34))
(31,78):0-22-49 (22))
(31,79):17-38-85 (17))
(31,80):0-16-39 (16))
(31,81):17-39-82 (17))
(31,82):0-16-32 (16))
(31,83):25-30-50 (25))
(31,84):30-41-38 (41))
(31,85):83-62-59 (83))
(31,86):137-128-102 (128))
(31,87):154-150-143 (154))
(31,88):178-161-166 (161))
(31,89):163-161-156 (163))
(31,90):166-156-156 (156))
(31,91):160-161-147 (160))
(31,92):173-160-157 (160))
(31,93):162-164-155 (162))
(31,94):154-154-137 (154))
(31,95):74-75-64 (74))
(31,96):0-9-2 (9))
(31,97):13-9-0 (13))
(31,98):94-83-98 (83))
(31,99):202-184-199 (202))
(31,100):224-196-164 (196))
(31,101):154-131-104 (154))
(31,102):145-137-131 (137))
(31,103):154-145-140 (154))
(31,104):208-212-198 (212))
(31,105):249-250-243 (249))
(31,106):250-250-250 (252))
(31,107):250-250-250 (254))
(31,108):250-250-250 (254))
(31,109):250-250-250 (255))
(31,110):243-250-250 (251))
(31,111):250-250-250 (250))
(31,112):250-250-250 (253))
(31,113):247-242-249 (247))
(31,114):178-175-137 (175))
(31,115):60-36-8 (60))
(31,116):7-17-32 (17))
(31,117):122-116-135 (122))
(31,118):232-237-228 (237))
(31,119):250-250-250 (255))
(31,120):250-250-250 (255))
(31,121):250-250-250 (255))
(31,122):250-250-250 (255))
(31,123):250-250-250 (255))
(31,124):250-250-250 (255))
(31,125):250-250-250 (255))
(31,126):250-250-239 (255))
(31,127):250-223-175 (255))
(32,0):183-238-250 (252))
(32,1):188-199-206 (199))
(32,2):19-25-21 (21))
(32,3):0-6-0 (6))
(32,4):69-68-60 (60))
(32,5):183-164-149 (164))
(32,6):182-176-159 (159))
(32,7):164-163-160 (163))
(32,8):158-158-159 (159))
(32,9):147-150-150 (150))
(32,10):151-152-153 (153))
(32,11):156-156-156 (156))
(32,12):150-150-151 (151))
(32,13):144-147-148 (147))
(32,14):154-156-157 (157))
(32,15):156-156-155 (156))
(32,16):151-148-148 (148))
(32,17):152-152-151 (152))
(32,18):155-157-158 (158))
(32,19):151-153-152 (153))
(32,20):151-149-149 (149))
(32,21):158-157-156 (157))
(32,22):154-156-157 (157))
(32,23):146-149-148 (149))
(32,24):152-152-152 (152))
(32,25):161-160-158 (160))
(32,26):154-153-153 (153))
(32,27):147-149-149 (149))
(32,28):159-159-160 (160))
(32,29):161-160-158 (160))
(32,30):168-169-150 (150))
(32,31):164-149-132 (149))
(32,32):47-39-36 (36))
(32,33):10-6-0 (6))
(32,34):24-50-29 (29))
(32,35):171-179-177 (179))
(32,36):224-207-204 (204))
(32,37):88-72-100 (72))
(32,38):0-0-0 (0))
(32,39):0-4-0 (4))
(32,40):0-0-2 (2))
(32,41):0-0-9 (0))
(32,42):0-0-2 (2))
(32,43):0-6-8 (6))
(32,44):0-0-3 (3))
(32,45):0-2-9 (2))
(32,46):0-0-1 (1))
(32,47):0-2-5 (2))
(32,48):0-0-1 (1))
(32,49):18-3-0 (3))
(32,50):36-52-38 (38))
(32,51):152-174-156 (174))
(32,52):250-250-248 (248))
(32,53):250-250-250 (251))
(32,54):250-250-250 (253))
(32,55):250-250-250 (254))
(32,56):223-230-244 (244))
(32,57):180-206-230 (206))
(32,58):63-87-104 (104))
(32,59):0-8-0 (8))
(32,60):0-0-7 (7))
(32,61):123-119-125 (119))
(32,62):250-250-250 (251))
(32,63):250-250-250 (252))
(32,64):231-231-244 (244))
(32,65):175-208-245 (208))
(32,66):128-165-208 (208))
(32,67):155-198-236 (198))
(32,68):126-151-189 (189))
(32,69):128-160-187 (160))
(32,70):108-110-137 (137))
(32,71):94-103-93 (103))
(32,72):74-64-64 (64))
(32,73):74-63-33 (63))
(32,74):94-74-74 (74))
(32,75):88-89-77 (89))
(32,76):105-94-112 (112))
(32,77):96-115-126 (115))
(32,78):100-107-135 (135))
(32,79):116-144-160 (144))
(32,80):76-102-133 (133))
(32,81):102-142-162 (142))
(32,82):76-105-134 (134))
(32,83):118-147-171 (147))
(32,84):129-142-159 (159))
(32,85):159-159-169 (159))
(32,86):161-161-151 (151))
(32,87):169-153-151 (153))
(32,88):174-168-161 (161))
(32,89):164-153-149 (153))
(32,90):169-161-152 (152))
(32,91):169-160-155 (160))
(32,92):175-168-159 (159))
(32,93):164-150-147 (150))
(32,94):172-174-154 (154))
(32,95):148-156-148 (156))
(32,96):66-75-77 (77))
(32,97):0-3-3 (3))
(32,98):3-0-5 (5))
(32,99):42-18-0 (18))
(32,100):75-34-15 (15))
(32,101):54-19-0 (19))
(32,102):38-14-12 (12))
(32,103):11-8-0 (8))
(32,104):111-96-87 (87))
(32,105):229-237-217 (237))
(32,106):250-250-250 (251))
(32,107):250-250-250 (255))
(32,108):250-250-250 (254))
(32,109):250-250-250 (253))
(32,110):250-250-250 (255))
(32,111):250-250-250 (253))
(32,112):250-250-250 (255))
(32,113):250-250-250 (254))
(32,114):250-250-250 (251))
(32,115):190-201-189 (201))
(32,116):20-19-42 (42))
(32,117):18-19-15 (19))
(32,118):150-156-164 (164))
(32,119):250-250-250 (250))
(32,120):250-250-250 (254))
(32,121):250-250-250 (254))
(32,122):250-250-250 (255))
(32,123):250-250-250 (255))
(32,124):250-250-250 (255))
(32,125):250-250-250 (255))
(32,126):250-250-250 (255))
(32,127):250-250-223 (255))
(33,0):241-250-250 (253))
(33,1):235-250-250 (235))
(33,2):88-79-62 (79))
(33,3):2-0-0 (2))
(33,4):38-32-18 (32))
(33,5):157-150-140 (157))
(33,6):189-172-166 (172))
(33,7):168-167-167 (168))
(33,8):158-158-159 (158))
(33,9):149-149-150 (149))
(33,10):152-153-152 (153))
(33,11):156-155-154 (156))
(33,12):150-151-151 (151))
(33,13):147-148-150 (147))
(33,14):156-157-159 (157))
(33,15):156-155-155 (156))
(33,16):149-149-147 (149))
(33,17):153-152-152 (153))
(33,18):157-158-159 (158))
(33,19):152-152-152 (152))
(33,20):148-148-145 (148))
(33,21):157-156-154 (157))
(33,22):155-157-158 (157))
(33,23):147-148-150 (147))
(33,24):151-153-152 (153))
(33,25):159-159-156 (159))
(33,26):153-154-153 (154))
(33,27):151-151-153 (151))
(33,28):161-162-163 (162))
(33,29):162-162-160 (162))
(33,30):169-155-145 (155))
(33,31):155-150-137 (155))
(33,32):59-47-33 (47))
(33,33):5-0-0 (5))
(33,34):0-0-0 (0))
(33,35):63-90-72 (63))
(33,36):201-218-232 (218))
(33,37):203-217-239 (203))
(33,38):73-64-76 (64))
(33,39):0-0-0 (0))
(33,40):0-1-1 (1))
(33,41):4-3-6 (4))
(33,42):0-0-0 (0))
(33,43):4-0-0 (4))
(33,44):0-3-0 (3))
(33,45):3-4-12 (3))
(33,46):0-0-6 (0))
(33,47):7-19-34 (7))
(33,48):38-57-94 (57))
(33,49):140-150-164 (140))
(33,50):209-210-200 (210))
(33,51):249-250-250 (249))
(33,52):250-250-250 (253))
(33,53):250-250-248 (251))
(33,54):231-218-177 (218))
(33,55):135-116-119 (135))
(33,56):32-50-58 (50))
(33,57):13-22-31 (13))
(33,58):0-8-36 (8))
(33,59):23-35-64 (23))
(33,60):82-99-100 (99))
(33,61):200-197-215 (200))
(33,62):250-250-250 (251))
(33,63):250-250-250 (255))
(33,64):250-250-250 (254))
(33,65):250-250-250 (255))
(33,66):250-250-250 (255))
(33,67):250-250-250 (255))
(33,68):250-250-250 (253))
(33,69):250-250-250 (254))
(33,70):250-250-250 (250))
(33,71):250-239-217 (254))
(33,72):250-247-219 (247))
(33,73):247-221-187 (247))
(33,74):250-250-226 (252))
(33,75):250-232-205 (251))
(33,76):250-250-242 (250))
(33,77):249-242-228 (249))
(33,78):250-241-241 (241))
(33,79):239-242-240 (239))
(33,80):203-200-209 (200))
(33,81):169-179-172 (169))
(33,82):142-152-159 (152))
(33,83):150-162-171 (150))
(33,84):152-156-173 (156))
(33,85):162-167-173 (162))
(33,86):150-146-146 (146))
(33,87):155-152-154 (155))
(33,88):159-160-160 (160))
(33,89):153-153-151 (153))
(33,90):151-150-145 (150))
(33,91):162-160-159 (162))
(33,92):159-157-157 (157))
(33,93):150-146-148 (150))
(33,94):153-147-148 (147))
(33,95):165-183-178 (165))
(33,96):132-142-151 (142))
(33,97):30-33-44 (30))
(33,98):0-2-1 (2))
(33,99):4-0-0 (4))
(33,100):91-50-17 (50))
(33,101):159-134-125 (159))
(33,102):128-109-93 (109))
(33,103):11-0-0 (11))
(33,104):19-15-0 (15))
(33,105):163-151-134 (163))
(33,106):250-250-250 (251))
(33,107):250-250-250 (252))
(33,108):250-250-250 (253))
(33,109):250-250-250 (255))
(33,110):250-250-250 (253))
(33,111):250-250-250 (255))
(33,112):250-250-250 (255))
(33,113):250-250-250 (253))
(33,114):250-250-250 (255))
(33,115):231-234-220 (231))
(33,116):64-71-53 (71))
(33,117):13-0-0 (13))
(33,118):139-145-156 (145))
(33,119):247-250-246 (247))
(33,120):250-250-249 (255))
(33,121):250-250-250 (255))
(33,122):250-250-250 (255))
(33,123):250-250-250 (255))
(33,124):250-250-250 (255))
(33,125):250-250-250 (255))
(33,126):250-250-239 (255))
(33,127):250-223-175 (255))
(34,0):190-235-250 (254))
(34,1):241-249-250 (249))
(34,2):137-139-139 (139))
(34,3):0-6-0 (6))
(34,4):5-1-11 (11))
(34,5):128-125-112 (125))
(34,6):180-181-168 (168))
(34,7):161-159-167 (159))
(34,8):156-154-157 (157))
(34,9):146-149-149 (149))
(34,10):152-152-153 (153))
(34,11):157-157-156 (157))
(34,12):151-151-152 (152))
(34,13):145-148-149 (148))
(34,14):154-156-158 (158))
(34,15):156-155-155 (155))
(34,16):150-148-149 (149))
(34,17):152-153-153 (153))
(34,18):156-158-159 (159))
(34,19):151-152-151 (152))
(34,20):152-149-149 (149))
(34,21):161-160-159 (160))
(34,22):158-160-161 (161))
(34,23):146-149-150 (149))
(34,24):154-154-155 (155))
(34,25):162-161-160 (161))
(34,26):154-154-154 (154))
(34,27):150-152-152 (152))
(34,28):158-160-161 (161))
(34,29):161-161-160 (161))
(34,30):173-166-154 (154))
(34,31):164-157-146 (157))
(34,32):74-76-68 (68))
(34,33):0-3-0 (3))
(34,34):0-0-0 (0))
(34,35):0-13-18 (13))
(34,36):133-139-127 (127))
(34,37):250-247-245 (247))
(34,38):250-238-222 (222))
(34,39):134-130-147 (130))
(34,40):122-126-121 (121))
(34,41):138-132-105 (132))
(34,42):122-108-77 (77))
(34,43):108-62-30 (62))
(34,44):136-120-87 (87))
(34,45):156-134-110 (134))
(34,46):156-163-142 (142))
(34,47):189-183-201 (183))
(34,48):230-235-242 (242))
(34,49):250-250-250 (250))
(34,50):240-250-250 (255))
(34,51):218-242-250 (242))
(34,52):158-168-197 (197))
(34,53):97-118-116 (118))
(34,54):18-20-27 (27))
(34,55):32-9-0 (9))
(34,56):44-42-53 (53))
(34,57):102-129-131 (129))
(34,58):149-162-184 (184))
(34,59):190-221-248 (221))
(34,60):241-245-250 (252))
(34,61):250-250-250 (253))
(34,62):240-250-250 (251))
(34,63):250-250-250 (253))
(34,64):250-250-250 (251))
(34,65):250-250-249 (253))
(34,66):250-250-250 (255))
(34,67):250-250-250 (255))
(34,68):250-250-250 (252))
(34,69):250-250-248 (255))
(34,70):250-250-250 (255))
(34,71):250-250-244 (253))
(34,72):250-250-250 (255))
(34,73):250-250-241 (254))
(34,74):250-250-250 (251))
(34,75):250-250-241 (252))
(34,76):250-250-250 (252))
(34,77):250-250-244 (253))
(34,78):250-250-249 (249))
(34,79):250-248-248 (248))
(34,80):250-247-240 (240))
(34,81):213-209-208 (209))
(34,82):157-160-163 (163))
(34,83):144-148-145 (148))
(34,84):157-156-159 (159))
(34,85):160-158-156 (158))
(34,86):149-148-146 (146))
(34,87):152-152-149 (152))
(34,88):156-160-159 (159))
(34,89):156-161-156 (161))
(34,90):150-152-148 (148))
(34,91):162-161-157 (161))
(34,92):159-159-159 (159))
(34,93):152-151-151 (151))
(34,94):154-151-153 (153))
(34,95):167-165-182 (165))
(34,96):141-143-147 (147))
(34,97):9-21-35 (21))
(34,98):0-0-3 (3))
(34,99):0-1-0 (1))
(34,100):99-105-77 (77))
(34,101):203-180-175 (180))
(34,102):139-127-125 (125))
(34,103):0-9-11 (9))
(34,104):0-0-7 (7))
(34,105):161-143-144 (143))
(34,106):250-250-250 (254))
(34,107):245-250-250 (251))
(34,108):250-250-250 (255))
(34,109):250-250-250 (255))
(34,110):250-250-250 (254))
(34,111):250-250-250 (255))
(34,112):250-250-250 (253))
(34,113):250-250-250 (255))
(34,114):250-250-250 (252))
(34,115):250-223-208 (223))
(34,116):67-52-55 (55))
(34,117):0-4-0 (4))
(34,118):135-139-154 (154))
(34,119):250-246-250 (246))
(34,120):250-250-250 (255))
(34,121):250-250-250 (255))
(34,122):250-250-250 (255))
(34,123):250-250-250 (255))
(34,124):250-250-250 (255))
(34,125):250-250-250 (255))
(34,126):250-250-250 (255))
(34,127):250-250-223 (255))
(35,0):225-250-250 (254))
(35,1):249-250-250 (249))
(35,2):190-214-222 (214))
(35,3):46-44-36 (46))
(35,4):0-6-0 (6))
(35,5):60-59-49 (60))
(35,6):145-157-164 (157))
(35,7):166-177-175 (166))
(35,8):159-158-158 (158))
(35,9):150-149-151 (150))
(35,10):153-154-154 (154))
(35,11):158-157-156 (158))
(35,12):152-153-153 (153))
(35,13):149-150-152 (149))
(35,14):157-158-160 (158))
(35,15):156-155-155 (156))
(35,16):148-148-146 (148))
(35,17):153-152-153 (153))
(35,18):158-159-160 (159))
(35,19):153-152-153 (153))
(35,20):154-153-150 (153))
(35,21):167-167-165 (167))
(35,22):167-167-169 (167))
(35,23):154-155-157 (154))
(35,24):156-156-156 (156))
(35,25):161-160-158 (161))
(35,26):154-155-153 (155))
(35,27):152-153-154 (152))
(35,28):158-160-161 (160))
(35,29):158-158-157 (158))
(35,30):154-151-148 (151))
(35,31):156-164-155 (156))
(35,32):118-137-125 (137))
(35,33):40-53-52 (40))
(35,34):0-5-23 (5))
(35,35):0-0-0 (0))
(35,36):76-43-44 (43))
(35,37):210-189-187 (210))
(35,38):250-250-250 (252))
(35,39):250-250-250 (250))
(35,40):250-248-250 (248))
(35,41):247-250-218 (247))
(35,42):250-248-227 (248))
(35,43):248-217-172 (248))
(35,44):250-248-213 (248))
(35,45):243-217-160 (243))
(35,46):250-229-195 (229))
(35,47):212-190-169 (212))
(35,48):197-171-172 (171))
(35,49):140-134-135 (140))
(35,50):85-102-97 (102))
(35,51):43-51-76 (43))
(35,52):0-8-47 (8))
(35,53):13-16-33 (13))
(35,54):44-56-53 (56))
(35,55):153-131-137 (153))
(35,56):245-229-199 (229))
(35,57):250-250-248 (252))
(35,58):250-250-250 (253))
(35,59):250-250-250 (253))
(35,60):248-250-250 (254))
(35,61):250-250-250 (254))
(35,62):250-250-250 (255))
(35,63):250-250-250 (253))
(35,64):250-250-250 (255))
(35,65):250-250-250 (252))
(35,66):244-250-250 (254))
(35,67):250-250-250 (253))
(35,68):241-250-250 (253))
(35,69):250-250-250 (254))
(35,70):242-250-250 (255))
(35,71):250-250-250 (253))
(35,72):244-250-250 (255))
(35,73):250-250-250 (252))
(35,74):250-250-250 (255))
(35,75):250-250-250 (254))
(35,76):250-250-250 (251))
(35,77):250-250-250 (252))
(35,78):250-250-250 (254))
(35,79):247-250-248 (247))
(35,80):250-250-250 (251))
(35,81):243-244-250 (243))
(35,82):191-189-193 (189))
(35,83):151-151-153 (151))
(35,84):149-157-156 (157))
(35,85):156-156-151 (156))
(35,86):151-154-150 (154))
(35,87):152-153-152 (152))
(35,88):156-161-162 (161))
(35,89):152-156-153 (152))
(35,90):149-153-147 (153))
(35,91):158-159-154 (158))
(35,92):160-160-159 (160))
(35,93):153-150-155 (153))
(35,94):152-149-159 (149))
(35,95):160-183-190 (160))
(35,96):100-112-131 (112))
(35,97):8-12-24 (8))
(35,98):0-3-12 (3))
(35,99):22-29-17 (22))
(35,100):117-120-82 (120))
(35,101):105-93-77 (105))
(35,102):30-28-27 (28))
(35,103):5-0-0 (5))
(35,104):66-71-92 (71))
(35,105):219-219-243 (219))
(35,106):250-250-250 (254))
(35,107):250-250-250 (255))
(35,108):250-250-250 (255))
(35,109):250-250-250 (255))
(35,110):250-250-250 (254))
(35,111):250-250-250 (254))
(35,112):250-250-250 (253))
(35,113):250-250-250 (255))
(35,114):250-250-248 (253))
(35,115):223-208-185 (223))
(35,116):50-52-38 (52))
(35,117):13-0-12 (13))
(35,118):145-154-154 (154))
(35,119):250-250-241 (252))
(35,120):250-250-250 (254))
(35,121):250-250-250 (255))
(35,122):250-250-250 (255))
(35,123):250-250-250 (255))
(35,124):250-250-250 (255))
(35,125):250-250-250 (255))
(35,126):250-250-239 (255))
(35,127):250-223-175 (255))
(36,0):175-223-250 (255))
(36,1):234-250-250 (255))
(36,2):250-250-247 (247))
(36,3):125-121-116 (121))
(36,4):0-0-3 (3))
(36,5):10-17-9 (17))
(36,6):119-114-117 (117))
(36,7):173-168-174 (168))
(36,8):164-165-159 (159))
(36,9):149-151-150 (151))
(36,10):154-154-155 (155))
(36,11):160-159-159 (159))
(36,12):153-153-154 (154))
(36,13):147-150-151 (150))
(36,14):155-158-159 (159))
(36,15):157-157-157 (157))
(36,16):152-150-150 (150))
(36,17):154-154-153 (154))
(36,18):155-157-159 (159))
(36,19):152-153-152 (153))
(36,20):158-156-155 (155))
(36,21):171-170-170 (170))
(36,22):167-169-169 (169))
(36,23):151-154-155 (154))
(36,24):154-154-155 (155))
(36,25):161-160-158 (160))
(36,26):155-154-154 (154))
(36,27):151-153-153 (153))
(36,28):158-160-161 (161))
(36,29):158-158-158 (158))
(36,30):152-151-151 (151))
(36,31):159-157-160 (157))
(36,32):157-171-161 (161))
(36,33):124-149-155 (149))
(36,34):70-87-98 (98))
(36,35):0-5-10 (5))
(36,36):3-0-6 (6))
(36,37):65-30-35 (30))
(36,38):99-108-115 (115))
(36,39):166-195-205 (195))
(36,40):187-191-196 (196))
(36,41):146-156-170 (156))
(36,42):132-124-118 (118))
(36,43):105-81-60 (81))
(36,44):119-82-60 (60))
(36,45):74-39-0 (39))
(36,46):109-60-26 (26))
(36,47):47-6-0 (6))
(36,48):73-24-5 (5))
(36,49):30-6-0 (6))
(36,50):38-21-24 (24))
(36,51):50-66-67 (66))
(36,52):106-118-152 (152))
(36,53):164-206-240 (206))
(36,54):223-229-245 (245))
(36,55):250-250-250 (251))
(36,56):250-250-250 (255))
(36,57):250-250-249 (252))
(36,58):250-250-250 (253))
(36,59):250-250-250 (254))
(36,60):250-250-250 (253))
(36,61):250-250-250 (253))
(36,62):250-250-250 (251))
(36,63):250-250-250 (255))
(36,64):250-250-250 (252))
(36,65):250-250-250 (252))
(36,66):236-250-250 (252))
(36,67):229-250-250 (252))
(36,68):198-231-248 (248))
(36,69):222-243-250 (243))
(36,70):175-209-231 (231))
(36,71):212-236-250 (236))
(36,72):222-227-245 (245))
(36,73):250-248-250 (248))
(36,74):245-250-250 (252))
(36,75):250-250-250 (254))
(36,76):250-250-250 (255))
(36,77):250-250-250 (255))
(36,78):249-250-250 (250))
(36,79):250-250-250 (254))
(36,80):250-250-250 (253))
(36,81):250-250-250 (251))
(36,82):227-228-230 (230))
(36,83):162-170-172 (170))
(36,84):143-149-152 (152))
(36,85):159-158-152 (158))
(36,86):153-150-150 (150))
(36,87):152-151-152 (151))
(36,88):157-160-162 (162))
(36,89):150-156-157 (156))
(36,90):152-152-151 (151))
(36,91):161-160-156 (160))
(36,92):170-167-157 (157))
(36,93):176-150-153 (150))
(36,94):172-171-163 (163))
(36,95):138-163-170 (163))
(36,96):53-75-84 (84))
(36,97):3-6-9 (6))
(36,98):0-0-2 (2))
(36,99):0-17-0 (17))
(36,100):32-30-22 (22))
(36,101):40-8-0 (8))
(36,102):57-50-33 (33))
(36,103):136-114-110 (114))
(36,104):250-221-225 (225))
(36,105):250-250-250 (255))
(36,106):250-250-250 (255))
(36,107):250-250-250 (253))
(36,108):250-250-250 (254))
(36,109):250-250-250 (253))
(36,110):250-250-250 (255))
(36,111):250-250-250 (255))
(36,112):250-250-250 (255))
(36,113):250-250-250 (255))
(36,114):250-250-250 (255))
(36,115):245-221-210 (221))
(36,116):65-49-52 (52))
(36,117):0-8-0 (8))
(36,118):104-118-121 (121))
(36,119):250-243-237 (243))
(36,120):250-250-250 (254))
(36,121):250-250-250 (254))
(36,122):250-250-250 (254))
(36,123):250-250-250 (255))
(36,124):250-250-250 (255))
(36,125):250-250-250 (255))
(36,126):250-250-250 (255))
(36,127):250-250-223 (255))
(37,0):223-250-250 (254))
(37,1):250-250-250 (255))
(37,2):250-250-250 (252))
(37,3):213-203-214 (213))
(37,4):69-52-40 (52))
(37,5):4-0-0 (4))
(37,6):54-51-49 (51))
(37,7):153-155-154 (153))
(37,8):171-160-157 (160))
(37,9):152-154-156 (152))
(37,10):155-156-156 (156))
(37,11):160-159-158 (160))
(37,12):153-154-154 (154))
(37,13):150-151-153 (150))
(37,14):158-160-161 (160))
(37,15):158-158-157 (158))
(37,16):152-152-150 (152))
(37,17):156-156-156 (156))
(37,18):159-160-162 (160))
(37,19):153-152-153 (153))
(37,20):154-154-152 (154))
(37,21):167-167-166 (167))
(37,22):165-166-167 (166))
(37,23):152-153-155 (152))
(37,24):153-155-154 (155))
(37,25):160-159-157 (160))
(37,26):154-154-153 (154))
(37,27):153-153-155 (153))
(37,28):160-161-162 (161))
(37,29):158-157-156 (158))
(37,30):151-151-149 (151))
(37,31):156-155-156 (156))
(37,32):160-161-167 (161))
(37,33):156-184-189 (156))
(37,34):134-153-166 (153))
(37,35):31-38-44 (31))
(37,36):0-4-0 (4))
(37,37):14-0-23 (14))
(37,38):0-9-34 (9))
(37,39):5-29-62 (5))
(37,40):0-4-32 (4))
(37,41):6-20-63 (6))
(37,42):0-16-29 (16))
(37,43):33-32-56 (33))
(37,44):32-40-39 (40))
(37,45):72-52-55 (72))
(37,46):111-98-71 (98))
(37,47):110-77-57 (110))
(37,48):153-125-90 (125))
(37,49):146-109-85 (146))
(37,50):183-159-132 (159))
(37,51):198-191-173 (198))
(37,52):249-248-250 (248))
(37,53):250-250-250 (253))
(37,54):248-250-250 (255))
(37,55):250-250-250 (252))
(37,56):249-248-250 (248))
(37,57):250-250-250 (255))
(37,58):250-250-250 (254))
(37,59):250-250-250 (252))
(37,60):250-250-250 (255))
(37,61):250-250-250 (255))
(37,62):250-250-250 (253))
(37,63):250-250-226 (253))
(37,64):250-245-208 (245))
(37,65):190-177-178 (190))
(37,66):118-122-125 (122))
(37,67):63-77-81 (63))
(37,68):15-49-68 (49))
(37,69):33-49-79 (33))
(37,70):0-17-41 (17))
(37,71):31-25-49 (31))
(37,72):85-83-79 (83))
(37,73):223-216-225 (223))
(37,74):250-250-245 (254))
(37,75):248-250-250 (248))
(37,76):246-248-250 (248))
(37,77):250-250-250 (253))
(37,78):250-250-250 (252))
(37,79):250-250-250 (253))
(37,80):250-250-250 (250))
(37,81):249-250-250 (249))
(37,82):233-242-250 (242))
(37,83):175-180-188 (175))
(37,84):153-156-155 (156))
(37,85):158-152-148 (158))
(37,86):150-146-146 (146))
(37,87):157-158-165 (157))
(37,88):156-161-174 (161))
(37,89):152-165-170 (152))
(37,90):144-150-163 (150))
(37,91):161-174-166 (161))
(37,92):181-164-158 (164))
(37,93):159-145-156 (159))
(37,94):98-95-88 (95))
(37,95):26-33-12 (26))
(37,96):0-10-16 (10))
(37,97):6-0-15 (6))
(37,98):0-4-0 (4))
(37,99):18-42-37 (18))
(37,100):84-93-131 (93))
(37,101):162-169-151 (162))
(37,102):250-229-183 (229))
(37,103):220-198-197 (220))
(37,104):172-146-169 (146))
(37,105):142-140-107 (142))
(37,106):217-226-196 (226))
(37,107):250-250-233 (255))
(37,108):250-250-250 (255))
(37,109):250-250-250 (255))
(37,110):250-250-250 (255))
(37,111):250-250-250 (252))
(37,112):250-250-250 (253))
(37,113):250-250-250 (253))
(37,114):250-250-249 (252))
(37,115):222-214-195 (222))
(37,116):46-53-41 (53))
(37,117):9-0-7 (9))
(37,118):135-138-142 (138))
(37,119):250-249-242 (251))
(37,120):250-250-248 (253))
(37,121):250-250-250 (253))
(37,122):250-250-250 (254))
(37,123):250-250-250 (254))
(37,124):250-250-250 (254))
(37,125):250-250-250 (255))
(37,126):250-250-239 (255))
(37,127):250-223-175 (255))
(38,0):174-221-250 (255))
(38,1):235-250-250 (251))
(38,2):250-250-250 (255))
(38,3):250-240-235 (240))
(38,4):138-132-131 (131))
(38,5):2-8-1 (8))
(38,6):0-0-12 (12))
(38,7):127-128-110 (128))
(38,8):163-171-159 (159))
(38,9):148-152-156 (152))
(38,10):156-157-157 (157))
(38,11):162-161-161 (161))
(38,12):155-154-155 (155))
(38,13):147-150-151 (150))
(38,14):157-159-160 (160))
(38,15):159-159-159 (159))
(38,16):154-152-152 (152))
(38,17):156-156-156 (156))
(38,18):158-160-161 (161))
(38,19):152-153-153 (153))
(38,20):154-152-152 (152))
(38,21):165-164-163 (164))
(38,22):163-164-164 (164))
(38,23):151-153-153 (153))
(38,24):156-155-156 (156))
(38,25):162-161-160 (161))
(38,26):154-154-154 (154))
(38,27):150-152-152 (152))
(38,28):157-159-160 (160))
(38,29):158-158-157 (158))
(38,30):152-151-151 (151))
(38,31):153-154-155 (154))
(38,32):159-160-163 (163))
(38,33):146-153-167 (153))
(38,34):137-151-152 (152))
(38,35):35-46-47 (46))
(38,36):0-0-4 (4))
(38,37):53-67-78 (67))
(38,38):98-113-144 (144))
(38,39):83-115-156 (115))
(38,40):40-68-105 (105))
(38,41):88-113-138 (113))
(38,42):94-118-146 (146))
(38,43):141-167-195 (167))
(38,44):131-146-165 (165))
(38,45):151-157-176 (157))
(38,46):149-159-160 (160))
(38,47):160-153-154 (153))
(38,48):160-159-149 (149))
(38,49):178-159-149 (159))
(38,50):209-198-180 (180))
(38,51):248-234-224 (234))
(38,52):250-250-250 (251))
(38,53):250-250-250 (255))
(38,54):250-250-250 (250))
(38,55):250-250-250 (253))
(38,56):250-250-250 (255))
(38,57):250-250-250 (251))
(38,58):250-250-250 (255))
(38,59):250-250-250 (255))
(38,60):250-250-250 (252))
(38,61):250-250-250 (253))
(38,62):250-250-250 (253))
(38,63):229-230-206 (230))
(38,64):87-81-77 (77))
(38,65):5-3-0 (3))
(38,66):0-0-2 (2))
(38,67):0-2-7 (2))
(38,68):0-0-0 (0))
(38,69):0-0-18 (0))
(38,70):0-0-4 (4))
(38,71):0-0-0 (0))
(38,72):58-70-70 (70))
(38,73):231-226-201 (226))
(38,74):250-250-250 (252))
(38,75):250-250-250 (254))
(38,76):250-250-250 (255))
(38,77):250-250-250 (254))
(38,78):250-250-250 (254))
(38,79):250-250-250 (253))
(38,80):250-250-250 (252))
(38,81):249-250-250 (254))
(38,82):224-232-231 (231))
(38,83):160-165-167 (165))
(38,84):157-154-157 (157))
(38,85):172-160-155 (160))
(38,86):165-162-151 (151))
(38,87):165-152-155 (152))
(38,88):159-162-164 (164))
(38,89):153-159-175 (159))
(38,90):137-149-152 (152))
(38,91):126-146-152 (146))
(38,92):89-87-87 (87))
(38,93):39-28-24 (28))
(38,94):0-0-3 (3))
(38,95):0-2-0 (2))
(38,96):0-0-3 (3))
(38,97):0-1-0 (1))
(38,98):0-0-6 (6))
(38,99):70-119-151 (119))
(38,100):163-181-212 (212))
(38,101):160-197-232 (197))
(38,102):115-123-112 (112))
(38,103):61-26-12 (26))
(38,104):10-0-4 (4))
(38,105):12-8-0 (8))
(38,106):95-77-58 (58))
(38,107):221-206-182 (206))
(38,108):250-250-249 (249))
(38,109):250-250-250 (255))
(38,110):250-250-250 (252))
(38,111):250-250-250 (252))
(38,112):250-250-250 (255))
(38,113):250-250-250 (255))
(38,114):250-250-250 (255))
(38,115):238-218-202 (218))
(38,116):54-40-49 (49))
(38,117):0-14-13 (14))
(38,118):138-148-166 (166))
(38,119):250-247-250 (247))
(38,120):250-250-250 (253))
(38,121):250-250-250 (253))
(38,122):250-250-250 (253))
(38,123):250-250-250 (254))
(38,124):250-250-250 (254))
(38,125):250-250-250 (255))
(38,126):250-250-250 (255))
(38,127):250-250-223 (255))
(39,0):222-250-250 (254))
(39,1):250-250-250 (253))
(39,2):250-250-250 (253))
(39,3):250-250-250 (253))
(39,4):210-229-225 (229))
(39,5):85-83-68 (85))
(39,6):0-7-0 (7))
(39,7):64-60-59 (64))
(39,8):143-157-165 (157))
(39,9):151-162-164 (151))
(39,10):156-157-156 (157))
(39,11):161-161-158 (161))
(39,12):154-155-152 (155))
(39,13):151-152-153 (151))
(39,14):159-160-161 (160))
(39,15):159-158-157 (159))
(39,16):151-151-149 (151))
(39,17):156-156-156 (156))
(39,18):160-161-163 (161))
(39,19):154-153-155 (154))
(39,20):151-151-150 (151))
(39,21):163-162-160 (163))
(39,22):166-166-165 (166))
(39,23):157-157-159 (157))
(39,24):157-156-156 (156))
(39,25):161-160-158 (161))
(39,26):153-154-153 (154))
(39,27):151-152-153 (151))
(39,28):160-161-162 (161))
(39,29):160-160-159 (160))
(39,30):153-153-151 (153))
(39,31):155-155-157 (155))
(39,32):159-161-167 (161))
(39,33):153-165-172 (153))
(39,34):147-157-163 (157))
(39,35):66-68-59 (66))
(39,36):0-5-0 (5))
(39,37):44-52-56 (44))
(39,38):136-149-181 (149))
(39,39):163-179-186 (163))
(39,40):157-151-156 (151))
(39,41):154-160-167 (154))
(39,42):156-160-176 (160))
(39,43):158-174-179 (158))
(39,44):140-148-166 (148))
(39,45):154-164-172 (154))
(39,46):155-160-168 (160))
(39,47):155-161-163 (155))
(39,48):147-151-152 (151))
(39,49):157-152-148 (157))
(39,50):177-174-167 (174))
(39,51):236-237-234 (236))
(39,52):250-250-250 (251))
(39,53):250-250-250 (252))
(39,54):250-250-250 (255))
(39,55):250-250-250 (253))
(39,56):250-250-250 (254))
(39,57):250-250-250 (254))
(39,58):250-250-250 (253))
(39,59):250-250-250 (254))
(39,60):250-250-250 (254))
(39,61):250-250-250 (252))
(39,62):250-250-245 (255))
(39,63):218-212-223 (218))
(39,64):68-66-65 (66))
(39,65):16-0-19 (16))
(39,66):0-8-16 (8))
(39,67):9-19-49 (9))
(39,68):0-6-18 (6))
(39,69):4-13-38 (4))
(39,70):0-22-48 (22))
(39,71):85-94-98 (85))
(39,72):195-211-176 (211))
(39,73):250-250-243 (251))
(39,74):250-250-250 (252))
(39,75):250-250-250 (253))
(39,76):250-250-250 (251))
(39,77):250-250-250 (254))
(39,78):250-250-250 (254))
(39,79):250-250-250 (252))
(39,80):245-250-250 (253))
(39,81):249-250-250 (249))
(39,82):213-228-248 (228))
(39,83):164-181-190 (164))
(39,84):152-156-171 (156))
(39,85):164-168-161 (164))
(39,86):161-148-131 (148))
(39,87):118-102-97 (118))
(39,88):98-84-74 (84))
(39,89):68-49-47 (68))
(39,90):35-42-39 (42))
(39,91):17-26-31 (17))
(39,92):0-4-0 (4))
(39,93):7-8-13 (7))
(39,94):18-30-35 (30))
(39,95):48-53-77 (48))
(39,96):20-35-42 (35))
(39,97):16-30-43 (16))
(39,98):0-7-3 (7))
(39,99):5-33-72 (5))
(39,100):0-5-58 (5))
(39,101):4-34-70 (4))
(39,102):0-2-10 (2))
(39,103):17-19-28 (17))
(39,104):28-44-36 (44))
(39,105):23-0-0 (23))
(39,106):65-34-0 (34))
(39,107):209-187-164 (209))
(39,108):250-250-248 (255))
(39,109):250-250-250 (252))
(39,110):250-250-250 (254))
(39,111):250-250-250 (255))
(39,112):250-250-250 (254))
(39,113):250-250-250 (252))
(39,114):250-250-250 (253))
(39,115):175-170-169 (175))
(39,116):12-21-9 (21))
(39,117):27-13-21 (27))
(39,118):173-186-206 (186))
(39,119):250-250-250 (255))
(39,120):250-250-249 (253))
(39,121):250-250-250 (253))
(39,122):250-250-250 (253))
(39,123):250-250-250 (254))
(39,124):250-250-250 (254))
(39,125):250-250-250 (255))
(39,126):250-250-239 (255))
(39,127):250-223-175 (255))
(40,0):175-222-250 (255))
(40,1):238-250-250 (254))
(40,2):250-250-250 (251))
(40,3):250-250-250 (253))
(40,4):250-250-250 (255))
(40,5):199-204-180 (204))
(40,6):24-42-47 (47))
(40,7):6-25-21 (25))
(40,8):117-118-131 (131))
(40,9):149-148-160 (148))
(40,10):160-158-154 (154))
(40,11):162-162-157 (162))
(40,12):151-153-150 (150))
(40,13):149-152-149 (152))
(40,14):157-159-159 (159))
(40,15):161-160-158 (160))
(40,16):154-152-152 (152))
(40,17):156-157-156 (157))
(40,18):157-160-161 (161))
(40,19):154-155-155 (155))
(40,20):154-152-153 (153))
(40,21):162-161-160 (161))
(40,22):160-161-161 (161))
(40,23):153-154-153 (154))
(40,24):157-156-156 (156))
(40,25):163-162-161 (162))
(40,26):154-154-155 (155))
(40,27):149-152-153 (152))
(40,28):158-160-161 (161))
(40,29):160-160-160 (160))
(40,30):154-152-153 (153))
(40,31):154-155-157 (155))
(40,32):160-160-164 (164))
(40,33):146-149-156 (149))
(40,34):153-160-151 (151))
(40,35):119-118-101 (118))
(40,36):5-5-11 (11))
(40,37):18-26-21 (26))
(40,38):126-123-126 (126))
(40,39):173-158-165 (158))
(40,40):170-162-154 (154))
(40,41):153-149-148 (149))
(40,42):161-161-160 (160))
(40,43):157-158-158 (158))
(40,44):148-146-148 (148))
(40,45):154-153-151 (153))
(40,46):155-158-158 (158))
(40,47):153-156-154 (156))
(40,48):149-150-150 (150))
(40,49):161-159-148 (159))
(40,50):175-170-163 (163))
(40,51):236-227-218 (227))
(40,52):250-250-250 (251))
(40,53):248-250-250 (250))
(40,54):250-250-250 (254))
(40,55):250-250-250 (253))
(40,56):250-250-250 (255))
(40,57):250-250-250 (253))
(40,58):250-250-250 (254))
(40,59):250-250-250 (255))
(40,60):250-250-250 (255))
(40,61):250-250-250 (255))
(40,62):247-250-250 (254))
(40,63):250-250-250 (252))
(40,64):214-217-239 (239))
(40,65):195-220-250 (220))
(40,66):162-192-215 (215))
(40,67):190-209-238 (209))
(40,68):154-185-205 (205))
(40,69):191-209-235 (209))
(40,70):186-206-220 (220))
(40,71):235-247-250 (247))
(40,72):250-250-250 (252))
(40,73):250-250-249 (254))
(40,74):250-250-250 (253))
(40,75):250-250-243 (253))
(40,76):250-250-250 (253))
(40,77):250-250-247 (254))
(40,78):250-250-250 (253))
(40,79):250-250-250 (255))
(40,80):247-250-250 (254))
(40,81):240-248-250 (248))
(40,82):166-189-206 (206))
(40,83):127-153-179 (153))
(40,84):90-109-133 (133))
(40,85):73-104-112 (104))
(40,86):22-29-45 (45))
(40,87):0-7-0 (7))
(40,88):13-0-3 (3))
(40,89):24-2-0 (2))
(40,90):0-0-4 (4))
(40,91):0-2-0 (2))
(40,92):0-3-17 (17))
(40,93):107-120-124 (120))
(40,94):164-174-167 (167))
(40,95):165-159-183 (159))
(40,96):139-155-155 (155))
(40,97):131-151-163 (151))
(40,98):98-113-120 (120))
(40,99):82-94-107 (94))
(40,100):34-54-86 (86))
(40,101):76-97-110 (97))
(40,102):93-118-118 (118))
(40,103):135-154-164 (154))
(40,104):79-84-102 (102))
(40,105):0-14-21 (14))
(40,106):39-43-53 (53))
(40,107):243-224-206 (224))
(40,108):250-250-250 (255))
(40,109):247-250-250 (250))
(40,110):250-250-250 (255))
(40,111):250-250-250 (251))
(40,112):250-250-250 (254))
(40,113):250-250-250 (252))
(40,114):243-242-240 (240))
(40,115):102-104-102 (104))
(40,116):0-0-8 (8))
(40,117):70-75-75 (75))
(40,118):214-218-225 (225))
(40,119):250-250-250 (255))
(40,120):250-250-250 (254))
(40,121):250-250-250 (254))
(40,122):250-250-250 (254))
(40,123):250-250-250 (254))
(40,124):250-250-250 (255))
(40,125):250-250-250 (255))
(40,126):250-250-250 (255))
(40,127):250-250-223 (255))
(41,0):221-250-250 (253))
(41,1):250-250-250 (255))
(41,2):250-250-250 (255))
(41,3):250-250-250 (255))
(41,4):250-250-250 (255))
(41,5):249-250-250 (249))
(41,6):127-143-143 (143))
(41,7):14-13-17 (14))
(41,8):67-87-95 (87))
(41,9):153-155-155 (153))
(41,10):168-158-154 (158))
(41,11):160-159-156 (160))
(41,12):153-155-152 (155))
(41,13):150-151-152 (150))
(41,14):158-159-161 (159))
(41,15):160-159-160 (160))
(41,16):152-152-151 (152))
(41,17):155-155-156 (155))
(41,18):157-159-160 (159))
(41,19):153-153-154 (153))
(41,20):151-151-150 (151))
(41,21):160-159-159 (160))
(41,22):159-160-161 (160))
(41,23):152-152-154 (152))
(41,24):155-155-154 (155))
(41,25):161-160-158 (161))
(41,26):153-154-153 (154))
(41,27):151-152-154 (151))
(41,28):159-160-162 (160))
(41,29):159-159-158 (159))
(41,30):151-151-150 (151))
(41,31):154-154-154 (154))
(41,32):159-160-163 (160))
(41,33):154-155-156 (154))
(41,34):167-154-147 (154))
(41,35):144-140-133 (144))
(41,36):41-37-31 (37))
(41,37):11-0-1 (11))
(41,38):79-77-75 (77))
(41,39):160-158-156 (160))
(41,40):168-155-152 (155))
(41,41):150-149-150 (150))
(41,42):159-160-160 (160))
(41,43):159-159-157 (159))
(41,44):150-148-146 (148))
(41,45):155-153-155 (155))
(41,46):157-159-160 (159))
(41,47):149-150-150 (149))
(41,48):146-149-150 (149))
(41,49):156-149-143 (156))
(41,50):167-162-152 (162))
(41,51):213-211-209 (213))
(41,52):250-250-250 (250))
(41,53):250-250-250 (252))
(41,54):250-250-250 (252))
(41,55):250-250-250 (254))
(41,56):250-250-250 (252))
(41,57):250-250-250 (255))
(41,58):250-250-250 (254))
(41,59):250-250-250 (251))
(41,60):250-250-250 (252))
(41,61):250-250-250 (254))
(41,62):250-250-250 (255))
(41,63):250-250-250 (255))
(41,64):246-250-250 (255))
(41,65):250-250-250 (252))
(41,66):242-250-250 (253))
(41,67):250-250-250 (251))
(41,68):237-250-250 (251))
(41,69):250-250-250 (254))
(41,70):238-250-250 (251))
(41,71):250-250-250 (255))
(41,72):250-250-250 (255))
(41,73):248-244-228 (248))
(41,74):250-245-222 (245))
(41,75):239-219-189 (239))
(41,76):250-236-212 (236))
(41,77):228-197-168 (228))
(41,78):232-201-164 (201))
(41,79):163-138-116 (163))
(41,80):142-128-106 (128))
(41,81):99-76-78 (99))
(41,82):38-42-38 (42))
(41,83):22-13-41 (22))
(41,84):0-18-25 (18))
(41,85):5-23-39 (5))
(41,86):0-22-34 (22))
(41,87):46-51-62 (46))
(41,88):114-108-98 (108))
(41,89):164-150-176 (164))
(41,90):107-106-107 (106))
(41,91):12-6-0 (12))
(41,92):2-7-0 (7))
(41,93):98-85-82 (98))
(41,94):173-161-154 (161))
(41,95):167-180-177 (167))
(41,96):155-159-173 (159))
(41,97):150-181-176 (150))
(41,98):152-161-184 (161))
(41,99):163-180-184 (163))
(41,100):156-152-170 (152))
(41,101):158-178-169 (158))
(41,102):172-168-158 (168))
(41,103):116-114-118 (116))
(41,104):14-25-30 (25))
(41,105):10-6-0 (10))
(41,106):106-122-122 (122))
(41,107):247-246-249 (247))
(41,108):250-250-250 (255))
(41,109):250-250-250 (253))
(41,110):250-250-250 (253))
(41,111):250-250-250 (255))
(41,112):250-250-250 (255))
(41,113):250-250-250 (250))
(41,114):163-183-187 (183))
(41,115):31-15-12 (31))
(41,116):7-15-1 (15))
(41,117):153-148-147 (153))
(41,118):250-248-250 (248))
(41,119):250-250-250 (255))
(41,120):250-250-250 (254))
(41,121):250-250-250 (254))
(41,122):250-250-250 (255))
(41,123):250-250-250 (255))
(41,124):250-250-250 (255))
(41,125):250-250-250 (255))
(41,126):250-250-239 (255))
(41,127):250-223-175 (255))
(42,0):175-222-250 (255))
(42,1):239-250-250 (255))
(42,2):250-250-250 (255))
(42,3):250-250-250 (255))
(42,4):250-250-250 (252))
(42,5):250-250-250 (255))
(42,6):194-197-209 (209))
(42,7):16-41-53 (41))
(42,8):27-32-48 (48))
(42,9):148-141-128 (141))
(42,10):168-167-157 (157))
(42,11):159-156-158 (156))
(42,12):155-153-155 (155))
(42,13):149-153-155 (153))
(42,14):159-160-163 (163))
(42,15):159-158-160 (158))
(42,16):155-153-154 (154))
(42,17):155-157-157 (157))
(42,18):156-159-160 (160))
(42,19):152-154-154 (154))
(42,20):153-152-152 (152))
(42,21):160-160-160 (160))
(42,22):157-158-160 (160))
(42,23):148-151-152 (151))
(42,24):154-154-155 (155))
(42,25):162-161-160 (161))
(42,26):155-154-155 (155))
(42,27):150-152-153 (152))
(42,28):158-160-161 (161))
(42,29):159-159-159 (159))
(42,30):153-151-151 (151))
(42,31):152-153-152 (153))
(42,32):154-156-156 (156))
(42,33):153-152-148 (152))
(42,34):161-159-147 (147))
(42,35):168-160-156 (160))
(42,36):84-84-88 (88))
(42,37):0-5-0 (5))
(42,38):18-20-24 (24))
(42,39):145-133-113 (133))
(42,40):165-166-152 (152))
(42,41):148-149-150 (149))
(42,42):155-157-157 (157))
(42,43):161-163-161 (163))
(42,44):153-151-151 (151))
(42,45):152-151-152 (151))
(42,46):157-158-160 (160))
(42,47):150-152-156 (152))
(42,48):156-150-154 (154))
(42,49):160-155-151 (155))
(42,50):151-150-151 (151))
(42,51):172-174-176 (174))
(42,52):228-227-228 (228))
(42,53):250-250-250 (252))
(42,54):250-250-250 (253))
(42,55):250-250-250 (251))
(42,56):250-250-250 (253))
(42,57):250-250-250 (254))
(42,58):250-250-250 (255))
(42,59):250-250-250 (255))
(42,60):250-250-250 (253))
(42,61):250-250-245 (253))
(42,62):250-250-250 (254))
(42,63):250-250-245 (253))
(42,64):250-250-250 (255))
(42,65):250-250-245 (254))
(42,66):250-250-250 (254))
(42,67):250-250-250 (254))
(42,68):234-248-250 (254))
(42,69):223-244-250 (244))
(42,70):174-203-223 (223))
(42,71):172-205-236 (205))
(42,72):135-145-172 (172))
(42,73):91-105-109 (105))
(42,74):44-44-55 (55))
(42,75):36-44-20 (44))
(42,76):73-42-43 (43))
(42,77):36-19-0 (19))
(42,78):60-22-7 (7))
(42,79):16-5-0 (5))
(42,80):55-14-5 (5))
(42,81):29-11-0 (11))
(42,82):57-26-31 (31))
(42,83):61-54-39 (54))
(42,84):97-104-113 (113))
(42,85):146-181-193 (181))
(42,86):176-201-216 (216))
(42,87):217-247-250 (247))
(42,88):234-250-250 (253))
(42,89):250-248-250 (248))
(42,90):243-239-238 (238))
(42,91):139-152-149 (152))
(42,92):51-46-45 (45))
(42,93):32-14-0 (14))
(42,94):34-35-41 (41))
(42,95):58-77-69 (77))
(42,96):57-73-95 (95))
(42,97):92-134-152 (134))
(42,98):119-141-154 (154))
(42,99):147-164-189 (164))
(42,100):122-136-151 (151))
(42,101):95-125-137 (125))
(42,102):46-49-67 (67))
(42,103):20-8-0 (8))
(42,104):13-28-33 (33))
(42,105):138-160-147 (160))
(42,106):250-244-240 (240))
(42,107):250-250-250 (255))
(42,108):250-250-250 (253))
(42,109):250-250-250 (252))
(42,110):250-250-250 (255))
(42,111):250-250-250 (253))
(42,112):250-250-250 (253))
(42,113):250-240-220 (240))
(42,114):77-82-89 (89))
(42,115):0-0-0 (0))
(42,116):57-62-70 (70))
(42,117):235-230-208 (230))
(42,118):250-250-249 (249))
(42,119):250-250-250 (251))
(42,120):250-250-250 (255))
(42,121):250-250-250 (255))
(42,122):250-250-250 (255))
(42,123):250-250-250 (255))
(42,124):250-250-250 (255))
(42,125):250-250-250 (255))
(42,126):250-250-250 (255))
(42,127):250-250-223 (255))
(43,0):222-250-250 (255))
(43,1):250-250-250 (254))
(43,2):250-250-250 (255))
(43,3):250-250-250 (255))
(43,4):250-250-250 (254))
(43,5):250-250-250 (254))
(43,6):215-231-250 (231))
(43,7):78-75-84 (78))
(43,8):16-24-8 (24))
(43,9):111-98-85 (111))
(43,10):164-157-156 (157))
(43,11):165-167-171 (165))
(43,12):156-155-155 (155))
(43,13):152-153-155 (152))
(43,14):160-162-164 (162))
(43,15):158-158-158 (158))
(43,16):150-151-150 (151))
(43,17):155-155-155 (155))
(43,18):158-160-161 (160))
(43,19):153-153-154 (153))
(43,20):150-151-149 (151))
(43,21):158-158-157 (158))
(43,22):155-157-158 (157))
(43,23):149-150-151 (149))
(43,24):154-156-155 (156))
(43,25):161-160-158 (161))
(43,26):155-155-154 (155))
(43,27):152-152-154 (152))
(43,28):159-160-161 (160))
(43,29):158-158-157 (158))
(43,30):151-151-149 (151))
(43,31):154-153-152 (154))
(43,32):159-158-158 (158))
(43,33):155-152-152 (155))
(43,34):154-148-142 (148))
(43,35):160-170-168 (160))
(43,36):115-133-145 (133))
(43,37):21-18-15 (21))
(43,38):0-5-0 (5))
(43,39):91-83-82 (91))
(43,40):160-159-165 (159))
(43,41):156-163-166 (156))
(43,42):157-156-159 (156))
(43,43):155-154-153 (155))
(43,44):149-150-148 (150))
(43,45):153-154-155 (153))
(43,46):159-160-160 (160))
(43,47):155-159-163 (155))
(43,48):147-144-151 (144))
(43,49):162-160-162 (162))
(43,50):151-158-154 (158))
(43,51):146-147-143 (146))
(43,52):178-183-192 (183))
(43,53):224-232-240 (224))
(43,54):245-248-250 (248))
(43,55):250-250-250 (252))
(43,56):246-250-250 (255))
(43,57):250-250-250 (252))
(43,58):248-250-250 (251))
(43,59):250-250-250 (254))
(43,60):250-250-250 (255))
(43,61):250-248-232 (254))
(43,62):250-250-244 (251))
(43,63):250-229-201 (250))
(43,64):250-244-210 (244))
(43,65):244-208-178 (244))
(43,66):244-211-164 (211))
(43,67):151-124-109 (151))
(43,68):85-89-79 (89))
(43,69):46-40-55 (46))
(43,70):0-26-34 (26))
(43,71):11-19-52 (11))
(43,72):0-5-21 (5))
(43,73):7-9-46 (7))
(43,74):0-11-11 (11))
(43,75):24-24-44 (24))
(43,76):50-69-70 (69))
(43,77):100-86-92 (100))
(43,78):134-128-102 (128))
(43,79):145-122-102 (145))
(43,80):200-176-146 (176))
(43,81):207-177-151 (207))
(43,82):250-226-203 (226))
(43,83):245-227-208 (245))
(43,84):250-250-244 (254))
(43,85):250-250-250 (252))
(43,86):248-250-250 (255))
(43,87):250-250-250 (251))
(43,88):242-250-250 (251))
(43,89):250-250-250 (251))
(43,90):250-250-250 (251))
(43,91):248-250-250 (248))
(43,92):201-199-178 (199))
(43,93):127-122-123 (127))
(43,94):61-84-86 (84))
(43,95):38-52-72 (38))
(43,96):0-16-41 (16))
(43,97):10-33-56 (10))
(43,98):0-29-20 (29))
(43,99):36-43-77 (36))
(43,100):0-23-37 (23))
(43,101):8-19-44 (8))
(43,102):0-11-31 (11))
(43,103):75-71-76 (75))
(43,104):176-184-155 (184))
(43,105):247-250-250 (247))
(43,106):250-250-250 (255))
(43,107):250-250-250 (253))
(43,108):250-250-250 (255))
(43,109):250-250-250 (255))
(43,110):250-250-250 (253))
(43,111):250-250-250 (255))
(43,112):250-247-250 (247))
(43,113):172-158-165 (172))
(43,114):23-18-4 (18))
(43,115):24-0-0 (24))
(43,116):142-157-159 (157))
(43,117):248-250-250 (248))
(43,118):250-250-245 (250))
(43,119):250-250-250 (255))
(43,120):250-250-250 (255))
(43,121):250-250-250 (255))
(43,122):250-250-250 (255))
(43,123):250-250-250 (255))
(43,124):250-250-250 (255))
(43,125):250-250-250 (255))
(43,126):250-250-239 (255))
(43,127):250-223-175 (255))
(44,0):175-222-250 (255))
(44,1):236-250-250 (252))
(44,2):250-250-250 (255))
(44,3):250-250-250 (255))
(44,4):250-250-250 (254))
(44,5):248-250-250 (255))
(44,6):238-248-247 (247))
(44,7):134-129-119 (129))
(44,8):37-15-21 (21))
(44,9):109-97-80 (97))
(44,10):155-161-158 (158))
(44,11):156-162-168 (162))
(44,12):154-154-157 (157))
(44,13):149-153-155 (153))
(44,14):156-159-162 (162))
(44,15):158-160-159 (160))
(44,16):150-150-151 (151))
(44,17):154-156-156 (156))
(44,18):156-158-160 (160))
(44,19):151-154-154 (154))
(44,20):151-150-151 (151))
(44,21):159-160-159 (160))
(44,22):157-158-160 (160))
(44,23):150-153-153 (153))
(44,24):156-156-156 (156))
(44,25):162-161-160 (161))
(44,26):154-154-154 (154))
(44,27):149-151-151 (151))
(44,28):156-158-159 (159))
(44,29):157-157-156 (157))
(44,30):152-150-150 (150))
(44,31):154-154-154 (154))
(44,32):158-158-159 (159))
(44,33):153-152-151 (152))
(44,34):151-149-149 (149))
(44,35):159-160-175 (160))
(44,36):166-166-168 (168))
(44,37):76-81-85 (81))
(44,38):0-0-9 (9))
(44,39):29-26-33 (26))
(44,40):136-127-132 (132))
(44,41):164-148-158 (148))
(44,42):186-175-161 (161))
(44,43):172-155-150 (155))
(44,44):173-168-152 (152))
(44,45):165-155-145 (155))
(44,46):163-170-153 (153))
(44,47):157-156-150 (156))
(44,48):160-156-149 (149))
(44,49):174-158-154 (158))
(44,50):172-171-155 (155))
(44,51):158-150-144 (150))
(44,52):149-153-153 (153))
(44,53):169-165-174 (165))
(44,54):177-196-206 (206))
(44,55):214-240-250 (240))
(44,56):187-217-245 (245))
(44,57):187-224-250 (224))
(44,58):142-170-212 (212))
(44,59):144-184-208 (184))
(44,60):97-119-143 (143))
(44,61):112-130-134 (130))
(44,62):121-109-123 (123))
(44,63):92-95-74 (95))
(44,64):109-76-60 (60))
(44,65):74-42-0 (42))
(44,66):94-50-20 (20))
(44,67):42-16-0 (16))
(44,68):60-24-19 (19))
(44,69):31-34-10 (34))
(44,70):71-60-72 (72))
(44,71):85-102-102 (102))
(44,72):97-110-132 (132))
(44,73):144-168-189 (168))
(44,74):158-181-206 (206))
(44,75):196-227-250 (227))
(44,76):205-232-250 (252))
(44,77):241-250-250 (253))
(44,78):234-250-250 (254))
(44,79):250-250-250 (254))
(44,80):250-250-250 (251))
(44,81):250-250-250 (253))
(44,82):250-250-250 (255))
(44,83):250-250-242 (251))
(44,84):250-250-250 (251))
(44,85):250-250-248 (255))
(44,86):250-250-250 (252))
(44,87):250-250-250 (251))
(44,88):250-250-250 (254))
(44,89):250-250-250 (252))
(44,90):250-250-250 (252))
(44,91):250-250-250 (254))
(44,92):250-250-250 (255))
(44,93):247-250-250 (255))
(44,94):210-235-248 (248))
(44,95):204-236-250 (236))
(44,96):168-188-211 (211))
(44,97):144-173-173 (173))
(44,98):65-90-92 (92))
(44,99):106-103-90 (103))
(44,100):103-114-130 (130))
(44,101):136-163-177 (163))
(44,102):160-178-196 (196))
(44,103):221-244-250 (244))
(44,104):250-250-250 (250))
(44,105):250-250-250 (255))
(44,106):250-250-250 (250))
(44,107):250-250-250 (254))
(44,108):250-250-250 (255))
(44,109):250-250-250 (255))
(44,110):250-250-248 (248))
(44,111):250-250-250 (251))
(44,112):192-174-190 (190))
(44,113):53-51-62 (51))
(44,114):0-0-16 (16))
(44,115):125-120-115 (120))
(44,116):250-239-236 (236))
(44,117):250-250-250 (252))
(44,118):250-250-250 (251))
(44,119):250-250-250 (254))
(44,120):250-250-250 (255))
(44,121):250-250-250 (255))
(44,122):250-250-250 (255))
(44,123):250-250-250 (255))
(44,124):250-250-250 (255))
(44,125):250-250-250 (255))
(44,126):250-250-250 (255))
(44,127):250-250-223 (255))
(45,0):223-250-250 (255))
(45,1):250-250-250 (255))
(45,2):250-250-250 (254))
(45,3):250-250-250 (255))
(45,4):250-250-250 (254))
(45,5):250-250-250 (252))
(45,6):250-250-250 (252))
(45,7):180-159-154 (180))
(45,8):46-24-0 (24))
(45,9):102-85-90 (102))
(45,10):167-172-186 (172))
(45,11):159-173-174 (159))
(45,12):149-156-158 (156))
(45,13):153-155-160 (153))
(45,14):159-162-165 (162))
(45,15):159-161-162 (159))
(45,16):151-153-152 (153))
(45,17):157-158-159 (157))
(45,18):157-160-162 (160))
(45,19):154-155-157 (154))
(45,20):150-152-151 (152))
(45,21):162-163-162 (162))
(45,22):163-164-165 (164))
(45,23):158-160-162 (158))
(45,24):157-157-156 (157))
(45,25):161-160-158 (161))
(45,26):153-154-153 (154))
(45,27):151-151-153 (151))
(45,28):159-160-161 (160))
(45,29):157-156-156 (157))
(45,30):151-150-148 (150))
(45,31):155-154-155 (155))
(45,32):158-158-160 (158))
(45,33):153-152-152 (153))
(45,34):151-152-149 (152))
(45,35):158-161-163 (158))
(45,36):168-158-168 (158))
(45,37):125-124-128 (125))
(45,38):24-25-16 (25))
(45,39):9-0-0 (9))
(45,40):88-78-86 (78))
(45,41):144-130-129 (144))
(45,42):185-154-140 (154))
(45,43):161-148-129 (161))
(45,44):176-157-142 (157))
(45,45):141-135-111 (141))
(45,46):147-142-121 (142))
(45,47):104-97-73 (104))
(45,48):119-108-99 (108))
(45,49):134-115-94 (134))
(45,50):172-144-112 (144))
(45,51):137-106-88 (137))
(45,52):131-109-71 (109))
(45,53):83-53-46 (83))
(45,54):68-75-64 (75))
(45,55):65-64-87 (65))
(45,56):16-51-66 (51))
(45,57):33-53-103 (33))
(45,58):0-13-52 (13))
(45,59):14-41-91 (14))
(45,60):0-32-52 (32))
(45,61):49-66-107 (49))
(45,62):36-70-86 (70))
(45,63):94-94-108 (94))
(45,64):125-129-110 (129))
(45,65):158-132-115 (158))
(45,66):213-186-146 (186))
(45,67):207-172-142 (207))
(45,68):250-219-187 (219))
(45,69):231-209-180 (231))
(45,70):250-249-233 (249))
(45,71):250-248-229 (255))
(45,72):250-250-250 (254))
(45,73):250-250-250 (251))
(45,74):250-250-250 (255))
(45,75):250-250-250 (255))
(45,76):245-250-250 (255))
(45,77):250-250-250 (252))
(45,78):245-250-250 (255))
(45,79):250-250-250 (253))
(45,80):248-250-250 (255))
(45,81):250-250-250 (252))
(45,82):249-250-250 (252))
(45,83):250-250-250 (253))
(45,84):250-250-250 (253))
(45,85):250-250-250 (252))
(45,86):250-250-250 (252))
(45,87):250-250-250 (255))
(45,88):250-250-250 (253))
(45,89):250-250-250 (255))
(45,90):250-250-250 (252))
(45,91):250-250-250 (253))
(45,92):247-250-250 (251))
(45,93):250-250-250 (252))
(45,94):244-250-250 (251))
(45,95):250-250-250 (254))
(45,96):250-250-250 (251))
(45,97):250-250-247 (253))
(45,98):250-247-225 (247))
(45,99):250-241-220 (250))
(45,100):250-250-249 (255))
(45,101):249-250-250 (249))
(45,102):247-250-250 (254))
(45,103):250-250-250 (250))
(45,104):246-250-250 (250))
(45,105):250-250-250 (253))
(45,106):250-250-250 (255))
(45,107):250-250-250 (255))
(45,108):250-250-250 (251))
(45,109):250-250-250 (255))
(45,110):249-250-250 (251))
(45,111):165-160-181 (165))
(45,112):32-35-44 (35))
(45,113):6-0-0 (6))
(45,114):83-81-91 (81))
(45,115):230-224-250 (230))
(45,116):250-250-250 (253))
(45,117):250-250-250 (255))
(45,118):250-250-250 (255))
(45,119):250-250-250 (253))
(45,120):250-250-250 (255))
(45,121):250-250-250 (255))
(45,122):250-250-250 (255))
(45,123):250-250-250 (255))
(45,124):250-250-250 (255))
(45,125):250-250-250 (255))
(45,126):250-250-239 (255))
(45,127):250-223-175 (255))
(46,0):172-221-250 (251))
(46,1):238-250-250 (255))
(46,2):250-250-250 (253))
(46,3):250-250-250 (253))
(46,4):250-250-250 (255))
(46,5):249-250-250 (255))
(46,6):250-250-249 (249))
(46,7):228-204-182 (204))
(46,8):56-51-58 (58))
(46,9):72-87-80 (87))
(46,10):174-182-183 (183))
(46,11):179-182-197 (182))
(46,12):161-165-168 (168))
(46,13):159-161-164 (161))
(46,14):166-170-173 (173))
(46,15):168-171-173 (171))
(46,16):163-164-164 (164))
(46,17):166-167-168 (167))
(46,18):166-169-170 (170))
(46,19):163-164-165 (164))
(46,20):162-162-162 (162))
(46,21):171-171-171 (171))
(46,22):167-170-170 (170))
(46,23):158-162-162 (162))
(46,24):157-159-158 (158))
(46,25):163-161-160 (161))
(46,26):154-153-154 (154))
(46,27):149-151-152 (151))
(46,28):157-159-160 (160))
(46,29):157-157-157 (157))
(46,30):151-150-150 (150))
(46,31):154-154-154 (154))
(46,32):157-158-160 (160))
(46,33):152-153-153 (153))
(46,34):151-150-150 (150))
(46,35):158-159-158 (159))
(46,36):163-168-158 (158))
(46,37):149-144-135 (144))
(46,38):35-33-41 (41))
(46,39):0-6-0 (6))
(46,40):8-4-12 (12))
(46,41):37-18-5 (18))
(46,42):46-31-28 (28))
(46,43):24-32-23 (32))
(46,44):34-23-30 (30))
(46,45):8-23-11 (23))
(46,46):4-4-14 (14))
(46,47):0-10-0 (10))
(46,48):21-5-17 (17))
(46,49):18-24-1 (24))
(46,50):58-27-17 (17))
(46,51):36-11-0 (11))
(46,52):69-32-11 (11))
(46,53):43-25-0 (25))
(46,54):88-58-56 (56))
(46,55):71-70-58 (70))
(46,56):94-94-111 (111))
(46,57):119-148-163 (148))
(46,58):123-144-182 (182))
(46,59):163-205-243 (205))
(46,60):158-193-228 (228))
(46,61):207-243-250 (243))
(46,62):188-222-249 (249))
(46,63):230-250-250 (253))
(46,64):227-247-250 (254))
(46,65):250-250-250 (255))
(46,66):250-250-250 (254))
(46,67):250-250-250 (253))
(46,68):250-250-250 (254))
(46,69):250-250-246 (255))
(46,70):250-250-250 (255))
(46,71):250-250-245 (253))
(46,72):250-250-250 (255))
(46,73):250-250-248 (253))
(46,74):250-250-250 (255))
(46,75):250-250-250 (255))
(46,76):250-250-250 (252))
(46,77):250-250-250 (254))
(46,78):250-250-250 (255))
(46,79):250-250-250 (253))
(46,80):250-250-250 (251))
(46,81):250-250-250 (255))
(46,82):250-250-250 (254))
(46,83):250-250-250 (255))
(46,84):250-250-250 (255))
(46,85):250-250-250 (254))
(46,86):250-250-250 (255))
(46,87):250-250-250 (252))
(46,88):250-250-250 (254))
(46,89):250-250-250 (254))
(46,90):250-250-250 (254))
(46,91):250-250-250 (255))
(46,92):250-250-250 (251))
(46,93):250-250-250 (255))
(46,94):250-250-250 (255))
(46,95):250-248-248 (248))
(46,96):250-250-250 (250))
(46,97):250-250-248 (254))
(46,98):250-250-250 (254))
(46,99):250-250-244 (255))
(46,100):250-250-250 (251))
(46,101):250-250-246 (253))
(46,102):250-250-250 (255))
(46,103):250-250-250 (253))
(46,104):250-250-250 (255))
(46,105):250-250-250 (251))
(46,106):250-250-250 (255))
(46,107):250-250-249 (250))
(46,108):250-250-250 (255))
(46,109):241-250-250 (253))
(46,110):164-160-175 (175))
(46,111):30-37-43 (37))
(46,112):0-0-13 (13))
(46,113):105-103-107 (103))
(46,114):250-219-228 (228))
(46,115):250-250-250 (252))
(46,116):250-250-250 (252))
(46,117):250-250-250 (252))
(46,118):250-250-250 (255))
(46,119):250-250-250 (255))
(46,120):250-250-250 (255))
(46,121):250-250-250 (255))
(46,122):250-250-250 (255))
(46,123):250-250-250 (255))
(46,124):250-250-250 (255))
(46,125):250-250-250 (255))
(46,126):250-250-250 (255))
(46,127):250-250-223 (255))
(47,0):222-250-250 (255))
(47,1):250-250-250 (253))
(47,2):250-250-250 (255))
(47,3):250-250-250 (255))
(47,4):250-250-250 (254))
(47,5):250-250-250 (251))
(47,6):250-250-245 (250))
(47,7):233-230-232 (233))
(47,8):95-109-118 (109))
(47,9):34-29-22 (34))
(47,10):110-138-133 (138))
(47,11):175-192-192 (175))
(47,12):175-169-172 (169))
(47,13):165-165-169 (165))
(47,14):172-175-178 (175))
(47,15):170-173-172 (170))
(47,16):163-165-165 (165))
(47,17):167-168-168 (167))
(47,18):170-170-172 (170))
(47,19):164-164-164 (164))
(47,20):163-162-160 (162))
(47,21):168-168-167 (168))
(47,22):161-164-166 (164))
(47,23):152-155-155 (152))
(47,24):154-157-155 (157))
(47,25):160-159-157 (160))
(47,26):152-152-152 (152))
(47,27):151-151-153 (151))
(47,28):159-160-161 (160))
(47,29):157-156-156 (157))
(47,30):149-149-147 (149))
(47,31):153-153-153 (153))
(47,32):158-159-160 (159))
(47,33):153-153-155 (153))
(47,34):150-150-151 (150))
(47,35):157-159-160 (157))
(47,36):159-157-153 (157))
(47,37):129-134-143 (129))
(47,38):35-46-63 (46))
(47,39):9-10-8 (9))
(47,40):0-4-0 (4))
(47,41):3-0-9 (3))
(47,42):0-10-10 (10))
(47,43):9-14-17 (9))
(47,44):0-7-4 (7))
(47,45):19-23-47 (19))
(47,46):6-33-41 (33))
(47,47):40-46-73 (40))
(47,48):35-58-67 (58))
(47,49):79-77-82 (79))
(47,50):115-114-104 (114))
(47,51):159-138-122 (159))
(47,52):228-203-168 (203))
(47,53):224-199-171 (224))
(47,54):250-241-217 (241))
(47,55):248-229-205 (248))
(47,56):250-250-243 (255))
(47,57):249-250-238 (249))
(47,58):250-250-250 (250))
(47,59):250-250-250 (253))
(47,60):245-250-250 (251))
(47,61):250-250-250 (253))
(47,62):244-250-250 (255))
(47,63):250-250-250 (254))
(47,64):246-250-250 (255))
(47,65):250-250-250 (254))
(47,66):249-250-250 (254))
(47,67):250-250-250 (255))
(47,68):250-250-250 (255))
(47,69):250-250-250 (255))
(47,70):250-250-250 (255))
(47,71):250-250-250 (255))
(47,72):250-250-250 (255))
(47,73):250-250-250 (255))
(47,74):250-250-250 (253))
(47,75):250-250-250 (255))
(47,76):250-250-250 (255))
(47,77):250-250-250 (255))
(47,78):250-250-250 (254))
(47,79):250-250-250 (255))
(47,80):250-250-250 (255))
(47,81):250-250-250 (255))
(47,82):250-250-250 (254))
(47,83):250-250-250 (254))
(47,84):250-250-250 (255))
(47,85):250-250-250 (255))
(47,86):250-250-250 (254))
(47,87):250-250-250 (255))
(47,88):250-250-250 (255))
(47,89):250-250-250 (252))
(47,90):250-250-250 (255))
(47,91):250-250-250 (255))
(47,92):250-250-250 (255))
(47,93):250-250-250 (255))
(47,94):250-250-250 (254))
(47,95):250-250-250 (255))
(47,96):250-250-250 (255))
(47,97):250-250-250 (254))
(47,98):250-250-250 (254))
(47,99):250-250-250 (254))
(47,100):250-250-250 (255))
(47,101):250-250-250 (255))
(47,102):250-250-250 (252))
(47,103):250-250-250 (255))
(47,104):246-250-250 (254))
(47,105):250-250-250 (254))
(47,106):250-250-250 (254))
(47,107):250-250-248 (252))
(47,108):233-219-179 (219))
(47,109):131-109-99 (131))
(47,110):28-37-42 (37))
(47,111):10-0-0 (10))
(47,112):104-108-109 (108))
(47,113):234-229-250 (234))
(47,114):250-250-250 (253))
(47,115):250-250-250 (254))
(47,116):250-250-250 (255))
(47,117):250-250-250 (255))
(47,118):250-250-250 (255))
(47,119):250-250-250 (254))
(47,120):250-250-250 (255))
(47,121):250-250-250 (255))
(47,122):250-250-250 (255))
(47,123):250-250-250 (255))
(47,124):250-250-250 (255))
(47,125):250-250-250 (255))
(47,126):250-250-239 (255))
(47,127):250-223-175 (255))
(48,0):175-223-250 (255))
(48,1):238-250-250 (255))
(48,2):250-250-250 (255))
(48,3):250-250-250 (255))
(48,4):250-250-250 (254))
(48,5):250-250-250 (253))
(48,6):250-250-250 (252))
(48,7):250-250-250 (251))
(48,8):218-196-212 (212))
(48,9):54-56-68 (56))
(48,10):16-27-44 (44))
(48,11):134-141-117 (141))
(48,12):178-181-168 (168))
(48,13):164-163-168 (163))
(48,14):174-175-174 (174))
(48,15):171-172-171 (172))
(48,16):163-162-161 (161))
(48,17):161-161-161 (161))
(48,18):161-162-163 (163))
(48,19):154-154-153 (154))
(48,20):156-153-152 (152))
(48,21):163-161-159 (161))
(48,22):158-158-159 (159))
(48,23):147-152-152 (152))
(48,24):153-154-154 (154))
(48,25):160-159-158 (159))
(48,26):153-152-153 (153))
(48,27):148-150-151 (150))
(48,28):156-158-159 (159))
(48,29):158-157-157 (157))
(48,30):152-150-150 (150))
(48,31):153-154-153 (154))
(48,32):155-158-159 (159))
(48,33):153-153-155 (153))
(48,34):156-152-155 (155))
(48,35):158-156-159 (156))
(48,36):149-156-159 (159))
(48,37):151-153-173 (153))
(48,38):161-151-159 (159))
(48,39):119-123-124 (123))
(48,40):0-15-24 (24))
(48,41):3-6-8 (6))
(48,42):72-72-86 (86))
(48,43):170-178-185 (178))
(48,44):140-178-180 (180))
(48,45):189-212-238 (212))
(48,46):189-215-238 (238))
(48,47):216-235-250 (235))
(48,48):200-227-248 (248))
(48,49):233-250-250 (250))
(48,50):230-247-250 (252))
(48,51):250-250-250 (254))
(48,52):250-250-250 (254))
(48,53):250-250-246 (253))
(48,54):250-250-250 (253))
(48,55):250-250-242 (252))
(48,56):250-250-250 (253))
(48,57):250-250-246 (253))
(48,58):250-250-250 (253))
(48,59):250-250-250 (253))
(48,60):250-250-250 (253))
(48,61):250-250-250 (254))
(48,62):250-250-250 (255))
(48,63):250-250-250 (255))
(48,64):250-250-250 (255))
(48,65):250-250-250 (255))
(48,66):250-250-250 (255))
(48,67):250-250-250 (255))
(48,68):250-250-250 (255))
(48,69):250-250-250 (255))
(48,70):250-250-250 (255))
(48,71):250-250-250 (255))
(48,72):250-250-250 (255))
(48,73):250-250-250 (255))
(48,74):250-250-250 (255))
(48,75):250-250-250 (255))
(48,76):250-250-250 (255))
(48,77):250-250-250 (255))
(48,78):250-250-250 (255))
(48,79):250-250-250 (255))
(48,80):250-250-250 (255))
(48,81):250-250-250 (255))
(48,82):250-250-250 (255))
(48,83):250-250-250 (255))
(48,84):250-250-250 (255))
(48,85):250-250-250 (255))
(48,86):250-250-250 (255))
(48,87):250-250-250 (255))
(48,88):250-250-250 (254))
(48,89):250-250-250 (255))
(48,90):250-250-250 (255))
(48,91):250-250-250 (254))
(48,92):250-250-250 (255))
(48,93):250-250-250 (253))
(48,94):250-250-250 (255))
(48,95):250-250-250 (255))
(48,96):250-250-250 (255))
(48,97):250-250-250 (255))
(48,98):250-250-250 (253))
(48,99):250-250-247 (255))
(48,100):250-250-250 (252))
(48,101):250-250-247 (255))
(48,102):250-250-250 (253))
(48,103):250-250-250 (253))
(48,104):229-237-250 (250))
(48,105):199-235-250 (235))
(48,106):156-163-192 (192))
(48,107):98-117-113 (117))
(48,108):24-24-31 (31))
(48,109):34-6-0 (6))
(48,110):49-44-53 (53))
(48,111):121-141-141 (141))
(48,112):250-234-238 (238))
(48,113):250-249-250 (249))
(48,114):250-250-250 (255))
(48,115):250-250-250 (255))
(48,116):250-250-250 (254))
(48,117):250-250-250 (255))
(48,118):250-250-250 (255))
(48,119):250-250-250 (254))
(48,120):250-250-250 (255))
(48,121):250-250-250 (255))
(48,122):250-250-250 (255))
(48,123):250-250-250 (255))
(48,124):250-250-250 (255))
(48,125):250-250-250 (255))
(48,126):250-250-250 (255))
(48,127):250-250-223 (255))
(49,0):223-250-250 (255))
(49,1):250-250-250 (255))
(49,2):250-250-250 (255))
(49,3):250-250-250 (255))
(49,4):250-250-250 (255))
(49,5):250-250-250 (255))
(49,6):250-250-250 (254))
(49,7):250-250-250 (254))
(49,8):250-250-250 (250))
(49,9):170-153-170 (170))
(49,10):47-28-24 (28))
(49,11):65-50-51 (65))
(49,12):145-160-160 (160))
(49,13):171-184-181 (171))
(49,14):178-175-173 (175))
(49,15):166-165-163 (166))
(49,16):152-152-150 (152))
(49,17):154-153-153 (154))
(49,18):157-159-160 (159))
(49,19):152-151-151 (152))
(49,20):151-150-147 (150))
(49,21):160-158-156 (160))
(49,22):156-156-156 (156))
(49,23):149-149-150 (149))
(49,24):153-154-153 (154))
(49,25):159-158-156 (159))
(49,26):152-153-152 (153))
(49,27):150-150-152 (150))
(49,28):158-159-160 (159))
(49,29):158-157-157 (158))
(49,30):150-150-148 (150))
(49,31):154-154-153 (154))
(49,32):160-161-160 (161))
(49,33):154-153-154 (154))
(49,34):149-147-148 (147))
(49,35):159-156-158 (159))
(49,36):156-156-158 (156))
(49,37):149-152-157 (149))
(49,38):165-154-169 (154))
(49,39):167-171-180 (167))
(49,40):74-72-71 (72))
(49,41):2-0-0 (2))
(49,42):44-41-50 (41))
(49,43):193-196-208 (193))
(49,44):250-250-250 (255))
(49,45):248-250-250 (248))
(49,46):243-250-250 (250))
(49,47):250-250-250 (255))
(49,48):245-250-250 (253))
(49,49):250-250-250 (254))
(49,50):246-250-250 (255))
(49,51):250-250-250 (255))
(49,52):250-250-250 (255))
(49,53):250-250-250 (255))
(49,54):250-250-250 (254))
(49,55):250-250-250 (254))
(49,56):250-250-250 (253))
(49,57):250-250-250 (253))
(49,58):250-250-250 (253))
(49,59):250-250-250 (253))
(49,60):250-250-250 (254))
(49,61):250-250-250 (254))
(49,62):250-250-250 (255))
(49,63):250-250-250 (255))
(49,64):250-250-250 (255))
(49,65):250-250-250 (255))
(49,66):250-250-250 (255))
(49,67):250-250-250 (255))
(49,68):250-250-250 (255))
(49,69):250-250-250 (255))
(49,70):250-250-250 (255))
(49,71):250-250-250 (255))
(49,72):250-250-250 (255))
(49,73):250-250-250 (255))
(49,74):250-250-250 (255))
(49,75):250-250-250 (255))
(49,76):250-250-250 (255))
(49,77):250-250-250 (255))
(49,78):250-250-250 (255))
(49,79):250-250-250 (255))
(49,80):250-250-250 (255))
(49,81):250-250-250 (255))
(49,82):250-250-250 (255))
(49,83):250-250-250 (255))
(49,84):250-250-250 (255))
(49,85):250-250-250 (255))
(49,86):250-250-250 (255))
(49,87):250-250-250 (255))
(49,88):250-250-250 (255))
(49,89):250-250-250 (254))
(49,90):250-250-250 (255))
(49,91):250-250-250 (254))
(49,92):250-250-250 (253))
(49,93):250-250-250 (255))
(49,94):250-250-250 (253))
(49,95):250-250-250 (255))
(49,96):249-250-250 (253))
(49,97):250-250-250 (252))
(49,98):250-250-250 (253))
(49,99):250-250-250 (252))
(49,100):250-250-250 (253))
(49,101):250-250-250 (253))
(49,102):250-250-227 (252))
(49,103):168-152-159 (168))
(49,104):70-74-69 (74))
(49,105):43-42-60 (43))
(49,106):0-11-43 (11))
(49,107):21-23-39 (21))
(49,108):61-70-67 (70))
(49,109):164-140-144 (164))
(49,110):250-233-197 (233))
(49,111):250-250-250 (254))
(49,112):250-250-250 (250))
(49,113):250-250-250 (254))
(49,114):250-250-250 (255))
(49,115):250-250-250 (255))
(49,116):250-250-250 (254))
(49,117):250-250-250 (254))
(49,118):250-250-250 (255))
(49,119):250-250-250 (254))
(49,120):250-250-250 (255))
(49,121):250-250-250 (255))
(49,122):250-250-250 (255))
(49,123):250-250-250 (255))
(49,124):250-250-250 (255))
(49,125):250-250-250 (255))
(49,126):250-250-239 (255))
(49,127):250-223-175 (255))
(50,0):175-223-250 (255))
(50,1):239-250-250 (255))
(50,2):250-250-250 (255))
(50,3):250-250-250 (255))
(50,4):250-250-250 (255))
(50,5):250-250-250 (255))
(50,6):250-250-250 (255))
(50,7):250-250-250 (255))
(50,8):250-250-250 (251))
(50,9):248-241-228 (241))
(50,10):100-101-118 (118))
(50,11):4-20-35 (20))
(50,12):87-85-100 (100))
(50,13):160-158-155 (158))
(50,14):167-171-161 (161))
(50,15):158-158-155 (158))
(50,16):149-147-147 (147))
(50,17):150-151-150 (151))
(50,18):155-156-158 (158))
(50,19):150-152-152 (152))
(50,20):153-151-150 (150))
(50,21):161-159-157 (159))
(50,22):154-154-155 (155))
(50,23):146-148-148 (148))
(50,24):154-153-154 (154))
(50,25):160-159-158 (159))
(50,26):152-152-152 (152))
(50,27):148-150-150 (150))
(50,28):156-158-159 (159))
(50,29):158-157-156 (157))
(50,30):152-150-150 (150))
(50,31):153-154-152 (154))
(50,32):156-159-158 (158))
(50,33):153-154-151 (154))
(50,34):149-148-148 (148))
(50,35):158-158-157 (158))
(50,36):154-156-158 (158))
(50,37):142-147-149 (147))
(50,38):159-157-155 (155))
(50,39):173-161-169 (161))
(50,40):127-125-122 (122))
(50,41):17-27-16 (27))
(50,42):0-0-4 (4))
(50,43):111-97-100 (97))
(50,44):249-247-243 (243))
(50,45):246-250-250 (252))
(50,46):250-250-250 (250))
(50,47):250-250-250 (252))
(50,48):250-250-250 (255))
(50,49):250-250-250 (255))
(50,50):250-250-250 (255))
(50,51):250-250-250 (255))
(50,52):250-250-250 (255))
(50,53):250-250-250 (255))
(50,54):250-250-250 (254))
(50,55):250-250-250 (254))
(50,56):250-250-250 (254))
(50,57):250-250-250 (254))
(50,58):250-250-250 (254))
(50,59):250-250-250 (254))
(50,60):250-250-250 (254))
(50,61):250-250-250 (254))
(50,62):250-250-250 (255))
(50,63):250-250-250 (255))
(50,64):250-250-250 (255))
(50,65):250-250-250 (255))
(50,66):250-250-250 (255))
(50,67):250-250-250 (255))
(50,68):250-250-250 (255))
(50,69):250-250-250 (255))
(50,70):250-250-250 (255))
(50,71):250-250-250 (255))
(50,72):250-250-250 (255))
(50,73):250-250-250 (255))
(50,74):250-250-250 (255))
(50,75):250-250-250 (255))
(50,76):250-250-250 (255))
(50,77):250-250-250 (255))
(50,78):250-250-250 (255))
(50,79):250-250-250 (255))
(50,80):250-250-250 (255))
(50,81):250-250-250 (255))
(50,82):250-250-250 (255))
(50,83):250-250-250 (255))
(50,84):250-250-250 (255))
(50,85):250-250-250 (255))
(50,86):250-250-250 (255))
(50,87):250-250-250 (255))
(50,88):250-250-250 (253))
(50,89):250-250-250 (255))
(50,90):250-250-250 (250))
(50,91):250-250-250 (254))
(50,92):250-250-250 (255))
(50,93):250-250-250 (253))
(50,94):200-225-237 (237))
(50,95):188-223-242 (223))
(50,96):167-194-219 (219))
(50,97):158-195-227 (195))
(50,98):107-140-174 (174))
(50,99):134-162-195 (162))
(50,100):133-144-177 (177))
(50,101):113-151-164 (151))
(50,102):69-70-87 (87))
(50,103):34-24-3 (24))
(50,104):26-28-34 (34))
(50,105):99-110-97 (110))
(50,106):121-132-156 (156))
(50,107):168-207-236 (207))
(50,108):229-233-249 (249))
(50,109):250-250-250 (255))
(50,110):250-250-248 (248))
(50,111):250-250-247 (255))
(50,112):250-250-250 (255))
(50,113):250-250-250 (255))
(50,114):250-250-250 (254))
(50,115):250-250-250 (255))
(50,116):250-250-250 (255))
(50,117):250-250-250 (254))
(50,118):250-250-250 (254))
(50,119):250-250-250 (255))
(50,120):250-250-250 (255))
(50,121):250-250-250 (255))
(50,122):250-250-250 (255))
(50,123):250-250-250 (255))
(50,124):250-250-250 (255))
(50,125):250-250-250 (255))
(50,126):250-250-250 (255))
(50,127):250-250-223 (255))
(51,0):223-250-250 (255))
(51,1):250-250-250 (255))
(51,2):250-250-250 (255))
(51,3):250-250-250 (255))
(51,4):250-250-250 (255))
(51,5):250-250-250 (255))
(51,6):250-250-250 (255))
(51,7):250-250-250 (255))
(51,8):250-250-249 (255))
(51,9):250-250-250 (251))
(51,10):170-198-206 (198))
(51,11):41-35-30 (41))
(51,12):25-37-32 (37))
(51,13):124-120-126 (124))
(51,14):167-160-161 (160))
(51,15):157-159-158 (157))
(51,16):150-150-147 (150))
(51,17):153-153-153 (153))
(51,18):158-159-161 (159))
(51,19):152-152-152 (152))
(51,20):151-150-147 (150))
(51,21):159-157-155 (159))
(51,22):156-156-156 (156))
(51,23):150-149-151 (150))
(51,24):153-153-153 (153))
(51,25):158-157-155 (158))
(51,26):152-152-151 (152))
(51,27):150-150-152 (150))
(51,28):158-159-160 (159))
(51,29):157-156-156 (157))
(51,30):150-150-148 (150))
(51,31):153-153-153 (153))
(51,32):158-160-161 (160))
(51,33):152-152-152 (152))
(51,34):148-150-149 (150))
(51,35):155-157-155 (155))
(51,36):151-157-158 (157))
(51,37):144-148-150 (144))
(51,38):153-155-154 (155))
(51,39):160-173-163 (160))
(51,40):130-145-159 (145))
(51,41):39-37-44 (39))
(51,42):0-4-0 (4))
(51,43):87-74-59 (87))
(51,44):228-242-250 (242))
(51,45):250-250-250 (252))
(51,46):250-250-250 (254))
(51,47):250-250-250 (253))
(51,48):250-250-250 (254))
(51,49):250-250-250 (254))
(51,50):250-250-250 (254))
(51,51):250-250-250 (254))
(51,52):250-250-250 (254))
(51,53):250-250-250 (254))
(51,54):250-250-250 (254))
(51,55):250-250-250 (254))
(51,56):250-250-250 (255))
(51,57):250-250-250 (254))
(51,58):250-250-250 (254))
(51,59):250-250-250 (254))
(51,60):250-250-250 (254))
(51,61):250-250-250 (255))
(51,62):250-250-250 (255))
(51,63):250-250-250 (255))
(51,64):250-250-250 (255))
(51,65):250-250-250 (255))
(51,66):250-250-250 (255))
(51,67):250-250-250 (255))
(51,68):250-250-250 (255))
(51,69):250-250-250 (255))
(51,70):250-250-250 (255))
(51,71):250-250-250 (255))
(51,72):250-250-250 (255))
(51,73):250-250-250 (255))
(51,74):250-250-250 (255))
(51,75):250-250-250 (255))
(51,76):250-250-250 (255))
(51,77):250-250-250 (255))
(51,78):250-250-250 (255))
(51,79):250-250-250 (255))
(51,80):250-250-250 (255))
(51,81):250-250-250 (255))
(51,82):250-250-250 (255))
(51,83):250-250-250 (255))
(51,84):250-250-250 (255))
(51,85):250-250-250 (255))
(51,86):250-250-250 (255))
(51,87):250-250-250 (255))
(51,88):250-250-250 (255))
(51,89):250-250-248 (250))
(51,90):250-250-250 (255))
(51,91):250-250-250 (255))
(51,92):250-250-246 (251))
(51,93):245-250-250 (245))
(51,94):134-159-184 (159))
(51,95):27-53-94 (27))
(51,96):0-19-44 (19))
(51,97):3-25-55 (3))
(51,98):0-10-31 (10))
(51,99):12-32-88 (12))
(51,100):0-11-43 (11))
(51,101):16-32-69 (16))
(51,102):2-28-48 (28))
(51,103):105-94-102 (105))
(51,104):212-209-170 (209))
(51,105):248-249-238 (248))
(51,106):250-250-250 (252))
(51,107):250-250-250 (250))
(51,108):243-249-250 (249))
(51,109):250-250-250 (255))
(51,110):250-250-250 (255))
(51,111):250-250-250 (251))
(51,112):250-250-250 (254))
(51,113):250-250-250 (253))
(51,114):250-250-250 (253))
(51,115):250-250-250 (255))
(51,116):250-250-250 (255))
(51,117):250-250-250 (255))
(51,118):250-250-250 (255))
(51,119):250-250-250 (255))
(51,120):250-250-250 (255))
(51,121):250-250-250 (255))
(51,122):250-250-250 (255))
(51,123):250-250-250 (255))
(51,124):250-250-250 (255))
(51,125):250-250-250 (255))
(51,126):250-250-239 (255))
(51,127):250-223-175 (255))
(52,0):175-223-250 (255))
(52,1):239-250-250 (255))
(52,2):250-250-250 (255))
(52,3):250-250-250 (255))
(52,4):250-250-250 (255))
(52,5):250-250-250 (255))
(52,6):250-250-250 (255))
(52,7):250-250-250 (255))
(52,8):250-250-250 (251))
(52,9):250-250-250 (255))
(52,10):249-249-242 (242))
(52,11):121-127-119 (127))
(52,12):0-3-20 (20))
(52,13):77-79-65 (79))
(52,14):156-158-155 (155))
(52,15):156-157-166 (157))
(52,16):152-151-150 (150))
(52,17):152-154-154 (154))
(52,18):156-159-160 (160))
(52,19):151-152-152 (152))
(52,20):151-150-149 (149))
(52,21):159-158-156 (158))
(52,22):156-156-156 (156))
(52,23):148-150-150 (150))
(52,24):153-153-153 (153))
(52,25):159-158-157 (158))
(52,26):151-151-151 (151))
(52,27):147-149-149 (149))
(52,28):156-157-158 (158))
(52,29):156-156-155 (156))
(52,30):150-149-149 (149))
(52,31):151-153-153 (153))
(52,32):156-157-159 (159))
(52,33):151-149-151 (149))
(52,34):154-151-153 (153))
(52,35):159-161-161 (161))
(52,36):151-158-157 (157))
(52,37):142-152-150 (152))
(52,38):158-162-155 (155))
(52,39):176-160-164 (160))
(52,40):119-111-115 (115))
(52,41):13-22-13 (22))
(52,42):0-0-12 (12))
(52,43):139-133-128 (133))
(52,44):245-248-247 (247))
(52,45):245-250-250 (253))
(52,46):250-250-250 (255))
(52,47):250-250-250 (252))
(52,48):250-250-250 (253))
(52,49):250-250-250 (254))
(52,50):250-250-250 (254))
(52,51):250-250-250 (254))
(52,52):250-250-250 (255))
(52,53):250-250-250 (255))
(52,54):250-250-250 (255))
(52,55):250-250-250 (255))
(52,56):250-250-250 (255))
(52,57):250-250-250 (255))
(52,58):250-250-250 (255))
(52,59):250-250-250 (255))
(52,60):250-250-250 (255))
(52,61):250-250-250 (255))
(52,62):250-250-250 (255))
(52,63):250-250-250 (255))
(52,64):250-250-250 (255))
(52,65):250-250-250 (255))
(52,66):250-250-250 (255))
(52,67):250-250-250 (255))
(52,68):250-250-250 (255))
(52,69):250-250-250 (255))
(52,70):250-250-250 (255))
(52,71):250-250-250 (255))
(52,72):250-250-250 (255))
(52,73):250-250-250 (255))
(52,74):250-250-250 (255))
(52,75):250-250-250 (255))
(52,76):250-250-250 (255))
(52,77):250-250-250 (255))
(52,78):250-250-250 (255))
(52,79):250-250-250 (255))
(52,80):250-250-250 (255))
(52,81):250-250-250 (255))
(52,82):250-250-250 (255))
(52,83):250-250-250 (255))
(52,84):250-250-250 (255))
(52,85):250-250-250 (255))
(52,86):250-250-250 (255))
(52,87):250-250-250 (255))
(52,88):250-250-250 (254))
(52,89):250-250-250 (255))
(52,90):250-250-250 (253))
(52,91):250-250-250 (255))
(52,92):250-250-250 (253))
(52,93):250-250-250 (255))
(52,94):146-158-192 (192))
(52,95):0-18-44 (18))
(52,96):0-0-35 (35))
(52,97):115-126-138 (126))
(52,98):122-143-165 (165))
(52,99):152-185-213 (185))
(52,100):123-160-195 (195))
(52,101):173-215-250 (215))
(52,102):182-205-234 (234))
(52,103):235-248-250 (248))
(52,104):250-250-250 (252))
(52,105):250-250-250 (255))
(52,106):250-250-250 (253))
(52,107):250-250-250 (255))
(52,108):250-250-250 (255))
(52,109):250-250-250 (252))
(52,110):250-250-250 (254))
(52,111):250-250-250 (255))
(52,112):250-250-250 (254))
(52,113):250-250-250 (255))
(52,114):250-250-250 (255))
(52,115):250-250-250 (255))
(52,116):250-250-250 (255))
(52,117):250-250-250 (255))
(52,118):250-250-250 (255))
(52,119):250-250-250 (254))
(52,120):250-250-250 (255))
(52,121):250-250-250 (255))
(52,122):250-250-250 (255))
(52,123):250-250-250 (255))
(52,124):250-250-250 (255))
(52,125):250-250-250 (255))
(52,126):250-250-250 (255))
(52,127):250-250-223 (255))
(53,0):223-250-250 (255))
(53,1):250-250-250 (255))
(53,2):250-250-250 (255))
(53,3):250-250-250 (255))
(53,4):250-250-250 (255))
(53,5):250-250-250 (255))
(53,6):250-250-250 (255))
(53,7):250-250-250 (255))
(53,8):250-250-250 (255))
(53,9):250-250-250 (255))
(53,10):250-250-250 (251))
(53,11):201-195-201 (201))
(53,12):53-44-36 (44))
(53,13):34-18-21 (34))
(53,14):117-136-142 (136))
(53,15):157-166-162 (157))
(53,16):153-149-147 (149))
(53,17):152-152-153 (152))
(53,18):157-159-161 (159))
(53,19):152-152-153 (152))
(53,20):150-150-147 (150))
(53,21):158-157-155 (158))
(53,22):155-156-156 (156))
(53,23):149-149-150 (149))
(53,24):153-153-152 (153))
(53,25):158-157-155 (158))
(53,26):151-151-150 (151))
(53,27):149-149-151 (149))
(53,28):157-158-159 (158))
(53,29):156-155-155 (156))
(53,30):149-149-147 (149))
(53,31):152-152-152 (152))
(53,32):160-159-162 (159))
(53,33):155-151-155 (155))
(53,34):150-148-149 (148))
(53,35):158-158-157 (158))
(53,36):154-159-157 (159))
(53,37):144-157-155 (144))
(53,38):168-159-172 (159))
(53,39):148-135-155 (148))
(53,40):49-36-34 (36))
(53,41):7-0-0 (7))
(53,42):80-70-82 (70))
(53,43):221-213-232 (221))
(53,44):250-250-250 (254))
(53,45):250-250-250 (251))
(53,46):250-250-250 (253))
(53,47):250-250-250 (252))
(53,48):250-250-250 (254))
(53,49):250-250-250 (254))
(53,50):250-250-250 (254))
(53,51):250-250-250 (255))
(53,52):250-250-250 (255))
(53,53):250-250-250 (255))
(53,54):250-250-250 (255))
(53,55):250-250-250 (255))
(53,56):250-250-250 (255))
(53,57):250-250-250 (255))
(53,58):250-250-250 (255))
(53,59):250-250-250 (255))
(53,60):250-250-250 (255))
(53,61):250-250-250 (255))
(53,62):250-250-250 (255))
(53,63):250-250-250 (255))
(53,64):250-250-250 (255))
(53,65):250-250-250 (255))
(53,66):250-250-250 (255))
(53,67):250-250-250 (255))
(53,68):250-250-250 (255))
(53,69):250-250-250 (255))
(53,70):250-250-250 (255))
(53,71):250-250-250 (255))
(53,72):250-250-250 (255))
(53,73):250-250-250 (255))
(53,74):250-250-250 (255))
(53,75):250-250-250 (255))
(53,76):250-250-250 (255))
(53,77):250-250-250 (255))
(53,78):250-250-250 (255))
(53,79):250-250-250 (255))
(53,80):250-250-250 (255))
(53,81):250-250-250 (255))
(53,82):250-250-250 (255))
(53,83):250-250-250 (255))
(53,84):250-250-250 (255))
(53,85):250-250-250 (255))
(53,86):250-250-250 (255))
(53,87):250-250-250 (255))
(53,88):250-250-250 (255))
(53,89):250-250-250 (255))
(53,90):250-250-250 (255))
(53,91):250-250-250 (252))
(53,92):250-250-249 (255))
(53,93):250-250-250 (251))
(53,94):157-172-203 (172))
(53,95):14-1-25 (14))
(53,96):37-26-29 (26))
(53,97):216-208-213 (216))
(53,98):250-250-250 (250))
(53,99):250-250-250 (254))
(53,100):247-250-250 (252))
(53,101):245-250-250 (245))
(53,102):241-250-250 (255))
(53,103):250-250-250 (252))
(53,104):248-250-250 (253))
(53,105):250-250-250 (250))
(53,106):250-250-250 (252))
(53,107):250-250-250 (255))
(53,108):250-250-250 (254))
(53,109):250-250-250 (254))
(53,110):250-250-250 (254))
(53,111):250-250-250 (254))
(53,112):250-250-250 (255))
(53,113):250-250-250 (255))
(53,114):250-250-250 (255))
(53,115):250-250-250 (255))
(53,116):250-250-250 (254))
(53,117):250-250-250 (255))
(53,118):250-250-250 (255))
(53,119):250-250-250 (255))
(53,120):250-250-250 (255))
(53,121):250-250-250 (255))
(53,122):250-250-250 (255))
(53,123):250-250-250 (255))
(53,124):250-250-250 (255))
(53,125):250-250-250 (255))
(53,126):250-250-239 (255))
(53,127):250-223-175 (255))
(54,0):175-223-250 (255))
(54,1):239-250-250 (255))
(54,2):250-250-250 (255))
(54,3):250-250-250 (255))
(54,4):250-250-250 (255))
(54,5):250-250-250 (255))
(54,6):250-250-250 (255))
(54,7):250-250-250 (255))
(54,8):250-250-250 (255))
(54,9):250-250-250 (252))
(54,10):250-250-248 (248))
(54,11):250-247-238 (247))
(54,12):122-121-130 (130))
(54,13):0-16-28 (16))
(54,14):71-64-82 (82))
(54,15):164-149-144 (149))
(54,16):161-159-150 (150))
(54,17):151-153-154 (153))
(54,18):156-158-159 (159))
(54,19):150-152-152 (152))
(54,20):152-151-150 (150))
(54,21):160-159-158 (159))
(54,22):155-156-156 (156))
(54,23):147-149-149 (149))
(54,24):153-153-153 (153))
(54,25):159-158-157 (158))
(54,26):151-151-151 (151))
(54,27):146-148-148 (148))
(54,28):154-156-157 (157))
(54,29):155-155-154 (155))
(54,30):149-148-148 (148))
(54,31):151-152-153 (152))
(54,32):156-156-159 (159))
(54,33):152-148-150 (148))
(54,34):150-146-149 (149))
(54,35):159-158-156 (158))
(54,36):160-169-156 (156))
(54,37):152-152-164 (152))
(54,38):148-128-143 (143))
(54,39):54-51-59 (51))
(54,40):0-0-5 (5))
(54,41):66-47-60 (47))
(54,42):228-193-206 (206))
(54,43):250-250-250 (253))
(54,44):250-250-250 (252))
(54,45):249-250-250 (250))
(54,46):250-250-250 (255))
(54,47):250-250-250 (253))
(54,48):250-250-250 (254))
(54,49):250-250-250 (254))
(54,50):250-250-250 (254))
(54,51):250-250-250 (255))
(54,52):250-250-250 (255))
(54,53):250-250-250 (255))
(54,54):250-250-250 (255))
(54,55):250-250-250 (255))
(54,56):250-250-250 (255))
(54,57):250-250-250 (255))
(54,58):250-250-250 (255))
(54,59):250-250-250 (255))
(54,60):250-250-250 (255))
(54,61):250-250-250 (255))
(54,62):250-250-250 (255))
(54,63):250-250-250 (255))
(54,64):250-250-250 (255))
(54,65):250-250-250 (255))
(54,66):250-250-250 (255))
(54,67):250-250-250 (255))
(54,68):250-250-250 (255))
(54,69):250-250-250 (255))
(54,70):250-250-250 (255))
(54,71):250-250-250 (255))
(54,72):250-250-250 (255))
(54,73):250-250-250 (255))
(54,74):250-250-250 (255))
(54,75):250-250-250 (255))
(54,76):250-250-250 (255))
(54,77):250-250-250 (255))
(54,78):250-250-250 (255))
(54,79):250-250-250 (255))
(54,80):250-250-250 (255))
(54,81):250-250-250 (255))
(54,82):250-250-250 (255))
(54,83):250-250-250 (255))
(54,84):250-250-250 (255))
(54,85):250-250-250 (255))
(54,86):250-250-250 (255))
(54,87):250-250-250 (255))
(54,88):250-250-250 (252))
(54,89):250-250-250 (254))
(54,90):250-250-250 (255))
(54,91):250-250-250 (255))
(54,92):250-250-250 (255))
(54,93):250-250-250 (255))
(54,94):132-150-180 (180))
(54,95):0-12-18 (12))
(54,96):17-13-30 (30))
(54,97):199-184-167 (184))
(54,98):250-250-250 (251))
(54,99):250-250-250 (251))
(54,100):250-250-250 (250))
(54,101):250-250-250 (254))
(54,102):250-250-250 (254))
(54,103):250-250-250 (253))
(54,104):250-250-250 (254))
(54,105):250-250-250 (255))
(54,106):250-250-250 (255))
(54,107):250-250-250 (253))
(54,108):250-250-250 (254))
(54,109):250-250-250 (254))
(54,110):250-250-250 (255))
(54,111):250-250-250 (255))
(54,112):250-250-250 (254))
(54,113):250-250-250 (255))
(54,114):250-250-250 (255))
(54,115):250-250-250 (254))
(54,116):250-250-250 (254))
(54,117):250-250-250 (255))
(54,118):250-250-250 (255))
(54,119):250-250-250 (255))
(54,120):250-250-250 (255))
(54,121):250-250-250 (255))
(54,122):250-250-250 (255))
(54,123):250-250-250 (255))
(54,124):250-250-250 (255))
(54,125):250-250-250 (255))
(54,126):250-250-250 (255))
(54,127):250-250-223 (255))
(55,0):223-250-250 (255))
(55,1):250-250-250 (255))
(55,2):250-250-250 (255))
(55,3):250-250-250 (255))
(55,4):250-250-250 (254))
(55,5):250-250-250 (254))
(55,6):250-250-250 (253))
(55,7):250-250-250 (253))
(55,8):250-250-250 (253))
(55,9):250-250-250 (255))
(55,10):250-250-247 (251))
(55,11):250-250-250 (252))
(55,12):191-217-219 (217))
(55,13):58-51-43 (58))
(55,14):27-22-16 (22))
(55,15):134-113-124 (134))
(55,16):169-153-154 (153))
(55,17):155-159-157 (155))
(55,18):158-160-159 (160))
(55,19):151-151-150 (151))
(55,20):148-149-146 (149))
(55,21):158-158-155 (158))
(55,22):155-156-156 (156))
(55,23):149-149-150 (149))
(55,24):153-153-152 (153))
(55,25):158-157-154 (158))
(55,26):151-151-150 (151))
(55,27):148-148-150 (148))
(55,28):156-157-159 (157))
(55,29):155-154-154 (155))
(55,30):148-148-145 (148))
(55,31):152-151-152 (152))
(55,32):157-156-160 (156))
(55,33):153-151-158 (153))
(55,34):145-147-160 (147))
(55,35):159-179-172 (159))
(55,36):166-162-152 (162))
(55,37):113-99-116 (113))
(55,38):35-33-37 (33))
(55,39):9-0-0 (9))
(55,40):78-70-78 (70))
(55,41):204-191-223 (204))
(55,42):250-250-250 (250))
(55,43):250-250-250 (253))
(55,44):250-250-250 (253))
(55,45):250-250-250 (252))
(55,46):249-250-250 (254))
(55,47):250-250-250 (252))
(55,48):250-250-250 (254))
(55,49):250-250-250 (254))
(55,50):250-250-250 (254))
(55,51):250-250-250 (254))
(55,52):250-250-250 (255))
(55,53):250-250-250 (255))
(55,54):250-250-250 (255))
(55,55):250-250-250 (255))
(55,56):250-250-250 (255))
(55,57):250-250-250 (255))
(55,58):250-250-250 (255))
(55,59):250-250-250 (255))
(55,60):250-250-250 (255))
(55,61):250-250-250 (255))
(55,62):250-250-250 (255))
(55,63):250-250-250 (255))
(55,64):250-250-250 (255))
(55,65):250-250-250 (255))
(55,66):250-250-250 (255))
(55,67):250-250-250 (255))
(55,68):250-250-250 (255))
(55,69):250-250-250 (255))
(55,70):250-250-250 (255))
(55,71):250-250-250 (255))
(55,72):250-250-250 (255))
(55,73):250-250-250 (255))
(55,74):250-250-250 (255))
(55,75):250-250-250 (255))
(55,76):250-250-250 (255))
(55,77):250-250-250 (255))
(55,78):250-250-250 (255))
(55,79):250-250-250 (255))
(55,80):250-250-250 (255))
(55,81):250-250-250 (255))
(55,82):250-250-250 (255))
(55,83):250-250-250 (255))
(55,84):250-250-250 (255))
(55,85):250-250-250 (255))
(55,86):250-250-250 (255))
(55,87):250-250-250 (255))
(55,88):250-250-250 (255))
(55,89):250-250-250 (253))
(55,90):250-250-250 (255))
(55,91):250-250-250 (255))
(55,92):250-250-247 (252))
(55,93):250-250-250 (253))
(55,94):147-161-195 (161))
(55,95):7-0-7 (7))
(55,96):0-8-0 (8))
(55,97):96-109-100 (96))
(55,98):220-243-250 (243))
(55,99):250-250-250 (254))
(55,100):250-250-250 (255))
(55,101):250-250-250 (252))
(55,102):250-250-250 (252))
(55,103):250-250-250 (254))
(55,104):250-250-250 (255))
(55,105):250-250-250 (255))
(55,106):250-250-250 (254))
(55,107):250-250-250 (255))
(55,108):250-250-250 (255))
(55,109):250-250-250 (254))
(55,110):250-250-250 (255))
(55,111):250-250-250 (254))
(55,112):250-250-250 (255))
(55,113):250-250-250 (255))
(55,114):250-250-250 (255))
(55,115):250-250-250 (255))
(55,116):250-250-250 (255))
(55,117):250-250-250 (255))
(55,118):250-250-250 (255))
(55,119):250-250-250 (255))
(55,120):250-250-250 (255))
(55,121):250-250-250 (255))
(55,122):250-250-250 (255))
(55,123):250-250-250 (255))
(55,124):250-250-250 (255))
(55,125):250-250-250 (255))
(55,126):250-250-239 (255))
(55,127):250-223-175 (255))
(56,0):175-223-250 (255))
(56,1):239-250-250 (255))
(56,2):250-250-250 (255))
(56,3):250-250-250 (255))
(56,4):250-250-250 (255))
(56,5):250-250-250 (255))
(56,6):250-250-250 (255))
(56,7):250-250-250 (255))
(56,8):250-250-250 (252))
(56,9):250-250-250 (255))
(56,10):250-250-250 (253))
(56,11):250-250-250 (253))
(56,12):250-250-246 (246))
(56,13):151-152-136 (152))
(56,14):7-3-20 (20))
(56,15):75-62-48 (62))
(56,16):153-147-144 (144))
(56,17):155-158-165 (158))
(56,18):155-159-156 (156))
(56,19):152-153-150 (153))
(56,20):151-149-148 (148))
(56,21):161-160-158 (160))
(56,22):155-155-156 (156))
(56,23):146-147-148 (147))
(56,24):152-151-152 (152))
(56,25):160-158-157 (158))
(56,26):150-150-150 (150))
(56,27):145-147-148 (147))
(56,28):156-156-158 (158))
(56,29):159-155-154 (155))
(56,30):157-153-148 (148))
(56,31):160-153-150 (153))
(56,32):171-169-159 (159))
(56,33):168-149-156 (149))
(56,34):157-158-157 (157))
(56,35):127-155-159 (155))
(56,36):83-81-84 (84))
(56,37):13-8-0 (8))
(56,38):0-0-15 (15))
(56,39):95-87-89 (87))
(56,40):237-205-211 (211))
(56,41):250-250-250 (252))
(56,42):250-250-250 (250))
(56,43):250-250-250 (253))
(56,44):250-250-250 (251))
(56,45):244-250-250 (251))
(56,46):248-249-249 (249))
(56,47):250-250-250 (252))
(56,48):250-250-250 (254))
(56,49):250-250-250 (252))
(56,50):250-250-250 (255))
(56,51):250-250-250 (254))
(56,52):250-250-250 (253))
(56,53):250-250-250 (255))
(56,54):250-250-250 (252))
(56,55):250-250-250 (255))
(56,56):250-250-250 (255))
(56,57):250-250-250 (254))
(56,58):250-250-250 (255))
(56,59):250-250-250 (254))
(56,60):250-250-250 (255))
(56,61):250-250-250 (254))
(56,62):250-250-250 (255))
(56,63):250-250-250 (254))
(56,64):250-250-250 (254))
(56,65):250-250-250 (255))
(56,66):250-250-250 (255))
(56,67):250-250-250 (253))
(56,68):250-250-250 (254))
(56,69):250-250-250 (255))
(56,70):250-250-250 (253))
(56,71):250-250-250 (255))
(56,72):250-250-250 (255))
(56,73):250-250-250 (253))
(56,74):250-250-250 (255))
(56,75):250-250-250 (255))
(56,76):250-250-250 (255))
(56,77):250-250-250 (253))
(56,78):250-250-250 (255))
(56,79):250-250-250 (254))
(56,80):250-250-250 (255))
(56,81):250-250-250 (255))
(56,82):250-250-250 (255))
(56,83):250-250-250 (255))
(56,84):250-250-250 (255))
(56,85):250-250-250 (253))
(56,86):250-250-250 (253))
(56,87):250-250-250 (255))
(56,88):250-250-250 (255))
(56,89):250-250-250 (254))
(56,90):250-250-250 (255))
(56,91):250-250-250 (255))
(56,92):250-250-250 (255))
(56,93):250-250-250 (254))
(56,94):232-221-236 (236))
(56,95):103-95-97 (95))
(56,96):0-0-5 (5))
(56,97):24-50-63 (50))
(56,98):141-161-187 (187))
(56,99):189-230-250 (230))
(56,100):248-250-250 (252))
(56,101):250-250-250 (255))
(56,102):250-250-250 (252))
(56,103):250-250-250 (254))
(56,104):250-250-250 (255))
(56,105):250-250-250 (255))
(56,106):250-250-250 (255))
(56,107):250-250-250 (255))
(56,108):250-250-250 (255))
(56,109):250-250-250 (255))
(56,110):250-250-250 (255))
(56,111):250-250-250 (255))
(56,112):250-250-250 (255))
(56,113):250-250-250 (255))
(56,114):250-250-250 (255))
(56,115):250-250-250 (255))
(56,116):250-250-250 (255))
(56,117):250-250-250 (255))
(56,118):250-250-250 (255))
(56,119):250-250-250 (255))
(56,120):250-250-250 (255))
(56,121):250-250-250 (255))
(56,122):250-250-250 (255))
(56,123):250-250-250 (255))
(56,124):250-250-250 (255))
(56,125):250-250-250 (255))
(56,126):250-250-250 (255))
(56,127):250-250-223 (255))
(57,0):223-250-250 (255))
(57,1):250-250-250 (255))
(57,2):250-250-250 (255))
(57,3):250-250-250 (255))
(57,4):250-250-250 (255))
(57,5):250-250-250 (255))
(57,6):250-250-250 (255))
(57,7):250-250-250 (255))
(57,8):250-250-250 (255))
(57,9):250-250-250 (253))
(57,10):250-250-250 (254))
(57,11):250-250-250 (251))
(57,12):250-250-250 (255))
(57,13):218-212-220 (218))
(57,14):65-53-51 (53))
(57,15):31-0-0 (31))
(57,16):108-124-123 (124))
(57,17):155-176-177 (155))
(57,18):159-161-173 (161))
(57,19):153-162-167 (153))
(57,20):143-146-152 (146))
(57,21):158-162-164 (158))
(57,22):152-156-162 (156))
(57,23):149-154-159 (149))
(57,24):147-150-160 (150))
(57,25):160-168-174 (160))
(57,26):147-152-165 (152))
(57,27):147-160-170 (147))
(57,28):150-155-177 (155))
(57,29):157-168-172 (157))
(57,30):153-149-154 (149))
(57,31):152-153-139 (152))
(57,32):173-154-131 (154))
(57,33):131-104-104 (131))
(57,34):82-73-58 (73))
(57,35):21-22-12 (21))
(57,36):0-8-6 (8))
(57,37):51-53-34 (51))
(57,38):163-159-145 (159))
(57,39):244-239-250 (244))
(57,40):250-250-250 (252))
(57,41):250-250-250 (252))
(57,42):250-250-250 (250))
(57,43):249-250-245 (249))
(57,44):215-230-227 (230))
(57,45):182-194-194 (182))
(57,46):189-192-205 (192))
(57,47):238-233-241 (238))
(57,48):250-250-250 (250))
(57,49):250-250-250 (255))
(57,50):250-249-250 (249))
(57,51):250-250-250 (254))
(57,52):250-250-250 (254))
(57,53):250-250-250 (251))
(57,54):250-250-250 (255))
(57,55):250-250-250 (253))
(57,56):250-250-250 (255))
(57,57):250-250-250 (254))
(57,58):250-250-250 (255))
(57,59):250-250-250 (253))
(57,60):250-250-250 (255))
(57,61):250-250-250 (252))
(57,62):250-250-250 (255))
(57,63):250-250-250 (255))
(57,64):250-250-250 (255))
(57,65):250-250-250 (255))
(57,66):250-250-250 (255))
(57,67):250-250-250 (255))
(57,68):250-250-250 (255))
(57,69):250-250-250 (255))
(57,70):250-250-250 (254))
(57,71):250-250-250 (254))
(57,72):250-250-250 (255))
(57,73):250-250-250 (252))
(57,74):250-250-250 (255))
(57,75):250-250-250 (255))
(57,76):250-250-250 (253))
(57,77):250-250-250 (255))
(57,78):250-250-250 (255))
(57,79):250-250-250 (255))
(57,80):250-250-250 (255))
(57,81):250-250-250 (255))
(57,82):248-250-250 (254))
(57,83):250-250-250 (254))
(57,84):247-250-250 (255))
(57,85):250-250-250 (255))
(57,86):244-250-250 (254))
(57,87):250-250-250 (253))
(57,88):242-250-250 (253))
(57,89):250-250-250 (255))
(57,90):244-250-250 (255))
(57,91):250-250-250 (255))
(57,92):250-250-250 (254))
(57,93):250-250-250 (252))
(57,94):250-250-250 (250))
(57,95):229-213-250 (229))
(57,96):79-65-79 (65))
(57,97):3-0-0 (3))
(57,98):0-11-29 (11))
(57,99):42-67-62 (42))
(57,100):168-200-178 (200))
(57,101):250-250-250 (255))
(57,102):250-249-250 (249))
(57,103):250-250-250 (255))
(57,104):250-250-250 (255))
(57,105):250-250-250 (255))
(57,106):250-250-250 (255))
(57,107):250-250-250 (255))
(57,108):250-250-250 (255))
(57,109):250-250-250 (255))
(57,110):250-250-250 (255))
(57,111):250-250-250 (255))
(57,112):250-250-250 (255))
(57,113):250-250-250 (255))
(57,114):250-250-250 (255))
(57,115):250-250-250 (255))
(57,116):250-250-250 (255))
(57,117):250-250-250 (255))
(57,118):250-250-250 (255))
(57,119):250-250-250 (255))
(57,120):250-250-250 (255))
(57,121):250-250-250 (255))
(57,122):250-250-250 (255))
(57,123):250-250-250 (255))
(57,124):250-250-250 (255))
(57,125):250-250-250 (255))
(57,126):250-250-239 (255))
(57,127):250-223-175 (255))
(58,0):175-223-250 (255))
(58,1):239-250-250 (255))
(58,2):250-250-250 (255))
(58,3):250-250-250 (255))
(58,4):250-250-250 (255))
(58,5):250-250-250 (255))
(58,6):250-250-250 (255))
(58,7):250-250-250 (255))
(58,8):250-250-250 (253))
(58,9):250-250-250 (255))
(58,10):250-250-250 (255))
(58,11):250-250-250 (255))
(58,12):250-250-250 (251))
(58,13):250-250-250 (250))
(58,14):164-142-155 (155))
(58,15):26-20-36 (20))
(58,16):9-26-63 (63))
(58,17):105-139-149 (139))
(58,18):135-149-161 (161))
(58,19):142-154-173 (154))
(58,20):139-146-151 (151))
(58,21):166-160-167 (160))
(58,22):156-160-159 (159))
(58,23):160-154-163 (154))
(58,24):146-151-157 (157))
(58,25):154-158-175 (158))
(58,26):119-137-155 (155))
(58,27):117-142-174 (142))
(58,28):92-115-152 (152))
(58,29):94-130-161 (130))
(58,30):64-80-108 (108))
(58,31):60-90-88 (90))
(58,32):42-33-39 (39))
(58,33):35-11-0 (11))
(58,34):9-21-14 (14))
(58,35):0-7-0 (7))
(58,36):17-23-24 (24))
(58,37):170-197-181 (197))
(58,38):250-250-250 (251))
(58,39):250-250-250 (252))
(58,40):250-250-250 (252))
(58,41):248-244-249 (244))
(58,42):250-250-250 (252))
(58,43):250-237-228 (237))
(58,44):145-145-146 (146))
(58,45):90-111-110 (111))
(58,46):128-128-142 (142))
(58,47):203-189-200 (189))
(58,48):250-241-242 (242))
(58,49):250-250-250 (252))
(58,50):250-250-250 (255))
(58,51):250-250-250 (252))
(58,52):250-250-250 (255))
(58,53):250-250-250 (255))
(58,54):250-250-250 (253))
(58,55):250-250-250 (253))
(58,56):250-250-250 (255))
(58,57):250-250-250 (255))
(58,58):250-250-250 (255))
(58,59):250-250-250 (255))
(58,60):250-250-250 (255))
(58,61):250-250-250 (255))
(58,62):250-250-250 (255))
(58,63):250-250-250 (255))
(58,64):250-250-250 (253))
(58,65):250-250-250 (255))
(58,66):250-250-250 (255))
(58,67):250-250-250 (254))
(58,68):250-250-250 (253))
(58,69):250-250-250 (253))
(58,70):250-250-250 (255))
(58,71):250-250-250 (255))
(58,72):250-250-250 (252))
(58,73):250-250-247 (255))
(58,74):250-250-250 (253))
(58,75):250-250-245 (253))
(58,76):250-250-250 (255))
(58,77):250-250-247 (254))
(58,78):250-250-250 (255))
(58,79):250-250-250 (252))
(58,80):250-250-250 (253))
(58,81):250-250-250 (255))
(58,82):250-250-250 (255))
(58,83):249-250-250 (253))
(58,84):225-244-250 (253))
(58,85):243-250-250 (253))
(58,86):209-237-250 (253))
(58,87):232-250-250 (255))
(58,88):181-215-249 (249))
(58,89):206-238-250 (238))
(58,90):191-217-246 (246))
(58,91):225-247-250 (247))
(58,92):245-250-250 (255))
(58,93):250-250-250 (254))
(58,94):250-250-250 (254))
(58,95):250-244-250 (244))
(58,96):250-214-228 (228))
(58,97):109-101-114 (101))
(58,98):0-0-14 (14))
(58,99):0-7-0 (7))
(58,100):45-75-65 (65))
(58,101):191-218-196 (218))
(58,102):250-250-250 (255))
(58,103):250-250-250 (251))
(58,104):250-250-250 (255))
(58,105):250-250-250 (255))
(58,106):250-250-250 (255))
(58,107):250-250-250 (255))
(58,108):250-250-250 (255))
(58,109):250-250-250 (255))
(58,110):250-250-250 (255))
(58,111):250-250-250 (255))
(58,112):250-250-250 (255))
(58,113):250-250-250 (255))
(58,114):250-250-250 (255))
(58,115):250-250-250 (255))
(58,116):250-250-250 (255))
(58,117):250-250-250 (255))
(58,118):250-250-250 (255))
(58,119):250-250-250 (255))
(58,120):250-250-250 (255))
(58,121):250-250-250 (255))
(58,122):250-250-250 (255))
(58,123):250-250-250 (255))
(58,124):250-250-250 (255))
(58,125):250-250-250 (255))
(58,126):250-250-250 (255))
(58,127):250-250-223 (255))
(59,0):223-250-250 (255))
(59,1):250-250-250 (255))
(59,2):250-250-250 (255))
(59,3):250-250-250 (255))
(59,4):250-250-250 (255))
(59,5):250-250-250 (255))
(59,6):250-250-250 (255))
(59,7):250-250-250 (255))
(59,8):250-250-250 (255))
(59,9):250-250-250 (253))
(59,10):250-250-250 (254))
(59,11):250-250-250 (252))
(59,12):250-250-250 (254))
(59,13):250-250-250 (250))
(59,14):226-233-234 (233))
(59,15):137-131-168 (137))
(59,16):23-34-62 (34))
(59,17):33-34-44 (33))
(59,18):36-60-60 (60))
(59,19):75-65-72 (75))
(59,20):96-87-65 (87))
(59,21):113-83-77 (113))
(59,22):133-109-80 (109))
(59,23):111-80-74 (111))
(59,24):100-85-64 (85))
(59,25):76-55-61 (76))
(59,26):44-55-49 (55))
(59,27):33-35-68 (33))
(59,28):0-18-48 (18))
(59,29):7-28-72 (7))
(59,30):0-12-42 (12))
(59,31):29-44-69 (29))
(59,32):49-64-70 (64))
(59,33):135-140-147 (135))
(59,34):180-193-167 (193))
(59,35):47-46-35 (47))
(59,36):1-10-1 (10))
(59,37):142-156-158 (142))
(59,38):243-247-250 (247))
(59,39):250-250-250 (250))
(59,40):250-249-249 (249))
(59,41):250-250-250 (255))
(59,42):250-250-250 (250))
(59,43):196-182-201 (196))
(59,44):40-35-31 (35))
(59,45):2-0-0 (2))
(59,46):50-66-57 (66))
(59,47):159-154-154 (159))
(59,48):213-199-198 (199))
(59,49):247-248-250 (247))
(59,50):250-249-250 (249))
(59,51):250-250-250 (250))
(59,52):250-250-250 (252))
(59,53):250-250-250 (255))
(59,54):250-250-250 (254))
(59,55):250-250-250 (255))
(59,56):250-250-250 (255))
(59,57):250-250-250 (255))
(59,58):250-250-250 (254))
(59,59):250-250-250 (253))
(59,60):250-250-250 (255))
(59,61):250-250-250 (255))
(59,62):250-250-250 (255))
(59,63):250-250-250 (254))
(59,64):250-250-250 (255))
(59,65):250-250-250 (254))
(59,66):250-250-250 (254))
(59,67):250-250-250 (255))
(59,68):250-250-250 (255))
(59,69):250-250-250 (254))
(59,70):245-250-250 (255))
(59,71):250-250-250 (254))
(59,72):250-250-250 (255))
(59,73):250-250-250 (255))
(59,74):250-250-250 (255))
(59,75):250-248-230 (253))
(59,76):250-246-222 (246))
(59,77):214-188-154 (214))
(59,78):239-210-173 (210))
(59,79):193-156-123 (193))
(59,80):214-181-147 (181))
(59,81):180-144-121 (180))
(59,82):182-163-128 (163))
(59,83):136-113-100 (136))
(59,84):122-121-107 (121))
(59,85):114-101-110 (114))
(59,86):85-98-90 (98))
(59,87):80-80-108 (80))
(59,88):14-46-62 (46))
(59,89):33-40-57 (33))
(59,90):0-27-38 (27))
(59,91):70-80-91 (70))
(59,92):168-185-167 (185))
(59,93):249-250-250 (249))
(59,94):250-250-250 (250))
(59,95):250-250-250 (255))
(59,96):250-250-250 (253))
(59,97):248-250-250 (248))
(59,98):130-126-146 (126))
(59,99):16-17-16 (16))
(59,100):0-6-0 (6))
(59,101):66-80-69 (66))
(59,102):206-228-230 (228))
(59,103):250-250-250 (255))
(59,104):250-250-250 (254))
(59,105):250-250-250 (254))
(59,106):250-250-250 (254))
(59,107):250-250-250 (254))
(59,108):250-250-250 (255))
(59,109):250-250-250 (255))
(59,110):250-250-250 (255))
(59,111):250-250-250 (255))
(59,112):250-250-250 (255))
(59,113):250-250-250 (255))
(59,114):250-250-250 (255))
(59,115):250-250-250 (255))
(59,116):250-250-250 (255))
(59,117):250-250-250 (255))
(59,118):250-250-250 (255))
(59,119):250-250-250 (255))
(59,120):250-250-250 (255))
(59,121):250-250-250 (255))
(59,122):250-250-250 (255))
(59,123):250-250-250 (255))
(59,124):250-250-250 (255))
(59,125):250-250-250 (255))
(59,126):250-250-239 (255))
(59,127):250-223-175 (255))
(60,0):175-223-250 (255))
(60,1):239-250-250 (255))
(60,2):250-250-250 (255))
(60,3):250-250-250 (255))
(60,4):250-250-250 (255))
(60,5):250-250-250 (255))
(60,6):250-250-250 (255))
(60,7):250-250-250 (255))
(60,8):250-250-250 (255))
(60,9):250-250-250 (255))
(60,10):250-250-250 (252))
(60,11):250-250-250 (252))
(60,12):250-250-250 (255))
(60,13):250-250-250 (251))
(60,14):250-250-250 (255))
(60,15):244-248-250 (248))
(60,16):205-195-216 (216))
(60,17):134-151-162 (151))
(60,18):102-103-105 (105))
(60,19):96-85-55 (85))
(60,20):111-77-60 (60))
(60,21):79-47-5 (47))
(60,22):113-65-43 (43))
(60,23):73-41-0 (41))
(60,24):103-60-44 (44))
(60,25):69-48-17 (48))
(60,26):95-76-76 (76))
(60,27):102-105-105 (105))
(60,28):124-129-155 (155))
(60,29):145-175-206 (175))
(60,30):148-174-208 (208))
(60,31):193-227-250 (227))
(60,32):213-230-245 (245))
(60,33):243-250-250 (254))
(60,34):204-240-232 (232))
(60,35):52-63-62 (63))
(60,36):0-0-3 (3))
(60,37):87-91-90 (91))
(60,38):220-234-236 (236))
(60,39):244-250-250 (251))
(60,40):250-250-249 (249))
(60,41):248-249-250 (249))
(60,42):218-219-226 (226))
(60,43):91-91-97 (91))
(60,44):0-0-4 (4))
(60,45):0-5-0 (5))
(60,46):17-23-21 (21))
(60,47):138-131-107 (131))
(60,48):175-180-166 (166))
(60,49):226-226-225 (226))
(60,50):250-250-250 (255))
(60,51):249-250-250 (251))
(60,52):250-250-250 (253))
(60,53):250-250-250 (253))
(60,54):250-250-250 (255))
(60,55):250-250-250 (253))
(60,56):250-250-250 (254))
(60,57):250-250-250 (255))
(60,58):250-250-250 (255))
(60,59):250-250-250 (255))
(60,60):250-250-250 (254))
(60,61):250-250-250 (255))
(60,62):250-250-250 (255))
(60,63):250-250-246 (255))
(60,64):250-250-250 (255))
(60,65):250-250-243 (252))
(60,66):250-250-250 (255))
(60,67):250-250-250 (254))
(60,68):250-250-250 (254))
(60,69):250-250-250 (250))
(60,70):211-235-249 (249))
(60,71):201-241-250 (241))
(60,72):146-175-211 (211))
(60,73):138-171-206 (171))
(60,74):112-122-154 (154))
(60,75):86-109-109 (109))
(60,76):75-59-64 (64))
(60,77):42-26-0 (26))
(60,78):78-34-15 (15))
(60,79):41-11-0 (11))
(60,80):100-38-14 (14))
(60,81):47-14-0 (14))
(60,82):98-49-21 (21))
(60,83):58-38-0 (38))
(60,84):112-69-56 (56))
(60,85):78-67-34 (67))
(60,86):108-82-78 (78))
(60,87):89-90-75 (90))
(60,88):119-102-104 (104))
(60,89):92-110-89 (110))
(60,90):0-4-21 (21))
(60,91):0-4-0 (4))
(60,92):28-54-55 (55))
(60,93):175-199-190 (199))
(60,94):250-250-250 (252))
(60,95):250-248-250 (248))
(60,96):250-250-250 (250))
(60,97):250-250-250 (255))
(60,98):250-250-250 (251))
(60,99):83-109-122 (109))
(60,100):0-0-1 (1))
(60,101):0-31-41 (31))
(60,102):164-190-198 (198))
(60,103):246-250-250 (253))
(60,104):250-250-250 (252))
(60,105):250-250-250 (252))
(60,106):250-250-250 (253))
(60,107):250-250-250 (253))
(60,108):250-250-250 (254))
(60,109):250-250-250 (255))
(60,110):250-250-250 (255))
(60,111):250-250-250 (255))
(60,112):250-250-250 (255))
(60,113):250-250-250 (255))
(60,114):250-250-250 (255))
(60,115):250-250-250 (255))
(60,116):250-250-250 (255))
(60,117):250-250-250 (255))
(60,118):250-250-250 (255))
(60,119):250-250-250 (255))
(60,120):250-250-250 (255))
(60,121):250-250-250 (255))
(60,122):250-250-250 (255))
(60,123):250-250-250 (255))
(60,124):250-250-250 (255))
(60,125):250-250-250 (255))
(60,126):250-250-250 (255))
(60,127):250-250-223 (255))
(61,0):223-250-250 (255))
(61,1):250-250-250 (255))
(61,2):250-250-250 (255))
(61,3):250-250-250 (255))
(61,4):250-250-250 (255))
(61,5):250-250-250 (255))
(61,6):250-250-250 (255))
(61,7):250-250-250 (254))
(61,8):250-250-250 (250))
(61,9):250-250-250 (255))
(61,10):250-250-250 (255))
(61,11):250-250-250 (255))
(61,12):250-250-250 (255))
(61,13):250-250-250 (252))
(61,14):250-250-250 (255))
(61,15):250-250-250 (255))
(61,16):250-250-250 (254))
(61,17):250-250-248 (254))
(61,18):250-250-235 (253))
(61,19):250-231-200 (250))
(61,20):250-247-219 (247))
(61,21):244-210-174 (244))
(61,22):250-239-210 (239))
(61,23):244-209-171 (244))
(61,24):250-246-216 (246))
(61,25):247-219-186 (247))
(61,26):250-250-232 (250))
(61,27):250-244-228 (255))
(61,28):250-250-250 (255))
(61,29):250-250-250 (254))
(61,30):249-250-250 (251))
(61,31):250-250-250 (253))
(61,32):246-250-250 (255))
(61,33):250-250-250 (253))
(61,34):225-241-250 (241))
(61,35):67-63-73 (67))
(61,36):0-2-0 (2))
(61,37):61-63-70 (61))
(61,38):210-230-250 (230))
(61,39):250-250-250 (254))
(61,40):250-250-248 (255))
(61,41):250-250-250 (252))
(61,42):188-204-229 (204))
(61,43):43-49-49 (43))
(61,44):0-4-0 (4))
(61,45):0-0-0 (0))
(61,46):12-9-0 (9))
(61,47):86-80-75 (86))
(61,48):144-151-154 (151))
(61,49):187-203-196 (187))
(61,50):230-238-236 (238))
(61,51):248-250-250 (248))
(61,52):250-250-250 (255))
(61,53):250-250-250 (254))
(61,54):250-250-250 (255))
(61,55):250-250-250 (255))
(61,56):250-250-250 (253))
(61,57):250-250-250 (255))
(61,58):250-250-250 (255))
(61,59):250-250-250 (255))
(61,60):248-250-250 (255))
(61,61):250-250-250 (255))
(61,62):250-250-250 (254))
(61,63):250-237-216 (252))
(61,64):250-244-218 (244))
(61,65):243-209-175 (243))
(61,66):250-235-192 (235))
(61,67):202-169-137 (202))
(61,68):197-173-138 (173))
(61,69):133-107-107 (133))
(61,70):66-81-74 (81))
(61,71):35-44-68 (35))
(61,72):0-13-42 (13))
(61,73):12-34-84 (12))
(61,74):0-17-47 (17))
(61,75):25-37-68 (25))
(61,76):44-64-65 (64))
(61,77):117-97-104 (117))
(61,78):175-154-119 (154))
(61,79):182-146-124 (182))
(61,80):228-191-155 (191))
(61,81):210-170-132 (210))
(61,82):250-229-185 (229))
(61,83):239-205-166 (239))
(61,84):250-245-215 (245))
(61,85):250-221-185 (250))
(61,86):250-250-227 (253))
(61,87):250-236-206 (255))
(61,88):250-250-236 (255))
(61,89):248-248-235 (248))
(61,90):155-159-148 (159))
(61,91):24-16-0 (24))
(61,92):0-2-0 (2))
(61,93):32-23-0 (32))
(61,94):142-142-123 (142))
(61,95):199-182-172 (199))
(61,96):240-208-172 (208))
(61,97):187-172-152 (187))
(61,98):171-165-159 (165))
(61,99):62-45-42 (62))
(61,100):0-4-0 (4))
(61,101):58-68-60 (58))
(61,102):206-233-233 (233))
(61,103):250-250-250 (252))
(61,104):250-250-250 (251))
(61,105):250-250-250 (251))
(61,106):250-250-250 (252))
(61,107):250-250-250 (253))
(61,108):250-250-250 (254))
(61,109):250-250-250 (254))
(61,110):250-250-250 (255))
(61,111):250-250-250 (255))
(61,112):250-250-250 (255))
(61,113):250-250-250 (255))
(61,114):250-250-250 (255))
(61,115):250-250-250 (255))
(61,116):250-250-250 (255))
(61,117):250-250-250 (255))
(61,118):250-250-250 (255))
(61,119):250-250-250 (255))
(61,120):250-250-250 (255))
(61,121):250-250-250 (255))
(61,122):250-250-250 (255))
(61,123):250-250-250 (255))
(61,124):250-250-250 (255))
(61,125):250-250-250 (255))
(61,126):250-250-239 (255))
(61,127):250-223-175 (255))
(62,0):175-223-250 (255))
(62,1):239-250-250 (255))
(62,2):250-250-250 (255))
(62,3):250-250-250 (255))
(62,4):250-250-250 (255))
(62,5):250-250-250 (255))
(62,6):250-250-250 (255))
(62,7):250-250-250 (255))
(62,8):250-250-250 (255))
(62,9):250-250-250 (254))
(62,10):250-250-250 (255))
(62,11):250-249-250 (249))
(62,12):250-250-250 (255))
(62,13):250-250-250 (255))
(62,14):250-250-249 (249))
(62,15):250-250-250 (255))
(62,16):250-250-250 (252))
(62,17):250-250-245 (255))
(62,18):250-250-250 (252))
(62,19):250-250-244 (255))
(62,20):250-250-250 (254))
(62,21):250-250-243 (252))
(62,22):250-250-250 (255))
(62,23):250-250-242 (251))
(62,24):250-250-250 (253))
(62,25):250-250-242 (253))
(62,26):250-250-250 (255))
(62,27):250-250-243 (251))
(62,28):250-250-250 (253))
(62,29):250-250-248 (252))
(62,30):250-250-250 (255))
(62,31):250-250-250 (255))
(62,32):250-250-250 (254))
(62,33):246-250-250 (255))
(62,34):225-233-243 (243))
(62,35):71-72-85 (72))
(62,36):0-0-1 (1))
(62,37):17-40-55 (40))
(62,38):192-192-207 (207))
(62,39):250-250-250 (252))
(62,40):250-250-250 (250))
(62,41):250-250-250 (255))
(62,42):230-237-228 (228))
(62,43):56-74-83 (74))
(62,44):0-0-4 (4))
(62,45):0-1-0 (1))
(62,46):0-0-6 (6))
(62,47):33-32-46 (32))
(62,48):107-98-113 (113))
(62,49):148-160-167 (160))
(62,50):178-197-193 (193))
(62,51):236-245-240 (245))
(62,52):250-250-250 (252))
(62,53):250-250-250 (252))
(62,54):250-250-250 (254))
(62,55):250-250-250 (255))
(62,56):250-250-250 (255))
(62,57):250-250-249 (254))
(62,58):250-250-249 (249))
(62,59):239-250-250 (252))
(62,60):208-221-238 (238))
(62,61):166-199-219 (199))
(62,62):102-114-133 (133))
(62,63):72-82-71 (82))
(62,64):69-46-49 (49))
(62,65):45-27-0 (27))
(62,66):92-51-25 (25))
(62,67):41-16-0 (16))
(62,68):83-34-14 (14))
(62,69):43-14-0 (14))
(62,70):72-49-49 (49))
(62,71):84-98-91 (98))
(62,72):114-123-149 (149))
(62,73):154-195-221 (195))
(62,74):145-179-213 (213))
(62,75):188-226-250 (226))
(62,76):197-222-243 (243))
(62,77):245-250-250 (250))
(62,78):246-250-250 (251))
(62,79):250-250-250 (253))
(62,80):250-250-250 (252))
(62,81):250-250-250 (255))
(62,82):250-250-250 (255))
(62,83):250-250-246 (255))
(62,84):250-250-250 (255))
(62,85):250-250-243 (254))
(62,86):250-250-250 (252))
(62,87):250-250-239 (253))
(62,88):250-250-250 (250))
(62,89):250-250-250 (254))
(62,90):250-250-245 (245))
(62,91):138-155-142 (155))
(62,92):45-50-40 (40))
(62,93):0-9-0 (9))
(62,94):18-3-1 (1))
(62,95):20-15-0 (15))
(62,96):57-17-9 (9))
(62,97):9-0-0 (0))
(62,98):37-18-6 (6))
(62,99):51-24-0 (24))
(62,100):121-101-91 (91))
(62,101):170-204-189 (204))
(62,102):242-250-250 (250))
(62,103):249-249-250 (249))
(62,104):250-250-250 (252))
(62,105):250-250-250 (252))
(62,106):250-250-250 (253))
(62,107):250-250-250 (253))
(62,108):250-250-250 (254))
(62,109):250-250-250 (254))
(62,110):250-250-250 (255))
(62,111):250-250-250 (255))
(62,112):250-250-250 (255))
(62,113):250-250-250 (255))
(62,114):250-250-250 (255))
(62,115):250-250-250 (255))
(62,116):250-250-250 (255))
(62,117):250-250-250 (255))
(62,118):250-250-250 (255))
(62,119):250-250-250 (255))
(62,120):250-250-250 (255))
(62,121):250-250-250 (255))
(62,122):250-250-250 (255))
(62,123):250-250-250 (255))
(62,124):250-250-250 (255))
(62,125):250-250-250 (255))
(62,126):250-250-250 (255))
(62,127):250-250-223 (255))
(63,0):223-250-250 (255))
(63,1):250-250-250 (255))
(63,2):250-250-250 (255))
(63,3):250-250-250 (255))
(63,4):250-250-250 (255))
(63,5):250-250-250 (255))
(63,6):250-250-250 (255))
(63,7):250-250-250 (255))
(63,8):250-250-250 (255))
(63,9):250-250-250 (253))
(63,10):250-250-250 (255))
(63,11):250-250-250 (255))
(63,12):250-250-250 (254))
(63,13):250-250-250 (255))
(63,14):250-250-250 (255))
(63,15):250-250-250 (255))
(63,16):250-250-250 (255))
(63,17):250-250-250 (255))
(63,18):250-250-250 (255))
(63,19):250-250-250 (254))
(63,20):250-250-250 (255))
(63,21):250-250-250 (255))
(63,22):250-250-250 (253))
(63,23):250-250-250 (255))
(63,24):250-250-250 (255))
(63,25):250-250-250 (255))
(63,26):250-250-250 (255))
(63,27):250-250-250 (255))
(63,28):250-250-250 (255))
(63,29):250-250-250 (255))
(63,30):250-250-250 (255))
(63,31):250-250-250 (253))
(63,32):250-250-250 (254))
(63,33):250-250-250 (255))
(63,34):250-249-250 (249))
(63,35):153-149-170 (153))
(63,36):14-20-28 (20))
(63,37):2-0-0 (2))
(63,38):99-81-81 (81))
(63,39):204-179-179 (204))
(63,40):250-241-214 (241))
(63,41):243-239-212 (243))
(63,42):232-214-187 (214))
(63,43):76-57-44 (76))
(63,44):4-2-0 (2))
(63,45):12-0-0 (12))
(63,46):6-11-34 (11))
(63,47):4-0-24 (4))
(63,48):5-10-20 (10))
(63,49):90-80-91 (90))
(63,50):160-160-154 (160))
(63,51):212-220-219 (212))
(63,52):249-250-250 (254))
(63,53):250-250-250 (252))
(63,54):250-250-250 (252))
(63,55):249-250-250 (249))
(63,56):250-244-221 (244))
(63,57):219-199-186 (219))
(63,58):182-165-132 (165))
(63,59):98-81-77 (98))
(63,60):17-37-38 (37))
(63,61):13-12-35 (13))
(63,62):0-14-30 (14))
(63,63):26-31-53 (26))
(63,64):41-64-64 (64))
(63,65):105-91-91 (105))
(63,66):171-163-127 (163))
(63,67):175-147-121 (175))
(63,68):229-197-161 (197))
(63,69):220-183-154 (220))
(63,70):250-238-208 (238))
(63,71):250-243-224 (255))
(63,72):250-250-250 (254))
(63,73):250-250-250 (253))
(63,74):249-250-250 (255))
(63,75):250-250-250 (253))
(63,76):245-250-250 (255))
(63,77):250-250-250 (253))
(63,78):247-250-250 (255))
(63,79):250-250-250 (253))
(63,80):249-250-250 (254))
(63,81):250-250-250 (255))
(63,82):250-250-250 (255))
(63,83):250-250-250 (254))
(63,84):250-250-250 (254))
(63,85):250-250-250 (255))
(63,86):250-250-250 (255))
(63,87):250-250-250 (255))
(63,88):250-250-250 (255))
(63,89):250-250-249 (251))
(63,90):250-250-250 (252))
(63,91):250-250-250 (251))
(63,92):240-231-198 (231))
(63,93):171-161-148 (171))
(63,94):124-122-107 (122))
(63,95):86-69-55 (86))
(63,96):77-82-77 (82))
(63,97):112-89-73 (112))
(63,98):194-173-139 (173))
(63,99):224-201-191 (224))
(63,100):250-247-229 (247))
(63,101):250-250-250 (250))
(63,102):250-250-250 (255))
(63,103):250-250-250 (254))
(63,104):250-250-250 (253))
(63,105):250-250-250 (253))
(63,106):250-250-250 (253))
(63,107):250-250-250 (254))
(63,108):250-250-250 (254))
(63,109):250-250-250 (255))
(63,110):250-250-250 (255))
(63,111):250-250-250 (255))
(63,112):250-250-250 (255))
(63,113):250-250-250 (255))
(63,114):250-250-250 (255))
(63,115):250-250-250 (255))
(63,116):250-250-250 (255))
(63,117):250-250-250 (255))
(63,118):250-250-250 (255))
(63,119):250-250-250 (255))
(63,120):250-250-250 (255))
(63,121):250-250-250 (255))
(63,122):250-250-250 (255))
(63,123):250-250-250 (255))
(63,124):250-250-250 (255))
(63,125):250-250-250 (255))
(63,126):250-250-239 (255))
(63,127):250-223-175 (255))
(64,0):175-223-250 (255))
(64,1):239-250-250 (255))
(64,2):250-250-250 (255))
(64,3):250-250-250 (255))
(64,4):250-250-250 (255))
(64,5):250-250-250 (255))
(64,6):250-250-250 (255))
(64,7):250-250-250 (255))
(64,8):250-250-250 (255))
(64,9):250-250-250 (255))
(64,10):250-250-250 (255))
(64,11):250-250-250 (255))
(64,12):250-250-250 (255))
(64,13):250-250-250 (255))
(64,14):250-250-250 (255))
(64,15):250-250-250 (255))
(64,16):250-250-250 (255))
(64,17):250-250-250 (255))
(64,18):250-250-250 (255))
(64,19):250-250-250 (255))
(64,20):250-250-250 (255))
(64,21):250-250-250 (255))
(64,22):250-250-250 (255))
(64,23):250-250-250 (255))
(64,24):250-250-250 (255))
(64,25):250-250-250 (255))
(64,26):250-250-250 (255))
(64,27):250-250-250 (255))
(64,28):250-250-250 (255))
(64,29):250-250-250 (255))
(64,30):250-250-250 (255))
(64,31):250-250-250 (255))
(64,32):250-250-250 (255))
(64,33):250-248-250 (248))
(64,34):249-250-250 (255))
(64,35):232-239-239 (239))
(64,36):178-153-154 (154))
(64,37):66-52-36 (52))
(64,38):9-0-11 (11))
(64,39):29-21-1 (21))
(64,40):94-59-65 (65))
(64,41):53-60-34 (60))
(64,42):40-34-23 (23))
(64,43):18-5-0 (5))
(64,44):55-39-23 (23))
(64,45):120-122-120 (122))
(64,46):140-132-147 (147))
(64,47):12-18-37 (18))
(64,48):0-0-5 (5))
(64,49):82-77-75 (77))
(64,50):176-181-181 (181))
(64,51):216-222-229 (222))
(64,52):250-250-250 (250))
(64,53):250-250-250 (252))
(64,54):250-237-235 (235))
(64,55):132-153-150 (153))
(64,56):77-69-66 (66))
(64,57):27-20-0 (20))
(64,58):26-6-3 (3))
(64,59):23-12-0 (12))
(64,60):35-24-31 (31))
(64,61):80-90-89 (90))
(64,62):141-149-173 (173))
(64,63):185-224-250 (224))
(64,64):207-229-247 (247))
(64,65):239-250-250 (251))
(64,66):241-250-250 (254))
(64,67):250-250-250 (255))
(64,68):250-250-250 (254))
(64,69):250-250-247 (254))
(64,70):250-250-250 (254))
(64,71):250-250-247 (255))
(64,72):250-250-250 (255))
(64,73):250-250-250 (255))
(64,74):250-250-250 (255))
(64,75):250-250-250 (255))
(64,76):250-250-250 (255))
(64,77):250-250-250 (255))
(64,78):250-250-250 (255))
(64,79):250-250-250 (255))
(64,80):250-250-250 (255))
(64,81):250-250-250 (255))
(64,82):250-250-250 (255))
(64,83):250-250-250 (255))
(64,84):250-250-250 (255))
(64,85):250-250-250 (255))
(64,86):250-250-250 (255))
(64,87):250-250-250 (255))
(64,88):250-250-250 (254))
(64,89):250-250-250 (254))
(64,90):250-250-250 (253))
(64,91):250-250-249 (253))
(64,92):250-250-250 (253))
(64,93):250-250-250 (253))
(64,94):238-250-250 (253))
(64,95):237-250-250 (253))
(64,96):222-240-250 (253))
(64,97):245-250-250 (253))
(64,98):250-250-250 (253))
(64,99):250-250-249 (253))
(64,100):250-250-250 (253))
(64,101):250-250-250 (253))
(64,102):250-250-250 (253))
(64,103):250-250-250 (253))
(64,104):250-250-250 (254))
(64,105):250-250-250 (254))
(64,106):250-250-250 (254))
(64,107):250-250-250 (254))
(64,108):250-250-250 (254))
(64,109):250-250-250 (255))
(64,110):250-250-250 (255))
(64,111):250-250-250 (255))
(64,112):250-250-250 (255))
(64,113):250-250-250 (255))
(64,114):250-250-250 (255))
(64,115):250-250-250 (255))
(64,116):250-250-250 (255))
(64,117):250-250-250 (255))
(64,118):250-250-250 (255))
(64,119):250-250-250 (255))
(64,120):250-250-250 (255))
(64,121):250-250-250 (255))
(64,122):250-250-250 (255))
(64,123):250-250-250 (255))
(64,124):250-250-250 (255))
(64,125):250-250-250 (255))
(64,126):250-250-250 (255))
(64,127):250-250-223 (255))
(65,0):223-250-250 (255))
(65,1):250-250-250 (255))
(65,2):250-250-250 (255))
(65,3):250-250-250 (255))
(65,4):250-250-250 (255))
(65,5):250-250-250 (255))
(65,6):250-250-250 (255))
(65,7):250-250-250 (255))
(65,8):250-250-250 (255))
(65,9):250-250-250 (255))
(65,10):250-250-250 (255))
(65,11):250-250-250 (255))
(65,12):250-250-250 (255))
(65,13):250-250-250 (255))
(65,14):250-250-250 (255))
(65,15):250-250-250 (255))
(65,16):250-250-250 (255))
(65,17):250-250-250 (255))
(65,18):250-250-250 (255))
(65,19):250-250-250 (255))
(65,20):250-250-250 (255))
(65,21):250-250-250 (255))
(65,22):250-250-250 (255))
(65,23):250-250-250 (255))
(65,24):250-250-250 (255))
(65,25):250-250-250 (255))
(65,26):250-250-250 (255))
(65,27):250-250-250 (255))
(65,28):250-250-250 (255))
(65,29):250-250-250 (255))
(65,30):250-250-250 (255))
(65,31):250-250-250 (255))
(65,32):250-250-250 (253))
(65,33):250-250-250 (255))
(65,34):250-250-250 (254))
(65,35):250-250-247 (250))
(65,36):250-250-250 (252))
(65,37):235-223-235 (235))
(65,38):164-159-136 (159))
(65,39):72-61-56 (72))
(65,40):25-51-69 (51))
(65,41):61-54-58 (61))
(65,42):89-97-85 (97))
(65,43):140-128-124 (140))
(65,44):212-197-171 (197))
(65,45):245-250-250 (245))
(65,46):222-219-249 (219))
(65,47):59-45-48 (59))
(65,48):2-5-0 (5))
(65,49):124-121-120 (124))
(65,50):246-248-250 (248))
(65,51):250-250-250 (255))
(65,52):250-250-250 (251))
(65,53):250-250-250 (251))
(65,54):117-124-121 (124))
(65,55):12-6-1 (12))
(65,56):0-5-0 (5))
(65,57):43-30-2 (43))
(65,58):123-122-105 (122))
(65,59):185-165-153 (185))
(65,60):250-232-200 (232))
(65,61):250-245-235 (253))
(65,62):250-250-250 (253))
(65,63):250-250-250 (252))
(65,64):243-250-250 (252))
(65,65):250-250-250 (254))
(65,66):249-250-250 (255))
(65,67):250-250-250 (255))
(65,68):250-250-250 (255))
(65,69):250-250-250 (255))
(65,70):250-250-250 (255))
(65,71):250-250-250 (255))
(65,72):250-250-250 (255))
(65,73):250-250-250 (255))
(65,74):250-250-250 (255))
(65,75):250-250-250 (255))
(65,76):250-250-250 (255))
(65,77):250-250-250 (255))
(65,78):250-250-250 (255))
(65,79):250-250-250 (255))
(65,80):250-250-250 (255))
(65,81):250-250-250 (255))
(65,82):250-250-250 (255))
(65,83):250-250-250 (255))
(65,84):250-250-250 (255))
(65,85):250-250-250 (255))
(65,86):250-250-250 (255))
(65,87):250-250-250 (255))
(65,88):250-250-250 (255))
(65,89):250-250-250 (254))
(65,90):250-250-250 (254))
(65,91):250-250-250 (254))
(65,92):250-250-250 (253))
(65,93):250-250-250 (253))
(65,94):245-250-250 (254))
(65,95):250-250-250 (254))
(65,96):243-250-250 (254))
(65,97):250-250-250 (254))
(65,98):249-250-250 (254))
(65,99):250-250-250 (254))
(65,100):250-250-250 (254))
(65,101):250-250-250 (254))
(65,102):250-250-250 (254))
(65,103):250-250-250 (254))
(65,104):250-250-250 (254))
(65,105):250-250-250 (254))
(65,106):250-250-250 (254))
(65,107):250-250-250 (254))
(65,108):250-250-250 (254))
(65,109):250-250-250 (255))
(65,110):250-250-250 (255))
(65,111):250-250-250 (255))
(65,112):250-250-250 (255))
(65,113):250-250-250 (255))
(65,114):250-250-250 (255))
(65,115):250-250-250 (255))
(65,116):250-250-250 (255))
(65,117):250-250-250 (255))
(65,118):250-250-250 (255))
(65,119):250-250-250 (255))
(65,120):250-250-250 (255))
(65,121):250-250-250 (255))
(65,122):250-250-250 (255))
(65,123):250-250-250 (255))
(65,124):250-250-250 (255))
(65,125):250-250-250 (255))
(65,126):250-250-239 (255))
(65,127):250-223-175 (255))
(66,0):175-223-250 (255))
(66,1):239-250-250 (255))
(66,2):250-250-250 (255))
(66,3):250-250-250 (255))
(66,4):250-250-250 (255))
(66,5):250-250-250 (255))
(66,6):250-250-250 (255))
(66,7):250-250-250 (255))
(66,8):250-250-250 (255))
(66,9):250-250-250 (255))
(66,10):250-250-250 (255))
(66,11):250-250-250 (255))
(66,12):250-250-250 (255))
(66,13):250-250-250 (255))
(66,14):250-250-250 (255))
(66,15):250-250-250 (255))
(66,16):250-250-250 (255))
(66,17):250-250-250 (255))
(66,18):250-250-250 (255))
(66,19):250-250-250 (255))
(66,20):250-250-250 (255))
(66,21):250-250-250 (255))
(66,22):250-250-250 (255))
(66,23):250-250-250 (255))
(66,24):250-250-250 (255))
(66,25):250-250-250 (255))
(66,26):250-250-250 (255))
(66,27):250-250-250 (255))
(66,28):250-250-250 (255))
(66,29):250-250-250 (255))
(66,30):250-250-250 (255))
(66,31):250-250-250 (255))
(66,32):250-250-250 (255))
(66,33):250-250-250 (253))
(66,34):250-250-250 (254))
(66,35):250-250-250 (254))
(66,36):250-250-250 (251))
(66,37):250-250-250 (251))
(66,38):249-250-250 (252))
(66,39):223-248-250 (248))
(66,40):188-218-244 (244))
(66,41):219-243-250 (243))
(66,42):221-241-250 (253))
(66,43):250-250-250 (252))
(66,44):250-250-250 (255))
(66,45):250-250-250 (253))
(66,46):219-229-232 (232))
(66,47):63-67-67 (67))
(66,48):0-0-2 (2))
(66,49):103-122-118 (122))
(66,50):242-250-242 (242))
(66,51):250-250-250 (250))
(66,52):250-250-250 (253))
(66,53):180-197-192 (197))
(66,54):0-20-36 (36))
(66,55):0-4-0 (4))
(66,56):12-54-57 (57))
(66,57):199-223-211 (223))
(66,58):250-250-250 (254))
(66,59):250-249-250 (249))
(66,60):250-250-250 (255))
(66,61):250-250-244 (251))
(66,62):250-250-250 (251))
(66,63):250-250-250 (255))
(66,64):250-250-250 (255))
(66,65):250-250-250 (255))
(66,66):250-250-250 (255))
(66,67):250-250-250 (255))
(66,68):250-250-250 (255))
(66,69):250-250-250 (255))
(66,70):250-250-250 (255))
(66,71):250-250-250 (255))
(66,72):250-250-250 (255))
(66,73):250-250-250 (255))
(66,74):250-250-250 (255))
(66,75):250-250-250 (255))
(66,76):250-250-250 (255))
(66,77):250-250-250 (255))
(66,78):250-250-250 (255))
(66,79):250-250-250 (255))
(66,80):250-250-250 (255))
(66,81):250-250-250 (255))
(66,82):250-250-250 (255))
(66,83):250-250-250 (255))
(66,84):250-250-250 (255))
(66,85):250-250-250 (255))
(66,86):250-250-250 (255))
(66,87):250-250-250 (255))
(66,88):250-250-250 (255))
(66,89):250-250-250 (255))
(66,90):250-250-250 (254))
(66,91):250-250-250 (254))
(66,92):250-250-250 (254))
(66,93):250-250-250 (254))
(66,94):250-250-250 (254))
(66,95):250-250-250 (254))
(66,96):250-250-250 (254))
(66,97):250-250-250 (254))
(66,98):250-250-250 (254))
(66,99):250-250-250 (254))
(66,100):250-250-250 (254))
(66,101):250-250-250 (254))
(66,102):250-250-250 (254))
(66,103):250-250-250 (254))
(66,104):250-250-250 (254))
(66,105):250-250-250 (254))
(66,106):250-250-250 (255))
(66,107):250-250-250 (255))
(66,108):250-250-250 (255))
(66,109):250-250-250 (255))
(66,110):250-250-250 (255))
(66,111):250-250-250 (255))
(66,112):250-250-250 (255))
(66,113):250-250-250 (255))
(66,114):250-250-250 (255))
(66,115):250-250-250 (255))
(66,116):250-250-250 (255))
(66,117):250-250-250 (255))
(66,118):250-250-250 (255))
(66,119):250-250-250 (255))
(66,120):250-250-250 (255))
(66,121):250-250-250 (255))
(66,122):250-250-250 (255))
(66,123):250-250-250 (255))
(66,124):250-250-250 (255))
(66,125):250-250-250 (255))
(66,126):250-250-250 (255))
(66,127):250-250-223 (255))
(67,0):223-250-250 (255))
(67,1):250-250-250 (255))
(67,2):250-250-250 (255))
(67,3):250-250-250 (255))
(67,4):250-250-250 (255))
(67,5):250-250-250 (255))
(67,6):250-250-250 (255))
(67,7):250-250-250 (255))
(67,8):250-250-250 (255))
(67,9):250-250-250 (255))
(67,10):250-250-250 (255))
(67,11):250-250-250 (255))
(67,12):250-250-250 (255))
(67,13):250-250-250 (255))
(67,14):250-250-250 (255))
(67,15):250-250-250 (255))
(67,16):250-250-250 (255))
(67,17):250-250-250 (255))
(67,18):250-250-250 (255))
(67,19):250-250-250 (255))
(67,20):250-250-250 (255))
(67,21):250-250-250 (255))
(67,22):250-250-250 (255))
(67,23):250-250-250 (255))
(67,24):250-250-250 (255))
(67,25):250-250-250 (255))
(67,26):250-250-250 (255))
(67,27):250-250-250 (255))
(67,28):250-250-250 (255))
(67,29):250-250-250 (255))
(67,30):250-250-250 (255))
(67,31):250-250-250 (255))
(67,32):250-250-250 (255))
(67,33):250-250-250 (254))
(67,34):250-250-250 (254))
(67,35):250-250-250 (254))
(67,36):250-250-250 (252))
(67,37):250-250-250 (253))
(67,38):247-250-250 (254))
(67,39):250-250-250 (251))
(67,40):241-250-250 (253))
(67,41):250-250-250 (255))
(67,42):246-250-250 (254))
(67,43):250-250-250 (254))
(67,44):247-249-250 (249))
(67,45):250-250-250 (252))
(67,46):235-245-250 (245))
(67,47):121-126-141 (121))
(67,48):0-12-18 (12))
(67,49):23-8-0 (23))
(67,50):134-125-101 (125))
(67,51):176-151-170 (176))
(67,52):124-114-95 (114))
(67,53):30-19-0 (30))
(67,54):0-4-0 (4))
(67,55):24-32-22 (24))
(67,56):149-174-161 (174))
(67,57):250-250-250 (250))
(67,58):250-245-250 (245))
(67,59):250-250-250 (253))
(67,60):250-250-250 (252))
(67,61):250-250-250 (253))
(67,62):250-250-250 (254))
(67,63):250-250-250 (254))
(67,64):250-250-250 (254))
(67,65):250-250-250 (255))
(67,66):250-250-250 (255))
(67,67):250-250-250 (254))
(67,68):250-250-250 (254))
(67,69):250-250-250 (255))
(67,70):250-250-250 (255))
(67,71):250-250-250 (255))
(67,72):250-250-250 (255))
(67,73):250-250-250 (255))
(67,74):250-250-250 (255))
(67,75):250-250-250 (255))
(67,76):250-250-250 (255))
(67,77):250-250-250 (255))
(67,78):250-250-250 (255))
(67,79):250-250-250 (255))
(67,80):250-250-250 (255))
(67,81):250-250-250 (255))
(67,82):250-250-250 (255))
(67,83):250-250-250 (255))
(67,84):250-250-250 (255))
(67,85):250-250-250 (255))
(67,86):250-250-250 (255))
(67,87):250-250-250 (255))
(67,88):250-250-250 (255))
(67,89):250-250-250 (255))
(67,90):250-250-250 (255))
(67,91):250-250-250 (255))
(67,92):250-250-250 (255))
(67,93):250-250-250 (255))
(67,94):250-250-250 (255))
(67,95):250-250-250 (255))
(67,96):250-250-250 (255))
(67,97):250-250-250 (255))
(67,98):250-250-250 (255))
(67,99):250-250-250 (255))
(67,100):250-250-250 (255))
(67,101):250-250-250 (255))
(67,102):250-250-250 (255))
(67,103):250-250-250 (255))
(67,104):250-250-250 (255))
(67,105):250-250-250 (255))
(67,106):250-250-250 (255))
(67,107):250-250-250 (255))
(67,108):250-250-250 (255))
(67,109):250-250-250 (255))
(67,110):250-250-250 (255))
(67,111):250-250-250 (255))
(67,112):250-250-250 (255))
(67,113):250-250-250 (255))
(67,114):250-250-250 (255))
(67,115):250-250-250 (255))
(67,116):250-250-250 (255))
(67,117):250-250-250 (255))
(67,118):250-250-250 (255))
(67,119):250-250-250 (255))
(67,120):250-250-250 (255))
(67,121):250-250-250 (255))
(67,122):250-250-250 (255))
(67,123):250-250-250 (255))
(67,124):250-250-250 (255))
(67,125):250-250-250 (255))
(67,126):250-250-239 (255))
(67,127):250-223-175 (255))
(68,0):175-223-250 (255))
(68,1):239-250-250 (255))
(68,2):250-250-250 (255))
(68,3):250-250-250 (255))
(68,4):250-250-250 (255))
(68,5):250-250-250 (255))
(68,6):250-250-250 (255))
(68,7):250-250-250 (255))
(68,8):250-250-250 (255))
(68,9):250-250-250 (255))
(68,10):250-250-250 (255))
(68,11):250-250-250 (255))
(68,12):250-250-250 (255))
(68,13):250-250-250 (255))
(68,14):250-250-250 (255))
(68,15):250-250-250 (255))
(68,16):250-250-250 (255))
(68,17):250-250-250 (255))
(68,18):250-250-250 (255))
(68,19):250-250-250 (255))
(68,20):250-250-250 (255))
(68,21):250-250-250 (255))
(68,22):250-250-250 (255))
(68,23):250-250-250 (255))
(68,24):250-250-250 (255))
(68,25):250-250-250 (255))
(68,26):250-250-250 (255))
(68,27):250-250-250 (255))
(68,28):250-250-250 (255))
(68,29):250-250-250 (255))
(68,30):250-250-250 (255))
(68,31):250-250-250 (255))
(68,32):250-250-250 (255))
(68,33):250-250-250 (255))
(68,34):250-250-250 (254))
(68,35):250-250-250 (254))
(68,36):250-250-250 (254))
(68,37):250-250-250 (255))
(68,38):250-250-250 (255))
(68,39):250-250-250 (253))
(68,40):250-250-250 (252))
(68,41):250-250-250 (255))
(68,42):250-250-250 (254))
(68,43):250-250-250 (255))
(68,44):250-250-250 (253))
(68,45):250-250-250 (255))
(68,46):243-250-250 (255))
(68,47):218-233-237 (233))
(68,48):179-152-157 (157))
(68,49):61-58-39 (58))
(68,50):34-16-8 (8))
(68,51):48-9-0 (9))
(68,52):56-26-19 (19))
(68,53):43-44-16 (44))
(68,54):100-93-91 (91))
(68,55):147-172-169 (172))
(68,56):250-250-245 (245))
(68,57):250-250-250 (251))
(68,58):250-250-250 (255))
(68,59):250-250-250 (254))
(68,60):250-250-250 (254))
(68,61):250-250-250 (255))
(68,62):250-250-250 (253))
(68,63):250-250-250 (251))
(68,64):250-250-250 (254))
(68,65):250-250-250 (255))
(68,66):250-250-250 (255))
(68,67):250-250-250 (255))
(68,68):250-250-250 (255))
(68,69):250-250-250 (255))
(68,70):250-250-250 (255))
(68,71):250-250-250 (255))
(68,72):250-250-250 (255))
(68,73):250-250-250 (255))
(68,74):250-250-250 (255))
(68,75):250-250-250 (255))
(68,76):250-250-250 (255))
(68,77):250-250-250 (255))
(68,78):250-250-250 (255))
(68,79):250-250-250 (255))
(68,80):250-250-250 (255))
(68,81):250-250-250 (255))
(68,82):250-250-250 (255))
(68,83):250-250-250 (255))
(68,84):250-250-250 (255))
(68,85):250-250-250 (255))
(68,86):250-250-250 (255))
(68,87):250-250-250 (255))
(68,88):250-250-250 (255))
(68,89):250-250-250 (255))
(68,90):250-250-250 (255))
(68,91):250-250-250 (255))
(68,92):250-250-250 (255))
(68,93):250-250-250 (255))
(68,94):250-250-250 (255))
(68,95):250-250-250 (255))
(68,96):250-250-250 (255))
(68,97):250-250-250 (255))
(68,98):250-250-250 (255))
(68,99):250-250-250 (255))
(68,100):250-250-250 (255))
(68,101):250-250-250 (255))
(68,102):250-250-250 (255))
(68,103):250-250-250 (255))
(68,104):250-250-250 (255))
(68,105):250-250-250 (255))
(68,106):250-250-250 (255))
(68,107):250-250-250 (255))
(68,108):250-250-250 (255))
(68,109):250-250-250 (255))
(68,110):250-250-250 (255))
(68,111):250-250-250 (255))
(68,112):250-250-250 (255))
(68,113):250-250-250 (255))
(68,114):250-250-250 (255))
(68,115):250-250-250 (255))
(68,116):250-250-250 (255))
(68,117):250-250-250 (255))
(68,118):250-250-250 (255))
(68,119):250-250-250 (255))
(68,120):250-250-250 (255))
(68,121):250-250-250 (255))
(68,122):250-250-250 (255))
(68,123):250-250-250 (255))
(68,124):250-250-250 (255))
(68,125):250-250-250 (255))
(68,126):250-250-250 (255))
(68,127):250-250-223 (255))
(69,0):223-250-250 (255))
(69,1):250-250-250 (255))
(69,2):250-250-250 (255))
(69,3):250-250-250 (255))
(69,4):250-250-250 (255))
(69,5):250-250-250 (255))
(69,6):250-250-250 (255))
(69,7):250-250-250 (255))
(69,8):250-250-250 (255))
(69,9):250-250-250 (255))
(69,10):250-250-250 (255))
(69,11):250-250-250 (255))
(69,12):250-250-250 (255))
(69,13):250-250-250 (255))
(69,14):250-250-250 (255))
(69,15):250-250-250 (255))
(69,16):250-250-250 (255))
(69,17):250-250-250 (255))
(69,18):250-250-250 (255))
(69,19):250-250-250 (255))
(69,20):250-250-250 (255))
(69,21):250-250-250 (255))
(69,22):250-250-250 (255))
(69,23):250-250-250 (255))
(69,24):250-250-250 (255))
(69,25):250-250-250 (255))
(69,26):250-250-250 (255))
(69,27):250-250-250 (255))
(69,28):250-250-250 (255))
(69,29):250-250-250 (255))
(69,30):250-250-250 (255))
(69,31):250-250-250 (255))
(69,32):250-250-250 (255))
(69,33):250-250-250 (255))
(69,34):250-250-250 (255))
(69,35):250-250-250 (255))
(69,36):250-250-250 (255))
(69,37):250-250-250 (254))
(69,38):250-250-250 (254))
(69,39):250-250-250 (255))
(69,40):250-250-250 (255))
(69,41):250-250-250 (255))
(69,42):250-250-250 (253))
(69,43):250-250-250 (254))
(69,44):250-250-250 (255))
(69,45):250-250-250 (253))
(69,46):250-250-250 (252))
(69,47):250-250-250 (255))
(69,48):250-250-250 (252))
(69,49):237-218-212 (237))
(69,50):224-192-159 (192))
(69,51):182-143-100 (182))
(69,52):233-204-176 (204))
(69,53):235-215-195 (235))
(69,54):250-250-235 (250))
(69,55):250-250-250 (255))
(69,56):250-250-250 (255))
(69,57):250-250-250 (252))
(69,58):250-250-250 (253))
(69,59):250-250-250 (253))
(69,60):250-250-250 (250))
(69,61):250-250-250 (253))
(69,62):250-250-250 (255))
(69,63):250-250-250 (254))
(69,64):250-250-250 (255))
(69,65):250-250-250 (255))
(69,66):250-250-250 (255))
(69,67):250-250-250 (255))
(69,68):250-250-250 (255))
(69,69):250-250-250 (255))
(69,70):250-250-250 (255))
(69,71):250-250-250 (255))
(69,72):250-250-250 (255))
(69,73):250-250-250 (255))
(69,74):250-250-250 (255))
(69,75):250-250-250 (255))
(69,76):250-250-250 (255))
(69,77):250-250-250 (255))
(69,78):250-250-250 (255))
(69,79):250-250-250 (255))
(69,80):250-250-250 (255))
(69,81):250-250-250 (255))
(69,82):250-250-250 (255))
(69,83):250-250-250 (255))
(69,84):250-250-250 (255))
(69,85):250-250-250 (255))
(69,86):250-250-250 (255))
(69,87):250-250-250 (255))
(69,88):250-250-250 (255))
(69,89):250-250-250 (255))
(69,90):250-250-250 (255))
(69,91):250-250-250 (255))
(69,92):250-250-250 (255))
(69,93):250-250-250 (255))
(69,94):250-250-250 (255))
(69,95):250-250-250 (255))
(69,96):250-250-250 (255))
(69,97):250-250-250 (255))
(69,98):250-250-250 (255))
(69,99):250-250-250 (255))
(69,100):250-250-250 (255))
(69,101):250-250-250 (255))
(69,102):250-250-250 (255))
(69,103):250-250-250 (255))
(69,104):250-250-250 (255))
(69,105):250-250-250 (255))
(69,106):250-250-250 (255))
(69,107):250-250-250 (255))
(69,108):250-250-250 (255))
(69,109):250-250-250 (255))
(69,110):250-250-250 (255))
(69,111):250-250-250 (255))
(69,112):250-250-250 (255))
(69,113):250-250-250 (255))
(69,114):250-250-250 (255))
(69,115):250-250-250 (255))
(69,116):250-250-250 (255))
(69,117):250-250-250 (255))
(69,118):250-250-250 (255))
(69,119):250-250-250 (255))
(69,120):250-250-250 (255))
(69,121):250-250-250 (255))
(69,122):250-250-250 (255))
(69,123):250-250-250 (255))
(69,124):250-250-250 (255))
(69,125):250-250-250 (255))
(69,126):250-250-239 (255))
(69,127):250-223-175 (255))
(70,0):223-250-250 (255))
(70,1):250-250-250 (255))
(70,2):250-250-250 (255))
(70,3):250-250-239 (255))
(70,4):250-250-250 (255))
(70,5):250-250-239 (255))
(70,6):250-250-250 (255))
(70,7):250-250-239 (255))
(70,8):250-250-250 (255))
(70,9):250-250-239 (255))
(70,10):250-250-250 (255))
(70,11):250-250-239 (255))
(70,12):250-250-250 (255))
(70,13):250-250-239 (255))
(70,14):250-250-250 (255))
(70,15):250-250-239 (255))
(70,16):250-250-250 (255))
(70,17):250-250-239 (255))
(70,18):250-250-250 (255))
(70,19):250-250-239 (255))
(70,20):250-250-250 (255))
(70,21):250-250-239 (255))
(70,22):250-250-250 (255))
(70,23):250-250-239 (255))
(70,24):250-250-250 (255))
(70,25):250-250-239 (255))
(70,26):250-250-250 (255))
(70,27):250-250-239 (255))
(70,28):250-250-250 (255))
(70,29):250-250-239 (255))
(70,30):250-250-250 (255))
(70,31):250-250-238 (255))
(70,32):250-250-250 (254))
(70,33):250-250-237 (254))
(70,34):250-250-250 (254))
(70,35):250-250-238 (254))
(70,36):250-250-250 (255))
(70,37):250-250-238 (254))
(70,38):250-250-250 (254))
(70,39):250-250-238 (255))
(70,40):250-250-250 (254))
(70,41):250-250-238 (255))
(70,42):250-250-250 (255))
(70,43):250-250-239 (255))
(70,44):250-250-250 (255))
(70,45):250-250-239 (254))
(70,46):250-250-250 (255))
(70,47):250-250-235 (250))
(70,48):250-250-250 (255))
(70,49):250-250-234 (254))
(70,50):250-250-250 (253))
(70,51):250-250-237 (255))
(70,52):250-250-250 (255))
(70,53):250-250-232 (253))
(70,54):250-250-250 (255))
(70,55):250-250-233 (253))
(70,56):250-250-250 (254))
(70,57):250-250-237 (254))
(70,58):250-250-250 (254))
(70,59):250-250-238 (255))
(70,60):250-250-250 (252))
(70,61):250-250-236 (255))
(70,62):250-250-250 (251))
(70,63):250-250-236 (255))
(70,64):250-250-250 (255))
(70,65):250-250-239 (255))
(70,66):250-250-250 (255))
(70,67):250-250-239 (255))
(70,68):250-250-250 (255))
(70,69):250-250-239 (255))
(70,70):250-250-250 (255))
(70,71):250-250-239 (255))
(70,72):250-250-250 (255))
(70,73):250-250-239 (255))
(70,74):250-250-250 (255))
(70,75):250-250-239 (255))
(70,76):250-250-250 (255))
(70,77):250-250-239 (255))
(70,78):250-250-250 (255))
(70,79):250-250-239 (255))
(70,80):250-250-250 (255))
(70,81):250-250-239 (255))
(70,82):250-250-250 (255))
(70,83):250-250-239 (255))
(70,84):250-250-250 (255))
(70,85):250-250-239 (255))
(70,86):250-250-250 (255))
(70,87):250-250-239 (255))
(70,88):250-250-250 (255))
(70,89):250-250-239 (255))
(70,90):250-250-250 (255))
(70,91):250-250-239 (255))
(70,92):250-250-250 (255))
(70,93):250-250-239 (255))
(70,94):250-250-250 (255))
(70,95):250-250-239 (255))
(70,96):250-250-250 (255))
(70,97):250-250-239 (255))
(70,98):250-250-250 (255))
(70,99):250-250-239 (255))
(70,100):250-250-250 (255))
(70,101):250-250-239 (255))
(70,102):250-250-250 (255))
(70,103):250-250-239 (255))
(70,104):250-250-250 (255))
(70,105):250-250-239 (255))
(70,106):250-250-250 (255))
(70,107):250-250-239 (255))
(70,108):250-250-250 (255))
(70,109):250-250-239 (255))
(70,110):250-250-250 (255))
(70,111):250-250-239 (255))
(70,112):250-250-250 (255))
(70,113):250-250-239 (255))
(70,114):250-250-250 (255))
(70,115):250-250-239 (255))
(70,116):250-250-250 (255))
(70,117):250-250-239 (255))
(70,118):250-250-250 (255))
(70,119):250-250-239 (255))
(70,120):250-250-250 (255))
(70,121):250-250-239 (255))
(70,122):250-250-250 (255))
(70,123):250-250-239 (255))
(70,124):250-250-250 (255))
(70,125):250-250-239 (255))
(70,126):250-250-250 (255))
(70,127):250-250-207 (255))
(71,0):239-250-239 (255))
(71,1):250-250-223 (255))
(71,2):250-250-223 (255))
(71,3):250-223-175 (255))
(71,4):250-250-223 (255))
(71,5):250-223-175 (255))
(71,6):250-250-223 (255))
(71,7):250-223-175 (255))
(71,8):250-250-223 (255))
(71,9):250-223-175 (255))
(71,10):250-250-223 (255))
(71,11):250-223-175 (255))
(71,12):250-250-223 (255))
(71,13):250-223-175 (255))
(71,14):250-250-223 (255))
(71,15):250-223-175 (255))
(71,16):250-250-223 (255))
(71,17):250-223-175 (255))
(71,18):250-250-223 (255))
(71,19):250-223-175 (255))
(71,20):250-250-223 (255))
(71,21):250-223-175 (255))
(71,22):250-250-223 (255))
(71,23):250-223-175 (255))
(71,24):250-250-223 (255))
(71,25):250-223-175 (255))
(71,26):250-250-223 (255))
(71,27):250-223-175 (255))
(71,28):250-250-223 (255))
(71,29):250-223-175 (255))
(71,30):250-250-223 (255))
(71,31):250-223-175 (255))
(71,32):250-250-222 (255))
(71,33):250-223-175 (255))
(71,34):250-250-222 (255))
(71,35):250-222-174 (254))
(71,36):250-250-223 (255))
(71,37):250-223-175 (255))
(71,38):250-250-222 (254))
(71,39):250-222-174 (254))
(71,40):250-250-222 (255))
(71,41):250-222-173 (253))
(71,42):250-250-223 (255))
(71,43):250-222-175 (254))
(71,44):250-250-222 (254))
(71,45):250-222-175 (255))
(71,46):250-250-223 (254))
(71,47):250-221-175 (255))
(71,48):250-250-224 (255))
(71,49):250-224-177 (254))
(71,50):250-250-229 (255))
(71,51):250-231-188 (255))
(71,52):250-250-227 (252))
(71,53):250-224-179 (255))
(71,54):250-250-224 (255))
(71,55):250-222-175 (255))
(71,56):250-250-223 (255))
(71,57):250-223-175 (255))
(71,58):250-250-223 (255))
(71,59):250-222-173 (253))
(71,60):250-250-222 (255))
(71,61):250-223-174 (255))
(71,62):250-250-221 (255))
(71,63):250-222-173 (254))
(71,64):250-250-223 (255))
(71,65):250-223-175 (255))
(71,66):250-250-223 (255))
(71,67):250-222-175 (255))
(71,68):250-250-222 (254))
(71,69):250-222-175 (255))
(71,70):250-250-223 (255))
(71,71):250-223-175 (255))
(71,72):250-250-223 (255))
(71,73):250-223-175 (255))
(71,74):250-250-223 (255))
(71,75):250-223-175 (255))
(71,76):250-250-223 (255))
(71,77):250-223-175 (255))
(71,78):250-250-223 (255))
(71,79):250-223-175 (255))
(71,80):250-250-223 (255))
(71,81):250-223-175 (255))
(71,82):250-250-223 (255))
(71,83):250-223-175 (255))
(71,84):250-250-223 (255))
(71,85):250-223-175 (255))
(71,86):250-250-223 (255))
(71,87):250-223-175 (255))
(71,88):250-250-223 (255))
(71,89):250-223-175 (255))
(71,90):250-250-223 (255))
(71,91):250-223-175 (255))
(71,92):250-250-223 (255))
(71,93):250-223-175 (255))
(71,94):250-250-223 (255))
(71,95):250-223-175 (255))
(71,96):250-250-223 (255))
(71,97):250-223-175 (255))
(71,98):250-250-223 (255))
(71,99):250-223-175 (255))
(71,100):250-250-223 (255))
(71,101):250-223-175 (255))
(71,102):250-250-223 (255))
(71,103):250-223-175 (255))
(71,104):250-250-223 (255))
(71,105):250-223-175 (255))
(71,106):250-250-223 (255))
(71,107):250-223-175 (255))
(71,108):250-250-223 (255))
(71,109):250-223-175 (255))
(71,110):250-250-223 (255))
(71,111):250-223-175 (255))
(71,112):250-250-223 (255))
(71,113):250-223-175 (255))
(71,114):250-250-223 (255))
(71,115):250-223-175 (255))
(71,116):250-250-223 (255))
(71,117):250-223-175 (255))
(71,118):250-250-223 (255))
(71,119):250-223-175 (255))
(71,120):250-250-223 (255))
(71,121):250-223-175 (255))
(71,122):250-250-223 (255))
(71,123):250-223-175 (255))
(71,124):250-250-223 (255))
(71,125):250-223-175 (255))
(71,126):250-250-207 (255))
(71,127):250-191-159 (255))
