(0,0):250 (250)
(0,1):171 (171)
(0,2):250 (250)
(0,3):203 (203)
(0,4):250 (250)
(0,5):203 (203)
(0,6):250 (250)
(0,7):203 (203)
(0,8):250 (250)
(0,9):203 (203)
(0,10):250 (250)
(0,11):203 (203)
(0,12):250 (250)
(0,13):203 (203)
(0,14):250 (250)
(0,15):203 (203)
(0,16):250 (250)
(0,17):203 (203)
(0,18):250 (250)
(0,19):203 (203)
(0,20):250 (250)
(0,21):203 (203)
(0,22):250 (250)
(0,23):203 (203)
(0,24):250 (250)
(0,25):203 (203)
(0,26):250 (250)
(0,27):203 (203)
(0,28):250 (250)
(0,29):203 (203)
(0,30):250 (250)
(0,31):203 (203)
(0,32):250 (250)
(0,33):203 (203)
(0,34):250 (250)
(0,35):203 (203)
(0,36):250 (250)
(0,37):203 (203)
(0,38):250 (250)
(0,39):203 (203)
(0,40):250 (250)
(0,41):203 (203)
(0,42):250 (250)
(0,43):203 (203)
(0,44):250 (250)
(0,45):203 (203)
(0,46):250 (250)
(0,47):203 (203)
(0,48):250 (250)
(0,49):203 (203)
(0,50):250 (250)
(0,51):203 (203)
(0,52):250 (250)
(0,53):203 (203)
(0,54):250 (250)
(0,55):203 (203)
(0,56):250 (250)
(0,57):203 (203)
(0,58):250 (250)
(0,59):203 (203)
(0,60):250 (250)
(0,61):203 (203)
(0,62):250 (250)
(0,63):203 (203)
(0,64):250 (250)
(0,65):203 (203)
(0,66):250 (250)
(0,67):203 (203)
(0,68):250 (250)
(0,69):203 (203)
(0,70):250 (250)
(0,71):203 (203)
(0,72):250 (250)
(0,73):203 (203)
(0,74):250 (250)
(0,75):203 (203)
(0,76):250 (250)
(0,77):203 (203)
(0,78):250 (250)
(0,79):203 (203)
(0,80):250 (250)
(0,81):203 (203)
(0,82):250 (250)
(0,83):203 (203)
(0,84):250 (250)
(0,85):203 (203)
(0,86):250 (250)
(0,87):203 (203)
(0,88):250 (250)
(0,89):203 (203)
(0,90):250 (250)
(0,91):203 (203)
(0,92):250 (250)
(0,93):203 (203)
(0,94):250 (250)
(0,95):203 (203)
(0,96):250 (250)
(0,97):203 (203)
(0,98):250 (250)
(0,99):203 (203)
(0,100):250 (250)
(0,101):203 (203)
(0,102):250 (250)
(0,103):203 (203)
(0,104):250 (250)
(0,105):203 (203)
(0,106):250 (250)
(0,107):203 (203)
(0,108):250 (250)
(0,109):203 (203)
(0,110):250 (250)
(0,111):203 (203)
(0,112):250 (250)
(0,113):203 (203)
(0,114):250 (250)
(0,115):203 (203)
(0,116):250 (250)
(0,117):203 (203)
(0,118):250 (250)
(0,119):203 (203)
(0,120):250 (250)
(0,121):203 (203)
(0,122):250 (250)
(0,123):203 (203)
(0,124):250 (250)
(0,125):203 (203)
(0,126):250 (250)
(0,127):171 (171)
(1,0):171 (171)
(1,1):85 (85)
(1,2):203 (203)
(1,3):101 (101)
(1,4):203 (203)
(1,5):101 (101)
(1,6):203 (203)
(1,7):101 (101)
(1,8):203 (203)
(1,9):101 (101)
(1,10):203 (203)
(1,11):101 (101)
(1,12):203 (203)
(1,13):101 (101)
(1,14):203 (203)
(1,15):101 (101)
(1,16):203 (203)
(1,17):101 (101)
(1,18):203 (203)
(1,19):101 (101)
(1,20):203 (203)
(1,21):101 (101)
(1,22):203 (203)
(1,23):101 (101)
(1,24):203 (203)
(1,25):101 (101)
(1,26):203 (203)
(1,27):101 (101)
(1,28):203 (203)
(1,29):101 (101)
(1,30):203 (203)
(1,31):101 (101)
(1,32):203 (203)
(1,33):101 (101)
(1,34):203 (203)
(1,35):101 (101)
(1,36):203 (203)
(1,37):101 (101)
(1,38):203 (203)
(1,39):101 (101)
(1,40):203 (203)
(1,41):101 (101)
(1,42):203 (203)
(1,43):101 (101)
(1,44):203 (203)
(1,45):101 (101)
(1,46):203 (203)
(1,47):101 (101)
(1,48):203 (203)
(1,49):101 (101)
(1,50):203 (203)
(1,51):101 (101)
(1,52):203 (203)
(1,53):101 (101)
(1,54):203 (203)
(1,55):101 (101)
(1,56):203 (203)
(1,57):101 (101)
(1,58):203 (203)
(1,59):101 (101)
(1,60):203 (203)
(1,61):101 (101)
(1,62):203 (203)
(1,63):101 (101)
(1,64):203 (203)
(1,65):101 (101)
(1,66):203 (203)
(1,67):101 (101)
(1,68):203 (203)
(1,69):101 (101)
(1,70):203 (203)
(1,71):101 (101)
(1,72):203 (203)
(1,73):101 (101)
(1,74):203 (203)
(1,75):101 (101)
(1,76):203 (203)
(1,77):101 (101)
(1,78):203 (203)
(1,79):101 (101)
(1,80):203 (203)
(1,81):101 (101)
(1,82):203 (203)
(1,83):101 (101)
(1,84):203 (203)
(1,85):101 (101)
(1,86):203 (203)
(1,87):101 (101)
(1,88):203 (203)
(1,89):101 (101)
(1,90):203 (203)
(1,91):101 (101)
(1,92):203 (203)
(1,93):101 (101)
(1,94):203 (203)
(1,95):101 (101)
(1,96):203 (203)
(1,97):101 (101)
(1,98):203 (203)
(1,99):101 (101)
(1,100):203 (203)
(1,101):101 (101)
(1,102):203 (203)
(1,103):101 (101)
(1,104):203 (203)
(1,105):101 (101)
(1,106):203 (203)
(1,107):101 (101)
(1,108):203 (203)
(1,109):101 (101)
(1,110):203 (203)
(1,111):101 (101)
(1,112):203 (203)
(1,113):101 (101)
(1,114):203 (203)
(1,115):101 (101)
(1,116):203 (203)
(1,117):101 (101)
(1,118):203 (203)
(1,119):101 (101)
(1,120):203 (203)
(1,121):101 (101)
(1,122):203 (203)
(1,123):101 (101)
(1,124):203 (203)
(1,125):101 (101)
(1,126):171 (171)
(1,127):85 (85)
(2,0):250 (250)
(2,1):203 (203)
(2,2):250 (250)
(2,3):250 (250)
(2,4):250 (250)
(2,5):250 (250)
(2,6):250 (250)
(2,7):250 (250)
(2,8):250 (250)
(2,9):250 (250)
(2,10):250 (250)
(2,11):250 (250)
(2,12):250 (250)
(2,13):250 (250)
(2,14):250 (250)
(2,15):250 (250)
(2,16):250 (250)
(2,17):250 (250)
(2,18):250 (250)
(2,19):250 (250)
(2,20):250 (250)
(2,21):250 (250)
(2,22):250 (250)
(2,23):250 (250)
(2,24):250 (250)
(2,25):250 (250)
(2,26):250 (250)
(2,27):250 (250)
(2,28):250 (250)
(2,29):250 (250)
(2,30):250 (250)
(2,31):250 (250)
(2,32):250 (250)
(2,33):250 (250)
(2,34):250 (250)
(2,35):250 (250)
(2,36):250 (250)
(2,37):250 (250)
(2,38):250 (250)
(2,39):250 (250)
(2,40):250 (250)
(2,41):250 (250)
(2,42):250 (250)
(2,43):250 (250)
(2,44):250 (250)
(2,45):250 (250)
(2,46):250 (250)
(2,47):250 (250)
(2,48):250 (250)
(2,49):250 (250)
(2,50):250 (250)
(2,51):250 (250)
(2,52):250 (250)
(2,53):250 (250)
(2,54):250 (250)
(2,55):250 (250)
(2,56):250 (250)
(2,57):250 (250)
(2,58):250 (250)
(2,59):250 (250)
(2,60):250 (250)
(2,61):250 (250)
(2,62):250 (250)
(2,63):250 (250)
(2,64):250 (250)
(2,65):250 (250)
(2,66):250 (250)
(2,67):250 (250)
(2,68):250 (250)
(2,69):250 (250)
(2,70):250 (250)
(2,71):250 (250)
(2,72):250 (250)
(2,73):250 (250)
(2,74):250 (250)
(2,75):250 (250)
(2,76):250 (250)
(2,77):250 (250)
(2,78):250 (250)
(2,79):250 (250)
(2,80):250 (250)
(2,81):250 (250)
(2,82):250 (250)
(2,83):250 (250)
(2,84):250 (250)
(2,85):250 (250)
(2,86):250 (250)
(2,87):250 (250)
(2,88):250 (250)
(2,89):250 (250)
(2,90):250 (250)
(2,91):250 (250)
(2,92):250 (250)
(2,93):250 (250)
(2,94):250 (250)
(2,95):250 (250)
(2,96):250 (250)
(2,97):250 (250)
(2,98):250 (250)
(2,99):250 (250)
(2,100):250 (250)
(2,101):250 (250)
(2,102):250 (250)
(2,103):250 (250)
(2,104):250 (250)
(2,105):250 (250)
(2,106):250 (250)
(2,107):250 (250)
(2,108):250 (250)
(2,109):250 (250)
(2,110):250 (250)
(2,111):250 (250)
(2,112):250 (250)
(2,113):250 (250)
(2,114):250 (250)
(2,115):250 (250)
(2,116):250 (250)
(2,117):250 (250)
(2,118):250 (250)
(2,119):250 (250)
(2,120):250 (250)
(2,121):250 (250)
(2,122):250 (250)
(2,123):250 (250)
(2,124):250 (250)
(2,125):250 (250)
(2,126):250 (250)
(2,127):187 (187)
(3,0):203 (203)
(3,1):101 (101)
(3,2):250 (250)
(3,3):125 (125)
(3,4):250 (250)
(3,5):125 (125)
(3,6):250 (250)
(3,7):125 (125)
(3,8):250 (250)
(3,9):125 (125)
(3,10):250 (250)
(3,11):125 (125)
(3,12):250 (250)
(3,13):125 (125)
(3,14):250 (250)
(3,15):125 (125)
(3,16):250 (250)
(3,17):125 (125)
(3,18):250 (250)
(3,19):125 (125)
(3,20):250 (250)
(3,21):125 (125)
(3,22):250 (250)
(3,23):125 (125)
(3,24):250 (250)
(3,25):125 (125)
(3,26):250 (250)
(3,27):125 (125)
(3,28):250 (250)
(3,29):125 (125)
(3,30):250 (250)
(3,31):125 (125)
(3,32):250 (250)
(3,33):125 (125)
(3,34):250 (250)
(3,35):125 (125)
(3,36):250 (250)
(3,37):125 (125)
(3,38):250 (250)
(3,39):125 (125)
(3,40):250 (250)
(3,41):125 (125)
(3,42):250 (250)
(3,43):125 (125)
(3,44):250 (250)
(3,45):125 (125)
(3,46):250 (250)
(3,47):125 (125)
(3,48):250 (250)
(3,49):125 (125)
(3,50):250 (250)
(3,51):125 (125)
(3,52):250 (250)
(3,53):125 (125)
(3,54):250 (250)
(3,55):125 (125)
(3,56):250 (250)
(3,57):125 (125)
(3,58):250 (250)
(3,59):125 (125)
(3,60):250 (250)
(3,61):125 (125)
(3,62):250 (250)
(3,63):125 (125)
(3,64):250 (250)
(3,65):125 (125)
(3,66):250 (250)
(3,67):125 (125)
(3,68):250 (250)
(3,69):125 (125)
(3,70):250 (250)
(3,71):125 (125)
(3,72):250 (250)
(3,73):125 (125)
(3,74):250 (250)
(3,75):125 (125)
(3,76):250 (250)
(3,77):125 (125)
(3,78):250 (250)
(3,79):125 (125)
(3,80):250 (250)
(3,81):125 (125)
(3,82):250 (250)
(3,83):125 (125)
(3,84):250 (250)
(3,85):125 (125)
(3,86):250 (250)
(3,87):125 (125)
(3,88):250 (250)
(3,89):125 (125)
(3,90):250 (250)
(3,91):125 (125)
(3,92):250 (250)
(3,93):125 (125)
(3,94):250 (250)
(3,95):125 (125)
(3,96):250 (250)
(3,97):125 (125)
(3,98):250 (250)
(3,99):125 (125)
(3,100):250 (250)
(3,101):125 (125)
(3,102):250 (250)
(3,103):125 (125)
(3,104):250 (250)
(3,105):125 (125)
(3,106):250 (250)
(3,107):125 (125)
(3,108):250 (250)
(3,109):125 (125)
(3,110):250 (250)
(3,111):125 (125)
(3,112):250 (250)
(3,113):125 (125)
(3,114):250 (250)
(3,115):125 (125)
(3,116):250 (250)
(3,117):125 (125)
(3,118):250 (250)
(3,119):125 (125)
(3,120):250 (250)
(3,121):125 (125)
(3,122):250 (250)
(3,123):125 (125)
(3,124):250 (250)
(3,125):125 (125)
(3,126):187 (187)
(3,127):93 (93)
(4,0):250 (250)
(4,1):203 (203)
(4,2):250 (250)
(4,3):250 (250)
(4,4):250 (250)
(4,5):250 (250)
(4,6):250 (250)
(4,7):250 (250)
(4,8):250 (250)
(4,9):250 (250)
(4,10):250 (250)
(4,11):250 (250)
(4,12):250 (250)
(4,13):250 (250)
(4,14):250 (250)
(4,15):250 (250)
(4,16):250 (250)
(4,17):250 (250)
(4,18):250 (250)
(4,19):250 (250)
(4,20):250 (250)
(4,21):250 (250)
(4,22):250 (250)
(4,23):250 (250)
(4,24):250 (250)
(4,25):250 (250)
(4,26):250 (250)
(4,27):250 (250)
(4,28):250 (250)
(4,29):250 (250)
(4,30):250 (250)
(4,31):250 (250)
(4,32):250 (250)
(4,33):250 (250)
(4,34):250 (250)
(4,35):250 (250)
(4,36):250 (250)
(4,37):250 (250)
(4,38):250 (250)
(4,39):250 (250)
(4,40):250 (250)
(4,41):250 (250)
(4,42):250 (250)
(4,43):250 (250)
(4,44):250 (250)
(4,45):250 (250)
(4,46):250 (250)
(4,47):250 (250)
(4,48):250 (250)
(4,49):250 (250)
(4,50):250 (250)
(4,51):250 (250)
(4,52):250 (250)
(4,53):250 (250)
(4,54):250 (250)
(4,55):250 (250)
(4,56):250 (250)
(4,57):250 (250)
(4,58):250 (250)
(4,59):250 (250)
(4,60):250 (250)
(4,61):250 (250)
(4,62):250 (250)
(4,63):250 (250)
(4,64):250 (250)
(4,65):250 (250)
(4,66):250 (250)
(4,67):250 (250)
(4,68):250 (250)
(4,69):250 (250)
(4,70):250 (250)
(4,71):250 (250)
(4,72):250 (250)
(4,73):250 (250)
(4,74):250 (250)
(4,75):250 (250)
(4,76):250 (250)
(4,77):250 (250)
(4,78):250 (250)
(4,79):250 (250)
(4,80):250 (250)
(4,81):249 (249)
(4,82):250 (250)
(4,83):245 (245)
(4,84):250 (250)
(4,85):242 (242)
(4,86):250 (250)
(4,87):242 (242)
(4,88):250 (250)
(4,89):246 (246)
(4,90):250 (250)
(4,91):250 (250)
(4,92):250 (250)
(4,93):250 (250)
(4,94):250 (250)
(4,95):250 (250)
(4,96):250 (250)
(4,97):250 (250)
(4,98):250 (250)
(4,99):250 (250)
(4,100):250 (250)
(4,101):250 (250)
(4,102):250 (250)
(4,103):250 (250)
(4,104):250 (250)
(4,105):250 (250)
(4,106):250 (250)
(4,107):250 (250)
(4,108):250 (250)
(4,109):250 (250)
(4,110):250 (250)
(4,111):250 (250)
(4,112):250 (250)
(4,113):250 (250)
(4,114):250 (250)
(4,115):250 (250)
(4,116):250 (250)
(4,117):250 (250)
(4,118):250 (250)
(4,119):250 (250)
(4,120):250 (250)
(4,121):250 (250)
(4,122):250 (250)
(4,123):250 (250)
(4,124):250 (250)
(4,125):250 (250)
(4,126):250 (250)
(4,127):187 (187)
(5,0):203 (203)
(5,1):101 (101)
(5,2):250 (250)
(5,3):125 (125)
(5,4):250 (250)
(5,5):125 (125)
(5,6):250 (250)
(5,7):125 (125)
(5,8):250 (250)
(5,9):125 (125)
(5,10):250 (250)
(5,11):125 (125)
(5,12):250 (250)
(5,13):125 (125)
(5,14):250 (250)
(5,15):125 (125)
(5,16):250 (250)
(5,17):125 (125)
(5,18):250 (250)
(5,19):125 (125)
(5,20):250 (250)
(5,21):125 (125)
(5,22):250 (250)
(5,23):125 (125)
(5,24):250 (250)
(5,25):125 (125)
(5,26):250 (250)
(5,27):125 (125)
(5,28):250 (250)
(5,29):125 (125)
(5,30):250 (250)
(5,31):125 (125)
(5,32):250 (250)
(5,33):125 (125)
(5,34):250 (250)
(5,35):125 (125)
(5,36):250 (250)
(5,37):125 (125)
(5,38):250 (250)
(5,39):125 (125)
(5,40):250 (250)
(5,41):125 (125)
(5,42):250 (250)
(5,43):125 (125)
(5,44):250 (250)
(5,45):125 (125)
(5,46):250 (250)
(5,47):125 (125)
(5,48):250 (250)
(5,49):125 (125)
(5,50):250 (250)
(5,51):125 (125)
(5,52):250 (250)
(5,53):125 (125)
(5,54):250 (250)
(5,55):125 (125)
(5,56):250 (250)
(5,57):125 (125)
(5,58):250 (250)
(5,59):125 (125)
(5,60):250 (250)
(5,61):125 (125)
(5,62):250 (250)
(5,63):125 (125)
(5,64):250 (250)
(5,65):125 (125)
(5,66):250 (250)
(5,67):125 (125)
(5,68):250 (250)
(5,69):125 (125)
(5,70):250 (250)
(5,71):125 (125)
(5,72):250 (250)
(5,73):125 (125)
(5,74):250 (250)
(5,75):125 (125)
(5,76):250 (250)
(5,77):125 (125)
(5,78):250 (250)
(5,79):122 (122)
(5,80):245 (245)
(5,81):117 (117)
(5,82):231 (231)
(5,83):110 (110)
(5,84):224 (224)
(5,85):110 (110)
(5,86):223 (223)
(5,87):111 (111)
(5,88):232 (232)
(5,89):116 (116)
(5,90):239 (239)
(5,91):119 (119)
(5,92):245 (245)
(5,93):123 (123)
(5,94):250 (250)
(5,95):125 (125)
(5,96):250 (250)
(5,97):125 (125)
(5,98):250 (250)
(5,99):125 (125)
(5,100):250 (250)
(5,101):125 (125)
(5,102):250 (250)
(5,103):125 (125)
(5,104):250 (250)
(5,105):125 (125)
(5,106):250 (250)
(5,107):125 (125)
(5,108):250 (250)
(5,109):125 (125)
(5,110):250 (250)
(5,111):125 (125)
(5,112):250 (250)
(5,113):125 (125)
(5,114):250 (250)
(5,115):125 (125)
(5,116):250 (250)
(5,117):125 (125)
(5,118):250 (250)
(5,119):125 (125)
(5,120):250 (250)
(5,121):125 (125)
(5,122):250 (250)
(5,123):125 (125)
(5,124):250 (250)
(5,125):125 (125)
(5,126):187 (187)
(5,127):93 (93)
(6,0):250 (250)
(6,1):203 (203)
(6,2):250 (250)
(6,3):250 (250)
(6,4):250 (250)
(6,5):250 (250)
(6,6):250 (250)
(6,7):250 (250)
(6,8):250 (250)
(6,9):250 (250)
(6,10):250 (250)
(6,11):250 (250)
(6,12):250 (250)
(6,13):250 (250)
(6,14):250 (250)
(6,15):250 (250)
(6,16):250 (250)
(6,17):250 (250)
(6,18):250 (250)
(6,19):250 (250)
(6,20):250 (250)
(6,21):250 (250)
(6,22):250 (250)
(6,23):250 (250)
(6,24):250 (250)
(6,25):250 (250)
(6,26):250 (250)
(6,27):250 (250)
(6,28):250 (250)
(6,29):250 (250)
(6,30):250 (250)
(6,31):250 (250)
(6,32):250 (250)
(6,33):250 (250)
(6,34):250 (250)
(6,35):250 (250)
(6,36):250 (250)
(6,37):250 (250)
(6,38):250 (250)
(6,39):250 (250)
(6,40):250 (250)
(6,41):250 (250)
(6,42):250 (250)
(6,43):250 (250)
(6,44):250 (250)
(6,45):250 (250)
(6,46):250 (250)
(6,47):250 (250)
(6,48):250 (250)
(6,49):250 (250)
(6,50):250 (250)
(6,51):250 (250)
(6,52):250 (250)
(6,53):250 (250)
(6,54):250 (250)
(6,55):250 (250)
(6,56):250 (250)
(6,57):250 (250)
(6,58):250 (250)
(6,59):250 (250)
(6,60):250 (250)
(6,61):250 (250)
(6,62):250 (250)
(6,63):250 (250)
(6,64):250 (250)
(6,65):250 (250)
(6,66):250 (250)
(6,67):250 (250)
(6,68):250 (250)
(6,69):250 (250)
(6,70):250 (250)
(6,71):250 (250)
(6,72):250 (250)
(6,73):250 (250)
(6,74):250 (250)
(6,75):248 (248)
(6,76):250 (250)
(6,77):241 (241)
(6,78):250 (250)
(6,79):227 (227)
(6,80):250 (250)
(6,81):221 (221)
(6,82):250 (250)
(6,83):214 (214)
(6,84):250 (250)
(6,85):188 (188)
(6,86):250 (250)
(6,87):185 (185)
(6,88):250 (250)
(6,89):215 (215)
(6,90):250 (250)
(6,91):224 (224)
(6,92):250 (250)
(6,93):238 (238)
(6,94):250 (250)
(6,95):244 (244)
(6,96):250 (250)
(6,97):250 (250)
(6,98):250 (250)
(6,99):250 (250)
(6,100):250 (250)
(6,101):250 (250)
(6,102):250 (250)
(6,103):250 (250)
(6,104):250 (250)
(6,105):250 (250)
(6,106):250 (250)
(6,107):250 (250)
(6,108):250 (250)
(6,109):250 (250)
(6,110):250 (250)
(6,111):250 (250)
(6,112):250 (250)
(6,113):250 (250)
(6,114):250 (250)
(6,115):250 (250)
(6,116):250 (250)
(6,117):250 (250)
(6,118):250 (250)
(6,119):250 (250)
(6,120):250 (250)
(6,121):250 (250)
(6,122):250 (250)
(6,123):250 (250)
(6,124):250 (250)
(6,125):250 (250)
(6,126):250 (250)
(6,127):187 (187)
(7,0):203 (203)
(7,1):101 (101)
(7,2):250 (250)
(7,3):125 (125)
(7,4):250 (250)
(7,5):125 (125)
(7,6):250 (250)
(7,7):125 (125)
(7,8):250 (250)
(7,9):125 (125)
(7,10):250 (250)
(7,11):125 (125)
(7,12):250 (250)
(7,13):125 (125)
(7,14):250 (250)
(7,15):125 (125)
(7,16):250 (250)
(7,17):125 (125)
(7,18):250 (250)
(7,19):125 (125)
(7,20):250 (250)
(7,21):125 (125)
(7,22):250 (250)
(7,23):125 (125)
(7,24):250 (250)
(7,25):125 (125)
(7,26):250 (250)
(7,27):125 (125)
(7,28):250 (250)
(7,29):125 (125)
(7,30):250 (250)
(7,31):125 (125)
(7,32):250 (250)
(7,33):125 (125)
(7,34):250 (250)
(7,35):125 (125)
(7,36):250 (250)
(7,37):125 (125)
(7,38):250 (250)
(7,39):125 (125)
(7,40):250 (250)
(7,41):125 (125)
(7,42):250 (250)
(7,43):125 (125)
(7,44):250 (250)
(7,45):125 (125)
(7,46):250 (250)
(7,47):125 (125)
(7,48):250 (250)
(7,49):125 (125)
(7,50):250 (250)
(7,51):125 (125)
(7,52):250 (250)
(7,53):125 (125)
(7,54):250 (250)
(7,55):125 (125)
(7,56):250 (250)
(7,57):125 (125)
(7,58):250 (250)
(7,59):125 (125)
(7,60):250 (250)
(7,61):125 (125)
(7,62):250 (250)
(7,63):125 (125)
(7,64):250 (250)
(7,65):125 (125)
(7,66):250 (250)
(7,67):125 (125)
(7,68):250 (250)
(7,69):125 (125)
(7,70):250 (250)
(7,71):122 (122)
(7,72):245 (245)
(7,73):120 (120)
(7,74):239 (239)
(7,75):117 (117)
(7,76):225 (225)
(7,77):113 (113)
(7,78):223 (223)
(7,79):110 (110)
(7,80):216 (216)
(7,81):91 (91)
(7,82):175 (175)
(7,83):64 (64)
(7,84):106 (106)
(7,85):54 (54)
(7,86):157 (157)
(7,87):84 (84)
(7,88):177 (177)
(7,89):84 (84)
(7,90):181 (181)
(7,91):94 (94)
(7,92):211 (211)
(7,93):109 (109)
(7,94):218 (218)
(7,95):114 (114)
(7,96):231 (231)
(7,97):120 (120)
(7,98):244 (244)
(7,99):125 (125)
(7,100):250 (250)
(7,101):125 (125)
(7,102):250 (250)
(7,103):125 (125)
(7,104):250 (250)
(7,105):125 (125)
(7,106):250 (250)
(7,107):125 (125)
(7,108):250 (250)
(7,109):125 (125)
(7,110):250 (250)
(7,111):125 (125)
(7,112):250 (250)
(7,113):125 (125)
(7,114):250 (250)
(7,115):125 (125)
(7,116):250 (250)
(7,117):125 (125)
(7,118):250 (250)
(7,119):125 (125)
(7,120):250 (250)
(7,121):125 (125)
(7,122):250 (250)
(7,123):125 (125)
(7,124):250 (250)
(7,125):125 (125)
(7,126):187 (187)
(7,127):93 (93)
(8,0):250 (250)
(8,1):203 (203)
(8,2):250 (250)
(8,3):250 (250)
(8,4):250 (250)
(8,5):250 (250)
(8,6):250 (250)
(8,7):250 (250)
(8,8):250 (250)
(8,9):250 (250)
(8,10):250 (250)
(8,11):250 (250)
(8,12):250 (250)
(8,13):250 (250)
(8,14):250 (250)
(8,15):250 (250)
(8,16):250 (250)
(8,17):250 (250)
(8,18):250 (250)
(8,19):250 (250)
(8,20):250 (250)
(8,21):250 (250)
(8,22):250 (250)
(8,23):250 (250)
(8,24):250 (250)
(8,25):250 (250)
(8,26):250 (250)
(8,27):250 (250)
(8,28):250 (250)
(8,29):250 (250)
(8,30):250 (250)
(8,31):250 (250)
(8,32):250 (250)
(8,33):250 (250)
(8,34):250 (250)
(8,35):250 (250)
(8,36):250 (250)
(8,37):250 (250)
(8,38):250 (250)
(8,39):250 (250)
(8,40):250 (250)
(8,41):250 (250)
(8,42):250 (250)
(8,43):250 (250)
(8,44):250 (250)
(8,45):250 (250)
(8,46):250 (250)
(8,47):250 (250)
(8,48):250 (250)
(8,49):250 (250)
(8,50):250 (250)
(8,51):250 (250)
(8,52):250 (250)
(8,53):249 (249)
(8,54):250 (250)
(8,55):249 (249)
(8,56):250 (250)
(8,57):249 (249)
(8,58):250 (250)
(8,59):249 (249)
(8,60):250 (250)
(8,61):249 (249)
(8,62):250 (250)
(8,63):249 (249)
(8,64):250 (250)
(8,65):249 (249)
(8,66):250 (250)
(8,67):250 (250)
(8,68):250 (250)
(8,69):249 (249)
(8,70):250 (250)
(8,71):235 (235)
(8,72):250 (250)
(8,73):227 (227)
(8,74):250 (250)
(8,75):217 (217)
(8,76):250 (250)
(8,77):207 (207)
(8,78):250 (250)
(8,79):156 (156)
(8,80):243 (243)
(8,81):107 (107)
(8,82):203 (219)
(8,83):145 (145)
(8,84):163 (169)
(8,85):140 (140)
(8,86):184 (196)
(8,87):118 (118)
(8,88):204 (204)
(8,89):98 (98)
(8,90):136 (136)
(8,91):163 (163)
(8,92):237 (237)
(8,93):182 (182)
(8,94):243 (243)
(8,95):224 (224)
(8,96):250 (250)
(8,97):237 (237)
(8,98):250 (250)
(8,99):243 (243)
(8,100):250 (250)
(8,101):250 (250)
(8,102):250 (250)
(8,103):250 (250)
(8,104):250 (250)
(8,105):250 (250)
(8,106):250 (250)
(8,107):250 (250)
(8,108):250 (250)
(8,109):250 (250)
(8,110):250 (250)
(8,111):250 (250)
(8,112):250 (250)
(8,113):250 (250)
(8,114):250 (250)
(8,115):250 (250)
(8,116):250 (250)
(8,117):250 (250)
(8,118):250 (250)
(8,119):250 (250)
(8,120):250 (250)
(8,121):250 (250)
(8,122):250 (250)
(8,123):250 (250)
(8,124):250 (250)
(8,125):250 (250)
(8,126):250 (250)
(8,127):187 (187)
(9,0):203 (203)
(9,1):101 (101)
(9,2):250 (250)
(9,3):125 (125)
(9,4):250 (250)
(9,5):125 (125)
(9,6):250 (250)
(9,7):125 (125)
(9,8):250 (250)
(9,9):125 (125)
(9,10):250 (250)
(9,11):125 (125)
(9,12):250 (250)
(9,13):125 (125)
(9,14):250 (250)
(9,15):125 (125)
(9,16):250 (250)
(9,17):125 (125)
(9,18):250 (250)
(9,19):125 (125)
(9,20):250 (250)
(9,21):125 (125)
(9,22):250 (250)
(9,23):125 (125)
(9,24):250 (250)
(9,25):125 (125)
(9,26):250 (250)
(9,27):125 (125)
(9,28):250 (250)
(9,29):125 (125)
(9,30):250 (250)
(9,31):125 (125)
(9,32):250 (250)
(9,33):125 (125)
(9,34):250 (250)
(9,35):125 (125)
(9,36):250 (250)
(9,37):125 (125)
(9,38):250 (250)
(9,39):125 (125)
(9,40):250 (250)
(9,41):125 (125)
(9,42):250 (250)
(9,43):125 (125)
(9,44):250 (250)
(9,45):123 (123)
(9,46):246 (246)
(9,47):122 (122)
(9,48):241 (241)
(9,49):119 (119)
(9,50):235 (235)
(9,51):118 (118)
(9,52):227 (227)
(9,53):114 (114)
(9,54):226 (226)
(9,55):111 (111)
(9,56):219 (219)
(9,57):110 (110)
(9,58):224 (224)
(9,59):110 (110)
(9,60):218 (218)
(9,61):110 (110)
(9,62):218 (218)
(9,63):107 (107)
(9,64):219 (219)
(9,65):109 (109)
(9,66):224 (224)
(9,67):112 (112)
(9,68):229 (229)
(9,69):115 (115)
(9,70):230 (230)
(9,71):111 (111)
(9,72):227 (227)
(9,73):95 (95)
(9,74):193 (193)
(9,75):95 (95)
(9,76):163 (163)
(9,77):86 (86)
(9,78):107 (107)
(9,79):56 (56)
(9,80):148 (148)
(9,81):75 (75)
(9,82):130 (130)
(9,83):75 (75)
(9,84):142 (142)
(9,85):76 (76)
(9,86):160 (160)
(9,87):83 (83)
(9,88):169 (169)
(9,89):83 (83)
(9,90):154 (154)
(9,91):82 (82)
(9,92):101 (101)
(9,93):55 (55)
(9,94):108 (108)
(9,95):74 (74)
(9,96):162 (162)
(9,97):108 (108)
(9,98):218 (218)
(9,99):115 (115)
(9,100):236 (236)
(9,101):122 (122)
(9,102):250 (250)
(9,103):125 (125)
(9,104):250 (250)
(9,105):125 (125)
(9,106):250 (250)
(9,107):125 (125)
(9,108):250 (250)
(9,109):125 (125)
(9,110):250 (250)
(9,111):125 (125)
(9,112):250 (250)
(9,113):125 (125)
(9,114):250 (250)
(9,115):125 (125)
(9,116):250 (250)
(9,117):125 (125)
(9,118):250 (250)
(9,119):125 (125)
(9,120):250 (250)
(9,121):125 (125)
(9,122):250 (250)
(9,123):125 (125)
(9,124):250 (250)
(9,125):125 (125)
(9,126):187 (187)
(9,127):93 (93)
(10,0):250 (250)
(10,1):203 (203)
(10,2):250 (250)
(10,3):250 (250)
(10,4):250 (250)
(10,5):250 (250)
(10,6):250 (250)
(10,7):250 (250)
(10,8):250 (250)
(10,9):250 (250)
(10,10):250 (250)
(10,11):250 (250)
(10,12):250 (250)
(10,13):250 (250)
(10,14):250 (250)
(10,15):250 (250)
(10,16):250 (250)
(10,17):250 (250)
(10,18):250 (250)
(10,19):250 (250)
(10,20):250 (250)
(10,21):250 (250)
(10,22):250 (250)
(10,23):250 (250)
(10,24):250 (250)
(10,25):250 (250)
(10,26):250 (250)
(10,27):250 (250)
(10,28):250 (250)
(10,29):250 (250)
(10,30):250 (250)
(10,31):250 (250)
(10,32):250 (250)
(10,33):250 (250)
(10,34):250 (250)
(10,35):250 (250)
(10,36):250 (250)
(10,37):250 (250)
(10,38):250 (250)
(10,39):245 (245)
(10,40):250 (250)
(10,41):239 (239)
(10,42):250 (250)
(10,43):227 (227)
(10,44):250 (250)
(10,45):218 (218)
(10,46):250 (250)
(10,47):216 (216)
(10,48):250 (250)
(10,49):213 (213)
(10,50):250 (250)
(10,51):214 (214)
(10,52):250 (250)
(10,53):210 (210)
(10,54):250 (250)
(10,55):211 (211)
(10,56):250 (250)
(10,57):211 (211)
(10,58):250 (250)
(10,59):218 (218)
(10,60):250 (250)
(10,61):223 (223)
(10,62):250 (250)
(10,63):227 (227)
(10,64):250 (250)
(10,65):225 (225)
(10,66):250 (250)
(10,67):219 (219)
(10,68):250 (250)
(10,69):211 (211)
(10,70):250 (250)
(10,71):189 (189)
(10,72):202 (202)
(10,73):90 (90)
(10,74):115 (115)
(10,75):128 (128)
(10,76):181 (181)
(10,77):127 (127)
(10,78):192 (192)
(10,79):133 (133)
(10,80):194 (211)
(10,81):154 (154)
(10,82):193 (211)
(10,83):147 (147)
(10,84):199 (219)
(10,85):150 (150)
(10,86):191 (208)
(10,87):143 (143)
(10,88):163 (172)
(10,89):156 (156)
(10,90):203 (222)
(10,91):152 (152)
(10,92):184 (198)
(10,93):149 (149)
(10,94):185 (199)
(10,95):151 (151)
(10,96):118 (118)
(10,97):155 (155)
(10,98):210 (210)
(10,99):217 (217)
(10,100):250 (250)
(10,101):236 (236)
(10,102):250 (250)
(10,103):249 (249)
(10,104):250 (250)
(10,105):250 (250)
(10,106):250 (250)
(10,107):250 (250)
(10,108):250 (250)
(10,109):250 (250)
(10,110):250 (250)
(10,111):250 (250)
(10,112):250 (250)
(10,113):250 (250)
(10,114):250 (250)
(10,115):250 (250)
(10,116):250 (250)
(10,117):250 (250)
(10,118):250 (250)
(10,119):250 (250)
(10,120):250 (250)
(10,121):250 (250)
(10,122):250 (250)
(10,123):250 (250)
(10,124):250 (250)
(10,125):250 (250)
(10,126):250 (250)
(10,127):187 (187)
(11,0):203 (203)
(11,1):101 (101)
(11,2):250 (250)
(11,3):125 (125)
(11,4):250 (250)
(11,5):125 (125)
(11,6):250 (250)
(11,7):125 (125)
(11,8):250 (250)
(11,9):125 (125)
(11,10):250 (250)
(11,11):125 (125)
(11,12):250 (250)
(11,13):125 (125)
(11,14):250 (250)
(11,15):125 (125)
(11,16):250 (250)
(11,17):125 (125)
(11,18):250 (250)
(11,19):125 (125)
(11,20):250 (250)
(11,21):125 (125)
(11,22):250 (250)
(11,23):125 (125)
(11,24):250 (250)
(11,25):125 (125)
(11,26):250 (250)
(11,27):125 (125)
(11,28):250 (250)
(11,29):125 (125)
(11,30):250 (250)
(11,31):125 (125)
(11,32):250 (250)
(11,33):125 (125)
(11,34):250 (250)
(11,35):125 (125)
(11,36):245 (245)
(11,37):122 (122)
(11,38):234 (234)
(11,39):120 (120)
(11,40):227 (227)
(11,41):113 (113)
(11,42):217 (217)
(11,43):108 (108)
(11,44):215 (215)
(11,45):106 (106)
(11,46):212 (212)
(11,47):98 (98)
(11,48):190 (190)
(11,49):100 (100)
(11,50):182 (182)
(11,51):90 (90)
(11,52):176 (176)
(11,53):91 (91)
(11,54):128 (128)
(11,55):65 (65)
(11,56):156 (156)
(11,57):61 (61)
(11,58):120 (120)
(11,59):80 (80)
(11,60):153 (153)
(11,61):64 (64)
(11,62):113 (113)
(11,63):60 (60)
(11,64):120 (120)
(11,65):61 (61)
(11,66):166 (166)
(11,67):78 (78)
(11,68):158 (158)
(11,69):92 (92)
(11,70):168 (168)
(11,71):81 (81)
(11,72):170 (170)
(11,73):55 (55)
(11,74):150 (150)
(11,75):83 (83)
(11,76):143 (143)
(11,77):78 (78)
(11,78):136 (136)
(11,79):84 (84)
(11,80):153 (153)
(11,81):85 (85)
(11,82):167 (167)
(11,83):86 (86)
(11,84):173 (173)
(11,85):92 (92)
(11,86):169 (169)
(11,87):88 (88)
(11,88):169 (169)
(11,89):91 (91)
(11,90):153 (153)
(11,91):82 (82)
(11,92):156 (156)
(11,93):85 (85)
(11,94):157 (157)
(11,95):75 (75)
(11,96):98 (98)
(11,97):48 (48)
(11,98):94 (94)
(11,99):81 (81)
(11,100):210 (210)
(11,101):111 (111)
(11,102):236 (236)
(11,103):121 (121)
(11,104):250 (250)
(11,105):125 (125)
(11,106):250 (250)
(11,107):125 (125)
(11,108):250 (250)
(11,109):125 (125)
(11,110):250 (250)
(11,111):125 (125)
(11,112):250 (250)
(11,113):125 (125)
(11,114):250 (250)
(11,115):125 (125)
(11,116):250 (250)
(11,117):125 (125)
(11,118):250 (250)
(11,119):125 (125)
(11,120):250 (250)
(11,121):125 (125)
(11,122):250 (250)
(11,123):125 (125)
(11,124):250 (250)
(11,125):125 (125)
(11,126):187 (187)
(11,127):93 (93)
(12,0):250 (250)
(12,1):203 (203)
(12,2):250 (250)
(12,3):250 (250)
(12,4):250 (250)
(12,5):250 (250)
(12,6):250 (250)
(12,7):250 (250)
(12,8):250 (250)
(12,9):250 (250)
(12,10):250 (250)
(12,11):250 (250)
(12,12):250 (250)
(12,13):250 (250)
(12,14):250 (250)
(12,15):250 (250)
(12,16):250 (250)
(12,17):250 (250)
(12,18):250 (250)
(12,19):250 (250)
(12,20):250 (250)
(12,21):250 (250)
(12,22):250 (250)
(12,23):250 (250)
(12,24):250 (250)
(12,25):250 (250)
(12,26):250 (250)
(12,27):250 (250)
(12,28):250 (250)
(12,29):250 (250)
(12,30):250 (250)
(12,31):244 (244)
(12,32):250 (250)
(12,33):238 (238)
(12,34):250 (250)
(12,35):231 (231)
(12,36):250 (250)
(12,37):222 (222)
(12,38):250 (250)
(12,39):215 (215)
(12,40):250 (250)
(12,41):174 (174)
(12,42):243 (243)
(12,43):161 (161)
(12,44):228 (228)
(12,45):116 (116)
(12,46):208 (208)
(12,47):95 (95)
(12,48):130 (130)
(12,49):137 (137)
(12,50):126 (126)
(12,51):95 (95)
(12,52):130 (130)
(12,53):99 (99)
(12,54):145 (145)
(12,55):111 (111)
(12,56):159 (159)
(12,57):121 (121)
(12,58):172 (172)
(12,59):125 (125)
(12,60):183 (183)
(12,61):139 (139)
(12,62):189 (201)
(12,63):166 (166)
(12,64):218 (238)
(12,65):163 (163)
(12,66):215 (234)
(12,67):121 (121)
(12,68):160 (166)
(12,69):104 (104)
(12,70):114 (114)
(12,71):66 (66)
(12,72):81 (81)
(12,73):70 (70)
(12,74):136 (136)
(12,75):96 (96)
(12,76):150 (150)
(12,77):145 (145)
(12,78):152 (162)
(12,79):150 (150)
(12,80):184 (202)
(12,81):148 (148)
(12,82):202 (225)
(12,83):155 (155)
(12,84):205 (228)
(12,85):165 (165)
(12,86):199 (220)
(12,87):164 (164)
(12,88):209 (232)
(12,89):163 (163)
(12,90):201 (222)
(12,91):158 (158)
(12,92):206 (228)
(12,93):154 (154)
(12,94):184 (201)
(12,95):118 (118)
(12,96):180 (196)
(12,97):97 (97)
(12,98):103 (103)
(12,99):89 (89)
(12,100):216 (216)
(12,101):207 (207)
(12,102):250 (250)
(12,103):235 (235)
(12,104):250 (250)
(12,105):250 (250)
(12,106):250 (250)
(12,107):250 (250)
(12,108):250 (250)
(12,109):250 (250)
(12,110):250 (250)
(12,111):250 (250)
(12,112):250 (250)
(12,113):250 (250)
(12,114):250 (250)
(12,115):250 (250)
(12,116):250 (250)
(12,117):250 (250)
(12,118):250 (250)
(12,119):250 (250)
(12,120):250 (250)
(12,121):250 (250)
(12,122):250 (250)
(12,123):250 (250)
(12,124):250 (250)
(12,125):250 (250)
(12,126):250 (250)
(12,127):187 (187)
(13,0):203 (203)
(13,1):101 (101)
(13,2):250 (250)
(13,3):125 (125)
(13,4):250 (250)
(13,5):125 (125)
(13,6):250 (250)
(13,7):125 (125)
(13,8):250 (250)
(13,9):125 (125)
(13,10):250 (250)
(13,11):125 (125)
(13,12):250 (250)
(13,13):125 (125)
(13,14):250 (250)
(13,15):125 (125)
(13,16):250 (250)
(13,17):125 (125)
(13,18):250 (250)
(13,19):125 (125)
(13,20):250 (250)
(13,21):125 (125)
(13,22):250 (250)
(13,23):125 (125)
(13,24):250 (250)
(13,25):125 (125)
(13,26):250 (250)
(13,27):125 (125)
(13,28):245 (245)
(13,29):122 (122)
(13,30):240 (240)
(13,31):116 (116)
(13,32):226 (226)
(13,33):110 (110)
(13,34):224 (224)
(13,35):109 (109)
(13,36):218 (218)
(13,37):110 (110)
(13,38):182 (182)
(13,39):96 (96)
(13,40):132 (132)
(13,41):84 (84)
(13,42):152 (152)
(13,43):53 (53)
(13,44):99 (99)
(13,45):50 (50)
(13,46):99 (99)
(13,47):79 (79)
(13,48):152 (152)
(13,49):77 (77)
(13,50):168 (168)
(13,51):89 (89)
(13,52):154 (154)
(13,53):83 (83)
(13,54):166 (166)
(13,55):82 (82)
(13,56):137 (137)
(13,57):77 (77)
(13,58):162 (162)
(13,59):78 (78)
(13,60):135 (135)
(13,61):82 (82)
(13,62):152 (152)
(13,63):73 (73)
(13,64):150 (150)
(13,65):83 (83)
(13,66):158 (158)
(13,67):83 (83)
(13,68):162 (162)
(13,69):88 (88)
(13,70):165 (165)
(13,71):79 (79)
(13,72):153 (153)
(13,73):71 (71)
(13,74):144 (144)
(13,75):52 (52)
(13,76):138 (138)
(13,77):76 (76)
(13,78):153 (153)
(13,79):78 (78)
(13,80):165 (165)
(13,81):73 (73)
(13,82):167 (167)
(13,83):84 (84)
(13,84):168 (168)
(13,85):90 (90)
(13,86):167 (167)
(13,87):91 (91)
(13,88):171 (171)
(13,89):92 (92)
(13,90):173 (173)
(13,91):92 (92)
(13,92):175 (175)
(13,93):88 (88)
(13,94):157 (157)
(13,95):77 (77)
(13,96):145 (145)
(13,97):75 (75)
(13,98):96 (96)
(13,99):46 (46)
(13,100):79 (79)
(13,101):75 (75)
(13,102):210 (210)
(13,103):111 (111)
(13,104):236 (236)
(13,105):121 (121)
(13,106):250 (250)
(13,107):125 (125)
(13,108):250 (250)
(13,109):125 (125)
(13,110):250 (250)
(13,111):125 (125)
(13,112):250 (250)
(13,113):125 (125)
(13,114):250 (250)
(13,115):125 (125)
(13,116):250 (250)
(13,117):125 (125)
(13,118):250 (250)
(13,119):125 (125)
(13,120):250 (250)
(13,121):125 (125)
(13,122):250 (250)
(13,123):125 (125)
(13,124):250 (250)
(13,125):125 (125)
(13,126):187 (187)
(13,127):93 (93)
(14,0):250 (250)
(14,1):203 (203)
(14,2):250 (250)
(14,3):250 (250)
(14,4):250 (250)
(14,5):250 (250)
(14,6):250 (250)
(14,7):250 (250)
(14,8):250 (250)
(14,9):250 (250)
(14,10):250 (250)
(14,11):250 (250)
(14,12):250 (250)
(14,13):250 (250)
(14,14):250 (250)
(14,15):250 (250)
(14,16):250 (250)
(14,17):250 (250)
(14,18):250 (250)
(14,19):250 (250)
(14,20):250 (250)
(14,21):250 (250)
(14,22):250 (250)
(14,23):250 (250)
(14,24):250 (250)
(14,25):244 (244)
(14,26):250 (250)
(14,27):238 (238)
(14,28):250 (250)
(14,29):223 (223)
(14,30):250 (250)
(14,31):216 (216)
(14,32):250 (250)
(14,33):168 (168)
(14,34):232 (232)
(14,35):163 (163)
(14,36):213 (213)
(14,37):147 (147)
(14,38):132 (132)
(14,39):90 (90)
(14,40):117 (117)
(14,41):129 (129)
(14,42):170 (180)
(14,43):119 (119)
(14,44):155 (162)
(14,45):117 (117)
(14,46):170 (181)
(14,47):143 (143)
(14,48):184 (199)
(14,49):120 (120)
(14,50):202 (202)
(14,51):146 (146)
(14,52):210 (210)
(14,53):143 (143)
(14,54):214 (214)
(14,55):150 (150)
(14,56):216 (216)
(14,57):154 (154)
(14,58):195 (211)
(14,59):152 (152)
(14,60):199 (216)
(14,61):155 (155)
(14,62):198 (216)
(14,63):150 (150)
(14,64):203 (222)
(14,65):147 (147)
(14,66):191 (208)
(14,67):136 (136)
(14,68):188 (204)
(14,69):136 (136)
(14,70):180 (196)
(14,71):121 (121)
(14,72):181 (198)
(14,73):142 (142)
(14,74):175 (175)
(14,75):133 (133)
(14,76):169 (169)
(14,77):138 (138)
(14,78):123 (123)
(14,79):140 (140)
(14,80):171 (171)
(14,81):120 (120)
(14,82):181 (199)
(14,83):147 (147)
(14,84):177 (193)
(14,85):155 (155)
(14,86):199 (220)
(14,87):164 (164)
(14,88):209 (231)
(14,89):164 (164)
(14,90):208 (229)
(14,91):165 (165)
(14,92):209 (231)
(14,93):154 (154)
(14,94):206 (228)
(14,95):151 (151)
(14,96):183 (202)
(14,97):135 (135)
(14,98):184 (204)
(14,99):90 (90)
(14,100):102 (102)
(14,101):75 (75)
(14,102):201 (201)
(14,103):210 (210)
(14,104):250 (250)
(14,105):234 (234)
(14,106):250 (250)
(14,107):249 (249)
(14,108):250 (250)
(14,109):250 (250)
(14,110):250 (250)
(14,111):250 (250)
(14,112):250 (250)
(14,113):250 (250)
(14,114):250 (250)
(14,115):250 (250)
(14,116):250 (250)
(14,117):250 (250)
(14,118):250 (250)
(14,119):250 (250)
(14,120):250 (250)
(14,121):250 (250)
(14,122):250 (250)
(14,123):250 (250)
(14,124):250 (250)
(14,125):250 (250)
(14,126):250 (250)
(14,127):187 (187)
(15,0):203 (203)
(15,1):101 (101)
(15,2):250 (250)
(15,3):125 (125)
(15,4):250 (250)
(15,5):125 (125)
(15,6):250 (250)
(15,7):125 (125)
(15,8):250 (250)
(15,9):125 (125)
(15,10):250 (250)
(15,11):125 (125)
(15,12):250 (250)
(15,13):125 (125)
(15,14):250 (250)
(15,15):125 (125)
(15,16):250 (250)
(15,17):125 (125)
(15,18):250 (250)
(15,19):125 (125)
(15,20):250 (250)
(15,21):125 (125)
(15,22):250 (250)
(15,23):125 (125)
(15,24):244 (244)
(15,25):123 (123)
(15,26):230 (230)
(15,27):116 (116)
(15,28):219 (219)
(15,29):111 (111)
(15,30):177 (177)
(15,31):87 (87)
(15,32):170 (170)
(15,33):57 (57)
(15,34):109 (109)
(15,35):59 (59)
(15,36):150 (150)
(15,37):82 (82)
(15,38):149 (149)
(15,39):79 (79)
(15,40):161 (161)
(15,41):78 (78)
(15,42):148 (148)
(15,43):72 (72)
(15,44):152 (152)
(15,45):83 (83)
(15,46):142 (142)
(15,47):84 (84)
(15,48):163 (163)
(15,49):93 (93)
(15,50):180 (180)
(15,51):94 (94)
(15,52):186 (186)
(15,53):102 (102)
(15,54):183 (183)
(15,55):94 (94)
(15,56):187 (187)
(15,57):97 (97)
(15,58):177 (177)
(15,59):95 (95)
(15,60):179 (179)
(15,61):91 (91)
(15,62):169 (169)
(15,63):93 (93)
(15,64):175 (175)
(15,65):89 (89)
(15,66):171 (171)
(15,67):92 (92)
(15,68):174 (174)
(15,69):89 (89)
(15,70):172 (172)
(15,71):88 (88)
(15,72):164 (164)
(15,73):83 (83)
(15,74):168 (168)
(15,75):87 (87)
(15,76):165 (165)
(15,77):86 (86)
(15,78):170 (170)
(15,79):72 (72)
(15,80):152 (152)
(15,81):51 (51)
(15,82):132 (132)
(15,83):76 (76)
(15,84):127 (127)
(15,85):84 (84)
(15,86):159 (159)
(15,87):90 (90)
(15,88):175 (175)
(15,89):92 (92)
(15,90):173 (173)
(15,91):92 (92)
(15,92):174 (174)
(15,93):90 (90)
(15,94):172 (172)
(15,95):90 (90)
(15,96):152 (152)
(15,97):80 (80)
(15,98):118 (118)
(15,99):78 (78)
(15,100):103 (103)
(15,101):46 (46)
(15,102):86 (86)
(15,103):75 (75)
(15,104):213 (213)
(15,105):111 (111)
(15,106):236 (236)
(15,107):121 (121)
(15,108):250 (250)
(15,109):125 (125)
(15,110):250 (250)
(15,111):125 (125)
(15,112):250 (250)
(15,113):125 (125)
(15,114):250 (250)
(15,115):125 (125)
(15,116):250 (250)
(15,117):125 (125)
(15,118):250 (250)
(15,119):125 (125)
(15,120):250 (250)
(15,121):125 (125)
(15,122):250 (250)
(15,123):125 (125)
(15,124):250 (250)
(15,125):125 (125)
(15,126):187 (187)
(15,127):93 (93)
(16,0):250 (250)
(16,1):203 (203)
(16,2):250 (250)
(16,3):250 (250)
(16,4):250 (250)
(16,5):250 (250)
(16,6):250 (250)
(16,7):250 (250)
(16,8):250 (250)
(16,9):250 (250)
(16,10):250 (250)
(16,11):248 (248)
(16,12):250 (250)
(16,13):247 (247)
(16,14):250 (250)
(16,15):247 (247)
(16,16):250 (250)
(16,17):248 (248)
(16,18):250 (250)
(16,19):249 (249)
(16,20):250 (250)
(16,21):248 (248)
(16,22):250 (250)
(16,23):244 (244)
(16,24):250 (250)
(16,25):225 (225)
(16,26):250 (250)
(16,27):170 (170)
(16,28):234 (247)
(16,29):153 (153)
(16,30):203 (219)
(16,31):85 (85)
(16,32):111 (111)
(16,33):128 (128)
(16,34):127 (127)
(16,35):117 (117)
(16,36):154 (154)
(16,37):132 (132)
(16,38):199 (199)
(16,39):136 (136)
(16,40):192 (210)
(16,41):144 (144)
(16,42):170 (183)
(16,43):144 (144)
(16,44):199 (220)
(16,45):161 (161)
(16,46):209 (232)
(16,47):161 (161)
(16,48):221 (246)
(16,49):178 (178)
(16,50):250 (250)
(16,51):201 (201)
(16,52):250 (250)
(16,53):218 (218)
(16,54):250 (250)
(16,55):215 (215)
(16,56):250 (250)
(16,57):203 (203)
(16,58):250 (250)
(16,59):194 (194)
(16,60):250 (250)
(16,61):172 (172)
(16,62):217 (238)
(16,63):169 (169)
(16,64):211 (232)
(16,65):159 (159)
(16,66):210 (232)
(16,67):163 (163)
(16,68):209 (232)
(16,69):157 (157)
(16,70):210 (234)
(16,71):166 (166)
(16,72):200 (222)
(16,73):157 (157)
(16,74):225 (225)
(16,75):160 (160)
(16,76):201 (201)
(16,77):159 (159)
(16,78):223 (223)
(16,79):152 (152)
(16,80):179 (196)
(16,81):125 (125)
(16,82):100 (100)
(16,83):72 (72)
(16,84):145 (154)
(16,85):143 (143)
(16,86):193 (214)
(16,87):154 (154)
(16,88):204 (226)
(16,89):165 (165)
(16,90):205 (226)
(16,91):162 (162)
(16,92):210 (232)
(16,93):164 (164)
(16,94):209 (231)
(16,95):165 (165)
(16,96):205 (229)
(16,97):143 (143)
(16,98):178 (196)
(16,99):114 (114)
(16,100):180 (199)
(16,101):113 (113)
(16,102):100 (100)
(16,103):76 (76)
(16,104):177 (177)
(16,105):204 (204)
(16,106):250 (250)
(16,107):234 (234)
(16,108):250 (250)
(16,109):249 (249)
(16,110):250 (250)
(16,111):250 (250)
(16,112):250 (250)
(16,113):250 (250)
(16,114):250 (250)
(16,115):250 (250)
(16,116):250 (250)
(16,117):250 (250)
(16,118):250 (250)
(16,119):250 (250)
(16,120):250 (250)
(16,121):250 (250)
(16,122):250 (250)
(16,123):250 (250)
(16,124):250 (250)
(16,125):250 (250)
(16,126):250 (250)
(16,127):187 (187)
(17,0):203 (203)
(17,1):101 (101)
(17,2):250 (250)
(17,3):125 (125)
(17,4):250 (250)
(17,5):125 (125)
(17,6):250 (250)
(17,7):125 (125)
(17,8):244 (244)
(17,9):122 (122)
(17,10):231 (231)
(17,11):116 (116)
(17,12):217 (217)
(17,13):110 (110)
(17,14):211 (211)
(17,15):109 (109)
(17,16):217 (217)
(17,17):109 (109)
(17,18):223 (223)
(17,19):109 (109)
(17,20):222 (222)
(17,21):109 (109)
(17,22):215 (215)
(17,23):108 (108)
(17,24):209 (209)
(17,25):111 (111)
(17,26):165 (165)
(17,27):92 (92)
(17,28):95 (95)
(17,29):56 (56)
(17,30):144 (144)
(17,31):69 (69)
(17,32):127 (127)
(17,33):77 (77)
(17,34):161 (161)
(17,35):87 (87)
(17,36):146 (146)
(17,37):84 (84)
(17,38):169 (169)
(17,39):87 (87)
(17,40):174 (174)
(17,41):87 (87)
(17,42):173 (173)
(17,43):92 (92)
(17,44):169 (169)
(17,45):91 (91)
(17,46):180 (180)
(17,47):96 (96)
(17,48):189 (189)
(17,49):110 (110)
(17,50):230 (230)
(17,51):119 (119)
(17,52):235 (235)
(17,53):118 (118)
(17,54):235 (235)
(17,55):119 (119)
(17,56):234 (234)
(17,57):118 (118)
(17,58):234 (234)
(17,59):117 (117)
(17,60):213 (213)
(17,61):108 (108)
(17,62):179 (179)
(17,63):95 (95)
(17,64):177 (177)
(17,65):91 (91)
(17,66):174 (174)
(17,67):92 (92)
(17,68):175 (175)
(17,69):91 (91)
(17,70):175 (175)
(17,71):91 (91)
(17,72):172 (172)
(17,73):92 (92)
(17,74):172 (172)
(17,75):92 (92)
(17,76):173 (173)
(17,77):89 (89)
(17,78):170 (170)
(17,79):81 (81)
(17,80):163 (163)
(17,81):88 (88)
(17,82):119 (119)
(17,83):75 (75)
(17,84):88 (88)
(17,85):74 (74)
(17,86):151 (151)
(17,87):85 (85)
(17,88):170 (170)
(17,89):92 (92)
(17,90):172 (172)
(17,91):91 (91)
(17,92):173 (173)
(17,93):91 (91)
(17,94):173 (173)
(17,95):92 (92)
(17,96):165 (165)
(17,97):90 (90)
(17,98):160 (160)
(17,99):80 (80)
(17,100):146 (146)
(17,101):79 (79)
(17,102):123 (123)
(17,103):49 (49)
(17,104):86 (86)
(17,105):78 (78)
(17,106):209 (209)
(17,107):115 (115)
(17,108):236 (236)
(17,109):122 (122)
(17,110):250 (250)
(17,111):125 (125)
(17,112):250 (250)
(17,113):125 (125)
(17,114):250 (250)
(17,115):125 (125)
(17,116):250 (250)
(17,117):125 (125)
(17,118):250 (250)
(17,119):125 (125)
(17,120):250 (250)
(17,121):125 (125)
(17,122):250 (250)
(17,123):125 (125)
(17,124):250 (250)
(17,125):125 (125)
(17,126):187 (187)
(17,127):93 (93)
(18,0):250 (250)
(18,1):203 (203)
(18,2):250 (250)
(18,3):250 (250)
(18,4):250 (250)
(18,5):250 (250)
(18,6):250 (250)
(18,7):243 (243)
(18,8):250 (250)
(18,9):229 (229)
(18,10):250 (250)
(18,11):218 (218)
(18,12):250 (250)
(18,13):196 (196)
(18,14):250 (250)
(18,15):206 (206)
(18,16):250 (250)
(18,17):218 (218)
(18,18):250 (250)
(18,19):219 (219)
(18,20):250 (250)
(18,21):210 (210)
(18,22):250 (250)
(18,23):207 (207)
(18,24):237 (250)
(18,25):161 (161)
(18,26):227 (240)
(18,27):100 (100)
(18,28):189 (205)
(18,29):107 (107)
(18,30):174 (187)
(18,31):132 (132)
(18,32):165 (177)
(18,33):143 (143)
(18,34):183 (199)
(18,35):161 (161)
(18,36):194 (213)
(18,37):153 (153)
(18,38):203 (225)
(18,39):164 (164)
(18,40):203 (225)
(18,41):156 (156)
(18,42):209 (232)
(18,43):165 (165)
(18,44):205 (226)
(18,45):164 (164)
(18,46):223 (246)
(18,47):188 (188)
(18,48):250 (250)
(18,49):230 (230)
(18,50):250 (250)
(18,51):242 (242)
(18,52):250 (250)
(18,53):243 (243)
(18,54):250 (250)
(18,55):242 (242)
(18,56):250 (250)
(18,57):241 (241)
(18,58):250 (250)
(18,59):234 (234)
(18,60):250 (250)
(18,61):219 (219)
(18,62):250 (250)
(18,63):189 (189)
(18,64):229 (241)
(18,65):167 (167)
(18,66):210 (229)
(18,67):161 (161)
(18,68):210 (231)
(18,69):162 (162)
(18,70):210 (232)
(18,71):165 (165)
(18,72):208 (229)
(18,73):165 (165)
(18,74):212 (234)
(18,75):165 (165)
(18,76):209 (231)
(18,77):167 (167)
(18,78):209 (232)
(18,79):155 (155)
(18,80):186 (205)
(18,81):120 (120)
(18,82):186 (208)
(18,83):111 (111)
(18,84):156 (171)
(18,85):73 (73)
(18,86):160 (175)
(18,87):146 (146)
(18,88):185 (204)
(18,89):157 (157)
(18,90):206 (228)
(18,91):164 (164)
(18,92):210 (232)
(18,93):162 (162)
(18,94):210 (232)
(18,95):164 (164)
(18,96):207 (229)
(18,97):155 (155)
(18,98):205 (228)
(18,99):158 (158)
(18,100):183 (202)
(18,101):136 (136)
(18,102):177 (196)
(18,103):99 (99)
(18,104):100 (100)
(18,105):81 (81)
(18,106):190 (190)
(18,107):212 (212)
(18,108):250 (250)
(18,109):242 (242)
(18,110):250 (250)
(18,111):250 (250)
(18,112):250 (250)
(18,113):250 (250)
(18,114):250 (250)
(18,115):250 (250)
(18,116):250 (250)
(18,117):250 (250)
(18,118):250 (250)
(18,119):250 (250)
(18,120):250 (250)
(18,121):250 (250)
(18,122):250 (250)
(18,123):250 (250)
(18,124):250 (250)
(18,125):250 (250)
(18,126):250 (250)
(18,127):187 (187)
(19,0):200 (200)
(19,1):101 (101)
(19,2):247 (247)
(19,3):125 (125)
(19,4):243 (243)
(19,5):122 (122)
(19,6):237 (237)
(19,7):115 (115)
(19,8):218 (218)
(19,9):108 (108)
(19,10):160 (160)
(19,11):82 (82)
(19,12):94 (94)
(19,13):54 (54)
(19,14):92 (92)
(19,15):54 (54)
(19,16):110 (110)
(19,17):75 (75)
(19,18):157 (157)
(19,19):59 (59)
(19,20):160 (160)
(19,21):57 (57)
(19,22):105 (105)
(19,23):77 (77)
(19,24):91 (91)
(19,25):58 (58)
(19,26):125 (125)
(19,27):79 (79)
(19,28):138 (138)
(19,29):81 (81)
(19,30):154 (154)
(19,31):85 (85)
(19,32):165 (165)
(19,33):92 (92)
(19,34):166 (166)
(19,35):91 (91)
(19,36):176 (176)
(19,37):90 (90)
(19,38):171 (171)
(19,39):92 (92)
(19,40):173 (173)
(19,41):90 (90)
(19,42):174 (174)
(19,43):91 (91)
(19,44):172 (172)
(19,45):93 (93)
(19,46):191 (191)
(19,47):105 (105)
(19,48):235 (235)
(19,49):119 (119)
(19,50):243 (243)
(19,51):124 (124)
(19,52):250 (250)
(19,53):125 (125)
(19,54):250 (250)
(19,55):125 (125)
(19,56):250 (250)
(19,57):125 (125)
(19,58):246 (246)
(19,59):123 (123)
(19,60):237 (237)
(19,61):119 (119)
(19,62):216 (216)
(19,63):102 (102)
(19,64):183 (183)
(19,65):93 (93)
(19,66):176 (176)
(19,67):91 (91)
(19,68):173 (173)
(19,69):91 (91)
(19,70):173 (173)
(19,71):92 (92)
(19,72):173 (173)
(19,73):91 (91)
(19,74):174 (174)
(19,75):90 (90)
(19,76):170 (170)
(19,77):91 (91)
(19,78):173 (173)
(19,79):89 (89)
(19,80):163 (163)
(19,81):89 (89)
(19,82):151 (151)
(19,83):78 (78)
(19,84):108 (108)
(19,85):49 (49)
(19,86):117 (117)
(19,87):79 (79)
(19,88):142 (142)
(19,89):88 (88)
(19,90):168 (168)
(19,91):91 (91)
(19,92):174 (174)
(19,93):90 (90)
(19,94):173 (173)
(19,95):92 (92)
(19,96):173 (173)
(19,97):91 (91)
(19,98):171 (171)
(19,99):92 (92)
(19,100):162 (162)
(19,101):82 (82)
(19,102):149 (149)
(19,103):79 (79)
(19,104):96 (96)
(19,105):72 (72)
(19,106):89 (89)
(19,107):84 (84)
(19,108):215 (215)
(19,109):115 (115)
(19,110):243 (243)
(19,111):125 (125)
(19,112):250 (250)
(19,113):125 (125)
(19,114):250 (250)
(19,115):125 (125)
(19,116):250 (250)
(19,117):125 (125)
(19,118):250 (250)
(19,119):125 (125)
(19,120):250 (250)
(19,121):125 (125)
(19,122):250 (250)
(19,123):125 (125)
(19,124):250 (250)
(19,125):125 (125)
(19,126):187 (187)
(19,127):93 (93)
(20,0):250 (250)
(20,1):203 (203)
(20,2):250 (250)
(20,3):243 (243)
(20,4):250 (250)
(20,5):228 (228)
(20,6):250 (250)
(20,7):211 (211)
(20,8):211 (211)
(20,9):150 (150)
(20,10):120 (120)
(20,11):87 (87)
(20,12):121 (121)
(20,13):124 (124)
(20,14):170 (181)
(20,15):95 (95)
(20,16):135 (135)
(20,17):147 (147)
(20,18):196 (211)
(20,19):145 (145)
(20,20):200 (216)
(20,21):102 (102)
(20,22):206 (216)
(20,23):104 (104)
(20,24):206 (217)
(20,25):140 (140)
(20,26):210 (223)
(20,27):158 (158)
(20,28):211 (235)
(20,29):151 (151)
(20,30):196 (217)
(20,31):162 (162)
(20,32):208 (232)
(20,33):160 (160)
(20,34):199 (220)
(20,35):164 (164)
(20,36):209 (231)
(20,37):162 (162)
(20,38):208 (229)
(20,39):163 (163)
(20,40):208 (229)
(20,41):161 (161)
(20,42):207 (228)
(20,43):163 (163)
(20,44):208 (228)
(20,45):168 (168)
(20,46):228 (250)
(20,47):190 (190)
(20,48):250 (250)
(20,49):235 (235)
(20,50):250 (250)
(20,51):249 (249)
(20,52):250 (250)
(20,53):250 (250)
(20,54):250 (250)
(20,55):250 (250)
(20,56):250 (250)
(20,57):250 (250)
(20,58):250 (250)
(20,59):247 (247)
(20,60):250 (250)
(20,61):240 (240)
(20,62):250 (250)
(20,63):212 (212)
(20,64):250 (250)
(20,65):172 (172)
(20,66):226 (238)
(20,67):167 (167)
(20,68):219 (231)
(20,69):163 (163)
(20,70):208 (229)
(20,71):165 (165)
(20,72):209 (231)
(20,73):165 (165)
(20,74):211 (234)
(20,75):163 (163)
(20,76):209 (232)
(20,77):161 (161)
(20,78):202 (226)
(20,79):147 (147)
(20,80):193 (216)
(20,81):140 (140)
(20,82):169 (193)
(20,83):118 (118)
(20,84):134 (153)
(20,85):86 (86)
(20,86):82 (82)
(20,87):96 (96)
(20,88):173 (192)
(20,89):153 (153)
(20,90):197 (219)
(20,91):164 (164)
(20,92):210 (232)
(20,93):162 (162)
(20,94):210 (231)
(20,95):164 (164)
(20,96):210 (231)
(20,97):165 (165)
(20,98):211 (234)
(20,99):164 (164)
(20,100):205 (228)
(20,101):151 (151)
(20,102):182 (202)
(20,103):132 (132)
(20,104):158 (172)
(20,105):83 (83)
(20,106):97 (97)
(20,107):133 (133)
(20,108):217 (217)
(20,109):221 (221)
(20,110):250 (250)
(20,111):243 (243)
(20,112):250 (250)
(20,113):250 (250)
(20,114):250 (250)
(20,115):250 (250)
(20,116):250 (250)
(20,117):250 (250)
(20,118):250 (250)
(20,119):250 (250)
(20,120):250 (250)
(20,121):250 (250)
(20,122):250 (250)
(20,123):250 (250)
(20,124):250 (250)
(20,125):250 (250)
(20,126):250 (250)
(20,127):187 (187)
(21,0):182 (182)
(21,1):101 (101)
(21,2):241 (241)
(21,3):117 (117)
(21,4):223 (223)
(21,5):111 (111)
(21,6):165 (165)
(21,7):83 (83)
(21,8):143 (143)
(21,9):51 (51)
(21,10):80 (80)
(21,11):60 (60)
(21,12):100 (100)
(21,13):60 (60)
(21,14):109 (109)
(21,15):68 (68)
(21,16):136 (136)
(21,17):74 (74)
(21,18):165 (165)
(21,19):73 (73)
(21,20):157 (157)
(21,21):81 (81)
(21,22):139 (139)
(21,23):77 (77)
(21,24):160 (160)
(21,25):91 (91)
(21,26):160 (160)
(21,27):84 (84)
(21,28):171 (171)
(21,29):93 (93)
(21,30):169 (169)
(21,31):91 (91)
(21,32):175 (175)
(21,33):92 (92)
(21,34):173 (173)
(21,35):93 (93)
(21,36):173 (173)
(21,37):90 (90)
(21,38):172 (172)
(21,39):91 (91)
(21,40):172 (172)
(21,41):91 (91)
(21,42):171 (171)
(21,43):92 (92)
(21,44):173 (173)
(21,45):94 (94)
(21,46):185 (185)
(21,47):99 (99)
(21,48):215 (215)
(21,49):118 (118)
(21,50):242 (242)
(21,51):124 (124)
(21,52):250 (250)
(21,53):125 (125)
(21,54):250 (250)
(21,55):125 (125)
(21,56):250 (250)
(21,57):125 (125)
(21,58):250 (250)
(21,59):125 (125)
(21,60):246 (246)
(21,61):121 (121)
(21,62):238 (238)
(21,63):117 (117)
(21,64):207 (207)
(21,65):96 (96)
(21,66):180 (180)
(21,67):93 (93)
(21,68):172 (172)
(21,69):91 (91)
(21,70):173 (173)
(21,71):91 (91)
(21,72):167 (167)
(21,73):91 (91)
(21,74):168 (168)
(21,75):88 (88)
(21,76):157 (157)
(21,77):79 (79)
(21,78):140 (140)
(21,79):78 (78)
(21,80):156 (156)
(21,81):71 (71)
(21,82):146 (146)
(21,83):70 (70)
(21,84):139 (139)
(21,85):58 (58)
(21,86):73 (73)
(21,87):61 (61)
(21,88):131 (131)
(21,89):76 (76)
(21,90):162 (162)
(21,91):90 (90)
(21,92):172 (172)
(21,93):91 (91)
(21,94):172 (172)
(21,95):92 (92)
(21,96):173 (173)
(21,97):91 (91)
(21,98):172 (172)
(21,99):93 (93)
(21,100):170 (170)
(21,101):91 (91)
(21,102):159 (159)
(21,103):85 (85)
(21,104):140 (140)
(21,105):60 (60)
(21,106):83 (83)
(21,107):48 (48)
(21,108):146 (146)
(21,109):105 (105)
(21,110):229 (229)
(21,111):121 (121)
(21,112):250 (250)
(21,113):125 (125)
(21,114):250 (250)
(21,115):125 (125)
(21,116):250 (250)
(21,117):125 (125)
(21,118):250 (250)
(21,119):125 (125)
(21,120):250 (250)
(21,121):125 (125)
(21,122):250 (250)
(21,123):125 (125)
(21,124):250 (250)
(21,125):125 (125)
(21,126):187 (187)
(21,127):93 (93)
(22,0):199 (250)
(22,1):185 (185)
(22,2):250 (250)
(22,3):216 (216)
(22,4):250 (250)
(22,5):154 (154)
(22,6):96 (96)
(22,7):80 (80)
(22,8):88 (88)
(22,9):91 (91)
(22,10):161 (172)
(22,11):119 (119)
(22,12):185 (204)
(22,13):131 (131)
(22,14):178 (195)
(22,15):159 (159)
(22,16):206 (228)
(22,17):138 (138)
(22,18):204 (225)
(22,19):150 (150)
(22,20):209 (231)
(22,21):151 (151)
(22,22):204 (225)
(22,23):156 (156)
(22,24):208 (231)
(22,25):155 (155)
(22,26):208 (231)
(22,27):161 (161)
(22,28):211 (235)
(22,29):163 (163)
(22,30):208 (231)
(22,31):165 (165)
(22,32):205 (226)
(22,33):164 (164)
(22,34):205 (226)
(22,35):163 (163)
(22,36):208 (229)
(22,37):162 (162)
(22,38):208 (229)
(22,39):161 (161)
(22,40):207 (228)
(22,41):161 (161)
(22,42):210 (231)
(22,43):162 (162)
(22,44):209 (229)
(22,45):165 (165)
(22,46):235 (249)
(22,47):178 (178)
(22,48):250 (250)
(22,49):227 (227)
(22,50):250 (250)
(22,51):245 (245)
(22,52):250 (250)
(22,53):250 (250)
(22,54):250 (250)
(22,55):250 (250)
(22,56):250 (250)
(22,57):250 (250)
(22,58):250 (250)
(22,59):250 (250)
(22,60):250 (250)
(22,61):246 (246)
(22,62):250 (250)
(22,63):232 (232)
(22,64):250 (250)
(22,65):200 (200)
(22,66):231 (244)
(22,67):171 (171)
(22,68):206 (226)
(22,69):163 (163)
(22,70):200 (222)
(22,71):158 (158)
(22,72):192 (213)
(22,73):154 (154)
(22,74):183 (204)
(22,75):142 (142)
(22,76):178 (199)
(22,77):115 (115)
(22,78):158 (180)
(22,79):115 (115)
(22,80):122 (133)
(22,81):94 (94)
(22,82):116 (124)
(22,83):66 (66)
(22,84):67 (67)
(22,85):58 (58)
(22,86):90 (90)
(22,87):65 (65)
(22,88):124 (132)
(22,89):138 (138)
(22,90):194 (217)
(22,91):161 (161)
(22,92):210 (234)
(22,93):163 (163)
(22,94):207 (228)
(22,95):164 (164)
(22,96):210 (231)
(22,97):163 (163)
(22,98):208 (229)
(22,99):167 (167)
(22,100):204 (226)
(22,101):163 (163)
(22,102):202 (226)
(22,103):138 (138)
(22,104):166 (184)
(22,105):103 (103)
(22,106):101 (102)
(22,107):68 (68)
(22,108):180 (180)
(22,109):152 (152)
(22,110):250 (250)
(22,111):235 (235)
(22,112):250 (250)
(22,113):250 (250)
(22,114):250 (250)
(22,115):250 (250)
(22,116):250 (250)
(22,117):250 (250)
(22,118):250 (250)
(22,119):250 (250)
(22,120):250 (250)
(22,121):250 (250)
(22,122):250 (250)
(22,123):250 (250)
(22,124):250 (250)
(22,125):250 (250)
(22,126):250 (250)
(22,127):187 (187)
(23,0):196 (196)
(23,1):94 (94)
(23,2):227 (227)
(23,3):105 (105)
(23,4):154 (154)
(23,5):47 (47)
(23,6):93 (93)
(23,7):62 (62)
(23,8):109 (109)
(23,9):85 (85)
(23,10):157 (157)
(23,11):82 (82)
(23,12):159 (159)
(23,13):86 (86)
(23,14):168 (168)
(23,15):92 (92)
(23,16):177 (177)
(23,17):92 (92)
(23,18):179 (179)
(23,19):94 (94)
(23,20):174 (174)
(23,21):92 (92)
(23,22):179 (179)
(23,23):91 (91)
(23,24):174 (174)
(23,25):91 (91)
(23,26):175 (175)
(23,27):92 (92)
(23,28):173 (173)
(23,29):93 (93)
(23,30):171 (171)
(23,31):92 (92)
(23,32):173 (173)
(23,33):92 (92)
(23,34):170 (170)
(23,35):92 (92)
(23,36):171 (171)
(23,37):90 (90)
(23,38):172 (172)
(23,39):91 (91)
(23,40):173 (173)
(23,41):90 (90)
(23,42):173 (173)
(23,43):92 (92)
(23,44):170 (170)
(23,45):91 (91)
(23,46):176 (176)
(23,47):97 (97)
(23,48):186 (186)
(23,49):112 (112)
(23,50):234 (234)
(23,51):122 (122)
(23,52):246 (246)
(23,53):125 (125)
(23,54):250 (250)
(23,55):125 (125)
(23,56):250 (250)
(23,57):125 (125)
(23,58):250 (250)
(23,59):125 (125)
(23,60):250 (250)
(23,61):124 (124)
(23,62):244 (244)
(23,63):118 (118)
(23,64):228 (228)
(23,65):109 (109)
(23,66):178 (178)
(23,67):92 (92)
(23,68):159 (159)
(23,69):85 (85)
(23,70):143 (143)
(23,71):82 (82)
(23,72):147 (147)
(23,73):79 (79)
(23,74):120 (120)
(23,75):72 (72)
(23,76):103 (103)
(23,77):55 (55)
(23,78):92 (92)
(23,79):32 (32)
(23,80):64 (64)
(23,81):38 (38)
(23,82):120 (120)
(23,83):67 (67)
(23,84):132 (132)
(23,85):71 (71)
(23,86):91 (91)
(23,87):42 (42)
(23,88):103 (103)
(23,89):76 (76)
(23,90):155 (155)
(23,91):88 (88)
(23,92):174 (174)
(23,93):91 (91)
(23,94):172 (172)
(23,95):92 (92)
(23,96):169 (169)
(23,97):90 (90)
(23,98):162 (162)
(23,99):87 (87)
(23,100):161 (161)
(23,101):85 (85)
(23,102):161 (161)
(23,103):78 (78)
(23,104):130 (130)
(23,105):50 (50)
(23,106):95 (95)
(23,107):43 (43)
(23,108):83 (83)
(23,109):72 (72)
(23,110):209 (209)
(23,111):112 (112)
(23,112):243 (243)
(23,113):122 (122)
(23,114):250 (250)
(23,115):125 (125)
(23,116):250 (250)
(23,117):125 (125)
(23,118):250 (250)
(23,119):125 (125)
(23,120):250 (250)
(23,121):125 (125)
(23,122):250 (250)
(23,123):125 (125)
(23,124):250 (250)
(23,125):125 (125)
(23,126):187 (187)
(23,127):93 (93)
(24,0):187 (250)
(24,1):112 (112)
(24,2):196 (229)
(24,3):102 (102)
(24,4):75 (75)
(24,5):109 (109)
(24,6):130 (130)
(24,7):139 (139)
(24,8):208 (208)
(24,9):144 (144)
(24,10):197 (219)
(24,11):160 (160)
(24,12):207 (231)
(24,13):162 (162)
(24,14):212 (237)
(24,15):165 (165)
(24,16):218 (243)
(24,17):174 (174)
(24,18):223 (249)
(24,19):169 (169)
(24,20):215 (238)
(24,21):168 (168)
(24,22):212 (235)
(24,23):163 (163)
(24,24):211 (234)
(24,25):165 (165)
(24,26):210 (232)
(24,27):159 (159)
(24,28):209 (231)
(24,29):160 (160)
(24,30):203 (223)
(24,31):159 (159)
(24,32):204 (225)
(24,33):159 (159)
(24,34):206 (228)
(24,35):161 (161)
(24,36):207 (229)
(24,37):158 (158)
(24,38):206 (229)
(24,39):161 (161)
(24,40):203 (225)
(24,41):157 (157)
(24,42):204 (226)
(24,43):165 (165)
(24,44):199 (220)
(24,45):162 (162)
(24,46):215 (238)
(24,47):173 (173)
(24,48):222 (244)
(24,49):189 (189)
(24,50):250 (250)
(24,51):239 (239)
(24,52):250 (250)
(24,53):248 (248)
(24,54):250 (250)
(24,55):250 (250)
(24,56):250 (250)
(24,57):250 (250)
(24,58):250 (250)
(24,59):250 (250)
(24,60):250 (250)
(24,61):248 (248)
(24,62):250 (250)
(24,63):233 (233)
(24,64):250 (250)
(24,65):196 (196)
(24,66):210 (231)
(24,67):151 (151)
(24,68):176 (193)
(24,69):135 (135)
(24,70):135 (145)
(24,71):129 (129)
(24,72):120 (130)
(24,73):93 (93)
(24,74):99 (105)
(24,75):69 (69)
(24,76):55 (55)
(24,77):41 (41)
(24,78):58 (58)
(24,79):36 (36)
(24,80):45 (45)
(24,81):53 (53)
(24,82):75 (75)
(24,83):132 (132)
(24,84):244 (244)
(24,85):168 (168)
(24,86):151 (151)
(24,87):73 (73)
(24,88):127 (138)
(24,89):93 (93)
(24,90):176 (202)
(24,91):151 (151)
(24,92):204 (229)
(24,93):156 (156)
(24,94):205 (228)
(24,95):155 (155)
(24,96):197 (217)
(24,97):152 (152)
(24,98):192 (210)
(24,99):157 (157)
(24,100):185 (202)
(24,101):154 (154)
(24,102):181 (198)
(24,103):144 (144)
(24,104):165 (181)
(24,105):85 (85)
(24,106):142 (157)
(24,107):61 (61)
(24,108):78 (78)
(24,109):123 (123)
(24,110):199 (199)
(24,111):213 (213)
(24,112):250 (250)
(24,113):242 (242)
(24,114):250 (250)
(24,115):250 (250)
(24,116):250 (250)
(24,117):250 (250)
(24,118):250 (250)
(24,119):250 (250)
(24,120):250 (250)
(24,121):250 (250)
(24,122):250 (250)
(24,123):250 (250)
(24,124):250 (250)
(24,125):250 (250)
(24,126):250 (250)
(24,127):187 (187)
(25,0):182 (182)
(25,1):83 (83)
(25,2):156 (156)
(25,3):38 (38)
(25,4):122 (122)
(25,5):62 (62)
(25,6):154 (154)
(25,7):84 (84)
(25,8):166 (166)
(25,9):89 (89)
(25,10):171 (171)
(25,11):93 (93)
(25,12):176 (176)
(25,13):93 (93)
(25,14):178 (178)
(25,15):94 (94)
(25,16):181 (181)
(25,17):95 (95)
(25,18):185 (185)
(25,19):95 (95)
(25,20):178 (178)
(25,21):93 (93)
(25,22):176 (176)
(25,23):91 (91)
(25,24):174 (174)
(25,25):91 (91)
(25,26):174 (174)
(25,27):91 (91)
(25,28):173 (173)
(25,29):87 (87)
(25,30):164 (164)
(25,31):84 (84)
(25,32):158 (158)
(25,33):83 (83)
(25,34):165 (165)
(25,35):88 (88)
(25,36):168 (168)
(25,37):87 (87)
(25,38):163 (163)
(25,39):80 (80)
(25,40):160 (160)
(25,41):83 (83)
(25,42):159 (159)
(25,43):84 (84)
(25,44):156 (156)
(25,45):84 (84)
(25,46):160 (160)
(25,47):88 (88)
(25,48):170 (170)
(25,49):93 (93)
(25,50):184 (184)
(25,51):109 (109)
(25,52):219 (219)
(25,53):115 (115)
(25,54):228 (228)
(25,55):120 (120)
(25,56):237 (237)
(25,57):124 (124)
(25,58):246 (246)
(25,59):125 (125)
(25,60):246 (246)
(25,61):121 (121)
(25,62):232 (232)
(25,63):106 (106)
(25,64):202 (202)
(25,65):103 (103)
(25,66):135 (135)
(25,67):73 (73)
(25,68):101 (101)
(25,69):56 (56)
(25,70):88 (88)
(25,71):45 (45)
(25,72):70 (70)
(25,73):31 (31)
(25,74):46 (46)
(25,75):26 (26)
(25,76):50 (50)
(25,77):26 (26)
(25,78):38 (38)
(25,79):26 (26)
(25,80):63 (63)
(25,81):42 (42)
(25,82):119 (119)
(25,83):83 (83)
(25,84):190 (190)
(25,85):92 (92)
(25,86):133 (133)
(25,87):47 (47)
(25,88):69 (69)
(25,89):54 (54)
(25,90):138 (138)
(25,91):85 (85)
(25,92):167 (167)
(25,93):88 (88)
(25,94):163 (163)
(25,95):86 (86)
(25,96):155 (155)
(25,97):84 (84)
(25,98):135 (135)
(25,99):78 (78)
(25,100):157 (157)
(25,101):63 (63)
(25,102):126 (126)
(25,103):62 (62)
(25,104):111 (111)
(25,105):73 (73)
(25,106):93 (93)
(25,107):56 (56)
(25,108):81 (81)
(25,109):43 (43)
(25,110):136 (136)
(25,111):82 (82)
(25,112):220 (220)
(25,113):119 (119)
(25,114):241 (241)
(25,115):125 (125)
(25,116):247 (247)
(25,117):125 (125)
(25,118):250 (250)
(25,119):125 (125)
(25,120):250 (250)
(25,121):125 (125)
(25,122):250 (250)
(25,123):125 (125)
(25,124):250 (250)
(25,125):125 (125)
(25,126):187 (187)
(25,127):93 (93)
(26,0):158 (246)
(26,1):58 (58)
(26,2):148 (178)
(26,3):59 (59)
(26,4):105 (106)
(26,5):132 (132)
(26,6):185 (205)
(26,7):165 (165)
(26,8):229 (229)
(26,9):164 (164)
(26,10):211 (235)
(26,11):164 (164)
(26,12):212 (235)
(26,13):165 (165)
(26,14):215 (238)
(26,15):168 (168)
(26,16):218 (241)
(26,17):172 (172)
(26,18):220 (243)
(26,19):169 (169)
(26,20):222 (235)
(26,21):166 (166)
(26,22):211 (232)
(26,23):163 (163)
(26,24):210 (231)
(26,25):163 (163)
(26,26):208 (229)
(26,27):159 (159)
(26,28):202 (222)
(26,29):148 (148)
(26,30):179 (195)
(26,31):136 (136)
(26,32):178 (195)
(26,33):146 (146)
(26,34):175 (193)
(26,35):129 (129)
(26,36):175 (195)
(26,37):134 (134)
(26,38):167 (189)
(26,39):114 (114)
(26,40):162 (183)
(26,41):132 (132)
(26,42):141 (156)
(26,43):137 (137)
(26,44):160 (181)
(26,45):137 (137)
(26,46):145 (160)
(26,47):121 (121)
(26,48):182 (202)
(26,49):154 (154)
(26,50):219 (219)
(26,51):193 (193)
(26,52):250 (250)
(26,53):212 (212)
(26,54):250 (250)
(26,55):223 (223)
(26,56):250 (250)
(26,57):231 (231)
(26,58):250 (250)
(26,59):245 (245)
(26,60):250 (250)
(26,61):242 (242)
(26,62):250 (250)
(26,63):210 (210)
(26,64):225 (246)
(26,65):153 (153)
(26,66):175 (189)
(26,67):72 (72)
(26,68):73 (73)
(26,69):55 (55)
(26,70):45 (45)
(26,71):38 (38)
(26,72):34 (34)
(26,73):37 (37)
(26,74):27 (27)
(26,75):31 (31)
(26,76):37 (37)
(26,77):36 (36)
(26,78):39 (39)
(26,79):48 (48)
(26,80):78 (78)
(26,81):140 (140)
(26,82):231 (231)
(26,83):215 (215)
(26,84):246 (246)
(26,85):177 (177)
(26,86):154 (178)
(26,87):66 (66)
(26,88):81 (81)
(26,89):82 (82)
(26,90):142 (160)
(26,91):122 (122)
(26,92):189 (219)
(26,93):148 (148)
(26,94):191 (214)
(26,95):122 (122)
(26,96):173 (189)
(26,97):108 (108)
(26,98):103 (103)
(26,99):156 (156)
(26,100):162 (162)
(26,101):158 (158)
(26,102):228 (228)
(26,103):126 (126)
(26,104):159 (169)
(26,105):129 (129)
(26,106):88 (88)
(26,107):74 (74)
(26,108):90 (90)
(26,109):66 (66)
(26,110):103 (103)
(26,111):141 (141)
(26,112):250 (250)
(26,113):222 (222)
(26,114):250 (250)
(26,115):244 (244)
(26,116):250 (250)
(26,117):250 (250)
(26,118):250 (250)
(26,119):250 (250)
(26,120):250 (250)
(26,121):250 (250)
(26,122):250 (250)
(26,123):250 (250)
(26,124):250 (250)
(26,125):250 (250)
(26,126):250 (250)
(26,127):187 (187)
(27,0):155 (155)
(27,1):31 (31)
(27,2):87 (87)
(27,3):41 (41)
(27,4):116 (116)
(27,5):68 (68)
(27,6):169 (169)
(27,7):91 (91)
(27,8):177 (177)
(27,9):93 (93)
(27,10):177 (177)
(27,11):92 (92)
(27,12):177 (177)
(27,13):92 (92)
(27,14):179 (179)
(27,15):93 (93)
(27,16):178 (178)
(27,17):94 (94)
(27,18):178 (178)
(27,19):92 (92)
(27,20):173 (173)
(27,21):92 (92)
(27,22):174 (174)
(27,23):90 (90)
(27,24):172 (172)
(27,25):90 (90)
(27,26):173 (173)
(27,27):91 (91)
(27,28):168 (168)
(27,29):83 (83)
(27,30):140 (140)
(27,31):43 (43)
(27,32):119 (119)
(27,33):55 (55)
(27,34):141 (141)
(27,35):73 (73)
(27,36):139 (139)
(27,37):62 (62)
(27,38):109 (109)
(27,39):59 (59)
(27,40):93 (93)
(27,41):50 (50)
(27,42):89 (89)
(27,43):54 (54)
(27,44):104 (104)
(27,45):55 (55)
(27,46):102 (102)
(27,47):58 (58)
(27,48):107 (107)
(27,49):54 (54)
(27,50):119 (119)
(27,51):58 (58)
(27,52):123 (123)
(27,53):75 (75)
(27,54):144 (144)
(27,55):107 (107)
(27,56):199 (199)
(27,57):118 (118)
(27,58):238 (238)
(27,59):121 (121)
(27,60):240 (240)
(27,61):111 (111)
(27,62):199 (199)
(27,63):88 (88)
(27,64):88 (88)
(27,65):47 (47)
(27,66):76 (76)
(27,67):66 (66)
(27,68):63 (63)
(27,69):42 (42)
(27,70):68 (68)
(27,71):35 (35)
(27,72):62 (62)
(27,73):35 (35)
(27,74):70 (70)
(27,75):34 (34)
(27,76):64 (64)
(27,77):36 (36)
(27,78):69 (69)
(27,79):63 (63)
(27,80):142 (142)
(27,81):84 (84)
(27,82):223 (223)
(27,83):112 (112)
(27,84):211 (211)
(27,85):93 (93)
(27,86):125 (125)
(27,87):41 (41)
(27,88):65 (65)
(27,89):42 (42)
(27,90):91 (91)
(27,91):56 (56)
(27,92):123 (123)
(27,93):76 (76)
(27,94):145 (145)
(27,95):72 (72)
(27,96):95 (95)
(27,97):46 (46)
(27,98):114 (114)
(27,99):80 (80)
(27,100):206 (206)
(27,101):108 (108)
(27,102):222 (222)
(27,103):113 (113)
(27,104):213 (213)
(27,105):107 (107)
(27,106):158 (158)
(27,107):78 (78)
(27,108):89 (89)
(27,109):47 (47)
(27,110):88 (88)
(27,111):78 (78)
(27,112):161 (161)
(27,113):112 (112)
(27,114):217 (217)
(27,115):124 (124)
(27,116):243 (243)
(27,117):125 (125)
(27,118):250 (250)
(27,119):125 (125)
(27,120):250 (250)
(27,121):125 (125)
(27,122):250 (250)
(27,123):125 (125)
(27,124):250 (250)
(27,125):125 (125)
(27,126):187 (187)
(27,127):93 (93)
(28,0):126 (216)
(28,1):40 (40)
(28,2):87 (99)
(28,3):65 (65)
(28,4):162 (184)
(28,5):145 (145)
(28,6):194 (217)
(28,7):165 (165)
(28,8):213 (237)
(28,9):165 (165)
(28,10):213 (235)
(28,11):167 (167)
(28,12):213 (234)
(28,13):164 (164)
(28,14):215 (237)
(28,15):167 (167)
(28,16):221 (234)
(28,17):166 (166)
(28,18):221 (234)
(28,19):164 (164)
(28,20):216 (228)
(28,21):163 (163)
(28,22):210 (231)
(28,23):162 (162)
(28,24):209 (229)
(28,25):162 (162)
(28,26):206 (226)
(28,27):160 (160)
(28,28):200 (220)
(28,29):150 (150)
(28,30):155 (166)
(28,31):114 (114)
(28,32):94 (94)
(28,33):91 (91)
(28,34):89 (90)
(28,35):78 (78)
(28,36):61 (61)
(28,37):42 (42)
(28,38):48 (48)
(28,39):40 (40)
(28,40):39 (39)
(28,41):38 (38)
(28,42):43 (43)
(28,43):41 (41)
(28,44):34 (34)
(28,45):36 (36)
(28,46):48 (48)
(28,47):41 (41)
(28,48):43 (43)
(28,49):45 (45)
(28,50):78 (78)
(28,51):74 (74)
(28,52):102 (102)
(28,53):145 (145)
(28,54):130 (130)
(28,55):118 (118)
(28,56):150 (150)
(28,57):193 (193)
(28,58):241 (241)
(28,59):235 (235)
(28,60):250 (250)
(28,61):220 (220)
(28,62):249 (249)
(28,63):166 (166)
(28,64):124 (124)
(28,65):114 (114)
(28,66):181 (199)
(28,67):150 (150)
(28,68):144 (159)
(28,69):73 (73)
(28,70):82 (82)
(28,71):65 (65)
(28,72):98 (103)
(28,73):94 (94)
(28,74):139 (139)
(28,75):84 (84)
(28,76):124 (124)
(28,77):125 (125)
(28,78):187 (187)
(28,79):172 (172)
(28,80):250 (250)
(28,81):177 (177)
(28,82):221 (250)
(28,83):214 (214)
(28,84):221 (250)
(28,85):125 (125)
(28,86):145 (157)
(28,87):62 (62)
(28,88):78 (78)
(28,89):52 (52)
(28,90):117 (127)
(28,91):125 (125)
(28,92):168 (193)
(28,93):135 (135)
(28,94):158 (177)
(28,95):85 (85)
(28,96):79 (79)
(28,97):144 (144)
(28,98):176 (192)
(28,99):206 (206)
(28,100):250 (250)
(28,101):222 (222)
(28,102):250 (250)
(28,103):228 (228)
(28,104):250 (250)
(28,105):204 (204)
(28,106):250 (250)
(28,107):153 (153)
(28,108):196 (196)
(28,109):128 (128)
(28,110):144 (144)
(28,111):98 (98)
(28,112):240 (240)
(28,113):179 (179)
(28,114):250 (250)
(28,115):238 (238)
(28,116):250 (250)
(28,117):247 (247)
(28,118):250 (250)
(28,119):250 (250)
(28,120):250 (250)
(28,121):250 (250)
(28,122):250 (250)
(28,123):250 (250)
(28,124):250 (250)
(28,125):250 (250)
(28,126):250 (250)
(28,127):187 (187)
(29,0):93 (93)
(29,1):21 (21)
(29,2):82 (82)
(29,3):47 (47)
(29,4):140 (140)
(29,5):83 (83)
(29,6):169 (169)
(29,7):92 (92)
(29,8):178 (178)
(29,9):92 (92)
(29,10):176 (176)
(29,11):92 (92)
(29,12):175 (175)
(29,13):91 (91)
(29,14):176 (176)
(29,15):92 (92)
(29,16):173 (173)
(29,17):92 (92)
(29,18):174 (174)
(29,19):91 (91)
(29,20):172 (172)
(29,21):91 (91)
(29,22):172 (172)
(29,23):90 (90)
(29,24):172 (172)
(29,25):91 (91)
(29,26):172 (172)
(29,27):90 (90)
(29,28):168 (168)
(29,29):77 (77)
(29,30):119 (119)
(29,31):53 (53)
(29,32):67 (67)
(29,33):30 (30)
(29,34):56 (56)
(29,35):26 (26)
(29,36):48 (48)
(29,37):34 (34)
(29,38):43 (43)
(29,39):23 (23)
(29,40):33 (33)
(29,41):23 (23)
(29,42):37 (37)
(29,43):23 (23)
(29,44):35 (35)
(29,45):24 (24)
(29,46):39 (39)
(29,47):22 (22)
(29,48):48 (48)
(29,49):27 (27)
(29,50):51 (51)
(29,51):38 (38)
(29,52):93 (93)
(29,53):82 (82)
(29,54):154 (154)
(29,55):100 (100)
(29,56):181 (181)
(29,57):104 (104)
(29,58):188 (188)
(29,59):94 (94)
(29,60):209 (209)
(29,61):98 (98)
(29,62):178 (178)
(29,63):49 (49)
(29,64):138 (138)
(29,65):84 (84)
(29,66):88 (88)
(29,67):60 (60)
(29,68):157 (157)
(29,69):90 (90)
(29,70):125 (125)
(29,71):93 (93)
(29,72):180 (180)
(29,73):74 (74)
(29,74):188 (188)
(29,75):92 (92)
(29,76):184 (184)
(29,77):95 (95)
(29,78):186 (186)
(29,79):75 (75)
(29,80):154 (154)
(29,81):102 (102)
(29,82):199 (199)
(29,83):107 (107)
(29,84):196 (196)
(29,85):78 (78)
(29,86):128 (128)
(29,87):43 (43)
(29,88):70 (70)
(29,89):34 (34)
(29,90):66 (66)
(29,91):43 (43)
(29,92):114 (114)
(29,93):59 (59)
(29,94):64 (64)
(29,95):33 (33)
(29,96):93 (93)
(29,97):61 (61)
(29,98):200 (200)
(29,99):101 (101)
(29,100):222 (222)
(29,101):117 (117)
(29,102):237 (237)
(29,103):120 (120)
(29,104):233 (233)
(29,105):117 (117)
(29,106):218 (218)
(29,107):109 (109)
(29,108):206 (206)
(29,109):91 (91)
(29,110):155 (155)
(29,111):72 (72)
(29,112):179 (179)
(29,113):104 (104)
(29,114):197 (197)
(29,115):116 (116)
(29,116):236 (236)
(29,117):117 (117)
(29,118):247 (247)
(29,119):122 (122)
(29,120):250 (250)
(29,121):125 (125)
(29,122):250 (250)
(29,123):125 (125)
(29,124):250 (250)
(29,125):125 (125)
(29,126):187 (187)
(29,127):93 (93)
(30,0):118 (201)
(30,1):48 (48)
(30,2):104 (126)
(30,3):68 (68)
(30,4):157 (178)
(30,5):126 (126)
(30,6):201 (226)
(30,7):169 (169)
(30,8):213 (237)
(30,9):165 (165)
(30,10):211 (232)
(30,11):165 (165)
(30,12):210 (231)
(30,13):161 (161)
(30,14):210 (231)
(30,15):163 (163)
(30,16):208 (228)
(30,17):163 (163)
(30,18):210 (231)
(30,19):163 (163)
(30,20):208 (228)
(30,21):163 (163)
(30,22):209 (229)
(30,23):161 (161)
(30,24):208 (228)
(30,25):164 (164)
(30,26):208 (229)
(30,27):161 (161)
(30,28):201 (222)
(30,29):152 (152)
(30,30):156 (169)
(30,31):99 (99)
(30,32):58 (58)
(30,33):42 (42)
(30,34):51 (51)
(30,35):32 (32)
(30,36):30 (30)
(30,37):25 (25)
(30,38):21 (21)
(30,39):20 (20)
(30,40):1 (1)
(30,41):14 (14)
(30,42):1 (1)
(30,43):12 (12)
(30,44):3 (3)
(30,45):13 (13)
(30,46):3 (3)
(30,47):10 (10)
(30,48):6 (6)
(30,49):19 (19)
(30,50):57 (57)
(30,51):63 (63)
(30,52):165 (165)
(30,53):174 (174)
(30,54):250 (250)
(30,55):223 (223)
(30,56):250 (250)
(30,57):181 (181)
(30,58):168 (168)
(30,59):181 (181)
(30,60):222 (222)
(30,61):195 (195)
(30,62):250 (250)
(30,63):125 (125)
(30,64):152 (157)
(30,65):168 (168)
(30,66):203 (225)
(30,67):166 (166)
(30,68):221 (250)
(30,69):192 (192)
(30,70):219 (250)
(30,71):189 (189)
(30,72):250 (250)
(30,73):143 (143)
(30,74):250 (250)
(30,75):190 (190)
(30,76):250 (250)
(30,77):205 (205)
(30,78):250 (250)
(30,79):196 (196)
(30,80):223 (250)
(30,81):192 (192)
(30,82):224 (250)
(30,83):142 (142)
(30,84):196 (217)
(30,85):135 (135)
(30,86):151 (162)
(30,87):87 (87)
(30,88):139 (150)
(30,89):108 (108)
(30,90):143 (159)
(30,91):124 (124)
(30,92):141 (156)
(30,93):103 (103)
(30,94):125 (135)
(30,95):120 (120)
(30,96):103 (105)
(30,97):115 (115)
(30,98):250 (250)
(30,99):196 (196)
(30,100):250 (250)
(30,101):213 (213)
(30,102):250 (250)
(30,103):227 (227)
(30,104):250 (250)
(30,105):222 (222)
(30,106):250 (250)
(30,107):231 (231)
(30,108):250 (250)
(30,109):213 (213)
(30,110):250 (250)
(30,111):226 (226)
(30,112):250 (250)
(30,113):201 (201)
(30,114):162 (162)
(30,115):205 (205)
(30,116):250 (250)
(30,117):231 (231)
(30,118):250 (250)
(30,119):236 (236)
(30,120):250 (250)
(30,121):250 (250)
(30,122):250 (250)
(30,123):250 (250)
(30,124):250 (250)
(30,125):250 (250)
(30,126):250 (250)
(30,127):187 (187)
(31,0):154 (154)
(31,1):38 (38)
(31,2):97 (97)
(31,3):44 (44)
(31,4):115 (115)
(31,5):72 (72)
(31,6):168 (168)
(31,7):93 (93)
(31,8):175 (175)
(31,9):92 (92)
(31,10):174 (174)
(31,11):91 (91)
(31,12):173 (173)
(31,13):90 (90)
(31,14):174 (174)
(31,15):92 (92)
(31,16):172 (172)
(31,17):91 (91)
(31,18):174 (174)
(31,19):91 (91)
(31,20):171 (171)
(31,21):90 (90)
(31,22):172 (172)
(31,23):91 (91)
(31,24):173 (173)
(31,25):90 (90)
(31,26):173 (173)
(31,27):91 (91)
(31,28):168 (168)
(31,29):85 (85)
(31,30):145 (145)
(31,31):55 (55)
(31,32):87 (87)
(31,33):29 (29)
(31,34):41 (41)
(31,35):30 (30)
(31,36):69 (69)
(31,37):25 (25)
(31,38):35 (35)
(31,39):22 (22)
(31,40):28 (28)
(31,41):15 (15)
(31,42):20 (20)
(31,43):15 (15)
(31,44):21 (21)
(31,45):18 (18)
(31,46):29 (29)
(31,47):23 (23)
(31,48):32 (32)
(31,49):33 (33)
(31,50):60 (60)
(31,51):79 (79)
(31,52):163 (163)
(31,53):108 (108)
(31,54):203 (203)
(31,55):105 (105)
(31,56):164 (164)
(31,57):98 (98)
(31,58):122 (122)
(31,59):60 (60)
(31,60):108 (108)
(31,61):82 (82)
(31,62):210 (210)
(31,63):86 (86)
(31,64):167 (167)
(31,65):50 (50)
(31,66):116 (116)
(31,67):61 (61)
(31,68):98 (98)
(31,69):89 (89)
(31,70):179 (179)
(31,71):95 (95)
(31,72):155 (155)
(31,73):101 (101)
(31,74):197 (197)
(31,75):82 (82)
(31,76):193 (193)
(31,77):90 (90)
(31,78):113 (113)
(31,79):63 (63)
(31,80):107 (107)
(31,81):58 (58)
(31,82):99 (99)
(31,83):80 (80)
(31,84):107 (107)
(31,85):77 (77)
(31,86):137 (137)
(31,87):79 (79)
(31,88):130 (130)
(31,89):69 (69)
(31,90):152 (152)
(31,91):83 (83)
(31,92):129 (129)
(31,93):76 (76)
(31,94):144 (144)
(31,95):58 (58)
(31,96):88 (88)
(31,97):45 (45)
(31,98):133 (133)
(31,99):90 (90)
(31,100):161 (161)
(31,101):90 (90)
(31,102):192 (192)
(31,103):97 (97)
(31,104):193 (193)
(31,105):118 (118)
(31,106):231 (231)
(31,107):118 (118)
(31,108):234 (234)
(31,109):114 (114)
(31,110):240 (240)
(31,111):120 (120)
(31,112):229 (229)
(31,113):114 (114)
(31,114):205 (205)
(31,115):75 (75)
(31,116):205 (205)
(31,117):94 (94)
(31,118):234 (234)
(31,119):116 (116)
(31,120):244 (244)
(31,121):125 (125)
(31,122):250 (250)
(31,123):125 (125)
(31,124):250 (250)
(31,125):125 (125)
(31,126):187 (187)
(31,127):93 (93)
(32,0):137 (234)
(32,1):64 (64)
(32,2):154 (199)
(32,3):68 (68)
(32,4):130 (139)
(32,5):139 (139)
(32,6):189 (210)
(32,7):162 (162)
(32,8):208 (231)
(32,9):164 (164)
(32,10):208 (229)
(32,11):162 (162)
(32,12):209 (229)
(32,13):160 (160)
(32,14):209 (229)
(32,15):161 (161)
(32,16):208 (228)
(32,17):162 (162)
(32,18):209 (229)
(32,19):164 (164)
(32,20):208 (228)
(32,21):164 (164)
(32,22):210 (231)
(32,23):163 (163)
(32,24):209 (229)
(32,25):164 (164)
(32,26):210 (231)
(32,27):163 (163)
(32,28):209 (231)
(32,29):156 (156)
(32,30):168 (184)
(32,31):124 (124)
(32,32):95 (100)
(32,33):41 (41)
(32,34):63 (63)
(32,35):35 (35)
(32,36):112 (175)
(32,37):80 (80)
(32,38):49 (49)
(32,39):39 (39)
(32,40):28 (28)
(32,41):32 (32)
(32,42):27 (27)
(32,43):35 (35)
(32,44):24 (24)
(32,45):26 (26)
(32,46):37 (37)
(32,47):28 (28)
(32,48):51 (51)
(32,49):47 (47)
(32,50):126 (126)
(32,51):148 (148)
(32,52):250 (250)
(32,53):216 (216)
(32,54):250 (250)
(32,55):198 (198)
(32,56):250 (250)
(32,57):192 (192)
(32,58):231 (231)
(32,59):113 (113)
(32,60):250 (250)
(32,61):174 (174)
(32,62):250 (250)
(32,63):230 (230)
(32,64):250 (250)
(32,65):207 (207)
(32,66):250 (250)
(32,67):212 (212)
(32,68):250 (250)
(32,69):200 (200)
(32,70):250 (250)
(32,71):191 (191)
(32,72):219 (219)
(32,73):148 (148)
(32,74):250 (250)
(32,75):149 (149)
(32,76):250 (250)
(32,77):170 (170)
(32,78):250 (250)
(32,79):195 (195)
(32,80):229 (241)
(32,81):166 (166)
(32,82):216 (228)
(32,83):160 (160)
(32,84):204 (225)
(32,85):131 (131)
(32,86):192 (213)
(32,87):152 (152)
(32,88):182 (201)
(32,89):153 (153)
(32,90):187 (208)
(32,91):152 (152)
(32,92):193 (217)
(32,93):152 (152)
(32,94):169 (192)
(32,95):131 (131)
(32,96):142 (157)
(32,97):69 (69)
(32,98):85 (85)
(32,99):64 (64)
(32,100):141 (141)
(32,101):114 (114)
(32,102):106 (106)
(32,103):93 (93)
(32,104):219 (219)
(32,105):216 (216)
(32,106):250 (250)
(32,107):246 (246)
(32,108):250 (250)
(32,109):250 (250)
(32,110):250 (250)
(32,111):242 (242)
(32,112):250 (250)
(32,113):238 (238)
(32,114):250 (250)
(32,115):194 (194)
(32,116):169 (169)
(32,117):115 (115)
(32,118):250 (250)
(32,119):221 (221)
(32,120):250 (250)
(32,121):250 (250)
(32,122):250 (250)
(32,123):250 (250)
(32,124):250 (250)
(32,125):250 (250)
(32,126):250 (250)
(32,127):187 (187)
(33,0):163 (163)
(33,1):75 (75)
(33,2):152 (152)
(33,3):48 (48)
(33,4):122 (122)
(33,5):79 (79)
(33,6):144 (144)
(33,7):92 (92)
(33,8):175 (175)
(33,9):92 (92)
(33,10):173 (173)
(33,11):91 (91)
(33,12):173 (173)
(33,13):90 (90)
(33,14):173 (173)
(33,15):91 (91)
(33,16):173 (173)
(33,17):91 (91)
(33,18):174 (174)
(33,19):91 (91)
(33,20):172 (172)
(33,21):92 (92)
(33,22):174 (174)
(33,23):90 (90)
(33,24):173 (173)
(33,25):92 (92)
(33,26):175 (175)
(33,27):92 (92)
(33,28):175 (175)
(33,29):87 (87)
(33,30):159 (159)
(33,31):75 (75)
(33,32):101 (101)
(33,33):33 (33)
(33,34):57 (57)
(33,35):48 (48)
(33,36):58 (58)
(33,37):76 (76)
(33,38):108 (108)
(33,39):35 (35)
(33,40):62 (62)
(33,41):30 (30)
(33,42):63 (63)
(33,43):34 (34)
(33,44):64 (64)
(33,45):33 (33)
(33,46):62 (62)
(33,47):57 (57)
(33,48):102 (102)
(33,49):80 (80)
(33,50):132 (132)
(33,51):104 (104)
(33,52):172 (172)
(33,53):107 (107)
(33,54):205 (205)
(33,55):89 (89)
(33,56):130 (130)
(33,57):51 (51)
(33,58):153 (153)
(33,59):89 (89)
(33,60):184 (184)
(33,61):103 (103)
(33,62):217 (217)
(33,63):109 (109)
(33,64):223 (223)
(33,65):108 (108)
(33,66):216 (216)
(33,67):113 (113)
(33,68):224 (224)
(33,69):113 (113)
(33,70):217 (217)
(33,71):118 (118)
(33,72):234 (234)
(33,73):113 (113)
(33,74):230 (230)
(33,75):118 (118)
(33,76):219 (219)
(33,77):107 (107)
(33,78):214 (214)
(33,79):108 (108)
(33,80):170 (170)
(33,81):93 (93)
(33,82):158 (158)
(33,83):87 (87)
(33,84):165 (165)
(33,85):86 (86)
(33,86):159 (159)
(33,87):88 (88)
(33,88):175 (175)
(33,89):92 (92)
(33,90):166 (166)
(33,91):93 (93)
(33,92):174 (174)
(33,93):85 (85)
(33,94):147 (147)
(33,95):62 (62)
(33,96):140 (140)
(33,97):51 (51)
(33,98):63 (63)
(33,99):33 (33)
(33,100):115 (115)
(33,101):55 (55)
(33,102):122 (122)
(33,103):81 (81)
(33,104):112 (112)
(33,105):103 (103)
(33,106):224 (224)
(33,107):123 (123)
(33,108):250 (250)
(33,109):125 (125)
(33,110):250 (250)
(33,111):125 (125)
(33,112):242 (242)
(33,113):115 (115)
(33,114):225 (225)
(33,115):107 (107)
(33,116):168 (168)
(33,117):61 (61)
(33,118):181 (181)
(33,119):109 (109)
(33,120):239 (239)
(33,121):125 (125)
(33,122):250 (250)
(33,123):125 (125)
(33,124):250 (250)
(33,125):125 (125)
(33,126):187 (187)
(33,127):93 (93)
(34,0):161 (250)
(34,1):146 (146)
(34,2):169 (208)
(34,3):82 (82)
(34,4):105 (105)
(34,5):105 (105)
(34,6):151 (162)
(34,7):156 (156)
(34,8):203 (226)
(34,9):160 (160)
(34,10):208 (229)
(34,11):163 (163)
(34,12):209 (229)
(34,13):161 (161)
(34,14):210 (231)
(34,15):163 (163)
(34,16):209 (229)
(34,17):163 (163)
(34,18):211 (232)
(34,19):163 (163)
(34,20):209 (229)
(34,21):166 (166)
(34,22):214 (235)
(34,23):163 (163)
(34,24):211 (232)
(34,25):163 (163)
(34,26):211 (232)
(34,27):164 (164)
(34,28):212 (235)
(34,29):164 (164)
(34,30):187 (207)
(34,31):138 (138)
(34,32):115 (123)
(34,33):54 (54)
(34,34):85 (91)
(34,35):45 (45)
(34,36):93 (120)
(34,37):60 (60)
(34,38):105 (145)
(34,39):112 (112)
(34,40):108 (148)
(34,41):113 (113)
(34,42):111 (111)
(34,43):72 (72)
(34,44):93 (93)
(34,45):66 (66)
(34,46):111 (111)
(34,47):73 (73)
(34,48):231 (231)
(34,49):112 (112)
(34,50):207 (207)
(34,51):202 (202)
(34,52):231 (231)
(34,53):194 (194)
(34,54):181 (181)
(34,55):209 (209)
(34,56):250 (250)
(34,57):175 (175)
(34,58):250 (250)
(34,59):197 (197)
(34,60):250 (250)
(34,61):230 (230)
(34,62):250 (250)
(34,63):241 (241)
(34,64):250 (250)
(34,65):244 (244)
(34,66):250 (250)
(34,67):237 (237)
(34,68):250 (250)
(34,69):239 (239)
(34,70):237 (250)
(34,71):222 (222)
(34,72):244 (250)
(34,73):227 (227)
(34,74):250 (250)
(34,75):223 (223)
(34,76):250 (250)
(34,77):232 (232)
(34,78):250 (250)
(34,79):227 (227)
(34,80):250 (250)
(34,81):203 (203)
(34,82):236 (250)
(34,83):166 (166)
(34,84):218 (241)
(34,85):166 (166)
(34,86):201 (222)
(34,87):161 (161)
(34,88):209 (232)
(34,89):168 (168)
(34,90):203 (226)
(34,91):167 (167)
(34,92):204 (228)
(34,93):162 (162)
(34,94):182 (204)
(34,95):112 (112)
(34,96):135 (156)
(34,97):62 (62)
(34,98):52 (52)
(34,99):30 (30)
(34,100):49 (49)
(34,101):25 (25)
(34,102):94 (94)
(34,103):79 (79)
(34,104):135 (135)
(34,105):180 (180)
(34,106):250 (250)
(34,107):239 (239)
(34,108):250 (250)
(34,109):250 (250)
(34,110):250 (250)
(34,111):250 (250)
(34,112):250 (250)
(34,113):239 (239)
(34,114):250 (250)
(34,115):156 (156)
(34,116):229 (229)
(34,117):109 (109)
(34,118):243 (243)
(34,119):206 (206)
(34,120):250 (250)
(34,121):250 (250)
(34,122):250 (250)
(34,123):250 (250)
(34,124):250 (250)
(34,125):250 (250)
(34,126):250 (250)
(34,127):187 (187)
(35,0):184 (184)
(35,1):78 (78)
(35,2):171 (171)
(35,3):66 (66)
(35,4):91 (91)
(35,5):68 (68)
(35,6):154 (154)
(35,7):91 (91)
(35,8):166 (166)
(35,9):92 (92)
(35,10):172 (172)
(35,11):92 (92)
(35,12):174 (174)
(35,13):91 (91)
(35,14):175 (175)
(35,15):92 (92)
(35,16):172 (172)
(35,17):91 (91)
(35,18):175 (175)
(35,19):92 (92)
(35,20):175 (175)
(35,21):95 (95)
(35,22):176 (176)
(35,23):93 (93)
(35,24):176 (176)
(35,25):92 (92)
(35,26):175 (175)
(35,27):92 (92)
(35,28):177 (177)
(35,29):93 (93)
(35,30):162 (162)
(35,31):80 (80)
(35,32):141 (141)
(35,33):50 (50)
(35,34):101 (101)
(35,35):39 (39)
(35,36):83 (83)
(35,37):51 (51)
(35,38):91 (91)
(35,39):61 (61)
(35,40):170 (170)
(35,41):82 (82)
(35,42):173 (173)
(35,43):70 (70)
(35,44):178 (178)
(35,45):95 (95)
(35,46):190 (190)
(35,47):78 (78)
(35,48):141 (141)
(35,49):88 (88)
(35,50):146 (146)
(35,51):92 (92)
(35,52):191 (191)
(35,53):62 (62)
(35,54):191 (191)
(35,55):91 (91)
(35,56):234 (234)
(35,57):114 (114)
(35,58):226 (226)
(35,59):117 (117)
(35,60):244 (244)
(35,61):121 (121)
(35,62):243 (243)
(35,63):123 (123)
(35,64):244 (244)
(35,65):120 (120)
(35,66):236 (236)
(35,67):115 (115)
(35,68):222 (222)
(35,69):110 (110)
(35,70):225 (225)
(35,71):113 (113)
(35,72):233 (233)
(35,73):119 (119)
(35,74):247 (247)
(35,75):125 (125)
(35,76):250 (250)
(35,77):125 (125)
(35,78):241 (241)
(35,79):121 (121)
(35,80):237 (237)
(35,81):117 (117)
(35,82):207 (207)
(35,83):95 (95)
(35,84):183 (183)
(35,85):93 (93)
(35,86):175 (175)
(35,87):91 (91)
(35,88):176 (176)
(35,89):91 (91)
(35,90):172 (172)
(35,91):91 (91)
(35,92):168 (168)
(35,93):84 (84)
(35,94):152 (152)
(35,95):73 (73)
(35,96):101 (101)
(35,97):27 (27)
(35,98):60 (60)
(35,99):32 (32)
(35,100):67 (67)
(35,101):51 (51)
(35,102):70 (70)
(35,103):50 (50)
(35,104):153 (153)
(35,105):109 (109)
(35,106):223 (223)
(35,107):122 (122)
(35,108):249 (249)
(35,109):125 (125)
(35,110):250 (250)
(35,111):125 (125)
(35,112):250 (250)
(35,113):125 (125)
(35,114):217 (217)
(35,115):99 (99)
(35,116):132 (132)
(35,117):66 (66)
(35,118):177 (177)
(35,119):105 (105)
(35,120):233 (233)
(35,121):125 (125)
(35,122):250 (250)
(35,123):125 (125)
(35,124):250 (250)
(35,125):125 (125)
(35,126):187 (187)
(35,127):93 (93)
(36,0):187 (250)
(36,1):123 (123)
(36,2):202 (250)
(36,3):143 (143)
(36,4):115 (115)
(36,5):120 (120)
(36,6):160 (171)
(36,7):124 (124)
(36,8):201 (223)
(36,9):159 (159)
(36,10):210 (232)
(36,11):165 (165)
(36,12):211 (232)
(36,13):163 (163)
(36,14):211 (232)
(36,15):164 (164)
(36,16):209 (229)
(36,17):164 (164)
(36,18):211 (232)
(36,19):165 (165)
(36,20):214 (235)
(36,21):165 (165)
(36,22):213 (234)
(36,23):166 (166)
(36,24):211 (232)
(36,25):166 (166)
(36,26):211 (232)
(36,27):165 (165)
(36,28):213 (235)
(36,29):166 (166)
(36,30):194 (214)
(36,31):146 (146)
(36,32):180 (201)
(36,33):128 (128)
(36,34):133 (153)
(36,35):47 (47)
(36,36):113 (129)
(36,37):63 (63)
(36,38):140 (169)
(36,39):114 (114)
(36,40):184 (228)
(36,41):140 (140)
(36,42):172 (172)
(36,43):117 (117)
(36,44):129 (129)
(36,45):79 (79)
(36,46):166 (166)
(36,47):63 (63)
(36,48):100 (100)
(36,49):94 (94)
(36,50):231 (231)
(36,51):177 (177)
(36,52):228 (228)
(36,53):221 (221)
(36,54):250 (250)
(36,55):235 (235)
(36,56):250 (250)
(36,57):236 (236)
(36,58):250 (250)
(36,59):245 (245)
(36,60):250 (250)
(36,61):244 (244)
(36,62):250 (250)
(36,63):245 (245)
(36,64):250 (250)
(36,65):230 (230)
(36,66):250 (250)
(36,67):216 (216)
(36,68):237 (250)
(36,69):204 (204)
(36,70):237 (250)
(36,71):217 (217)
(36,72):250 (250)
(36,73):233 (233)
(36,74):250 (250)
(36,75):249 (249)
(36,76):250 (250)
(36,77):250 (250)
(36,78):250 (250)
(36,79):244 (244)
(36,80):250 (250)
(36,81):230 (230)
(36,82):250 (250)
(36,83):192 (192)
(36,84):233 (246)
(36,85):167 (167)
(36,86):206 (226)
(36,87):164 (164)
(36,88):207 (229)
(36,89):165 (165)
(36,90):199 (220)
(36,91):163 (163)
(36,92):185 (205)
(36,93):146 (146)
(36,94):134 (147)
(36,95):122 (122)
(36,96):81 (84)
(36,97):37 (37)
(36,98):37 (37)
(36,99):31 (31)
(36,100):49 (49)
(36,101):39 (39)
(36,102):135 (135)
(36,103):111 (111)
(36,104):250 (250)
(36,105):147 (147)
(36,106):250 (250)
(36,107):223 (223)
(36,108):250 (250)
(36,109):247 (247)
(36,110):250 (250)
(36,111):250 (250)
(36,112):250 (250)
(36,113):238 (238)
(36,114):250 (250)
(36,115):188 (188)
(36,116):172 (172)
(36,117):120 (120)
(36,118):246 (246)
(36,119):214 (214)
(36,120):250 (250)
(36,121):250 (250)
(36,122):250 (250)
(36,123):250 (250)
(36,124):250 (250)
(36,125):250 (250)
(36,126):250 (250)
(36,127):187 (187)
(37,0):192 (192)
(37,1):77 (77)
(37,2):215 (215)
(37,3):90 (90)
(37,4):171 (171)
(37,5):81 (81)
(37,6):115 (115)
(37,7):85 (85)
(37,8):155 (155)
(37,9):89 (89)
(37,10):174 (174)
(37,11):92 (92)
(37,12):175 (175)
(37,13):91 (91)
(37,14):176 (176)
(37,15):92 (92)
(37,16):174 (174)
(37,17):92 (92)
(37,18):176 (176)
(37,19):93 (93)
(37,20):176 (176)
(37,21):95 (95)
(37,22):180 (180)
(37,23):93 (93)
(37,24):176 (176)
(37,25):93 (93)
(37,26):175 (175)
(37,27):92 (92)
(37,28):177 (177)
(37,29):93 (93)
(37,30):172 (172)
(37,31):85 (85)
(37,32):168 (168)
(37,33):77 (77)
(37,34):140 (140)
(37,35):45 (45)
(37,36):73 (73)
(37,37):33 (33)
(37,38):122 (122)
(37,39):43 (43)
(37,40):92 (92)
(37,41):44 (44)
(37,42):108 (108)
(37,43):84 (84)
(37,44):161 (161)
(37,45):82 (82)
(37,46):142 (142)
(37,47):81 (81)
(37,48):155 (155)
(37,49):90 (90)
(37,50):185 (185)
(37,51):93 (93)
(37,52):227 (227)
(37,53):117 (117)
(37,54):245 (245)
(37,55):118 (118)
(37,56):246 (246)
(37,57):123 (123)
(37,58):249 (249)
(37,59):125 (125)
(37,60):250 (250)
(37,61):124 (124)
(37,62):247 (247)
(37,63):121 (121)
(37,64):234 (234)
(37,65):105 (105)
(37,66):172 (172)
(37,67):78 (78)
(37,68):131 (131)
(37,69):53 (53)
(37,70):100 (100)
(37,71):62 (62)
(37,72):195 (195)
(37,73):116 (116)
(37,74):242 (242)
(37,75):125 (125)
(37,76):250 (250)
(37,77):125 (125)
(37,78):250 (250)
(37,79):125 (125)
(37,80):244 (244)
(37,81):117 (117)
(37,82):232 (232)
(37,83):105 (105)
(37,84):185 (185)
(37,85):92 (92)
(37,86):167 (167)
(37,87):90 (90)
(37,88):167 (167)
(37,89):85 (85)
(37,90):152 (152)
(37,91):74 (74)
(37,92):122 (122)
(37,93):78 (78)
(37,94):103 (103)
(37,95):34 (34)
(37,96):46 (46)
(37,97):26 (26)
(37,98):44 (44)
(37,99):28 (28)
(37,100):75 (75)
(37,101):41 (41)
(37,102):88 (88)
(37,103):63 (63)
(37,104):145 (145)
(37,105):92 (92)
(37,106):211 (211)
(37,107):118 (118)
(37,108):237 (237)
(37,109):124 (124)
(37,110):250 (250)
(37,111):125 (125)
(37,112):250 (250)
(37,113):122 (122)
(37,114):214 (214)
(37,115):96 (96)
(37,116):165 (165)
(37,117):63 (63)
(37,118):175 (175)
(37,119):105 (105)
(37,120):235 (235)
(37,121):125 (125)
(37,122):250 (250)
(37,123):125 (125)
(37,124):250 (250)
(37,125):125 (125)
(37,126):187 (187)
(37,127):93 (93)
(38,0):198 (250)
(38,1):188 (188)
(38,2):219 (250)
(38,3):206 (206)
(38,4):207 (228)
(38,5):83 (83)
(38,6):169 (181)
(38,7):128 (128)
(38,8):194 (214)
(38,9):151 (151)
(38,10):209 (231)
(38,11):165 (165)
(38,12):211 (232)
(38,13):163 (163)
(38,14):210 (231)
(38,15):166 (166)
(38,16):211 (232)
(38,17):165 (165)
(38,18):214 (235)
(38,19):165 (165)
(38,20):211 (232)
(38,21):169 (169)
(38,22):216 (238)
(38,23):166 (166)
(38,24):213 (234)
(38,25):167 (167)
(38,26):213 (234)
(38,27):164 (164)
(38,28):213 (234)
(38,29):166 (166)
(38,30):210 (232)
(38,31):163 (163)
(38,32):201 (225)
(38,33):134 (134)
(38,34):167 (190)
(38,35):75 (75)
(38,36):87 (88)
(38,37):76 (76)
(38,38):158 (189)
(38,39):125 (125)
(38,40):158 (180)
(38,41):128 (128)
(38,42):183 (204)
(38,43):133 (133)
(38,44):178 (196)
(38,45):142 (142)
(38,46):177 (195)
(38,47):138 (138)
(38,48):220 (220)
(38,49):169 (169)
(38,50):228 (228)
(38,51):216 (216)
(38,52):250 (250)
(38,53):242 (242)
(38,54):250 (250)
(38,55):247 (247)
(38,56):250 (250)
(38,57):250 (250)
(38,58):250 (250)
(38,59):250 (250)
(38,60):250 (250)
(38,61):249 (249)
(38,62):250 (250)
(38,63):239 (239)
(38,64):250 (250)
(38,65):199 (199)
(38,66):250 (250)
(38,67):106 (106)
(38,68):151 (151)
(38,69):95 (95)
(38,70):234 (247)
(38,71):112 (112)
(38,72):250 (250)
(38,73):227 (227)
(38,74):250 (250)
(38,75):249 (249)
(38,76):250 (250)
(38,77):246 (246)
(38,78):250 (250)
(38,79):246 (246)
(38,80):250 (250)
(38,81):229 (229)
(38,82):250 (250)
(38,83):184 (184)
(38,84):237 (250)
(38,85):165 (165)
(38,86):192 (208)
(38,87):151 (151)
(38,88):159 (169)
(38,89):145 (145)
(38,90):164 (178)
(38,91):135 (135)
(38,92):111 (115)
(38,93):114 (114)
(38,94):60 (60)
(38,95):50 (50)
(38,96):40 (40)
(38,97):48 (48)
(38,98):52 (52)
(38,99):75 (75)
(38,100):83 (100)
(38,101):90 (90)
(38,102):159 (159)
(38,103):106 (106)
(38,104):106 (106)
(38,105):95 (95)
(38,106):234 (234)
(38,107):196 (196)
(38,108):250 (250)
(38,109):246 (246)
(38,110):250 (250)
(38,111):250 (250)
(38,112):250 (250)
(38,113):239 (239)
(38,114):250 (250)
(38,115):186 (186)
(38,116):184 (184)
(38,117):179 (179)
(38,118):250 (250)
(38,119):218 (218)
(38,120):250 (250)
(38,121):250 (250)
(38,122):250 (250)
(38,123):250 (250)
(38,124):250 (250)
(38,125):250 (250)
(38,126):250 (250)
(38,127):187 (187)
(39,0):203 (203)
(39,1):96 (96)
(39,2):237 (237)
(39,3):115 (115)
(39,4):216 (216)
(39,5):91 (91)
(39,6):172 (172)
(39,7):69 (69)
(39,8):165 (165)
(39,9):88 (88)
(39,10):171 (171)
(39,11):91 (91)
(39,12):175 (175)
(39,13):91 (91)
(39,14):176 (176)
(39,15):93 (93)
(39,16):174 (174)
(39,17):92 (92)
(39,18):174 (174)
(39,19):93 (93)
(39,20):175 (175)
(39,21):94 (94)
(39,22):180 (180)
(39,23):94 (94)
(39,24):176 (176)
(39,25):93 (93)
(39,26):175 (175)
(39,27):92 (92)
(39,28):177 (177)
(39,29):92 (92)
(39,30):176 (176)
(39,31):92 (92)
(39,32):177 (177)
(39,33):81 (81)
(39,34):144 (144)
(39,35):59 (59)
(39,36):84 (84)
(39,37):42 (42)
(39,38):125 (125)
(39,39):54 (54)
(39,40):148 (148)
(39,41):83 (83)
(39,42):163 (163)
(39,43):87 (87)
(39,44):155 (155)
(39,45):88 (88)
(39,46):160 (160)
(39,47):91 (91)
(39,48):170 (170)
(39,49):100 (100)
(39,50):204 (204)
(39,51):119 (119)
(39,52):238 (238)
(39,53):123 (123)
(39,54):250 (250)
(39,55):125 (125)
(39,56):250 (250)
(39,57):125 (125)
(39,58):250 (250)
(39,59):125 (125)
(39,60):250 (250)
(39,61):124 (124)
(39,62):247 (247)
(39,63):114 (114)
(39,64):211 (211)
(39,65):98 (98)
(39,66):157 (157)
(39,67):51 (51)
(39,68):85 (85)
(39,69):44 (44)
(39,70):110 (110)
(39,71):88 (88)
(39,72):181 (181)
(39,73):114 (114)
(39,74):239 (239)
(39,75):125 (125)
(39,76):247 (247)
(39,77):123 (123)
(39,78):240 (240)
(39,79):121 (121)
(39,80):235 (235)
(39,81):114 (114)
(39,82):210 (210)
(39,83):93 (93)
(39,84):172 (172)
(39,85):85 (85)
(39,86):155 (155)
(39,87):69 (69)
(39,88):126 (126)
(39,89):65 (65)
(39,90):105 (105)
(39,91):55 (55)
(39,92):61 (61)
(39,93):31 (31)
(39,94):60 (60)
(39,95):44 (44)
(39,96):73 (73)
(39,97):32 (32)
(39,98):64 (64)
(39,99):34 (34)
(39,100):57 (57)
(39,101):32 (32)
(39,102):69 (69)
(39,103):43 (43)
(39,104):101 (101)
(39,105):70 (70)
(39,106):117 (117)
(39,107):106 (106)
(39,108):232 (232)
(39,109):124 (124)
(39,110):250 (250)
(39,111):125 (125)
(39,112):244 (244)
(39,113):120 (120)
(39,114):209 (209)
(39,115):79 (79)
(39,116):163 (163)
(39,117):69 (69)
(39,118):190 (190)
(39,119):110 (110)
(39,120):240 (240)
(39,121):125 (125)
(39,122):250 (250)
(39,123):125 (125)
(39,124):250 (250)
(39,125):125 (125)
(39,126):187 (187)
(39,127):93 (93)
(40,0):250 (250)
(40,1):203 (203)
(40,2):250 (250)
(40,3):214 (214)
(40,4):250 (250)
(40,5):163 (163)
(40,6):162 (162)
(40,7):92 (92)
(40,8):181 (196)
(40,9):150 (150)
(40,10):204 (226)
(40,11):162 (162)
(40,12):208 (229)
(40,13):164 (164)
(40,14):213 (234)
(40,15):165 (165)
(40,16):211 (232)
(40,17):166 (166)
(40,18):214 (235)
(40,19):167 (167)
(40,20):213 (234)
(40,21):167 (167)
(40,22):215 (237)
(40,23):166 (166)
(40,24):213 (234)
(40,25):165 (165)
(40,26):221 (234)
(40,27):164 (164)
(40,28):214 (235)
(40,29):164 (164)
(40,30):211 (232)
(40,31):164 (164)
(40,32):206 (229)
(40,33):144 (144)
(40,34):164 (180)
(40,35):104 (104)
(40,36):102 (105)
(40,37):73 (73)
(40,38):143 (160)
(40,39):108 (108)
(40,40):190 (220)
(40,41):152 (152)
(40,42):201 (225)
(40,43):162 (162)
(40,44):203 (226)
(40,45):161 (161)
(40,46):205 (228)
(40,47):165 (165)
(40,48):207 (228)
(40,49):183 (183)
(40,50):250 (250)
(40,51):224 (224)
(40,52):250 (250)
(40,53):246 (246)
(40,54):250 (250)
(40,55):249 (249)
(40,56):250 (250)
(40,57):250 (250)
(40,58):250 (250)
(40,59):250 (250)
(40,60):250 (250)
(40,61):248 (248)
(40,62):250 (250)
(40,63):240 (240)
(40,64):250 (250)
(40,65):207 (207)
(40,66):250 (250)
(40,67):197 (197)
(40,68):237 (250)
(40,69):185 (185)
(40,70):236 (250)
(40,71):224 (224)
(40,72):237 (250)
(40,73):222 (222)
(40,74):250 (250)
(40,75):225 (225)
(40,76):250 (250)
(40,77):212 (212)
(40,78):250 (250)
(40,79):190 (190)
(40,80):250 (250)
(40,81):205 (205)
(40,82):250 (250)
(40,83):172 (172)
(40,84):219 (219)
(40,85):153 (153)
(40,86):181 (193)
(40,87):151 (151)
(40,88):117 (117)
(40,89):84 (84)
(40,90):88 (88)
(40,91):74 (74)
(40,92):72 (72)
(40,93):110 (110)
(40,94):90 (90)
(40,95):103 (103)
(40,96):159 (159)
(40,97):133 (133)
(40,98):145 (145)
(40,99):106 (106)
(40,100):119 (138)
(40,101):112 (112)
(40,102):104 (114)
(40,103):115 (115)
(40,104):145 (157)
(40,105):97 (97)
(40,106):168 (168)
(40,107):206 (206)
(40,108):250 (250)
(40,109):246 (246)
(40,110):250 (250)
(40,111):250 (250)
(40,112):250 (250)
(40,113):236 (236)
(40,114):250 (250)
(40,115):170 (170)
(40,116):249 (249)
(40,117):154 (154)
(40,118):250 (250)
(40,119):232 (232)
(40,120):250 (250)
(40,121):250 (250)
(40,122):250 (250)
(40,123):250 (250)
(40,124):250 (250)
(40,125):250 (250)
(40,126):250 (250)
(40,127):187 (187)
(41,0):203 (203)
(41,1):101 (101)
(41,2):249 (249)
(41,3):120 (120)
(41,4):233 (233)
(41,5):108 (108)
(41,6):177 (177)
(41,7):87 (87)
(41,8):152 (152)
(41,9):85 (85)
(41,10):156 (156)
(41,11):91 (91)
(41,12):175 (175)
(41,13):91 (91)
(41,14):176 (176)
(41,15):92 (92)
(41,16):174 (174)
(41,17):92 (92)
(41,18):175 (175)
(41,19):92 (92)
(41,20):175 (175)
(41,21):93 (93)
(41,22):177 (177)
(41,23):92 (92)
(41,24):176 (176)
(41,25):93 (93)
(41,26):176 (176)
(41,27):92 (92)
(41,28):176 (176)
(41,29):93 (93)
(41,30):175 (175)
(41,31):92 (92)
(41,32):176 (176)
(41,33):86 (86)
(41,34):150 (150)
(41,35):75 (75)
(41,36):127 (127)
(41,37):45 (45)
(41,38):116 (116)
(41,39):81 (81)
(41,40):162 (162)
(41,41):87 (87)
(41,42):175 (175)
(41,43):91 (91)
(41,44):169 (169)
(41,45):92 (92)
(41,46):173 (173)
(41,47):91 (91)
(41,48):173 (173)
(41,49):97 (97)
(41,50):193 (193)
(41,51):115 (115)
(41,52):235 (235)
(41,53):122 (122)
(41,54):245 (245)
(41,55):125 (125)
(41,56):248 (248)
(41,57):125 (125)
(41,58):248 (248)
(41,59):125 (125)
(41,60):250 (250)
(41,61):123 (123)
(41,62):245 (245)
(41,63):121 (121)
(41,64):233 (233)
(41,65):108 (108)
(41,66):214 (214)
(41,67):105 (105)
(41,68):206 (206)
(41,69):104 (104)
(41,70):200 (200)
(41,71):89 (89)
(41,72):186 (186)
(41,73):108 (108)
(41,74):217 (217)
(41,75):114 (114)
(41,76):230 (230)
(41,77):117 (117)
(41,78):207 (207)
(41,79):108 (108)
(41,80):181 (181)
(41,81):98 (98)
(41,82):177 (177)
(41,83):88 (88)
(41,84):120 (120)
(41,85):54 (54)
(41,86):155 (155)
(41,87):62 (62)
(41,88):153 (153)
(41,89):68 (68)
(41,90):124 (124)
(41,91):46 (46)
(41,92):77 (77)
(41,93):63 (63)
(41,94):92 (92)
(41,95):54 (54)
(41,96):129 (129)
(41,97):67 (67)
(41,98):95 (95)
(41,99):51 (51)
(41,100):121 (121)
(41,101):68 (68)
(41,102):132 (132)
(41,103):54 (54)
(41,104):79 (79)
(41,105):57 (57)
(41,106):176 (176)
(41,107):114 (114)
(41,108):232 (232)
(41,109):124 (124)
(41,110):250 (250)
(41,111):122 (122)
(41,112):230 (230)
(41,113):108 (108)
(41,114):158 (158)
(41,115):84 (84)
(41,116):110 (110)
(41,117):97 (97)
(41,118):225 (225)
(41,119):116 (116)
(41,120):245 (245)
(41,121):125 (125)
(41,122):250 (250)
(41,123):125 (125)
(41,124):250 (250)
(41,125):125 (125)
(41,126):187 (187)
(41,127):93 (93)
(42,0):250 (250)
(42,1):203 (203)
(42,2):250 (250)
(42,3):236 (236)
(42,4):250 (250)
(42,5):209 (209)
(42,6):243 (243)
(42,7):160 (160)
(42,8):184 (198)
(42,9):145 (145)
(42,10):197 (216)
(42,11):162 (162)
(42,12):211 (234)
(42,13):164 (164)
(42,14):211 (232)
(42,15):166 (166)
(42,16):213 (234)
(42,17):166 (166)
(42,18):213 (234)
(42,19):166 (166)
(42,20):212 (232)
(42,21):167 (167)
(42,22):222 (235)
(42,23):164 (164)
(42,24):213 (234)
(42,25):167 (167)
(42,26):221 (234)
(42,27):164 (164)
(42,28):214 (235)
(42,29):166 (166)
(42,30):210 (231)
(42,31):163 (163)
(42,32):207 (229)
(42,33):156 (156)
(42,34):171 (187)
(42,35):137 (137)
(42,36):138 (148)
(42,37):70 (70)
(42,38):132 (144)
(42,39):126 (126)
(42,40):177 (202)
(42,41):153 (153)
(42,42):201 (225)
(42,43):162 (162)
(42,44):204 (226)
(42,45):163 (163)
(42,46):206 (228)
(42,47):163 (163)
(42,48):208 (228)
(42,49):176 (176)
(42,50):249 (249)
(42,51):202 (202)
(42,52):250 (250)
(42,53):236 (236)
(42,54):250 (250)
(42,55):244 (244)
(42,56):250 (250)
(42,57):245 (245)
(42,58):250 (250)
(42,59):242 (242)
(42,60):250 (250)
(42,61):239 (239)
(42,62):250 (250)
(42,63):234 (234)
(42,64):250 (250)
(42,65):222 (222)
(42,66):250 (250)
(42,67):220 (220)
(42,68):237 (250)
(42,69):217 (217)
(42,70):236 (250)
(42,71):207 (207)
(42,72):237 (250)
(42,73):192 (192)
(42,74):250 (250)
(42,75):182 (182)
(42,76):193 (193)
(42,77):112 (112)
(42,78):247 (247)
(42,79):112 (112)
(42,80):162 (162)
(42,81):165 (165)
(42,82):237 (237)
(42,83):179 (179)
(42,84):226 (226)
(42,85):187 (187)
(42,86):240 (240)
(42,87):208 (208)
(42,88):250 (250)
(42,89):206 (206)
(42,90):250 (250)
(42,91):159 (159)
(42,92):208 (208)
(42,93):157 (157)
(42,94):145 (145)
(42,95):162 (162)
(42,96):160 (160)
(42,97):145 (145)
(42,98):205 (205)
(42,99):157 (157)
(42,100):196 (196)
(42,101):140 (140)
(42,102):145 (145)
(42,103):78 (78)
(42,104):135 (135)
(42,105):174 (174)
(42,106):250 (250)
(42,107):229 (229)
(42,108):250 (250)
(42,109):249 (249)
(42,110):250 (250)
(42,111):246 (246)
(42,112):250 (250)
(42,113):222 (222)
(42,114):240 (240)
(42,115):185 (185)
(42,116):216 (216)
(42,117):227 (227)
(42,118):250 (250)
(42,119):239 (239)
(42,120):250 (250)
(42,121):250 (250)
(42,122):250 (250)
(42,123):250 (250)
(42,124):250 (250)
(42,125):250 (250)
(42,126):250 (250)
(42,127):187 (187)
(43,0):203 (203)
(43,1):101 (101)
(43,2):250 (250)
(43,3):125 (125)
(43,4):239 (239)
(43,5):113 (113)
(43,6):210 (210)
(43,7):76 (76)
(43,8):105 (105)
(43,9):80 (80)
(43,10):155 (155)
(43,11):86 (86)
(43,12):173 (173)
(43,13):91 (91)
(43,14):178 (178)
(43,15):93 (93)
(43,16):175 (175)
(43,17):92 (92)
(43,18):176 (176)
(43,19):92 (92)
(43,20):175 (175)
(43,21):93 (93)
(43,22):176 (176)
(43,23):92 (92)
(43,24):176 (176)
(43,25):93 (93)
(43,26):176 (176)
(43,27):92 (92)
(43,28):176 (176)
(43,29):92 (92)
(43,30):174 (174)
(43,31):92 (92)
(43,32):175 (175)
(43,33):90 (90)
(43,34):160 (160)
(43,35):71 (71)
(43,36):134 (134)
(43,37):69 (69)
(43,38):80 (80)
(43,39):62 (62)
(43,40):151 (151)
(43,41):84 (84)
(43,42):170 (170)
(43,43):90 (90)
(43,44):172 (172)
(43,45):88 (88)
(43,46):165 (165)
(43,47):89 (89)
(43,48):165 (165)
(43,49):90 (90)
(43,50):180 (180)
(43,51):95 (95)
(43,52):204 (204)
(43,53):113 (113)
(43,54):222 (222)
(43,55):116 (116)
(43,56):206 (206)
(43,57):111 (111)
(43,58):218 (218)
(43,59):114 (114)
(43,60):227 (227)
(43,61):115 (115)
(43,62):238 (238)
(43,63):120 (120)
(43,64):239 (239)
(43,65):120 (120)
(43,66):231 (231)
(43,67):104 (104)
(43,68):213 (213)
(43,69):100 (100)
(43,70):184 (184)
(43,71):96 (96)
(43,72):126 (126)
(43,73):64 (64)
(43,74):184 (184)
(43,75):99 (99)
(43,76):196 (196)
(43,77):103 (103)
(43,78):178 (178)
(43,79):99 (99)
(43,80):203 (203)
(43,81):106 (106)
(43,82):211 (211)
(43,83):108 (108)
(43,84):230 (230)
(43,85):111 (111)
(43,86):204 (204)
(43,87):110 (110)
(43,88):226 (226)
(43,89):106 (106)
(43,90):209 (209)
(43,91):111 (111)
(43,92):176 (176)
(43,93):92 (92)
(43,94):171 (171)
(43,95):88 (88)
(43,96):102 (102)
(43,97):53 (53)
(43,98):150 (150)
(43,99):77 (77)
(43,100):108 (108)
(43,101):52 (52)
(43,102):91 (91)
(43,103):87 (87)
(43,104):173 (173)
(43,105):118 (118)
(43,106):231 (231)
(43,107):118 (118)
(43,108):244 (244)
(43,109):123 (123)
(43,110):237 (237)
(43,111):113 (113)
(43,112):203 (203)
(43,113):84 (84)
(43,114):91 (91)
(43,115):62 (62)
(43,116):185 (185)
(43,117):116 (116)
(43,118):232 (232)
(43,119):122 (122)
(43,120):250 (250)
(43,121):125 (125)
(43,122):250 (250)
(43,123):125 (125)
(43,124):250 (250)
(43,125):125 (125)
(43,126):187 (187)
(43,127):93 (93)
(44,0):250 (250)
(44,1):203 (203)
(44,2):250 (250)
(44,3):250 (250)
(44,4):250 (250)
(44,5):226 (226)
(44,6):250 (250)
(44,7):161 (161)
(44,8):150 (153)
(44,9):146 (146)
(44,10):203 (223)
(44,11):160 (160)
(44,12):216 (240)
(44,13):165 (165)
(44,14):217 (240)
(44,15):169 (169)
(44,16):221 (234)
(44,17):168 (168)
(44,18):224 (237)
(44,19):167 (167)
(44,20):220 (232)
(44,21):168 (168)
(44,22):224 (237)
(44,23):166 (166)
(44,24):213 (234)
(44,25):167 (167)
(44,26):211 (232)
(44,27):164 (164)
(44,28):211 (232)
(44,29):165 (165)
(44,30):209 (229)
(44,31):164 (164)
(44,32):209 (231)
(44,33):164 (164)
(44,34):191 (210)
(44,35):143 (143)
(44,36):146 (157)
(44,37):113 (113)
(44,38):88 (88)
(44,39):99 (99)
(44,40):144 (160)
(44,41):134 (134)
(44,42):151 (168)
(44,43):143 (143)
(44,44):177 (195)
(44,45):143 (143)
(44,46):179 (196)
(44,47):145 (145)
(44,48):170 (183)
(44,49):150 (150)
(44,50):177 (177)
(44,51):160 (160)
(44,52):222 (222)
(44,53):177 (177)
(44,54):250 (250)
(44,55):229 (229)
(44,56):250 (250)
(44,57):228 (228)
(44,58):250 (250)
(44,59):212 (212)
(44,60):250 (250)
(44,61):216 (216)
(44,62):250 (250)
(44,63):206 (206)
(44,64):250 (250)
(44,65):189 (189)
(44,66):250 (250)
(44,67):127 (127)
(44,68):177 (177)
(44,69):180 (180)
(44,70):250 (250)
(44,71):162 (162)
(44,72):250 (250)
(44,73):192 (192)
(44,74):250 (250)
(44,75):207 (207)
(44,76):250 (250)
(44,77):214 (214)
(44,78):250 (250)
(44,79):223 (223)
(44,80):250 (250)
(44,81):223 (223)
(44,82):250 (250)
(44,83):234 (234)
(44,84):250 (250)
(44,85):244 (244)
(44,86):250 (250)
(44,87):245 (245)
(44,88):250 (250)
(44,89):236 (236)
(44,90):250 (250)
(44,91):238 (238)
(44,92):250 (250)
(44,93):229 (229)
(44,94):250 (250)
(44,95):225 (225)
(44,96):250 (250)
(44,97):195 (195)
(44,98):204 (204)
(44,99):152 (152)
(44,100):219 (219)
(44,101):169 (169)
(44,102):250 (250)
(44,103):224 (224)
(44,104):250 (250)
(44,105):235 (235)
(44,106):250 (250)
(44,107):243 (243)
(44,108):250 (250)
(44,109):237 (237)
(44,110):250 (250)
(44,111):224 (224)
(44,112):228 (228)
(44,113):183 (183)
(44,114):250 (250)
(44,115):185 (185)
(44,116):250 (250)
(44,117):239 (239)
(44,118):250 (250)
(44,119):249 (249)
(44,120):250 (250)
(44,121):250 (250)
(44,122):250 (250)
(44,123):250 (250)
(44,124):250 (250)
(44,125):250 (250)
(44,126):250 (250)
(44,127):187 (187)
(45,0):203 (203)
(45,1):101 (101)
(45,2):250 (250)
(45,3):125 (125)
(45,4):250 (250)
(45,5):114 (114)
(45,6):203 (203)
(45,7):100 (100)
(45,8):117 (117)
(45,9):77 (77)
(45,10):137 (137)
(45,11):89 (89)
(45,12):175 (175)
(45,13):91 (91)
(45,14):180 (180)
(45,15):94 (94)
(45,16):178 (178)
(45,17):94 (94)
(45,18):177 (177)
(45,19):93 (93)
(45,20):176 (176)
(45,21):94 (94)
(45,22):180 (180)
(45,23):94 (94)
(45,24):177 (177)
(45,25):93 (93)
(45,26):175 (175)
(45,27):92 (92)
(45,28):176 (176)
(45,29):92 (92)
(45,30):173 (173)
(45,31):92 (92)
(45,32):174 (174)
(45,33):89 (89)
(45,34):168 (168)
(45,35):87 (87)
(45,36):121 (121)
(45,37):69 (69)
(45,38):86 (86)
(45,39):42 (42)
(45,40):99 (99)
(45,41):67 (67)
(45,42):144 (144)
(45,43):67 (67)
(45,44):150 (150)
(45,45):75 (75)
(45,46):145 (145)
(45,47):70 (70)
(45,48):138 (138)
(45,49):81 (81)
(45,50):164 (164)
(45,51):91 (91)
(45,52):164 (164)
(45,53):99 (99)
(45,54):185 (185)
(45,55):82 (82)
(45,56):140 (140)
(45,57):94 (94)
(45,58):121 (121)
(45,59):69 (69)
(45,60):190 (190)
(45,61):100 (100)
(45,62):210 (210)
(45,63):111 (111)
(45,64):219 (219)
(45,65):113 (113)
(45,66):217 (217)
(45,67):117 (117)
(45,68):230 (230)
(45,69):117 (117)
(45,70):217 (217)
(45,71):109 (109)
(45,72):234 (234)
(45,73):118 (118)
(45,74):226 (226)
(45,75):114 (114)
(45,76):231 (231)
(45,77):118 (118)
(45,78):238 (238)
(45,79):121 (121)
(45,80):243 (243)
(45,81):122 (122)
(45,82):246 (246)
(45,83):123 (123)
(45,84):245 (245)
(45,85):125 (125)
(45,86):250 (250)
(45,87):125 (125)
(45,88):247 (247)
(45,89):125 (125)
(45,90):239 (239)
(45,91):121 (121)
(45,92):240 (240)
(45,93):119 (119)
(45,94):218 (218)
(45,95):109 (109)
(45,96):230 (230)
(45,97):115 (115)
(45,98):210 (210)
(45,99):105 (105)
(45,100):215 (215)
(45,101):117 (117)
(45,102):225 (225)
(45,103):118 (118)
(45,104):236 (236)
(45,105):122 (122)
(45,106):243 (243)
(45,107):123 (123)
(45,108):247 (247)
(45,109):120 (120)
(45,110):229 (229)
(45,111):96 (96)
(45,112):109 (109)
(45,113):56 (56)
(45,114):148 (148)
(45,115):115 (115)
(45,116):227 (227)
(45,117):118 (118)
(45,118):245 (245)
(45,119):125 (125)
(45,120):250 (250)
(45,121):125 (125)
(45,122):250 (250)
(45,123):125 (125)
(45,124):250 (250)
(45,125):125 (125)
(45,126):187 (187)
(45,127):93 (93)
(46,0):250 (250)
(46,1):203 (203)
(46,2):250 (250)
(46,3):250 (250)
(46,4):250 (250)
(46,5):232 (232)
(46,6):250 (250)
(46,7):192 (192)
(46,8):250 (250)
(46,9):136 (136)
(46,10):213 (234)
(46,11):151 (151)
(46,12):215 (238)
(46,13):169 (169)
(46,14):224 (249)
(46,15):175 (175)
(46,16):230 (244)
(46,17):173 (173)
(46,18):225 (238)
(46,19):172 (172)
(46,20):227 (240)
(46,21):168 (168)
(46,22):222 (235)
(46,23):170 (170)
(46,24):213 (234)
(46,25):167 (167)
(46,26):211 (232)
(46,27):164 (164)
(46,28):209 (229)
(46,29):165 (165)
(46,30):209 (229)
(46,31):164 (164)
(46,32):208 (228)
(46,33):164 (164)
(46,34):199 (219)
(46,35):156 (156)
(46,36):180 (199)
(46,37):140 (140)
(46,38):132 (144)
(46,39):64 (64)
(46,40):64 (64)
(46,41):63 (63)
(46,42):93 (93)
(46,43):106 (106)
(46,44):154 (154)
(46,45):90 (90)
(46,46):121 (121)
(46,47):95 (95)
(46,48):120 (120)
(46,49):138 (138)
(46,50):127 (127)
(46,51):105 (105)
(46,52):142 (142)
(46,53):167 (167)
(46,54):250 (250)
(46,55):195 (195)
(46,56):250 (250)
(46,57):210 (210)
(46,58):250 (250)
(46,59):222 (222)
(46,60):250 (250)
(46,61):235 (235)
(46,62):250 (250)
(46,63):236 (236)
(46,64):250 (250)
(46,65):217 (217)
(46,66):250 (250)
(46,67):233 (233)
(46,68):250 (250)
(46,69):218 (218)
(46,70):250 (250)
(46,71):236 (236)
(46,72):250 (250)
(46,73):239 (239)
(46,74):250 (250)
(46,75):245 (245)
(46,76):250 (250)
(46,77):249 (249)
(46,78):250 (250)
(46,79):250 (250)
(46,80):250 (250)
(46,81):250 (250)
(46,82):250 (250)
(46,83):250 (250)
(46,84):250 (250)
(46,85):250 (250)
(46,86):250 (250)
(46,87):250 (250)
(46,88):250 (250)
(46,89):250 (250)
(46,90):250 (250)
(46,91):250 (250)
(46,92):250 (250)
(46,93):249 (249)
(46,94):250 (250)
(46,95):242 (242)
(46,96):250 (250)
(46,97):232 (232)
(46,98):250 (250)
(46,99):236 (236)
(46,100):250 (250)
(46,101):241 (241)
(46,102):250 (250)
(46,103):244 (244)
(46,104):250 (250)
(46,105):245 (245)
(46,106):250 (250)
(46,107):242 (242)
(46,108):250 (250)
(46,109):223 (223)
(46,110):244 (244)
(46,111):122 (122)
(46,112):166 (166)
(46,113):149 (149)
(46,114):250 (250)
(46,115):237 (237)
(46,116):250 (250)
(46,117):243 (243)
(46,118):250 (250)
(46,119):250 (250)
(46,120):250 (250)
(46,121):250 (250)
(46,122):250 (250)
(46,123):250 (250)
(46,124):250 (250)
(46,125):250 (250)
(46,126):250 (250)
(46,127):187 (187)
(47,0):203 (203)
(47,1):101 (101)
(47,2):250 (250)
(47,3):125 (125)
(47,4):250 (250)
(47,5):121 (121)
(47,6):216 (216)
(47,7):114 (114)
(47,8):157 (157)
(47,9):99 (99)
(47,10):153 (153)
(47,11):79 (79)
(47,12):174 (174)
(47,13):94 (94)
(47,14):187 (187)
(47,15):97 (97)
(47,16):184 (184)
(47,17):96 (96)
(47,18):178 (178)
(47,19):95 (95)
(47,20):180 (180)
(47,21):93 (93)
(47,22):179 (179)
(47,23):92 (92)
(47,24):176 (176)
(47,25):93 (93)
(47,26):174 (174)
(47,27):91 (91)
(47,28):176 (176)
(47,29):92 (92)
(47,30):173 (173)
(47,31):91 (91)
(47,32):174 (174)
(47,33):92 (92)
(47,34):167 (167)
(47,35):89 (89)
(47,36):151 (151)
(47,37):69 (69)
(47,38):95 (95)
(47,39):41 (41)
(47,40):69 (69)
(47,41):28 (28)
(47,42):90 (90)
(47,43):40 (40)
(47,44):84 (84)
(47,45):49 (49)
(47,46):105 (105)
(47,47):79 (79)
(47,48):162 (162)
(47,49):75 (75)
(47,50):159 (159)
(47,51):102 (102)
(47,52):203 (203)
(47,53):111 (111)
(47,54):214 (214)
(47,55):118 (118)
(47,56):202 (202)
(47,57):107 (107)
(47,58):226 (226)
(47,59):118 (118)
(47,60):228 (228)
(47,61):115 (115)
(47,62):239 (239)
(47,63):121 (121)
(47,64):240 (240)
(47,65):122 (122)
(47,66):246 (246)
(47,67):124 (124)
(47,68):247 (247)
(47,69):124 (124)
(47,70):249 (249)
(47,71):125 (125)
(47,72):250 (250)
(47,73):125 (125)
(47,74):250 (250)
(47,75):125 (125)
(47,76):250 (250)
(47,77):125 (125)
(47,78):250 (250)
(47,79):125 (125)
(47,80):250 (250)
(47,81):125 (125)
(47,82):250 (250)
(47,83):125 (125)
(47,84):250 (250)
(47,85):125 (125)
(47,86):250 (250)
(47,87):125 (125)
(47,88):250 (250)
(47,89):125 (125)
(47,90):250 (250)
(47,91):125 (125)
(47,92):250 (250)
(47,93):125 (125)
(47,94):250 (250)
(47,95):125 (125)
(47,96):250 (250)
(47,97):125 (125)
(47,98):250 (250)
(47,99):125 (125)
(47,100):250 (250)
(47,101):123 (123)
(47,102):246 (246)
(47,103):121 (121)
(47,104):242 (242)
(47,105):115 (115)
(47,106):238 (238)
(47,107):114 (114)
(47,108):235 (235)
(47,109):100 (100)
(47,110):202 (202)
(47,111):102 (102)
(47,112):186 (186)
(47,113):122 (122)
(47,114):232 (232)
(47,115):118 (118)
(47,116):240 (240)
(47,117):125 (125)
(47,118):250 (250)
(47,119):125 (125)
(47,120):250 (250)
(47,121):125 (125)
(47,122):250 (250)
(47,123):125 (125)
(47,124):250 (250)
(47,125):125 (125)
(47,126):187 (187)
(47,127):93 (93)
(48,0):250 (250)
(48,1):203 (203)
(48,2):250 (250)
(48,3):250 (250)
(48,4):250 (250)
(48,5):242 (242)
(48,6):250 (250)
(48,7):227 (227)
(48,8):250 (250)
(48,9):192 (192)
(48,10):153 (157)
(48,11):162 (162)
(48,12):212 (234)
(48,13):170 (170)
(48,14):215 (238)
(48,15):171 (171)
(48,16):227 (241)
(48,17):170 (170)
(48,18):227 (240)
(48,19):166 (166)
(48,20):220 (232)
(48,21):168 (168)
(48,22):214 (235)
(48,23):165 (165)
(48,24):211 (231)
(48,25):165 (165)
(48,26):211 (231)
(48,27):163 (163)
(48,28):211 (232)
(48,29):165 (165)
(48,30):209 (229)
(48,31):164 (164)
(48,32):211 (232)
(48,33):164 (164)
(48,34):210 (232)
(48,35):163 (163)
(48,36):198 (220)
(48,37):140 (140)
(48,38):170 (189)
(48,39):113 (113)
(48,40):72 (72)
(48,41):58 (58)
(48,42):108 (108)
(48,43):99 (99)
(48,44):190 (190)
(48,45):182 (182)
(48,46):250 (250)
(48,47):215 (215)
(48,48):250 (250)
(48,49):206 (206)
(48,50):250 (250)
(48,51):227 (227)
(48,52):250 (250)
(48,53):226 (226)
(48,54):250 (250)
(48,55):236 (236)
(48,56):250 (250)
(48,57):241 (241)
(48,58):250 (250)
(48,59):246 (246)
(48,60):250 (250)
(48,61):247 (247)
(48,62):250 (250)
(48,63):250 (250)
(48,64):250 (250)
(48,65):250 (250)
(48,66):250 (250)
(48,67):250 (250)
(48,68):250 (250)
(48,69):250 (250)
(48,70):250 (250)
(48,71):250 (250)
(48,72):250 (250)
(48,73):250 (250)
(48,74):250 (250)
(48,75):250 (250)
(48,76):250 (250)
(48,77):250 (250)
(48,78):250 (250)
(48,79):250 (250)
(48,80):250 (250)
(48,81):250 (250)
(48,82):250 (250)
(48,83):250 (250)
(48,84):250 (250)
(48,85):250 (250)
(48,86):250 (250)
(48,87):250 (250)
(48,88):250 (250)
(48,89):250 (250)
(48,90):250 (250)
(48,91):250 (250)
(48,92):250 (250)
(48,93):248 (248)
(48,94):250 (250)
(48,95):246 (246)
(48,96):250 (250)
(48,97):241 (241)
(48,98):250 (250)
(48,99):236 (236)
(48,100):250 (250)
(48,101):236 (236)
(48,102):250 (250)
(48,103):232 (232)
(48,104):250 (250)
(48,105):230 (230)
(48,106):250 (250)
(48,107):203 (203)
(48,108):175 (175)
(48,109):187 (187)
(48,110):250 (250)
(48,111):177 (177)
(48,112):250 (250)
(48,113):230 (230)
(48,114):250 (250)
(48,115):241 (241)
(48,116):250 (250)
(48,117):250 (250)
(48,118):250 (250)
(48,119):250 (250)
(48,120):250 (250)
(48,121):250 (250)
(48,122):250 (250)
(48,123):250 (250)
(48,124):250 (250)
(48,125):250 (250)
(48,126):250 (250)
(48,127):187 (187)
(49,0):203 (203)
(49,1):101 (101)
(49,2):250 (250)
(49,3):125 (125)
(49,4):250 (250)
(49,5):125 (125)
(49,6):234 (234)
(49,7):120 (120)
(49,8):220 (220)
(49,9):97 (97)
(49,10):111 (111)
(49,11):87 (87)
(49,12):164 (164)
(49,13):90 (90)
(49,14):179 (179)
(49,15):95 (95)
(49,16):177 (177)
(49,17):93 (93)
(49,18):177 (177)
(49,19):92 (92)
(49,20):174 (174)
(49,21):93 (93)
(49,22):175 (175)
(49,23):91 (91)
(49,24):174 (174)
(49,25):92 (92)
(49,26):174 (174)
(49,27):91 (91)
(49,28):175 (175)
(49,29):91 (91)
(49,30):173 (173)
(49,31):92 (92)
(49,32):172 (172)
(49,33):92 (92)
(49,34):171 (171)
(49,35):89 (89)
(49,36):160 (160)
(49,37):79 (79)
(49,38):151 (151)
(49,39):55 (55)
(49,40):113 (113)
(49,41):34 (34)
(49,42):108 (108)
(49,43):59 (59)
(49,44):151 (151)
(49,45):105 (105)
(49,46):217 (217)
(49,47):104 (104)
(49,48):223 (223)
(49,49):118 (118)
(49,50):237 (237)
(49,51):120 (120)
(49,52):242 (242)
(49,53):123 (123)
(49,54):242 (242)
(49,55):125 (125)
(49,56):250 (250)
(49,57):125 (125)
(49,58):248 (248)
(49,59):125 (125)
(49,60):250 (250)
(49,61):125 (125)
(49,62):250 (250)
(49,63):125 (125)
(49,64):250 (250)
(49,65):125 (125)
(49,66):250 (250)
(49,67):125 (125)
(49,68):250 (250)
(49,69):125 (125)
(49,70):250 (250)
(49,71):125 (125)
(49,72):250 (250)
(49,73):125 (125)
(49,74):250 (250)
(49,75):125 (125)
(49,76):250 (250)
(49,77):125 (125)
(49,78):250 (250)
(49,79):125 (125)
(49,80):250 (250)
(49,81):125 (125)
(49,82):250 (250)
(49,83):125 (125)
(49,84):250 (250)
(49,85):125 (125)
(49,86):250 (250)
(49,87):125 (125)
(49,88):250 (250)
(49,89):125 (125)
(49,90):250 (250)
(49,91):125 (125)
(49,92):245 (245)
(49,93):122 (122)
(49,94):232 (232)
(49,95):115 (115)
(49,96):218 (218)
(49,97):108 (108)
(49,98):209 (209)
(49,99):109 (109)
(49,100):219 (219)
(49,101):113 (113)
(49,102):225 (225)
(49,103):105 (105)
(49,104):213 (213)
(49,105):103 (103)
(49,106):203 (203)
(49,107):68 (68)
(49,108):216 (216)
(49,109):103 (103)
(49,110):235 (235)
(49,111):121 (121)
(49,112):248 (248)
(49,113):124 (124)
(49,114):244 (244)
(49,115):125 (125)
(49,116):250 (250)
(49,117):125 (125)
(49,118):250 (250)
(49,119):125 (125)
(49,120):250 (250)
(49,121):125 (125)
(49,122):250 (250)
(49,123):125 (125)
(49,124):250 (250)
(49,125):125 (125)
(49,126):187 (187)
(49,127):93 (93)
(50,0):250 (250)
(50,1):203 (203)
(50,2):250 (250)
(50,3):250 (250)
(50,4):250 (250)
(50,5):250 (250)
(50,6):250 (250)
(50,7):242 (242)
(50,8):250 (250)
(50,9):227 (227)
(50,10):250 (250)
(50,11):181 (181)
(50,12):179 (190)
(50,13):164 (164)
(50,14):211 (232)
(50,15):165 (165)
(50,16):208 (228)
(50,17):163 (163)
(50,18):211 (231)
(50,19):164 (164)
(50,20):209 (229)
(50,21):165 (165)
(50,22):209 (229)
(50,23):162 (162)
(50,24):210 (231)
(50,25):164 (164)
(50,26):209 (229)
(50,27):163 (163)
(50,28):211 (232)
(50,29):164 (164)
(50,30):209 (229)
(50,31):164 (164)
(50,32):211 (232)
(50,33):164 (164)
(50,34):207 (228)
(50,35):164 (164)
(50,36):210 (234)
(50,37):154 (154)
(50,38):177 (196)
(50,39):111 (111)
(50,40):126 (135)
(50,41):101 (101)
(50,42):109 (109)
(50,43):155 (155)
(50,44):250 (250)
(50,45):228 (228)
(50,46):250 (250)
(50,47):248 (248)
(50,48):250 (250)
(50,49):249 (249)
(50,50):250 (250)
(50,51):250 (250)
(50,52):250 (250)
(50,53):250 (250)
(50,54):250 (250)
(50,55):250 (250)
(50,56):250 (250)
(50,57):250 (250)
(50,58):250 (250)
(50,59):250 (250)
(50,60):250 (250)
(50,61):250 (250)
(50,62):250 (250)
(50,63):250 (250)
(50,64):250 (250)
(50,65):250 (250)
(50,66):250 (250)
(50,67):250 (250)
(50,68):250 (250)
(50,69):250 (250)
(50,70):250 (250)
(50,71):250 (250)
(50,72):250 (250)
(50,73):250 (250)
(50,74):250 (250)
(50,75):250 (250)
(50,76):250 (250)
(50,77):250 (250)
(50,78):250 (250)
(50,79):250 (250)
(50,80):250 (250)
(50,81):250 (250)
(50,82):250 (250)
(50,83):250 (250)
(50,84):250 (250)
(50,85):250 (250)
(50,86):250 (250)
(50,87):250 (250)
(50,88):250 (250)
(50,89):250 (250)
(50,90):250 (250)
(50,91):250 (250)
(50,92):250 (250)
(50,93):243 (243)
(50,94):250 (250)
(50,95):227 (227)
(50,96):250 (250)
(50,97):206 (206)
(50,98):250 (250)
(50,99):191 (191)
(50,100):250 (250)
(50,101):192 (192)
(50,102):250 (250)
(50,103):208 (208)
(50,104):250 (250)
(50,105):171 (171)
(50,106):250 (250)
(50,107):218 (218)
(50,108):250 (250)
(50,109):230 (230)
(50,110):250 (250)
(50,111):246 (246)
(50,112):250 (250)
(50,113):243 (243)
(50,114):250 (250)
(50,115):250 (250)
(50,116):250 (250)
(50,117):250 (250)
(50,118):250 (250)
(50,119):250 (250)
(50,120):250 (250)
(50,121):250 (250)
(50,122):250 (250)
(50,123):250 (250)
(50,124):250 (250)
(50,125):250 (250)
(50,126):250 (250)
(50,127):187 (187)
(51,0):203 (203)
(51,1):101 (101)
(51,2):250 (250)
(51,3):125 (125)
(51,4):250 (250)
(51,5):125 (125)
(51,6):250 (250)
(51,7):121 (121)
(51,8):219 (219)
(51,9):112 (112)
(51,10):180 (180)
(51,11):63 (63)
(51,12):113 (113)
(51,13):71 (71)
(51,14):168 (168)
(51,15):87 (87)
(51,16):173 (173)
(51,17):92 (92)
(51,18):175 (175)
(51,19):92 (92)
(51,20):173 (173)
(51,21):92 (92)
(51,22):174 (174)
(51,23):91 (91)
(51,24):173 (173)
(51,25):92 (92)
(51,26):173 (173)
(51,27):91 (91)
(51,28):175 (175)
(51,29):92 (92)
(51,30):173 (173)
(51,31):91 (91)
(51,32):175 (175)
(51,33):91 (91)
(51,34):173 (173)
(51,35):91 (91)
(51,36):175 (175)
(51,37):84 (84)
(51,38):163 (163)
(51,39):75 (75)
(51,40):151 (151)
(51,41):61 (61)
(51,42):153 (153)
(51,43):95 (95)
(51,44):224 (224)
(51,45):118 (118)
(51,46):244 (244)
(51,47):125 (125)
(51,48):250 (250)
(51,49):124 (124)
(51,50):250 (250)
(51,51):125 (125)
(51,52):250 (250)
(51,53):125 (125)
(51,54):250 (250)
(51,55):125 (125)
(51,56):250 (250)
(51,57):125 (125)
(51,58):250 (250)
(51,59):125 (125)
(51,60):250 (250)
(51,61):125 (125)
(51,62):250 (250)
(51,63):125 (125)
(51,64):250 (250)
(51,65):125 (125)
(51,66):250 (250)
(51,67):125 (125)
(51,68):250 (250)
(51,69):125 (125)
(51,70):250 (250)
(51,71):125 (125)
(51,72):250 (250)
(51,73):125 (125)
(51,74):250 (250)
(51,75):125 (125)
(51,76):250 (250)
(51,77):125 (125)
(51,78):250 (250)
(51,79):125 (125)
(51,80):250 (250)
(51,81):125 (125)
(51,82):250 (250)
(51,83):125 (125)
(51,84):250 (250)
(51,85):125 (125)
(51,86):250 (250)
(51,87):125 (125)
(51,88):250 (250)
(51,89):125 (125)
(51,90):250 (250)
(51,91):125 (125)
(51,92):240 (240)
(51,93):115 (115)
(51,94):188 (188)
(51,95):85 (85)
(51,96):113 (113)
(51,97):50 (50)
(51,98):105 (105)
(51,99):60 (60)
(51,100):123 (123)
(51,101):96 (96)
(51,102):200 (200)
(51,103):107 (107)
(51,104):198 (198)
(51,105):109 (109)
(51,106):235 (235)
(51,107):120 (120)
(51,108):245 (245)
(51,109):118 (118)
(51,110):246 (246)
(51,111):123 (123)
(51,112):250 (250)
(51,113):125 (125)
(51,114):250 (250)
(51,115):125 (125)
(51,116):250 (250)
(51,117):125 (125)
(51,118):250 (250)
(51,119):125 (125)
(51,120):250 (250)
(51,121):125 (125)
(51,122):250 (250)
(51,123):125 (125)
(51,124):250 (250)
(51,125):125 (125)
(51,126):187 (187)
(51,127):93 (93)
(52,0):250 (250)
(52,1):203 (203)
(52,2):250 (250)
(52,3):250 (250)
(52,4):250 (250)
(52,5):250 (250)
(52,6):250 (250)
(52,7):250 (250)
(52,8):250 (250)
(52,9):235 (235)
(52,10):250 (250)
(52,11):181 (181)
(52,12):223 (244)
(52,13):150 (150)
(52,14):199 (217)
(52,15):162 (162)
(52,16):205 (225)
(52,17):163 (163)
(52,18):207 (228)
(52,19):163 (163)
(52,20):208 (228)
(52,21):164 (164)
(52,22):210 (231)
(52,23):163 (163)
(52,24):209 (229)
(52,25):164 (164)
(52,26):209 (229)
(52,27):162 (162)
(52,28):210 (231)
(52,29):163 (163)
(52,30):209 (229)
(52,31):163 (163)
(52,32):210 (231)
(52,33):161 (161)
(52,34):209 (231)
(52,35):162 (162)
(52,36):208 (231)
(52,37):156 (156)
(52,38):180 (198)
(52,39):138 (138)
(52,40):151 (162)
(52,41):91 (91)
(52,42):235 (235)
(52,43):171 (171)
(52,44):250 (250)
(52,45):238 (238)
(52,46):250 (250)
(52,47):250 (250)
(52,48):250 (250)
(52,49):250 (250)
(52,50):250 (250)
(52,51):250 (250)
(52,52):250 (250)
(52,53):250 (250)
(52,54):250 (250)
(52,55):250 (250)
(52,56):250 (250)
(52,57):250 (250)
(52,58):250 (250)
(52,59):250 (250)
(52,60):250 (250)
(52,61):250 (250)
(52,62):250 (250)
(52,63):250 (250)
(52,64):250 (250)
(52,65):250 (250)
(52,66):250 (250)
(52,67):250 (250)
(52,68):250 (250)
(52,69):250 (250)
(52,70):250 (250)
(52,71):250 (250)
(52,72):250 (250)
(52,73):250 (250)
(52,74):250 (250)
(52,75):250 (250)
(52,76):250 (250)
(52,77):250 (250)
(52,78):250 (250)
(52,79):250 (250)
(52,80):250 (250)
(52,81):250 (250)
(52,82):250 (250)
(52,83):250 (250)
(52,84):250 (250)
(52,85):250 (250)
(52,86):250 (250)
(52,87):250 (250)
(52,88):250 (250)
(52,89):250 (250)
(52,90):250 (250)
(52,91):250 (250)
(52,92):250 (250)
(52,93):228 (228)
(52,94):250 (250)
(52,95):177 (177)
(52,96):244 (244)
(52,97):165 (165)
(52,98):237 (250)
(52,99):197 (197)
(52,100):250 (250)
(52,101):219 (219)
(52,102):250 (250)
(52,103):226 (226)
(52,104):250 (250)
(52,105):242 (242)
(52,106):250 (250)
(52,107):241 (241)
(52,108):250 (250)
(52,109):247 (247)
(52,110):250 (250)
(52,111):250 (250)
(52,112):250 (250)
(52,113):250 (250)
(52,114):250 (250)
(52,115):250 (250)
(52,116):250 (250)
(52,117):250 (250)
(52,118):250 (250)
(52,119):250 (250)
(52,120):250 (250)
(52,121):250 (250)
(52,122):250 (250)
(52,123):250 (250)
(52,124):250 (250)
(52,125):250 (250)
(52,126):250 (250)
(52,127):187 (187)
(53,0):203 (203)
(53,1):101 (101)
(53,2):250 (250)
(53,3):125 (125)
(53,4):250 (250)
(53,5):125 (125)
(53,6):250 (250)
(53,7):125 (125)
(53,8):239 (239)
(53,9):111 (111)
(53,10):216 (216)
(53,11):91 (91)
(53,12):176 (176)
(53,13):60 (60)
(53,14):148 (148)
(53,15):86 (86)
(53,16):163 (163)
(53,17):90 (90)
(53,18):175 (175)
(53,19):91 (91)
(53,20):173 (173)
(53,21):92 (92)
(53,22):174 (174)
(53,23):91 (91)
(53,24):173 (173)
(53,25):92 (92)
(53,26):173 (173)
(53,27):91 (91)
(53,28):174 (174)
(53,29):91 (91)
(53,30):173 (173)
(53,31):91 (91)
(53,32):174 (174)
(53,33):90 (90)
(53,34):167 (167)
(53,35):88 (88)
(53,36):164 (164)
(53,37):87 (87)
(53,38):156 (156)
(53,39):79 (79)
(53,40):135 (135)
(53,41):63 (63)
(53,42):147 (147)
(53,43):112 (112)
(53,44):233 (233)
(53,45):123 (123)
(53,46):250 (250)
(53,47):125 (125)
(53,48):250 (250)
(53,49):125 (125)
(53,50):250 (250)
(53,51):125 (125)
(53,52):250 (250)
(53,53):125 (125)
(53,54):250 (250)
(53,55):125 (125)
(53,56):250 (250)
(53,57):125 (125)
(53,58):250 (250)
(53,59):125 (125)
(53,60):250 (250)
(53,61):125 (125)
(53,62):250 (250)
(53,63):125 (125)
(53,64):250 (250)
(53,65):125 (125)
(53,66):250 (250)
(53,67):125 (125)
(53,68):250 (250)
(53,69):125 (125)
(53,70):250 (250)
(53,71):125 (125)
(53,72):250 (250)
(53,73):125 (125)
(53,74):250 (250)
(53,75):125 (125)
(53,76):250 (250)
(53,77):125 (125)
(53,78):250 (250)
(53,79):125 (125)
(53,80):250 (250)
(53,81):125 (125)
(53,82):250 (250)
(53,83):125 (125)
(53,84):250 (250)
(53,85):125 (125)
(53,86):250 (250)
(53,87):125 (125)
(53,88):250 (250)
(53,89):125 (125)
(53,90):250 (250)
(53,91):125 (125)
(53,92):231 (231)
(53,93):106 (106)
(53,94):158 (158)
(53,95):46 (46)
(53,96):135 (135)
(53,97):60 (60)
(53,98):188 (188)
(53,99):106 (106)
(53,100):230 (230)
(53,101):115 (115)
(53,102):226 (226)
(53,103):122 (122)
(53,104):246 (246)
(53,105):123 (123)
(53,106):245 (245)
(53,107):125 (125)
(53,108):250 (250)
(53,109):125 (125)
(53,110):250 (250)
(53,111):125 (125)
(53,112):250 (250)
(53,113):125 (125)
(53,114):250 (250)
(53,115):125 (125)
(53,116):250 (250)
(53,117):125 (125)
(53,118):250 (250)
(53,119):125 (125)
(53,120):250 (250)
(53,121):125 (125)
(53,122):250 (250)
(53,123):125 (125)
(53,124):250 (250)
(53,125):125 (125)
(53,126):187 (187)
(53,127):93 (93)
(54,0):250 (250)
(54,1):203 (203)
(54,2):250 (250)
(54,3):250 (250)
(54,4):250 (250)
(54,5):250 (250)
(54,6):250 (250)
(54,7):250 (250)
(54,8):250 (250)
(54,9):238 (238)
(54,10):250 (250)
(54,11):223 (223)
(54,12):243 (243)
(54,13):172 (172)
(54,14):190 (204)
(54,15):154 (154)
(54,16):203 (223)
(54,17):159 (159)
(54,18):209 (231)
(54,19):162 (162)
(54,20):207 (228)
(54,21):165 (165)
(54,22):208 (229)
(54,23):163 (163)
(54,24):208 (228)
(54,25):163 (163)
(54,26):208 (228)
(54,27):161 (161)
(54,28):208 (229)
(54,29):163 (163)
(54,30):207 (228)
(54,31):161 (161)
(54,32):210 (232)
(54,33):160 (160)
(54,34):202 (223)
(54,35):164 (164)
(54,36):192 (211)
(54,37):160 (160)
(54,38):166 (180)
(54,39):123 (123)
(54,40):114 (114)
(54,41):123 (123)
(54,42):250 (250)
(54,43):224 (224)
(54,44):250 (250)
(54,45):244 (244)
(54,46):250 (250)
(54,47):250 (250)
(54,48):250 (250)
(54,49):250 (250)
(54,50):250 (250)
(54,51):250 (250)
(54,52):250 (250)
(54,53):250 (250)
(54,54):250 (250)
(54,55):250 (250)
(54,56):250 (250)
(54,57):250 (250)
(54,58):250 (250)
(54,59):250 (250)
(54,60):250 (250)
(54,61):250 (250)
(54,62):250 (250)
(54,63):250 (250)
(54,64):250 (250)
(54,65):250 (250)
(54,66):250 (250)
(54,67):250 (250)
(54,68):250 (250)
(54,69):250 (250)
(54,70):250 (250)
(54,71):250 (250)
(54,72):250 (250)
(54,73):250 (250)
(54,74):250 (250)
(54,75):250 (250)
(54,76):250 (250)
(54,77):250 (250)
(54,78):250 (250)
(54,79):250 (250)
(54,80):250 (250)
(54,81):250 (250)
(54,82):250 (250)
(54,83):250 (250)
(54,84):250 (250)
(54,85):250 (250)
(54,86):250 (250)
(54,87):250 (250)
(54,88):250 (250)
(54,89):250 (250)
(54,90):250 (250)
(54,91):250 (250)
(54,92):250 (250)
(54,93):215 (215)
(54,94):250 (250)
(54,95):106 (106)
(54,96):145 (145)
(54,97):180 (180)
(54,98):236 (250)
(54,99):230 (230)
(54,100):250 (250)
(54,101):245 (245)
(54,102):250 (250)
(54,103):248 (248)
(54,104):250 (250)
(54,105):250 (250)
(54,106):250 (250)
(54,107):250 (250)
(54,108):250 (250)
(54,109):250 (250)
(54,110):250 (250)
(54,111):250 (250)
(54,112):250 (250)
(54,113):250 (250)
(54,114):250 (250)
(54,115):250 (250)
(54,116):250 (250)
(54,117):250 (250)
(54,118):250 (250)
(54,119):250 (250)
(54,120):250 (250)
(54,121):250 (250)
(54,122):250 (250)
(54,123):250 (250)
(54,124):250 (250)
(54,125):250 (250)
(54,126):250 (250)
(54,127):187 (187)
(55,0):203 (203)
(55,1):101 (101)
(55,2):250 (250)
(55,3):125 (125)
(55,4):250 (250)
(55,5):125 (125)
(55,6):250 (250)
(55,7):125 (125)
(55,8):250 (250)
(55,9):120 (120)
(55,10):233 (233)
(55,11):109 (109)
(55,12):175 (175)
(55,13):92 (92)
(55,14):107 (107)
(55,15):79 (79)
(55,16):161 (161)
(55,17):87 (87)
(55,18):171 (171)
(55,19):91 (91)
(55,20):170 (170)
(55,21):92 (92)
(55,22):173 (173)
(55,23):90 (90)
(55,24):172 (172)
(55,25):91 (91)
(55,26):172 (172)
(55,27):88 (88)
(55,28):173 (173)
(55,29):90 (90)
(55,30):171 (171)
(55,31):89 (89)
(55,32):171 (171)
(55,33):85 (85)
(55,34):156 (156)
(55,35):73 (73)
(55,36):121 (121)
(55,37):72 (72)
(55,38):91 (91)
(55,39):91 (91)
(55,40):125 (125)
(55,41):117 (117)
(55,42):229 (229)
(55,43):116 (116)
(55,44):237 (237)
(55,45):123 (123)
(55,46):247 (247)
(55,47):123 (123)
(55,48):247 (247)
(55,49):125 (125)
(55,50):250 (250)
(55,51):125 (125)
(55,52):250 (250)
(55,53):125 (125)
(55,54):250 (250)
(55,55):125 (125)
(55,56):250 (250)
(55,57):125 (125)
(55,58):250 (250)
(55,59):125 (125)
(55,60):250 (250)
(55,61):125 (125)
(55,62):250 (250)
(55,63):125 (125)
(55,64):250 (250)
(55,65):125 (125)
(55,66):250 (250)
(55,67):125 (125)
(55,68):250 (250)
(55,69):125 (125)
(55,70):250 (250)
(55,71):125 (125)
(55,72):250 (250)
(55,73):125 (125)
(55,74):250 (250)
(55,75):125 (125)
(55,76):250 (250)
(55,77):125 (125)
(55,78):250 (250)
(55,79):125 (125)
(55,80):250 (250)
(55,81):125 (125)
(55,82):250 (250)
(55,83):125 (125)
(55,84):250 (250)
(55,85):125 (125)
(55,86):250 (250)
(55,87):125 (125)
(55,88):250 (250)
(55,89):125 (125)
(55,90):250 (250)
(55,91):125 (125)
(55,92):235 (235)
(55,93):105 (105)
(55,94):180 (180)
(55,95):53 (53)
(55,96):118 (118)
(55,97):74 (74)
(55,98):216 (216)
(55,99):105 (105)
(55,100):243 (243)
(55,101):119 (119)
(55,102):248 (248)
(55,103):125 (125)
(55,104):250 (250)
(55,105):125 (125)
(55,106):250 (250)
(55,107):125 (125)
(55,108):250 (250)
(55,109):125 (125)
(55,110):250 (250)
(55,111):125 (125)
(55,112):250 (250)
(55,113):125 (125)
(55,114):250 (250)
(55,115):125 (125)
(55,116):250 (250)
(55,117):125 (125)
(55,118):250 (250)
(55,119):125 (125)
(55,120):250 (250)
(55,121):125 (125)
(55,122):250 (250)
(55,123):125 (125)
(55,124):250 (250)
(55,125):125 (125)
(55,126):187 (187)
(55,127):93 (93)
(56,0):250 (250)
(56,1):203 (203)
(56,2):250 (250)
(56,3):250 (250)
(56,4):250 (250)
(56,5):250 (250)
(56,6):250 (250)
(56,7):250 (250)
(56,8):250 (250)
(56,9):250 (250)
(56,10):250 (250)
(56,11):233 (233)
(56,12):250 (250)
(56,13):179 (179)
(56,14):233 (246)
(56,15):149 (149)
(56,16):199 (217)
(56,17):147 (147)
(56,18):205 (226)
(56,19):162 (162)
(56,20):200 (220)
(56,21):166 (166)
(56,22):207 (228)
(56,23):162 (162)
(56,24):205 (226)
(56,25):163 (163)
(56,26):207 (228)
(56,27):159 (159)
(56,28):202 (223)
(56,29):159 (159)
(56,30):202 (223)
(56,31):157 (157)
(56,32):196 (216)
(56,33):149 (149)
(56,34):186 (205)
(56,35):148 (148)
(56,36):146 (154)
(56,37):146 (146)
(56,38):102 (102)
(56,39):155 (155)
(56,40):244 (244)
(56,41):235 (235)
(56,42):250 (250)
(56,43):229 (229)
(56,44):250 (250)
(56,45):238 (238)
(56,46):250 (250)
(56,47):238 (238)
(56,48):250 (250)
(56,49):246 (246)
(56,50):250 (250)
(56,51):250 (250)
(56,52):250 (250)
(56,53):250 (250)
(56,54):250 (250)
(56,55):250 (250)
(56,56):250 (250)
(56,57):250 (250)
(56,58):250 (250)
(56,59):250 (250)
(56,60):250 (250)
(56,61):250 (250)
(56,62):250 (250)
(56,63):250 (250)
(56,64):250 (250)
(56,65):250 (250)
(56,66):250 (250)
(56,67):250 (250)
(56,68):250 (250)
(56,69):250 (250)
(56,70):250 (250)
(56,71):250 (250)
(56,72):250 (250)
(56,73):250 (250)
(56,74):250 (250)
(56,75):250 (250)
(56,76):250 (250)
(56,77):250 (250)
(56,78):250 (250)
(56,79):250 (250)
(56,80):250 (250)
(56,81):250 (250)
(56,82):250 (250)
(56,83):250 (250)
(56,84):250 (250)
(56,85):250 (250)
(56,86):250 (250)
(56,87):249 (249)
(56,88):250 (250)
(56,89):249 (249)
(56,90):250 (250)
(56,91):249 (249)
(56,92):250 (250)
(56,93):212 (212)
(56,94):250 (250)
(56,95):156 (156)
(56,96):160 (163)
(56,97):158 (158)
(56,98):204 (220)
(56,99):211 (211)
(56,100):250 (250)
(56,101):232 (232)
(56,102):250 (250)
(56,103):248 (248)
(56,104):250 (250)
(56,105):250 (250)
(56,106):250 (250)
(56,107):250 (250)
(56,108):250 (250)
(56,109):250 (250)
(56,110):250 (250)
(56,111):250 (250)
(56,112):250 (250)
(56,113):250 (250)
(56,114):250 (250)
(56,115):250 (250)
(56,116):250 (250)
(56,117):250 (250)
(56,118):250 (250)
(56,119):250 (250)
(56,120):250 (250)
(56,121):250 (250)
(56,122):250 (250)
(56,123):250 (250)
(56,124):250 (250)
(56,125):250 (250)
(56,126):250 (250)
(56,127):187 (187)
(57,0):203 (203)
(57,1):101 (101)
(57,2):250 (250)
(57,3):125 (125)
(57,4):250 (250)
(57,5):125 (125)
(57,6):250 (250)
(57,7):125 (125)
(57,8):250 (250)
(57,9):125 (125)
(57,10):236 (236)
(57,11):118 (118)
(57,12):201 (201)
(57,13):92 (92)
(57,14):177 (177)
(57,15):62 (62)
(57,16):141 (141)
(57,17):86 (86)
(57,18):137 (137)
(57,19):91 (91)
(57,20):157 (157)
(57,21):90 (90)
(57,22):164 (164)
(57,23):88 (88)
(57,24):160 (160)
(57,25):82 (82)
(57,26):160 (160)
(57,27):82 (82)
(57,28):155 (155)
(57,29):75 (75)
(57,30):155 (155)
(57,31):83 (83)
(57,32):152 (152)
(57,33):74 (74)
(57,34):130 (130)
(57,35):47 (47)
(57,36):82 (82)
(57,37):81 (81)
(57,38):161 (161)
(57,39):113 (113)
(57,40):209 (209)
(57,41):121 (121)
(57,42):231 (231)
(57,43):118 (118)
(57,44):234 (234)
(57,45):108 (108)
(57,46):214 (214)
(57,47):119 (119)
(57,48):236 (236)
(57,49):123 (123)
(57,50):246 (246)
(57,51):125 (125)
(57,52):250 (250)
(57,53):125 (125)
(57,54):250 (250)
(57,55):125 (125)
(57,56):250 (250)
(57,57):125 (125)
(57,58):250 (250)
(57,59):125 (125)
(57,60):250 (250)
(57,61):125 (125)
(57,62):250 (250)
(57,63):125 (125)
(57,64):250 (250)
(57,65):125 (125)
(57,66):250 (250)
(57,67):125 (125)
(57,68):250 (250)
(57,69):125 (125)
(57,70):250 (250)
(57,71):125 (125)
(57,72):250 (250)
(57,73):125 (125)
(57,74):250 (250)
(57,75):124 (124)
(57,76):248 (248)
(57,77):123 (123)
(57,78):245 (245)
(57,79):122 (122)
(57,80):241 (241)
(57,81):122 (122)
(57,82):240 (240)
(57,83):119 (119)
(57,84):235 (235)
(57,85):119 (119)
(57,86):234 (234)
(57,87):118 (118)
(57,88):224 (224)
(57,89):118 (118)
(57,90):226 (226)
(57,91):120 (120)
(57,92):222 (222)
(57,93):109 (109)
(57,94):205 (205)
(57,95):111 (111)
(57,96):179 (179)
(57,97):52 (52)
(57,98):166 (166)
(57,99):61 (61)
(57,100):208 (208)
(57,101):110 (110)
(57,102):234 (234)
(57,103):122 (122)
(57,104):249 (249)
(57,105):125 (125)
(57,106):250 (250)
(57,107):125 (125)
(57,108):250 (250)
(57,109):125 (125)
(57,110):250 (250)
(57,111):125 (125)
(57,112):250 (250)
(57,113):125 (125)
(57,114):250 (250)
(57,115):125 (125)
(57,116):250 (250)
(57,117):125 (125)
(57,118):250 (250)
(57,119):125 (125)
(57,120):250 (250)
(57,121):125 (125)
(57,122):250 (250)
(57,123):125 (125)
(57,124):250 (250)
(57,125):125 (125)
(57,126):187 (187)
(57,127):93 (93)
(58,0):250 (250)
(58,1):203 (203)
(58,2):250 (250)
(58,3):250 (250)
(58,4):250 (250)
(58,5):250 (250)
(58,6):250 (250)
(58,7):250 (250)
(58,8):250 (250)
(58,9):250 (250)
(58,10):250 (250)
(58,11):238 (238)
(58,12):250 (250)
(58,13):230 (230)
(58,14):250 (250)
(58,15):184 (184)
(58,16):236 (250)
(58,17):160 (160)
(58,18):189 (204)
(58,19):160 (160)
(58,20):196 (213)
(58,21):157 (157)
(58,22):182 (195)
(58,23):156 (156)
(58,24):199 (217)
(58,25):152 (152)
(58,26):208 (228)
(58,27):154 (154)
(58,28):209 (229)
(58,29):152 (152)
(58,30):206 (226)
(58,31):159 (159)
(58,32):198 (217)
(58,33):143 (143)
(58,34):106 (106)
(58,35):82 (82)
(58,36):144 (151)
(58,37):124 (124)
(58,38):250 (250)
(58,39):228 (228)
(58,40):250 (250)
(58,41):234 (234)
(58,42):250 (250)
(58,43):216 (216)
(58,44):250 (250)
(58,45):151 (151)
(58,46):237 (237)
(58,47):192 (192)
(58,48):250 (250)
(58,49):238 (238)
(58,50):250 (250)
(58,51):249 (249)
(58,52):250 (250)
(58,53):250 (250)
(58,54):250 (250)
(58,55):250 (250)
(58,56):250 (250)
(58,57):250 (250)
(58,58):250 (250)
(58,59):250 (250)
(58,60):250 (250)
(58,61):250 (250)
(58,62):250 (250)
(58,63):250 (250)
(58,64):250 (250)
(58,65):250 (250)
(58,66):250 (250)
(58,67):250 (250)
(58,68):250 (250)
(58,69):250 (250)
(58,70):250 (250)
(58,71):245 (245)
(58,72):250 (250)
(58,73):241 (241)
(58,74):250 (250)
(58,75):236 (236)
(58,76):250 (250)
(58,77):226 (226)
(58,78):250 (250)
(58,79):216 (216)
(58,80):250 (250)
(58,81):208 (208)
(58,82):250 (250)
(58,83):212 (212)
(58,84):250 (250)
(58,85):217 (217)
(58,86):250 (250)
(58,87):223 (223)
(58,88):250 (250)
(58,89):219 (219)
(58,90):250 (250)
(58,91):222 (222)
(58,92):250 (250)
(58,93):210 (210)
(58,94):227 (250)
(58,95):215 (215)
(58,96):226 (250)
(58,97):137 (137)
(58,98):223 (246)
(58,99):97 (97)
(58,100):220 (220)
(58,101):211 (211)
(58,102):250 (250)
(58,103):245 (245)
(58,104):250 (250)
(58,105):250 (250)
(58,106):250 (250)
(58,107):250 (250)
(58,108):250 (250)
(58,109):250 (250)
(58,110):250 (250)
(58,111):250 (250)
(58,112):250 (250)
(58,113):250 (250)
(58,114):250 (250)
(58,115):250 (250)
(58,116):250 (250)
(58,117):250 (250)
(58,118):250 (250)
(58,119):250 (250)
(58,120):250 (250)
(58,121):250 (250)
(58,122):250 (250)
(58,123):250 (250)
(58,124):250 (250)
(58,125):250 (250)
(58,126):250 (250)
(58,127):187 (187)
(59,0):203 (203)
(59,1):101 (101)
(59,2):250 (250)
(59,3):125 (125)
(59,4):250 (250)
(59,5):125 (125)
(59,6):250 (250)
(59,7):125 (125)
(59,8):250 (250)
(59,9):125 (125)
(59,10):245 (245)
(59,11):120 (120)
(59,12):241 (241)
(59,13):110 (110)
(59,14):222 (222)
(59,15):95 (95)
(59,16):123 (123)
(59,17):93 (93)
(59,18):126 (126)
(59,19):94 (94)
(59,20):146 (146)
(59,21):94 (94)
(59,22):172 (172)
(59,23):85 (85)
(59,24):146 (146)
(59,25):90 (90)
(59,26):132 (132)
(59,27):81 (81)
(59,28):154 (154)
(59,29):59 (59)
(59,30):109 (109)
(59,31):85 (85)
(59,32):126 (126)
(59,33):78 (78)
(59,34):119 (119)
(59,35):59 (59)
(59,36):153 (153)
(59,37):76 (76)
(59,38):208 (208)
(59,39):113 (113)
(59,40):243 (243)
(59,41):119 (119)
(59,42):225 (225)
(59,43):89 (89)
(59,44):161 (161)
(59,45):85 (85)
(59,46):147 (147)
(59,47):93 (93)
(59,48):195 (195)
(59,49):117 (117)
(59,50):241 (241)
(59,51):123 (123)
(59,52):250 (250)
(59,53):125 (125)
(59,54):250 (250)
(59,55):125 (125)
(59,56):250 (250)
(59,57):125 (125)
(59,58):250 (250)
(59,59):125 (125)
(59,60):250 (250)
(59,61):125 (125)
(59,62):250 (250)
(59,63):125 (125)
(59,64):250 (250)
(59,65):124 (124)
(59,66):246 (246)
(59,67):123 (123)
(59,68):242 (242)
(59,69):121 (121)
(59,70):229 (229)
(59,71):115 (115)
(59,72):227 (227)
(59,73):114 (114)
(59,74):227 (227)
(59,75):114 (114)
(59,76):234 (234)
(59,77):115 (115)
(59,78):225 (225)
(59,79):113 (113)
(59,80):212 (212)
(59,81):111 (111)
(59,82):208 (208)
(59,83):114 (114)
(59,84):217 (217)
(59,85):95 (95)
(59,86):177 (177)
(59,87):105 (105)
(59,88):188 (188)
(59,89):100 (100)
(59,90):119 (119)
(59,91):95 (95)
(59,92):164 (164)
(59,93):112 (112)
(59,94):203 (203)
(59,95):106 (106)
(59,96):185 (185)
(59,97):99 (99)
(59,98):138 (138)
(59,99):53 (53)
(59,100):107 (107)
(59,101):84 (84)
(59,102):219 (219)
(59,103):117 (117)
(59,104):249 (249)
(59,105):125 (125)
(59,106):250 (250)
(59,107):125 (125)
(59,108):250 (250)
(59,109):125 (125)
(59,110):250 (250)
(59,111):125 (125)
(59,112):250 (250)
(59,113):125 (125)
(59,114):250 (250)
(59,115):125 (125)
(59,116):250 (250)
(59,117):125 (125)
(59,118):250 (250)
(59,119):125 (125)
(59,120):250 (250)
(59,121):125 (125)
(59,122):250 (250)
(59,123):125 (125)
(59,124):250 (250)
(59,125):125 (125)
(59,126):187 (187)
(59,127):93 (93)
(60,0):250 (250)
(60,1):203 (203)
(60,2):250 (250)
(60,3):250 (250)
(60,4):250 (250)
(60,5):250 (250)
(60,6):250 (250)
(60,7):250 (250)
(60,8):250 (250)
(60,9):250 (250)
(60,10):250 (250)
(60,11):250 (250)
(60,12):250 (250)
(60,13):241 (241)
(60,14):250 (250)
(60,15):231 (231)
(60,16):250 (250)
(60,17):185 (185)
(60,18):250 (250)
(60,19):177 (177)
(60,20):228 (228)
(60,21):162 (162)
(60,22):171 (171)
(60,23):122 (122)
(60,24):228 (228)
(60,25):161 (161)
(60,26):250 (250)
(60,27):153 (153)
(60,28):237 (250)
(60,29):189 (189)
(60,30):237 (250)
(60,31):218 (218)
(60,32):226 (250)
(60,33):191 (191)
(60,34):224 (250)
(60,35):106 (106)
(60,36):136 (136)
(60,37):149 (149)
(60,38):250 (250)
(60,39):216 (216)
(60,40):250 (250)
(60,41):224 (224)
(60,42):250 (250)
(60,43):114 (114)
(60,44):103 (103)
(60,45):73 (73)
(60,46):144 (144)
(60,47):140 (140)
(60,48):243 (243)
(60,49):216 (216)
(60,50):250 (250)
(60,51):243 (243)
(60,52):250 (250)
(60,53):250 (250)
(60,54):250 (250)
(60,55):250 (250)
(60,56):250 (250)
(60,57):250 (250)
(60,58):250 (250)
(60,59):247 (247)
(60,60):250 (250)
(60,61):237 (237)
(60,62):250 (250)
(60,63):231 (231)
(60,64):250 (250)
(60,65):220 (220)
(60,66):250 (250)
(60,67):216 (216)
(60,68):250 (250)
(60,69):217 (217)
(60,70):250 (250)
(60,71):224 (224)
(60,72):250 (250)
(60,73):202 (202)
(60,74):250 (250)
(60,75):200 (200)
(60,76):250 (250)
(60,77):188 (188)
(60,78):250 (250)
(60,79):116 (116)
(60,80):177 (177)
(60,81):110 (110)
(60,82):250 (250)
(60,83):124 (124)
(60,84):202 (202)
(60,85):141 (141)
(60,86):217 (217)
(60,87):158 (158)
(60,88):250 (250)
(60,89):172 (172)
(60,90):162 (162)
(60,91):97 (97)
(60,92):228 (228)
(60,93):150 (150)
(60,94):226 (250)
(60,95):181 (181)
(60,96):225 (250)
(60,97):112 (112)
(60,98):142 (142)
(60,99):112 (112)
(60,100):124 (124)
(60,101):183 (183)
(60,102):250 (250)
(60,103):239 (239)
(60,104):250 (250)
(60,105):250 (250)
(60,106):250 (250)
(60,107):250 (250)
(60,108):250 (250)
(60,109):250 (250)
(60,110):250 (250)
(60,111):250 (250)
(60,112):250 (250)
(60,113):250 (250)
(60,114):250 (250)
(60,115):250 (250)
(60,116):250 (250)
(60,117):250 (250)
(60,118):250 (250)
(60,119):250 (250)
(60,120):250 (250)
(60,121):250 (250)
(60,122):250 (250)
(60,123):250 (250)
(60,124):250 (250)
(60,125):250 (250)
(60,126):250 (250)
(60,127):187 (187)
(61,0):203 (203)
(61,1):101 (101)
(61,2):250 (250)
(61,3):125 (125)
(61,4):250 (250)
(61,5):125 (125)
(61,6):250 (250)
(61,7):125 (125)
(61,8):250 (250)
(61,9):125 (125)
(61,10):250 (250)
(61,11):125 (125)
(61,12):250 (250)
(61,13):119 (119)
(61,14):225 (225)
(61,15):120 (120)
(61,16):228 (228)
(61,17):117 (117)
(61,18):219 (219)
(61,19):118 (118)
(61,20):228 (228)
(61,21):115 (115)
(61,22):222 (222)
(61,23):117 (117)
(61,24):222 (222)
(61,25):115 (115)
(61,26):227 (227)
(61,27):109 (109)
(61,28):211 (211)
(61,29):116 (116)
(61,30):222 (222)
(61,31):113 (113)
(61,32):219 (219)
(61,33):106 (106)
(61,34):205 (205)
(61,35):82 (82)
(61,36):118 (118)
(61,37):70 (70)
(61,38):218 (218)
(61,39):112 (112)
(61,40):243 (243)
(61,41):111 (111)
(61,42):196 (196)
(61,43):82 (82)
(61,44):80 (80)
(61,45):42 (42)
(61,46):69 (69)
(61,47):67 (67)
(61,48):162 (162)
(61,49):100 (100)
(61,50):225 (225)
(61,51):120 (120)
(61,52):247 (247)
(61,53):124 (124)
(61,54):250 (250)
(61,55):124 (124)
(61,56):245 (245)
(61,57):123 (123)
(61,58):241 (241)
(61,59):116 (116)
(61,60):228 (228)
(61,61):114 (114)
(61,62):228 (228)
(61,63):115 (115)
(61,64):228 (228)
(61,65):119 (119)
(61,66):236 (236)
(61,67):115 (115)
(61,68):212 (212)
(61,69):110 (110)
(61,70):200 (200)
(61,71):102 (102)
(61,72):132 (132)
(61,73):69 (69)
(61,74):190 (190)
(61,75):100 (100)
(61,76):206 (206)
(61,77):107 (107)
(61,78):199 (199)
(61,79):110 (110)
(61,80):216 (216)
(61,81):118 (118)
(61,82):239 (239)
(61,83):116 (116)
(61,84):229 (229)
(61,85):120 (120)
(61,86):238 (238)
(61,87):118 (118)
(61,88):211 (211)
(61,89):112 (112)
(61,90):183 (183)
(61,91):70 (70)
(61,92):106 (106)
(61,93):93 (93)
(61,94):165 (165)
(61,95):95 (95)
(61,96):178 (178)
(61,97):91 (91)
(61,98):161 (161)
(61,99):73 (73)
(61,100):122 (122)
(61,101):73 (73)
(61,102):221 (221)
(61,103):117 (117)
(61,104):249 (249)
(61,105):125 (125)
(61,106):250 (250)
(61,107):125 (125)
(61,108):250 (250)
(61,109):125 (125)
(61,110):250 (250)
(61,111):125 (125)
(61,112):250 (250)
(61,113):125 (125)
(61,114):250 (250)
(61,115):125 (125)
(61,116):250 (250)
(61,117):125 (125)
(61,118):250 (250)
(61,119):125 (125)
(61,120):250 (250)
(61,121):125 (125)
(61,122):250 (250)
(61,123):125 (125)
(61,124):250 (250)
(61,125):125 (125)
(61,126):187 (187)
(61,127):93 (93)
(62,0):250 (250)
(62,1):203 (203)
(62,2):250 (250)
(62,3):250 (250)
(62,4):250 (250)
(62,5):250 (250)
(62,6):250 (250)
(62,7):250 (250)
(62,8):250 (250)
(62,9):250 (250)
(62,10):250 (250)
(62,11):250 (250)
(62,12):250 (250)
(62,13):250 (250)
(62,14):250 (250)
(62,15):238 (238)
(62,16):250 (250)
(62,17):238 (238)
(62,18):250 (250)
(62,19):231 (231)
(62,20):250 (250)
(62,21):219 (219)
(62,22):250 (250)
(62,23):230 (230)
(62,24):250 (250)
(62,25):220 (220)
(62,26):250 (250)
(62,27):235 (235)
(62,28):250 (250)
(62,29):239 (239)
(62,30):250 (250)
(62,31):246 (246)
(62,32):250 (250)
(62,33):216 (216)
(62,34):250 (250)
(62,35):128 (128)
(62,36):159 (159)
(62,37):102 (102)
(62,38):227 (250)
(62,39):189 (189)
(62,40):227 (250)
(62,41):148 (148)
(62,42):209 (229)
(62,43):88 (88)
(62,44):70 (70)
(62,45):55 (55)
(62,46):52 (52)
(62,47):99 (99)
(62,48):165 (165)
(62,49):163 (163)
(62,50):250 (250)
(62,51):235 (235)
(62,52):250 (250)
(62,53):242 (242)
(62,54):250 (250)
(62,55):238 (238)
(62,56):250 (250)
(62,57):224 (224)
(62,58):250 (250)
(62,59):223 (223)
(62,60):250 (250)
(62,61):200 (200)
(62,62):250 (250)
(62,63):157 (157)
(62,64):250 (250)
(62,65):180 (180)
(62,66):175 (175)
(62,67):118 (118)
(62,68):168 (168)
(62,69):119 (119)
(62,70):250 (250)
(62,71):191 (191)
(62,72):250 (250)
(62,73):209 (209)
(62,74):250 (250)
(62,75):224 (224)
(62,76):250 (250)
(62,77):216 (216)
(62,78):250 (250)
(62,79):216 (216)
(62,80):250 (250)
(62,81):210 (210)
(62,82):250 (250)
(62,83):214 (214)
(62,84):250 (250)
(62,85):218 (218)
(62,86):250 (250)
(62,87):227 (227)
(62,88):250 (250)
(62,89):204 (204)
(62,90):250 (250)
(62,91):160 (160)
(62,92):171 (171)
(62,93):105 (105)
(62,94):144 (145)
(62,95):141 (141)
(62,96):188 (201)
(62,97):89 (89)
(62,98):121 (121)
(62,99):107 (107)
(62,100):231 (231)
(62,101):175 (175)
(62,102):250 (250)
(62,103):240 (240)
(62,104):250 (250)
(62,105):250 (250)
(62,106):250 (250)
(62,107):250 (250)
(62,108):250 (250)
(62,109):250 (250)
(62,110):250 (250)
(62,111):250 (250)
(62,112):250 (250)
(62,113):250 (250)
(62,114):250 (250)
(62,115):250 (250)
(62,116):250 (250)
(62,117):250 (250)
(62,118):250 (250)
(62,119):250 (250)
(62,120):250 (250)
(62,121):250 (250)
(62,122):250 (250)
(62,123):250 (250)
(62,124):250 (250)
(62,125):250 (250)
(62,126):250 (250)
(62,127):187 (187)
(63,0):203 (203)
(63,1):101 (101)
(63,2):250 (250)
(63,3):125 (125)
(63,4):250 (250)
(63,5):125 (125)
(63,6):250 (250)
(63,7):125 (125)
(63,8):250 (250)
(63,9):125 (125)
(63,10):250 (250)
(63,11):125 (125)
(63,12):250 (250)
(63,13):125 (125)
(63,14):250 (250)
(63,15):125 (125)
(63,16):250 (250)
(63,17):125 (125)
(63,18):250 (250)
(63,19):125 (125)
(63,20):250 (250)
(63,21):125 (125)
(63,22):250 (250)
(63,23):125 (125)
(63,24):250 (250)
(63,25):125 (125)
(63,26):250 (250)
(63,27):125 (125)
(63,28):250 (250)
(63,29):125 (125)
(63,30):250 (250)
(63,31):125 (125)
(63,32):250 (250)
(63,33):116 (116)
(63,34):216 (216)
(63,35):94 (94)
(63,36):199 (199)
(63,37):102 (102)
(63,38):180 (180)
(63,39):92 (92)
(63,40):222 (222)
(63,41):105 (105)
(63,42):183 (183)
(63,43):72 (72)
(63,44):89 (89)
(63,45):63 (63)
(63,46):96 (96)
(63,47):48 (48)
(63,48):98 (98)
(63,49):84 (84)
(63,50):195 (195)
(63,51):114 (114)
(63,52):240 (240)
(63,53):117 (117)
(63,54):239 (239)
(63,55):116 (116)
(63,56):231 (231)
(63,57):113 (113)
(63,58):204 (204)
(63,59):101 (101)
(63,60):196 (196)
(63,61):67 (67)
(63,62):134 (134)
(63,63):100 (100)
(63,64):201 (201)
(63,65):108 (108)
(63,66):204 (204)
(63,67):109 (109)
(63,68):226 (226)
(63,69):115 (115)
(63,70):217 (217)
(63,71):110 (110)
(63,72):235 (235)
(63,73):119 (119)
(63,74):228 (228)
(63,75):115 (115)
(63,76):235 (235)
(63,77):120 (120)
(63,78):241 (241)
(63,79):122 (122)
(63,80):245 (245)
(63,81):123 (123)
(63,82):247 (247)
(63,83):124 (124)
(63,84):249 (249)
(63,85):125 (125)
(63,86):250 (250)
(63,87):125 (125)
(63,88):241 (241)
(63,89):112 (112)
(63,90):221 (221)
(63,91):119 (119)
(63,92):228 (228)
(63,93):97 (97)
(63,94):170 (170)
(63,95):85 (85)
(63,96):206 (206)
(63,97):100 (100)
(63,98):193 (193)
(63,99):112 (112)
(63,100):243 (243)
(63,101):120 (120)
(63,102):235 (235)
(63,103):119 (119)
(63,104):250 (250)
(63,105):125 (125)
(63,106):250 (250)
(63,107):125 (125)
(63,108):250 (250)
(63,109):125 (125)
(63,110):250 (250)
(63,111):125 (125)
(63,112):250 (250)
(63,113):125 (125)
(63,114):250 (250)
(63,115):125 (125)
(63,116):250 (250)
(63,117):125 (125)
(63,118):250 (250)
(63,119):125 (125)
(63,120):250 (250)
(63,121):125 (125)
(63,122):250 (250)
(63,123):125 (125)
(63,124):250 (250)
(63,125):125 (125)
(63,126):187 (187)
(63,127):93 (93)
(64,0):250 (250)
(64,1):203 (203)
(64,2):250 (250)
(64,3):250 (250)
(64,4):250 (250)
(64,5):250 (250)
(64,6):250 (250)
(64,7):250 (250)
(64,8):250 (250)
(64,9):250 (250)
(64,10):250 (250)
(64,11):250 (250)
(64,12):250 (250)
(64,13):250 (250)
(64,14):250 (250)
(64,15):250 (250)
(64,16):250 (250)
(64,17):250 (250)
(64,18):250 (250)
(64,19):250 (250)
(64,20):250 (250)
(64,21):250 (250)
(64,22):250 (250)
(64,23):250 (250)
(64,24):250 (250)
(64,25):250 (250)
(64,26):250 (250)
(64,27):250 (250)
(64,28):250 (250)
(64,29):250 (250)
(64,30):250 (250)
(64,31):250 (250)
(64,32):250 (250)
(64,33):228 (228)
(64,34):250 (250)
(64,35):212 (212)
(64,36):250 (250)
(64,37):131 (131)
(64,38):250 (250)
(64,39):94 (94)
(64,40):247 (247)
(64,41):118 (118)
(64,42):118 (118)
(64,43):136 (136)
(64,44):115 (115)
(64,45):102 (102)
(64,46):114 (114)
(64,47):75 (75)
(64,48):109 (109)
(64,49):151 (151)
(64,50):250 (250)
(64,51):217 (217)
(64,52):250 (250)
(64,53):224 (224)
(64,54):250 (250)
(64,55):172 (172)
(64,56):226 (226)
(64,57):173 (173)
(64,58):150 (150)
(64,59):120 (120)
(64,60):250 (250)
(64,61):180 (180)
(64,62):250 (250)
(64,63):223 (223)
(64,64):250 (250)
(64,65):211 (211)
(64,66):250 (250)
(64,67):216 (216)
(64,68):250 (250)
(64,69):228 (228)
(64,70):250 (250)
(64,71):229 (229)
(64,72):250 (250)
(64,73):244 (244)
(64,74):250 (250)
(64,75):246 (246)
(64,76):250 (250)
(64,77):249 (249)
(64,78):250 (250)
(64,79):250 (250)
(64,80):250 (250)
(64,81):250 (250)
(64,82):250 (250)
(64,83):250 (250)
(64,84):250 (250)
(64,85):250 (250)
(64,86):250 (250)
(64,87):250 (250)
(64,88):250 (250)
(64,89):236 (236)
(64,90):250 (250)
(64,91):221 (221)
(64,92):250 (250)
(64,93):229 (229)
(64,94):250 (250)
(64,95):205 (205)
(64,96):250 (250)
(64,97):215 (215)
(64,98):250 (250)
(64,99):222 (222)
(64,100):250 (250)
(64,101):236 (236)
(64,102):250 (250)
(64,103):243 (243)
(64,104):250 (250)
(64,105):250 (250)
(64,106):250 (250)
(64,107):250 (250)
(64,108):250 (250)
(64,109):250 (250)
(64,110):250 (250)
(64,111):250 (250)
(64,112):250 (250)
(64,113):250 (250)
(64,114):250 (250)
(64,115):250 (250)
(64,116):250 (250)
(64,117):250 (250)
(64,118):250 (250)
(64,119):250 (250)
(64,120):250 (250)
(64,121):250 (250)
(64,122):250 (250)
(64,123):250 (250)
(64,124):250 (250)
(64,125):250 (250)
(64,126):250 (250)
(64,127):187 (187)
(65,0):203 (203)
(65,1):101 (101)
(65,2):250 (250)
(65,3):125 (125)
(65,4):250 (250)
(65,5):125 (125)
(65,6):250 (250)
(65,7):125 (125)
(65,8):250 (250)
(65,9):125 (125)
(65,10):250 (250)
(65,11):125 (125)
(65,12):250 (250)
(65,13):125 (125)
(65,14):250 (250)
(65,15):125 (125)
(65,16):250 (250)
(65,17):125 (125)
(65,18):250 (250)
(65,19):125 (125)
(65,20):250 (250)
(65,21):125 (125)
(65,22):250 (250)
(65,23):125 (125)
(65,24):250 (250)
(65,25):125 (125)
(65,26):250 (250)
(65,27):125 (125)
(65,28):250 (250)
(65,29):125 (125)
(65,30):250 (250)
(65,31):125 (125)
(65,32):250 (250)
(65,33):120 (120)
(65,34):239 (239)
(65,35):121 (121)
(65,36):237 (237)
(65,37):116 (116)
(65,38):198 (198)
(65,39):110 (110)
(65,40):146 (146)
(65,41):72 (72)
(65,42):182 (182)
(65,43):96 (96)
(65,44):207 (207)
(65,45):100 (100)
(65,46):182 (182)
(65,47):82 (82)
(65,48):110 (110)
(65,49):79 (79)
(65,50):204 (204)
(65,51):106 (106)
(65,52):214 (214)
(65,53):108 (108)
(65,54):167 (167)
(65,55):63 (63)
(65,56):178 (178)
(65,57):93 (93)
(65,58):197 (197)
(65,59):95 (95)
(65,60):214 (214)
(65,61):117 (117)
(65,62):238 (238)
(65,63):115 (115)
(65,64):228 (228)
(65,65):120 (120)
(65,66):243 (243)
(65,67):122 (122)
(65,68):245 (245)
(65,69):123 (123)
(65,70):248 (248)
(65,71):124 (124)
(65,72):250 (250)
(65,73):125 (125)
(65,74):250 (250)
(65,75):125 (125)
(65,76):250 (250)
(65,77):125 (125)
(65,78):250 (250)
(65,79):125 (125)
(65,80):250 (250)
(65,81):125 (125)
(65,82):250 (250)
(65,83):125 (125)
(65,84):250 (250)
(65,85):125 (125)
(65,86):250 (250)
(65,87):125 (125)
(65,88):250 (250)
(65,89):125 (125)
(65,90):250 (250)
(65,91):121 (121)
(65,92):236 (236)
(65,93):116 (116)
(65,94):244 (244)
(65,95):121 (121)
(65,96):237 (237)
(65,97):120 (120)
(65,98):247 (247)
(65,99):123 (123)
(65,100):247 (247)
(65,101):125 (125)
(65,102):250 (250)
(65,103):125 (125)
(65,104):250 (250)
(65,105):125 (125)
(65,106):250 (250)
(65,107):125 (125)
(65,108):250 (250)
(65,109):125 (125)
(65,110):250 (250)
(65,111):125 (125)
(65,112):250 (250)
(65,113):125 (125)
(65,114):250 (250)
(65,115):125 (125)
(65,116):250 (250)
(65,117):125 (125)
(65,118):250 (250)
(65,119):125 (125)
(65,120):250 (250)
(65,121):125 (125)
(65,122):250 (250)
(65,123):125 (125)
(65,124):250 (250)
(65,125):125 (125)
(65,126):187 (187)
(65,127):93 (93)
(66,0):250 (250)
(66,1):203 (203)
(66,2):250 (250)
(66,3):250 (250)
(66,4):250 (250)
(66,5):250 (250)
(66,6):250 (250)
(66,7):250 (250)
(66,8):250 (250)
(66,9):250 (250)
(66,10):250 (250)
(66,11):250 (250)
(66,12):250 (250)
(66,13):250 (250)
(66,14):250 (250)
(66,15):250 (250)
(66,16):250 (250)
(66,17):250 (250)
(66,18):250 (250)
(66,19):250 (250)
(66,20):250 (250)
(66,21):250 (250)
(66,22):250 (250)
(66,23):250 (250)
(66,24):250 (250)
(66,25):250 (250)
(66,26):250 (250)
(66,27):250 (250)
(66,28):250 (250)
(66,29):250 (250)
(66,30):250 (250)
(66,31):250 (250)
(66,32):250 (250)
(66,33):249 (249)
(66,34):250 (250)
(66,35):226 (226)
(66,36):250 (250)
(66,37):222 (222)
(66,38):250 (250)
(66,39):215 (215)
(66,40):250 (250)
(66,41):222 (222)
(66,42):250 (250)
(66,43):217 (217)
(66,44):250 (250)
(66,45):203 (203)
(66,46):250 (250)
(66,47):119 (119)
(66,48):121 (121)
(66,49):142 (142)
(66,50):250 (250)
(66,51):210 (210)
(66,52):204 (204)
(66,53):184 (184)
(66,54):130 (130)
(66,55):108 (108)
(66,56):151 (151)
(66,57):187 (187)
(66,58):250 (250)
(66,59):235 (235)
(66,60):250 (250)
(66,61):233 (233)
(66,62):250 (250)
(66,63):245 (245)
(66,64):250 (250)
(66,65):249 (249)
(66,66):250 (250)
(66,67):250 (250)
(66,68):250 (250)
(66,69):250 (250)
(66,70):250 (250)
(66,71):250 (250)
(66,72):250 (250)
(66,73):250 (250)
(66,74):250 (250)
(66,75):250 (250)
(66,76):250 (250)
(66,77):250 (250)
(66,78):250 (250)
(66,79):250 (250)
(66,80):250 (250)
(66,81):250 (250)
(66,82):250 (250)
(66,83):250 (250)
(66,84):250 (250)
(66,85):250 (250)
(66,86):250 (250)
(66,87):250 (250)
(66,88):250 (250)
(66,89):250 (250)
(66,90):250 (250)
(66,91):250 (250)
(66,92):250 (250)
(66,93):250 (250)
(66,94):250 (250)
(66,95):250 (250)
(66,96):250 (250)
(66,97):250 (250)
(66,98):250 (250)
(66,99):250 (250)
(66,100):250 (250)
(66,101):250 (250)
(66,102):250 (250)
(66,103):250 (250)
(66,104):250 (250)
(66,105):250 (250)
(66,106):250 (250)
(66,107):250 (250)
(66,108):250 (250)
(66,109):250 (250)
(66,110):250 (250)
(66,111):250 (250)
(66,112):250 (250)
(66,113):250 (250)
(66,114):250 (250)
(66,115):250 (250)
(66,116):250 (250)
(66,117):250 (250)
(66,118):250 (250)
(66,119):250 (250)
(66,120):250 (250)
(66,121):250 (250)
(66,122):250 (250)
(66,123):250 (250)
(66,124):250 (250)
(66,125):250 (250)
(66,126):250 (250)
(66,127):187 (187)
(67,0):203 (203)
(67,1):101 (101)
(67,2):250 (250)
(67,3):125 (125)
(67,4):250 (250)
(67,5):125 (125)
(67,6):250 (250)
(67,7):125 (125)
(67,8):250 (250)
(67,9):125 (125)
(67,10):250 (250)
(67,11):125 (125)
(67,12):250 (250)
(67,13):125 (125)
(67,14):250 (250)
(67,15):125 (125)
(67,16):250 (250)
(67,17):125 (125)
(67,18):250 (250)
(67,19):125 (125)
(67,20):250 (250)
(67,21):125 (125)
(67,22):250 (250)
(67,23):125 (125)
(67,24):250 (250)
(67,25):125 (125)
(67,26):250 (250)
(67,27):125 (125)
(67,28):250 (250)
(67,29):125 (125)
(67,30):250 (250)
(67,31):125 (125)
(67,32):250 (250)
(67,33):125 (125)
(67,34):250 (250)
(67,35):125 (125)
(67,36):241 (241)
(67,37):122 (122)
(67,38):227 (227)
(67,39):115 (115)
(67,40):239 (239)
(67,41):120 (120)
(67,42):234 (234)
(67,43):120 (120)
(67,44):245 (245)
(67,45):113 (113)
(67,46):215 (215)
(67,47):91 (91)
(67,48):204 (204)
(67,49):101 (101)
(67,50):175 (175)
(67,51):107 (107)
(67,52):155 (155)
(67,53):91 (91)
(67,54):113 (113)
(67,55):71 (71)
(67,56):169 (169)
(67,57):108 (108)
(67,58):239 (239)
(67,59):123 (123)
(67,60):245 (245)
(67,61):123 (123)
(67,62):250 (250)
(67,63):125 (125)
(67,64):250 (250)
(67,65):125 (125)
(67,66):250 (250)
(67,67):125 (125)
(67,68):250 (250)
(67,69):125 (125)
(67,70):250 (250)
(67,71):125 (125)
(67,72):250 (250)
(67,73):125 (125)
(67,74):250 (250)
(67,75):125 (125)
(67,76):250 (250)
(67,77):125 (125)
(67,78):250 (250)
(67,79):125 (125)
(67,80):250 (250)
(67,81):125 (125)
(67,82):250 (250)
(67,83):125 (125)
(67,84):250 (250)
(67,85):125 (125)
(67,86):250 (250)
(67,87):125 (125)
(67,88):250 (250)
(67,89):125 (125)
(67,90):250 (250)
(67,91):125 (125)
(67,92):250 (250)
(67,93):125 (125)
(67,94):250 (250)
(67,95):125 (125)
(67,96):250 (250)
(67,97):125 (125)
(67,98):250 (250)
(67,99):125 (125)
(67,100):250 (250)
(67,101):125 (125)
(67,102):250 (250)
(67,103):125 (125)
(67,104):250 (250)
(67,105):125 (125)
(67,106):250 (250)
(67,107):125 (125)
(67,108):250 (250)
(67,109):125 (125)
(67,110):250 (250)
(67,111):125 (125)
(67,112):250 (250)
(67,113):125 (125)
(67,114):250 (250)
(67,115):125 (125)
(67,116):250 (250)
(67,117):125 (125)
(67,118):250 (250)
(67,119):125 (125)
(67,120):250 (250)
(67,121):125 (125)
(67,122):250 (250)
(67,123):125 (125)
(67,124):250 (250)
(67,125):125 (125)
(67,126):187 (187)
(67,127):93 (93)
(68,0):250 (250)
(68,1):203 (203)
(68,2):250 (250)
(68,3):250 (250)
(68,4):250 (250)
(68,5):250 (250)
(68,6):250 (250)
(68,7):250 (250)
(68,8):250 (250)
(68,9):250 (250)
(68,10):250 (250)
(68,11):250 (250)
(68,12):250 (250)
(68,13):250 (250)
(68,14):250 (250)
(68,15):250 (250)
(68,16):250 (250)
(68,17):250 (250)
(68,18):250 (250)
(68,19):250 (250)
(68,20):250 (250)
(68,21):250 (250)
(68,22):250 (250)
(68,23):250 (250)
(68,24):250 (250)
(68,25):250 (250)
(68,26):250 (250)
(68,27):250 (250)
(68,28):250 (250)
(68,29):250 (250)
(68,30):250 (250)
(68,31):250 (250)
(68,32):250 (250)
(68,33):250 (250)
(68,34):250 (250)
(68,35):250 (250)
(68,36):250 (250)
(68,37):250 (250)
(68,38):250 (250)
(68,39):250 (250)
(68,40):250 (250)
(68,41):250 (250)
(68,42):250 (250)
(68,43):250 (250)
(68,44):250 (250)
(68,45):227 (227)
(68,46):250 (250)
(68,47):219 (219)
(68,48):250 (250)
(68,49):135 (135)
(68,50):115 (115)
(68,51):168 (168)
(68,52):127 (127)
(68,53):162 (162)
(68,54):222 (222)
(68,55):206 (206)
(68,56):250 (250)
(68,57):231 (231)
(68,58):250 (250)
(68,59):248 (248)
(68,60):250 (250)
(68,61):250 (250)
(68,62):250 (250)
(68,63):250 (250)
(68,64):250 (250)
(68,65):250 (250)
(68,66):250 (250)
(68,67):250 (250)
(68,68):250 (250)
(68,69):250 (250)
(68,70):250 (250)
(68,71):250 (250)
(68,72):250 (250)
(68,73):250 (250)
(68,74):250 (250)
(68,75):250 (250)
(68,76):250 (250)
(68,77):250 (250)
(68,78):250 (250)
(68,79):250 (250)
(68,80):250 (250)
(68,81):250 (250)
(68,82):250 (250)
(68,83):250 (250)
(68,84):250 (250)
(68,85):250 (250)
(68,86):250 (250)
(68,87):250 (250)
(68,88):250 (250)
(68,89):250 (250)
(68,90):250 (250)
(68,91):250 (250)
(68,92):250 (250)
(68,93):250 (250)
(68,94):250 (250)
(68,95):250 (250)
(68,96):250 (250)
(68,97):250 (250)
(68,98):250 (250)
(68,99):250 (250)
(68,100):250 (250)
(68,101):250 (250)
(68,102):250 (250)
(68,103):250 (250)
(68,104):250 (250)
(68,105):250 (250)
(68,106):250 (250)
(68,107):250 (250)
(68,108):250 (250)
(68,109):250 (250)
(68,110):250 (250)
(68,111):250 (250)
(68,112):250 (250)
(68,113):250 (250)
(68,114):250 (250)
(68,115):250 (250)
(68,116):250 (250)
(68,117):250 (250)
(68,118):250 (250)
(68,119):250 (250)
(68,120):250 (250)
(68,121):250 (250)
(68,122):250 (250)
(68,123):250 (250)
(68,124):250 (250)
(68,125):250 (250)
(68,126):250 (250)
(68,127):187 (187)
(69,0):203 (203)
(69,1):101 (101)
(69,2):250 (250)
(69,3):125 (125)
(69,4):250 (250)
(69,5):125 (125)
(69,6):250 (250)
(69,7):125 (125)
(69,8):250 (250)
(69,9):125 (125)
(69,10):250 (250)
(69,11):125 (125)
(69,12):250 (250)
(69,13):125 (125)
(69,14):250 (250)
(69,15):125 (125)
(69,16):250 (250)
(69,17):125 (125)
(69,18):250 (250)
(69,19):125 (125)
(69,20):250 (250)
(69,21):125 (125)
(69,22):250 (250)
(69,23):125 (125)
(69,24):250 (250)
(69,25):125 (125)
(69,26):250 (250)
(69,27):125 (125)
(69,28):250 (250)
(69,29):125 (125)
(69,30):250 (250)
(69,31):125 (125)
(69,32):250 (250)
(69,33):125 (125)
(69,34):250 (250)
(69,35):125 (125)
(69,36):250 (250)
(69,37):125 (125)
(69,38):250 (250)
(69,39):125 (125)
(69,40):250 (250)
(69,41):125 (125)
(69,42):250 (250)
(69,43):125 (125)
(69,44):250 (250)
(69,45):118 (118)
(69,46):240 (240)
(69,47):121 (121)
(69,48):236 (236)
(69,49):119 (119)
(69,50):210 (210)
(69,51):120 (120)
(69,52):199 (199)
(69,53):111 (111)
(69,54):228 (228)
(69,55):123 (123)
(69,56):235 (235)
(69,57):118 (118)
(69,58):243 (243)
(69,59):124 (124)
(69,60):250 (250)
(69,61):124 (124)
(69,62):250 (250)
(69,63):124 (124)
(69,64):250 (250)
(69,65):125 (125)
(69,66):250 (250)
(69,67):125 (125)
(69,68):250 (250)
(69,69):125 (125)
(69,70):250 (250)
(69,71):125 (125)
(69,72):250 (250)
(69,73):125 (125)
(69,74):250 (250)
(69,75):125 (125)
(69,76):250 (250)
(69,77):125 (125)
(69,78):250 (250)
(69,79):125 (125)
(69,80):250 (250)
(69,81):125 (125)
(69,82):250 (250)
(69,83):125 (125)
(69,84):250 (250)
(69,85):125 (125)
(69,86):250 (250)
(69,87):125 (125)
(69,88):250 (250)
(69,89):125 (125)
(69,90):250 (250)
(69,91):125 (125)
(69,92):250 (250)
(69,93):125 (125)
(69,94):250 (250)
(69,95):125 (125)
(69,96):250 (250)
(69,97):125 (125)
(69,98):250 (250)
(69,99):125 (125)
(69,100):250 (250)
(69,101):125 (125)
(69,102):250 (250)
(69,103):125 (125)
(69,104):250 (250)
(69,105):125 (125)
(69,106):250 (250)
(69,107):125 (125)
(69,108):250 (250)
(69,109):125 (125)
(69,110):250 (250)
(69,111):125 (125)
(69,112):250 (250)
(69,113):125 (125)
(69,114):250 (250)
(69,115):125 (125)
(69,116):250 (250)
(69,117):125 (125)
(69,118):250 (250)
(69,119):125 (125)
(69,120):250 (250)
(69,121):125 (125)
(69,122):250 (250)
(69,123):125 (125)
(69,124):250 (250)
(69,125):125 (125)
(69,126):187 (187)
(69,127):93 (93)
(70,0):250 (250)
(70,1):171 (171)
(70,2):250 (250)
(70,3):203 (203)
(70,4):250 (250)
(70,5):203 (203)
(70,6):250 (250)
(70,7):203 (203)
(70,8):250 (250)
(70,9):203 (203)
(70,10):250 (250)
(70,11):203 (203)
(70,12):250 (250)
(70,13):203 (203)
(70,14):250 (250)
(70,15):203 (203)
(70,16):250 (250)
(70,17):203 (203)
(70,18):250 (250)
(70,19):203 (203)
(70,20):250 (250)
(70,21):203 (203)
(70,22):250 (250)
(70,23):203 (203)
(70,24):250 (250)
(70,25):203 (203)
(70,26):250 (250)
(70,27):203 (203)
(70,28):250 (250)
(70,29):203 (203)
(70,30):250 (250)
(70,31):203 (203)
(70,32):250 (250)
(70,33):203 (203)
(70,34):250 (250)
(70,35):203 (203)
(70,36):250 (250)
(70,37):203 (203)
(70,38):250 (250)
(70,39):203 (203)
(70,40):250 (250)
(70,41):203 (203)
(70,42):250 (250)
(70,43):203 (203)
(70,44):250 (250)
(70,45):202 (202)
(70,46):250 (250)
(70,47):180 (180)
(70,48):250 (250)
(70,49):184 (184)
(70,50):249 (249)
(70,51):125 (125)
(70,52):250 (250)
(70,53):182 (182)
(70,54):250 (250)
(70,55):197 (197)
(70,56):250 (250)
(70,57):198 (198)
(70,58):250 (250)
(70,59):203 (203)
(70,60):250 (250)
(70,61):203 (203)
(70,62):250 (250)
(70,63):203 (203)
(70,64):250 (250)
(70,65):203 (203)
(70,66):250 (250)
(70,67):203 (203)
(70,68):250 (250)
(70,69):203 (203)
(70,70):250 (250)
(70,71):203 (203)
(70,72):250 (250)
(70,73):203 (203)
(70,74):250 (250)
(70,75):203 (203)
(70,76):250 (250)
(70,77):203 (203)
(70,78):250 (250)
(70,79):203 (203)
(70,80):250 (250)
(70,81):203 (203)
(70,82):250 (250)
(70,83):203 (203)
(70,84):250 (250)
(70,85):203 (203)
(70,86):250 (250)
(70,87):203 (203)
(70,88):250 (250)
(70,89):203 (203)
(70,90):250 (250)
(70,91):203 (203)
(70,92):250 (250)
(70,93):203 (203)
(70,94):250 (250)
(70,95):203 (203)
(70,96):250 (250)
(70,97):203 (203)
(70,98):250 (250)
(70,99):203 (203)
(70,100):250 (250)
(70,101):203 (203)
(70,102):250 (250)
(70,103):203 (203)
(70,104):250 (250)
(70,105):203 (203)
(70,106):250 (250)
(70,107):203 (203)
(70,108):250 (250)
(70,109):203 (203)
(70,110):250 (250)
(70,111):203 (203)
(70,112):250 (250)
(70,113):203 (203)
(70,114):250 (250)
(70,115):203 (203)
(70,116):250 (250)
(70,117):203 (203)
(70,118):250 (250)
(70,119):203 (203)
(70,120):250 (250)
(70,121):203 (203)
(70,122):250 (250)
(70,123):203 (203)
(70,124):250 (250)
(70,125):203 (203)
(70,126):234 (234)
(70,127):156 (156)
(71,0):171 (171)
(71,1):85 (85)
(71,2):203 (203)
(71,3):101 (101)
(71,4):203 (203)
(71,5):101 (101)
(71,6):203 (203)
(71,7):101 (101)
(71,8):203 (203)
(71,9):101 (101)
(71,10):203 (203)
(71,11):101 (101)
(71,12):203 (203)
(71,13):101 (101)
(71,14):203 (203)
(71,15):101 (101)
(71,16):203 (203)
(71,17):101 (101)
(71,18):203 (203)
(71,19):101 (101)
(71,20):203 (203)
(71,21):101 (101)
(71,22):203 (203)
(71,23):101 (101)
(71,24):203 (203)
(71,25):101 (101)
(71,26):203 (203)
(71,27):101 (101)
(71,28):203 (203)
(71,29):101 (101)
(71,30):203 (203)
(71,31):101 (101)
(71,32):203 (203)
(71,33):101 (101)
(71,34):203 (203)
(71,35):101 (101)
(71,36):203 (203)
(71,37):101 (101)
(71,38):203 (203)
(71,39):101 (101)
(71,40):203 (203)
(71,41):101 (101)
(71,42):203 (203)
(71,43):101 (101)
(71,44):203 (203)
(71,45):101 (101)
(71,46):203 (203)
(71,47):101 (101)
(71,48):198 (198)
(71,49):101 (101)
(71,50):199 (199)
(71,51):101 (101)
(71,52):200 (200)
(71,53):101 (101)
(71,54):201 (201)
(71,55):101 (101)
(71,56):203 (203)
(71,57):101 (101)
(71,58):203 (203)
(71,59):100 (100)
(71,60):203 (203)
(71,61):94 (94)
(71,62):203 (203)
(71,63):100 (100)
(71,64):203 (203)
(71,65):101 (101)
(71,66):203 (203)
(71,67):101 (101)
(71,68):203 (203)
(71,69):101 (101)
(71,70):203 (203)
(71,71):101 (101)
(71,72):203 (203)
(71,73):101 (101)
(71,74):203 (203)
(71,75):101 (101)
(71,76):203 (203)
(71,77):101 (101)
(71,78):203 (203)
(71,79):101 (101)
(71,80):203 (203)
(71,81):101 (101)
(71,82):203 (203)
(71,83):101 (101)
(71,84):203 (203)
(71,85):101 (101)
(71,86):203 (203)
(71,87):101 (101)
(71,88):203 (203)
(71,89):101 (101)
(71,90):203 (203)
(71,91):101 (101)
(71,92):203 (203)
(71,93):101 (101)
(71,94):203 (203)
(71,95):101 (101)
(71,96):203 (203)
(71,97):101 (101)
(71,98):203 (203)
(71,99):101 (101)
(71,100):203 (203)
(71,101):101 (101)
(71,102):203 (203)
(71,103):101 (101)
(71,104):203 (203)
(71,105):101 (101)
(71,106):203 (203)
(71,107):101 (101)
(71,108):203 (203)
(71,109):101 (101)
(71,110):203 (203)
(71,111):101 (101)
(71,112):203 (203)
(71,113):101 (101)
(71,114):203 (203)
(71,115):101 (101)
(71,116):203 (203)
(71,117):101 (101)
(71,118):203 (203)
(71,119):101 (101)
(71,120):203 (203)
(71,121):101 (101)
(71,122):203 (203)
(71,123):101 (101)
(71,124):203 (203)
(71,125):101 (101)
(71,126):156 (156)
(71,127):78 (78)
