(0,0): 117-143-53
(0,1): 115-145-80
(0,2): 117-142-99
(0,3): 117-144-122
(0,4): 114-144-109
(0,5): 113-147-125
(0,6): 112-146-112
(0,7): 116-147-129
(0,8): 113-147-114
(0,9): 115-150-133
(0,10): 113-150-118
(0,11): 113-150-137
(0,12): 108-151-110
(0,13): 115-153-141
(0,14): 117-155-125
(0,15): 119-156-129
(0,16): 116-150-123
(0,17): 117-148-140
(0,18): 117-143-121
(0,19): 120-140-138
(0,20): 114-141-108
(0,21): 118-142-136
(0,22): 118-144-118
(0,23): 122-145-138
(0,24): 119-143-121
(0,25): 123-145-139
(0,26): 121-144-119
(0,27): 123-144-139
(0,28): 119-143-120
(0,29): 121-144-138
(0,30): 119-143-120
(0,31): 122-144-139
(0,32): 122-143-119
(0,33): 123-141-137
(0,34): 120-142-108
(0,35): 124-142-124
(0,36): 120-142-120
(0,37): 117-142-133
(0,38): 115-141-109
(0,39): 121-141-135
(0,40): 121-143-118
(0,41): 123-145-125
(0,42): 121-144-117
(0,43): 121-144-136
(0,44): 119-142-118
(0,45): 121-143-137
(0,46): 119-142-118
(0,47): 122-143-136
(0,48): 121-143-116
(0,49): 122-144-134
(0,50): 122-142-115
(0,51): 125-142-122
(0,52): 121-142-104
(0,53): 122-142-131
(0,54): 122-142-115
(0,55): 124-144-120
(0,56): 122-142-115
(0,57): 122-140-130
(0,58): 119-139-106
(0,59): 122-140-131
(0,60): 121-141-117
(0,61): 122-144-129
(0,62): 122-143-112
(0,63): 125-145-119
(0,64): 121-145-107
(0,65): 119-145-127
(0,66): 118-142-111
(0,67): 122-142-129
(0,68): 119-140-113
(0,69): 120-141-125
(0,70): 120-142-97
(0,71): 126-141-117
(0,72): 123-142-111
(0,73): 123-143-127
(0,74): 120-142-112
(0,75): 122-143-129
(0,76): 120-142-112
(0,77): 122-143-128
(0,78): 122-143-111
(0,79): 124-144-118
(0,80): 122-142-111
(0,81): 122-143-128
(0,82): 120-141-113
(0,83): 122-143-128
(0,84): 118-142-111
(0,85): 117-144-126
(0,86): 117-142-112
(0,87): 122-142-129
(0,88): 120-141-114
(0,89): 122-142-130
(0,90): 120-141-113
(0,91): 122-142-129
(0,92): 120-141-113
(0,93): 123-142-128
(0,94): 121-141-112
(0,95): 123-142-127
(0,96): 121-141-111
(0,97): 123-142-127
(0,98): 121-141-111
(0,99): 123-142-126
(0,100): 121-141-110
(0,101): 123-141-125
(0,102): 121-141-110
(0,103): 123-141-125
(0,104): 120-140-109
(0,105): 123-141-125
(0,106): 120-140-108
(0,107): 123-141-123
(0,108): 121-140-108
(0,109): 123-140-122
(0,110): 121-139-107
(0,111): 123-140-122
(0,112): 121-138-106
(0,113): 123-138-120
(0,114): 120-138-103
(0,115): 122-138-117
(0,116): 118-137-102
(0,117): 118-137-111
(0,118): 114-137-90
(0,119): 117-136-106
(0,120): 114-135-88
(0,121): 115-134-98
(0,122): 111-135-78
(0,123): 115-134-94
(0,124): 115-136-79
(0,125): 118-135-85
(0,126): 122-131-73
(0,127): 125-129-59
(1,0): 115-145-79
(1,1): 114-141-101
(1,2): 117-142-120
(1,3): 115-142-140
(1,4): 115-145-123
(1,5): 112-143-131
(1,6): 113-148-127
(1,7): 114-147-144
(1,8): 116-148-131
(1,9): 114-150-142
(1,10): 114-155-120
(1,11): 112-152-143
(1,12): 114-152-133
(1,13): 114-154-149
(1,14): 119-159-129
(1,15): 118-154-153
(1,16): 122-151-142
(1,17): 119-146-154
(1,18): 123-142-139
(1,19): 121-141-155
(1,20): 123-140-134
(1,21): 122-140-139
(1,22): 125-145-123
(1,23): 125-143-151
(1,24): 129-141-137
(1,25): 128-142-152
(1,26): 131-144-127
(1,27): 127-142-152
(1,28): 129-141-139
(1,29): 125-141-152
(1,30): 129-141-139
(1,31): 127-141-151
(1,32): 131-143-127
(1,33): 128-140-151
(1,34): 131-139-139
(1,35): 126-140-153
(1,36): 125-141-139
(1,37): 122-138-142
(1,38): 123-140-137
(1,39): 124-140-153
(1,40): 128-141-141
(1,41): 126-141-151
(1,42): 128-142-139
(1,43): 125-141-152
(1,44): 127-141-138
(1,45): 125-140-151
(1,46): 128-141-136
(1,47): 126-141-149
(1,48): 130-143-125
(1,49): 128-141-146
(1,50): 131-139-135
(1,51): 129-140-145
(1,52): 132-140-126
(1,53): 128-139-145
(1,54): 130-141-136
(1,55): 128-140-146
(1,56): 129-140-136
(1,57): 127-138-147
(1,58): 130-138-134
(1,59): 127-138-147
(1,60): 130-140-134
(1,61): 127-140-146
(1,62): 131-141-132
(1,63): 128-143-142
(1,64): 128-144-118
(1,65): 124-141-132
(1,66): 125-142-127
(1,67): 123-140-146
(1,68): 126-140-128
(1,69): 125-138-131
(1,70): 129-140-118
(1,71): 128-140-141
(1,72): 131-140-132
(1,73): 127-139-145
(1,74): 129-140-133
(1,75): 126-139-145
(1,76): 129-140-132
(1,77): 126-139-144
(1,78): 129-141-133
(1,79): 127-140-144
(1,80): 129-141-134
(1,81): 126-139-146
(1,82): 128-140-133
(1,83): 124-140-147
(1,84): 123-142-130
(1,85): 121-138-136
(1,86): 123-142-131
(1,87): 124-140-147
(1,88): 128-140-133
(1,89): 126-139-147
(1,90): 128-140-134
(1,91): 126-138-147
(1,92): 129-139-134
(1,93): 127-139-146
(1,94): 129-140-132
(1,95): 127-139-143
(1,96): 129-140-130
(1,97): 127-139-143
(1,98): 129-140-129
(1,99): 127-138-143
(1,100): 130-139-128
(1,101): 127-139-142
(1,102): 130-139-129
(1,103): 127-138-142
(1,104): 129-139-129
(1,105): 127-138-140
(1,106): 129-139-128
(1,107): 127-138-139
(1,108): 129-139-127
(1,109): 126-137-139
(1,110): 129-137-126
(1,111): 127-136-137
(1,112): 128-137-124
(1,113): 126-136-136
(1,114): 128-136-122
(1,115): 124-136-132
(1,116): 123-136-116
(1,117): 120-133-115
(1,118): 117-137-104
(1,119): 117-133-109
(1,120): 114-135-96
(1,121): 113-133-102
(1,122): 111-135-100
(1,123): 112-133-99
(1,124): 114-137-91
(1,125): 116-132-93
(1,126): 122-129-83
(1,127): 125-125-71
(2,0): 117-141-99
(2,1): 117-142-122
(2,2): 119-138-134
(2,3): 122-139-142
(2,4): 118-141-141
(2,5): 116-143-146
(2,6): 116-143-146
(2,7): 117-144-151
(2,8): 116-146-146
(2,9): 118-147-156
(2,10): 116-150-152
(2,11): 114-154-161
(2,12): 117-151-162
(2,13): 117-154-162
(2,14): 119-152-161
(2,15): 121-150-165
(2,16): 122-147-160
(2,17): 125-143-160
(2,18): 123-141-153
(2,19): 124-140-160
(2,20): 126-138-157
(2,21): 128-139-160
(2,22): 130-139-153
(2,23): 133-137-163
(2,24): 133-137-158
(2,25): 135-137-164
(2,26): 135-137-157
(2,27): 135-137-163
(2,28): 133-136-159
(2,29): 133-137-163
(2,30): 134-136-159
(2,31): 134-137-164
(2,32): 135-137-156
(2,33): 135-137-161
(2,34): 134-136-163
(2,35): 133-136-163
(2,36): 129-136-155
(2,37): 129-137-159
(2,38): 132-136-161
(2,39): 132-137-160
(2,40): 131-136-158
(2,41): 132-136-164
(2,42): 132-136-160
(2,43): 133-137-161
(2,44): 132-136-158
(2,45): 133-137-161
(2,46): 132-137-156
(2,47): 133-137-162
(2,48): 134-137-155
(2,49): 135-137-156
(2,50): 133-136-152
(2,51): 134-136-160
(2,52): 135-136-155
(2,53): 134-137-154
(2,54): 133-136-154
(2,55): 134-134-157
(2,56): 133-135-153
(2,57): 135-136-155
(2,58): 135-135-156
(2,59): 133-136-156
(2,60): 133-135-152
(2,61): 134-136-153
(2,62): 133-137-150
(2,63): 133-137-154
(2,64): 132-138-147
(2,65): 130-138-152
(2,66): 131-136-149
(2,67): 132-136-153
(2,68): 131-135-145
(2,69): 132-136-149
(2,70): 134-135-150
(2,71): 135-135-154
(2,72): 134-135-149
(2,73): 134-135-152
(2,74): 134-135-152
(2,75): 133-136-154
(2,76): 133-136-152
(2,77): 133-136-153
(2,78): 133-136-153
(2,79): 134-135-156
(2,80): 132-135-153
(2,81): 133-136-154
(2,82): 132-136-153
(2,83): 131-136-155
(2,84): 129-136-151
(2,85): 128-137-154
(2,86): 130-137-152
(2,87): 132-136-155
(2,88): 132-136-153
(2,89): 133-136-154
(2,90): 133-135-153
(2,91): 133-135-156
(2,92): 132-135-153
(2,93): 133-136-155
(2,94): 133-135-152
(2,95): 133-136-154
(2,96): 133-136-150
(2,97): 133-136-154
(2,98): 133-135-150
(2,99): 133-135-154
(2,100): 133-135-148
(2,101): 134-135-151
(2,102): 134-135-149
(2,103): 134-135-151
(2,104): 133-135-148
(2,105): 133-135-150
(2,106): 133-134-148
(2,107): 133-135-147
(2,108): 133-133-145
(2,109): 134-133-145
(2,110): 132-133-142
(2,111): 133-133-144
(2,112): 132-133-141
(2,113): 132-133-143
(2,114): 131-132-139
(2,115): 130-132-133
(2,116): 127-133-123
(2,117): 127-131-128
(2,118): 126-131-129
(2,119): 124-129-128
(2,120): 119-131-112
(2,121): 119-131-114
(2,122): 117-133-115
(2,123): 115-135-109
(2,124): 118-133-109
(2,125): 119-130-100
(2,126): 122-125-91
(2,127): 128-122-83
(3,0): 117-143-121
(3,1): 117-142-137
(3,2): 122-140-140
(3,3): 120-141-145
(3,4): 118-143-144
(3,5): 116-143-149
(3,6): 116-145-147
(3,7): 115-146-149
(3,8): 114-149-148
(3,9): 114-150-155
(3,10): 113-152-152
(3,11): 113-151-155
(3,12): 114-154-153
(3,13): 115-152-161
(3,14): 116-153-162
(3,15): 118-149-160
(3,16): 120-149-157
(3,17): 121-147-163
(3,18): 122-143-162
(3,19): 123-141-159
(3,20): 126-141-157
(3,21): 128-141-168
(3,22): 132-138-161
(3,23): 133-138-163
(3,24): 135-138-156
(3,25): 135-137-165
(3,26): 136-136-163
(3,27): 135-136-164
(3,28): 135-137-160
(3,29): 135-137-163
(3,30): 135-138-159
(3,31): 135-137-165
(3,32): 136-137-163
(3,33): 135-137-165
(3,34): 134-138-162
(3,35): 133-136-162
(3,36): 134-136-163
(3,37): 132-137-168
(3,38): 134-137-163
(3,39): 133-137-163
(3,40): 133-136-162
(3,41): 133-136-165
(3,42): 133-137-162
(3,43): 133-136-164
(3,44): 134-136-161
(3,45): 133-137-162
(3,46): 134-137-156
(3,47): 133-136-161
(3,48): 134-137-158
(3,49): 134-137-161
(3,50): 135-137-155
(3,51): 134-136-160
(3,52): 134-136-160
(3,53): 134-136-160
(3,54): 136-136-156
(3,55): 135-136-160
(3,56): 136-135-158
(3,57): 135-135-159
(3,58): 136-136-156
(3,59): 135-135-158
(3,60): 136-135-155
(3,61): 135-137-156
(3,62): 135-137-150
(3,63): 134-136-153
(3,64): 133-137-153
(3,65): 133-137-158
(3,66): 134-137-152
(3,67): 134-134-152
(3,68): 135-135-152
(3,69): 135-136-158
(3,70): 136-136-155
(3,71): 135-135-156
(3,72): 135-136-154
(3,73): 135-136-157
(3,74): 135-137-155
(3,75): 134-136-158
(3,76): 135-137-157
(3,77): 134-136-158
(3,78): 135-136-157
(3,79): 134-136-160
(3,80): 134-136-157
(3,81): 134-136-160
(3,82): 133-137-157
(3,83): 132-136-157
(3,84): 132-136-157
(3,85): 132-137-162
(3,86): 133-137-156
(3,87): 133-136-158
(3,88): 133-136-156
(3,89): 133-136-160
(3,90): 134-135-157
(3,91): 133-135-159
(3,92): 134-135-156
(3,93): 134-135-158
(3,94): 134-136-155
(3,95): 134-136-158
(3,96): 134-136-154
(3,97): 134-136-156
(3,98): 134-136-153
(3,99): 135-136-155
(3,100): 135-135-154
(3,101): 135-135-155
(3,102): 135-135-153
(3,103): 135-135-155
(3,104): 135-135-152
(3,105): 134-134-154
(3,106): 135-135-152
(3,107): 134-134-153
(3,108): 134-134-150
(3,109): 134-133-145
(3,110): 134-133-146
(3,111): 133-133-146
(3,112): 133-134-143
(3,113): 131-134-145
(3,114): 131-133-140
(3,115): 131-133-133
(3,116): 131-133-131
(3,117): 130-132-140
(3,118): 130-132-139
(3,119): 126-132-140
(3,120): 125-131-134
(3,121): 121-134-125
(3,122): 119-137-123
(3,123): 118-135-119
(3,124): 118-135-118
(3,125): 119-130-108
(3,126): 124-125-95
(3,127): 129-120-74
(4,0): 116-142-106
(4,1): 120-144-119
(4,2): 122-141-138
(4,3): 119-143-141
(4,4): 119-143-144
(4,5): 117-144-145
(4,6): 115-146-145
(4,7): 114-149-150
(4,8): 115-150-154
(4,9): 113-152-152
(4,10): 113-151-151
(4,11): 113-151-154
(4,12): 114-152-151
(4,13): 115-151-156
(4,14): 116-151-158
(4,15): 117-150-156
(4,16): 119-150-157
(4,17): 119-149-158
(4,18): 120-146-164
(4,19): 118-146-161
(4,20): 123-143-159
(4,21): 126-141-161
(4,22): 130-140-161
(4,23): 132-138-162
(4,24): 135-138-160
(4,25): 136-136-162
(4,26): 136-135-162
(4,27): 136-135-162
(4,28): 136-136-161
(4,29): 136-137-162
(4,30): 136-137-163
(4,31): 136-137-162
(4,32): 136-136-163
(4,33): 136-136-163
(4,34): 135-137-163
(4,35): 134-137-162
(4,36): 135-136-163
(4,37): 135-136-163
(4,38): 135-136-163
(4,39): 134-136-162
(4,40): 134-136-162
(4,41): 134-136-162
(4,42): 134-136-162
(4,43): 134-136-161
(4,44): 134-136-160
(4,45): 134-136-161
(4,46): 135-137-159
(4,47): 135-137-159
(4,48): 135-137-157
(4,49): 136-137-158
(4,50): 135-137-157
(4,51): 134-137-157
(4,52): 134-137-156
(4,53): 134-136-157
(4,54): 136-137-157
(4,55): 136-136-156
(4,56): 136-136-157
(4,57): 136-135-156
(4,58): 136-136-155
(4,59): 135-135-155
(4,60): 135-136-154
(4,61): 136-136-155
(4,62): 135-136-154
(4,63): 134-136-154
(4,64): 135-136-154
(4,65): 136-136-155
(4,66): 135-136-154
(4,67): 134-136-154
(4,68): 136-135-154
(4,69): 137-135-155
(4,70): 137-135-156
(4,71): 136-136-155
(4,72): 137-136-156
(4,73): 136-136-156
(4,74): 136-137-157
(4,75): 135-137-156
(4,76): 135-137-158
(4,77): 136-136-157
(4,78): 135-136-158
(4,79): 135-136-158
(4,80): 134-136-159
(4,81): 134-136-159
(4,82): 134-136-160
(4,83): 133-137-158
(4,84): 134-136-158
(4,85): 134-136-159
(4,86): 134-136-159
(4,87): 134-137-158
(4,88): 134-136-159
(4,89): 134-136-158
(4,90): 135-136-158
(4,91): 135-136-157
(4,92): 135-136-156
(4,93): 135-135-156
(4,94): 135-136-156
(4,95): 135-137-156
(4,96): 136-136-156
(4,97): 135-137-155
(4,98): 136-136-155
(4,99): 135-136-154
(4,100): 135-135-154
(4,101): 135-135-153
(4,102): 136-135-154
(4,103): 136-135-153
(4,104): 136-135-153
(4,105): 135-134-152
(4,106): 135-134-150
(4,107): 135-135-147
(4,108): 135-134-145
(4,109): 135-135-135
(4,110): 134-134-139
(4,111): 133-134-140
(4,112): 133-134-143
(4,113): 131-134-138
(4,114): 131-135-135
(4,115): 130-135-138
(4,116): 132-134-142
(4,117): 132-133-141
(4,118): 130-133-138
(4,119): 128-134-134
(4,120): 127-133-137
(4,121): 123-137-124
(4,122): 122-136-128
(4,123): 119-137-122
(4,124): 120-134-122
(4,125): 121-132-113
(4,126): 127-125-100
(4,127): 134-121-88
(5,0): 117-144-120
(5,1): 117-143-131
(5,2): 120-142-136
(5,3): 118-143-138
(5,4): 117-145-140
(5,5): 117-146-142
(5,6): 114-146-142
(5,7): 113-149-145
(5,8): 112-151-144
(5,9): 112-151-143
(5,10): 111-152-145
(5,11): 113-152-149
(5,12): 112-153-150
(5,13): 114-151-150
(5,14): 114-150-153
(5,15): 115-151-154
(5,16): 115-151-156
(5,17): 116-149-154
(5,18): 115-148-160
(5,19): 117-146-158
(5,20): 118-145-158
(5,21): 123-142-156
(5,22): 126-142-158
(5,23): 130-141-162
(5,24): 133-138-160
(5,25): 135-137-160
(5,26): 135-136-159
(5,27): 136-136-159
(5,28): 136-136-158
(5,29): 136-136-159
(5,30): 136-136-160
(5,31): 137-136-160
(5,32): 136-135-161
(5,33): 136-136-161
(5,34): 136-136-161
(5,35): 135-137-161
(5,36): 135-136-160
(5,37): 136-136-161
(5,38): 135-136-160
(5,39): 135-136-161
(5,40): 135-136-161
(5,41): 135-136-160
(5,42): 134-136-160
(5,43): 134-136-159
(5,44): 134-136-159
(5,45): 135-137-158
(5,46): 135-138-156
(5,47): 135-139-157
(5,48): 134-141-156
(5,49): 135-140-156
(5,50): 133-140-158
(5,51): 134-139-159
(5,52): 133-137-160
(5,53): 133-138-160
(5,54): 133-137-160
(5,55): 134-138-159
(5,56): 135-137-159
(5,57): 135-137-157
(5,58): 135-137-156
(5,59): 135-136-155
(5,60): 135-136-155
(5,61): 135-136-155
(5,62): 135-137-155
(5,63): 135-137-155
(5,64): 135-136-155
(5,65): 136-136-155
(5,66): 136-136-155
(5,67): 136-136-156
(5,68): 136-135-157
(5,69): 137-136-156
(5,70): 136-136-157
(5,71): 136-136-157
(5,72): 136-136-158
(5,73): 136-137-157
(5,74): 136-137-157
(5,75): 136-137-157
(5,76): 135-137-157
(5,77): 135-137-158
(5,78): 135-137-158
(5,79): 135-137-158
(5,80): 134-136-158
(5,81): 134-136-158
(5,82): 134-137-158
(5,83): 134-137-158
(5,84): 134-137-157
(5,85): 135-137-158
(5,86): 134-137-158
(5,87): 135-137-159
(5,88): 134-136-158
(5,89): 135-136-158
(5,90): 134-136-157
(5,91): 135-136-157
(5,92): 134-136-157
(5,93): 135-136-157
(5,94): 135-137-155
(5,95): 135-137-155
(5,96): 135-137-155
(5,97): 135-137-155
(5,98): 135-137-154
(5,99): 135-136-154
(5,100): 135-136-155
(5,101): 136-136-154
(5,102): 135-136-153
(5,103): 136-136-152
(5,104): 136-136-150
(5,105): 135-135-151
(5,106): 135-135-148
(5,107): 133-136-148
(5,108): 133-135-147
(5,109): 133-135-142
(5,110): 133-134-145
(5,111): 132-135-142
(5,112): 130-135-145
(5,113): 132-135-134
(5,114): 130-135-134
(5,115): 130-135-140
(5,116): 130-135-144
(5,117): 130-135-145
(5,118): 130-135-140
(5,119): 128-135-135
(5,120): 125-135-135
(5,121): 124-137-127
(5,122): 123-136-124
(5,123): 122-135-119
(5,124): 123-134-116
(5,125): 126-130-107
(5,126): 132-126-96
(5,127): 136-123-87
(6,0): 114-144-102
(6,1): 116-145-113
(6,2): 118-142-130
(6,3): 118-144-137
(6,4): 119-144-141
(6,5): 117-146-142
(6,6): 115-147-142
(6,7): 113-148-143
(6,8): 112-150-140
(6,9): 112-150-144
(6,10): 113-152-145
(6,11): 114-152-148
(6,12): 115-151-153
(6,13): 114-151-150
(6,14): 114-152-146
(6,15): 116-150-149
(6,16): 116-150-155
(6,17): 114-150-155
(6,18): 115-149-157
(6,19): 116-148-157
(6,20): 117-146-158
(6,21): 120-144-162
(6,22): 124-143-159
(6,23): 128-141-160
(6,24): 130-140-158
(6,25): 134-137-158
(6,26): 135-137-157
(6,27): 135-136-159
(6,28): 136-136-158
(6,29): 136-135-159
(6,30): 136-136-157
(6,31): 136-135-159
(6,32): 136-136-159
(6,33): 135-136-160
(6,34): 135-137-159
(6,35): 134-137-159
(6,36): 135-137-159
(6,37): 135-136-160
(6,38): 135-137-159
(6,39): 135-136-161
(6,40): 135-136-158
(6,41): 134-135-159
(6,42): 134-136-159
(6,43): 134-136-160
(6,44): 134-137-158
(6,45): 135-137-158
(6,46): 134-139-156
(6,47): 137-140-156
(6,48): 137-144-152
(6,49): 137-143-152
(6,50): 135-143-156
(6,51): 130-142-160
(6,52): 130-140-163
(6,53): 128-140-163
(6,54): 129-141-159
(6,55): 131-139-161
(6,56): 133-139-161
(6,57): 134-138-160
(6,58): 134-138-158
(6,59): 135-137-156
(6,60): 135-138-156
(6,61): 135-138-155
(6,62): 135-137-156
(6,63): 135-137-155
(6,64): 135-137-155
(6,65): 135-136-156
(6,66): 136-136-156
(6,67): 136-136-156
(6,68): 136-136-157
(6,69): 136-136-156
(6,70): 136-137-157
(6,71): 136-136-157
(6,72): 136-137-157
(6,73): 136-136-156
(6,74): 135-137-157
(6,75): 135-137-157
(6,76): 135-137-157
(6,77): 135-137-158
(6,78): 135-137-158
(6,79): 135-137-158
(6,80): 135-137-158
(6,81): 134-136-158
(6,82): 134-137-157
(6,83): 135-137-159
(6,84): 135-137-158
(6,85): 134-137-157
(6,86): 135-137-157
(6,87): 135-137-157
(6,88): 135-137-157
(6,89): 135-137-157
(6,90): 135-137-157
(6,91): 134-137-157
(6,92): 135-137-158
(6,93): 134-137-157
(6,94): 135-137-156
(6,95): 135-138-156
(6,96): 135-137-156
(6,97): 135-137-156
(6,98): 135-137-155
(6,99): 135-137-155
(6,100): 135-137-155
(6,101): 135-136-154
(6,102): 136-136-153
(6,103): 135-136-154
(6,104): 136-136-150
(6,105): 134-136-148
(6,106): 132-137-143
(6,107): 130-137-142
(6,108): 130-137-143
(6,109): 131-135-144
(6,110): 132-135-145
(6,111): 132-135-141
(6,112): 131-135-142
(6,113): 130-135-134
(6,114): 130-136-137
(6,115): 129-135-140
(6,116): 130-135-141
(6,117): 130-136-139
(6,118): 129-135-139
(6,119): 127-136-130
(6,120): 125-136-125
(6,121): 122-136-118
(6,122): 123-136-117
(6,123): 125-134-118
(6,124): 128-133-120
(6,125): 130-132-116
(6,126): 135-126-107
(6,127): 140-122-91
(7,0): 115-145-110
(7,1): 114-143-116
(7,2): 118-142-131
(7,3): 117-144-138
(7,4): 119-143-136
(7,5): 117-146-141
(7,6): 116-147-137
(7,7): 114-148-136
(7,8): 113-149-137
(7,9): 114-149-142
(7,10): 114-150-145
(7,11): 115-151-146
(7,12): 115-152-147
(7,13): 115-151-148
(7,14): 115-150-148
(7,15): 116-149-147
(7,16): 115-149-151
(7,17): 115-149-152
(7,18): 115-149-153
(7,19): 115-148-153
(7,20): 117-148-158
(7,21): 119-146-158
(7,22): 122-145-156
(7,23): 127-142-155
(7,24): 128-140-158
(7,25): 132-138-157
(7,26): 134-137-157
(7,27): 135-137-159
(7,28): 136-136-159
(7,29): 136-136-159
(7,30): 136-136-158
(7,31): 136-137-159
(7,32): 136-136-160
(7,33): 135-137-160
(7,34): 134-137-161
(7,35): 133-138-162
(7,36): 134-138-160
(7,37): 134-138-161
(7,38): 134-138-161
(7,39): 135-138-161
(7,40): 134-136-161
(7,41): 134-136-162
(7,42): 134-136-162
(7,43): 134-137-161
(7,44): 134-136-162
(7,45): 134-138-159
(7,46): 136-139-157
(7,47): 139-145-147
(7,48): 139-148-139
(7,49): 138-147-145
(7,50): 133-146-147
(7,51): 127-143-167
(7,52): 126-142-174
(7,53): 124-143-174
(7,54): 125-145-173
(7,55): 128-143-167
(7,56): 130-141-161
(7,57): 133-140-161
(7,58): 134-138-160
(7,59): 135-138-159
(7,60): 135-138-158
(7,61): 135-138-157
(7,62): 134-137-157
(7,63): 135-137-156
(7,64): 135-137-157
(7,65): 135-137-156
(7,66): 136-136-156
(7,67): 136-137-157
(7,68): 136-136-157
(7,69): 136-137-157
(7,70): 135-137-158
(7,71): 136-136-157
(7,72): 135-137-158
(7,73): 136-137-157
(7,74): 135-137-159
(7,75): 135-137-158
(7,76): 135-137-158
(7,77): 136-137-157
(7,78): 135-137-157
(7,79): 136-136-157
(7,80): 135-136-157
(7,81): 135-136-157
(7,82): 135-137-157
(7,83): 136-137-157
(7,84): 135-137-156
(7,85): 135-137-156
(7,86): 135-137-157
(7,87): 135-137-156
(7,88): 135-137-157
(7,89): 135-137-156
(7,90): 134-137-157
(7,91): 135-137-157
(7,92): 134-137-157
(7,93): 135-137-157
(7,94): 135-137-157
(7,95): 135-137-156
(7,96): 135-137-155
(7,97): 135-137-156
(7,98): 135-137-155
(7,99): 135-137-155
(7,100): 135-137-155
(7,101): 135-136-154
(7,102): 135-136-154
(7,103): 135-136-154
(7,104): 135-136-148
(7,105): 134-137-146
(7,106): 130-138-138
(7,107): 130-136-130
(7,108): 127-137-141
(7,109): 130-135-144
(7,110): 131-135-146
(7,111): 132-135-145
(7,112): 132-135-144
(7,113): 131-135-142
(7,114): 129-136-143
(7,115): 129-136-136
(7,116): 128-136-136
(7,117): 127-136-137
(7,118): 127-136-135
(7,119): 125-136-130
(7,120): 123-134-121
(7,121): 125-133-110
(7,122): 124-135-120
(7,123): 128-135-122
(7,124): 132-133-124
(7,125): 132-133-126
(7,126): 138-128-107
(7,127): 138-122-91
(8,0): 113-144-92
(8,1): 113-145-107
(8,2): 117-142-128
(8,3): 116-143-132
(8,4): 116-143-132
(8,5): 116-145-136
(8,6): 115-147-136
(8,7): 113-148-137
(8,8): 114-149-138
(8,9): 114-149-142
(8,10): 115-150-143
(8,11): 116-150-144
(8,12): 116-151-142
(8,13): 116-150-146
(8,14): 117-150-150
(8,15): 116-149-147
(8,16): 115-149-145
(8,17): 116-148-147
(8,18): 116-149-150
(8,19): 116-149-154
(8,20): 119-149-158
(8,21): 120-148-155
(8,22): 123-146-158
(8,23): 125-144-157
(8,24): 129-141-157
(8,25): 132-139-157
(8,26): 134-138-158
(8,27): 135-137-160
(8,28): 136-137-158
(8,29): 136-136-159
(8,30): 136-137-159
(8,31): 136-137-158
(8,32): 135-138-157
(8,33): 134-138-157
(8,34): 132-138-161
(8,35): 130-139-165
(8,36): 131-141-161
(8,37): 131-140-161
(8,38): 132-140-162
(8,39): 132-140-162
(8,40): 132-139-162
(8,41): 133-138-162
(8,42): 133-138-162
(8,43): 133-137-162
(8,44): 132-138-161
(8,45): 132-141-157
(8,46): 135-145-149
(8,47): 137-149-133
(8,48): 140-152-137
(8,49): 135-151-136
(8,50): 130-150-144
(8,51): 121-147-177
(8,52): 120-147-176
(8,53): 122-148-190
(8,54): 124-147-191
(8,55): 125-146-179
(8,56): 128-143-168
(8,57): 131-140-161
(8,58): 132-141-156
(8,59): 133-139-158
(8,60): 134-140-156
(8,61): 133-138-158
(8,62): 133-139-155
(8,63): 133-138-157
(8,64): 134-139-155
(8,65): 134-138-156
(8,66): 134-138-155
(8,67): 135-137-157
(8,68): 135-138-156
(8,69): 135-137-158
(8,70): 135-137-157
(8,71): 135-137-157
(8,72): 135-137-158
(8,73): 135-137-157
(8,74): 135-137-157
(8,75): 135-137-157
(8,76): 135-137-157
(8,77): 135-137-157
(8,78): 135-137-156
(8,79): 136-136-156
(8,80): 136-137-156
(8,81): 136-136-156
(8,82): 136-137-156
(8,83): 136-137-156
(8,84): 135-137-156
(8,85): 135-137-156
(8,86): 135-137-156
(8,87): 135-137-155
(8,88): 135-137-156
(8,89): 135-137-156
(8,90): 135-137-156
(8,91): 135-137-157
(8,92): 135-137-157
(8,93): 135-137-157
(8,94): 135-137-156
(8,95): 135-137-156
(8,96): 136-137-156
(8,97): 136-137-156
(8,98): 136-137-156
(8,99): 135-137-155
(8,100): 136-136-156
(8,101): 135-136-155
(8,102): 135-136-154
(8,103): 135-136-153
(8,104): 134-136-150
(8,105): 133-137-148
(8,106): 132-138-144
(8,107): 129-137-138
(8,108): 130-136-141
(8,109): 130-135-143
(8,110): 132-135-144
(8,111): 133-134-143
(8,112): 132-135-142
(8,113): 131-135-142
(8,114): 130-135-141
(8,115): 128-137-127
(8,116): 127-137-128
(8,117): 125-136-134
(8,118): 124-136-129
(8,119): 123-135-123
(8,120): 123-135-118
(8,121): 125-133-123
(8,122): 128-133-126
(8,123): 131-134-124
(8,124): 132-134-126
(8,125): 132-134-122
(8,126): 135-128-118
(8,127): 136-123-106
(9,0): 116-143-103
(9,1): 113-144-116
(9,2): 116-142-126
(9,3): 114-142-128
(9,4): 114-143-128
(9,5): 115-144-130
(9,6): 113-146-132
(9,7): 114-147-134
(9,8): 114-149-138
(9,9): 116-150-141
(9,10): 116-150-140
(9,11): 117-150-141
(9,12): 117-149-144
(9,13): 117-150-146
(9,14): 118-150-148
(9,15): 117-149-147
(9,16): 116-147-146
(9,17): 117-147-146
(9,18): 117-148-150
(9,19): 118-149-152
(9,20): 119-149-153
(9,21): 122-148-153
(9,22): 124-146-158
(9,23): 126-143-157
(9,24): 129-141-159
(9,25): 132-139-159
(9,26): 134-138-159
(9,27): 135-138-162
(9,28): 135-138-159
(9,29): 135-138-159
(9,30): 135-137-158
(9,31): 135-138-157
(9,32): 133-140-155
(9,33): 132-141-155
(9,34): 129-141-158
(9,35): 128-141-159
(9,36): 128-143-165
(9,37): 128-143-167
(9,38): 129-142-167
(9,39): 130-142-168
(9,40): 132-139-168
(9,41): 132-140-169
(9,42): 132-138-170
(9,43): 131-140-168
(9,44): 132-139-169
(9,45): 131-143-162
(9,46): 133-144-159
(9,47): 134-149-147
(9,48): 133-149-134
(9,49): 132-151-139
(9,50): 125-151-123
(9,51): 121-151-154
(9,52): 120-154-169
(9,53): 119-155-184
(9,54): 122-153-183
(9,55): 123-148-181
(9,56): 126-143-178
(9,57): 128-143-167
(9,58): 130-144-162
(9,59): 132-143-161
(9,60): 132-141-158
(9,61): 132-141-162
(9,62): 133-140-159
(9,63): 132-140-160
(9,64): 132-140-160
(9,65): 133-140-159
(9,66): 133-139-158
(9,67): 134-139-158
(9,68): 134-138-158
(9,69): 135-138-157
(9,70): 134-137-157
(9,71): 135-137-158
(9,72): 135-137-158
(9,73): 135-137-158
(9,74): 135-138-158
(9,75): 135-137-158
(9,76): 135-137-157
(9,77): 135-137-157
(9,78): 136-137-157
(9,79): 136-137-157
(9,80): 136-136-157
(9,81): 136-137-156
(9,82): 136-137-156
(9,83): 136-137-156
(9,84): 136-137-156
(9,85): 136-137-156
(9,86): 136-137-156
(9,87): 136-137-156
(9,88): 135-137-156
(9,89): 136-137-156
(9,90): 135-137-155
(9,91): 136-137-156
(9,92): 135-137-155
(9,93): 136-136-156
(9,94): 136-136-155
(9,95): 136-136-155
(9,96): 136-136-155
(9,97): 136-136-155
(9,98): 135-136-154
(9,99): 136-136-155
(9,100): 136-136-154
(9,101): 136-136-154
(9,102): 135-136-152
(9,103): 135-136-151
(9,104): 134-136-148
(9,105): 134-136-147
(9,106): 133-136-149
(9,107): 132-136-148
(9,108): 133-134-146
(9,109): 132-134-142
(9,110): 133-134-143
(9,111): 133-135-145
(9,112): 133-134-143
(9,113): 130-136-144
(9,114): 129-135-137
(9,115): 128-136-128
(9,116): 126-136-124
(9,117): 126-135-123
(9,118): 122-136-121
(9,119): 125-133-113
(9,120): 125-133-126
(9,121): 129-133-132
(9,122): 132-131-133
(9,123): 132-135-132
(9,124): 131-135-127
(9,125): 132-133-116
(9,126): 132-133-100
(9,127): 136-123-87
(10,0): 113-143-88
(10,1): 111-145-99
(10,2): 113-142-117
(10,3): 111-143-124
(10,4): 113-143-126
(10,5): 114-144-127
(10,6): 113-147-128
(10,7): 113-147-134
(10,8): 116-149-139
(10,9): 116-150-138
(10,10): 117-151-139
(10,11): 116-150-141
(10,12): 117-150-143
(10,13): 118-149-143
(10,14): 118-149-145
(10,15): 118-148-146
(10,16): 117-148-143
(10,17): 117-147-146
(10,18): 117-148-148
(10,19): 118-148-148
(10,20): 121-148-152
(10,21): 123-147-153
(10,22): 125-145-158
(10,23): 127-144-156
(10,24): 129-141-159
(10,25): 132-139-160
(10,26): 134-139-160
(10,27): 135-138-161
(10,28): 135-138-161
(10,29): 134-139-158
(10,30): 134-139-155
(10,31): 135-140-149
(10,32): 132-142-146
(10,33): 129-142-143
(10,34): 129-144-143
(10,35): 126-145-150
(10,36): 126-143-172
(10,37): 123-145-172
(10,38): 126-141-180
(10,39): 126-142-175
(10,40): 126-142-175
(10,41): 126-141-172
(10,42): 126-142-173
(10,43): 126-143-166
(10,44): 126-144-169
(10,45): 126-147-160
(10,46): 126-148-164
(10,47): 125-148-158
(10,48): 123-152-142
(10,49): 122-148-161
(10,50): 118-157-136
(10,51): 116-157-171
(10,52): 119-157-183
(10,53): 118-159-179
(10,54): 121-154-185
(10,55): 122-150-178
(10,56): 122-148-170
(10,57): 125-147-167
(10,58): 127-148-167
(10,59): 127-146-167
(10,60): 128-146-161
(10,61): 128-144-168
(10,62): 129-145-161
(10,63): 129-144-164
(10,64): 129-144-161
(10,65): 129-143-162
(10,66): 130-143-159
(10,67): 132-141-159
(10,68): 133-140-158
(10,69): 134-139-159
(10,70): 135-138-157
(10,71): 135-137-158
(10,72): 135-137-157
(10,73): 135-138-159
(10,74): 135-138-160
(10,75): 134-138-159
(10,76): 135-137-158
(10,77): 135-137-158
(10,78): 135-137-157
(10,79): 136-137-157
(10,80): 136-137-156
(10,81): 136-137-156
(10,82): 136-137-156
(10,83): 136-137-157
(10,84): 136-137-157
(10,85): 136-137-156
(10,86): 136-137-156
(10,87): 136-137-156
(10,88): 136-137-156
(10,89): 136-137-156
(10,90): 136-136-156
(10,91): 136-136-155
(10,92): 135-136-155
(10,93): 135-136-154
(10,94): 136-136-154
(10,95): 136-135-153
(10,96): 136-136-153
(10,97): 136-136-153
(10,98): 136-136-153
(10,99): 135-135-153
(10,100): 136-136-152
(10,101): 136-136-152
(10,102): 136-136-151
(10,103): 135-136-150
(10,104): 134-136-148
(10,105): 134-135-145
(10,106): 133-135-147
(10,107): 133-134-144
(10,108): 133-134-144
(10,109): 133-134-141
(10,110): 132-134-140
(10,111): 131-135-140
(10,112): 130-135-139
(10,113): 127-136-132
(10,114): 125-136-126
(10,115): 126-134-132
(10,116): 128-135-129
(10,117): 129-134-129
(10,118): 128-135-126
(10,119): 127-134-125
(10,120): 131-133-130
(10,121): 133-131-128
(10,122): 132-132-126
(10,123): 134-132-129
(10,124): 134-134-136
(10,125): 133-135-131
(10,126): 137-129-118
(10,127): 139-124-107
(11,0): 113-142-98
(11,1): 110-141-101
(11,2): 111-141-113
(11,3): 112-142-117
(11,4): 112-143-122
(11,5): 113-144-126
(11,6): 112-146-130
(11,7): 114-147-130
(11,8): 115-150-135
(11,9): 116-150-139
(11,10): 117-150-141
(11,11): 117-149-142
(11,12): 117-149-143
(11,13): 118-149-142
(11,14): 118-149-141
(11,15): 119-149-143
(11,16): 118-147-142
(11,17): 118-148-142
(11,18): 118-148-147
(11,19): 120-147-147
(11,20): 122-147-152
(11,21): 124-146-157
(11,22): 126-144-156
(11,23): 128-142-157
(11,24): 130-140-159
(11,25): 132-140-162
(11,26): 133-139-162
(11,27): 133-139-162
(11,28): 133-139-159
(11,29): 133-139-157
(11,30): 133-139-154
(11,31): 132-142-145
(11,32): 129-143-132
(11,33): 128-143-123
(11,34): 125-144-120
(11,35): 123-143-144
(11,36): 120-143-165
(11,37): 119-140-171
(11,38): 120-142-181
(11,39): 121-141-184
(11,40): 121-145-191
(11,41): 121-144-189
(11,42): 120-146-195
(11,43): 121-146-186
(11,44): 121-146-191
(11,45): 121-149-183
(11,46): 119-152-177
(11,47): 118-152-168
(11,48): 114-155-148
(11,49): 117-154-148
(11,50): 114-160-133
(11,51): 117-161-159
(11,52): 116-162-171
(11,53): 117-160-176
(11,54): 120-154-189
(11,55): 121-155-184
(11,56): 122-150-182
(11,57): 122-152-175
(11,58): 122-153-168
(11,59): 123-151-172
(11,60): 124-149-165
(11,61): 125-149-170
(11,62): 125-148-166
(11,63): 126-149-170
(11,64): 126-148-166
(11,65): 126-148-166
(11,66): 127-146-168
(11,67): 130-144-163
(11,68): 132-140-160
(11,69): 133-140-160
(11,70): 135-138-159
(11,71): 135-138-158
(11,72): 135-138-157
(11,73): 136-138-157
(11,74): 135-138-156
(11,75): 135-137-157
(11,76): 135-137-156
(11,77): 136-137-156
(11,78): 135-137-156
(11,79): 136-137-156
(11,80): 136-137-156
(11,81): 136-136-156
(11,82): 136-136-156
(11,83): 136-136-156
(11,84): 136-136-155
(11,85): 135-136-155
(11,86): 135-137-154
(11,87): 136-136-155
(11,88): 136-136-154
(11,89): 136-136-155
(11,90): 136-135-155
(11,91): 136-136-155
(11,92): 136-136-155
(11,93): 136-135-153
(11,94): 137-135-153
(11,95): 137-135-153
(11,96): 137-135-152
(11,97): 137-135-152
(11,98): 136-135-151
(11,99): 136-135-151
(11,100): 135-135-151
(11,101): 136-135-150
(11,102): 136-135-148
(11,103): 135-135-148
(11,104): 135-136-148
(11,105): 134-135-145
(11,106): 133-134-145
(11,107): 133-134-142
(11,108): 133-134-144
(11,109): 133-134-143
(11,110): 131-134-139
(11,111): 129-135-134
(11,112): 125-136-127
(11,113): 127-133-117
(11,114): 124-136-122
(11,115): 128-134-125
(11,116): 130-133-133
(11,117): 132-133-137
(11,118): 134-132-136
(11,119): 133-133-138
(11,120): 134-132-137
(11,121): 134-132-133
(11,122): 134-131-135
(11,123): 134-134-133
(11,124): 136-135-134
(11,125): 135-135-131
(11,126): 143-129-101
(11,127): 142-124-95
(12,0): 111-142-81
(12,1): 108-144-94
(12,2): 110-141-109
(12,3): 111-142-114
(12,4): 112-143-120
(12,5): 113-144-125
(12,6): 114-146-129
(12,7): 114-148-129
(12,8): 115-149-133
(12,9): 117-149-137
(12,10): 117-149-142
(12,11): 116-149-143
(12,12): 117-149-143
(12,13): 118-149-141
(12,14): 119-149-141
(12,15): 119-148-141
(12,16): 119-148-142
(12,17): 119-148-141
(12,18): 120-147-147
(12,19): 120-147-148
(12,20): 122-146-152
(12,21): 123-145-153
(12,22): 125-143-152
(12,23): 127-141-154
(12,24): 128-141-154
(12,25): 131-140-157
(12,26): 132-139-159
(12,27): 132-140-159
(12,28): 132-139-158
(12,29): 132-139-154
(12,30): 131-140-144
(12,31): 131-142-131
(12,32): 128-144-124
(12,33): 124-142-118
(12,34): 122-145-108
(12,35): 122-139-133
(12,36): 119-141-137
(12,37): 122-136-161
(12,38): 119-138-170
(12,39): 122-141-184
(12,40): 119-144-198
(12,41): 119-148-192
(12,42): 117-148-200
(12,43): 117-150-192
(12,44): 116-149-198
(12,45): 117-151-193
(12,46): 114-152-192
(12,47): 114-152-192
(12,48): 113-155-182
(12,49): 111-155-186
(12,50): 115-159-176
(12,51): 114-163-168
(12,52): 115-161-176
(12,53): 113-162-170
(12,54): 116-158-181
(12,55): 117-158-173
(12,56): 118-155-187
(12,57): 117-154-189
(12,58): 118-154-189
(12,59): 118-153-190
(12,60): 120-153-184
(12,61): 120-153-184
(12,62): 120-151-183
(12,63): 120-152-182
(12,64): 121-151-181
(12,65): 120-153-177
(12,66): 124-150-179
(12,67): 125-148-166
(12,68): 127-147-156
(12,69): 131-141-160
(12,70): 133-141-157
(12,71): 134-139-158
(12,72): 135-139-156
(12,73): 135-138-156
(12,74): 135-138-155
(12,75): 135-137-156
(12,76): 135-137-155
(12,77): 136-137-156
(12,78): 136-136-156
(12,79): 136-136-155
(12,80): 136-136-155
(12,81): 136-135-155
(12,82): 136-136-155
(12,83): 135-135-155
(12,84): 135-136-154
(12,85): 135-136-155
(12,86): 136-136-155
(12,87): 136-136-154
(12,88): 136-136-152
(12,89): 136-135-153
(12,90): 136-136-152
(12,91): 136-135-152
(12,92): 136-135-151
(12,93): 136-135-150
(12,94): 137-135-150
(12,95): 137-135-149
(12,96): 137-135-149
(12,97): 136-135-150
(12,98): 136-135-150
(12,99): 136-134-149
(12,100): 137-135-148
(12,101): 136-134-149
(12,102): 136-135-146
(12,103): 135-135-146
(12,104): 134-135-144
(12,105): 131-135-137
(12,106): 131-136-136
(12,107): 131-134-138
(12,108): 132-135-137
(12,109): 131-134-136
(12,110): 130-136-129
(12,111): 126-135-125
(12,112): 126-137-120
(12,113): 127-135-130
(12,114): 130-135-132
(12,115): 131-134-135
(12,116): 133-134-135
(12,117): 135-132-136
(12,118): 135-132-137
(12,119): 135-132-136
(12,120): 135-132-137
(12,121): 134-133-134
(12,122): 134-134-135
(12,123): 133-136-132
(12,124): 134-135-134
(12,125): 134-134-130
(12,126): 140-128-116
(12,127): 144-123-97
(13,0): 114-141-92
(13,1): 111-141-101
(13,2): 112-140-114
(13,3): 112-141-117
(13,4): 113-143-124
(13,5): 114-145-122
(13,6): 114-146-120
(13,7): 116-148-126
(13,8): 116-148-131
(13,9): 116-149-138
(13,10): 116-149-142
(13,11): 116-150-144
(13,12): 117-150-141
(13,13): 119-148-138
(13,14): 119-147-135
(13,15): 120-147-139
(13,16): 120-146-142
(13,17): 121-146-143
(13,18): 121-145-145
(13,19): 122-147-149
(13,20): 122-146-149
(13,21): 122-145-149
(13,22): 124-143-150
(13,23): 125-142-151
(13,24): 127-141-153
(13,25): 128-141-155
(13,26): 130-141-154
(13,27): 130-139-156
(13,28): 131-139-154
(13,29): 132-141-147
(13,30): 131-141-132
(13,31): 128-142-124
(13,32): 125-143-111
(13,33): 124-144-99
(13,34): 119-147-97
(13,35): 124-144-98
(13,36): 122-145-102
(13,37): 124-142-132
(13,38): 121-139-161
(13,39): 119-144-181
(13,40): 117-150-194
(13,41): 114-151-193
(13,42): 115-148-199
(13,43): 114-150-196
(13,44): 113-149-197
(13,45): 113-151-194
(13,46): 111-152-190
(13,47): 112-153-190
(13,48): 111-155-183
(13,49): 111-153-190
(13,50): 112-154-189
(13,51): 113-156-185
(13,52): 113-156-186
(13,53): 113-157-182
(13,54): 113-154-189
(13,55): 114-155-182
(13,56): 113-154-189
(13,57): 114-153-191
(13,58): 113-154-189
(13,59): 114-153-189
(13,60): 114-154-183
(13,61): 116-152-187
(13,62): 115-152-187
(13,63): 116-152-187
(13,64): 115-153-188
(13,65): 117-152-185
(13,66): 118-153-187
(13,67): 121-151-178
(13,68): 124-150-171
(13,69): 128-146-165
(13,70): 130-140-158
(13,71): 132-140-159
(13,72): 133-139-155
(13,73): 134-138-155
(13,74): 134-137-154
(13,75): 135-137-154
(13,76): 135-137-153
(13,77): 136-136-154
(13,78): 136-136-154
(13,79): 136-136-154
(13,80): 136-136-154
(13,81): 137-136-153
(13,82): 136-135-154
(13,83): 136-135-152
(13,84): 135-136-152
(13,85): 136-136-151
(13,86): 136-136-151
(13,87): 137-136-151
(13,88): 136-135-150
(13,89): 137-135-151
(13,90): 136-134-151
(13,91): 137-135-150
(13,92): 136-134-150
(13,93): 137-135-148
(13,94): 137-134-149
(13,95): 138-134-149
(13,96): 137-134-149
(13,97): 137-135-148
(13,98): 137-135-148
(13,99): 137-135-147
(13,100): 137-134-147
(13,101): 137-135-147
(13,102): 136-135-145
(13,103): 135-136-146
(13,104): 132-136-142
(13,105): 132-136-133
(13,106): 129-136-137
(13,107): 131-136-136
(13,108): 130-136-134
(13,109): 131-136-131
(13,110): 126-137-123
(13,111): 129-134-117
(13,112): 127-135-128
(13,113): 130-136-140
(13,114): 134-134-140
(13,115): 134-134-144
(13,116): 136-132-141
(13,117): 136-132-140
(13,118): 136-131-140
(13,119): 136-132-140
(13,120): 135-132-139
(13,121): 134-133-138
(13,122): 134-134-136
(13,123): 133-136-132
(13,124): 133-137-124
(13,125): 132-132-121
(13,126): 137-126-110
(13,127): 141-121-92
(14,0): 113-142-80
(14,1): 111-143-96
(14,2): 112-140-112
(14,3): 112-143-117
(14,4): 114-143-122
(14,5): 114-144-119
(14,6): 114-146-118
(14,7): 115-147-125
(14,8): 115-148-132
(14,9): 114-149-136
(14,10): 115-148-141
(14,11): 115-150-139
(14,12): 117-148-142
(14,13): 118-147-137
(14,14): 119-146-133
(14,15): 121-144-137
(14,16): 120-145-138
(14,17): 121-144-141
(14,18): 120-144-142
(14,19): 121-144-145
(14,20): 120-146-146
(14,21): 120-146-147
(14,22): 121-145-146
(14,23): 122-143-149
(14,24): 124-143-150
(14,25): 126-142-153
(14,26): 128-141-152
(14,27): 129-140-154
(14,28): 130-141-144
(14,29): 132-141-134
(14,30): 128-142-126
(14,31): 124-142-113
(14,32): 121-147-90
(14,33): 122-146-93
(14,34): 124-149-95
(14,35): 121-150-94
(14,36): 125-150-93
(14,37): 125-145-107
(14,38): 123-146-126
(14,39): 122-146-157
(14,40): 120-147-184
(14,41): 114-153-177
(14,42): 113-150-195
(14,43): 113-149-196
(14,44): 112-149-197
(14,45): 113-148-199
(14,46): 112-150-196
(14,47): 112-149-197
(14,48): 112-151-193
(14,49): 113-152-192
(14,50): 112-152-192
(14,51): 112-152-191
(14,52): 111-153-190
(14,53): 112-153-189
(14,54): 111-154-189
(14,55): 113-152-188
(14,56): 112-153-190
(14,57): 113-151-192
(14,58): 112-152-192
(14,59): 113-150-196
(14,60): 113-152-192
(14,61): 114-150-196
(14,62): 114-152-193
(14,63): 115-152-192
(14,64): 114-152-192
(14,65): 116-153-189
(14,66): 116-153-190
(14,67): 118-154-188
(14,68): 123-150-194
(14,69): 123-149-174
(14,70): 124-146-158
(14,71): 129-141-159
(14,72): 132-140-155
(14,73): 134-138-156
(14,74): 134-138-152
(14,75): 135-137-154
(14,76): 136-137-152
(14,77): 136-136-153
(14,78): 135-137-151
(14,79): 136-136-152
(14,80): 136-136-151
(14,81): 136-135-151
(14,82): 136-136-151
(14,83): 136-136-151
(14,84): 136-136-150
(14,85): 136-136-150
(14,86): 136-136-149
(14,87): 136-135-150
(14,88): 137-136-148
(14,89): 137-135-149
(14,90): 137-135-149
(14,91): 136-135-149
(14,92): 137-135-149
(14,93): 137-134-148
(14,94): 137-135-147
(14,95): 137-133-149
(14,96): 137-135-147
(14,97): 137-134-149
(14,98): 137-136-147
(14,99): 137-135-148
(14,100): 136-136-146
(14,101): 136-135-148
(14,102): 135-136-145
(14,103): 135-135-146
(14,104): 132-137-141
(14,105): 131-137-142
(14,106): 132-138-142
(14,107): 131-137-142
(14,108): 132-137-139
(14,109): 131-136-140
(14,110): 129-138-133
(14,111): 127-137-140
(14,112): 130-137-140
(14,113): 132-135-142
(14,114): 133-136-141
(14,115): 136-133-143
(14,116): 136-134-142
(14,117): 135-133-142
(14,118): 135-134-141
(14,119): 135-133-141
(14,120): 134-134-139
(14,121): 134-134-140
(14,122): 133-137-132
(14,123): 130-137-134
(14,124): 130-136-133
(14,125): 129-133-125
(14,126): 134-126-110
(14,127): 142-119-102
(15,0): 115-142-93
(15,1): 112-141-104
(15,2): 114-139-116
(15,3): 114-142-117
(15,4): 114-145-117
(15,5): 115-145-119
(15,6): 115-145-121
(15,7): 114-146-127
(15,8): 113-147-126
(15,9): 112-147-128
(15,10): 113-148-132
(15,11): 114-148-130
(15,12): 116-148-132
(15,13): 118-146-134
(15,14): 120-143-133
(15,15): 120-144-136
(15,16): 120-143-134
(15,17): 120-144-138
(15,18): 120-143-141
(15,19): 120-145-140
(15,20): 118-147-141
(15,21): 118-146-142
(15,22): 119-146-144
(15,23): 120-146-147
(15,24): 121-145-148
(15,25): 123-143-149
(15,26): 126-141-145
(15,27): 128-142-145
(15,28): 130-143-133
(15,29): 128-145-132
(15,30): 125-143-113
(15,31): 124-144-89
(15,32): 121-148-84
(15,33): 124-150-84
(15,34): 123-151-82
(15,35): 125-150-86
(15,36): 125-148-91
(15,37): 128-148-94
(15,38): 127-148-102
(15,39): 125-148-130
(15,40): 119-147-153
(15,41): 114-150-164
(15,42): 112-153-190
(15,43): 112-150-195
(15,44): 113-149-197
(15,45): 113-148-199
(15,46): 112-148-199
(15,47): 112-148-199
(15,48): 112-148-198
(15,49): 112-149-197
(15,50): 112-150-196
(15,51): 111-151-194
(15,52): 111-151-195
(15,53): 111-152-193
(15,54): 112-152-193
(15,55): 112-151-193
(15,56): 112-150-195
(15,57): 112-152-192
(15,58): 111-152-191
(15,59): 112-152-192
(15,60): 111-151-193
(15,61): 112-151-194
(15,62): 112-151-194
(15,63): 113-152-192
(15,64): 114-150-195
(15,65): 115-153-190
(15,66): 116-153-190
(15,67): 116-153-187
(15,68): 117-153-186
(15,69): 119-150-178
(15,70): 121-148-171
(15,71): 125-144-160
(15,72): 128-141-152
(15,73): 132-140-153
(15,74): 134-138-147
(15,75): 135-137-151
(15,76): 136-136-150
(15,77): 136-137-153
(15,78): 135-137-154
(15,79): 136-137-153
(15,80): 135-136-153
(15,81): 136-136-151
(15,82): 136-136-152
(15,83): 136-136-152
(15,84): 136-136-151
(15,85): 137-136-151
(15,86): 136-135-151
(15,87): 137-135-150
(15,88): 136-135-151
(15,89): 137-135-150
(15,90): 136-134-151
(15,91): 137-135-149
(15,92): 137-134-151
(15,93): 138-134-149
(15,94): 137-133-151
(15,95): 138-134-150
(15,96): 137-134-151
(15,97): 137-135-150
(15,98): 137-135-150
(15,99): 137-136-150
(15,100): 136-136-149
(15,101): 136-137-150
(15,102): 135-136-147
(15,103): 135-137-146
(15,104): 134-137-146
(15,105): 134-139-149
(15,106): 135-138-146
(15,107): 134-139-147
(15,108): 133-138-143
(15,109): 133-137-144
(15,110): 133-137-144
(15,111): 131-138-151
(15,112): 132-138-145
(15,113): 133-137-146
(15,114): 133-137-147
(15,115): 135-137-149
(15,116): 135-136-147
(15,117): 135-136-147
(15,118): 135-135-148
(15,119): 135-136-146
(15,120): 134-134-144
(15,121): 134-137-139
(15,122): 132-138-128
(15,123): 130-138-132
(15,124): 127-138-136
(15,125): 130-132-120
(15,126): 135-126-105
(15,127): 139-120-96
(16,0): 113-141-85
(16,1): 111-143-98
(16,2): 114-141-112
(16,3): 115-143-114
(16,4): 115-145-116
(16,5): 113-145-115
(16,6): 113-145-119
(16,7): 111-145-125
(16,8): 110-146-121
(16,9): 109-147-121
(16,10): 111-147-123
(16,11): 113-146-122
(16,12): 115-146-123
(16,13): 116-143-130
(16,14): 117-143-129
(16,15): 118-143-130
(16,16): 118-145-129
(16,17): 117-144-132
(16,18): 117-146-130
(16,19): 118-145-134
(16,20): 117-148-137
(16,21): 116-148-143
(16,22): 117-147-146
(16,23): 118-147-148
(16,24): 119-146-152
(16,25): 120-145-148
(16,26): 122-144-139
(16,27): 126-144-139
(16,28): 127-144-131
(16,29): 125-145-116
(16,30): 122-148-91
(16,31): 122-149-86
(16,32): 124-151-87
(16,33): 122-152-83
(16,34): 124-152-80
(16,35): 124-151-80
(16,36): 125-151-85
(16,37): 125-151-93
(16,38): 127-150-99
(16,39): 124-148-99
(16,40): 115-152-105
(16,41): 114-149-143
(16,42): 117-148-180
(16,43): 116-151-188
(16,44): 115-148-198
(16,45): 114-149-198
(16,46): 113-149-198
(16,47): 113-148-199
(16,48): 112-149-198
(16,49): 113-149-197
(16,50): 112-150-196
(16,51): 111-150-196
(16,52): 110-152-193
(16,53): 112-152-191
(16,54): 111-152-191
(16,55): 113-151-192
(16,56): 113-152-192
(16,57): 114-152-192
(16,58): 113-152-191
(16,59): 113-153-190
(16,60): 112-153-191
(16,61): 113-153-190
(16,62): 113-152-192
(16,63): 115-153-189
(16,64): 116-153-191
(16,65): 117-154-183
(16,66): 119-152-192
(16,67): 119-151-183
(16,68): 117-150-179
(16,69): 121-150-178
(16,70): 123-146-185
(16,71): 123-146-167
(16,72): 125-143-150
(16,73): 131-139-149
(16,74): 134-139-146
(16,75): 135-137-151
(16,76): 134-139-147
(16,77): 135-138-154
(16,78): 135-140-153
(16,79): 134-138-155
(16,80): 134-138-152
(16,81): 134-137-155
(16,82): 135-138-152
(16,83): 135-137-155
(16,84): 135-138-152
(16,85): 136-136-155
(16,86): 135-137-151
(16,87): 135-136-153
(16,88): 136-137-152
(16,89): 136-135-152
(16,90): 136-137-151
(16,91): 136-135-151
(16,92): 136-136-152
(16,93): 137-134-151
(16,94): 137-136-152
(16,95): 136-134-152
(16,96): 136-136-153
(16,97): 136-136-155
(16,98): 136-137-155
(16,99): 136-137-156
(16,100): 136-138-156
(16,101): 135-138-156
(16,102): 134-138-155
(16,103): 134-138-155
(16,104): 135-139-155
(16,105): 135-138-156
(16,106): 135-138-156
(16,107): 134-138-155
(16,108): 134-139-153
(16,109): 133-139-154
(16,110): 133-139-155
(16,111): 133-139-157
(16,112): 133-139-156
(16,113): 132-140-157
(16,114): 133-139-157
(16,115): 134-139-156
(16,116): 134-139-155
(16,117): 133-138-154
(16,118): 134-137-155
(16,119): 134-137-152
(16,120): 134-138-149
(16,121): 133-138-147
(16,122): 132-139-144
(16,123): 130-139-144
(16,124): 130-136-145
(16,125): 131-134-134
(16,126): 136-125-123
(16,127): 141-120-112
(17,0): 114-142-97
(17,1): 111-141-102
(17,2): 115-141-114
(17,3): 115-143-116
(17,4): 114-144-110
(17,5): 113-144-110
(17,6): 109-144-112
(17,7): 109-144-113
(17,8): 107-145-114
(17,9): 109-144-113
(17,10): 110-145-119
(17,11): 113-145-120
(17,12): 113-144-121
(17,13): 115-143-123
(17,14): 114-143-125
(17,15): 115-144-127
(17,16): 114-145-129
(17,17): 116-146-127
(17,18): 115-147-128
(17,19): 116-148-133
(17,20): 115-148-135
(17,21): 115-149-140
(17,22): 114-149-145
(17,23): 116-148-147
(17,24): 117-148-147
(17,25): 119-146-144
(17,26): 121-146-138
(17,27): 121-147-134
(17,28): 121-147-113
(17,29): 123-146-91
(17,30): 121-150-85
(17,31): 124-151-85
(17,32): 123-151-84
(17,33): 124-151-83
(17,34): 124-152-80
(17,35): 126-151-80
(17,36): 125-150-84
(17,37): 125-151-91
(17,38): 123-151-93
(17,39): 124-149-89
(17,40): 119-148-100
(17,41): 120-147-115
(17,42): 119-147-146
(17,43): 116-150-177
(17,44): 116-150-191
(17,45): 113-149-195
(17,46): 114-149-198
(17,47): 113-148-199
(17,48): 113-148-199
(17,49): 112-149-198
(17,50): 112-149-197
(17,51): 112-150-195
(17,52): 111-152-191
(17,53): 112-154-188
(17,54): 112-154-189
(17,55): 113-154-187
(17,56): 114-155-185
(17,57): 114-154-185
(17,58): 113-155-186
(17,59): 114-155-184
(17,60): 113-156-184
(17,61): 114-154-180
(17,62): 114-154-184
(17,63): 115-153-183
(17,64): 117-154-186
(17,65): 118-152-181
(17,66): 119-152-185
(17,67): 120-150-177
(17,68): 121-148-178
(17,69): 121-148-167
(17,70): 122-148-164
(17,71): 124-145-151
(17,72): 125-143-144
(17,73): 130-140-135
(17,74): 133-136-133
(17,75): 135-140-146
(17,76): 135-142-151
(17,77): 134-143-156
(17,78): 133-143-156
(17,79): 133-141-161
(17,80): 133-140-160
(17,81): 134-140-160
(17,82): 134-140-158
(17,83): 135-140-161
(17,84): 135-139-160
(17,85): 135-139-162
(17,86): 135-139-161
(17,87): 135-139-160
(17,88): 135-139-160
(17,89): 136-138-161
(17,90): 136-138-162
(17,91): 136-138-160
(17,92): 136-137-163
(17,93): 136-137-162
(17,94): 136-137-163
(17,95): 136-137-161
(17,96): 135-137-164
(17,97): 135-137-163
(17,98): 135-138-164
(17,99): 135-139-163
(17,100): 135-139-163
(17,101): 135-139-161
(17,102): 135-140-163
(17,103): 135-140-162
(17,104): 135-139-161
(17,105): 135-139-161
(17,106): 135-139-160
(17,107): 134-139-162
(17,108): 134-139-160
(17,109): 133-139-161
(17,110): 133-139-160
(17,111): 133-139-161
(17,112): 133-141-161
(17,113): 132-140-162
(17,114): 133-140-161
(17,115): 133-139-160
(17,116): 133-139-161
(17,117): 133-139-160
(17,118): 133-138-160
(17,119): 134-139-158
(17,120): 133-138-154
(17,121): 132-139-154
(17,122): 131-140-152
(17,123): 131-139-147
(17,124): 134-136-144
(17,125): 132-134-144
(17,126): 139-126-121
(17,127): 138-122-107
(18,0): 113-141-84
(18,1): 111-145-93
(18,2): 115-142-110
(18,3): 113-143-106
(18,4): 112-143-108
(18,5): 111-142-112
(18,6): 110-143-109
(18,7): 108-143-110
(18,8): 108-144-110
(18,9): 108-144-115
(18,10): 109-144-116
(18,11): 112-143-117
(18,12): 112-144-118
(18,13): 113-143-120
(18,14): 113-144-121
(18,15): 113-145-125
(18,16): 114-147-127
(18,17): 114-148-129
(18,18): 114-149-132
(18,19): 114-150-135
(18,20): 114-149-138
(18,21): 114-150-142
(18,22): 114-149-147
(18,23): 115-150-145
(18,24): 117-148-146
(18,25): 119-149-143
(18,26): 120-147-140
(18,27): 118-149-122
(18,28): 118-150-97
(18,29): 121-150-90
(18,30): 124-152-87
(18,31): 123-151-85
(18,32): 123-152-82
(18,33): 123-150-84
(18,34): 124-151-83
(18,35): 124-150-84
(18,36): 125-151-84
(18,37): 125-149-85
(18,38): 123-151-85
(18,39): 122-151-91
(18,40): 123-150-99
(18,41): 121-147-101
(18,42): 115-151-103
(18,43): 118-147-143
(18,44): 119-147-175
(18,45): 117-150-187
(18,46): 116-148-199
(18,47): 114-150-195
(18,48): 112-150-195
(18,49): 113-149-198
(18,50): 112-150-195
(18,51): 113-151-194
(18,52): 112-155-187
(18,53): 112-157-179
(18,54): 115-157-179
(18,55): 116-156-175
(18,56): 117-155-171
(18,57): 118-155-171
(18,58): 119-155-174
(18,59): 117-157-169
(18,60): 118-155-171
(18,61): 116-157-166
(18,62): 118-154-168
(18,63): 118-155-163
(18,64): 120-153-166
(18,65): 120-153-158
(18,66): 121-152-156
(18,67): 122-150-149
(18,68): 124-149-151
(18,69): 123-147-140
(18,70): 122-148-134
(18,71): 123-145-133
(18,72): 126-145-133
(18,73): 127-139-127
(18,74): 127-143-115
(18,75): 133-140-139
(18,76): 134-145-159
(18,77): 132-148-166
(18,78): 133-145-170
(18,79): 132-145-173
(18,80): 132-143-172
(18,81): 132-144-173
(18,82): 133-143-172
(18,83): 134-143-172
(18,84): 134-142-171
(18,85): 134-142-171
(18,86): 134-142-171
(18,87): 134-142-171
(18,88): 135-141-171
(18,89): 135-141-169
(18,90): 135-140-168
(18,91): 135-141-164
(18,92): 135-140-167
(18,93): 135-140-166
(18,94): 135-140-168
(18,95): 135-140-166
(18,96): 135-140-168
(18,97): 135-140-167
(18,98): 135-140-168
(18,99): 135-140-166
(18,100): 135-141-167
(18,101): 134-141-165
(18,102): 134-141-166
(18,103): 135-141-163
(18,104): 135-140-165
(18,105): 135-140-164
(18,106): 135-139-163
(18,107): 135-139-163
(18,108): 135-140-164
(18,109): 133-140-164
(18,110): 133-141-163
(18,111): 132-141-164
(18,112): 133-141-165
(18,113): 133-141-164
(18,114): 134-141-163
(18,115): 133-140-163
(18,116): 133-140-165
(18,117): 133-139-162
(18,118): 133-139-162
(18,119): 133-139-161
(18,120): 133-139-160
(18,121): 132-140-159
(18,122): 132-139-155
(18,123): 131-139-142
(18,124): 130-137-144
(18,125): 129-134-142
(18,126): 132-127-126
(18,127): 133-124-106
(19,0): 116-140-96
(19,1): 112-141-99
(19,2): 113-142-107
(19,3): 112-141-105
(19,4): 111-142-110
(19,5): 111-142-109
(19,6): 110-143-108
(19,7): 110-143-108
(19,8): 109-143-111
(19,9): 110-143-114
(19,10): 111-142-114
(19,11): 112-143-114
(19,12): 112-143-118
(19,13): 112-143-119
(19,14): 112-144-121
(19,15): 113-146-121
(19,16): 113-148-122
(19,17): 113-149-128
(19,18): 112-150-130
(19,19): 113-149-132
(19,20): 113-149-137
(19,21): 114-149-140
(19,22): 114-150-144
(19,23): 114-149-143
(19,24): 117-147-143
(19,25): 116-149-142
(19,26): 116-149-123
(19,27): 118-148-101
(19,28): 118-150-93
(19,29): 122-152-90
(19,30): 122-151-84
(19,31): 124-151-83
(19,32): 123-150-83
(19,33): 124-150-84
(19,34): 124-151-84
(19,35): 124-151-86
(19,36): 124-151-87
(19,37): 125-150-85
(19,38): 123-150-86
(19,39): 124-151-86
(19,40): 123-151-91
(19,41): 124-150-98
(19,42): 119-147-99
(19,43): 121-146-108
(19,44): 118-148-140
(19,45): 116-149-172
(19,46): 116-150-185
(19,47): 113-151-190
(19,48): 114-152-193
(19,49): 113-151-194
(19,50): 113-150-195
(19,51): 113-152-191
(19,52): 113-157-183
(19,53): 115-158-167
(19,54): 115-159-157
(19,55): 119-156-157
(19,56): 121-155-151
(19,57): 122-155-152
(19,58): 122-153-145
(19,59): 121-153-145
(19,60): 121-153-144
(19,61): 120-154-147
(19,62): 121-153-146
(19,63): 120-154-146
(19,64): 121-153-144
(19,65): 122-154-143
(19,66): 122-153-140
(19,67): 122-153-140
(19,68): 123-151-139
(19,69): 124-151-138
(19,70): 124-149-138
(19,71): 124-151-133
(19,72): 124-150-134
(19,73): 126-148-127
(19,74): 127-145-139
(19,75): 131-150-138
(19,76): 129-154-157
(19,77): 130-150-169
(19,78): 133-148-167
(19,79): 131-146-176
(19,80): 132-145-175
(19,81): 132-145-177
(19,82): 132-144-176
(19,83): 132-143-176
(19,84): 133-144-173
(19,85): 133-143-174
(19,86): 134-143-173
(19,87): 133-143-175
(19,88): 134-142-173
(19,89): 134-142-173
(19,90): 134-142-171
(19,91): 134-142-171
(19,92): 134-142-171
(19,93): 133-142-170
(19,94): 133-142-171
(19,95): 134-142-171
(19,96): 134-141-171
(19,97): 134-142-171
(19,98): 134-141-171
(19,99): 134-141-171
(19,100): 134-141-171
(19,101): 134-142-169
(19,102): 134-143-168
(19,103): 134-142-164
(19,104): 134-141-166
(19,105): 134-140-165
(19,106): 134-139-163
(19,107): 134-140-163
(19,108): 133-140-163
(19,109): 132-141-163
(19,110): 132-142-163
(19,111): 132-142-163
(19,112): 132-141-163
(19,113): 133-141-164
(19,114): 133-141-164
(19,115): 133-141-166
(19,116): 133-140-166
(19,117): 133-139-165
(19,118): 133-139-164
(19,119): 132-139-162
(19,120): 132-140-160
(19,121): 131-140-160
(19,122): 130-141-153
(19,123): 127-141-150
(19,124): 126-138-144
(19,125): 124-136-129
(19,126): 125-132-103
(19,127): 128-123-80
(20,0): 114-140-77
(20,1): 114-142-83
(20,2): 114-141-99
(20,3): 112-141-105
(20,4): 112-141-108
(20,5): 112-141-108
(20,6): 111-143-107
(20,7): 111-142-111
(20,8): 111-143-114
(20,9): 109-143-111
(20,10): 110-143-109
(20,11): 111-143-110
(20,12): 111-142-115
(20,13): 111-143-118
(20,14): 111-145-118
(20,15): 112-146-123
(20,16): 112-148-126
(20,17): 111-150-129
(20,18): 113-149-134
(20,19): 113-149-135
(20,20): 114-149-134
(20,21): 114-149-135
(20,22): 114-148-141
(20,23): 114-148-138
(20,24): 115-147-134
(20,25): 116-147-128
(20,26): 115-149-112
(20,27): 116-150-103
(20,28): 119-152-93
(20,29): 122-150-89
(20,30): 123-152-84
(20,31): 123-150-84
(20,32): 123-151-83
(20,33): 123-151-85
(20,34): 124-151-85
(20,35): 124-151-86
(20,36): 124-151-86
(20,37): 124-151-84
(20,38): 124-151-85
(20,39): 123-151-84
(20,40): 123-152-84
(20,41): 123-150-91
(20,42): 123-150-98
(20,43): 119-149-99
(20,44): 117-152-103
(20,45): 121-147-138
(20,46): 120-150-158
(20,47): 118-152-181
(20,48): 117-151-194
(20,49): 115-155-188
(20,50): 114-155-187
(20,51): 115-155-186
(20,52): 116-157-183
(20,53): 118-159-166
(20,54): 120-158-153
(20,55): 121-155-148
(20,56): 123-153-141
(20,57): 125-150-131
(20,58): 124-149-126
(20,59): 124-147-127
(20,60): 123-148-128
(20,61): 123-149-129
(20,62): 123-150-129
(20,63): 122-151-130
(20,64): 121-153-126
(20,65): 121-154-130
(20,66): 120-156-125
(20,67): 120-155-131
(20,68): 117-159-120
(20,69): 119-156-132
(20,70): 119-158-129
(20,71): 120-157-130
(20,72): 119-159-128
(20,73): 120-158-117
(20,74): 123-159-126
(20,75): 126-160-124
(20,76): 130-158-154
(20,77): 128-155-167
(20,78): 128-151-169
(20,79): 130-147-182
(20,80): 131-145-180
(20,81): 132-145-178
(20,82): 132-144-178
(20,83): 132-144-177
(20,84): 132-143-177
(20,85): 132-143-176
(20,86): 133-143-176
(20,87): 133-143-173
(20,88): 133-143-171
(20,89): 133-143-171
(20,90): 132-143-173
(20,91): 132-144-171
(20,92): 131-144-170
(20,93): 131-144-170
(20,94): 131-144-170
(20,95): 132-143-171
(20,96): 132-143-171
(20,97): 132-142-169
(20,98): 133-142-170
(20,99): 134-142-170
(20,100): 134-142-170
(20,101): 133-143-167
(20,102): 134-142-168
(20,103): 133-143-161
(20,104): 133-142-161
(20,105): 132-140-159
(20,106): 132-140-159
(20,107): 131-140-158
(20,108): 131-141-157
(20,109): 131-141-162
(20,110): 132-142-164
(20,111): 131-142-162
(20,112): 131-142-160
(20,113): 132-140-162
(20,114): 133-141-165
(20,115): 132-140-164
(20,116): 133-139-166
(20,117): 133-139-165
(20,118): 132-138-165
(20,119): 131-139-161
(20,120): 131-140-160
(20,121): 131-140-154
(20,122): 128-140-150
(20,123): 125-140-146
(20,124): 123-137-144
(20,125): 119-139-126
(20,126): 121-132-111
(20,127): 123-127-98
(21,0): 117-139-89
(21,1): 113-140-92
(21,2): 115-140-99
(21,3): 113-140-104
(21,4): 113-141-107
(21,5): 113-142-110
(21,6): 113-141-110
(21,7): 112-143-112
(21,8): 111-143-114
(21,9): 110-143-109
(21,10): 110-142-111
(21,11): 112-142-112
(21,12): 111-141-115
(21,13): 112-142-114
(21,14): 111-145-117
(21,15): 113-146-121
(21,16): 111-147-124
(21,17): 112-148-126
(21,18): 113-150-131
(21,19): 114-149-137
(21,20): 116-147-137
(21,21): 116-147-135
(21,22): 115-147-136
(21,23): 114-147-131
(21,24): 114-147-122
(21,25): 116-147-106
(21,26): 115-150-101
(21,27): 119-151-96
(21,28): 121-152-88
(21,29): 122-151-86
(21,30): 122-151-84
(21,31): 123-151-84
(21,32): 123-151-84
(21,33): 124-151-84
(21,34): 124-151-85
(21,35): 124-151-87
(21,36): 124-151-86
(21,37): 124-151-86
(21,38): 123-151-87
(21,39): 124-151-85
(21,40): 123-150-84
(21,41): 123-150-85
(21,42): 123-150-91
(21,43): 123-151-97
(21,44): 122-148-96
(21,45): 124-150-101
(21,46): 122-152-114
(21,47): 121-154-150
(21,48): 120-153-171
(21,49): 115-156-179
(21,50): 117-159-180
(21,51): 116-160-178
(21,52): 119-160-178
(21,53): 120-159-170
(21,54): 125-155-147
(21,55): 126-154-135
(21,56): 126-151-129
(21,57): 127-148-118
(21,58): 128-143-118
(21,59): 128-144-112
(21,60): 127-143-116
(21,61): 126-145-107
(21,62): 125-147-108
(21,63): 125-150-107
(21,64): 123-152-106
(21,65): 122-157-107
(21,66): 119-160-102
(21,67): 119-164-109
(21,68): 115-168-108
(21,69): 116-167-121
(21,70): 116-167-130
(21,71): 115-168-136
(21,72): 116-167-145
(21,73): 117-169-131
(21,74): 118-168-145
(21,75): 124-166-136
(21,76): 124-164-146
(21,77): 125-158-166
(21,78): 126-155-173
(21,79): 127-151-179
(21,80): 130-148-177
(21,81): 130-147-179
(21,82): 131-144-176
(21,83): 131-144-176
(21,84): 131-143-175
(21,85): 130-144-176
(21,86): 131-144-173
(21,87): 130-145-174
(21,88): 131-145-169
(21,89): 129-146-171
(21,90): 129-146-169
(21,91): 127-146-171
(21,92): 128-146-169
(21,93): 127-147-171
(21,94): 129-146-169
(21,95): 127-147-174
(21,96): 129-144-171
(21,97): 130-144-170
(21,98): 131-143-171
(21,99): 132-143-172
(21,100): 132-143-170
(21,101): 131-143-169
(21,102): 132-142-169
(21,103): 131-143-166
(21,104): 131-142-158
(21,105): 130-142-154
(21,106): 129-140-156
(21,107): 129-141-154
(21,108): 129-142-155
(21,109): 128-143-160
(21,110): 130-142-158
(21,111): 130-143-158
(21,112): 131-142-158
(21,113): 132-142-162
(21,114): 132-141-165
(21,115): 131-141-165
(21,116): 131-140-164
(21,117): 130-139-167
(21,118): 131-137-166
(21,119): 130-139-163
(21,120): 130-140-158
(21,121): 128-140-150
(21,122): 126-140-139
(21,123): 123-138-131
(21,124): 119-137-128
(21,125): 117-134-113
(21,126): 118-131-96
(21,127): 122-123-74
(22,0): 113-140-71
(22,1): 112-141-79
(22,2): 115-140-95
(22,3): 114-141-100
(22,4): 113-141-104
(22,5): 112-142-107
(22,6): 112-142-112
(22,7): 111-143-108
(22,8): 110-144-109
(22,9): 110-143-107
(22,10): 111-142-111
(22,11): 112-141-112
(22,12): 111-142-109
(22,13): 113-142-114
(22,14): 114-144-118
(22,15): 113-145-118
(22,16): 112-147-122
(22,17): 111-148-130
(22,18): 113-148-134
(22,19): 114-149-133
(22,20): 116-147-135
(22,21): 117-146-134
(22,22): 115-146-128
(22,23): 114-147-120
(22,24): 114-149-106
(22,25): 115-150-95
(22,26): 119-152-90
(22,27): 121-151-88
(22,28): 122-152-87
(22,29): 122-152-86
(22,30): 122-152-83
(22,31): 122-151-83
(22,32): 123-152-84
(22,33): 123-152-84
(22,34): 124-152-85
(22,35): 124-151-87
(22,36): 124-152-86
(22,37): 123-152-86
(22,38): 123-152-86
(22,39): 122-151-85
(22,40): 122-151-85
(22,41): 121-151-83
(22,42): 121-152-84
(22,43): 121-152-90
(22,44): 123-153-93
(22,45): 120-154-95
(22,46): 123-157-93
(22,47): 123-154-111
(22,48): 121-156-135
(22,49): 117-159-161
(22,50): 120-158-177
(22,51): 119-164-168
(22,52): 122-159-175
(22,53): 123-158-161
(22,54): 123-156-140
(22,55): 126-153-116
(22,56): 127-150-109
(22,57): 125-147-88
(22,58): 126-146-78
(22,59): 128-142-73
(22,60): 127-146-73
(22,61): 126-144-74
(22,62): 125-150-78
(22,63): 124-150-86
(22,64): 123-155-88
(22,65): 120-159-96
(22,66): 118-165-98
(22,67): 115-170-113
(22,68): 118-171-127
(22,69): 113-176-132
(22,70): 112-175-139
(22,71): 110-179-131
(22,72): 111-176-145
(22,73): 110-180-125
(22,74): 117-173-155
(22,75): 121-171-146
(22,76): 120-167-153
(22,77): 122-161-176
(22,78): 124-157-182
(22,79): 125-156-176
(22,80): 127-150-172
(22,81): 129-147-173
(22,82): 128-145-169
(22,83): 128-144-170
(22,84): 128-144-169
(22,85): 128-144-168
(22,86): 127-145-167
(22,87): 126-146-167
(22,88): 125-146-166
(22,89): 123-148-161
(22,90): 122-149-161
(22,91): 122-149-165
(22,92): 122-149-167
(22,93): 120-150-165
(22,94): 120-149-169
(22,95): 120-149-167
(22,96): 123-148-167
(22,97): 124-146-167
(22,98): 128-145-168
(22,99): 130-143-169
(22,100): 129-144-167
(22,101): 130-143-165
(22,102): 128-143-164
(22,103): 127-142-159
(22,104): 126-142-154
(22,105): 127-142-144
(22,106): 125-143-142
(22,107): 125-142-150
(22,108): 125-143-153
(22,109): 124-144-152
(22,110): 125-144-152
(22,111): 127-143-151
(22,112): 130-142-158
(22,113): 131-142-157
(22,114): 130-141-161
(22,115): 129-140-160
(22,116): 128-140-159
(22,117): 127-139-158
(22,118): 127-139-153
(22,119): 129-138-155
(22,120): 130-137-158
(22,121): 129-138-145
(22,122): 126-137-136
(22,123): 123-135-120
(22,124): 118-135-114
(22,125): 115-132-112
(22,126): 118-128-98
(22,127): 122-125-83
(23,0): 115-140-82
(23,1): 113-140-80
(23,2): 113-140-92
(23,3): 114-141-99
(23,4): 113-142-102
(23,5): 112-142-108
(23,6): 111-142-117
(23,7): 111-143-113
(23,8): 111-144-112
(23,9): 111-143-108
(23,10): 111-141-109
(23,11): 113-141-110
(23,12): 113-141-112
(23,13): 114-142-116
(23,14): 114-143-119
(23,15): 114-145-120
(23,16): 114-147-124
(23,17): 113-148-127
(23,18): 112-149-132
(23,19): 114-147-130
(23,20): 116-147-133
(23,21): 117-147-135
(23,22): 118-144-126
(23,23): 117-146-111
(23,24): 117-148-101
(23,25): 120-150-92
(23,26): 120-151-85
(23,27): 123-152-86
(23,28): 122-152-85
(23,29): 122-152-83
(23,30): 122-151-83
(23,31): 122-151-82
(23,32): 121-152-83
(23,33): 122-152-83
(23,34): 122-151-84
(23,35): 123-152-86
(23,36): 122-151-84
(23,37): 122-152-86
(23,38): 121-151-83
(23,39): 121-150-88
(23,40): 120-149-91
(23,41): 121-150-89
(23,42): 120-151-84
(23,43): 122-152-83
(23,44): 122-153-86
(23,45): 123-153-93
(23,46): 122-152-97
(23,47): 125-154-97
(23,48): 124-155-109
(23,49): 122-159-135
(23,50): 122-160-158
(23,51): 119-164-159
(23,52): 122-163-155
(23,53): 120-161-150
(23,54): 123-158-146
(23,55): 124-154-119
(23,56): 124-147-104
(23,57): 127-146-73
(23,58): 125-145-69
(23,59): 128-145-60
(23,60): 126-144-66
(23,61): 127-147-66
(23,62): 125-148-77
(23,63): 125-153-80
(23,64): 123-154-85
(23,65): 122-161-90
(23,66): 118-166-95
(23,67): 117-170-105
(23,68): 114-176-114
(23,69): 112-178-132
(23,70): 109-180-144
(23,71): 107-179-138
(23,72): 106-175-152
(23,73): 109-180-135
(23,74): 113-171-160
(23,75): 116-170-161
(23,76): 119-170-161
(23,77): 120-166-167
(23,78): 121-165-169
(23,79): 123-157-167
(23,80): 124-152-160
(23,81): 126-148-161
(23,82): 125-145-159
(23,83): 124-145-162
(23,84): 123-145-161
(23,85): 123-144-161
(23,86): 122-145-155
(23,87): 122-146-152
(23,88): 118-146-147
(23,89): 118-148-145
(23,90): 115-151-150
(23,91): 116-150-155
(23,92): 113-151-156
(23,93): 113-150-157
(23,94): 111-152-162
(23,95): 113-150-156
(23,96): 115-151-162
(23,97): 120-148-165
(23,98): 123-146-167
(23,99): 126-147-169
(23,100): 127-146-165
(23,101): 125-146-162
(23,102): 124-144-155
(23,103): 123-142-149
(23,104): 121-143-150
(23,105): 123-143-140
(23,106): 122-144-135
(23,107): 123-145-142
(23,108): 120-146-145
(23,109): 120-144-141
(23,110): 121-144-148
(23,111): 123-142-148
(23,112): 127-141-152
(23,113): 126-142-157
(23,114): 127-141-156
(23,115): 124-142-155
(23,116): 123-143-149
(23,117): 123-141-143
(23,118): 124-140-145
(23,119): 126-139-148
(23,120): 128-136-143
(23,121): 126-136-142
(23,122): 125-133-137
(23,123): 121-135-124
(23,124): 119-133-114
(23,125): 116-130-103
(23,126): 119-127-93
(23,127): 123-122-74
(24,0): 115-140-67
(24,1): 111-142-69
(24,2): 114-140-86
(24,3): 115-141-98
(24,4): 115-141-107
(24,5): 111-143-110
(24,6): 111-142-114
(24,7): 111-144-108
(24,8): 112-143-114
(24,9): 111-143-109
(24,10): 111-142-105
(24,11): 113-141-111
(24,12): 115-141-113
(24,13): 115-141-116
(24,14): 115-143-116
(24,15): 114-145-120
(24,16): 115-146-127
(24,17): 114-148-123
(24,18): 115-147-131
(24,19): 115-147-131
(24,20): 117-147-131
(24,21): 117-147-125
(24,22): 116-146-117
(24,23): 117-147-109
(24,24): 119-149-99
(24,25): 119-150-92
(24,26): 121-152-85
(24,27): 122-151-83
(24,28): 123-152-84
(24,29): 121-152-83
(24,30): 121-152-81
(24,31): 122-152-81
(24,32): 121-152-82
(24,33): 122-152-81
(24,34): 121-152-82
(24,35): 121-152-84
(24,36): 121-152-84
(24,37): 120-151-90
(24,38): 119-151-90
(24,39): 118-150-96
(24,40): 117-149-95
(24,41): 119-149-98
(24,42): 119-151-91
(24,43): 119-152-87
(24,44): 120-154-85
(24,45): 121-153-87
(24,46): 122-155-91
(24,47): 121-154-100
(24,48): 121-158-99
(24,49): 120-160-110
(24,50): 119-162-133
(24,51): 117-165-127
(24,52): 120-165-131
(24,53): 117-167-117
(24,54): 122-159-128
(24,55): 121-157-90
(24,56): 120-154-67
(24,57): 123-148-59
(24,58): 124-149-56
(24,59): 123-147-57
(24,60): 123-150-58
(24,61): 123-150-64
(24,62): 123-153-72
(24,63): 122-155-75
(24,64): 121-158-80
(24,65): 119-162-89
(24,66): 120-166-100
(24,67): 117-171-105
(24,68): 115-174-111
(24,69): 112-179-123
(24,70): 112-180-144
(24,71): 107-185-130
(24,72): 107-183-139
(24,73): 108-182-124
(24,74): 110-180-144
(24,75): 114-177-147
(24,76): 117-174-154
(24,77): 118-173-150
(24,78): 121-167-161
(24,79): 121-160-164
(24,80): 123-153-150
(24,81): 124-149-152
(24,82): 121-147-146
(24,83): 119-146-148
(24,84): 119-145-150
(24,85): 118-145-150
(24,86): 118-146-141
(24,87): 118-144-137
(24,88): 114-147-130
(24,89): 113-148-142
(24,90): 115-150-150
(24,91): 112-151-150
(24,92): 110-151-148
(24,93): 108-151-156
(24,94): 108-152-157
(24,95): 108-153-156
(24,96): 112-153-159
(24,97): 114-151-160
(24,98): 118-150-158
(24,99): 121-149-156
(24,100): 121-148-159
(24,101): 120-147-148
(24,102): 119-148-139
(24,103): 118-145-134
(24,104): 118-145-132
(24,105): 118-144-133
(24,106): 119-146-132
(24,107): 118-147-131
(24,108): 117-147-136
(24,109): 116-146-135
(24,110): 118-144-138
(24,111): 120-141-138
(24,112): 119-141-138
(24,113): 120-141-136
(24,114): 119-142-140
(24,115): 118-145-136
(24,116): 118-144-139
(24,117): 115-146-134
(24,118): 120-140-143
(24,119): 120-138-133
(24,120): 122-135-124
(24,121): 124-131-121
(24,122): 120-133-119
(24,123): 117-133-114
(24,124): 116-133-113
(24,125): 114-132-102
(24,126): 117-127-90
(24,127): 124-123-83
(25,0): 117-139-69
(25,1): 114-139-73
(25,2): 115-137-90
(25,3): 115-139-102
(25,4): 114-140-105
(25,5): 112-141-112
(25,6): 111-142-116
(25,7): 111-143-108
(25,8): 111-144-109
(25,9): 113-142-107
(25,10): 113-141-111
(25,11): 114-141-112
(25,12): 115-141-113
(25,13): 116-142-116
(25,14): 116-142-116
(25,15): 116-143-120
(25,16): 115-144-128
(25,17): 116-145-125
(25,18): 117-145-129
(25,19): 117-146-132
(25,20): 117-147-128
(25,21): 116-145-120
(25,22): 117-146-117
(25,23): 119-148-108
(25,24): 119-149-98
(25,25): 121-150-93
(25,26): 121-151-87
(25,27): 123-152-84
(25,28): 122-152-82
(25,29): 122-152-82
(25,30): 122-151-83
(25,31): 122-152-82
(25,32): 121-152-83
(25,33): 121-152-81
(25,34): 120-152-82
(25,35): 121-151-82
(25,36): 119-152-82
(25,37): 119-152-87
(25,38): 117-152-91
(25,39): 117-150-95
(25,40): 117-150-96
(25,41): 117-149-98
(25,42): 118-149-95
(25,43): 118-151-95
(25,44): 117-152-93
(25,45): 120-153-86
(25,46): 120-155-86
(25,47): 122-155-100
(25,48): 120-155-110
(25,49): 119-160-115
(25,50): 116-163-130
(25,51): 115-165-115
(25,52): 114-167-120
(25,53): 116-165-105
(25,54): 116-162-104
(25,55): 119-157-79
(25,56): 121-150-73
(25,57): 124-149-64
(25,58): 123-147-64
(25,59): 124-148-59
(25,60): 122-150-65
(25,61): 123-152-65
(25,62): 122-153-72
(25,63): 122-155-76
(25,64): 121-155-84
(25,65): 120-160-88
(25,66): 118-165-93
(25,67): 118-168-102
(25,68): 115-171-109
(25,69): 114-177-118
(25,70): 111-183-132
(25,71): 109-184-132
(25,72): 110-179-145
(25,73): 109-185-135
(25,74): 111-178-146
(25,75): 111-180-139
(25,76): 112-178-146
(25,77): 116-176-142
(25,78): 117-173-141
(25,79): 120-162-150
(25,80): 121-152-133
(25,81): 120-149-138
(25,82): 117-144-129
(25,83): 117-144-127
(25,84): 113-145-131
(25,85): 114-144-130
(25,86): 113-145-126
(25,87): 115-145-125
(25,88): 113-143-128
(25,89): 113-147-132
(25,90): 111-150-136
(25,91): 110-150-142
(25,92): 108-152-146
(25,93): 107-152-149
(25,94): 105-153-155
(25,95): 106-153-153
(25,96): 107-155-153
(25,97): 110-153-150
(25,98): 112-153-150
(25,99): 115-151-149
(25,100): 114-151-153
(25,101): 115-150-140
(25,102): 114-149-134
(25,103): 116-147-127
(25,104): 115-146-122
(25,105): 116-146-123
(25,106): 113-146-126
(25,107): 114-147-123
(25,108): 113-149-130
(25,109): 114-146-125
(25,110): 115-145-127
(25,111): 115-142-130
(25,112): 113-140-133
(25,113): 114-139-117
(25,114): 109-142-122
(25,115): 113-141-115
(25,116): 110-144-118
(25,117): 113-142-120
(25,118): 113-140-127
(25,119): 115-136-123
(25,120): 116-133-124
(25,121): 118-133-118
(25,122): 114-132-115
(25,123): 113-132-103
(25,124): 112-133-106
(25,125): 114-132-96
(25,126): 120-128-81
(25,127): 124-123-68
(26,0): 115-138-57
(26,1): 114-137-69
(26,2): 116-136-89
(26,3): 115-137-100
(26,4): 113-138-105
(26,5): 113-140-112
(26,6): 113-141-113
(26,7): 111-142-105
(26,8): 112-144-100
(26,9): 114-142-104
(26,10): 116-141-113
(26,11): 115-141-116
(26,12): 115-141-116
(26,13): 116-141-118
(26,14): 116-142-118
(26,15): 116-142-119
(26,16): 116-143-120
(26,17): 117-143-121
(26,18): 117-144-121
(26,19): 117-145-123
(26,20): 117-145-126
(26,21): 116-147-122
(26,22): 118-147-116
(26,23): 118-149-105
(26,24): 119-149-101
(26,25): 120-150-98
(26,26): 121-152-90
(26,27): 122-151-85
(26,28): 122-153-80
(26,29): 122-153-79
(26,30): 123-152-81
(26,31): 122-153-79
(26,32): 122-152-80
(26,33): 121-153-79
(26,34): 121-152-81
(26,35): 120-152-83
(26,36): 119-152-84
(26,37): 118-152-89
(26,38): 118-151-95
(26,39): 117-151-98
(26,40): 118-149-99
(26,41): 118-148-102
(26,42): 117-149-100
(26,43): 118-149-103
(26,44): 117-151-99
(26,45): 118-152-97
(26,46): 119-154-93
(26,47): 121-155-97
(26,48): 120-158-103
(26,49): 117-161-105
(26,50): 115-164-117
(26,51): 112-169-99
(26,52): 116-166-109
(26,53): 114-165-94
(26,54): 114-163-85
(26,55): 117-157-76
(26,56): 121-154-70
(26,57): 123-150-65
(26,58): 122-150-59
(26,59): 123-150-60
(26,60): 123-152-66
(26,61): 120-154-64
(26,62): 120-154-73
(26,63): 119-155-76
(26,64): 119-156-81
(26,65): 119-159-86
(26,66): 120-162-91
(26,67): 119-165-97
(26,68): 117-170-101
(26,69): 115-175-110
(26,70): 115-179-124
(26,71): 112-186-117
(26,72): 113-185-136
(26,73): 109-189-117
(26,74): 110-186-133
(26,75): 109-185-130
(26,76): 113-182-140
(26,77): 114-179-144
(26,78): 120-172-150
(26,79): 120-163-152
(26,80): 120-153-132
(26,81): 117-146-134
(26,82): 114-145-117
(26,83): 114-142-122
(26,84): 112-144-121
(26,85): 110-144-127
(26,86): 111-146-123
(26,87): 111-145-123
(26,88): 111-146-122
(26,89): 111-146-129
(26,90): 108-150-129
(26,91): 107-150-142
(26,92): 106-152-146
(26,93): 104-154-144
(26,94): 105-154-152
(26,95): 104-155-154
(26,96): 107-155-151
(26,97): 108-155-143
(26,98): 109-155-143
(26,99): 110-154-141
(26,100): 111-153-140
(26,101): 111-153-134
(26,102): 113-151-137
(26,103): 110-150-132
(26,104): 112-149-121
(26,105): 112-147-119
(26,106): 111-148-116
(26,107): 111-148-116
(26,108): 113-149-124
(26,109): 111-147-116
(26,110): 112-145-117
(26,111): 112-141-113
(26,112): 111-140-113
(26,113): 110-138-107
(26,114): 109-140-103
(26,115): 110-138-104
(26,116): 110-140-107
(26,117): 109-138-109
(26,118): 109-138-113
(26,119): 111-135-114
(26,120): 111-133-113
(26,121): 113-132-113
(26,122): 112-134-104
(26,123): 110-133-98
(26,124): 111-133-97
(26,125): 113-133-95
(26,126): 120-128-90
(26,127): 124-126-76
(27,0): 118-135-73
(27,1): 115-136-77
(27,2): 115-136-89
(27,3): 113-135-101
(27,4): 114-135-105
(27,5): 113-139-105
(27,6): 113-141-101
(27,7): 114-142-101
(27,8): 114-142-107
(27,9): 115-142-111
(27,10): 116-142-112
(27,11): 116-141-117
(27,12): 116-141-118
(27,13): 116-141-118
(27,14): 116-142-121
(27,15): 117-142-120
(27,16): 117-142-119
(27,17): 118-143-121
(27,18): 118-143-124
(27,19): 117-143-123
(27,20): 117-144-124
(27,21): 117-144-119
(27,22): 118-145-111
(27,23): 118-146-106
(27,24): 119-147-104
(27,25): 119-150-99
(27,26): 121-151-90
(27,27): 121-152-87
(27,28): 122-152-83
(27,29): 123-152-81
(27,30): 122-152-82
(27,31): 122-152-80
(27,32): 121-151-82
(27,33): 121-152-80
(27,34): 120-152-80
(27,35): 120-152-83
(27,36): 118-152-86
(27,37): 118-151-88
(27,38): 118-150-94
(27,39): 118-150-96
(27,40): 118-150-96
(27,41): 118-149-100
(27,42): 118-148-103
(27,43): 117-150-102
(27,44): 117-151-100
(27,45): 117-152-98
(27,46): 118-152-98
(27,47): 119-155-98
(27,48): 118-157-99
(27,49): 117-161-104
(27,50): 115-163-117
(27,51): 114-165-101
(27,52): 114-165-102
(27,53): 117-163-92
(27,54): 118-159-91
(27,55): 119-156-79
(27,56): 120-153-74
(27,57): 122-150-68
(27,58): 123-148-68
(27,59): 123-150-66
(27,60): 121-151-68
(27,61): 121-151-68
(27,62): 118-152-79
(27,63): 118-152-81
(27,64): 118-153-84
(27,65): 119-156-86
(27,66): 119-159-89
(27,67): 120-162-94
(27,68): 118-166-100
(27,69): 118-170-105
(27,70): 117-174-114
(27,71): 116-180-118
(27,72): 113-183-127
(27,73): 112-187-119
(27,74): 111-185-135
(27,75): 111-186-131
(27,76): 113-184-134
(27,77): 115-180-137
(27,78): 116-175-129
(27,79): 118-161-137
(27,80): 118-149-116
(27,81): 117-144-114
(27,82): 113-141-113
(27,83): 113-142-117
(27,84): 111-142-119
(27,85): 111-143-122
(27,86): 109-144-123
(27,87): 110-146-122
(27,88): 110-145-127
(27,89): 110-148-132
(27,90): 108-149-132
(27,91): 106-151-138
(27,92): 104-153-144
(27,93): 103-153-145
(27,94): 104-154-147
(27,95): 104-155-147
(27,96): 104-156-148
(27,97): 106-156-143
(27,98): 106-156-142
(27,99): 108-154-137
(27,100): 108-154-135
(27,101): 109-153-135
(27,102): 108-151-133
(27,103): 109-149-126
(27,104): 109-148-122
(27,105): 111-148-121
(27,106): 110-147-123
(27,107): 111-148-118
(27,108): 110-150-123
(27,109): 111-147-118
(27,110): 109-144-121
(27,111): 110-141-107
(27,112): 110-139-105
(27,113): 112-138-102
(27,114): 111-136-101
(27,115): 111-136-101
(27,116): 108-137-106
(27,117): 109-136-103
(27,118): 107-136-109
(27,119): 108-135-105
(27,120): 108-135-106
(27,121): 110-134-100
(27,122): 109-134-97
(27,123): 111-134-95
(27,124): 112-133-96
(27,125): 114-132-89
(27,126): 119-129-76
(27,127): 123-124-66
(28,0): 116-135-62
(28,1): 115-136-70
(28,2): 114-134-88
(28,3): 113-135-103
(28,4): 113-136-98
(28,5): 114-137-97
(28,6): 114-141-99
(28,7): 114-142-102
(28,8): 116-141-112
(28,9): 116-141-114
(28,10): 117-141-113
(28,11): 117-141-116
(28,12): 117-141-118
(28,13): 117-142-119
(28,14): 118-142-121
(28,15): 117-142-121
(28,16): 117-142-119
(28,17): 118-142-121
(28,18): 118-142-125
(28,19): 117-143-122
(28,20): 117-142-121
(28,21): 118-142-114
(28,22): 117-144-107
(28,23): 116-145-108
(28,24): 117-147-104
(28,25): 117-150-98
(28,26): 119-150-94
(28,27): 119-152-87
(28,28): 120-152-83
(28,29): 121-152-80
(28,30): 122-153-79
(28,31): 122-152-78
(28,32): 121-152-80
(28,33): 120-152-81
(28,34): 120-152-81
(28,35): 120-152-83
(28,36): 120-152-88
(28,37): 118-150-92
(28,38): 119-150-93
(28,39): 119-149-97
(28,40): 119-149-97
(28,41): 119-149-98
(28,42): 118-148-104
(28,43): 116-151-101
(28,44): 116-151-101
(28,45): 114-152-94
(28,46): 116-153-95
(28,47): 116-154-93
(28,48): 117-158-94
(28,49): 116-160-95
(28,50): 116-162-106
(28,51): 113-164-92
(28,52): 115-163-92
(28,53): 116-162-86
(28,54): 119-159-88
(28,55): 119-156-78
(28,56): 120-154-71
(28,57): 122-151-65
(28,58): 122-150-65
(28,59): 122-149-66
(28,60): 121-150-69
(28,61): 120-150-73
(28,62): 118-151-79
(28,63): 116-151-88
(28,64): 118-152-87
(28,65): 118-154-88
(28,66): 119-157-85
(28,67): 120-159-92
(28,68): 121-162-98
(28,69): 119-166-97
(28,70): 117-172-98
(28,71): 117-175-103
(28,72): 114-180-112
(28,73): 111-185-106
(28,74): 112-185-130
(28,75): 111-187-127
(28,76): 115-182-139
(28,77): 115-179-142
(28,78): 119-168-142
(28,79): 117-158-140
(28,80): 114-150-108
(28,81): 115-142-115
(28,82): 113-143-110
(28,83): 112-141-115
(28,84): 110-143-116
(28,85): 108-143-127
(28,86): 107-144-127
(28,87): 106-145-125
(28,88): 106-147-131
(28,89): 105-148-137
(28,90): 105-150-139
(28,91): 103-152-137
(28,92): 103-154-140
(28,93): 102-153-146
(28,94): 103-154-143
(28,95): 104-154-142
(28,96): 105-156-143
(28,97): 105-156-140
(28,98): 106-156-143
(28,99): 106-156-141
(28,100): 107-154-137
(28,101): 107-152-136
(28,102): 105-151-127
(28,103): 107-149-126
(28,104): 107-149-124
(28,105): 108-148-122
(28,106): 109-149-122
(28,107): 109-149-116
(28,108): 110-149-118
(28,109): 108-148-110
(28,110): 109-144-114
(28,111): 107-143-102
(28,112): 109-140-96
(28,113): 111-137-94
(28,114): 111-137-95
(28,115): 110-135-99
(28,116): 108-136-99
(28,117): 108-135-99
(28,118): 108-135-100
(28,119): 108-135-102
(28,120): 109-135-101
(28,121): 109-136-96
(28,122): 110-135-94
(28,123): 110-135-93
(28,124): 113-134-94
(28,125): 115-132-88
(28,126): 118-128-79
(28,127): 122-124-78
(29,0): 118-134-70
(29,1): 115-135-76
(29,2): 114-135-87
(29,3): 113-135-89
(29,4): 113-136-92
(29,5): 115-137-97
(29,6): 114-138-103
(29,7): 115-140-105
(29,8): 116-141-107
(29,9): 117-140-110
(29,10): 117-140-111
(29,11): 118-140-115
(29,12): 118-141-116
(29,13): 118-142-120
(29,14): 117-143-117
(29,15): 118-142-118
(29,16): 117-141-120
(29,17): 118-142-121
(29,18): 118-142-120
(29,19): 118-140-119
(29,20): 118-140-116
(29,21): 117-141-114
(29,22): 117-141-108
(29,23): 115-144-106
(29,24): 115-146-100
(29,25): 115-147-99
(29,26): 116-147-94
(29,27): 117-149-87
(29,28): 118-150-85
(29,29): 120-151-83
(29,30): 121-151-81
(29,31): 121-152-80
(29,32): 121-150-79
(29,33): 120-152-80
(29,34): 119-152-82
(29,35): 121-151-82
(29,36): 120-151-83
(29,37): 121-150-89
(29,38): 120-148-94
(29,39): 120-149-96
(29,40): 120-148-100
(29,41): 119-149-102
(29,42): 118-147-105
(29,43): 115-148-104
(29,44): 114-149-105
(29,45): 114-150-97
(29,46): 113-151-98
(29,47): 115-153-93
(29,48): 115-155-99
(29,49): 116-158-101
(29,50): 116-160-105
(29,51): 116-161-97
(29,52): 117-159-99
(29,53): 118-159-88
(29,54): 118-158-85
(29,55): 120-155-78
(29,56): 121-152-75
(29,57): 122-150-68
(29,58): 121-148-69
(29,59): 122-148-68
(29,60): 121-147-75
(29,61): 120-148-82
(29,62): 118-148-79
(29,63): 117-149-85
(29,64): 117-148-85
(29,65): 118-150-91
(29,66): 120-152-87
(29,67): 121-156-91
(29,68): 121-159-95
(29,69): 121-163-99
(29,70): 120-166-101
(29,71): 118-170-102
(29,72): 115-173-112
(29,73): 114-179-109
(29,74): 112-182-125
(29,75): 113-184-124
(29,76): 114-184-128
(29,77): 116-176-133
(29,78): 116-167-121
(29,79): 117-155-125
(29,80): 117-143-112
(29,81): 116-142-110
(29,82): 113-140-107
(29,83): 112-141-111
(29,84): 109-143-116
(29,85): 107-144-128
(29,86): 105-145-137
(29,87): 103-146-136
(29,88): 103-147-140
(29,89): 103-148-139
(29,90): 101-151-143
(29,91): 102-153-141
(29,92): 102-154-139
(29,93): 103-153-141
(29,94): 104-152-139
(29,95): 105-154-138
(29,96): 105-154-138
(29,97): 105-155-136
(29,98): 105-155-139
(29,99): 106-155-138
(29,100): 106-155-131
(29,101): 106-153-132
(29,102): 105-151-129
(29,103): 106-150-128
(29,104): 106-150-132
(29,105): 107-149-125
(29,106): 107-149-126
(29,107): 109-149-118
(29,108): 108-148-116
(29,109): 108-145-109
(29,110): 108-143-109
(29,111): 108-141-99
(29,112): 109-138-99
(29,113): 111-136-96
(29,114): 111-135-95
(29,115): 111-135-98
(29,116): 110-134-101
(29,117): 109-135-99
(29,118): 109-134-99
(29,119): 110-135-98
(29,120): 110-135-97
(29,121): 111-135-95
(29,122): 111-134-94
(29,123): 111-135-90
(29,124): 113-135-90
(29,125): 115-133-86
(29,126): 119-128-76
(29,127): 122-123-62
(30,0): 116-134-56
(30,1): 116-135-70
(30,2): 116-135-82
(30,3): 113-138-81
(30,4): 115-137-91
(30,5): 115-137-97
(30,6): 115-138-101
(30,7): 116-137-106
(30,8): 116-139-104
(30,9): 118-139-107
(30,10): 118-140-110
(30,11): 118-139-116
(30,12): 118-140-115
(30,13): 118-141-120
(30,14): 118-142-119
(30,15): 118-142-117
(30,16): 118-141-117
(30,17): 117-141-116
(30,18): 118-141-114
(30,19): 118-139-113
(30,20): 116-140-107
(30,21): 115-139-111
(30,22): 113-141-107
(30,23): 113-142-108
(30,24): 112-144-105
(30,25): 111-144-105
(30,26): 112-146-95
(30,27): 114-147-89
(30,28): 116-148-89
(30,29): 117-150-84
(30,30): 119-150-83
(30,31): 119-150-81
(30,32): 118-151-78
(30,33): 119-151-82
(30,34): 121-151-84
(30,35): 120-151-85
(30,36): 121-150-87
(30,37): 121-149-87
(30,38): 121-149-89
(30,39): 119-148-92
(30,40): 119-148-99
(30,41): 117-148-97
(30,42): 116-148-101
(30,43): 115-148-103
(30,44): 113-148-104
(30,45): 112-149-99
(30,46): 113-151-96
(30,47): 114-152-94
(30,48): 115-154-101
(30,49): 115-156-99
(30,50): 114-157-105
(30,51): 115-158-93
(30,52): 117-158-95
(30,53): 119-157-85
(30,54): 120-157-82
(30,55): 121-154-76
(30,56): 122-153-72
(30,57): 122-149-70
(30,58): 121-148-70
(30,59): 122-145-72
(30,60): 119-146-79
(30,61): 117-145-89
(30,62): 116-146-90
(30,63): 114-146-93
(30,64): 115-146-91
(30,65): 116-147-99
(30,66): 118-150-93
(30,67): 120-152-91
(30,68): 120-157-88
(30,69): 121-158-95
(30,70): 120-163-98
(30,71): 117-165-96
(30,72): 114-171-99
(30,73): 113-173-102
(30,74): 113-177-117
(30,75): 113-180-118
(30,76): 117-177-134
(30,77): 116-171-130
(30,78): 115-163-119
(30,79): 116-152-127
(30,80): 114-147-110
(30,81): 115-141-110
(30,82): 111-143-100
(30,83): 110-141-115
(30,84): 108-144-119
(30,85): 105-146-127
(30,86): 103-146-136
(30,87): 102-147-140
(30,88): 101-149-141
(30,89): 101-150-140
(30,90): 101-152-141
(30,91): 101-153-146
(30,92): 102-152-149
(30,93): 103-153-144
(30,94): 104-154-133
(30,95): 104-154-129
(30,96): 105-155-132
(30,97): 104-154-133
(30,98): 106-154-133
(30,99): 105-154-133
(30,100): 105-153-135
(30,101): 103-153-136
(30,102): 105-152-132
(30,103): 105-152-128
(30,104): 107-150-130
(30,105): 107-151-119
(30,106): 108-149-123
(30,107): 108-148-112
(30,108): 108-146-111
(30,109): 108-143-109
(30,110): 107-142-101
(30,111): 108-139-98
(30,112): 109-138-97
(30,113): 110-135-98
(30,114): 110-136-92
(30,115): 111-134-94
(30,116): 110-135-97
(30,117): 109-135-98
(30,118): 110-135-97
(30,119): 111-135-95
(30,120): 111-135-95
(30,121): 111-135-95
(30,122): 112-135-91
(30,123): 112-135-89
(30,124): 114-134-90
(30,125): 115-133-85
(30,126): 120-128-81
(30,127): 123-125-75
(31,0): 119-133-66
(31,1): 117-134-70
(31,2): 117-134-79
(31,3): 116-135-83
(31,4): 115-137-92
(31,5): 116-137-96
(31,6): 116-138-98
(31,7): 117-138-101
(31,8): 118-138-103
(31,9): 118-138-106
(31,10): 119-138-107
(31,11): 119-140-111
(31,12): 119-140-108
(31,13): 119-141-111
(31,14): 119-142-109
(31,15): 119-141-113
(31,16): 118-140-111
(31,17): 118-140-109
(31,18): 118-139-108
(31,19): 118-140-109
(31,20): 116-139-101
(31,21): 114-139-102
(31,22): 111-140-105
(31,23): 111-142-105
(31,24): 109-144-104
(31,25): 109-143-102
(31,26): 110-143-104
(31,27): 111-144-97
(31,28): 113-145-93
(31,29): 115-146-87
(31,30): 115-149-83
(31,31): 118-149-80
(31,32): 117-149-82
(31,33): 120-148-81
(31,34): 119-149-81
(31,35): 120-148-90
(31,36): 120-146-94
(31,37): 120-147-94
(31,38): 120-147-93
(31,39): 119-147-95
(31,40): 116-147-100
(31,41): 117-147-98
(31,42): 114-146-104
(31,43): 114-146-104
(31,44): 113-147-103
(31,45): 114-147-99
(31,46): 113-148-101
(31,47): 115-148-101
(31,48): 114-151-104
(31,49): 114-152-104
(31,50): 115-153-115
(31,51): 116-154-100
(31,52): 118-154-100
(31,53): 120-155-90
(31,54): 120-156-84
(31,55): 122-154-77
(31,56): 121-152-74
(31,57): 123-149-73
(31,58): 122-144-80
(31,59): 121-145-82
(31,60): 118-144-83
(31,61): 116-142-86
(31,62): 113-143-89
(31,63): 113-143-92
(31,64): 114-142-91
(31,65): 115-144-95
(31,66): 117-147-93
(31,67): 119-151-92
(31,68): 120-155-90
(31,69): 120-157-95
(31,70): 119-160-97
(31,71): 118-161-98
(31,72): 116-163-106
(31,73): 115-169-107
(31,74): 114-171-118
(31,75): 114-174-118
(31,76): 114-178-117
(31,77): 116-169-117
(31,78): 115-160-112
(31,79): 116-151-116
(31,80): 115-145-112
(31,81): 114-145-111
(31,82): 111-142-107
(31,83): 109-144-116
(31,84): 105-145-117
(31,85): 104-146-125
(31,86): 101-149-132
(31,87): 100-149-140
(31,88): 100-150-143
(31,89): 100-151-142
(31,90): 100-153-135
(31,91): 101-152-140
(31,92): 102-151-147
(31,93): 104-153-143
(31,94): 104-153-134
(31,95): 105-152-130
(31,96): 104-152-132
(31,97): 105-153-130
(31,98): 104-153-125
(31,99): 104-152-130
(31,100): 103-152-131
(31,101): 103-151-129
(31,102): 104-151-129
(31,103): 106-150-127
(31,104): 108-149-123
(31,105): 108-149-122
(31,106): 108-147-125
(31,107): 109-146-113
(31,108): 109-145-110
(31,109): 110-142-107
(31,110): 109-139-102
(31,111): 109-138-100
(31,112): 109-137-97
(31,113): 110-135-95
(31,114): 110-135-93
(31,115): 111-135-93
(31,116): 110-135-95
(31,117): 111-134-95
(31,118): 111-134-95
(31,119): 112-134-95
(31,120): 112-134-93
(31,121): 113-134-92
(31,122): 113-134-92
(31,123): 114-135-90
(31,124): 114-135-89
(31,125): 116-132-83
(31,126): 121-128-75
(31,127): 125-125-65
(32,0): 118-134-56
(32,1): 116-135-61
(32,2): 116-134-72
(32,3): 116-134-85
(32,4): 117-136-92
(32,5): 117-138-92
(32,6): 118-138-97
(32,7): 118-138-99
(32,8): 117-138-101
(32,9): 118-137-107
(32,10): 118-138-106
(32,11): 119-139-110
(32,12): 120-140-110
(32,13): 119-140-109
(32,14): 119-141-107
(32,15): 119-139-109
(32,16): 118-140-108
(32,17): 118-139-108
(32,18): 118-139-107
(32,19): 117-138-107
(32,20): 115-140-101
(32,21): 112-140-102
(32,22): 111-141-101
(32,23): 110-141-103
(32,24): 109-143-103
(32,25): 108-143-101
(32,26): 109-142-105
(32,27): 110-141-103
(32,28): 111-143-96
(32,29): 112-143-91
(32,30): 114-146-86
(32,31): 117-146-81
(32,32): 119-148-84
(32,33): 119-147-87
(32,34): 119-147-86
(32,35): 119-144-96
(32,36): 119-145-94
(32,37): 118-145-98
(32,38): 120-146-98
(32,39): 119-146-97
(32,40): 118-146-98
(32,41): 116-146-101
(32,42): 116-146-104
(32,43): 114-146-105
(32,44): 115-146-103
(32,45): 115-145-102
(32,46): 115-146-102
(32,47): 116-145-106
(32,48): 116-147-103
(32,49): 116-149-102
(32,50): 117-150-108
(32,51): 117-151-95
(32,52): 118-152-97
(32,53): 120-153-89
(32,54): 122-154-85
(32,55): 121-154-77
(32,56): 123-153-73
(32,57): 123-148-70
(32,58): 120-146-76
(32,59): 120-143-81
(32,60): 117-142-85
(32,61): 114-141-91
(32,62): 113-140-90
(32,63): 113-140-96
(32,64): 113-140-92
(32,65): 115-141-96
(32,66): 115-145-91
(32,67): 118-148-95
(32,68): 120-152-94
(32,69): 120-154-94
(32,70): 119-157-95
(32,71): 118-157-98
(32,72): 116-160-101
(32,73): 115-164-105
(32,74): 115-167-114
(32,75): 115-169-118
(32,76): 118-170-119
(32,77): 118-166-108
(32,78): 117-160-105
(32,79): 117-152-118
(32,80): 113-148-116
(32,81): 111-145-120
(32,82): 109-144-121
(32,83): 107-145-124
(32,84): 104-147-121
(32,85): 102-148-131
(32,86): 101-150-134
(32,87): 100-151-143
(32,88): 101-151-147
(32,89): 101-151-150
(32,90): 103-151-145
(32,91): 101-151-140
(32,92): 102-150-140
(32,93): 104-151-136
(32,94): 105-151-139
(32,95): 104-152-138
(32,96): 104-152-130
(32,97): 105-151-127
(32,98): 105-151-125
(32,99): 104-148-133
(32,100): 103-149-128
(32,101): 104-149-128
(32,102): 106-148-130
(32,103): 107-147-125
(32,104): 107-147-120
(32,105): 108-146-117
(32,106): 109-145-118
(32,107): 110-144-109
(32,108): 110-143-109
(32,109): 110-140-107
(32,110): 109-139-102
(32,111): 109-138-105
(32,112): 109-138-95
(32,113): 111-136-95
(32,114): 111-136-93
(32,115): 111-135-94
(32,116): 111-135-94
(32,117): 111-135-94
(32,118): 112-134-94
(32,119): 112-133-93
(32,120): 113-135-90
(32,121): 113-134-92
(32,122): 114-135-90
(32,123): 114-135-88
(32,124): 116-134-92
(32,125): 116-133-88
(32,126): 122-128-80
(32,127): 126-126-68
(33,0): 119-134-63
(33,1): 117-133-65
(33,2): 119-133-77
(33,3): 118-134-86
(33,4): 118-135-90
(33,5): 118-136-90
(33,6): 118-137-94
(33,7): 119-138-99
(33,8): 118-138-100
(33,9): 119-138-102
(33,10): 119-138-103
(33,11): 120-138-105
(33,12): 119-139-107
(33,13): 119-139-108
(33,14): 119-139-107
(33,15): 119-139-104
(33,16): 118-139-106
(33,17): 119-139-105
(33,18): 118-139-103
(33,19): 116-139-101
(33,20): 114-139-98
(33,21): 112-139-99
(33,22): 110-141-97
(33,23): 110-141-99
(33,24): 107-143-102
(33,25): 108-141-100
(33,26): 108-141-105
(33,27): 109-140-104
(33,28): 110-140-101
(33,29): 113-140-94
(33,30): 114-142-97
(33,31): 117-144-89
(33,32): 119-146-83
(33,33): 121-145-88
(33,34): 119-145-90
(33,35): 119-144-96
(33,36): 118-143-96
(33,37): 119-143-98
(33,38): 119-144-99
(33,39): 120-144-102
(33,40): 119-143-97
(33,41): 119-143-102
(33,42): 117-142-101
(33,43): 117-142-102
(33,44): 117-142-101
(33,45): 118-143-107
(33,46): 118-142-106
(33,47): 118-143-108
(33,48): 118-144-112
(33,49): 118-147-110
(33,50): 118-148-114
(33,51): 118-150-105
(33,52): 119-150-109
(33,53): 119-152-94
(33,54): 120-154-85
(33,55): 123-153-77
(33,56): 121-153-75
(33,57): 123-149-77
(33,58): 119-145-84
(33,59): 118-142-82
(33,60): 115-141-87
(33,61): 115-139-87
(33,62): 113-138-89
(33,63): 113-138-88
(33,64): 113-139-91
(33,65): 115-140-90
(33,66): 116-143-90
(33,67): 118-147-92
(33,68): 118-151-91
(33,69): 120-153-92
(33,70): 119-153-93
(33,71): 118-154-98
(33,72): 117-154-101
(33,73): 116-159-104
(33,74): 117-164-110
(33,75): 117-165-113
(33,76): 118-167-106
(33,77): 122-163-101
(33,78): 118-159-106
(33,79): 117-153-119
(33,80): 114-148-124
(33,81): 110-146-121
(33,82): 107-145-126
(33,83): 106-146-125
(33,84): 103-147-125
(33,85): 102-149-132
(33,86): 100-151-132
(33,87): 100-152-143
(33,88): 101-153-143
(33,89): 102-151-145
(33,90): 102-149-143
(33,91): 103-147-141
(33,92): 104-147-143
(33,93): 105-148-135
(33,94): 105-150-138
(33,95): 105-150-136
(33,96): 105-152-125
(33,97): 106-149-121
(33,98): 104-147-116
(33,99): 105-146-120
(33,100): 105-146-122
(33,101): 106-145-124
(33,102): 106-146-123
(33,103): 107-144-124
(33,104): 107-144-125
(33,105): 109-143-117
(33,106): 110-144-116
(33,107): 112-143-114
(33,108): 112-141-114
(33,109): 111-141-109
(33,110): 110-140-103
(33,111): 110-139-99
(33,112): 110-139-95
(33,113): 112-139-96
(33,114): 112-137-95
(33,115): 112-136-95
(33,116): 112-134-95
(33,117): 113-134-94
(33,118): 113-134-93
(33,119): 114-134-92
(33,120): 114-134-92
(33,121): 114-135-92
(33,122): 114-135-90
(33,123): 115-134-89
(33,124): 117-132-89
(33,125): 117-132-88
(33,126): 122-127-75
(33,127): 125-124-62
(34,0): 118-135-52
(34,1): 116-135-61
(34,2): 119-134-78
(34,3): 118-135-82
(34,4): 118-135-86
(34,5): 118-136-90
(34,6): 119-137-94
(34,7): 118-137-98
(34,8): 120-138-101
(34,9): 119-138-102
(34,10): 120-138-101
(34,11): 121-137-102
(34,12): 119-139-102
(34,13): 119-138-104
(34,14): 119-138-106
(34,15): 119-139-102
(34,16): 119-139-100
(34,17): 119-138-98
(34,18): 118-140-97
(34,19): 115-139-96
(34,20): 113-140-96
(34,21): 111-139-102
(34,22): 110-141-97
(34,23): 110-140-102
(34,24): 109-141-101
(34,25): 108-141-100
(34,26): 108-140-101
(34,27): 110-139-103
(34,28): 112-140-100
(34,29): 115-139-100
(34,30): 115-141-97
(34,31): 117-141-93
(34,32): 119-144-91
(34,33): 123-142-98
(34,34): 121-143-100
(34,35): 120-142-106
(34,36): 120-142-105
(34,37): 120-141-110
(34,38): 120-141-109
(34,39): 122-140-112
(34,40): 120-140-108
(34,41): 121-138-113
(34,42): 119-140-106
(34,43): 119-139-112
(34,44): 118-140-107
(34,45): 119-139-112
(34,46): 119-141-109
(34,47): 120-142-111
(34,48): 120-143-111
(34,49): 119-145-107
(34,50): 118-148-105
(34,51): 118-149-96
(34,52): 117-151-100
(34,53): 119-152-88
(34,54): 120-154-83
(34,55): 122-152-78
(34,56): 124-152-78
(34,57): 124-148-79
(34,58): 122-145-84
(34,59): 120-143-83
(34,60): 118-140-85
(34,61): 116-138-86
(34,62): 114-138-84
(34,63): 114-137-85
(34,64): 116-138-86
(34,65): 116-140-87
(34,66): 117-143-89
(34,67): 118-146-91
(34,68): 120-148-93
(34,69): 119-149-92
(34,70): 118-151-92
(34,71): 118-149-95
(34,72): 115-153-91
(34,73): 116-155-103
(34,74): 119-157-111
(34,75): 120-160-109
(34,76): 123-161-106
(34,77): 126-158-109
(34,78): 124-157-114
(34,79): 118-155-113
(34,80): 114-150-120
(34,81): 111-148-120
(34,82): 107-147-122
(34,83): 107-147-128
(34,84): 104-148-133
(34,85): 102-149-144
(34,86): 102-150-145
(34,87): 101-152-151
(34,88): 104-150-151
(34,89): 105-150-141
(34,90): 105-147-138
(34,91): 106-144-138
(34,92): 106-146-129
(34,93): 107-146-128
(34,94): 107-148-133
(34,95): 107-149-133
(34,96): 109-148-132
(34,97): 107-146-128
(34,98): 105-146-113
(34,99): 108-143-118
(34,100): 107-143-120
(34,101): 107-141-124
(34,102): 107-142-119
(34,103): 108-141-120
(34,104): 109-142-117
(34,105): 110-141-115
(34,106): 110-142-111
(34,107): 112-141-108
(34,108): 112-141-111
(34,109): 111-141-108
(34,110): 111-140-107
(34,111): 110-141-106
(34,112): 113-139-104
(34,113): 113-139-100
(34,114): 114-137-100
(34,115): 113-136-96
(34,116): 113-136-92
(34,117): 114-134-93
(34,118): 114-135-93
(34,119): 114-135-94
(34,120): 115-135-94
(34,121): 114-135-93
(34,122): 114-135-92
(34,123): 114-133-90
(34,124): 114-132-86
(34,125): 117-130-85
(34,126): 119-127-80
(34,127): 123-125-75
(35,0): 119-134-61
(35,1): 117-133-68
(35,2): 118-134-80
(35,3): 119-134-82
(35,4): 119-134-83
(35,5): 120-135-92
(35,6): 119-135-97
(35,7): 119-136-98
(35,8): 119-137-99
(35,9): 121-137-101
(35,10): 121-137-102
(35,11): 121-138-103
(35,12): 120-138-101
(35,13): 120-138-101
(35,14): 119-138-105
(35,15): 119-139-101
(35,16): 119-139-99
(35,17): 119-139-97
(35,18): 117-138-94
(35,19): 115-138-95
(35,20): 112-139-96
(35,21): 112-140-95
(35,22): 111-141-94
(35,23): 111-142-98
(35,24): 110-142-98
(35,25): 109-141-100
(35,26): 110-140-102
(35,27): 112-140-96
(35,28): 115-141-101
(35,29): 117-142-108
(35,30): 118-139-102
(35,31): 118-140-97
(35,32): 120-142-103
(35,33): 122-143-106
(35,34): 122-143-103
(35,35): 121-143-109
(35,36): 122-141-109
(35,37): 122-141-115
(35,38): 123-139-113
(35,39): 123-138-112
(35,40): 123-138-111
(35,41): 122-138-112
(35,42): 123-137-107
(35,43): 122-138-110
(35,44): 121-139-109
(35,45): 121-139-110
(35,46): 121-140-113
(35,47): 121-142-115
(35,48): 121-143-116
(35,49): 120-147-110
(35,50): 119-149-114
(35,51): 118-152-104
(35,52): 118-153-108
(35,53): 119-154-89
(35,54): 119-154-85
(35,55): 123-151-79
(35,56): 123-150-79
(35,57): 125-147-82
(35,58): 124-144-84
(35,59): 122-142-86
(35,60): 120-138-89
(35,61): 118-137-86
(35,62): 117-136-90
(35,63): 118-136-86
(35,64): 118-136-86
(35,65): 119-139-85
(35,66): 119-140-90
(35,67): 119-144-91
(35,68): 119-147-92
(35,69): 118-148-93
(35,70): 117-149-94
(35,71): 118-148-90
(35,72): 117-148-95
(35,73): 117-151-98
(35,74): 119-154-103
(35,75): 123-155-102
(35,76): 128-156-105
(35,77): 127-157-124
(35,78): 126-154-113
(35,79): 120-152-109
(35,80): 115-150-119
(35,81): 112-150-121
(35,82): 109-148-127
(35,83): 107-148-127
(35,84): 105-148-128
(35,85): 104-148-133
(35,86): 103-150-136
(35,87): 103-149-136
(35,88): 105-150-135
(35,89): 107-147-135
(35,90): 108-145-137
(35,91): 109-144-130
(35,92): 110-144-125
(35,93): 110-145-127
(35,94): 110-145-131
(35,95): 110-145-126
(35,96): 109-146-121
(35,97): 111-144-119
(35,98): 110-142-117
(35,99): 111-141-117
(35,100): 110-140-118
(35,101): 110-140-117
(35,102): 110-140-115
(35,103): 110-141-112
(35,104): 110-142-111
(35,105): 111-142-111
(35,106): 112-141-112
(35,107): 114-142-108
(35,108): 112-141-111
(35,109): 113-140-107
(35,110): 112-140-107
(35,111): 112-139-108
(35,112): 113-138-105
(35,113): 114-138-102
(35,114): 114-136-99
(35,115): 115-136-95
(35,116): 116-134-95
(35,117): 116-135-95
(35,118): 116-135-96
(35,119): 116-136-99
(35,120): 115-136-97
(35,121): 115-135-95
(35,122): 114-135-94
(35,123): 114-134-92
(35,124): 115-132-89
(35,125): 117-129-78
(35,126): 118-126-74
(35,127): 123-121-61
(36,0): 119-134-52
(36,1): 118-134-67
(36,2): 118-133-77
(36,3): 117-134-82
(36,4): 118-135-86
(36,5): 119-135-93
(36,6): 119-136-97
(36,7): 119-136-100
(36,8): 120-138-98
(36,9): 120-138-101
(36,10): 121-139-101
(36,11): 121-138-103
(36,12): 120-139-101
(36,13): 119-139-100
(36,14): 119-140-97
(36,15): 119-139-98
(36,16): 118-140-96
(36,17): 117-138-95
(36,18): 115-139-92
(36,19): 114-139-97
(36,20): 113-140-95
(36,21): 112-141-96
(36,22): 112-142-96
(36,23): 110-142-96
(36,24): 110-141-99
(36,25): 110-141-99
(36,26): 111-141-96
(36,27): 113-142-96
(36,28): 116-142-102
(36,29): 116-141-101
(36,30): 117-142-101
(36,31): 120-141-107
(36,32): 120-144-104
(36,33): 122-143-105
(36,34): 120-145-104
(36,35): 118-144-110
(36,36): 120-142-110
(36,37): 123-139-111
(36,38): 123-138-112
(36,39): 126-135-111
(36,40): 124-136-110
(36,41): 124-136-108
(36,42): 124-137-106
(36,43): 124-137-106
(36,44): 123-138-110
(36,45): 121-140-111
(36,46): 122-142-112
(36,47): 122-142-111
(36,48): 121-145-113
(36,49): 121-148-105
(36,50): 120-152-106
(36,51): 116-156-95
(36,52): 118-156-103
(36,53): 117-157-84
(36,54): 122-154-86
(36,55): 124-150-84
(36,56): 126-148-85
(36,57): 127-144-86
(36,58): 126-143-87
(36,59): 124-140-86
(36,60): 122-139-86
(36,61): 119-138-84
(36,62): 120-137-84
(36,63): 119-136-79
(36,64): 118-137-77
(36,65): 119-137-76
(36,66): 118-141-82
(36,67): 117-143-87
(36,68): 118-145-92
(36,69): 117-146-90
(36,70): 117-147-92
(36,71): 117-148-86
(36,72): 116-148-90
(36,73): 115-148-96
(36,74): 118-150-96
(36,75): 122-150-101
(36,76): 126-151-106
(36,77): 128-150-109
(36,78): 123-152-107
(36,79): 118-151-106
(36,80): 115-151-115
(36,81): 113-151-118
(36,82): 112-149-127
(36,83): 109-150-127
(36,84): 109-148-126
(36,85): 108-148-124
(36,86): 109-147-127
(36,87): 108-147-126
(36,88): 109-147-122
(36,89): 111-145-122
(36,90): 111-145-122
(36,91): 111-145-117
(36,92): 112-144-121
(36,93): 112-143-123
(36,94): 113-143-126
(36,95): 114-141-123
(36,96): 113-143-117
(36,97): 114-141-118
(36,98): 115-141-120
(36,99): 115-140-120
(36,100): 113-140-115
(36,101): 113-138-116
(36,102): 112-140-109
(36,103): 112-140-112
(36,104): 113-142-111
(36,105): 112-143-108
(36,106): 114-142-109
(36,107): 114-141-104
(36,108): 114-141-108
(36,109): 113-140-106
(36,110): 113-139-107
(36,111): 112-138-105
(36,112): 113-137-103
(36,113): 113-136-100
(36,114): 114-137-96
(36,115): 115-135-95
(36,116): 116-136-96
(36,117): 116-136-96
(36,118): 116-136-97
(36,119): 115-136-98
(36,120): 115-136-101
(36,121): 115-136-102
(36,122): 115-135-98
(36,123): 114-134-95
(36,124): 116-132-94
(36,125): 117-130-84
(36,126): 120-126-78
(36,127): 125-123-76
(37,0): 121-135-52
(37,1): 120-133-66
(37,2): 119-132-74
(37,3): 118-133-84
(37,4): 118-135-92
(37,5): 119-135-96
(37,6): 120-135-98
(37,7): 121-137-103
(37,8): 120-138-101
(37,9): 121-138-104
(37,10): 121-139-100
(37,11): 121-139-103
(37,12): 120-138-101
(37,13): 121-139-101
(37,14): 119-140-96
(37,15): 119-141-99
(37,16): 117-141-92
(37,17): 117-140-92
(37,18): 114-139-93
(37,19): 115-140-93
(37,20): 114-141-94
(37,21): 113-142-98
(37,22): 111-142-96
(37,23): 111-141-93
(37,24): 110-140-97
(37,25): 111-140-96
(37,26): 114-141-99
(37,27): 114-142-102
(37,28): 114-142-101
(37,29): 116-142-96
(37,30): 117-144-108
(37,31): 119-147-113
(37,32): 120-148-106
(37,33): 119-148-109
(37,34): 116-150-104
(37,35): 118-145-104
(37,36): 118-145-106
(37,37): 122-141-107
(37,38): 124-138-116
(37,39): 125-138-114
(37,40): 126-137-113
(37,41): 125-137-105
(37,42): 124-137-110
(37,43): 125-137-108
(37,44): 123-138-111
(37,45): 123-140-113
(37,46): 122-143-116
(37,47): 122-146-115
(37,48): 122-146-121
(37,49): 121-150-113
(37,50): 119-154-106
(37,51): 117-156-99
(37,52): 117-158-109
(37,53): 119-156-93
(37,54): 122-153-95
(37,55): 127-149-93
(37,56): 128-145-93
(37,57): 128-143-96
(37,58): 127-139-93
(37,59): 125-138-89
(37,60): 123-137-89
(37,61): 122-137-85
(37,62): 121-137-82
(37,63): 121-136-82
(37,64): 120-135-84
(37,65): 120-138-81
(37,66): 117-139-86
(37,67): 118-141-84
(37,68): 116-145-87
(37,69): 117-145-88
(37,70): 116-145-94
(37,71): 117-147-91
(37,72): 116-147-94
(37,73): 117-146-92
(37,74): 119-146-97
(37,75): 121-148-101
(37,76): 122-149-102
(37,77): 122-149-104
(37,78): 120-150-107
(37,79): 118-150-109
(37,80): 117-148-115
(37,81): 114-149-117
(37,82): 113-149-116
(37,83): 113-147-118
(37,84): 113-145-121
(37,85): 113-146-119
(37,86): 114-145-119
(37,87): 114-145-117
(37,88): 114-144-117
(37,89): 114-144-114
(37,90): 114-143-114
(37,91): 114-144-115
(37,92): 114-144-126
(37,93): 115-143-122
(37,94): 117-141-127
(37,95): 117-142-128
(37,96): 118-141-125
(37,97): 117-141-121
(37,98): 118-141-121
(37,99): 117-141-120
(37,100): 118-139-112
(37,101): 116-139-114
(37,102): 117-137-111
(37,103): 115-141-113
(37,104): 115-141-111
(37,105): 115-141-108
(37,106): 115-140-112
(37,107): 116-141-110
(37,108): 116-139-110
(37,109): 115-139-109
(37,110): 114-137-110
(37,111): 112-137-107
(37,112): 112-136-107
(37,113): 113-136-103
(37,114): 114-137-103
(37,115): 115-137-102
(37,116): 115-136-103
(37,117): 116-136-99
(37,118): 115-135-97
(37,119): 115-135-96
(37,120): 114-137-99
(37,121): 115-137-103
(37,122): 115-136-98
(37,123): 115-134-98
(37,124): 117-132-101
(37,125): 118-130-96
(37,126): 125-125-82
(37,127): 127-123-70
(38,0): 121-135-51
(38,1): 119-133-61
(38,2): 118-133-72
(38,3): 118-133-95
(38,4): 119-134-105
(38,5): 120-135-106
(38,6): 120-136-106
(38,7): 121-136-111
(38,8): 122-137-114
(38,9): 122-138-119
(38,10): 121-138-112
(38,11): 121-138-112
(38,12): 121-139-107
(38,13): 123-138-115
(38,14): 120-140-107
(38,15): 118-141-106
(38,16): 116-142-95
(38,17): 114-142-93
(38,18): 114-141-91
(38,19): 115-141-94
(38,20): 115-142-96
(38,21): 112-142-96
(38,22): 112-141-95
(38,23): 112-140-94
(38,24): 110-140-91
(38,25): 111-141-93
(38,26): 114-141-99
(38,27): 114-141-97
(38,28): 113-145-93
(38,29): 116-145-103
(38,30): 118-148-107
(38,31): 120-150-109
(38,32): 120-150-115
(38,33): 116-153-123
(38,34): 119-149-120
(38,35): 117-149-119
(38,36): 120-145-107
(38,37): 123-143-99
(38,38): 124-142-97
(38,39): 126-140-90
(38,40): 125-140-95
(38,41): 125-140-89
(38,42): 125-140-96
(38,43): 124-138-99
(38,44): 124-140-102
(38,45): 123-141-114
(38,46): 123-144-116
(38,47): 122-148-106
(38,48): 121-149-114
(38,49): 121-152-109
(38,50): 119-155-107
(38,51): 116-158-98
(38,52): 118-157-105
(38,53): 118-157-90
(38,54): 124-152-98
(38,55): 128-147-94
(38,56): 128-143-96
(38,57): 128-140-94
(38,58): 126-139-90
(38,59): 125-137-88
(38,60): 123-137-85
(38,61): 121-137-83
(38,62): 121-137-82
(38,63): 120-136-80
(38,64): 119-137-79
(38,65): 119-138-79
(38,66): 118-140-81
(38,67): 118-141-82
(38,68): 117-144-81
(38,69): 117-143-85
(38,70): 115-147-85
(38,71): 116-146-89
(38,72): 117-146-94
(38,73): 116-145-94
(38,74): 117-147-91
(38,75): 119-145-95
(38,76): 118-148-96
(38,77): 119-147-105
(38,78): 119-149-108
(38,79): 118-148-106
(38,80): 116-147-111
(38,81): 115-146-116
(38,82): 116-145-116
(38,83): 116-145-115
(38,84): 116-144-113
(38,85): 116-143-111
(38,86): 117-144-110
(38,87): 116-144-108
(38,88): 117-143-110
(38,89): 115-143-107
(38,90): 115-144-106
(38,91): 115-144-107
(38,92): 117-143-120
(38,93): 116-144-111
(38,94): 118-142-117
(38,95): 119-142-115
(38,96): 120-141-123
(38,97): 119-141-121
(38,98): 118-141-119
(38,99): 118-140-114
(38,100): 117-140-111
(38,101): 115-140-110
(38,102): 115-140-110
(38,103): 113-141-111
(38,104): 114-140-111
(38,105): 115-140-109
(38,106): 115-140-109
(38,107): 116-138-107
(38,108): 115-139-110
(38,109): 115-137-106
(38,110): 113-137-109
(38,111): 111-136-108
(38,112): 111-137-107
(38,113): 112-137-108
(38,114): 114-137-108
(38,115): 114-137-101
(38,116): 115-136-102
(38,117): 115-135-100
(38,118): 114-135-98
(38,119): 113-136-101
(38,120): 115-137-102
(38,121): 114-137-103
(38,122): 116-136-103
(38,123): 115-135-100
(38,124): 116-133-101
(38,125): 119-131-102
(38,126): 123-126-91
(38,127): 127-125-75
(39,0): 120-134-58
(39,1): 120-133-64
(39,2): 120-132-77
(39,3): 120-133-92
(39,4): 120-135-104
(39,5): 120-135-112
(39,6): 121-135-111
(39,7): 121-136-111
(39,8): 122-138-109
(39,9): 121-138-119
(39,10): 121-139-113
(39,11): 121-139-110
(39,12): 124-139-104
(39,13): 123-142-112
(39,14): 122-141-100
(39,15): 118-142-95
(39,16): 115-142-87
(39,17): 115-141-88
(39,18): 115-141-90
(39,19): 116-142-95
(39,20): 114-143-92
(39,21): 114-141-89
(39,22): 113-140-91
(39,23): 113-139-94
(39,24): 114-137-92
(39,25): 113-139-91
(39,26): 112-141-95
(39,27): 114-144-94
(39,28): 115-148-101
(39,29): 118-151-107
(39,30): 118-152-104
(39,31): 120-151-107
(39,32): 117-153-104
(39,33): 118-150-113
(39,34): 119-152-104
(39,35): 120-149-115
(39,36): 123-145-105
(39,37): 124-145-97
(39,38): 124-143-96
(39,39): 126-143-87
(39,40): 124-142-96
(39,41): 125-143-93
(39,42): 124-141-95
(39,43): 126-141-96
(39,44): 126-140-101
(39,45): 124-144-113
(39,46): 123-146-115
(39,47): 122-149-107
(39,48): 121-150-114
(39,49): 120-153-112
(39,50): 119-155-109
(39,51): 118-156-99
(39,52): 118-156-105
(39,53): 120-154-99
(39,54): 123-150-108
(39,55): 125-146-108
(39,56): 127-141-103
(39,57): 126-139-94
(39,58): 125-137-93
(39,59): 124-137-89
(39,60): 123-136-84
(39,61): 122-136-82
(39,62): 120-136-85
(39,63): 121-136-78
(39,64): 119-137-77
(39,65): 121-139-74
(39,66): 119-140-77
(39,67): 120-142-80
(39,68): 119-144-83
(39,69): 118-146-86
(39,70): 116-147-88
(39,71): 116-147-88
(39,72): 116-147-91
(39,73): 117-147-94
(39,74): 116-146-97
(39,75): 117-146-97
(39,76): 116-147-99
(39,77): 116-147-102
(39,78): 116-147-105
(39,79): 117-146-107
(39,80): 116-144-109
(39,81): 117-143-109
(39,82): 118-141-113
(39,83): 119-143-116
(39,84): 120-142-111
(39,85): 120-142-109
(39,86): 120-141-107
(39,87): 120-142-108
(39,88): 119-141-109
(39,89): 118-141-106
(39,90): 117-141-110
(39,91): 118-142-108
(39,92): 118-141-116
(39,93): 118-141-114
(39,94): 119-139-120
(39,95): 119-140-113
(39,96): 120-140-118
(39,97): 119-141-122
(39,98): 120-140-116
(39,99): 117-140-110
(39,100): 114-140-111
(39,101): 114-139-107
(39,102): 112-140-107
(39,103): 112-139-108
(39,104): 114-139-110
(39,105): 115-140-112
(39,106): 116-139-113
(39,107): 116-139-110
(39,108): 114-139-116
(39,109): 115-138-112
(39,110): 113-137-115
(39,111): 112-136-111
(39,112): 112-136-111
(39,113): 112-137-110
(39,114): 113-138-107
(39,115): 114-137-104
(39,116): 114-135-105
(39,117): 114-135-104
(39,118): 114-135-106
(39,119): 114-136-104
(39,120): 114-137-99
(39,121): 114-136-100
(39,122): 115-137-101
(39,123): 116-137-101
(39,124): 118-134-98
(39,125): 119-132-95
(39,126): 123-128-82
(39,127): 126-124-70
(40,0): 118-135-51
(40,1): 117-134-64
(40,2): 121-133-81
(40,3): 123-134-90
(40,4): 122-134-103
(40,5): 122-135-108
(40,6): 121-135-112
(40,7): 121-136-112
(40,8): 121-137-111
(40,9): 122-138-113
(40,10): 121-139-113
(40,11): 120-141-113
(40,12): 122-141-104
(40,13): 122-142-98
(40,14): 119-142-98
(40,15): 116-142-96
(40,16): 114-142-91
(40,17): 113-141-97
(40,18): 115-141-93
(40,19): 117-141-95
(40,20): 116-143-92
(40,21): 114-141-88
(40,22): 114-140-88
(40,23): 113-138-88
(40,24): 113-138-86
(40,25): 113-137-89
(40,26): 111-142-86
(40,27): 113-147-94
(40,28): 119-150-109
(40,29): 119-154-104
(40,30): 121-152-113
(40,31): 122-151-125
(40,32): 120-149-122
(40,33): 120-149-133
(40,34): 122-149-116
(40,35): 124-147-116
(40,36): 123-147-103
(40,37): 123-146-93
(40,38): 124-145-95
(40,39): 124-146-89
(40,40): 124-144-95
(40,41): 122-145-93
(40,42): 124-144-98
(40,43): 123-143-99
(40,44): 124-143-103
(40,45): 124-144-107
(40,46): 122-147-109
(40,47): 120-150-103
(40,48): 121-151-111
(40,49): 120-153-108
(40,50): 121-153-111
(40,51): 119-155-99
(40,52): 120-153-103
(40,53): 119-152-99
(40,54): 122-147-107
(40,55): 124-144-99
(40,56): 123-141-96
(40,57): 124-138-89
(40,58): 124-137-88
(40,59): 123-136-86
(40,60): 122-136-83
(40,61): 121-135-79
(40,62): 122-136-79
(40,63): 122-136-75
(40,64): 122-138-75
(40,65): 121-139-73
(40,66): 121-141-76
(40,67): 120-143-81
(40,68): 120-145-87
(40,69): 118-148-88
(40,70): 119-147-96
(40,71): 116-148-94
(40,72): 116-148-90
(40,73): 117-147-95
(40,74): 116-147-101
(40,75): 115-147-105
(40,76): 115-147-103
(40,77): 115-146-103
(40,78): 116-145-107
(40,79): 115-143-108
(40,80): 116-143-105
(40,81): 117-141-104
(40,82): 117-141-103
(40,83): 120-140-107
(40,84): 120-142-107
(40,85): 119-141-105
(40,86): 120-141-104
(40,87): 119-140-102
(40,88): 119-141-102
(40,89): 118-140-101
(40,90): 119-141-104
(40,91): 117-141-100
(40,92): 118-140-103
(40,93): 117-140-101
(40,94): 118-140-107
(40,95): 118-139-104
(40,96): 119-140-108
(40,97): 118-140-107
(40,98): 118-140-112
(40,99): 114-141-104
(40,100): 114-140-108
(40,101): 111-140-108
(40,102): 112-139-110
(40,103): 110-139-108
(40,104): 112-139-106
(40,105): 113-139-105
(40,106): 115-139-108
(40,107): 116-139-103
(40,108): 116-139-108
(40,109): 115-138-106
(40,110): 113-138-110
(40,111): 111-138-110
(40,112): 111-138-108
(40,113): 110-138-106
(40,114): 111-137-107
(40,115): 112-136-105
(40,116): 112-136-103
(40,117): 114-135-104
(40,118): 114-135-106
(40,119): 113-136-105
(40,120): 114-137-102
(40,121): 114-137-104
(40,122): 114-137-102
(40,123): 114-137-101
(40,124): 117-135-102
(40,125): 118-133-97
(40,126): 120-128-90
(40,127): 124-124-84
(41,0): 119-134-62
(41,1): 119-133-66
(41,2): 122-133-85
(41,3): 123-134-96
(41,4): 124-134-99
(41,5): 123-135-100
(41,6): 122-135-103
(41,7): 121-136-106
(41,8): 121-137-105
(41,9): 121-138-103
(41,10): 120-141-99
(41,11): 120-141-102
(41,12): 118-143-97
(41,13): 119-142-94
(41,14): 116-143-97
(41,15): 116-142-97
(41,16): 115-141-97
(41,17): 115-140-95
(41,18): 116-141-96
(41,19): 118-142-94
(41,20): 117-144-88
(41,21): 116-142-89
(41,22): 114-139-88
(41,23): 114-137-84
(41,24): 113-136-87
(41,25): 115-138-88
(41,26): 115-140-91
(41,27): 115-146-92
(41,28): 117-151-96
(41,29): 121-152-100
(41,30): 123-153-101
(41,31): 123-150-123
(41,32): 126-146-116
(41,33): 125-147-121
(41,34): 125-150-102
(41,35): 125-148-110
(41,36): 124-145-107
(41,37): 124-145-100
(41,38): 124-143-102
(41,39): 123-145-100
(41,40): 123-144-98
(41,41): 122-144-94
(41,42): 122-144-97
(41,43): 122-144-104
(41,44): 123-144-110
(41,45): 122-146-110
(41,46): 121-148-112
(41,47): 121-149-106
(41,48): 120-150-112
(41,49): 121-150-106
(41,50): 121-150-111
(41,51): 121-150-108
(41,52): 121-150-107
(41,53): 120-148-102
(41,54): 120-146-104
(41,55): 121-142-95
(41,56): 121-140-97
(41,57): 122-138-90
(41,58): 122-136-88
(41,59): 122-135-84
(41,60): 121-134-88
(41,61): 123-135-80
(41,62): 123-135-80
(41,63): 124-136-80
(41,64): 124-135-83
(41,65): 122-138-82
(41,66): 122-139-85
(41,67): 122-142-88
(41,68): 120-144-92
(41,69): 120-146-92
(41,70): 119-147-95
(41,71): 118-148-95
(41,72): 118-147-95
(41,73): 117-147-96
(41,74): 116-148-96
(41,75): 116-147-101
(41,76): 115-147-100
(41,77): 115-144-102
(41,78): 115-142-107
(41,79): 115-141-103
(41,80): 116-141-103
(41,81): 118-140-101
(41,82): 119-139-103
(41,83): 120-140-101
(41,84): 119-141-101
(41,85): 120-140-102
(41,86): 119-140-105
(41,87): 119-139-102
(41,88): 119-139-104
(41,89): 119-140-102
(41,90): 118-140-103
(41,91): 118-140-102
(41,92): 117-139-106
(41,93): 118-139-103
(41,94): 117-139-109
(41,95): 118-139-107
(41,96): 117-138-108
(41,97): 117-138-106
(41,98): 114-139-112
(41,99): 114-139-109
(41,100): 113-138-112
(41,101): 112-138-109
(41,102): 110-138-110
(41,103): 111-137-106
(41,104): 111-137-107
(41,105): 112-138-104
(41,106): 114-139-110
(41,107): 115-141-107
(41,108): 116-139-107
(41,109): 114-139-109
(41,110): 113-137-107
(41,111): 112-138-108
(41,112): 110-138-105
(41,113): 110-137-104
(41,114): 109-137-106
(41,115): 111-136-107
(41,116): 112-136-107
(41,117): 114-136-106
(41,118): 113-136-104
(41,119): 113-136-102
(41,120): 113-136-102
(41,121): 113-136-103
(41,122): 113-136-99
(41,123): 114-136-97
(41,124): 115-135-99
(41,125): 116-132-99
(41,126): 120-127-84
(41,127): 124-123-66
(42,0): 119-134-55
(42,1): 118-135-60
(42,2): 122-134-76
(42,3): 123-134-80
(42,4): 123-135-87
(42,5): 121-135-88
(42,6): 121-136-93
(42,7): 120-136-96
(42,8): 120-137-97
(42,9): 120-139-98
(42,10): 120-142-93
(42,11): 119-143-96
(42,12): 119-142-100
(42,13): 117-142-101
(42,14): 115-143-96
(42,15): 115-142-98
(42,16): 115-142-98
(42,17): 116-142-97
(42,18): 118-142-94
(42,19): 119-143-92
(42,20): 119-143-92
(42,21): 116-142-87
(42,22): 115-141-82
(42,23): 114-138-85
(42,24): 115-138-82
(42,25): 116-138-89
(42,26): 116-141-90
(42,27): 117-144-93
(42,28): 118-148-96
(42,29): 121-149-104
(42,30): 125-148-112
(42,31): 127-147-123
(42,32): 128-145-116
(42,33): 130-146-123
(42,34): 129-147-113
(42,35): 125-147-112
(42,36): 123-145-108
(42,37): 123-144-105
(42,38): 121-143-101
(42,39): 122-143-98
(42,40): 122-143-97
(42,41): 121-143-96
(42,42): 120-144-96
(42,43): 121-145-103
(42,44): 122-144-109
(42,45): 121-147-106
(42,46): 123-147-110
(42,47): 122-149-103
(42,48): 123-147-107
(42,49): 123-147-99
(42,50): 122-146-106
(42,51): 121-146-106
(42,52): 121-146-105
(42,53): 120-145-96
(42,54): 119-144-93
(42,55): 119-141-90
(42,56): 121-140-89
(42,57): 122-137-86
(42,58): 121-136-84
(42,59): 120-135-81
(42,60): 122-135-81
(42,61): 122-135-77
(42,62): 124-135-82
(42,63): 123-136-79
(42,64): 122-136-82
(42,65): 121-137-83
(42,66): 122-138-89
(42,67): 123-140-92
(42,68): 123-142-99
(42,69): 121-144-94
(42,70): 120-145-96
(42,71): 119-146-96
(42,72): 120-146-105
(42,73): 119-147-102
(42,74): 118-146-98
(42,75): 116-146-101
(42,76): 117-144-105
(42,77): 115-143-101
(42,78): 115-142-96
(42,79): 116-140-101
(42,80): 118-140-98
(42,81): 118-140-97
(42,82): 119-140-97
(42,83): 120-141-97
(42,84): 120-141-99
(42,85): 119-141-99
(42,86): 120-140-101
(42,87): 118-140-101
(42,88): 119-140-101
(42,89): 118-140-99
(42,90): 118-140-99
(42,91): 117-140-98
(42,92): 117-140-100
(42,93): 116-139-103
(42,94): 118-139-105
(42,95): 117-139-102
(42,96): 115-139-103
(42,97): 114-137-106
(42,98): 113-138-109
(42,99): 112-137-109
(42,100): 113-137-110
(42,101): 112-136-109
(42,102): 112-136-108
(42,103): 111-136-107
(42,104): 111-138-106
(42,105): 112-139-104
(42,106): 113-140-107
(42,107): 114-140-100
(42,108): 113-140-108
(42,109): 112-139-111
(42,110): 112-138-109
(42,111): 112-137-112
(42,112): 110-137-110
(42,113): 109-136-113
(42,114): 110-136-108
(42,115): 112-135-109
(42,116): 113-136-107
(42,117): 114-137-104
(42,118): 114-137-104
(42,119): 113-137-104
(42,120): 113-136-103
(42,121): 113-136-103
(42,122): 113-136-99
(42,123): 113-135-99
(42,124): 114-134-101
(42,125): 116-132-102
(42,126): 120-127-92
(42,127): 124-125-77
(43,0): 121-134-65
(43,1): 120-135-68
(43,2): 120-135-75
(43,3): 121-134-76
(43,4): 120-136-84
(43,5): 120-135-87
(43,6): 120-136-91
(43,7): 120-136-90
(43,8): 120-137-92
(43,9): 121-139-93
(43,10): 119-142-87
(43,11): 120-142-90
(43,12): 118-142-92
(43,13): 117-143-97
(43,14): 116-143-96
(43,15): 116-143-96
(43,16): 116-142-101
(43,17): 117-143-100
(43,18): 119-143-94
(43,19): 118-143-97
(43,20): 117-145-86
(43,21): 117-142-78
(43,22): 115-140-78
(43,23): 116-139-82
(43,24): 118-136-82
(43,25): 118-139-91
(43,26): 119-139-92
(43,27): 119-142-91
(43,28): 120-145-93
(43,29): 123-145-97
(43,30): 124-147-100
(43,31): 128-145-107
(43,32): 132-144-102
(43,33): 130-147-119
(43,34): 129-147-106
(43,35): 125-146-106
(43,36): 124-144-108
(43,37): 121-145-107
(43,38): 121-142-103
(43,39): 121-142-91
(43,40): 120-143-86
(43,41): 121-143-91
(43,42): 120-142-93
(43,43): 120-143-96
(43,44): 120-143-101
(43,45): 121-144-102
(43,46): 122-145-102
(43,47): 123-144-106
(43,48): 125-142-107
(43,49): 124-144-108
(43,50): 123-142-111
(43,51): 121-144-104
(43,52): 120-145-101
(43,53): 120-143-96
(43,54): 119-142-92
(43,55): 120-140-89
(43,56): 121-138-86
(43,57): 121-137-88
(43,58): 121-135-90
(43,59): 121-135-85
(43,60): 122-134-87
(43,61): 123-134-86
(43,62): 122-133-88
(43,63): 123-134-87
(43,64): 121-135-92
(43,65): 122-135-89
(43,66): 122-137-93
(43,67): 124-139-96
(43,68): 124-139-100
(43,69): 123-141-97
(43,70): 122-141-101
(43,71): 121-143-101
(43,72): 121-143-104
(43,73): 120-143-97
(43,74): 119-142-92
(43,75): 118-142-96
(43,76): 116-140-103
(43,77): 116-140-98
(43,78): 117-139-93
(43,79): 118-139-97
(43,80): 119-137-96
(43,81): 120-139-99
(43,82): 120-138-97
(43,83): 121-139-99
(43,84): 121-138-100
(43,85): 121-139-101
(43,86): 120-138-101
(43,87): 120-138-101
(43,88): 119-138-101
(43,89): 119-139-103
(43,90): 118-138-100
(43,91): 118-139-100
(43,92): 117-138-100
(43,93): 118-139-103
(43,94): 117-139-102
(43,95): 116-138-103
(43,96): 114-136-109
(43,97): 114-136-108
(43,98): 113-137-110
(43,99): 113-136-109
(43,100): 112-136-111
(43,101): 113-135-110
(43,102): 113-134-111
(43,103): 113-135-110
(43,104): 113-136-111
(43,105): 113-137-106
(43,106): 113-139-110
(43,107): 113-139-103
(43,108): 110-140-111
(43,109): 111-137-107
(43,110): 110-138-108
(43,111): 112-136-109
(43,112): 111-136-110
(43,113): 111-135-110
(43,114): 111-135-109
(43,115): 113-136-107
(43,116): 113-137-104
(43,117): 114-136-104
(43,118): 114-136-103
(43,119): 114-136-103
(43,120): 113-136-103
(43,121): 114-135-100
(43,122): 113-135-100
(43,123): 114-134-100
(43,124): 114-133-101
(43,125): 116-131-96
(43,126): 120-127-86
(43,127): 124-123-72
(44,0): 121-135-49
(44,1): 121-136-56
(44,2): 120-135-71
(44,3): 118-137-75
(44,4): 119-136-81
(44,5): 120-136-85
(44,6): 119-136-87
(44,7): 120-137-89
(44,8): 120-139-88
(44,9): 120-140-91
(44,10): 120-141-92
(44,11): 119-141-94
(44,12): 117-143-90
(44,13): 117-143-94
(44,14): 117-144-98
(44,15): 115-145-96
(44,16): 117-144-98
(44,17): 117-145-98
(44,18): 118-143-101
(44,19): 117-144-101
(44,20): 118-144-86
(44,21): 116-143-76
(44,22): 115-142-75
(44,23): 114-139-85
(44,24): 115-138-86
(44,25): 118-138-89
(44,26): 119-139-88
(44,27): 121-141-87
(44,28): 122-143-88
(44,29): 123-143-94
(44,30): 125-144-94
(44,31): 127-143-100
(44,32): 129-144-100
(44,33): 129-145-106
(44,34): 128-144-108
(44,35): 123-146-105
(44,36): 121-143-108
(44,37): 119-144-99
(44,38): 119-142-99
(44,39): 118-141-87
(44,40): 119-141-81
(44,41): 120-140-86
(44,42): 120-141-91
(44,43): 120-141-95
(44,44): 119-142-96
(44,45): 120-141-100
(44,46): 121-141-99
(44,47): 122-139-103
(44,48): 121-140-98
(44,49): 123-139-100
(44,50): 122-141-100
(44,51): 120-142-97
(44,52): 119-142-99
(44,53): 119-142-98
(44,54): 119-141-95
(44,55): 119-140-94
(44,56): 120-138-89
(44,57): 120-136-88
(44,58): 120-136-88
(44,59): 120-135-85
(44,60): 121-134-88
(44,61): 121-131-88
(44,62): 120-133-84
(44,63): 121-132-88
(44,64): 121-134-94
(44,65): 121-135-94
(44,66): 122-136-93
(44,67): 124-136-86
(44,68): 122-137-91
(44,69): 123-137-86
(44,70): 122-139-97
(44,71): 121-139-94
(44,72): 122-140-97
(44,73): 122-139-87
(44,74): 118-140-88
(44,75): 118-137-93
(44,76): 115-139-96
(44,77): 115-137-100
(44,78): 116-139-99
(44,79): 117-137-101
(44,80): 117-138-100
(44,81): 119-137-104
(44,82): 120-138-102
(44,83): 120-137-102
(44,84): 120-138-104
(44,85): 119-137-104
(44,86): 119-137-105
(44,87): 119-137-107
(44,88): 119-137-106
(44,89): 118-136-109
(44,90): 117-137-107
(44,91): 117-137-110
(44,92): 118-137-109
(44,93): 117-137-107
(44,94): 116-138-105
(44,95): 116-136-107
(44,96): 115-136-111
(44,97): 114-136-110
(44,98): 114-136-111
(44,99): 115-136-111
(44,100): 115-136-111
(44,101): 114-135-110
(44,102): 115-135-109
(44,103): 116-134-108
(44,104): 116-136-109
(44,105): 115-136-102
(44,106): 114-138-104
(44,107): 113-138-101
(44,108): 113-137-109
(44,109): 112-137-109
(44,110): 113-136-109
(44,111): 113-135-110
(44,112): 114-135-110
(44,113): 114-135-110
(44,114): 115-135-110
(44,115): 115-135-108
(44,116): 115-136-106
(44,117): 114-136-106
(44,118): 115-136-105
(44,119): 115-135-104
(44,120): 115-136-104
(44,121): 115-135-102
(44,122): 115-135-103
(44,123): 115-134-104
(44,124): 116-132-106
(44,125): 117-131-103
(44,126): 120-126-95
(44,127): 125-123-89
(45,0): 123-135-51
(45,1): 121-135-64
(45,2): 121-134-73
(45,3): 119-135-74
(45,4): 119-136-77
(45,5): 120-136-83
(45,6): 121-136-81
(45,7): 121-138-82
(45,8): 121-138-79
(45,9): 121-139-84
(45,10): 119-139-85
(45,11): 119-140-90
(45,12): 118-141-91
(45,13): 117-143-92
(45,14): 116-144-96
(45,15): 116-144-95
(45,16): 117-143-93
(45,17): 117-143-96
(45,18): 116-143-93
(45,19): 117-142-89
(45,20): 117-143-75
(45,21): 118-144-74
(45,22): 116-142-76
(45,23): 115-140-83
(45,24): 116-139-91
(45,25): 118-139-85
(45,26): 120-138-85
(45,27): 122-141-83
(45,28): 124-141-83
(45,29): 125-142-88
(45,30): 126-141-90
(45,31): 127-143-92
(45,32): 125-144-89
(45,33): 127-142-91
(45,34): 123-143-98
(45,35): 122-142-105
(45,36): 119-142-110
(45,37): 117-140-98
(45,38): 117-140-99
(45,39): 119-139-89
(45,40): 119-137-83
(45,41): 121-138-81
(45,42): 120-138-88
(45,43): 120-140-93
(45,44): 119-139-94
(45,45): 119-139-94
(45,46): 119-140-91
(45,47): 120-139-98
(45,48): 120-138-97
(45,49): 121-139-98
(45,50): 120-140-96
(45,51): 119-140-98
(45,52): 118-140-100
(45,53): 118-140-99
(45,54): 118-140-92
(45,55): 118-139-95
(45,56): 118-137-90
(45,57): 119-136-89
(45,58): 119-136-89
(45,59): 119-135-90
(45,60): 119-134-90
(45,61): 120-133-89
(45,62): 119-133-92
(45,63): 119-133-92
(45,64): 120-134-95
(45,65): 120-135-97
(45,66): 121-136-97
(45,67): 121-135-94
(45,68): 121-135-104
(45,69): 122-136-97
(45,70): 121-138-107
(45,71): 121-138-99
(45,72): 121-139-102
(45,73): 121-139-97
(45,74): 119-139-106
(45,75): 118-138-99
(45,76): 116-139-103
(45,77): 116-138-102
(45,78): 115-139-108
(45,79): 117-138-105
(45,80): 117-137-109
(45,81): 119-136-106
(45,82): 119-136-109
(45,83): 121-136-107
(45,84): 119-136-111
(45,85): 120-135-108
(45,86): 119-136-110
(45,87): 121-135-108
(45,88): 118-135-108
(45,89): 119-133-107
(45,90): 117-134-109
(45,91): 119-134-109
(45,92): 118-135-109
(45,93): 119-135-108
(45,94): 117-135-112
(45,95): 118-135-108
(45,96): 116-135-113
(45,97): 117-134-109
(45,98): 116-134-113
(45,99): 118-134-111
(45,100): 116-135-111
(45,101): 118-133-109
(45,102): 117-133-111
(45,103): 118-133-111
(45,104): 118-134-111
(45,105): 118-135-108
(45,106): 116-136-111
(45,107): 116-136-106
(45,108): 115-135-111
(45,109): 115-135-110
(45,110): 115-135-112
(45,111): 116-134-109
(45,112): 116-134-111
(45,113): 118-134-109
(45,114): 118-133-107
(45,115): 119-134-107
(45,116): 117-135-106
(45,117): 118-134-104
(45,118): 116-134-107
(45,119): 118-133-104
(45,120): 117-134-107
(45,121): 119-133-104
(45,122): 117-133-108
(45,123): 119-133-105
(45,124): 119-132-108
(45,125): 120-129-101
(45,126): 123-125-89
(45,127): 127-119-74
(46,0): 121-135-52
(46,1): 120-135-61
(46,2): 120-134-70
(46,3): 118-135-74
(46,4): 120-136-77
(46,5): 120-135-84
(46,6): 119-136-79
(46,7): 120-137-79
(46,8): 121-137-82
(46,9): 119-137-83
(46,10): 118-139-80
(46,11): 118-139-86
(46,12): 117-141-93
(46,13): 115-143-92
(46,14): 117-143-96
(46,15): 115-144-92
(46,16): 116-142-94
(46,17): 116-142-98
(46,18): 117-141-92
(46,19): 117-141-88
(46,20): 117-143-76
(46,21): 116-142-77
(46,22): 116-142-82
(46,23): 113-143-85
(46,24): 116-140-89
(46,25): 116-141-76
(46,26): 119-140-78
(46,27): 121-139-79
(46,28): 123-141-82
(46,29): 122-141-82
(46,30): 124-142-86
(46,31): 124-142-85
(46,32): 125-142-86
(46,33): 123-140-89
(46,34): 123-140-89
(46,35): 122-138-95
(46,36): 119-140-99
(46,37): 116-139-94
(46,38): 117-138-92
(46,39): 117-136-86
(46,40): 118-137-79
(46,41): 120-136-78
(46,42): 120-138-81
(46,43): 120-137-88
(46,44): 119-137-92
(46,45): 118-137-98
(46,46): 118-139-92
(46,47): 118-138-100
(46,48): 118-139-98
(46,49): 119-138-102
(46,50): 117-140-96
(46,51): 117-138-101
(46,52): 115-141-95
(46,53): 116-139-99
(46,54): 116-140-93
(46,55): 118-137-96
(46,56): 116-138-88
(46,57): 119-136-91
(46,58): 118-137-89
(46,59): 118-135-89
(46,60): 117-136-85
(46,61): 118-134-87
(46,62): 118-134-92
(46,63): 118-134-93
(46,64): 117-135-87
(46,65): 118-135-90
(46,66): 119-136-92
(46,67): 120-135-92
(46,68): 120-137-92
(46,69): 122-136-90
(46,70): 121-139-95
(46,71): 120-138-89
(46,72): 120-141-90
(46,73): 121-139-92
(46,74): 119-142-98
(46,75): 118-141-97
(46,76): 115-145-93
(46,77): 116-141-100
(46,78): 115-143-101
(46,79): 115-139-104
(46,80): 116-140-106
(46,81): 120-136-109
(46,82): 121-135-112
(46,83): 123-134-113
(46,84): 123-135-113
(46,85): 123-134-114
(46,86): 124-134-115
(46,87): 124-132-114
(46,88): 122-133-112
(46,89): 122-131-115
(46,90): 122-132-112
(46,91): 123-131-114
(46,92): 122-133-111
(46,93): 122-132-113
(46,94): 121-133-113
(46,95): 120-133-110
(46,96): 120-134-111
(46,97): 121-132-111
(46,98): 121-134-112
(46,99): 121-132-114
(46,100): 121-134-112
(46,101): 121-133-112
(46,102): 121-133-111
(46,103): 121-132-112
(46,104): 120-135-108
(46,105): 119-134-107
(46,106): 117-136-108
(46,107): 117-134-106
(46,108): 116-137-103
(46,109): 117-134-107
(46,110): 118-134-111
(46,111): 119-133-112
(46,112): 119-134-109
(46,113): 121-132-107
(46,114): 121-133-104
(46,115): 122-131-110
(46,116): 122-133-110
(46,117): 121-132-110
(46,118): 121-133-108
(46,119): 121-132-108
(46,120): 122-133-109
(46,121): 123-132-107
(46,122): 123-133-109
(46,123): 123-132-108
(46,124): 124-131-112
(46,125): 124-129-109
(46,126): 128-124-100
(46,127): 132-121-94
(47,0): 119-134-62
(47,1): 119-133-63
(47,2): 120-132-67
(47,3): 119-134-74
(47,4): 120-135-72
(47,5): 120-136-77
(47,6): 119-135-77
(47,7): 119-136-79
(47,8): 119-135-82
(47,9): 119-136-83
(47,10): 118-136-83
(47,11): 117-138-87
(47,12): 116-140-93
(47,13): 115-141-91
(47,14): 116-140-91
(47,15): 116-139-91
(47,16): 116-139-91
(47,17): 117-138-92
(47,18): 118-139-83
(47,19): 118-139-86
(47,20): 116-139-80
(47,21): 116-140-80
(47,22): 114-141-83
(47,23): 115-141-86
(47,24): 115-140-89
(47,25): 118-139-83
(47,26): 119-139-86
(47,27): 121-139-85
(47,28): 121-139-87
(47,29): 121-139-84
(47,30): 121-140-87
(47,31): 122-139-86
(47,32): 122-140-87
(47,33): 122-139-91
(47,34): 121-137-94
(47,35): 121-138-93
(47,36): 119-139-93
(47,37): 118-138-91
(47,38): 116-137-91
(47,39): 117-136-86
(47,40): 117-137-88
(47,41): 120-137-84
(47,42): 119-137-83
(47,43): 120-136-81
(47,44): 118-137-86
(47,45): 119-137-91
(47,46): 117-138-89
(47,47): 118-138-92
(47,48): 117-139-92
(47,49): 117-140-97
(47,50): 116-141-96
(47,51): 116-142-96
(47,52): 114-145-92
(47,53): 115-142-91
(47,54): 113-143-88
(47,55): 116-140-86
(47,56): 116-141-83
(47,57): 118-139-83
(47,58): 116-139-83
(47,59): 118-137-81
(47,60): 116-137-83
(47,61): 118-137-83
(47,62): 117-137-86
(47,63): 117-137-85
(47,64): 116-137-86
(47,65): 117-136-85
(47,66): 116-138-91
(47,67): 119-139-90
(47,68): 120-140-96
(47,69): 121-142-97
(47,70): 121-141-100
(47,71): 121-142-92
(47,72): 119-143-96
(47,73): 120-145-94
(47,74): 118-148-98
(47,75): 118-150-102
(47,76): 116-153-106
(47,77): 116-152-106
(47,78): 115-151-111
(47,79): 116-148-110
(47,80): 119-144-122
(47,81): 122-140-120
(47,82): 124-135-123
(47,83): 126-135-122
(47,84): 126-134-123
(47,85): 127-134-121
(47,86): 127-134-121
(47,87): 127-133-121
(47,88): 127-132-121
(47,89): 126-132-120
(47,90): 126-131-120
(47,91): 126-132-121
(47,92): 127-132-120
(47,93): 126-132-121
(47,94): 125-132-121
(47,95): 125-132-119
(47,96): 125-132-122
(47,97): 125-133-121
(47,98): 126-133-121
(47,99): 126-133-121
(47,100): 125-133-119
(47,101): 125-133-118
(47,102): 125-133-117
(47,103): 125-134-117
(47,104): 123-135-114
(47,105): 122-136-109
(47,106): 120-138-115
(47,107): 120-138-107
(47,108): 119-137-112
(47,109): 120-135-111
(47,110): 121-135-116
(47,111): 122-134-117
(47,112): 123-133-115
(47,113): 125-133-111
(47,114): 125-133-111
(47,115): 126-133-116
(47,116): 126-133-117
(47,117): 125-132-117
(47,118): 126-132-118
(47,119): 126-132-117
(47,120): 127-131-119
(47,121): 127-132-119
(47,122): 128-131-120
(47,123): 127-132-120
(47,124): 129-131-121
(47,125): 128-130-117
(47,126): 134-125-102
(47,127): 135-121-92
(48,0): 117-133-52
(48,1): 116-133-58
(48,2): 117-132-67
(48,3): 117-133-76
(48,4): 118-134-75
(48,5): 118-135-75
(48,6): 118-135-78
(48,7): 117-134-80
(48,8): 115-135-78
(48,9): 116-135-81
(48,10): 116-136-83
(48,11): 116-137-86
(48,12): 115-138-91
(48,13): 115-138-87
(48,14): 113-139-84
(48,15): 115-136-91
(48,16): 116-137-87
(48,17): 118-135-91
(48,18): 116-138-80
(48,19): 116-136-87
(48,20): 114-138-84
(48,21): 115-137-90
(48,22): 114-140-85
(48,23): 115-140-81
(48,24): 116-140-83
(48,25): 118-138-87
(48,26): 120-138-85
(48,27): 121-138-80
(48,28): 120-139-84
(48,29): 121-137-85
(48,30): 119-139-85
(48,31): 119-138-90
(48,32): 120-140-86
(48,33): 121-138-90
(48,34): 120-139-89
(48,35): 119-139-90
(48,36): 118-139-90
(48,37): 118-137-91
(48,38): 117-138-86
(48,39): 118-137-87
(48,40): 120-138-83
(48,41): 121-137-80
(48,42): 120-138-80
(48,43): 120-137-80
(48,44): 120-138-81
(48,45): 120-136-90
(48,46): 119-138-90
(48,47): 119-138-93
(48,48): 118-140-91
(48,49): 118-141-99
(48,50): 118-142-98
(48,51): 118-145-100
(48,52): 118-145-100
(48,53): 116-146-95
(48,54): 117-145-84
(48,55): 117-144-82
(48,56): 118-143-79
(48,57): 119-142-74
(48,58): 119-141-73
(48,59): 118-140-77
(48,60): 118-139-81
(48,61): 116-140-80
(48,62): 117-140-78
(48,63): 116-140-75
(48,64): 116-139-86
(48,65): 114-140-89
(48,66): 116-140-87
(48,67): 118-143-83
(48,68): 121-144-94
(48,69): 121-145-91
(48,70): 121-145-94
(48,71): 120-146-91
(48,72): 120-147-91
(48,73): 119-150-92
(48,74): 118-153-97
(48,75): 117-159-106
(48,76): 119-160-120
(48,77): 114-164-110
(48,78): 115-160-114
(48,79): 114-157-112
(48,80): 120-149-129
(48,81): 124-144-122
(48,82): 126-138-125
(48,83): 130-136-128
(48,84): 131-134-128
(48,85): 130-134-127
(48,86): 130-134-124
(48,87): 130-133-122
(48,88): 131-131-126
(48,89): 130-132-122
(48,90): 130-131-124
(48,91): 130-132-123
(48,92): 130-132-126
(48,93): 130-132-124
(48,94): 129-133-124
(48,95): 128-133-125
(48,96): 128-133-126
(48,97): 128-134-125
(48,98): 129-134-126
(48,99): 129-134-126
(48,100): 129-134-126
(48,101): 128-134-125
(48,102): 128-134-125
(48,103): 128-135-124
(48,104): 127-136-121
(48,105): 125-138-114
(48,106): 123-140-116
(48,107): 121-142-103
(48,108): 123-139-119
(48,109): 122-138-119
(48,110): 125-136-121
(48,111): 126-134-121
(48,112): 127-134-120
(48,113): 127-133-121
(48,114): 128-133-120
(48,115): 128-133-121
(48,116): 129-133-121
(48,117): 129-133-121
(48,118): 129-133-122
(48,119): 129-132-121
(48,120): 129-132-120
(48,121): 130-132-120
(48,122): 130-133-122
(48,123): 129-133-122
(48,124): 130-132-126
(48,125): 131-131-123
(48,126): 135-125-117
(48,127): 138-122-103
(49,0): 118-133-60
(49,1): 115-131-62
(49,2): 115-132-72
(49,3): 116-131-73
(49,4): 116-134-75
(49,5): 116-134-75
(49,6): 115-135-77
(49,7): 115-135-78
(49,8): 114-135-80
(49,9): 115-135-81
(49,10): 114-137-87
(49,11): 115-138-87
(49,12): 113-140-91
(49,13): 114-138-85
(49,14): 113-139-88
(49,15): 115-138-85
(49,16): 116-138-82
(49,17): 117-138-88
(49,18): 115-138-80
(49,19): 114-137-80
(49,20): 112-139-85
(49,21): 114-139-86
(49,22): 114-140-86
(49,23): 116-139-77
(49,24): 117-138-78
(49,25): 119-139-82
(49,26): 120-137-82
(49,27): 121-138-80
(49,28): 120-138-85
(49,29): 120-139-85
(49,30): 119-139-85
(49,31): 119-139-82
(49,32): 118-140-81
(49,33): 119-140-88
(49,34): 119-142-86
(49,35): 119-141-88
(49,36): 119-140-91
(49,37): 120-141-87
(49,38): 120-139-84
(49,39): 121-139-82
(49,40): 121-139-74
(49,41): 122-139-74
(49,42): 121-138-79
(49,43): 121-138-82
(49,44): 122-137-85
(49,45): 122-139-86
(49,46): 121-140-86
(49,47): 121-141-87
(49,48): 120-142-89
(49,49): 120-144-93
(49,50): 121-145-96
(49,51): 120-146-99
(49,52): 120-146-90
(49,53): 119-147-87
(49,54): 119-146-79
(49,55): 120-146-77
(49,56): 119-144-73
(49,57): 120-143-70
(49,58): 120-141-70
(49,59): 121-141-74
(49,60): 119-138-77
(49,61): 118-139-79
(49,62): 116-140-79
(49,63): 117-140-76
(49,64): 116-139-86
(49,65): 115-139-90
(49,66): 117-140-92
(49,67): 119-143-87
(49,68): 119-146-90
(49,69): 121-147-89
(49,70): 121-147-89
(49,71): 122-149-91
(49,72): 121-148-90
(49,73): 121-152-91
(49,74): 119-154-94
(49,75): 117-162-106
(49,76): 115-169-109
(49,77): 115-168-111
(49,78): 114-167-118
(49,79): 116-160-121
(49,80): 121-152-140
(49,81): 125-145-135
(49,82): 130-138-134
(49,83): 132-136-135
(49,84): 133-134-132
(49,85): 133-134-132
(49,86): 134-133-127
(49,87): 133-132-125
(49,88): 134-130-124
(49,89): 132-131-122
(49,90): 134-131-121
(49,91): 132-132-121
(49,92): 133-132-124
(49,93): 132-133-126
(49,94): 133-133-126
(49,95): 131-134-130
(49,96): 132-134-128
(49,97): 131-134-128
(49,98): 132-134-128
(49,99): 131-135-130
(49,100): 132-133-128
(49,101): 132-134-129
(49,102): 132-133-127
(49,103): 131-134-128
(49,104): 131-134-128
(49,105): 128-137-127
(49,106): 127-138-123
(49,107): 125-139-111
(49,108): 124-138-124
(49,109): 126-137-125
(49,110): 128-135-123
(49,111): 129-135-123
(49,112): 130-133-122
(49,113): 130-134-127
(49,114): 131-134-124
(49,115): 131-134-123
(49,116): 131-134-122
(49,117): 131-134-125
(49,118): 131-134-123
(49,119): 131-134-124
(49,120): 131-133-123
(49,121): 131-134-123
(49,122): 131-134-123
(49,123): 130-135-125
(49,124): 132-134-125
(49,125): 132-133-122
(49,126): 137-128-105
(49,127): 138-122-92
(50,0): 117-133-49
(50,1): 115-132-59
(50,2): 116-132-66
(50,3): 116-132-72
(50,4): 116-133-74
(50,5): 116-133-74
(50,6): 115-135-75
(50,7): 115-135-76
(50,8): 115-136-77
(50,9): 115-137-78
(50,10): 115-138-80
(50,11): 116-139-80
(50,12): 114-140-83
(50,13): 114-140-84
(50,14): 115-141-86
(50,15): 116-141-83
(50,16): 116-141-82
(50,17): 117-139-88
(50,18): 115-139-84
(50,19): 114-139-89
(50,20): 115-140-83
(50,21): 115-141-78
(50,22): 116-140-82
(50,23): 115-140-76
(50,24): 117-139-74
(50,25): 119-138-73
(50,26): 120-138-75
(50,27): 120-137-75
(50,28): 120-139-78
(50,29): 120-139-80
(50,30): 120-141-81
(50,31): 120-139-85
(50,32): 118-141-84
(50,33): 118-141-97
(50,34): 119-143-92
(50,35): 118-144-88
(50,36): 119-143-89
(50,37): 120-143-82
(50,38): 122-142-83
(50,39): 121-140-83
(50,40): 121-141-74
(50,41): 121-139-74
(50,42): 121-140-75
(50,43): 121-139-78
(50,44): 121-140-81
(50,45): 120-141-77
(50,46): 121-142-80
(50,47): 121-144-80
(50,48): 122-146-83
(50,49): 120-148-85
(50,50): 123-146-99
(50,51): 121-147-96
(50,52): 121-147-87
(50,53): 120-148-86
(50,54): 121-148-82
(50,55): 120-147-75
(50,56): 120-147-72
(50,57): 120-144-71
(50,58): 122-143-69
(50,59): 120-141-72
(50,60): 119-139-77
(50,61): 116-140-83
(50,62): 118-140-81
(50,63): 116-141-75
(50,64): 116-141-81
(50,65): 116-140-88
(50,66): 117-141-88
(50,67): 119-144-86
(50,68): 121-146-88
(50,69): 120-148-87
(50,70): 121-149-88
(50,71): 121-149-88
(50,72): 121-150-90
(50,73): 119-152-95
(50,74): 118-156-97
(50,75): 117-163-111
(50,76): 117-168-120
(50,77): 113-173-116
(50,78): 118-167-133
(50,79): 115-165-121
(50,80): 121-154-135
(50,81): 127-146-132
(50,82): 130-140-132
(50,83): 133-136-132
(50,84): 134-135-132
(50,85): 134-134-130
(50,86): 135-132-130
(50,87): 133-131-119
(50,88): 132-131-105
(50,89): 133-130-102
(50,90): 132-132-104
(50,91): 132-132-106
(50,92): 133-134-112
(50,93): 132-134-116
(50,94): 133-134-126
(50,95): 132-134-128
(50,96): 132-134-130
(50,97): 132-134-130
(50,98): 132-135-129
(50,99): 131-134-126
(50,100): 132-134-128
(50,101): 133-133-128
(50,102): 133-133-128
(50,103): 133-134-128
(50,104): 132-134-127
(50,105): 130-136-121
(50,106): 128-137-121
(50,107): 125-137-112
(50,108): 126-137-119
(50,109): 128-136-122
(50,110): 130-135-124
(50,111): 131-134-125
(50,112): 132-134-124
(50,113): 132-134-125
(50,114): 133-134-126
(50,115): 132-135-124
(50,116): 133-134-125
(50,117): 133-134-124
(50,118): 132-134-125
(50,119): 132-134-124
(50,120): 132-134-125
(50,121): 131-135-124
(50,122): 131-135-123
(50,123): 129-136-123
(50,124): 132-135-129
(50,125): 132-134-123
(50,126): 135-127-113
(50,127): 139-122-102
(51,0): 119-132-53
(51,1): 117-133-55
(51,2): 117-133-62
(51,3): 117-133-69
(51,4): 116-133-72
(51,5): 116-134-70
(51,6): 116-134-74
(51,7): 116-136-71
(51,8): 116-137-70
(51,9): 116-138-71
(51,10): 116-139-72
(51,11): 117-140-74
(51,12): 117-141-81
(51,13): 116-142-81
(51,14): 116-143-81
(51,15): 117-142-82
(51,16): 116-142-81
(51,17): 117-141-81
(51,18): 116-140-82
(51,19): 118-140-84
(51,20): 117-142-77
(51,21): 117-141-76
(51,22): 116-140-82
(51,23): 117-139-78
(51,24): 118-138-81
(51,25): 119-138-76
(51,26): 119-138-79
(51,27): 120-139-80
(51,28): 120-139-82
(51,29): 121-141-81
(51,30): 120-144-85
(51,31): 121-144-89
(51,32): 120-143-87
(51,33): 119-144-92
(51,34): 118-146-89
(51,35): 120-145-88
(51,36): 118-144-96
(51,37): 120-144-88
(51,38): 121-143-77
(51,39): 122-142-80
(51,40): 121-140-79
(51,41): 122-140-77
(51,42): 121-139-79
(51,43): 121-140-79
(51,44): 121-141-81
(51,45): 121-142-75
(51,46): 121-143-77
(51,47): 123-145-78
(51,48): 122-146-81
(51,49): 122-147-85
(51,50): 122-146-94
(51,51): 123-146-96
(51,52): 123-147-86
(51,53): 123-147-84
(51,54): 121-148-80
(51,55): 121-147-75
(51,56): 122-146-73
(51,57): 123-144-72
(51,58): 122-142-71
(51,59): 121-139-81
(51,60): 120-137-83
(51,61): 118-137-85
(51,62): 117-139-82
(51,63): 117-140-79
(51,64): 117-140-82
(51,65): 118-140-84
(51,66): 119-141-85
(51,67): 120-144-87
(51,68): 120-146-83
(51,69): 121-147-84
(51,70): 120-148-85
(51,71): 121-148-87
(51,72): 120-148-88
(51,73): 120-151-95
(51,74): 119-153-96
(51,75): 117-161-110
(51,76): 115-170-115
(51,77): 114-169-120
(51,78): 114-168-130
(51,79): 118-162-128
(51,80): 123-154-138
(51,81): 127-147-138
(51,82): 132-138-137
(51,83): 134-136-134
(51,84): 135-135-133
(51,85): 135-134-131
(51,86): 134-133-126
(51,87): 134-131-115
(51,88): 132-129-98
(51,89): 132-130-89
(51,90): 129-132-95
(51,91): 131-133-96
(51,92): 131-134-100
(51,93): 132-134-112
(51,94): 132-134-124
(51,95): 133-134-129
(51,96): 134-134-130
(51,97): 133-135-131
(51,98): 132-135-129
(51,99): 132-134-123
(51,100): 132-134-128
(51,101): 133-133-129
(51,102): 134-133-128
(51,103): 133-134-130
(51,104): 132-134-127
(51,105): 130-135-124
(51,106): 128-136-125
(51,107): 127-137-117
(51,108): 127-136-123
(51,109): 129-135-122
(51,110): 131-134-124
(51,111): 132-134-126
(51,112): 133-134-125
(51,113): 133-134-125
(51,114): 133-134-124
(51,115): 133-134-126
(51,116): 133-134-125
(51,117): 133-134-126
(51,118): 133-134-124
(51,119): 132-134-124
(51,120): 132-135-124
(51,121): 131-135-124
(51,122): 130-135-123
(51,123): 129-136-121
(51,124): 130-136-123
(51,125): 131-134-120
(51,126): 137-128-102
(51,127): 137-123-90
(52,0): 119-134-46
(52,1): 116-135-52
(52,2): 118-133-63
(52,3): 116-134-67
(52,4): 117-134-66
(52,5): 116-135-66
(52,6): 117-136-68
(52,7): 116-137-66
(52,8): 117-139-64
(52,9): 116-139-65
(52,10): 117-141-66
(52,11): 117-142-68
(52,12): 118-142-77
(52,13): 116-144-76
(52,14): 117-143-82
(52,15): 117-143-83
(52,16): 118-142-85
(52,17): 118-143-84
(52,18): 120-141-84
(52,19): 121-141-84
(52,20): 121-141-80
(52,21): 118-142-74
(52,22): 118-142-73
(52,23): 118-140-73
(52,24): 117-139-78
(52,25): 117-139-74
(52,26): 118-139-77
(52,27): 118-140-79
(52,28): 118-143-80
(52,29): 120-144-83
(52,30): 122-147-90
(52,31): 120-147-91
(52,32): 121-146-93
(52,33): 119-147-96
(52,34): 121-146-96
(52,35): 123-146-96
(52,36): 123-144-100
(52,37): 121-143-95
(52,38): 122-144-80
(52,39): 122-142-80
(52,40): 122-142-79
(52,41): 121-141-77
(52,42): 121-142-74
(52,43): 121-142-74
(52,44): 121-142-78
(52,45): 121-143-75
(52,46): 122-145-75
(52,47): 122-146-74
(52,48): 122-147-80
(52,49): 121-146-84
(52,50): 122-146-92
(52,51): 124-146-98
(52,52): 124-146-90
(52,53): 123-147-86
(52,54): 121-148-80
(52,55): 120-148-78
(52,56): 122-147-74
(52,57): 123-144-73
(52,58): 121-142-80
(52,59): 120-138-93
(52,60): 119-137-87
(52,61): 119-136-90
(52,62): 117-138-81
(52,63): 117-139-81
(52,64): 118-140-83
(52,65): 117-142-83
(52,66): 118-141-86
(52,67): 119-144-85
(52,68): 120-146-84
(52,69): 120-147-85
(52,70): 121-147-87
(52,71): 120-146-91
(52,72): 120-148-88
(52,73): 119-149-97
(52,74): 117-154-95
(52,75): 117-159-112
(52,76): 118-162-128
(52,77): 114-166-124
(52,78): 116-162-134
(52,79): 118-159-132
(52,80): 124-151-142
(52,81): 129-146-133
(52,82): 131-139-130
(52,83): 134-136-133
(52,84): 135-135-131
(52,85): 135-133-128
(52,86): 134-132-123
(52,87): 133-131-116
(52,88): 131-132-95
(52,89): 128-132-89
(52,90): 128-135-82
(52,91): 127-134-86
(52,92): 129-136-93
(52,93): 130-134-107
(52,94): 130-134-119
(52,95): 132-134-124
(52,96): 133-133-128
(52,97): 133-134-126
(52,98): 133-134-126
(52,99): 132-135-122
(52,100): 133-134-125
(52,101): 134-134-126
(52,102): 134-133-128
(52,103): 134-133-128
(52,104): 132-134-125
(52,105): 131-134-121
(52,106): 128-136-119
(52,107): 127-136-113
(52,108): 129-136-119
(52,109): 130-135-118
(52,110): 131-135-121
(52,111): 132-134-124
(52,112): 132-134-124
(52,113): 132-134-123
(52,114): 133-134-123
(52,115): 133-134-123
(52,116): 133-134-124
(52,117): 132-134-123
(52,118): 132-134-122
(52,119): 132-134-123
(52,120): 132-134-123
(52,121): 131-134-121
(52,122): 130-135-119
(52,123): 128-136-121
(52,124): 130-135-124
(52,125): 131-134-119
(52,126): 135-127-112
(52,127): 136-124-99
(53,0): 120-134-50
(53,1): 119-134-55
(53,2): 118-133-66
(53,3): 118-134-63
(53,4): 118-134-63
(53,5): 118-135-67
(53,6): 118-135-68
(53,7): 118-138-64
(53,8): 117-139-62
(53,9): 118-138-63
(53,10): 118-139-70
(53,11): 119-141-72
(53,12): 117-142-76
(53,13): 118-142-75
(53,14): 117-143-80
(53,15): 119-142-82
(53,16): 119-141-84
(53,17): 120-142-86
(53,18): 123-141-85
(53,19): 123-142-89
(53,20): 122-141-81
(53,21): 121-141-75
(53,22): 119-141-72
(53,23): 119-140-76
(53,24): 118-139-84
(53,25): 118-139-79
(53,26): 117-138-81
(53,27): 118-141-80
(53,28): 119-144-85
(53,29): 120-147-87
(53,30): 120-150-89
(53,31): 121-148-90
(53,32): 121-147-94
(53,33): 122-145-97
(53,34): 124-144-101
(53,35): 123-146-106
(53,36): 126-145-88
(53,37): 124-144-86
(53,38): 123-144-78
(53,39): 123-143-76
(53,40): 121-144-74
(53,41): 121-143-76
(53,42): 121-141-76
(53,43): 121-142-75
(53,44): 122-142-76
(53,45): 122-143-75
(53,46): 122-144-75
(53,47): 122-146-75
(53,48): 121-146-81
(53,49): 122-146-83
(53,50): 124-144-89
(53,51): 124-145-97
(53,52): 124-147-85
(53,53): 123-148-86
(53,54): 122-149-82
(53,55): 122-148-78
(53,56): 121-148-74
(53,57): 123-145-76
(53,58): 121-140-80
(53,59): 121-138-88
(53,60): 121-138-83
(53,61): 120-137-89
(53,62): 119-137-82
(53,63): 118-139-81
(53,64): 118-138-84
(53,65): 117-139-88
(53,66): 119-138-89
(53,67): 119-141-84
(53,68): 119-144-80
(53,69): 121-145-83
(53,70): 120-145-83
(53,71): 121-145-88
(53,72): 119-145-85
(53,73): 119-146-91
(53,74): 117-150-94
(53,75): 117-154-108
(53,76): 115-159-118
(53,77): 116-159-127
(53,78): 117-158-137
(53,79): 120-153-137
(53,80): 124-149-141
(53,81): 129-143-135
(53,82): 132-137-132
(53,83): 134-136-132
(53,84): 135-134-130
(53,85): 134-133-127
(53,86): 135-132-120
(53,87): 134-132-113
(53,88): 131-130-93
(53,89): 130-132-82
(53,90): 126-133-77
(53,91): 128-133-77
(53,92): 126-135-89
(53,93): 129-135-101
(53,94): 130-135-119
(53,95): 131-134-126
(53,96): 133-134-129
(53,97): 133-133-127
(53,98): 133-134-128
(53,99): 133-134-126
(53,100): 134-133-127
(53,101): 134-134-127
(53,102): 134-134-126
(53,103): 133-133-126
(53,104): 132-134-125
(53,105): 131-136-123
(53,106): 129-136-122
(53,107): 129-136-114
(53,108): 129-136-119
(53,109): 130-135-119
(53,110): 131-134-121
(53,111): 131-135-124
(53,112): 131-134-122
(53,113): 131-134-122
(53,114): 131-134-121
(53,115): 131-135-123
(53,116): 132-133-122
(53,117): 131-133-122
(53,118): 132-133-122
(53,119): 131-134-122
(53,120): 131-134-120
(53,121): 130-135-119
(53,122): 129-134-118
(53,123): 128-135-118
(53,124): 130-134-116
(53,125): 129-132-117
(53,126): 133-128-98
(53,127): 134-123-84
(54,0): 121-134-44
(54,1): 119-135-48
(54,2): 119-134-60
(54,3): 118-135-60
(54,4): 120-135-64
(54,5): 118-136-67
(54,6): 119-136-66
(54,7): 118-137-66
(54,8): 119-138-67
(54,9): 118-139-69
(54,10): 119-139-70
(54,11): 120-139-71
(54,12): 119-140-76
(54,13): 119-140-80
(54,14): 119-141-81
(54,15): 119-141-82
(54,16): 120-141-84
(54,17): 121-141-87
(54,18): 122-141-88
(54,19): 122-141-88
(54,20): 121-142-81
(54,21): 120-141-79
(54,22): 119-142-76
(54,23): 118-141-79
(54,24): 118-140-83
(54,25): 117-139-80
(54,26): 116-141-77
(54,27): 117-143-82
(54,28): 119-146-87
(54,29): 119-149-87
(54,30): 121-150-94
(54,31): 121-150-93
(54,32): 122-147-100
(54,33): 123-146-104
(54,34): 123-143-105
(54,35): 123-143-104
(54,36): 123-145-85
(54,37): 124-144-79
(54,38): 124-145-76
(54,39): 122-144-78
(54,40): 122-144-76
(54,41): 120-143-79
(54,42): 120-142-77
(54,43): 120-142-78
(54,44): 121-143-76
(54,45): 122-143-75
(54,46): 121-144-75
(54,47): 121-145-76
(54,48): 121-145-82
(54,49): 121-145-86
(54,50): 123-145-90
(54,51): 125-144-101
(54,52): 124-147-91
(54,53): 121-148-92
(54,54): 121-149-87
(54,55): 120-149-84
(54,56): 121-148-78
(54,57): 121-143-80
(54,58): 121-141-82
(54,59): 121-139-95
(54,60): 122-138-94
(54,61): 120-138-95
(54,62): 119-138-87
(54,63): 117-137-82
(54,64): 115-138-84
(54,65): 115-137-91
(54,66): 116-138-88
(54,67): 118-140-85
(54,68): 120-143-82
(54,69): 120-142-86
(54,70): 120-144-85
(54,71): 121-142-92
(54,72): 120-144-87
(54,73): 119-144-99
(54,74): 118-148-97
(54,75): 118-149-110
(54,76): 116-153-112
(54,77): 117-153-126
(54,78): 120-152-136
(54,79): 123-149-131
(54,80): 125-145-131
(54,81): 130-140-131
(54,82): 132-138-129
(54,83): 133-136-130
(54,84): 134-134-130
(54,85): 134-133-128
(54,86): 134-132-121
(54,87): 133-131-116
(54,88): 130-132-98
(54,89): 127-133-88
(54,90): 125-135-79
(54,91): 124-134-84
(54,92): 126-137-85
(54,93): 127-136-95
(54,94): 130-135-115
(54,95): 131-135-120
(54,96): 133-134-125
(54,97): 133-134-124
(54,98): 133-134-124
(54,99): 133-133-125
(54,100): 133-134-125
(54,101): 132-134-124
(54,102): 133-134-124
(54,103): 132-134-123
(54,104): 131-135-122
(54,105): 130-135-119
(54,106): 129-136-119
(54,107): 128-136-113
(54,108): 128-136-115
(54,109): 129-135-119
(54,110): 130-135-119
(54,111): 130-134-120
(54,112): 129-134-120
(54,113): 128-134-120
(54,114): 128-134-119
(54,115): 127-134-118
(54,116): 128-134-117
(54,117): 129-133-119
(54,118): 129-134-118
(54,119): 130-133-119
(54,120): 129-134-118
(54,121): 128-134-116
(54,122): 127-135-115
(54,123): 125-135-116
(54,124): 125-133-115
(54,125): 125-132-116
(54,126): 127-127-98
(54,127): 130-124-87
(55,0): 122-134-50
(55,1): 121-134-52
(55,2): 121-133-61
(55,3): 121-133-63
(55,4): 120-133-66
(55,5): 121-134-65
(55,6): 120-135-64
(55,7): 121-136-66
(55,8): 120-136-71
(55,9): 121-137-74
(55,10): 121-137-74
(55,11): 122-138-74
(55,12): 121-138-78
(55,13): 121-139-82
(55,14): 121-139-82
(55,15): 120-139-84
(55,16): 120-140-85
(55,17): 120-140-86
(55,18): 120-140-86
(55,19): 121-141-84
(55,20): 120-142-80
(55,21): 120-142-81
(55,22): 119-141-79
(55,23): 119-141-81
(55,24): 118-141-82
(55,25): 117-141-84
(55,26): 117-140-88
(55,27): 117-144-84
(55,28): 117-148-87
(55,29): 120-149-87
(55,30): 120-151-92
(55,31): 123-148-97
(55,32): 124-145-105
(55,33): 123-145-108
(55,34): 123-143-95
(55,35): 123-143-84
(55,36): 122-145-78
(55,37): 124-145-78
(55,38): 123-144-74
(55,39): 123-144-76
(55,40): 121-143-75
(55,41): 121-143-76
(55,42): 120-142-75
(55,43): 121-142-76
(55,44): 120-141-78
(55,45): 121-142-80
(55,46): 121-143-80
(55,47): 121-143-78
(55,48): 121-144-82
(55,49): 123-144-85
(55,50): 124-143-87
(55,51): 124-144-101
(55,52): 123-147-89
(55,53): 122-149-90
(55,54): 120-151-88
(55,55): 120-149-86
(55,56): 119-148-78
(55,57): 122-144-77
(55,58): 121-140-82
(55,59): 122-138-95
(55,60): 122-138-93
(55,61): 120-137-95
(55,62): 118-137-87
(55,63): 116-137-86
(55,64): 114-136-91
(55,65): 114-136-88
(55,66): 116-137-90
(55,67): 118-140-88
(55,68): 118-141-82
(55,69): 120-142-83
(55,70): 120-142-86
(55,71): 122-142-90
(55,72): 122-142-88
(55,73): 121-144-96
(55,74): 119-146-96
(55,75): 119-147-106
(55,76): 118-149-109
(55,77): 120-149-117
(55,78): 122-148-122
(55,79): 125-145-126
(55,80): 128-141-126
(55,81): 131-139-129
(55,82): 132-136-130
(55,83): 133-135-129
(55,84): 134-134-128
(55,85): 134-134-128
(55,86): 134-132-121
(55,87): 132-132-117
(55,88): 129-131-103
(55,89): 129-131-90
(55,90): 124-134-85
(55,91): 126-134-83
(55,92): 124-136-91
(55,93): 127-135-96
(55,94): 129-135-115
(55,95): 130-135-122
(55,96): 133-134-125
(55,97): 132-134-127
(55,98): 133-133-125
(55,99): 132-134-125
(55,100): 132-135-124
(55,101): 131-135-122
(55,102): 130-135-122
(55,103): 130-135-123
(55,104): 130-135-123
(55,105): 129-136-120
(55,106): 129-136-120
(55,107): 128-136-115
(55,108): 128-135-115
(55,109): 128-135-117
(55,110): 128-135-116
(55,111): 127-135-119
(55,112): 127-134-117
(55,113): 125-135-117
(55,114): 124-135-116
(55,115): 124-135-113
(55,116): 124-135-116
(55,117): 125-135-117
(55,118): 126-134-118
(55,119): 127-134-117
(55,120): 126-135-116
(55,121): 126-136-115
(55,122): 124-136-110
(55,123): 122-135-112
(55,124): 121-135-108
(55,125): 121-132-102
(55,126): 123-128-84
(55,127): 127-122-71
(56,0): 120-134-44
(56,1): 121-134-49
(56,2): 123-132-62
(56,3): 123-131-68
(56,4): 123-132-72
(56,5): 123-132-71
(56,6): 122-133-72
(56,7): 121-134-72
(56,8): 122-135-74
(56,9): 122-134-78
(56,10): 122-135-78
(56,11): 121-136-79
(56,12): 122-137-80
(56,13): 122-137-79
(56,14): 120-138-82
(56,15): 119-139-84
(56,16): 119-139-83
(56,17): 119-139-83
(56,18): 120-140-81
(56,19): 120-141-85
(56,20): 119-141-85
(56,21): 119-142-85
(56,22): 118-142-81
(56,23): 117-141-82
(56,24): 116-142-81
(56,25): 116-143-82
(56,26): 117-144-85
(56,27): 116-147-85
(56,28): 118-148-90
(56,29): 119-149-87
(56,30): 122-148-96
(56,31): 124-146-98
(56,32): 124-144-102
(56,33): 123-143-98
(56,34): 121-144-87
(56,35): 120-145-80
(56,36): 122-146-80
(56,37): 122-145-78
(56,38): 123-144-76
(56,39): 122-143-77
(56,40): 121-144-76
(56,41): 120-143-79
(56,42): 119-142-78
(56,43): 119-142-78
(56,44): 119-142-77
(56,45): 120-141-80
(56,46): 121-142-80
(56,47): 121-142-80
(56,48): 121-143-82
(56,49): 122-143-87
(56,50): 122-143-93
(56,51): 122-144-109
(56,52): 122-147-100
(56,53): 120-150-100
(56,54): 120-151-98
(56,55): 118-150-93
(56,56): 120-148-87
(56,57): 120-144-83
(56,58): 121-142-83
(56,59): 123-138-99
(56,60): 121-137-99
(56,61): 119-137-98
(56,62): 116-137-91
(56,63): 114-136-89
(56,64): 113-137-90
(56,65): 113-138-88
(56,66): 115-138-91
(56,67): 117-138-92
(56,68): 119-141-86
(56,69): 119-141-85
(56,70): 119-144-86
(56,71): 121-141-93
(56,72): 120-144-91
(56,73): 120-144-100
(56,74): 120-146-101
(56,75): 118-146-112
(56,76): 120-146-113
(56,77): 122-144-120
(56,78): 124-144-119
(56,79): 127-140-124
(56,80): 128-139-123
(56,81): 131-136-126
(56,82): 132-136-128
(56,83): 132-134-127
(56,84): 132-134-126
(56,85): 133-134-126
(56,86): 133-133-123
(56,87): 131-132-117
(56,88): 130-132-109
(56,89): 128-132-102
(56,90): 126-134-92
(56,91): 125-135-88
(56,92): 126-136-92
(56,93): 127-135-99
(56,94): 128-135-112
(56,95): 131-134-119
(56,96): 131-134-123
(56,97): 130-135-123
(56,98): 130-135-122
(56,99): 130-135-121
(56,100): 130-136-121
(56,101): 129-136-118
(56,102): 129-136-118
(56,103): 129-136-120
(56,104): 127-136-119
(56,105): 126-137-115
(56,106): 126-137-116
(56,107): 126-136-111
(56,108): 126-136-113
(56,109): 125-136-115
(56,110): 124-136-115
(56,111): 123-136-115
(56,112): 122-136-114
(56,113): 121-135-114
(56,114): 120-136-110
(56,115): 119-137-109
(56,116): 120-137-112
(56,117): 121-136-111
(56,118): 124-136-114
(56,119): 125-135-114
(56,120): 125-136-113
(56,121): 123-136-113
(56,122): 121-137-111
(56,123): 119-136-113
(56,124): 118-135-110
(56,125): 118-134-108
(56,126): 120-128-95
(56,127): 124-124-91
(57,0): 122-132-58
(57,1): 122-132-58
(57,2): 124-132-64
(57,3): 124-131-77
(57,4): 125-130-84
(57,5): 124-131-84
(57,6): 123-131-86
(57,7): 122-132-82
(57,8): 122-134-82
(57,9): 123-134-86
(57,10): 123-135-86
(57,11): 122-136-84
(57,12): 121-137-83
(57,13): 121-137-84
(57,14): 120-138-84
(57,15): 119-138-82
(57,16): 118-139-78
(57,17): 119-139-79
(57,18): 119-139-77
(57,19): 119-140-83
(57,20): 118-141-83
(57,21): 118-142-82
(57,22): 117-143-82
(57,23): 117-142-82
(57,24): 116-141-82
(57,25): 115-143-81
(57,26): 115-144-83
(57,27): 117-146-84
(57,28): 117-148-86
(57,29): 119-146-92
(57,30): 123-145-96
(57,31): 123-145-102
(57,32): 124-142-96
(57,33): 122-141-92
(57,34): 121-142-91
(57,35): 121-144-82
(57,36): 120-145-81
(57,37): 121-144-77
(57,38): 121-144-76
(57,39): 122-143-77
(57,40): 121-143-76
(57,41): 120-142-78
(57,42): 119-142-82
(57,43): 119-142-80
(57,44): 119-141-83
(57,45): 120-141-81
(57,46): 120-141-81
(57,47): 121-142-84
(57,48): 121-140-87
(57,49): 122-141-90
(57,50): 122-142-88
(57,51): 122-143-100
(57,52): 120-148-97
(57,53): 120-150-102
(57,54): 118-151-99
(57,55): 119-149-97
(57,56): 119-147-96
(57,57): 121-145-89
(57,58): 122-142-87
(57,59): 122-140-98
(57,60): 121-137-97
(57,61): 118-137-98
(57,62): 116-137-98
(57,63): 114-137-93
(57,64): 114-137-94
(57,65): 114-137-91
(57,66): 115-137-95
(57,67): 117-139-92
(57,68): 117-141-90
(57,69): 119-143-91
(57,70): 119-145-95
(57,71): 120-144-96
(57,72): 120-143-95
(57,73): 120-144-98
(57,74): 119-146-97
(57,75): 120-145-104
(57,76): 122-145-109
(57,77): 124-143-121
(57,78): 127-139-122
(57,79): 127-138-125
(57,80): 129-136-126
(57,81): 131-137-128
(57,82): 131-135-128
(57,83): 130-135-127
(57,84): 130-135-127
(57,85): 130-135-126
(57,86): 130-134-122
(57,87): 130-133-119
(57,88): 129-132-117
(57,89): 128-133-113
(57,90): 128-132-103
(57,91): 127-133-96
(57,92): 127-135-98
(57,93): 128-137-105
(57,94): 129-135-116
(57,95): 129-136-121
(57,96): 129-135-122
(57,97): 128-135-122
(57,98): 128-135-122
(57,99): 128-136-122
(57,100): 127-135-119
(57,101): 128-136-114
(57,102): 126-137-115
(57,103): 126-137-117
(57,104): 125-137-116
(57,105): 124-137-114
(57,106): 124-136-115
(57,107): 124-137-114
(57,108): 123-136-113
(57,109): 122-137-112
(57,110): 120-137-112
(57,111): 119-136-110
(57,112): 118-137-111
(57,113): 119-136-109
(57,114): 116-137-108
(57,115): 117-137-106
(57,116): 116-138-112
(57,117): 119-137-106
(57,118): 120-137-111
(57,119): 122-137-114
(57,120): 122-136-109
(57,121): 121-136-108
(57,122): 118-138-108
(57,123): 117-137-107
(57,124): 116-137-104
(57,125): 117-134-99
(57,126): 121-129-83
(57,127): 124-123-76
(58,0): 120-132-51
(58,1): 120-132-57
(58,2): 123-131-65
(58,3): 124-131-72
(58,4): 124-130-82
(58,5): 124-130-82
(58,6): 122-131-84
(58,7): 121-132-87
(58,8): 122-134-86
(58,9): 122-134-88
(58,10): 123-135-87
(58,11): 122-136-85
(58,12): 121-136-83
(58,13): 120-136-88
(58,14): 119-137-84
(58,15): 119-137-85
(58,16): 119-138-82
(58,17): 118-138-84
(58,18): 118-139-78
(58,19): 118-139-83
(58,20): 118-141-83
(58,21): 117-143-81
(58,22): 118-143-86
(58,23): 117-142-83
(58,24): 115-143-79
(58,25): 114-144-83
(58,26): 115-145-85
(58,27): 115-146-85
(58,28): 117-146-90
(58,29): 118-144-98
(58,30): 120-143-98
(58,31): 122-141-95
(58,32): 120-141-92
(58,33): 120-141-97
(58,34): 121-142-94
(58,35): 121-143-81
(58,36): 120-144-80
(58,37): 119-144-79
(58,38): 120-143-77
(58,39): 121-142-79
(58,40): 120-143-79
(58,41): 120-143-77
(58,42): 120-143-80
(58,43): 118-143-80
(58,44): 118-142-84
(58,45): 117-142-83
(58,46): 119-142-84
(58,47): 120-140-86
(58,48): 120-140-90
(58,49): 122-139-100
(58,50): 121-142-96
(58,51): 123-143-114
(58,52): 122-147-114
(58,53): 120-148-116
(58,54): 120-148-115
(58,55): 118-148-110
(58,56): 119-147-103
(58,57): 119-146-98
(58,58): 122-143-99
(58,59): 121-140-101
(58,60): 119-139-100
(58,61): 117-138-100
(58,62): 116-138-100
(58,63): 112-138-95
(58,64): 113-138-95
(58,65): 114-137-94
(58,66): 116-139-94
(58,67): 117-140-92
(58,68): 118-143-91
(58,69): 118-145-95
(58,70): 121-145-106
(58,71): 119-147-99
(58,72): 119-145-101
(58,73): 119-145-103
(58,74): 120-146-105
(58,75): 119-145-110
(58,76): 122-144-115
(58,77): 123-142-117
(58,78): 124-140-118
(58,79): 127-137-126
(58,80): 128-137-124
(58,81): 128-136-124
(58,82): 127-136-124
(58,83): 128-136-122
(58,84): 128-136-124
(58,85): 127-136-121
(58,86): 127-135-118
(58,87): 128-134-118
(58,88): 128-134-117
(58,89): 127-133-113
(58,90): 126-134-108
(58,91): 126-134-107
(58,92): 126-136-104
(58,93): 126-136-106
(58,94): 126-137-113
(58,95): 126-136-114
(58,96): 125-136-118
(58,97): 124-136-118
(58,98): 124-137-117
(58,99): 124-136-115
(58,100): 125-137-112
(58,101): 126-137-113
(58,102): 126-138-115
(58,103): 124-138-114
(58,104): 122-138-114
(58,105): 120-137-113
(58,106): 120-137-111
(58,107): 120-136-112
(58,108): 120-137-110
(58,109): 120-138-106
(58,110): 118-138-110
(58,111): 116-138-111
(58,112): 116-137-108
(58,113): 116-137-107
(58,114): 116-138-107
(58,115): 115-139-107
(58,116): 116-139-111
(58,117): 116-138-106
(58,118): 118-137-109
(58,119): 121-136-107
(58,120): 120-137-105
(58,121): 118-137-108
(58,122): 117-138-109
(58,123): 115-138-107
(58,124): 116-136-109
(58,125): 116-135-103
(58,126): 120-128-95
(58,127): 123-125-90
(59,0): 121-132-62
(59,1): 120-131-62
(59,2): 121-130-70
(59,3): 123-130-72
(59,4): 122-130-78
(59,5): 122-132-83
(59,6): 122-131-84
(59,7): 121-133-85
(59,8): 121-134-84
(59,9): 121-135-84
(59,10): 121-135-82
(59,11): 121-136-83
(59,12): 120-136-82
(59,13): 120-136-83
(59,14): 119-137-80
(59,15): 119-137-83
(59,16): 118-138-80
(59,17): 118-138-80
(59,18): 118-138-78
(59,19): 118-139-80
(59,20): 117-139-81
(59,21): 118-140-84
(59,22): 117-141-84
(59,23): 117-143-87
(59,24): 115-143-84
(59,25): 115-143-82
(59,26): 113-143-85
(59,27): 116-143-85
(59,28): 117-144-85
(59,29): 117-142-93
(59,30): 117-141-94
(59,31): 119-139-91
(59,32): 119-139-95
(59,33): 121-139-100
(59,34): 121-141-95
(59,35): 121-143-85
(59,36): 120-143-81
(59,37): 120-143-78
(59,38): 119-143-80
(59,39): 121-142-80
(59,40): 119-142-85
(59,41): 120-142-83
(59,42): 119-141-84
(59,43): 118-142-84
(59,44): 117-141-89
(59,45): 117-141-87
(59,46): 118-140-92
(59,47): 120-140-90
(59,48): 120-140-91
(59,49): 122-140-98
(59,50): 123-141-104
(59,51): 123-145-117
(59,52): 123-147-114
(59,53): 121-147-122
(59,54): 120-147-121
(59,55): 119-146-116
(59,56): 119-145-108
(59,57): 119-145-105
(59,58): 119-144-102
(59,59): 120-141-105
(59,60): 119-137-106
(59,61): 117-138-105
(59,62): 115-137-101
(59,63): 114-137-98
(59,64): 114-137-102
(59,65): 115-138-99
(59,66): 117-137-99
(59,67): 118-140-98
(59,68): 118-142-100
(59,69): 119-144-102
(59,70): 118-146-104
(59,71): 119-144-105
(59,72): 118-143-110
(59,73): 119-143-108
(59,74): 119-144-106
(59,75): 120-143-113
(59,76): 120-142-116
(59,77): 121-140-114
(59,78): 123-140-119
(59,79): 124-140-127
(59,80): 126-138-124
(59,81): 126-137-125
(59,82): 125-136-127
(59,83): 125-137-123
(59,84): 124-137-119
(59,85): 124-136-114
(59,86): 124-136-116
(59,87): 125-136-118
(59,88): 125-136-116
(59,89): 125-135-114
(59,90): 125-135-114
(59,91): 125-136-114
(59,92): 125-136-110
(59,93): 124-136-108
(59,94): 122-138-112
(59,95): 123-137-112
(59,96): 121-137-117
(59,97): 121-138-117
(59,98): 119-139-117
(59,99): 121-137-109
(59,100): 122-139-111
(59,101): 124-139-118
(59,102): 124-137-112
(59,103): 122-138-111
(59,104): 119-137-109
(59,105): 119-136-108
(59,106): 117-137-106
(59,107): 117-137-106
(59,108): 116-137-107
(59,109): 117-137-106
(59,110): 115-138-107
(59,111): 116-137-106
(59,112): 114-137-106
(59,113): 115-137-106
(59,114): 114-138-108
(59,115): 115-138-107
(59,116): 115-138-111
(59,117): 116-137-109
(59,118): 117-136-110
(59,119): 119-137-105
(59,120): 118-137-103
(59,121): 118-137-106
(59,122): 116-138-105
(59,123): 115-138-104
(59,124): 114-136-106
(59,125): 115-133-102
(59,126): 120-128-88
(59,127): 123-122-77
(60,0): 121-131-55
(60,1): 120-132-57
(60,2): 121-130-69
(60,3): 122-130-72
(60,4): 121-131-76
(60,5): 121-131-82
(60,6): 120-133-84
(60,7): 119-134-84
(60,8): 121-134-87
(60,9): 121-134-84
(60,10): 120-135-82
(60,11): 121-135-85
(60,12): 120-136-84
(60,13): 119-136-84
(60,14): 118-137-80
(60,15): 119-137-83
(60,16): 119-138-81
(60,17): 119-137-83
(60,18): 118-139-81
(60,19): 118-137-83
(60,20): 116-139-81
(60,21): 116-138-90
(60,22): 115-141-85
(60,23): 115-142-87
(60,24): 115-142-93
(60,25): 113-143-88
(60,26): 114-142-86
(60,27): 116-140-95
(60,28): 117-141-90
(60,29): 117-139-88
(60,30): 115-140-88
(60,31): 116-138-94
(60,32): 118-138-98
(60,33): 120-138-97
(60,34): 120-140-91
(60,35): 120-141-85
(60,36): 120-143-83
(60,37): 120-142-82
(60,38): 121-143-82
(60,39): 120-142-81
(60,40): 119-142-84
(60,41): 118-141-82
(60,42): 117-142-84
(60,43): 116-141-86
(60,44): 115-141-91
(60,45): 115-141-89
(60,46): 117-141-93
(60,47): 118-140-93
(60,48): 119-141-94
(60,49): 122-141-107
(60,50): 123-142-117
(60,51): 122-145-121
(60,52): 123-145-126
(60,53): 121-146-125
(60,54): 120-146-122
(60,55): 118-145-118
(60,56): 118-144-117
(60,57): 118-143-116
(60,58): 118-142-111
(60,59): 118-140-106
(60,60): 117-139-105
(60,61): 116-137-106
(60,62): 114-138-102
(60,63): 113-138-103
(60,64): 114-138-103
(60,65): 115-139-98
(60,66): 116-139-100
(60,67): 117-140-104
(60,68): 120-141-113
(60,69): 119-142-110
(60,70): 119-143-108
(60,71): 119-141-108
(60,72): 119-142-112
(60,73): 118-141-114
(60,74): 119-141-114
(60,75): 119-141-115
(60,76): 118-141-116
(60,77): 118-141-120
(60,78): 121-141-123
(60,79): 120-141-122
(60,80): 122-139-123
(60,81): 122-138-121
(60,82): 121-137-122
(60,83): 121-138-116
(60,84): 121-138-112
(60,85): 120-138-110
(60,86): 121-138-113
(60,87): 122-137-114
(60,88): 122-137-116
(60,89): 122-138-114
(60,90): 124-137-115
(60,91): 124-137-111
(60,92): 123-137-110
(60,93): 122-137-109
(60,94): 121-138-109
(60,95): 119-139-109
(60,96): 119-139-113
(60,97): 119-140-114
(60,98): 119-140-115
(60,99): 118-141-114
(60,100): 121-139-116
(60,101): 122-138-118
(60,102): 120-138-113
(60,103): 120-136-113
(60,104): 118-137-108
(60,105): 116-136-110
(60,106): 116-137-106
(60,107): 115-137-105
(60,108): 114-137-104
(60,109): 115-136-108
(60,110): 115-137-107
(60,111): 114-137-105
(60,112): 114-137-103
(60,113): 113-137-106
(60,114): 115-137-108
(60,115): 114-138-105
(60,116): 114-137-108
(60,117): 114-136-108
(60,118): 115-137-106
(60,119): 116-136-104
(60,120): 116-137-105
(60,121): 115-137-107
(60,122): 114-137-105
(60,123): 113-137-104
(60,124): 114-135-107
(60,125): 115-133-108
(60,126): 118-128-94
(60,127): 122-124-93
(61,0): 121-132-64
(61,1): 120-131-68
(61,2): 122-129-78
(61,3): 122-131-78
(61,4): 121-132-79
(61,5): 120-133-80
(61,6): 119-132-89
(61,7): 119-133-87
(61,8): 120-133-87
(61,9): 121-134-87
(61,10): 120-134-86
(61,11): 120-134-86
(61,12): 119-135-84
(61,13): 119-136-84
(61,14): 119-137-85
(61,15): 119-138-84
(61,16): 119-137-82
(61,17): 120-138-86
(61,18): 119-138-82
(61,19): 118-138-88
(61,20): 117-138-84
(61,21): 116-139-89
(61,22): 113-141-87
(61,23): 114-141-89
(61,24): 113-141-94
(61,25): 114-141-91
(61,26): 116-140-89
(61,27): 117-140-95
(61,28): 116-139-91
(61,29): 117-138-88
(61,30): 116-137-93
(61,31): 116-137-95
(61,32): 119-136-102
(61,33): 119-139-100
(61,34): 119-139-92
(61,35): 120-141-86
(61,36): 119-142-88
(61,37): 121-141-87
(61,38): 121-140-87
(61,39): 120-141-90
(61,40): 119-141-90
(61,41): 118-140-88
(61,42): 115-141-91
(61,43): 115-140-90
(61,44): 115-141-98
(61,45): 116-140-95
(61,46): 116-140-99
(61,47): 118-140-99
(61,48): 120-140-106
(61,49): 121-141-116
(61,50): 121-142-119
(61,51): 121-143-123
(61,52): 120-145-125
(61,53): 120-145-127
(61,54): 118-145-121
(61,55): 117-143-119
(61,56): 117-143-121
(61,57): 116-143-119
(61,58): 116-141-115
(61,59): 117-140-109
(61,60): 115-138-106
(61,61): 115-137-106
(61,62): 114-137-109
(61,63): 113-137-109
(61,64): 114-137-108
(61,65): 115-138-104
(61,66): 116-137-109
(61,67): 116-139-113
(61,68): 118-140-115
(61,69): 118-140-116
(61,70): 119-140-117
(61,71): 119-140-115
(61,72): 118-140-114
(61,73): 117-140-115
(61,74): 116-140-117
(61,75): 117-139-116
(61,76): 117-139-115
(61,77): 117-140-120
(61,78): 116-140-118
(61,79): 118-139-114
(61,80): 117-139-118
(61,81): 118-139-120
(61,82): 118-138-119
(61,83): 118-138-112
(61,84): 117-138-110
(61,85): 118-138-108
(61,86): 118-138-112
(61,87): 119-137-112
(61,88): 118-138-116
(61,89): 120-137-114
(61,90): 120-137-113
(61,91): 121-137-112
(61,92): 121-137-109
(61,93): 121-137-110
(61,94): 119-137-110
(61,95): 119-138-108
(61,96): 117-139-113
(61,97): 118-139-112
(61,98): 118-139-111
(61,99): 118-140-113
(61,100): 119-139-109
(61,101): 119-138-112
(61,102): 118-138-110
(61,103): 118-138-111
(61,104): 116-137-107
(61,105): 115-137-109
(61,106): 114-137-104
(61,107): 114-137-104
(61,108): 113-137-106
(61,109): 114-137-105
(61,110): 114-137-104
(61,111): 114-137-106
(61,112): 114-136-106
(61,113): 114-137-104
(61,114): 113-137-105
(61,115): 114-136-107
(61,116): 114-135-109
(61,117): 113-136-107
(61,118): 114-135-107
(61,119): 114-136-105
(61,120): 113-136-104
(61,121): 113-136-105
(61,122): 112-136-106
(61,123): 112-136-104
(61,124): 113-136-105
(61,125): 114-134-102
(61,126): 119-129-77
(61,127): 124-123-70
(62,0): 119-133-49
(62,1): 119-131-60
(62,2): 121-131-70
(62,3): 120-132-75
(62,4): 119-134-81
(62,5): 116-135-77
(62,6): 118-134-89
(62,7): 117-133-90
(62,8): 117-133-89
(62,9): 118-134-88
(62,10): 120-134-89
(62,11): 119-134-89
(62,12): 119-136-84
(62,13): 117-137-86
(62,14): 117-138-90
(62,15): 116-139-87
(62,16): 117-139-86
(62,17): 118-138-92
(62,18): 117-139-91
(62,19): 116-138-97
(62,20): 114-139-90
(62,21): 115-140-95
(62,22): 114-140-96
(62,23): 113-140-98
(62,24): 112-140-95
(62,25): 113-140-94
(62,26): 116-140-94
(62,27): 116-139-91
(62,28): 116-139-88
(62,29): 115-138-89
(62,30): 115-138-92
(62,31): 115-137-94
(62,32): 116-138-98
(62,33): 117-138-99
(62,34): 118-140-94
(62,35): 117-141-89
(62,36): 119-141-90
(62,37): 119-140-88
(62,38): 119-141-89
(62,39): 119-140-92
(62,40): 118-141-94
(62,41): 116-141-94
(62,42): 116-141-93
(62,43): 115-140-91
(62,44): 115-140-97
(62,45): 114-139-99
(62,46): 115-139-103
(62,47): 116-140-107
(62,48): 120-140-115
(62,49): 121-141-117
(62,50): 120-142-120
(62,51): 121-142-122
(62,52): 120-143-123
(62,53): 119-144-125
(62,54): 118-143-124
(62,55): 116-143-121
(62,56): 115-142-119
(62,57): 115-142-115
(62,58): 115-140-115
(62,59): 115-139-110
(62,60): 115-138-107
(62,61): 114-138-110
(62,62): 114-137-112
(62,63): 113-138-110
(62,64): 113-138-108
(62,65): 113-137-109
(62,66): 115-137-112
(62,67): 115-138-114
(62,68): 117-138-115
(62,69): 118-138-115
(62,70): 118-138-117
(62,71): 117-138-115
(62,72): 117-139-115
(62,73): 116-139-114
(62,74): 116-139-117
(62,75): 116-138-118
(62,76): 116-138-117
(62,77): 116-138-117
(62,78): 115-139-116
(62,79): 115-139-116
(62,80): 114-139-115
(62,81): 115-139-117
(62,82): 115-139-117
(62,83): 114-139-113
(62,84): 115-139-111
(62,85): 115-139-109
(62,86): 116-139-111
(62,87): 116-137-112
(62,88): 117-138-112
(62,89): 119-137-115
(62,90): 119-137-114
(62,91): 120-137-113
(62,92): 119-137-110
(62,93): 119-137-110
(62,94): 118-137-109
(62,95): 117-138-110
(62,96): 117-139-111
(62,97): 116-139-112
(62,98): 116-139-112
(62,99): 116-139-112
(62,100): 115-139-108
(62,101): 116-138-111
(62,102): 116-138-112
(62,103): 116-138-112
(62,104): 115-137-111
(62,105): 113-137-112
(62,106): 111-138-106
(62,107): 112-138-105
(62,108): 113-138-107
(62,109): 113-137-103
(62,110): 112-137-102
(62,111): 112-137-104
(62,112): 113-137-106
(62,113): 112-136-104
(62,114): 112-136-104
(62,115): 112-134-107
(62,116): 111-135-105
(62,117): 111-135-105
(62,118): 112-135-107
(62,119): 112-135-106
(62,120): 112-136-104
(62,121): 112-136-104
(62,122): 111-137-105
(62,123): 111-137-107
(62,124): 112-135-110
(62,125): 113-134-111
(62,126): 119-129-96
(62,127): 123-127-84
(63,0): 121-133-56
(63,1): 119-134-60
(63,2): 120-133-70
(63,3): 119-134-80
(63,4): 117-134-90
(63,5): 116-133-89
(63,6): 116-133-97
(63,7): 117-133-97
(63,8): 117-133-100
(63,9): 117-133-95
(63,10): 118-134-91
(63,11): 118-135-94
(63,12): 118-135-91
(63,13): 117-136-91
(63,14): 115-137-94
(63,15): 115-138-90
(63,16): 115-140-91
(63,17): 116-140-96
(63,18): 115-139-91
(63,19): 114-139-94
(63,20): 114-139-91
(63,21): 114-140-93
(63,22): 113-140-91
(63,23): 112-140-97
(63,24): 113-138-100
(63,25): 113-139-98
(63,26): 114-139-97
(63,27): 115-138-93
(63,28): 114-138-90
(63,29): 116-137-90
(63,30): 115-138-99
(63,31): 115-137-99
(63,32): 115-137-103
(63,33): 116-138-99
(63,34): 116-140-95
(63,35): 118-140-94
(63,36): 118-140-93
(63,37): 118-140-94
(63,38): 118-139-97
(63,39): 118-139-96
(63,40): 117-140-95
(63,41): 116-140-100
(63,42): 116-139-101
(63,43): 116-140-99
(63,44): 115-139-102
(63,45): 115-137-106
(63,46): 115-137-113
(63,47): 116-139-113
(63,48): 117-140-115
(63,49): 118-140-119
(63,50): 119-140-119
(63,51): 119-142-121
(63,52): 118-142-116
(63,53): 117-141-118
(63,54): 116-142-119
(63,55): 115-142-121
(63,56): 115-141-119
(63,57): 113-140-116
(63,58): 113-140-115
(63,59): 115-139-113
(63,60): 114-136-111
(63,61): 113-137-113
(63,62): 113-137-110
(63,63): 112-136-111
(63,64): 112-136-111
(63,65): 112-137-112
(63,66): 113-136-112
(63,67): 114-136-112
(63,68): 115-137-114
(63,69): 116-137-117
(63,70): 116-137-116
(63,71): 116-137-116
(63,72): 115-137-116
(63,73): 115-137-116
(63,74): 115-137-115
(63,75): 115-137-117
(63,76): 114-137-117
(63,77): 114-136-116
(63,78): 113-137-115
(63,79): 113-138-116
(63,80): 113-138-116
(63,81): 113-137-113
(63,82): 112-139-114
(63,83): 113-139-116
(63,84): 112-138-116
(63,85): 113-138-111
(63,86): 113-138-112
(63,87): 116-137-110
(63,88): 116-137-110
(63,89): 117-137-114
(63,90): 118-136-112
(63,91): 118-137-113
(63,92): 117-137-112
(63,93): 117-137-111
(63,94): 117-136-110
(63,95): 116-137-111
(63,96): 116-137-108
(63,97): 115-138-110
(63,98): 114-138-110
(63,99): 113-138-110
(63,100): 113-138-108
(63,101): 114-137-106
(63,102): 113-138-107
(63,103): 114-137-110
(63,104): 112-138-108
(63,105): 111-137-109
(63,106): 110-138-110
(63,107): 111-137-106
(63,108): 111-137-106
(63,109): 112-137-104
(63,110): 111-135-106
(63,111): 112-136-103
(63,112): 111-136-103
(63,113): 112-136-106
(63,114): 111-134-108
(63,115): 111-135-107
(63,116): 110-135-108
(63,117): 111-134-107
(63,118): 110-135-109
(63,119): 111-135-106
(63,120): 110-136-105
(63,121): 111-136-104
(63,122): 110-135-106
(63,123): 110-137-106
(63,124): 111-136-105
(63,125): 113-133-104
(63,126): 118-130-90
(63,127): 123-124-78
(64,0): 117-136-52
(64,1): 115-137-58
(64,2): 118-135-70
(64,3): 117-136-77
(64,4): 116-135-90
(64,5): 113-135-95
(64,6): 114-134-99
(64,7): 115-134-97
(64,8): 116-134-102
(64,9): 116-133-105
(64,10): 116-135-97
(64,11): 117-134-101
(64,12): 117-136-97
(64,13): 117-136-95
(64,14): 115-138-97
(64,15): 114-139-100
(64,16): 115-139-105
(64,17): 113-140-102
(64,18): 113-139-101
(64,19): 113-139-101
(64,20): 114-139-102
(64,21): 112-140-99
(64,22): 113-140-96
(64,23): 112-139-99
(64,24): 112-138-101
(64,25): 112-139-100
(64,26): 114-138-100
(64,27): 113-138-95
(64,28): 115-139-91
(64,29): 115-137-93
(64,30): 115-138-100
(64,31): 115-138-100
(64,32): 116-138-105
(64,33): 115-139-104
(64,34): 116-139-101
(64,35): 115-139-99
(64,36): 116-139-99
(64,37): 116-138-99
(64,38): 116-139-103
(64,39): 115-138-104
(64,40): 115-139-104
(64,41): 115-138-107
(64,42): 115-138-108
(64,43): 115-138-105
(64,44): 115-138-108
(64,45): 115-136-111
(64,46): 115-137-113
(64,47): 116-137-115
(64,48): 116-139-117
(64,49): 116-139-118
(64,50): 116-140-116
(64,51): 116-140-117
(64,52): 117-141-115
(64,53): 115-140-114
(64,54): 113-141-113
(64,55): 113-140-117
(64,56): 111-141-119
(64,57): 111-140-117
(64,58): 112-139-115
(64,59): 113-137-115
(64,60): 113-137-112
(64,61): 112-136-114
(64,62): 110-137-111
(64,63): 110-136-112
(64,64): 110-136-113
(64,65): 111-135-114
(64,66): 112-136-111
(64,67): 113-135-114
(64,68): 114-136-114
(64,69): 115-135-117
(64,70): 114-136-115
(64,71): 114-135-116
(64,72): 113-136-115
(64,73): 113-136-117
(64,74): 113-136-116
(64,75): 114-136-116
(64,76): 113-136-115
(64,77): 113-136-115
(64,78): 112-136-114
(64,79): 112-136-115
(64,80): 112-137-115
(64,81): 111-138-117
(64,82): 111-138-115
(64,83): 112-138-115
(64,84): 112-139-116
(64,85): 112-138-113
(64,86): 113-138-112
(64,87): 113-137-112
(64,88): 115-137-112
(64,89): 115-136-113
(64,90): 115-137-111
(64,91): 116-136-114
(64,92): 116-137-115
(64,93): 115-137-114
(64,94): 115-137-111
(64,95): 114-136-113
(64,96): 113-137-110
(64,97): 113-137-112
(64,98): 112-138-111
(64,99): 111-138-114
(64,100): 113-138-111
(64,101): 112-137-108
(64,102): 112-138-105
(64,103): 112-136-108
(64,104): 111-137-108
(64,105): 110-139-110
(64,106): 110-139-111
(64,107): 109-138-103
(64,108): 110-138-102
(64,109): 110-136-101
(64,110): 110-136-104
(64,111): 110-135-105
(64,112): 110-135-106
(64,113): 110-135-108
(64,114): 110-135-107
(64,115): 110-135-105
(64,116): 110-135-109
(64,117): 109-135-107
(64,118): 109-135-106
(64,119): 109-135-106
(64,120): 110-135-106
(64,121): 110-135-102
(64,122): 109-136-105
(64,123): 109-136-108
(64,124): 111-134-111
(64,125): 111-134-110
(64,126): 117-128-100
(64,127): 122-124-94
(65,0): 118-136-69
(65,1): 116-135-69
(65,2): 115-134-77
(65,3): 116-134-85
(65,4): 114-135-92
(65,5): 113-134-100
(65,6): 113-133-105
(65,7): 114-134-104
(65,8): 115-133-102
(65,9): 116-135-106
(65,10): 115-136-99
(65,11): 115-136-101
(65,12): 115-136-102
(65,13): 116-136-104
(65,14): 116-135-105
(65,15): 114-137-110
(65,16): 113-139-111
(65,17): 112-138-106
(65,18): 112-138-111
(65,19): 112-138-108
(65,20): 112-138-107
(65,21): 113-138-104
(65,22): 112-138-101
(65,23): 112-138-104
(65,24): 112-136-107
(65,25): 112-137-105
(65,26): 113-136-100
(65,27): 114-136-97
(65,28): 115-137-97
(65,29): 116-138-102
(65,30): 116-136-108
(65,31): 116-137-107
(65,32): 116-136-109
(65,33): 116-137-110
(65,34): 115-138-105
(65,35): 115-138-104
(65,36): 114-137-108
(65,37): 115-137-108
(65,38): 114-136-110
(65,39): 114-137-111
(65,40): 114-137-110
(65,41): 114-137-111
(65,42): 114-138-111
(65,43): 114-137-111
(65,44): 114-137-116
(65,45): 115-137-115
(65,46): 115-136-113
(65,47): 115-137-114
(65,48): 114-137-114
(65,49): 114-139-114
(65,50): 113-140-114
(65,51): 114-140-111
(65,52): 113-140-112
(65,53): 113-140-114
(65,54): 112-139-113
(65,55): 111-141-114
(65,56): 109-142-120
(65,57): 110-140-116
(65,58): 110-138-113
(65,59): 111-138-116
(65,60): 110-137-113
(65,61): 109-136-112
(65,62): 108-136-112
(65,63): 109-136-111
(65,64): 108-136-110
(65,65): 109-135-110
(65,66): 110-135-110
(65,67): 112-135-112
(65,68): 112-135-111
(65,69): 113-135-115
(65,70): 113-135-115
(65,71): 113-135-115
(65,72): 112-136-115
(65,73): 113-135-115
(65,74): 112-136-115
(65,75): 113-136-116
(65,76): 112-136-114
(65,77): 112-136-114
(65,78): 111-136-115
(65,79): 111-136-114
(65,80): 111-136-114
(65,81): 111-137-117
(65,82): 110-138-116
(65,83): 111-138-115
(65,84): 110-138-115
(65,85): 111-137-114
(65,86): 111-136-112
(65,87): 112-136-112
(65,88): 112-136-111
(65,89): 114-136-111
(65,90): 114-136-113
(65,91): 114-136-113
(65,92): 114-136-113
(65,93): 114-136-114
(65,94): 112-136-112
(65,95): 112-136-114
(65,96): 111-137-114
(65,97): 111-137-112
(65,98): 110-137-111
(65,99): 111-137-111
(65,100): 111-136-108
(65,101): 111-137-108
(65,102): 111-136-103
(65,103): 111-136-104
(65,104): 109-136-108
(65,105): 109-139-110
(65,106): 108-141-110
(65,107): 109-138-104
(65,108): 108-136-105
(65,109): 109-135-103
(65,110): 109-135-105
(65,111): 109-134-107
(65,112): 109-135-108
(65,113): 109-134-108
(65,114): 108-135-109
(65,115): 109-135-106
(65,116): 108-136-109
(65,117): 109-135-108
(65,118): 108-135-108
(65,119): 108-135-108
(65,120): 108-135-108
(65,121): 109-134-106
(65,122): 108-134-107
(65,123): 109-135-106
(65,124): 110-135-107
(65,125): 111-133-105
(65,126): 117-129-87
(65,127): 121-123-76
(66,0): 115-135-72
(66,1): 113-136-77
(66,2): 113-134-85
(66,3): 114-133-98
(66,4): 114-134-102
(66,5): 113-133-110
(66,6): 111-134-110
(66,7): 112-133-113
(66,8): 112-135-107
(66,9): 113-135-111
(66,10): 114-137-108
(66,11): 113-137-107
(66,12): 114-137-110
(66,13): 114-135-112
(66,14): 112-136-108
(66,15): 114-135-110
(66,16): 112-137-112
(66,17): 110-138-108
(66,18): 110-138-111
(66,19): 111-137-108
(66,20): 111-137-109
(66,21): 111-136-110
(66,22): 111-137-106
(66,23): 111-136-109
(66,24): 111-136-110
(66,25): 111-135-108
(66,26): 110-137-99
(66,27): 113-135-103
(66,28): 116-136-106
(66,29): 117-136-106
(66,30): 116-136-111
(66,31): 117-136-110
(66,32): 116-136-112
(66,33): 115-136-115
(66,34): 114-136-112
(66,35): 114-136-113
(66,36): 113-136-113
(66,37): 113-135-112
(66,38): 113-135-113
(66,39): 113-136-115
(66,40): 113-136-115
(66,41): 113-136-114
(66,42): 114-136-113
(66,43): 114-136-113
(66,44): 114-136-114
(66,45): 114-136-111
(66,46): 114-136-112
(66,47): 114-136-110
(66,48): 113-137-111
(66,49): 111-138-115
(66,50): 112-139-116
(66,51): 112-139-112
(66,52): 112-139-110
(66,53): 112-138-114
(66,54): 110-140-111
(66,55): 110-141-114
(66,56): 110-141-124
(66,57): 108-141-119
(66,58): 108-139-114
(66,59): 109-137-118
(66,60): 108-138-114
(66,61): 108-137-114
(66,62): 108-137-113
(66,63): 108-136-112
(66,64): 107-136-108
(66,65): 108-135-110
(66,66): 108-135-110
(66,67): 109-134-113
(66,68): 109-135-110
(66,69): 111-134-113
(66,70): 110-135-113
(66,71): 111-135-116
(66,72): 111-136-116
(66,73): 111-136-117
(66,74): 111-136-114
(66,75): 112-136-115
(66,76): 112-136-115
(66,77): 110-136-111
(66,78): 110-136-112
(66,79): 110-136-114
(66,80): 109-137-113
(66,81): 110-137-116
(66,82): 110-138-118
(66,83): 110-138-116
(66,84): 110-138-115
(66,85): 111-136-114
(66,86): 110-136-112
(66,87): 111-135-114
(66,88): 110-136-111
(66,89): 112-136-111
(66,90): 112-136-114
(66,91): 113-135-113
(66,92): 112-136-111
(66,93): 112-136-115
(66,94): 111-136-116
(66,95): 110-137-120
(66,96): 110-137-116
(66,97): 110-136-114
(66,98): 109-137-111
(66,99): 109-136-112
(66,100): 110-136-110
(66,101): 110-135-112
(66,102): 110-136-104
(66,103): 110-136-105
(66,104): 109-138-104
(66,105): 108-139-106
(66,106): 110-139-114
(66,107): 107-139-101
(66,108): 107-137-100
(66,109): 108-134-103
(66,110): 108-135-105
(66,111): 109-134-109
(66,112): 109-135-109
(66,113): 109-135-108
(66,114): 108-135-108
(66,115): 108-135-107
(66,116): 108-136-106
(66,117): 108-135-107
(66,118): 108-135-108
(66,119): 108-135-107
(66,120): 107-134-107
(66,121): 108-133-107
(66,122): 107-134-105
(66,123): 109-134-105
(66,124): 110-133-109
(66,125): 111-132-110
(66,126): 116-128-98
(66,127): 120-125-90
(67,0): 115-134-92
(67,1): 112-134-93
(67,2): 114-134-98
(67,3): 112-133-105
(67,4): 112-134-106
(67,5): 112-134-113
(67,6): 112-134-114
(67,7): 110-135-114
(67,8): 110-137-112
(67,9): 111-137-113
(67,10): 111-138-112
(67,11): 112-137-113
(67,12): 112-137-113
(67,13): 112-137-115
(67,14): 112-137-115
(67,15): 112-136-113
(67,16): 111-137-115
(67,17): 110-138-113
(67,18): 110-138-117
(67,19): 109-137-112
(67,20): 110-136-111
(67,21): 111-136-113
(67,22): 110-137-109
(67,23): 111-136-112
(67,24): 110-136-110
(67,25): 110-135-109
(67,26): 110-136-109
(67,27): 113-135-110
(67,28): 114-135-112
(67,29): 115-135-114
(67,30): 117-135-116
(67,31): 116-136-116
(67,32): 116-135-111
(67,33): 115-135-112
(67,34): 113-135-112
(67,35): 113-135-115
(67,36): 112-135-116
(67,37): 111-135-114
(67,38): 111-135-115
(67,39): 111-135-114
(67,40): 111-135-112
(67,41): 113-135-112
(67,42): 113-136-112
(67,43): 114-136-114
(67,44): 114-136-112
(67,45): 114-136-110
(67,46): 112-136-113
(67,47): 113-136-111
(67,48): 111-135-112
(67,49): 111-136-112
(67,50): 111-137-113
(67,51): 111-137-114
(67,52): 110-138-112
(67,53): 111-137-111
(67,54): 110-138-112
(67,55): 110-139-114
(67,56): 109-140-115
(67,57): 109-138-116
(67,58): 107-138-115
(67,59): 108-137-113
(67,60): 107-139-113
(67,61): 108-138-113
(67,62): 107-138-113
(67,63): 108-136-110
(67,64): 107-136-109
(67,65): 108-135-108
(67,66): 107-135-108
(67,67): 108-135-110
(67,68): 107-136-110
(67,69): 108-136-109
(67,70): 108-136-110
(67,71): 109-137-113
(67,72): 109-137-113
(67,73): 110-136-116
(67,74): 110-137-114
(67,75): 110-136-114
(67,76): 110-136-114
(67,77): 110-135-112
(67,78): 110-136-111
(67,79): 109-136-112
(67,80): 109-138-115
(67,81): 109-138-116
(67,82): 109-138-118
(67,83): 110-138-116
(67,84): 109-137-116
(67,85): 110-136-115
(67,86): 110-136-114
(67,87): 110-135-113
(67,88): 109-135-113
(67,89): 110-135-111
(67,90): 111-136-115
(67,91): 111-135-114
(67,92): 109-136-112
(67,93): 110-135-113
(67,94): 108-137-114
(67,95): 109-137-116
(67,96): 108-139-114
(67,97): 109-138-113
(67,98): 109-136-111
(67,99): 109-135-111
(67,100): 108-136-108
(67,101): 109-134-108
(67,102): 109-135-103
(67,103): 110-136-105
(67,104): 109-137-104
(67,105): 109-138-104
(67,106): 108-139-108
(67,107): 108-137-103
(67,108): 107-135-104
(67,109): 108-135-101
(67,110): 108-135-108
(67,111): 108-135-110
(67,112): 108-135-110
(67,113): 108-135-109
(67,114): 108-135-108
(67,115): 108-135-106
(67,116): 108-136-105
(67,117): 108-136-106
(67,118): 107-136-106
(67,119): 107-135-106
(67,120): 106-135-106
(67,121): 107-135-105
(67,122): 107-135-106
(67,123): 109-134-104
(67,124): 110-134-103
(67,125): 111-131-101
(67,126): 115-128-85
(67,127): 120-123-74
(68,0): 113-133-78
(68,1): 113-134-92
(68,2): 115-132-113
(68,3): 113-133-115
(68,4): 113-133-116
(68,5): 112-134-114
(68,6): 110-136-117
(68,7): 109-137-117
(68,8): 111-136-123
(68,9): 110-139-116
(68,10): 111-137-120
(68,11): 111-137-119
(68,12): 111-137-117
(68,13): 111-138-115
(68,14): 113-136-122
(68,15): 111-137-113
(68,16): 109-136-112
(68,17): 111-136-110
(68,18): 110-137-118
(68,19): 110-136-114
(68,20): 110-135-113
(68,21): 111-135-118
(68,22): 111-135-118
(68,23): 112-135-119
(68,24): 110-135-115
(68,25): 111-136-114
(68,26): 112-135-118
(68,27): 113-135-115
(68,28): 113-134-114
(68,29): 116-133-114
(68,30): 117-134-118
(68,31): 116-134-114
(68,32): 116-134-115
(68,33): 116-133-115
(68,34): 114-133-115
(68,35): 114-133-118
(68,36): 112-133-119
(68,37): 112-133-115
(68,38): 110-133-115
(68,39): 111-133-116
(68,40): 111-133-113
(68,41): 113-134-112
(68,42): 113-134-113
(68,43): 114-134-113
(68,44): 114-135-114
(68,45): 113-135-109
(68,46): 113-134-111
(68,47): 113-134-110
(68,48): 112-133-113
(68,49): 111-133-113
(68,50): 110-135-114
(68,51): 111-135-115
(68,52): 112-135-116
(68,53): 112-135-110
(68,54): 111-135-112
(68,55): 111-135-112
(68,56): 109-136-112
(68,57): 111-136-117
(68,58): 110-135-118
(68,59): 109-137-115
(68,60): 110-136-119
(68,61): 110-137-116
(68,62): 110-136-114
(68,63): 110-135-110
(68,64): 109-134-111
(68,65): 109-134-114
(68,66): 109-133-113
(68,67): 110-134-114
(68,68): 109-135-112
(68,69): 108-136-111
(68,70): 108-136-113
(68,71): 109-136-113
(68,72): 110-136-115
(68,73): 110-136-116
(68,74): 110-136-116
(68,75): 111-135-114
(68,76): 110-135-112
(68,77): 110-134-111
(68,78): 110-135-111
(68,79): 110-136-113
(68,80): 110-136-120
(68,81): 110-138-117
(68,82): 110-137-119
(68,83): 112-136-116
(68,84): 110-136-119
(68,85): 111-136-117
(68,86): 111-135-116
(68,87): 110-135-114
(68,88): 111-134-114
(68,89): 112-134-111
(68,90): 111-134-112
(68,91): 113-134-114
(68,92): 112-134-119
(68,93): 111-136-116
(68,94): 110-135-116
(68,95): 111-136-120
(68,96): 112-136-122
(68,97): 111-137-115
(68,98): 110-135-114
(68,99): 110-135-114
(68,100): 109-134-110
(68,101): 110-133-110
(68,102): 110-134-103
(68,103): 111-134-105
(68,104): 111-135-106
(68,105): 110-135-101
(68,106): 108-136-105
(68,107): 110-134-101
(68,108): 110-134-102
(68,109): 109-135-100
(68,110): 110-135-106
(68,111): 109-135-106
(68,112): 109-134-110
(68,113): 110-134-108
(68,114): 109-134-107
(68,115): 109-135-105
(68,116): 109-135-107
(68,117): 109-135-106
(68,118): 108-135-107
(68,119): 108-136-106
(68,120): 108-135-106
(68,121): 109-135-103
(68,122): 109-134-105
(68,123): 110-134-103
(68,124): 111-132-102
(68,125): 113-131-103
(68,126): 116-126-96
(68,127): 121-124-89
(69,0): 115-133-96
(69,1): 112-132-102
(69,2): 114-133-115
(69,3): 114-131-112
(69,4): 113-132-119
(69,5): 111-134-114
(69,6): 109-139-120
(69,7): 109-136-113
(69,8): 109-136-119
(69,9): 110-135-115
(69,10): 110-136-120
(69,11): 111-135-115
(69,12): 110-136-117
(69,13): 111-133-113
(69,14): 111-134-116
(69,15): 111-134-113
(69,16): 111-135-117
(69,17): 111-136-108
(69,18): 110-138-116
(69,19): 110-136-111
(69,20): 110-135-113
(69,21): 111-133-113
(69,22): 111-135-114
(69,23): 111-134-111
(69,24): 111-135-114
(69,25): 110-134-111
(69,26): 110-136-114
(69,27): 112-134-112
(69,28): 114-134-116
(69,29): 115-133-113
(69,30): 115-133-113
(69,31): 116-131-108
(69,32): 115-133-114
(69,33): 116-133-111
(69,34): 115-133-113
(69,35): 114-131-112
(69,36): 112-132-115
(69,37): 111-132-112
(69,38): 111-134-114
(69,39): 111-132-110
(69,40): 111-133-112
(69,41): 113-133-108
(69,42): 113-133-111
(69,43): 114-133-106
(69,44): 114-134-111
(69,45): 113-133-107
(69,46): 113-133-110
(69,47): 114-132-103
(69,48): 112-132-111
(69,49): 111-133-110
(69,50): 111-134-118
(69,51): 110-132-111
(69,52): 111-132-113
(69,53): 113-133-105
(69,54): 112-134-110
(69,55): 112-134-108
(69,56): 112-134-112
(69,57): 112-133-114
(69,58): 112-132-115
(69,59): 111-133-112
(69,60): 112-135-116
(69,61): 113-135-110
(69,62): 112-135-112
(69,63): 111-133-109
(69,64): 111-133-108
(69,65): 111-131-107
(69,66): 110-131-110
(69,67): 111-132-109
(69,68): 109-134-108
(69,69): 109-134-105
(69,70): 108-135-109
(69,71): 108-135-107
(69,72): 108-135-108
(69,73): 110-135-107
(69,74): 110-136-111
(69,75): 111-134-110
(69,76): 111-134-110
(69,77): 111-134-107
(69,78): 110-134-112
(69,79): 110-134-111
(69,80): 111-135-115
(69,81): 111-134-113
(69,82): 112-135-117
(69,83): 112-135-114
(69,84): 112-135-117
(69,85): 111-134-113
(69,86): 110-134-113
(69,87): 111-132-109
(69,88): 111-133-113
(69,89): 112-133-108
(69,90): 113-134-111
(69,91): 114-133-108
(69,92): 112-133-113
(69,93): 112-132-111
(69,94): 112-133-113
(69,95): 113-133-114
(69,96): 113-133-114
(69,97): 112-134-111
(69,98): 111-134-113
(69,99): 110-133-109
(69,100): 110-133-104
(69,101): 111-133-103
(69,102): 110-135-100
(69,103): 111-133-99
(69,104): 111-134-101
(69,105): 111-134-102
(69,106): 111-134-113
(69,107): 112-134-101
(69,108): 112-133-103
(69,109): 111-134-99
(69,110): 110-136-102
(69,111): 110-134-101
(69,112): 110-134-105
(69,113): 110-133-103
(69,114): 110-134-101
(69,115): 110-133-99
(69,116): 109-135-101
(69,117): 110-134-99
(69,118): 109-135-100
(69,119): 110-134-97
(69,120): 109-134-96
(69,121): 110-134-95
(69,122): 110-134-97
(69,123): 111-133-94
(69,124): 113-133-92
(69,125): 114-130-91
(69,126): 118-127-80
(69,127): 121-123-69
(70,0): 118-130-77
(70,1): 117-131-87
(70,2): 120-126-106
(70,3): 121-127-91
(70,4): 117-127-107
(70,5): 115-133-98
(70,6): 117-132-121
(70,7): 114-133-100
(70,8): 111-129-108
(70,9): 115-128-103
(70,10): 115-128-114
(70,11): 117-130-101
(70,12): 117-128-116
(70,13): 116-128-103
(70,14): 113-127-105
(70,15): 116-129-98
(70,16): 116-130-110
(70,17): 117-133-89
(70,18): 116-132-109
(70,19): 114-133-98
(70,20): 115-129-112
(70,21): 115-130-104
(70,22): 116-129-108
(70,23): 117-130-94
(70,24): 116-129-110
(70,25): 114-132-100
(70,26): 116-130-108
(70,27): 118-131-101
(70,28): 118-128-115
(70,29): 120-128-101
(70,30): 118-127-104
(70,31): 119-127-97
(70,32): 118-127-106
(70,33): 120-129-90
(70,34): 119-127-107
(70,35): 119-127-101
(70,36): 117-127-106
(70,37): 117-128-103
(70,38): 116-128-113
(70,39): 116-130-100
(70,40): 116-128-108
(70,41): 117-129-98
(70,42): 118-128-104
(70,43): 120-128-90
(70,44): 118-127-104
(70,45): 118-128-97
(70,46): 119-127-101
(70,47): 120-127-88
(70,48): 116-127-102
(70,49): 116-129-96
(70,50): 116-127-115
(70,51): 115-128-99
(70,52): 115-126-100
(70,53): 119-126-88
(70,54): 117-128-103
(70,55): 117-130-97
(70,56): 117-128-111
(70,57): 116-128-103
(70,58): 114-126-104
(70,59): 117-127-99
(70,60): 117-128-108
(70,61): 120-130-92
(70,62): 118-129-110
(70,63): 117-128-103
(70,64): 116-126-107
(70,65): 117-126-95
(70,66): 116-126-98
(70,67): 118-126-97
(70,68): 115-128-105
(70,69): 114-130-94
(70,70): 113-130-103
(70,71): 112-130-96
(70,72): 112-129-103
(70,73): 115-130-97
(70,74): 115-129-109
(70,75): 116-130-101
(70,76): 115-129-107
(70,77): 116-130-98
(70,78): 115-128-109
(70,79): 116-129-103
(70,80): 115-128-112
(70,81): 117-129-104
(70,82): 116-129-111
(70,83): 118-131-94
(70,84): 116-130-111
(70,85): 116-131-101
(70,86): 116-128-110
(70,87): 117-129-100
(70,88): 116-128-105
(70,89): 117-129-97
(70,90): 119-128-106
(70,91): 121-128-90
(70,92): 118-128-99
(70,93): 119-128-103
(70,94): 118-127-113
(70,95): 118-127-103
(70,96): 114-127-104
(70,97): 117-127-100
(70,98): 115-127-112
(70,99): 116-129-100
(70,100): 114-128-101
(70,101): 116-130-96
(70,102): 116-129-103
(70,103): 116-130-91
(70,104): 114-129-92
(70,105): 116-130-89
(70,106): 116-130-101
(70,107): 117-131-80
(70,108): 115-130-91
(70,109): 116-131-88
(70,110): 115-130-100
(70,111): 114-132-92
(70,112): 114-129-97
(70,113): 115-130-89
(70,114): 114-129-92
(70,115): 116-129-88
(70,116): 114-129-93
(70,117): 115-130-88
(70,118): 114-130-92
(70,119): 114-130-84
(70,120): 114-130-86
(70,121): 116-131-81
(70,122): 115-130-87
(70,123): 116-131-83
(70,124): 117-129-89
(70,125): 119-128-84
(70,126): 121-124-79
(70,127): 124-124-72
(71,0): 122-128-67
(71,1): 121-124-74
(71,2): 124-123-101
(71,3): 123-122-91
(71,4): 123-122-110
(71,5): 120-124-85
(71,6): 118-131-98
(71,7): 119-125-85
(71,8): 119-124-107
(71,9): 119-122-89
(71,10): 120-125-105
(71,11): 121-123-90
(71,12): 120-126-106
(71,13): 120-121-89
(71,14): 119-123-104
(71,15): 120-121-84
(71,16): 121-127-101
(71,17): 121-125-86
(71,18): 120-128-101
(71,19): 119-123-82
(71,20): 118-127-100
(71,21): 119-123-87
(71,22): 120-125-100
(71,23): 120-124-85
(71,24): 120-126-103
(71,25): 120-123-80
(71,26): 120-127-92
(71,27): 122-125-86
(71,28): 123-126-100
(71,29): 123-122-85
(71,30): 123-123-98
(71,31): 122-121-84
(71,32): 121-125-100
(71,33): 122-121-79
(71,34): 122-124-100
(71,35): 123-122-84
(71,36): 123-124-91
(71,37): 122-123-84
(71,38): 122-125-99
(71,39): 121-124-84
(71,40): 121-125-98
(71,41): 121-122-83
(71,42): 122-124-98
(71,43): 123-123-81
(71,44): 123-124-97
(71,45): 123-122-80
(71,46): 124-125-89
(71,47): 124-122-82
(71,48): 122-123-102
(71,49): 120-121-84
(71,50): 119-126-104
(71,51): 119-120-84
(71,52): 121-123-101
(71,53): 123-122-84
(71,54): 122-125-97
(71,55): 121-123-82
(71,56): 119-127-96
(71,57): 120-121-80
(71,58): 120-123-101
(71,59): 121-121-86
(71,60): 123-124-102
(71,61): 123-123-86
(71,62): 123-126-101
(71,63): 121-122-88
(71,64): 121-124-100
(71,65): 122-121-79
(71,66): 122-123-88
(71,67): 122-122-81
(71,68): 121-125-95
(71,69): 119-124-78
(71,70): 117-127-90
(71,71): 117-123-75
(71,72): 117-126-97
(71,73): 118-123-82
(71,74): 119-127-97
(71,75): 120-123-83
(71,76): 120-126-97
(71,77): 120-123-83
(71,78): 120-125-100
(71,79): 120-123-86
(71,80): 121-125-103
(71,81): 121-123-90
(71,82): 122-125-103
(71,83): 121-123-84
(71,84): 121-126-102
(71,85): 120-123-84
(71,86): 121-125-98
(71,87): 122-123-85
(71,88): 122-125-94
(71,89): 122-123-80
(71,90): 124-125-95
(71,91): 125-123-79
(71,92): 125-124-88
(71,93): 124-122-84
(71,94): 123-124-99
(71,95): 122-121-86
(71,96): 121-123-100
(71,97): 120-121-84
(71,98): 119-126-98
(71,99): 120-123-81
(71,100): 120-125-91
(71,101): 120-124-77
(71,102): 119-127-87
(71,103): 121-124-74
(71,104): 120-125-85
(71,105): 120-125-74
(71,106): 120-127-87
(71,107): 120-125-69
(71,108): 119-126-85
(71,109): 120-125-73
(71,110): 119-128-84
(71,111): 119-126-73
(71,112): 120-127-82
(71,113): 120-125-69
(71,114): 120-126-80
(71,115): 120-125-69
(71,116): 120-127-79
(71,117): 120-125-69
(71,118): 120-126-77
(71,119): 120-125-65
(71,120): 119-127-73
(71,121): 121-126-62
(71,122): 121-128-70
(71,123): 121-126-65
(71,124): 122-126-73
(71,125): 123-125-62
(71,126): 126-124-58
(71,127): 127-123-47
