(0,0): ee=255, em=121 (209)
(0,1): ee=255, em=138 (231)
(0,2): ee=255, em=74 (219)
(0,3): ee=255, em=85 (238)
(0,4): ee=254, em=71 (219)
(0,5): ee=255, em=85 (239)
(0,6): ee=254, em=71 (219)
(0,7): ee=255, em=85 (239)
(0,8): ee=254, em=71 (219)
(0,9): ee=255, em=85 (239)
(0,10): ee=254, em=71 (219)
(0,11): ee=255, em=85 (239)
(0,12): ee=254, em=71 (219)
(0,13): ee=255, em=85 (239)
(0,14): ee=254, em=71 (219)
(0,15): ee=255, em=85 (239)
(0,16): ee=254, em=71 (219)
(0,17): ee=255, em=85 (239)
(0,18): ee=254, em=71 (219)
(0,19): ee=255, em=85 (239)
(0,20): ee=254, em=71 (219)
(0,21): ee=255, em=85 (239)
(0,22): ee=254, em=71 (219)
(0,23): ee=255, em=85 (239)
(0,24): ee=254, em=71 (219)
(0,25): ee=255, em=85 (239)
(0,26): ee=254, em=71 (219)
(0,27): ee=255, em=85 (239)
(0,28): ee=254, em=71 (219)
(0,29): ee=255, em=85 (239)
(0,30): ee=254, em=71 (219)
(0,31): ee=255, em=85 (239)
(0,32): ee=254, em=71 (219)
(0,33): ee=255, em=85 (239)
(0,34): ee=254, em=71 (219)
(0,35): ee=255, em=85 (239)
(0,36): ee=254, em=71 (219)
(0,37): ee=255, em=85 (239)
(0,38): ee=254, em=71 (219)
(0,39): ee=255, em=85 (239)
(0,40): ee=254, em=71 (219)
(0,41): ee=255, em=85 (239)
(0,42): ee=254, em=71 (219)
(0,43): ee=255, em=85 (239)
(0,44): ee=254, em=71 (219)
(0,45): ee=255, em=85 (239)
(0,46): ee=254, em=71 (219)
(0,47): ee=255, em=85 (239)
(0,48): ee=254, em=71 (219)
(0,49): ee=255, em=85 (239)
(0,50): ee=254, em=71 (219)
(0,51): ee=255, em=85 (239)
(0,52): ee=254, em=71 (219)
(0,53): ee=255, em=85 (239)
(0,54): ee=254, em=71 (219)
(0,55): ee=255, em=85 (239)
(0,56): ee=254, em=71 (219)
(0,57): ee=255, em=85 (239)
(0,58): ee=254, em=71 (219)
(0,59): ee=255, em=85 (239)
(0,60): ee=254, em=71 (219)
(0,61): ee=255, em=85 (239)
(0,62): ee=254, em=71 (219)
(0,63): ee=255, em=85 (239)
(0,64): ee=254, em=71 (219)
(0,65): ee=255, em=85 (239)
(0,66): ee=254, em=71 (219)
(0,67): ee=255, em=85 (239)
(0,68): ee=254, em=71 (219)
(0,69): ee=255, em=85 (239)
(0,70): ee=254, em=71 (219)
(0,71): ee=255, em=85 (239)
(0,72): ee=254, em=71 (219)
(0,73): ee=255, em=85 (239)
(0,74): ee=254, em=71 (219)
(0,75): ee=255, em=85 (239)
(0,76): ee=254, em=71 (219)
(0,77): ee=255, em=85 (239)
(0,78): ee=254, em=71 (219)
(0,79): ee=255, em=85 (239)
(0,80): ee=254, em=71 (219)
(0,81): ee=255, em=84 (238)
(0,82): ee=254, em=71 (219)
(0,83): ee=255, em=85 (239)
(0,84): ee=254, em=71 (219)
(0,85): ee=255, em=85 (239)
(0,86): ee=254, em=71 (219)
(0,87): ee=255, em=85 (239)
(0,88): ee=254, em=71 (219)
(0,89): ee=255, em=85 (239)
(0,90): ee=254, em=71 (219)
(0,91): ee=255, em=85 (239)
(0,92): ee=254, em=71 (219)
(0,93): ee=255, em=85 (239)
(0,94): ee=254, em=71 (219)
(0,95): ee=255, em=85 (239)
(0,96): ee=254, em=71 (219)
(0,97): ee=255, em=85 (239)
(0,98): ee=254, em=71 (219)
(0,99): ee=255, em=85 (239)
(0,100): ee=254, em=71 (219)
(0,101): ee=255, em=85 (239)
(0,102): ee=254, em=71 (219)
(0,103): ee=255, em=85 (239)
(0,104): ee=254, em=71 (219)
(0,105): ee=255, em=85 (239)
(0,106): ee=254, em=71 (219)
(0,107): ee=255, em=85 (239)
(0,108): ee=254, em=71 (219)
(0,109): ee=255, em=85 (239)
(0,110): ee=254, em=71 (219)
(0,111): ee=255, em=85 (239)
(0,112): ee=254, em=71 (219)
(0,113): ee=255, em=85 (239)
(0,114): ee=254, em=71 (219)
(0,115): ee=255, em=85 (239)
(0,116): ee=254, em=71 (219)
(0,117): ee=255, em=85 (239)
(0,118): ee=254, em=71 (219)
(0,119): ee=255, em=85 (239)
(0,120): ee=254, em=71 (219)
(0,121): ee=255, em=85 (239)
(0,122): ee=254, em=71 (219)
(0,123): ee=255, em=85 (239)
(0,124): ee=254, em=69 (220)
(0,125): ee=255, em=85 (240)
(0,126): ee=255, em=151 (241)
(0,127): ee=255, em=155 (248)
(1,0): ee=255, em=87 (231)
(1,1): ee=255, em=96 (249)
(1,2): ee=250, em=17 (248)
(1,3): ee=250, em=5 (250)
(1,4): ee=249, em=10 (248)
(1,5): ee=250, em=4 (250)
(1,6): ee=249, em=10 (248)
(1,7): ee=250, em=4 (250)
(1,8): ee=249, em=10 (248)
(1,9): ee=250, em=4 (250)
(1,10): ee=249, em=10 (248)
(1,11): ee=250, em=4 (250)
(1,12): ee=249, em=10 (248)
(1,13): ee=250, em=4 (250)
(1,14): ee=249, em=10 (248)
(1,15): ee=250, em=4 (250)
(1,16): ee=249, em=10 (248)
(1,17): ee=250, em=4 (250)
(1,18): ee=249, em=10 (248)
(1,19): ee=250, em=4 (250)
(1,20): ee=249, em=10 (248)
(1,21): ee=250, em=4 (250)
(1,22): ee=249, em=10 (248)
(1,23): ee=250, em=4 (250)
(1,24): ee=249, em=10 (248)
(1,25): ee=250, em=4 (250)
(1,26): ee=249, em=10 (248)
(1,27): ee=250, em=4 (250)
(1,28): ee=249, em=10 (248)
(1,29): ee=250, em=4 (250)
(1,30): ee=249, em=10 (248)
(1,31): ee=250, em=4 (250)
(1,32): ee=249, em=10 (248)
(1,33): ee=250, em=4 (250)
(1,34): ee=249, em=10 (248)
(1,35): ee=250, em=4 (250)
(1,36): ee=249, em=10 (248)
(1,37): ee=250, em=4 (250)
(1,38): ee=249, em=10 (248)
(1,39): ee=250, em=4 (250)
(1,40): ee=249, em=10 (248)
(1,41): ee=250, em=4 (250)
(1,42): ee=249, em=10 (248)
(1,43): ee=250, em=4 (250)
(1,44): ee=249, em=10 (248)
(1,45): ee=250, em=4 (250)
(1,46): ee=249, em=10 (248)
(1,47): ee=250, em=4 (250)
(1,48): ee=249, em=10 (248)
(1,49): ee=250, em=4 (250)
(1,50): ee=249, em=10 (248)
(1,51): ee=250, em=4 (250)
(1,52): ee=249, em=10 (248)
(1,53): ee=250, em=4 (250)
(1,54): ee=249, em=10 (248)
(1,55): ee=250, em=4 (250)
(1,56): ee=249, em=10 (248)
(1,57): ee=250, em=4 (250)
(1,58): ee=249, em=10 (248)
(1,59): ee=250, em=4 (250)
(1,60): ee=249, em=10 (248)
(1,61): ee=250, em=4 (250)
(1,62): ee=249, em=10 (248)
(1,63): ee=250, em=4 (250)
(1,64): ee=249, em=10 (248)
(1,65): ee=250, em=4 (250)
(1,66): ee=249, em=10 (248)
(1,67): ee=250, em=4 (250)
(1,68): ee=249, em=10 (248)
(1,69): ee=250, em=4 (250)
(1,70): ee=249, em=10 (248)
(1,71): ee=250, em=4 (250)
(1,72): ee=249, em=10 (248)
(1,73): ee=250, em=4 (250)
(1,74): ee=249, em=10 (248)
(1,75): ee=250, em=4 (250)
(1,76): ee=249, em=10 (248)
(1,77): ee=250, em=4 (250)
(1,78): ee=249, em=10 (248)
(1,79): ee=250, em=4 (250)
(1,80): ee=249, em=10 (248)
(1,81): ee=250, em=4 (250)
(1,82): ee=248, em=9 (247)
(1,83): ee=250, em=4 (250)
(1,84): ee=249, em=10 (248)
(1,85): ee=250, em=4 (250)
(1,86): ee=249, em=10 (248)
(1,87): ee=250, em=4 (250)
(1,88): ee=249, em=10 (248)
(1,89): ee=250, em=4 (250)
(1,90): ee=248, em=9 (247)
(1,91): ee=250, em=4 (250)
(1,92): ee=249, em=10 (248)
(1,93): ee=250, em=4 (250)
(1,94): ee=249, em=10 (248)
(1,95): ee=250, em=4 (250)
(1,96): ee=249, em=10 (248)
(1,97): ee=250, em=4 (250)
(1,98): ee=249, em=10 (248)
(1,99): ee=250, em=4 (250)
(1,100): ee=249, em=10 (248)
(1,101): ee=250, em=4 (250)
(1,102): ee=249, em=10 (248)
(1,103): ee=250, em=4 (250)
(1,104): ee=249, em=10 (248)
(1,105): ee=250, em=4 (250)
(1,106): ee=249, em=10 (248)
(1,107): ee=250, em=4 (250)
(1,108): ee=249, em=10 (248)
(1,109): ee=250, em=4 (250)
(1,110): ee=249, em=10 (248)
(1,111): ee=250, em=4 (250)
(1,112): ee=249, em=10 (248)
(1,113): ee=250, em=4 (250)
(1,114): ee=249, em=10 (248)
(1,115): ee=250, em=4 (250)
(1,116): ee=249, em=10 (248)
(1,117): ee=250, em=4 (250)
(1,118): ee=249, em=10 (248)
(1,119): ee=250, em=4 (250)
(1,120): ee=249, em=10 (248)
(1,121): ee=250, em=4 (250)
(1,122): ee=249, em=10 (248)
(1,123): ee=250, em=4 (250)
(1,124): ee=248, em=7 (248)
(1,125): ee=250, em=2 (250)
(1,126): ee=255, em=98 (250)
(1,127): ee=255, em=95 (250)
(2,0): ee=252, em=66 (219)
(2,1): ee=255, em=91 (248)
(2,2): ee=251, em=8 (250)
(2,3): ee=250, em=0 (250)
(2,4): ee=250, em=0 (250)
(2,5): ee=250, em=0 (250)
(2,6): ee=250, em=0 (250)
(2,7): ee=250, em=0 (250)
(2,8): ee=250, em=0 (250)
(2,9): ee=250, em=0 (250)
(2,10): ee=250, em=0 (250)
(2,11): ee=250, em=0 (250)
(2,12): ee=250, em=0 (250)
(2,13): ee=250, em=0 (250)
(2,14): ee=250, em=0 (250)
(2,15): ee=250, em=0 (250)
(2,16): ee=250, em=0 (250)
(2,17): ee=250, em=0 (250)
(2,18): ee=250, em=0 (250)
(2,19): ee=250, em=0 (250)
(2,20): ee=250, em=0 (250)
(2,21): ee=250, em=0 (250)
(2,22): ee=250, em=0 (250)
(2,23): ee=250, em=0 (250)
(2,24): ee=250, em=0 (250)
(2,25): ee=250, em=0 (250)
(2,26): ee=250, em=0 (250)
(2,27): ee=250, em=0 (250)
(2,28): ee=250, em=0 (250)
(2,29): ee=250, em=0 (250)
(2,30): ee=250, em=0 (250)
(2,31): ee=250, em=0 (250)
(2,32): ee=250, em=0 (250)
(2,33): ee=250, em=0 (250)
(2,34): ee=250, em=0 (250)
(2,35): ee=250, em=0 (250)
(2,36): ee=250, em=0 (250)
(2,37): ee=250, em=0 (250)
(2,38): ee=250, em=0 (250)
(2,39): ee=250, em=0 (250)
(2,40): ee=250, em=0 (250)
(2,41): ee=250, em=0 (250)
(2,42): ee=250, em=0 (250)
(2,43): ee=250, em=0 (250)
(2,44): ee=250, em=0 (250)
(2,45): ee=250, em=0 (250)
(2,46): ee=250, em=0 (250)
(2,47): ee=250, em=0 (250)
(2,48): ee=250, em=0 (250)
(2,49): ee=250, em=0 (250)
(2,50): ee=250, em=0 (250)
(2,51): ee=250, em=0 (250)
(2,52): ee=250, em=0 (250)
(2,53): ee=250, em=0 (250)
(2,54): ee=250, em=0 (250)
(2,55): ee=250, em=0 (250)
(2,56): ee=250, em=0 (250)
(2,57): ee=250, em=0 (250)
(2,58): ee=250, em=0 (250)
(2,59): ee=250, em=0 (250)
(2,60): ee=250, em=0 (250)
(2,61): ee=250, em=0 (250)
(2,62): ee=250, em=0 (250)
(2,63): ee=250, em=0 (250)
(2,64): ee=250, em=0 (250)
(2,65): ee=250, em=0 (250)
(2,66): ee=250, em=0 (250)
(2,67): ee=250, em=0 (250)
(2,68): ee=250, em=0 (250)
(2,69): ee=250, em=0 (250)
(2,70): ee=250, em=0 (250)
(2,71): ee=250, em=0 (250)
(2,72): ee=250, em=0 (250)
(2,73): ee=250, em=0 (250)
(2,74): ee=250, em=0 (250)
(2,75): ee=250, em=0 (250)
(2,76): ee=250, em=0 (250)
(2,77): ee=250, em=0 (250)
(2,78): ee=250, em=0 (250)
(2,79): ee=250, em=0 (250)
(2,80): ee=250, em=0 (250)
(2,81): ee=250, em=0 (250)
(2,82): ee=250, em=0 (250)
(2,83): ee=250, em=0 (250)
(2,84): ee=250, em=0 (250)
(2,85): ee=250, em=0 (250)
(2,86): ee=250, em=0 (250)
(2,87): ee=250, em=0 (250)
(2,88): ee=250, em=0 (250)
(2,89): ee=250, em=0 (250)
(2,90): ee=250, em=0 (250)
(2,91): ee=250, em=0 (250)
(2,92): ee=250, em=0 (250)
(2,93): ee=250, em=0 (250)
(2,94): ee=250, em=0 (250)
(2,95): ee=250, em=0 (250)
(2,96): ee=250, em=0 (250)
(2,97): ee=250, em=0 (250)
(2,98): ee=250, em=0 (250)
(2,99): ee=250, em=0 (250)
(2,100): ee=250, em=0 (250)
(2,101): ee=250, em=0 (250)
(2,102): ee=250, em=0 (250)
(2,103): ee=250, em=0 (250)
(2,104): ee=250, em=0 (250)
(2,105): ee=250, em=0 (250)
(2,106): ee=250, em=0 (250)
(2,107): ee=250, em=0 (250)
(2,108): ee=250, em=0 (250)
(2,109): ee=250, em=0 (250)
(2,110): ee=250, em=0 (250)
(2,111): ee=250, em=0 (250)
(2,112): ee=250, em=0 (250)
(2,113): ee=250, em=0 (250)
(2,114): ee=250, em=0 (250)
(2,115): ee=250, em=0 (250)
(2,116): ee=250, em=0 (250)
(2,117): ee=250, em=0 (250)
(2,118): ee=250, em=0 (250)
(2,119): ee=250, em=0 (250)
(2,120): ee=250, em=0 (250)
(2,121): ee=250, em=0 (250)
(2,122): ee=250, em=0 (250)
(2,123): ee=250, em=0 (250)
(2,124): ee=250, em=0 (250)
(2,125): ee=250, em=0 (250)
(2,126): ee=255, em=94 (250)
(2,127): ee=255, em=93 (250)
(3,0): ee=255, em=89 (238)
(3,1): ee=255, em=94 (250)
(3,2): ee=251, em=9 (250)
(3,3): ee=250, em=0 (250)
(3,4): ee=250, em=0 (250)
(3,5): ee=250, em=0 (250)
(3,6): ee=250, em=0 (250)
(3,7): ee=250, em=0 (250)
(3,8): ee=250, em=0 (250)
(3,9): ee=250, em=0 (250)
(3,10): ee=250, em=0 (250)
(3,11): ee=250, em=0 (250)
(3,12): ee=250, em=0 (250)
(3,13): ee=250, em=0 (250)
(3,14): ee=250, em=0 (250)
(3,15): ee=250, em=0 (250)
(3,16): ee=250, em=0 (250)
(3,17): ee=250, em=0 (250)
(3,18): ee=250, em=0 (250)
(3,19): ee=250, em=0 (250)
(3,20): ee=250, em=0 (250)
(3,21): ee=250, em=0 (250)
(3,22): ee=250, em=0 (250)
(3,23): ee=250, em=0 (250)
(3,24): ee=250, em=0 (250)
(3,25): ee=250, em=0 (250)
(3,26): ee=250, em=0 (250)
(3,27): ee=250, em=0 (250)
(3,28): ee=250, em=0 (250)
(3,29): ee=250, em=0 (250)
(3,30): ee=250, em=0 (250)
(3,31): ee=250, em=0 (250)
(3,32): ee=250, em=0 (250)
(3,33): ee=250, em=0 (250)
(3,34): ee=250, em=0 (250)
(3,35): ee=250, em=0 (250)
(3,36): ee=250, em=0 (250)
(3,37): ee=250, em=0 (250)
(3,38): ee=250, em=0 (250)
(3,39): ee=250, em=0 (250)
(3,40): ee=250, em=0 (250)
(3,41): ee=250, em=0 (250)
(3,42): ee=250, em=0 (250)
(3,43): ee=250, em=0 (250)
(3,44): ee=250, em=0 (250)
(3,45): ee=250, em=0 (250)
(3,46): ee=250, em=0 (250)
(3,47): ee=250, em=0 (250)
(3,48): ee=250, em=0 (250)
(3,49): ee=250, em=0 (250)
(3,50): ee=250, em=0 (250)
(3,51): ee=250, em=0 (250)
(3,52): ee=250, em=0 (250)
(3,53): ee=250, em=0 (250)
(3,54): ee=250, em=0 (250)
(3,55): ee=250, em=0 (250)
(3,56): ee=250, em=0 (250)
(3,57): ee=250, em=0 (250)
(3,58): ee=250, em=0 (250)
(3,59): ee=250, em=0 (250)
(3,60): ee=250, em=0 (250)
(3,61): ee=250, em=0 (250)
(3,62): ee=250, em=0 (250)
(3,63): ee=250, em=0 (250)
(3,64): ee=250, em=0 (250)
(3,65): ee=250, em=0 (250)
(3,66): ee=250, em=0 (250)
(3,67): ee=250, em=0 (250)
(3,68): ee=250, em=0 (250)
(3,69): ee=250, em=0 (250)
(3,70): ee=250, em=0 (250)
(3,71): ee=250, em=0 (250)
(3,72): ee=250, em=0 (250)
(3,73): ee=250, em=0 (250)
(3,74): ee=250, em=0 (250)
(3,75): ee=250, em=0 (250)
(3,76): ee=250, em=0 (250)
(3,77): ee=250, em=0 (250)
(3,78): ee=250, em=0 (250)
(3,79): ee=250, em=0 (250)
(3,80): ee=250, em=0 (250)
(3,81): ee=250, em=0 (250)
(3,82): ee=250, em=0 (250)
(3,83): ee=250, em=0 (250)
(3,84): ee=250, em=0 (250)
(3,85): ee=250, em=0 (250)
(3,86): ee=250, em=0 (250)
(3,87): ee=250, em=0 (250)
(3,88): ee=250, em=0 (250)
(3,89): ee=250, em=0 (250)
(3,90): ee=250, em=0 (250)
(3,91): ee=250, em=0 (250)
(3,92): ee=250, em=0 (250)
(3,93): ee=250, em=0 (250)
(3,94): ee=250, em=0 (250)
(3,95): ee=250, em=0 (250)
(3,96): ee=250, em=0 (250)
(3,97): ee=250, em=0 (250)
(3,98): ee=250, em=0 (250)
(3,99): ee=250, em=0 (250)
(3,100): ee=250, em=0 (250)
(3,101): ee=250, em=0 (250)
(3,102): ee=250, em=0 (250)
(3,103): ee=250, em=0 (250)
(3,104): ee=250, em=0 (250)
(3,105): ee=250, em=0 (250)
(3,106): ee=250, em=0 (250)
(3,107): ee=250, em=0 (250)
(3,108): ee=250, em=0 (250)
(3,109): ee=250, em=0 (250)
(3,110): ee=250, em=0 (250)
(3,111): ee=250, em=0 (250)
(3,112): ee=250, em=0 (250)
(3,113): ee=250, em=0 (250)
(3,114): ee=250, em=0 (250)
(3,115): ee=250, em=0 (250)
(3,116): ee=250, em=0 (250)
(3,117): ee=250, em=0 (250)
(3,118): ee=250, em=0 (250)
(3,119): ee=250, em=0 (250)
(3,120): ee=250, em=0 (250)
(3,121): ee=250, em=0 (250)
(3,122): ee=250, em=0 (250)
(3,123): ee=250, em=0 (250)
(3,124): ee=250, em=0 (250)
(3,125): ee=250, em=0 (250)
(3,126): ee=255, em=93 (250)
(3,127): ee=255, em=93 (250)
(4,0): ee=251, em=65 (219)
(4,1): ee=255, em=91 (248)
(4,2): ee=250, em=6 (250)
(4,3): ee=250, em=0 (250)
(4,4): ee=250, em=0 (250)
(4,5): ee=250, em=0 (250)
(4,6): ee=250, em=0 (250)
(4,7): ee=250, em=0 (250)
(4,8): ee=250, em=0 (250)
(4,9): ee=250, em=0 (250)
(4,10): ee=250, em=0 (250)
(4,11): ee=250, em=0 (250)
(4,12): ee=250, em=0 (250)
(4,13): ee=250, em=0 (250)
(4,14): ee=250, em=0 (250)
(4,15): ee=250, em=0 (250)
(4,16): ee=250, em=0 (250)
(4,17): ee=250, em=0 (250)
(4,18): ee=250, em=0 (250)
(4,19): ee=250, em=0 (250)
(4,20): ee=250, em=0 (250)
(4,21): ee=250, em=0 (250)
(4,22): ee=250, em=0 (250)
(4,23): ee=250, em=0 (250)
(4,24): ee=250, em=0 (250)
(4,25): ee=250, em=0 (250)
(4,26): ee=250, em=0 (250)
(4,27): ee=250, em=0 (250)
(4,28): ee=250, em=0 (250)
(4,29): ee=250, em=0 (250)
(4,30): ee=250, em=0 (250)
(4,31): ee=250, em=0 (250)
(4,32): ee=250, em=0 (250)
(4,33): ee=250, em=0 (250)
(4,34): ee=250, em=0 (250)
(4,35): ee=250, em=0 (250)
(4,36): ee=250, em=0 (250)
(4,37): ee=250, em=0 (250)
(4,38): ee=250, em=0 (250)
(4,39): ee=250, em=0 (250)
(4,40): ee=250, em=0 (250)
(4,41): ee=250, em=0 (250)
(4,42): ee=250, em=0 (250)
(4,43): ee=250, em=0 (250)
(4,44): ee=250, em=0 (250)
(4,45): ee=250, em=0 (250)
(4,46): ee=250, em=0 (250)
(4,47): ee=250, em=0 (250)
(4,48): ee=250, em=0 (250)
(4,49): ee=250, em=0 (250)
(4,50): ee=250, em=0 (250)
(4,51): ee=250, em=0 (250)
(4,52): ee=250, em=0 (250)
(4,53): ee=250, em=0 (250)
(4,54): ee=250, em=0 (250)
(4,55): ee=250, em=0 (250)
(4,56): ee=250, em=0 (250)
(4,57): ee=250, em=0 (250)
(4,58): ee=250, em=0 (250)
(4,59): ee=250, em=0 (250)
(4,60): ee=250, em=0 (250)
(4,61): ee=250, em=0 (250)
(4,62): ee=250, em=0 (250)
(4,63): ee=250, em=0 (250)
(4,64): ee=250, em=0 (250)
(4,65): ee=250, em=0 (250)
(4,66): ee=250, em=0 (250)
(4,67): ee=250, em=0 (250)
(4,68): ee=250, em=0 (250)
(4,69): ee=250, em=0 (250)
(4,70): ee=250, em=0 (250)
(4,71): ee=250, em=0 (250)
(4,72): ee=250, em=0 (250)
(4,73): ee=250, em=0 (250)
(4,74): ee=250, em=0 (250)
(4,75): ee=250, em=0 (250)
(4,76): ee=250, em=0 (250)
(4,77): ee=250, em=0 (250)
(4,78): ee=250, em=0 (250)
(4,79): ee=250, em=0 (250)
(4,80): ee=250, em=0 (250)
(4,81): ee=250, em=0 (250)
(4,82): ee=250, em=0 (250)
(4,83): ee=250, em=0 (250)
(4,84): ee=250, em=0 (250)
(4,85): ee=250, em=0 (250)
(4,86): ee=250, em=0 (250)
(4,87): ee=250, em=0 (250)
(4,88): ee=250, em=0 (250)
(4,89): ee=250, em=0 (250)
(4,90): ee=250, em=0 (250)
(4,91): ee=250, em=0 (250)
(4,92): ee=250, em=0 (250)
(4,93): ee=250, em=0 (250)
(4,94): ee=250, em=0 (250)
(4,95): ee=250, em=0 (250)
(4,96): ee=250, em=0 (250)
(4,97): ee=250, em=0 (250)
(4,98): ee=250, em=0 (250)
(4,99): ee=250, em=0 (250)
(4,100): ee=250, em=0 (250)
(4,101): ee=250, em=0 (250)
(4,102): ee=250, em=0 (250)
(4,103): ee=250, em=0 (250)
(4,104): ee=250, em=0 (250)
(4,105): ee=250, em=0 (250)
(4,106): ee=250, em=0 (250)
(4,107): ee=250, em=0 (250)
(4,108): ee=250, em=0 (250)
(4,109): ee=250, em=0 (250)
(4,110): ee=250, em=0 (250)
(4,111): ee=250, em=0 (250)
(4,112): ee=250, em=0 (250)
(4,113): ee=250, em=0 (250)
(4,114): ee=250, em=0 (250)
(4,115): ee=250, em=0 (250)
(4,116): ee=250, em=0 (250)
(4,117): ee=250, em=0 (250)
(4,118): ee=250, em=0 (250)
(4,119): ee=250, em=0 (250)
(4,120): ee=250, em=0 (250)
(4,121): ee=250, em=0 (250)
(4,122): ee=250, em=0 (250)
(4,123): ee=250, em=0 (250)
(4,124): ee=250, em=0 (250)
(4,125): ee=250, em=0 (250)
(4,126): ee=255, em=93 (250)
(4,127): ee=255, em=93 (250)
(5,0): ee=255, em=90 (239)
(5,1): ee=255, em=94 (250)
(5,2): ee=251, em=9 (250)
(5,3): ee=250, em=0 (250)
(5,4): ee=250, em=0 (250)
(5,5): ee=250, em=0 (250)
(5,6): ee=250, em=0 (250)
(5,7): ee=250, em=0 (250)
(5,8): ee=250, em=0 (250)
(5,9): ee=250, em=0 (250)
(5,10): ee=250, em=0 (250)
(5,11): ee=250, em=0 (250)
(5,12): ee=250, em=0 (250)
(5,13): ee=250, em=0 (250)
(5,14): ee=250, em=0 (250)
(5,15): ee=250, em=0 (250)
(5,16): ee=250, em=0 (250)
(5,17): ee=250, em=0 (250)
(5,18): ee=250, em=0 (250)
(5,19): ee=250, em=0 (250)
(5,20): ee=250, em=0 (250)
(5,21): ee=250, em=0 (250)
(5,22): ee=250, em=0 (250)
(5,23): ee=250, em=0 (250)
(5,24): ee=250, em=0 (250)
(5,25): ee=250, em=0 (250)
(5,26): ee=250, em=0 (250)
(5,27): ee=250, em=0 (250)
(5,28): ee=250, em=0 (250)
(5,29): ee=250, em=0 (250)
(5,30): ee=250, em=0 (250)
(5,31): ee=250, em=0 (250)
(5,32): ee=250, em=0 (250)
(5,33): ee=250, em=0 (250)
(5,34): ee=250, em=0 (250)
(5,35): ee=250, em=0 (250)
(5,36): ee=250, em=0 (250)
(5,37): ee=250, em=0 (250)
(5,38): ee=250, em=0 (250)
(5,39): ee=250, em=0 (250)
(5,40): ee=250, em=0 (250)
(5,41): ee=250, em=0 (250)
(5,42): ee=250, em=0 (250)
(5,43): ee=250, em=0 (250)
(5,44): ee=250, em=0 (250)
(5,45): ee=250, em=0 (250)
(5,46): ee=250, em=0 (250)
(5,47): ee=250, em=0 (250)
(5,48): ee=250, em=0 (250)
(5,49): ee=250, em=0 (250)
(5,50): ee=250, em=0 (250)
(5,51): ee=250, em=0 (250)
(5,52): ee=250, em=0 (250)
(5,53): ee=250, em=0 (250)
(5,54): ee=250, em=0 (250)
(5,55): ee=250, em=0 (250)
(5,56): ee=250, em=0 (250)
(5,57): ee=250, em=0 (250)
(5,58): ee=250, em=0 (250)
(5,59): ee=250, em=0 (250)
(5,60): ee=250, em=0 (250)
(5,61): ee=250, em=0 (250)
(5,62): ee=250, em=0 (250)
(5,63): ee=250, em=0 (250)
(5,64): ee=250, em=0 (250)
(5,65): ee=250, em=0 (250)
(5,66): ee=250, em=0 (250)
(5,67): ee=250, em=0 (250)
(5,68): ee=250, em=0 (250)
(5,69): ee=250, em=0 (250)
(5,70): ee=250, em=0 (250)
(5,71): ee=250, em=0 (250)
(5,72): ee=250, em=0 (250)
(5,73): ee=250, em=0 (250)
(5,74): ee=250, em=0 (250)
(5,75): ee=250, em=0 (250)
(5,76): ee=250, em=0 (250)
(5,77): ee=250, em=0 (250)
(5,78): ee=250, em=0 (250)
(5,79): ee=250, em=0 (250)
(5,80): ee=250, em=0 (250)
(5,81): ee=250, em=2 (250)
(5,82): ee=250, em=6 (250)
(5,83): ee=250, em=7 (250)
(5,84): ee=251, em=14 (250)
(5,85): ee=251, em=11 (250)
(5,86): ee=252, em=16 (250)
(5,87): ee=251, em=10 (250)
(5,88): ee=251, em=10 (250)
(5,89): ee=250, em=4 (250)
(5,90): ee=250, em=2 (250)
(5,91): ee=250, em=0 (250)
(5,92): ee=250, em=0 (250)
(5,93): ee=250, em=0 (250)
(5,94): ee=250, em=0 (250)
(5,95): ee=250, em=0 (250)
(5,96): ee=250, em=0 (250)
(5,97): ee=250, em=0 (250)
(5,98): ee=250, em=0 (250)
(5,99): ee=250, em=0 (250)
(5,100): ee=250, em=0 (250)
(5,101): ee=250, em=0 (250)
(5,102): ee=250, em=0 (250)
(5,103): ee=250, em=0 (250)
(5,104): ee=250, em=0 (250)
(5,105): ee=250, em=0 (250)
(5,106): ee=250, em=0 (250)
(5,107): ee=250, em=0 (250)
(5,108): ee=250, em=0 (250)
(5,109): ee=250, em=0 (250)
(5,110): ee=250, em=0 (250)
(5,111): ee=250, em=0 (250)
(5,112): ee=250, em=0 (250)
(5,113): ee=250, em=0 (250)
(5,114): ee=250, em=0 (250)
(5,115): ee=250, em=0 (250)
(5,116): ee=250, em=0 (250)
(5,117): ee=250, em=0 (250)
(5,118): ee=250, em=0 (250)
(5,119): ee=250, em=0 (250)
(5,120): ee=250, em=0 (250)
(5,121): ee=250, em=0 (250)
(5,122): ee=250, em=0 (250)
(5,123): ee=250, em=0 (250)
(5,124): ee=250, em=0 (250)
(5,125): ee=250, em=0 (250)
(5,126): ee=255, em=93 (250)
(5,127): ee=255, em=93 (250)
(6,0): ee=251, em=65 (219)
(6,1): ee=255, em=91 (248)
(6,2): ee=250, em=6 (250)
(6,3): ee=250, em=0 (250)
(6,4): ee=250, em=0 (250)
(6,5): ee=250, em=0 (250)
(6,6): ee=250, em=0 (250)
(6,7): ee=250, em=0 (250)
(6,8): ee=250, em=0 (250)
(6,9): ee=250, em=0 (250)
(6,10): ee=250, em=0 (250)
(6,11): ee=250, em=0 (250)
(6,12): ee=250, em=0 (250)
(6,13): ee=250, em=0 (250)
(6,14): ee=250, em=0 (250)
(6,15): ee=250, em=0 (250)
(6,16): ee=250, em=0 (250)
(6,17): ee=250, em=0 (250)
(6,18): ee=250, em=0 (250)
(6,19): ee=250, em=0 (250)
(6,20): ee=250, em=0 (250)
(6,21): ee=250, em=0 (250)
(6,22): ee=250, em=0 (250)
(6,23): ee=250, em=0 (250)
(6,24): ee=250, em=0 (250)
(6,25): ee=250, em=0 (250)
(6,26): ee=250, em=0 (250)
(6,27): ee=250, em=0 (250)
(6,28): ee=250, em=0 (250)
(6,29): ee=250, em=0 (250)
(6,30): ee=250, em=0 (250)
(6,31): ee=250, em=0 (250)
(6,32): ee=250, em=0 (250)
(6,33): ee=250, em=0 (250)
(6,34): ee=250, em=0 (250)
(6,35): ee=250, em=0 (250)
(6,36): ee=250, em=0 (250)
(6,37): ee=250, em=0 (250)
(6,38): ee=250, em=0 (250)
(6,39): ee=250, em=0 (250)
(6,40): ee=250, em=0 (250)
(6,41): ee=250, em=0 (250)
(6,42): ee=250, em=0 (250)
(6,43): ee=250, em=0 (250)
(6,44): ee=250, em=0 (250)
(6,45): ee=250, em=0 (250)
(6,46): ee=250, em=0 (250)
(6,47): ee=250, em=0 (250)
(6,48): ee=250, em=0 (250)
(6,49): ee=250, em=0 (250)
(6,50): ee=250, em=0 (250)
(6,51): ee=250, em=0 (250)
(6,52): ee=250, em=0 (250)
(6,53): ee=250, em=0 (250)
(6,54): ee=250, em=0 (250)
(6,55): ee=250, em=0 (250)
(6,56): ee=250, em=0 (250)
(6,57): ee=250, em=0 (250)
(6,58): ee=250, em=0 (250)
(6,59): ee=250, em=0 (250)
(6,60): ee=250, em=0 (250)
(6,61): ee=250, em=0 (250)
(6,62): ee=250, em=0 (250)
(6,63): ee=250, em=0 (250)
(6,64): ee=250, em=0 (250)
(6,65): ee=250, em=0 (250)
(6,66): ee=250, em=0 (250)
(6,67): ee=250, em=0 (250)
(6,68): ee=250, em=0 (250)
(6,69): ee=250, em=0 (250)
(6,70): ee=250, em=0 (250)
(6,71): ee=250, em=0 (250)
(6,72): ee=250, em=0 (250)
(6,73): ee=250, em=0 (250)
(6,74): ee=250, em=0 (250)
(6,75): ee=250, em=0 (250)
(6,76): ee=250, em=0 (250)
(6,77): ee=250, em=0 (250)
(6,78): ee=250, em=0 (250)
(6,79): ee=250, em=2 (250)
(6,80): ee=251, em=8 (250)
(6,81): ee=252, em=21 (250)
(6,82): ee=248, em=42 (248)
(6,83): ee=232, em=33 (232)
(6,84): ee=205, em=29 (202)
(6,85): ee=209, em=29 (206)
(6,86): ee=187, em=23 (185)
(6,87): ee=217, em=32 (217)
(6,88): ee=230, em=42 (230)
(6,89): ee=247, em=36 (247)
(6,90): ee=253, em=27 (250)
(6,91): ee=251, em=11 (250)
(6,92): ee=250, em=4 (250)
(6,93): ee=250, em=2 (250)
(6,94): ee=250, em=0 (250)
(6,95): ee=250, em=0 (250)
(6,96): ee=250, em=0 (250)
(6,97): ee=250, em=0 (250)
(6,98): ee=250, em=0 (250)
(6,99): ee=250, em=0 (250)
(6,100): ee=250, em=0 (250)
(6,101): ee=250, em=0 (250)
(6,102): ee=250, em=0 (250)
(6,103): ee=250, em=0 (250)
(6,104): ee=250, em=0 (250)
(6,105): ee=250, em=0 (250)
(6,106): ee=250, em=0 (250)
(6,107): ee=250, em=0 (250)
(6,108): ee=250, em=0 (250)
(6,109): ee=250, em=0 (250)
(6,110): ee=250, em=0 (250)
(6,111): ee=250, em=0 (250)
(6,112): ee=250, em=0 (250)
(6,113): ee=250, em=0 (250)
(6,114): ee=250, em=0 (250)
(6,115): ee=250, em=0 (250)
(6,116): ee=250, em=0 (250)
(6,117): ee=250, em=0 (250)
(6,118): ee=250, em=0 (250)
(6,119): ee=250, em=0 (250)
(6,120): ee=250, em=0 (250)
(6,121): ee=250, em=0 (250)
(6,122): ee=250, em=0 (250)
(6,123): ee=250, em=0 (250)
(6,124): ee=250, em=0 (250)
(6,125): ee=250, em=0 (250)
(6,126): ee=255, em=93 (250)
(6,127): ee=255, em=93 (250)
(7,0): ee=255, em=90 (239)
(7,1): ee=255, em=94 (250)
(7,2): ee=251, em=9 (250)
(7,3): ee=250, em=0 (250)
(7,4): ee=250, em=0 (250)
(7,5): ee=250, em=0 (250)
(7,6): ee=250, em=0 (250)
(7,7): ee=250, em=0 (250)
(7,8): ee=250, em=0 (250)
(7,9): ee=250, em=0 (250)
(7,10): ee=250, em=0 (250)
(7,11): ee=250, em=0 (250)
(7,12): ee=250, em=0 (250)
(7,13): ee=250, em=0 (250)
(7,14): ee=250, em=0 (250)
(7,15): ee=250, em=0 (250)
(7,16): ee=250, em=0 (250)
(7,17): ee=250, em=0 (250)
(7,18): ee=250, em=0 (250)
(7,19): ee=250, em=0 (250)
(7,20): ee=250, em=0 (250)
(7,21): ee=250, em=0 (250)
(7,22): ee=250, em=0 (250)
(7,23): ee=250, em=0 (250)
(7,24): ee=250, em=0 (250)
(7,25): ee=250, em=0 (250)
(7,26): ee=250, em=0 (250)
(7,27): ee=250, em=0 (250)
(7,28): ee=250, em=0 (250)
(7,29): ee=250, em=0 (250)
(7,30): ee=250, em=0 (250)
(7,31): ee=250, em=0 (250)
(7,32): ee=250, em=0 (250)
(7,33): ee=250, em=0 (250)
(7,34): ee=250, em=0 (250)
(7,35): ee=250, em=0 (250)
(7,36): ee=250, em=0 (250)
(7,37): ee=250, em=0 (250)
(7,38): ee=250, em=0 (250)
(7,39): ee=250, em=0 (250)
(7,40): ee=250, em=0 (250)
(7,41): ee=250, em=0 (250)
(7,42): ee=250, em=0 (250)
(7,43): ee=250, em=0 (250)
(7,44): ee=250, em=0 (250)
(7,45): ee=250, em=0 (250)
(7,46): ee=250, em=0 (250)
(7,47): ee=250, em=0 (250)
(7,48): ee=250, em=0 (250)
(7,49): ee=250, em=0 (250)
(7,50): ee=250, em=0 (250)
(7,51): ee=250, em=0 (250)
(7,52): ee=250, em=0 (250)
(7,53): ee=250, em=0 (250)
(7,54): ee=250, em=0 (250)
(7,55): ee=250, em=0 (250)
(7,56): ee=250, em=0 (250)
(7,57): ee=250, em=0 (250)
(7,58): ee=250, em=0 (250)
(7,59): ee=250, em=0 (250)
(7,60): ee=250, em=0 (250)
(7,61): ee=250, em=0 (250)
(7,62): ee=250, em=0 (250)
(7,63): ee=250, em=0 (250)
(7,64): ee=250, em=0 (250)
(7,65): ee=250, em=0 (250)
(7,66): ee=250, em=0 (250)
(7,67): ee=250, em=0 (250)
(7,68): ee=250, em=0 (250)
(7,69): ee=250, em=0 (250)
(7,70): ee=250, em=0 (250)
(7,71): ee=250, em=0 (250)
(7,72): ee=250, em=0 (250)
(7,73): ee=250, em=1 (250)
(7,74): ee=250, em=4 (250)
(7,75): ee=250, em=5 (250)
(7,76): ee=250, em=11 (249)
(7,77): ee=251, em=14 (250)
(7,78): ee=253, em=26 (250)
(7,79): ee=249, em=34 (249)
(7,80): ee=248, em=58 (248)
(7,81): ee=229, em=57 (229)
(7,82): ee=186, em=38 (186)
(7,83): ee=114, em=-26 (118)
(7,84): ee=0, em=-121 (7)
(7,85): ee=0, em=-91 (36)
(7,86): ee=0, em=-109 (8)
(7,87): ee=25, em=-74 (62)
(7,88): ee=92, em=-42 (92)
(7,89): ee=176, em=19 (174)
(7,90): ee=213, em=51 (213)
(7,91): ee=234, em=44 (234)
(7,92): ee=249, em=45 (249)
(7,93): ee=253, em=27 (250)
(7,94): ee=252, em=16 (250)
(7,95): ee=251, em=8 (250)
(7,96): ee=250, em=2 (250)
(7,97): ee=250, em=1 (250)
(7,98): ee=250, em=0 (250)
(7,99): ee=250, em=0 (250)
(7,100): ee=250, em=0 (250)
(7,101): ee=250, em=0 (250)
(7,102): ee=250, em=0 (250)
(7,103): ee=250, em=0 (250)
(7,104): ee=250, em=0 (250)
(7,105): ee=250, em=0 (250)
(7,106): ee=250, em=0 (250)
(7,107): ee=250, em=0 (250)
(7,108): ee=250, em=0 (250)
(7,109): ee=250, em=0 (250)
(7,110): ee=250, em=0 (250)
(7,111): ee=250, em=0 (250)
(7,112): ee=250, em=0 (250)
(7,113): ee=250, em=0 (250)
(7,114): ee=250, em=0 (250)
(7,115): ee=250, em=0 (250)
(7,116): ee=250, em=0 (250)
(7,117): ee=250, em=0 (250)
(7,118): ee=250, em=0 (250)
(7,119): ee=250, em=0 (250)
(7,120): ee=250, em=0 (250)
(7,121): ee=250, em=0 (250)
(7,122): ee=250, em=0 (250)
(7,123): ee=250, em=0 (250)
(7,124): ee=250, em=0 (250)
(7,125): ee=250, em=0 (250)
(7,126): ee=255, em=93 (250)
(7,127): ee=255, em=93 (250)
(8,0): ee=251, em=65 (219)
(8,1): ee=255, em=91 (248)
(8,2): ee=250, em=6 (250)
(8,3): ee=250, em=0 (250)
(8,4): ee=250, em=0 (250)
(8,5): ee=250, em=0 (250)
(8,6): ee=250, em=0 (250)
(8,7): ee=250, em=0 (250)
(8,8): ee=250, em=0 (250)
(8,9): ee=250, em=0 (250)
(8,10): ee=250, em=0 (250)
(8,11): ee=250, em=0 (250)
(8,12): ee=250, em=0 (250)
(8,13): ee=250, em=0 (250)
(8,14): ee=250, em=0 (250)
(8,15): ee=250, em=0 (250)
(8,16): ee=250, em=0 (250)
(8,17): ee=250, em=0 (250)
(8,18): ee=250, em=0 (250)
(8,19): ee=250, em=0 (250)
(8,20): ee=250, em=0 (250)
(8,21): ee=250, em=0 (250)
(8,22): ee=250, em=0 (250)
(8,23): ee=250, em=0 (250)
(8,24): ee=250, em=0 (250)
(8,25): ee=250, em=0 (250)
(8,26): ee=250, em=0 (250)
(8,27): ee=250, em=0 (250)
(8,28): ee=250, em=0 (250)
(8,29): ee=250, em=0 (250)
(8,30): ee=250, em=0 (250)
(8,31): ee=250, em=0 (250)
(8,32): ee=250, em=0 (250)
(8,33): ee=250, em=0 (250)
(8,34): ee=250, em=0 (250)
(8,35): ee=250, em=0 (250)
(8,36): ee=250, em=0 (250)
(8,37): ee=250, em=0 (250)
(8,38): ee=250, em=0 (250)
(8,39): ee=250, em=0 (250)
(8,40): ee=250, em=0 (250)
(8,41): ee=250, em=0 (250)
(8,42): ee=250, em=0 (250)
(8,43): ee=250, em=0 (250)
(8,44): ee=250, em=0 (250)
(8,45): ee=250, em=0 (250)
(8,46): ee=250, em=0 (250)
(8,47): ee=250, em=0 (250)
(8,48): ee=250, em=0 (250)
(8,49): ee=250, em=0 (250)
(8,50): ee=250, em=0 (250)
(8,51): ee=250, em=0 (250)
(8,52): ee=250, em=0 (250)
(8,53): ee=250, em=0 (250)
(8,54): ee=250, em=0 (250)
(8,55): ee=250, em=0 (250)
(8,56): ee=250, em=0 (250)
(8,57): ee=250, em=0 (250)
(8,58): ee=250, em=0 (250)
(8,59): ee=250, em=0 (250)
(8,60): ee=250, em=0 (250)
(8,61): ee=250, em=0 (250)
(8,62): ee=250, em=0 (250)
(8,63): ee=250, em=0 (250)
(8,64): ee=250, em=0 (250)
(8,65): ee=250, em=0 (250)
(8,66): ee=250, em=0 (250)
(8,67): ee=250, em=0 (250)
(8,68): ee=250, em=0 (250)
(8,69): ee=250, em=0 (250)
(8,70): ee=250, em=0 (250)
(8,71): ee=250, em=3 (250)
(8,72): ee=251, em=9 (250)
(8,73): ee=252, em=18 (250)
(8,74): ee=246, em=39 (246)
(8,75): ee=240, em=28 (237)
(8,76): ee=217, em=44 (217)
(8,77): ee=218, em=38 (218)
(8,78): ee=189, em=49 (189)
(8,79): ee=179, em=17 (177)
(8,80): ee=135, em=4 (135)
(8,81): ee=94, em=-43 (94)
(8,82): ee=0, em=-120 (5)
(8,83): ee=0, em=-121 (6)
(8,84): ee=84, em=-16 (86)
(8,85): ee=100, em=0 (100)
(8,86): ee=110, em=14 (109)
(8,87): ee=76, em=-37 (76)
(8,88): ee=0, em=-87 (32)
(8,89): ee=0, em=-96 (39)
(8,90): ee=1, em=-87 (45)
(8,91): ee=114, em=-35 (114)
(8,92): ee=145, em=-1 (146)
(8,93): ee=195, em=17 (193)
(8,94): ee=228, em=50 (228)
(8,95): ee=242, em=35 (242)
(8,96): ee=252, em=30 (249)
(8,97): ee=251, em=12 (250)
(8,98): ee=250, em=3 (250)
(8,99): ee=250, em=0 (250)
(8,100): ee=250, em=0 (250)
(8,101): ee=250, em=0 (250)
(8,102): ee=250, em=0 (250)
(8,103): ee=250, em=0 (250)
(8,104): ee=250, em=0 (250)
(8,105): ee=250, em=0 (250)
(8,106): ee=250, em=0 (250)
(8,107): ee=250, em=0 (250)
(8,108): ee=250, em=0 (250)
(8,109): ee=250, em=0 (250)
(8,110): ee=250, em=0 (250)
(8,111): ee=250, em=0 (250)
(8,112): ee=250, em=0 (250)
(8,113): ee=250, em=0 (250)
(8,114): ee=250, em=0 (250)
(8,115): ee=250, em=0 (250)
(8,116): ee=250, em=0 (250)
(8,117): ee=250, em=0 (250)
(8,118): ee=250, em=0 (250)
(8,119): ee=250, em=0 (250)
(8,120): ee=250, em=0 (250)
(8,121): ee=250, em=0 (250)
(8,122): ee=250, em=0 (250)
(8,123): ee=250, em=0 (250)
(8,124): ee=250, em=0 (250)
(8,125): ee=250, em=0 (250)
(8,126): ee=255, em=93 (250)
(8,127): ee=255, em=93 (250)
(9,0): ee=255, em=90 (239)
(9,1): ee=255, em=94 (250)
(9,2): ee=251, em=9 (250)
(9,3): ee=250, em=0 (250)
(9,4): ee=250, em=0 (250)
(9,5): ee=250, em=0 (250)
(9,6): ee=250, em=0 (250)
(9,7): ee=250, em=0 (250)
(9,8): ee=250, em=0 (250)
(9,9): ee=250, em=0 (250)
(9,10): ee=250, em=0 (250)
(9,11): ee=250, em=0 (250)
(9,12): ee=250, em=0 (250)
(9,13): ee=250, em=0 (250)
(9,14): ee=250, em=0 (250)
(9,15): ee=250, em=0 (250)
(9,16): ee=250, em=0 (250)
(9,17): ee=250, em=0 (250)
(9,18): ee=250, em=0 (250)
(9,19): ee=250, em=0 (250)
(9,20): ee=250, em=0 (250)
(9,21): ee=250, em=0 (250)
(9,22): ee=250, em=0 (250)
(9,23): ee=250, em=0 (250)
(9,24): ee=250, em=0 (250)
(9,25): ee=250, em=0 (250)
(9,26): ee=250, em=0 (250)
(9,27): ee=250, em=0 (250)
(9,28): ee=250, em=0 (250)
(9,29): ee=250, em=0 (250)
(9,30): ee=250, em=0 (250)
(9,31): ee=250, em=0 (250)
(9,32): ee=250, em=0 (250)
(9,33): ee=250, em=0 (250)
(9,34): ee=250, em=0 (250)
(9,35): ee=250, em=0 (250)
(9,36): ee=250, em=0 (250)
(9,37): ee=250, em=0 (250)
(9,38): ee=250, em=0 (250)
(9,39): ee=250, em=0 (250)
(9,40): ee=250, em=0 (250)
(9,41): ee=250, em=0 (250)
(9,42): ee=250, em=0 (250)
(9,43): ee=250, em=0 (250)
(9,44): ee=250, em=0 (250)
(9,45): ee=250, em=0 (250)
(9,46): ee=250, em=0 (250)
(9,47): ee=250, em=0 (250)
(9,48): ee=250, em=0 (250)
(9,49): ee=250, em=0 (250)
(9,50): ee=250, em=1 (250)
(9,51): ee=250, em=1 (250)
(9,52): ee=249, em=4 (249)
(9,53): ee=250, em=4 (250)
(9,54): ee=250, em=9 (249)
(9,55): ee=250, em=6 (250)
(9,56): ee=250, em=12 (249)
(9,57): ee=250, em=6 (250)
(9,58): ee=249, em=11 (248)
(9,59): ee=250, em=7 (250)
(9,60): ee=250, em=13 (249)
(9,61): ee=250, em=7 (250)
(9,62): ee=250, em=14 (249)
(9,63): ee=250, em=7 (250)
(9,64): ee=249, em=12 (248)
(9,65): ee=250, em=5 (250)
(9,66): ee=249, em=9 (248)
(9,67): ee=250, em=3 (250)
(9,68): ee=250, em=6 (250)
(9,69): ee=250, em=3 (250)
(9,70): ee=251, em=12 (250)
(9,71): ee=252, em=23 (250)
(9,72): ee=249, em=39 (249)
(9,73): ee=228, em=27 (225)
(9,74): ee=183, em=13 (182)
(9,75): ee=141, em=-23 (144)
(9,76): ee=0, em=-135 (8)
(9,77): ee=45, em=-68 (79)
(9,78): ee=0, em=-109 (7)
(9,79): ee=5, em=-87 (49)
(9,80): ee=0, em=-109 (5)
(9,81): ee=105, em=-15 (107)
(9,82): ee=155, em=40 (155)
(9,83): ee=166, em=42 (166)
(9,84): ee=178, em=45 (178)
(9,85): ee=168, em=38 (168)
(9,86): ee=175, em=34 (175)
(9,87): ee=170, em=37 (170)
(9,88): ee=180, em=50 (180)
(9,89): ee=159, em=29 (156)
(9,90): ee=139, em=22 (137)
(9,91): ee=98, em=-22 (101)
(9,92): ee=0, em=-109 (7)
(9,93): ee=2, em=-91 (48)
(9,94): ee=9, em=-78 (48)
(9,95): ee=169, em=10 (168)
(9,96): ee=255, em=66 (224)
(9,97): ee=244, em=45 (244)
(9,98): ee=250, em=37 (250)
(9,99): ee=251, em=13 (250)
(9,100): ee=250, em=3 (250)
(9,101): ee=250, em=0 (250)
(9,102): ee=250, em=0 (250)
(9,103): ee=250, em=0 (250)
(9,104): ee=250, em=0 (250)
(9,105): ee=250, em=0 (250)
(9,106): ee=250, em=0 (250)
(9,107): ee=250, em=0 (250)
(9,108): ee=250, em=0 (250)
(9,109): ee=250, em=0 (250)
(9,110): ee=250, em=0 (250)
(9,111): ee=250, em=0 (250)
(9,112): ee=250, em=0 (250)
(9,113): ee=250, em=0 (250)
(9,114): ee=250, em=0 (250)
(9,115): ee=250, em=0 (250)
(9,116): ee=250, em=0 (250)
(9,117): ee=250, em=0 (250)
(9,118): ee=250, em=0 (250)
(9,119): ee=250, em=0 (250)
(9,120): ee=250, em=0 (250)
(9,121): ee=250, em=0 (250)
(9,122): ee=250, em=0 (250)
(9,123): ee=250, em=0 (250)
(9,124): ee=250, em=0 (250)
(9,125): ee=250, em=0 (250)
(9,126): ee=255, em=93 (250)
(9,127): ee=255, em=93 (250)
(10,0): ee=251, em=65 (219)
(10,1): ee=255, em=91 (248)
(10,2): ee=250, em=6 (250)
(10,3): ee=250, em=0 (250)
(10,4): ee=250, em=0 (250)
(10,5): ee=250, em=0 (250)
(10,6): ee=250, em=0 (250)
(10,7): ee=250, em=0 (250)
(10,8): ee=250, em=0 (250)
(10,9): ee=250, em=0 (250)
(10,10): ee=250, em=0 (250)
(10,11): ee=250, em=0 (250)
(10,12): ee=250, em=0 (250)
(10,13): ee=250, em=0 (250)
(10,14): ee=250, em=0 (250)
(10,15): ee=250, em=0 (250)
(10,16): ee=250, em=0 (250)
(10,17): ee=250, em=0 (250)
(10,18): ee=250, em=0 (250)
(10,19): ee=250, em=0 (250)
(10,20): ee=250, em=0 (250)
(10,21): ee=250, em=0 (250)
(10,22): ee=250, em=0 (250)
(10,23): ee=250, em=0 (250)
(10,24): ee=250, em=0 (250)
(10,25): ee=250, em=0 (250)
(10,26): ee=250, em=0 (250)
(10,27): ee=250, em=0 (250)
(10,28): ee=250, em=0 (250)
(10,29): ee=250, em=0 (250)
(10,30): ee=250, em=0 (250)
(10,31): ee=250, em=0 (250)
(10,32): ee=250, em=0 (250)
(10,33): ee=250, em=0 (250)
(10,34): ee=250, em=0 (250)
(10,35): ee=250, em=0 (250)
(10,36): ee=250, em=0 (250)
(10,37): ee=250, em=0 (250)
(10,38): ee=250, em=0 (250)
(10,39): ee=250, em=0 (250)
(10,40): ee=250, em=0 (250)
(10,41): ee=250, em=0 (250)
(10,42): ee=250, em=0 (250)
(10,43): ee=250, em=0 (250)
(10,44): ee=250, em=0 (250)
(10,45): ee=250, em=2 (250)
(10,46): ee=250, em=1 (250)
(10,47): ee=250, em=6 (250)
(10,48): ee=250, em=6 (250)
(10,49): ee=251, em=14 (250)
(10,50): ee=252, em=19 (250)
(10,51): ee=252, em=26 (249)
(10,52): ee=240, em=28 (237)
(10,53): ee=241, em=29 (238)
(10,54): ee=222, em=35 (222)
(10,55): ee=231, em=35 (231)
(10,56): ee=213, em=48 (213)
(10,57): ee=230, em=38 (230)
(10,58): ee=213, em=51 (213)
(10,59): ee=234, em=44 (234)
(10,60): ee=215, em=59 (215)
(10,61): ee=230, em=39 (230)
(10,62): ee=209, em=53 (209)
(10,63): ee=228, em=39 (228)
(10,64): ee=208, em=45 (208)
(10,65): ee=231, em=33 (231)
(10,66): ee=219, em=35 (219)
(10,67): ee=244, em=36 (244)
(10,68): ee=236, em=26 (233)
(10,69): ee=248, em=31 (245)
(10,70): ee=246, em=52 (246)
(10,71): ee=232, em=50 (232)
(10,72): ee=168, em=-7 (169)
(10,73): ee=111, em=-56 (111)
(10,74): ee=84, em=-59 (84)
(10,75): ee=106, em=-23 (109)
(10,76): ee=125, em=12 (124)
(10,77): ee=104, em=-21 (107)
(10,78): ee=102, em=2 (102)
(10,79): ee=141, em=15 (140)
(10,80): ee=151, em=35 (151)
(10,81): ee=170, em=26 (167)
(10,82): ee=178, em=30 (175)
(10,83): ee=179, em=18 (177)
(10,84): ee=181, em=11 (180)
(10,85): ee=170, em=1 (170)
(10,86): ee=177, em=3 (177)
(10,87): ee=176, em=8 (175)
(10,88): ee=182, em=13 (181)
(10,89): ee=179, em=20 (177)
(10,90): ee=179, em=36 (179)
(10,91): ee=165, em=27 (162)
(10,92): ee=146, em=35 (146)
(10,93): ee=99, em=-21 (102)
(10,94): ee=0, em=-103 (6)
(10,95): ee=0, em=-103 (31)
(10,96): ee=0, em=-132 (5)
(10,97): ee=150, em=-13 (152)
(10,98): ee=221, em=47 (221)
(10,99): ee=243, em=39 (243)
(10,100): ee=253, em=26 (250)
(10,101): ee=251, em=8 (250)
(10,102): ee=250, em=0 (250)
(10,103): ee=250, em=0 (250)
(10,104): ee=250, em=0 (250)
(10,105): ee=250, em=0 (250)
(10,106): ee=250, em=0 (250)
(10,107): ee=250, em=0 (250)
(10,108): ee=250, em=0 (250)
(10,109): ee=250, em=0 (250)
(10,110): ee=250, em=0 (250)
(10,111): ee=250, em=0 (250)
(10,112): ee=250, em=0 (250)
(10,113): ee=250, em=0 (250)
(10,114): ee=250, em=0 (250)
(10,115): ee=250, em=0 (250)
(10,116): ee=250, em=0 (250)
(10,117): ee=250, em=0 (250)
(10,118): ee=250, em=0 (250)
(10,119): ee=250, em=0 (250)
(10,120): ee=250, em=0 (250)
(10,121): ee=250, em=0 (250)
(10,122): ee=250, em=0 (250)
(10,123): ee=250, em=0 (250)
(10,124): ee=250, em=0 (250)
(10,125): ee=250, em=0 (250)
(10,126): ee=255, em=93 (250)
(10,127): ee=255, em=93 (250)
(11,0): ee=255, em=90 (239)
(11,1): ee=255, em=94 (250)
(11,2): ee=251, em=9 (250)
(11,3): ee=250, em=0 (250)
(11,4): ee=250, em=0 (250)
(11,5): ee=250, em=0 (250)
(11,6): ee=250, em=0 (250)
(11,7): ee=250, em=0 (250)
(11,8): ee=250, em=0 (250)
(11,9): ee=250, em=0 (250)
(11,10): ee=250, em=0 (250)
(11,11): ee=250, em=0 (250)
(11,12): ee=250, em=0 (250)
(11,13): ee=250, em=0 (250)
(11,14): ee=250, em=0 (250)
(11,15): ee=250, em=0 (250)
(11,16): ee=250, em=0 (250)
(11,17): ee=250, em=0 (250)
(11,18): ee=250, em=0 (250)
(11,19): ee=250, em=0 (250)
(11,20): ee=250, em=0 (250)
(11,21): ee=250, em=0 (250)
(11,22): ee=250, em=0 (250)
(11,23): ee=250, em=0 (250)
(11,24): ee=250, em=0 (250)
(11,25): ee=250, em=0 (250)
(11,26): ee=250, em=0 (250)
(11,27): ee=250, em=0 (250)
(11,28): ee=250, em=0 (250)
(11,29): ee=250, em=0 (250)
(11,30): ee=250, em=0 (250)
(11,31): ee=250, em=0 (250)
(11,32): ee=250, em=0 (250)
(11,33): ee=250, em=0 (250)
(11,34): ee=250, em=0 (250)
(11,35): ee=250, em=0 (250)
(11,36): ee=250, em=0 (250)
(11,37): ee=250, em=0 (250)
(11,38): ee=250, em=2 (250)
(11,39): ee=250, em=4 (250)
(11,40): ee=250, em=8 (249)
(11,41): ee=251, em=12 (250)
(11,42): ee=252, em=19 (250)
(11,43): ee=252, em=26 (249)
(11,44): ee=249, em=34 (249)
(11,45): ee=248, em=46 (248)
(11,46): ee=250, em=50 (250)
(11,47): ee=233, em=46 (233)
(11,48): ee=236, em=46 (236)
(11,49): ee=214, em=44 (214)
(11,50): ee=212, em=30 (209)
(11,51): ee=188, em=36 (188)
(11,52): ee=165, em=7 (165)
(11,53): ee=138, em=-2 (139)
(11,54): ee=40, em=-66 (73)
(11,55): ee=109, em=-23 (112)
(11,56): ee=21, em=-66 (54)
(11,57): ee=93, em=-52 (93)
(11,58): ee=0, em=-113 (11)
(11,59): ee=111, em=-30 (115)
(11,60): ee=56, em=-60 (56)
(11,61): ee=101, em=-51 (101)
(11,62): ee=0, em=-112 (11)
(11,63): ee=98, em=-53 (98)
(11,64): ee=0, em=-121 (12)
(11,65): ee=102, em=-58 (102)
(11,66): ee=106, em=-40 (106)
(11,67): ee=162, em=1 (162)
(11,68): ee=162, em=0 (162)
(11,69): ee=173, em=15 (172)
(11,70): ee=174, em=33 (174)
(11,71): ee=150, em=29 (147)
(11,72): ee=22, em=-73 (59)
(11,73): ee=54, em=-64 (54)
(11,74): ee=170, em=58 (170)
(11,75): ee=218, em=75 (181)
(11,76): ee=183, em=51 (183)
(11,77): ee=162, em=14 (161)
(11,78): ee=160, em=6 (160)
(11,79): ee=161, em=6 (161)
(11,80): ee=160, em=0 (160)
(11,81): ee=162, em=-1 (163)
(11,82): ee=162, em=-4 (163)
(11,83): ee=162, em=-3 (163)
(11,84): ee=162, em=-5 (163)
(11,85): ee=162, em=-4 (163)
(11,86): ee=162, em=-6 (163)
(11,87): ee=164, em=-1 (165)
(11,88): ee=164, em=-3 (165)
(11,89): ee=162, em=-3 (163)
(11,90): ee=160, em=-5 (161)
(11,91): ee=164, em=5 (164)
(11,92): ee=168, em=17 (166)
(11,93): ee=170, em=27 (167)
(11,94): ee=182, em=64 (182)
(11,95): ee=150, em=33 (150)
(11,96): ee=93, em=-11 (95)
(11,97): ee=0, em=-93 (46)
(11,98): ee=34, em=-76 (72)
(11,99): ee=192, em=20 (190)
(11,100): ee=245, em=58 (245)
(11,101): ee=253, em=30 (250)
(11,102): ee=251, em=8 (250)
(11,103): ee=250, em=1 (250)
(11,104): ee=250, em=0 (250)
(11,105): ee=250, em=0 (250)
(11,106): ee=250, em=0 (250)
(11,107): ee=250, em=0 (250)
(11,108): ee=250, em=0 (250)
(11,109): ee=250, em=0 (250)
(11,110): ee=250, em=0 (250)
(11,111): ee=250, em=0 (250)
(11,112): ee=250, em=0 (250)
(11,113): ee=250, em=0 (250)
(11,114): ee=250, em=0 (250)
(11,115): ee=250, em=0 (250)
(11,116): ee=250, em=0 (250)
(11,117): ee=250, em=0 (250)
(11,118): ee=250, em=0 (250)
(11,119): ee=250, em=0 (250)
(11,120): ee=250, em=0 (250)
(11,121): ee=250, em=0 (250)
(11,122): ee=250, em=0 (250)
(11,123): ee=250, em=0 (250)
(11,124): ee=250, em=0 (250)
(11,125): ee=250, em=0 (250)
(11,126): ee=255, em=93 (250)
(11,127): ee=255, em=93 (250)
(12,0): ee=251, em=65 (219)
(12,1): ee=255, em=91 (248)
(12,2): ee=250, em=6 (250)
(12,3): ee=250, em=0 (250)
(12,4): ee=250, em=0 (250)
(12,5): ee=250, em=0 (250)
(12,6): ee=250, em=0 (250)
(12,7): ee=250, em=0 (250)
(12,8): ee=250, em=0 (250)
(12,9): ee=250, em=0 (250)
(12,10): ee=250, em=0 (250)
(12,11): ee=250, em=0 (250)
(12,12): ee=250, em=0 (250)
(12,13): ee=250, em=0 (250)
(12,14): ee=250, em=0 (250)
(12,15): ee=250, em=0 (250)
(12,16): ee=250, em=0 (250)
(12,17): ee=250, em=0 (250)
(12,18): ee=250, em=0 (250)
(12,19): ee=250, em=0 (250)
(12,20): ee=250, em=0 (250)
(12,21): ee=250, em=0 (250)
(12,22): ee=250, em=0 (250)
(12,23): ee=250, em=0 (250)
(12,24): ee=250, em=0 (250)
(12,25): ee=250, em=0 (250)
(12,26): ee=250, em=0 (250)
(12,27): ee=250, em=0 (250)
(12,28): ee=250, em=0 (250)
(12,29): ee=250, em=0 (250)
(12,30): ee=250, em=0 (250)
(12,31): ee=250, em=0 (250)
(12,32): ee=250, em=0 (250)
(12,33): ee=250, em=0 (250)
(12,34): ee=250, em=0 (250)
(12,35): ee=250, em=0 (250)
(12,36): ee=250, em=1 (250)
(12,37): ee=251, em=9 (250)
(12,38): ee=252, em=22 (250)
(12,39): ee=248, em=33 (248)
(12,40): ee=231, em=38 (231)
(12,41): ee=220, em=41 (220)
(12,42): ee=197, em=39 (197)
(12,43): ee=183, em=29 (180)
(12,44): ee=168, em=31 (165)
(12,45): ee=136, em=0 (136)
(12,46): ee=103, em=-35 (103)
(12,47): ee=28, em=-78 (67)
(12,48): ee=92, em=-58 (92)
(12,49): ee=80, em=-60 (80)
(12,50): ee=114, em=-42 (114)
(12,51): ee=0, em=-101 (37)
(12,52): ee=48, em=-65 (81)
(12,53): ee=0, em=-124 (6)
(12,54): ee=75, em=-46 (75)
(12,55): ee=72, em=-42 (72)
(12,56): ee=67, em=-36 (67)
(12,57): ee=72, em=-50 (72)
(12,58): ee=89, em=-8 (90)
(12,59): ee=91, em=-27 (95)
(12,60): ee=83, em=-11 (85)
(12,61): ee=104, em=-20 (107)
(12,62): ee=93, em=-4 (94)
(12,63): ee=114, em=-9 (116)
(12,64): ee=110, em=4 (110)
(12,65): ee=98, em=-38 (98)
(12,66): ee=105, em=-22 (108)
(12,67): ee=106, em=-35 (106)
(12,68): ee=117, em=-26 (121)
(12,69): ee=89, em=-51 (89)
(12,70): ee=90, em=-47 (90)
(12,71): ee=0, em=-93 (27)
(12,72): ee=0, em=-87 (43)
(12,73): ee=0, em=-110 (8)
(12,74): ee=79, em=-30 (83)
(12,75): ee=138, em=25 (135)
(12,76): ee=152, em=23 (150)
(12,77): ee=160, em=16 (158)
(12,78): ee=178, em=35 (178)
(12,79): ee=182, em=28 (179)
(12,80): ee=183, em=20 (181)
(12,81): ee=165, em=0 (165)
(12,82): ee=163, em=-2 (164)
(12,83): ee=163, em=0 (163)
(12,84): ee=163, em=0 (163)
(12,85): ee=162, em=0 (162)
(12,86): ee=160, em=-1 (161)
(12,87): ee=162, em=0 (162)
(12,88): ee=162, em=0 (162)
(12,89): ee=163, em=0 (163)
(12,90): ee=163, em=0 (163)
(12,91): ee=164, em=0 (164)
(12,92): ee=168, em=0 (168)
(12,93): ee=170, em=5 (170)
(12,94): ee=185, em=21 (183)
(12,95): ee=177, em=38 (177)
(12,96): ee=175, em=53 (175)
(12,97): ee=88, em=-38 (88)
(12,98): ee=0, em=-126 (10)
(12,99): ee=87, em=-61 (87)
(12,100): ee=190, em=39 (190)
(12,101): ee=239, em=52 (239)
(12,102): ee=250, em=34 (250)
(12,103): ee=251, em=10 (250)
(12,104): ee=250, em=1 (250)
(12,105): ee=250, em=0 (250)
(12,106): ee=250, em=0 (250)
(12,107): ee=250, em=0 (250)
(12,108): ee=250, em=0 (250)
(12,109): ee=250, em=0 (250)
(12,110): ee=250, em=0 (250)
(12,111): ee=250, em=0 (250)
(12,112): ee=250, em=0 (250)
(12,113): ee=250, em=0 (250)
(12,114): ee=250, em=0 (250)
(12,115): ee=250, em=0 (250)
(12,116): ee=250, em=0 (250)
(12,117): ee=250, em=0 (250)
(12,118): ee=250, em=0 (250)
(12,119): ee=250, em=0 (250)
(12,120): ee=250, em=0 (250)
(12,121): ee=250, em=0 (250)
(12,122): ee=250, em=0 (250)
(12,123): ee=250, em=0 (250)
(12,124): ee=250, em=0 (250)
(12,125): ee=250, em=0 (250)
(12,126): ee=255, em=93 (250)
(12,127): ee=255, em=93 (250)
(13,0): ee=255, em=90 (239)
(13,1): ee=255, em=94 (250)
(13,2): ee=251, em=9 (250)
(13,3): ee=250, em=0 (250)
(13,4): ee=250, em=0 (250)
(13,5): ee=250, em=0 (250)
(13,6): ee=250, em=0 (250)
(13,7): ee=250, em=0 (250)
(13,8): ee=250, em=0 (250)
(13,9): ee=250, em=0 (250)
(13,10): ee=250, em=0 (250)
(13,11): ee=250, em=0 (250)
(13,12): ee=250, em=0 (250)
(13,13): ee=250, em=0 (250)
(13,14): ee=250, em=0 (250)
(13,15): ee=250, em=0 (250)
(13,16): ee=250, em=0 (250)
(13,17): ee=250, em=0 (250)
(13,18): ee=250, em=0 (250)
(13,19): ee=250, em=0 (250)
(13,20): ee=250, em=0 (250)
(13,21): ee=250, em=0 (250)
(13,22): ee=250, em=0 (250)
(13,23): ee=250, em=0 (250)
(13,24): ee=250, em=0 (250)
(13,25): ee=250, em=0 (250)
(13,26): ee=250, em=0 (250)
(13,27): ee=250, em=0 (250)
(13,28): ee=250, em=0 (250)
(13,29): ee=250, em=0 (250)
(13,30): ee=250, em=1 (250)
(13,31): ee=250, em=4 (250)
(13,32): ee=251, em=8 (250)
(13,33): ee=251, em=14 (250)
(13,34): ee=252, em=22 (250)
(13,35): ee=249, em=32 (249)
(13,36): ee=249, em=41 (249)
(13,37): ee=255, em=66 (248)
(13,38): ee=255, em=71 (237)
(13,39): ee=180, em=36 (180)
(13,40): ee=101, em=-26 (105)
(13,41): ee=67, em=-49 (67)
(13,42): ee=0, em=-101 (4)
(13,43): ee=0, em=-104 (4)
(13,44): ee=0, em=-90 (5)
(13,45): ee=0, em=-71 (33)
(13,46): ee=0, em=-102 (7)
(13,47): ee=68, em=-47 (68)
(13,48): ee=102, em=-19 (105)
(13,49): ee=148, em=32 (148)
(13,50): ee=183, em=45 (183)
(13,51): ee=167, em=47 (167)
(13,52): ee=179, em=32 (179)
(13,53): ee=163, em=42 (163)
(13,54): ee=175, em=35 (175)
(13,55): ee=166, em=42 (166)
(13,56): ee=176, em=37 (176)
(13,57): ee=167, em=29 (164)
(13,58): ee=174, em=31 (171)
(13,59): ee=166, em=24 (163)
(13,60): ee=172, em=27 (169)
(13,61): ee=167, em=21 (165)
(13,62): ee=172, em=25 (169)
(13,63): ee=170, em=22 (168)
(13,64): ee=174, em=23 (172)
(13,65): ee=170, em=20 (168)
(13,66): ee=178, em=22 (176)
(13,67): ee=175, em=27 (172)
(13,68): ee=186, em=30 (183)
(13,69): ee=169, em=33 (169)
(13,70): ee=180, em=34 (180)
(13,71): ee=165, em=42 (165)
(13,72): ee=176, em=45 (176)
(13,73): ee=157, em=41 (157)
(13,74): ee=112, em=-4 (113)
(13,75): ee=79, em=-41 (79)
(13,76): ee=0, em=-107 (10)
(13,77): ee=75, em=-51 (75)
(13,78): ee=118, em=13 (117)
(13,79): ee=159, em=32 (159)
(13,80): ee=178, em=53 (178)
(13,81): ee=167, em=16 (165)
(13,82): ee=164, em=12 (163)
(13,83): ee=164, em=2 (164)
(13,84): ee=162, em=-2 (163)
(13,85): ee=161, em=-2 (162)
(13,86): ee=159, em=-3 (160)
(13,87): ee=159, em=-2 (160)
(13,88): ee=162, em=0 (162)
(13,89): ee=163, em=0 (163)
(13,90): ee=164, em=1 (164)
(13,91): ee=163, em=0 (163)
(13,92): ee=162, em=-3 (163)
(13,93): ee=163, em=-2 (164)
(13,94): ee=165, em=-3 (166)
(13,95): ee=169, em=11 (168)
(13,96): ee=174, em=33 (174)
(13,97): ee=158, em=30 (155)
(13,98): ee=85, em=-30 (89)
(13,99): ee=0, em=-93 (40)
(13,100): ee=12, em=-85 (55)
(13,101): ee=181, em=22 (179)
(13,102): ee=237, em=59 (237)
(13,103): ee=249, em=36 (249)
(13,104): ee=251, em=12 (250)
(13,105): ee=250, em=1 (250)
(13,106): ee=250, em=0 (250)
(13,107): ee=250, em=0 (250)
(13,108): ee=250, em=0 (250)
(13,109): ee=250, em=0 (250)
(13,110): ee=250, em=0 (250)
(13,111): ee=250, em=0 (250)
(13,112): ee=250, em=0 (250)
(13,113): ee=250, em=0 (250)
(13,114): ee=250, em=0 (250)
(13,115): ee=250, em=0 (250)
(13,116): ee=250, em=0 (250)
(13,117): ee=250, em=0 (250)
(13,118): ee=250, em=0 (250)
(13,119): ee=250, em=0 (250)
(13,120): ee=250, em=0 (250)
(13,121): ee=250, em=0 (250)
(13,122): ee=250, em=0 (250)
(13,123): ee=250, em=0 (250)
(13,124): ee=250, em=0 (250)
(13,125): ee=250, em=0 (250)
(13,126): ee=255, em=93 (250)
(13,127): ee=255, em=93 (250)
(14,0): ee=251, em=65 (219)
(14,1): ee=255, em=91 (248)
(14,2): ee=250, em=6 (250)
(14,3): ee=250, em=0 (250)
(14,4): ee=250, em=0 (250)
(14,5): ee=250, em=0 (250)
(14,6): ee=250, em=0 (250)
(14,7): ee=250, em=0 (250)
(14,8): ee=250, em=0 (250)
(14,9): ee=250, em=0 (250)
(14,10): ee=250, em=0 (250)
(14,11): ee=250, em=0 (250)
(14,12): ee=250, em=0 (250)
(14,13): ee=250, em=0 (250)
(14,14): ee=250, em=0 (250)
(14,15): ee=250, em=0 (250)
(14,16): ee=250, em=0 (250)
(14,17): ee=250, em=0 (250)
(14,18): ee=250, em=0 (250)
(14,19): ee=250, em=0 (250)
(14,20): ee=250, em=0 (250)
(14,21): ee=250, em=0 (250)
(14,22): ee=250, em=0 (250)
(14,23): ee=250, em=0 (250)
(14,24): ee=250, em=0 (250)
(14,25): ee=250, em=0 (250)
(14,26): ee=250, em=0 (250)
(14,27): ee=250, em=0 (250)
(14,28): ee=250, em=0 (250)
(14,29): ee=250, em=5 (250)
(14,30): ee=251, em=14 (250)
(14,31): ee=253, em=31 (250)
(14,32): ee=240, em=41 (240)
(14,33): ee=221, em=27 (218)
(14,34): ee=192, em=21 (190)
(14,35): ee=166, em=3 (166)
(14,36): ee=144, em=-5 (145)
(14,37): ee=103, em=-42 (103)
(14,38): ee=89, em=-48 (89)
(14,39): ee=0, em=-119 (6)
(14,40): ee=0, em=-115 (4)
(14,41): ee=0, em=-100 (4)
(14,42): ee=38, em=-55 (38)
(14,43): ee=90, em=-2 (91)
(14,44): ee=101, em=10 (100)
(14,45): ee=136, em=26 (133)
(14,46): ee=146, em=36 (146)
(14,47): ee=159, em=25 (156)
(14,48): ee=165, em=23 (163)
(14,49): ee=176, em=22 (174)
(14,50): ee=187, em=21 (185)
(14,51): ee=177, em=10 (176)
(14,52): ee=182, em=7 (182)
(14,53): ee=169, em=0 (169)
(14,54): ee=178, em=5 (178)
(14,55): ee=169, em=1 (169)
(14,56): ee=178, em=6 (178)
(14,57): ee=170, em=4 (170)
(14,58): ee=176, em=6 (176)
(14,59): ee=167, em=2 (167)
(14,60): ee=173, em=4 (173)
(14,61): ee=166, em=1 (166)
(14,62): ee=173, em=4 (173)
(14,63): ee=170, em=3 (170)
(14,64): ee=176, em=6 (176)
(14,65): ee=175, em=6 (175)
(14,66): ee=179, em=6 (179)
(14,67): ee=175, em=5 (175)
(14,68): ee=182, em=7 (182)
(14,69): ee=176, em=7 (176)
(14,70): ee=185, em=9 (184)
(14,71): ee=178, em=10 (177)
(14,72): ee=185, em=19 (183)
(14,73): ee=181, em=25 (178)
(14,74): ee=172, em=35 (172)
(14,75): ee=160, em=23 (158)
(14,76): ee=122, em=7 (122)
(14,77): ee=94, em=-24 (97)
(14,78): ee=0, em=-88 (8)
(14,79): ee=7, em=-75 (45)
(14,80): ee=0, em=-113 (2)
(14,81): ee=132, em=0 (132)
(14,82): ee=180, em=59 (180)
(14,83): ee=180, em=35 (180)
(14,84): ee=177, em=16 (175)
(14,85): ee=162, em=-1 (163)
(14,86): ee=160, em=-4 (161)
(14,87): ee=160, em=-1 (161)
(14,88): ee=162, em=0 (162)
(14,89): ee=162, em=0 (162)
(14,90): ee=162, em=0 (162)
(14,91): ee=162, em=0 (162)
(14,92): ee=161, em=-1 (162)
(14,93): ee=161, em=-1 (162)
(14,94): ee=162, em=-2 (163)
(14,95): ee=165, em=0 (165)
(14,96): ee=170, em=11 (169)
(14,97): ee=175, em=36 (175)
(14,98): ee=173, em=57 (173)
(14,99): ee=95, em=-20 (98)
(14,100): ee=0, em=-120 (9)
(14,101): ee=0, em=-98 (48)
(14,102): ee=169, em=19 (167)
(14,103): ee=238, em=58 (238)
(14,104): ee=250, em=39 (250)
(14,105): ee=251, em=10 (250)
(14,106): ee=250, em=1 (250)
(14,107): ee=250, em=0 (250)
(14,108): ee=250, em=0 (250)
(14,109): ee=250, em=0 (250)
(14,110): ee=250, em=0 (250)
(14,111): ee=250, em=0 (250)
(14,112): ee=250, em=0 (250)
(14,113): ee=250, em=0 (250)
(14,114): ee=250, em=0 (250)
(14,115): ee=250, em=0 (250)
(14,116): ee=250, em=0 (250)
(14,117): ee=250, em=0 (250)
(14,118): ee=250, em=0 (250)
(14,119): ee=250, em=0 (250)
(14,120): ee=250, em=0 (250)
(14,121): ee=250, em=0 (250)
(14,122): ee=250, em=0 (250)
(14,123): ee=250, em=0 (250)
(14,124): ee=250, em=0 (250)
(14,125): ee=250, em=0 (250)
(14,126): ee=255, em=93 (250)
(14,127): ee=255, em=93 (250)
(15,0): ee=255, em=90 (239)
(15,1): ee=255, em=94 (250)
(15,2): ee=251, em=9 (250)
(15,3): ee=250, em=0 (250)
(15,4): ee=250, em=0 (250)
(15,5): ee=250, em=0 (250)
(15,6): ee=250, em=0 (250)
(15,7): ee=250, em=0 (250)
(15,8): ee=250, em=0 (250)
(15,9): ee=250, em=0 (250)
(15,10): ee=250, em=0 (250)
(15,11): ee=250, em=0 (250)
(15,12): ee=250, em=0 (250)
(15,13): ee=250, em=0 (250)
(15,14): ee=250, em=0 (250)
(15,15): ee=250, em=0 (250)
(15,16): ee=250, em=0 (250)
(15,17): ee=250, em=0 (250)
(15,18): ee=250, em=0 (250)
(15,19): ee=250, em=0 (250)
(15,20): ee=250, em=0 (250)
(15,21): ee=250, em=0 (250)
(15,22): ee=250, em=0 (250)
(15,23): ee=250, em=0 (250)
(15,24): ee=250, em=0 (250)
(15,25): ee=250, em=4 (250)
(15,26): ee=251, em=8 (250)
(15,27): ee=252, em=17 (250)
(15,28): ee=253, em=31 (250)
(15,29): ee=249, em=47 (249)
(15,30): ee=255, em=75 (249)
(15,31): ee=210, em=56 (210)
(15,32): ee=147, em=14 (146)
(15,33): ee=74, em=-61 (74)
(15,34): ee=0, em=-114 (6)
(15,35): ee=78, em=-37 (78)
(15,36): ee=59, em=-54 (59)
(15,37): ee=84, em=-34 (84)
(15,38): ee=122, em=0 (122)
(15,39): ee=149, em=39 (149)
(15,40): ee=179, em=57 (179)
(15,41): ee=170, em=50 (170)
(15,42): ee=181, em=51 (181)
(15,43): ee=172, em=36 (172)
(15,44): ee=176, em=28 (173)
(15,45): ee=165, em=11 (164)
(15,46): ee=161, em=3 (161)
(15,47): ee=160, em=-2 (161)
(15,48): ee=160, em=-8 (161)
(15,49): ee=164, em=-8 (165)
(15,50): ee=165, em=-13 (167)
(15,51): ee=168, em=-12 (170)
(15,52): ee=162, em=-22 (165)
(15,53): ee=166, em=-17 (169)
(15,54): ee=160, em=-25 (164)
(15,55): ee=164, em=-19 (167)
(15,56): ee=161, em=-22 (164)
(15,57): ee=167, em=-11 (169)
(15,58): ee=164, em=-14 (166)
(15,59): ee=160, em=-11 (162)
(15,60): ee=159, em=-12 (161)
(15,61): ee=157, em=-8 (158)
(15,62): ee=160, em=-7 (161)
(15,63): ee=162, em=-2 (163)
(15,64): ee=164, em=-2 (165)
(15,65): ee=166, em=0 (166)
(15,66): ee=164, em=-4 (165)
(15,67): ee=164, em=-3 (165)
(15,68): ee=164, em=-5 (165)
(15,69): ee=164, em=-3 (165)
(15,70): ee=163, em=-6 (164)
(15,71): ee=162, em=-5 (163)
(15,72): ee=162, em=-6 (163)
(15,73): ee=162, em=-2 (163)
(15,74): ee=159, em=-2 (160)
(15,75): ee=162, em=5 (162)
(15,76): ee=165, em=19 (163)
(15,77): ee=167, em=26 (164)
(15,78): ee=210, em=72 (174)
(15,79): ee=133, em=17 (131)
(15,80): ee=0, em=-99 (3)
(15,81): ee=0, em=-81 (38)
(15,82): ee=98, em=-7 (99)
(15,83): ee=167, em=44 (167)
(15,84): ee=179, em=41 (179)
(15,85): ee=164, em=11 (163)
(15,86): ee=162, em=-1 (163)
(15,87): ee=161, em=-1 (162)
(15,88): ee=161, em=-1 (162)
(15,89): ee=162, em=0 (162)
(15,90): ee=162, em=0 (162)
(15,91): ee=160, em=-1 (161)
(15,92): ee=162, em=0 (162)
(15,93): ee=162, em=0 (162)
(15,94): ee=161, em=-1 (162)
(15,95): ee=162, em=-2 (163)
(15,96): ee=163, em=-3 (164)
(15,97): ee=165, em=7 (165)
(15,98): ee=174, em=30 (171)
(15,99): ee=157, em=35 (157)
(15,100): ee=93, em=-20 (96)
(15,101): ee=0, em=-100 (32)
(15,102): ee=3, em=-90 (48)
(15,103): ee=184, em=29 (181)
(15,104): ee=236, em=62 (236)
(15,105): ee=249, em=36 (249)
(15,106): ee=251, em=12 (250)
(15,107): ee=250, em=2 (250)
(15,108): ee=250, em=0 (250)
(15,109): ee=250, em=0 (250)
(15,110): ee=250, em=0 (250)
(15,111): ee=250, em=0 (250)
(15,112): ee=250, em=0 (250)
(15,113): ee=250, em=0 (250)
(15,114): ee=250, em=0 (250)
(15,115): ee=250, em=0 (250)
(15,116): ee=250, em=0 (250)
(15,117): ee=250, em=0 (250)
(15,118): ee=250, em=0 (250)
(15,119): ee=250, em=0 (250)
(15,120): ee=250, em=0 (250)
(15,121): ee=250, em=0 (250)
(15,122): ee=250, em=0 (250)
(15,123): ee=250, em=0 (250)
(15,124): ee=250, em=0 (250)
(15,125): ee=250, em=0 (250)
(15,126): ee=255, em=93 (250)
(15,127): ee=255, em=93 (250)
(16,0): ee=251, em=65 (219)
(16,1): ee=255, em=91 (248)
(16,2): ee=250, em=6 (250)
(16,3): ee=250, em=0 (250)
(16,4): ee=250, em=0 (250)
(16,5): ee=250, em=0 (250)
(16,6): ee=250, em=0 (250)
(16,7): ee=250, em=0 (250)
(16,8): ee=250, em=0 (250)
(16,9): ee=250, em=0 (250)
(16,10): ee=250, em=0 (250)
(16,11): ee=250, em=0 (250)
(16,12): ee=250, em=0 (250)
(16,13): ee=250, em=0 (250)
(16,14): ee=250, em=0 (250)
(16,15): ee=250, em=0 (250)
(16,16): ee=250, em=0 (250)
(16,17): ee=250, em=0 (250)
(16,18): ee=250, em=0 (250)
(16,19): ee=250, em=0 (250)
(16,20): ee=250, em=0 (250)
(16,21): ee=250, em=0 (250)
(16,22): ee=250, em=0 (250)
(16,23): ee=250, em=0 (250)
(16,24): ee=251, em=8 (250)
(16,25): ee=253, em=26 (250)
(16,26): ee=250, em=47 (250)
(16,27): ee=220, em=29 (217)
(16,28): ee=185, em=17 (183)
(16,29): ee=139, em=-9 (141)
(16,30): ee=68, em=-63 (68)
(16,31): ee=5, em=-79 (45)
(16,32): ee=0, em=-109 (4)
(16,33): ee=0, em=-116 (4)
(16,34): ee=42, em=-64 (42)
(16,35): ee=114, em=2 (114)
(16,36): ee=142, em=25 (139)
(16,37): ee=159, em=19 (157)
(16,38): ee=173, em=23 (171)
(16,39): ee=179, em=22 (177)
(16,40): ee=185, em=17 (183)
(16,41): ee=180, em=11 (179)
(16,42): ee=184, em=10 (183)
(16,43): ee=176, em=7 (176)
(16,44): ee=175, em=5 (175)
(16,45): ee=169, em=2 (169)
(16,46): ee=168, em=-1 (169)
(16,47): ee=162, em=-10 (164)
(16,48): ee=176, em=-2 (177)
(16,49): ee=179, em=-7 (180)
(16,50): ee=190, em=-4 (191)
(16,51): ee=208, em=5 (208)
(16,52): ee=218, em=12 (217)
(16,53): ee=221, em=11 (220)
(16,54): ee=215, em=6 (215)
(16,55): ee=216, em=6 (216)
(16,56): ee=213, em=6 (213)
(16,57): ee=208, em=5 (208)
(16,58): ee=200, em=2 (200)
(16,59): ee=184, em=-4 (185)
(16,60): ee=173, em=-9 (175)
(16,61): ee=160, em=-13 (162)
(16,62): ee=163, em=-6 (164)
(16,63): ee=159, em=-5 (160)
(16,64): ee=161, em=-1 (162)
(16,65): ee=164, em=1 (164)
(16,66): ee=163, em=0 (163)
(16,67): ee=163, em=0 (163)
(16,68): ee=163, em=0 (163)
(16,69): ee=164, em=0 (164)
(16,70): ee=163, em=0 (163)
(16,71): ee=161, em=-1 (162)
(16,72): ee=163, em=0 (163)
(16,73): ee=163, em=0 (163)
(16,74): ee=162, em=-1 (163)
(16,75): ee=162, em=-1 (163)
(16,76): ee=171, em=4 (171)
(16,77): ee=170, em=8 (169)
(16,78): ee=181, em=33 (181)
(16,79): ee=172, em=35 (172)
(16,80): ee=166, em=49 (166)
(16,81): ee=87, em=-24 (90)
(16,82): ee=0, em=-105 (6)
(16,83): ee=2, em=-79 (42)
(16,84): ee=140, em=21 (138)
(16,85): ee=170, em=40 (170)
(16,86): ee=177, em=34 (177)
(16,87): ee=164, em=2 (164)
(16,88): ee=162, em=-2 (163)
(16,89): ee=162, em=0 (162)
(16,90): ee=161, em=0 (161)
(16,91): ee=161, em=0 (161)
(16,92): ee=161, em=0 (161)
(16,93): ee=163, em=1 (163)
(16,94): ee=163, em=0 (163)
(16,95): ee=163, em=0 (163)
(16,96): ee=162, em=-2 (163)
(16,97): ee=165, em=0 (165)
(16,98): ee=174, em=12 (173)
(16,99): ee=178, em=36 (178)
(16,100): ee=181, em=62 (181)
(16,101): ee=111, em=-7 (112)
(16,102): ee=0, em=-121 (9)
(16,103): ee=0, em=-99 (48)
(16,104): ee=162, em=14 (161)
(16,105): ee=234, em=55 (234)
(16,106): ee=250, em=40 (250)
(16,107): ee=251, em=11 (250)
(16,108): ee=250, em=1 (250)
(16,109): ee=250, em=0 (250)
(16,110): ee=250, em=0 (250)
(16,111): ee=250, em=0 (250)
(16,112): ee=250, em=0 (250)
(16,113): ee=250, em=0 (250)
(16,114): ee=250, em=0 (250)
(16,115): ee=250, em=0 (250)
(16,116): ee=250, em=0 (250)
(16,117): ee=250, em=0 (250)
(16,118): ee=250, em=0 (250)
(16,119): ee=250, em=0 (250)
(16,120): ee=250, em=0 (250)
(16,121): ee=250, em=0 (250)
(16,122): ee=250, em=0 (250)
(16,123): ee=250, em=0 (250)
(16,124): ee=250, em=0 (250)
(16,125): ee=250, em=0 (250)
(16,126): ee=255, em=93 (250)
(16,127): ee=255, em=93 (250)
(17,0): ee=255, em=90 (239)
(17,1): ee=255, em=94 (250)
(17,2): ee=251, em=9 (250)
(17,3): ee=250, em=0 (250)
(17,4): ee=250, em=0 (250)
(17,5): ee=250, em=0 (250)
(17,6): ee=250, em=0 (250)
(17,7): ee=250, em=0 (250)
(17,8): ee=250, em=0 (250)
(17,9): ee=250, em=0 (250)
(17,10): ee=250, em=3 (250)
(17,11): ee=250, em=3 (250)
(17,12): ee=249, em=7 (249)
(17,13): ee=250, em=5 (250)
(17,14): ee=250, em=11 (249)
(17,15): ee=250, em=6 (250)
(17,16): ee=250, em=11 (249)
(17,17): ee=250, em=5 (250)
(17,18): ee=249, em=9 (248)
(17,19): ee=250, em=5 (250)
(17,20): ee=249, em=9 (248)
(17,21): ee=250, em=7 (250)
(17,22): ee=251, em=15 (250)
(17,23): ee=252, em=19 (250)
(17,24): ee=249, em=48 (249)
(17,25): ee=255, em=66 (244)
(17,26): ee=188, em=30 (185)
(17,27): ee=43, em=-69 (78)
(17,28): ee=0, em=-121 (6)
(17,29): ee=5, em=-72 (41)
(17,30): ee=64, em=-43 (64)
(17,31): ee=113, em=3 (113)
(17,32): ee=152, em=42 (152)
(17,33): ee=160, em=39 (160)
(17,34): ee=177, em=48 (177)
(17,35): ee=172, em=29 (169)
(17,36): ee=168, em=15 (167)
(17,37): ee=164, em=3 (164)
(17,38): ee=162, em=-2 (163)
(17,39): ee=166, em=0 (166)
(17,40): ee=164, em=-4 (165)
(17,41): ee=163, em=-4 (164)
(17,42): ee=163, em=-5 (164)
(17,43): ee=163, em=-3 (164)
(17,44): ee=163, em=-4 (164)
(17,45): ee=164, em=-4 (165)
(17,46): ee=163, em=-12 (165)
(17,47): ee=166, em=-17 (169)
(17,48): ee=183, em=-11 (185)
(17,49): ee=220, em=13 (219)
(17,50): ee=242, em=23 (240)
(17,51): ee=248, em=18 (246)
(17,52): ee=251, em=16 (249)
(17,53): ee=249, em=12 (248)
(17,54): ee=250, em=12 (249)
(17,55): ee=249, em=11 (248)
(17,56): ee=250, em=15 (249)
(17,57): ee=249, em=17 (247)
(17,58): ee=246, em=20 (244)
(17,59): ee=230, em=15 (229)
(17,60): ee=210, em=7 (210)
(17,61): ee=183, em=-8 (184)
(17,62): ee=164, em=-16 (166)
(17,63): ee=159, em=-12 (161)
(17,64): ee=160, em=-4 (161)
(17,65): ee=162, em=0 (162)
(17,66): ee=160, em=-1 (161)
(17,67): ee=160, em=-1 (161)
(17,68): ee=162, em=0 (162)
(17,69): ee=163, em=0 (163)
(17,70): ee=164, em=1 (164)
(17,71): ee=164, em=1 (164)
(17,72): ee=164, em=0 (164)
(17,73): ee=164, em=0 (164)
(17,74): ee=164, em=0 (164)
(17,75): ee=165, em=0 (165)
(17,76): ee=164, em=-1 (165)
(17,77): ee=165, em=0 (165)
(17,78): ee=163, em=-5 (164)
(17,79): ee=165, em=6 (165)
(17,80): ee=177, em=27 (174)
(17,81): ee=170, em=49 (170)
(17,82): ee=135, em=25 (132)
(17,83): ee=0, em=-94 (28)
(17,84): ee=0, em=-119 (3)
(17,85): ee=150, em=30 (147)
(17,86): ee=172, em=49 (172)
(17,87): ee=166, em=15 (165)
(17,88): ee=162, em=-2 (163)
(17,89): ee=163, em=0 (163)
(17,90): ee=160, em=-1 (161)
(17,91): ee=159, em=-2 (160)
(17,92): ee=161, em=0 (161)
(17,93): ee=162, em=0 (162)
(17,94): ee=163, em=0 (163)
(17,95): ee=163, em=0 (163)
(17,96): ee=162, em=-2 (163)
(17,97): ee=163, em=-2 (164)
(17,98): ee=165, em=-4 (166)
(17,99): ee=169, em=7 (169)
(17,100): ee=179, em=34 (179)
(17,101): ee=167, em=44 (167)
(17,102): ee=102, em=-12 (104)
(17,103): ee=0, em=-109 (26)
(17,104): ee=0, em=-103 (38)
(17,105): ee=177, em=22 (175)
(17,106): ee=255, em=65 (239)
(17,107): ee=250, em=35 (250)
(17,108): ee=251, em=10 (250)
(17,109): ee=250, em=1 (250)
(17,110): ee=250, em=0 (250)
(17,111): ee=250, em=0 (250)
(17,112): ee=250, em=0 (250)
(17,113): ee=250, em=0 (250)
(17,114): ee=250, em=0 (250)
(17,115): ee=250, em=0 (250)
(17,116): ee=250, em=0 (250)
(17,117): ee=250, em=0 (250)
(17,118): ee=250, em=0 (250)
(17,119): ee=250, em=0 (250)
(17,120): ee=250, em=0 (250)
(17,121): ee=250, em=0 (250)
(17,122): ee=250, em=0 (250)
(17,123): ee=250, em=0 (250)
(17,124): ee=250, em=0 (250)
(17,125): ee=250, em=0 (250)
(17,126): ee=255, em=93 (250)
(17,127): ee=255, em=93 (250)
(18,0): ee=251, em=65 (219)
(18,1): ee=255, em=91 (248)
(18,2): ee=250, em=6 (250)
(18,3): ee=250, em=0 (250)
(18,4): ee=250, em=0 (250)
(18,5): ee=250, em=0 (250)
(18,6): ee=250, em=0 (250)
(18,7): ee=250, em=0 (250)
(18,8): ee=250, em=1 (250)
(18,9): ee=251, em=10 (250)
(18,10): ee=253, em=31 (250)
(18,11): ee=249, em=29 (246)
(18,12): ee=227, em=41 (227)
(18,13): ee=228, em=33 (228)
(18,14): ee=206, em=43 (206)
(18,15): ee=229, em=41 (229)
(18,16): ee=223, em=55 (223)
(18,17): ee=240, em=51 (240)
(18,18): ee=223, em=54 (223)
(18,19): ee=234, em=45 (234)
(18,20): ee=215, em=52 (215)
(18,21): ee=233, em=52 (233)
(18,22): ee=255, em=73 (220)
(18,23): ee=227, em=62 (227)
(18,24): ee=229, em=65 (197)
(18,25): ee=142, em=4 (142)
(18,26): ee=0, em=-130 (2)
(18,27): ee=0, em=-126 (4)
(18,28): ee=100, em=-10 (102)
(18,29): ee=144, em=27 (141)
(18,30): ee=165, em=38 (165)
(18,31): ee=173, em=28 (170)
(18,32): ee=178, em=21 (176)
(18,33): ee=180, em=17 (178)
(18,34): ee=182, em=13 (181)
(18,35): ee=173, em=6 (173)
(18,36): ee=171, em=2 (171)
(18,37): ee=163, em=-2 (164)
(18,38): ee=166, em=1 (166)
(18,39): ee=164, em=1 (164)
(18,40): ee=162, em=0 (162)
(18,41): ee=159, em=-2 (160)
(18,42): ee=162, em=0 (162)
(18,43): ee=162, em=0 (162)
(18,44): ee=162, em=-1 (163)
(18,45): ee=164, em=-5 (165)
(18,46): ee=166, em=-14 (168)
(18,47): ee=181, em=-12 (183)
(18,48): ee=217, em=9 (216)
(18,49): ee=247, em=24 (244)
(18,50): ee=248, em=13 (247)
(18,51): ee=250, em=5 (250)
(18,52): ee=250, em=1 (250)
(18,53): ee=250, em=1 (250)
(18,54): ee=250, em=0 (250)
(18,55): ee=250, em=0 (250)
(18,56): ee=250, em=1 (250)
(18,57): ee=250, em=3 (250)
(18,58): ee=250, em=7 (250)
(18,59): ee=249, em=13 (248)
(18,60): ee=240, em=16 (238)
(18,61): ee=225, em=15 (224)
(18,62): ee=181, em=-14 (183)
(18,63): ee=164, em=-18 (167)
(18,64): ee=167, em=-4 (168)
(18,65): ee=160, em=-3 (161)
(18,66): ee=158, em=-3 (159)
(18,67): ee=161, em=0 (161)
(18,68): ee=163, em=1 (163)
(18,69): ee=162, em=0 (162)
(18,70): ee=161, em=-1 (162)
(18,71): ee=163, em=0 (163)
(18,72): ee=163, em=0 (163)
(18,73): ee=161, em=-1 (162)
(18,74): ee=164, em=0 (164)
(18,75): ee=164, em=0 (164)
(18,76): ee=164, em=0 (164)
(18,77): ee=164, em=0 (164)
(18,78): ee=162, em=-2 (163)
(18,79): ee=164, em=-1 (165)
(18,80): ee=170, em=4 (170)
(18,81): ee=178, em=31 (175)
(18,82): ee=225, em=73 (189)
(18,83): ee=128, em=7 (128)
(18,84): ee=0, em=-125 (5)
(18,85): ee=27, em=-67 (61)
(18,86): ee=161, em=48 (161)
(18,87): ee=171, em=36 (171)
(18,88): ee=171, em=12 (170)
(18,89): ee=161, em=-1 (162)
(18,90): ee=160, em=-3 (161)
(18,91): ee=161, em=0 (161)
(18,92): ee=162, em=0 (162)
(18,93): ee=162, em=0 (162)
(18,94): ee=163, em=0 (163)
(18,95): ee=163, em=0 (163)
(18,96): ee=164, em=0 (164)
(18,97): ee=161, em=-2 (162)
(18,98): ee=166, em=0 (166)
(18,99): ee=167, em=0 (167)
(18,100): ee=172, em=8 (171)
(18,101): ee=177, em=35 (177)
(18,102): ee=215, em=65 (183)
(18,103): ee=105, em=-15 (107)
(18,104): ee=0, em=-127 (9)
(18,105): ee=26, em=-81 (67)
(18,106): ee=182, em=28 (179)
(18,107): ee=241, em=57 (241)
(18,108): ee=250, em=32 (250)
(18,109): ee=251, em=8 (250)
(18,110): ee=250, em=0 (250)
(18,111): ee=250, em=0 (250)
(18,112): ee=250, em=0 (250)
(18,113): ee=250, em=0 (250)
(18,114): ee=250, em=0 (250)
(18,115): ee=250, em=0 (250)
(18,116): ee=250, em=0 (250)
(18,117): ee=250, em=0 (250)
(18,118): ee=250, em=0 (250)
(18,119): ee=250, em=0 (250)
(18,120): ee=250, em=0 (250)
(18,121): ee=250, em=0 (250)
(18,122): ee=250, em=0 (250)
(18,123): ee=250, em=0 (250)
(18,124): ee=250, em=0 (250)
(18,125): ee=250, em=0 (250)
(18,126): ee=255, em=93 (250)
(18,127): ee=255, em=93 (250)
(19,0): ee=255, em=90 (239)
(19,1): ee=255, em=94 (250)
(19,2): ee=251, em=9 (250)
(19,3): ee=250, em=0 (250)
(19,4): ee=250, em=0 (250)
(19,5): ee=250, em=1 (250)
(19,6): ee=250, em=3 (250)
(19,7): ee=251, em=11 (250)
(19,8): ee=250, em=36 (250)
(19,9): ee=249, em=51 (249)
(19,10): ee=255, em=80 (236)
(19,11): ee=175, em=18 (173)
(19,12): ee=0, em=-78 (38)
(19,13): ee=84, em=-36 (84)
(19,14): ee=0, em=-91 (4)
(19,15): ee=75, em=-39 (75)
(19,16): ee=59, em=-37 (59)
(19,17): ee=124, em=6 (124)
(19,18): ee=102, em=1 (102)
(19,19): ee=94, em=-23 (97)
(19,20): ee=0, em=-98 (7)
(19,21): ee=65, em=-58 (65)
(19,22): ee=0, em=-97 (4)
(19,23): ee=72, em=-45 (72)
(19,24): ee=0, em=-99 (6)
(19,25): ee=24, em=-67 (58)
(19,26): ee=135, em=15 (134)
(19,27): ee=171, em=45 (171)
(19,28): ee=179, em=42 (179)
(19,29): ee=168, em=20 (166)
(19,30): ee=165, em=2 (165)
(19,31): ee=166, em=0 (166)
(19,32): ee=165, em=-2 (166)
(19,33): ee=166, em=-1 (167)
(19,34): ee=166, em=-2 (167)
(19,35): ee=167, em=0 (167)
(19,36): ee=167, em=0 (167)
(19,37): ee=164, em=0 (164)
(19,38): ee=161, em=-1 (162)
(19,39): ee=160, em=-1 (161)
(19,40): ee=159, em=-1 (160)
(19,41): ee=159, em=-1 (160)
(19,42): ee=158, em=-2 (159)
(19,43): ee=162, em=0 (162)
(19,44): ee=161, em=-2 (162)
(19,45): ee=162, em=-8 (163)
(19,46): ee=169, em=-15 (171)
(19,47): ee=192, em=-6 (193)
(19,48): ee=232, em=18 (230)
(19,49): ee=250, em=23 (248)
(19,50): ee=251, em=10 (250)
(19,51): ee=250, em=1 (250)
(19,52): ee=250, em=0 (250)
(19,53): ee=250, em=0 (250)
(19,54): ee=250, em=0 (250)
(19,55): ee=250, em=0 (250)
(19,56): ee=250, em=0 (250)
(19,57): ee=250, em=0 (250)
(19,58): ee=250, em=1 (250)
(19,59): ee=250, em=4 (250)
(19,60): ee=251, em=14 (250)
(19,61): ee=247, em=21 (245)
(19,62): ee=224, em=14 (223)
(19,63): ee=183, em=-12 (185)
(19,64): ee=161, em=-20 (164)
(19,65): ee=158, em=-11 (160)
(19,66): ee=161, em=-3 (162)
(19,67): ee=162, em=0 (162)
(19,68): ee=162, em=0 (162)
(19,69): ee=164, em=1 (164)
(19,70): ee=164, em=1 (164)
(19,71): ee=163, em=0 (163)
(19,72): ee=162, em=0 (162)
(19,73): ee=160, em=-2 (161)
(19,74): ee=162, em=0 (162)
(19,75): ee=164, em=1 (164)
(19,76): ee=164, em=0 (164)
(19,77): ee=164, em=0 (164)
(19,78): ee=163, em=-1 (164)
(19,79): ee=163, em=-2 (164)
(19,80): ee=160, em=-11 (162)
(19,81): ee=161, em=-3 (162)
(19,82): ee=179, em=29 (176)
(19,83): ee=170, em=43 (170)
(19,84): ee=100, em=-23 (103)
(19,85): ee=10, em=-85 (53)
(19,86): ee=106, em=-15 (108)
(19,87): ee=168, em=44 (168)
(19,88): ee=174, em=34 (174)
(19,89): ee=159, em=-2 (160)
(19,90): ee=159, em=-7 (160)
(19,91): ee=162, em=0 (162)
(19,92): ee=162, em=0 (162)
(19,93): ee=163, em=0 (163)
(19,94): ee=163, em=0 (163)
(19,95): ee=164, em=1 (164)
(19,96): ee=163, em=0 (163)
(19,97): ee=161, em=-1 (162)
(19,98): ee=164, em=0 (164)
(19,99): ee=165, em=0 (165)
(19,100): ee=164, em=-4 (165)
(19,101): ee=164, em=3 (164)
(19,102): ee=176, em=36 (176)
(19,103): ee=164, em=48 (164)
(19,104): ee=91, em=-25 (95)
(19,105): ee=0, em=-96 (38)
(19,106): ee=47, em=-66 (80)
(19,107): ee=189, em=36 (189)
(19,108): ee=246, em=59 (246)
(19,109): ee=253, em=27 (250)
(19,110): ee=250, em=3 (250)
(19,111): ee=250, em=0 (250)
(19,112): ee=250, em=0 (250)
(19,113): ee=250, em=0 (250)
(19,114): ee=250, em=0 (250)
(19,115): ee=250, em=0 (250)
(19,116): ee=250, em=0 (250)
(19,117): ee=250, em=0 (250)
(19,118): ee=250, em=0 (250)
(19,119): ee=250, em=0 (250)
(19,120): ee=250, em=0 (250)
(19,121): ee=250, em=0 (250)
(19,122): ee=250, em=0 (250)
(19,123): ee=250, em=0 (250)
(19,124): ee=250, em=0 (250)
(19,125): ee=250, em=0 (250)
(19,126): ee=255, em=93 (250)
(19,127): ee=255, em=93 (250)
(20,0): ee=251, em=65 (219)
(20,1): ee=255, em=91 (248)
(20,2): ee=250, em=6 (250)
(20,3): ee=250, em=0 (250)
(20,4): ee=250, em=5 (250)
(20,5): ee=251, em=15 (250)
(20,6): ee=249, em=38 (249)
(20,7): ee=236, em=32 (236)
(20,8): ee=255, em=73 (224)
(20,9): ee=177, em=25 (174)
(20,10): ee=0, em=-101 (2)
(20,11): ee=0, em=-113 (3)
(20,12): ee=5, em=-56 (5)
(20,13): ee=0, em=-78 (5)
(20,14): ee=3, em=-57 (3)
(20,15): ee=0, em=-87 (3)
(20,16): ee=0, em=-80 (3)
(20,17): ee=0, em=-102 (5)
(20,18): ee=0, em=-92 (7)
(20,19): ee=56, em=-45 (56)
(20,20): ee=63, em=-18 (66)
(20,21): ee=0, em=-104 (4)
(20,22): ee=0, em=-86 (3)
(20,23): ee=62, em=-43 (62)
(20,24): ee=98, em=-4 (99)
(20,25): ee=147, em=15 (146)
(20,26): ee=181, em=43 (181)
(20,27): ee=185, em=31 (182)
(20,28): ee=181, em=15 (180)
(20,29): ee=168, em=0 (168)
(20,30): ee=163, em=-4 (164)
(20,31): ee=164, em=-1 (165)
(20,32): ee=166, em=1 (166)
(20,33): ee=167, em=1 (167)
(20,34): ee=165, em=0 (165)
(20,35): ee=164, em=0 (164)
(20,36): ee=164, em=0 (164)
(20,37): ee=162, em=0 (162)
(20,38): ee=162, em=0 (162)
(20,39): ee=161, em=0 (161)
(20,40): ee=158, em=-2 (159)
(20,41): ee=161, em=0 (161)
(20,42): ee=163, em=1 (163)
(20,43): ee=160, em=-1 (161)
(20,44): ee=163, em=0 (163)
(20,45): ee=163, em=-5 (164)
(20,46): ee=165, em=-18 (168)
(20,47): ee=177, em=-19 (180)
(20,48): ee=226, em=13 (225)
(20,49): ee=251, em=24 (248)
(20,50): ee=251, em=10 (250)
(20,51): ee=250, em=1 (250)
(20,52): ee=250, em=0 (250)
(20,53): ee=250, em=0 (250)
(20,54): ee=250, em=0 (250)
(20,55): ee=250, em=0 (250)
(20,56): ee=250, em=0 (250)
(20,57): ee=250, em=0 (250)
(20,58): ee=250, em=0 (250)
(20,59): ee=250, em=0 (250)
(20,60): ee=250, em=4 (250)
(20,61): ee=251, em=15 (250)
(20,62): ee=241, em=18 (239)
(20,63): ee=212, em=5 (212)
(20,64): ee=174, em=-18 (177)
(20,65): ee=159, em=-18 (162)
(20,66): ee=165, em=-3 (166)
(20,67): ee=161, em=-1 (162)
(20,68): ee=163, em=0 (163)
(20,69): ee=163, em=0 (163)
(20,70): ee=162, em=0 (162)
(20,71): ee=163, em=0 (163)
(20,72): ee=162, em=0 (162)
(20,73): ee=161, em=-1 (162)
(20,74): ee=160, em=-1 (161)
(20,75): ee=163, em=0 (163)
(20,76): ee=163, em=0 (163)
(20,77): ee=163, em=0 (163)
(20,78): ee=164, em=0 (164)
(20,79): ee=165, em=0 (165)
(20,80): ee=171, em=1 (171)
(20,81): ee=171, em=2 (171)
(20,82): ee=189, em=22 (187)
(20,83): ee=189, em=54 (189)
(20,84): ee=182, em=63 (182)
(20,85): ee=76, em=-56 (76)
(20,86): ee=0, em=-127 (7)
(20,87): ee=144, em=21 (142)
(20,88): ee=216, em=66 (183)
(20,89): ee=169, em=17 (167)
(20,90): ee=162, em=-1 (163)
(20,91): ee=163, em=0 (163)
(20,92): ee=163, em=0 (163)
(20,93): ee=163, em=0 (163)
(20,94): ee=163, em=0 (163)
(20,95): ee=163, em=0 (163)
(20,96): ee=163, em=0 (163)
(20,97): ee=163, em=0 (163)
(20,98): ee=160, em=-1 (161)
(20,99): ee=163, em=0 (163)
(20,100): ee=162, em=-2 (163)
(20,101): ee=162, em=-2 (163)
(20,102): ee=174, em=16 (172)
(20,103): ee=176, em=51 (176)
(20,104): ee=156, em=47 (156)
(20,105): ee=0, em=-92 (30)
(20,106): ee=0, em=-134 (8)
(20,107): ee=98, em=-46 (98)
(20,108): ee=255, em=67 (225)
(20,109): ee=250, em=52 (250)
(20,110): ee=251, em=14 (250)
(20,111): ee=250, em=0 (250)
(20,112): ee=250, em=0 (250)
(20,113): ee=250, em=0 (250)
(20,114): ee=250, em=0 (250)
(20,115): ee=250, em=0 (250)
(20,116): ee=250, em=0 (250)
(20,117): ee=250, em=0 (250)
(20,118): ee=250, em=0 (250)
(20,119): ee=250, em=0 (250)
(20,120): ee=250, em=0 (250)
(20,121): ee=250, em=0 (250)
(20,122): ee=250, em=0 (250)
(20,123): ee=250, em=0 (250)
(20,124): ee=250, em=0 (250)
(20,125): ee=250, em=0 (250)
(20,126): ee=255, em=93 (250)
(20,127): ee=255, em=93 (250)
(21,0): ee=255, em=90 (239)
(21,1): ee=255, em=94 (250)
(21,2): ee=251, em=9 (250)
(21,3): ee=251, em=11 (250)
(21,4): ee=250, em=36 (250)
(21,5): ee=246, em=52 (246)
(21,6): ee=210, em=56 (210)
(21,7): ee=142, em=-11 (144)
(21,8): ee=0, em=-104 (3)
(21,9): ee=66, em=-46 (66)
(21,10): ee=0, em=-75 (4)
(21,11): ee=65, em=-30 (69)
(21,12): ee=68, em=-10 (70)
(21,13): ee=111, em=16 (109)
(21,14): ee=132, em=35 (132)
(21,15): ee=150, em=46 (150)
(21,16): ee=169, em=57 (169)
(21,17): ee=168, em=47 (168)
(21,18): ee=229, em=68 (195)
(21,19): ee=221, em=68 (187)
(21,20): ee=226, em=67 (193)
(21,21): ee=161, em=32 (161)
(21,22): ee=168, em=29 (165)
(21,23): ee=169, em=35 (169)
(21,24): ee=177, em=31 (174)
(21,25): ee=166, em=10 (165)
(21,26): ee=163, em=0 (163)
(21,27): ee=163, em=-1 (164)
(21,28): ee=162, em=-5 (163)
(21,29): ee=164, em=-2 (165)
(21,30): ee=164, em=-1 (165)
(21,31): ee=165, em=0 (165)
(21,32): ee=164, em=0 (164)
(21,33): ee=166, em=1 (166)
(21,34): ee=163, em=0 (163)
(21,35): ee=161, em=-1 (162)
(21,36): ee=162, em=0 (162)
(21,37): ee=161, em=0 (161)
(21,38): ee=159, em=-1 (160)
(21,39): ee=161, em=0 (161)
(21,40): ee=162, em=0 (162)
(21,41): ee=162, em=0 (162)
(21,42): ee=160, em=-1 (161)
(21,43): ee=162, em=0 (162)
(21,44): ee=163, em=0 (163)
(21,45): ee=163, em=-2 (164)
(21,46): ee=161, em=-17 (164)
(21,47): ee=169, em=-22 (172)
(21,48): ee=212, em=4 (212)
(21,49): ee=247, em=25 (244)
(21,50): ee=251, em=15 (250)
(21,51): ee=250, em=3 (250)
(21,52): ee=250, em=0 (250)
(21,53): ee=250, em=0 (250)
(21,54): ee=250, em=0 (250)
(21,55): ee=250, em=0 (250)
(21,56): ee=250, em=0 (250)
(21,57): ee=250, em=0 (250)
(21,58): ee=250, em=0 (250)
(21,59): ee=250, em=0 (250)
(21,60): ee=250, em=1 (250)
(21,61): ee=250, em=7 (250)
(21,62): ee=251, em=19 (249)
(21,63): ee=235, em=18 (233)
(21,64): ee=200, em=-2 (201)
(21,65): ee=166, em=-21 (169)
(21,66): ee=161, em=-14 (163)
(21,67): ee=162, em=-2 (163)
(21,68): ee=164, em=0 (164)
(21,69): ee=163, em=0 (163)
(21,70): ee=161, em=-1 (162)
(21,71): ee=163, em=0 (163)
(21,72): ee=162, em=-2 (163)
(21,73): ee=163, em=-1 (164)
(21,74): ee=163, em=-3 (164)
(21,75): ee=162, em=-3 (163)
(21,76): ee=160, em=-5 (161)
(21,77): ee=162, em=-1 (163)
(21,78): ee=159, em=-3 (160)
(21,79): ee=163, em=4 (163)
(21,80): ee=169, em=8 (168)
(21,81): ee=171, em=19 (169)
(21,82): ee=179, em=23 (177)
(21,83): ee=169, em=47 (169)
(21,84): ee=222, em=84 (180)
(21,85): ee=108, em=8 (107)
(21,86): ee=0, em=-104 (7)
(21,87): ee=64, em=-51 (64)
(21,88): ee=139, em=35 (139)
(21,89): ee=171, em=40 (171)
(21,90): ee=172, em=13 (171)
(21,91): ee=162, em=-3 (163)
(21,92): ee=161, em=-3 (162)
(21,93): ee=162, em=0 (162)
(21,94): ee=162, em=0 (162)
(21,95): ee=162, em=0 (162)
(21,96): ee=162, em=0 (162)
(21,97): ee=163, em=0 (163)
(21,98): ee=162, em=0 (162)
(21,99): ee=160, em=-1 (161)
(21,100): ee=160, em=-2 (161)
(21,101): ee=161, em=-2 (162)
(21,102): ee=162, em=-3 (163)
(21,103): ee=169, em=25 (166)
(21,104): ee=166, em=58 (166)
(21,105): ee=106, em=0 (106)
(21,106): ee=0, em=-119 (6)
(21,107): ee=0, em=-96 (45)
(21,108): ee=170, em=31 (167)
(21,109): ee=255, em=74 (247)
(21,110): ee=250, em=33 (250)
(21,111): ee=250, em=2 (250)
(21,112): ee=250, em=0 (250)
(21,113): ee=250, em=0 (250)
(21,114): ee=250, em=0 (250)
(21,115): ee=250, em=0 (250)
(21,116): ee=250, em=0 (250)
(21,117): ee=250, em=0 (250)
(21,118): ee=250, em=0 (250)
(21,119): ee=250, em=0 (250)
(21,120): ee=250, em=0 (250)
(21,121): ee=250, em=0 (250)
(21,122): ee=250, em=0 (250)
(21,123): ee=250, em=0 (250)
(21,124): ee=250, em=0 (250)
(21,125): ee=250, em=0 (250)
(21,126): ee=255, em=93 (250)
(21,127): ee=255, em=93 (250)
(22,0): ee=253, em=66 (220)
(22,1): ee=255, em=91 (246)
(22,2): ee=252, em=18 (250)
(22,3): ee=250, em=41 (250)
(22,4): ee=255, em=72 (245)
(22,5): ee=166, em=11 (165)
(22,6): ee=0, em=-127 (2)
(22,7): ee=0, em=-123 (2)
(22,8): ee=0, em=-84 (4)
(22,9): ee=107, em=0 (107)
(22,10): ee=197, em=71 (162)
(22,11): ee=163, em=35 (163)
(22,12): ee=164, em=34 (164)
(22,13): ee=172, em=23 (170)
(22,14): ee=174, em=19 (172)
(22,15): ee=183, em=18 (181)
(22,16): ee=187, em=12 (186)
(22,17): ee=189, em=12 (188)
(22,18): ee=198, em=14 (197)
(22,19): ee=192, em=15 (191)
(22,20): ee=189, em=7 (189)
(22,21): ee=179, em=3 (179)
(22,22): ee=185, em=8 (184)
(22,23): ee=182, em=12 (181)
(22,24): ee=178, em=8 (177)
(22,25): ee=167, em=0 (167)
(22,26): ee=164, em=-2 (165)
(22,27): ee=163, em=-1 (164)
(22,28): ee=164, em=0 (164)
(22,29): ee=165, em=0 (165)
(22,30): ee=166, em=1 (166)
(22,31): ee=165, em=0 (165)
(22,32): ee=164, em=0 (164)
(22,33): ee=165, em=1 (165)
(22,34): ee=163, em=0 (163)
(22,35): ee=162, em=0 (162)
(22,36): ee=161, em=0 (161)
(22,37): ee=161, em=0 (161)
(22,38): ee=161, em=0 (161)
(22,39): ee=161, em=0 (161)
(22,40): ee=163, em=1 (163)
(22,41): ee=162, em=0 (162)
(22,42): ee=162, em=0 (162)
(22,43): ee=162, em=0 (162)
(22,44): ee=162, em=0 (162)
(22,45): ee=161, em=-1 (162)
(22,46): ee=162, em=-9 (164)
(22,47): ee=162, em=-23 (165)
(22,48): ee=189, em=-10 (191)
(22,49): ee=234, em=19 (232)
(22,50): ee=248, em=19 (246)
(22,51): ee=251, em=8 (250)
(22,52): ee=250, em=2 (250)
(22,53): ee=250, em=0 (250)
(22,54): ee=250, em=0 (250)
(22,55): ee=250, em=0 (250)
(22,56): ee=250, em=0 (250)
(22,57): ee=250, em=0 (250)
(22,58): ee=250, em=0 (250)
(22,59): ee=250, em=0 (250)
(22,60): ee=250, em=0 (250)
(22,61): ee=250, em=2 (250)
(22,62): ee=250, em=11 (249)
(22,63): ee=247, em=23 (245)
(22,64): ee=219, em=8 (218)
(22,65): ee=176, em=-18 (179)
(22,66): ee=163, em=-17 (166)
(22,67): ee=163, em=-5 (164)
(22,68): ee=163, em=0 (163)
(22,69): ee=162, em=0 (162)
(22,70): ee=160, em=-2 (161)
(22,71): ee=161, em=-1 (162)
(22,72): ee=169, em=2 (169)
(22,73): ee=170, em=4 (170)
(22,74): ee=182, em=13 (181)
(22,75): ee=180, em=18 (178)
(22,76): ee=183, em=27 (180)
(22,77): ee=172, em=26 (169)
(22,78): ee=162, em=29 (159)
(22,79): ee=156, em=30 (153)
(22,80): ee=145, em=28 (142)
(22,81): ee=119, em=0 (119)
(22,82): ee=117, em=-8 (118)
(22,83): ee=68, em=-57 (68)
(22,84): ee=73, em=-29 (77)
(22,85): ee=72, em=-20 (75)
(22,86): ee=0, em=-104 (7)
(22,87): ee=0, em=-112 (8)
(22,88): ee=116, em=9 (115)
(22,89): ee=177, em=61 (177)
(22,90): ee=179, em=30 (176)
(22,91): ee=163, em=-1 (164)
(22,92): ee=161, em=-4 (162)
(22,93): ee=162, em=0 (162)
(22,94): ee=162, em=0 (162)
(22,95): ee=162, em=0 (162)
(22,96): ee=163, em=0 (163)
(22,97): ee=162, em=0 (162)
(22,98): ee=162, em=0 (162)
(22,99): ee=162, em=0 (162)
(22,100): ee=161, em=0 (161)
(22,101): ee=161, em=-1 (162)
(22,102): ee=164, em=-1 (165)
(22,103): ee=167, em=8 (166)
(22,104): ee=216, em=65 (184)
(22,105): ee=160, em=55 (160)
(22,106): ee=0, em=-108 (5)
(22,107): ee=0, em=-139 (5)
(22,108): ee=91, em=-38 (91)
(22,109): ee=255, em=80 (235)
(22,110): ee=250, em=61 (250)
(22,111): ee=251, em=10 (250)
(22,112): ee=250, em=1 (250)
(22,113): ee=250, em=0 (250)
(22,114): ee=250, em=0 (250)
(22,115): ee=250, em=0 (250)
(22,116): ee=250, em=0 (250)
(22,117): ee=250, em=0 (250)
(22,118): ee=250, em=0 (250)
(22,119): ee=250, em=0 (250)
(22,120): ee=250, em=0 (250)
(22,121): ee=250, em=0 (250)
(22,122): ee=250, em=0 (250)
(22,123): ee=250, em=0 (250)
(22,124): ee=250, em=0 (250)
(22,125): ee=250, em=0 (250)
(22,126): ee=255, em=93 (250)
(22,127): ee=255, em=93 (250)
(23,0): ee=255, em=91 (239)
(23,1): ee=255, em=108 (250)
(23,2): ee=249, em=50 (249)
(23,3): ee=255, em=67 (235)
(23,4): ee=167, em=27 (164)
(23,5): ee=0, em=-104 (26)
(23,6): ee=0, em=-100 (5)
(23,7): ee=75, em=-22 (78)
(23,8): ee=152, em=53 (152)
(23,9): ee=169, em=43 (169)
(23,10): ee=173, em=25 (170)
(23,11): ee=162, em=1 (162)
(23,12): ee=156, em=-9 (158)
(23,13): ee=166, em=-1 (167)
(23,14): ee=167, em=-2 (168)
(23,15): ee=171, em=-2 (172)
(23,16): ee=172, em=-4 (173)
(23,17): ee=176, em=-2 (177)
(23,18): ee=178, em=-1 (179)
(23,19): ee=179, em=1 (179)
(23,20): ee=173, em=-5 (174)
(23,21): ee=168, em=-7 (169)
(23,22): ee=166, em=-7 (167)
(23,23): ee=168, em=-1 (169)
(23,24): ee=167, em=-1 (168)
(23,25): ee=167, em=0 (167)
(23,26): ee=166, em=0 (166)
(23,27): ee=163, em=-1 (164)
(23,28): ee=164, em=0 (164)
(23,29): ee=166, em=1 (166)
(23,30): ee=165, em=0 (165)
(23,31): ee=165, em=0 (165)
(23,32): ee=164, em=0 (164)
(23,33): ee=161, em=-1 (162)
(23,34): ee=162, em=0 (162)
(23,35): ee=162, em=0 (162)
(23,36): ee=162, em=0 (162)
(23,37): ee=162, em=0 (162)
(23,38): ee=162, em=0 (162)
(23,39): ee=162, em=0 (162)
(23,40): ee=162, em=0 (162)
(23,41): ee=162, em=0 (162)
(23,42): ee=162, em=0 (162)
(23,43): ee=161, em=0 (161)
(23,44): ee=160, em=-1 (161)
(23,45): ee=160, em=-1 (161)
(23,46): ee=161, em=-6 (162)
(23,47): ee=159, em=-17 (162)
(23,48): ee=172, em=-19 (175)
(23,49): ee=209, em=2 (209)
(23,50): ee=239, em=17 (237)
(23,51): ee=251, em=15 (250)
(23,52): ee=250, em=5 (250)
(23,53): ee=250, em=0 (250)
(23,54): ee=250, em=0 (250)
(23,55): ee=250, em=0 (250)
(23,56): ee=250, em=0 (250)
(23,57): ee=250, em=0 (250)
(23,58): ee=250, em=0 (250)
(23,59): ee=250, em=0 (250)
(23,60): ee=250, em=0 (250)
(23,61): ee=250, em=0 (250)
(23,62): ee=250, em=6 (250)
(23,63): ee=251, em=17 (249)
(23,64): ee=233, em=12 (232)
(23,65): ee=193, em=-13 (195)
(23,66): ee=165, em=-26 (169)
(23,67): ee=163, em=-15 (165)
(23,68): ee=159, em=-9 (161)
(23,69): ee=160, em=-4 (161)
(23,70): ee=157, em=-5 (158)
(23,71): ee=160, em=0 (160)
(23,72): ee=164, em=7 (164)
(23,73): ee=170, em=17 (168)
(23,74): ee=179, em=41 (179)
(23,75): ee=168, em=41 (168)
(23,76): ee=159, em=51 (159)
(23,77): ee=117, em=16 (115)
(23,78): ee=57, em=-21 (60)
(23,79): ee=37, em=-39 (37)
(23,80): ee=4, em=-64 (4)
(23,81): ee=45, em=-46 (45)
(23,82): ee=63, em=-36 (63)
(23,83): ee=145, em=24 (142)
(23,84): ee=250, em=102 (199)
(23,85): ee=217, em=76 (179)
(23,86): ee=95, em=-13 (97)
(23,87): ee=0, em=-101 (30)
(23,88): ee=74, em=-40 (74)
(23,89): ee=163, em=48 (163)
(23,90): ee=176, em=46 (176)
(23,91): ee=164, em=0 (164)
(23,92): ee=161, em=-6 (162)
(23,93): ee=162, em=0 (162)
(23,94): ee=161, em=-1 (162)
(23,95): ee=161, em=-1 (162)
(23,96): ee=162, em=-1 (163)
(23,97): ee=162, em=-1 (163)
(23,98): ee=163, em=0 (163)
(23,99): ee=162, em=-1 (163)
(23,100): ee=158, em=-3 (159)
(23,101): ee=161, em=-2 (162)
(23,102): ee=159, em=-5 (160)
(23,103): ee=167, em=0 (167)
(23,104): ee=175, em=34 (175)
(23,105): ee=174, em=56 (174)
(23,106): ee=111, em=8 (110)
(23,107): ee=0, em=-133 (6)
(23,108): ee=0, em=-131 (5)
(23,109): ee=181, em=33 (181)
(23,110): ee=255, em=77 (242)
(23,111): ee=253, em=30 (250)
(23,112): ee=250, em=6 (250)
(23,113): ee=250, em=0 (250)
(23,114): ee=250, em=0 (250)
(23,115): ee=250, em=0 (250)
(23,116): ee=250, em=0 (250)
(23,117): ee=250, em=0 (250)
(23,118): ee=250, em=0 (250)
(23,119): ee=250, em=0 (250)
(23,120): ee=250, em=0 (250)
(23,121): ee=250, em=0 (250)
(23,122): ee=250, em=0 (250)
(23,123): ee=250, em=0 (250)
(23,124): ee=250, em=0 (250)
(23,125): ee=250, em=0 (250)
(23,126): ee=255, em=93 (250)
(23,127): ee=255, em=93 (250)
(24,0): ee=255, em=76 (221)
(24,1): ee=255, em=130 (247)
(24,2): ee=255, em=81 (244)
(24,3): ee=158, em=8 (157)
(24,4): ee=0, em=-137 (2)
(24,5): ee=0, em=-121 (3)
(24,6): ee=96, em=-8 (97)
(24,7): ee=152, em=37 (152)
(24,8): ee=180, em=42 (180)
(24,9): ee=178, em=23 (176)
(24,10): ee=170, em=4 (170)
(24,11): ee=162, em=-4 (163)
(24,12): ee=164, em=-2 (165)
(24,13): ee=167, em=0 (167)
(24,14): ee=169, em=1 (169)
(24,15): ee=169, em=-1 (170)
(24,16): ee=173, em=0 (173)
(24,17): ee=175, em=1 (175)
(24,18): ee=178, em=4 (178)
(24,19): ee=176, em=2 (176)
(24,20): ee=172, em=0 (172)
(24,21): ee=167, em=-2 (168)
(24,22): ee=166, em=-1 (167)
(24,23): ee=167, em=0 (167)
(24,24): ee=167, em=1 (167)
(24,25): ee=165, em=0 (165)
(24,26): ee=162, em=-1 (163)
(24,27): ee=162, em=-1 (163)
(24,28): ee=163, em=0 (163)
(24,29): ee=164, em=0 (164)
(24,30): ee=167, em=3 (167)
(24,31): ee=166, em=2 (166)
(24,32): ee=164, em=0 (164)
(24,33): ee=161, em=-1 (162)
(24,34): ee=161, em=-1 (162)
(24,35): ee=163, em=0 (163)
(24,36): ee=163, em=0 (163)
(24,37): ee=163, em=0 (163)
(24,38): ee=162, em=0 (162)
(24,39): ee=163, em=0 (163)
(24,40): ee=162, em=0 (162)
(24,41): ee=163, em=0 (163)
(24,42): ee=162, em=0 (162)
(24,43): ee=162, em=0 (162)
(24,44): ee=161, em=0 (161)
(24,45): ee=160, em=-1 (161)
(24,46): ee=161, em=-2 (162)
(24,47): ee=160, em=-10 (162)
(24,48): ee=168, em=-16 (170)
(24,49): ee=183, em=-16 (185)
(24,50): ee=228, em=14 (227)
(24,51): ee=250, em=21 (248)
(24,52): ee=251, em=10 (250)
(24,53): ee=250, em=1 (250)
(24,54): ee=250, em=0 (250)
(24,55): ee=250, em=0 (250)
(24,56): ee=250, em=0 (250)
(24,57): ee=250, em=0 (250)
(24,58): ee=250, em=0 (250)
(24,59): ee=250, em=0 (250)
(24,60): ee=250, em=0 (250)
(24,61): ee=250, em=0 (250)
(24,62): ee=250, em=2 (250)
(24,63): ee=251, em=11 (250)
(24,64): ee=249, em=20 (247)
(24,65): ee=232, em=18 (230)
(24,66): ee=206, em=8 (205)
(24,67): ee=184, em=5 (184)
(24,68): ee=175, em=15 (174)
(24,69): ee=173, em=26 (170)
(24,70): ee=165, em=38 (165)
(24,71): ee=157, em=36 (157)
(24,72): ee=150, em=45 (150)
(24,73): ee=131, em=26 (128)
(24,74): ee=91, em=2 (91)
(24,75): ee=78, em=-1 (79)
(24,76): ee=0, em=-67 (5)
(24,77): ee=5, em=-53 (5)
(24,78): ee=4, em=-35 (4)
(24,79): ee=3, em=-33 (3)
(24,80): ee=2, em=-38 (2)
(24,81): ee=0, em=-85 (3)
(24,82): ee=0, em=-111 (3)
(24,83): ee=204, em=64 (204)
(24,84): ee=255, em=109 (247)
(24,85): ee=255, em=104 (245)
(24,86): ee=163, em=27 (160)
(24,87): ee=2, em=-96 (50)
(24,88): ee=0, em=-124 (6)
(24,89): ee=156, em=45 (156)
(24,90): ee=215, em=66 (182)
(24,91): ee=165, em=8 (164)
(24,92): ee=162, em=-5 (163)
(24,93): ee=163, em=0 (163)
(24,94): ee=162, em=-1 (163)
(24,95): ee=161, em=-3 (162)
(24,96): ee=167, em=2 (167)
(24,97): ee=176, em=15 (175)
(24,98): ee=178, em=23 (176)
(24,99): ee=173, em=21 (171)
(24,100): ee=156, em=15 (155)
(24,101): ee=159, em=14 (158)
(24,102): ee=156, em=18 (154)
(24,103): ee=170, em=23 (168)
(24,104): ee=173, em=36 (173)
(24,105): ee=180, em=62 (180)
(24,106): ee=213, em=76 (175)
(24,107): ee=86, em=-24 (89)
(24,108): ee=0, em=-128 (8)
(24,109): ee=95, em=-49 (95)
(24,110): ee=209, em=57 (209)
(24,111): ee=249, em=55 (249)
(24,112): ee=252, em=19 (250)
(24,113): ee=250, em=2 (250)
(24,114): ee=250, em=0 (250)
(24,115): ee=250, em=0 (250)
(24,116): ee=250, em=0 (250)
(24,117): ee=250, em=0 (250)
(24,118): ee=250, em=0 (250)
(24,119): ee=250, em=0 (250)
(24,120): ee=250, em=0 (250)
(24,121): ee=250, em=0 (250)
(24,122): ee=250, em=0 (250)
(24,123): ee=250, em=0 (250)
(24,124): ee=250, em=0 (250)
(24,125): ee=250, em=0 (250)
(24,126): ee=255, em=93 (250)
(24,127): ee=255, em=93 (250)
(25,0): ee=255, em=123 (243)
(25,1): ee=255, em=160 (245)
(25,2): ee=184, em=51 (184)
(25,3): ee=0, em=-103 (46)
(25,4): ee=0, em=-126 (2)
(25,5): ee=135, em=23 (133)
(25,6): ee=206, em=66 (173)
(25,7): ee=167, em=21 (165)
(25,8): ee=166, em=1 (166)
(25,9): ee=168, em=2 (168)
(25,10): ee=168, em=0 (168)
(25,11): ee=164, em=-2 (165)
(25,12): ee=165, em=-1 (166)
(25,13): ee=167, em=0 (167)
(25,14): ee=166, em=-1 (167)
(25,15): ee=167, em=-2 (168)
(25,16): ee=171, em=0 (171)
(25,17): ee=175, em=3 (175)
(25,18): ee=176, em=4 (176)
(25,19): ee=175, em=4 (175)
(25,20): ee=170, em=0 (170)
(25,21): ee=166, em=-1 (167)
(25,22): ee=164, em=-1 (165)
(25,23): ee=165, em=0 (165)
(25,24): ee=162, em=-1 (163)
(25,25): ee=161, em=-1 (162)
(25,26): ee=161, em=-2 (162)
(25,27): ee=161, em=-1 (162)
(25,28): ee=162, em=1 (162)
(25,29): ee=162, em=3 (162)
(25,30): ee=161, em=0 (161)
(25,31): ee=162, em=1 (162)
(25,32): ee=165, em=2 (165)
(25,33): ee=164, em=2 (164)
(25,34): ee=163, em=-4 (164)
(25,35): ee=164, em=-2 (165)
(25,36): ee=162, em=-6 (163)
(25,37): ee=162, em=-4 (163)
(25,38): ee=162, em=-4 (163)
(25,39): ee=163, em=-2 (164)
(25,40): ee=160, em=-4 (161)
(25,41): ee=162, em=-3 (163)
(25,42): ee=159, em=-5 (160)
(25,43): ee=161, em=-5 (162)
(25,44): ee=159, em=-6 (160)
(25,45): ee=162, em=-5 (163)
(25,46): ee=161, em=-7 (162)
(25,47): ee=164, em=-8 (165)
(25,48): ee=160, em=-21 (163)
(25,49): ee=173, em=-22 (176)
(25,50): ee=205, em=-1 (206)
(25,51): ee=243, em=21 (241)
(25,52): ee=250, em=17 (248)
(25,53): ee=250, em=5 (250)
(25,54): ee=250, em=3 (250)
(25,55): ee=250, em=1 (250)
(25,56): ee=250, em=1 (250)
(25,57): ee=250, em=0 (250)
(25,58): ee=250, em=0 (250)
(25,59): ee=250, em=0 (250)
(25,60): ee=250, em=1 (250)
(25,61): ee=250, em=3 (250)
(25,62): ee=250, em=7 (250)
(25,63): ee=252, em=18 (250)
(25,64): ee=248, em=47 (248)
(25,65): ee=236, em=53 (236)
(25,66): ee=210, em=58 (210)
(25,67): ee=166, em=26 (163)
(25,68): ee=137, em=30 (134)
(25,69): ee=107, em=13 (106)
(25,70): ee=67, em=-10 (69)
(25,71): ee=50, em=-21 (53)
(25,72): ee=3, em=-58 (3)
(25,73): ee=20, em=-33 (20)
(25,74): ee=4, em=-33 (4)
(25,75): ee=0, em=-30 (4)
(25,76): ee=50, em=28 (47)
(25,77): ee=41, em=23 (39)
(25,78): ee=41, em=29 (38)
(25,79): ee=23, em=0 (23)
(25,80): ee=3, em=-49 (3)
(25,81): ee=0, em=-79 (23)
(25,82): ee=153, em=28 (150)
(25,83): ee=255, em=67 (232)
(25,84): ee=255, em=74 (249)
(25,85): ee=255, em=87 (247)
(25,86): ee=183, em=44 (183)
(25,87): ee=0, em=-88 (44)
(25,88): ee=0, em=-126 (4)
(25,89): ee=106, em=10 (105)
(25,90): ee=170, em=63 (170)
(25,91): ee=170, em=30 (167)
(25,92): ee=165, em=-1 (166)
(25,93): ee=165, em=0 (165)
(25,94): ee=164, em=-3 (165)
(25,95): ee=163, em=4 (163)
(25,96): ee=173, em=23 (171)
(25,97): ee=170, em=24 (167)
(25,98): ee=155, em=17 (153)
(25,99): ee=120, em=-13 (122)
(25,100): ee=86, em=-40 (86)
(25,101): ee=87, em=-50 (87)
(25,102): ee=28, em=-75 (66)
(25,103): ee=106, em=-29 (110)
(25,104): ee=104, em=-25 (108)
(25,105): ee=118, em=1 (118)
(25,106): ee=143, em=42 (143)
(25,107): ee=115, em=29 (112)
(25,108): ee=63, em=-37 (63)
(25,109): ee=5, em=-76 (43)
(25,110): ee=141, em=1 (141)
(25,111): ee=228, em=64 (228)
(25,112): ee=250, em=50 (250)
(25,113): ee=251, em=13 (250)
(25,114): ee=250, em=0 (250)
(25,115): ee=250, em=0 (250)
(25,116): ee=250, em=0 (250)
(25,117): ee=250, em=0 (250)
(25,118): ee=250, em=0 (250)
(25,119): ee=250, em=0 (250)
(25,120): ee=250, em=0 (250)
(25,121): ee=250, em=0 (250)
(25,122): ee=250, em=0 (250)
(25,123): ee=250, em=0 (250)
(25,124): ee=250, em=0 (250)
(25,125): ee=250, em=0 (250)
(25,126): ee=255, em=93 (250)
(25,127): ee=255, em=93 (250)
(26,0): ee=255, em=127 (221)
(26,1): ee=255, em=166 (226)
(26,2): ee=90, em=-43 (90)
(26,3): ee=0, em=-145 (4)
(26,4): ee=0, em=-81 (40)
(26,5): ee=212, em=68 (178)
(26,6): ee=195, em=64 (195)
(26,7): ee=168, em=0 (168)
(26,8): ee=167, em=-6 (168)
(26,9): ee=168, em=0 (168)
(26,10): ee=167, em=0 (167)
(26,11): ee=165, em=-1 (166)
(26,12): ee=167, em=0 (167)
(26,13): ee=167, em=0 (167)
(26,14): ee=167, em=0 (167)
(26,15): ee=166, em=-1 (167)
(26,16): ee=170, em=0 (170)
(26,17): ee=172, em=2 (172)
(26,18): ee=172, em=3 (172)
(26,19): ee=171, em=2 (171)
(26,20): ee=167, em=0 (167)
(26,21): ee=163, em=-2 (164)
(26,22): ee=162, em=-1 (163)
(26,23): ee=163, em=0 (163)
(26,24): ee=163, em=0 (163)
(26,25): ee=160, em=-1 (161)
(26,26): ee=161, em=-2 (162)
(26,27): ee=161, em=-1 (162)
(26,28): ee=172, em=20 (170)
(26,29): ee=173, em=31 (170)
(26,30): ee=133, em=-16 (135)
(26,31): ee=118, em=-26 (122)
(26,32): ee=167, em=15 (166)
(26,33): ee=178, em=35 (178)
(26,34): ee=186, em=16 (184)
(26,35): ee=175, em=6 (175)
(26,36): ee=182, em=10 (181)
(26,37): ee=176, em=12 (175)
(26,38): ee=179, em=17 (177)
(26,39): ee=176, em=20 (174)
(26,40): ee=172, em=20 (170)
(26,41): ee=171, em=19 (169)
(26,42): ee=171, em=21 (169)
(26,43): ee=174, em=19 (172)
(26,44): ee=178, em=21 (176)
(26,45): ee=186, em=24 (183)
(26,46): ee=185, em=22 (183)
(26,47): ee=184, em=20 (182)
(26,48): ee=183, em=19 (181)
(26,49): ee=179, em=5 (179)
(26,50): ee=188, em=10 (187)
(26,51): ee=227, em=39 (227)
(26,52): ee=234, em=42 (234)
(26,53): ee=244, em=32 (244)
(26,54): ee=240, em=17 (238)
(26,55): ee=249, em=18 (247)
(26,56): ee=251, em=15 (250)
(26,57): ee=251, em=10 (250)
(26,58): ee=250, em=3 (250)
(26,59): ee=250, em=0 (250)
(26,60): ee=251, em=9 (250)
(26,61): ee=252, em=23 (250)
(26,62): ee=241, em=36 (241)
(26,63): ee=222, em=36 (222)
(26,64): ee=201, em=59 (201)
(26,65): ee=162, em=33 (162)
(26,66): ee=0, em=-104 (0)
(26,67): ee=0, em=-95 (2)
(26,68): ee=3, em=-61 (3)
(26,69): ee=6, em=-51 (6)
(26,70): ee=6, em=-40 (6)
(26,71): ee=5, em=-33 (5)
(26,72): ee=0, em=-28 (3)
(26,73): ee=0, em=-17 (3)
(26,74): ee=0, em=-23 (2)
(26,75): ee=0, em=-17 (2)
(26,76): ee=0, em=-20 (2)
(26,77): ee=0, em=-18 (3)
(26,78): ee=0, em=-31 (2)
(26,79): ee=3, em=-58 (3)
(26,80): ee=0, em=-96 (3)
(26,81): ee=98, em=-33 (98)
(26,82): ee=216, em=54 (216)
(26,83): ee=250, em=55 (250)
(26,84): ee=250, em=41 (250)
(26,85): ee=255, em=85 (249)
(26,86): ee=190, em=49 (190)
(26,87): ee=0, em=-118 (2)
(26,88): ee=0, em=-126 (2)
(26,89): ee=0, em=-87 (3)
(26,90): ee=151, em=46 (151)
(26,91): ee=169, em=47 (169)
(26,92): ee=176, em=12 (175)
(26,93): ee=165, em=0 (165)
(26,94): ee=167, em=7 (167)
(26,95): ee=172, em=32 (172)
(26,96): ee=176, em=46 (176)
(26,97): ee=96, em=-43 (96)
(26,98): ee=0, em=-137 (10)
(26,99): ee=82, em=-57 (82)
(26,100): ee=141, em=5 (141)
(26,101): ee=144, em=-10 (146)
(26,102): ee=156, em=-5 (157)
(26,103): ee=140, em=-21 (143)
(26,104): ee=155, em=3 (155)
(26,105): ee=114, em=-16 (116)
(26,106): ee=0, em=-84 (42)
(26,107): ee=0, em=-84 (11)
(26,108): ee=85, em=8 (84)
(26,109): ee=0, em=-85 (6)
(26,110): ee=0, em=-119 (3)
(26,111): ee=164, em=21 (162)
(26,112): ee=255, em=79 (246)
(26,113): ee=250, em=38 (250)
(26,114): ee=251, em=9 (250)
(26,115): ee=250, em=0 (250)
(26,116): ee=250, em=0 (250)
(26,117): ee=250, em=0 (250)
(26,118): ee=250, em=0 (250)
(26,119): ee=250, em=0 (250)
(26,120): ee=250, em=0 (250)
(26,121): ee=250, em=0 (250)
(26,122): ee=250, em=0 (250)
(26,123): ee=250, em=0 (250)
(26,124): ee=250, em=0 (250)
(26,125): ee=250, em=0 (250)
(26,126): ee=255, em=93 (250)
(26,127): ee=255, em=93 (250)
(27,0): ee=255, em=168 (230)
(27,1): ee=245, em=142 (181)
(27,2): ee=0, em=-131 (3)
(27,3): ee=0, em=-128 (2)
(27,4): ee=144, em=31 (141)
(27,5): ee=225, em=76 (187)
(27,6): ee=189, em=31 (186)
(27,7): ee=169, em=-4 (170)
(27,8): ee=168, em=-6 (169)
(27,9): ee=169, em=1 (169)
(27,10): ee=168, em=0 (168)
(27,11): ee=167, em=0 (167)
(27,12): ee=167, em=0 (167)
(27,13): ee=167, em=1 (167)
(27,14): ee=166, em=0 (166)
(27,15): ee=165, em=-1 (166)
(27,16): ee=167, em=0 (167)
(27,17): ee=168, em=1 (168)
(27,18): ee=167, em=1 (167)
(27,19): ee=165, em=0 (165)
(27,20): ee=162, em=-1 (163)
(27,21): ee=161, em=-2 (162)
(27,22): ee=163, em=0 (163)
(27,23): ee=164, em=2 (164)
(27,24): ee=163, em=0 (163)
(27,25): ee=162, em=0 (162)
(27,26): ee=160, em=-5 (161)
(27,27): ee=162, em=-1 (163)
(27,28): ee=175, em=41 (175)
(27,29): ee=169, em=49 (169)
(27,30): ee=75, em=-48 (75)
(27,31): ee=0, em=-136 (5)
(27,32): ee=138, em=21 (136)
(27,33): ee=217, em=73 (181)
(27,34): ee=186, em=57 (186)
(27,35): ee=169, em=31 (166)
(27,36): ee=176, em=42 (176)
(27,37): ee=155, em=41 (155)
(27,38): ee=153, em=44 (153)
(27,39): ee=136, em=37 (136)
(27,40): ee=114, em=15 (113)
(27,41): ee=104, em=5 (104)
(27,42): ee=98, em=0 (98)
(27,43): ee=119, em=15 (118)
(27,44): ee=146, em=40 (146)
(27,45): ee=160, em=55 (160)
(27,46): ee=162, em=52 (162)
(27,47): ee=149, em=43 (149)
(27,48): ee=141, em=30 (138)
(27,49): ee=114, em=3 (114)
(27,50): ee=89, em=-29 (93)
(27,51): ee=136, em=6 (136)
(27,52): ee=146, em=6 (146)
(27,53): ee=163, em=10 (162)
(27,54): ee=160, em=-10 (162)
(27,55): ee=174, em=-10 (176)
(27,56): ee=228, em=28 (225)
(27,57): ee=247, em=40 (247)
(27,58): ee=253, em=26 (250)
(27,59): ee=251, em=13 (250)
(27,60): ee=252, em=23 (250)
(27,61): ee=247, em=52 (247)
(27,62): ee=183, em=11 (182)
(27,63): ee=52, em=-75 (90)
(27,64): ee=0, em=-126 (2)
(27,65): ee=0, em=-116 (1)
(27,66): ee=0, em=-79 (1)
(27,67): ee=57, em=-31 (61)
(27,68): ee=35, em=-39 (35)
(27,69): ee=43, em=-22 (46)
(27,70): ee=62, em=-5 (63)
(27,71): ee=25, em=-35 (25)
(27,72): ee=56, em=-12 (58)
(27,73): ee=50, em=-2 (51)
(27,74): ee=44, em=-24 (47)
(27,75): ee=2, em=-64 (2)
(27,76): ee=36, em=-33 (36)
(27,77): ee=36, em=-36 (36)
(27,78): ee=0, em=-93 (2)
(27,79): ee=61, em=-59 (61)
(27,80): ee=139, em=-3 (140)
(27,81): ee=207, em=35 (207)
(27,82): ee=245, em=44 (245)
(27,83): ee=253, em=25 (250)
(27,84): ee=253, em=29 (250)
(27,85): ee=255, em=87 (248)
(27,86): ee=185, em=44 (185)
(27,87): ee=34, em=-64 (34)
(27,88): ee=0, em=-115 (1)
(27,89): ee=31, em=-31 (35)
(27,90): ee=147, em=56 (147)
(27,91): ee=170, em=64 (170)
(27,92): ee=170, em=18 (168)
(27,93): ee=164, em=9 (163)
(27,94): ee=169, em=33 (169)
(27,95): ee=156, em=23 (154)
(27,96): ee=84, em=-44 (84)
(27,97): ee=0, em=-109 (42)
(27,98): ee=113, em=-25 (117)
(27,99): ee=210, em=51 (210)
(27,100): ee=255, em=73 (248)
(27,101): ee=248, em=50 (248)
(27,102): ee=248, em=35 (248)
(27,103): ee=248, em=42 (248)
(27,104): ee=249, em=55 (249)
(27,105): ee=255, em=82 (243)
(27,106): ee=197, em=54 (197)
(27,107): ee=77, em=-44 (77)
(27,108): ee=0, em=-85 (9)
(27,109): ee=42, em=-31 (46)
(27,110): ee=0, em=-82 (5)
(27,111): ee=19, em=-74 (56)
(27,112): ee=182, em=47 (182)
(27,113): ee=255, em=67 (247)
(27,114): ee=250, em=40 (250)
(27,115): ee=250, em=4 (250)
(27,116): ee=250, em=0 (250)
(27,117): ee=250, em=0 (250)
(27,118): ee=250, em=0 (250)
(27,119): ee=250, em=0 (250)
(27,120): ee=250, em=0 (250)
(27,121): ee=250, em=0 (250)
(27,122): ee=250, em=0 (250)
(27,123): ee=250, em=0 (250)
(27,124): ee=250, em=0 (250)
(27,125): ee=250, em=0 (250)
(27,126): ee=255, em=93 (250)
(27,127): ee=255, em=93 (250)
(28,0): ee=238, em=122 (177)
(28,1): ee=76, em=30 (73)
(28,2): ee=0, em=-134 (3)
(28,3): ee=0, em=-119 (2)
(28,4): ee=206, em=65 (174)
(28,5): ee=223, em=68 (189)
(28,6): ee=184, em=13 (183)
(28,7): ee=170, em=-4 (171)
(28,8): ee=167, em=-5 (168)
(28,9): ee=166, em=-1 (167)
(28,10): ee=167, em=0 (167)
(28,11): ee=166, em=0 (166)
(28,12): ee=166, em=0 (166)
(28,13): ee=165, em=0 (165)
(28,14): ee=164, em=0 (164)
(28,15): ee=163, em=-1 (164)
(28,16): ee=165, em=0 (165)
(28,17): ee=166, em=1 (166)
(28,18): ee=163, em=0 (163)
(28,19): ee=161, em=-1 (162)
(28,20): ee=160, em=-2 (161)
(28,21): ee=160, em=-1 (161)
(28,22): ee=162, em=0 (162)
(28,23): ee=162, em=0 (162)
(28,24): ee=162, em=0 (162)
(28,25): ee=160, em=-1 (161)
(28,26): ee=161, em=-3 (162)
(28,27): ee=162, em=-1 (163)
(28,28): ee=176, em=42 (176)
(28,29): ee=204, em=67 (171)
(28,30): ee=0, em=-79 (29)
(28,31): ee=0, em=-106 (2)
(28,32): ee=0, em=-87 (1)
(28,33): ee=176, em=78 (137)
(28,34): ee=138, em=62 (138)
(28,35): ee=72, em=-15 (74)
(28,36): ee=46, em=-49 (46)
(28,37): ee=0, em=-73 (3)
(28,38): ee=0, em=-76 (3)
(28,39): ee=4, em=-59 (4)
(28,40): ee=6, em=-57 (6)
(28,41): ee=7, em=-50 (7)
(28,42): ee=7, em=-54 (7)
(28,43): ee=6, em=-52 (6)
(28,44): ee=0, em=-68 (4)
(28,45): ee=22, em=-40 (22)
(28,46): ee=41, em=-29 (45)
(28,47): ee=3, em=-62 (3)
(28,48): ee=4, em=-63 (4)
(28,49): ee=5, em=-58 (5)
(28,50): ee=0, em=-80 (4)
(28,51): ee=0, em=-94 (5)
(28,52): ee=82, em=-27 (86)
(28,53): ee=96, em=-25 (100)
(28,54): ee=112, em=-43 (112)
(28,55): ee=32, em=-90 (77)
(28,56): ee=43, em=-85 (86)
(28,57): ee=158, em=-18 (161)
(28,58): ee=226, em=44 (226)
(28,59): ee=239, em=33 (239)
(28,60): ee=249, em=57 (249)
(28,61): ee=255, em=81 (247)
(28,62): ee=167, em=9 (166)
(28,63): ee=0, em=-160 (5)
(28,64): ee=0, em=-140 (4)
(28,65): ee=225, em=73 (189)
(28,66): ee=255, em=129 (231)
(28,67): ee=247, em=71 (212)
(28,68): ee=169, em=19 (167)
(28,69): ee=121, em=-21 (124)
(28,70): ee=120, em=-26 (124)
(28,71): ee=106, em=-26 (110)
(28,72): ee=153, em=5 (153)
(28,73): ee=142, em=10 (141)
(28,74): ee=167, em=16 (165)
(28,75): ee=141, em=0 (141)
(28,76): ee=156, em=8 (155)
(28,77): ee=159, em=9 (158)
(28,78): ee=183, em=16 (181)
(28,79): ee=215, em=30 (212)
(28,80): ee=245, em=49 (245)
(28,81): ee=249, em=33 (249)
(28,82): ee=251, em=15 (250)
(28,83): ee=251, em=9 (250)
(28,84): ee=253, em=29 (250)
(28,85): ee=255, em=88 (248)
(28,86): ee=180, em=43 (180)
(28,87): ee=0, em=-104 (2)
(28,88): ee=0, em=-92 (2)
(28,89): ee=3, em=-60 (3)
(28,90): ee=76, em=14 (75)
(28,91): ee=185, em=66 (152)
(28,92): ee=151, em=58 (151)
(28,93): ee=156, em=48 (156)
(28,94): ee=194, em=68 (160)
(28,95): ee=90, em=-27 (94)
(28,96): ee=0, em=-139 (5)
(28,97): ee=156, em=1 (156)
(28,98): ee=226, em=57 (226)
(28,99): ee=250, em=45 (250)
(28,100): ee=252, em=20 (250)
(28,101): ee=250, em=5 (250)
(28,102): ee=250, em=0 (250)
(28,103): ee=250, em=1 (250)
(28,104): ee=250, em=7 (250)
(28,105): ee=253, em=30 (250)
(28,106): ee=250, em=55 (250)
(28,107): ee=186, em=5 (186)
(28,108): ee=103, em=-46 (103)
(28,109): ee=113, em=-6 (114)
(28,110): ee=66, em=-21 (69)
(28,111): ee=0, em=-139 (6)
(28,112): ee=0, em=-139 (2)
(28,113): ee=215, em=50 (215)
(28,114): ee=255, em=74 (249)
(28,115): ee=252, em=19 (250)
(28,116): ee=250, em=5 (250)
(28,117): ee=250, em=1 (250)
(28,118): ee=250, em=0 (250)
(28,119): ee=250, em=0 (250)
(28,120): ee=250, em=0 (250)
(28,121): ee=250, em=0 (250)
(28,122): ee=250, em=0 (250)
(28,123): ee=250, em=0 (250)
(28,124): ee=250, em=0 (250)
(28,125): ee=250, em=0 (250)
(28,126): ee=255, em=93 (250)
(28,127): ee=255, em=93 (250)
(29,0): ee=255, em=153 (198)
(29,1): ee=79, em=51 (79)
(29,2): ee=0, em=-129 (4)
(29,3): ee=72, em=-23 (75)
(29,4): ee=170, em=57 (170)
(29,5): ee=183, em=61 (183)
(29,6): ee=181, em=7 (181)
(29,7): ee=170, em=-3 (171)
(29,8): ee=167, em=-4 (168)
(29,9): ee=165, em=-1 (166)
(29,10): ee=166, em=0 (166)
(29,11): ee=165, em=0 (165)
(29,12): ee=163, em=0 (163)
(29,13): ee=163, em=0 (163)
(29,14): ee=161, em=-1 (162)
(29,15): ee=161, em=-1 (162)
(29,16): ee=162, em=0 (162)
(29,17): ee=164, em=1 (164)
(29,18): ee=163, em=0 (163)
(29,19): ee=162, em=0 (162)
(29,20): ee=160, em=-1 (161)
(29,21): ee=161, em=0 (161)
(29,22): ee=162, em=0 (162)
(29,23): ee=161, em=0 (161)
(29,24): ee=159, em=-1 (160)
(29,25): ee=159, em=-1 (160)
(29,26): ee=159, em=-4 (160)
(29,27): ee=163, em=0 (163)
(29,28): ee=169, em=22 (167)
(29,29): ee=164, em=51 (164)
(29,30): ee=137, em=48 (137)
(29,31): ee=0, em=-91 (2)
(29,32): ee=0, em=-70 (1)
(29,33): ee=33, em=-14 (35)
(29,34): ee=5, em=-37 (5)
(29,35): ee=7, em=-42 (7)
(29,36): ee=52, em=6 (52)
(29,37): ee=35, em=1 (35)
(29,38): ee=55, em=26 (52)
(29,39): ee=40, em=23 (38)
(29,40): ee=43, em=19 (41)
(29,41): ee=26, em=6 (26)
(29,42): ee=45, em=21 (43)
(29,43): ee=28, em=13 (27)
(29,44): ee=43, em=17 (41)
(29,45): ee=2, em=-12 (4)
(29,46): ee=43, em=16 (41)
(29,47): ee=35, em=19 (33)
(29,48): ee=57, em=43 (57)
(29,49): ee=42, em=25 (39)
(29,50): ee=3, em=-52 (3)
(29,51): ee=29, em=-51 (29)
(29,52): ee=145, em=40 (145)
(29,53): ee=255, em=94 (209)
(29,54): ee=255, em=86 (239)
(29,55): ee=206, em=39 (206)
(29,56): ee=153, em=0 (153)
(29,57): ee=31, em=-92 (77)
(29,58): ee=0, em=-171 (5)
(29,59): ee=165, em=-14 (167)
(29,60): ee=255, em=69 (234)
(29,61): ee=255, em=101 (247)
(29,62): ee=255, em=75 (220)
(29,63): ee=29, em=-101 (80)
(29,64): ee=111, em=-52 (111)
(29,65): ee=255, em=70 (226)
(29,66): ee=255, em=101 (246)
(29,67): ee=247, em=51 (247)
(29,68): ee=246, em=44 (246)
(29,69): ee=231, em=32 (231)
(29,70): ee=233, em=33 (233)
(29,71): ee=231, em=36 (231)
(29,72): ee=246, em=43 (246)
(29,73): ee=243, em=43 (243)
(29,74): ee=246, em=36 (246)
(29,75): ee=245, em=37 (245)
(29,76): ee=246, em=35 (246)
(29,77): ee=247, em=33 (247)
(29,78): ee=250, em=31 (247)
(29,79): ee=251, em=26 (248)
(29,80): ee=252, em=28 (249)
(29,81): ee=252, em=24 (249)
(29,82): ee=252, em=30 (249)
(29,83): ee=248, em=35 (248)
(29,84): ee=249, em=62 (249)
(29,85): ee=255, em=78 (222)
(29,86): ee=158, em=24 (155)
(29,87): ee=0, em=-83 (23)
(29,88): ee=0, em=-93 (3)
(29,89): ee=37, em=-36 (37)
(29,90): ee=0, em=-66 (8)
(29,91): ee=58, em=-36 (58)
(29,92): ee=0, em=-70 (8)
(29,93): ee=61, em=-21 (64)
(29,94): ee=0, em=-75 (4)
(29,95): ee=0, em=-123 (4)
(29,96): ee=148, em=26 (145)
(29,97): ee=255, em=76 (229)
(29,98): ee=255, em=69 (248)
(29,99): ee=252, em=18 (250)
(29,100): ee=250, em=3 (250)
(29,101): ee=250, em=0 (250)
(29,102): ee=250, em=0 (250)
(29,103): ee=250, em=0 (250)
(29,104): ee=250, em=0 (250)
(29,105): ee=251, em=8 (250)
(29,106): ee=252, em=18 (250)
(29,107): ee=253, em=29 (250)
(29,108): ee=249, em=51 (249)
(29,109): ee=218, em=41 (218)
(29,110): ee=171, em=24 (168)
(29,111): ee=123, em=-46 (123)
(29,112): ee=0, em=-150 (3)
(29,113): ee=142, em=-26 (146)
(29,114): ee=207, em=50 (207)
(29,115): ee=239, em=27 (236)
(29,116): ee=249, em=32 (249)
(29,117): ee=252, em=16 (250)
(29,118): ee=250, em=4 (250)
(29,119): ee=250, em=1 (250)
(29,120): ee=250, em=0 (250)
(29,121): ee=250, em=0 (250)
(29,122): ee=250, em=0 (250)
(29,123): ee=250, em=0 (250)
(29,124): ee=250, em=0 (250)
(29,125): ee=250, em=0 (250)
(29,126): ee=255, em=93 (250)
(29,127): ee=255, em=93 (250)
(30,0): ee=230, em=117 (172)
(30,1): ee=73, em=28 (70)
(30,2): ee=0, em=-134 (3)
(30,3): ee=0, em=-118 (2)
(30,4): ee=169, em=58 (169)
(30,5): ee=221, em=67 (188)
(30,6): ee=187, em=15 (186)
(30,7): ee=170, em=-3 (171)
(30,8): ee=166, em=-5 (167)
(30,9): ee=163, em=-2 (164)
(30,10): ee=162, em=-1 (163)
(30,11): ee=163, em=0 (163)
(30,12): ee=160, em=-1 (161)
(30,13): ee=160, em=-1 (161)
(30,14): ee=161, em=0 (161)
(30,15): ee=162, em=0 (162)
(30,16): ee=162, em=0 (162)
(30,17): ee=164, em=1 (164)
(30,18): ee=163, em=0 (163)
(30,19): ee=162, em=0 (162)
(30,20): ee=162, em=0 (162)
(30,21): ee=162, em=0 (162)
(30,22): ee=162, em=0 (162)
(30,23): ee=161, em=0 (161)
(30,24): ee=159, em=-1 (160)
(30,25): ee=161, em=0 (161)
(30,26): ee=162, em=0 (162)
(30,27): ee=161, em=-1 (162)
(30,28): ee=166, em=3 (166)
(30,29): ee=165, em=34 (165)
(30,30): ee=167, em=64 (167)
(30,31): ee=68, em=-20 (71)
(30,32): ee=0, em=-90 (3)
(30,33): ee=0, em=-69 (5)
(30,34): ee=93, em=47 (93)
(30,35): ee=100, em=55 (100)
(30,36): ee=6, em=-58 (6)
(30,37): ee=4, em=-56 (4)
(30,38): ee=18, em=-21 (21)
(30,39): ee=37, em=12 (36)
(30,40): ee=32, em=5 (32)
(30,41): ee=0, em=-26 (4)
(30,42): ee=1, em=-29 (5)
(30,43): ee=39, em=23 (37)
(30,44): ee=40, em=15 (39)
(30,45): ee=0, em=-16 (2)
(30,46): ee=0, em=-30 (1)
(30,47): ee=0, em=-14 (2)
(30,48): ee=2, em=-14 (4)
(30,49): ee=31, em=3 (31)
(30,50): ee=0, em=-71 (3)
(30,51): ee=0, em=-111 (4)
(30,52): ee=143, em=6 (143)
(30,53): ee=255, em=85 (247)
(30,54): ee=250, em=46 (250)
(30,55): ee=250, em=38 (250)
(30,56): ee=255, em=71 (248)
(30,57): ee=208, em=44 (208)
(30,58): ee=16, em=-94 (63)
(30,59): ee=0, em=-133 (46)
(30,60): ee=148, em=-5 (149)
(30,61): ee=255, em=83 (230)
(30,62): ee=255, em=99 (242)
(30,63): ee=143, em=-32 (147)
(30,64): ee=0, em=-171 (5)
(30,65): ee=160, em=3 (160)
(30,66): ee=227, em=71 (192)
(30,67): ee=201, em=40 (201)
(30,68): ee=202, em=58 (202)
(30,69): ee=224, em=49 (224)
(30,70): ee=220, em=57 (220)
(30,71): ee=237, em=44 (237)
(30,72): ee=236, em=51 (236)
(30,73): ee=246, em=39 (246)
(30,74): ee=241, em=44 (241)
(30,75): ee=245, em=39 (245)
(30,76): ee=234, em=55 (234)
(30,77): ee=238, em=45 (238)
(30,78): ee=215, em=57 (215)
(30,79): ee=219, em=41 (219)
(30,80): ee=196, em=51 (196)
(30,81): ee=202, em=34 (202)
(30,82): ee=184, em=38 (184)
(30,83): ee=168, em=5 (168)
(30,84): ee=124, em=-21 (127)
(30,85): ee=107, em=-32 (111)
(30,86): ee=96, em=-41 (96)
(30,87): ee=99, em=-22 (102)
(30,88): ee=138, em=23 (136)
(30,89): ee=131, em=22 (129)
(30,90): ee=118, em=17 (116)
(30,91): ee=116, em=3 (116)
(30,92): ee=111, em=24 (108)
(30,93): ee=99, em=9 (98)
(30,94): ee=0, em=-80 (5)
(30,95): ee=0, em=-116 (5)
(30,96): ee=21, em=-69 (56)
(30,97): ee=250, em=71 (215)
(30,98): ee=255, em=78 (248)
(30,99): ee=250, em=39 (250)
(30,100): ee=252, em=20 (250)
(30,101): ee=251, em=15 (250)
(30,102): ee=250, em=10 (249)
(30,103): ee=251, em=12 (250)
(30,104): ee=251, em=9 (250)
(30,105): ee=250, em=6 (250)
(30,106): ee=250, em=2 (250)
(30,107): ee=250, em=4 (250)
(30,108): ee=251, em=11 (250)
(30,109): ee=252, em=21 (250)
(30,110): ee=244, em=38 (244)
(30,111): ee=237, em=26 (234)
(30,112): ee=227, em=52 (227)
(30,113): ee=174, em=-13 (176)
(30,114): ee=2, em=-116 (60)
(30,115): ee=140, em=-62 (140)
(30,116): ee=215, em=22 (213)
(30,117): ee=244, em=28 (241)
(30,118): ee=253, em=30 (250)
(30,119): ee=251, em=9 (250)
(30,120): ee=250, em=1 (250)
(30,121): ee=250, em=0 (250)
(30,122): ee=250, em=0 (250)
(30,123): ee=250, em=0 (250)
(30,124): ee=250, em=0 (250)
(30,125): ee=250, em=0 (250)
(30,126): ee=255, em=93 (250)
(30,127): ee=255, em=93 (250)
(31,0): ee=255, em=168 (227)
(31,1): ee=239, em=137 (175)
(31,2): ee=0, em=-138 (2)
(31,3): ee=0, em=-128 (2)
(31,4): ee=155, em=40 (155)
(31,5): ee=228, em=77 (190)
(31,6): ee=188, em=21 (186)
(31,7): ee=171, em=-3 (172)
(31,8): ee=165, em=-7 (166)
(31,9): ee=162, em=-2 (163)
(31,10): ee=160, em=-2 (161)
(31,11): ee=161, em=0 (161)
(31,12): ee=159, em=-1 (160)
(31,13): ee=159, em=-1 (160)
(31,14): ee=161, em=0 (161)
(31,15): ee=162, em=0 (162)
(31,16): ee=162, em=0 (162)
(31,17): ee=164, em=1 (164)
(31,18): ee=163, em=0 (163)
(31,19): ee=162, em=0 (162)
(31,20): ee=162, em=0 (162)
(31,21): ee=162, em=0 (162)
(31,22): ee=162, em=0 (162)
(31,23): ee=162, em=0 (162)
(31,24): ee=162, em=0 (162)
(31,25): ee=162, em=0 (162)
(31,26): ee=160, em=-2 (161)
(31,27): ee=161, em=-2 (162)
(31,28): ee=165, em=-2 (166)
(31,29): ee=172, em=17 (170)
(31,30): ee=179, em=61 (179)
(31,31): ee=150, em=43 (150)
(31,32): ee=0, em=-113 (5)
(31,33): ee=4, em=-76 (42)
(31,34): ee=197, em=79 (158)
(31,35): ee=243, em=111 (188)
(31,36): ee=132, em=58 (132)
(31,37): ee=44, em=-47 (44)
(31,38): ee=4, em=-52 (4)
(31,39): ee=35, em=3 (35)
(31,40): ee=25, em=12 (24)
(31,41): ee=0, em=-17 (3)
(31,42): ee=23, em=5 (23)
(31,43): ee=43, em=36 (43)
(31,44): ee=39, em=27 (36)
(31,45): ee=0, em=-10 (1)
(31,46): ee=0, em=-15 (0)
(31,47): ee=0, em=-15 (1)
(31,48): ee=37, em=19 (35)
(31,49): ee=18, em=-28 (22)
(31,50): ee=0, em=-86 (7)
(31,51): ee=94, em=-40 (94)
(31,52): ee=198, em=40 (198)
(31,53): ee=249, em=55 (249)
(31,54): ee=252, em=21 (250)
(31,55): ee=251, em=10 (250)
(31,56): ee=250, em=45 (250)
(31,57): ee=255, em=86 (247)
(31,58): ee=200, em=60 (200)
(31,59): ee=11, em=-103 (63)
(31,60): ee=0, em=-137 (24)
(31,61): ee=194, em=49 (194)
(31,62): ee=255, em=114 (247)
(31,63): ee=229, em=47 (229)
(31,64): ee=144, em=-24 (147)
(31,65): ee=15, em=-111 (71)
(31,66): ee=0, em=-143 (3)
(31,67): ee=0, em=-113 (53)
(31,68): ee=0, em=-144 (3)
(31,69): ee=21, em=-102 (72)
(31,70): ee=0, em=-157 (6)
(31,71): ee=128, em=-53 (128)
(31,72): ee=130, em=-38 (130)
(31,73): ee=163, em=-20 (166)
(31,74): ee=150, em=-23 (153)
(31,75): ee=150, em=-31 (154)
(31,76): ee=32, em=-91 (78)
(31,77): ee=65, em=-76 (103)
(31,78): ee=0, em=-146 (5)
(31,79): ee=32, em=-87 (76)
(31,80): ee=0, em=-127 (3)
(31,81): ee=4, em=-99 (54)
(31,82): ee=0, em=-121 (7)
(31,83): ee=82, em=-61 (82)
(31,84): ee=83, em=-48 (83)
(31,85): ee=131, em=-10 (133)
(31,86): ee=170, em=24 (167)
(31,87): ee=175, em=25 (172)
(31,88): ee=182, em=26 (179)
(31,89): ee=173, em=19 (171)
(31,90): ee=176, em=17 (174)
(31,91): ee=172, em=18 (170)
(31,92): ee=176, em=35 (176)
(31,93): ee=174, em=45 (174)
(31,94): ee=216, em=75 (179)
(31,95): ee=117, em=2 (117)
(31,96): ee=0, em=-111 (8)
(31,97): ee=38, em=-65 (71)
(31,98): ee=164, em=32 (164)
(31,99): ee=255, em=73 (224)
(31,100): ee=255, em=66 (235)
(31,101): ee=201, em=17 (199)
(31,102): ee=194, em=-8 (195)
(31,103): ee=202, em=0 (202)
(31,104): ee=234, em=17 (232)
(31,105): ee=253, em=31 (250)
(31,106): ee=251, em=12 (250)
(31,107): ee=250, em=1 (250)
(31,108): ee=250, em=0 (250)
(31,109): ee=250, em=2 (250)
(31,110): ee=250, em=3 (250)
(31,111): ee=251, em=11 (250)
(31,112): ee=253, em=31 (250)
(31,113): ee=247, em=39 (247)
(31,114): ee=215, em=42 (215)
(31,115): ee=139, em=-53 (139)
(31,116): ee=0, em=-140 (49)
(31,117): ee=182, em=-12 (184)
(31,118): ee=242, em=48 (242)
(31,119): ee=253, em=30 (250)
(31,120): ee=250, em=7 (250)
(31,121): ee=250, em=0 (250)
(31,122): ee=250, em=0 (250)
(31,123): ee=250, em=0 (250)
(31,124): ee=250, em=0 (250)
(31,125): ee=250, em=0 (250)
(31,126): ee=255, em=93 (250)
(31,127): ee=255, em=93 (250)
(32,0): ee=255, em=133 (221)
(32,1): ee=255, em=163 (219)
(32,2): ee=25, em=-83 (67)
(32,3): ee=0, em=-147 (5)
(32,4): ee=108, em=-19 (111)
(32,5): ee=230, em=77 (192)
(32,6): ee=194, em=40 (194)
(32,7): ee=171, em=-2 (172)
(32,8): ee=166, em=-6 (167)
(32,9): ee=161, em=-3 (162)
(32,10): ee=160, em=-1 (161)
(32,11): ee=158, em=-1 (159)
(32,12): ee=158, em=-1 (159)
(32,13): ee=158, em=-1 (159)
(32,14): ee=161, em=0 (161)
(32,15): ee=162, em=0 (162)
(32,16): ee=163, em=1 (163)
(32,17): ee=163, em=0 (163)
(32,18): ee=163, em=0 (163)
(32,19): ee=163, em=0 (163)
(32,20): ee=162, em=0 (162)
(32,21): ee=162, em=0 (162)
(32,22): ee=162, em=0 (162)
(32,23): ee=162, em=0 (162)
(32,24): ee=162, em=0 (162)
(32,25): ee=162, em=0 (162)
(32,26): ee=163, em=0 (163)
(32,27): ee=162, em=-2 (163)
(32,28): ee=165, em=-4 (166)
(32,29): ee=169, em=2 (169)
(32,30): ee=186, em=55 (186)
(32,31): ee=213, em=65 (181)
(32,32): ee=81, em=-26 (85)
(32,33): ee=1, em=-89 (46)
(32,34): ee=77, em=-39 (77)
(32,35): ee=255, em=103 (209)
(32,36): ee=255, em=135 (229)
(32,37): ee=159, em=50 (159)
(32,38): ee=0, em=-93 (2)
(32,39): ee=2, em=-64 (2)
(32,40): ee=0, em=-24 (2)
(32,41): ee=0, em=-21 (2)
(32,42): ee=0, em=-9 (2)
(32,43): ee=1, em=-12 (3)
(32,44): ee=0, em=-7 (1)
(32,45): ee=0, em=-16 (0)
(32,46): ee=0, em=-22 (0)
(32,47): ee=2, em=-38 (2)
(32,48): ee=6, em=-54 (6)
(32,49): ee=64, em=-32 (68)
(32,50): ee=102, em=-28 (106)
(32,51): ee=205, em=30 (202)
(32,52): ee=249, em=57 (249)
(32,53): ee=250, em=33 (250)
(32,54): ee=253, em=27 (250)
(32,55): ee=250, em=35 (250)
(32,56): ee=238, em=57 (238)
(32,57): ee=250, em=70 (215)
(32,58): ee=140, em=15 (139)
(32,59): ee=0, em=-157 (4)
(32,60): ee=0, em=-156 (3)
(32,61): ee=191, em=25 (188)
(32,62): ee=255, em=83 (249)
(32,63): ee=249, em=45 (249)
(32,64): ee=240, em=41 (240)
(32,65): ee=218, em=21 (216)
(32,66): ee=194, em=24 (191)
(32,67): ee=206, em=37 (206)
(32,68): ee=189, em=48 (189)
(32,69): ee=186, em=13 (185)
(32,70): ee=178, em=22 (176)
(32,71): ee=163, em=-16 (165)
(32,72): ee=150, em=-19 (153)
(32,73): ee=157, em=-33 (157)
(32,74): ee=164, em=-12 (166)
(32,75): ee=159, em=-24 (162)
(32,76): ee=171, em=6 (171)
(32,77): ee=167, em=-7 (168)
(32,78): ee=172, em=30 (169)
(32,79): ee=177, em=23 (175)
(32,80): ee=147, em=27 (144)
(32,81): ee=147, em=6 (147)
(32,82): ee=128, em=10 (127)
(32,83): ee=161, em=21 (159)
(32,84): ee=165, em=30 (162)
(32,85): ee=176, em=21 (174)
(32,86): ee=181, em=21 (179)
(32,87): ee=179, em=13 (178)
(32,88): ee=178, em=6 (178)
(32,89): ee=172, em=2 (172)
(32,90): ee=177, em=4 (177)
(32,91): ee=174, em=3 (174)
(32,92): ee=179, em=4 (179)
(32,93): ee=178, em=13 (177)
(32,94): ee=187, em=43 (187)
(32,95): ee=169, em=50 (169)
(32,96): ee=110, em=0 (110)
(32,97): ee=0, em=-109 (6)
(32,98): ee=0, em=-117 (4)
(32,99): ee=102, em=-5 (103)
(32,100): ee=140, em=11 (139)
(32,101): ee=110, em=-16 (112)
(32,102): ee=66, em=-69 (101)
(32,103): ee=0, em=-124 (58)
(32,104): ee=169, em=-18 (172)
(32,105): ee=241, em=49 (241)
(32,106): ee=250, em=33 (250)
(32,107): ee=250, em=5 (250)
(32,108): ee=250, em=0 (250)
(32,109): ee=250, em=0 (250)
(32,110): ee=250, em=0 (250)
(32,111): ee=250, em=0 (250)
(32,112): ee=250, em=4 (250)
(32,113): ee=252, em=18 (250)
(32,114): ee=249, em=62 (249)
(32,115): ee=223, em=39 (223)
(32,116): ee=33, em=-106 (86)
(32,117): ee=22, em=-119 (82)
(32,118): ee=202, em=17 (200)
(32,119): ee=250, em=51 (250)
(32,120): ee=251, em=14 (250)
(32,121): ee=250, em=0 (250)
(32,122): ee=250, em=0 (250)
(32,123): ee=250, em=0 (250)
(32,124): ee=250, em=0 (250)
(32,125): ee=250, em=0 (250)
(32,126): ee=255, em=93 (250)
(32,127): ee=255, em=93 (250)
(33,0): ee=255, em=134 (243)
(33,1): ee=255, em=178 (240)
(33,2): ee=163, em=16 (161)
(33,3): ee=0, em=-136 (21)
(33,4): ee=86, em=-53 (86)
(33,5): ee=216, em=68 (182)
(33,6): ee=194, em=58 (194)
(33,7): ee=175, em=3 (175)
(33,8): ee=165, em=-8 (166)
(33,9): ee=161, em=-3 (162)
(33,10): ee=160, em=-1 (161)
(33,11): ee=159, em=-1 (160)
(33,12): ee=160, em=0 (160)
(33,13): ee=160, em=0 (160)
(33,14): ee=161, em=0 (161)
(33,15): ee=162, em=0 (162)
(33,16): ee=162, em=0 (162)
(33,17): ee=162, em=0 (162)
(33,18): ee=163, em=0 (163)
(33,19): ee=163, em=0 (163)
(33,20): ee=162, em=0 (162)
(33,21): ee=162, em=0 (162)
(33,22): ee=163, em=0 (163)
(33,23): ee=164, em=1 (164)
(33,24): ee=164, em=1 (164)
(33,25): ee=164, em=1 (164)
(33,26): ee=163, em=0 (163)
(33,27): ee=162, em=-1 (163)
(33,28): ee=164, em=-5 (165)
(33,29): ee=169, em=0 (169)
(33,30): ee=181, em=37 (181)
(33,31): ee=172, em=57 (172)
(33,32): ee=99, em=-2 (100)
(33,33): ee=0, em=-109 (6)
(33,34): ee=0, em=-123 (3)
(33,35): ee=139, em=24 (136)
(33,36): ee=255, em=109 (222)
(33,37): ee=255, em=103 (225)
(33,38): ee=151, em=14 (150)
(33,39): ee=0, em=-106 (26)
(33,40): ee=0, em=-95 (2)
(33,41): ee=37, em=-43 (37)
(33,42): ee=0, em=-70 (2)
(33,43): ee=38, em=-39 (38)
(33,44): ee=0, em=-73 (1)
(33,45): ee=0, em=-86 (0)
(33,46): ee=0, em=-92 (1)
(33,47): ee=2, em=-76 (40)
(33,48): ee=97, em=-27 (101)
(33,49): ee=191, em=33 (191)
(33,50): ee=230, em=55 (230)
(33,51): ee=248, em=47 (248)
(33,52): ee=249, em=47 (249)
(33,53): ee=249, em=44 (249)
(33,54): ee=243, em=55 (243)
(33,55): ee=189, em=5 (189)
(33,56): ee=105, em=-55 (105)
(33,57): ee=24, em=-87 (68)
(33,58): ee=0, em=-146 (5)
(33,59): ee=43, em=-83 (85)
(33,60): ee=160, em=-6 (161)
(33,61): ee=230, em=42 (230)
(33,62): ee=250, em=44 (250)
(33,63): ee=251, em=14 (250)
(33,64): ee=251, em=8 (250)
(33,65): ee=251, em=9 (250)
(33,66): ee=252, em=16 (250)
(33,67): ee=252, em=17 (250)
(33,68): ee=253, em=24 (250)
(33,69): ee=253, em=24 (250)
(33,70): ee=252, em=28 (249)
(33,71): ee=252, em=29 (249)
(33,72): ee=251, em=30 (248)
(33,73): ee=251, em=31 (248)
(33,74): ee=251, em=30 (248)
(33,75): ee=251, em=31 (248)
(33,76): ee=252, em=30 (249)
(33,77): ee=252, em=31 (249)
(33,78): ee=248, em=37 (248)
(33,79): ee=239, em=31 (236)
(33,80): ee=212, em=19 (210)
(33,81): ee=177, em=-10 (179)
(33,82): ee=159, em=-13 (161)
(33,83): ee=163, em=-7 (164)
(33,84): ee=161, em=-1 (162)
(33,85): ee=166, em=0 (166)
(33,86): ee=163, em=-3 (164)
(33,87): ee=163, em=-4 (164)
(33,88): ee=163, em=-5 (164)
(33,89): ee=163, em=-4 (164)
(33,90): ee=164, em=-4 (165)
(33,91): ee=167, em=0 (167)
(33,92): ee=167, em=-4 (168)
(33,93): ee=166, em=-1 (167)
(33,94): ee=169, em=4 (169)
(33,95): ee=169, em=53 (169)
(33,96): ee=162, em=59 (162)
(33,97): ee=69, em=-7 (70)
(33,98): ee=0, em=-110 (2)
(33,99): ee=0, em=-82 (3)
(33,100): ee=149, em=53 (149)
(33,101): ee=240, em=114 (183)
(33,102): ee=168, em=44 (168)
(33,103): ee=9, em=-96 (57)
(33,104): ee=28, em=-96 (76)
(33,105): ee=212, em=46 (212)
(33,106): ee=250, em=62 (250)
(33,107): ee=251, em=10 (250)
(33,108): ee=250, em=0 (250)
(33,109): ee=250, em=0 (250)
(33,110): ee=250, em=0 (250)
(33,111): ee=250, em=0 (250)
(33,112): ee=250, em=0 (250)
(33,113): ee=250, em=4 (250)
(33,114): ee=250, em=47 (250)
(33,115): ee=255, em=67 (240)
(33,116): ee=140, em=-55 (140)
(33,117): ee=14, em=-119 (74)
(33,118): ee=193, em=4 (193)
(33,119): ee=255, em=73 (250)
(33,120): ee=252, em=20 (250)
(33,121): ee=250, em=0 (250)
(33,122): ee=250, em=0 (250)
(33,123): ee=250, em=0 (250)
(33,124): ee=250, em=0 (250)
(33,125): ee=250, em=0 (250)
(33,126): ee=255, em=93 (250)
(33,127): ee=255, em=93 (250)
(34,0): ee=255, em=94 (227)
(34,1): ee=255, em=167 (245)
(34,2): ee=193, em=44 (193)
(34,3): ee=0, em=-159 (5)
(34,4): ee=0, em=-148 (5)
(34,5): ee=169, em=52 (169)
(34,6): ee=226, em=70 (191)
(34,7): ee=172, em=9 (171)
(34,8): ee=166, em=-5 (167)
(34,9): ee=163, em=-1 (164)
(34,10): ee=160, em=-2 (161)
(34,11): ee=161, em=0 (161)
(34,12): ee=161, em=0 (161)
(34,13): ee=161, em=0 (161)
(34,14): ee=162, em=0 (162)
(34,15): ee=163, em=1 (163)
(34,16): ee=162, em=0 (162)
(34,17): ee=162, em=0 (162)
(34,18): ee=162, em=0 (162)
(34,19): ee=160, em=-2 (161)
(34,20): ee=163, em=0 (163)
(34,21): ee=164, em=0 (164)
(34,22): ee=165, em=0 (165)
(34,23): ee=164, em=0 (164)
(34,24): ee=164, em=0 (164)
(34,25): ee=163, em=0 (163)
(34,26): ee=161, em=-1 (162)
(34,27): ee=163, em=0 (163)
(34,28): ee=163, em=-3 (164)
(34,29): ee=166, em=0 (166)
(34,30): ee=183, em=30 (180)
(34,31): ee=174, em=56 (174)
(34,32): ee=106, em=6 (106)
(34,33): ee=0, em=-88 (5)
(34,34): ee=0, em=-115 (2)
(34,35): ee=0, em=-117 (0)
(34,36): ee=226, em=65 (194)
(34,37): ee=255, em=111 (244)
(34,38): ee=255, em=70 (246)
(34,39): ee=196, em=13 (195)
(34,40): ee=190, em=22 (188)
(34,41): ee=196, em=44 (196)
(34,42): ee=187, em=46 (187)
(34,43): ee=183, em=28 (180)
(34,44): ee=196, em=54 (196)
(34,45): ee=204, em=54 (204)
(34,46): ee=204, em=47 (204)
(34,47): ee=222, em=54 (222)
(34,48): ee=239, em=64 (239)
(34,49): ee=246, em=62 (246)
(34,50): ee=255, em=66 (242)
(34,51): ee=234, em=51 (234)
(34,52): ee=204, em=37 (204)
(34,53): ee=160, em=-13 (162)
(34,54): ee=56, em=-70 (91)
(34,55): ee=104, em=-64 (104)
(34,56): ee=116, em=-41 (116)
(34,57): ee=169, em=-1 (170)
(34,58): ee=204, em=28 (201)
(34,59): ee=229, em=31 (226)
(34,60): ee=245, em=42 (245)
(34,61): ee=253, em=26 (250)
(34,62): ee=251, em=11 (250)
(34,63): ee=250, em=2 (250)
(34,64): ee=250, em=0 (250)
(34,65): ee=250, em=0 (250)
(34,66): ee=250, em=0 (250)
(34,67): ee=250, em=0 (250)
(34,68): ee=250, em=0 (250)
(34,69): ee=250, em=0 (250)
(34,70): ee=250, em=1 (250)
(34,71): ee=250, em=0 (250)
(34,72): ee=250, em=1 (250)
(34,73): ee=250, em=0 (250)
(34,74): ee=250, em=0 (250)
(34,75): ee=250, em=0 (250)
(34,76): ee=250, em=0 (250)
(34,77): ee=250, em=2 (250)
(34,78): ee=250, em=6 (250)
(34,79): ee=252, em=16 (250)
(34,80): ee=242, em=20 (240)
(34,81): ee=215, em=7 (215)
(34,82): ee=181, em=-12 (183)
(34,83): ee=166, em=-15 (168)
(34,84): ee=167, em=-3 (168)
(34,85): ee=163, em=-2 (164)
(34,86): ee=164, em=0 (164)
(34,87): ee=162, em=-1 (163)
(34,88): ee=162, em=-1 (163)
(34,89): ee=163, em=0 (163)
(34,90): ee=164, em=0 (164)
(34,91): ee=162, em=-1 (163)
(34,92): ee=164, em=-1 (165)
(34,93): ee=162, em=-2 (163)
(34,94): ee=171, em=7 (171)
(34,95): ee=167, em=48 (167)
(34,96): ee=207, em=70 (172)
(34,97): ee=0, em=-84 (3)
(34,98): ee=0, em=-116 (2)
(34,99): ee=0, em=-89 (2)
(34,100): ee=191, em=65 (159)
(34,101): ee=255, em=141 (206)
(34,102): ee=220, em=68 (186)
(34,103): ee=0, em=-157 (5)
(34,104): ee=0, em=-172 (3)
(34,105): ee=211, em=47 (211)
(34,106): ee=255, em=65 (250)
(34,107): ee=251, em=11 (250)
(34,108): ee=250, em=0 (250)
(34,109): ee=250, em=0 (250)
(34,110): ee=250, em=0 (250)
(34,111): ee=250, em=0 (250)
(34,112): ee=250, em=0 (250)
(34,113): ee=250, em=3 (250)
(34,114): ee=250, em=43 (250)
(34,115): ee=255, em=77 (248)
(34,116): ee=142, em=-56 (142)
(34,117): ee=0, em=-195 (5)
(34,118): ee=192, em=0 (192)
(34,119): ee=255, em=76 (250)
(34,120): ee=252, em=21 (250)
(34,121): ee=250, em=0 (250)
(34,122): ee=250, em=0 (250)
(34,123): ee=250, em=0 (250)
(34,124): ee=250, em=0 (250)
(34,125): ee=250, em=0 (250)
(34,126): ee=255, em=93 (250)
(34,127): ee=255, em=93 (250)
(35,0): ee=255, em=100 (240)
(35,1): ee=255, em=149 (248)
(35,2): ee=255, em=81 (224)
(35,3): ee=106, em=-45 (106)
(35,4): ee=0, em=-144 (5)
(35,5): ee=101, em=-20 (104)
(35,6): ee=206, em=65 (174)
(35,7): ee=172, em=32 (172)
(35,8): ee=165, em=-2 (166)
(35,9): ee=163, em=-2 (164)
(35,10): ee=162, em=-1 (163)
(35,11): ee=162, em=0 (162)
(35,12): ee=162, em=0 (162)
(35,13): ee=162, em=0 (162)
(35,14): ee=163, em=0 (163)
(35,15): ee=164, em=1 (164)
(35,16): ee=163, em=0 (163)
(35,17): ee=162, em=0 (162)
(35,18): ee=160, em=-2 (161)
(35,19): ee=160, em=-3 (161)
(35,20): ee=164, em=0 (164)
(35,21): ee=168, em=3 (168)
(35,22): ee=169, em=3 (169)
(35,23): ee=166, em=0 (166)
(35,24): ee=165, em=0 (165)
(35,25): ee=164, em=0 (164)
(35,26): ee=161, em=-1 (162)
(35,27): ee=160, em=-2 (161)
(35,28): ee=159, em=-5 (160)
(35,29): ee=160, em=-4 (161)
(35,30): ee=168, em=8 (167)
(35,31): ee=169, em=32 (169)
(35,32): ee=157, em=42 (157)
(35,33): ee=92, em=6 (92)
(35,34): ee=0, em=-109 (4)
(35,35): ee=0, em=-107 (2)
(35,36): ee=155, em=31 (152)
(35,37): ee=255, em=99 (230)
(35,38): ee=255, em=70 (246)
(35,39): ee=247, em=39 (247)
(35,40): ee=247, em=37 (247)
(35,41): ee=247, em=42 (247)
(35,42): ee=246, em=42 (246)
(35,43): ee=245, em=47 (245)
(35,44): ee=245, em=46 (245)
(35,45): ee=243, em=56 (243)
(35,46): ee=244, em=49 (244)
(35,47): ee=229, em=51 (229)
(35,48): ee=223, em=40 (223)
(35,49): ee=189, em=19 (187)
(35,50): ee=154, em=-7 (155)
(35,51): ee=119, em=-42 (119)
(35,52): ee=0, em=-157 (7)
(35,53): ee=4, em=-113 (61)
(35,54): ee=118, em=-47 (118)
(35,55): ee=204, em=19 (202)
(35,56): ee=250, em=61 (250)
(35,57): ee=250, em=37 (250)
(35,58): ee=252, em=23 (250)
(35,59): ee=251, em=13 (250)
(35,60): ee=250, em=6 (250)
(35,61): ee=250, em=3 (250)
(35,62): ee=250, em=0 (250)
(35,63): ee=250, em=0 (250)
(35,64): ee=250, em=0 (250)
(35,65): ee=250, em=1 (250)
(35,66): ee=250, em=3 (250)
(35,67): ee=250, em=2 (250)
(35,68): ee=248, em=5 (248)
(35,69): ee=250, em=4 (250)
(35,70): ee=249, em=7 (249)
(35,71): ee=250, em=3 (250)
(35,72): ee=248, em=3 (248)
(35,73): ee=250, em=1 (250)
(35,74): ee=250, em=1 (250)
(35,75): ee=250, em=0 (250)
(35,76): ee=250, em=0 (250)
(35,77): ee=250, em=0 (250)
(35,78): ee=250, em=1 (250)
(35,79): ee=250, em=6 (250)
(35,80): ee=250, em=16 (248)
(35,81): ee=240, em=20 (238)
(35,82): ee=207, em=1 (207)
(35,83): ee=171, em=-19 (174)
(35,84): ee=163, em=-15 (165)
(35,85): ee=164, em=-3 (165)
(35,86): ee=164, em=0 (164)
(35,87): ee=164, em=0 (164)
(35,88): ee=164, em=0 (164)
(35,89): ee=164, em=0 (164)
(35,90): ee=162, em=-2 (163)
(35,91): ee=161, em=-4 (162)
(35,92): ee=163, em=-5 (164)
(35,93): ee=166, em=0 (166)
(35,94): ee=167, em=7 (167)
(35,95): ee=165, em=53 (165)
(35,96): ee=140, em=39 (140)
(35,97): ee=39, em=-30 (43)
(35,98): ee=0, em=-101 (3)
(35,99): ee=82, em=17 (80)
(35,100): ee=203, em=82 (162)
(35,101): ee=179, em=67 (146)
(35,102): ee=77, em=-62 (77)
(35,103): ee=0, em=-124 (43)
(35,104): ee=143, em=-25 (147)
(35,105): ee=238, em=56 (238)
(35,106): ee=250, em=44 (250)
(35,107): ee=250, em=6 (250)
(35,108): ee=250, em=0 (250)
(35,109): ee=250, em=0 (250)
(35,110): ee=250, em=0 (250)
(35,111): ee=250, em=0 (250)
(35,112): ee=250, em=0 (250)
(35,113): ee=250, em=2 (250)
(35,114): ee=250, em=43 (250)
(35,115): ee=255, em=72 (237)
(35,116): ee=79, em=-79 (119)
(35,117): ee=0, em=-128 (58)
(35,118): ee=196, em=6 (196)
(35,119): ee=255, em=85 (250)
(35,120): ee=252, em=23 (250)
(35,121): ee=250, em=0 (250)
(35,122): ee=250, em=0 (250)
(35,123): ee=250, em=0 (250)
(35,124): ee=250, em=0 (250)
(35,125): ee=250, em=0 (250)
(35,126): ee=255, em=93 (250)
(35,127): ee=255, em=93 (250)
(36,0): ee=255, em=70 (221)
(36,1): ee=255, em=117 (245)
(36,2): ee=255, em=83 (248)
(36,3): ee=188, em=34 (188)
(36,4): ee=0, em=-159 (3)
(36,5): ee=0, em=-143 (5)
(36,6): ee=157, em=39 (157)
(36,7): ee=176, em=53 (176)
(36,8): ee=175, em=15 (174)
(36,9): ee=163, em=-2 (164)
(36,10): ee=163, em=-2 (164)
(36,11): ee=161, em=-1 (162)
(36,12): ee=163, em=0 (163)
(36,13): ee=161, em=-1 (162)
(36,14): ee=163, em=0 (163)
(36,15): ee=164, em=0 (164)
(36,16): ee=164, em=1 (164)
(36,17): ee=163, em=0 (163)
(36,18): ee=160, em=-3 (161)
(36,19): ee=162, em=-2 (163)
(36,20): ee=166, em=0 (166)
(36,21): ee=170, em=4 (170)
(36,22): ee=169, em=2 (169)
(36,23): ee=167, em=0 (167)
(36,24): ee=164, em=-1 (165)
(36,25): ee=165, em=0 (165)
(36,26): ee=164, em=0 (164)
(36,27): ee=163, em=0 (163)
(36,28): ee=161, em=-2 (162)
(36,29): ee=161, em=-2 (162)
(36,30): ee=165, em=0 (165)
(36,31): ee=170, em=12 (169)
(36,32): ee=178, em=39 (178)
(36,33): ee=163, em=56 (163)
(36,34): ee=114, em=8 (113)
(36,35): ee=0, em=-112 (4)
(36,36): ee=0, em=-104 (2)
(36,37): ee=141, em=33 (141)
(36,38): ee=161, em=51 (161)
(36,39): ee=209, em=64 (209)
(36,40): ee=252, em=76 (214)
(36,41): ee=197, em=40 (197)
(36,42): ee=188, em=31 (185)
(36,43): ee=169, em=6 (169)
(36,44): ee=169, em=2 (169)
(36,45): ee=137, em=-29 (141)
(36,46): ee=156, em=-19 (159)
(36,47): ee=102, em=-64 (102)
(36,48): ee=120, em=-56 (120)
(36,49): ee=35, em=-84 (77)
(36,50): ee=60, em=-68 (94)
(36,51): ee=111, em=-50 (111)
(36,52): ee=173, em=8 (172)
(36,53): ee=213, em=27 (210)
(36,54): ee=236, em=43 (236)
(36,55): ee=250, em=34 (250)
(36,56): ee=252, em=18 (250)
(36,57): ee=250, em=6 (250)
(36,58): ee=250, em=0 (250)
(36,59): ee=250, em=0 (250)
(36,60): ee=250, em=0 (250)
(36,61): ee=250, em=0 (250)
(36,62): ee=250, em=0 (250)
(36,63): ee=250, em=3 (250)
(36,64): ee=251, em=9 (250)
(36,65): ee=252, em=17 (250)
(36,66): ee=248, em=29 (245)
(36,67): ee=244, em=29 (241)
(36,68): ee=231, em=48 (231)
(36,69): ee=238, em=44 (238)
(36,70): ee=216, em=35 (216)
(36,71): ee=238, em=27 (235)
(36,72): ee=238, em=34 (238)
(36,73): ee=252, em=23 (250)
(36,74): ee=251, em=13 (250)
(36,75): ee=250, em=1 (250)
(36,76): ee=250, em=0 (250)
(36,77): ee=250, em=0 (250)
(36,78): ee=250, em=0 (250)
(36,79): ee=250, em=2 (250)
(36,80): ee=251, em=11 (250)
(36,81): ee=249, em=23 (247)
(36,82): ee=224, em=11 (223)
(36,83): ee=181, em=-16 (183)
(36,84): ee=167, em=-16 (169)
(36,85): ee=164, em=-6 (165)
(36,86): ee=161, em=-2 (162)
(36,87): ee=163, em=0 (163)
(36,88): ee=164, em=1 (164)
(36,89): ee=161, em=-1 (162)
(36,90): ee=162, em=-3 (163)
(36,91): ee=164, em=-3 (165)
(36,92): ee=177, em=10 (176)
(36,93): ee=186, em=32 (186)
(36,94): ee=184, em=49 (184)
(36,95): ee=163, em=58 (163)
(36,96): ee=106, em=23 (104)
(36,97): ee=0, em=-73 (4)
(36,98): ee=0, em=-79 (3)
(36,99): ee=0, em=-79 (5)
(36,100): ee=91, em=-3 (92)
(36,101): ee=91, em=-26 (95)
(36,102): ee=117, em=-49 (117)
(36,103): ee=195, em=17 (193)
(36,104): ee=246, em=54 (246)
(36,105): ee=248, em=40 (248)
(36,106): ee=252, em=19 (250)
(36,107): ee=250, em=7 (250)
(36,108): ee=250, em=1 (250)
(36,109): ee=250, em=0 (250)
(36,110): ee=250, em=0 (250)
(36,111): ee=250, em=0 (250)
(36,112): ee=250, em=0 (250)
(36,113): ee=250, em=3 (250)
(36,114): ee=250, em=47 (250)
(36,115): ee=255, em=79 (247)
(36,116): ee=138, em=-55 (138)
(36,117): ee=0, em=-191 (6)
(36,118): ee=171, em=-16 (173)
(36,119): ee=255, em=79 (250)
(36,120): ee=252, em=23 (250)
(36,121): ee=250, em=0 (250)
(36,122): ee=250, em=0 (250)
(36,123): ee=250, em=0 (250)
(36,124): ee=250, em=0 (250)
(36,125): ee=250, em=0 (250)
(36,126): ee=255, em=93 (250)
(36,127): ee=255, em=93 (250)
(37,0): ee=255, em=90 (239)
(37,1): ee=255, em=105 (250)
(37,2): ee=250, em=61 (250)
(37,3): ee=255, em=75 (231)
(37,4): ee=135, em=-14 (137)
(37,5): ee=0, em=-110 (39)
(37,6): ee=99, em=-25 (103)
(37,7): ee=169, em=57 (169)
(37,8): ee=176, em=37 (176)
(37,9): ee=165, em=0 (165)
(37,10): ee=163, em=-4 (164)
(37,11): ee=164, em=0 (164)
(37,12): ee=164, em=0 (164)
(37,13): ee=164, em=0 (164)
(37,14): ee=164, em=0 (164)
(37,15): ee=165, em=1 (165)
(37,16): ee=165, em=1 (165)
(37,17): ee=164, em=0 (164)
(37,18): ee=164, em=0 (164)
(37,19): ee=163, em=-1 (164)
(37,20): ee=165, em=0 (165)
(37,21): ee=168, em=1 (168)
(37,22): ee=169, em=2 (169)
(37,23): ee=168, em=0 (168)
(37,24): ee=166, em=0 (166)
(37,25): ee=166, em=0 (166)
(37,26): ee=166, em=1 (166)
(37,27): ee=165, em=0 (165)
(37,28): ee=164, em=0 (164)
(37,29): ee=163, em=-1 (164)
(37,30): ee=164, em=-1 (165)
(37,31): ee=167, em=1 (167)
(37,32): ee=170, em=8 (169)
(37,33): ee=171, em=48 (171)
(37,34): ee=166, em=64 (166)
(37,35): ee=75, em=-35 (75)
(37,36): ee=0, em=-91 (5)
(37,37): ee=58, em=-37 (58)
(37,38): ee=0, em=-73 (5)
(37,39): ee=0, em=-82 (39)
(37,40): ee=0, em=-113 (4)
(37,41): ee=0, em=-141 (1)
(37,42): ee=0, em=-129 (3)
(37,43): ee=99, em=-39 (99)
(37,44): ee=97, em=-46 (97)
(37,45): ee=123, em=-21 (126)
(37,46): ee=155, em=0 (155)
(37,47): ee=151, em=6 (151)
(37,48): ee=179, em=15 (178)
(37,49): ee=178, em=18 (176)
(37,50): ee=203, em=18 (201)
(37,51): ee=218, em=27 (215)
(37,52): ee=247, em=38 (247)
(37,53): ee=253, em=28 (250)
(37,54): ee=251, em=11 (250)
(37,55): ee=250, em=5 (250)
(37,56): ee=250, em=1 (250)
(37,57): ee=250, em=0 (250)
(37,58): ee=250, em=0 (250)
(37,59): ee=250, em=0 (250)
(37,60): ee=250, em=0 (250)
(37,61): ee=250, em=1 (250)
(37,62): ee=251, em=11 (250)
(37,63): ee=253, em=29 (250)
(37,64): ee=248, em=49 (248)
(37,65): ee=226, em=48 (226)
(37,66): ee=183, em=32 (183)
(37,67): ee=141, em=3 (141)
(37,68): ee=66, em=-44 (66)
(37,69): ee=85, em=-30 (89)
(37,70): ee=0, em=-128 (4)
(37,71): ee=59, em=-68 (93)
(37,72): ee=158, em=-9 (160)
(37,73): ee=238, em=41 (238)
(37,74): ee=253, em=26 (250)
(37,75): ee=250, em=2 (250)
(37,76): ee=250, em=0 (250)
(37,77): ee=250, em=0 (250)
(37,78): ee=250, em=0 (250)
(37,79): ee=250, em=0 (250)
(37,80): ee=251, em=8 (250)
(37,81): ee=250, em=22 (248)
(37,82): ee=235, em=18 (233)
(37,83): ee=190, em=-9 (192)
(37,84): ee=165, em=-23 (168)
(37,85): ee=162, em=-11 (164)
(37,86): ee=163, em=-4 (164)
(37,87): ee=163, em=-2 (164)
(37,88): ee=159, em=-6 (160)
(37,89): ee=160, em=-4 (161)
(37,90): ee=159, em=-4 (160)
(37,91): ee=166, em=8 (165)
(37,92): ee=181, em=39 (181)
(37,93): ee=178, em=56 (178)
(37,94): ee=142, em=43 (142)
(37,95): ee=58, em=-19 (61)
(37,96): ee=5, em=-50 (5)
(37,97): ee=32, em=-21 (35)
(37,98): ee=0, em=-67 (2)
(37,99): ee=68, em=-15 (70)
(37,100): ee=153, em=48 (153)
(37,101): ee=233, em=67 (200)
(37,102): ee=255, em=87 (244)
(37,103): ee=255, em=69 (233)
(37,104): ee=217, em=27 (214)
(37,105): ee=202, em=4 (202)
(37,106): ee=240, em=26 (237)
(37,107): ee=250, em=34 (250)
(37,108): ee=251, em=12 (250)
(37,109): ee=250, em=1 (250)
(37,110): ee=250, em=0 (250)
(37,111): ee=250, em=0 (250)
(37,112): ee=250, em=0 (250)
(37,113): ee=250, em=2 (250)
(37,114): ee=250, em=45 (250)
(37,115): ee=255, em=72 (236)
(37,116): ee=77, em=-80 (117)
(37,117): ee=0, em=-133 (53)
(37,118): ee=192, em=3 (192)
(37,119): ee=255, em=85 (250)
(37,120): ee=252, em=23 (250)
(37,121): ee=250, em=0 (250)
(37,122): ee=250, em=0 (250)
(37,123): ee=250, em=0 (250)
(37,124): ee=250, em=0 (250)
(37,125): ee=250, em=0 (250)
(37,126): ee=255, em=93 (250)
(37,127): ee=255, em=93 (250)
(38,0): ee=251, em=65 (219)
(38,1): ee=255, em=94 (248)
(38,2): ee=253, em=29 (250)
(38,3): ee=255, em=66 (248)
(38,4): ee=194, em=39 (194)
(38,5): ee=0, em=-149 (22)
(38,6): ee=0, em=-144 (5)
(38,7): ee=160, em=34 (160)
(38,8): ee=180, em=61 (180)
(38,9): ee=165, em=6 (165)
(38,10): ee=164, em=-3 (165)
(38,11): ee=164, em=0 (164)
(38,12): ee=164, em=0 (164)
(38,13): ee=164, em=0 (164)
(38,14): ee=165, em=0 (165)
(38,15): ee=165, em=0 (165)
(38,16): ee=166, em=1 (166)
(38,17): ee=165, em=0 (165)
(38,18): ee=164, em=0 (164)
(38,19): ee=163, em=-1 (164)
(38,20): ee=164, em=-1 (165)
(38,21): ee=167, em=0 (167)
(38,22): ee=169, em=2 (169)
(38,23): ee=168, em=1 (168)
(38,24): ee=167, em=0 (167)
(38,25): ee=166, em=0 (166)
(38,26): ee=165, em=0 (165)
(38,27): ee=165, em=0 (165)
(38,28): ee=164, em=0 (164)
(38,29): ee=164, em=0 (164)
(38,30): ee=165, em=0 (165)
(38,31): ee=165, em=0 (165)
(38,32): ee=166, em=0 (166)
(38,33): ee=168, em=29 (165)
(38,34): ee=170, em=63 (170)
(38,35): ee=73, em=-44 (73)
(38,36): ee=0, em=-97 (7)
(38,37): ee=106, em=13 (105)
(38,38): ee=199, em=96 (151)
(38,39): ee=124, em=25 (121)
(38,40): ee=78, em=-17 (81)
(38,41): ee=139, em=21 (137)
(38,42): ee=140, em=35 (140)
(38,43): ee=169, em=40 (169)
(38,44): ee=166, em=34 (166)
(38,45): ee=172, em=18 (170)
(38,46): ee=172, em=12 (171)
(38,47): ee=176, em=11 (175)
(38,48): ee=185, em=4 (185)
(38,49): ee=185, em=-5 (186)
(38,50): ee=215, em=6 (215)
(38,51): ee=242, em=23 (240)
(38,52): ee=252, em=17 (250)
(38,53): ee=250, em=7 (250)
(38,54): ee=250, em=0 (250)
(38,55): ee=250, em=0 (250)
(38,56): ee=250, em=0 (250)
(38,57): ee=250, em=0 (250)
(38,58): ee=250, em=0 (250)
(38,59): ee=250, em=0 (250)
(38,60): ee=250, em=0 (250)
(38,61): ee=250, em=2 (250)
(38,62): ee=252, em=23 (250)
(38,63): ee=241, em=42 (241)
(38,64): ee=161, em=-5 (162)
(38,65): ee=0, em=-103 (49)
(38,66): ee=0, em=-100 (2)
(38,67): ee=0, em=-80 (2)
(38,68): ee=0, em=-29 (3)
(38,69): ee=0, em=-68 (3)
(38,70): ee=0, em=-73 (2)
(38,71): ee=0, em=-136 (2)
(38,72): ee=143, em=0 (143)
(38,73): ee=240, em=53 (240)
(38,74): ee=253, em=27 (250)
(38,75): ee=250, em=2 (250)
(38,76): ee=250, em=0 (250)
(38,77): ee=250, em=0 (250)
(38,78): ee=250, em=0 (250)
(38,79): ee=250, em=0 (250)
(38,80): ee=251, em=8 (250)
(38,81): ee=250, em=22 (248)
(38,82): ee=229, em=13 (228)
(38,83): ee=185, em=-16 (187)
(38,84): ee=174, em=-16 (176)
(38,85): ee=173, em=0 (173)
(38,86): ee=177, em=10 (176)
(38,87): ee=177, em=16 (175)
(38,88): ee=176, em=20 (174)
(38,89): ee=174, em=27 (171)
(38,90): ee=169, em=40 (169)
(38,91): ee=155, em=34 (155)
(38,92): ee=135, em=30 (132)
(38,93): ee=69, em=-23 (72)
(38,94): ee=0, em=-69 (5)
(38,95): ee=5, em=-63 (5)
(38,96): ee=0, em=-32 (4)
(38,97): ee=3, em=-61 (3)
(38,98): ee=2, em=-52 (2)
(38,99): ee=138, em=56 (138)
(38,100): ee=255, em=121 (196)
(38,101): ee=243, em=85 (201)
(38,102): ee=177, em=57 (177)
(38,103): ee=127, em=-2 (128)
(38,104): ee=7, em=-100 (57)
(38,105): ee=0, em=-137 (39)
(38,106): ee=163, em=-18 (166)
(38,107): ee=239, em=47 (239)
(38,108): ee=253, em=26 (250)
(38,109): ee=250, em=3 (250)
(38,110): ee=250, em=0 (250)
(38,111): ee=250, em=0 (250)
(38,112): ee=250, em=0 (250)
(38,113): ee=250, em=6 (250)
(38,114): ee=250, em=54 (250)
(38,115): ee=255, em=74 (244)
(38,116): ee=133, em=-58 (133)
(38,117): ee=0, em=-193 (6)
(38,118): ee=196, em=11 (195)
(38,119): ee=255, em=74 (250)
(38,120): ee=252, em=18 (250)
(38,121): ee=250, em=0 (250)
(38,122): ee=250, em=0 (250)
(38,123): ee=250, em=0 (250)
(38,124): ee=250, em=0 (250)
(38,125): ee=250, em=0 (250)
(38,126): ee=255, em=93 (250)
(38,127): ee=255, em=93 (250)
(39,0): ee=255, em=90 (239)
(39,1): ee=255, em=94 (250)
(39,2): ee=252, em=17 (250)
(39,3): ee=250, em=42 (250)
(39,4): ee=255, em=76 (234)
(39,5): ee=163, em=3 (163)
(39,6): ee=0, em=-149 (5)
(39,7): ee=109, em=-23 (112)
(39,8): ee=168, em=56 (168)
(39,9): ee=169, em=27 (166)
(39,10): ee=166, em=0 (166)
(39,11): ee=165, em=0 (165)
(39,12): ee=165, em=0 (165)
(39,13): ee=164, em=0 (164)
(39,14): ee=163, em=-1 (164)
(39,15): ee=165, em=0 (165)
(39,16): ee=165, em=0 (165)
(39,17): ee=165, em=0 (165)
(39,18): ee=164, em=0 (164)
(39,19): ee=163, em=-1 (164)
(39,20): ee=165, em=0 (165)
(39,21): ee=167, em=1 (167)
(39,22): ee=169, em=2 (169)
(39,23): ee=168, em=1 (168)
(39,24): ee=166, em=0 (166)
(39,25): ee=166, em=0 (166)
(39,26): ee=165, em=0 (165)
(39,27): ee=165, em=0 (165)
(39,28): ee=164, em=0 (164)
(39,29): ee=164, em=0 (164)
(39,30): ee=164, em=0 (164)
(39,31): ee=164, em=0 (164)
(39,32): ee=164, em=-1 (165)
(39,33): ee=165, em=18 (163)
(39,34): ee=168, em=60 (168)
(39,35): ee=106, em=-12 (108)
(39,36): ee=0, em=-118 (7)
(39,37): ee=90, em=-25 (94)
(39,38): ee=197, em=68 (163)
(39,39): ee=165, em=38 (165)
(39,40): ee=164, em=12 (163)
(39,41): ee=163, em=5 (163)
(39,42): ee=163, em=9 (162)
(39,43): ee=165, em=2 (165)
(39,44): ee=159, em=-2 (160)
(39,45): ee=163, em=-3 (164)
(39,46): ee=162, em=-4 (163)
(39,47): ee=165, em=-4 (166)
(39,48): ee=163, em=-16 (165)
(39,49): ee=165, em=-27 (169)
(39,50): ee=193, em=-13 (195)
(39,51): ee=239, em=18 (237)
(39,52): ee=252, em=19 (250)
(39,53): ee=250, em=4 (250)
(39,54): ee=250, em=0 (250)
(39,55): ee=250, em=0 (250)
(39,56): ee=250, em=0 (250)
(39,57): ee=250, em=0 (250)
(39,58): ee=250, em=0 (250)
(39,59): ee=250, em=0 (250)
(39,60): ee=250, em=0 (250)
(39,61): ee=250, em=2 (250)
(39,62): ee=253, em=25 (250)
(39,63): ee=237, em=38 (237)
(39,64): ee=147, em=-20 (150)
(39,65): ee=29, em=-87 (73)
(39,66): ee=0, em=-118 (3)
(39,67): ee=50, em=-54 (50)
(39,68): ee=0, em=-79 (2)
(39,69): ee=0, em=-82 (32)
(39,70): ee=0, em=-131 (1)
(39,71): ee=162, em=6 (162)
(39,72): ee=226, em=55 (226)
(39,73): ee=249, em=43 (249)
(39,74): ee=252, em=16 (250)
(39,75): ee=250, em=1 (250)
(39,76): ee=250, em=0 (250)
(39,77): ee=250, em=0 (250)
(39,78): ee=250, em=0 (250)
(39,79): ee=250, em=1 (250)
(39,80): ee=251, em=12 (250)
(39,81): ee=250, em=24 (247)
(39,82): ee=224, em=14 (223)
(39,83): ee=182, em=-9 (184)
(39,84): ee=169, em=2 (169)
(39,85): ee=173, em=25 (170)
(39,86): ee=177, em=53 (177)
(39,87): ee=155, em=28 (152)
(39,88): ee=137, em=37 (137)
(39,89): ee=117, em=16 (115)
(39,90): ee=84, em=5 (84)
(39,91): ee=60, em=-38 (60)
(39,92): ee=0, em=-79 (3)
(39,93): ee=42, em=-50 (42)
(39,94): ee=64, em=-8 (65)
(39,95): ee=102, em=15 (101)
(39,96): ee=66, em=-7 (67)
(39,97): ee=56, em=-39 (56)
(39,98): ee=0, em=-80 (4)
(39,99): ee=51, em=-54 (51)
(39,100): ee=0, em=-88 (7)
(39,101): ee=0, em=-87 (38)
(39,102): ee=0, em=-103 (7)
(39,103): ee=64, em=-28 (68)
(39,104): ee=82, em=-33 (82)
(39,105): ee=19, em=-82 (60)
(39,106): ee=132, em=-25 (136)
(39,107): ee=255, em=67 (235)
(39,108): ee=250, em=43 (250)
(39,109): ee=250, em=3 (250)
(39,110): ee=250, em=0 (250)
(39,111): ee=250, em=0 (250)
(39,112): ee=250, em=0 (250)
(39,113): ee=251, em=15 (250)
(39,114): ee=255, em=68 (250)
(39,115): ee=215, em=38 (215)
(39,116): ee=5, em=-123 (67)
(39,117): ee=50, em=-94 (97)
(39,118): ee=212, em=38 (212)
(39,119): ee=250, em=62 (250)
(39,120): ee=251, em=13 (250)
(39,121): ee=250, em=0 (250)
(39,122): ee=250, em=0 (250)
(39,123): ee=250, em=0 (250)
(39,124): ee=250, em=0 (250)
(39,125): ee=250, em=0 (250)
(39,126): ee=255, em=93 (250)
(39,127): ee=255, em=93 (250)
(40,0): ee=254, em=67 (221)
(40,1): ee=255, em=90 (247)
(40,2): ee=251, em=8 (250)
(40,3): ee=251, em=13 (250)
(40,4): ee=255, em=65 (250)
(40,5): ee=231, em=63 (231)
(40,6): ee=0, em=-116 (53)
(40,7): ee=0, em=-157 (7)
(40,8): ee=156, em=24 (153)
(40,9): ee=167, em=41 (167)
(40,10): ee=170, em=11 (169)
(40,11): ee=165, em=0 (165)
(40,12): ee=164, em=-1 (165)
(40,13): ee=165, em=0 (165)
(40,14): ee=165, em=0 (165)
(40,15): ee=166, em=0 (166)
(40,16): ee=165, em=0 (165)
(40,17): ee=165, em=0 (165)
(40,18): ee=164, em=0 (164)
(40,19): ee=162, em=-2 (163)
(40,20): ee=165, em=0 (165)
(40,21): ee=166, em=0 (166)
(40,22): ee=167, em=1 (167)
(40,23): ee=168, em=1 (168)
(40,24): ee=167, em=0 (167)
(40,25): ee=167, em=0 (167)
(40,26): ee=166, em=0 (166)
(40,27): ee=165, em=0 (165)
(40,28): ee=162, em=-1 (163)
(40,29): ee=162, em=-1 (163)
(40,30): ee=164, em=0 (164)
(40,31): ee=163, em=0 (163)
(40,32): ee=163, em=-2 (164)
(40,33): ee=161, em=5 (161)
(40,34): ee=173, em=58 (173)
(40,35): ee=154, em=40 (154)
(40,36): ee=0, em=-123 (6)
(40,37): ee=10, em=-80 (50)
(40,38): ee=164, em=53 (164)
(40,39): ee=176, em=52 (176)
(40,40): ee=179, em=17 (177)
(40,41): ee=167, em=0 (167)
(40,42): ee=167, em=0 (167)
(40,43): ee=162, em=-1 (163)
(40,44): ee=164, em=1 (164)
(40,45): ee=164, em=0 (164)
(40,46): ee=164, em=0 (164)
(40,47): ee=165, em=0 (165)
(40,48): ee=164, em=-8 (165)
(40,49): ee=164, em=-23 (167)
(40,50): ee=189, em=-10 (191)
(40,51): ee=236, em=20 (234)
(40,52): ee=248, em=19 (246)
(40,53): ee=250, em=7 (250)
(40,54): ee=250, em=1 (250)
(40,55): ee=250, em=0 (250)
(40,56): ee=250, em=0 (250)
(40,57): ee=250, em=0 (250)
(40,58): ee=250, em=0 (250)
(40,59): ee=250, em=0 (250)
(40,60): ee=250, em=0 (250)
(40,61): ee=250, em=1 (250)
(40,62): ee=251, em=14 (250)
(40,63): ee=253, em=26 (250)
(40,64): ee=235, em=33 (235)
(40,65): ee=231, em=30 (228)
(40,66): ee=212, em=44 (212)
(40,67): ee=225, em=55 (225)
(40,68): ee=208, em=60 (208)
(40,69): ee=225, em=42 (225)
(40,70): ee=223, em=45 (223)
(40,71): ee=243, em=34 (243)
(40,72): ee=249, em=37 (249)
(40,73): ee=251, em=12 (250)
(40,74): ee=250, em=3 (250)
(40,75): ee=250, em=1 (250)
(40,76): ee=250, em=1 (250)
(40,77): ee=250, em=6 (250)
(40,78): ee=251, em=8 (250)
(40,79): ee=252, em=18 (250)
(40,80): ee=249, em=31 (246)
(40,81): ee=243, em=48 (243)
(40,82): ee=203, em=35 (203)
(40,83): ee=170, em=11 (169)
(40,84): ee=147, em=35 (147)
(40,85): ee=113, em=-2 (114)
(40,86): ee=0, em=-98 (4)
(40,87): ee=0, em=-120 (4)
(40,88): ee=0, em=-91 (4)
(40,89): ee=60, em=-25 (64)
(40,90): ee=0, em=-67 (6)
(40,91): ee=0, em=-103 (4)
(40,92): ee=0, em=-88 (2)
(40,93): ee=198, em=69 (164)
(40,94): ee=255, em=116 (200)
(40,95): ee=179, em=52 (179)
(40,96): ee=173, em=48 (173)
(40,97): ee=164, em=38 (164)
(40,98): ee=145, em=41 (145)
(40,99): ee=120, em=3 (120)
(40,100): ee=80, em=-19 (83)
(40,101): ee=124, em=6 (124)
(40,102): ee=148, em=62 (148)
(40,103): ee=218, em=89 (174)
(40,104): ee=137, em=27 (134)
(40,105): ee=0, em=-147 (7)
(40,106): ee=100, em=-62 (100)
(40,107): ee=255, em=78 (247)
(40,108): ee=250, em=42 (250)
(40,109): ee=250, em=2 (250)
(40,110): ee=250, em=0 (250)
(40,111): ee=250, em=0 (250)
(40,112): ee=250, em=5 (250)
(40,113): ee=250, em=33 (250)
(40,114): ee=255, em=80 (247)
(40,115): ee=167, em=-19 (170)
(40,116): ee=0, em=-185 (5)
(40,117): ee=148, em=-43 (148)
(40,118): ee=255, em=67 (235)
(40,119): ee=250, em=37 (250)
(40,120): ee=250, em=6 (250)
(40,121): ee=250, em=0 (250)
(40,122): ee=250, em=0 (250)
(40,123): ee=250, em=0 (250)
(40,124): ee=250, em=0 (250)
(40,125): ee=250, em=0 (250)
(40,126): ee=255, em=93 (250)
(40,127): ee=255, em=93 (250)
(41,0): ee=255, em=90 (239)
(41,1): ee=255, em=94 (250)
(41,2): ee=251, em=8 (250)
(41,3): ee=250, em=3 (250)
(41,4): ee=250, em=35 (250)
(41,5): ee=255, em=77 (248)
(41,6): ee=190, em=25 (187)
(41,7): ee=7, em=-104 (59)
(41,8): ee=106, em=-36 (106)
(41,9): ee=166, em=45 (166)
(41,10): ee=172, em=34 (172)
(41,11): ee=166, em=0 (166)
(41,12): ee=163, em=-4 (164)
(41,13): ee=165, em=0 (165)
(41,14): ee=166, em=0 (166)
(41,15): ee=166, em=0 (166)
(41,16): ee=166, em=0 (166)
(41,17): ee=166, em=0 (166)
(41,18): ee=165, em=0 (165)
(41,19): ee=163, em=-1 (164)
(41,20): ee=163, em=-1 (164)
(41,21): ee=165, em=0 (165)
(41,22): ee=165, em=0 (165)
(41,23): ee=166, em=0 (166)
(41,24): ee=166, em=0 (166)
(41,25): ee=167, em=1 (167)
(41,26): ee=167, em=1 (167)
(41,27): ee=165, em=0 (165)
(41,28): ee=164, em=0 (164)
(41,29): ee=163, em=0 (163)
(41,30): ee=163, em=0 (163)
(41,31): ee=163, em=0 (163)
(41,32): ee=163, em=-2 (164)
(41,33): ee=164, em=2 (164)
(41,34): ee=174, em=45 (174)
(41,35): ee=162, em=53 (162)
(41,36): ee=71, em=-44 (71)
(41,37): ee=0, em=-125 (7)
(41,38): ee=119, em=7 (119)
(41,39): ee=175, em=62 (175)
(41,40): ee=177, em=34 (177)
(41,41): ee=163, em=-3 (164)
(41,42): ee=162, em=-6 (163)
(41,43): ee=164, em=0 (164)
(41,44): ee=163, em=0 (163)
(41,45): ee=161, em=-1 (162)
(41,46): ee=161, em=-2 (162)
(41,47): ee=164, em=0 (164)
(41,48): ee=163, em=-6 (164)
(41,49): ee=165, em=-16 (167)
(41,50): ee=181, em=-13 (183)
(41,51): ee=222, em=12 (221)
(41,52): ee=246, em=23 (244)
(41,53): ee=250, em=12 (249)
(41,54): ee=250, em=4 (250)
(41,55): ee=250, em=0 (250)
(41,56): ee=250, em=0 (250)
(41,57): ee=250, em=0 (250)
(41,58): ee=250, em=0 (250)
(41,59): ee=250, em=0 (250)
(41,60): ee=250, em=0 (250)
(41,61): ee=250, em=0 (250)
(41,62): ee=250, em=1 (250)
(41,63): ee=250, em=2 (250)
(41,64): ee=250, em=6 (250)
(41,65): ee=250, em=6 (250)
(41,66): ee=249, em=11 (248)
(41,67): ee=250, em=10 (249)
(41,68): ee=246, em=14 (245)
(41,69): ee=249, em=11 (248)
(41,70): ee=245, em=15 (244)
(41,71): ee=251, em=20 (249)
(41,72): ee=252, em=31 (249)
(41,73): ee=250, em=35 (250)
(41,74): ee=250, em=37 (250)
(41,75): ee=248, em=46 (248)
(41,76): ee=249, em=44 (249)
(41,77): ee=241, em=54 (241)
(41,78): ee=240, em=38 (240)
(41,79): ee=210, em=27 (207)
(41,80): ee=196, em=15 (195)
(41,81): ee=168, em=9 (167)
(41,82): ee=107, em=-45 (107)
(41,83): ee=49, em=-66 (82)
(41,84): ee=0, em=-115 (6)
(41,85): ee=18, em=-76 (56)
(41,86): ee=0, em=-115 (5)
(41,87): ee=114, em=-24 (117)
(41,88): ee=211, em=66 (178)
(41,89): ee=254, em=92 (208)
(41,90): ee=206, em=71 (171)
(41,91): ee=14, em=-84 (56)
(41,92): ee=0, em=-118 (5)
(41,93): ee=152, em=28 (149)
(41,94): ee=228, em=83 (187)
(41,95): ee=172, em=24 (169)
(41,96): ee=169, em=17 (167)
(41,97): ee=167, em=15 (166)
(41,98): ee=163, em=15 (162)
(41,99): ee=165, em=14 (164)
(41,100): ee=169, em=23 (167)
(41,101): ee=173, em=35 (173)
(41,102): ee=220, em=78 (181)
(41,103): ee=155, em=40 (155)
(41,104): ee=0, em=-110 (25)
(41,105): ee=0, em=-116 (49)
(41,106): ee=174, em=15 (173)
(41,107): ee=249, em=61 (249)
(41,108): ee=253, em=28 (250)
(41,109): ee=250, em=0 (250)
(41,110): ee=250, em=0 (250)
(41,111): ee=250, em=0 (250)
(41,112): ee=252, em=17 (250)
(41,113): ee=250, em=59 (250)
(41,114): ee=207, em=38 (207)
(41,115): ee=55, em=-90 (100)
(41,116): ee=0, em=-128 (57)
(41,117): ee=206, em=25 (203)
(41,118): ee=255, em=69 (249)
(41,119): ee=252, em=19 (250)
(41,120): ee=250, em=2 (250)
(41,121): ee=250, em=0 (250)
(41,122): ee=250, em=0 (250)
(41,123): ee=250, em=0 (250)
(41,124): ee=250, em=0 (250)
(41,125): ee=250, em=0 (250)
(41,126): ee=255, em=93 (250)
(41,127): ee=255, em=93 (250)
(42,0): ee=251, em=65 (219)
(42,1): ee=255, em=91 (248)
(42,2): ee=250, em=6 (250)
(42,3): ee=250, em=0 (250)
(42,4): ee=251, em=13 (250)
(42,5): ee=250, em=59 (250)
(42,6): ee=224, em=63 (224)
(42,7): ee=10, em=-113 (67)
(42,8): ee=0, em=-154 (5)
(42,9): ee=171, em=31 (168)
(42,10): ee=176, em=56 (176)
(42,11): ee=167, em=3 (167)
(42,12): ee=164, em=-4 (165)
(42,13): ee=164, em=-1 (165)
(42,14): ee=167, em=0 (167)
(42,15): ee=167, em=1 (167)
(42,16): ee=167, em=0 (167)
(42,17): ee=166, em=0 (166)
(42,18): ee=165, em=0 (165)
(42,19): ee=165, em=0 (165)
(42,20): ee=165, em=0 (165)
(42,21): ee=165, em=0 (165)
(42,22): ee=165, em=0 (165)
(42,23): ee=164, em=-1 (165)
(42,24): ee=166, em=0 (166)
(42,25): ee=166, em=0 (166)
(42,26): ee=166, em=0 (166)
(42,27): ee=165, em=0 (165)
(42,28): ee=164, em=0 (164)
(42,29): ee=161, em=-1 (162)
(42,30): ee=162, em=0 (162)
(42,31): ee=162, em=0 (162)
(42,32): ee=160, em=-3 (161)
(42,33): ee=160, em=-1 (161)
(42,34): ee=176, em=28 (173)
(42,35): ee=169, em=59 (169)
(42,36): ee=114, em=7 (114)
(42,37): ee=0, em=-122 (6)
(42,38): ee=0, em=-119 (4)
(42,39): ee=166, em=57 (166)
(42,40): ee=181, em=60 (181)
(42,41): ee=164, em=2 (164)
(42,42): ee=161, em=-7 (162)
(42,43): ee=164, em=0 (164)
(42,44): ee=164, em=0 (164)
(42,45): ee=163, em=0 (163)
(42,46): ee=164, em=0 (164)
(42,47): ee=163, em=0 (163)
(42,48): ee=163, em=-1 (164)
(42,49): ee=161, em=-11 (163)
(42,50): ee=170, em=-15 (172)
(42,51): ee=191, em=-8 (192)
(42,52): ee=226, em=12 (225)
(42,53): ee=248, em=19 (246)
(42,54): ee=251, em=11 (250)
(42,55): ee=250, em=3 (250)
(42,56): ee=250, em=0 (250)
(42,57): ee=250, em=0 (250)
(42,58): ee=250, em=0 (250)
(42,59): ee=250, em=0 (250)
(42,60): ee=250, em=0 (250)
(42,61): ee=250, em=0 (250)
(42,62): ee=250, em=0 (250)
(42,63): ee=250, em=0 (250)
(42,64): ee=250, em=1 (250)
(42,65): ee=250, em=7 (250)
(42,66): ee=251, em=14 (250)
(42,67): ee=252, em=24 (249)
(42,68): ee=241, em=39 (241)
(42,69): ee=236, em=37 (236)
(42,70): ee=215, em=47 (215)
(42,71): ee=213, em=40 (213)
(42,72): ee=195, em=59 (195)
(42,73): ee=162, em=3 (162)
(42,74): ee=112, em=-41 (112)
(42,75): ee=105, em=-59 (105)
(42,76): ee=147, em=-15 (149)
(42,77): ee=108, em=-58 (108)
(42,78): ee=139, em=-49 (139)
(42,79): ee=22, em=-104 (74)
(42,80): ee=134, em=-49 (134)
(42,81): ee=67, em=-67 (101)
(42,82): ee=121, em=-45 (121)
(42,83): ee=132, em=-31 (136)
(42,84): ee=167, em=15 (166)
(42,85): ee=203, em=28 (200)
(42,86): ee=218, em=49 (218)
(42,87): ee=235, em=37 (235)
(42,88): ee=241, em=45 (241)
(42,89): ee=249, em=54 (249)
(42,90): ee=255, em=65 (246)
(42,91): ee=196, em=14 (195)
(42,92): ee=115, em=-46 (115)
(42,93): ee=93, em=-59 (93)
(42,94): ee=62, em=-57 (62)
(42,95): ee=97, em=-29 (101)
(42,96): ee=100, em=-10 (102)
(42,97): ee=139, em=12 (138)
(42,98): ee=198, em=67 (165)
(42,99): ee=170, em=53 (170)
(42,100): ee=201, em=69 (167)
(42,101): ee=146, em=22 (144)
(42,102): ee=93, em=-1 (94)
(42,103): ee=1, em=-94 (48)
(42,104): ee=0, em=-145 (3)
(42,105): ee=196, em=19 (194)
(42,106): ee=255, em=72 (249)
(42,107): ee=250, em=32 (250)
(42,108): ee=251, em=9 (250)
(42,109): ee=250, em=0 (250)
(42,110): ee=250, em=0 (250)
(42,111): ee=250, em=5 (250)
(42,112): ee=250, em=37 (250)
(42,113): ee=255, em=72 (249)
(42,114): ee=149, em=-26 (153)
(42,115): ee=0, em=-192 (7)
(42,116): ee=136, em=-45 (136)
(42,117): ee=255, em=67 (243)
(42,118): ee=250, em=45 (250)
(42,119): ee=250, em=6 (250)
(42,120): ee=250, em=0 (250)
(42,121): ee=250, em=0 (250)
(42,122): ee=250, em=0 (250)
(42,123): ee=250, em=0 (250)
(42,124): ee=250, em=0 (250)
(42,125): ee=250, em=0 (250)
(42,126): ee=255, em=93 (250)
(42,127): ee=255, em=93 (250)
(43,0): ee=255, em=90 (239)
(43,1): ee=255, em=94 (250)
(43,2): ee=251, em=9 (250)
(43,3): ee=250, em=0 (250)
(43,4): ee=250, em=5 (250)
(43,5): ee=250, em=43 (250)
(43,6): ee=255, em=72 (235)
(43,7): ee=147, em=-32 (151)
(43,8): ee=0, em=-159 (4)
(43,9): ee=148, em=-3 (149)
(43,10): ee=173, em=56 (173)
(43,11): ee=167, em=4 (167)
(43,12): ee=165, em=-3 (166)
(43,13): ee=166, em=0 (166)
(43,14): ee=168, em=1 (168)
(43,15): ee=168, em=1 (168)
(43,16): ee=167, em=0 (167)
(43,17): ee=166, em=0 (166)
(43,18): ee=165, em=0 (165)
(43,19): ee=166, em=0 (166)
(43,20): ee=166, em=0 (166)
(43,21): ee=166, em=0 (166)
(43,22): ee=166, em=0 (166)
(43,23): ee=166, em=0 (166)
(43,24): ee=166, em=0 (166)
(43,25): ee=167, em=1 (167)
(43,26): ee=166, em=0 (166)
(43,27): ee=164, em=0 (164)
(43,28): ee=164, em=0 (164)
(43,29): ee=163, em=0 (163)
(43,30): ee=162, em=0 (162)
(43,31): ee=161, em=0 (161)
(43,32): ee=159, em=-2 (160)
(43,33): ee=157, em=-4 (158)
(43,34): ee=161, em=3 (161)
(43,35): ee=163, em=38 (163)
(43,36): ee=149, em=48 (149)
(43,37): ee=59, em=-64 (59)
(43,38): ee=0, em=-118 (4)
(43,39): ee=131, em=14 (130)
(43,40): ee=175, em=64 (175)
(43,41): ee=168, em=15 (167)
(43,42): ee=162, em=-9 (164)
(43,43): ee=162, em=-6 (163)
(43,44): ee=164, em=-6 (165)
(43,45): ee=164, em=-2 (165)
(43,46): ee=162, em=-5 (163)
(43,47): ee=162, em=-3 (163)
(43,48): ee=158, em=-9 (160)
(43,49): ee=158, em=-11 (160)
(43,50): ee=155, em=-24 (158)
(43,51): ee=164, em=-24 (167)
(43,52): ee=197, em=-5 (198)
(43,53): ee=232, em=16 (230)
(43,54): ee=246, em=20 (244)
(43,55): ee=252, em=16 (250)
(43,56): ee=252, em=16 (250)
(43,57): ee=251, em=13 (250)
(43,58): ee=252, em=20 (250)
(43,59): ee=252, em=19 (250)
(43,60): ee=252, em=24 (249)
(43,61): ee=252, em=25 (249)
(43,62): ee=252, em=26 (249)
(43,63): ee=252, em=30 (249)
(43,64): ee=251, em=26 (248)
(43,65): ee=246, em=40 (246)
(43,66): ee=245, em=40 (245)
(43,67): ee=201, em=14 (200)
(43,68): ee=156, em=-18 (159)
(43,69): ee=120, em=-47 (120)
(43,70): ee=0, em=-152 (6)
(43,71): ee=17, em=-92 (63)
(43,72): ee=0, em=-129 (3)
(43,73): ee=0, em=-102 (50)
(43,74): ee=0, em=-140 (8)
(43,75): ee=56, em=-68 (90)
(43,76): ee=126, em=-33 (126)
(43,77): ee=168, em=5 (168)
(43,78): ee=189, em=2 (189)
(43,79): ee=202, em=21 (200)
(43,80): ee=229, em=29 (226)
(43,81): ee=232, em=43 (232)
(43,82): ee=250, em=44 (250)
(43,83): ee=248, em=39 (248)
(43,84): ee=252, em=29 (249)
(43,85): ee=252, em=22 (250)
(43,86): ee=251, em=15 (250)
(43,87): ee=251, em=8 (250)
(43,88): ee=250, em=5 (250)
(43,89): ee=251, em=9 (250)
(43,90): ee=252, em=20 (250)
(43,91): ee=249, em=33 (249)
(43,92): ee=231, em=37 (231)
(43,93): ee=188, em=3 (188)
(43,94): ee=137, em=-12 (139)
(43,95): ee=113, em=-39 (113)
(43,96): ee=0, em=-121 (8)
(43,97): ee=0, em=-118 (31)
(43,98): ee=0, em=-110 (7)
(43,99): ee=88, em=-45 (88)
(43,100): ee=0, em=-112 (4)
(43,101): ee=0, em=-119 (30)
(43,102): ee=0, em=-134 (4)
(43,103): ee=145, em=-19 (148)
(43,104): ee=214, em=50 (214)
(43,105): ee=248, em=44 (248)
(43,106): ee=250, em=35 (250)
(43,107): ee=250, em=7 (250)
(43,108): ee=250, em=0 (250)
(43,109): ee=250, em=0 (250)
(43,110): ee=250, em=3 (250)
(43,111): ee=252, em=21 (250)
(43,112): ee=255, em=65 (250)
(43,113): ee=209, em=32 (209)
(43,114): ee=46, em=-91 (92)
(43,115): ee=46, em=-95 (94)
(43,116): ee=198, em=22 (196)
(43,117): ee=249, em=57 (249)
(43,118): ee=252, em=21 (250)
(43,119): ee=250, em=1 (250)
(43,120): ee=250, em=0 (250)
(43,121): ee=250, em=0 (250)
(43,122): ee=250, em=0 (250)
(43,123): ee=250, em=0 (250)
(43,124): ee=250, em=0 (250)
(43,125): ee=250, em=0 (250)
(43,126): ee=255, em=93 (250)
(43,127): ee=255, em=93 (250)
(44,0): ee=253, em=66 (220)
(44,1): ee=255, em=91 (248)
(44,2): ee=250, em=6 (250)
(44,3): ee=250, em=0 (250)
(44,4): ee=250, em=2 (250)
(44,5): ee=253, em=24 (250)
(44,6): ee=255, em=66 (245)
(44,7): ee=187, em=-7 (188)
(44,8): ee=28, em=-95 (76)
(44,9): ee=146, em=-20 (149)
(44,10): ee=175, em=44 (175)
(44,11): ee=166, em=4 (166)
(44,12): ee=167, em=-3 (168)
(44,13): ee=168, em=0 (168)
(44,14): ee=166, em=-1 (167)
(44,15): ee=167, em=0 (167)
(44,16): ee=167, em=0 (167)
(44,17): ee=164, em=-1 (165)
(44,18): ee=164, em=-1 (165)
(44,19): ee=163, em=-2 (164)
(44,20): ee=164, em=-1 (165)
(44,21): ee=166, em=0 (166)
(44,22): ee=167, em=0 (167)
(44,23): ee=168, em=1 (168)
(44,24): ee=167, em=0 (167)
(44,25): ee=166, em=0 (166)
(44,26): ee=165, em=0 (165)
(44,27): ee=164, em=0 (164)
(44,28): ee=163, em=0 (163)
(44,29): ee=162, em=0 (162)
(44,30): ee=162, em=0 (162)
(44,31): ee=161, em=0 (161)
(44,32): ee=159, em=-1 (160)
(44,33): ee=161, em=0 (161)
(44,34): ee=159, em=-3 (160)
(44,35): ee=164, em=18 (162)
(44,36): ee=217, em=72 (181)
(44,37): ee=122, em=4 (122)
(44,38): ee=0, em=-122 (7)
(44,39): ee=66, em=-61 (66)
(44,40): ee=167, em=52 (167)
(44,41): ee=178, em=42 (178)
(44,42): ee=194, em=22 (192)
(44,43): ee=178, em=7 (178)
(44,44): ee=181, em=6 (181)
(44,45): ee=179, em=13 (178)
(44,46): ee=179, em=9 (178)
(44,47): ee=170, em=7 (170)
(44,48): ee=173, em=5 (173)
(44,49): ee=174, em=10 (173)
(44,50): ee=184, em=11 (183)
(44,51): ee=177, em=4 (177)
(44,52): ee=187, em=3 (187)
(44,53): ee=194, em=7 (194)
(44,54): ee=213, em=26 (210)
(44,55): ee=230, em=39 (230)
(44,56): ee=219, em=48 (219)
(44,57): ee=220, em=32 (220)
(44,58): ee=198, em=45 (198)
(44,59): ee=196, em=13 (195)
(44,60): ee=170, em=11 (169)
(44,61): ee=177, em=-7 (178)
(44,62): ee=183, em=7 (183)
(44,63): ee=165, em=-29 (169)
(44,64): ee=174, em=-26 (178)
(44,65): ee=159, em=-39 (159)
(44,66): ee=169, em=-35 (169)
(44,67): ee=87, em=-67 (121)
(44,68): ee=141, em=-41 (141)
(44,69): ee=65, em=-72 (101)
(44,70): ee=148, em=-3 (149)
(44,71): ee=159, em=0 (159)
(44,72): ee=171, em=27 (168)
(44,73): ee=200, em=32 (200)
(44,74): ee=207, em=46 (207)
(44,75): ee=226, em=38 (226)
(44,76): ee=229, em=38 (229)
(44,77): ee=245, em=34 (245)
(44,78): ee=245, em=21 (243)
(44,79): ee=251, em=18 (249)
(44,80): ee=251, em=11 (250)
(44,81): ee=251, em=8 (250)
(44,82): ee=250, em=3 (250)
(44,83): ee=250, em=2 (250)
(44,84): ee=250, em=0 (250)
(44,85): ee=250, em=0 (250)
(44,86): ee=250, em=0 (250)
(44,87): ee=250, em=0 (250)
(44,88): ee=250, em=0 (250)
(44,89): ee=250, em=0 (250)
(44,90): ee=250, em=2 (250)
(44,91): ee=251, em=8 (250)
(44,92): ee=252, em=18 (250)
(44,93): ee=251, em=25 (248)
(44,94): ee=233, em=35 (233)
(44,95): ee=227, em=36 (227)
(44,96): ee=207, em=50 (207)
(44,97): ee=197, em=23 (195)
(44,98): ee=116, em=-23 (119)
(44,99): ee=167, em=6 (167)
(44,100): ee=170, em=31 (167)
(44,101): ee=192, em=13 (191)
(44,102): ee=208, em=31 (205)
(44,103): ee=237, em=34 (237)
(44,104): ee=250, em=40 (250)
(44,105): ee=251, em=14 (250)
(44,106): ee=250, em=4 (250)
(44,107): ee=250, em=0 (250)
(44,108): ee=250, em=0 (250)
(44,109): ee=250, em=5 (250)
(44,110): ee=252, em=21 (250)
(44,111): ee=250, em=51 (250)
(44,112): ee=223, em=52 (223)
(44,113): ee=123, em=-63 (123)
(44,114): ee=0, em=-182 (8)
(44,115): ee=187, em=3 (187)
(44,116): ee=255, em=67 (249)
(44,117): ee=253, em=28 (250)
(44,118): ee=250, em=6 (250)
(44,119): ee=250, em=0 (250)
(44,120): ee=250, em=0 (250)
(44,121): ee=250, em=0 (250)
(44,122): ee=250, em=0 (250)
(44,123): ee=250, em=0 (250)
(44,124): ee=250, em=0 (250)
(44,125): ee=250, em=0 (250)
(44,126): ee=255, em=93 (250)
(44,127): ee=255, em=93 (250)
(45,0): ee=255, em=90 (239)
(45,1): ee=255, em=94 (250)
(45,2): ee=251, em=9 (250)
(45,3): ee=250, em=0 (250)
(45,4): ee=250, em=0 (250)
(45,5): ee=251, em=13 (250)
(45,6): ee=250, em=56 (250)
(45,7): ee=217, em=15 (216)
(45,8): ee=72, em=-75 (110)
(45,9): ee=145, em=-36 (145)
(45,10): ee=183, em=31 (180)
(45,11): ee=175, em=12 (174)
(45,12): ee=169, em=-5 (170)
(45,13): ee=170, em=-1 (171)
(45,14): ee=169, em=-1 (170)
(45,15): ee=170, em=0 (170)
(45,16): ee=167, em=-1 (168)
(45,17): ee=167, em=-1 (168)
(45,18): ee=165, em=-2 (166)
(45,19): ee=165, em=-2 (166)
(45,20): ee=165, em=-2 (166)
(45,21): ee=168, em=0 (168)
(45,22): ee=169, em=1 (169)
(45,23): ee=171, em=3 (171)
(45,24): ee=168, em=1 (168)
(45,25): ee=166, em=0 (166)
(45,26): ee=164, em=0 (164)
(45,27): ee=163, em=0 (163)
(45,28): ee=162, em=0 (162)
(45,29): ee=162, em=0 (162)
(45,30): ee=161, em=0 (161)
(45,31): ee=161, em=0 (161)
(45,32): ee=161, em=0 (161)
(45,33): ee=160, em=-1 (161)
(45,34): ee=160, em=-6 (161)
(45,35): ee=163, em=5 (163)
(45,36): ee=177, em=56 (177)
(45,37): ee=160, em=48 (160)
(45,38): ee=53, em=-60 (53)
(45,39): ee=0, em=-79 (38)
(45,40): ee=132, em=38 (132)
(45,41): ee=205, em=77 (167)
(45,42): ee=186, em=63 (186)
(45,43): ee=177, em=58 (177)
(45,44): ee=187, em=58 (187)
(45,45): ee=166, em=59 (166)
(45,46): ee=165, em=49 (165)
(45,47): ee=140, em=30 (137)
(45,48): ee=155, em=28 (152)
(45,49): ee=158, em=43 (158)
(45,50): ee=179, em=43 (179)
(45,51): ee=166, em=38 (166)
(45,52): ee=168, em=9 (167)
(45,53): ee=129, em=-23 (132)
(45,54): ee=127, em=-30 (131)
(45,55): ee=137, em=-24 (140)
(45,56): ee=35, em=-81 (76)
(45,57): ee=73, em=-67 (107)
(45,58): ee=0, em=-148 (5)
(45,59): ee=22, em=-105 (75)
(45,60): ee=0, em=-155 (6)
(45,61): ee=127, em=-55 (127)
(45,62): ee=120, em=-54 (120)
(45,63): ee=165, em=-25 (169)
(45,64): ee=185, em=-12 (187)
(45,65): ee=208, em=8 (207)
(45,66): ee=233, em=23 (231)
(45,67): ee=230, em=32 (230)
(45,68): ee=248, em=36 (248)
(45,69): ee=242, em=40 (242)
(45,70): ee=249, em=35 (249)
(45,71): ee=249, em=36 (249)
(45,72): ee=252, em=27 (249)
(45,73): ee=252, em=20 (250)
(45,74): ee=252, em=18 (250)
(45,75): ee=251, em=9 (250)
(45,76): ee=251, em=8 (250)
(45,77): ee=250, em=3 (250)
(45,78): ee=250, em=3 (250)
(45,79): ee=250, em=0 (250)
(45,80): ee=250, em=0 (250)
(45,81): ee=250, em=0 (250)
(45,82): ee=250, em=0 (250)
(45,83): ee=250, em=0 (250)
(45,84): ee=250, em=0 (250)
(45,85): ee=250, em=0 (250)
(45,86): ee=250, em=0 (250)
(45,87): ee=250, em=0 (250)
(45,88): ee=250, em=0 (250)
(45,89): ee=250, em=0 (250)
(45,90): ee=250, em=0 (250)
(45,91): ee=250, em=0 (250)
(45,92): ee=250, em=2 (250)
(45,93): ee=250, em=3 (250)
(45,94): ee=249, em=6 (249)
(45,95): ee=251, em=10 (250)
(45,96): ee=251, em=23 (249)
(45,97): ee=252, em=20 (250)
(45,98): ee=250, em=32 (250)
(45,99): ee=251, em=23 (249)
(45,100): ee=252, em=31 (249)
(45,101): ee=252, em=19 (250)
(45,102): ee=252, em=16 (250)
(45,103): ee=251, em=9 (250)
(45,104): ee=250, em=5 (250)
(45,105): ee=250, em=1 (250)
(45,106): ee=250, em=0 (250)
(45,107): ee=250, em=0 (250)
(45,108): ee=250, em=5 (250)
(45,109): ee=253, em=24 (250)
(45,110): ee=250, em=57 (250)
(45,111): ee=211, em=27 (208)
(45,112): ee=105, em=-63 (105)
(45,113): ee=0, em=-142 (49)
(45,114): ee=156, em=-9 (158)
(45,115): ee=241, em=49 (241)
(45,116): ee=250, em=42 (250)
(45,117): ee=251, em=9 (250)
(45,118): ee=250, em=0 (250)
(45,119): ee=250, em=0 (250)
(45,120): ee=250, em=0 (250)
(45,121): ee=250, em=0 (250)
(45,122): ee=250, em=0 (250)
(45,123): ee=250, em=0 (250)
(45,124): ee=250, em=0 (250)
(45,125): ee=250, em=0 (250)
(45,126): ee=255, em=93 (250)
(45,127): ee=255, em=93 (250)
(46,0): ee=251, em=65 (219)
(46,1): ee=255, em=91 (248)
(46,2): ee=250, em=6 (250)
(46,3): ee=250, em=0 (250)
(46,4): ee=250, em=0 (250)
(46,5): ee=250, em=6 (250)
(46,6): ee=250, em=44 (250)
(46,7): ee=241, em=41 (241)
(46,8): ee=73, em=-81 (114)
(46,9): ee=132, em=-56 (132)
(46,10): ee=194, em=35 (194)
(46,11): ee=188, em=25 (185)
(46,12): ee=180, em=4 (180)
(46,13): ee=176, em=0 (176)
(46,14): ee=172, em=-2 (173)
(46,15): ee=175, em=1 (175)
(46,16): ee=175, em=3 (175)
(46,17): ee=174, em=2 (174)
(46,18): ee=171, em=0 (171)
(46,19): ee=172, em=1 (172)
(46,20): ee=171, em=1 (171)
(46,21): ee=173, em=3 (173)
(46,22): ee=172, em=3 (172)
(46,23): ee=171, em=2 (171)
(46,24): ee=167, em=0 (167)
(46,25): ee=165, em=0 (165)
(46,26): ee=163, em=0 (163)
(46,27): ee=161, em=-1 (162)
(46,28): ee=162, em=0 (162)
(46,29): ee=161, em=0 (161)
(46,30): ee=161, em=0 (161)
(46,31): ee=162, em=0 (162)
(46,32): ee=162, em=0 (162)
(46,33): ee=163, em=0 (163)
(46,34): ee=162, em=-3 (163)
(46,35): ee=163, em=0 (163)
(46,36): ee=175, em=47 (175)
(46,37): ee=172, em=60 (172)
(46,38): ee=64, em=-33 (64)
(46,39): ee=0, em=-96 (5)
(46,40): ee=0, em=-70 (3)
(46,41): ee=73, em=12 (72)
(46,42): ee=77, em=6 (77)
(46,43): ee=0, em=-83 (4)
(46,44): ee=45, em=-38 (45)
(46,45): ee=0, em=-84 (3)
(46,46): ee=0, em=-84 (3)
(46,47): ee=0, em=-95 (4)
(46,48): ee=0, em=-111 (4)
(46,49): ee=0, em=-122 (4)
(46,50): ee=102, em=-39 (102)
(46,51): ee=83, em=-61 (83)
(46,52): ee=117, em=-56 (117)
(46,53): ee=70, em=-66 (103)
(46,54): ee=146, em=-24 (149)
(46,55): ee=143, em=-27 (147)
(46,56): ee=163, em=1 (163)
(46,57): ee=181, em=3 (181)
(46,58): ee=186, em=35 (186)
(46,59): ee=212, em=25 (209)
(46,60): ee=208, em=47 (208)
(46,61): ee=231, em=31 (228)
(46,62): ee=223, em=31 (220)
(46,63): ee=241, em=22 (239)
(46,64): ee=243, em=21 (241)
(46,65): ee=251, em=18 (249)
(46,66): ee=251, em=11 (250)
(46,67): ee=251, em=9 (250)
(46,68): ee=250, em=2 (250)
(46,69): ee=250, em=3 (250)
(46,70): ee=250, em=0 (250)
(46,71): ee=250, em=1 (250)
(46,72): ee=250, em=0 (250)
(46,73): ee=250, em=0 (250)
(46,74): ee=250, em=0 (250)
(46,75): ee=250, em=0 (250)
(46,76): ee=250, em=0 (250)
(46,77): ee=250, em=0 (250)
(46,78): ee=250, em=0 (250)
(46,79): ee=250, em=0 (250)
(46,80): ee=250, em=0 (250)
(46,81): ee=250, em=0 (250)
(46,82): ee=250, em=0 (250)
(46,83): ee=250, em=0 (250)
(46,84): ee=250, em=0 (250)
(46,85): ee=250, em=0 (250)
(46,86): ee=250, em=0 (250)
(46,87): ee=250, em=0 (250)
(46,88): ee=250, em=0 (250)
(46,89): ee=250, em=0 (250)
(46,90): ee=250, em=0 (250)
(46,91): ee=250, em=0 (250)
(46,92): ee=250, em=0 (250)
(46,93): ee=250, em=0 (250)
(46,94): ee=250, em=0 (250)
(46,95): ee=250, em=0 (250)
(46,96): ee=250, em=0 (250)
(46,97): ee=250, em=0 (250)
(46,98): ee=250, em=0 (250)
(46,99): ee=250, em=0 (250)
(46,100): ee=250, em=0 (250)
(46,101): ee=250, em=0 (250)
(46,102): ee=250, em=0 (250)
(46,103): ee=250, em=0 (250)
(46,104): ee=250, em=0 (250)
(46,105): ee=250, em=0 (250)
(46,106): ee=250, em=0 (250)
(46,107): ee=251, em=8 (250)
(46,108): ee=253, em=24 (250)
(46,109): ee=247, em=53 (247)
(46,110): ee=206, em=33 (206)
(46,111): ee=58, em=-79 (98)
(46,112): ee=0, em=-179 (7)
(46,113): ee=175, em=0 (175)
(46,114): ee=255, em=67 (248)
(46,115): ee=250, em=36 (250)
(46,116): ee=251, em=11 (250)
(46,117): ee=250, em=1 (250)
(46,118): ee=250, em=0 (250)
(46,119): ee=250, em=0 (250)
(46,120): ee=250, em=0 (250)
(46,121): ee=250, em=0 (250)
(46,122): ee=250, em=0 (250)
(46,123): ee=250, em=0 (250)
(46,124): ee=250, em=0 (250)
(46,125): ee=250, em=0 (250)
(46,126): ee=255, em=93 (250)
(46,127): ee=255, em=93 (250)
(47,0): ee=255, em=90 (239)
(47,1): ee=255, em=94 (250)
(47,2): ee=251, em=9 (250)
(47,3): ee=250, em=0 (250)
(47,4): ee=250, em=0 (250)
(47,5): ee=250, em=1 (250)
(47,6): ee=253, em=29 (250)
(47,7): ee=245, em=42 (245)
(47,8): ee=165, em=-15 (167)
(47,9): ee=71, em=-81 (112)
(47,10): ee=159, em=0 (159)
(47,11): ee=189, em=27 (186)
(47,12): ee=189, em=28 (186)
(47,13): ee=178, em=0 (178)
(47,14): ee=175, em=-2 (176)
(47,15): ee=176, em=0 (176)
(47,16): ee=175, em=1 (175)
(47,17): ee=175, em=2 (175)
(47,18): ee=173, em=1 (173)
(47,19): ee=172, em=1 (172)
(47,20): ee=172, em=2 (172)
(47,21): ee=171, em=2 (171)
(47,22): ee=168, em=0 (168)
(47,23): ee=167, em=0 (167)
(47,24): ee=163, em=-1 (164)
(47,25): ee=164, em=0 (164)
(47,26): ee=162, em=0 (162)
(47,27): ee=162, em=0 (162)
(47,28): ee=161, em=0 (161)
(47,29): ee=161, em=0 (161)
(47,30): ee=161, em=0 (161)
(47,31): ee=162, em=0 (162)
(47,32): ee=163, em=0 (163)
(47,33): ee=164, em=1 (164)
(47,34): ee=162, em=-2 (163)
(47,35): ee=162, em=-1 (163)
(47,36): ee=172, em=26 (169)
(47,37): ee=160, em=28 (157)
(47,38): ee=67, em=-24 (70)
(47,39): ee=41, em=-50 (41)
(47,40): ee=2, em=-64 (2)
(47,41): ee=3, em=-63 (3)
(47,42): ee=4, em=-53 (4)
(47,43): ee=37, em=-32 (41)
(47,44): ee=0, em=-86 (4)
(47,45): ee=67, em=-31 (71)
(47,46): ee=44, em=-56 (44)
(47,47): ee=101, em=-14 (103)
(47,48): ee=97, em=-26 (101)
(47,49): ee=155, em=13 (154)
(47,50): ee=178, em=16 (176)
(47,51): ee=203, em=37 (203)
(47,52): ee=239, em=47 (239)
(47,53): ee=237, em=45 (237)
(47,54): ee=248, em=39 (248)
(47,55): ee=246, em=37 (246)
(47,56): ee=251, em=29 (248)
(47,57): ee=252, em=26 (249)
(47,58): ee=253, em=24 (250)
(47,59): ee=252, em=16 (250)
(47,60): ee=251, em=16 (249)
(47,61): ee=251, em=9 (250)
(47,62): ee=250, em=9 (249)
(47,63): ee=250, em=4 (250)
(47,64): ee=250, em=5 (250)
(47,65): ee=250, em=1 (250)
(47,66): ee=250, em=1 (250)
(47,67): ee=250, em=0 (250)
(47,68): ee=250, em=0 (250)
(47,69): ee=250, em=0 (250)
(47,70): ee=250, em=0 (250)
(47,71): ee=250, em=0 (250)
(47,72): ee=250, em=0 (250)
(47,73): ee=250, em=0 (250)
(47,74): ee=250, em=0 (250)
(47,75): ee=250, em=0 (250)
(47,76): ee=250, em=0 (250)
(47,77): ee=250, em=0 (250)
(47,78): ee=250, em=0 (250)
(47,79): ee=250, em=0 (250)
(47,80): ee=250, em=0 (250)
(47,81): ee=250, em=0 (250)
(47,82): ee=250, em=0 (250)
(47,83): ee=250, em=0 (250)
(47,84): ee=250, em=0 (250)
(47,85): ee=250, em=0 (250)
(47,86): ee=250, em=0 (250)
(47,87): ee=250, em=0 (250)
(47,88): ee=250, em=0 (250)
(47,89): ee=250, em=0 (250)
(47,90): ee=250, em=0 (250)
(47,91): ee=250, em=0 (250)
(47,92): ee=250, em=0 (250)
(47,93): ee=250, em=0 (250)
(47,94): ee=250, em=0 (250)
(47,95): ee=250, em=0 (250)
(47,96): ee=250, em=0 (250)
(47,97): ee=250, em=0 (250)
(47,98): ee=250, em=0 (250)
(47,99): ee=250, em=0 (250)
(47,100): ee=250, em=0 (250)
(47,101): ee=250, em=0 (250)
(47,102): ee=250, em=1 (250)
(47,103): ee=250, em=3 (250)
(47,104): ee=250, em=7 (250)
(47,105): ee=251, em=13 (250)
(47,106): ee=253, em=27 (250)
(47,107): ee=249, em=38 (249)
(47,108): ee=243, em=58 (243)
(47,109): ee=189, em=16 (187)
(47,110): ee=69, em=-66 (102)
(47,111): ee=0, em=-128 (59)
(47,112): ee=171, em=-7 (172)
(47,113): ee=245, em=55 (245)
(47,114): ee=250, em=40 (250)
(47,115): ee=251, em=10 (250)
(47,116): ee=250, em=0 (250)
(47,117): ee=250, em=0 (250)
(47,118): ee=250, em=0 (250)
(47,119): ee=250, em=0 (250)
(47,120): ee=250, em=0 (250)
(47,121): ee=250, em=0 (250)
(47,122): ee=250, em=0 (250)
(47,123): ee=250, em=0 (250)
(47,124): ee=250, em=0 (250)
(47,125): ee=250, em=0 (250)
(47,126): ee=255, em=93 (250)
(47,127): ee=255, em=93 (250)
(48,0): ee=251, em=65 (219)
(48,1): ee=255, em=91 (248)
(48,2): ee=250, em=6 (250)
(48,3): ee=250, em=0 (250)
(48,4): ee=250, em=0 (250)
(48,5): ee=250, em=0 (250)
(48,6): ee=251, em=12 (250)
(48,7): ee=250, em=37 (250)
(48,8): ee=233, em=53 (233)
(48,9): ee=137, em=-55 (137)
(48,10): ee=0, em=-177 (6)
(48,11): ee=171, em=8 (170)
(48,12): ee=192, em=46 (192)
(48,13): ee=180, em=9 (179)
(48,14): ee=177, em=0 (177)
(48,15): ee=176, em=1 (176)
(48,16): ee=173, em=1 (173)
(48,17): ee=170, em=0 (170)
(48,18): ee=168, em=0 (168)
(48,19): ee=167, em=0 (167)
(48,20): ee=164, em=-1 (165)
(48,21): ee=164, em=-1 (165)
(48,22): ee=165, em=0 (165)
(48,23): ee=164, em=0 (164)
(48,24): ee=164, em=0 (164)
(48,25): ee=161, em=-1 (162)
(48,26): ee=162, em=0 (162)
(48,27): ee=161, em=0 (161)
(48,28): ee=159, em=-1 (160)
(48,29): ee=159, em=-1 (160)
(48,30): ee=161, em=0 (161)
(48,31): ee=162, em=0 (162)
(48,32): ee=163, em=0 (163)
(48,33): ee=163, em=0 (163)
(48,34): ee=163, em=0 (163)
(48,35): ee=164, em=1 (164)
(48,36): ee=165, em=8 (164)
(48,37): ee=169, em=19 (167)
(48,38): ee=211, em=69 (177)
(48,39): ee=189, em=66 (156)
(48,40): ee=0, em=-95 (3)
(48,41): ee=0, em=-102 (3)
(48,42): ee=134, em=49 (134)
(48,43): ee=255, em=104 (207)
(48,44): ee=229, em=68 (195)
(48,45): ee=225, em=52 (225)
(48,46): ee=222, em=57 (222)
(48,47): ee=236, em=42 (236)
(48,48): ee=226, em=34 (226)
(48,49): ee=245, em=30 (242)
(48,50): ee=243, em=23 (241)
(48,51): ee=252, em=20 (250)
(48,52): ee=251, em=12 (250)
(48,53): ee=251, em=8 (250)
(48,54): ee=250, em=1 (250)
(48,55): ee=250, em=2 (250)
(48,56): ee=250, em=0 (250)
(48,57): ee=250, em=0 (250)
(48,58): ee=250, em=0 (250)
(48,59): ee=250, em=0 (250)
(48,60): ee=250, em=0 (250)
(48,61): ee=250, em=0 (250)
(48,62): ee=250, em=0 (250)
(48,63): ee=250, em=0 (250)
(48,64): ee=250, em=0 (250)
(48,65): ee=250, em=0 (250)
(48,66): ee=250, em=0 (250)
(48,67): ee=250, em=0 (250)
(48,68): ee=250, em=0 (250)
(48,69): ee=250, em=0 (250)
(48,70): ee=250, em=0 (250)
(48,71): ee=250, em=0 (250)
(48,72): ee=250, em=0 (250)
(48,73): ee=250, em=0 (250)
(48,74): ee=250, em=0 (250)
(48,75): ee=250, em=0 (250)
(48,76): ee=250, em=0 (250)
(48,77): ee=250, em=0 (250)
(48,78): ee=250, em=0 (250)
(48,79): ee=250, em=0 (250)
(48,80): ee=250, em=0 (250)
(48,81): ee=250, em=0 (250)
(48,82): ee=250, em=0 (250)
(48,83): ee=250, em=0 (250)
(48,84): ee=250, em=0 (250)
(48,85): ee=250, em=0 (250)
(48,86): ee=250, em=0 (250)
(48,87): ee=250, em=0 (250)
(48,88): ee=250, em=0 (250)
(48,89): ee=250, em=0 (250)
(48,90): ee=250, em=0 (250)
(48,91): ee=250, em=0 (250)
(48,92): ee=250, em=0 (250)
(48,93): ee=250, em=0 (250)
(48,94): ee=250, em=0 (250)
(48,95): ee=250, em=0 (250)
(48,96): ee=250, em=0 (250)
(48,97): ee=250, em=0 (250)
(48,98): ee=250, em=0 (250)
(48,99): ee=250, em=0 (250)
(48,100): ee=250, em=0 (250)
(48,101): ee=250, em=5 (250)
(48,102): ee=251, em=13 (250)
(48,103): ee=253, em=24 (250)
(48,104): ee=241, em=40 (241)
(48,105): ee=229, em=27 (226)
(48,106): ee=206, em=30 (203)
(48,107): ee=166, em=-11 (168)
(48,108): ee=61, em=-69 (96)
(48,109): ee=110, em=-64 (110)
(48,110): ee=90, em=-65 (123)
(48,111): ee=182, em=-10 (184)
(48,112): ee=249, em=43 (249)
(48,113): ee=250, em=32 (250)
(48,114): ee=251, em=9 (250)
(48,115): ee=250, em=0 (250)
(48,116): ee=250, em=0 (250)
(48,117): ee=250, em=0 (250)
(48,118): ee=250, em=0 (250)
(48,119): ee=250, em=0 (250)
(48,120): ee=250, em=0 (250)
(48,121): ee=250, em=0 (250)
(48,122): ee=250, em=0 (250)
(48,123): ee=250, em=0 (250)
(48,124): ee=250, em=0 (250)
(48,125): ee=250, em=0 (250)
(48,126): ee=255, em=93 (250)
(48,127): ee=255, em=93 (250)
(49,0): ee=255, em=90 (239)
(49,1): ee=255, em=94 (250)
(49,2): ee=251, em=9 (250)
(49,3): ee=250, em=0 (250)
(49,4): ee=250, em=0 (250)
(49,5): ee=250, em=0 (250)
(49,6): ee=250, em=2 (250)
(49,7): ee=252, em=19 (250)
(49,8): ee=249, em=60 (249)
(49,9): ee=210, em=28 (207)
(49,10): ee=75, em=-66 (108)
(49,11): ee=116, em=-47 (116)
(49,12): ee=176, em=31 (173)
(49,13): ee=180, em=34 (180)
(49,14): ee=179, em=8 (178)
(49,15): ee=172, em=0 (172)
(49,16): ee=165, em=-4 (166)
(49,17): ee=163, em=-2 (164)
(49,18): ee=161, em=-3 (162)
(49,19): ee=161, em=-2 (162)
(49,20): ee=161, em=-1 (162)
(49,21): ee=161, em=-1 (162)
(49,22): ee=161, em=-1 (162)
(49,23): ee=163, em=0 (163)
(49,24): ee=162, em=0 (162)
(49,25): ee=162, em=0 (162)
(49,26): ee=162, em=0 (162)
(49,27): ee=162, em=0 (162)
(49,28): ee=161, em=0 (161)
(49,29): ee=161, em=0 (161)
(49,30): ee=161, em=0 (161)
(49,31): ee=161, em=0 (161)
(49,32): ee=162, em=0 (162)
(49,33): ee=164, em=1 (164)
(49,34): ee=164, em=1 (164)
(49,35): ee=164, em=0 (164)
(49,36): ee=162, em=-4 (163)
(49,37): ee=161, em=-3 (162)
(49,38): ee=174, em=34 (174)
(49,39): ee=174, em=63 (174)
(49,40): ee=114, em=-2 (115)
(49,41): ee=0, em=-140 (6)
(49,42): ee=105, em=-29 (109)
(49,43): ee=254, em=71 (219)
(49,44): ee=255, em=71 (248)
(49,45): ee=252, em=23 (250)
(49,46): ee=250, em=13 (249)
(49,47): ee=250, em=5 (250)
(49,48): ee=249, em=6 (249)
(49,49): ee=250, em=2 (250)
(49,50): ee=250, em=4 (250)
(49,51): ee=250, em=1 (250)
(49,52): ee=250, em=1 (250)
(49,53): ee=250, em=0 (250)
(49,54): ee=250, em=0 (250)
(49,55): ee=250, em=0 (250)
(49,56): ee=250, em=0 (250)
(49,57): ee=250, em=0 (250)
(49,58): ee=250, em=0 (250)
(49,59): ee=250, em=0 (250)
(49,60): ee=250, em=0 (250)
(49,61): ee=250, em=0 (250)
(49,62): ee=250, em=0 (250)
(49,63): ee=250, em=0 (250)
(49,64): ee=250, em=0 (250)
(49,65): ee=250, em=0 (250)
(49,66): ee=250, em=0 (250)
(49,67): ee=250, em=0 (250)
(49,68): ee=250, em=0 (250)
(49,69): ee=250, em=0 (250)
(49,70): ee=250, em=0 (250)
(49,71): ee=250, em=0 (250)
(49,72): ee=250, em=0 (250)
(49,73): ee=250, em=0 (250)
(49,74): ee=250, em=0 (250)
(49,75): ee=250, em=0 (250)
(49,76): ee=250, em=0 (250)
(49,77): ee=250, em=0 (250)
(49,78): ee=250, em=0 (250)
(49,79): ee=250, em=0 (250)
(49,80): ee=250, em=0 (250)
(49,81): ee=250, em=0 (250)
(49,82): ee=250, em=0 (250)
(49,83): ee=250, em=0 (250)
(49,84): ee=250, em=0 (250)
(49,85): ee=250, em=0 (250)
(49,86): ee=250, em=0 (250)
(49,87): ee=250, em=0 (250)
(49,88): ee=250, em=0 (250)
(49,89): ee=250, em=0 (250)
(49,90): ee=250, em=0 (250)
(49,91): ee=250, em=0 (250)
(49,92): ee=250, em=2 (250)
(49,93): ee=250, em=3 (250)
(49,94): ee=250, em=7 (250)
(49,95): ee=251, em=8 (250)
(49,96): ee=252, em=16 (250)
(49,97): ee=251, em=15 (250)
(49,98): ee=252, em=21 (250)
(49,99): ee=252, em=21 (250)
(49,100): ee=253, em=29 (250)
(49,101): ee=249, em=38 (249)
(49,102): ee=248, em=50 (248)
(49,103): ee=210, em=15 (209)
(49,104): ee=148, em=-21 (151)
(49,105): ee=119, em=-59 (119)
(49,106): ee=0, em=-163 (6)
(49,107): ee=47, em=-89 (92)
(49,108): ee=139, em=-26 (143)
(49,109): ee=207, em=16 (205)
(49,110): ee=250, em=49 (250)
(49,111): ee=253, em=31 (250)
(49,112): ee=252, em=16 (250)
(49,113): ee=251, em=8 (250)
(49,114): ee=250, em=0 (250)
(49,115): ee=250, em=0 (250)
(49,116): ee=250, em=0 (250)
(49,117): ee=250, em=0 (250)
(49,118): ee=250, em=0 (250)
(49,119): ee=250, em=0 (250)
(49,120): ee=250, em=0 (250)
(49,121): ee=250, em=0 (250)
(49,122): ee=250, em=0 (250)
(49,123): ee=250, em=0 (250)
(49,124): ee=250, em=0 (250)
(49,125): ee=250, em=0 (250)
(49,126): ee=255, em=93 (250)
(49,127): ee=255, em=93 (250)
(50,0): ee=251, em=65 (219)
(50,1): ee=255, em=91 (248)
(50,2): ee=250, em=6 (250)
(50,3): ee=250, em=0 (250)
(50,4): ee=250, em=0 (250)
(50,5): ee=250, em=0 (250)
(50,6): ee=250, em=0 (250)
(50,7): ee=250, em=5 (250)
(50,8): ee=250, em=33 (250)
(50,9): ee=255, em=66 (247)
(50,10): ee=161, em=-12 (163)
(50,11): ee=0, em=-173 (8)
(50,12): ee=129, em=-19 (132)
(50,13): ee=179, em=45 (179)
(50,14): ee=181, em=31 (178)
(50,15): ee=163, em=-3 (164)
(50,16): ee=162, em=-4 (163)
(50,17): ee=161, em=-1 (162)
(50,18): ee=160, em=-1 (161)
(50,19): ee=161, em=0 (161)
(50,20): ee=162, em=0 (162)
(50,21): ee=162, em=0 (162)
(50,22): ee=162, em=0 (162)
(50,23): ee=162, em=0 (162)
(50,24): ee=162, em=0 (162)
(50,25): ee=160, em=-1 (161)
(50,26): ee=162, em=0 (162)
(50,27): ee=163, em=1 (163)
(50,28): ee=162, em=0 (162)
(50,29): ee=161, em=0 (161)
(50,30): ee=160, em=0 (160)
(50,31): ee=161, em=0 (161)
(50,32): ee=161, em=0 (161)
(50,33): ee=162, em=0 (162)
(50,34): ee=164, em=2 (164)
(50,35): ee=162, em=0 (162)
(50,36): ee=160, em=-4 (161)
(50,37): ee=160, em=-4 (161)
(50,38): ee=173, em=14 (172)
(50,39): ee=174, em=51 (174)
(50,40): ee=162, em=48 (162)
(50,41): ee=14, em=-88 (58)
(50,42): ee=0, em=-155 (5)
(50,43): ee=180, em=17 (178)
(50,44): ee=255, em=78 (248)
(50,45): ee=252, em=23 (250)
(50,46): ee=250, em=2 (250)
(50,47): ee=250, em=0 (250)
(50,48): ee=250, em=0 (250)
(50,49): ee=250, em=0 (250)
(50,50): ee=250, em=0 (250)
(50,51): ee=250, em=0 (250)
(50,52): ee=250, em=0 (250)
(50,53): ee=250, em=0 (250)
(50,54): ee=250, em=0 (250)
(50,55): ee=250, em=0 (250)
(50,56): ee=250, em=0 (250)
(50,57): ee=250, em=0 (250)
(50,58): ee=250, em=0 (250)
(50,59): ee=250, em=0 (250)
(50,60): ee=250, em=0 (250)
(50,61): ee=250, em=0 (250)
(50,62): ee=250, em=0 (250)
(50,63): ee=250, em=0 (250)
(50,64): ee=250, em=0 (250)
(50,65): ee=250, em=0 (250)
(50,66): ee=250, em=0 (250)
(50,67): ee=250, em=0 (250)
(50,68): ee=250, em=0 (250)
(50,69): ee=250, em=0 (250)
(50,70): ee=250, em=0 (250)
(50,71): ee=250, em=0 (250)
(50,72): ee=250, em=0 (250)
(50,73): ee=250, em=0 (250)
(50,74): ee=250, em=0 (250)
(50,75): ee=250, em=0 (250)
(50,76): ee=250, em=0 (250)
(50,77): ee=250, em=0 (250)
(50,78): ee=250, em=0 (250)
(50,79): ee=250, em=0 (250)
(50,80): ee=250, em=0 (250)
(50,81): ee=250, em=0 (250)
(50,82): ee=250, em=0 (250)
(50,83): ee=250, em=0 (250)
(50,84): ee=250, em=0 (250)
(50,85): ee=250, em=0 (250)
(50,86): ee=250, em=0 (250)
(50,87): ee=250, em=0 (250)
(50,88): ee=250, em=0 (250)
(50,89): ee=250, em=0 (250)
(50,90): ee=250, em=0 (250)
(50,91): ee=250, em=0 (250)
(50,92): ee=251, em=9 (250)
(50,93): ee=252, em=23 (250)
(50,94): ee=233, em=23 (231)
(50,95): ee=228, em=27 (225)
(50,96): ee=213, em=43 (213)
(50,97): ee=208, em=38 (208)
(50,98): ee=179, em=30 (176)
(50,99): ee=193, em=25 (190)
(50,100): ee=190, em=51 (190)
(50,101): ee=181, em=14 (180)
(50,102): ee=146, em=-4 (147)
(50,103): ee=71, em=-71 (107)
(50,104): ee=99, em=-57 (99)
(50,105): ee=167, em=-7 (168)
(50,106): ee=186, em=13 (185)
(50,107): ee=209, em=10 (208)
(50,108): ee=241, em=43 (241)
(50,109): ee=253, em=30 (250)
(50,110): ee=251, em=14 (250)
(50,111): ee=250, em=5 (250)
(50,112): ee=250, em=0 (250)
(50,113): ee=250, em=0 (250)
(50,114): ee=250, em=0 (250)
(50,115): ee=250, em=0 (250)
(50,116): ee=250, em=0 (250)
(50,117): ee=250, em=0 (250)
(50,118): ee=250, em=0 (250)
(50,119): ee=250, em=0 (250)
(50,120): ee=250, em=0 (250)
(50,121): ee=250, em=0 (250)
(50,122): ee=250, em=0 (250)
(50,123): ee=250, em=0 (250)
(50,124): ee=250, em=0 (250)
(50,125): ee=250, em=0 (250)
(50,126): ee=255, em=93 (250)
(50,127): ee=255, em=93 (250)
(51,0): ee=255, em=90 (239)
(51,1): ee=255, em=94 (250)
(51,2): ee=251, em=9 (250)
(51,3): ee=250, em=0 (250)
(51,4): ee=250, em=0 (250)
(51,5): ee=250, em=0 (250)
(51,6): ee=250, em=0 (250)
(51,7): ee=250, em=0 (250)
(51,8): ee=251, em=15 (250)
(51,9): ee=250, em=56 (250)
(51,10): ee=212, em=45 (212)
(51,11): ee=111, em=-63 (111)
(51,12): ee=0, em=-134 (27)
(51,13): ee=160, em=21 (158)
(51,14): ee=174, em=48 (174)
(51,15): ee=162, em=3 (162)
(51,16): ee=159, em=-6 (160)
(51,17): ee=160, em=-1 (161)
(51,18): ee=161, em=0 (161)
(51,19): ee=161, em=0 (161)
(51,20): ee=161, em=0 (161)
(51,21): ee=161, em=0 (161)
(51,22): ee=161, em=0 (161)
(51,23): ee=162, em=0 (162)
(51,24): ee=162, em=0 (162)
(51,25): ee=162, em=0 (162)
(51,26): ee=163, em=1 (163)
(51,27): ee=163, em=1 (163)
(51,28): ee=161, em=0 (161)
(51,29): ee=161, em=0 (161)
(51,30): ee=160, em=0 (160)
(51,31): ee=160, em=0 (160)
(51,32): ee=158, em=-1 (159)
(51,33): ee=161, em=0 (161)
(51,34): ee=162, em=0 (162)
(51,35): ee=163, em=1 (163)
(51,36): ee=161, em=-3 (162)
(51,37): ee=161, em=-3 (162)
(51,38): ee=165, em=0 (165)
(51,39): ee=166, em=36 (166)
(51,40): ee=161, em=55 (161)
(51,41): ee=92, em=-53 (92)
(51,42): ee=0, em=-149 (4)
(51,43): ee=161, em=-3 (162)
(51,44): ee=255, em=81 (239)
(51,45): ee=253, em=26 (250)
(51,46): ee=250, em=1 (250)
(51,47): ee=250, em=0 (250)
(51,48): ee=250, em=0 (250)
(51,49): ee=250, em=0 (250)
(51,50): ee=250, em=0 (250)
(51,51): ee=250, em=0 (250)
(51,52): ee=250, em=0 (250)
(51,53): ee=250, em=0 (250)
(51,54): ee=250, em=0 (250)
(51,55): ee=250, em=0 (250)
(51,56): ee=250, em=0 (250)
(51,57): ee=250, em=0 (250)
(51,58): ee=250, em=0 (250)
(51,59): ee=250, em=0 (250)
(51,60): ee=250, em=0 (250)
(51,61): ee=250, em=0 (250)
(51,62): ee=250, em=0 (250)
(51,63): ee=250, em=0 (250)
(51,64): ee=250, em=0 (250)
(51,65): ee=250, em=0 (250)
(51,66): ee=250, em=0 (250)
(51,67): ee=250, em=0 (250)
(51,68): ee=250, em=0 (250)
(51,69): ee=250, em=0 (250)
(51,70): ee=250, em=0 (250)
(51,71): ee=250, em=0 (250)
(51,72): ee=250, em=0 (250)
(51,73): ee=250, em=0 (250)
(51,74): ee=250, em=0 (250)
(51,75): ee=250, em=0 (250)
(51,76): ee=250, em=0 (250)
(51,77): ee=250, em=0 (250)
(51,78): ee=250, em=0 (250)
(51,79): ee=250, em=0 (250)
(51,80): ee=250, em=0 (250)
(51,81): ee=250, em=0 (250)
(51,82): ee=250, em=0 (250)
(51,83): ee=250, em=0 (250)
(51,84): ee=250, em=0 (250)
(51,85): ee=250, em=0 (250)
(51,86): ee=250, em=0 (250)
(51,87): ee=250, em=0 (250)
(51,88): ee=250, em=0 (250)
(51,89): ee=250, em=0 (250)
(51,90): ee=250, em=0 (250)
(51,91): ee=250, em=0 (250)
(51,92): ee=251, em=15 (250)
(51,93): ee=249, em=52 (249)
(51,94): ee=196, em=18 (194)
(51,95): ee=47, em=-85 (90)
(51,96): ee=0, em=-148 (3)
(51,97): ee=0, em=-114 (32)
(51,98): ee=0, em=-118 (2)
(51,99): ee=25, em=-90 (70)
(51,100): ee=0, em=-138 (4)
(51,101): ee=29, em=-95 (77)
(51,102): ee=0, em=-133 (33)
(51,103): ee=172, em=-11 (174)
(51,104): ee=234, em=54 (234)
(51,105): ee=248, em=41 (248)
(51,106): ee=252, em=29 (249)
(51,107): ee=251, em=15 (250)
(51,108): ee=250, em=8 (249)
(51,109): ee=250, em=5 (250)
(51,110): ee=250, em=1 (250)
(51,111): ee=250, em=0 (250)
(51,112): ee=250, em=0 (250)
(51,113): ee=250, em=0 (250)
(51,114): ee=250, em=0 (250)
(51,115): ee=250, em=0 (250)
(51,116): ee=250, em=0 (250)
(51,117): ee=250, em=0 (250)
(51,118): ee=250, em=0 (250)
(51,119): ee=250, em=0 (250)
(51,120): ee=250, em=0 (250)
(51,121): ee=250, em=0 (250)
(51,122): ee=250, em=0 (250)
(51,123): ee=250, em=0 (250)
(51,124): ee=250, em=0 (250)
(51,125): ee=250, em=0 (250)
(51,126): ee=255, em=93 (250)
(51,127): ee=255, em=93 (250)
(52,0): ee=251, em=65 (219)
(52,1): ee=255, em=91 (248)
(52,2): ee=250, em=6 (250)
(52,3): ee=250, em=0 (250)
(52,4): ee=250, em=0 (250)
(52,5): ee=250, em=0 (250)
(52,6): ee=250, em=0 (250)
(52,7): ee=250, em=0 (250)
(52,8): ee=250, em=5 (250)
(52,9): ee=253, em=28 (250)
(52,10): ee=255, em=76 (248)
(52,11): ee=184, em=2 (184)
(52,12): ee=0, em=-158 (10)
(52,13): ee=119, em=-32 (123)
(52,14): ee=171, em=50 (171)
(52,15): ee=163, em=15 (162)
(52,16): ee=163, em=1 (163)
(52,17): ee=163, em=1 (163)
(52,18): ee=162, em=0 (162)
(52,19): ee=161, em=0 (161)
(52,20): ee=161, em=0 (161)
(52,21): ee=161, em=0 (161)
(52,22): ee=162, em=0 (162)
(52,23): ee=162, em=0 (162)
(52,24): ee=162, em=0 (162)
(52,25): ee=160, em=-1 (161)
(52,26): ee=162, em=0 (162)
(52,27): ee=162, em=0 (162)
(52,28): ee=161, em=0 (161)
(52,29): ee=160, em=0 (160)
(52,30): ee=159, em=0 (159)
(52,31): ee=158, em=-1 (159)
(52,32): ee=158, em=-1 (159)
(52,33): ee=160, em=0 (160)
(52,34): ee=161, em=0 (161)
(52,35): ee=162, em=0 (162)
(52,36): ee=161, em=-3 (162)
(52,37): ee=160, em=-4 (161)
(52,38): ee=177, em=19 (175)
(52,39): ee=177, em=50 (177)
(52,40): ee=161, em=44 (161)
(52,41): ee=0, em=-106 (50)
(52,42): ee=0, em=-161 (3)
(52,43): ee=200, em=28 (197)
(52,44): ee=255, em=72 (248)
(52,45): ee=252, em=19 (250)
(52,46): ee=250, em=1 (250)
(52,47): ee=250, em=0 (250)
(52,48): ee=250, em=0 (250)
(52,49): ee=250, em=0 (250)
(52,50): ee=250, em=0 (250)
(52,51): ee=250, em=0 (250)
(52,52): ee=250, em=0 (250)
(52,53): ee=250, em=0 (250)
(52,54): ee=250, em=0 (250)
(52,55): ee=250, em=0 (250)
(52,56): ee=250, em=0 (250)
(52,57): ee=250, em=0 (250)
(52,58): ee=250, em=0 (250)
(52,59): ee=250, em=0 (250)
(52,60): ee=250, em=0 (250)
(52,61): ee=250, em=0 (250)
(52,62): ee=250, em=0 (250)
(52,63): ee=250, em=0 (250)
(52,64): ee=250, em=0 (250)
(52,65): ee=250, em=0 (250)
(52,66): ee=250, em=0 (250)
(52,67): ee=250, em=0 (250)
(52,68): ee=250, em=0 (250)
(52,69): ee=250, em=0 (250)
(52,70): ee=250, em=0 (250)
(52,71): ee=250, em=0 (250)
(52,72): ee=250, em=0 (250)
(52,73): ee=250, em=0 (250)
(52,74): ee=250, em=0 (250)
(52,75): ee=250, em=0 (250)
(52,76): ee=250, em=0 (250)
(52,77): ee=250, em=0 (250)
(52,78): ee=250, em=0 (250)
(52,79): ee=250, em=0 (250)
(52,80): ee=250, em=0 (250)
(52,81): ee=250, em=0 (250)
(52,82): ee=250, em=0 (250)
(52,83): ee=250, em=0 (250)
(52,84): ee=250, em=0 (250)
(52,85): ee=250, em=0 (250)
(52,86): ee=250, em=0 (250)
(52,87): ee=250, em=0 (250)
(52,88): ee=250, em=0 (250)
(52,89): ee=250, em=0 (250)
(52,90): ee=250, em=0 (250)
(52,91): ee=250, em=0 (250)
(52,92): ee=252, em=18 (250)
(52,93): ee=255, em=73 (250)
(52,94): ee=200, em=42 (200)
(52,95): ee=0, em=-164 (5)
(52,96): ee=0, em=-137 (5)
(52,97): ee=181, em=62 (181)
(52,98): ee=230, em=87 (187)
(52,99): ee=203, em=39 (203)
(52,100): ee=186, em=37 (186)
(52,101): ee=215, em=23 (213)
(52,102): ee=220, em=38 (220)
(52,103): ee=247, em=30 (244)
(52,104): ee=250, em=33 (250)
(52,105): ee=251, em=10 (250)
(52,106): ee=250, em=2 (250)
(52,107): ee=250, em=0 (250)
(52,108): ee=250, em=0 (250)
(52,109): ee=250, em=0 (250)
(52,110): ee=250, em=0 (250)
(52,111): ee=250, em=0 (250)
(52,112): ee=250, em=0 (250)
(52,113): ee=250, em=0 (250)
(52,114): ee=250, em=0 (250)
(52,115): ee=250, em=0 (250)
(52,116): ee=250, em=0 (250)
(52,117): ee=250, em=0 (250)
(52,118): ee=250, em=0 (250)
(52,119): ee=250, em=0 (250)
(52,120): ee=250, em=0 (250)
(52,121): ee=250, em=0 (250)
(52,122): ee=250, em=0 (250)
(52,123): ee=250, em=0 (250)
(52,124): ee=250, em=0 (250)
(52,125): ee=250, em=0 (250)
(52,126): ee=255, em=93 (250)
(52,127): ee=255, em=93 (250)
(53,0): ee=255, em=90 (239)
(53,1): ee=255, em=94 (250)
(53,2): ee=251, em=9 (250)
(53,3): ee=250, em=0 (250)
(53,4): ee=250, em=0 (250)
(53,5): ee=250, em=0 (250)
(53,6): ee=250, em=0 (250)
(53,7): ee=250, em=0 (250)
(53,8): ee=250, em=0 (250)
(53,9): ee=251, em=11 (250)
(53,10): ee=250, em=55 (250)
(53,11): ee=228, em=53 (228)
(53,12): ee=121, em=-48 (121)
(53,13): ee=41, em=-80 (81)
(53,14): ee=142, em=6 (142)
(53,15): ee=164, em=31 (161)
(53,16): ee=165, em=8 (164)
(53,17): ee=163, em=0 (163)
(53,18): ee=161, em=-1 (162)
(53,19): ee=161, em=0 (161)
(53,20): ee=161, em=0 (161)
(53,21): ee=161, em=0 (161)
(53,22): ee=162, em=0 (162)
(53,23): ee=163, em=1 (163)
(53,24): ee=163, em=1 (163)
(53,25): ee=161, em=0 (161)
(53,26): ee=162, em=0 (162)
(53,27): ee=161, em=0 (161)
(53,28): ee=160, em=0 (160)
(53,29): ee=160, em=0 (160)
(53,30): ee=159, em=0 (159)
(53,31): ee=159, em=0 (159)
(53,32): ee=159, em=0 (159)
(53,33): ee=160, em=0 (160)
(53,34): ee=160, em=-1 (161)
(53,35): ee=160, em=-2 (161)
(53,36): ee=162, em=-5 (163)
(53,37): ee=165, em=6 (165)
(53,38): ee=177, em=37 (177)
(53,39): ee=166, em=36 (166)
(53,40): ee=95, em=-41 (95)
(53,41): ee=0, em=-113 (53)
(53,42): ee=154, em=-1 (155)
(53,43): ee=238, em=57 (238)
(53,44): ee=250, em=44 (250)
(53,45): ee=251, em=8 (250)
(53,46): ee=250, em=0 (250)
(53,47): ee=250, em=0 (250)
(53,48): ee=250, em=0 (250)
(53,49): ee=250, em=0 (250)
(53,50): ee=250, em=0 (250)
(53,51): ee=250, em=0 (250)
(53,52): ee=250, em=0 (250)
(53,53): ee=250, em=0 (250)
(53,54): ee=250, em=0 (250)
(53,55): ee=250, em=0 (250)
(53,56): ee=250, em=0 (250)
(53,57): ee=250, em=0 (250)
(53,58): ee=250, em=0 (250)
(53,59): ee=250, em=0 (250)
(53,60): ee=250, em=0 (250)
(53,61): ee=250, em=0 (250)
(53,62): ee=250, em=0 (250)
(53,63): ee=250, em=0 (250)
(53,64): ee=250, em=0 (250)
(53,65): ee=250, em=0 (250)
(53,66): ee=250, em=0 (250)
(53,67): ee=250, em=0 (250)
(53,68): ee=250, em=0 (250)
(53,69): ee=250, em=0 (250)
(53,70): ee=250, em=0 (250)
(53,71): ee=250, em=0 (250)
(53,72): ee=250, em=0 (250)
(53,73): ee=250, em=0 (250)
(53,74): ee=250, em=0 (250)
(53,75): ee=250, em=0 (250)
(53,76): ee=250, em=0 (250)
(53,77): ee=250, em=0 (250)
(53,78): ee=250, em=0 (250)
(53,79): ee=250, em=0 (250)
(53,80): ee=250, em=0 (250)
(53,81): ee=250, em=0 (250)
(53,82): ee=250, em=0 (250)
(53,83): ee=250, em=0 (250)
(53,84): ee=250, em=0 (250)
(53,85): ee=250, em=0 (250)
(53,86): ee=250, em=0 (250)
(53,87): ee=250, em=0 (250)
(53,88): ee=250, em=0 (250)
(53,89): ee=250, em=0 (250)
(53,90): ee=250, em=0 (250)
(53,91): ee=250, em=0 (250)
(53,92): ee=252, em=19 (250)
(53,93): ee=255, em=84 (250)
(53,94): ee=205, em=39 (205)
(53,95): ee=11, em=-109 (66)
(53,96): ee=68, em=-68 (102)
(53,97): ee=255, em=86 (235)
(53,98): ee=255, em=85 (248)
(53,99): ee=252, em=23 (250)
(53,100): ee=252, em=20 (250)
(53,101): ee=251, em=11 (250)
(53,102): ee=249, em=9 (248)
(53,103): ee=250, em=5 (250)
(53,104): ee=250, em=4 (250)
(53,105): ee=250, em=0 (250)
(53,106): ee=250, em=0 (250)
(53,107): ee=250, em=0 (250)
(53,108): ee=250, em=0 (250)
(53,109): ee=250, em=0 (250)
(53,110): ee=250, em=0 (250)
(53,111): ee=250, em=0 (250)
(53,112): ee=250, em=0 (250)
(53,113): ee=250, em=0 (250)
(53,114): ee=250, em=0 (250)
(53,115): ee=250, em=0 (250)
(53,116): ee=250, em=0 (250)
(53,117): ee=250, em=0 (250)
(53,118): ee=250, em=0 (250)
(53,119): ee=250, em=0 (250)
(53,120): ee=250, em=0 (250)
(53,121): ee=250, em=0 (250)
(53,122): ee=250, em=0 (250)
(53,123): ee=250, em=0 (250)
(53,124): ee=250, em=0 (250)
(53,125): ee=250, em=0 (250)
(53,126): ee=255, em=93 (250)
(53,127): ee=255, em=93 (250)
(54,0): ee=251, em=65 (219)
(54,1): ee=255, em=91 (248)
(54,2): ee=250, em=6 (250)
(54,3): ee=250, em=0 (250)
(54,4): ee=250, em=0 (250)
(54,5): ee=250, em=0 (250)
(54,6): ee=250, em=0 (250)
(54,7): ee=250, em=0 (250)
(54,8): ee=250, em=0 (250)
(54,9): ee=250, em=2 (250)
(54,10): ee=253, em=29 (250)
(54,11): ee=255, em=68 (249)
(54,12): ee=173, em=-1 (174)
(54,13): ee=0, em=-166 (11)
(54,14): ee=107, em=-47 (107)
(54,15): ee=171, em=42 (171)
(54,16): ee=176, em=34 (176)
(54,17): ee=164, em=1 (164)
(54,18): ee=160, em=-4 (161)
(54,19): ee=161, em=0 (161)
(54,20): ee=161, em=0 (161)
(54,21): ee=161, em=0 (161)
(54,22): ee=161, em=0 (161)
(54,23): ee=162, em=1 (162)
(54,24): ee=161, em=0 (161)
(54,25): ee=159, em=-1 (160)
(54,26): ee=160, em=0 (160)
(54,27): ee=160, em=0 (160)
(54,28): ee=160, em=0 (160)
(54,29): ee=160, em=0 (160)
(54,30): ee=160, em=0 (160)
(54,31): ee=160, em=0 (160)
(54,32): ee=160, em=0 (160)
(54,33): ee=158, em=-1 (159)
(54,34): ee=159, em=-3 (160)
(54,35): ee=163, em=1 (163)
(54,36): ee=177, em=18 (175)
(54,37): ee=178, em=31 (175)
(54,38): ee=175, em=46 (175)
(54,39): ee=107, em=-38 (107)
(54,40): ee=0, em=-159 (7)
(54,41): ee=144, em=-23 (147)
(54,42): ee=240, em=63 (240)
(54,43): ee=250, em=41 (250)
(54,44): ee=251, em=13 (250)
(54,45): ee=250, em=1 (250)
(54,46): ee=250, em=0 (250)
(54,47): ee=250, em=0 (250)
(54,48): ee=250, em=0 (250)
(54,49): ee=250, em=0 (250)
(54,50): ee=250, em=0 (250)
(54,51): ee=250, em=0 (250)
(54,52): ee=250, em=0 (250)
(54,53): ee=250, em=0 (250)
(54,54): ee=250, em=0 (250)
(54,55): ee=250, em=0 (250)
(54,56): ee=250, em=0 (250)
(54,57): ee=250, em=0 (250)
(54,58): ee=250, em=0 (250)
(54,59): ee=250, em=0 (250)
(54,60): ee=250, em=0 (250)
(54,61): ee=250, em=0 (250)
(54,62): ee=250, em=0 (250)
(54,63): ee=250, em=0 (250)
(54,64): ee=250, em=0 (250)
(54,65): ee=250, em=0 (250)
(54,66): ee=250, em=0 (250)
(54,67): ee=250, em=0 (250)
(54,68): ee=250, em=0 (250)
(54,69): ee=250, em=0 (250)
(54,70): ee=250, em=0 (250)
(54,71): ee=250, em=0 (250)
(54,72): ee=250, em=0 (250)
(54,73): ee=250, em=0 (250)
(54,74): ee=250, em=0 (250)
(54,75): ee=250, em=0 (250)
(54,76): ee=250, em=0 (250)
(54,77): ee=250, em=0 (250)
(54,78): ee=250, em=0 (250)
(54,79): ee=250, em=0 (250)
(54,80): ee=250, em=0 (250)
(54,81): ee=250, em=0 (250)
(54,82): ee=250, em=0 (250)
(54,83): ee=250, em=0 (250)
(54,84): ee=250, em=0 (250)
(54,85): ee=250, em=0 (250)
(54,86): ee=250, em=0 (250)
(54,87): ee=250, em=0 (250)
(54,88): ee=250, em=0 (250)
(54,89): ee=250, em=0 (250)
(54,90): ee=250, em=0 (250)
(54,91): ee=250, em=0 (250)
(54,92): ee=252, em=18 (250)
(54,93): ee=255, em=78 (250)
(54,94): ee=195, em=24 (192)
(54,95): ee=0, em=-181 (6)
(54,96): ee=22, em=-105 (75)
(54,97): ee=255, em=67 (227)
(54,98): ee=255, em=71 (249)
(54,99): ee=251, em=15 (250)
(54,100): ee=250, em=2 (250)
(54,101): ee=250, em=0 (250)
(54,102): ee=250, em=0 (250)
(54,103): ee=250, em=0 (250)
(54,104): ee=250, em=0 (250)
(54,105): ee=250, em=0 (250)
(54,106): ee=250, em=0 (250)
(54,107): ee=250, em=0 (250)
(54,108): ee=250, em=0 (250)
(54,109): ee=250, em=0 (250)
(54,110): ee=250, em=0 (250)
(54,111): ee=250, em=0 (250)
(54,112): ee=250, em=0 (250)
(54,113): ee=250, em=0 (250)
(54,114): ee=250, em=0 (250)
(54,115): ee=250, em=0 (250)
(54,116): ee=250, em=0 (250)
(54,117): ee=250, em=0 (250)
(54,118): ee=250, em=0 (250)
(54,119): ee=250, em=0 (250)
(54,120): ee=250, em=0 (250)
(54,121): ee=250, em=0 (250)
(54,122): ee=250, em=0 (250)
(54,123): ee=250, em=0 (250)
(54,124): ee=250, em=0 (250)
(54,125): ee=250, em=0 (250)
(54,126): ee=255, em=93 (250)
(54,127): ee=255, em=93 (250)
(55,0): ee=255, em=90 (239)
(55,1): ee=255, em=94 (250)
(55,2): ee=251, em=9 (250)
(55,3): ee=250, em=0 (250)
(55,4): ee=250, em=0 (250)
(55,5): ee=250, em=0 (250)
(55,6): ee=250, em=0 (250)
(55,7): ee=250, em=0 (250)
(55,8): ee=250, em=0 (250)
(55,9): ee=250, em=0 (250)
(55,10): ee=251, em=13 (250)
(55,11): ee=250, em=52 (250)
(55,12): ee=222, em=53 (222)
(55,13): ee=122, em=-53 (122)
(55,14): ee=8, em=-101 (59)
(55,15): ee=161, em=20 (159)
(55,16): ee=177, em=50 (177)
(55,17): ee=164, em=7 (164)
(55,18): ee=160, em=-6 (161)
(55,19): ee=159, em=-2 (160)
(55,20): ee=161, em=0 (161)
(55,21): ee=161, em=0 (161)
(55,22): ee=161, em=0 (161)
(55,23): ee=161, em=0 (161)
(55,24): ee=161, em=0 (161)
(55,25): ee=160, em=0 (160)
(55,26): ee=160, em=0 (160)
(55,27): ee=160, em=0 (160)
(55,28): ee=158, em=-1 (159)
(55,29): ee=159, em=-1 (160)
(55,30): ee=159, em=-2 (160)
(55,31): ee=160, em=-1 (161)
(55,32): ee=159, em=-5 (160)
(55,33): ee=158, em=-3 (159)
(55,34): ee=158, em=-6 (159)
(55,35): ee=165, em=20 (163)
(55,36): ee=174, em=40 (174)
(55,37): ee=157, em=28 (154)
(55,38): ee=84, em=-49 (84)
(55,39): ee=31, em=-82 (72)
(55,40): ee=153, em=-2 (154)
(55,41): ee=231, em=44 (231)
(55,42): ee=249, em=43 (249)
(55,43): ee=252, em=16 (250)
(55,44): ee=250, em=2 (250)
(55,45): ee=250, em=0 (250)
(55,46): ee=250, em=0 (250)
(55,47): ee=250, em=0 (250)
(55,48): ee=250, em=0 (250)
(55,49): ee=250, em=0 (250)
(55,50): ee=250, em=0 (250)
(55,51): ee=250, em=0 (250)
(55,52): ee=250, em=0 (250)
(55,53): ee=250, em=0 (250)
(55,54): ee=250, em=0 (250)
(55,55): ee=250, em=0 (250)
(55,56): ee=250, em=0 (250)
(55,57): ee=250, em=0 (250)
(55,58): ee=250, em=0 (250)
(55,59): ee=250, em=0 (250)
(55,60): ee=250, em=0 (250)
(55,61): ee=250, em=0 (250)
(55,62): ee=250, em=0 (250)
(55,63): ee=250, em=0 (250)
(55,64): ee=250, em=0 (250)
(55,65): ee=250, em=0 (250)
(55,66): ee=250, em=0 (250)
(55,67): ee=250, em=0 (250)
(55,68): ee=250, em=0 (250)
(55,69): ee=250, em=0 (250)
(55,70): ee=250, em=0 (250)
(55,71): ee=250, em=0 (250)
(55,72): ee=250, em=0 (250)
(55,73): ee=250, em=0 (250)
(55,74): ee=250, em=0 (250)
(55,75): ee=250, em=0 (250)
(55,76): ee=250, em=0 (250)
(55,77): ee=250, em=0 (250)
(55,78): ee=250, em=0 (250)
(55,79): ee=250, em=0 (250)
(55,80): ee=250, em=0 (250)
(55,81): ee=250, em=0 (250)
(55,82): ee=250, em=0 (250)
(55,83): ee=250, em=0 (250)
(55,84): ee=250, em=0 (250)
(55,85): ee=250, em=0 (250)
(55,86): ee=250, em=0 (250)
(55,87): ee=250, em=0 (250)
(55,88): ee=250, em=0 (250)
(55,89): ee=250, em=0 (250)
(55,90): ee=250, em=0 (250)
(55,91): ee=250, em=0 (250)
(55,92): ee=251, em=14 (250)
(55,93): ee=255, em=65 (250)
(55,94): ee=202, em=43 (202)
(55,95): ee=0, em=-124 (51)
(55,96): ee=0, em=-170 (4)
(55,97): ee=168, em=8 (167)
(55,98): ee=255, em=78 (238)
(55,99): ee=250, em=37 (250)
(55,100): ee=251, em=8 (250)
(55,101): ee=250, em=3 (250)
(55,102): ee=250, em=0 (250)
(55,103): ee=250, em=0 (250)
(55,104): ee=250, em=0 (250)
(55,105): ee=250, em=0 (250)
(55,106): ee=250, em=0 (250)
(55,107): ee=250, em=0 (250)
(55,108): ee=250, em=0 (250)
(55,109): ee=250, em=0 (250)
(55,110): ee=250, em=0 (250)
(55,111): ee=250, em=0 (250)
(55,112): ee=250, em=0 (250)
(55,113): ee=250, em=0 (250)
(55,114): ee=250, em=0 (250)
(55,115): ee=250, em=0 (250)
(55,116): ee=250, em=0 (250)
(55,117): ee=250, em=0 (250)
(55,118): ee=250, em=0 (250)
(55,119): ee=250, em=0 (250)
(55,120): ee=250, em=0 (250)
(55,121): ee=250, em=0 (250)
(55,122): ee=250, em=0 (250)
(55,123): ee=250, em=0 (250)
(55,124): ee=250, em=0 (250)
(55,125): ee=250, em=0 (250)
(55,126): ee=255, em=93 (250)
(55,127): ee=255, em=93 (250)
(56,0): ee=251, em=65 (219)
(56,1): ee=255, em=91 (248)
(56,2): ee=250, em=6 (250)
(56,3): ee=250, em=0 (250)
(56,4): ee=250, em=0 (250)
(56,5): ee=250, em=0 (250)
(56,6): ee=250, em=0 (250)
(56,7): ee=250, em=0 (250)
(56,8): ee=250, em=0 (250)
(56,9): ee=250, em=0 (250)
(56,10): ee=250, em=3 (250)
(56,11): ee=253, em=24 (250)
(56,12): ee=255, em=70 (249)
(56,13): ee=201, em=16 (199)
(56,14): ee=0, em=-169 (8)
(56,15): ee=112, em=-49 (112)
(56,16): ee=174, em=46 (174)
(56,17): ee=166, em=19 (164)
(56,18): ee=166, em=3 (166)
(56,19): ee=159, em=-2 (160)
(56,20): ee=159, em=-1 (160)
(56,21): ee=161, em=0 (161)
(56,22): ee=161, em=0 (161)
(56,23): ee=161, em=0 (161)
(56,24): ee=161, em=1 (161)
(56,25): ee=160, em=0 (160)
(56,26): ee=159, em=0 (159)
(56,27): ee=159, em=0 (159)
(56,28): ee=160, em=0 (160)
(56,29): ee=162, em=1 (162)
(56,30): ee=165, em=1 (165)
(56,31): ee=166, em=4 (166)
(56,32): ee=177, em=13 (176)
(56,33): ee=177, em=24 (174)
(56,34): ee=182, em=41 (182)
(56,35): ee=159, em=30 (156)
(56,36): ee=134, em=13 (133)
(56,37): ee=0, em=-139 (4)
(56,38): ee=0, em=-152 (4)
(56,39): ee=167, em=2 (167)
(56,40): ee=245, em=64 (245)
(56,41): ee=250, em=35 (250)
(56,42): ee=251, em=15 (250)
(56,43): ee=251, em=9 (250)
(56,44): ee=248, em=6 (248)
(56,45): ee=243, em=0 (243)
(56,46): ee=245, em=3 (245)
(56,47): ee=251, em=8 (250)
(56,48): ee=250, em=5 (250)
(56,49): ee=250, em=1 (250)
(56,50): ee=250, em=0 (250)
(56,51): ee=250, em=0 (250)
(56,52): ee=250, em=0 (250)
(56,53): ee=250, em=0 (250)
(56,54): ee=250, em=0 (250)
(56,55): ee=250, em=0 (250)
(56,56): ee=250, em=0 (250)
(56,57): ee=250, em=0 (250)
(56,58): ee=250, em=0 (250)
(56,59): ee=250, em=0 (250)
(56,60): ee=250, em=0 (250)
(56,61): ee=250, em=0 (250)
(56,62): ee=250, em=0 (250)
(56,63): ee=250, em=0 (250)
(56,64): ee=250, em=0 (250)
(56,65): ee=250, em=0 (250)
(56,66): ee=250, em=0 (250)
(56,67): ee=250, em=0 (250)
(56,68): ee=250, em=0 (250)
(56,69): ee=250, em=0 (250)
(56,70): ee=250, em=0 (250)
(56,71): ee=250, em=0 (250)
(56,72): ee=250, em=0 (250)
(56,73): ee=250, em=0 (250)
(56,74): ee=250, em=0 (250)
(56,75): ee=250, em=0 (250)
(56,76): ee=250, em=0 (250)
(56,77): ee=250, em=0 (250)
(56,78): ee=250, em=0 (250)
(56,79): ee=250, em=0 (250)
(56,80): ee=250, em=0 (250)
(56,81): ee=250, em=0 (250)
(56,82): ee=250, em=0 (250)
(56,83): ee=250, em=0 (250)
(56,84): ee=250, em=0 (250)
(56,85): ee=250, em=0 (250)
(56,86): ee=250, em=0 (250)
(56,87): ee=250, em=0 (250)
(56,88): ee=250, em=0 (250)
(56,89): ee=250, em=0 (250)
(56,90): ee=250, em=0 (250)
(56,91): ee=250, em=0 (250)
(56,92): ee=250, em=7 (250)
(56,93): ee=250, em=35 (250)
(56,94): ee=255, em=72 (243)
(56,95): ee=174, em=8 (173)
(56,96): ee=0, em=-158 (3)
(56,97): ee=48, em=-71 (84)
(56,98): ee=194, em=54 (194)
(56,99): ee=224, em=50 (224)
(56,100): ee=250, em=44 (250)
(56,101): ee=252, em=20 (250)
(56,102): ee=250, em=5 (250)
(56,103): ee=250, em=0 (250)
(56,104): ee=250, em=0 (250)
(56,105): ee=250, em=0 (250)
(56,106): ee=250, em=0 (250)
(56,107): ee=250, em=0 (250)
(56,108): ee=250, em=0 (250)
(56,109): ee=250, em=0 (250)
(56,110): ee=250, em=0 (250)
(56,111): ee=250, em=0 (250)
(56,112): ee=250, em=0 (250)
(56,113): ee=250, em=0 (250)
(56,114): ee=250, em=0 (250)
(56,115): ee=250, em=0 (250)
(56,116): ee=250, em=0 (250)
(56,117): ee=250, em=0 (250)
(56,118): ee=250, em=0 (250)
(56,119): ee=250, em=0 (250)
(56,120): ee=250, em=0 (250)
(56,121): ee=250, em=0 (250)
(56,122): ee=250, em=0 (250)
(56,123): ee=250, em=0 (250)
(56,124): ee=250, em=0 (250)
(56,125): ee=250, em=0 (250)
(56,126): ee=255, em=93 (250)
(56,127): ee=255, em=93 (250)
(57,0): ee=255, em=90 (239)
(57,1): ee=255, em=94 (250)
(57,2): ee=251, em=9 (250)
(57,3): ee=250, em=0 (250)
(57,4): ee=250, em=0 (250)
(57,5): ee=250, em=0 (250)
(57,6): ee=250, em=0 (250)
(57,7): ee=250, em=0 (250)
(57,8): ee=250, em=0 (250)
(57,9): ee=250, em=0 (250)
(57,10): ee=250, em=0 (250)
(57,11): ee=251, em=8 (250)
(57,12): ee=250, em=49 (250)
(57,13): ee=236, em=52 (236)
(57,14): ee=135, em=-23 (138)
(57,15): ee=34, em=-90 (79)
(57,16): ee=151, em=20 (149)
(57,17): ee=168, em=31 (165)
(57,18): ee=164, em=18 (162)
(57,19): ee=159, em=-1 (160)
(57,20): ee=159, em=-5 (160)
(57,21): ee=161, em=-2 (162)
(57,22): ee=159, em=-5 (160)
(57,23): ee=160, em=-3 (161)
(57,24): ee=159, em=-2 (160)
(57,25): ee=159, em=-1 (160)
(57,26): ee=156, em=0 (156)
(57,27): ee=156, em=0 (156)
(57,28): ee=153, em=2 (153)
(57,29): ee=159, em=10 (158)
(57,30): ee=164, em=17 (162)
(57,31): ee=163, em=20 (161)
(57,32): ee=175, em=47 (175)
(57,33): ee=160, em=46 (160)
(57,34): ee=139, em=37 (139)
(57,35): ee=74, em=-38 (74)
(57,36): ee=0, em=-115 (6)
(57,37): ee=109, em=-25 (113)
(57,38): ee=207, em=57 (207)
(57,39): ee=246, em=59 (246)
(57,40): ee=250, em=36 (250)
(57,41): ee=251, em=11 (250)
(57,42): ee=251, em=10 (250)
(57,43): ee=251, em=17 (249)
(57,44): ee=226, em=-2 (227)
(57,45): ee=201, em=-27 (205)
(57,46): ee=207, em=-20 (210)
(57,47): ee=239, em=9 (238)
(57,48): ee=251, em=15 (250)
(57,49): ee=250, em=5 (250)
(57,50): ee=250, em=1 (250)
(57,51): ee=250, em=0 (250)
(57,52): ee=250, em=0 (250)
(57,53): ee=250, em=0 (250)
(57,54): ee=250, em=0 (250)
(57,55): ee=250, em=0 (250)
(57,56): ee=250, em=0 (250)
(57,57): ee=250, em=0 (250)
(57,58): ee=250, em=0 (250)
(57,59): ee=250, em=0 (250)
(57,60): ee=250, em=0 (250)
(57,61): ee=250, em=0 (250)
(57,62): ee=250, em=0 (250)
(57,63): ee=250, em=0 (250)
(57,64): ee=250, em=0 (250)
(57,65): ee=250, em=0 (250)
(57,66): ee=250, em=0 (250)
(57,67): ee=250, em=0 (250)
(57,68): ee=250, em=0 (250)
(57,69): ee=250, em=0 (250)
(57,70): ee=250, em=0 (250)
(57,71): ee=250, em=0 (250)
(57,72): ee=250, em=0 (250)
(57,73): ee=250, em=0 (250)
(57,74): ee=250, em=0 (250)
(57,75): ee=250, em=0 (250)
(57,76): ee=250, em=0 (250)
(57,77): ee=250, em=0 (250)
(57,78): ee=250, em=0 (250)
(57,79): ee=250, em=0 (250)
(57,80): ee=250, em=0 (250)
(57,81): ee=250, em=0 (250)
(57,82): ee=250, em=1 (250)
(57,83): ee=250, em=0 (250)
(57,84): ee=250, em=3 (250)
(57,85): ee=250, em=2 (250)
(57,86): ee=249, em=6 (249)
(57,87): ee=250, em=4 (250)
(57,88): ee=248, em=7 (248)
(57,89): ee=250, em=4 (250)
(57,90): ee=249, em=6 (249)
(57,91): ee=250, em=3 (250)
(57,92): ee=250, em=4 (250)
(57,93): ee=251, em=12 (250)
(57,94): ee=250, em=44 (250)
(57,95): ee=240, em=57 (240)
(57,96): ee=154, em=4 (154)
(57,97): ee=0, em=-134 (24)
(57,98): ee=0, em=-142 (5)
(57,99): ee=113, em=-42 (113)
(57,100): ee=210, em=45 (210)
(57,101): ee=250, em=54 (250)
(57,102): ee=252, em=22 (250)
(57,103): ee=250, em=3 (250)
(57,104): ee=250, em=0 (250)
(57,105): ee=250, em=0 (250)
(57,106): ee=250, em=0 (250)
(57,107): ee=250, em=0 (250)
(57,108): ee=250, em=0 (250)
(57,109): ee=250, em=0 (250)
(57,110): ee=250, em=0 (250)
(57,111): ee=250, em=0 (250)
(57,112): ee=250, em=0 (250)
(57,113): ee=250, em=0 (250)
(57,114): ee=250, em=0 (250)
(57,115): ee=250, em=0 (250)
(57,116): ee=250, em=0 (250)
(57,117): ee=250, em=0 (250)
(57,118): ee=250, em=0 (250)
(57,119): ee=250, em=0 (250)
(57,120): ee=250, em=0 (250)
(57,121): ee=250, em=0 (250)
(57,122): ee=250, em=0 (250)
(57,123): ee=250, em=0 (250)
(57,124): ee=250, em=0 (250)
(57,125): ee=250, em=0 (250)
(57,126): ee=255, em=93 (250)
(57,127): ee=255, em=93 (250)
(58,0): ee=251, em=65 (219)
(58,1): ee=255, em=91 (248)
(58,2): ee=250, em=6 (250)
(58,3): ee=250, em=0 (250)
(58,4): ee=250, em=0 (250)
(58,5): ee=250, em=0 (250)
(58,6): ee=250, em=0 (250)
(58,7): ee=250, em=0 (250)
(58,8): ee=250, em=0 (250)
(58,9): ee=250, em=0 (250)
(58,10): ee=250, em=0 (250)
(58,11): ee=250, em=1 (250)
(58,12): ee=252, em=20 (250)
(58,13): ee=249, em=50 (249)
(58,14): ee=207, em=35 (207)
(58,15): ee=32, em=-96 (80)
(58,16): ee=0, em=-147 (7)
(58,17): ee=151, em=16 (149)
(58,18): ee=163, em=42 (163)
(58,19): ee=163, em=14 (162)
(58,20): ee=172, em=17 (170)
(58,21): ee=173, em=14 (172)
(58,22): ee=180, em=18 (178)
(58,23): ee=178, em=18 (176)
(58,24): ee=172, em=17 (170)
(58,25): ee=169, em=19 (167)
(58,26): ee=156, em=25 (153)
(58,27): ee=155, em=24 (152)
(58,28): ee=138, em=29 (135)
(58,29): ee=129, em=10 (128)
(58,30): ee=115, em=9 (114)
(58,31): ee=92, em=-29 (96)
(58,32): ee=77, em=-40 (77)
(58,33): ee=77, em=-34 (77)
(58,34): ee=0, em=-93 (5)
(58,35): ee=0, em=-134 (6)
(58,36): ee=17, em=-77 (56)
(58,37): ee=208, em=52 (208)
(58,38): ee=255, em=90 (249)
(58,39): ee=253, em=29 (250)
(58,40): ee=250, em=6 (250)
(58,41): ee=250, em=3 (250)
(58,42): ee=253, em=27 (250)
(58,43): ee=249, em=49 (249)
(58,44): ee=199, em=1 (199)
(58,45): ee=159, em=-38 (159)
(58,46): ee=181, em=-12 (183)
(58,47): ee=222, em=26 (219)
(58,48): ee=245, em=27 (242)
(58,49): ee=250, em=13 (249)
(58,50): ee=250, em=3 (250)
(58,51): ee=250, em=1 (250)
(58,52): ee=250, em=0 (250)
(58,53): ee=250, em=0 (250)
(58,54): ee=250, em=0 (250)
(58,55): ee=250, em=0 (250)
(58,56): ee=250, em=0 (250)
(58,57): ee=250, em=0 (250)
(58,58): ee=250, em=0 (250)
(58,59): ee=250, em=0 (250)
(58,60): ee=250, em=0 (250)
(58,61): ee=250, em=0 (250)
(58,62): ee=250, em=0 (250)
(58,63): ee=250, em=0 (250)
(58,64): ee=250, em=0 (250)
(58,65): ee=250, em=0 (250)
(58,66): ee=250, em=0 (250)
(58,67): ee=250, em=0 (250)
(58,68): ee=250, em=0 (250)
(58,69): ee=250, em=0 (250)
(58,70): ee=250, em=0 (250)
(58,71): ee=250, em=0 (250)
(58,72): ee=250, em=0 (250)
(58,73): ee=250, em=0 (250)
(58,74): ee=250, em=0 (250)
(58,75): ee=250, em=2 (250)
(58,76): ee=250, em=1 (250)
(58,77): ee=250, em=5 (250)
(58,78): ee=250, em=3 (250)
(58,79): ee=251, em=9 (250)
(58,80): ee=250, em=7 (250)
(58,81): ee=251, em=14 (250)
(58,82): ee=251, em=15 (250)
(58,83): ee=251, em=19 (249)
(58,84): ee=241, em=15 (240)
(58,85): ee=247, em=23 (245)
(58,86): ee=235, em=28 (232)
(58,87): ee=240, em=32 (240)
(58,88): ee=220, em=39 (220)
(58,89): ee=235, em=27 (232)
(58,90): ee=227, em=39 (227)
(58,91): ee=241, em=22 (239)
(58,92): ee=249, em=37 (249)
(58,93): ee=251, em=14 (250)
(58,94): ee=252, em=17 (250)
(58,95): ee=250, em=38 (250)
(58,96): ee=255, em=79 (248)
(58,97): ee=182, em=27 (179)
(58,98): ee=0, em=-144 (3)
(58,99): ee=0, em=-150 (7)
(58,100): ee=111, em=-27 (115)
(58,101): ee=224, em=56 (224)
(58,102): ee=249, em=54 (249)
(58,103): ee=252, em=16 (250)
(58,104): ee=250, em=2 (250)
(58,105): ee=250, em=0 (250)
(58,106): ee=250, em=0 (250)
(58,107): ee=250, em=0 (250)
(58,108): ee=250, em=0 (250)
(58,109): ee=250, em=0 (250)
(58,110): ee=250, em=0 (250)
(58,111): ee=250, em=0 (250)
(58,112): ee=250, em=0 (250)
(58,113): ee=250, em=0 (250)
(58,114): ee=250, em=0 (250)
(58,115): ee=250, em=0 (250)
(58,116): ee=250, em=0 (250)
(58,117): ee=250, em=0 (250)
(58,118): ee=250, em=0 (250)
(58,119): ee=250, em=0 (250)
(58,120): ee=250, em=0 (250)
(58,121): ee=250, em=0 (250)
(58,122): ee=250, em=0 (250)
(58,123): ee=250, em=0 (250)
(58,124): ee=250, em=0 (250)
(58,125): ee=250, em=0 (250)
(58,126): ee=255, em=93 (250)
(58,127): ee=255, em=93 (250)
(59,0): ee=255, em=90 (239)
(59,1): ee=255, em=94 (250)
(59,2): ee=251, em=9 (250)
(59,3): ee=250, em=0 (250)
(59,4): ee=250, em=0 (250)
(59,5): ee=250, em=0 (250)
(59,6): ee=250, em=0 (250)
(59,7): ee=250, em=0 (250)
(59,8): ee=250, em=0 (250)
(59,9): ee=250, em=0 (250)
(59,10): ee=250, em=0 (250)
(59,11): ee=250, em=0 (250)
(59,12): ee=250, em=6 (250)
(59,13): ee=253, em=29 (250)
(59,14): ee=241, em=49 (241)
(59,15): ee=191, em=2 (191)
(59,16): ee=50, em=-78 (89)
(59,17): ee=61, em=-67 (95)
(59,18): ee=86, em=-54 (86)
(59,19): ee=121, em=-27 (125)
(59,20): ee=143, em=-10 (145)
(59,21): ee=154, em=0 (154)
(59,22): ee=166, em=5 (166)
(59,23): ee=157, em=4 (157)
(59,24): ee=148, em=-4 (149)
(59,25): ee=127, em=-17 (130)
(59,26): ee=97, em=-40 (97)
(59,27): ee=86, em=-53 (86)
(59,28): ee=0, em=-125 (4)
(59,29): ee=0, em=-104 (39)
(59,30): ee=0, em=-124 (8)
(59,31): ee=95, em=-55 (95)
(59,32): ee=119, em=-12 (121)
(59,33): ee=187, em=64 (187)
(59,34): ee=255, em=120 (212)
(59,35): ee=112, em=-38 (112)
(59,36): ee=0, em=-149 (5)
(59,37): ee=198, em=25 (195)
(59,38): ee=255, em=83 (246)
(59,39): ee=252, em=23 (250)
(59,40): ee=250, em=4 (250)
(59,41): ee=251, em=14 (250)
(59,42): ee=250, em=57 (250)
(59,43): ee=225, em=58 (225)
(59,44): ee=107, em=-48 (107)
(59,45): ee=0, em=-168 (5)
(59,46): ee=100, em=-49 (100)
(59,47): ee=191, em=27 (188)
(59,48): ee=227, em=38 (227)
(59,49): ee=245, em=16 (243)
(59,50): ee=251, em=9 (250)
(59,51): ee=250, em=3 (250)
(59,52): ee=250, em=0 (250)
(59,53): ee=250, em=0 (250)
(59,54): ee=250, em=0 (250)
(59,55): ee=250, em=0 (250)
(59,56): ee=250, em=0 (250)
(59,57): ee=250, em=0 (250)
(59,58): ee=250, em=0 (250)
(59,59): ee=250, em=0 (250)
(59,60): ee=250, em=0 (250)
(59,61): ee=250, em=0 (250)
(59,62): ee=250, em=0 (250)
(59,63): ee=250, em=0 (250)
(59,64): ee=250, em=0 (250)
(59,65): ee=250, em=0 (250)
(59,66): ee=250, em=0 (250)
(59,67): ee=250, em=0 (250)
(59,68): ee=250, em=2 (250)
(59,69): ee=250, em=3 (250)
(59,70): ee=251, em=8 (250)
(59,71): ee=251, em=9 (250)
(59,72): ee=252, em=17 (250)
(59,73): ee=252, em=20 (250)
(59,74): ee=252, em=26 (249)
(59,75): ee=249, em=35 (249)
(59,76): ee=251, em=31 (248)
(59,77): ee=236, em=29 (233)
(59,78): ee=247, em=29 (244)
(59,79): ee=228, em=28 (225)
(59,80): ee=234, em=17 (232)
(59,81): ee=219, em=21 (217)
(59,82): ee=216, em=5 (216)
(59,83): ee=193, em=-3 (194)
(59,84): ee=182, em=-18 (185)
(59,85): ee=177, em=-15 (179)
(59,86): ee=159, em=-23 (162)
(59,87): ee=153, em=-28 (157)
(59,88): ee=34, em=-77 (73)
(59,89): ee=65, em=-69 (100)
(59,90): ee=0, em=-154 (3)
(59,91): ee=149, em=-28 (153)
(59,92): ee=212, em=46 (212)
(59,93): ee=250, em=49 (250)
(59,94): ee=253, em=24 (250)
(59,95): ee=251, em=14 (250)
(59,96): ee=250, em=39 (250)
(59,97): ee=255, em=70 (248)
(59,98): ee=190, em=50 (190)
(59,99): ee=40, em=-74 (77)
(59,100): ee=0, em=-151 (4)
(59,101): ee=145, em=-5 (146)
(59,102): ee=231, em=64 (231)
(59,103): ee=250, em=47 (250)
(59,104): ee=250, em=7 (250)
(59,105): ee=250, em=0 (250)
(59,106): ee=250, em=0 (250)
(59,107): ee=250, em=0 (250)
(59,108): ee=250, em=0 (250)
(59,109): ee=250, em=0 (250)
(59,110): ee=250, em=0 (250)
(59,111): ee=250, em=0 (250)
(59,112): ee=250, em=0 (250)
(59,113): ee=250, em=0 (250)
(59,114): ee=250, em=0 (250)
(59,115): ee=250, em=0 (250)
(59,116): ee=250, em=0 (250)
(59,117): ee=250, em=0 (250)
(59,118): ee=250, em=0 (250)
(59,119): ee=250, em=0 (250)
(59,120): ee=250, em=0 (250)
(59,121): ee=250, em=0 (250)
(59,122): ee=250, em=0 (250)
(59,123): ee=250, em=0 (250)
(59,124): ee=250, em=0 (250)
(59,125): ee=250, em=0 (250)
(59,126): ee=255, em=93 (250)
(59,127): ee=255, em=93 (250)
(60,0): ee=251, em=65 (219)
(60,1): ee=255, em=91 (248)
(60,2): ee=250, em=6 (250)
(60,3): ee=250, em=0 (250)
(60,4): ee=250, em=0 (250)
(60,5): ee=250, em=0 (250)
(60,6): ee=250, em=0 (250)
(60,7): ee=250, em=0 (250)
(60,8): ee=250, em=0 (250)
(60,9): ee=250, em=0 (250)
(60,10): ee=250, em=0 (250)
(60,11): ee=250, em=0 (250)
(60,12): ee=250, em=1 (250)
(60,13): ee=250, em=7 (250)
(60,14): ee=252, em=23 (250)
(60,15): ee=248, em=32 (248)
(60,16): ee=230, em=33 (230)
(60,17): ee=186, em=-8 (187)
(60,18): ee=156, em=-22 (159)
(60,19): ee=154, em=-24 (157)
(60,20): ee=156, em=-23 (159)
(60,21): ee=144, em=-40 (144)
(60,22): ee=155, em=-30 (159)
(60,23): ee=143, em=-39 (143)
(60,24): ee=150, em=-29 (154)
(60,25): ee=138, em=-39 (138)
(60,26): ee=150, em=-14 (152)
(60,27): ee=161, em=-5 (162)
(60,28): ee=183, em=29 (180)
(60,29): ee=203, em=30 (200)
(60,30): ee=196, em=31 (193)
(60,31): ee=228, em=38 (228)
(60,32): ee=234, em=46 (234)
(60,33): ee=255, em=71 (245)
(60,34): ee=255, em=93 (227)
(60,35): ee=123, em=-56 (123)
(60,36): ee=0, em=-170 (4)
(60,37): ee=158, em=-21 (161)
(60,38): ee=255, em=81 (236)
(60,39): ee=252, em=31 (249)
(60,40): ee=251, em=10 (250)
(60,41): ee=252, em=30 (249)
(60,42): ee=255, em=68 (235)
(60,43): ee=167, em=27 (164)
(60,44): ee=0, em=-119 (3)
(60,45): ee=0, em=-123 (3)
(60,46): ee=0, em=-87 (22)
(60,47): ee=178, em=51 (178)
(60,48): ee=214, em=51 (214)
(60,49): ee=229, em=15 (228)
(60,50): ee=246, em=12 (245)
(60,51): ee=251, em=9 (250)
(60,52): ee=250, em=2 (250)
(60,53): ee=250, em=0 (250)
(60,54): ee=250, em=0 (250)
(60,55): ee=250, em=0 (250)
(60,56): ee=250, em=0 (250)
(60,57): ee=250, em=0 (250)
(60,58): ee=250, em=0 (250)
(60,59): ee=250, em=0 (250)
(60,60): ee=250, em=0 (250)
(60,61): ee=250, em=0 (250)
(60,62): ee=250, em=0 (250)
(60,63): ee=250, em=0 (250)
(60,64): ee=250, em=0 (250)
(60,65): ee=250, em=3 (250)
(60,66): ee=250, em=3 (250)
(60,67): ee=251, em=10 (250)
(60,68): ee=252, em=18 (250)
(60,69): ee=251, em=28 (248)
(60,70): ee=233, em=36 (233)
(60,71): ee=227, em=32 (227)
(60,72): ee=200, em=35 (200)
(60,73): ee=198, em=20 (196)
(60,74): ee=181, em=24 (178)
(60,75): ee=159, em=-12 (161)
(60,76): ee=150, em=-23 (153)
(60,77): ee=86, em=-66 (119)
(60,78): ee=157, em=-45 (157)
(60,79): ee=87, em=-71 (123)
(60,80): ee=174, em=-40 (174)
(60,81): ee=97, em=-68 (131)
(60,82): ee=172, em=-43 (172)
(60,83): ee=146, em=-54 (146)
(60,84): ee=176, em=-26 (180)
(60,85): ee=160, em=-37 (160)
(60,86): ee=173, em=-15 (175)
(60,87): ee=162, em=-23 (165)
(60,88): ee=180, em=40 (180)
(60,89): ee=167, em=19 (165)
(60,90): ee=0, em=-125 (3)
(60,91): ee=0, em=-159 (5)
(60,92): ee=96, em=-44 (96)
(60,93): ee=211, em=45 (211)
(60,94): ee=250, em=62 (250)
(60,95): ee=253, em=30 (250)
(60,96): ee=252, em=21 (250)
(60,97): ee=249, em=52 (249)
(60,98): ee=255, em=101 (245)
(60,99): ee=156, em=3 (156)
(60,100): ee=0, em=-164 (1)
(60,101): ee=0, em=-176 (0)
(60,102): ee=212, em=59 (212)
(60,103): ee=249, em=56 (249)
(60,104): ee=251, em=9 (250)
(60,105): ee=250, em=0 (250)
(60,106): ee=250, em=0 (250)
(60,107): ee=250, em=0 (250)
(60,108): ee=250, em=0 (250)
(60,109): ee=250, em=0 (250)
(60,110): ee=250, em=0 (250)
(60,111): ee=250, em=0 (250)
(60,112): ee=250, em=0 (250)
(60,113): ee=250, em=0 (250)
(60,114): ee=250, em=0 (250)
(60,115): ee=250, em=0 (250)
(60,116): ee=250, em=0 (250)
(60,117): ee=250, em=0 (250)
(60,118): ee=250, em=0 (250)
(60,119): ee=250, em=0 (250)
(60,120): ee=250, em=0 (250)
(60,121): ee=250, em=0 (250)
(60,122): ee=250, em=0 (250)
(60,123): ee=250, em=0 (250)
(60,124): ee=250, em=0 (250)
(60,125): ee=250, em=0 (250)
(60,126): ee=255, em=93 (250)
(60,127): ee=255, em=93 (250)
(61,0): ee=255, em=90 (239)
(61,1): ee=255, em=94 (250)
(61,2): ee=251, em=9 (250)
(61,3): ee=250, em=0 (250)
(61,4): ee=250, em=0 (250)
(61,5): ee=250, em=0 (250)
(61,6): ee=250, em=0 (250)
(61,7): ee=250, em=0 (250)
(61,8): ee=250, em=0 (250)
(61,9): ee=250, em=0 (250)
(61,10): ee=250, em=0 (250)
(61,11): ee=250, em=0 (250)
(61,12): ee=250, em=0 (250)
(61,13): ee=250, em=0 (250)
(61,14): ee=250, em=2 (250)
(61,15): ee=251, em=8 (250)
(61,16): ee=251, em=14 (250)
(61,17): ee=252, em=20 (250)
(61,18): ee=252, em=24 (249)
(61,19): ee=251, em=31 (248)
(61,20): ee=250, em=31 (247)
(61,21): ee=246, em=35 (246)
(61,22): ee=247, em=32 (247)
(61,23): ee=245, em=36 (245)
(61,24): ee=247, em=33 (247)
(61,25): ee=246, em=35 (246)
(61,26): ee=251, em=31 (248)
(61,27): ee=252, em=30 (249)
(61,28): ee=252, em=27 (249)
(61,29): ee=252, em=20 (250)
(61,30): ee=252, em=18 (250)
(61,31): ee=251, em=9 (250)
(61,32): ee=251, em=14 (250)
(61,33): ee=249, em=44 (249)
(61,34): ee=255, em=87 (239)
(61,35): ee=142, em=-27 (146)
(61,36): ee=0, em=-172 (3)
(61,37): ee=138, em=-36 (138)
(61,38): ee=255, em=78 (231)
(61,39): ee=250, em=48 (250)
(61,40): ee=251, em=14 (250)
(61,41): ee=249, em=41 (249)
(61,42): ee=254, em=66 (221)
(61,43): ee=109, em=-20 (112)
(61,44): ee=0, em=-93 (3)
(61,45): ee=0, em=-100 (2)
(61,46): ee=41, em=-33 (41)
(61,47): ee=143, em=29 (140)
(61,48): ee=182, em=39 (182)
(61,49): ee=205, em=10 (204)
(61,50): ee=235, em=13 (234)
(61,51): ee=250, em=16 (248)
(61,52): ee=250, em=7 (250)
(61,53): ee=250, em=1 (250)
(61,54): ee=250, em=0 (250)
(61,55): ee=250, em=0 (250)
(61,56): ee=250, em=0 (250)
(61,57): ee=250, em=0 (250)
(61,58): ee=250, em=2 (250)
(61,59): ee=250, em=5 (250)
(61,60): ee=251, em=12 (250)
(61,61): ee=252, em=18 (250)
(61,62): ee=251, em=23 (249)
(61,63): ee=251, em=31 (248)
(61,64): ee=249, em=32 (249)
(61,65): ee=248, em=45 (248)
(61,66): ee=249, em=36 (249)
(61,67): ee=228, em=34 (228)
(61,68): ee=228, em=24 (225)
(61,69): ee=190, em=6 (190)
(61,70): ee=143, em=-28 (147)
(61,71): ee=77, em=-66 (110)
(61,72): ee=0, em=-157 (4)
(61,73): ee=10, em=-107 (64)
(61,74): ee=0, em=-152 (5)
(61,75): ee=52, em=-81 (93)
(61,76): ee=120, em=-52 (120)
(61,77): ee=180, em=0 (180)
(61,78): ee=214, em=16 (212)
(61,79): ee=220, em=25 (217)
(61,80): ee=241, em=24 (238)
(61,81): ee=235, em=30 (232)
(61,82): ee=251, em=27 (248)
(61,83): ee=245, em=36 (245)
(61,84): ee=251, em=26 (248)
(61,85): ee=248, em=33 (248)
(61,86): ee=251, em=25 (248)
(61,87): ee=251, em=31 (248)
(61,88): ee=249, em=54 (249)
(61,89): ee=255, em=77 (248)
(61,90): ee=203, em=59 (203)
(61,91): ee=90, em=-57 (90)
(61,92): ee=0, em=-138 (10)
(61,93): ee=98, em=-31 (102)
(61,94): ee=192, em=44 (192)
(61,95): ee=255, em=77 (227)
(61,96): ee=242, em=57 (242)
(61,97): ee=222, em=59 (222)
(61,98): ee=208, em=61 (208)
(61,99): ee=138, em=-8 (139)
(61,100): ee=0, em=-179 (1)
(61,101): ee=138, em=-31 (142)
(61,102): ee=231, em=56 (231)
(61,103): ee=250, em=49 (250)
(61,104): ee=250, em=7 (250)
(61,105): ee=250, em=0 (250)
(61,106): ee=250, em=0 (250)
(61,107): ee=250, em=0 (250)
(61,108): ee=250, em=0 (250)
(61,109): ee=250, em=0 (250)
(61,110): ee=250, em=0 (250)
(61,111): ee=250, em=0 (250)
(61,112): ee=250, em=0 (250)
(61,113): ee=250, em=0 (250)
(61,114): ee=250, em=0 (250)
(61,115): ee=250, em=0 (250)
(61,116): ee=250, em=0 (250)
(61,117): ee=250, em=0 (250)
(61,118): ee=250, em=0 (250)
(61,119): ee=250, em=0 (250)
(61,120): ee=250, em=0 (250)
(61,121): ee=250, em=0 (250)
(61,122): ee=250, em=0 (250)
(61,123): ee=250, em=0 (250)
(61,124): ee=250, em=0 (250)
(61,125): ee=250, em=0 (250)
(61,126): ee=255, em=93 (250)
(61,127): ee=255, em=93 (250)
(62,0): ee=251, em=65 (219)
(62,1): ee=255, em=91 (248)
(62,2): ee=250, em=6 (250)
(62,3): ee=250, em=0 (250)
(62,4): ee=250, em=0 (250)
(62,5): ee=250, em=0 (250)
(62,6): ee=250, em=0 (250)
(62,7): ee=250, em=0 (250)
(62,8): ee=250, em=0 (250)
(62,9): ee=250, em=0 (250)
(62,10): ee=250, em=0 (250)
(62,11): ee=250, em=0 (250)
(62,12): ee=250, em=0 (250)
(62,13): ee=250, em=0 (250)
(62,14): ee=250, em=0 (250)
(62,15): ee=250, em=0 (250)
(62,16): ee=250, em=0 (250)
(62,17): ee=250, em=0 (250)
(62,18): ee=250, em=0 (250)
(62,19): ee=250, em=0 (250)
(62,20): ee=250, em=0 (250)
(62,21): ee=250, em=1 (250)
(62,22): ee=250, em=1 (250)
(62,23): ee=250, em=1 (250)
(62,24): ee=250, em=1 (250)
(62,25): ee=250, em=1 (250)
(62,26): ee=250, em=0 (250)
(62,27): ee=250, em=0 (250)
(62,28): ee=250, em=0 (250)
(62,29): ee=250, em=0 (250)
(62,30): ee=250, em=0 (250)
(62,31): ee=250, em=0 (250)
(62,32): ee=250, em=2 (250)
(62,33): ee=252, em=30 (249)
(62,34): ee=255, em=74 (239)
(62,35): ee=146, em=-19 (149)
(62,36): ee=0, em=-174 (4)
(62,37): ee=18, em=-105 (71)
(62,38): ee=255, em=73 (226)
(62,39): ee=249, em=64 (249)
(62,40): ee=252, em=22 (250)
(62,41): ee=250, em=47 (250)
(62,42): ee=255, em=81 (239)
(62,43): ee=136, em=3 (136)
(62,44): ee=0, em=-102 (3)
(62,45): ee=0, em=-87 (3)
(62,46): ee=5, em=-55 (5)
(62,47): ee=83, em=-10 (85)
(62,48): ee=162, em=46 (162)
(62,49): ee=180, em=13 (179)
(62,50): ee=218, em=24 (215)
(62,51): ee=241, em=20 (239)
(62,52): ee=250, em=12 (249)
(62,53): ee=250, em=4 (250)
(62,54): ee=250, em=0 (250)
(62,55): ee=250, em=1 (250)
(62,56): ee=250, em=3 (250)
(62,57): ee=251, em=12 (250)
(62,58): ee=253, em=27 (250)
(62,59): ee=247, em=36 (247)
(62,60): ee=234, em=49 (234)
(62,61): ee=214, em=26 (211)
(62,62): ee=171, em=4 (171)
(62,63): ee=145, em=-27 (149)
(62,64): ee=143, em=-30 (147)
(62,65): ee=121, em=-63 (121)
(62,66): ee=164, em=-32 (168)
(62,67): ee=87, em=-69 (122)
(62,68): ee=161, em=-43 (161)
(62,69): ee=90, em=-65 (123)
(62,70): ee=145, em=-32 (149)
(62,71): ee=156, em=-19 (159)
(62,72): ee=182, em=23 (180)
(62,73): ee=206, em=28 (203)
(62,74): ee=201, em=40 (201)
(62,75): ee=226, em=30 (223)
(62,76): ee=226, em=34 (226)
(62,77): ee=247, em=32 (247)
(62,78): ee=250, em=23 (248)
(62,79): ee=251, em=15 (250)
(62,80): ee=250, em=6 (250)
(62,81): ee=250, em=7 (250)
(62,82): ee=250, em=2 (250)
(62,83): ee=250, em=3 (250)
(62,84): ee=250, em=0 (250)
(62,85): ee=250, em=1 (250)
(62,86): ee=250, em=0 (250)
(62,87): ee=250, em=0 (250)
(62,88): ee=250, em=6 (250)
(62,89): ee=253, em=27 (250)
(62,90): ee=250, em=53 (250)
(62,91): ee=195, em=16 (193)
(62,92): ee=78, em=-66 (111)
(62,93): ee=0, em=-156 (8)
(62,94): ee=42, em=-78 (81)
(62,95): ee=85, em=-62 (85)
(62,96): ee=138, em=-36 (138)
(62,97): ee=18, em=-102 (69)
(62,98): ee=114, em=-60 (114)
(62,99): ee=127, em=-54 (127)
(62,100): ee=182, em=-7 (183)
(62,101): ee=213, em=7 (213)
(62,102): ee=248, em=40 (248)
(62,103): ee=252, em=18 (250)
(62,104): ee=250, em=2 (250)
(62,105): ee=250, em=0 (250)
(62,106): ee=250, em=0 (250)
(62,107): ee=250, em=0 (250)
(62,108): ee=250, em=0 (250)
(62,109): ee=250, em=0 (250)
(62,110): ee=250, em=0 (250)
(62,111): ee=250, em=0 (250)
(62,112): ee=250, em=0 (250)
(62,113): ee=250, em=0 (250)
(62,114): ee=250, em=0 (250)
(62,115): ee=250, em=0 (250)
(62,116): ee=250, em=0 (250)
(62,117): ee=250, em=0 (250)
(62,118): ee=250, em=0 (250)
(62,119): ee=250, em=0 (250)
(62,120): ee=250, em=0 (250)
(62,121): ee=250, em=0 (250)
(62,122): ee=250, em=0 (250)
(62,123): ee=250, em=0 (250)
(62,124): ee=250, em=0 (250)
(62,125): ee=250, em=0 (250)
(62,126): ee=255, em=93 (250)
(62,127): ee=255, em=93 (250)
(63,0): ee=255, em=90 (239)
(63,1): ee=255, em=94 (250)
(63,2): ee=251, em=9 (250)
(63,3): ee=250, em=0 (250)
(63,4): ee=250, em=0 (250)
(63,5): ee=250, em=0 (250)
(63,6): ee=250, em=0 (250)
(63,7): ee=250, em=0 (250)
(63,8): ee=250, em=0 (250)
(63,9): ee=250, em=0 (250)
(63,10): ee=250, em=0 (250)
(63,11): ee=250, em=0 (250)
(63,12): ee=250, em=0 (250)
(63,13): ee=250, em=0 (250)
(63,14): ee=250, em=0 (250)
(63,15): ee=250, em=0 (250)
(63,16): ee=250, em=0 (250)
(63,17): ee=250, em=0 (250)
(63,18): ee=250, em=0 (250)
(63,19): ee=250, em=0 (250)
(63,20): ee=250, em=0 (250)
(63,21): ee=250, em=0 (250)
(63,22): ee=250, em=0 (250)
(63,23): ee=250, em=0 (250)
(63,24): ee=250, em=0 (250)
(63,25): ee=250, em=0 (250)
(63,26): ee=250, em=0 (250)
(63,27): ee=250, em=0 (250)
(63,28): ee=250, em=0 (250)
(63,29): ee=250, em=0 (250)
(63,30): ee=250, em=0 (250)
(63,31): ee=250, em=0 (250)
(63,32): ee=250, em=1 (250)
(63,33): ee=252, em=19 (250)
(63,34): ee=250, em=58 (250)
(63,35): ee=209, em=31 (206)
(63,36): ee=21, em=-104 (73)
(63,37): ee=0, em=-134 (40)
(63,38): ee=166, em=9 (165)
(63,39): ee=255, em=76 (231)
(63,40): ee=247, em=64 (247)
(63,41): ee=255, em=77 (245)
(63,42): ee=255, em=90 (240)
(63,43): ee=149, em=12 (148)
(63,44): ee=6, em=-77 (45)
(63,45): ee=54, em=-38 (54)
(63,46): ee=45, em=-20 (48)
(63,47): ee=43, em=-61 (43)
(63,48): ee=0, em=-125 (3)
(63,49): ee=136, em=-13 (138)
(63,50): ee=199, em=28 (196)
(63,51): ee=231, em=18 (229)
(63,52): ee=249, em=14 (248)
(63,53): ee=251, em=13 (250)
(63,54): ee=251, em=12 (250)
(63,55): ee=253, em=28 (250)
(63,56): ee=249, em=34 (249)
(63,57): ee=238, em=45 (238)
(63,58): ee=221, em=44 (221)
(63,59): ee=165, em=-3 (166)
(63,60): ee=39, em=-80 (79)
(63,61): ee=22, em=-96 (70)
(63,62): ee=0, em=-154 (6)
(63,63): ee=57, em=-74 (94)
(63,64): ee=119, em=-53 (119)
(63,65): ee=172, em=-4 (173)
(63,66): ee=212, em=15 (211)
(63,67): ee=218, em=24 (215)
(63,68): ee=243, em=29 (240)
(63,69): ee=236, em=33 (236)
(63,70): ee=251, em=31 (248)
(63,71): ee=248, em=32 (248)
(63,72): ee=252, em=26 (249)
(63,73): ee=252, em=20 (250)
(63,74): ee=252, em=18 (250)
(63,75): ee=251, em=9 (250)
(63,76): ee=251, em=9 (250)
(63,77): ee=250, em=3 (250)
(63,78): ee=250, em=3 (250)
(63,79): ee=250, em=0 (250)
(63,80): ee=250, em=0 (250)
(63,81): ee=250, em=0 (250)
(63,82): ee=250, em=0 (250)
(63,83): ee=250, em=0 (250)
(63,84): ee=250, em=0 (250)
(63,85): ee=250, em=0 (250)
(63,86): ee=250, em=0 (250)
(63,87): ee=250, em=0 (250)
(63,88): ee=250, em=0 (250)
(63,89): ee=250, em=7 (250)
(63,90): ee=252, em=17 (250)
(63,91): ee=250, em=42 (250)
(63,92): ee=248, em=45 (248)
(63,93): ee=212, em=32 (212)
(63,94): ee=184, em=1 (184)
(63,95): ee=159, em=-1 (160)
(63,96): ee=150, em=-30 (154)
(63,97): ee=177, em=0 (177)
(63,98): ee=227, em=27 (224)
(63,99): ee=236, em=38 (236)
(63,100): ee=252, em=27 (249)
(63,101): ee=252, em=21 (250)
(63,102): ee=251, em=8 (250)
(63,103): ee=250, em=4 (250)
(63,104): ee=250, em=0 (250)
(63,105): ee=250, em=0 (250)
(63,106): ee=250, em=0 (250)
(63,107): ee=250, em=0 (250)
(63,108): ee=250, em=0 (250)
(63,109): ee=250, em=0 (250)
(63,110): ee=250, em=0 (250)
(63,111): ee=250, em=0 (250)
(63,112): ee=250, em=0 (250)
(63,113): ee=250, em=0 (250)
(63,114): ee=250, em=0 (250)
(63,115): ee=250, em=0 (250)
(63,116): ee=250, em=0 (250)
(63,117): ee=250, em=0 (250)
(63,118): ee=250, em=0 (250)
(63,119): ee=250, em=0 (250)
(63,120): ee=250, em=0 (250)
(63,121): ee=250, em=0 (250)
(63,122): ee=250, em=0 (250)
(63,123): ee=250, em=0 (250)
(63,124): ee=250, em=0 (250)
(63,125): ee=250, em=0 (250)
(63,126): ee=255, em=93 (250)
(63,127): ee=255, em=93 (250)
(64,0): ee=251, em=65 (219)
(64,1): ee=255, em=91 (248)
(64,2): ee=250, em=6 (250)
(64,3): ee=250, em=0 (250)
(64,4): ee=250, em=0 (250)
(64,5): ee=250, em=0 (250)
(64,6): ee=250, em=0 (250)
(64,7): ee=250, em=0 (250)
(64,8): ee=250, em=0 (250)
(64,9): ee=250, em=0 (250)
(64,10): ee=250, em=0 (250)
(64,11): ee=250, em=0 (250)
(64,12): ee=250, em=0 (250)
(64,13): ee=250, em=0 (250)
(64,14): ee=250, em=0 (250)
(64,15): ee=250, em=0 (250)
(64,16): ee=250, em=0 (250)
(64,17): ee=250, em=0 (250)
(64,18): ee=250, em=0 (250)
(64,19): ee=250, em=0 (250)
(64,20): ee=250, em=0 (250)
(64,21): ee=250, em=0 (250)
(64,22): ee=250, em=0 (250)
(64,23): ee=250, em=0 (250)
(64,24): ee=250, em=0 (250)
(64,25): ee=250, em=0 (250)
(64,26): ee=250, em=0 (250)
(64,27): ee=250, em=0 (250)
(64,28): ee=250, em=0 (250)
(64,29): ee=250, em=0 (250)
(64,30): ee=250, em=0 (250)
(64,31): ee=250, em=0 (250)
(64,32): ee=250, em=0 (250)
(64,33): ee=250, em=6 (250)
(64,34): ee=253, em=26 (250)
(64,35): ee=243, em=38 (243)
(64,36): ee=222, em=30 (219)
(64,37): ee=143, em=-40 (143)
(64,38): ee=5, em=-115 (63)
(64,39): ee=68, em=-65 (101)
(64,40): ee=163, em=0 (163)
(64,41): ee=132, em=-26 (136)
(64,42): ee=117, em=-47 (117)
(64,43): ee=45, em=-81 (86)
(64,44): ee=126, em=-29 (130)
(64,45): ee=177, em=56 (177)
(64,46): ee=247, em=106 (194)
(64,47): ee=19, em=-80 (59)
(64,48): ee=0, em=-139 (2)
(64,49): ee=141, em=-15 (143)
(64,50): ee=209, em=59 (209)
(64,51): ee=235, em=21 (233)
(64,52): ee=252, em=21 (250)
(64,53): ee=250, em=34 (250)
(64,54): ee=249, em=50 (249)
(64,55): ee=192, em=2 (192)
(64,56): ee=151, em=-24 (154)
(64,57): ee=57, em=-73 (94)
(64,58): ee=92, em=-63 (92)
(64,59): ee=53, em=-73 (90)
(64,60): ee=103, em=-56 (103)
(64,61): ee=153, em=-15 (155)
(64,62): ee=197, em=36 (197)
(64,63): ee=220, em=34 (220)
(64,64): ee=230, em=38 (230)
(64,65): ee=246, em=33 (246)
(64,66): ee=250, em=23 (248)
(64,67): ee=252, em=16 (250)
(64,68): ee=250, em=6 (250)
(64,69): ee=250, em=6 (250)
(64,70): ee=250, em=1 (250)
(64,71): ee=250, em=2 (250)
(64,72): ee=250, em=0 (250)
(64,73): ee=250, em=0 (250)
(64,74): ee=250, em=0 (250)
(64,75): ee=250, em=0 (250)
(64,76): ee=250, em=0 (250)
(64,77): ee=250, em=0 (250)
(64,78): ee=250, em=0 (250)
(64,79): ee=250, em=0 (250)
(64,80): ee=250, em=0 (250)
(64,81): ee=250, em=0 (250)
(64,82): ee=250, em=0 (250)
(64,83): ee=250, em=0 (250)
(64,84): ee=250, em=0 (250)
(64,85): ee=250, em=0 (250)
(64,86): ee=250, em=0 (250)
(64,87): ee=250, em=0 (250)
(64,88): ee=250, em=0 (250)
(64,89): ee=250, em=0 (250)
(64,90): ee=250, em=0 (250)
(64,91): ee=250, em=4 (250)
(64,92): ee=251, em=9 (250)
(64,93): ee=252, em=16 (250)
(64,94): ee=247, em=17 (245)
(64,95): ee=246, em=19 (244)
(64,96): ee=238, em=11 (237)
(64,97): ee=249, em=19 (247)
(64,98): ee=252, em=17 (250)
(64,99): ee=251, em=11 (250)
(64,100): ee=250, em=3 (250)
(64,101): ee=250, em=1 (250)
(64,102): ee=250, em=0 (250)
(64,103): ee=250, em=0 (250)
(64,104): ee=250, em=0 (250)
(64,105): ee=250, em=0 (250)
(64,106): ee=250, em=0 (250)
(64,107): ee=250, em=0 (250)
(64,108): ee=250, em=0 (250)
(64,109): ee=250, em=0 (250)
(64,110): ee=250, em=0 (250)
(64,111): ee=250, em=0 (250)
(64,112): ee=250, em=0 (250)
(64,113): ee=250, em=0 (250)
(64,114): ee=250, em=0 (250)
(64,115): ee=250, em=0 (250)
(64,116): ee=250, em=0 (250)
(64,117): ee=250, em=0 (250)
(64,118): ee=250, em=0 (250)
(64,119): ee=250, em=0 (250)
(64,120): ee=250, em=0 (250)
(64,121): ee=250, em=0 (250)
(64,122): ee=250, em=0 (250)
(64,123): ee=250, em=0 (250)
(64,124): ee=250, em=0 (250)
(64,125): ee=250, em=0 (250)
(64,126): ee=255, em=93 (250)
(64,127): ee=255, em=93 (250)
(65,0): ee=255, em=90 (239)
(65,1): ee=255, em=94 (250)
(65,2): ee=251, em=9 (250)
(65,3): ee=250, em=0 (250)
(65,4): ee=250, em=0 (250)
(65,5): ee=250, em=0 (250)
(65,6): ee=250, em=0 (250)
(65,7): ee=250, em=0 (250)
(65,8): ee=250, em=0 (250)
(65,9): ee=250, em=0 (250)
(65,10): ee=250, em=0 (250)
(65,11): ee=250, em=0 (250)
(65,12): ee=250, em=0 (250)
(65,13): ee=250, em=0 (250)
(65,14): ee=250, em=0 (250)
(65,15): ee=250, em=0 (250)
(65,16): ee=250, em=0 (250)
(65,17): ee=250, em=0 (250)
(65,18): ee=250, em=0 (250)
(65,19): ee=250, em=0 (250)
(65,20): ee=250, em=0 (250)
(65,21): ee=250, em=0 (250)
(65,22): ee=250, em=0 (250)
(65,23): ee=250, em=0 (250)
(65,24): ee=250, em=0 (250)
(65,25): ee=250, em=0 (250)
(65,26): ee=250, em=0 (250)
(65,27): ee=250, em=0 (250)
(65,28): ee=250, em=0 (250)
(65,29): ee=250, em=0 (250)
(65,30): ee=250, em=0 (250)
(65,31): ee=250, em=0 (250)
(65,32): ee=250, em=0 (250)
(65,33): ee=250, em=0 (250)
(65,34): ee=250, em=3 (250)
(65,35): ee=251, em=15 (250)
(65,36): ee=250, em=32 (250)
(65,37): ee=244, em=40 (244)
(65,38): ee=212, em=20 (210)
(65,39): ee=151, em=-35 (151)
(65,40): ee=56, em=-81 (97)
(65,41): ee=137, em=-32 (141)
(65,42): ee=159, em=-19 (162)
(65,43): ee=193, em=3 (193)
(65,44): ee=233, em=38 (233)
(65,45): ee=255, em=83 (245)
(65,46): ee=255, em=104 (235)
(65,47): ee=135, em=-36 (135)
(65,48): ee=0, em=-169 (1)
(65,49): ee=184, em=10 (183)
(65,50): ee=255, em=93 (244)
(65,51): ee=249, em=37 (249)
(65,52): ee=250, em=46 (250)
(65,53): ee=255, em=66 (249)
(65,54): ee=184, em=28 (181)
(65,55): ee=19, em=-99 (69)
(65,56): ee=0, em=-139 (7)
(65,57): ee=110, em=-29 (114)
(65,58): ee=181, em=35 (181)
(65,59): ee=220, em=41 (220)
(65,60): ee=250, em=53 (250)
(65,61): ee=250, em=39 (250)
(65,62): ee=253, em=27 (250)
(65,63): ee=252, em=16 (250)
(65,64): ee=250, em=8 (249)
(65,65): ee=250, em=4 (250)
(65,66): ee=250, em=2 (250)
(65,67): ee=250, em=0 (250)
(65,68): ee=250, em=0 (250)
(65,69): ee=250, em=0 (250)
(65,70): ee=250, em=0 (250)
(65,71): ee=250, em=0 (250)
(65,72): ee=250, em=0 (250)
(65,73): ee=250, em=0 (250)
(65,74): ee=250, em=0 (250)
(65,75): ee=250, em=0 (250)
(65,76): ee=250, em=0 (250)
(65,77): ee=250, em=0 (250)
(65,78): ee=250, em=0 (250)
(65,79): ee=250, em=0 (250)
(65,80): ee=250, em=0 (250)
(65,81): ee=250, em=0 (250)
(65,82): ee=250, em=0 (250)
(65,83): ee=250, em=0 (250)
(65,84): ee=250, em=0 (250)
(65,85): ee=250, em=0 (250)
(65,86): ee=250, em=0 (250)
(65,87): ee=250, em=0 (250)
(65,88): ee=250, em=0 (250)
(65,89): ee=250, em=0 (250)
(65,90): ee=250, em=0 (250)
(65,91): ee=250, em=0 (250)
(65,92): ee=250, em=0 (250)
(65,93): ee=250, em=0 (250)
(65,94): ee=250, em=2 (250)
(65,95): ee=250, em=1 (250)
(65,96): ee=249, em=1 (249)
(65,97): ee=250, em=1 (250)
(65,98): ee=250, em=1 (250)
(65,99): ee=250, em=0 (250)
(65,100): ee=250, em=0 (250)
(65,101): ee=250, em=0 (250)
(65,102): ee=250, em=0 (250)
(65,103): ee=250, em=0 (250)
(65,104): ee=250, em=0 (250)
(65,105): ee=250, em=0 (250)
(65,106): ee=250, em=0 (250)
(65,107): ee=250, em=0 (250)
(65,108): ee=250, em=0 (250)
(65,109): ee=250, em=0 (250)
(65,110): ee=250, em=0 (250)
(65,111): ee=250, em=0 (250)
(65,112): ee=250, em=0 (250)
(65,113): ee=250, em=0 (250)
(65,114): ee=250, em=0 (250)
(65,115): ee=250, em=0 (250)
(65,116): ee=250, em=0 (250)
(65,117): ee=250, em=0 (250)
(65,118): ee=250, em=0 (250)
(65,119): ee=250, em=0 (250)
(65,120): ee=250, em=0 (250)
(65,121): ee=250, em=0 (250)
(65,122): ee=250, em=0 (250)
(65,123): ee=250, em=0 (250)
(65,124): ee=250, em=0 (250)
(65,125): ee=250, em=0 (250)
(65,126): ee=255, em=93 (250)
(65,127): ee=255, em=93 (250)
(66,0): ee=251, em=65 (219)
(66,1): ee=255, em=91 (248)
(66,2): ee=250, em=6 (250)
(66,3): ee=250, em=0 (250)
(66,4): ee=250, em=0 (250)
(66,5): ee=250, em=0 (250)
(66,6): ee=250, em=0 (250)
(66,7): ee=250, em=0 (250)
(66,8): ee=250, em=0 (250)
(66,9): ee=250, em=0 (250)
(66,10): ee=250, em=0 (250)
(66,11): ee=250, em=0 (250)
(66,12): ee=250, em=0 (250)
(66,13): ee=250, em=0 (250)
(66,14): ee=250, em=0 (250)
(66,15): ee=250, em=0 (250)
(66,16): ee=250, em=0 (250)
(66,17): ee=250, em=0 (250)
(66,18): ee=250, em=0 (250)
(66,19): ee=250, em=0 (250)
(66,20): ee=250, em=0 (250)
(66,21): ee=250, em=0 (250)
(66,22): ee=250, em=0 (250)
(66,23): ee=250, em=0 (250)
(66,24): ee=250, em=0 (250)
(66,25): ee=250, em=0 (250)
(66,26): ee=250, em=0 (250)
(66,27): ee=250, em=0 (250)
(66,28): ee=250, em=0 (250)
(66,29): ee=250, em=0 (250)
(66,30): ee=250, em=0 (250)
(66,31): ee=250, em=0 (250)
(66,32): ee=250, em=0 (250)
(66,33): ee=250, em=0 (250)
(66,34): ee=250, em=0 (250)
(66,35): ee=250, em=0 (250)
(66,36): ee=250, em=5 (250)
(66,37): ee=251, em=14 (250)
(66,38): ee=252, em=26 (249)
(66,39): ee=240, em=16 (238)
(66,40): ee=226, em=12 (225)
(66,41): ee=237, em=19 (235)
(66,42): ee=239, em=22 (237)
(66,43): ee=251, em=22 (249)
(66,44): ee=252, em=19 (250)
(66,45): ee=249, em=42 (249)
(66,46): ee=255, em=83 (235)
(66,47): ee=144, em=-44 (144)
(66,48): ee=0, em=-173 (1)
(66,49): ee=171, em=-8 (172)
(66,50): ee=255, em=103 (243)
(66,51): ee=255, em=65 (249)
(66,52): ee=255, em=86 (249)
(66,53): ee=215, em=62 (215)
(66,54): ee=0, em=-139 (3)
(66,55): ee=0, em=-159 (5)
(66,56): ee=22, em=-75 (60)
(66,57): ee=255, em=71 (227)
(66,58): ee=255, em=68 (250)
(66,59): ee=252, em=23 (250)
(66,60): ee=251, em=8 (250)
(66,61): ee=250, em=3 (250)
(66,62): ee=250, em=0 (250)
(66,63): ee=250, em=0 (250)
(66,64): ee=250, em=0 (250)
(66,65): ee=250, em=0 (250)
(66,66): ee=250, em=0 (250)
(66,67): ee=250, em=0 (250)
(66,68): ee=250, em=0 (250)
(66,69): ee=250, em=0 (250)
(66,70): ee=250, em=0 (250)
(66,71): ee=250, em=0 (250)
(66,72): ee=250, em=0 (250)
(66,73): ee=250, em=0 (250)
(66,74): ee=250, em=0 (250)
(66,75): ee=250, em=0 (250)
(66,76): ee=250, em=0 (250)
(66,77): ee=250, em=0 (250)
(66,78): ee=250, em=0 (250)
(66,79): ee=250, em=0 (250)
(66,80): ee=250, em=0 (250)
(66,81): ee=250, em=0 (250)
(66,82): ee=250, em=0 (250)
(66,83): ee=250, em=0 (250)
(66,84): ee=250, em=0 (250)
(66,85): ee=250, em=0 (250)
(66,86): ee=250, em=0 (250)
(66,87): ee=250, em=0 (250)
(66,88): ee=250, em=0 (250)
(66,89): ee=250, em=0 (250)
(66,90): ee=250, em=0 (250)
(66,91): ee=250, em=0 (250)
(66,92): ee=250, em=0 (250)
(66,93): ee=250, em=0 (250)
(66,94): ee=250, em=0 (250)
(66,95): ee=250, em=0 (250)
(66,96): ee=250, em=0 (250)
(66,97): ee=250, em=0 (250)
(66,98): ee=250, em=0 (250)
(66,99): ee=250, em=0 (250)
(66,100): ee=250, em=0 (250)
(66,101): ee=250, em=0 (250)
(66,102): ee=250, em=0 (250)
(66,103): ee=250, em=0 (250)
(66,104): ee=250, em=0 (250)
(66,105): ee=250, em=0 (250)
(66,106): ee=250, em=0 (250)
(66,107): ee=250, em=0 (250)
(66,108): ee=250, em=0 (250)
(66,109): ee=250, em=0 (250)
(66,110): ee=250, em=0 (250)
(66,111): ee=250, em=0 (250)
(66,112): ee=250, em=0 (250)
(66,113): ee=250, em=0 (250)
(66,114): ee=250, em=0 (250)
(66,115): ee=250, em=0 (250)
(66,116): ee=250, em=0 (250)
(66,117): ee=250, em=0 (250)
(66,118): ee=250, em=0 (250)
(66,119): ee=250, em=0 (250)
(66,120): ee=250, em=0 (250)
(66,121): ee=250, em=0 (250)
(66,122): ee=250, em=0 (250)
(66,123): ee=250, em=0 (250)
(66,124): ee=250, em=0 (250)
(66,125): ee=250, em=0 (250)
(66,126): ee=255, em=93 (250)
(66,127): ee=255, em=93 (250)
(67,0): ee=255, em=90 (239)
(67,1): ee=255, em=94 (250)
(67,2): ee=251, em=9 (250)
(67,3): ee=250, em=0 (250)
(67,4): ee=250, em=0 (250)
(67,5): ee=250, em=0 (250)
(67,6): ee=250, em=0 (250)
(67,7): ee=250, em=0 (250)
(67,8): ee=250, em=0 (250)
(67,9): ee=250, em=0 (250)
(67,10): ee=250, em=0 (250)
(67,11): ee=250, em=0 (250)
(67,12): ee=250, em=0 (250)
(67,13): ee=250, em=0 (250)
(67,14): ee=250, em=0 (250)
(67,15): ee=250, em=0 (250)
(67,16): ee=250, em=0 (250)
(67,17): ee=250, em=0 (250)
(67,18): ee=250, em=0 (250)
(67,19): ee=250, em=0 (250)
(67,20): ee=250, em=0 (250)
(67,21): ee=250, em=0 (250)
(67,22): ee=250, em=0 (250)
(67,23): ee=250, em=0 (250)
(67,24): ee=250, em=0 (250)
(67,25): ee=250, em=0 (250)
(67,26): ee=250, em=0 (250)
(67,27): ee=250, em=0 (250)
(67,28): ee=250, em=0 (250)
(67,29): ee=250, em=0 (250)
(67,30): ee=250, em=0 (250)
(67,31): ee=250, em=0 (250)
(67,32): ee=250, em=0 (250)
(67,33): ee=250, em=0 (250)
(67,34): ee=250, em=0 (250)
(67,35): ee=250, em=0 (250)
(67,36): ee=250, em=0 (250)
(67,37): ee=250, em=1 (250)
(67,38): ee=250, em=3 (250)
(67,39): ee=250, em=3 (250)
(67,40): ee=248, em=2 (248)
(67,41): ee=250, em=3 (250)
(67,42): ee=250, em=5 (250)
(67,43): ee=250, em=2 (250)
(67,44): ee=250, em=4 (250)
(67,45): ee=252, em=23 (250)
(67,46): ee=244, em=62 (244)
(67,47): ee=185, em=-5 (186)
(67,48): ee=0, em=-184 (2)
(67,49): ee=45, em=-92 (91)
(67,50): ee=188, em=45 (188)
(67,51): ee=209, em=57 (209)
(67,52): ee=184, em=46 (184)
(67,53): ee=102, em=-49 (102)
(67,54): ee=0, em=-150 (6)
(67,55): ee=48, em=-82 (89)
(67,56): ee=203, em=48 (203)
(67,57): ee=250, em=59 (250)
(67,58): ee=253, em=29 (250)
(67,59): ee=250, em=2 (250)
(67,60): ee=250, em=0 (250)
(67,61): ee=250, em=0 (250)
(67,62): ee=250, em=0 (250)
(67,63): ee=250, em=0 (250)
(67,64): ee=250, em=0 (250)
(67,65): ee=250, em=0 (250)
(67,66): ee=250, em=0 (250)
(67,67): ee=250, em=0 (250)
(67,68): ee=250, em=0 (250)
(67,69): ee=250, em=0 (250)
(67,70): ee=250, em=0 (250)
(67,71): ee=250, em=0 (250)
(67,72): ee=250, em=0 (250)
(67,73): ee=250, em=0 (250)
(67,74): ee=250, em=0 (250)
(67,75): ee=250, em=0 (250)
(67,76): ee=250, em=0 (250)
(67,77): ee=250, em=0 (250)
(67,78): ee=250, em=0 (250)
(67,79): ee=250, em=0 (250)
(67,80): ee=250, em=0 (250)
(67,81): ee=250, em=0 (250)
(67,82): ee=250, em=0 (250)
(67,83): ee=250, em=0 (250)
(67,84): ee=250, em=0 (250)
(67,85): ee=250, em=0 (250)
(67,86): ee=250, em=0 (250)
(67,87): ee=250, em=0 (250)
(67,88): ee=250, em=0 (250)
(67,89): ee=250, em=0 (250)
(67,90): ee=250, em=0 (250)
(67,91): ee=250, em=0 (250)
(67,92): ee=250, em=0 (250)
(67,93): ee=250, em=0 (250)
(67,94): ee=250, em=0 (250)
(67,95): ee=250, em=0 (250)
(67,96): ee=250, em=0 (250)
(67,97): ee=250, em=0 (250)
(67,98): ee=250, em=0 (250)
(67,99): ee=250, em=0 (250)
(67,100): ee=250, em=0 (250)
(67,101): ee=250, em=0 (250)
(67,102): ee=250, em=0 (250)
(67,103): ee=250, em=0 (250)
(67,104): ee=250, em=0 (250)
(67,105): ee=250, em=0 (250)
(67,106): ee=250, em=0 (250)
(67,107): ee=250, em=0 (250)
(67,108): ee=250, em=0 (250)
(67,109): ee=250, em=0 (250)
(67,110): ee=250, em=0 (250)
(67,111): ee=250, em=0 (250)
(67,112): ee=250, em=0 (250)
(67,113): ee=250, em=0 (250)
(67,114): ee=250, em=0 (250)
(67,115): ee=250, em=0 (250)
(67,116): ee=250, em=0 (250)
(67,117): ee=250, em=0 (250)
(67,118): ee=250, em=0 (250)
(67,119): ee=250, em=0 (250)
(67,120): ee=250, em=0 (250)
(67,121): ee=250, em=0 (250)
(67,122): ee=250, em=0 (250)
(67,123): ee=250, em=0 (250)
(67,124): ee=250, em=0 (250)
(67,125): ee=250, em=0 (250)
(67,126): ee=255, em=93 (250)
(67,127): ee=255, em=93 (250)
(68,0): ee=253, em=66 (220)
(68,1): ee=255, em=91 (248)
(68,2): ee=250, em=6 (250)
(68,3): ee=250, em=0 (250)
(68,4): ee=250, em=0 (250)
(68,5): ee=250, em=0 (250)
(68,6): ee=250, em=0 (250)
(68,7): ee=250, em=0 (250)
(68,8): ee=250, em=0 (250)
(68,9): ee=250, em=0 (250)
(68,10): ee=250, em=0 (250)
(68,11): ee=250, em=0 (250)
(68,12): ee=250, em=0 (250)
(68,13): ee=250, em=0 (250)
(68,14): ee=250, em=0 (250)
(68,15): ee=250, em=0 (250)
(68,16): ee=250, em=0 (250)
(68,17): ee=250, em=0 (250)
(68,18): ee=250, em=0 (250)
(68,19): ee=250, em=0 (250)
(68,20): ee=250, em=0 (250)
(68,21): ee=250, em=0 (250)
(68,22): ee=250, em=0 (250)
(68,23): ee=250, em=0 (250)
(68,24): ee=250, em=0 (250)
(68,25): ee=250, em=0 (250)
(68,26): ee=250, em=0 (250)
(68,27): ee=250, em=0 (250)
(68,28): ee=250, em=0 (250)
(68,29): ee=250, em=0 (250)
(68,30): ee=250, em=0 (250)
(68,31): ee=250, em=0 (250)
(68,32): ee=250, em=0 (250)
(68,33): ee=250, em=0 (250)
(68,34): ee=250, em=0 (250)
(68,35): ee=250, em=0 (250)
(68,36): ee=250, em=0 (250)
(68,37): ee=250, em=0 (250)
(68,38): ee=250, em=0 (250)
(68,39): ee=250, em=0 (250)
(68,40): ee=250, em=0 (250)
(68,41): ee=250, em=0 (250)
(68,42): ee=250, em=0 (250)
(68,43): ee=250, em=0 (250)
(68,44): ee=250, em=0 (250)
(68,45): ee=251, em=9 (250)
(68,46): ee=249, em=34 (249)
(68,47): ee=240, em=29 (237)
(68,48): ee=221, em=26 (218)
(68,49): ee=142, em=-53 (142)
(68,50): ee=76, em=-70 (111)
(68,51): ee=125, em=-46 (125)
(68,52): ee=131, em=-42 (131)
(68,53): ee=118, em=-62 (118)
(68,54): ee=167, em=-19 (170)
(68,55): ee=201, em=6 (201)
(68,56): ee=250, em=46 (250)
(68,57): ee=253, em=26 (250)
(68,58): ee=250, em=5 (250)
(68,59): ee=250, em=0 (250)
(68,60): ee=250, em=0 (250)
(68,61): ee=250, em=0 (250)
(68,62): ee=250, em=0 (250)
(68,63): ee=250, em=0 (250)
(68,64): ee=250, em=0 (250)
(68,65): ee=250, em=0 (250)
(68,66): ee=250, em=0 (250)
(68,67): ee=250, em=0 (250)
(68,68): ee=250, em=0 (250)
(68,69): ee=250, em=0 (250)
(68,70): ee=250, em=0 (250)
(68,71): ee=250, em=0 (250)
(68,72): ee=250, em=0 (250)
(68,73): ee=250, em=0 (250)
(68,74): ee=250, em=0 (250)
(68,75): ee=250, em=0 (250)
(68,76): ee=250, em=0 (250)
(68,77): ee=250, em=0 (250)
(68,78): ee=250, em=0 (250)
(68,79): ee=250, em=0 (250)
(68,80): ee=250, em=0 (250)
(68,81): ee=250, em=0 (250)
(68,82): ee=250, em=0 (250)
(68,83): ee=250, em=0 (250)
(68,84): ee=250, em=0 (250)
(68,85): ee=250, em=0 (250)
(68,86): ee=250, em=0 (250)
(68,87): ee=250, em=0 (250)
(68,88): ee=250, em=0 (250)
(68,89): ee=250, em=0 (250)
(68,90): ee=250, em=0 (250)
(68,91): ee=250, em=0 (250)
(68,92): ee=250, em=0 (250)
(68,93): ee=250, em=0 (250)
(68,94): ee=250, em=0 (250)
(68,95): ee=250, em=0 (250)
(68,96): ee=250, em=0 (250)
(68,97): ee=250, em=0 (250)
(68,98): ee=250, em=0 (250)
(68,99): ee=250, em=0 (250)
(68,100): ee=250, em=0 (250)
(68,101): ee=250, em=0 (250)
(68,102): ee=250, em=0 (250)
(68,103): ee=250, em=0 (250)
(68,104): ee=250, em=0 (250)
(68,105): ee=250, em=0 (250)
(68,106): ee=250, em=0 (250)
(68,107): ee=250, em=0 (250)
(68,108): ee=250, em=0 (250)
(68,109): ee=250, em=0 (250)
(68,110): ee=250, em=0 (250)
(68,111): ee=250, em=0 (250)
(68,112): ee=250, em=0 (250)
(68,113): ee=250, em=0 (250)
(68,114): ee=250, em=0 (250)
(68,115): ee=250, em=0 (250)
(68,116): ee=250, em=0 (250)
(68,117): ee=250, em=0 (250)
(68,118): ee=250, em=0 (250)
(68,119): ee=250, em=0 (250)
(68,120): ee=250, em=0 (250)
(68,121): ee=250, em=0 (250)
(68,122): ee=250, em=0 (250)
(68,123): ee=250, em=0 (250)
(68,124): ee=250, em=0 (250)
(68,125): ee=250, em=0 (250)
(68,126): ee=255, em=93 (250)
(68,127): ee=255, em=93 (250)
(69,0): ee=255, em=88 (240)
(69,1): ee=255, em=94 (250)
(69,2): ee=250, em=6 (250)
(69,3): ee=250, em=0 (250)
(69,4): ee=250, em=0 (250)
(69,5): ee=250, em=0 (250)
(69,6): ee=250, em=0 (250)
(69,7): ee=250, em=0 (250)
(69,8): ee=250, em=0 (250)
(69,9): ee=250, em=0 (250)
(69,10): ee=250, em=0 (250)
(69,11): ee=250, em=0 (250)
(69,12): ee=250, em=0 (250)
(69,13): ee=250, em=0 (250)
(69,14): ee=250, em=0 (250)
(69,15): ee=250, em=0 (250)
(69,16): ee=250, em=0 (250)
(69,17): ee=250, em=0 (250)
(69,18): ee=250, em=0 (250)
(69,19): ee=250, em=0 (250)
(69,20): ee=250, em=0 (250)
(69,21): ee=250, em=0 (250)
(69,22): ee=250, em=0 (250)
(69,23): ee=250, em=0 (250)
(69,24): ee=250, em=0 (250)
(69,25): ee=250, em=0 (250)
(69,26): ee=250, em=0 (250)
(69,27): ee=250, em=0 (250)
(69,28): ee=250, em=0 (250)
(69,29): ee=250, em=0 (250)
(69,30): ee=250, em=0 (250)
(69,31): ee=250, em=0 (250)
(69,32): ee=250, em=0 (250)
(69,33): ee=250, em=0 (250)
(69,34): ee=250, em=0 (250)
(69,35): ee=250, em=0 (250)
(69,36): ee=250, em=0 (250)
(69,37): ee=250, em=0 (250)
(69,38): ee=250, em=0 (250)
(69,39): ee=250, em=0 (250)
(69,40): ee=250, em=0 (250)
(69,41): ee=250, em=0 (250)
(69,42): ee=250, em=0 (250)
(69,43): ee=250, em=0 (250)
(69,44): ee=250, em=0 (250)
(69,45): ee=250, em=1 (250)
(69,46): ee=250, em=4 (250)
(69,47): ee=251, em=15 (250)
(69,48): ee=252, em=23 (250)
(69,49): ee=248, em=29 (245)
(69,50): ee=241, em=25 (238)
(69,51): ee=219, em=14 (218)
(69,52): ee=243, em=36 (243)
(69,53): ee=246, em=38 (246)
(69,54): ee=253, em=25 (250)
(69,55): ee=252, em=23 (250)
(69,56): ee=251, em=10 (250)
(69,57): ee=250, em=6 (250)
(69,58): ee=250, em=0 (250)
(69,59): ee=250, em=0 (250)
(69,60): ee=250, em=0 (250)
(69,61): ee=250, em=0 (250)
(69,62): ee=250, em=0 (250)
(69,63): ee=250, em=0 (250)
(69,64): ee=250, em=0 (250)
(69,65): ee=250, em=0 (250)
(69,66): ee=250, em=0 (250)
(69,67): ee=250, em=0 (250)
(69,68): ee=250, em=0 (250)
(69,69): ee=250, em=0 (250)
(69,70): ee=250, em=0 (250)
(69,71): ee=250, em=0 (250)
(69,72): ee=250, em=0 (250)
(69,73): ee=250, em=0 (250)
(69,74): ee=250, em=0 (250)
(69,75): ee=250, em=0 (250)
(69,76): ee=250, em=0 (250)
(69,77): ee=250, em=0 (250)
(69,78): ee=250, em=0 (250)
(69,79): ee=250, em=0 (250)
(69,80): ee=250, em=0 (250)
(69,81): ee=250, em=0 (250)
(69,82): ee=250, em=0 (250)
(69,83): ee=250, em=0 (250)
(69,84): ee=250, em=0 (250)
(69,85): ee=250, em=0 (250)
(69,86): ee=250, em=0 (250)
(69,87): ee=250, em=0 (250)
(69,88): ee=250, em=0 (250)
(69,89): ee=250, em=0 (250)
(69,90): ee=250, em=0 (250)
(69,91): ee=250, em=0 (250)
(69,92): ee=250, em=0 (250)
(69,93): ee=250, em=0 (250)
(69,94): ee=250, em=0 (250)
(69,95): ee=250, em=0 (250)
(69,96): ee=250, em=0 (250)
(69,97): ee=250, em=0 (250)
(69,98): ee=250, em=0 (250)
(69,99): ee=250, em=0 (250)
(69,100): ee=250, em=0 (250)
(69,101): ee=250, em=0 (250)
(69,102): ee=250, em=0 (250)
(69,103): ee=250, em=0 (250)
(69,104): ee=250, em=0 (250)
(69,105): ee=250, em=0 (250)
(69,106): ee=250, em=0 (250)
(69,107): ee=250, em=0 (250)
(69,108): ee=250, em=0 (250)
(69,109): ee=250, em=0 (250)
(69,110): ee=250, em=0 (250)
(69,111): ee=250, em=0 (250)
(69,112): ee=250, em=0 (250)
(69,113): ee=250, em=0 (250)
(69,114): ee=250, em=0 (250)
(69,115): ee=250, em=0 (250)
(69,116): ee=250, em=0 (250)
(69,117): ee=250, em=0 (250)
(69,118): ee=250, em=0 (250)
(69,119): ee=250, em=0 (250)
(69,120): ee=250, em=0 (250)
(69,121): ee=250, em=0 (250)
(69,122): ee=250, em=0 (250)
(69,123): ee=250, em=0 (250)
(69,124): ee=250, em=0 (250)
(69,125): ee=250, em=0 (250)
(69,126): ee=255, em=93 (250)
(69,127): ee=255, em=93 (250)
(70,0): ee=255, em=86 (241)
(70,1): ee=255, em=93 (250)
(70,2): ee=250, em=2 (250)
(70,3): ee=250, em=0 (250)
(70,4): ee=250, em=0 (250)
(70,5): ee=250, em=0 (250)
(70,6): ee=250, em=0 (250)
(70,7): ee=250, em=0 (250)
(70,8): ee=250, em=0 (250)
(70,9): ee=250, em=0 (250)
(70,10): ee=250, em=0 (250)
(70,11): ee=250, em=0 (250)
(70,12): ee=250, em=0 (250)
(70,13): ee=250, em=0 (250)
(70,14): ee=250, em=0 (250)
(70,15): ee=250, em=0 (250)
(70,16): ee=250, em=0 (250)
(70,17): ee=250, em=0 (250)
(70,18): ee=250, em=0 (250)
(70,19): ee=250, em=0 (250)
(70,20): ee=250, em=0 (250)
(70,21): ee=250, em=0 (250)
(70,22): ee=250, em=0 (250)
(70,23): ee=250, em=0 (250)
(70,24): ee=250, em=0 (250)
(70,25): ee=250, em=0 (250)
(70,26): ee=250, em=0 (250)
(70,27): ee=250, em=0 (250)
(70,28): ee=250, em=0 (250)
(70,29): ee=250, em=0 (250)
(70,30): ee=250, em=0 (250)
(70,31): ee=250, em=0 (250)
(70,32): ee=250, em=0 (250)
(70,33): ee=250, em=0 (250)
(70,34): ee=250, em=0 (250)
(70,35): ee=250, em=0 (250)
(70,36): ee=250, em=0 (250)
(70,37): ee=250, em=0 (250)
(70,38): ee=250, em=0 (250)
(70,39): ee=250, em=0 (250)
(70,40): ee=250, em=0 (250)
(70,41): ee=250, em=0 (250)
(70,42): ee=250, em=0 (250)
(70,43): ee=250, em=0 (250)
(70,44): ee=250, em=0 (250)
(70,45): ee=250, em=0 (250)
(70,46): ee=250, em=0 (250)
(70,47): ee=250, em=0 (250)
(70,48): ee=250, em=1 (250)
(70,49): ee=250, em=4 (250)
(70,50): ee=250, em=2 (250)
(70,51): ee=250, em=5 (250)
(70,52): ee=250, em=2 (250)
(70,53): ee=250, em=4 (250)
(70,54): ee=250, em=0 (250)
(70,55): ee=250, em=0 (250)
(70,56): ee=250, em=0 (250)
(70,57): ee=250, em=0 (250)
(70,58): ee=250, em=0 (250)
(70,59): ee=250, em=0 (250)
(70,60): ee=250, em=0 (250)
(70,61): ee=250, em=0 (250)
(70,62): ee=250, em=0 (250)
(70,63): ee=250, em=0 (250)
(70,64): ee=250, em=0 (250)
(70,65): ee=250, em=0 (250)
(70,66): ee=250, em=0 (250)
(70,67): ee=250, em=0 (250)
(70,68): ee=250, em=0 (250)
(70,69): ee=250, em=0 (250)
(70,70): ee=250, em=0 (250)
(70,71): ee=250, em=0 (250)
(70,72): ee=250, em=0 (250)
(70,73): ee=250, em=0 (250)
(70,74): ee=250, em=0 (250)
(70,75): ee=250, em=0 (250)
(70,76): ee=250, em=0 (250)
(70,77): ee=250, em=0 (250)
(70,78): ee=250, em=0 (250)
(70,79): ee=250, em=0 (250)
(70,80): ee=250, em=0 (250)
(70,81): ee=250, em=0 (250)
(70,82): ee=250, em=0 (250)
(70,83): ee=250, em=0 (250)
(70,84): ee=250, em=0 (250)
(70,85): ee=250, em=0 (250)
(70,86): ee=250, em=0 (250)
(70,87): ee=250, em=0 (250)
(70,88): ee=250, em=0 (250)
(70,89): ee=250, em=0 (250)
(70,90): ee=250, em=0 (250)
(70,91): ee=250, em=0 (250)
(70,92): ee=250, em=0 (250)
(70,93): ee=250, em=0 (250)
(70,94): ee=250, em=0 (250)
(70,95): ee=250, em=0 (250)
(70,96): ee=250, em=0 (250)
(70,97): ee=250, em=0 (250)
(70,98): ee=250, em=0 (250)
(70,99): ee=250, em=0 (250)
(70,100): ee=250, em=0 (250)
(70,101): ee=250, em=0 (250)
(70,102): ee=250, em=0 (250)
(70,103): ee=250, em=0 (250)
(70,104): ee=250, em=0 (250)
(70,105): ee=250, em=0 (250)
(70,106): ee=250, em=0 (250)
(70,107): ee=250, em=0 (250)
(70,108): ee=250, em=0 (250)
(70,109): ee=250, em=0 (250)
(70,110): ee=250, em=0 (250)
(70,111): ee=250, em=0 (250)
(70,112): ee=250, em=0 (250)
(70,113): ee=250, em=0 (250)
(70,114): ee=250, em=0 (250)
(70,115): ee=250, em=0 (250)
(70,116): ee=250, em=0 (250)
(70,117): ee=250, em=0 (250)
(70,118): ee=250, em=0 (250)
(70,119): ee=250, em=0 (250)
(70,120): ee=250, em=0 (250)
(70,121): ee=250, em=0 (250)
(70,122): ee=250, em=0 (250)
(70,123): ee=250, em=0 (250)
(70,124): ee=250, em=0 (250)
(70,125): ee=250, em=0 (250)
(70,126): ee=255, em=93 (250)
(70,127): ee=255, em=93 (250)
(71,0): ee=255, em=155 (248)
(71,1): ee=255, em=156 (250)
(71,2): ee=255, em=95 (250)
(71,3): ee=255, em=93 (250)
(71,4): ee=255, em=93 (250)
(71,5): ee=255, em=93 (250)
(71,6): ee=255, em=93 (250)
(71,7): ee=255, em=93 (250)
(71,8): ee=255, em=93 (250)
(71,9): ee=255, em=93 (250)
(71,10): ee=255, em=93 (250)
(71,11): ee=255, em=93 (250)
(71,12): ee=255, em=93 (250)
(71,13): ee=255, em=93 (250)
(71,14): ee=255, em=93 (250)
(71,15): ee=255, em=93 (250)
(71,16): ee=255, em=93 (250)
(71,17): ee=255, em=93 (250)
(71,18): ee=255, em=93 (250)
(71,19): ee=255, em=93 (250)
(71,20): ee=255, em=93 (250)
(71,21): ee=255, em=93 (250)
(71,22): ee=255, em=93 (250)
(71,23): ee=255, em=93 (250)
(71,24): ee=255, em=93 (250)
(71,25): ee=255, em=93 (250)
(71,26): ee=255, em=93 (250)
(71,27): ee=255, em=93 (250)
(71,28): ee=255, em=93 (250)
(71,29): ee=255, em=93 (250)
(71,30): ee=255, em=93 (250)
(71,31): ee=255, em=93 (250)
(71,32): ee=255, em=93 (250)
(71,33): ee=255, em=93 (250)
(71,34): ee=255, em=93 (250)
(71,35): ee=255, em=93 (250)
(71,36): ee=255, em=93 (250)
(71,37): ee=255, em=93 (250)
(71,38): ee=255, em=93 (250)
(71,39): ee=255, em=93 (250)
(71,40): ee=255, em=93 (250)
(71,41): ee=255, em=93 (250)
(71,42): ee=255, em=93 (250)
(71,43): ee=255, em=93 (250)
(71,44): ee=255, em=93 (250)
(71,45): ee=255, em=93 (250)
(71,46): ee=255, em=93 (250)
(71,47): ee=255, em=93 (250)
(71,48): ee=255, em=93 (250)
(71,49): ee=255, em=93 (250)
(71,50): ee=255, em=93 (250)
(71,51): ee=255, em=93 (250)
(71,52): ee=255, em=93 (250)
(71,53): ee=255, em=93 (250)
(71,54): ee=255, em=93 (250)
(71,55): ee=255, em=93 (250)
(71,56): ee=255, em=93 (250)
(71,57): ee=255, em=93 (250)
(71,58): ee=255, em=93 (250)
(71,59): ee=255, em=93 (250)
(71,60): ee=255, em=93 (250)
(71,61): ee=255, em=93 (250)
(71,62): ee=255, em=93 (250)
(71,63): ee=255, em=93 (250)
(71,64): ee=255, em=93 (250)
(71,65): ee=255, em=93 (250)
(71,66): ee=255, em=93 (250)
(71,67): ee=255, em=93 (250)
(71,68): ee=255, em=93 (250)
(71,69): ee=255, em=93 (250)
(71,70): ee=255, em=93 (250)
(71,71): ee=255, em=93 (250)
(71,72): ee=255, em=93 (250)
(71,73): ee=255, em=93 (250)
(71,74): ee=255, em=93 (250)
(71,75): ee=255, em=93 (250)
(71,76): ee=255, em=93 (250)
(71,77): ee=255, em=93 (250)
(71,78): ee=255, em=93 (250)
(71,79): ee=255, em=93 (250)
(71,80): ee=255, em=93 (250)
(71,81): ee=255, em=93 (250)
(71,82): ee=255, em=93 (250)
(71,83): ee=255, em=93 (250)
(71,84): ee=255, em=93 (250)
(71,85): ee=255, em=93 (250)
(71,86): ee=255, em=93 (250)
(71,87): ee=255, em=93 (250)
(71,88): ee=255, em=93 (250)
(71,89): ee=255, em=93 (250)
(71,90): ee=255, em=93 (250)
(71,91): ee=255, em=93 (250)
(71,92): ee=255, em=93 (250)
(71,93): ee=255, em=93 (250)
(71,94): ee=255, em=93 (250)
(71,95): ee=255, em=93 (250)
(71,96): ee=255, em=93 (250)
(71,97): ee=255, em=93 (250)
(71,98): ee=255, em=93 (250)
(71,99): ee=255, em=93 (250)
(71,100): ee=255, em=93 (250)
(71,101): ee=255, em=93 (250)
(71,102): ee=255, em=93 (250)
(71,103): ee=255, em=93 (250)
(71,104): ee=255, em=93 (250)
(71,105): ee=255, em=93 (250)
(71,106): ee=255, em=93 (250)
(71,107): ee=255, em=93 (250)
(71,108): ee=255, em=93 (250)
(71,109): ee=255, em=93 (250)
(71,110): ee=255, em=93 (250)
(71,111): ee=255, em=93 (250)
(71,112): ee=255, em=93 (250)
(71,113): ee=255, em=93 (250)
(71,114): ee=255, em=93 (250)
(71,115): ee=255, em=93 (250)
(71,116): ee=255, em=93 (250)
(71,117): ee=255, em=93 (250)
(71,118): ee=255, em=93 (250)
(71,119): ee=255, em=93 (250)
(71,120): ee=255, em=93 (250)
(71,121): ee=255, em=93 (250)
(71,122): ee=255, em=93 (250)
(71,123): ee=255, em=93 (250)
(71,124): ee=255, em=93 (250)
(71,125): ee=255, em=93 (250)
(71,126): ee=255, em=156 (250)
(71,127): ee=255, em=156 (250)
