(0,0): [128 128] (em=121, csc=[143 118])
(0,1): [128 128] (em=138, csc=[131 118])
(0,2): [128 128] (em=74, csc=[137 116])
(0,3): [128 128] (em=85, csc=[129 122])
(0,4): [128 128] (em=71, csc=[137 116])
(0,5): [128 128] (em=85, csc=[129 122])
(0,6): [128 128] (em=71, csc=[137 116])
(0,7): [128 128] (em=85, csc=[129 122])
(0,8): [128 128] (em=71, csc=[137 116])
(0,9): [128 128] (em=85, csc=[129 122])
(0,10): [128 128] (em=71, csc=[137 116])
(0,11): [128 128] (em=85, csc=[129 122])
(0,12): [128 128] (em=71, csc=[137 116])
(0,13): [128 128] (em=85, csc=[129 122])
(0,14): [128 128] (em=71, csc=[137 116])
(0,15): [128 128] (em=85, csc=[129 122])
(0,16): [128 128] (em=71, csc=[137 116])
(0,17): [128 128] (em=85, csc=[129 122])
(0,18): [128 128] (em=71, csc=[137 116])
(0,19): [128 128] (em=85, csc=[129 122])
(0,20): [128 128] (em=71, csc=[137 116])
(0,21): [128 128] (em=85, csc=[129 122])
(0,22): [128 128] (em=71, csc=[137 116])
(0,23): [128 128] (em=85, csc=[129 122])
(0,24): [128 128] (em=71, csc=[137 116])
(0,25): [128 128] (em=85, csc=[129 122])
(0,26): [128 128] (em=71, csc=[137 116])
(0,27): [128 128] (em=85, csc=[129 122])
(0,28): [128 128] (em=71, csc=[137 116])
(0,29): [128 128] (em=85, csc=[129 122])
(0,30): [128 128] (em=71, csc=[137 116])
(0,31): [128 128] (em=85, csc=[129 122])
(0,32): [128 128] (em=71, csc=[137 116])
(0,33): [128 128] (em=85, csc=[129 122])
(0,34): [128 128] (em=71, csc=[137 116])
(0,35): [128 128] (em=85, csc=[129 122])
(0,36): [128 128] (em=71, csc=[137 116])
(0,37): [128 128] (em=85, csc=[129 122])
(0,38): [128 128] (em=71, csc=[137 116])
(0,39): [128 128] (em=85, csc=[129 122])
(0,40): [128 128] (em=71, csc=[137 116])
(0,41): [128 128] (em=85, csc=[129 122])
(0,42): [128 128] (em=71, csc=[137 116])
(0,43): [128 128] (em=85, csc=[129 122])
(0,44): [128 128] (em=71, csc=[137 116])
(0,45): [128 128] (em=85, csc=[129 122])
(0,46): [128 128] (em=71, csc=[137 116])
(0,47): [128 128] (em=85, csc=[129 122])
(0,48): [128 128] (em=71, csc=[137 116])
(0,49): [128 128] (em=85, csc=[129 122])
(0,50): [128 128] (em=71, csc=[137 116])
(0,51): [128 128] (em=85, csc=[129 122])
(0,52): [128 128] (em=71, csc=[137 116])
(0,53): [128 128] (em=85, csc=[129 122])
(0,54): [128 128] (em=71, csc=[137 116])
(0,55): [128 128] (em=85, csc=[129 122])
(0,56): [128 128] (em=71, csc=[137 116])
(0,57): [128 128] (em=85, csc=[129 122])
(0,58): [128 128] (em=71, csc=[137 116])
(0,59): [128 128] (em=85, csc=[129 122])
(0,60): [128 128] (em=71, csc=[137 116])
(0,61): [128 128] (em=85, csc=[129 122])
(0,62): [128 128] (em=71, csc=[137 116])
(0,63): [128 128] (em=85, csc=[129 122])
(0,64): [128 128] (em=71, csc=[137 116])
(0,65): [128 128] (em=85, csc=[129 122])
(0,66): [128 128] (em=71, csc=[137 116])
(0,67): [128 128] (em=85, csc=[129 122])
(0,68): [128 128] (em=71, csc=[137 116])
(0,69): [128 128] (em=85, csc=[129 122])
(0,70): [128 128] (em=71, csc=[137 116])
(0,71): [128 128] (em=85, csc=[129 122])
(0,72): [128 128] (em=71, csc=[137 116])
(0,73): [128 128] (em=85, csc=[129 122])
(0,74): [128 128] (em=71, csc=[137 116])
(0,75): [128 128] (em=85, csc=[129 122])
(0,76): [128 128] (em=71, csc=[137 116])
(0,77): [128 128] (em=85, csc=[129 122])
(0,78): [128 128] (em=71, csc=[137 116])
(0,79): [128 128] (em=85, csc=[129 122])
(0,80): [128 128] (em=71, csc=[137 116])
(0,81): [128 128] (em=84, csc=[130 121])
(0,82): [128 128] (em=71, csc=[137 116])
(0,83): [128 128] (em=85, csc=[129 122])
(0,84): [128 128] (em=71, csc=[137 116])
(0,85): [128 128] (em=85, csc=[129 122])
(0,86): [128 128] (em=71, csc=[137 116])
(0,87): [128 128] (em=85, csc=[129 122])
(0,88): [128 128] (em=71, csc=[137 116])
(0,89): [128 128] (em=85, csc=[129 122])
(0,90): [128 128] (em=71, csc=[137 116])
(0,91): [128 128] (em=85, csc=[129 122])
(0,92): [128 128] (em=71, csc=[137 116])
(0,93): [128 128] (em=85, csc=[129 122])
(0,94): [128 128] (em=71, csc=[137 116])
(0,95): [128 128] (em=85, csc=[129 122])
(0,96): [128 128] (em=71, csc=[137 116])
(0,97): [128 128] (em=85, csc=[129 122])
(0,98): [128 128] (em=71, csc=[137 116])
(0,99): [128 128] (em=85, csc=[129 122])
(0,100): [128 128] (em=71, csc=[137 116])
(0,101): [128 128] (em=85, csc=[129 122])
(0,102): [128 128] (em=71, csc=[137 116])
(0,103): [128 128] (em=85, csc=[129 122])
(0,104): [128 128] (em=71, csc=[137 116])
(0,105): [128 128] (em=85, csc=[129 122])
(0,106): [128 128] (em=71, csc=[137 116])
(0,107): [128 128] (em=85, csc=[129 122])
(0,108): [128 128] (em=71, csc=[137 116])
(0,109): [128 128] (em=85, csc=[129 122])
(0,110): [128 128] (em=71, csc=[137 116])
(0,111): [128 128] (em=85, csc=[129 122])
(0,112): [128 128] (em=71, csc=[137 116])
(0,113): [128 128] (em=85, csc=[129 122])
(0,114): [128 128] (em=71, csc=[137 116])
(0,115): [128 128] (em=85, csc=[129 122])
(0,116): [128 128] (em=71, csc=[137 116])
(0,117): [128 128] (em=85, csc=[129 122])
(0,118): [128 128] (em=71, csc=[137 116])
(0,119): [128 128] (em=85, csc=[129 122])
(0,120): [128 128] (em=71, csc=[137 116])
(0,121): [128 128] (em=85, csc=[129 122])
(0,122): [128 128] (em=71, csc=[137 116])
(0,123): [128 128] (em=85, csc=[129 122])
(0,124): [128 128] (em=69, csc=[137 116])
(0,125): [128 128] (em=85, csc=[129 122])
(0,126): [128 128] (em=151, csc=[129 122])
(0,127): [128 128] (em=155, csc=[126 126])
(1,0): [128 128] (em=87, csc=[131 118])
(1,1): [128 128] (em=96, csc=[128 128])
(1,2): [144 143] (em=17, csc=[128 125])
(1,3): [144 144] (em=5, csc=[128 128])
(1,4): [144 143] (em=10, csc=[128 125])
(1,5): [144 144] (em=4, csc=[128 128])
(1,6): [144 143] (em=10, csc=[128 125])
(1,7): [144 144] (em=4, csc=[128 128])
(1,8): [144 143] (em=10, csc=[128 125])
(1,9): [144 144] (em=4, csc=[128 128])
(1,10): [144 143] (em=10, csc=[128 125])
(1,11): [144 144] (em=4, csc=[128 128])
(1,12): [144 143] (em=10, csc=[128 125])
(1,13): [144 144] (em=4, csc=[128 128])
(1,14): [144 143] (em=10, csc=[128 125])
(1,15): [144 144] (em=4, csc=[128 128])
(1,16): [144 143] (em=10, csc=[128 125])
(1,17): [144 144] (em=4, csc=[128 128])
(1,18): [144 143] (em=10, csc=[128 125])
(1,19): [144 144] (em=4, csc=[128 128])
(1,20): [144 143] (em=10, csc=[128 125])
(1,21): [144 144] (em=4, csc=[128 128])
(1,22): [144 143] (em=10, csc=[128 125])
(1,23): [144 144] (em=4, csc=[128 128])
(1,24): [144 143] (em=10, csc=[128 125])
(1,25): [144 144] (em=4, csc=[128 128])
(1,26): [144 143] (em=10, csc=[128 125])
(1,27): [144 144] (em=4, csc=[128 128])
(1,28): [144 143] (em=10, csc=[128 125])
(1,29): [144 144] (em=4, csc=[128 128])
(1,30): [144 143] (em=10, csc=[128 125])
(1,31): [144 144] (em=4, csc=[128 128])
(1,32): [144 143] (em=10, csc=[128 125])
(1,33): [144 144] (em=4, csc=[128 128])
(1,34): [144 143] (em=10, csc=[128 125])
(1,35): [144 144] (em=4, csc=[128 128])
(1,36): [144 143] (em=10, csc=[128 125])
(1,37): [144 144] (em=4, csc=[128 128])
(1,38): [144 143] (em=10, csc=[128 125])
(1,39): [144 144] (em=4, csc=[128 128])
(1,40): [144 143] (em=10, csc=[128 125])
(1,41): [144 144] (em=4, csc=[128 128])
(1,42): [144 143] (em=10, csc=[128 125])
(1,43): [144 144] (em=4, csc=[128 128])
(1,44): [144 143] (em=10, csc=[128 125])
(1,45): [144 144] (em=4, csc=[128 128])
(1,46): [144 143] (em=10, csc=[128 125])
(1,47): [144 144] (em=4, csc=[128 128])
(1,48): [144 143] (em=10, csc=[128 125])
(1,49): [144 144] (em=4, csc=[128 128])
(1,50): [144 143] (em=10, csc=[128 125])
(1,51): [144 144] (em=4, csc=[128 128])
(1,52): [144 143] (em=10, csc=[128 125])
(1,53): [144 144] (em=4, csc=[128 128])
(1,54): [144 143] (em=10, csc=[128 125])
(1,55): [144 144] (em=4, csc=[128 128])
(1,56): [144 143] (em=10, csc=[128 125])
(1,57): [144 144] (em=4, csc=[128 128])
(1,58): [144 143] (em=10, csc=[128 125])
(1,59): [144 144] (em=4, csc=[128 128])
(1,60): [144 143] (em=10, csc=[128 125])
(1,61): [144 144] (em=4, csc=[128 128])
(1,62): [144 143] (em=10, csc=[128 125])
(1,63): [144 144] (em=4, csc=[128 128])
(1,64): [144 143] (em=10, csc=[128 125])
(1,65): [144 144] (em=4, csc=[128 128])
(1,66): [144 143] (em=10, csc=[128 125])
(1,67): [144 144] (em=4, csc=[128 128])
(1,68): [144 143] (em=10, csc=[128 125])
(1,69): [144 144] (em=4, csc=[128 128])
(1,70): [144 143] (em=10, csc=[128 125])
(1,71): [144 144] (em=4, csc=[128 128])
(1,72): [144 143] (em=10, csc=[128 125])
(1,73): [144 144] (em=4, csc=[128 128])
(1,74): [144 143] (em=10, csc=[128 125])
(1,75): [144 144] (em=4, csc=[128 128])
(1,76): [144 143] (em=10, csc=[128 125])
(1,77): [144 144] (em=4, csc=[128 128])
(1,78): [144 143] (em=10, csc=[128 125])
(1,79): [144 144] (em=4, csc=[128 128])
(1,80): [144 143] (em=10, csc=[128 125])
(1,81): [144 144] (em=4, csc=[128 128])
(1,82): [144 143] (em=9, csc=[128 125])
(1,83): [144 144] (em=4, csc=[128 128])
(1,84): [144 143] (em=10, csc=[128 125])
(1,85): [144 144] (em=4, csc=[128 128])
(1,86): [144 143] (em=10, csc=[128 125])
(1,87): [144 144] (em=4, csc=[128 128])
(1,88): [144 143] (em=10, csc=[128 125])
(1,89): [144 144] (em=4, csc=[128 128])
(1,90): [144 143] (em=9, csc=[128 125])
(1,91): [144 144] (em=4, csc=[128 128])
(1,92): [144 143] (em=10, csc=[128 125])
(1,93): [144 144] (em=4, csc=[128 128])
(1,94): [144 143] (em=10, csc=[128 125])
(1,95): [144 144] (em=4, csc=[128 128])
(1,96): [144 143] (em=10, csc=[128 125])
(1,97): [144 144] (em=4, csc=[128 128])
(1,98): [144 143] (em=10, csc=[128 125])
(1,99): [144 144] (em=4, csc=[128 128])
(1,100): [144 143] (em=10, csc=[128 125])
(1,101): [144 144] (em=4, csc=[128 128])
(1,102): [144 143] (em=10, csc=[128 125])
(1,103): [144 144] (em=4, csc=[128 128])
(1,104): [144 143] (em=10, csc=[128 125])
(1,105): [144 144] (em=4, csc=[128 128])
(1,106): [144 143] (em=10, csc=[128 125])
(1,107): [144 144] (em=4, csc=[128 128])
(1,108): [144 143] (em=10, csc=[128 125])
(1,109): [144 144] (em=4, csc=[128 128])
(1,110): [144 143] (em=10, csc=[128 125])
(1,111): [144 144] (em=4, csc=[128 128])
(1,112): [144 143] (em=10, csc=[128 125])
(1,113): [144 144] (em=4, csc=[128 128])
(1,114): [144 143] (em=10, csc=[128 125])
(1,115): [144 144] (em=4, csc=[128 128])
(1,116): [144 143] (em=10, csc=[128 125])
(1,117): [144 144] (em=4, csc=[128 128])
(1,118): [144 143] (em=10, csc=[128 125])
(1,119): [144 144] (em=4, csc=[128 128])
(1,120): [144 143] (em=10, csc=[128 125])
(1,121): [144 144] (em=4, csc=[128 128])
(1,122): [144 143] (em=10, csc=[128 125])
(1,123): [144 144] (em=4, csc=[128 128])
(1,124): [144 143] (em=7, csc=[128 125])
(1,125): [144 144] (em=2, csc=[128 128])
(1,126): [128 128] (em=98, csc=[128 128])
(1,127): [128 128] (em=95, csc=[122 128])
(2,0): [128 128] (em=66, csc=[137 116])
(2,1): [128 128] (em=91, csc=[128 125])
(2,2): [144 144] (em=8, csc=[128 128])
(2,3): [144 144] (em=0, csc=[128 128])
(2,4): [144 144] (em=0, csc=[128 128])
(2,5): [144 144] (em=0, csc=[128 128])
(2,6): [144 144] (em=0, csc=[128 128])
(2,7): [144 144] (em=0, csc=[128 128])
(2,8): [144 144] (em=0, csc=[128 128])
(2,9): [144 144] (em=0, csc=[128 128])
(2,10): [144 144] (em=0, csc=[128 128])
(2,11): [144 144] (em=0, csc=[128 128])
(2,12): [144 144] (em=0, csc=[128 128])
(2,13): [144 144] (em=0, csc=[128 128])
(2,14): [144 144] (em=0, csc=[128 128])
(2,15): [144 144] (em=0, csc=[128 128])
(2,16): [144 144] (em=0, csc=[128 128])
(2,17): [144 144] (em=0, csc=[128 128])
(2,18): [144 144] (em=0, csc=[128 128])
(2,19): [144 144] (em=0, csc=[128 128])
(2,20): [144 144] (em=0, csc=[128 128])
(2,21): [144 144] (em=0, csc=[128 128])
(2,22): [144 144] (em=0, csc=[128 128])
(2,23): [144 144] (em=0, csc=[128 128])
(2,24): [144 144] (em=0, csc=[128 128])
(2,25): [144 144] (em=0, csc=[128 128])
(2,26): [144 144] (em=0, csc=[128 128])
(2,27): [144 144] (em=0, csc=[128 128])
(2,28): [144 144] (em=0, csc=[128 128])
(2,29): [144 144] (em=0, csc=[128 128])
(2,30): [144 144] (em=0, csc=[128 128])
(2,31): [144 144] (em=0, csc=[128 128])
(2,32): [144 144] (em=0, csc=[128 128])
(2,33): [144 144] (em=0, csc=[128 128])
(2,34): [144 144] (em=0, csc=[128 128])
(2,35): [144 144] (em=0, csc=[128 128])
(2,36): [144 144] (em=0, csc=[128 128])
(2,37): [144 144] (em=0, csc=[128 128])
(2,38): [144 144] (em=0, csc=[128 128])
(2,39): [144 144] (em=0, csc=[128 128])
(2,40): [144 144] (em=0, csc=[128 128])
(2,41): [144 144] (em=0, csc=[128 128])
(2,42): [144 144] (em=0, csc=[128 128])
(2,43): [144 144] (em=0, csc=[128 128])
(2,44): [144 144] (em=0, csc=[128 128])
(2,45): [144 144] (em=0, csc=[128 128])
(2,46): [144 144] (em=0, csc=[128 128])
(2,47): [144 144] (em=0, csc=[128 128])
(2,48): [144 144] (em=0, csc=[128 128])
(2,49): [144 144] (em=0, csc=[128 128])
(2,50): [144 144] (em=0, csc=[128 128])
(2,51): [144 144] (em=0, csc=[128 128])
(2,52): [144 144] (em=0, csc=[128 128])
(2,53): [144 144] (em=0, csc=[128 128])
(2,54): [144 144] (em=0, csc=[128 128])
(2,55): [144 144] (em=0, csc=[128 128])
(2,56): [144 144] (em=0, csc=[128 128])
(2,57): [144 144] (em=0, csc=[128 128])
(2,58): [144 144] (em=0, csc=[128 128])
(2,59): [144 144] (em=0, csc=[128 128])
(2,60): [144 144] (em=0, csc=[128 128])
(2,61): [144 144] (em=0, csc=[128 128])
(2,62): [144 144] (em=0, csc=[128 128])
(2,63): [144 144] (em=0, csc=[128 128])
(2,64): [144 144] (em=0, csc=[128 128])
(2,65): [144 144] (em=0, csc=[128 128])
(2,66): [144 144] (em=0, csc=[128 128])
(2,67): [144 144] (em=0, csc=[128 128])
(2,68): [144 144] (em=0, csc=[128 128])
(2,69): [144 144] (em=0, csc=[128 128])
(2,70): [144 144] (em=0, csc=[128 128])
(2,71): [144 144] (em=0, csc=[128 128])
(2,72): [144 144] (em=0, csc=[128 128])
(2,73): [144 144] (em=0, csc=[128 128])
(2,74): [144 144] (em=0, csc=[128 128])
(2,75): [144 144] (em=0, csc=[128 128])
(2,76): [144 144] (em=0, csc=[128 128])
(2,77): [144 144] (em=0, csc=[128 128])
(2,78): [144 144] (em=0, csc=[128 128])
(2,79): [144 144] (em=0, csc=[128 128])
(2,80): [144 144] (em=0, csc=[128 128])
(2,81): [144 144] (em=0, csc=[128 128])
(2,82): [144 144] (em=0, csc=[128 128])
(2,83): [144 144] (em=0, csc=[128 128])
(2,84): [144 144] (em=0, csc=[128 128])
(2,85): [144 144] (em=0, csc=[128 128])
(2,86): [144 144] (em=0, csc=[128 128])
(2,87): [144 144] (em=0, csc=[128 128])
(2,88): [144 144] (em=0, csc=[128 128])
(2,89): [144 144] (em=0, csc=[128 128])
(2,90): [144 144] (em=0, csc=[128 128])
(2,91): [144 144] (em=0, csc=[128 128])
(2,92): [144 144] (em=0, csc=[128 128])
(2,93): [144 144] (em=0, csc=[128 128])
(2,94): [144 144] (em=0, csc=[128 128])
(2,95): [144 144] (em=0, csc=[128 128])
(2,96): [144 144] (em=0, csc=[128 128])
(2,97): [144 144] (em=0, csc=[128 128])
(2,98): [144 144] (em=0, csc=[128 128])
(2,99): [144 144] (em=0, csc=[128 128])
(2,100): [144 144] (em=0, csc=[128 128])
(2,101): [144 144] (em=0, csc=[128 128])
(2,102): [144 144] (em=0, csc=[128 128])
(2,103): [144 144] (em=0, csc=[128 128])
(2,104): [144 144] (em=0, csc=[128 128])
(2,105): [144 144] (em=0, csc=[128 128])
(2,106): [144 144] (em=0, csc=[128 128])
(2,107): [144 144] (em=0, csc=[128 128])
(2,108): [144 144] (em=0, csc=[128 128])
(2,109): [144 144] (em=0, csc=[128 128])
(2,110): [144 144] (em=0, csc=[128 128])
(2,111): [144 144] (em=0, csc=[128 128])
(2,112): [144 144] (em=0, csc=[128 128])
(2,113): [144 144] (em=0, csc=[128 128])
(2,114): [144 144] (em=0, csc=[128 128])
(2,115): [144 144] (em=0, csc=[128 128])
(2,116): [144 144] (em=0, csc=[128 128])
(2,117): [144 144] (em=0, csc=[128 128])
(2,118): [144 144] (em=0, csc=[128 128])
(2,119): [144 144] (em=0, csc=[128 128])
(2,120): [144 144] (em=0, csc=[128 128])
(2,121): [144 144] (em=0, csc=[128 128])
(2,122): [144 144] (em=0, csc=[128 128])
(2,123): [144 144] (em=0, csc=[128 128])
(2,124): [144 144] (em=0, csc=[128 128])
(2,125): [144 144] (em=0, csc=[128 128])
(2,126): [128 128] (em=94, csc=[128 128])
(2,127): [128 128] (em=93, csc=[122 128])
(3,0): [128 128] (em=89, csc=[129 122])
(3,1): [128 128] (em=94, csc=[128 128])
(3,2): [144 144] (em=9, csc=[128 128])
(3,3): [144 144] (em=0, csc=[128 128])
(3,4): [144 144] (em=0, csc=[128 128])
(3,5): [144 144] (em=0, csc=[128 128])
(3,6): [144 144] (em=0, csc=[128 128])
(3,7): [144 144] (em=0, csc=[128 128])
(3,8): [144 144] (em=0, csc=[128 128])
(3,9): [144 144] (em=0, csc=[128 128])
(3,10): [144 144] (em=0, csc=[128 128])
(3,11): [144 144] (em=0, csc=[128 128])
(3,12): [144 144] (em=0, csc=[128 128])
(3,13): [144 144] (em=0, csc=[128 128])
(3,14): [144 144] (em=0, csc=[128 128])
(3,15): [144 144] (em=0, csc=[128 128])
(3,16): [144 144] (em=0, csc=[128 128])
(3,17): [144 144] (em=0, csc=[128 128])
(3,18): [144 144] (em=0, csc=[128 128])
(3,19): [144 144] (em=0, csc=[128 128])
(3,20): [144 144] (em=0, csc=[128 128])
(3,21): [144 144] (em=0, csc=[128 128])
(3,22): [144 144] (em=0, csc=[128 128])
(3,23): [144 144] (em=0, csc=[128 128])
(3,24): [144 144] (em=0, csc=[128 128])
(3,25): [144 144] (em=0, csc=[128 128])
(3,26): [144 144] (em=0, csc=[128 128])
(3,27): [144 144] (em=0, csc=[128 128])
(3,28): [144 144] (em=0, csc=[128 128])
(3,29): [144 144] (em=0, csc=[128 128])
(3,30): [144 144] (em=0, csc=[128 128])
(3,31): [144 144] (em=0, csc=[128 128])
(3,32): [144 144] (em=0, csc=[128 128])
(3,33): [144 144] (em=0, csc=[128 128])
(3,34): [144 144] (em=0, csc=[128 128])
(3,35): [144 144] (em=0, csc=[128 128])
(3,36): [144 144] (em=0, csc=[128 128])
(3,37): [144 144] (em=0, csc=[128 128])
(3,38): [144 144] (em=0, csc=[128 128])
(3,39): [144 144] (em=0, csc=[128 128])
(3,40): [144 144] (em=0, csc=[128 128])
(3,41): [144 144] (em=0, csc=[128 128])
(3,42): [144 144] (em=0, csc=[128 128])
(3,43): [144 144] (em=0, csc=[128 128])
(3,44): [144 144] (em=0, csc=[128 128])
(3,45): [144 144] (em=0, csc=[128 128])
(3,46): [144 144] (em=0, csc=[128 128])
(3,47): [144 144] (em=0, csc=[128 128])
(3,48): [144 144] (em=0, csc=[128 128])
(3,49): [144 144] (em=0, csc=[128 128])
(3,50): [144 144] (em=0, csc=[128 128])
(3,51): [144 144] (em=0, csc=[128 128])
(3,52): [144 144] (em=0, csc=[128 128])
(3,53): [144 144] (em=0, csc=[128 128])
(3,54): [144 144] (em=0, csc=[128 128])
(3,55): [144 144] (em=0, csc=[128 128])
(3,56): [144 144] (em=0, csc=[128 128])
(3,57): [144 144] (em=0, csc=[128 128])
(3,58): [144 144] (em=0, csc=[128 128])
(3,59): [144 144] (em=0, csc=[128 128])
(3,60): [144 144] (em=0, csc=[128 128])
(3,61): [144 144] (em=0, csc=[128 128])
(3,62): [144 144] (em=0, csc=[128 128])
(3,63): [144 144] (em=0, csc=[128 128])
(3,64): [144 144] (em=0, csc=[128 128])
(3,65): [144 144] (em=0, csc=[128 128])
(3,66): [144 144] (em=0, csc=[128 128])
(3,67): [144 144] (em=0, csc=[128 128])
(3,68): [144 144] (em=0, csc=[128 128])
(3,69): [144 144] (em=0, csc=[128 128])
(3,70): [144 144] (em=0, csc=[128 128])
(3,71): [144 144] (em=0, csc=[128 128])
(3,72): [144 144] (em=0, csc=[128 128])
(3,73): [144 144] (em=0, csc=[128 128])
(3,74): [144 144] (em=0, csc=[128 128])
(3,75): [144 144] (em=0, csc=[128 128])
(3,76): [144 144] (em=0, csc=[128 128])
(3,77): [144 144] (em=0, csc=[128 128])
(3,78): [144 144] (em=0, csc=[128 128])
(3,79): [144 144] (em=0, csc=[128 128])
(3,80): [144 144] (em=0, csc=[128 128])
(3,81): [144 144] (em=0, csc=[128 128])
(3,82): [144 144] (em=0, csc=[128 128])
(3,83): [144 144] (em=0, csc=[128 128])
(3,84): [144 144] (em=0, csc=[128 128])
(3,85): [144 144] (em=0, csc=[128 128])
(3,86): [144 144] (em=0, csc=[128 128])
(3,87): [144 144] (em=0, csc=[128 128])
(3,88): [144 144] (em=0, csc=[128 128])
(3,89): [144 144] (em=0, csc=[128 128])
(3,90): [144 144] (em=0, csc=[128 128])
(3,91): [144 144] (em=0, csc=[128 128])
(3,92): [144 144] (em=0, csc=[128 128])
(3,93): [144 144] (em=0, csc=[128 128])
(3,94): [144 144] (em=0, csc=[128 128])
(3,95): [144 144] (em=0, csc=[128 128])
(3,96): [144 144] (em=0, csc=[128 128])
(3,97): [144 144] (em=0, csc=[128 128])
(3,98): [144 144] (em=0, csc=[128 128])
(3,99): [144 144] (em=0, csc=[128 128])
(3,100): [144 144] (em=0, csc=[128 128])
(3,101): [144 144] (em=0, csc=[128 128])
(3,102): [144 144] (em=0, csc=[128 128])
(3,103): [144 144] (em=0, csc=[128 128])
(3,104): [144 144] (em=0, csc=[128 128])
(3,105): [144 144] (em=0, csc=[128 128])
(3,106): [144 144] (em=0, csc=[128 128])
(3,107): [144 144] (em=0, csc=[128 128])
(3,108): [144 144] (em=0, csc=[128 128])
(3,109): [144 144] (em=0, csc=[128 128])
(3,110): [144 144] (em=0, csc=[128 128])
(3,111): [144 144] (em=0, csc=[128 128])
(3,112): [144 144] (em=0, csc=[128 128])
(3,113): [144 144] (em=0, csc=[128 128])
(3,114): [144 144] (em=0, csc=[128 128])
(3,115): [144 144] (em=0, csc=[128 128])
(3,116): [144 144] (em=0, csc=[128 128])
(3,117): [144 144] (em=0, csc=[128 128])
(3,118): [144 144] (em=0, csc=[128 128])
(3,119): [144 144] (em=0, csc=[128 128])
(3,120): [144 144] (em=0, csc=[128 128])
(3,121): [144 144] (em=0, csc=[128 128])
(3,122): [144 144] (em=0, csc=[128 128])
(3,123): [144 144] (em=0, csc=[128 128])
(3,124): [144 144] (em=0, csc=[128 128])
(3,125): [144 144] (em=0, csc=[128 128])
(3,126): [128 128] (em=93, csc=[125 128])
(3,127): [128 128] (em=93, csc=[115 135])
(4,0): [128 128] (em=65, csc=[137 116])
(4,1): [128 128] (em=91, csc=[128 125])
(4,2): [144 144] (em=6, csc=[128 128])
(4,3): [144 144] (em=0, csc=[128 128])
(4,4): [144 144] (em=0, csc=[128 128])
(4,5): [144 144] (em=0, csc=[128 128])
(4,6): [144 144] (em=0, csc=[128 128])
(4,7): [144 144] (em=0, csc=[128 128])
(4,8): [144 144] (em=0, csc=[128 128])
(4,9): [144 144] (em=0, csc=[128 128])
(4,10): [144 144] (em=0, csc=[128 128])
(4,11): [144 144] (em=0, csc=[128 128])
(4,12): [144 144] (em=0, csc=[128 128])
(4,13): [144 144] (em=0, csc=[128 128])
(4,14): [144 144] (em=0, csc=[128 128])
(4,15): [144 144] (em=0, csc=[128 128])
(4,16): [144 144] (em=0, csc=[128 128])
(4,17): [144 144] (em=0, csc=[128 128])
(4,18): [144 144] (em=0, csc=[128 128])
(4,19): [144 144] (em=0, csc=[128 128])
(4,20): [144 144] (em=0, csc=[128 128])
(4,21): [144 144] (em=0, csc=[128 128])
(4,22): [144 144] (em=0, csc=[128 128])
(4,23): [144 144] (em=0, csc=[128 128])
(4,24): [144 144] (em=0, csc=[128 128])
(4,25): [144 144] (em=0, csc=[128 128])
(4,26): [144 144] (em=0, csc=[128 128])
(4,27): [144 144] (em=0, csc=[128 128])
(4,28): [144 144] (em=0, csc=[128 128])
(4,29): [144 144] (em=0, csc=[128 128])
(4,30): [144 144] (em=0, csc=[128 128])
(4,31): [144 144] (em=0, csc=[128 128])
(4,32): [144 144] (em=0, csc=[128 128])
(4,33): [144 144] (em=0, csc=[128 128])
(4,34): [144 144] (em=0, csc=[128 128])
(4,35): [144 144] (em=0, csc=[128 128])
(4,36): [144 144] (em=0, csc=[128 128])
(4,37): [144 144] (em=0, csc=[128 128])
(4,38): [144 144] (em=0, csc=[128 128])
(4,39): [144 144] (em=0, csc=[128 128])
(4,40): [144 144] (em=0, csc=[128 128])
(4,41): [144 144] (em=0, csc=[128 128])
(4,42): [144 144] (em=0, csc=[128 128])
(4,43): [144 144] (em=0, csc=[128 128])
(4,44): [144 144] (em=0, csc=[128 128])
(4,45): [144 144] (em=0, csc=[128 128])
(4,46): [144 144] (em=0, csc=[128 128])
(4,47): [144 144] (em=0, csc=[128 128])
(4,48): [144 144] (em=0, csc=[128 128])
(4,49): [144 144] (em=0, csc=[128 128])
(4,50): [144 144] (em=0, csc=[128 128])
(4,51): [144 144] (em=0, csc=[128 128])
(4,52): [144 144] (em=0, csc=[128 128])
(4,53): [144 144] (em=0, csc=[128 128])
(4,54): [144 144] (em=0, csc=[128 128])
(4,55): [144 144] (em=0, csc=[128 128])
(4,56): [144 144] (em=0, csc=[128 128])
(4,57): [144 144] (em=0, csc=[128 128])
(4,58): [144 144] (em=0, csc=[128 128])
(4,59): [144 144] (em=0, csc=[128 128])
(4,60): [144 144] (em=0, csc=[128 128])
(4,61): [144 144] (em=0, csc=[128 128])
(4,62): [144 144] (em=0, csc=[128 128])
(4,63): [144 144] (em=0, csc=[128 128])
(4,64): [144 144] (em=0, csc=[128 128])
(4,65): [144 144] (em=0, csc=[128 128])
(4,66): [144 144] (em=0, csc=[128 128])
(4,67): [144 144] (em=0, csc=[128 128])
(4,68): [144 144] (em=0, csc=[128 128])
(4,69): [144 144] (em=0, csc=[128 128])
(4,70): [144 144] (em=0, csc=[128 128])
(4,71): [144 144] (em=0, csc=[128 128])
(4,72): [144 144] (em=0, csc=[128 128])
(4,73): [144 144] (em=0, csc=[128 128])
(4,74): [144 144] (em=0, csc=[128 128])
(4,75): [144 144] (em=0, csc=[128 128])
(4,76): [144 144] (em=0, csc=[128 128])
(4,77): [144 144] (em=0, csc=[128 128])
(4,78): [144 144] (em=0, csc=[128 128])
(4,79): [144 144] (em=0, csc=[128 128])
(4,80): [144 144] (em=0, csc=[128 128])
(4,81): [144 144] (em=0, csc=[128 128])
(4,82): [144 144] (em=0, csc=[128 128])
(4,83): [144 144] (em=0, csc=[128 128])
(4,84): [144 144] (em=0, csc=[128 128])
(4,85): [144 144] (em=0, csc=[128 128])
(4,86): [144 144] (em=0, csc=[128 128])
(4,87): [144 144] (em=0, csc=[128 128])
(4,88): [144 144] (em=0, csc=[128 128])
(4,89): [144 144] (em=0, csc=[128 128])
(4,90): [144 144] (em=0, csc=[128 128])
(4,91): [144 144] (em=0, csc=[128 128])
(4,92): [144 144] (em=0, csc=[128 128])
(4,93): [144 144] (em=0, csc=[128 128])
(4,94): [144 144] (em=0, csc=[128 128])
(4,95): [144 144] (em=0, csc=[128 128])
(4,96): [144 144] (em=0, csc=[128 128])
(4,97): [144 144] (em=0, csc=[128 128])
(4,98): [144 144] (em=0, csc=[128 128])
(4,99): [144 144] (em=0, csc=[128 128])
(4,100): [144 144] (em=0, csc=[128 128])
(4,101): [144 144] (em=0, csc=[128 128])
(4,102): [144 144] (em=0, csc=[128 128])
(4,103): [144 144] (em=0, csc=[128 128])
(4,104): [144 144] (em=0, csc=[128 128])
(4,105): [144 144] (em=0, csc=[128 128])
(4,106): [144 144] (em=0, csc=[128 128])
(4,107): [144 144] (em=0, csc=[128 128])
(4,108): [144 144] (em=0, csc=[128 128])
(4,109): [144 144] (em=0, csc=[128 128])
(4,110): [144 144] (em=0, csc=[128 128])
(4,111): [144 144] (em=0, csc=[128 128])
(4,112): [144 144] (em=0, csc=[128 128])
(4,113): [144 144] (em=0, csc=[128 128])
(4,114): [144 144] (em=0, csc=[128 128])
(4,115): [144 144] (em=0, csc=[128 128])
(4,116): [144 144] (em=0, csc=[128 128])
(4,117): [144 144] (em=0, csc=[128 128])
(4,118): [144 144] (em=0, csc=[128 128])
(4,119): [144 144] (em=0, csc=[128 128])
(4,120): [144 144] (em=0, csc=[128 128])
(4,121): [144 144] (em=0, csc=[128 128])
(4,122): [144 144] (em=0, csc=[128 128])
(4,123): [144 144] (em=0, csc=[128 128])
(4,124): [144 144] (em=0, csc=[128 128])
(4,125): [144 144] (em=0, csc=[128 128])
(4,126): [128 128] (em=93, csc=[128 128])
(4,127): [128 128] (em=93, csc=[122 128])
(5,0): [128 128] (em=90, csc=[129 122])
(5,1): [128 128] (em=94, csc=[128 128])
(5,2): [144 144] (em=9, csc=[128 128])
(5,3): [144 144] (em=0, csc=[128 128])
(5,4): [144 144] (em=0, csc=[128 128])
(5,5): [144 144] (em=0, csc=[128 128])
(5,6): [144 144] (em=0, csc=[128 128])
(5,7): [144 144] (em=0, csc=[128 128])
(5,8): [144 144] (em=0, csc=[128 128])
(5,9): [144 144] (em=0, csc=[128 128])
(5,10): [144 144] (em=0, csc=[128 128])
(5,11): [144 144] (em=0, csc=[128 128])
(5,12): [144 144] (em=0, csc=[128 128])
(5,13): [144 144] (em=0, csc=[128 128])
(5,14): [144 144] (em=0, csc=[128 128])
(5,15): [144 144] (em=0, csc=[128 128])
(5,16): [144 144] (em=0, csc=[128 128])
(5,17): [144 144] (em=0, csc=[128 128])
(5,18): [144 144] (em=0, csc=[128 128])
(5,19): [144 144] (em=0, csc=[128 128])
(5,20): [144 144] (em=0, csc=[128 128])
(5,21): [144 144] (em=0, csc=[128 128])
(5,22): [144 144] (em=0, csc=[128 128])
(5,23): [144 144] (em=0, csc=[128 128])
(5,24): [144 144] (em=0, csc=[128 128])
(5,25): [144 144] (em=0, csc=[128 128])
(5,26): [144 144] (em=0, csc=[128 128])
(5,27): [144 144] (em=0, csc=[128 128])
(5,28): [144 144] (em=0, csc=[128 128])
(5,29): [144 144] (em=0, csc=[128 128])
(5,30): [144 144] (em=0, csc=[128 128])
(5,31): [144 144] (em=0, csc=[128 128])
(5,32): [144 144] (em=0, csc=[128 128])
(5,33): [144 144] (em=0, csc=[128 128])
(5,34): [144 144] (em=0, csc=[128 128])
(5,35): [144 144] (em=0, csc=[128 128])
(5,36): [144 144] (em=0, csc=[128 128])
(5,37): [144 144] (em=0, csc=[128 128])
(5,38): [144 144] (em=0, csc=[128 128])
(5,39): [144 144] (em=0, csc=[128 128])
(5,40): [144 144] (em=0, csc=[128 128])
(5,41): [144 144] (em=0, csc=[128 128])
(5,42): [144 144] (em=0, csc=[128 128])
(5,43): [144 144] (em=0, csc=[128 128])
(5,44): [144 144] (em=0, csc=[128 128])
(5,45): [144 144] (em=0, csc=[128 128])
(5,46): [144 144] (em=0, csc=[128 128])
(5,47): [144 144] (em=0, csc=[128 128])
(5,48): [144 144] (em=0, csc=[128 128])
(5,49): [144 144] (em=0, csc=[128 128])
(5,50): [144 144] (em=0, csc=[128 128])
(5,51): [144 144] (em=0, csc=[128 128])
(5,52): [144 144] (em=0, csc=[128 128])
(5,53): [144 144] (em=0, csc=[128 128])
(5,54): [144 144] (em=0, csc=[128 128])
(5,55): [144 144] (em=0, csc=[128 128])
(5,56): [144 144] (em=0, csc=[128 128])
(5,57): [144 144] (em=0, csc=[128 128])
(5,58): [144 144] (em=0, csc=[128 128])
(5,59): [144 144] (em=0, csc=[128 128])
(5,60): [144 144] (em=0, csc=[128 128])
(5,61): [144 144] (em=0, csc=[128 128])
(5,62): [144 144] (em=0, csc=[128 128])
(5,63): [144 144] (em=0, csc=[128 128])
(5,64): [144 144] (em=0, csc=[128 128])
(5,65): [144 144] (em=0, csc=[128 128])
(5,66): [144 144] (em=0, csc=[128 128])
(5,67): [144 144] (em=0, csc=[128 128])
(5,68): [144 144] (em=0, csc=[128 128])
(5,69): [144 144] (em=0, csc=[128 128])
(5,70): [144 144] (em=0, csc=[128 128])
(5,71): [144 144] (em=0, csc=[128 128])
(5,72): [144 144] (em=0, csc=[128 128])
(5,73): [144 144] (em=0, csc=[128 128])
(5,74): [144 144] (em=0, csc=[128 128])
(5,75): [144 144] (em=0, csc=[128 128])
(5,76): [144 144] (em=0, csc=[128 128])
(5,77): [144 144] (em=0, csc=[128 128])
(5,78): [144 144] (em=0, csc=[128 128])
(5,79): [144 144] (em=0, csc=[128 128])
(5,80): [144 144] (em=0, csc=[128 128])
(5,81): [144 144] (em=2, csc=[128 128])
(5,82): [144 143] (em=6, csc=[128 127])
(5,83): [144 144] (em=7, csc=[128 128])
(5,84): [144 144] (em=14, csc=[128 128])
(5,85): [144 144] (em=11, csc=[128 128])
(5,86): [144 144] (em=16, csc=[128 128])
(5,87): [144 144] (em=10, csc=[128 128])
(5,88): [144 143] (em=10, csc=[128 127])
(5,89): [144 144] (em=4, csc=[128 128])
(5,90): [144 143] (em=2, csc=[128 127])
(5,91): [144 144] (em=0, csc=[128 128])
(5,92): [144 144] (em=0, csc=[128 128])
(5,93): [144 144] (em=0, csc=[128 128])
(5,94): [144 144] (em=0, csc=[128 128])
(5,95): [144 144] (em=0, csc=[128 128])
(5,96): [144 144] (em=0, csc=[128 128])
(5,97): [144 144] (em=0, csc=[128 128])
(5,98): [144 144] (em=0, csc=[128 128])
(5,99): [144 144] (em=0, csc=[128 128])
(5,100): [144 144] (em=0, csc=[128 128])
(5,101): [144 144] (em=0, csc=[128 128])
(5,102): [144 144] (em=0, csc=[128 128])
(5,103): [144 144] (em=0, csc=[128 128])
(5,104): [144 144] (em=0, csc=[128 128])
(5,105): [144 144] (em=0, csc=[128 128])
(5,106): [144 144] (em=0, csc=[128 128])
(5,107): [144 144] (em=0, csc=[128 128])
(5,108): [144 144] (em=0, csc=[128 128])
(5,109): [144 144] (em=0, csc=[128 128])
(5,110): [144 144] (em=0, csc=[128 128])
(5,111): [144 144] (em=0, csc=[128 128])
(5,112): [144 144] (em=0, csc=[128 128])
(5,113): [144 144] (em=0, csc=[128 128])
(5,114): [144 144] (em=0, csc=[128 128])
(5,115): [144 144] (em=0, csc=[128 128])
(5,116): [144 144] (em=0, csc=[128 128])
(5,117): [144 144] (em=0, csc=[128 128])
(5,118): [144 144] (em=0, csc=[128 128])
(5,119): [144 144] (em=0, csc=[128 128])
(5,120): [144 144] (em=0, csc=[128 128])
(5,121): [144 144] (em=0, csc=[128 128])
(5,122): [144 144] (em=0, csc=[128 128])
(5,123): [144 144] (em=0, csc=[128 128])
(5,124): [144 144] (em=0, csc=[128 128])
(5,125): [144 144] (em=0, csc=[128 128])
(5,126): [128 128] (em=93, csc=[125 128])
(5,127): [128 128] (em=93, csc=[115 135])
(6,0): [128 128] (em=65, csc=[137 116])
(6,1): [128 128] (em=91, csc=[128 125])
(6,2): [144 144] (em=6, csc=[128 128])
(6,3): [144 144] (em=0, csc=[128 128])
(6,4): [144 144] (em=0, csc=[128 128])
(6,5): [144 144] (em=0, csc=[128 128])
(6,6): [144 144] (em=0, csc=[128 128])
(6,7): [144 144] (em=0, csc=[128 128])
(6,8): [144 144] (em=0, csc=[128 128])
(6,9): [144 144] (em=0, csc=[128 128])
(6,10): [144 144] (em=0, csc=[128 128])
(6,11): [144 144] (em=0, csc=[128 128])
(6,12): [144 144] (em=0, csc=[128 128])
(6,13): [144 144] (em=0, csc=[128 128])
(6,14): [144 144] (em=0, csc=[128 128])
(6,15): [144 144] (em=0, csc=[128 128])
(6,16): [144 144] (em=0, csc=[128 128])
(6,17): [144 144] (em=0, csc=[128 128])
(6,18): [144 144] (em=0, csc=[128 128])
(6,19): [144 144] (em=0, csc=[128 128])
(6,20): [144 144] (em=0, csc=[128 128])
(6,21): [144 144] (em=0, csc=[128 128])
(6,22): [144 144] (em=0, csc=[128 128])
(6,23): [144 144] (em=0, csc=[128 128])
(6,24): [144 144] (em=0, csc=[128 128])
(6,25): [144 144] (em=0, csc=[128 128])
(6,26): [144 144] (em=0, csc=[128 128])
(6,27): [144 144] (em=0, csc=[128 128])
(6,28): [144 144] (em=0, csc=[128 128])
(6,29): [144 144] (em=0, csc=[128 128])
(6,30): [144 144] (em=0, csc=[128 128])
(6,31): [144 144] (em=0, csc=[128 128])
(6,32): [144 144] (em=0, csc=[128 128])
(6,33): [144 144] (em=0, csc=[128 128])
(6,34): [144 144] (em=0, csc=[128 128])
(6,35): [144 144] (em=0, csc=[128 128])
(6,36): [144 144] (em=0, csc=[128 128])
(6,37): [144 144] (em=0, csc=[128 128])
(6,38): [144 144] (em=0, csc=[128 128])
(6,39): [144 144] (em=0, csc=[128 128])
(6,40): [144 144] (em=0, csc=[128 128])
(6,41): [144 144] (em=0, csc=[128 128])
(6,42): [144 144] (em=0, csc=[128 128])
(6,43): [144 144] (em=0, csc=[128 128])
(6,44): [144 144] (em=0, csc=[128 128])
(6,45): [144 144] (em=0, csc=[128 128])
(6,46): [144 144] (em=0, csc=[128 128])
(6,47): [144 144] (em=0, csc=[128 128])
(6,48): [144 144] (em=0, csc=[128 128])
(6,49): [144 144] (em=0, csc=[128 128])
(6,50): [144 144] (em=0, csc=[128 128])
(6,51): [144 144] (em=0, csc=[128 128])
(6,52): [144 144] (em=0, csc=[128 128])
(6,53): [144 144] (em=0, csc=[128 128])
(6,54): [144 144] (em=0, csc=[128 128])
(6,55): [144 144] (em=0, csc=[128 128])
(6,56): [144 144] (em=0, csc=[128 128])
(6,57): [144 144] (em=0, csc=[128 128])
(6,58): [144 144] (em=0, csc=[128 128])
(6,59): [144 144] (em=0, csc=[128 128])
(6,60): [144 144] (em=0, csc=[128 128])
(6,61): [144 144] (em=0, csc=[128 128])
(6,62): [144 144] (em=0, csc=[128 128])
(6,63): [144 144] (em=0, csc=[128 128])
(6,64): [144 144] (em=0, csc=[128 128])
(6,65): [144 144] (em=0, csc=[128 128])
(6,66): [144 144] (em=0, csc=[128 128])
(6,67): [144 144] (em=0, csc=[128 128])
(6,68): [144 144] (em=0, csc=[128 128])
(6,69): [144 144] (em=0, csc=[128 128])
(6,70): [144 144] (em=0, csc=[128 128])
(6,71): [144 144] (em=0, csc=[128 128])
(6,72): [144 144] (em=0, csc=[128 128])
(6,73): [144 144] (em=0, csc=[128 128])
(6,74): [144 144] (em=0, csc=[128 128])
(6,75): [144 144] (em=0, csc=[128 128])
(6,76): [144 144] (em=0, csc=[128 128])
(6,77): [144 144] (em=0, csc=[128 128])
(6,78): [144 144] (em=0, csc=[128 128])
(6,79): [143 144] (em=2, csc=[127 128])
(6,80): [144 144] (em=8, csc=[128 128])
(6,81): [144 144] (em=21, csc=[128 128])
(6,82): [66 66] (em=42, csc=[128 126])
(6,83): [77 82] (em=33, csc=[132 121])
(6,84): [145 143] (em=29, csc=[136 120])
(6,85): [145 143] (em=29, csc=[136 122])
(6,86): [145 142] (em=23, csc=[139 116])
(6,87): [145 143] (em=32, csc=[136 120])
(6,88): [63 68] (em=42, csc=[134 122])
(6,89): [75 75] (em=36, csc=[128 126])
(6,90): [143 144] (em=27, csc=[127 128])
(6,91): [144 144] (em=11, csc=[128 128])
(6,92): [144 144] (em=4, csc=[128 128])
(6,93): [143 144] (em=2, csc=[127 128])
(6,94): [144 144] (em=0, csc=[128 128])
(6,95): [144 144] (em=0, csc=[128 128])
(6,96): [144 144] (em=0, csc=[128 128])
(6,97): [144 144] (em=0, csc=[128 128])
(6,98): [144 144] (em=0, csc=[128 128])
(6,99): [144 144] (em=0, csc=[128 128])
(6,100): [144 144] (em=0, csc=[128 128])
(6,101): [144 144] (em=0, csc=[128 128])
(6,102): [144 144] (em=0, csc=[128 128])
(6,103): [144 144] (em=0, csc=[128 128])
(6,104): [144 144] (em=0, csc=[128 128])
(6,105): [144 144] (em=0, csc=[128 128])
(6,106): [144 144] (em=0, csc=[128 128])
(6,107): [144 144] (em=0, csc=[128 128])
(6,108): [144 144] (em=0, csc=[128 128])
(6,109): [144 144] (em=0, csc=[128 128])
(6,110): [144 144] (em=0, csc=[128 128])
(6,111): [144 144] (em=0, csc=[128 128])
(6,112): [144 144] (em=0, csc=[128 128])
(6,113): [144 144] (em=0, csc=[128 128])
(6,114): [144 144] (em=0, csc=[128 128])
(6,115): [144 144] (em=0, csc=[128 128])
(6,116): [144 144] (em=0, csc=[128 128])
(6,117): [144 144] (em=0, csc=[128 128])
(6,118): [144 144] (em=0, csc=[128 128])
(6,119): [144 144] (em=0, csc=[128 128])
(6,120): [144 144] (em=0, csc=[128 128])
(6,121): [144 144] (em=0, csc=[128 128])
(6,122): [144 144] (em=0, csc=[128 128])
(6,123): [144 144] (em=0, csc=[128 128])
(6,124): [144 144] (em=0, csc=[128 128])
(6,125): [144 144] (em=0, csc=[128 128])
(6,126): [128 128] (em=93, csc=[128 128])
(6,127): [128 128] (em=93, csc=[122 128])
(7,0): [128 128] (em=90, csc=[129 122])
(7,1): [128 128] (em=94, csc=[128 128])
(7,2): [144 144] (em=9, csc=[128 128])
(7,3): [144 144] (em=0, csc=[128 128])
(7,4): [144 144] (em=0, csc=[128 128])
(7,5): [144 144] (em=0, csc=[128 128])
(7,6): [144 144] (em=0, csc=[128 128])
(7,7): [144 144] (em=0, csc=[128 128])
(7,8): [144 144] (em=0, csc=[128 128])
(7,9): [144 144] (em=0, csc=[128 128])
(7,10): [144 144] (em=0, csc=[128 128])
(7,11): [144 144] (em=0, csc=[128 128])
(7,12): [144 144] (em=0, csc=[128 128])
(7,13): [144 144] (em=0, csc=[128 128])
(7,14): [144 144] (em=0, csc=[128 128])
(7,15): [144 144] (em=0, csc=[128 128])
(7,16): [144 144] (em=0, csc=[128 128])
(7,17): [144 144] (em=0, csc=[128 128])
(7,18): [144 144] (em=0, csc=[128 128])
(7,19): [144 144] (em=0, csc=[128 128])
(7,20): [144 144] (em=0, csc=[128 128])
(7,21): [144 144] (em=0, csc=[128 128])
(7,22): [144 144] (em=0, csc=[128 128])
(7,23): [144 144] (em=0, csc=[128 128])
(7,24): [144 144] (em=0, csc=[128 128])
(7,25): [144 144] (em=0, csc=[128 128])
(7,26): [144 144] (em=0, csc=[128 128])
(7,27): [144 144] (em=0, csc=[128 128])
(7,28): [144 144] (em=0, csc=[128 128])
(7,29): [144 144] (em=0, csc=[128 128])
(7,30): [144 144] (em=0, csc=[128 128])
(7,31): [144 144] (em=0, csc=[128 128])
(7,32): [144 144] (em=0, csc=[128 128])
(7,33): [144 144] (em=0, csc=[128 128])
(7,34): [144 144] (em=0, csc=[128 128])
(7,35): [144 144] (em=0, csc=[128 128])
(7,36): [144 144] (em=0, csc=[128 128])
(7,37): [144 144] (em=0, csc=[128 128])
(7,38): [144 144] (em=0, csc=[128 128])
(7,39): [144 144] (em=0, csc=[128 128])
(7,40): [144 144] (em=0, csc=[128 128])
(7,41): [144 144] (em=0, csc=[128 128])
(7,42): [144 144] (em=0, csc=[128 128])
(7,43): [144 144] (em=0, csc=[128 128])
(7,44): [144 144] (em=0, csc=[128 128])
(7,45): [144 144] (em=0, csc=[128 128])
(7,46): [144 144] (em=0, csc=[128 128])
(7,47): [144 144] (em=0, csc=[128 128])
(7,48): [144 144] (em=0, csc=[128 128])
(7,49): [144 144] (em=0, csc=[128 128])
(7,50): [144 144] (em=0, csc=[128 128])
(7,51): [144 144] (em=0, csc=[128 128])
(7,52): [144 144] (em=0, csc=[128 128])
(7,53): [144 144] (em=0, csc=[128 128])
(7,54): [144 144] (em=0, csc=[128 128])
(7,55): [144 144] (em=0, csc=[128 128])
(7,56): [144 144] (em=0, csc=[128 128])
(7,57): [144 144] (em=0, csc=[128 128])
(7,58): [144 144] (em=0, csc=[128 128])
(7,59): [144 144] (em=0, csc=[128 128])
(7,60): [144 144] (em=0, csc=[128 128])
(7,61): [144 144] (em=0, csc=[128 128])
(7,62): [144 144] (em=0, csc=[128 128])
(7,63): [144 144] (em=0, csc=[128 128])
(7,64): [144 144] (em=0, csc=[128 128])
(7,65): [144 144] (em=0, csc=[128 128])
(7,66): [144 144] (em=0, csc=[128 128])
(7,67): [144 144] (em=0, csc=[128 128])
(7,68): [144 144] (em=0, csc=[128 128])
(7,69): [144 144] (em=0, csc=[128 128])
(7,70): [144 144] (em=0, csc=[128 128])
(7,71): [144 144] (em=0, csc=[128 128])
(7,72): [144 144] (em=0, csc=[128 128])
(7,73): [144 144] (em=1, csc=[128 128])
(7,74): [144 143] (em=4, csc=[128 127])
(7,75): [144 144] (em=5, csc=[128 128])
(7,76): [144 143] (em=11, csc=[128 126])
(7,77): [144 144] (em=14, csc=[128 128])
(7,78): [144 144] (em=26, csc=[128 128])
(7,79): [78 78] (em=34, csc=[126 128])
(7,80): [46 41] (em=58, csc=[122 129])
(7,81): [44 41] (em=57, csc=[126 131])
(7,82): [73 72] (em=38, csc=[124 128])
(7,83): [144 143] (em=-26, csc=[135 125])
(7,84): [128 128] (em=-121, csc=[158 101])
(7,85): [128 128] (em=-91, csc=[160 103])
(7,86): [128 128] (em=-109, csc=[157  99])
(7,87): [128 128] (em=-74, csc=[150 109])
(7,88): [197 184] (em=-42, csc=[138 113])
(7,89): [144 144] (em=19, csc=[129 130])
(7,90): [57 49] (em=51, csc=[119 133])
(7,91): [65 60] (em=44, csc=[124 132])
(7,92): [63 60] (em=45, csc=[124 129])
(7,93): [144 144] (em=27, csc=[128 128])
(7,94): [144 144] (em=16, csc=[128 128])
(7,95): [144 144] (em=8, csc=[128 128])
(7,96): [144 143] (em=2, csc=[128 127])
(7,97): [144 144] (em=1, csc=[128 128])
(7,98): [144 144] (em=0, csc=[128 128])
(7,99): [144 144] (em=0, csc=[128 128])
(7,100): [144 144] (em=0, csc=[128 128])
(7,101): [144 144] (em=0, csc=[128 128])
(7,102): [144 144] (em=0, csc=[128 128])
(7,103): [144 144] (em=0, csc=[128 128])
(7,104): [144 144] (em=0, csc=[128 128])
(7,105): [144 144] (em=0, csc=[128 128])
(7,106): [144 144] (em=0, csc=[128 128])
(7,107): [144 144] (em=0, csc=[128 128])
(7,108): [144 144] (em=0, csc=[128 128])
(7,109): [144 144] (em=0, csc=[128 128])
(7,110): [144 144] (em=0, csc=[128 128])
(7,111): [144 144] (em=0, csc=[128 128])
(7,112): [144 144] (em=0, csc=[128 128])
(7,113): [144 144] (em=0, csc=[128 128])
(7,114): [144 144] (em=0, csc=[128 128])
(7,115): [144 144] (em=0, csc=[128 128])
(7,116): [144 144] (em=0, csc=[128 128])
(7,117): [144 144] (em=0, csc=[128 128])
(7,118): [144 144] (em=0, csc=[128 128])
(7,119): [144 144] (em=0, csc=[128 128])
(7,120): [144 144] (em=0, csc=[128 128])
(7,121): [144 144] (em=0, csc=[128 128])
(7,122): [144 144] (em=0, csc=[128 128])
(7,123): [144 144] (em=0, csc=[128 128])
(7,124): [144 144] (em=0, csc=[128 128])
(7,125): [144 144] (em=0, csc=[128 128])
(7,126): [128 128] (em=93, csc=[125 128])
(7,127): [128 128] (em=93, csc=[115 135])
(8,0): [128 128] (em=65, csc=[137 116])
(8,1): [128 128] (em=91, csc=[128 125])
(8,2): [144 144] (em=6, csc=[128 128])
(8,3): [144 144] (em=0, csc=[128 128])
(8,4): [144 144] (em=0, csc=[128 128])
(8,5): [144 144] (em=0, csc=[128 128])
(8,6): [144 144] (em=0, csc=[128 128])
(8,7): [144 144] (em=0, csc=[128 128])
(8,8): [144 144] (em=0, csc=[128 128])
(8,9): [144 144] (em=0, csc=[128 128])
(8,10): [144 144] (em=0, csc=[128 128])
(8,11): [144 144] (em=0, csc=[128 128])
(8,12): [144 144] (em=0, csc=[128 128])
(8,13): [144 144] (em=0, csc=[128 128])
(8,14): [144 144] (em=0, csc=[128 128])
(8,15): [144 144] (em=0, csc=[128 128])
(8,16): [144 144] (em=0, csc=[128 128])
(8,17): [144 144] (em=0, csc=[128 128])
(8,18): [144 144] (em=0, csc=[128 128])
(8,19): [144 144] (em=0, csc=[128 128])
(8,20): [144 144] (em=0, csc=[128 128])
(8,21): [144 144] (em=0, csc=[128 128])
(8,22): [144 144] (em=0, csc=[128 128])
(8,23): [144 144] (em=0, csc=[128 128])
(8,24): [144 144] (em=0, csc=[128 128])
(8,25): [144 144] (em=0, csc=[128 128])
(8,26): [144 144] (em=0, csc=[128 128])
(8,27): [144 144] (em=0, csc=[128 128])
(8,28): [144 144] (em=0, csc=[128 128])
(8,29): [144 144] (em=0, csc=[128 128])
(8,30): [144 144] (em=0, csc=[128 128])
(8,31): [144 144] (em=0, csc=[128 128])
(8,32): [144 144] (em=0, csc=[128 128])
(8,33): [144 144] (em=0, csc=[128 128])
(8,34): [144 144] (em=0, csc=[128 128])
(8,35): [144 144] (em=0, csc=[128 128])
(8,36): [144 144] (em=0, csc=[128 128])
(8,37): [144 144] (em=0, csc=[128 128])
(8,38): [144 144] (em=0, csc=[128 128])
(8,39): [144 144] (em=0, csc=[128 128])
(8,40): [144 144] (em=0, csc=[128 128])
(8,41): [144 144] (em=0, csc=[128 128])
(8,42): [144 144] (em=0, csc=[128 128])
(8,43): [144 144] (em=0, csc=[128 128])
(8,44): [144 144] (em=0, csc=[128 128])
(8,45): [144 144] (em=0, csc=[128 128])
(8,46): [144 144] (em=0, csc=[128 128])
(8,47): [144 144] (em=0, csc=[128 128])
(8,48): [144 144] (em=0, csc=[128 128])
(8,49): [144 144] (em=0, csc=[128 128])
(8,50): [144 144] (em=0, csc=[128 128])
(8,51): [144 144] (em=0, csc=[128 128])
(8,52): [144 144] (em=0, csc=[128 128])
(8,53): [144 144] (em=0, csc=[128 128])
(8,54): [144 144] (em=0, csc=[128 128])
(8,55): [144 144] (em=0, csc=[128 128])
(8,56): [144 144] (em=0, csc=[128 128])
(8,57): [144 144] (em=0, csc=[128 128])
(8,58): [144 144] (em=0, csc=[128 128])
(8,59): [144 144] (em=0, csc=[128 128])
(8,60): [144 144] (em=0, csc=[128 128])
(8,61): [144 144] (em=0, csc=[128 128])
(8,62): [144 144] (em=0, csc=[128 128])
(8,63): [144 144] (em=0, csc=[128 128])
(8,64): [144 144] (em=0, csc=[128 128])
(8,65): [144 144] (em=0, csc=[128 128])
(8,66): [144 144] (em=0, csc=[128 128])
(8,67): [144 144] (em=0, csc=[128 128])
(8,68): [144 144] (em=0, csc=[128 128])
(8,69): [144 144] (em=0, csc=[128 128])
(8,70): [144 144] (em=0, csc=[128 128])
(8,71): [144 144] (em=3, csc=[128 128])
(8,72): [144 144] (em=9, csc=[128 128])
(8,73): [144 144] (em=18, csc=[128 128])
(8,74): [70 71] (em=39, csc=[128 125])
(8,75): [144 143] (em=28, csc=[130 123])
(8,76): [58 67] (em=44, csc=[136 120])
(8,77): [68 75] (em=38, csc=[136 119])
(8,78): [51 59] (em=49, csc=[135 121])
(8,79): [144 143] (em=17, csc=[129 122])
(8,80): [144 143] (em=4, csc=[131 126])
(8,81): [173 198] (em=-43, csc=[ 89 138])
(8,82): [128 128] (em=-120, csc=[152 124])
(8,83): [128 128] (em=-121, csc=[137  91])
(8,84): [146 142] (em=-16, csc=[148 113])
(8,85): [146 140] (em=0, csc=[145 100])
(8,86): [146 142] (em=14, csc=[146 112])
(8,87): [191 170] (em=-37, csc=[143  96])
(8,88): [128 128] (em=-87, csc=[149 103])
(8,89): [128 128] (em=-96, csc=[105 120])
(8,90): [128 128] (em=-87, csc=[142 141])
(8,91): [171 185] (em=-35, csc=[105 138])
(8,92): [144 143] (em=-1, csc=[133 126])
(8,93): [144 143] (em=17, csc=[133 121])
(8,94): [51 55] (em=50, csc=[132 126])
(8,95): [76 78] (em=35, csc=[129 124])
(8,96): [144 144] (em=30, csc=[128 128])
(8,97): [144 144] (em=12, csc=[128 128])
(8,98): [144 144] (em=3, csc=[128 128])
(8,99): [144 144] (em=0, csc=[128 128])
(8,100): [144 144] (em=0, csc=[128 128])
(8,101): [144 144] (em=0, csc=[128 128])
(8,102): [144 144] (em=0, csc=[128 128])
(8,103): [144 144] (em=0, csc=[128 128])
(8,104): [144 144] (em=0, csc=[128 128])
(8,105): [144 144] (em=0, csc=[128 128])
(8,106): [144 144] (em=0, csc=[128 128])
(8,107): [144 144] (em=0, csc=[128 128])
(8,108): [144 144] (em=0, csc=[128 128])
(8,109): [144 144] (em=0, csc=[128 128])
(8,110): [144 144] (em=0, csc=[128 128])
(8,111): [144 144] (em=0, csc=[128 128])
(8,112): [144 144] (em=0, csc=[128 128])
(8,113): [144 144] (em=0, csc=[128 128])
(8,114): [144 144] (em=0, csc=[128 128])
(8,115): [144 144] (em=0, csc=[128 128])
(8,116): [144 144] (em=0, csc=[128 128])
(8,117): [144 144] (em=0, csc=[128 128])
(8,118): [144 144] (em=0, csc=[128 128])
(8,119): [144 144] (em=0, csc=[128 128])
(8,120): [144 144] (em=0, csc=[128 128])
(8,121): [144 144] (em=0, csc=[128 128])
(8,122): [144 144] (em=0, csc=[128 128])
(8,123): [144 144] (em=0, csc=[128 128])
(8,124): [144 144] (em=0, csc=[128 128])
(8,125): [144 144] (em=0, csc=[128 128])
(8,126): [128 128] (em=93, csc=[128 128])
(8,127): [128 128] (em=93, csc=[122 128])
(9,0): [128 128] (em=90, csc=[129 122])
(9,1): [128 128] (em=94, csc=[128 128])
(9,2): [144 144] (em=9, csc=[128 128])
(9,3): [144 144] (em=0, csc=[128 128])
(9,4): [144 144] (em=0, csc=[128 128])
(9,5): [144 144] (em=0, csc=[128 128])
(9,6): [144 144] (em=0, csc=[128 128])
(9,7): [144 144] (em=0, csc=[128 128])
(9,8): [144 144] (em=0, csc=[128 128])
(9,9): [144 144] (em=0, csc=[128 128])
(9,10): [144 144] (em=0, csc=[128 128])
(9,11): [144 144] (em=0, csc=[128 128])
(9,12): [144 144] (em=0, csc=[128 128])
(9,13): [144 144] (em=0, csc=[128 128])
(9,14): [144 144] (em=0, csc=[128 128])
(9,15): [144 144] (em=0, csc=[128 128])
(9,16): [144 144] (em=0, csc=[128 128])
(9,17): [144 144] (em=0, csc=[128 128])
(9,18): [144 144] (em=0, csc=[128 128])
(9,19): [144 144] (em=0, csc=[128 128])
(9,20): [144 144] (em=0, csc=[128 128])
(9,21): [144 144] (em=0, csc=[128 128])
(9,22): [144 144] (em=0, csc=[128 128])
(9,23): [144 144] (em=0, csc=[128 128])
(9,24): [144 144] (em=0, csc=[128 128])
(9,25): [144 144] (em=0, csc=[128 128])
(9,26): [144 144] (em=0, csc=[128 128])
(9,27): [144 144] (em=0, csc=[128 128])
(9,28): [144 144] (em=0, csc=[128 128])
(9,29): [144 144] (em=0, csc=[128 128])
(9,30): [144 144] (em=0, csc=[128 128])
(9,31): [144 144] (em=0, csc=[128 128])
(9,32): [144 144] (em=0, csc=[128 128])
(9,33): [144 144] (em=0, csc=[128 128])
(9,34): [144 144] (em=0, csc=[128 128])
(9,35): [144 144] (em=0, csc=[128 128])
(9,36): [144 144] (em=0, csc=[128 128])
(9,37): [144 144] (em=0, csc=[128 128])
(9,38): [144 144] (em=0, csc=[128 128])
(9,39): [144 144] (em=0, csc=[128 128])
(9,40): [144 144] (em=0, csc=[128 128])
(9,41): [144 144] (em=0, csc=[128 128])
(9,42): [144 144] (em=0, csc=[128 128])
(9,43): [144 144] (em=0, csc=[128 128])
(9,44): [144 144] (em=0, csc=[128 128])
(9,45): [144 144] (em=0, csc=[128 128])
(9,46): [144 144] (em=0, csc=[128 128])
(9,47): [144 144] (em=0, csc=[128 128])
(9,48): [144 144] (em=0, csc=[128 128])
(9,49): [144 144] (em=0, csc=[128 128])
(9,50): [144 144] (em=1, csc=[128 128])
(9,51): [144 144] (em=1, csc=[128 128])
(9,52): [144 143] (em=4, csc=[128 126])
(9,53): [144 144] (em=4, csc=[128 128])
(9,54): [144 143] (em=9, csc=[128 127])
(9,55): [144 144] (em=6, csc=[128 128])
(9,56): [144 143] (em=12, csc=[128 126])
(9,57): [144 144] (em=6, csc=[128 128])
(9,58): [144 143] (em=11, csc=[129 126])
(9,59): [144 144] (em=7, csc=[128 128])
(9,60): [144 143] (em=13, csc=[128 126])
(9,61): [144 144] (em=7, csc=[128 128])
(9,62): [144 143] (em=14, csc=[128 126])
(9,63): [144 144] (em=7, csc=[128 128])
(9,64): [144 143] (em=12, csc=[128 126])
(9,65): [144 144] (em=5, csc=[128 128])
(9,66): [144 143] (em=9, csc=[128 126])
(9,67): [144 144] (em=3, csc=[128 128])
(9,68): [144 143] (em=6, csc=[128 127])
(9,69): [144 144] (em=3, csc=[128 128])
(9,70): [144 144] (em=12, csc=[128 128])
(9,71): [144 144] (em=23, csc=[128 128])
(9,72): [73 69] (em=39, csc=[122 130])
(9,73): [143 144] (em=27, csc=[127 130])
(9,74): [143 144] (em=13, csc=[122 130])
(9,75): [144 143] (em=-23, csc=[135 126])
(9,76): [128 128] (em=-135, csc=[160  79])
(9,77): [128 128] (em=-68, csc=[154 107])
(9,78): [128 128] (em=-109, csc=[160 100])
(9,79): [128 128] (em=-87, csc=[158 105])
(9,80): [128 128] (em=-109, csc=[152  89])
(9,81): [145 143] (em=-15, csc=[140 122])
(9,82): [68 72] (em=40, csc=[130 121])
(9,83): [61 70] (em=42, csc=[137 119])
(9,84): [56 66] (em=45, csc=[138 118])
(9,85): [68 78] (em=38, csc=[137 113])
(9,86): [72 83] (em=34, csc=[141 115])
(9,87): [70 79] (em=37, csc=[136 115])
(9,88): [51 58] (em=50, csc=[132 120])
(9,89): [144 143] (em=29, csc=[135 122])
(9,90): [144 143] (em=22, csc=[133 121])
(9,91): [145 143] (em=-22, csc=[143 125])
(9,92): [128 128] (em=-109, csc=[154 101])
(9,93): [128 128] (em=-91, csc=[151 117])
(9,94): [128 128] (em=-78, csc=[144 108])
(9,95): [144 144] (em=10, csc=[129 129])
(9,96): [128 128] (em=66, csc=[121 131])
(9,97): [61 60] (em=45, csc=[128 129])
(9,98): [73 73] (em=37, csc=[128 128])
(9,99): [144 144] (em=13, csc=[128 128])
(9,100): [144 144] (em=3, csc=[128 128])
(9,101): [144 144] (em=0, csc=[128 128])
(9,102): [144 144] (em=0, csc=[128 128])
(9,103): [144 144] (em=0, csc=[128 128])
(9,104): [144 144] (em=0, csc=[128 128])
(9,105): [144 144] (em=0, csc=[128 128])
(9,106): [144 144] (em=0, csc=[128 128])
(9,107): [144 144] (em=0, csc=[128 128])
(9,108): [144 144] (em=0, csc=[128 128])
(9,109): [144 144] (em=0, csc=[128 128])
(9,110): [144 144] (em=0, csc=[128 128])
(9,111): [144 144] (em=0, csc=[128 128])
(9,112): [144 144] (em=0, csc=[128 128])
(9,113): [144 144] (em=0, csc=[128 128])
(9,114): [144 144] (em=0, csc=[128 128])
(9,115): [144 144] (em=0, csc=[128 128])
(9,116): [144 144] (em=0, csc=[128 128])
(9,117): [144 144] (em=0, csc=[128 128])
(9,118): [144 144] (em=0, csc=[128 128])
(9,119): [144 144] (em=0, csc=[128 128])
(9,120): [144 144] (em=0, csc=[128 128])
(9,121): [144 144] (em=0, csc=[128 128])
(9,122): [144 144] (em=0, csc=[128 128])
(9,123): [144 144] (em=0, csc=[128 128])
(9,124): [144 144] (em=0, csc=[128 128])
(9,125): [144 144] (em=0, csc=[128 128])
(9,126): [128 128] (em=93, csc=[125 128])
(9,127): [128 128] (em=93, csc=[115 135])
(10,0): [128 128] (em=65, csc=[137 116])
(10,1): [128 128] (em=91, csc=[128 125])
(10,2): [144 144] (em=6, csc=[128 128])
(10,3): [144 144] (em=0, csc=[128 128])
(10,4): [144 144] (em=0, csc=[128 128])
(10,5): [144 144] (em=0, csc=[128 128])
(10,6): [144 144] (em=0, csc=[128 128])
(10,7): [144 144] (em=0, csc=[128 128])
(10,8): [144 144] (em=0, csc=[128 128])
(10,9): [144 144] (em=0, csc=[128 128])
(10,10): [144 144] (em=0, csc=[128 128])
(10,11): [144 144] (em=0, csc=[128 128])
(10,12): [144 144] (em=0, csc=[128 128])
(10,13): [144 144] (em=0, csc=[128 128])
(10,14): [144 144] (em=0, csc=[128 128])
(10,15): [144 144] (em=0, csc=[128 128])
(10,16): [144 144] (em=0, csc=[128 128])
(10,17): [144 144] (em=0, csc=[128 128])
(10,18): [144 144] (em=0, csc=[128 128])
(10,19): [144 144] (em=0, csc=[128 128])
(10,20): [144 144] (em=0, csc=[128 128])
(10,21): [144 144] (em=0, csc=[128 128])
(10,22): [144 144] (em=0, csc=[128 128])
(10,23): [144 144] (em=0, csc=[128 128])
(10,24): [144 144] (em=0, csc=[128 128])
(10,25): [144 144] (em=0, csc=[128 128])
(10,26): [144 144] (em=0, csc=[128 128])
(10,27): [144 144] (em=0, csc=[128 128])
(10,28): [144 144] (em=0, csc=[128 128])
(10,29): [144 144] (em=0, csc=[128 128])
(10,30): [144 144] (em=0, csc=[128 128])
(10,31): [144 144] (em=0, csc=[128 128])
(10,32): [144 144] (em=0, csc=[128 128])
(10,33): [144 144] (em=0, csc=[128 128])
(10,34): [144 144] (em=0, csc=[128 128])
(10,35): [144 144] (em=0, csc=[128 128])
(10,36): [144 144] (em=0, csc=[128 128])
(10,37): [144 144] (em=0, csc=[128 128])
(10,38): [144 144] (em=0, csc=[128 128])
(10,39): [144 144] (em=0, csc=[128 128])
(10,40): [144 144] (em=0, csc=[128 128])
(10,41): [144 144] (em=0, csc=[128 128])
(10,42): [144 144] (em=0, csc=[128 128])
(10,43): [143 144] (em=0, csc=[127 128])
(10,44): [144 144] (em=0, csc=[128 128])
(10,45): [143 144] (em=2, csc=[127 128])
(10,46): [144 144] (em=1, csc=[128 128])
(10,47): [144 144] (em=6, csc=[128 128])
(10,48): [144 144] (em=6, csc=[128 128])
(10,49): [144 144] (em=14, csc=[128 128])
(10,50): [144 143] (em=19, csc=[128 127])
(10,51): [144 144] (em=26, csc=[128 128])
(10,52): [144 143] (em=28, csc=[131 122])
(10,53): [144 143] (em=29, csc=[129 123])
(10,54): [73 80] (em=35, csc=[135 119])
(10,55): [74 79] (em=35, csc=[132 121])
(10,56): [52 63] (em=48, csc=[136 117])
(10,57): [69 75] (em=38, csc=[133 120])
(10,58): [46 58] (em=51, csc=[138 118])
(10,59): [61 66] (em=44, csc=[131 122])
(10,60): [34 48] (em=59, csc=[137 117])
(10,61): [68 74] (em=39, csc=[132 119])
(10,62): [42 56] (em=53, csc=[139 116])
(10,63): [68 74] (em=39, csc=[133 119])
(10,64): [55 67] (em=45, csc=[139 116])
(10,65): [77 82] (em=33, csc=[132 119])
(10,66): [73 80] (em=35, csc=[136 119])
(10,67): [75 76] (em=36, csc=[128 125])
(10,68): [144 143] (em=26, csc=[132 121])
(10,69): [144 143] (em=31, csc=[128 126])
(10,70): [51 52] (em=52, csc=[128 126])
(10,71): [55 56] (em=50, csc=[126 124])
(10,72): [143 143] (em=-7, csc=[123 127])
(10,73): [185 222] (em=-56, csc=[ 86 142])
(10,74): [210 216] (em=-59, csc=[118 127])
(10,75): [143 143] (em=-23, csc=[122 127])
(10,76): [145 143] (em=12, csc=[142 120])
(10,77): [146 140] (em=-21, csc=[149  99])
(10,78): [147 140] (em=2, csc=[153 101])
(10,79): [146 141] (em=15, csc=[150 104])
(10,80): [68 84] (em=35, csc=[147 109])
(10,81): [146 141] (em=26, csc=[146 110])
(10,82): [145 142] (em=30, csc=[141 113])
(10,83): [145 142] (em=18, csc=[143 115])
(10,84): [145 142] (em=11, csc=[141 113])
(10,85): [146 141] (em=1, csc=[145 111])
(10,86): [145 142] (em=3, csc=[142 113])
(10,87): [145 142] (em=8, csc=[143 114])
(10,88): [145 142] (em=13, csc=[140 113])
(10,89): [146 142] (em=20, csc=[145 114])
(10,90): [69 80] (em=36, csc=[142 115])
(10,91): [146 141] (em=27, csc=[147 110])
(10,92): [69 82] (em=35, csc=[145 113])
(10,93): [145 140] (em=-21, csc=[143 103])
(10,94): [128 128] (em=-103, csc=[155  95])
(10,95): [128 128] (em=-103, csc=[108 120])
(10,96): [128 128] (em=-132, csc=[153 123])
(10,97): [143 144] (em=-13, csc=[122 134])
(10,98): [59 55] (em=47, csc=[127 133])
(10,99): [70 71] (em=39, csc=[128 126])
(10,100): [144 144] (em=26, csc=[128 128])
(10,101): [144 144] (em=8, csc=[128 128])
(10,102): [144 144] (em=0, csc=[128 128])
(10,103): [144 144] (em=0, csc=[128 128])
(10,104): [144 144] (em=0, csc=[128 128])
(10,105): [144 144] (em=0, csc=[128 128])
(10,106): [144 144] (em=0, csc=[128 128])
(10,107): [144 144] (em=0, csc=[128 128])
(10,108): [144 144] (em=0, csc=[128 128])
(10,109): [144 144] (em=0, csc=[128 128])
(10,110): [144 144] (em=0, csc=[128 128])
(10,111): [144 144] (em=0, csc=[128 128])
(10,112): [144 144] (em=0, csc=[128 128])
(10,113): [144 144] (em=0, csc=[128 128])
(10,114): [144 144] (em=0, csc=[128 128])
(10,115): [144 144] (em=0, csc=[128 128])
(10,116): [144 144] (em=0, csc=[128 128])
(10,117): [144 144] (em=0, csc=[128 128])
(10,118): [144 144] (em=0, csc=[128 128])
(10,119): [144 144] (em=0, csc=[128 128])
(10,120): [144 144] (em=0, csc=[128 128])
(10,121): [144 144] (em=0, csc=[128 128])
(10,122): [144 144] (em=0, csc=[128 128])
(10,123): [144 144] (em=0, csc=[128 128])
(10,124): [144 144] (em=0, csc=[128 128])
(10,125): [144 144] (em=0, csc=[128 128])
(10,126): [128 128] (em=93, csc=[128 128])
(10,127): [128 128] (em=93, csc=[122 128])
(11,0): [128 128] (em=90, csc=[129 122])
(11,1): [128 128] (em=94, csc=[128 128])
(11,2): [144 144] (em=9, csc=[128 128])
(11,3): [144 144] (em=0, csc=[128 128])
(11,4): [144 144] (em=0, csc=[128 128])
(11,5): [144 144] (em=0, csc=[128 128])
(11,6): [144 144] (em=0, csc=[128 128])
(11,7): [144 144] (em=0, csc=[128 128])
(11,8): [144 144] (em=0, csc=[128 128])
(11,9): [144 144] (em=0, csc=[128 128])
(11,10): [144 144] (em=0, csc=[128 128])
(11,11): [144 144] (em=0, csc=[128 128])
(11,12): [144 144] (em=0, csc=[128 128])
(11,13): [144 144] (em=0, csc=[128 128])
(11,14): [144 144] (em=0, csc=[128 128])
(11,15): [144 144] (em=0, csc=[128 128])
(11,16): [144 144] (em=0, csc=[128 128])
(11,17): [144 144] (em=0, csc=[128 128])
(11,18): [144 144] (em=0, csc=[128 128])
(11,19): [144 144] (em=0, csc=[128 128])
(11,20): [144 144] (em=0, csc=[128 128])
(11,21): [144 144] (em=0, csc=[128 128])
(11,22): [144 144] (em=0, csc=[128 128])
(11,23): [144 144] (em=0, csc=[128 128])
(11,24): [144 144] (em=0, csc=[128 128])
(11,25): [144 144] (em=0, csc=[128 128])
(11,26): [144 144] (em=0, csc=[128 128])
(11,27): [144 144] (em=0, csc=[128 128])
(11,28): [144 144] (em=0, csc=[128 128])
(11,29): [144 144] (em=0, csc=[128 128])
(11,30): [144 144] (em=0, csc=[128 128])
(11,31): [144 144] (em=0, csc=[128 128])
(11,32): [144 144] (em=0, csc=[128 128])
(11,33): [144 144] (em=0, csc=[128 128])
(11,34): [144 144] (em=0, csc=[128 128])
(11,35): [144 144] (em=0, csc=[128 128])
(11,36): [144 144] (em=0, csc=[128 128])
(11,37): [144 144] (em=0, csc=[128 128])
(11,38): [144 144] (em=2, csc=[128 128])
(11,39): [144 144] (em=4, csc=[128 128])
(11,40): [144 143] (em=8, csc=[128 126])
(11,41): [144 144] (em=12, csc=[128 128])
(11,42): [144 144] (em=19, csc=[128 128])
(11,43): [143 144] (em=26, csc=[127 128])
(11,44): [78 78] (em=34, csc=[127 128])
(11,45): [63 58] (em=46, csc=[121 131])
(11,46): [58 52] (em=50, csc=[121 130])
(11,47): [65 58] (em=46, csc=[118 131])
(11,48): [64 57] (em=46, csc=[120 133])
(11,49): [66 60] (em=44, csc=[121 133])
(11,50): [143 144] (em=30, csc=[120 133])
(11,51): [75 74] (em=36, csc=[127 130])
(11,52): [143 143] (em=7, csc=[127 124])
(11,53): [145 143] (em=-2, csc=[136 122])
(11,54): [128 128] (em=-66, csc=[143 105])
(11,55): [146 142] (em=-23, csc=[145 116])
(11,56): [128 128] (em=-66, csc=[144  96])
(11,57): [220 196] (em=-52, csc=[150 111])
(11,58): [128 128] (em=-113, csc=[159  79])
(11,59): [146 142] (em=-30, csc=[149 114])
(11,60): [233 194] (em=-60, csc=[148  93])
(11,61): [218 192] (em=-51, csc=[149 107])
(11,62): [128 128] (em=-112, csc=[157  77])
(11,63): [224 194] (em=-53, csc=[153 106])
(11,64): [128 128] (em=-121, csc=[163  77])
(11,65): [232 203] (em=-58, csc=[152 110])
(11,66): [196 180] (em=-40, csc=[144 110])
(11,67): [145 143] (em=1, csc=[141 123])
(11,68): [144 143] (em=0, csc=[131 123])
(11,69): [144 143] (em=15, csc=[133 124])
(11,70): [81 80] (em=33, csc=[124 125])
(11,71): [143 144] (em=29, csc=[124 129])
(11,72): [128 128] (em=-73, csc=[100 126])
(11,73): [128 128] (em=-64, csc=[120 149])
(11,74): [54 41] (em=58, csc=[110 129])
(11,75): [128 128] (em=75, csc=[128 125])
(11,76): [47 57] (em=51, csc=[137 119])
(11,77): [145 141] (em=14, csc=[137 108])
(11,78): [146 141] (em=6, csc=[147 106])
(11,79): [146 141] (em=6, csc=[144 106])
(11,80): [146 141] (em=0, csc=[149 105])
(11,81): [146 141] (em=-1, csc=[146 105])
(11,82): [146 141] (em=-4, csc=[147 106])
(11,83): [146 141] (em=-3, csc=[146 107])
(11,84): [146 141] (em=-5, csc=[147 107])
(11,85): [146 141] (em=-4, csc=[147 108])
(11,86): [146 141] (em=-6, csc=[147 108])
(11,87): [146 141] (em=-1, csc=[146 108])
(11,88): [146 141] (em=-3, csc=[146 108])
(11,89): [146 141] (em=-3, csc=[146 107])
(11,90): [146 141] (em=-5, csc=[150 105])
(11,91): [146 141] (em=5, csc=[145 107])
(11,92): [146 141] (em=17, csc=[146 109])
(11,93): [145 141] (em=27, csc=[138 111])
(11,94): [128 128] (em=64, csc=[130 119])
(11,95): [76 81] (em=33, csc=[135 122])
(11,96): [145 143] (em=-11, csc=[137 123])
(11,97): [128 128] (em=-93, csc=[122 145])
(11,98): [128 128] (em=-76, csc=[140 126])
(11,99): [144 143] (em=20, csc=[130 127])
(11,100): [43 43] (em=58, csc=[126 126])
(11,101): [144 144] (em=30, csc=[128 128])
(11,102): [144 144] (em=8, csc=[128 128])
(11,103): [144 144] (em=1, csc=[128 128])
(11,104): [144 144] (em=0, csc=[128 128])
(11,105): [144 144] (em=0, csc=[128 128])
(11,106): [144 144] (em=0, csc=[128 128])
(11,107): [144 144] (em=0, csc=[128 128])
(11,108): [144 144] (em=0, csc=[128 128])
(11,109): [144 144] (em=0, csc=[128 128])
(11,110): [144 144] (em=0, csc=[128 128])
(11,111): [144 144] (em=0, csc=[128 128])
(11,112): [144 144] (em=0, csc=[128 128])
(11,113): [144 144] (em=0, csc=[128 128])
(11,114): [144 144] (em=0, csc=[128 128])
(11,115): [144 144] (em=0, csc=[128 128])
(11,116): [144 144] (em=0, csc=[128 128])
(11,117): [144 144] (em=0, csc=[128 128])
(11,118): [144 144] (em=0, csc=[128 128])
(11,119): [144 144] (em=0, csc=[128 128])
(11,120): [144 144] (em=0, csc=[128 128])
(11,121): [144 144] (em=0, csc=[128 128])
(11,122): [144 144] (em=0, csc=[128 128])
(11,123): [144 144] (em=0, csc=[128 128])
(11,124): [144 144] (em=0, csc=[128 128])
(11,125): [144 144] (em=0, csc=[128 128])
(11,126): [128 128] (em=93, csc=[125 128])
(11,127): [128 128] (em=93, csc=[115 135])
(12,0): [128 128] (em=65, csc=[137 116])
(12,1): [128 128] (em=91, csc=[128 125])
(12,2): [144 144] (em=6, csc=[128 128])
(12,3): [144 144] (em=0, csc=[128 128])
(12,4): [144 144] (em=0, csc=[128 128])
(12,5): [144 144] (em=0, csc=[128 128])
(12,6): [144 144] (em=0, csc=[128 128])
(12,7): [144 144] (em=0, csc=[128 128])
(12,8): [144 144] (em=0, csc=[128 128])
(12,9): [144 144] (em=0, csc=[128 128])
(12,10): [144 144] (em=0, csc=[128 128])
(12,11): [144 144] (em=0, csc=[128 128])
(12,12): [144 144] (em=0, csc=[128 128])
(12,13): [144 144] (em=0, csc=[128 128])
(12,14): [144 144] (em=0, csc=[128 128])
(12,15): [144 144] (em=0, csc=[128 128])
(12,16): [144 144] (em=0, csc=[128 128])
(12,17): [144 144] (em=0, csc=[128 128])
(12,18): [144 144] (em=0, csc=[128 128])
(12,19): [144 144] (em=0, csc=[128 128])
(12,20): [144 144] (em=0, csc=[128 128])
(12,21): [144 144] (em=0, csc=[128 128])
(12,22): [144 144] (em=0, csc=[128 128])
(12,23): [144 144] (em=0, csc=[128 128])
(12,24): [144 144] (em=0, csc=[128 128])
(12,25): [144 144] (em=0, csc=[128 128])
(12,26): [144 144] (em=0, csc=[128 128])
(12,27): [144 144] (em=0, csc=[128 128])
(12,28): [144 144] (em=0, csc=[128 128])
(12,29): [144 144] (em=0, csc=[128 128])
(12,30): [144 144] (em=0, csc=[128 128])
(12,31): [144 144] (em=0, csc=[128 128])
(12,32): [144 144] (em=0, csc=[128 128])
(12,33): [144 144] (em=0, csc=[128 128])
(12,34): [144 144] (em=0, csc=[128 128])
(12,35): [143 144] (em=0, csc=[127 128])
(12,36): [144 144] (em=1, csc=[128 128])
(12,37): [143 144] (em=9, csc=[126 128])
(12,38): [144 144] (em=22, csc=[128 128])
(12,39): [79 80] (em=33, csc=[128 126])
(12,40): [69 74] (em=38, csc=[133 123])
(12,41): [63 71] (em=41, csc=[136 120])
(12,42): [67 72] (em=39, csc=[134 123])
(12,43): [144 143] (em=29, csc=[132 125])
(12,44): [144 144] (em=31, csc=[131 129])
(12,45): [142 144] (em=0, csc=[118 130])
(12,46): [179 183] (em=-35, csc=[124 133])
(12,47): [128 128] (em=-78, csc=[ 95 127])
(12,48): [203 227] (em=-58, csc=[110 145])
(12,49): [196 223] (em=-60, csc=[ 97 135])
(12,50): [185 196] (em=-42, csc=[115 136])
(12,51): [128 128] (em=-101, csc=[104 119])
(12,52): [128 128] (em=-65, csc=[134 124])
(12,53): [128 128] (em=-124, csc=[135  88])
(12,54): [207 190] (em=-46, csc=[146 114])
(12,55): [197 178] (em=-42, csc=[138 100])
(12,56): [191 172] (em=-36, csc=[148 103])
(12,57): [213 185] (em=-50, csc=[144  96])
(12,58): [146 141] (em=-8, csc=[151 109])
(12,59): [146 141] (em=-27, csc=[144 104])
(12,60): [146 140] (em=-11, csc=[150 102])
(12,61): [145 140] (em=-20, csc=[142 101])
(12,62): [146 140] (em=-4, csc=[150 101])
(12,63): [146 140] (em=-9, csc=[145 103])
(12,64): [146 141] (em=4, csc=[151 108])
(12,65): [195 173] (em=-38, csc=[149 100])
(12,66): [146 142] (em=-22, csc=[148 115])
(12,67): [185 176] (em=-35, csc=[138 115])
(12,68): [145 143] (em=-26, csc=[138 124])
(12,69): [204 197] (em=-51, csc=[126 114])
(12,70): [202 195] (em=-47, csc=[133 120])
(12,71): [128 128] (em=-93, csc=[102 108])
(12,72): [128 128] (em=-87, csc=[149 140])
(12,73): [128 128] (em=-110, csc=[113 109])
(12,74): [144 142] (em=-30, csc=[132 114])
(12,75): [144 143] (em=25, csc=[134 121])
(12,76): [145 142] (em=23, csc=[141 116])
(12,77): [146 141] (em=16, csc=[146 107])
(12,78): [71 82] (em=35, csc=[140 114])
(12,79): [145 142] (em=28, csc=[143 116])
(12,80): [145 142] (em=20, csc=[139 113])
(12,81): [146 141] (em=0, csc=[145 109])
(12,82): [146 141] (em=-2, csc=[145 108])
(12,83): [146 141] (em=0, csc=[146 107])
(12,84): [146 141] (em=0, csc=[146 107])
(12,85): [146 141] (em=0, csc=[146 107])
(12,86): [146 141] (em=-1, csc=[147 107])
(12,87): [146 141] (em=0, csc=[146 107])
(12,88): [146 141] (em=0, csc=[146 107])
(12,89): [146 141] (em=0, csc=[146 107])
(12,90): [146 141] (em=0, csc=[147 108])
(12,91): [146 141] (em=0, csc=[146 108])
(12,92): [146 141] (em=0, csc=[144 110])
(12,93): [145 142] (em=5, csc=[143 112])
(12,94): [145 142] (em=21, csc=[137 113])
(12,95): [65 78] (em=38, csc=[143 113])
(12,96): [42 53] (em=53, csc=[140 122])
(12,97): [194 179] (em=-38, csc=[147 114])
(12,98): [128 128] (em=-126, csc=[140 126])
(12,99): [222 222] (em=-61, csc=[131 131])
(12,100): [70 70] (em=39, csc=[129 127])
(12,101): [51 53] (em=52, csc=[128 124])
(12,102): [78 78] (em=34, csc=[128 128])
(12,103): [144 144] (em=10, csc=[128 128])
(12,104): [144 144] (em=1, csc=[128 128])
(12,105): [144 144] (em=0, csc=[128 128])
(12,106): [144 144] (em=0, csc=[128 128])
(12,107): [144 144] (em=0, csc=[128 128])
(12,108): [144 144] (em=0, csc=[128 128])
(12,109): [144 144] (em=0, csc=[128 128])
(12,110): [144 144] (em=0, csc=[128 128])
(12,111): [144 144] (em=0, csc=[128 128])
(12,112): [144 144] (em=0, csc=[128 128])
(12,113): [144 144] (em=0, csc=[128 128])
(12,114): [144 144] (em=0, csc=[128 128])
(12,115): [144 144] (em=0, csc=[128 128])
(12,116): [144 144] (em=0, csc=[128 128])
(12,117): [144 144] (em=0, csc=[128 128])
(12,118): [144 144] (em=0, csc=[128 128])
(12,119): [144 144] (em=0, csc=[128 128])
(12,120): [144 144] (em=0, csc=[128 128])
(12,121): [144 144] (em=0, csc=[128 128])
(12,122): [144 144] (em=0, csc=[128 128])
(12,123): [144 144] (em=0, csc=[128 128])
(12,124): [144 144] (em=0, csc=[128 128])
(12,125): [144 144] (em=0, csc=[128 128])
(12,126): [128 128] (em=93, csc=[128 128])
(12,127): [128 128] (em=93, csc=[122 128])
(13,0): [128 128] (em=90, csc=[129 122])
(13,1): [128 128] (em=94, csc=[128 128])
(13,2): [144 144] (em=9, csc=[128 128])
(13,3): [144 144] (em=0, csc=[128 128])
(13,4): [144 144] (em=0, csc=[128 128])
(13,5): [144 144] (em=0, csc=[128 128])
(13,6): [144 144] (em=0, csc=[128 128])
(13,7): [144 144] (em=0, csc=[128 128])
(13,8): [144 144] (em=0, csc=[128 128])
(13,9): [144 144] (em=0, csc=[128 128])
(13,10): [144 144] (em=0, csc=[128 128])
(13,11): [144 144] (em=0, csc=[128 128])
(13,12): [144 144] (em=0, csc=[128 128])
(13,13): [144 144] (em=0, csc=[128 128])
(13,14): [144 144] (em=0, csc=[128 128])
(13,15): [144 144] (em=0, csc=[128 128])
(13,16): [144 144] (em=0, csc=[128 128])
(13,17): [144 144] (em=0, csc=[128 128])
(13,18): [144 144] (em=0, csc=[128 128])
(13,19): [144 144] (em=0, csc=[128 128])
(13,20): [144 144] (em=0, csc=[128 128])
(13,21): [144 144] (em=0, csc=[128 128])
(13,22): [144 144] (em=0, csc=[128 128])
(13,23): [144 144] (em=0, csc=[128 128])
(13,24): [144 144] (em=0, csc=[128 128])
(13,25): [144 144] (em=0, csc=[128 128])
(13,26): [144 144] (em=0, csc=[128 128])
(13,27): [144 144] (em=0, csc=[128 128])
(13,28): [144 144] (em=0, csc=[128 128])
(13,29): [144 144] (em=0, csc=[128 128])
(13,30): [144 144] (em=1, csc=[128 128])
(13,31): [144 144] (em=4, csc=[128 128])
(13,32): [144 143] (em=8, csc=[128 127])
(13,33): [144 144] (em=14, csc=[128 128])
(13,34): [144 144] (em=22, csc=[128 128])
(13,35): [143 144] (em=32, csc=[123 130])
(13,36): [69 67] (em=41, csc=[123 129])
(13,37): [128 128] (em=66, csc=[123 133])
(13,38): [128 128] (em=71, csc=[119 133])
(13,39): [75 74] (em=36, csc=[126 129])
(13,40): [145 142] (em=-26, csc=[137 117])
(13,41): [213 197] (em=-49, csc=[147 119])
(13,42): [128 128] (em=-101, csc=[153 106])
(13,43): [128 128] (em=-104, csc=[175 120])
(13,44): [128 128] (em=-90, csc=[141 105])
(13,45): [128 128] (em=-71, csc=[160 122])
(13,46): [128 128] (em=-102, csc=[142  99])
(13,47): [208 195] (em=-47, csc=[144 121])
(13,48): [144 142] (em=-19, csc=[132 119])
(13,49): [144 143] (em=32, csc=[131 124])
(13,50): [62 64] (em=45, csc=[126 123])
(13,51): [57 61] (em=47, csc=[129 122])
(13,52): [144 143] (em=32, csc=[132 120])
(13,53): [64 70] (em=42, csc=[132 118])
(13,54): [73 80] (em=35, csc=[136 117])
(13,55): [63 71] (em=42, csc=[134 116])
(13,56): [70 78] (em=37, csc=[136 117])
(13,57): [145 142] (em=29, csc=[136 115])
(13,58): [145 142] (em=31, csc=[140 115])
(13,59): [145 142] (em=24, csc=[138 114])
(13,60): [145 142] (em=27, csc=[139 114])
(13,61): [145 142] (em=21, csc=[138 112])
(13,62): [145 142] (em=25, csc=[140 113])
(13,63): [145 142] (em=22, csc=[139 112])
(13,64): [145 142] (em=23, csc=[143 113])
(13,65): [145 142] (em=20, csc=[139 114])
(13,66): [145 142] (em=22, csc=[139 117])
(13,67): [145 143] (em=27, csc=[136 120])
(13,68): [144 143] (em=30, csc=[134 121])
(13,69): [77 82] (em=33, csc=[133 121])
(13,70): [76 80] (em=34, csc=[131 122])
(13,71): [64 69] (em=42, csc=[132 121])
(13,72): [59 64] (em=45, csc=[132 123])
(13,73): [61 71] (em=41, csc=[141 120])
(13,74): [145 142] (em=-4, csc=[141 115])
(13,75): [202 179] (em=-41, csc=[152 105])
(13,76): [128 128] (em=-107, csc=[172 100])
(13,77): [220 189] (em=-51, csc=[153 102])
(13,78): [145 142] (em=13, csc=[138 114])
(13,79): [145 142] (em=32, csc=[140 119])
(13,80): [45 56] (em=53, csc=[134 116])
(13,81): [145 141] (em=16, csc=[141 108])
(13,82): [146 141] (em=12, csc=[150 107])
(13,83): [146 141] (em=2, csc=[145 108])
(13,84): [146 141] (em=-2, csc=[146 107])
(13,85): [146 141] (em=-2, csc=[146 107])
(13,86): [146 141] (em=-3, csc=[147 106])
(13,87): [146 141] (em=-2, csc=[146 106])
(13,88): [146 141] (em=0, csc=[146 107])
(13,89): [146 141] (em=0, csc=[147 108])
(13,90): [146 141] (em=1, csc=[146 107])
(13,91): [146 141] (em=0, csc=[146 107])
(13,92): [146 141] (em=-3, csc=[146 107])
(13,93): [146 141] (em=-2, csc=[145 108])
(13,94): [146 141] (em=-3, csc=[145 108])
(13,95): [145 141] (em=11, csc=[143 108])
(13,96): [73 85] (em=33, csc=[145 113])
(13,97): [146 142] (em=30, csc=[145 115])
(13,98): [146 142] (em=-30, csc=[145 117])
(13,99): [128 128] (em=-93, csc=[137 140])
(13,100): [128 128] (em=-85, csc=[139 126])
(13,101): [143 143] (em=22, csc=[127 127])
(13,102): [43 43] (em=59, csc=[124 124])
(13,103): [75 75] (em=36, csc=[128 127])
(13,104): [144 144] (em=12, csc=[128 128])
(13,105): [144 144] (em=1, csc=[128 128])
(13,106): [144 144] (em=0, csc=[128 128])
(13,107): [144 144] (em=0, csc=[128 128])
(13,108): [144 144] (em=0, csc=[128 128])
(13,109): [144 144] (em=0, csc=[128 128])
(13,110): [144 144] (em=0, csc=[128 128])
(13,111): [144 144] (em=0, csc=[128 128])
(13,112): [144 144] (em=0, csc=[128 128])
(13,113): [144 144] (em=0, csc=[128 128])
(13,114): [144 144] (em=0, csc=[128 128])
(13,115): [144 144] (em=0, csc=[128 128])
(13,116): [144 144] (em=0, csc=[128 128])
(13,117): [144 144] (em=0, csc=[128 128])
(13,118): [144 144] (em=0, csc=[128 128])
(13,119): [144 144] (em=0, csc=[128 128])
(13,120): [144 144] (em=0, csc=[128 128])
(13,121): [144 144] (em=0, csc=[128 128])
(13,122): [144 144] (em=0, csc=[128 128])
(13,123): [144 144] (em=0, csc=[128 128])
(13,124): [144 144] (em=0, csc=[128 128])
(13,125): [144 144] (em=0, csc=[128 128])
(13,126): [128 128] (em=93, csc=[125 128])
(13,127): [128 128] (em=93, csc=[115 135])
(14,0): [128 128] (em=65, csc=[137 116])
(14,1): [128 128] (em=91, csc=[128 125])
(14,2): [144 144] (em=6, csc=[128 128])
(14,3): [144 144] (em=0, csc=[128 128])
(14,4): [144 144] (em=0, csc=[128 128])
(14,5): [144 144] (em=0, csc=[128 128])
(14,6): [144 144] (em=0, csc=[128 128])
(14,7): [144 144] (em=0, csc=[128 128])
(14,8): [144 144] (em=0, csc=[128 128])
(14,9): [144 144] (em=0, csc=[128 128])
(14,10): [144 144] (em=0, csc=[128 128])
(14,11): [144 144] (em=0, csc=[128 128])
(14,12): [144 144] (em=0, csc=[128 128])
(14,13): [144 144] (em=0, csc=[128 128])
(14,14): [144 144] (em=0, csc=[128 128])
(14,15): [144 144] (em=0, csc=[128 128])
(14,16): [144 144] (em=0, csc=[128 128])
(14,17): [144 144] (em=0, csc=[128 128])
(14,18): [144 144] (em=0, csc=[128 128])
(14,19): [144 144] (em=0, csc=[128 128])
(14,20): [144 144] (em=0, csc=[128 128])
(14,21): [144 144] (em=0, csc=[128 128])
(14,22): [144 144] (em=0, csc=[128 128])
(14,23): [144 144] (em=0, csc=[128 128])
(14,24): [144 144] (em=0, csc=[128 128])
(14,25): [144 144] (em=0, csc=[128 128])
(14,26): [144 144] (em=0, csc=[128 128])
(14,27): [144 144] (em=0, csc=[128 128])
(14,28): [144 144] (em=0, csc=[128 128])
(14,29): [143 144] (em=5, csc=[127 128])
(14,30): [144 144] (em=14, csc=[128 128])
(14,31): [144 144] (em=31, csc=[128 128])
(14,32): [66 68] (em=41, csc=[130 126])
(14,33): [144 143] (em=27, csc=[134 120])
(14,34): [144 143] (em=21, csc=[131 124])
(14,35): [143 144] (em=3, csc=[125 130])
(14,36): [143 144] (em=-5, csc=[127 134])
(14,37): [170 198] (em=-42, csc=[ 85 140])
(14,38): [199 204] (em=-48, csc=[126 135])
(14,39): [128 128] (em=-119, csc=[115 112])
(14,40): [128 128] (em=-115, csc=[165 121])
(14,41): [128 128] (em=-100, csc=[142  92])
(14,42): [228 193] (em=-55, csc=[154 101])
(14,43): [145 141] (em=-2, csc=[142 106])
(14,44): [146 141] (em=10, csc=[146 106])
(14,45): [146 141] (em=26, csc=[146 108])
(14,46): [67 82] (em=36, csc=[145 110])
(14,47): [146 141] (em=25, csc=[147 108])
(14,48): [145 141] (em=23, csc=[143 111])
(14,49): [146 142] (em=22, csc=[144 114])
(14,50): [145 142] (em=21, csc=[139 114])
(14,51): [146 142] (em=10, csc=[144 113])
(14,52): [145 142] (em=7, csc=[141 114])
(14,53): [146 141] (em=0, csc=[146 111])
(14,54): [145 142] (em=5, csc=[141 113])
(14,55): [146 141] (em=1, csc=[145 111])
(14,56): [145 142] (em=6, csc=[141 113])
(14,57): [146 142] (em=4, csc=[144 112])
(14,58): [145 142] (em=6, csc=[142 113])
(14,59): [146 141] (em=2, csc=[145 111])
(14,60): [145 141] (em=4, csc=[142 111])
(14,61): [146 141] (em=1, csc=[145 109])
(14,62): [145 141] (em=4, csc=[142 111])
(14,63): [146 141] (em=3, csc=[145 111])
(14,64): [145 142] (em=6, csc=[143 112])
(14,65): [146 142] (em=6, csc=[144 113])
(14,66): [145 142] (em=6, csc=[142 114])
(14,67): [145 142] (em=5, csc=[143 115])
(14,68): [145 142] (em=7, csc=[141 114])
(14,69): [146 142] (em=7, csc=[144 114])
(14,70): [145 142] (em=9, csc=[140 115])
(14,71): [146 142] (em=10, csc=[144 114])
(14,72): [145 142] (em=19, csc=[141 115])
(14,73): [146 142] (em=25, csc=[145 116])
(14,74): [70 82] (em=35, csc=[143 113])
(14,75): [146 141] (em=23, csc=[148 106])
(14,76): [146 141] (em=7, csc=[149 107])
(14,77): [145 140] (em=-24, csc=[140 102])
(14,78): [128 128] (em=-88, csc=[151  90])
(14,79): [128 128] (em=-75, csc=[114 118])
(14,80): [128 128] (em=-113, csc=[157  84])
(14,81): [145 141] (em=0, csc=[143 106])
(14,82): [32 46] (em=59, csc=[140 119])
(14,83): [70 80] (em=35, csc=[144 117])
(14,84): [145 141] (em=16, csc=[141 111])
(14,85): [146 141] (em=-1, csc=[146 107])
(14,86): [146 141] (em=-4, csc=[147 106])
(14,87): [146 141] (em=-1, csc=[147 106])
(14,88): [146 141] (em=0, csc=[147 106])
(14,89): [146 141] (em=0, csc=[147 107])
(14,90): [146 141] (em=0, csc=[147 107])
(14,91): [146 141] (em=0, csc=[147 107])
(14,92): [146 141] (em=-1, csc=[146 107])
(14,93): [146 141] (em=-1, csc=[146 107])
(14,94): [146 141] (em=-2, csc=[146 108])
(14,95): [146 141] (em=0, csc=[145 108])
(14,96): [145 141] (em=11, csc=[143 109])
(14,97): [68 81] (em=36, csc=[144 113])
(14,98): [35 47] (em=57, csc=[140 122])
(14,99): [146 142] (em=-20, csc=[145 119])
(14,100): [128 128] (em=-120, csc=[149 124])
(14,101): [128 128] (em=-98, csc=[123 127])
(14,102): [143 143] (em=19, csc=[126 124])
(14,103): [44 44] (em=58, csc=[124 124])
(14,104): [70 70] (em=39, csc=[128 128])
(14,105): [144 144] (em=10, csc=[128 128])
(14,106): [144 144] (em=1, csc=[128 128])
(14,107): [144 144] (em=0, csc=[128 128])
(14,108): [144 144] (em=0, csc=[128 128])
(14,109): [144 144] (em=0, csc=[128 128])
(14,110): [144 144] (em=0, csc=[128 128])
(14,111): [144 144] (em=0, csc=[128 128])
(14,112): [144 144] (em=0, csc=[128 128])
(14,113): [144 144] (em=0, csc=[128 128])
(14,114): [144 144] (em=0, csc=[128 128])
(14,115): [144 144] (em=0, csc=[128 128])
(14,116): [144 144] (em=0, csc=[128 128])
(14,117): [144 144] (em=0, csc=[128 128])
(14,118): [144 144] (em=0, csc=[128 128])
(14,119): [144 144] (em=0, csc=[128 128])
(14,120): [144 144] (em=0, csc=[128 128])
(14,121): [144 144] (em=0, csc=[128 128])
(14,122): [144 144] (em=0, csc=[128 128])
(14,123): [144 144] (em=0, csc=[128 128])
(14,124): [144 144] (em=0, csc=[128 128])
(14,125): [144 144] (em=0, csc=[128 128])
(14,126): [128 128] (em=93, csc=[128 128])
(14,127): [128 128] (em=93, csc=[122 128])
(15,0): [128 128] (em=90, csc=[129 122])
(15,1): [128 128] (em=94, csc=[128 128])
(15,2): [144 144] (em=9, csc=[128 128])
(15,3): [144 144] (em=0, csc=[128 128])
(15,4): [144 144] (em=0, csc=[128 128])
(15,5): [144 144] (em=0, csc=[128 128])
(15,6): [144 144] (em=0, csc=[128 128])
(15,7): [144 144] (em=0, csc=[128 128])
(15,8): [144 144] (em=0, csc=[128 128])
(15,9): [144 144] (em=0, csc=[128 128])
(15,10): [144 144] (em=0, csc=[128 128])
(15,11): [144 144] (em=0, csc=[128 128])
(15,12): [144 144] (em=0, csc=[128 128])
(15,13): [144 144] (em=0, csc=[128 128])
(15,14): [144 144] (em=0, csc=[128 128])
(15,15): [144 144] (em=0, csc=[128 128])
(15,16): [144 144] (em=0, csc=[128 128])
(15,17): [144 144] (em=0, csc=[128 128])
(15,18): [144 144] (em=0, csc=[128 128])
(15,19): [144 144] (em=0, csc=[128 128])
(15,20): [144 144] (em=0, csc=[128 128])
(15,21): [144 144] (em=0, csc=[128 128])
(15,22): [144 144] (em=0, csc=[128 128])
(15,23): [144 144] (em=0, csc=[128 128])
(15,24): [144 144] (em=0, csc=[128 128])
(15,25): [144 144] (em=4, csc=[128 128])
(15,26): [144 144] (em=8, csc=[128 128])
(15,27): [144 144] (em=17, csc=[128 128])
(15,28): [144 144] (em=31, csc=[128 128])
(15,29): [60 56] (em=47, csc=[125 131])
(15,30): [128 128] (em=75, csc=[118 136])
(15,31): [46 42] (em=56, csc=[126 132])
(15,32): [144 143] (em=14, csc=[132 125])
(15,33): [225 216] (em=-61, csc=[135 123])
(15,34): [128 128] (em=-114, csc=[143  98])
(15,35): [193 185] (em=-37, csc=[149 131])
(15,36): [215 196] (em=-54, csc=[137 107])
(15,37): [184 177] (em=-34, csc=[140 123])
(15,38): [144 142] (em=0, csc=[133 119])
(15,39): [66 73] (em=39, csc=[136 122])
(15,40): [40 48] (em=57, csc=[132 121])
(15,41): [49 60] (em=50, csc=[135 117])
(15,42): [47 58] (em=51, csc=[137 117])
(15,43): [71 80] (em=36, csc=[136 114])
(15,44): [145 142] (em=28, csc=[140 113])
(15,45): [145 141] (em=11, csc=[141 109])
(15,46): [146 141] (em=3, csc=[148 106])
(15,47): [146 141] (em=-2, csc=[145 106])
(15,48): [146 141] (em=-8, csc=[149 105])
(15,49): [146 141] (em=-8, csc=[144 110])
(15,50): [145 141] (em=-13, csc=[143 108])
(15,51): [145 141] (em=-12, csc=[143 111])
(15,52): [146 141] (em=-22, csc=[145 106])
(15,53): [146 141] (em=-17, csc=[144 109])
(15,54): [146 141] (em=-25, csc=[145 105])
(15,55): [146 141] (em=-19, csc=[144 110])
(15,56): [146 141] (em=-22, csc=[145 106])
(15,57): [146 142] (em=-11, csc=[144 112])
(15,58): [145 141] (em=-14, csc=[143 108])
(15,59): [146 141] (em=-11, csc=[144 110])
(15,60): [146 141] (em=-12, csc=[145 106])
(15,61): [146 141] (em=-8, csc=[146 107])
(15,62): [146 141] (em=-7, csc=[147 106])
(15,63): [146 141] (em=-2, csc=[146 107])
(15,64): [146 141] (em=-2, csc=[146 108])
(15,65): [146 141] (em=0, csc=[147 109])
(15,66): [146 141] (em=-4, csc=[147 109])
(15,67): [146 141] (em=-3, csc=[147 109])
(15,68): [146 141] (em=-5, csc=[147 108])
(15,69): [146 141] (em=-3, csc=[147 108])
(15,70): [146 141] (em=-6, csc=[147 107])
(15,71): [146 141] (em=-5, csc=[147 107])
(15,72): [146 141] (em=-6, csc=[148 106])
(15,73): [146 141] (em=-2, csc=[148 107])
(15,74): [146 141] (em=-2, csc=[150 105])
(15,75): [146 141] (em=5, csc=[145 105])
(15,76): [146 141] (em=19, csc=[146 108])
(15,77): [145 141] (em=26, csc=[140 110])
(15,78): [128 128] (em=72, csc=[131 117])
(15,79): [145 142] (em=17, csc=[140 116])
(15,80): [128 128] (em=-99, csc=[161  90])
(15,81): [128 128] (em=-81, csc=[155 112])
(15,82): [145 142] (em=-7, csc=[143 118])
(15,83): [54 67] (em=44, csc=[144 120])
(15,84): [62 73] (em=41, csc=[138 116])
(15,85): [145 141] (em=11, csc=[141 107])
(15,86): [146 141] (em=-1, csc=[147 106])
(15,87): [146 141] (em=-1, csc=[147 107])
(15,88): [146 141] (em=-1, csc=[147 106])
(15,89): [146 141] (em=0, csc=[147 107])
(15,90): [146 141] (em=0, csc=[147 107])
(15,91): [146 141] (em=-1, csc=[146 107])
(15,92): [146 141] (em=0, csc=[146 107])
(15,93): [146 141] (em=0, csc=[146 107])
(15,94): [146 141] (em=-1, csc=[146 108])
(15,95): [146 141] (em=-2, csc=[146 108])
(15,96): [146 141] (em=-3, csc=[146 108])
(15,97): [146 141] (em=7, csc=[145 108])
(15,98): [146 142] (em=30, csc=[146 113])
(15,99): [69 81] (em=35, csc=[146 116])
(15,100): [146 142] (em=-20, csc=[146 118])
(15,101): [128 128] (em=-100, csc=[123 140])
(15,102): [128 128] (em=-90, csc=[114 126])
(15,103): [143 143] (em=29, csc=[123 127])
(15,104): [39 38] (em=62, csc=[123 125])
(15,105): [75 75] (em=36, csc=[128 127])
(15,106): [144 144] (em=12, csc=[128 128])
(15,107): [144 144] (em=2, csc=[128 128])
(15,108): [144 144] (em=0, csc=[128 128])
(15,109): [144 144] (em=0, csc=[128 128])
(15,110): [144 144] (em=0, csc=[128 128])
(15,111): [144 144] (em=0, csc=[128 128])
(15,112): [144 144] (em=0, csc=[128 128])
(15,113): [144 144] (em=0, csc=[128 128])
(15,114): [144 144] (em=0, csc=[128 128])
(15,115): [144 144] (em=0, csc=[128 128])
(15,116): [144 144] (em=0, csc=[128 128])
(15,117): [144 144] (em=0, csc=[128 128])
(15,118): [144 144] (em=0, csc=[128 128])
(15,119): [144 144] (em=0, csc=[128 128])
(15,120): [144 144] (em=0, csc=[128 128])
(15,121): [144 144] (em=0, csc=[128 128])
(15,122): [144 144] (em=0, csc=[128 128])
(15,123): [144 144] (em=0, csc=[128 128])
(15,124): [144 144] (em=0, csc=[128 128])
(15,125): [144 144] (em=0, csc=[128 128])
(15,126): [128 128] (em=93, csc=[125 128])
(15,127): [128 128] (em=93, csc=[115 135])
(16,0): [128 128] (em=65, csc=[137 116])
(16,1): [128 128] (em=91, csc=[128 125])
(16,2): [144 144] (em=6, csc=[128 128])
(16,3): [144 144] (em=0, csc=[128 128])
(16,4): [144 144] (em=0, csc=[128 128])
(16,5): [144 144] (em=0, csc=[128 128])
(16,6): [144 144] (em=0, csc=[128 128])
(16,7): [144 144] (em=0, csc=[128 128])
(16,8): [144 144] (em=0, csc=[128 128])
(16,9): [144 144] (em=0, csc=[128 128])
(16,10): [144 144] (em=0, csc=[128 128])
(16,11): [144 144] (em=0, csc=[128 128])
(16,12): [144 144] (em=0, csc=[128 128])
(16,13): [144 144] (em=0, csc=[128 128])
(16,14): [144 144] (em=0, csc=[128 128])
(16,15): [144 144] (em=0, csc=[128 128])
(16,16): [144 144] (em=0, csc=[128 128])
(16,17): [144 144] (em=0, csc=[128 128])
(16,18): [144 144] (em=0, csc=[128 128])
(16,19): [144 144] (em=0, csc=[128 128])
(16,20): [144 144] (em=0, csc=[128 128])
(16,21): [144 144] (em=0, csc=[128 128])
(16,22): [144 144] (em=0, csc=[128 128])
(16,23): [144 144] (em=0, csc=[128 128])
(16,24): [144 144] (em=8, csc=[128 128])
(16,25): [144 144] (em=26, csc=[128 128])
(16,26): [59 58] (em=47, csc=[127 128])
(16,27): [144 142] (em=29, csc=[133 118])
(16,28): [144 143] (em=17, csc=[132 125])
(16,29): [143 144] (em=-9, csc=[120 131])
(16,30): [224 224] (em=-63, csc=[130 130])
(16,31): [128 128] (em=-79, csc=[112 132])
(16,32): [128 128] (em=-109, csc=[156 123])
(16,33): [128 128] (em=-116, csc=[138  91])
(16,34): [128 128] (em=-64, csc=[152 101])
(16,35): [145 142] (em=2, csc=[141 112])
(16,36): [145 142] (em=25, csc=[143 112])
(16,37): [146 141] (em=19, csc=[146 108])
(16,38): [145 142] (em=23, csc=[142 113])
(16,39): [146 142] (em=22, csc=[144 115])
(16,40): [145 142] (em=17, csc=[139 114])
(16,41): [145 142] (em=11, csc=[143 115])
(16,42): [145 142] (em=10, csc=[140 113])
(16,43): [145 142] (em=7, csc=[142 113])
(16,44): [145 141] (em=5, csc=[141 111])
(16,45): [146 141] (em=2, csc=[144 110])
(16,46): [146 141] (em=-1, csc=[144 110])
(16,47): [146 141] (em=-10, csc=[146 107])
(16,48): [146 142] (em=-2, csc=[144 114])
(16,49): [145 142] (em=-7, csc=[141 116])
(16,50): [145 142] (em=-4, csc=[138 116])
(16,51): [145 142] (em=5, csc=[136 119])
(16,52): [145 142] (em=12, csc=[136 119])
(16,53): [145 142] (em=11, csc=[136 118])
(16,54): [145 142] (em=6, csc=[136 117])
(16,55): [145 142] (em=6, csc=[136 118])
(16,56): [145 142] (em=6, csc=[136 119])
(16,57): [145 143] (em=5, csc=[136 121])
(16,58): [145 142] (em=2, csc=[137 119])
(16,59): [145 142] (em=-4, csc=[139 116])
(16,60): [145 142] (em=-9, csc=[143 113])
(16,61): [146 141] (em=-13, csc=[146 106])
(16,62): [146 141] (em=-6, csc=[146 109])
(16,63): [146 141] (em=-5, csc=[147 106])
(16,64): [146 141] (em=-1, csc=[147 107])
(16,65): [146 141] (em=1, csc=[146 108])
(16,66): [146 141] (em=0, csc=[147 108])
(16,67): [146 141] (em=0, csc=[147 107])
(16,68): [146 141] (em=0, csc=[147 107])
(16,69): [146 141] (em=0, csc=[146 108])
(16,70): [146 141] (em=0, csc=[146 107])
(16,71): [146 141] (em=-1, csc=[146 107])
(16,72): [146 141] (em=0, csc=[147 107])
(16,73): [146 141] (em=0, csc=[147 108])
(16,74): [146 141] (em=-1, csc=[147 108])
(16,75): [146 141] (em=-1, csc=[147 107])
(16,76): [146 141] (em=4, csc=[145 110])
(16,77): [146 141] (em=8, csc=[145 111])
(16,78): [75 85] (em=33, csc=[139 112])
(16,79): [69 83] (em=35, csc=[146 110])
(16,80): [46 60] (em=49, csc=[144 119])
(16,81): [146 141] (em=-24, csc=[146 111])
(16,82): [128 128] (em=-105, csc=[158 123])
(16,83): [128 128] (em=-79, csc=[139 113])
(16,84): [145 142] (em=21, csc=[139 119])
(16,85): [63 75] (em=40, csc=[140 113])
(16,86): [72 84] (em=34, csc=[141 111])
(16,87): [146 141] (em=2, csc=[147 107])
(16,88): [146 141] (em=-2, csc=[147 107])
(16,89): [146 141] (em=0, csc=[147 108])
(16,90): [146 141] (em=0, csc=[147 107])
(16,91): [146 141] (em=0, csc=[146 106])
(16,92): [146 141] (em=0, csc=[147 106])
(16,93): [146 141] (em=1, csc=[146 107])
(16,94): [146 141] (em=0, csc=[146 107])
(16,95): [146 141] (em=0, csc=[146 107])
(16,96): [146 141] (em=-2, csc=[147 108])
(16,97): [146 141] (em=0, csc=[147 108])
(16,98): [146 141] (em=12, csc=[144 111])
(16,99): [67 80] (em=36, csc=[146 115])
(16,100): [27 39] (em=62, csc=[140 123])
(16,101): [145 143] (em=-7, csc=[142 121])
(16,102): [128 128] (em=-121, csc=[142 125])
(16,103): [128 128] (em=-99, csc=[104 127])
(16,104): [143 143] (em=14, csc=[126 124])
(16,105): [49 49] (em=55, csc=[124 124])
(16,106): [69 69] (em=40, csc=[128 128])
(16,107): [144 144] (em=11, csc=[128 128])
(16,108): [144 144] (em=1, csc=[128 128])
(16,109): [144 144] (em=0, csc=[128 128])
(16,110): [144 144] (em=0, csc=[128 128])
(16,111): [144 144] (em=0, csc=[128 128])
(16,112): [144 144] (em=0, csc=[128 128])
(16,113): [144 144] (em=0, csc=[128 128])
(16,114): [144 144] (em=0, csc=[128 128])
(16,115): [144 144] (em=0, csc=[128 128])
(16,116): [144 144] (em=0, csc=[128 128])
(16,117): [144 144] (em=0, csc=[128 128])
(16,118): [144 144] (em=0, csc=[128 128])
(16,119): [144 144] (em=0, csc=[128 128])
(16,120): [144 144] (em=0, csc=[128 128])
(16,121): [144 144] (em=0, csc=[128 128])
(16,122): [144 144] (em=0, csc=[128 128])
(16,123): [144 144] (em=0, csc=[128 128])
(16,124): [144 144] (em=0, csc=[128 128])
(16,125): [144 144] (em=0, csc=[128 128])
(16,126): [128 128] (em=93, csc=[128 128])
(16,127): [128 128] (em=93, csc=[122 128])
(17,0): [128 128] (em=90, csc=[129 122])
(17,1): [128 128] (em=94, csc=[128 128])
(17,2): [144 144] (em=9, csc=[128 128])
(17,3): [144 144] (em=0, csc=[128 128])
(17,4): [144 144] (em=0, csc=[128 128])
(17,5): [144 144] (em=0, csc=[128 128])
(17,6): [144 144] (em=0, csc=[128 128])
(17,7): [144 144] (em=0, csc=[128 128])
(17,8): [144 144] (em=0, csc=[128 128])
(17,9): [144 144] (em=0, csc=[128 128])
(17,10): [144 144] (em=3, csc=[128 128])
(17,11): [144 144] (em=3, csc=[128 128])
(17,12): [144 143] (em=7, csc=[128 126])
(17,13): [144 144] (em=5, csc=[128 128])
(17,14): [144 143] (em=11, csc=[128 127])
(17,15): [144 144] (em=6, csc=[128 128])
(17,16): [144 143] (em=11, csc=[128 126])
(17,17): [144 144] (em=5, csc=[128 128])
(17,18): [144 143] (em=9, csc=[128 126])
(17,19): [144 144] (em=5, csc=[128 128])
(17,20): [144 143] (em=9, csc=[128 126])
(17,21): [144 144] (em=7, csc=[128 128])
(17,22): [144 143] (em=15, csc=[128 127])
(17,23): [144 144] (em=19, csc=[128 128])
(17,24): [57 57] (em=48, csc=[128 128])
(17,25): [128 128] (em=66, csc=[133 130])
(17,26): [143 144] (em=30, csc=[125 130])
(17,27): [128 128] (em=-69, csc=[132 123])
(17,28): [128 128] (em=-121, csc=[158 104])
(17,29): [128 128] (em=-72, csc=[156 118])
(17,30): [198 182] (em=-43, csc=[137 107])
(17,31): [145 143] (em=3, csc=[137 121])
(17,32): [63 70] (em=42, csc=[133 119])
(17,33): [66 75] (em=39, csc=[136 117])
(17,34): [52 63] (em=48, csc=[136 117])
(17,35): [145 142] (em=29, csc=[139 114])
(17,36): [146 141] (em=15, csc=[144 111])
(17,37): [146 141] (em=3, csc=[144 107])
(17,38): [146 141] (em=-2, csc=[149 106])
(17,39): [146 141] (em=0, csc=[146 107])
(17,40): [146 141] (em=-4, csc=[147 107])
(17,41): [146 141] (em=-4, csc=[147 107])
(17,42): [146 141] (em=-5, csc=[147 106])
(17,43): [146 141] (em=-3, csc=[146 108])
(17,44): [146 141] (em=-4, csc=[145 108])
(17,45): [146 141] (em=-4, csc=[146 108])
(17,46): [146 141] (em=-12, csc=[146 108])
(17,47): [146 142] (em=-17, csc=[145 112])
(17,48): [145 142] (em=-11, csc=[143 116])
(17,49): [145 143] (em=13, csc=[136 121])
(17,50): [144 143] (em=23, csc=[130 125])
(17,51): [144 143] (em=18, csc=[128 126])
(17,52): [144 143] (em=16, csc=[128 127])
(17,53): [144 143] (em=12, csc=[128 127])
(17,54): [144 143] (em=12, csc=[128 127])
(17,55): [144 143] (em=11, csc=[128 126])
(17,56): [144 144] (em=15, csc=[128 128])
(17,57): [144 143] (em=17, csc=[128 126])
(17,58): [144 143] (em=20, csc=[130 127])
(17,59): [144 143] (em=15, csc=[134 122])
(17,60): [145 142] (em=7, csc=[137 119])
(17,61): [145 142] (em=-8, csc=[138 115])
(17,62): [145 141] (em=-16, csc=[143 109])
(17,63): [146 141] (em=-12, csc=[146 109])
(17,64): [146 141] (em=-4, csc=[148 106])
(17,65): [146 141] (em=0, csc=[147 107])
(17,66): [146 141] (em=-1, csc=[146 106])
(17,67): [146 141] (em=-1, csc=[147 107])
(17,68): [146 141] (em=0, csc=[147 106])
(17,69): [146 141] (em=0, csc=[146 107])
(17,70): [146 141] (em=1, csc=[145 108])
(17,71): [146 141] (em=1, csc=[146 108])
(17,72): [146 141] (em=0, csc=[146 108])
(17,73): [146 141] (em=0, csc=[147 108])
(17,74): [146 141] (em=0, csc=[146 108])
(17,75): [146 141] (em=0, csc=[147 109])
(17,76): [146 141] (em=-1, csc=[147 109])
(17,77): [146 141] (em=0, csc=[147 108])
(17,78): [146 141] (em=-5, csc=[146 107])
(17,79): [146 141] (em=6, csc=[145 106])
(17,80): [146 142] (em=27, csc=[146 113])
(17,81): [45 62] (em=49, csc=[145 115])
(17,82): [145 142] (em=25, csc=[139 116])
(17,83): [128 128] (em=-94, csc=[144 119])
(17,84): [128 128] (em=-119, csc=[147  92])
(17,85): [146 142] (em=30, csc=[144 117])
(17,86): [46 63] (em=49, csc=[144 114])
(17,87): [146 141] (em=15, csc=[144 108])
(17,88): [146 141] (em=-2, csc=[147 108])
(17,89): [146 141] (em=0, csc=[147 108])
(17,90): [146 141] (em=-1, csc=[147 106])
(17,91): [146 141] (em=-2, csc=[147 106])
(17,92): [146 141] (em=0, csc=[146 106])
(17,93): [146 141] (em=0, csc=[146 107])
(17,94): [146 141] (em=0, csc=[146 107])
(17,95): [146 141] (em=0, csc=[147 107])
(17,96): [146 141] (em=-2, csc=[147 108])
(17,97): [146 141] (em=-2, csc=[147 109])
(17,98): [146 141] (em=-4, csc=[147 109])
(17,99): [146 141] (em=7, csc=[145 109])
(17,100): [71 82] (em=34, csc=[144 116])
(17,101): [54 68] (em=44, csc=[145 117])
(17,102): [146 143] (em=-12, csc=[144 121])
(17,103): [128 128] (em=-109, csc=[124 137])
(17,104): [128 128] (em=-103, csc=[117 123])
(17,105): [143 143] (em=22, csc=[125 127])
(17,106): [128 128] (em=65, csc=[126 124])
(17,107): [76 76] (em=35, csc=[128 128])
(17,108): [144 144] (em=10, csc=[128 128])
(17,109): [143 143] (em=1, csc=[127 127])
(17,110): [144 144] (em=0, csc=[128 128])
(17,111): [144 144] (em=0, csc=[128 128])
(17,112): [144 144] (em=0, csc=[128 128])
(17,113): [144 144] (em=0, csc=[128 128])
(17,114): [144 144] (em=0, csc=[128 128])
(17,115): [144 144] (em=0, csc=[128 128])
(17,116): [144 144] (em=0, csc=[128 128])
(17,117): [144 144] (em=0, csc=[128 128])
(17,118): [144 144] (em=0, csc=[128 128])
(17,119): [144 144] (em=0, csc=[128 128])
(17,120): [144 144] (em=0, csc=[128 128])
(17,121): [144 144] (em=0, csc=[128 128])
(17,122): [144 144] (em=0, csc=[128 128])
(17,123): [144 144] (em=0, csc=[128 128])
(17,124): [144 144] (em=0, csc=[128 128])
(17,125): [144 144] (em=0, csc=[128 128])
(17,126): [128 128] (em=93, csc=[125 128])
(17,127): [128 128] (em=93, csc=[115 135])
(18,0): [128 128] (em=65, csc=[137 116])
(18,1): [128 128] (em=91, csc=[128 125])
(18,2): [144 144] (em=6, csc=[128 128])
(18,3): [144 144] (em=0, csc=[128 128])
(18,4): [144 144] (em=0, csc=[128 128])
(18,5): [144 144] (em=0, csc=[128 128])
(18,6): [144 144] (em=0, csc=[128 128])
(18,7): [144 144] (em=0, csc=[128 128])
(18,8): [144 144] (em=1, csc=[128 128])
(18,9): [144 144] (em=10, csc=[128 128])
(18,10): [144 144] (em=31, csc=[128 128])
(18,11): [144 143] (em=29, csc=[128 125])
(18,12): [65 69] (em=41, csc=[133 123])
(18,13): [77 81] (em=33, csc=[134 124])
(18,14): [61 69] (em=43, csc=[135 118])
(18,15): [64 70] (em=41, csc=[135 122])
(18,16): [42 51] (em=55, csc=[134 120])
(18,17): [51 54] (em=51, csc=[129 124])
(18,18): [44 54] (em=54, csc=[134 118])
(18,19): [59 65] (em=45, csc=[131 120])
(18,20): [44 57] (em=52, csc=[138 118])
(18,21): [47 54] (em=52, csc=[133 122])
(18,22): [128 128] (em=73, csc=[135 119])
(18,23): [32 42] (em=62, csc=[133 119])
(18,24): [128 128] (em=65, csc=[136 126])
(18,25): [144 144] (em=4, csc=[130 133])
(18,26): [128 128] (em=-130, csc=[157 123])
(18,27): [128 128] (em=-126, csc=[146  88])
(18,28): [146 141] (em=-10, csc=[149 111])
(18,29): [146 141] (em=27, csc=[147 107])
(18,30): [65 78] (em=38, csc=[142 113])
(18,31): [146 141] (em=28, csc=[145 111])
(18,32): [145 142] (em=21, csc=[140 112])
(18,33): [145 142] (em=17, csc=[143 115])
(18,34): [145 142] (em=13, csc=[140 114])
(18,35): [146 142] (em=6, csc=[144 113])
(18,36): [145 141] (em=2, csc=[143 110])
(18,37): [146 141] (em=-2, csc=[146 108])
(18,38): [146 141] (em=1, csc=[146 109])
(18,39): [146 141] (em=1, csc=[147 107])
(18,40): [146 141] (em=0, csc=[147 107])
(18,41): [146 141] (em=-2, csc=[148 106])
(18,42): [146 141] (em=0, csc=[147 107])
(18,43): [146 141] (em=0, csc=[147 107])
(18,44): [146 141] (em=-1, csc=[146 107])
(18,45): [146 141] (em=-5, csc=[145 108])
(18,46): [146 141] (em=-14, csc=[146 110])
(18,47): [145 142] (em=-12, csc=[141 113])
(18,48): [145 142] (em=9, csc=[137 119])
(18,49): [144 143] (em=24, csc=[128 125])
(18,50): [144 143] (em=13, csc=[128 125])
(18,51): [144 144] (em=5, csc=[128 128])
(18,52): [144 143] (em=1, csc=[128 127])
(18,53): [143 144] (em=1, csc=[127 128])
(18,54): [144 144] (em=0, csc=[128 128])
(18,55): [143 144] (em=0, csc=[127 128])
(18,56): [144 144] (em=1, csc=[128 128])
(18,57): [144 144] (em=3, csc=[128 128])
(18,58): [144 143] (em=7, csc=[128 127])
(18,59): [144 143] (em=13, csc=[128 127])
(18,60): [144 143] (em=16, csc=[130 123])
(18,61): [144 143] (em=15, csc=[134 121])
(18,62): [145 142] (em=-14, csc=[140 113])
(18,63): [145 141] (em=-18, csc=[143 109])
(18,64): [146 141] (em=-4, csc=[146 110])
(18,65): [146 141] (em=-3, csc=[147 107])
(18,66): [146 141] (em=-3, csc=[147 105])
(18,67): [146 141] (em=0, csc=[147 106])
(18,68): [146 141] (em=1, csc=[147 108])
(18,69): [146 141] (em=0, csc=[147 107])
(18,70): [146 141] (em=-1, csc=[146 107])
(18,71): [146 141] (em=0, csc=[146 107])
(18,72): [146 141] (em=0, csc=[146 107])
(18,73): [146 141] (em=-1, csc=[147 107])
(18,74): [146 141] (em=0, csc=[147 108])
(18,75): [146 141] (em=0, csc=[146 108])
(18,76): [146 141] (em=0, csc=[146 108])
(18,77): [146 141] (em=0, csc=[146 108])
(18,78): [146 141] (em=-2, csc=[146 107])
(18,79): [146 141] (em=-1, csc=[146 107])
(18,80): [146 141] (em=4, csc=[144 109])
(18,81): [146 142] (em=31, csc=[146 114])
(18,82): [128 128] (em=73, csc=[138 120])
(18,83): [145 142] (em=7, csc=[141 113])
(18,84): [128 128] (em=-125, csc=[161 122])
(18,85): [128 128] (em=-67, csc=[148 116])
(18,86): [49 61] (em=48, csc=[141 120])
(18,87): [67 81] (em=36, csc=[145 113])
(18,88): [146 141] (em=12, csc=[145 110])
(18,89): [146 141] (em=-1, csc=[147 106])
(18,90): [146 141] (em=-3, csc=[147 106])
(18,91): [146 141] (em=0, csc=[147 106])
(18,92): [146 141] (em=0, csc=[147 107])
(18,93): [146 141] (em=0, csc=[147 107])
(18,94): [146 141] (em=0, csc=[147 107])
(18,95): [146 141] (em=0, csc=[147 108])
(18,96): [146 141] (em=0, csc=[147 108])
(18,97): [146 141] (em=-2, csc=[147 107])
(18,98): [146 141] (em=0, csc=[147 109])
(18,99): [146 141] (em=0, csc=[146 109])
(18,100): [145 141] (em=8, csc=[143 110])
(18,101): [69 82] (em=35, csc=[145 114])
(18,102): [128 128] (em=65, csc=[140 123])
(18,103): [146 143] (em=-15, csc=[145 121])
(18,104): [128 128] (em=-127, csc=[146 124])
(18,105): [128 128] (em=-81, csc=[129 131])
(18,106): [144 143] (em=28, csc=[128 127])
(18,107): [45 44] (em=57, csc=[125 126])
(18,108): [144 144] (em=32, csc=[128 128])
(18,109): [144 143] (em=8, csc=[128 127])
(18,110): [144 144] (em=0, csc=[128 128])
(18,111): [144 144] (em=0, csc=[128 128])
(18,112): [144 144] (em=0, csc=[128 128])
(18,113): [144 144] (em=0, csc=[128 128])
(18,114): [144 144] (em=0, csc=[128 128])
(18,115): [144 144] (em=0, csc=[128 128])
(18,116): [144 144] (em=0, csc=[128 128])
(18,117): [144 144] (em=0, csc=[128 128])
(18,118): [144 144] (em=0, csc=[128 128])
(18,119): [144 144] (em=0, csc=[128 128])
(18,120): [144 144] (em=0, csc=[128 128])
(18,121): [144 144] (em=0, csc=[128 128])
(18,122): [144 144] (em=0, csc=[128 128])
(18,123): [144 144] (em=0, csc=[128 128])
(18,124): [144 144] (em=0, csc=[128 128])
(18,125): [144 144] (em=0, csc=[128 128])
(18,126): [128 128] (em=93, csc=[128 128])
(18,127): [128 128] (em=93, csc=[122 128])
(19,0): [128 128] (em=90, csc=[129 122])
(19,1): [128 128] (em=94, csc=[128 128])
(19,2): [144 144] (em=9, csc=[128 128])
(19,3): [144 144] (em=0, csc=[128 128])
(19,4): [144 144] (em=0, csc=[128 128])
(19,5): [144 144] (em=1, csc=[128 128])
(19,6): [144 143] (em=3, csc=[128 127])
(19,7): [144 144] (em=11, csc=[128 128])
(19,8): [75 75] (em=36, csc=[128 128])
(19,9): [52 52] (em=51, csc=[128 128])
(19,10): [128 128] (em=80, csc=[119 129])
(19,11): [143 143] (em=18, csc=[126 126])
(19,12): [128 128] (em=-78, csc=[151 106])
(19,13): [189 180] (em=-36, csc=[143 122])
(19,14): [128 128] (em=-91, csc=[148  92])
(19,15): [195 183] (em=-39, csc=[146 120])
(19,16): [189 176] (em=-37, csc=[139 110])
(19,17): [145 143] (em=6, csc=[141 122])
(19,18): [144 142] (em=1, csc=[130 113])
(19,19): [146 142] (em=-23, csc=[144 115])
(19,20): [128 128] (em=-98, csc=[156  94])
(19,21): [234 206] (em=-58, csc=[155 114])
(19,22): [128 128] (em=-97, csc=[149  96])
(19,23): [209 188] (em=-45, csc=[153 113])
(19,24): [128 128] (em=-99, csc=[166 103])
(19,25): [128 128] (em=-67, csc=[152 116])
(19,26): [144 142] (em=15, csc=[134 118])
(19,27): [54 66] (em=45, csc=[142 119])
(19,28): [60 71] (em=42, csc=[140 117])
(19,29): [145 141] (em=20, csc=[142 109])
(19,30): [146 141] (em=2, csc=[147 107])
(19,31): [146 141] (em=0, csc=[145 106])
(19,32): [146 141] (em=-2, csc=[147 107])
(19,33): [146 141] (em=-1, csc=[145 108])
(19,34): [146 141] (em=-2, csc=[147 108])
(19,35): [146 141] (em=0, csc=[146 108])
(19,36): [146 141] (em=0, csc=[146 108])
(19,37): [146 141] (em=0, csc=[147 108])
(19,38): [146 141] (em=-1, csc=[148 107])
(19,39): [146 141] (em=-1, csc=[147 107])
(19,40): [146 141] (em=-1, csc=[146 106])
(19,41): [146 141] (em=-1, csc=[147 106])
(19,42): [146 141] (em=-2, csc=[148 106])
(19,43): [146 141] (em=0, csc=[147 108])
(19,44): [146 141] (em=-2, csc=[146 107])
(19,45): [146 141] (em=-8, csc=[145 108])
(19,46): [146 141] (em=-15, csc=[145 110])
(19,47): [145 142] (em=-6, csc=[141 115])
(19,48): [144 143] (em=18, csc=[132 121])
(19,49): [144 143] (em=23, csc=[128 127])
(19,50): [144 143] (em=10, csc=[128 127])
(19,51): [144 143] (em=1, csc=[128 127])
(19,52): [144 143] (em=0, csc=[128 127])
(19,53): [144 144] (em=0, csc=[128 128])
(19,54): [144 144] (em=0, csc=[128 128])
(19,55): [144 144] (em=0, csc=[128 128])
(19,56): [144 144] (em=0, csc=[128 128])
(19,57): [144 144] (em=0, csc=[128 128])
(19,58): [144 144] (em=1, csc=[128 128])
(19,59): [144 144] (em=4, csc=[128 128])
(19,60): [144 143] (em=14, csc=[128 127])
(19,61): [144 143] (em=21, csc=[128 125])
(19,62): [144 143] (em=14, csc=[134 121])
(19,63): [145 142] (em=-12, csc=[139 115])
(19,64): [146 141] (em=-20, csc=[145 108])
(19,65): [146 141] (em=-11, csc=[147 108])
(19,66): [146 141] (em=-3, csc=[147 106])
(19,67): [146 141] (em=0, csc=[148 107])
(19,68): [146 141] (em=0, csc=[148 107])
(19,69): [146 141] (em=1, csc=[147 108])
(19,70): [146 141] (em=1, csc=[145 108])
(19,71): [146 141] (em=0, csc=[146 107])
(19,72): [146 141] (em=0, csc=[146 106])
(19,73): [146 141] (em=-2, csc=[146 106])
(19,74): [146 141] (em=0, csc=[146 107])
(19,75): [146 141] (em=1, csc=[146 107])
(19,76): [146 141] (em=0, csc=[146 107])
(19,77): [146 141] (em=0, csc=[146 108])
(19,78): [146 141] (em=-1, csc=[146 107])
(19,79): [146 141] (em=-2, csc=[146 107])
(19,80): [146 141] (em=-11, csc=[147 106])
(19,81): [146 141] (em=-3, csc=[146 107])
(19,82): [146 142] (em=29, csc=[145 113])
(19,83): [57 70] (em=43, csc=[143 115])
(19,84): [145 142] (em=-23, csc=[142 117])
(19,85): [128 128] (em=-85, csc=[165 140])
(19,86): [145 142] (em=-15, csc=[143 117])
(19,87): [54 70] (em=44, csc=[144 114])
(19,88): [70 83] (em=34, csc=[146 113])
(19,89): [146 141] (em=-2, csc=[146 107])
(19,90): [146 141] (em=-7, csc=[147 106])
(19,91): [146 141] (em=0, csc=[147 108])
(19,92): [146 141] (em=0, csc=[147 107])
(19,93): [146 141] (em=0, csc=[147 108])
(19,94): [146 141] (em=0, csc=[146 108])
(19,95): [146 141] (em=1, csc=[147 108])
(19,96): [146 141] (em=0, csc=[147 107])
(19,97): [146 141] (em=-1, csc=[146 107])
(19,98): [146 141] (em=0, csc=[145 108])
(19,99): [146 141] (em=0, csc=[146 108])
(19,100): [146 141] (em=-4, csc=[145 108])
(19,101): [146 141] (em=3, csc=[144 107])
(19,102): [67 80] (em=36, csc=[145 114])
(19,103): [48 62] (em=48, csc=[144 118])
(19,104): [145 143] (em=-25, csc=[141 126])
(19,105): [128 128] (em=-96, csc=[122 142])
(19,106): [128 128] (em=-66, csc=[130 133])
(19,107): [74 75] (em=36, csc=[129 127])
(19,108): [40 42] (em=59, csc=[128 125])
(19,109): [144 144] (em=27, csc=[128 128])
(19,110): [144 144] (em=3, csc=[128 128])
(19,111): [144 144] (em=0, csc=[128 128])
(19,112): [144 144] (em=0, csc=[128 128])
(19,113): [144 144] (em=0, csc=[128 128])
(19,114): [144 144] (em=0, csc=[128 128])
(19,115): [144 144] (em=0, csc=[128 128])
(19,116): [144 144] (em=0, csc=[128 128])
(19,117): [144 144] (em=0, csc=[128 128])
(19,118): [144 144] (em=0, csc=[128 128])
(19,119): [144 144] (em=0, csc=[128 128])
(19,120): [144 144] (em=0, csc=[128 128])
(19,121): [144 144] (em=0, csc=[128 128])
(19,122): [144 144] (em=0, csc=[128 128])
(19,123): [144 144] (em=0, csc=[128 128])
(19,124): [144 144] (em=0, csc=[128 128])
(19,125): [144 144] (em=0, csc=[128 128])
(19,126): [128 128] (em=93, csc=[125 128])
(19,127): [128 128] (em=93, csc=[115 135])
(20,0): [128 128] (em=65, csc=[137 116])
(20,1): [128 128] (em=91, csc=[128 125])
(20,2): [144 144] (em=6, csc=[128 128])
(20,3): [144 144] (em=0, csc=[128 128])
(20,4): [144 144] (em=5, csc=[128 128])
(20,5): [144 144] (em=15, csc=[128 128])
(20,6): [72 72] (em=38, csc=[128 128])
(20,7): [144 143] (em=32, csc=[130 121])
(20,8): [128 128] (em=73, csc=[131 129])
(20,9): [143 144] (em=25, csc=[126 132])
(20,10): [128 128] (em=-101, csc=[145 106])
(20,11): [128 128] (em=-113, csc=[121 120])
(20,12): [232 209] (em=-56, csc=[157 123])
(20,13): [128 128] (em=-78, csc=[148  87])
(20,14): [240 209] (em=-57, csc=[167 121])
(20,15): [128 128] (em=-87, csc=[140 111])
(20,16): [128 128] (em=-80, csc=[154 123])
(20,17): [128 128] (em=-102, csc=[115 112])
(20,18): [128 128] (em=-92, csc=[146  95])
(20,19): [199 182] (em=-45, csc=[133 101])
(20,20): [146 142] (em=-18, csc=[147 114])
(20,21): [128 128] (em=-104, csc=[144  94])
(20,22): [128 128] (em=-86, csc=[167 121])
(20,23): [203 180] (em=-43, csc=[147 102])
(20,24): [147 141] (em=-4, csc=[152 106])
(20,25): [146 141] (em=15, csc=[147 105])
(20,26): [58 70] (em=43, csc=[141 115])
(20,27): [146 142] (em=31, csc=[144 116])
(20,28): [145 142] (em=15, csc=[142 113])
(20,29): [146 141] (em=0, csc=[144 109])
(20,30): [146 141] (em=-4, csc=[145 107])
(20,31): [146 141] (em=-1, csc=[145 107])
(20,32): [146 141] (em=1, csc=[146 108])
(20,33): [146 141] (em=1, csc=[145 109])
(20,34): [146 141] (em=0, csc=[146 108])
(20,35): [146 141] (em=0, csc=[146 108])
(20,36): [146 141] (em=0, csc=[146 107])
(20,37): [146 141] (em=0, csc=[147 107])
(20,38): [146 141] (em=0, csc=[147 107])
(20,39): [146 141] (em=0, csc=[146 106])
(20,40): [146 141] (em=-2, csc=[147 105])
(20,41): [146 141] (em=0, csc=[147 106])
(20,42): [146 141] (em=1, csc=[147 108])
(20,43): [146 141] (em=-1, csc=[148 107])
(20,44): [146 141] (em=0, csc=[147 107])
(20,45): [146 141] (em=-5, csc=[146 108])
(20,46): [146 141] (em=-18, csc=[146 110])
(20,47): [145 142] (em=-19, csc=[142 113])
(20,48): [144 143] (em=13, csc=[135 121])
(20,49): [144 143] (em=24, csc=[128 127])
(20,50): [144 143] (em=10, csc=[128 127])
(20,51): [144 143] (em=1, csc=[128 127])
(20,52): [144 144] (em=0, csc=[128 128])
(20,53): [144 144] (em=0, csc=[128 128])
(20,54): [144 144] (em=0, csc=[128 128])
(20,55): [144 144] (em=0, csc=[128 128])
(20,56): [144 144] (em=0, csc=[128 128])
(20,57): [144 144] (em=0, csc=[128 128])
(20,58): [144 144] (em=0, csc=[128 128])
(20,59): [144 144] (em=0, csc=[128 128])
(20,60): [144 144] (em=4, csc=[128 128])
(20,61): [144 144] (em=15, csc=[128 128])
(20,62): [144 143] (em=18, csc=[130 124])
(20,63): [145 142] (em=5, csc=[136 118])
(20,64): [145 142] (em=-18, csc=[143 112])
(20,65): [146 141] (em=-18, csc=[145 107])
(20,66): [146 141] (em=-3, csc=[147 109])
(20,67): [146 141] (em=-1, csc=[148 107])
(20,68): [146 141] (em=0, csc=[147 107])
(20,69): [146 141] (em=0, csc=[147 108])
(20,70): [146 141] (em=0, csc=[147 107])
(20,71): [146 141] (em=0, csc=[146 107])
(20,72): [146 141] (em=0, csc=[147 107])
(20,73): [146 141] (em=-1, csc=[146 106])
(20,74): [146 141] (em=-1, csc=[147 106])
(20,75): [146 141] (em=0, csc=[146 107])
(20,76): [146 141] (em=0, csc=[147 107])
(20,77): [146 141] (em=0, csc=[146 107])
(20,78): [146 141] (em=0, csc=[145 107])
(20,79): [146 141] (em=0, csc=[145 108])
(20,80): [145 141] (em=1, csc=[143 110])
(20,81): [145 142] (em=2, csc=[143 112])
(20,82): [145 142] (em=22, csc=[137 115])
(20,83): [41 53] (em=54, csc=[139 120])
(20,84): [30 37] (em=63, csc=[134 124])
(20,85): [223 209] (em=-56, csc=[144 123])
(20,86): [128 128] (em=-127, csc=[171 120])
(20,87): [145 142] (em=21, csc=[141 116])
(20,88): [128 128] (em=66, csc=[141 117])
(20,89): [146 141] (em=17, csc=[148 108])
(20,90): [146 141] (em=-1, csc=[146 107])
(20,91): [146 141] (em=0, csc=[146 107])
(20,92): [146 141] (em=0, csc=[147 107])
(20,93): [146 141] (em=0, csc=[146 107])
(20,94): [146 141] (em=0, csc=[147 107])
(20,95): [146 141] (em=0, csc=[146 108])
(20,96): [146 141] (em=0, csc=[147 107])
(20,97): [146 141] (em=0, csc=[145 107])
(20,98): [146 141] (em=-1, csc=[146 106])
(20,99): [146 141] (em=0, csc=[145 107])
(20,100): [146 141] (em=-2, csc=[145 107])
(20,101): [146 141] (em=-2, csc=[146 106])
(20,102): [145 141] (em=16, csc=[142 110])
(20,103): [44 60] (em=51, csc=[142 115])
(20,104): [51 63] (em=47, csc=[141 119])
(20,105): [128 128] (em=-92, csc=[152 106])
(20,106): [128 128] (em=-134, csc=[137 126])
(20,107): [202 196] (em=-46, csc=[137 126])
(20,108): [128 128] (em=67, csc=[127 131])
(20,109): [51 51] (em=52, csc=[128 128])
(20,110): [144 144] (em=14, csc=[128 128])
(20,111): [144 144] (em=0, csc=[128 128])
(20,112): [144 144] (em=0, csc=[128 128])
(20,113): [144 144] (em=0, csc=[128 128])
(20,114): [144 144] (em=0, csc=[128 128])
(20,115): [144 144] (em=0, csc=[128 128])
(20,116): [144 144] (em=0, csc=[128 128])
(20,117): [144 144] (em=0, csc=[128 128])
(20,118): [144 144] (em=0, csc=[128 128])
(20,119): [144 144] (em=0, csc=[128 128])
(20,120): [144 144] (em=0, csc=[128 128])
(20,121): [144 144] (em=0, csc=[128 128])
(20,122): [144 144] (em=0, csc=[128 128])
(20,123): [144 144] (em=0, csc=[128 128])
(20,124): [144 144] (em=0, csc=[128 128])
(20,125): [144 144] (em=0, csc=[128 128])
(20,126): [128 128] (em=93, csc=[128 128])
(20,127): [128 128] (em=93, csc=[122 128])
(21,0): [128 128] (em=90, csc=[129 122])
(21,1): [128 128] (em=94, csc=[128 128])
(21,2): [144 144] (em=9, csc=[128 128])
(21,3): [144 144] (em=11, csc=[128 128])
(21,4): [75 75] (em=36, csc=[128 128])
(21,5): [49 51] (em=52, csc=[131 128])
(21,6): [48 44] (em=56, csc=[123 129])
(21,7): [144 143] (em=-11, csc=[129 124])
(21,8): [128 128] (em=-104, csc=[157 101])
(21,9): [216 209] (em=-46, csc=[161 149])
(21,10): [128 128] (em=-75, csc=[144 104])
(21,11): [146 142] (em=-30, csc=[149 112])
(21,12): [146 140] (em=-10, csc=[149 102])
(21,13): [145 142] (em=16, csc=[143 112])
(21,14): [71 81] (em=35, csc=[140 115])
(21,15): [55 65] (em=46, csc=[136 118])
(21,16): [40 48] (em=57, csc=[133 120])
(21,17): [57 62] (em=47, csc=[130 120])
(21,18): [128 128] (em=68, csc=[129 122])
(21,19): [128 128] (em=68, csc=[131 119])
(21,20): [128 128] (em=67, csc=[134 120])
(21,21): [144 142] (em=32, csc=[133 118])
(21,22): [145 142] (em=29, csc=[137 119])
(21,23): [72 80] (em=35, csc=[138 118])
(21,24): [145 142] (em=31, csc=[141 114])
(21,25): [146 141] (em=10, csc=[144 107])
(21,26): [146 141] (em=0, csc=[149 106])
(21,27): [146 141] (em=-1, csc=[146 107])
(21,28): [146 141] (em=-5, csc=[147 106])
(21,29): [146 141] (em=-2, csc=[147 108])
(21,30): [146 141] (em=-1, csc=[145 108])
(21,31): [146 141] (em=0, csc=[146 108])
(21,32): [146 141] (em=0, csc=[146 108])
(21,33): [146 141] (em=1, csc=[146 109])
(21,34): [146 141] (em=0, csc=[146 108])
(21,35): [146 141] (em=-1, csc=[146 107])
(21,36): [146 141] (em=0, csc=[146 107])
(21,37): [146 141] (em=0, csc=[147 107])
(21,38): [146 141] (em=-1, csc=[148 106])
(21,39): [146 141] (em=0, csc=[147 107])
(21,40): [146 141] (em=0, csc=[146 107])
(21,41): [146 141] (em=0, csc=[147 107])
(21,42): [146 141] (em=-1, csc=[147 107])
(21,43): [146 141] (em=0, csc=[147 107])
(21,44): [146 141] (em=0, csc=[146 108])
(21,45): [146 141] (em=-2, csc=[146 108])
(21,46): [146 141] (em=-17, csc=[147 107])
(21,47): [145 142] (em=-22, csc=[142 113])
(21,48): [145 142] (em=4, csc=[136 119])
(21,49): [144 143] (em=25, csc=[129 124])
(21,50): [144 144] (em=15, csc=[128 128])
(21,51): [144 144] (em=3, csc=[128 128])
(21,52): [144 144] (em=0, csc=[128 128])
(21,53): [144 144] (em=0, csc=[128 128])
(21,54): [144 144] (em=0, csc=[128 128])
(21,55): [144 144] (em=0, csc=[128 128])
(21,56): [144 144] (em=0, csc=[128 128])
(21,57): [144 144] (em=0, csc=[128 128])
(21,58): [144 144] (em=0, csc=[128 128])
(21,59): [144 144] (em=0, csc=[128 128])
(21,60): [144 144] (em=1, csc=[128 128])
(21,61): [144 144] (em=7, csc=[128 128])
(21,62): [144 143] (em=19, csc=[128 127])
(21,63): [144 143] (em=18, csc=[132 121])
(21,64): [145 142] (em=-2, csc=[137 117])
(21,65): [145 142] (em=-21, csc=[143 112])
(21,66): [146 141] (em=-14, csc=[147 106])
(21,67): [146 141] (em=-2, csc=[147 108])
(21,68): [146 141] (em=0, csc=[147 107])
(21,69): [146 141] (em=0, csc=[147 107])
(21,70): [146 141] (em=-1, csc=[146 107])
(21,71): [146 141] (em=0, csc=[147 107])
(21,72): [146 141] (em=-2, csc=[147 107])
(21,73): [146 141] (em=-1, csc=[146 107])
(21,74): [146 141] (em=-3, csc=[146 107])
(21,75): [146 141] (em=-3, csc=[147 107])
(21,76): [146 141] (em=-5, csc=[149 105])
(21,77): [146 141] (em=-1, csc=[146 105])
(21,78): [146 141] (em=-3, csc=[148 105])
(21,79): [146 141] (em=4, csc=[144 106])
(21,80): [146 141] (em=8, csc=[145 110])
(21,81): [145 142] (em=19, csc=[139 113])
(21,82): [145 142] (em=23, csc=[137 118])
(21,83): [56 62] (em=47, csc=[131 120])
(21,84): [128 128] (em=84, csc=[128 124])
(21,85): [144 144] (em=8, csc=[129 132])
(21,86): [128 128] (em=-104, csc=[141 107])
(21,87): [215 196] (em=-51, csc=[144 113])
(21,88): [68 83] (em=35, csc=[147 110])
(21,89): [61 77] (em=40, csc=[144 110])
(21,90): [146 142] (em=13, csc=[144 112])
(21,91): [146 141] (em=-3, csc=[146 108])
(21,92): [146 141] (em=-3, csc=[146 107])
(21,93): [146 141] (em=0, csc=[146 107])
(21,94): [146 141] (em=0, csc=[147 107])
(21,95): [146 141] (em=0, csc=[147 108])
(21,96): [146 141] (em=0, csc=[146 107])
(21,97): [146 141] (em=0, csc=[146 108])
(21,98): [146 141] (em=0, csc=[145 106])
(21,99): [146 141] (em=-1, csc=[145 106])
(21,100): [146 141] (em=-2, csc=[146 105])
(21,101): [146 141] (em=-2, csc=[146 107])
(21,102): [146 141] (em=-3, csc=[146 107])
(21,103): [146 141] (em=25, csc=[144 107])
(21,104): [29 54] (em=58, csc=[146 110])
(21,105): [145 142] (em=0, csc=[140 114])
(21,106): [128 128] (em=-119, csc=[133 110])
(21,107): [128 128] (em=-96, csc=[121 146])
(21,108): [143 144] (em=31, csc=[125 132])
(21,109): [128 128] (em=74, csc=[128 128])
(21,110): [80 79] (em=33, csc=[126 128])
(21,111): [144 144] (em=2, csc=[128 128])
(21,112): [144 144] (em=0, csc=[128 128])
(21,113): [144 144] (em=0, csc=[128 128])
(21,114): [144 144] (em=0, csc=[128 128])
(21,115): [144 144] (em=0, csc=[128 128])
(21,116): [144 144] (em=0, csc=[128 128])
(21,117): [144 144] (em=0, csc=[128 128])
(21,118): [144 144] (em=0, csc=[128 128])
(21,119): [144 144] (em=0, csc=[128 128])
(21,120): [144 144] (em=0, csc=[128 128])
(21,121): [144 144] (em=0, csc=[128 128])
(21,122): [144 144] (em=0, csc=[128 128])
(21,123): [144 144] (em=0, csc=[128 128])
(21,124): [144 144] (em=0, csc=[128 128])
(21,125): [144 144] (em=0, csc=[128 128])
(21,126): [128 128] (em=93, csc=[125 128])
(21,127): [128 128] (em=93, csc=[115 135])
(22,0): [128 128] (em=66, csc=[137 116])
(22,1): [128 128] (em=91, csc=[129 124])
(22,2): [144 144] (em=18, csc=[128 128])
(22,3): [67 67] (em=41, csc=[128 128])
(22,4): [128 128] (em=72, csc=[127 135])
(22,5): [143 144] (em=11, csc=[127 132])
(22,6): [128 128] (em=-127, csc=[148 124])
(22,7): [128 128] (em=-123, csc=[128 128])
(22,8): [128 128] (em=-84, csc=[171 120])
(22,9): [146 142] (em=0, csc=[146 116])
(22,10): [128 128] (em=71, csc=[143 117])
(22,11): [68 84] (em=35, csc=[148 108])
(22,12): [71 85] (em=34, csc=[144 110])
(22,13): [146 142] (em=23, csc=[146 112])
(22,14): [145 142] (em=19, csc=[142 112])
(22,15): [145 142] (em=18, csc=[142 115])
(22,16): [145 142] (em=12, csc=[139 114])
(22,17): [145 142] (em=12, csc=[140 115])
(22,18): [145 142] (em=14, csc=[137 116])
(22,19): [145 142] (em=15, csc=[140 118])
(22,20): [145 142] (em=7, csc=[138 115])
(22,21): [145 142] (em=3, csc=[142 114])
(22,22): [145 142] (em=8, csc=[140 116])
(22,23): [145 142] (em=12, csc=[142 116])
(22,24): [145 142] (em=8, csc=[142 112])
(22,25): [146 141] (em=0, csc=[145 109])
(22,26): [146 141] (em=-2, csc=[146 108])
(22,27): [146 141] (em=-1, csc=[146 107])
(22,28): [146 141] (em=0, csc=[147 108])
(22,29): [146 141] (em=0, csc=[147 108])
(22,30): [146 141] (em=1, csc=[146 108])
(22,31): [146 141] (em=0, csc=[146 107])
(22,32): [146 141] (em=0, csc=[146 107])
(22,33): [146 141] (em=1, csc=[146 108])
(22,34): [146 141] (em=0, csc=[147 107])
(22,35): [146 141] (em=0, csc=[146 107])
(22,36): [146 141] (em=0, csc=[147 107])
(22,37): [146 141] (em=0, csc=[147 107])
(22,38): [146 141] (em=0, csc=[147 107])
(22,39): [146 141] (em=0, csc=[147 106])
(22,40): [146 141] (em=1, csc=[146 107])
(22,41): [146 141] (em=0, csc=[147 107])
(22,42): [146 141] (em=0, csc=[146 107])
(22,43): [146 141] (em=0, csc=[146 107])
(22,44): [146 141] (em=0, csc=[146 107])
(22,45): [146 141] (em=-1, csc=[146 107])
(22,46): [146 141] (em=-9, csc=[147 108])
(22,47): [146 141] (em=-23, csc=[144 108])
(22,48): [145 142] (em=-10, csc=[139 115])
(22,49): [144 143] (em=19, csc=[132 123])
(22,50): [144 143] (em=19, csc=[128 125])
(22,51): [144 144] (em=8, csc=[128 128])
(22,52): [144 144] (em=2, csc=[128 128])
(22,53): [144 144] (em=0, csc=[128 128])
(22,54): [144 144] (em=0, csc=[128 128])
(22,55): [144 144] (em=0, csc=[128 128])
(22,56): [144 144] (em=0, csc=[128 128])
(22,57): [144 144] (em=0, csc=[128 128])
(22,58): [144 144] (em=0, csc=[128 128])
(22,59): [144 144] (em=0, csc=[128 128])
(22,60): [144 144] (em=0, csc=[128 128])
(22,61): [144 144] (em=2, csc=[128 128])
(22,62): [144 143] (em=11, csc=[128 126])
(22,63): [144 143] (em=23, csc=[128 125])
(22,64): [144 142] (em=8, csc=[135 119])
(22,65): [145 141] (em=-18, csc=[141 111])
(22,66): [146 141] (em=-17, csc=[146 110])
(22,67): [146 141] (em=-5, csc=[145 108])
(22,68): [146 141] (em=0, csc=[146 107])
(22,69): [146 141] (em=0, csc=[147 107])
(22,70): [146 141] (em=-2, csc=[147 106])
(22,71): [146 141] (em=-1, csc=[147 106])
(22,72): [146 141] (em=2, csc=[145 109])
(22,73): [146 141] (em=4, csc=[145 111])
(22,74): [145 142] (em=13, csc=[141 113])
(22,75): [146 142] (em=18, csc=[144 115])
(22,76): [145 142] (em=27, csc=[141 114])
(22,77): [146 141] (em=26, csc=[146 111])
(22,78): [146 141] (em=29, csc=[144 109])
(22,79): [146 141] (em=30, csc=[146 108])
(22,80): [145 142] (em=28, csc=[143 113])
(22,81): [145 142] (em=0, csc=[140 116])
(22,82): [145 143] (em=-8, csc=[136 126])
(22,83): [210 209] (em=-57, csc=[122 121])
(22,84): [144 142] (em=-29, csc=[129 117])
(22,85): [140 145] (em=-20, csc=[103 143])
(22,86): [128 128] (em=-104, csc=[137 126])
(22,87): [128 128] (em=-112, csc=[160 122])
(22,88): [145 142] (em=9, csc=[143 115])
(22,89): [29 46] (em=61, csc=[140 115])
(22,90): [145 141] (em=30, csc=[141 111])
(22,91): [146 141] (em=-1, csc=[146 107])
(22,92): [146 141] (em=-4, csc=[146 107])
(22,93): [146 141] (em=0, csc=[146 107])
(22,94): [146 141] (em=0, csc=[147 107])
(22,95): [146 141] (em=0, csc=[147 107])
(22,96): [146 141] (em=0, csc=[147 108])
(22,97): [146 141] (em=0, csc=[146 107])
(22,98): [146 141] (em=0, csc=[146 107])
(22,99): [146 141] (em=0, csc=[145 106])
(22,100): [146 141] (em=0, csc=[146 107])
(22,101): [146 141] (em=-1, csc=[146 107])
(22,102): [146 141] (em=-1, csc=[146 108])
(22,103): [146 141] (em=8, csc=[148 108])
(22,104): [128 128] (em=65, csc=[140 116])
(22,105): [40 52] (em=55, csc=[137 118])
(22,106): [128 128] (em=-108, csc=[154 100])
(22,107): [128 128] (em=-139, csc=[128 128])
(22,108): [186 184] (em=-38, csc=[130 125])
(22,109): [128 128] (em=80, csc=[122 130])
(22,110): [37 37] (em=61, csc=[128 128])
(22,111): [144 144] (em=10, csc=[128 128])
(22,112): [144 144] (em=1, csc=[128 128])
(22,113): [144 144] (em=0, csc=[128 128])
(22,114): [144 144] (em=0, csc=[128 128])
(22,115): [144 144] (em=0, csc=[128 128])
(22,116): [144 144] (em=0, csc=[128 128])
(22,117): [144 144] (em=0, csc=[128 128])
(22,118): [144 144] (em=0, csc=[128 128])
(22,119): [144 144] (em=0, csc=[128 128])
(22,120): [144 144] (em=0, csc=[128 128])
(22,121): [144 144] (em=0, csc=[128 128])
(22,122): [144 144] (em=0, csc=[128 128])
(22,123): [144 144] (em=0, csc=[128 128])
(22,124): [144 144] (em=0, csc=[128 128])
(22,125): [144 144] (em=0, csc=[128 128])
(22,126): [128 128] (em=93, csc=[128 128])
(22,127): [128 128] (em=93, csc=[122 128])
(23,0): [128 128] (em=91, csc=[129 122])
(23,1): [128 128] (em=108, csc=[128 128])
(23,2): [54 54] (em=50, csc=[128 128])
(23,3): [128 128] (em=67, csc=[134 129])
(23,4): [144 144] (em=27, csc=[130 133])
(23,5): [128 128] (em=-104, csc=[123 140])
(23,6): [128 128] (em=-100, csc=[118 115])
(23,7): [144 142] (em=-22, csc=[135 113])
(23,8): [43 57] (em=53, csc=[137 115])
(23,9): [57 71] (em=43, csc=[142 114])
(23,10): [146 141] (em=25, csc=[146 111])
(23,11): [146 141] (em=1, csc=[144 105])
(23,12): [146 141] (em=-9, csc=[149 105])
(23,13): [146 141] (em=-1, csc=[146 107])
(23,14): [146 141] (em=-2, csc=[147 107])
(23,15): [146 141] (em=-2, csc=[145 109])
(23,16): [146 141] (em=-4, csc=[145 109])
(23,17): [146 141] (em=-2, csc=[144 110])
(23,18): [146 141] (em=-1, csc=[144 111])
(23,19): [146 142] (em=1, csc=[144 112])
(23,20): [146 141] (em=-5, csc=[144 110])
(23,21): [146 141] (em=-7, csc=[145 109])
(23,22): [146 141] (em=-7, csc=[147 108])
(23,23): [146 141] (em=-1, csc=[146 110])
(23,24): [146 141] (em=-1, csc=[146 109])
(23,25): [146 141] (em=0, csc=[146 108])
(23,26): [146 141] (em=0, csc=[146 108])
(23,27): [146 141] (em=-1, csc=[145 108])
(23,28): [146 141] (em=0, csc=[146 108])
(23,29): [146 141] (em=1, csc=[146 109])
(23,30): [146 141] (em=0, csc=[146 108])
(23,31): [146 141] (em=0, csc=[146 108])
(23,32): [146 141] (em=0, csc=[146 107])
(23,33): [146 141] (em=-1, csc=[146 107])
(23,34): [146 141] (em=0, csc=[146 107])
(23,35): [146 141] (em=0, csc=[146 107])
(23,36): [146 141] (em=0, csc=[146 107])
(23,37): [146 141] (em=0, csc=[146 107])
(23,38): [146 141] (em=0, csc=[146 107])
(23,39): [146 141] (em=0, csc=[146 107])
(23,40): [146 141] (em=0, csc=[146 107])
(23,41): [146 141] (em=0, csc=[146 107])
(23,42): [146 141] (em=0, csc=[146 107])
(23,43): [146 141] (em=0, csc=[146 107])
(23,44): [146 141] (em=-1, csc=[146 106])
(23,45): [146 141] (em=-1, csc=[146 107])
(23,46): [146 141] (em=-6, csc=[147 106])
(23,47): [146 141] (em=-17, csc=[145 109])
(23,48): [145 142] (em=-19, csc=[142 112])
(23,49): [145 142] (em=2, csc=[137 119])
(23,50): [144 143] (em=17, csc=[131 123])
(23,51): [144 144] (em=15, csc=[128 128])
(23,52): [144 144] (em=5, csc=[128 128])
(23,53): [144 144] (em=0, csc=[128 128])
(23,54): [144 144] (em=0, csc=[128 128])
(23,55): [144 144] (em=0, csc=[128 128])
(23,56): [144 144] (em=0, csc=[128 128])
(23,57): [144 144] (em=0, csc=[128 128])
(23,58): [144 144] (em=0, csc=[128 128])
(23,59): [144 144] (em=0, csc=[128 128])
(23,60): [144 144] (em=0, csc=[128 128])
(23,61): [144 144] (em=0, csc=[128 128])
(23,62): [144 144] (em=6, csc=[128 128])
(23,63): [144 143] (em=17, csc=[128 127])
(23,64): [144 143] (em=12, csc=[132 121])
(23,65): [145 142] (em=-13, csc=[137 116])
(23,66): [145 141] (em=-26, csc=[143 109])
(23,67): [146 141] (em=-15, csc=[144 109])
(23,68): [146 141] (em=-9, csc=[148 105])
(23,69): [146 141] (em=-4, csc=[147 104])
(23,70): [146 140] (em=-5, csc=[150 103])
(23,71): [146 141] (em=0, csc=[146 104])
(23,72): [146 141] (em=7, csc=[147 108])
(23,73): [145 142] (em=17, csc=[140 112])
(23,74): [63 72] (em=41, csc=[136 118])
(23,75): [63 72] (em=41, csc=[137 117])
(23,76): [47 58] (em=51, csc=[136 118])
(23,77): [145 142] (em=16, csc=[141 114])
(23,78): [146 140] (em=-21, csc=[151 100])
(23,79): [199 173] (em=-39, csc=[154  98])
(23,80): [128 128] (em=-64, csc=[162 106])
(23,81): [213 200] (em=-46, csc=[156 132])
(23,82): [171 184] (em=-36, csc=[101 132])
(23,83): [143 144] (em=24, csc=[127 133])
(23,84): [128 128] (em=102, csc=[123 132])
(23,85): [128 128] (em=76, csc=[127 129])
(23,86): [144 144] (em=-13, csc=[129 133])
(23,87): [128 128] (em=-101, csc=[155 135])
(23,88): [195 182] (em=-40, csc=[142 115])
(23,89): [50 64] (em=48, csc=[140 115])
(23,90): [52 67] (em=46, csc=[143 114])
(23,91): [146 141] (em=0, csc=[146 107])
(23,92): [146 141] (em=-6, csc=[146 107])
(23,93): [146 141] (em=0, csc=[146 107])
(23,94): [146 141] (em=-1, csc=[147 107])
(23,95): [146 141] (em=-1, csc=[147 107])
(23,96): [146 141] (em=-1, csc=[147 107])
(23,97): [146 141] (em=-1, csc=[146 108])
(23,98): [146 141] (em=0, csc=[147 106])
(23,99): [146 141] (em=-1, csc=[146 106])
(23,100): [146 141] (em=-3, csc=[148 105])
(23,101): [146 141] (em=-2, csc=[147 106])
(23,102): [146 141] (em=-5, csc=[150 106])
(23,103): [146 141] (em=0, csc=[147 107])
(23,104): [70 83] (em=34, csc=[147 114])
(23,105): [35 54] (em=56, csc=[143 113])
(23,106): [145 142] (em=8, csc=[143 117])
(23,107): [128 128] (em=-133, csc=[142 125])
(23,108): [128 128] (em=-131, csc=[116 113])
(23,109): [80 79] (em=33, csc=[125 129])
(23,110): [128 128] (em=77, csc=[129 125])
(23,111): [144 144] (em=30, csc=[128 128])
(23,112): [144 144] (em=6, csc=[128 128])
(23,113): [144 144] (em=0, csc=[128 128])
(23,114): [144 144] (em=0, csc=[128 128])
(23,115): [144 144] (em=0, csc=[128 128])
(23,116): [144 144] (em=0, csc=[128 128])
(23,117): [144 144] (em=0, csc=[128 128])
(23,118): [144 144] (em=0, csc=[128 128])
(23,119): [144 144] (em=0, csc=[128 128])
(23,120): [144 144] (em=0, csc=[128 128])
(23,121): [144 144] (em=0, csc=[128 128])
(23,122): [144 144] (em=0, csc=[128 128])
(23,123): [144 144] (em=0, csc=[128 128])
(23,124): [144 144] (em=0, csc=[128 128])
(23,125): [144 144] (em=0, csc=[128 128])
(23,126): [128 128] (em=93, csc=[125 128])
(23,127): [128 128] (em=93, csc=[115 135])
(24,0): [128 128] (em=76, csc=[136 116])
(24,1): [128 128] (em=130, csc=[128 126])
(24,2): [128 128] (em=81, csc=[127 133])
(24,3): [144 144] (em=8, csc=[131 132])
(24,4): [128 128] (em=-137, csc=[142 125])
(24,5): [128 128] (em=-121, csc=[136 103])
(24,6): [145 141] (em=-8, csc=[142 108])
(24,7): [67 82] (em=37, csc=[141 108])
(24,8): [61 72] (em=42, csc=[138 115])
(24,9): [145 142] (em=23, csc=[143 115])
(24,10): [145 141] (em=4, csc=[143 110])
(24,11): [146 141] (em=-4, csc=[145 106])
(24,12): [146 141] (em=-2, csc=[145 108])
(24,13): [146 141] (em=0, csc=[145 108])
(24,14): [146 141] (em=1, csc=[145 109])
(24,15): [146 141] (em=-1, csc=[145 109])
(24,16): [146 141] (em=0, csc=[145 109])
(24,17): [146 141] (em=1, csc=[145 110])
(24,18): [146 141] (em=4, csc=[144 111])
(24,19): [146 141] (em=2, csc=[144 111])
(24,20): [146 141] (em=0, csc=[145 110])
(24,21): [146 141] (em=-2, csc=[146 109])
(24,22): [146 141] (em=-1, csc=[146 109])
(24,23): [146 141] (em=0, csc=[147 109])
(24,24): [146 141] (em=1, csc=[146 109])
(24,25): [146 141] (em=0, csc=[146 108])
(24,26): [146 141] (em=-1, csc=[146 107])
(24,27): [146 141] (em=-1, csc=[145 107])
(24,28): [146 141] (em=0, csc=[146 107])
(24,29): [146 141] (em=0, csc=[145 108])
(24,30): [146 141] (em=3, csc=[144 109])
(24,31): [146 141] (em=2, csc=[144 110])
(24,32): [146 141] (em=0, csc=[145 108])
(24,33): [146 141] (em=-1, csc=[146 107])
(24,34): [146 141] (em=-1, csc=[146 107])
(24,35): [146 141] (em=0, csc=[146 107])
(24,36): [146 141] (em=0, csc=[146 107])
(24,37): [146 141] (em=0, csc=[145 106])
(24,38): [146 141] (em=0, csc=[146 107])
(24,39): [146 141] (em=0, csc=[146 108])
(24,40): [146 141] (em=0, csc=[146 108])
(24,41): [146 141] (em=0, csc=[146 108])
(24,42): [146 141] (em=0, csc=[146 107])
(24,43): [146 141] (em=0, csc=[146 107])
(24,44): [146 141] (em=0, csc=[146 107])
(24,45): [146 141] (em=-1, csc=[147 107])
(24,46): [146 141] (em=-2, csc=[147 107])
(24,47): [146 141] (em=-10, csc=[146 107])
(24,48): [146 141] (em=-16, csc=[146 111])
(24,49): [145 142] (em=-16, csc=[141 114])
(24,50): [144 143] (em=14, csc=[134 122])
(24,51): [144 143] (em=21, csc=[128 127])
(24,52): [144 144] (em=10, csc=[128 128])
(24,53): [144 144] (em=1, csc=[128 128])
(24,54): [144 144] (em=0, csc=[128 128])
(24,55): [144 144] (em=0, csc=[128 128])
(24,56): [144 144] (em=0, csc=[128 128])
(24,57): [144 144] (em=0, csc=[128 128])
(24,58): [144 144] (em=0, csc=[128 128])
(24,59): [144 144] (em=0, csc=[128 128])
(24,60): [144 143] (em=0, csc=[128 127])
(24,61): [144 144] (em=0, csc=[128 128])
(24,62): [144 144] (em=2, csc=[128 128])
(24,63): [144 144] (em=11, csc=[128 128])
(24,64): [144 143] (em=20, csc=[128 127])
(24,65): [144 143] (em=18, csc=[130 126])
(24,66): [144 143] (em=8, csc=[133 120])
(24,67): [145 142] (em=5, csc=[139 118])
(24,68): [145 142] (em=15, csc=[142 113])
(24,69): [146 141] (em=26, csc=[147 111])
(24,70): [65 80] (em=38, csc=[144 109])
(24,71): [66 83] (em=36, csc=[148 108])
(24,72): [53 69] (em=45, csc=[144 112])
(24,73): [145 142] (em=26, csc=[141 115])
(24,74): [145 142] (em=2, csc=[138 113])
(24,75): [143 143] (em=-1, csc=[123 122])
(24,76): [128 128] (em=-67, csc=[142 106])
(24,77): [204 203] (em=-53, csc=[121 120])
(24,78): [193 179] (em=-35, csc=[156 123])
(24,79): [189 176] (em=-33, csc=[156 123])
(24,80): [196 184] (em=-38, csc=[152 124])
(24,81): [128 128] (em=-85, csc=[128 128])
(24,82): [128 128] (em=-111, csc=[153 115])
(24,83): [128 128] (em=64, csc=[129 130])
(24,84): [128 128] (em=109, csc=[128 128])
(24,85): [128 128] (em=104, csc=[130 128])
(24,86): [144 143] (em=27, csc=[129 126])
(24,87): [128 128] (em=-96, csc=[120 132])
(24,88): [128 128] (em=-124, csc=[165 113])
(24,89): [55 67] (em=45, csc=[139 117])
(24,90): [128 128] (em=66, csc=[140 113])
(24,91): [146 141] (em=8, csc=[148 107])
(24,92): [146 141] (em=-5, csc=[147 108])
(24,93): [146 141] (em=0, csc=[146 108])
(24,94): [146 141] (em=-1, csc=[146 107])
(24,95): [146 141] (em=-3, csc=[147 106])
(24,96): [146 141] (em=2, csc=[145 109])
(24,97): [146 142] (em=15, csc=[144 114])
(24,98): [145 142] (em=23, csc=[141 113])
(24,99): [146 142] (em=21, csc=[145 112])
(24,100): [146 141] (em=15, csc=[147 107])
(24,101): [146 141] (em=14, csc=[150 107])
(24,102): [146 141] (em=18, csc=[149 107])
(24,103): [146 141] (em=23, csc=[149 110])
(24,104): [68 81] (em=36, csc=[144 112])
(24,105): [23 45] (em=62, csc=[146 115])
(24,106): [128 128] (em=76, csc=[136 123])
(24,107): [145 144] (em=-24, csc=[143 129])
(24,108): [128 128] (em=-128, csc=[142 125])
(24,109): [206 203] (em=-49, csc=[135 129])
(24,110): [43 42] (em=57, csc=[128 130])
(24,111): [47 46] (em=55, csc=[127 128])
(24,112): [144 144] (em=19, csc=[128 128])
(24,113): [144 144] (em=2, csc=[128 128])
(24,114): [144 144] (em=0, csc=[128 128])
(24,115): [144 144] (em=0, csc=[128 128])
(24,116): [144 144] (em=0, csc=[128 128])
(24,117): [144 144] (em=0, csc=[128 128])
(24,118): [144 144] (em=0, csc=[128 128])
(24,119): [144 144] (em=0, csc=[128 128])
(24,120): [144 144] (em=0, csc=[128 128])
(24,121): [144 144] (em=0, csc=[128 128])
(24,122): [144 144] (em=0, csc=[128 128])
(24,123): [144 144] (em=0, csc=[128 128])
(24,124): [144 144] (em=0, csc=[128 128])
(24,125): [144 144] (em=0, csc=[128 128])
(24,126): [128 128] (em=93, csc=[128 128])
(24,127): [128 128] (em=93, csc=[122 128])
(25,0): [128 128] (em=123, csc=[128 125])
(25,1): [128 128] (em=160, csc=[128 126])
(25,2): [51 53] (em=51, csc=[129 126])
(25,3): [128 128] (em=-103, csc=[121 148])
(25,4): [128 128] (em=-126, csc=[115 112])
(25,5): [144 143] (em=23, csc=[135 120])
(25,6): [128 128] (em=66, csc=[138 114])
(25,7): [145 141] (em=21, csc=[142 107])
(25,8): [146 141] (em=1, csc=[147 109])
(25,9): [146 141] (em=2, csc=[145 110])
(25,10): [146 141] (em=0, csc=[145 108])
(25,11): [146 141] (em=-2, csc=[145 108])
(25,12): [146 141] (em=-1, csc=[145 108])
(25,13): [146 141] (em=0, csc=[145 108])
(25,14): [146 141] (em=-1, csc=[146 108])
(25,15): [146 141] (em=-2, csc=[146 108])
(25,16): [146 141] (em=0, csc=[145 109])
(25,17): [146 141] (em=3, csc=[145 110])
(25,18): [146 141] (em=4, csc=[144 110])
(25,19): [146 141] (em=4, csc=[145 110])
(25,20): [146 141] (em=0, csc=[145 109])
(25,21): [146 141] (em=-1, csc=[146 109])
(25,22): [146 141] (em=-1, csc=[146 108])
(25,23): [146 141] (em=0, csc=[147 109])
(25,24): [146 141] (em=-1, csc=[147 107])
(25,25): [146 141] (em=-1, csc=[147 107])
(25,26): [146 141] (em=-2, csc=[146 107])
(25,27): [146 141] (em=-1, csc=[146 107])
(25,28): [146 141] (em=1, csc=[146 107])
(25,29): [145 141] (em=3, csc=[142 108])
(25,30): [146 141] (em=0, csc=[145 107])
(25,31): [146 141] (em=1, csc=[146 108])
(25,32): [146 141] (em=2, csc=[146 108])
(25,33): [146 141] (em=2, csc=[145 109])
(25,34): [146 141] (em=-4, csc=[147 107])
(25,35): [146 141] (em=-2, csc=[146 108])
(25,36): [146 141] (em=-6, csc=[146 106])
(25,37): [146 141] (em=-4, csc=[145 106])
(25,38): [146 141] (em=-4, csc=[147 106])
(25,39): [146 141] (em=-2, csc=[146 107])
(25,40): [146 141] (em=-4, csc=[149 105])
(25,41): [146 141] (em=-3, csc=[147 106])
(25,42): [146 141] (em=-5, csc=[149 105])
(25,43): [146 141] (em=-5, csc=[147 106])
(25,44): [146 141] (em=-6, csc=[148 105])
(25,45): [146 141] (em=-5, csc=[147 107])
(25,46): [146 141] (em=-7, csc=[149 105])
(25,47): [146 141] (em=-8, csc=[146 107])
(25,48): [146 141] (em=-21, csc=[149 105])
(25,49): [145 142] (em=-22, csc=[142 112])
(25,50): [145 142] (em=-1, csc=[140 117])
(25,51): [144 143] (em=21, csc=[129 124])
(25,52): [144 143] (em=17, csc=[128 126])
(25,53): [144 144] (em=5, csc=[128 128])
(25,54): [144 143] (em=3, csc=[128 127])
(25,55): [144 144] (em=1, csc=[128 128])
(25,56): [144 143] (em=1, csc=[128 127])
(25,57): [144 144] (em=0, csc=[128 128])
(25,58): [144 144] (em=0, csc=[128 128])
(25,59): [144 144] (em=0, csc=[128 128])
(25,60): [144 144] (em=1, csc=[128 128])
(25,61): [144 144] (em=3, csc=[128 128])
(25,62): [144 143] (em=7, csc=[128 127])
(25,63): [144 144] (em=18, csc=[128 128])
(25,64): [58 58] (em=47, csc=[128 128])
(25,65): [48 50] (em=53, csc=[130 126])
(25,66): [44 40] (em=58, csc=[125 130])
(25,67): [144 143] (em=26, csc=[131 125])
(25,68): [145 142] (em=30, csc=[139 117])
(25,69): [145 142] (em=13, csc=[143 112])
(25,70): [146 140] (em=-10, csc=[150 101])
(25,71): [147 140] (em=-21, csc=[153  99])
(25,72): [240 199] (em=-58, csc=[163 104])
(25,73): [189 171] (em=-33, csc=[155 110])
(25,74): [178 172] (em=-33, csc=[127 113])
(25,75): [144 144] (em=-30, csc=[128 128])
(25,76): [141 144] (em=28, csc=[107 135])
(25,77): [144 146] (em=23, csc=[133 144])
(25,78): [144 145] (em=29, csc=[130 136])
(25,79): [145 145] (em=0, csc=[140 137])
(25,80): [198 197] (em=-49, csc=[121 120])
(25,81): [128 128] (em=-79, csc=[124 137])
(25,82): [143 144] (em=28, csc=[125 133])
(25,83): [128 128] (em=67, csc=[130 127])
(25,84): [128 128] (em=74, csc=[128 128])
(25,85): [128 128] (em=87, csc=[128 127])
(25,86): [63 63] (em=44, csc=[128 127])
(25,87): [128 128] (em=-88, csc=[150 143])
(25,88): [128 128] (em=-126, csc=[157 123])
(25,89): [145 142] (em=10, csc=[142 114])
(25,90): [23 45] (em=63, csc=[143 113])
(25,91): [146 141] (em=30, csc=[144 107])
(25,92): [146 141] (em=-1, csc=[146 109])
(25,93): [146 141] (em=0, csc=[146 108])
(25,94): [146 141] (em=-3, csc=[145 108])
(25,95): [146 141] (em=4, csc=[144 107])
(25,96): [146 141] (em=23, csc=[147 111])
(25,97): [145 142] (em=24, csc=[143 115])
(25,98): [144 142] (em=17, csc=[134 118])
(25,99): [145 143] (em=-13, csc=[140 121])
(25,100): [196 178] (em=-40, csc=[143 106])
(25,101): [215 194] (em=-50, csc=[147 112])
(25,102): [128 128] (em=-75, csc=[149  97])
(25,103): [146 142] (em=-29, csc=[147 118])
(25,104): [145 142] (em=-25, csc=[141 112])
(25,105): [144 143] (em=1, csc=[133 121])
(25,106): [65 68] (em=42, csc=[130 122])
(25,107): [145 143] (em=29, csc=[138 125])
(25,108): [187 183] (em=-37, csc=[134 125])
(25,109): [128 128] (em=-76, csc=[122 145])
(25,110): [143 145] (em=1, csc=[127 139])
(25,111): [128 128] (em=64, csc=[132 129])
(25,112): [54 54] (em=50, csc=[128 128])
(25,113): [144 144] (em=13, csc=[128 128])
(25,114): [144 144] (em=0, csc=[128 128])
(25,115): [144 144] (em=0, csc=[128 128])
(25,116): [144 144] (em=0, csc=[128 128])
(25,117): [144 144] (em=0, csc=[128 128])
(25,118): [144 144] (em=0, csc=[128 128])
(25,119): [144 144] (em=0, csc=[128 128])
(25,120): [144 144] (em=0, csc=[128 128])
(25,121): [144 144] (em=0, csc=[128 128])
(25,122): [144 144] (em=0, csc=[128 128])
(25,123): [144 144] (em=0, csc=[128 128])
(25,124): [144 144] (em=0, csc=[128 128])
(25,125): [144 144] (em=0, csc=[128 128])
(25,126): [128 128] (em=93, csc=[125 128])
(25,127): [128 128] (em=93, csc=[115 135])
(26,0): [128 128] (em=127, csc=[134 115])
(26,1): [128 128] (em=166, csc=[131 124])
(26,2): [195 188] (em=-43, csc=[131 119])
(26,3): [128 128] (em=-145, csc=[121 120])
(26,4): [128 128] (em=-81, csc=[147 103])
(26,5): [128 128] (em=68, csc=[135 121])
(26,6): [128 128] (em=64, csc=[136 117])
(26,7): [146 141] (em=0, csc=[147 109])
(26,8): [146 141] (em=-6, csc=[145 109])
(26,9): [146 141] (em=0, csc=[145 109])
(26,10): [146 141] (em=0, csc=[145 109])
(26,11): [146 141] (em=-1, csc=[146 108])
(26,12): [146 141] (em=0, csc=[146 108])
(26,13): [146 141] (em=0, csc=[146 108])
(26,14): [146 141] (em=0, csc=[146 108])
(26,15): [146 141] (em=-1, csc=[146 108])
(26,16): [146 141] (em=0, csc=[146 109])
(26,17): [146 141] (em=2, csc=[145 109])
(26,18): [146 141] (em=3, csc=[145 109])
(26,19): [146 141] (em=2, csc=[145 109])
(26,20): [146 141] (em=0, csc=[146 108])
(26,21): [146 141] (em=-2, csc=[146 108])
(26,22): [146 141] (em=-1, csc=[147 108])
(26,23): [146 141] (em=0, csc=[146 108])
(26,24): [146 141] (em=0, csc=[147 108])
(26,25): [146 141] (em=-1, csc=[147 107])
(26,26): [146 141] (em=-2, csc=[147 108])
(26,27): [146 141] (em=-1, csc=[146 107])
(26,28): [146 141] (em=20, csc=[144 110])
(26,29): [145 142] (em=31, csc=[143 112])
(26,30): [146 141] (em=-16, csc=[147 109])
(26,31): [146 141] (em=-26, csc=[148 107])
(26,32): [145 142] (em=15, csc=[143 114])
(26,33): [70 81] (em=35, csc=[143 116])
(26,34): [145 142] (em=16, csc=[140 115])
(26,35): [145 142] (em=6, csc=[142 114])
(26,36): [145 142] (em=10, csc=[139 113])
(26,37): [145 142] (em=12, csc=[143 113])
(26,38): [145 142] (em=17, csc=[140 113])
(26,39): [146 142] (em=20, csc=[145 114])
(26,40): [145 142] (em=20, csc=[143 112])
(26,41): [146 142] (em=19, csc=[147 112])
(26,42): [146 141] (em=21, csc=[144 111])
(26,43): [146 142] (em=19, csc=[146 113])
(26,44): [145 142] (em=21, csc=[142 113])
(26,45): [146 142] (em=24, csc=[144 117])
(26,46): [145 142] (em=22, csc=[140 114])
(26,47): [146 142] (em=20, csc=[145 115])
(26,48): [145 142] (em=19, csc=[142 113])
(26,49): [145 142] (em=5, csc=[143 114])
(26,50): [145 142] (em=10, csc=[139 115])
(26,51): [67 73] (em=39, csc=[134 122])
(26,52): [64 68] (em=42, csc=[131 122])
(26,53): [144 143] (em=32, csc=[128 126])
(26,54): [144 143] (em=17, csc=[131 123])
(26,55): [144 143] (em=18, csc=[128 126])
(26,56): [144 144] (em=15, csc=[128 128])
(26,57): [144 144] (em=10, csc=[128 128])
(26,58): [144 144] (em=3, csc=[128 128])
(26,59): [144 144] (em=0, csc=[128 128])
(26,60): [144 144] (em=9, csc=[128 128])
(26,61): [144 144] (em=23, csc=[128 128])
(26,62): [73 75] (em=36, csc=[131 126])
(26,63): [72 78] (em=36, csc=[134 119])
(26,64): [39 42] (em=59, csc=[130 125])
(26,65): [79 80] (em=33, csc=[127 126])
(26,66): [128 128] (em=-104, csc=[152 106])
(26,67): [128 128] (em=-95, csc=[119 117])
(26,68): [230 218] (em=-61, csc=[142 125])
(26,69): [205 205] (em=-51, csc=[128 128])
(26,70): [195 187] (em=-40, csc=[142 125])
(26,71): [186 176] (em=-33, csc=[148 124])
(26,72): [145 143] (em=-28, csc=[140 126])
(26,73): [147 143] (em=-17, csc=[152 124])
(26,74): [145 143] (em=-23, csc=[142 125])
(26,75): [145 141] (em=-17, csc=[142 107])
(26,76): [146 143] (em=-20, csc=[149 124])
(26,77): [146 143] (em=-18, csc=[149 124])
(26,78): [146 143] (em=-31, csc=[145 125])
(26,79): [220 207] (em=-58, csc=[134 115])
(26,80): [128 128] (em=-96, csc=[140 126])
(26,81): [180 180] (em=-33, csc=[133 132])
(26,82): [48 44] (em=54, csc=[127 133])
(26,83): [46 46] (em=55, csc=[128 128])
(26,84): [67 67] (em=41, csc=[128 128])
(26,85): [128 128] (em=85, csc=[127 128])
(26,86): [56 54] (em=49, csc=[126 129])
(26,87): [128 128] (em=-118, csc=[131 111])
(26,88): [128 128] (em=-126, csc=[145 125])
(26,89): [128 128] (em=-87, csc=[157  97])
(26,90): [53 68] (em=46, csc=[141 112])
(26,91): [49 68] (em=47, csc=[144 110])
(26,92): [145 142] (em=12, csc=[142 113])
(26,93): [146 141] (em=0, csc=[146 108])
(26,94): [146 141] (em=7, csc=[144 108])
(26,95): [146 142] (em=32, csc=[146 112])
(26,96): [53 63] (em=46, csc=[141 122])
(26,97): [202 184] (em=-43, csc=[145 111])
(26,98): [128 128] (em=-137, csc=[160 122])
(26,99): [203 218] (em=-57, csc=[111 134])
(26,100): [144 144] (em=5, csc=[128 129])
(26,101): [143 143] (em=-10, csc=[123 122])
(26,102): [144 144] (em=-5, csc=[128 131])
(26,103): [143 144] (em=-21, csc=[121 128])
(26,104): [143 144] (em=3, csc=[126 135])
(26,105): [141 145] (em=-16, csc=[107 136])
(26,106): [128 128] (em=-84, csc=[133 113])
(26,107): [128 128] (em=-84, csc=[109 104])
(26,108): [144 145] (em=8, csc=[131 136])
(26,109): [128 128] (em=-85, csc=[118 115])
(26,110): [128 128] (em=-119, csc=[137 126])
(26,111): [144 144] (em=21, csc=[132 129])
(26,112): [128 128] (em=79, csc=[127 132])
(26,113): [72 72] (em=38, csc=[128 128])
(26,114): [144 144] (em=9, csc=[128 128])
(26,115): [144 144] (em=0, csc=[128 128])
(26,116): [144 144] (em=0, csc=[128 128])
(26,117): [144 144] (em=0, csc=[128 128])
(26,118): [144 144] (em=0, csc=[128 128])
(26,119): [144 144] (em=0, csc=[128 128])
(26,120): [144 144] (em=0, csc=[128 128])
(26,121): [144 144] (em=0, csc=[128 128])
(26,122): [144 144] (em=0, csc=[128 128])
(26,123): [144 144] (em=0, csc=[128 128])
(26,124): [144 144] (em=0, csc=[128 128])
(26,125): [144 144] (em=0, csc=[128 128])
(26,126): [128 128] (em=93, csc=[128 128])
(26,127): [128 128] (em=93, csc=[122 128])
(27,0): [128 128] (em=168, csc=[131 120])
(27,1): [128 128] (em=142, csc=[135 117])
(27,2): [128 128] (em=-131, csc=[113 109])
(27,3): [128 128] (em=-128, csc=[154 123])
(27,4): [145 142] (em=31, csc=[138 119])
(27,5): [128 128] (em=76, csc=[139 116])
(27,6): [145 142] (em=31, csc=[142 117])
(27,7): [146 141] (em=-4, csc=[145 110])
(27,8): [146 141] (em=-6, csc=[145 109])
(27,9): [146 141] (em=1, csc=[145 109])
(27,10): [146 141] (em=0, csc=[145 109])
(27,11): [146 141] (em=0, csc=[146 108])
(27,12): [146 141] (em=0, csc=[146 108])
(27,13): [146 141] (em=1, csc=[146 108])
(27,14): [146 141] (em=0, csc=[146 108])
(27,15): [146 141] (em=-1, csc=[146 108])
(27,16): [146 141] (em=0, csc=[146 108])
(27,17): [146 141] (em=1, csc=[146 109])
(27,18): [146 141] (em=1, csc=[145 108])
(27,19): [146 141] (em=0, csc=[146 108])
(27,20): [146 141] (em=-1, csc=[146 108])
(27,21): [146 141] (em=-2, csc=[146 107])
(27,22): [146 141] (em=0, csc=[146 108])
(27,23): [146 141] (em=2, csc=[147 109])
(27,24): [146 141] (em=0, csc=[147 108])
(27,25): [146 141] (em=0, csc=[147 108])
(27,26): [146 141] (em=-5, csc=[147 108])
(27,27): [146 141] (em=-1, csc=[146 108])
(27,28): [60 74] (em=41, csc=[142 114])
(27,29): [47 63] (em=49, csc=[142 114])
(27,30): [212 187] (em=-48, csc=[149 105])
(27,31): [128 128] (em=-136, csc=[161  91])
(27,32): [145 142] (em=21, csc=[141 114])
(27,33): [128 128] (em=73, csc=[137 117])
(27,34): [37 48] (em=57, csc=[137 120])
(27,35): [144 142] (em=31, csc=[134 116])
(27,36): [64 70] (em=42, csc=[132 118])
(27,37): [64 72] (em=41, csc=[134 117])
(27,38): [58 67] (em=44, csc=[136 119])
(27,39): [69 78] (em=37, csc=[138 117])
(27,40): [145 142] (em=15, csc=[142 113])
(27,41): [145 142] (em=5, csc=[143 112])
(27,42): [146 141] (em=0, csc=[146 110])
(27,43): [145 142] (em=15, csc=[140 115])
(27,44): [65 72] (em=40, csc=[136 120])
(27,45): [40 51] (em=55, csc=[137 120])
(27,46): [47 54] (em=52, csc=[134 122])
(27,47): [59 69] (em=43, csc=[138 118])
(27,48): [145 142] (em=30, csc=[139 117])
(27,49): [145 142] (em=3, csc=[141 116])
(27,50): [145 142] (em=-29, csc=[142 112])
(27,51): [145 143] (em=6, csc=[136 120])
(27,52): [144 143] (em=6, csc=[132 121])
(27,53): [144 144] (em=10, csc=[128 132])
(27,54): [143 144] (em=-10, csc=[124 128])
(27,55): [142 144] (em=-10, csc=[119 135])
(27,56): [143 144] (em=28, csc=[120 132])
(27,57): [68 68] (em=40, csc=[129 129])
(27,58): [144 144] (em=26, csc=[128 128])
(27,59): [144 144] (em=13, csc=[128 128])
(27,60): [144 144] (em=23, csc=[128 128])
(27,61): [49 51] (em=52, csc=[130 128])
(27,62): [144 143] (em=11, csc=[131 125])
(27,63): [128 128] (em=-75, csc=[140 119])
(27,64): [128 128] (em=-126, csc=[140 105])
(27,65): [128 128] (em=-116, csc=[151 124])
(27,66): [128 128] (em=-79, csc=[140 103])
(27,67): [144 144] (em=-31, csc=[130 130])
(27,68): [184 194] (em=-39, csc=[122 142])
(27,69): [143 146] (em=-22, csc=[121 146])
(27,70): [142 147] (em=-5, csc=[118 156])
(27,71): [179 185] (em=-35, csc=[124 137])
(27,72): [142 147] (em=-12, csc=[119 153])
(27,73): [143 146] (em=-2, csc=[120 149])
(27,74): [143 146] (em=-24, csc=[121 148])
(27,75): [128 128] (em=-64, csc=[128 128])
(27,76): [176 184] (em=-33, csc=[122 142])
(27,77): [180 189] (em=-36, csc=[122 142])
(27,78): [128 128] (em=-93, csc=[137 126])
(27,79): [219 213] (em=-59, csc=[131 122])
(27,80): [145 143] (em=-3, csc=[136 121])
(27,81): [74 77] (em=35, csc=[134 126])
(27,82): [63 63] (em=44, csc=[128 127])
(27,83): [144 144] (em=25, csc=[128 128])
(27,84): [143 144] (em=29, csc=[127 128])
(27,85): [128 128] (em=87, csc=[125 127])
(27,86): [63 64] (em=44, csc=[127 126])
(27,87): [128 128] (em=-64, csc=[139 126])
(27,88): [128 128] (em=-115, csc=[156 123])
(27,89): [146 141] (em=-31, csc=[148 109])
(27,90): [36 54] (em=56, csc=[141 114])
(27,91): [128 128] (em=64, csc=[141 110])
(27,92): [146 141] (em=18, csc=[146 110])
(27,93): [146 141] (em=9, csc=[145 106])
(27,94): [72 85] (em=33, csc=[146 112])
(27,95): [146 142] (em=23, csc=[146 114])
(27,96): [204 185] (em=-44, csc=[146 110])
(27,97): [128 128] (em=-109, csc=[122 142])
(27,98): [144 144] (em=-25, csc=[132 132])
(27,99): [53 50] (em=51, csc=[126 132])
(27,100): [128 128] (em=73, csc=[121 130])
(27,101): [58 53] (em=50, csc=[121 129])
(27,102): [78 76] (em=35, csc=[124 129])
(27,103): [69 64] (em=42, csc=[121 132])
(27,104): [50 45] (em=55, csc=[122 129])
(27,105): [128 128] (em=82, csc=[126 131])
(27,106): [49 47] (em=54, csc=[126 129])
(27,107): [178 198] (em=-44, csc=[ 96 135])
(27,108): [128 128] (em=-85, csc=[111 107])
(27,109): [143 146] (em=-31, csc=[121 148])
(27,110): [128 128] (em=-82, csc=[121 120])
(27,111): [128 128] (em=-74, csc=[120 151])
(27,112): [58 58] (em=47, csc=[128 128])
(27,113): [128 128] (em=67, csc=[128 126])
(27,114): [69 69] (em=40, csc=[128 128])
(27,115): [144 144] (em=4, csc=[128 128])
(27,116): [144 144] (em=0, csc=[128 128])
(27,117): [144 144] (em=0, csc=[128 128])
(27,118): [144 144] (em=0, csc=[128 128])
(27,119): [144 144] (em=0, csc=[128 128])
(27,120): [144 144] (em=0, csc=[128 128])
(27,121): [144 144] (em=0, csc=[128 128])
(27,122): [144 144] (em=0, csc=[128 128])
(27,123): [144 144] (em=0, csc=[128 128])
(27,124): [144 144] (em=0, csc=[128 128])
(27,125): [144 144] (em=0, csc=[128 128])
(27,126): [128 128] (em=93, csc=[125 128])
(27,127): [128 128] (em=93, csc=[115 135])
(28,0): [128 128] (em=122, csc=[144 108])
(28,1): [147 140] (em=30, csc=[156 100])
(28,2): [128 128] (em=-134, csc=[142 125])
(28,3): [128 128] (em=-119, csc=[153  98])
(28,4): [128 128] (em=65, csc=[138 120])
(28,5): [128 128] (em=68, csc=[142 117])
(28,6): [145 142] (em=13, csc=[141 113])
(28,7): [146 141] (em=-4, csc=[144 109])
(28,8): [146 141] (em=-5, csc=[146 109])
(28,9): [146 141] (em=-1, csc=[145 109])
(28,10): [146 141] (em=0, csc=[146 109])
(28,11): [146 141] (em=0, csc=[146 108])
(28,12): [146 141] (em=0, csc=[146 108])
(28,13): [146 141] (em=0, csc=[146 107])
(28,14): [146 141] (em=0, csc=[147 107])
(28,15): [146 141] (em=-1, csc=[146 107])
(28,16): [146 141] (em=0, csc=[147 108])
(28,17): [146 141] (em=1, csc=[146 108])
(28,18): [146 141] (em=0, csc=[146 107])
(28,19): [146 141] (em=-1, csc=[146 107])
(28,20): [146 141] (em=-2, csc=[147 107])
(28,21): [146 141] (em=-1, csc=[146 107])
(28,22): [146 141] (em=0, csc=[147 107])
(28,23): [146 141] (em=0, csc=[147 108])
(28,24): [146 141] (em=0, csc=[147 107])
(28,25): [146 141] (em=-1, csc=[147 106])
(28,26): [146 141] (em=-3, csc=[147 108])
(28,27): [146 141] (em=-1, csc=[146 108])
(28,28): [59 73] (em=42, csc=[141 112])
(28,29): [128 128] (em=67, csc=[139 113])
(28,30): [128 128] (em=-79, csc=[156  87])
(28,31): [128 128] (em=-106, csc=[144 113])
(28,32): [128 128] (em=-87, csc=[153  90])
(28,33): [128 128] (em=78, csc=[132 121])
(28,34): [31 39] (em=62, csc=[134 123])
(28,35): [144 142] (em=-15, csc=[132 114])
(28,36): [204 192] (em=-49, csc=[132 111])
(28,37): [128 128] (em=-73, csc=[114 111])
(28,38): [128 128] (em=-76, csc=[136 114])
(28,39): [212 211] (em=-59, csc=[121 120])
(28,40): [225 212] (em=-57, csc=[145 125])
(28,41): [204 204] (em=-50, csc=[128 128])
(28,42): [220 208] (em=-54, csc=[145 125])
(28,43): [207 207] (em=-52, csc=[128 128])
(28,44): [128 128] (em=-68, csc=[137 126])
(28,45): [181 186] (em=-40, csc=[113 122])
(28,46): [144 144] (em=-29, csc=[129 129])
(28,47): [215 213] (em=-62, csc=[119 117])
(28,48): [232 222] (em=-63, csc=[140 126])
(28,49): [216 216] (em=-58, csc=[128 128])
(28,50): [128 128] (em=-80, csc=[140 126])
(28,51): [128 128] (em=-94, csc=[115 112])
(28,52): [143 148] (em=-27, csc=[124 163])
(28,53): [140 146] (em=-25, csc=[ 96 146])
(28,54): [185 204] (em=-43, csc=[112 150])
(28,55): [128 128] (em=-90, csc=[105 142])
(28,56): [128 128] (em=-85, csc=[132 129])
(28,57): [144 143] (em=-18, csc=[129 123])
(28,58): [61 61] (em=44, csc=[130 130])
(28,59): [78 81] (em=33, csc=[130 123])
(28,60): [43 43] (em=57, csc=[128 128])
(28,61): [128 128] (em=81, csc=[126 131])
(28,62): [144 143] (em=9, csc=[134 120])
(28,63): [128 128] (em=-160, csc=[126 104])
(28,64): [128 128] (em=-140, csc=[156 123])
(28,65): [128 128] (em=73, csc=[129 131])
(28,66): [128 128] (em=129, csc=[125 130])
(28,67): [128 128] (em=71, csc=[127 125])
(28,68): [142 144] (em=19, csc=[117 130])
(28,69): [138 147] (em=-21, csc=[ 87 153])
(28,70): [141 146] (em=-26, csc=[107 147])
(28,71): [138 146] (em=-26, csc=[ 86 144])
(28,72): [142 145] (em=5, csc=[114 140])
(28,73): [141 145] (em=10, csc=[111 136])
(28,74): [142 145] (em=16, csc=[119 139])
(28,75): [142 145] (em=0, csc=[113 138])
(28,76): [143 145] (em=8, csc=[122 138])
(28,77): [142 145] (em=9, csc=[117 140])
(28,78): [143 144] (em=16, csc=[127 128])
(28,79): [144 143] (em=30, csc=[131 123])
(28,80): [56 55] (em=49, csc=[127 128])
(28,81): [79 79] (em=33, csc=[128 128])
(28,82): [144 144] (em=15, csc=[128 128])
(28,83): [143 144] (em=9, csc=[126 128])
(28,84): [144 144] (em=29, csc=[128 128])
(28,85): [128 128] (em=88, csc=[124 129])
(28,86): [65 64] (em=43, csc=[125 128])
(28,87): [128 128] (em=-104, csc=[134 102])
(28,88): [128 128] (em=-92, csc=[140 126])
(28,89): [236 199] (em=-60, csc=[152 100])
(28,90): [146 140] (em=14, csc=[151 101])
(28,91): [128 128] (em=66, csc=[145 110])
(28,92): [29 54] (em=58, csc=[147 109])
(28,93): [44 69] (em=48, csc=[151 105])
(28,94): [128 128] (em=68, csc=[145 116])
(28,95): [146 142] (em=-27, csc=[144 116])
(28,96): [128 128] (em=-139, csc=[160 122])
(28,97): [143 145] (em=1, csc=[127 137])
(28,98): [43 40] (em=57, csc=[128 132])
(28,99): [61 61] (em=45, csc=[128 128])
(28,100): [144 144] (em=20, csc=[128 128])
(28,101): [143 144] (em=5, csc=[126 128])
(28,102): [144 144] (em=0, csc=[128 128])
(28,103): [143 144] (em=1, csc=[126 128])
(28,104): [144 144] (em=7, csc=[128 128])
(28,105): [144 144] (em=30, csc=[128 128])
(28,106): [47 46] (em=55, csc=[127 128])
(28,107): [143 143] (em=5, csc=[126 125])
(28,108): [194 195] (em=-46, csc=[121 123])
(28,109): [138 146] (em=-6, csc=[ 81 144])
(28,110): [146 146] (em=-21, csc=[144 145])
(28,111): [128 128] (em=-139, csc=[128 128])
(28,112): [128 128] (em=-139, csc=[154  95])
(28,113): [54 56] (em=50, csc=[127 123])
(28,114): [128 128] (em=74, csc=[128 128])
(28,115): [144 144] (em=19, csc=[128 128])
(28,116): [144 144] (em=5, csc=[128 128])
(28,117): [144 144] (em=1, csc=[128 128])
(28,118): [144 144] (em=0, csc=[128 128])
(28,119): [144 144] (em=0, csc=[128 128])
(28,120): [144 144] (em=0, csc=[128 128])
(28,121): [144 144] (em=0, csc=[128 128])
(28,122): [144 144] (em=0, csc=[128 128])
(28,123): [144 144] (em=0, csc=[128 128])
(28,124): [144 144] (em=0, csc=[128 128])
(28,125): [144 144] (em=0, csc=[128 128])
(28,126): [128 128] (em=93, csc=[128 128])
(28,127): [128 128] (em=93, csc=[122 128])
(29,0): [128 128] (em=153, csc=[141 114])
(29,1): [42 66] (em=51, csc=[145 104])
(29,2): [128 128] (em=-129, csc=[146 124])
(29,3): [146 142] (em=-23, csc=[148 115])
(29,4): [34 52] (em=57, csc=[142 115])
(29,5): [29 48] (em=61, csc=[139 113])
(29,6): [145 142] (em=7, csc=[143 113])
(29,7): [146 141] (em=-3, csc=[145 110])
(29,8): [146 141] (em=-4, csc=[146 109])
(29,9): [146 141] (em=-1, csc=[146 109])
(29,10): [146 141] (em=0, csc=[146 108])
(29,11): [146 141] (em=0, csc=[146 108])
(29,12): [146 141] (em=0, csc=[146 107])
(29,13): [146 141] (em=0, csc=[147 107])
(29,14): [146 141] (em=-1, csc=[147 107])
(29,15): [146 141] (em=-1, csc=[147 107])
(29,16): [146 141] (em=0, csc=[147 107])
(29,17): [146 141] (em=1, csc=[146 108])
(29,18): [146 141] (em=0, csc=[146 107])
(29,19): [146 141] (em=0, csc=[146 107])
(29,20): [146 141] (em=-1, csc=[146 107])
(29,21): [146 141] (em=0, csc=[147 107])
(29,22): [146 141] (em=0, csc=[147 107])
(29,23): [146 141] (em=0, csc=[147 107])
(29,24): [146 141] (em=-1, csc=[147 106])
(29,25): [146 141] (em=-1, csc=[147 106])
(29,26): [146 141] (em=-4, csc=[147 106])
(29,27): [146 141] (em=0, csc=[147 108])
(29,28): [146 141] (em=22, csc=[144 110])
(29,29): [45 63] (em=51, csc=[140 109])
(29,30): [49 66] (em=48, csc=[141 110])
(29,31): [128 128] (em=-91, csc=[158  96])
(29,32): [128 128] (em=-70, csc=[134 115])
(29,33): [145 142] (em=-14, csc=[141 119])
(29,34): [192 179] (em=-37, csc=[147 116])
(29,35): [192 192] (em=-42, csc=[128 128])
(29,36): [141 144] (em=6, csc=[104 133])
(29,37): [143 145] (em=1, csc=[122 142])
(29,38): [141 145] (em=26, csc=[106 138])
(29,39): [143 146] (em=23, csc=[122 145])
(29,40): [143 146] (em=19, csc=[121 148])
(29,41): [143 145] (em=6, csc=[123 140])
(29,42): [141 144] (em=21, csc=[109 135])
(29,43): [143 145] (em=13, csc=[123 140])
(29,44): [142 145] (em=17, csc=[115 140])
(29,45): [144 144] (em=-12, csc=[128 128])
(29,46): [143 146] (em=16, csc=[121 148])
(29,47): [143 145] (em=19, csc=[122 142])
(29,48): [77 60] (em=43, csc=[102 137])
(29,49): [143 146] (em=25, csc=[121 146])
(29,50): [207 207] (em=-52, csc=[128 128])
(29,51): [202 212] (em=-51, csc=[123 140])
(29,52): [83 61] (em=40, csc=[ 97 144])
(29,53): [128 128] (em=94, csc=[116 136])
(29,54): [128 128] (em=86, csc=[114 137])
(29,55): [71 69] (em=39, csc=[126 131])
(29,56): [143 143] (em=0, csc=[126 122])
(29,57): [128 128] (em=-92, csc=[ 97 135])
(29,58): [128 128] (em=-171, csc=[148  89])
(29,59): [144 143] (em=-14, csc=[131 125])
(29,60): [128 128] (em=69, csc=[121 127])
(29,61): [128 128] (em=101, csc=[128 128])
(29,62): [128 128] (em=75, csc=[130 125])
(29,63): [128 128] (em=-101, csc=[116 163])
(29,64): [194 216] (em=-52, csc=[108 143])
(29,65): [128 128] (em=70, csc=[129 132])
(29,66): [128 128] (em=101, csc=[128 128])
(29,67): [52 52] (em=51, csc=[128 128])
(29,68): [64 62] (em=44, csc=[125 129])
(29,69): [143 144] (em=32, csc=[123 128])
(29,70): [79 78] (em=33, csc=[127 131])
(29,71): [77 75] (em=36, csc=[122 127])
(29,72): [64 63] (em=43, csc=[127 130])
(29,73): [66 64] (em=43, csc=[124 127])
(29,74): [75 75] (em=36, csc=[128 128])
(29,75): [75 73] (em=37, csc=[124 128])
(29,76): [76 76] (em=35, csc=[128 129])
(29,77): [79 79] (em=33, csc=[127 128])
(29,78): [144 144] (em=31, csc=[128 128])
(29,79): [144 144] (em=26, csc=[128 128])
(29,80): [144 144] (em=28, csc=[128 128])
(29,81): [144 144] (em=24, csc=[128 128])
(29,82): [144 144] (em=30, csc=[128 128])
(29,83): [78 76] (em=35, csc=[124 128])
(29,84): [41 34] (em=62, csc=[120 130])
(29,85): [128 128] (em=78, csc=[121 134])
(29,86): [143 144] (em=24, csc=[120 135])
(29,87): [128 128] (em=-83, csc=[142 134])
(29,88): [128 128] (em=-93, csc=[154 112])
(29,89): [197 174] (em=-36, csc=[162 109])
(29,90): [128 128] (em=-66, csc=[161 103])
(29,91): [196 170] (em=-36, csc=[159 100])
(29,92): [128 128] (em=-70, csc=[167  96])
(29,93): [147 140] (em=-21, csc=[158 101])
(29,94): [128 128] (em=-75, csc=[160  90])
(29,95): [128 128] (em=-123, csc=[128 128])
(29,96): [141 145] (em=26, csc=[111 137])
(29,97): [128 128] (em=76, csc=[131 128])
(29,98): [128 128] (em=69, csc=[128 128])
(29,99): [144 144] (em=18, csc=[128 128])
(29,100): [144 144] (em=3, csc=[128 128])
(29,101): [144 144] (em=0, csc=[128 128])
(29,102): [144 143] (em=0, csc=[128 127])
(29,103): [144 144] (em=0, csc=[128 128])
(29,104): [144 144] (em=0, csc=[128 128])
(29,105): [144 144] (em=8, csc=[128 128])
(29,106): [144 144] (em=18, csc=[128 128])
(29,107): [144 144] (em=29, csc=[128 128])
(29,108): [58 49] (em=51, csc=[118 133])
(29,109): [68 66] (em=41, csc=[126 130])
(29,110): [144 143] (em=24, csc=[132 126])
(29,111): [201 196] (em=-46, csc=[135 125])
(29,112): [128 128] (em=-150, csc=[148  87])
(29,113): [142 144] (em=-26, csc=[115 132])
(29,114): [59 54] (em=50, csc=[119 128])
(29,115): [144 144] (em=27, csc=[129 129])
(29,116): [144 144] (em=32, csc=[128 128])
(29,117): [144 144] (em=16, csc=[128 128])
(29,118): [144 144] (em=4, csc=[128 128])
(29,119): [144 144] (em=1, csc=[128 128])
(29,120): [144 144] (em=0, csc=[128 128])
(29,121): [144 144] (em=0, csc=[128 128])
(29,122): [144 144] (em=0, csc=[128 128])
(29,123): [144 144] (em=0, csc=[128 128])
(29,124): [144 144] (em=0, csc=[128 128])
(29,125): [144 144] (em=0, csc=[128 128])
(29,126): [128 128] (em=93, csc=[125 128])
(29,127): [128 128] (em=93, csc=[115 135])
(30,0): [128 128] (em=117, csc=[144 107])
(30,1): [147 140] (em=28, csc=[154  98])
(30,2): [128 128] (em=-134, csc=[142 125])
(30,3): [128 128] (em=-118, csc=[148  93])
(30,4): [35 49] (em=58, csc=[137 117])
(30,5): [128 128] (em=67, csc=[142 116])
(30,6): [145 142] (em=15, csc=[141 114])
(30,7): [146 141] (em=-3, csc=[145 109])
(30,8): [146 141] (em=-5, csc=[146 109])
(30,9): [146 141] (em=-2, csc=[146 107])
(30,10): [146 141] (em=-1, csc=[146 107])
(30,11): [146 141] (em=0, csc=[146 108])
(30,12): [146 141] (em=-1, csc=[147 107])
(30,13): [146 141] (em=-1, csc=[147 107])
(30,14): [146 141] (em=0, csc=[147 107])
(30,15): [146 141] (em=0, csc=[147 107])
(30,16): [146 141] (em=0, csc=[147 107])
(30,17): [146 141] (em=1, csc=[146 108])
(30,18): [146 141] (em=0, csc=[147 108])
(30,19): [146 141] (em=0, csc=[147 107])
(30,20): [146 141] (em=0, csc=[147 107])
(30,21): [146 141] (em=0, csc=[147 107])
(30,22): [146 141] (em=0, csc=[147 107])
(30,23): [146 141] (em=0, csc=[147 107])
(30,24): [146 141] (em=-1, csc=[147 106])
(30,25): [146 141] (em=0, csc=[147 106])
(30,26): [146 141] (em=0, csc=[147 107])
(30,27): [146 141] (em=-1, csc=[147 107])
(30,28): [146 141] (em=3, csc=[145 109])
(30,29): [70 85] (em=34, csc=[147 108])
(30,30): [128 128] (em=64, csc=[141 117])
(30,31): [146 142] (em=-20, csc=[149 113])
(30,32): [128 128] (em=-90, csc=[146 124])
(30,33): [128 128] (em=-69, csc=[134 115])
(30,34): [59 55] (em=47, csc=[127 133])
(30,35): [47 36] (em=55, csc=[126 143])
(30,36): [224 214] (em=-58, csc=[140 126])
(30,37): [212 203] (em=-56, csc=[127 113])
(30,38): [142 144] (em=-21, csc=[118 129])
(30,39): [143 144] (em=12, csc=[123 133])
(30,40): [144 144] (em=5, csc=[129 133])
(30,41): [144 144] (em=-26, csc=[128 128])
(30,42): [144 144] (em=-29, csc=[128 128])
(30,43): [144 144] (em=23, csc=[129 132])
(30,44): [144 144] (em=15, csc=[132 128])
(30,45): [145 142] (em=-16, csc=[138 112])
(30,46): [145 142] (em=-30, csc=[136 117])
(30,47): [143 143] (em=-14, csc=[121 120])
(30,48): [143 143] (em=-14, csc=[121 120])
(30,49): [144 144] (em=3, csc=[128 128])
(30,50): [128 128] (em=-71, csc=[149 124])
(30,51): [128 128] (em=-111, csc=[128 128])
(30,52): [143 143] (em=6, csc=[123 123])
(30,53): [128 128] (em=85, csc=[120 132])
(30,54): [60 60] (em=46, csc=[128 128])
(30,55): [72 72] (em=38, csc=[128 128])
(30,56): [128 128] (em=71, csc=[127 128])
(30,57): [62 66] (em=44, csc=[129 122])
(30,58): [128 128] (em=-94, csc=[137 108])
(30,59): [128 128] (em=-133, csc=[105 124])
(30,60): [143 143] (em=-5, csc=[123 126])
(30,61): [128 128] (em=83, csc=[127 125])
(30,62): [128 128] (em=99, csc=[125 128])
(30,63): [144 144] (em=-32, csc=[128 131])
(30,64): [128 128] (em=-171, csc=[149 124])
(30,65): [143 144] (em=3, csc=[127 130])
(30,66): [128 128] (em=71, csc=[136 125])
(30,67): [64 73] (em=40, csc=[138 119])
(30,68): [37 48] (em=58, csc=[134 119])
(30,69): [51 59] (em=49, csc=[135 121])
(30,70): [40 48] (em=57, csc=[133 120])
(30,71): [62 65] (em=44, csc=[129 124])
(30,72): [51 55] (em=51, csc=[129 123])
(30,73): [70 70] (em=39, csc=[128 128])
(30,74): [62 65] (em=44, csc=[129 124])
(30,75): [70 70] (em=39, csc=[128 128])
(30,76): [44 49] (em=55, csc=[131 123])
(30,77): [59 63] (em=45, csc=[131 125])
(30,78): [39 48] (em=57, csc=[134 120])
(30,79): [63 71] (em=41, csc=[136 119])
(30,80): [46 58] (em=51, csc=[138 118])
(30,81): [74 81] (em=34, csc=[137 118])
(30,82): [68 74] (em=38, csc=[136 122])
(30,83): [144 143] (em=5, csc=[128 121])
(30,84): [144 143] (em=-21, csc=[130 126])
(30,85): [139 146] (em=-32, csc=[ 91 147])
(30,86): [193 190] (em=-41, csc=[134 128])
(30,87): [144 142] (em=-22, csc=[132 114])
(30,88): [145 142] (em=23, csc=[137 119])
(30,89): [145 142] (em=22, csc=[141 113])
(30,90): [146 141] (em=17, csc=[146 111])
(30,91): [146 141] (em=3, csc=[145 107])
(30,92): [146 141] (em=24, csc=[148 111])
(30,93): [145 141] (em=9, csc=[140 106])
(30,94): [128 128] (em=-80, csc=[156  87])
(30,95): [128 128] (em=-116, csc=[113 109])
(30,96): [128 128] (em=-69, csc=[134 117])
(30,97): [128 128] (em=71, csc=[125 129])
(30,98): [128 128] (em=78, csc=[126 128])
(30,99): [70 70] (em=39, csc=[128 128])
(30,100): [144 144] (em=20, csc=[128 128])
(30,101): [144 144] (em=15, csc=[128 128])
(30,102): [144 143] (em=10, csc=[128 127])
(30,103): [144 144] (em=12, csc=[128 128])
(30,104): [144 144] (em=9, csc=[128 128])
(30,105): [144 144] (em=6, csc=[128 128])
(30,106): [144 144] (em=2, csc=[128 128])
(30,107): [143 144] (em=4, csc=[127 128])
(30,108): [144 144] (em=11, csc=[128 128])
(30,109): [144 144] (em=21, csc=[128 128])
(30,110): [71 72] (em=38, csc=[129 126])
(30,111): [144 143] (em=26, csc=[131 121])
(30,112): [49 50] (em=52, csc=[131 129])
(30,113): [143 144] (em=-13, csc=[125 128])
(30,114): [128 128] (em=-116, csc=[135 109])
(30,115): [213 227] (em=-62, csc=[116 135])
(30,116): [144 144] (em=22, csc=[128 134])
(30,117): [144 143] (em=28, csc=[128 124])
(30,118): [144 144] (em=30, csc=[128 128])
(30,119): [144 144] (em=9, csc=[128 128])
(30,120): [144 144] (em=1, csc=[128 128])
(30,121): [144 144] (em=0, csc=[128 128])
(30,122): [144 144] (em=0, csc=[128 128])
(30,123): [144 144] (em=0, csc=[128 128])
(30,124): [144 144] (em=0, csc=[128 128])
(30,125): [144 144] (em=0, csc=[128 128])
(30,126): [128 128] (em=93, csc=[128 128])
(30,127): [128 128] (em=93, csc=[122 128])
(31,0): [128 128] (em=168, csc=[131 119])
(31,1): [128 128] (em=137, csc=[135 116])
(31,2): [128 128] (em=-138, csc=[115 112])
(31,3): [128 128] (em=-128, csc=[156 123])
(31,4): [65 74] (em=40, csc=[136 117])
(31,5): [128 128] (em=77, csc=[137 116])
(31,6): [145 142] (em=21, csc=[142 116])
(31,7): [146 141] (em=-3, csc=[145 111])
(31,8): [146 141] (em=-7, csc=[147 108])
(31,9): [146 141] (em=-2, csc=[146 107])
(31,10): [146 141] (em=-2, csc=[147 107])
(31,11): [146 141] (em=0, csc=[146 107])
(31,12): [146 141] (em=-1, csc=[146 106])
(31,13): [146 141] (em=-1, csc=[147 107])
(31,14): [146 141] (em=0, csc=[147 107])
(31,15): [146 141] (em=0, csc=[147 107])
(31,16): [146 141] (em=0, csc=[147 107])
(31,17): [146 141] (em=1, csc=[146 108])
(31,18): [146 141] (em=0, csc=[147 108])
(31,19): [146 141] (em=0, csc=[146 107])
(31,20): [146 141] (em=0, csc=[146 107])
(31,21): [146 141] (em=0, csc=[147 107])
(31,22): [146 141] (em=0, csc=[147 107])
(31,23): [146 141] (em=0, csc=[147 107])
(31,24): [146 141] (em=0, csc=[146 107])
(31,25): [146 141] (em=0, csc=[147 107])
(31,26): [146 141] (em=-2, csc=[147 106])
(31,27): [146 141] (em=-2, csc=[147 107])
(31,28): [146 141] (em=-2, csc=[146 108])
(31,29): [146 141] (em=17, csc=[144 109])
(31,30): [27 45] (em=61, csc=[142 117])
(31,31): [59 68] (em=43, csc=[139 120])
(31,32): [128 128] (em=-113, csc=[144 102])
(31,33): [128 128] (em=-76, csc=[122 145])
(31,34): [128 128] (em=79, csc=[114 133])
(31,35): [128 128] (em=111, csc=[132 127])
(31,36): [33 31] (em=58, csc=[141 143])
(31,37): [195 209] (em=-47, csc=[121 146])
(31,38): [207 207] (em=-52, csc=[128 128])
(31,39): [144 144] (em=3, csc=[128 135])
(31,40): [143 144] (em=12, csc=[126 131])
(31,41): [144 144] (em=-17, csc=[128 128])
(31,42): [143 145] (em=5, csc=[123 140])
(31,43): [74 74] (em=36, csc=[130 130])
(31,44): [144 144] (em=27, csc=[131 129])
(31,45): [144 142] (em=-10, csc=[134 118])
(31,46): [144 142] (em=-15, csc=[132 115])
(31,47): [144 144] (em=-15, csc=[128 128])
(31,48): [142 145] (em=19, csc=[116 137])
(31,49): [143 145] (em=-28, csc=[124 137])
(31,50): [128 128] (em=-86, csc=[118 115])
(31,51): [182 187] (em=-40, csc=[115 125])
(31,52): [69 71] (em=40, csc=[126 123])
(31,53): [46 47] (em=55, csc=[128 127])
(31,54): [144 144] (em=21, csc=[128 128])
(31,55): [144 144] (em=10, csc=[128 128])
(31,56): [61 61] (em=45, csc=[128 128])
(31,57): [128 128] (em=86, csc=[128 128])
(31,58): [43 40] (em=60, csc=[122 126])
(31,59): [128 128] (em=-103, csc=[118 156])
(31,60): [128 128] (em=-137, csc=[112 121])
(31,61): [58 54] (em=49, csc=[122 129])
(31,62): [128 128] (em=114, csc=[128 128])
(31,63): [53 60] (em=47, csc=[137 125])
(31,64): [144 143] (em=-24, csc=[130 123])
(31,65): [128 128] (em=-111, csc=[143 120])
(31,66): [128 128] (em=-143, csc=[163  91])
(31,67): [128 128] (em=-113, csc=[160 101])
(31,68): [128 128] (em=-144, csc=[160  96])
(31,69): [128 128] (em=-102, csc=[156 103])
(31,70): [128 128] (em=-157, csc=[157  84])
(31,71): [217 202] (em=-53, csc=[142 119])
(31,72): [185 181] (em=-38, csc=[127 118])
(31,73): [145 144] (em=-20, csc=[136 128])
(31,74): [143 143] (em=-23, csc=[127 123])
(31,75): [145 143] (em=-31, csc=[140 125])
(31,76): [128 128] (em=-91, csc=[144 106])
(31,77): [128 128] (em=-76, csc=[150 118])
(31,78): [128 128] (em=-146, csc=[157  89])
(31,79): [128 128] (em=-87, csc=[155 105])
(31,80): [128 128] (em=-127, csc=[160  91])
(31,81): [128 128] (em=-99, csc=[162  95])
(31,82): [128 128] (em=-121, csc=[163  94])
(31,83): [237 206] (em=-61, csc=[152 109])
(31,84): [208 189] (em=-48, csc=[142 108])
(31,85): [145 143] (em=-10, csc=[140 124])
(31,86): [144 143] (em=24, csc=[133 120])
(31,87): [145 142] (em=25, csc=[138 115])
(31,88): [145 142] (em=26, csc=[140 116])
(31,89): [145 142] (em=19, csc=[139 112])
(31,90): [145 142] (em=17, csc=[142 114])
(31,91): [145 142] (em=18, csc=[139 113])
(31,92): [71 81] (em=35, csc=[141 115])
(31,93): [56 68] (em=45, csc=[137 114])
(31,94): [128 128] (em=75, csc=[133 117])
(31,95): [145 142] (em=2, csc=[136 116])
(31,96): [128 128] (em=-111, csc=[142 107])
(31,97): [128 128] (em=-65, csc=[126 129])
(31,98): [144 144] (em=32, csc=[131 130])
(31,99): [128 128] (em=73, csc=[129 130])
(31,100): [128 128] (em=66, csc=[118 133])
(31,101): [142 144] (em=17, csc=[118 133])
(31,102): [143 144] (em=-8, csc=[127 128])
(31,103): [143 144] (em=0, csc=[126 129])
(31,104): [143 143] (em=17, csc=[125 127])
(31,105): [143 143] (em=31, csc=[126 127])
(31,106): [144 144] (em=12, csc=[128 128])
(31,107): [144 144] (em=1, csc=[128 128])
(31,108): [144 144] (em=0, csc=[128 128])
(31,109): [144 144] (em=2, csc=[128 128])
(31,110): [144 143] (em=3, csc=[128 126])
(31,111): [144 144] (em=11, csc=[128 128])
(31,112): [144 144] (em=31, csc=[128 128])
(31,113): [70 70] (em=39, csc=[129 128])
(31,114): [70 65] (em=42, csc=[118 130])
(31,115): [194 217] (em=-53, csc=[105 143])
(31,116): [128 128] (em=-140, csc=[142 113])
(31,117): [144 144] (em=-12, csc=[132 128])
(31,118): [58 58] (em=48, csc=[125 126])
(31,119): [144 144] (em=30, csc=[128 128])
(31,120): [144 144] (em=7, csc=[128 128])
(31,121): [144 144] (em=0, csc=[128 128])
(31,122): [144 144] (em=0, csc=[128 128])
(31,123): [144 144] (em=0, csc=[128 128])
(31,124): [144 144] (em=0, csc=[128 128])
(31,125): [144 144] (em=0, csc=[128 128])
(31,126): [128 128] (em=93, csc=[125 128])
(31,127): [128 128] (em=93, csc=[115 135])
(32,0): [128 128] (em=133, csc=[134 115])
(32,1): [128 128] (em=163, csc=[131 124])
(32,2): [128 128] (em=-83, csc=[130 120])
(32,3): [128 128] (em=-147, csc=[116 113])
(32,4): [144 142] (em=-19, csc=[135 118])
(32,5): [128 128] (em=77, csc=[134 122])
(32,6): [64 74] (em=40, csc=[138 117])
(32,7): [146 141] (em=-2, csc=[145 110])
(32,8): [146 141] (em=-6, csc=[146 109])
(32,9): [146 141] (em=-3, csc=[147 107])
(32,10): [146 141] (em=-1, csc=[147 107])
(32,11): [146 141] (em=-1, csc=[147 106])
(32,12): [146 141] (em=-1, csc=[146 106])
(32,13): [146 141] (em=-1, csc=[146 106])
(32,14): [146 141] (em=0, csc=[147 107])
(32,15): [146 141] (em=0, csc=[147 107])
(32,16): [146 141] (em=1, csc=[147 108])
(32,17): [146 141] (em=0, csc=[147 108])
(32,18): [146 141] (em=0, csc=[146 107])
(32,19): [146 141] (em=0, csc=[146 107])
(32,20): [146 141] (em=0, csc=[146 107])
(32,21): [146 141] (em=0, csc=[147 107])
(32,22): [146 141] (em=0, csc=[147 107])
(32,23): [146 141] (em=0, csc=[146 107])
(32,24): [146 141] (em=0, csc=[147 107])
(32,25): [146 141] (em=0, csc=[147 107])
(32,26): [146 141] (em=0, csc=[147 108])
(32,27): [146 141] (em=-2, csc=[147 107])
(32,28): [146 141] (em=-4, csc=[146 108])
(32,29): [146 141] (em=2, csc=[145 109])
(32,30): [40 54] (em=55, csc=[138 115])
(32,31): [128 128] (em=65, csc=[134 121])
(32,32): [145 142] (em=-26, csc=[136 117])
(32,33): [128 128] (em=-89, csc=[107 131])
(32,34): [184 179] (em=-39, csc=[121 111])
(32,35): [128 128] (em=103, csc=[127 125])
(32,36): [128 128] (em=135, csc=[126 131])
(32,37): [49 51] (em=50, csc=[136 132])
(32,38): [128 128] (em=-93, csc=[145 125])
(32,39): [128 128] (em=-64, csc=[128 128])
(32,40): [145 143] (em=-24, csc=[137 126])
(32,41): [147 143] (em=-21, csc=[152 124])
(32,42): [146 143] (em=-9, csc=[145 125])
(32,43): [145 141] (em=-12, csc=[140 108])
(32,44): [146 143] (em=-7, csc=[146 124])
(32,45): [146 142] (em=-16, csc=[145 113])
(32,46): [145 143] (em=-22, csc=[140 126])
(32,47): [195 184] (em=-38, csc=[148 124])
(32,48): [220 208] (em=-54, csc=[145 125])
(32,49): [142 147] (em=-32, csc=[117 158])
(32,50): [143 143] (em=-28, csc=[124 121])
(32,51): [143 143] (em=30, csc=[124 123])
(32,52): [44 43] (em=57, csc=[127 128])
(32,53): [79 79] (em=33, csc=[128 128])
(32,54): [144 144] (em=27, csc=[128 128])
(32,55): [76 76] (em=35, csc=[128 128])
(32,56): [41 45] (em=57, csc=[131 125])
(32,57): [128 128] (em=70, csc=[135 121])
(32,58): [145 142] (em=15, csc=[137 117])
(32,59): [128 128] (em=-157, csc=[112 108])
(32,60): [128 128] (em=-156, csc=[149 124])
(32,61): [144 144] (em=25, csc=[129 128])
(32,62): [128 128] (em=83, csc=[128 128])
(32,63): [61 61] (em=45, csc=[128 128])
(32,64): [66 67] (em=41, csc=[130 127])
(32,65): [145 142] (em=21, csc=[138 118])
(32,66): [145 142] (em=24, csc=[141 115])
(32,67): [68 78] (em=37, csc=[139 116])
(32,68): [50 61] (em=48, csc=[140 119])
(32,69): [145 142] (em=13, csc=[138 117])
(32,70): [144 143] (em=22, csc=[135 125])
(32,71): [143 143] (em=-16, csc=[126 124])
(32,72): [143 144] (em=-19, csc=[126 132])
(32,73): [171 181] (em=-33, csc=[111 136])
(32,74): [143 144] (em=-12, csc=[125 135])
(32,75): [143 144] (em=-24, csc=[125 128])
(32,76): [144 144] (em=6, csc=[134 130])
(32,77): [144 143] (em=-7, csc=[135 121])
(32,78): [145 143] (em=30, csc=[139 122])
(32,79): [145 142] (em=23, csc=[139 114])
(32,80): [146 141] (em=27, csc=[147 109])
(32,81): [146 140] (em=6, csc=[148 103])
(32,82): [147 140] (em=10, csc=[152 102])
(32,83): [146 141] (em=21, csc=[149 107])
(32,84): [146 141] (em=30, csc=[146 111])
(32,85): [146 142] (em=21, csc=[146 114])
(32,86): [145 142] (em=21, csc=[141 114])
(32,87): [145 142] (em=13, csc=[143 115])
(32,88): [145 142] (em=6, csc=[141 112])
(32,89): [146 142] (em=2, csc=[144 112])
(32,90): [145 142] (em=4, csc=[142 112])
(32,91): [146 142] (em=3, csc=[144 113])
(32,92): [145 142] (em=4, csc=[141 113])
(32,93): [145 142] (em=13, csc=[143 114])
(32,94): [60 70] (em=43, csc=[136 115])
(32,95): [47 63] (em=50, csc=[139 112])
(32,96): [145 142] (em=0, csc=[141 112])
(32,97): [128 128] (em=-109, csc=[142 103])
(32,98): [128 128] (em=-117, csc=[128 128])
(32,99): [139 146] (em=-5, csc=[ 89 145])
(32,100): [141 145] (em=11, csc=[109 143])
(32,101): [139 146] (em=-16, csc=[ 89 144])
(32,102): [128 128] (em=-69, csc=[128 138])
(32,103): [128 128] (em=-124, csc=[105 132])
(32,104): [143 144] (em=-18, csc=[123 132])
(32,105): [57 56] (em=49, csc=[124 126])
(32,106): [79 79] (em=33, csc=[128 128])
(32,107): [144 144] (em=5, csc=[128 128])
(32,108): [144 144] (em=0, csc=[128 128])
(32,109): [144 144] (em=0, csc=[128 128])
(32,110): [144 144] (em=0, csc=[128 128])
(32,111): [144 144] (em=0, csc=[128 128])
(32,112): [144 144] (em=4, csc=[128 128])
(32,113): [144 144] (em=18, csc=[128 128])
(32,114): [36 36] (em=62, csc=[128 128])
(32,115): [71 71] (em=39, csc=[126 126])
(32,116): [128 128] (em=-106, csc=[142 128])
(32,117): [128 128] (em=-119, csc=[126 127])
(32,118): [144 143] (em=17, csc=[130 126])
(32,119): [52 52] (em=51, csc=[128 128])
(32,120): [144 144] (em=14, csc=[128 128])
(32,121): [144 144] (em=0, csc=[128 128])
(32,122): [144 144] (em=0, csc=[128 128])
(32,123): [144 144] (em=0, csc=[128 128])
(32,124): [144 144] (em=0, csc=[128 128])
(32,125): [144 144] (em=0, csc=[128 128])
(32,126): [128 128] (em=93, csc=[128 128])
(32,127): [128 128] (em=93, csc=[122 128])
(33,0): [128 128] (em=134, csc=[128 125])
(33,1): [128 128] (em=178, csc=[129 124])
(33,2): [143 144] (em=16, csc=[121 131])
(33,3): [128 128] (em=-136, csc=[124 137])
(33,4): [208 203] (em=-53, csc=[128 120])
(33,5): [128 128] (em=68, csc=[135 119])
(33,6): [34 48] (em=58, csc=[139 119])
(33,7): [146 141] (em=3, csc=[144 111])
(33,8): [146 141] (em=-8, csc=[146 109])
(33,9): [146 141] (em=-3, csc=[146 107])
(33,10): [146 141] (em=-1, csc=[146 106])
(33,11): [146 141] (em=-1, csc=[146 106])
(33,12): [146 141] (em=0, csc=[146 106])
(33,13): [146 141] (em=0, csc=[146 106])
(33,14): [146 141] (em=0, csc=[147 107])
(33,15): [146 141] (em=0, csc=[147 107])
(33,16): [146 141] (em=0, csc=[147 107])
(33,17): [146 141] (em=0, csc=[147 108])
(33,18): [146 141] (em=0, csc=[146 108])
(33,19): [146 141] (em=0, csc=[146 107])
(33,20): [146 141] (em=0, csc=[146 107])
(33,21): [146 141] (em=0, csc=[146 107])
(33,22): [146 141] (em=0, csc=[146 107])
(33,23): [146 141] (em=1, csc=[146 108])
(33,24): [146 141] (em=1, csc=[146 108])
(33,25): [146 141] (em=1, csc=[146 108])
(33,26): [146 141] (em=0, csc=[147 107])
(33,27): [146 141] (em=-1, csc=[146 107])
(33,28): [146 141] (em=-5, csc=[146 108])
(33,29): [146 141] (em=0, csc=[145 109])
(33,30): [67 79] (em=37, csc=[141 115])
(33,31): [38 52] (em=57, csc=[135 115])
(33,32): [144 142] (em=-2, csc=[130 119])
(33,33): [128 128] (em=-109, csc=[140 126])
(33,34): [128 128] (em=-123, csc=[118 115])
(33,35): [143 142] (em=24, csc=[124 116])
(33,36): [128 128] (em=109, csc=[134 122])
(33,37): [128 128] (em=103, csc=[134 124])
(33,38): [144 144] (em=14, csc=[132 130])
(33,39): [128 128] (em=-106, csc=[136 138])
(33,40): [128 128] (em=-95, csc=[121 120])
(33,41): [194 195] (em=-43, csc=[130 131])
(33,42): [128 128] (em=-70, csc=[128 128])
(33,43): [184 195] (em=-39, csc=[121 146])
(33,44): [128 128] (em=-73, csc=[114 111])
(33,45): [128 128] (em=-86, csc=[142 109])
(33,46): [128 128] (em=-92, csc=[138 110])
(33,47): [128 128] (em=-76, csc=[142 110])
(33,48): [146 142] (em=-27, csc=[145 115])
(33,49): [77 81] (em=33, csc=[132 124])
(33,50): [48 47] (em=55, csc=[125 127])
(33,51): [58 59] (em=47, csc=[128 127])
(33,52): [58 58] (em=47, csc=[128 128])
(33,53): [63 63] (em=44, csc=[128 128])
(33,54): [52 43] (em=55, csc=[118 132])
(33,55): [143 144] (em=5, csc=[127 133])
(33,56): [215 204] (em=-55, csc=[134 117])
(33,57): [128 128] (em=-87, csc=[137 118])
(33,58): [128 128] (em=-146, csc=[160 103])
(33,59): [128 128] (em=-83, csc=[145 118])
(33,60): [144 143] (em=-6, csc=[129 121])
(33,61): [64 66] (em=42, csc=[131 127])
(33,62): [63 63] (em=44, csc=[128 128])
(33,63): [144 144] (em=14, csc=[128 128])
(33,64): [144 144] (em=8, csc=[128 128])
(33,65): [144 144] (em=9, csc=[128 128])
(33,66): [144 144] (em=16, csc=[128 128])
(33,67): [144 144] (em=17, csc=[128 128])
(33,68): [144 144] (em=24, csc=[128 128])
(33,69): [144 144] (em=24, csc=[128 128])
(33,70): [144 144] (em=28, csc=[128 128])
(33,71): [143 144] (em=29, csc=[122 130])
(33,72): [143 144] (em=30, csc=[121 129])
(33,73): [142 144] (em=31, csc=[118 134])
(33,74): [143 144] (em=30, csc=[122 128])
(33,75): [143 144] (em=31, csc=[120 132])
(33,76): [143 144] (em=30, csc=[127 128])
(33,77): [143 144] (em=31, csc=[126 129])
(33,78): [73 73] (em=37, csc=[128 129])
(33,79): [144 143] (em=31, csc=[130 123])
(33,80): [145 142] (em=19, csc=[137 119])
(33,81): [145 142] (em=-10, csc=[136 113])
(33,82): [146 141] (em=-13, csc=[145 106])
(33,83): [146 141] (em=-7, csc=[145 108])
(33,84): [146 141] (em=-1, csc=[150 106])
(33,85): [146 141] (em=0, csc=[147 108])
(33,86): [146 141] (em=-3, csc=[148 107])
(33,87): [146 141] (em=-4, csc=[146 108])
(33,88): [146 141] (em=-5, csc=[146 107])
(33,89): [146 141] (em=-4, csc=[146 108])
(33,90): [146 141] (em=-4, csc=[146 108])
(33,91): [146 141] (em=0, csc=[146 109])
(33,92): [146 141] (em=-4, csc=[146 109])
(33,93): [146 141] (em=-1, csc=[147 109])
(33,94): [146 141] (em=4, csc=[146 110])
(33,95): [40 62] (em=53, csc=[142 107])
(33,96): [30 52] (em=59, csc=[143 111])
(33,97): [146 142] (em=-7, csc=[144 112])
(33,98): [128 128] (em=-110, csc=[124 106])
(33,99): [128 128] (em=-82, csc=[128 128])
(33,100): [61 42] (em=53, csc=[109 139])
(33,101): [128 128] (em=114, csc=[126 129])
(33,102): [64 62] (em=44, csc=[126 129])
(33,103): [128 128] (em=-96, csc=[120 151])
(33,104): [128 128] (em=-96, csc=[ 96 136])
(33,105): [63 57] (em=46, csc=[122 132])
(33,106): [36 36] (em=62, csc=[128 128])
(33,107): [144 144] (em=10, csc=[128 128])
(33,108): [144 144] (em=0, csc=[128 128])
(33,109): [144 144] (em=0, csc=[128 128])
(33,110): [144 144] (em=0, csc=[128 128])
(33,111): [144 144] (em=0, csc=[128 128])
(33,112): [144 144] (em=0, csc=[128 128])
(33,113): [144 144] (em=4, csc=[128 128])
(33,114): [58 58] (em=47, csc=[128 128])
(33,115): [128 128] (em=67, csc=[125 128])
(33,116): [206 210] (em=-55, csc=[121 127])
(33,117): [128 128] (em=-119, csc=[117 157])
(33,118): [144 143] (em=4, csc=[130 126])
(33,119): [128 128] (em=73, csc=[127 127])
(33,120): [144 144] (em=20, csc=[128 128])
(33,121): [144 144] (em=0, csc=[128 128])
(33,122): [144 144] (em=0, csc=[128 128])
(33,123): [144 144] (em=0, csc=[128 128])
(33,124): [144 144] (em=0, csc=[128 128])
(33,125): [144 144] (em=0, csc=[128 128])
(33,126): [128 128] (em=93, csc=[125 128])
(33,127): [128 128] (em=93, csc=[115 135])
(34,0): [128 128] (em=94, csc=[134 117])
(34,1): [128 128] (em=167, csc=[128 126])
(34,2): [63 64] (em=44, csc=[128 126])
(34,3): [128 128] (em=-159, csc=[133 113])
(34,4): [128 128] (em=-148, csc=[163 122])
(34,5): [47 56] (em=52, csc=[134 119])
(34,6): [128 128] (em=70, csc=[137 115])
(34,7): [146 141] (em=9, csc=[146 110])
(34,8): [146 141] (em=-5, csc=[146 110])
(34,9): [146 141] (em=-1, csc=[146 108])
(34,10): [146 141] (em=-2, csc=[146 107])
(34,11): [146 141] (em=0, csc=[145 106])
(34,12): [146 141] (em=0, csc=[146 106])
(34,13): [146 141] (em=0, csc=[146 106])
(34,14): [146 141] (em=0, csc=[146 107])
(34,15): [146 141] (em=1, csc=[146 108])
(34,16): [146 141] (em=0, csc=[147 108])
(34,17): [146 141] (em=0, csc=[146 107])
(34,18): [146 141] (em=0, csc=[146 107])
(34,19): [146 141] (em=-2, csc=[146 106])
(34,20): [146 141] (em=0, csc=[146 107])
(34,21): [146 141] (em=0, csc=[146 107])
(34,22): [146 141] (em=0, csc=[146 108])
(34,23): [146 141] (em=0, csc=[146 108])
(34,24): [146 141] (em=0, csc=[146 108])
(34,25): [146 141] (em=0, csc=[146 108])
(34,26): [146 141] (em=-1, csc=[146 106])
(34,27): [146 141] (em=0, csc=[146 106])
(34,28): [146 141] (em=-3, csc=[146 106])
(34,29): [146 141] (em=0, csc=[146 107])
(34,30): [145 142] (em=30, csc=[140 113])
(34,31): [39 54] (em=56, csc=[137 114])
(34,32): [145 141] (em=6, csc=[138 110])
(34,33): [128 128] (em=-88, csc=[140 108])
(34,34): [128 128] (em=-115, csc=[128 128])
(34,35): [128 128] (em=-117, csc=[146  97])
(34,36): [128 128] (em=65, csc=[126 126])
(34,37): [128 128] (em=111, csc=[128 129])
(34,38): [128 128] (em=70, csc=[123 130])
(34,39): [144 143] (em=13, csc=[131 127])
(34,40): [143 143] (em=22, csc=[126 127])
(34,41): [68 61] (em=44, csc=[118 131])
(34,42): [66 56] (em=46, csc=[115 134])
(34,43): [141 146] (em=28, csc=[104 150])
(34,44): [56 43] (em=54, csc=[115 135])
(34,45): [54 44] (em=54, csc=[118 134])
(34,46): [61 59] (em=47, csc=[122 126])
(34,47): [46 48] (em=54, csc=[130 128])
(34,48): [128 128] (em=64, csc=[128 125])
(34,49): [36 36] (em=62, csc=[128 128])
(34,50): [128 128] (em=66, csc=[128 125])
(34,51): [51 56] (em=51, csc=[130 122])
(34,52): [70 75] (em=37, csc=[136 124])
(34,53): [144 143] (em=-13, csc=[131 120])
(34,54): [128 128] (em=-70, csc=[136 129])
(34,55): [128 128] (em=-64, csc=[103 158])
(34,56): [192 190] (em=-41, csc=[133 128])
(34,57): [144 142] (em=-1, csc=[131 119])
(34,58): [144 143] (em=28, csc=[135 123])
(34,59): [144 143] (em=31, csc=[135 120])
(34,60): [65 66] (em=42, csc=[129 126])
(34,61): [144 144] (em=26, csc=[128 128])
(34,62): [144 143] (em=11, csc=[128 126])
(34,63): [144 144] (em=2, csc=[128 128])
(34,64): [144 144] (em=0, csc=[128 128])
(34,65): [144 144] (em=0, csc=[128 128])
(34,66): [144 144] (em=0, csc=[128 128])
(34,67): [144 144] (em=0, csc=[128 128])
(34,68): [144 144] (em=0, csc=[128 128])
(34,69): [143 144] (em=0, csc=[127 128])
(34,70): [144 144] (em=1, csc=[128 128])
(34,71): [143 144] (em=0, csc=[127 128])
(34,72): [144 144] (em=1, csc=[128 128])
(34,73): [143 144] (em=0, csc=[126 128])
(34,74): [144 144] (em=0, csc=[128 128])
(34,75): [143 144] (em=0, csc=[126 128])
(34,76): [144 144] (em=0, csc=[128 128])
(34,77): [143 144] (em=2, csc=[126 128])
(34,78): [144 144] (em=6, csc=[128 128])
(34,79): [144 144] (em=16, csc=[128 128])
(34,80): [144 143] (em=20, csc=[130 124])
(34,81): [144 142] (em=7, csc=[135 119])
(34,82): [145 142] (em=-12, csc=[140 114])
(34,83): [145 141] (em=-15, csc=[143 110])
(34,84): [146 141] (em=-3, csc=[146 110])
(34,85): [146 141] (em=-2, csc=[147 109])
(34,86): [146 141] (em=0, csc=[146 108])
(34,87): [146 141] (em=-1, csc=[146 107])
(34,88): [146 141] (em=-1, csc=[146 107])
(34,89): [146 141] (em=0, csc=[146 107])
(34,90): [146 141] (em=0, csc=[146 107])
(34,91): [146 141] (em=-1, csc=[147 106])
(34,92): [146 141] (em=-1, csc=[147 108])
(34,93): [146 141] (em=-2, csc=[148 108])
(34,94): [146 141] (em=7, csc=[145 111])
(34,95): [45 68] (em=48, csc=[149 108])
(34,96): [128 128] (em=70, csc=[140 117])
(34,97): [128 128] (em=-84, csc=[159  90])
(34,98): [128 128] (em=-116, csc=[140 126])
(34,99): [128 128] (em=-89, csc=[134 115])
(34,100): [128 128] (em=65, csc=[123 121])
(34,101): [128 128] (em=141, csc=[131 125])
(34,102): [128 128] (em=68, csc=[131 127])
(34,103): [128 128] (em=-157, csc=[149 106])
(34,104): [128 128] (em=-172, csc=[151 124])
(34,105): [59 55] (em=47, csc=[126 133])
(34,106): [128 128] (em=65, csc=[128 128])
(34,107): [144 143] (em=11, csc=[128 127])
(34,108): [144 144] (em=0, csc=[128 128])
(34,109): [144 144] (em=0, csc=[128 128])
(34,110): [144 144] (em=0, csc=[128 128])
(34,111): [144 144] (em=0, csc=[128 128])
(34,112): [144 144] (em=0, csc=[128 128])
(34,113): [144 144] (em=3, csc=[128 128])
(34,114): [64 64] (em=43, csc=[128 128])
(34,115): [128 128] (em=77, csc=[122 134])
(34,116): [211 216] (em=-56, csc=[126 134])
(34,117): [128 128] (em=-195, csc=[114 111])
(34,118): [144 143] (em=0, csc=[131 125])
(34,119): [128 128] (em=76, csc=[128 128])
(34,120): [144 144] (em=21, csc=[128 128])
(34,121): [144 144] (em=0, csc=[128 128])
(34,122): [144 144] (em=0, csc=[128 128])
(34,123): [144 144] (em=0, csc=[128 128])
(34,124): [144 144] (em=0, csc=[128 128])
(34,125): [144 144] (em=0, csc=[128 128])
(34,126): [128 128] (em=93, csc=[128 128])
(34,127): [128 128] (em=93, csc=[122 128])
(35,0): [128 128] (em=100, csc=[129 123])
(35,1): [128 128] (em=149, csc=[128 128])
(35,2): [128 128] (em=81, csc=[131 122])
(35,3): [195 195] (em=-45, csc=[127 126])
(35,4): [128 128] (em=-144, csc=[128 128])
(35,5): [145 142] (em=-20, csc=[137 114])
(35,6): [128 128] (em=65, csc=[142 111])
(35,7): [145 141] (em=32, csc=[143 108])
(35,8): [146 141] (em=-2, csc=[146 108])
(35,9): [146 141] (em=-2, csc=[146 108])
(35,10): [146 141] (em=-1, csc=[145 108])
(35,11): [146 141] (em=0, csc=[146 107])
(35,12): [146 141] (em=0, csc=[145 107])
(35,13): [146 141] (em=0, csc=[146 108])
(35,14): [146 141] (em=0, csc=[146 108])
(35,15): [146 141] (em=1, csc=[146 108])
(35,16): [146 141] (em=0, csc=[147 107])
(35,17): [146 141] (em=0, csc=[146 107])
(35,18): [146 141] (em=-2, csc=[146 106])
(35,19): [146 141] (em=-3, csc=[145 107])
(35,20): [146 141] (em=0, csc=[145 106])
(35,21): [146 141] (em=3, csc=[145 108])
(35,22): [146 141] (em=3, csc=[145 108])
(35,23): [146 141] (em=0, csc=[146 108])
(35,24): [146 141] (em=0, csc=[146 107])
(35,25): [146 141] (em=0, csc=[146 107])
(35,26): [146 141] (em=-1, csc=[146 105])
(35,27): [146 141] (em=-2, csc=[146 105])
(35,28): [146 141] (em=-5, csc=[147 104])
(35,29): [146 141] (em=-4, csc=[146 106])
(35,30): [146 141] (em=8, csc=[145 109])
(35,31): [145 141] (em=32, csc=[141 109])
(35,32): [61 74] (em=42, csc=[138 110])
(35,33): [145 141] (em=6, csc=[143 109])
(35,34): [128 128] (em=-109, csc=[168 121])
(35,35): [128 128] (em=-107, csc=[146 124])
(35,36): [143 145] (em=31, csc=[124 143])
(35,37): [128 128] (em=99, csc=[126 132])
(35,38): [128 128] (em=70, csc=[128 128])
(35,39): [70 70] (em=39, csc=[128 127])
(35,40): [73 73] (em=37, csc=[128 128])
(35,41): [69 65] (em=42, csc=[121 129])
(35,42): [68 66] (em=42, csc=[123 128])
(35,43): [65 54] (em=47, csc=[115 136])
(35,44): [64 59] (em=46, csc=[120 129])
(35,45): [54 41] (em=56, csc=[113 134])
(35,46): [61 52] (em=49, csc=[118 133])
(35,47): [57 50] (em=51, csc=[120 131])
(35,48): [70 67] (em=40, csc=[125 132])
(35,49): [143 143] (em=19, csc=[127 127])
(35,50): [144 143] (em=-7, csc=[129 121])
(35,51): [199 188] (em=-42, csc=[143 121])
(35,52): [128 128] (em=-157, csc=[166  98])
(35,53): [128 128] (em=-113, csc=[144 122])
(35,54): [201 196] (em=-47, csc=[131 122])
(35,55): [144 144] (em=19, csc=[128 134])
(35,56): [43 33] (em=61, csc=[120 133])
(35,57): [73 73] (em=37, csc=[127 128])
(35,58): [144 144] (em=23, csc=[128 128])
(35,59): [144 144] (em=13, csc=[128 128])
(35,60): [144 144] (em=6, csc=[128 128])
(35,61): [144 144] (em=3, csc=[128 128])
(35,62): [144 144] (em=0, csc=[128 128])
(35,63): [144 144] (em=0, csc=[128 128])
(35,64): [144 144] (em=0, csc=[128 128])
(35,65): [144 144] (em=1, csc=[128 128])
(35,66): [144 143] (em=3, csc=[128 126])
(35,67): [144 144] (em=2, csc=[128 128])
(35,68): [144 143] (em=5, csc=[128 126])
(35,69): [144 144] (em=4, csc=[128 128])
(35,70): [144 143] (em=7, csc=[128 126])
(35,71): [144 144] (em=3, csc=[128 128])
(35,72): [144 143] (em=3, csc=[128 125])
(35,73): [144 144] (em=1, csc=[128 128])
(35,74): [144 144] (em=1, csc=[128 128])
(35,75): [144 144] (em=0, csc=[128 128])
(35,76): [144 144] (em=0, csc=[128 128])
(35,77): [144 144] (em=0, csc=[128 128])
(35,78): [144 144] (em=1, csc=[128 128])
(35,79): [144 143] (em=6, csc=[128 127])
(35,80): [144 143] (em=16, csc=[128 126])
(35,81): [144 143] (em=20, csc=[130 123])
(35,82): [145 142] (em=1, csc=[136 119])
(35,83): [145 142] (em=-19, csc=[142 114])
(35,84): [146 141] (em=-15, csc=[147 108])
(35,85): [146 141] (em=-3, csc=[146 109])
(35,86): [146 141] (em=0, csc=[145 108])
(35,87): [146 141] (em=0, csc=[145 108])
(35,88): [146 141] (em=0, csc=[146 108])
(35,89): [146 141] (em=0, csc=[146 107])
(35,90): [146 141] (em=-2, csc=[146 107])
(35,91): [146 141] (em=-4, csc=[146 107])
(35,92): [146 141] (em=-5, csc=[146 106])
(35,93): [146 141] (em=0, csc=[146 108])
(35,94): [146 141] (em=7, csc=[147 108])
(35,95): [39 62] (em=53, csc=[144 106])
(35,96): [61 78] (em=39, csc=[148 110])
(35,97): [147 141] (em=-30, csc=[154 111])
(35,98): [128 128] (em=-101, csc=[156 123])
(35,99): [144 143] (em=17, csc=[129 122])
(35,100): [128 128] (em=82, csc=[120 124])
(35,101): [128 128] (em=67, csc=[124 126])
(35,102): [227 213] (em=-62, csc=[136 116])
(35,103): [128 128] (em=-124, csc=[141 142])
(35,104): [145 143] (em=-25, csc=[136 125])
(35,105): [42 45] (em=56, csc=[132 127])
(35,106): [63 63] (em=44, csc=[128 128])
(35,107): [144 144] (em=6, csc=[128 128])
(35,108): [144 144] (em=0, csc=[128 128])
(35,109): [144 144] (em=0, csc=[128 128])
(35,110): [144 144] (em=0, csc=[128 128])
(35,111): [144 144] (em=0, csc=[128 128])
(35,112): [144 144] (em=0, csc=[128 128])
(35,113): [144 144] (em=2, csc=[128 128])
(35,114): [64 64] (em=43, csc=[128 128])
(35,115): [128 128] (em=72, csc=[121 131])
(35,116): [128 128] (em=-79, csc=[121 125])
(35,117): [128 128] (em=-128, csc=[139 149])
(35,118): [144 143] (em=6, csc=[128 124])
(35,119): [128 128] (em=85, csc=[126 128])
(35,120): [144 144] (em=23, csc=[128 128])
(35,121): [144 144] (em=0, csc=[128 128])
(35,122): [144 144] (em=0, csc=[128 128])
(35,123): [144 144] (em=0, csc=[128 128])
(35,124): [144 144] (em=0, csc=[128 128])
(35,125): [144 144] (em=0, csc=[128 128])
(35,126): [128 128] (em=93, csc=[125 128])
(35,127): [128 128] (em=93, csc=[115 135])
(36,0): [128 128] (em=70, csc=[137 116])
(36,1): [128 128] (em=117, csc=[129 124])
(36,2): [128 128] (em=83, csc=[127 128])
(36,3): [78 78] (em=34, csc=[127 127])
(36,4): [128 128] (em=-159, csc=[153 123])
(36,5): [128 128] (em=-143, csc=[147  94])
(36,6): [65 75] (em=39, csc=[140 116])
(36,7): [40 58] (em=53, csc=[143 113])
(36,8): [145 141] (em=15, csc=[143 111])
(36,9): [146 141] (em=-2, csc=[146 108])
(36,10): [146 141] (em=-2, csc=[146 108])
(36,11): [146 141] (em=-1, csc=[146 107])
(36,12): [146 141] (em=0, csc=[146 107])
(36,13): [146 141] (em=-1, csc=[146 107])
(36,14): [146 141] (em=0, csc=[146 108])
(36,15): [146 141] (em=0, csc=[146 108])
(36,16): [146 141] (em=1, csc=[146 108])
(36,17): [146 141] (em=0, csc=[145 108])
(36,18): [146 141] (em=-3, csc=[146 106])
(36,19): [146 141] (em=-2, csc=[145 106])
(36,20): [146 141] (em=0, csc=[145 107])
(36,21): [146 141] (em=4, csc=[144 108])
(36,22): [146 141] (em=2, csc=[145 108])
(36,23): [146 141] (em=0, csc=[146 108])
(36,24): [146 141] (em=-1, csc=[146 108])
(36,25): [146 141] (em=0, csc=[145 108])
(36,26): [146 141] (em=0, csc=[146 107])
(36,27): [146 141] (em=0, csc=[145 106])
(36,28): [146 141] (em=-2, csc=[146 106])
(36,29): [146 141] (em=-2, csc=[146 106])
(36,30): [146 141] (em=0, csc=[146 108])
(36,31): [146 141] (em=12, csc=[145 110])
(36,32): [65 77] (em=39, csc=[139 112])
(36,33): [35 56] (em=56, csc=[143 110])
(36,34): [145 141] (em=8, csc=[143 111])
(36,35): [128 128] (em=-112, csc=[146 100])
(36,36): [128 128] (em=-104, csc=[140 126])
(36,37): [82 73] (em=33, csc=[121 144])
(36,38): [50 56] (em=51, csc=[131 122])
(36,39): [128 128] (em=64, csc=[131 119])
(36,40): [128 128] (em=76, csc=[130 125])
(36,41): [67 71] (em=40, csc=[132 123])
(36,42): [143 144] (em=31, csc=[127 130])
(36,43): [142 145] (em=6, csc=[115 139])
(36,44): [142 145] (em=2, csc=[117 139])
(36,45): [137 146] (em=-29, csc=[ 77 146])
(36,46): [141 145] (em=-19, csc=[105 143])
(36,47): [128 128] (em=-64, csc=[ 99 150])
(36,48): [197 224] (em=-56, csc=[105 145])
(36,49): [128 128] (em=-84, csc=[101 134])
(36,50): [128 128] (em=-68, csc=[135 130])
(36,51): [208 196] (em=-50, csc=[136 116])
(36,52): [145 143] (em=8, csc=[141 121])
(36,53): [145 142] (em=27, csc=[139 116])
(36,54): [62 65] (em=43, csc=[132 126])
(36,55): [78 78] (em=34, csc=[128 128])
(36,56): [144 144] (em=18, csc=[128 128])
(36,57): [144 144] (em=6, csc=[128 128])
(36,58): [144 144] (em=0, csc=[128 128])
(36,59): [143 144] (em=0, csc=[127 128])
(36,60): [144 144] (em=0, csc=[128 128])
(36,61): [144 144] (em=0, csc=[128 128])
(36,62): [144 144] (em=0, csc=[128 128])
(36,63): [144 144] (em=3, csc=[128 128])
(36,64): [144 144] (em=9, csc=[128 128])
(36,65): [144 144] (em=17, csc=[128 128])
(36,66): [144 143] (em=29, csc=[128 125])
(36,67): [144 143] (em=29, csc=[129 123])
(36,68): [54 61] (em=48, csc=[133 120])
(36,69): [61 66] (em=44, csc=[130 122])
(36,70): [73 80] (em=35, csc=[135 118])
(36,71): [144 143] (em=27, csc=[132 122])
(36,72): [76 78] (em=34, csc=[133 126])
(36,73): [144 144] (em=23, csc=[128 128])
(36,74): [144 143] (em=13, csc=[128 127])
(36,75): [144 144] (em=1, csc=[128 128])
(36,76): [144 144] (em=0, csc=[128 128])
(36,77): [144 144] (em=0, csc=[128 128])
(36,78): [144 143] (em=0, csc=[128 127])
(36,79): [144 144] (em=2, csc=[128 128])
(36,80): [144 143] (em=11, csc=[128 126])
(36,81): [144 143] (em=23, csc=[128 127])
(36,82): [144 143] (em=11, csc=[135 120])
(36,83): [145 142] (em=-16, csc=[141 113])
(36,84): [146 141] (em=-16, csc=[146 110])
(36,85): [146 141] (em=-6, csc=[145 108])
(36,86): [146 141] (em=-2, csc=[146 107])
(36,87): [146 141] (em=0, csc=[145 107])
(36,88): [146 141] (em=1, csc=[146 108])
(36,89): [146 141] (em=-1, csc=[146 106])
(36,90): [146 141] (em=-3, csc=[145 106])
(36,91): [146 141] (em=-3, csc=[145 107])
(36,92): [145 141] (em=10, csc=[140 111])
(36,93): [145 142] (em=32, csc=[140 119])
(36,94): [49 62] (em=49, csc=[138 115])
(36,95): [31 55] (em=58, csc=[144 108])
(36,96): [146 141] (em=23, csc=[146 110])
(36,97): [128 128] (em=-73, csc=[166 121])
(36,98): [128 128] (em=-79, csc=[145 125])
(36,99): [128 128] (em=-79, csc=[118 102])
(36,100): [143 143] (em=-3, csc=[127 125])
(36,101): [140 146] (em=-26, csc=[100 147])
(36,102): [197 202] (em=-49, csc=[120 128])
(36,103): [143 145] (em=17, csc=[122 136])
(36,104): [49 44] (em=54, csc=[126 134])
(36,105): [69 69] (em=40, csc=[128 128])
(36,106): [144 144] (em=19, csc=[128 128])
(36,107): [144 144] (em=7, csc=[128 128])
(36,108): [144 144] (em=1, csc=[128 128])
(36,109): [144 144] (em=0, csc=[128 128])
(36,110): [144 144] (em=0, csc=[128 128])
(36,111): [144 144] (em=0, csc=[128 128])
(36,112): [144 144] (em=0, csc=[128 128])
(36,113): [144 144] (em=3, csc=[128 128])
(36,114): [58 58] (em=47, csc=[128 128])
(36,115): [128 128] (em=79, csc=[123 133])
(36,116): [209 214] (em=-55, csc=[125 133])
(36,117): [128 128] (em=-191, csc=[109 104])
(36,118): [144 143] (em=-16, csc=[129 122])
(36,119): [128 128] (em=79, csc=[125 129])
(36,120): [144 144] (em=23, csc=[128 128])
(36,121): [144 144] (em=0, csc=[128 128])
(36,122): [144 144] (em=0, csc=[128 128])
(36,123): [144 144] (em=0, csc=[128 128])
(36,124): [144 144] (em=0, csc=[128 128])
(36,125): [144 144] (em=0, csc=[128 128])
(36,126): [128 128] (em=93, csc=[128 128])
(36,127): [128 128] (em=93, csc=[122 128])
(37,0): [128 128] (em=90, csc=[129 122])
(37,1): [128 128] (em=105, csc=[128 128])
(37,2): [37 37] (em=61, csc=[128 128])
(37,3): [128 128] (em=75, csc=[129 128])
(37,4): [143 144] (em=-14, csc=[123 135])
(37,5): [128 128] (em=-110, csc=[122 142])
(37,6): [145 142] (em=-25, csc=[140 116])
(37,7): [34 52] (em=57, csc=[141 115])
(37,8): [67 79] (em=37, csc=[143 115])
(37,9): [146 141] (em=0, csc=[146 108])
(37,10): [146 141] (em=-4, csc=[145 107])
(37,11): [146 141] (em=0, csc=[145 107])
(37,12): [146 141] (em=0, csc=[145 107])
(37,13): [146 141] (em=0, csc=[145 107])
(37,14): [146 141] (em=0, csc=[146 108])
(37,15): [146 141] (em=1, csc=[146 108])
(37,16): [146 141] (em=1, csc=[146 108])
(37,17): [146 141] (em=0, csc=[146 108])
(37,18): [146 141] (em=0, csc=[145 108])
(37,19): [146 141] (em=-1, csc=[145 108])
(37,20): [146 141] (em=0, csc=[145 107])
(37,21): [146 141] (em=1, csc=[145 108])
(37,22): [146 141] (em=2, csc=[146 108])
(37,23): [146 141] (em=0, csc=[146 109])
(37,24): [146 141] (em=0, csc=[145 109])
(37,25): [146 141] (em=0, csc=[145 109])
(37,26): [146 141] (em=1, csc=[145 109])
(37,27): [146 141] (em=0, csc=[145 108])
(37,28): [146 141] (em=0, csc=[145 108])
(37,29): [146 141] (em=-1, csc=[146 108])
(37,30): [146 141] (em=-1, csc=[146 108])
(37,31): [146 141] (em=1, csc=[145 109])
(37,32): [146 141] (em=8, csc=[145 110])
(37,33): [48 68] (em=48, csc=[143 107])
(37,34): [128 128] (em=64, csc=[143 112])
(37,35): [188 174] (em=-35, csc=[144 111])
(37,36): [128 128] (em=-91, csc=[116 113])
(37,37): [200 192] (em=-37, csc=[164 145])
(37,38): [128 128] (em=-73, csc=[163  97])
(37,39): [128 128] (em=-82, csc=[162  92])
(37,40): [128 128] (em=-113, csc=[173 111])
(37,41): [128 128] (em=-141, csc=[170  83])
(37,42): [128 128] (em=-129, csc=[158  92])
(37,43): [198 182] (em=-39, csc=[151 118])
(37,44): [205 189] (em=-46, csc=[141 112])
(37,45): [145 143] (em=-21, csc=[138 123])
(37,46): [144 143] (em=0, csc=[128 121])
(37,47): [144 143] (em=6, csc=[128 127])
(37,48): [143 143] (em=15, csc=[125 126])
(37,49): [143 144] (em=18, csc=[126 129])
(37,50): [143 143] (em=18, csc=[126 127])
(37,51): [143 143] (em=27, csc=[127 126])
(37,52): [72 72] (em=38, csc=[128 126])
(37,53): [144 144] (em=28, csc=[128 128])
(37,54): [144 143] (em=11, csc=[128 127])
(37,55): [144 144] (em=5, csc=[128 128])
(37,56): [144 144] (em=1, csc=[128 128])
(37,57): [144 144] (em=0, csc=[128 128])
(37,58): [144 144] (em=0, csc=[128 128])
(37,59): [144 144] (em=0, csc=[128 128])
(37,60): [144 144] (em=0, csc=[128 128])
(37,61): [144 144] (em=1, csc=[128 128])
(37,62): [144 144] (em=11, csc=[128 128])
(37,63): [143 144] (em=29, csc=[123 128])
(37,64): [60 54] (em=49, csc=[119 130])
(37,65): [57 55] (em=48, csc=[127 131])
(37,66): [144 143] (em=32, csc=[128 127])
(37,67): [144 143] (em=3, csc=[131 122])
(37,68): [203 181] (em=-44, csc=[144 103])
(37,69): [145 142] (em=-30, csc=[143 116])
(37,70): [128 128] (em=-128, csc=[155  92])
(37,71): [128 128] (em=-68, csc=[142 129])
(37,72): [144 143] (em=-9, csc=[128 127])
(37,73): [67 67] (em=41, csc=[129 128])
(37,74): [143 144] (em=26, csc=[127 128])
(37,75): [144 144] (em=2, csc=[128 128])
(37,76): [144 144] (em=0, csc=[128 128])
(37,77): [144 144] (em=0, csc=[128 128])
(37,78): [144 144] (em=0, csc=[128 128])
(37,79): [144 144] (em=0, csc=[128 128])
(37,80): [144 144] (em=8, csc=[128 128])
(37,81): [144 143] (em=22, csc=[128 127])
(37,82): [144 143] (em=18, csc=[131 121])
(37,83): [145 142] (em=-9, csc=[140 115])
(37,84): [146 141] (em=-23, csc=[146 109])
(37,85): [146 141] (em=-11, csc=[144 109])
(37,86): [146 141] (em=-4, csc=[144 107])
(37,87): [146 141] (em=-2, csc=[146 107])
(37,88): [146 141] (em=-6, csc=[149 104])
(37,89): [146 141] (em=-4, csc=[146 105])
(37,90): [146 141] (em=-4, csc=[150 104])
(37,91): [145 141] (em=8, csc=[141 107])
(37,92): [66 75] (em=39, csc=[138 117])
(37,93): [37 50] (em=56, csc=[140 120])
(37,94): [60 69] (em=43, csc=[136 118])
(37,95): [145 141] (em=-19, csc=[138 106])
(37,96): [222 192] (em=-50, csc=[159 108])
(37,97): [148 145] (em=-21, csc=[163 138])
(37,98): [128 128] (em=-67, csc=[119 117])
(37,99): [144 142] (em=-15, csc=[132 112])
(37,100): [49 60] (em=48, csc=[141 122])
(37,101): [128 128] (em=67, csc=[124 126])
(37,102): [128 128] (em=87, csc=[117 134])
(37,103): [128 128] (em=69, csc=[127 133])
(37,104): [144 144] (em=27, csc=[131 135])
(37,105): [142 144] (em=4, csc=[118 130])
(37,106): [143 143] (em=26, csc=[122 127])
(37,107): [79 78] (em=34, csc=[124 128])
(37,108): [144 144] (em=12, csc=[128 128])
(37,109): [144 144] (em=1, csc=[128 128])
(37,110): [144 144] (em=0, csc=[128 128])
(37,111): [144 144] (em=0, csc=[128 128])
(37,112): [144 144] (em=0, csc=[128 128])
(37,113): [144 144] (em=2, csc=[128 128])
(37,114): [61 61] (em=45, csc=[128 128])
(37,115): [128 128] (em=72, csc=[123 130])
(37,116): [128 128] (em=-80, csc=[122 125])
(37,117): [128 128] (em=-133, csc=[137 147])
(37,118): [144 143] (em=3, csc=[128 126])
(37,119): [128 128] (em=85, csc=[126 128])
(37,120): [143 144] (em=23, csc=[127 128])
(37,121): [144 144] (em=0, csc=[128 128])
(37,122): [144 144] (em=0, csc=[128 128])
(37,123): [144 144] (em=0, csc=[128 128])
(37,124): [144 144] (em=0, csc=[128 128])
(37,125): [144 144] (em=0, csc=[128 128])
(37,126): [128 128] (em=93, csc=[125 128])
(37,127): [128 128] (em=93, csc=[115 135])
(38,0): [128 128] (em=65, csc=[137 116])
(38,1): [128 128] (em=94, csc=[128 125])
(38,2): [144 144] (em=29, csc=[128 128])
(38,3): [128 128] (em=66, csc=[126 129])
(38,4): [70 70] (em=39, csc=[129 129])
(38,5): [128 128] (em=-149, csc=[140 120])
(38,6): [128 128] (em=-144, csc=[171 121])
(38,7): [74 82] (em=34, csc=[137 116])
(38,8): [29 47] (em=61, csc=[139 114])
(38,9): [146 141] (em=6, csc=[147 107])
(38,10): [146 141] (em=-3, csc=[145 108])
(38,11): [146 141] (em=0, csc=[145 107])
(38,12): [146 141] (em=0, csc=[145 107])
(38,13): [146 141] (em=0, csc=[145 108])
(38,14): [146 141] (em=0, csc=[146 108])
(38,15): [146 141] (em=0, csc=[146 108])
(38,16): [146 141] (em=1, csc=[146 108])
(38,17): [146 141] (em=0, csc=[146 108])
(38,18): [146 141] (em=0, csc=[146 108])
(38,19): [146 141] (em=-1, csc=[146 107])
(38,20): [146 141] (em=-1, csc=[145 108])
(38,21): [146 141] (em=0, csc=[145 108])
(38,22): [146 141] (em=2, csc=[145 109])
(38,23): [146 141] (em=1, csc=[146 108])
(38,24): [146 141] (em=0, csc=[145 109])
(38,25): [146 141] (em=0, csc=[145 109])
(38,26): [146 141] (em=0, csc=[145 108])
(38,27): [146 141] (em=0, csc=[145 108])
(38,28): [146 141] (em=0, csc=[145 107])
(38,29): [146 141] (em=0, csc=[146 107])
(38,30): [146 141] (em=0, csc=[146 108])
(38,31): [146 141] (em=0, csc=[146 108])
(38,32): [146 141] (em=0, csc=[145 109])
(38,33): [146 141] (em=29, csc=[147 107])
(38,34): [25 45] (em=63, csc=[141 113])
(38,35): [204 182] (em=-44, csc=[147 105])
(38,36): [128 128] (em=-97, csc=[156 123])
(38,37): [145 142] (em=13, csc=[143 115])
(38,38): [128 128] (em=96, csc=[147 114])
(38,39): [147 140] (em=25, csc=[156 101])
(38,40): [148 139] (em=-17, csc=[161  93])
(38,41): [146 141] (em=21, csc=[151 104])
(38,42): [67 85] (em=35, csc=[151 105])
(38,43): [59 77] (em=40, csc=[148 109])
(38,44): [70 85] (em=34, csc=[146 110])
(38,45): [146 142] (em=18, csc=[147 112])
(38,46): [145 141] (em=12, csc=[142 111])
(38,47): [145 142] (em=11, csc=[143 114])
(38,48): [145 142] (em=4, csc=[139 116])
(38,49): [145 142] (em=-5, csc=[139 119])
(38,50): [144 143] (em=6, csc=[132 123])
(38,51): [144 143] (em=23, csc=[129 126])
(38,52): [144 144] (em=17, csc=[128 128])
(38,53): [144 144] (em=7, csc=[128 128])
(38,54): [144 144] (em=0, csc=[128 128])
(38,55): [144 144] (em=0, csc=[128 128])
(38,56): [144 144] (em=0, csc=[128 128])
(38,57): [144 144] (em=0, csc=[128 128])
(38,58): [144 144] (em=0, csc=[128 128])
(38,59): [144 144] (em=0, csc=[128 128])
(38,60): [144 144] (em=0, csc=[128 128])
(38,61): [144 144] (em=2, csc=[128 128])
(38,62): [144 144] (em=23, csc=[128 128])
(38,63): [68 66] (em=42, csc=[122 128])
(38,64): [143 144] (em=-5, csc=[125 130])
(38,65): [128 128] (em=-103, csc=[111 135])
(38,66): [128 128] (em=-100, csc=[137 126])
(38,67): [128 128] (em=-80, csc=[141 114])
(38,68): [144 144] (em=-29, csc=[128 128])
(38,69): [128 128] (em=-68, csc=[161 122])
(38,70): [128 128] (em=-73, csc=[146 124])
(38,71): [128 128] (em=-136, csc=[128 128])
(38,72): [144 143] (em=0, csc=[130 121])
(38,73): [52 49] (em=53, csc=[123 128])
(38,74): [144 144] (em=27, csc=[128 128])
(38,75): [144 143] (em=2, csc=[128 127])
(38,76): [144 144] (em=0, csc=[128 128])
(38,77): [144 144] (em=0, csc=[128 128])
(38,78): [144 144] (em=0, csc=[128 128])
(38,79): [144 144] (em=0, csc=[128 128])
(38,80): [144 144] (em=8, csc=[128 128])
(38,81): [144 143] (em=22, csc=[128 126])
(38,82): [144 143] (em=13, csc=[133 120])
(38,83): [145 142] (em=-16, csc=[140 114])
(38,84): [145 142] (em=-16, csc=[143 113])
(38,85): [145 142] (em=0, csc=[142 112])
(38,86): [145 141] (em=10, csc=[140 111])
(38,87): [145 142] (em=16, csc=[143 114])
(38,88): [145 142] (em=20, csc=[142 112])
(38,89): [146 141] (em=27, csc=[147 111])
(38,90): [62 76] (em=40, csc=[142 112])
(38,91): [71 85] (em=34, csc=[145 109])
(38,92): [145 142] (em=30, csc=[141 116])
(38,93): [145 142] (em=-23, csc=[140 118])
(38,94): [128 128] (em=-69, csc=[156 123])
(38,95): [230 210] (em=-63, csc=[138 110])
(38,96): [146 143] (em=-32, csc=[146 124])
(38,97): [213 212] (em=-61, csc=[119 117])
(38,98): [222 203] (em=-52, csc=[153 123])
(38,99): [35 56] (em=56, csc=[143 110])
(38,100): [128 128] (em=121, csc=[138 120])
(38,101): [128 128] (em=85, csc=[139 117])
(38,102): [44 44] (em=57, csc=[127 126])
(38,103): [142 146] (em=-2, csc=[115 150])
(38,104): [128 128] (em=-100, csc=[146 147])
(38,105): [128 128] (em=-137, csc=[110 127])
(38,106): [142 144] (em=-18, csc=[119 134])
(38,107): [62 56] (em=47, csc=[121 132])
(38,108): [143 144] (em=26, csc=[127 128])
(38,109): [144 144] (em=3, csc=[128 128])
(38,110): [144 144] (em=0, csc=[128 128])
(38,111): [144 144] (em=0, csc=[128 128])
(38,112): [144 144] (em=0, csc=[128 128])
(38,113): [144 144] (em=6, csc=[128 128])
(38,114): [48 48] (em=54, csc=[128 128])
(38,115): [128 128] (em=74, csc=[123 133])
(38,116): [217 220] (em=-58, csc=[130 135])
(38,117): [128 128] (em=-193, csc=[138  98])
(38,118): [144 143] (em=11, csc=[133 124])
(38,119): [128 128] (em=74, csc=[128 128])
(38,120): [144 144] (em=18, csc=[128 128])
(38,121): [144 144] (em=0, csc=[128 128])
(38,122): [144 144] (em=0, csc=[128 128])
(38,123): [144 144] (em=0, csc=[128 128])
(38,124): [144 144] (em=0, csc=[128 128])
(38,125): [144 144] (em=0, csc=[128 128])
(38,126): [128 128] (em=93, csc=[128 128])
(38,127): [128 128] (em=93, csc=[122 128])
(39,0): [128 128] (em=90, csc=[129 122])
(39,1): [128 128] (em=94, csc=[128 128])
(39,2): [144 144] (em=17, csc=[128 128])
(39,3): [66 66] (em=42, csc=[128 128])
(39,4): [128 128] (em=76, csc=[128 124])
(39,5): [143 144] (em=3, csc=[125 129])
(39,6): [128 128] (em=-149, csc=[118 115])
(39,7): [145 142] (em=-23, csc=[141 119])
(39,8): [35 56] (em=56, csc=[143 111])
(39,9): [145 141] (em=27, csc=[143 107])
(39,10): [146 141] (em=0, csc=[144 108])
(39,11): [146 141] (em=0, csc=[145 108])
(39,12): [146 141] (em=0, csc=[145 108])
(39,13): [146 141] (em=0, csc=[145 108])
(39,14): [146 141] (em=-1, csc=[146 108])
(39,15): [146 141] (em=0, csc=[146 108])
(39,16): [146 141] (em=0, csc=[146 108])
(39,17): [146 141] (em=0, csc=[146 108])
(39,18): [146 141] (em=0, csc=[146 108])
(39,19): [146 141] (em=-1, csc=[146 108])
(39,20): [146 141] (em=0, csc=[145 108])
(39,21): [146 141] (em=1, csc=[146 108])
(39,22): [146 141] (em=2, csc=[145 108])
(39,23): [146 141] (em=1, csc=[145 109])
(39,24): [146 141] (em=0, csc=[145 108])
(39,25): [146 141] (em=0, csc=[145 109])
(39,26): [146 141] (em=0, csc=[145 108])
(39,27): [146 141] (em=0, csc=[145 108])
(39,28): [146 141] (em=0, csc=[145 107])
(39,29): [146 141] (em=0, csc=[146 107])
(39,30): [146 141] (em=0, csc=[146 107])
(39,31): [146 141] (em=0, csc=[145 108])
(39,32): [146 141] (em=-1, csc=[146 107])
(39,33): [146 141] (em=18, csc=[145 106])
(39,34): [27 51] (em=60, csc=[145 110])
(39,35): [145 142] (em=-12, csc=[141 112])
(39,36): [128 128] (em=-118, csc=[118 115])
(39,37): [146 141] (em=-25, csc=[145 111])
(39,38): [128 128] (em=68, csc=[149 110])
(39,39): [65 80] (em=38, csc=[143 109])
(39,40): [146 141] (em=12, csc=[146 110])
(39,41): [146 141] (em=5, csc=[144 108])
(39,42): [146 141] (em=9, csc=[148 107])
(39,43): [146 141] (em=2, csc=[146 106])
(39,44): [146 141] (em=-2, csc=[150 105])
(39,45): [146 141] (em=-3, csc=[147 106])
(39,46): [146 141] (em=-4, csc=[148 107])
(39,47): [146 141] (em=-4, csc=[146 108])
(39,48): [146 141] (em=-16, csc=[147 106])
(39,49): [145 142] (em=-27, csc=[142 112])
(39,50): [145 142] (em=-13, csc=[137 117])
(39,51): [144 143] (em=18, csc=[130 122])
(39,52): [144 143] (em=19, csc=[128 127])
(39,53): [144 143] (em=4, csc=[128 127])
(39,54): [144 143] (em=0, csc=[128 127])
(39,55): [144 144] (em=0, csc=[128 128])
(39,56): [144 144] (em=0, csc=[128 128])
(39,57): [144 144] (em=0, csc=[128 128])
(39,58): [144 144] (em=0, csc=[128 128])
(39,59): [144 144] (em=0, csc=[128 128])
(39,60): [144 144] (em=0, csc=[128 128])
(39,61): [144 144] (em=2, csc=[128 128])
(39,62): [143 144] (em=25, csc=[127 128])
(39,63): [71 72] (em=38, csc=[130 128])
(39,64): [143 144] (em=-20, csc=[126 129])
(39,65): [128 128] (em=-87, csc=[151 155])
(39,66): [128 128] (em=-118, csc=[144 104])
(39,67): [224 201] (em=-54, csc=[150 115])
(39,68): [128 128] (em=-79, csc=[148 105])
(39,69): [128 128] (em=-82, csc=[151 110])
(39,70): [128 128] (em=-131, csc=[156  87])
(39,71): [144 143] (em=6, csc=[131 124])
(39,72): [50 48] (em=55, csc=[121 125])
(39,73): [65 64] (em=43, csc=[126 128])
(39,74): [144 144] (em=16, csc=[128 128])
(39,75): [144 144] (em=1, csc=[128 128])
(39,76): [144 144] (em=0, csc=[128 128])
(39,77): [144 144] (em=0, csc=[128 128])
(39,78): [144 143] (em=0, csc=[128 127])
(39,79): [144 144] (em=1, csc=[128 128])
(39,80): [144 143] (em=12, csc=[128 127])
(39,81): [144 143] (em=24, csc=[128 127])
(39,82): [144 142] (em=14, csc=[135 118])
(39,83): [145 142] (em=-9, csc=[140 113])
(39,84): [146 141] (em=2, csc=[146 109])
(39,85): [145 142] (em=25, csc=[139 112])
(39,86): [45 56] (em=53, csc=[135 116])
(39,87): [145 142] (em=28, csc=[137 118])
(39,88): [70 77] (em=37, csc=[135 119])
(39,89): [145 143] (em=16, csc=[139 122])
(39,90): [145 142] (em=5, csc=[142 112])
(39,91): [195 175] (em=-38, csc=[149 105])
(39,92): [128 128] (em=-79, csc=[147 108])
(39,93): [217 192] (em=-50, csc=[151 109])
(39,94): [146 141] (em=-8, csc=[148 110])
(39,95): [146 142] (em=15, csc=[149 114])
(39,96): [146 141] (em=-7, csc=[147 107])
(39,97): [198 175] (em=-39, csc=[152 103])
(39,98): [128 128] (em=-80, csc=[154 109])
(39,99): [233 188] (em=-54, csc=[164  95])
(39,100): [128 128] (em=-88, csc=[180 100])
(39,101): [128 128] (em=-87, csc=[162  91])
(39,102): [128 128] (em=-103, csc=[159 108])
(39,103): [146 142] (em=-28, csc=[144 115])
(39,104): [180 171] (em=-33, csc=[133 111])
(39,105): [128 128] (em=-82, csc=[119 152])
(39,106): [137 146] (em=-25, csc=[ 78 147])
(39,107): [128 128] (em=67, csc=[121 133])
(39,108): [64 64] (em=43, csc=[127 128])
(39,109): [144 144] (em=3, csc=[128 128])
(39,110): [144 144] (em=0, csc=[128 128])
(39,111): [144 144] (em=0, csc=[128 128])
(39,112): [144 144] (em=0, csc=[128 128])
(39,113): [144 144] (em=15, csc=[128 128])
(39,114): [128 128] (em=68, csc=[128 128])
(39,115): [72 71] (em=38, csc=[128 130])
(39,116): [128 128] (em=-123, csc=[120 123])
(39,117): [128 128] (em=-94, csc=[131 139])
(39,118): [69 73] (em=38, csc=[133 124])
(39,119): [36 36] (em=62, csc=[128 128])
(39,120): [144 144] (em=13, csc=[128 128])
(39,121): [144 144] (em=0, csc=[128 128])
(39,122): [144 144] (em=0, csc=[128 128])
(39,123): [144 144] (em=0, csc=[128 128])
(39,124): [144 144] (em=0, csc=[128 128])
(39,125): [144 144] (em=0, csc=[128 128])
(39,126): [128 128] (em=93, csc=[125 128])
(39,127): [128 128] (em=93, csc=[115 135])
(40,0): [128 128] (em=67, csc=[137 116])
(40,1): [128 128] (em=90, csc=[128 125])
(40,2): [144 144] (em=8, csc=[128 128])
(40,3): [144 144] (em=13, csc=[128 128])
(40,4): [128 128] (em=65, csc=[128 128])
(40,5): [38 34] (em=63, csc=[122 128])
(40,6): [128 128] (em=-116, csc=[140 104])
(40,7): [128 128] (em=-157, csc=[145  89])
(40,8): [145 142] (em=24, csc=[142 114])
(40,9): [59 76] (em=41, csc=[144 109])
(40,10): [145 141] (em=11, csc=[143 109])
(40,11): [146 141] (em=0, csc=[145 108])
(40,12): [146 141] (em=-1, csc=[146 108])
(40,13): [146 141] (em=0, csc=[145 108])
(40,14): [146 141] (em=0, csc=[146 108])
(40,15): [146 141] (em=0, csc=[146 108])
(40,16): [146 141] (em=0, csc=[146 108])
(40,17): [146 141] (em=0, csc=[146 108])
(40,18): [146 141] (em=0, csc=[146 108])
(40,19): [146 141] (em=-2, csc=[146 107])
(40,20): [146 141] (em=0, csc=[146 108])
(40,21): [146 141] (em=0, csc=[146 108])
(40,22): [146 141] (em=1, csc=[146 108])
(40,23): [146 141] (em=1, csc=[145 109])
(40,24): [146 141] (em=0, csc=[145 108])
(40,25): [146 141] (em=0, csc=[145 109])
(40,26): [146 141] (em=0, csc=[145 108])
(40,27): [146 141] (em=0, csc=[145 107])
(40,28): [146 141] (em=-1, csc=[145 107])
(40,29): [146 141] (em=-1, csc=[146 107])
(40,30): [146 141] (em=0, csc=[146 108])
(40,31): [146 141] (em=0, csc=[146 108])
(40,32): [146 141] (em=-2, csc=[145 108])
(40,33): [146 141] (em=5, csc=[147 106])
(40,34): [33 52] (em=58, csc=[141 112])
(40,35): [66 74] (em=40, csc=[134 116])
(40,36): [128 128] (em=-123, csc=[163 122])
(40,37): [128 128] (em=-80, csc=[146 105])
(40,38): [41 55] (em=53, csc=[141 118])
(40,39): [41 58] (em=52, csc=[144 116])
(40,40): [145 142] (em=17, csc=[141 113])
(40,41): [146 141] (em=0, csc=[145 109])
(40,42): [146 141] (em=0, csc=[145 109])
(40,43): [146 141] (em=-1, csc=[147 108])
(40,44): [146 141] (em=1, csc=[147 108])
(40,45): [146 141] (em=0, csc=[147 108])
(40,46): [146 141] (em=0, csc=[147 109])
(40,47): [146 141] (em=0, csc=[146 108])
(40,48): [146 141] (em=-8, csc=[146 108])
(40,49): [145 141] (em=-23, csc=[142 109])
(40,50): [145 142] (em=-10, csc=[138 118])
(40,51): [144 143] (em=20, csc=[131 124])
(40,52): [144 143] (em=19, csc=[128 125])
(40,53): [144 143] (em=7, csc=[128 126])
(40,54): [144 143] (em=1, csc=[128 127])
(40,55): [144 144] (em=0, csc=[128 128])
(40,56): [144 144] (em=0, csc=[128 128])
(40,57): [144 144] (em=0, csc=[128 128])
(40,58): [144 144] (em=0, csc=[128 128])
(40,59): [144 144] (em=0, csc=[128 128])
(40,60): [144 144] (em=0, csc=[128 128])
(40,61): [144 144] (em=1, csc=[128 128])
(40,62): [144 143] (em=14, csc=[128 127])
(40,63): [144 144] (em=26, csc=[128 128])
(40,64): [77 80] (em=33, csc=[132 126])
(40,65): [144 143] (em=30, csc=[135 121])
(40,66): [59 67] (em=44, csc=[135 119])
(40,67): [42 50] (em=55, csc=[135 122])
(40,68): [34 45] (em=60, csc=[135 119])
(40,69): [62 68] (em=42, csc=[135 123])
(40,70): [59 64] (em=45, csc=[132 122])
(40,71): [77 79] (em=34, csc=[129 125])
(40,72): [73 73] (em=37, csc=[128 128])
(40,73): [144 144] (em=12, csc=[128 128])
(40,74): [144 144] (em=3, csc=[128 128])
(40,75): [143 144] (em=1, csc=[126 128])
(40,76): [144 144] (em=1, csc=[128 128])
(40,77): [143 144] (em=6, csc=[127 128])
(40,78): [144 144] (em=8, csc=[128 128])
(40,79): [144 144] (em=18, csc=[128 128])
(40,80): [144 143] (em=31, csc=[128 126])
(40,81): [56 58] (em=48, csc=[129 125])
(40,82): [72 80] (em=35, csc=[137 118])
(40,83): [146 141] (em=11, csc=[145 111])
(40,84): [68 83] (em=35, csc=[147 111])
(40,85): [146 140] (em=-2, csc=[146 103])
(40,86): [128 128] (em=-98, csc=[160  84])
(40,87): [128 128] (em=-120, csc=[130 113])
(40,88): [128 128] (em=-91, csc=[146 124])
(40,89): [141 146] (em=-25, csc=[110 144])
(40,90): [128 128] (em=-67, csc=[142 125])
(40,91): [128 128] (em=-103, csc=[118 115])
(40,92): [128 128] (em=-88, csc=[157 111])
(40,93): [128 128] (em=69, csc=[137 118])
(40,94): [128 128] (em=116, csc=[134 120])
(40,95): [40 57] (em=52, csc=[145 117])
(40,96): [50 64] (em=48, csc=[140 114])
(40,97): [64 79] (em=38, csc=[145 111])
(40,98): [59 75] (em=41, csc=[145 111])
(40,99): [146 141] (em=3, csc=[149 108])
(40,100): [147 140] (em=-19, csc=[159 100])
(40,101): [146 141] (em=6, csc=[147 109])
(40,102): [28 47] (em=62, csc=[138 112])
(40,103): [128 128] (em=89, csc=[137 116])
(40,104): [145 142] (em=27, csc=[138 119])
(40,105): [128 128] (em=-147, csc=[148  96])
(40,106): [227 216] (em=-62, csc=[135 121])
(40,107): [128 128] (em=78, csc=[122 132])
(40,108): [66 66] (em=42, csc=[128 128])
(40,109): [144 144] (em=2, csc=[128 128])
(40,110): [144 144] (em=0, csc=[128 128])
(40,111): [144 144] (em=0, csc=[128 128])
(40,112): [144 144] (em=5, csc=[128 128])
(40,113): [79 79] (em=33, csc=[128 128])
(40,114): [128 128] (em=80, csc=[127 128])
(40,115): [143 143] (em=-19, csc=[127 127])
(40,116): [128 128] (em=-185, csc=[153 123])
(40,117): [193 192] (em=-43, csc=[128 126])
(40,118): [128 128] (em=67, csc=[129 126])
(40,119): [73 73] (em=37, csc=[128 128])
(40,120): [144 144] (em=6, csc=[128 128])
(40,121): [144 144] (em=0, csc=[128 128])
(40,122): [144 144] (em=0, csc=[128 128])
(40,123): [144 144] (em=0, csc=[128 128])
(40,124): [144 144] (em=0, csc=[128 128])
(40,125): [144 144] (em=0, csc=[128 128])
(40,126): [128 128] (em=93, csc=[128 128])
(40,127): [128 128] (em=93, csc=[122 128])
(41,0): [128 128] (em=90, csc=[129 122])
(41,1): [128 128] (em=94, csc=[128 128])
(41,2): [144 144] (em=8, csc=[128 128])
(41,3): [144 144] (em=3, csc=[128 128])
(41,4): [76 76] (em=35, csc=[128 128])
(41,5): [128 128] (em=77, csc=[128 127])
(41,6): [144 143] (em=25, csc=[129 121])
(41,7): [128 128] (em=-104, csc=[142 114])
(41,8): [189 171] (em=-36, csc=[144 102])
(41,9): [55 70] (em=45, csc=[139 111])
(41,10): [72 84] (em=34, csc=[142 111])
(41,11): [146 141] (em=0, csc=[145 108])
(41,12): [146 141] (em=-4, csc=[146 108])
(41,13): [146 141] (em=0, csc=[146 108])
(41,14): [146 141] (em=0, csc=[146 108])
(41,15): [146 141] (em=0, csc=[146 109])
(41,16): [146 141] (em=0, csc=[146 108])
(41,17): [146 141] (em=0, csc=[146 108])
(41,18): [146 141] (em=0, csc=[145 108])
(41,19): [146 141] (em=-1, csc=[145 108])
(41,20): [146 141] (em=-1, csc=[146 107])
(41,21): [146 141] (em=0, csc=[146 108])
(41,22): [146 141] (em=0, csc=[146 108])
(41,23): [146 141] (em=0, csc=[145 109])
(41,24): [146 141] (em=0, csc=[145 108])
(41,25): [146 141] (em=1, csc=[145 109])
(41,26): [146 141] (em=1, csc=[144 108])
(41,27): [146 141] (em=0, csc=[145 107])
(41,28): [146 141] (em=0, csc=[145 107])
(41,29): [146 141] (em=0, csc=[146 107])
(41,30): [146 141] (em=0, csc=[146 107])
(41,31): [146 141] (em=0, csc=[146 108])
(41,32): [146 141] (em=-2, csc=[145 108])
(41,33): [146 141] (em=2, csc=[145 108])
(41,34): [53 68] (em=45, csc=[143 114])
(41,35): [42 58] (em=53, csc=[139 114])
(41,36): [201 185] (em=-44, csc=[140 109])
(41,37): [128 128] (em=-125, csc=[162 103])
(41,38): [145 142] (em=7, csc=[141 115])
(41,39): [25 45] (em=62, csc=[142 115])
(41,40): [72 83] (em=34, csc=[143 115])
(41,41): [146 141] (em=-3, csc=[146 108])
(41,42): [146 141] (em=-6, csc=[146 107])
(41,43): [146 141] (em=0, csc=[147 108])
(41,44): [146 141] (em=0, csc=[147 108])
(41,45): [146 141] (em=-1, csc=[148 108])
(41,46): [146 141] (em=-2, csc=[148 108])
(41,47): [146 141] (em=0, csc=[147 109])
(41,48): [146 141] (em=-6, csc=[146 108])
(41,49): [146 142] (em=-16, csc=[144 112])
(41,50): [145 142] (em=-13, csc=[140 116])
(41,51): [144 143] (em=12, csc=[135 120])
(41,52): [144 143] (em=23, csc=[128 125])
(41,53): [144 143] (em=12, csc=[128 127])
(41,54): [144 144] (em=4, csc=[128 128])
(41,55): [144 144] (em=0, csc=[128 128])
(41,56): [144 144] (em=0, csc=[128 128])
(41,57): [144 144] (em=0, csc=[128 128])
(41,58): [144 144] (em=0, csc=[128 128])
(41,59): [144 144] (em=0, csc=[128 128])
(41,60): [144 144] (em=0, csc=[128 128])
(41,61): [144 144] (em=0, csc=[128 128])
(41,62): [144 144] (em=1, csc=[128 128])
(41,63): [144 144] (em=2, csc=[128 128])
(41,64): [144 143] (em=6, csc=[128 127])
(41,65): [144 144] (em=6, csc=[128 128])
(41,66): [144 143] (em=11, csc=[128 126])
(41,67): [144 144] (em=10, csc=[128 128])
(41,68): [144 143] (em=14, csc=[128 125])
(41,69): [144 144] (em=11, csc=[128 128])
(41,70): [144 143] (em=15, csc=[128 125])
(41,71): [144 144] (em=20, csc=[128 128])
(41,72): [144 144] (em=31, csc=[128 128])
(41,73): [78 76] (em=35, csc=[124 129])
(41,74): [76 73] (em=37, csc=[122 129])
(41,75): [64 57] (em=46, csc=[119 133])
(41,76): [66 61] (em=44, csc=[121 131])
(41,77): [53 43] (em=54, csc=[119 136])
(41,78): [76 68] (em=38, csc=[117 136])
(41,79): [142 144] (em=27, csc=[118 135])
(41,80): [142 144] (em=15, csc=[119 132])
(41,81): [143 144] (em=9, csc=[127 135])
(41,82): [198 194] (em=-45, csc=[131 124])
(41,83): [128 128] (em=-66, csc=[154 127])
(41,84): [128 128] (em=-115, csc=[158  94])
(41,85): [128 128] (em=-76, csc=[155 107])
(41,86): [128 128] (em=-115, csc=[156  90])
(41,87): [145 143] (em=-24, csc=[138 122])
(41,88): [128 128] (em=66, csc=[123 130])
(41,89): [128 128] (em=92, csc=[133 129])
(41,90): [128 128] (em=71, csc=[127 127])
(41,91): [128 128] (em=-84, csc=[101 130])
(41,92): [128 128] (em=-118, csc=[110 105])
(41,93): [144 143] (em=28, csc=[130 124])
(41,94): [128 128] (em=83, csc=[134 119])
(41,95): [145 142] (em=24, csc=[136 112])
(41,96): [146 141] (em=17, csc=[144 110])
(41,97): [145 141] (em=15, csc=[141 106])
(41,98): [146 141] (em=15, csc=[149 106])
(41,99): [145 141] (em=14, csc=[142 109])
(41,100): [146 142] (em=23, csc=[146 112])
(41,101): [72 82] (em=35, csc=[137 113])
(41,102): [128 128] (em=78, csc=[133 119])
(41,103): [66 72] (em=40, csc=[134 121])
(41,104): [128 128] (em=-110, csc=[144  95])
(41,105): [128 128] (em=-116, csc=[123 124])
(41,106): [144 143] (em=15, csc=[130 122])
(41,107): [37 38] (em=61, csc=[128 127])
(41,108): [144 144] (em=28, csc=[128 128])
(41,109): [144 144] (em=0, csc=[128 128])
(41,110): [144 144] (em=0, csc=[128 128])
(41,111): [144 144] (em=0, csc=[128 128])
(41,112): [144 144] (em=17, csc=[128 128])
(41,113): [40 40] (em=59, csc=[128 128])
(41,114): [71 74] (em=38, csc=[130 123])
(41,115): [128 128] (em=-90, csc=[119 140])
(41,116): [128 128] (em=-128, csc=[116 121])
(41,117): [143 144] (em=25, csc=[127 129])
(41,118): [128 128] (em=69, csc=[128 128])
(41,119): [144 144] (em=19, csc=[128 128])
(41,120): [144 144] (em=2, csc=[128 128])
(41,121): [144 144] (em=0, csc=[128 128])
(41,122): [144 144] (em=0, csc=[128 128])
(41,123): [144 144] (em=0, csc=[128 128])
(41,124): [144 144] (em=0, csc=[128 128])
(41,125): [144 144] (em=0, csc=[128 128])
(41,126): [128 128] (em=93, csc=[125 128])
(41,127): [128 128] (em=93, csc=[115 135])
(42,0): [128 128] (em=65, csc=[137 116])
(42,1): [128 128] (em=91, csc=[128 125])
(42,2): [144 144] (em=6, csc=[128 128])
(42,3): [144 144] (em=0, csc=[128 128])
(42,4): [144 144] (em=13, csc=[128 128])
(42,5): [40 40] (em=59, csc=[128 128])
(42,6): [32 36] (em=63, csc=[131 125])
(42,7): [128 128] (em=-113, csc=[143 105])
(42,8): [128 128] (em=-154, csc=[158  82])
(42,9): [145 142] (em=31, csc=[136 115])
(42,10): [37 56] (em=56, csc=[140 111])
(42,11): [146 141] (em=3, csc=[145 108])
(42,12): [146 141] (em=-4, csc=[145 108])
(42,13): [146 141] (em=-1, csc=[146 108])
(42,14): [146 141] (em=0, csc=[146 109])
(42,15): [146 141] (em=1, csc=[146 109])
(42,16): [146 141] (em=0, csc=[146 109])
(42,17): [146 141] (em=0, csc=[146 108])
(42,18): [146 141] (em=0, csc=[146 108])
(42,19): [146 141] (em=0, csc=[145 108])
(42,20): [146 141] (em=0, csc=[146 108])
(42,21): [146 141] (em=0, csc=[145 108])
(42,22): [146 141] (em=0, csc=[146 108])
(42,23): [146 141] (em=-1, csc=[146 108])
(42,24): [146 141] (em=0, csc=[145 109])
(42,25): [146 141] (em=0, csc=[145 108])
(42,26): [146 141] (em=0, csc=[145 108])
(42,27): [146 141] (em=0, csc=[145 107])
(42,28): [146 141] (em=0, csc=[146 107])
(42,29): [146 141] (em=-1, csc=[146 106])
(42,30): [146 141] (em=0, csc=[147 107])
(42,31): [146 141] (em=0, csc=[146 108])
(42,32): [146 141] (em=-3, csc=[146 106])
(42,33): [146 141] (em=-1, csc=[146 105])
(42,34): [145 141] (em=28, csc=[142 111])
(42,35): [30 50] (em=59, csc=[142 113])
(42,36): [146 141] (em=7, csc=[144 110])
(42,37): [128 128] (em=-122, csc=[150 103])
(42,38): [128 128] (em=-119, csc=[158  97])
(42,39): [38 48] (em=57, csc=[135 120])
(42,40): [31 48] (em=60, csc=[139 114])
(42,41): [146 141] (em=2, csc=[147 107])
(42,42): [146 141] (em=-7, csc=[147 107])
(42,43): [146 141] (em=0, csc=[146 107])
(42,44): [146 141] (em=0, csc=[147 107])
(42,45): [146 141] (em=0, csc=[147 108])
(42,46): [146 141] (em=0, csc=[148 108])
(42,47): [146 141] (em=0, csc=[148 107])
(42,48): [146 141] (em=-1, csc=[147 108])
(42,49): [146 141] (em=-11, csc=[146 108])
(42,50): [146 142] (em=-15, csc=[144 112])
(42,51): [145 142] (em=-8, csc=[139 115])
(42,52): [144 142] (em=12, csc=[134 119])
(42,53): [144 143] (em=19, csc=[128 126])
(42,54): [144 143] (em=11, csc=[128 127])
(42,55): [144 144] (em=3, csc=[128 128])
(42,56): [144 144] (em=0, csc=[128 128])
(42,57): [144 144] (em=0, csc=[128 128])
(42,58): [144 144] (em=0, csc=[128 128])
(42,59): [144 144] (em=0, csc=[128 128])
(42,60): [144 144] (em=0, csc=[128 128])
(42,61): [143 144] (em=0, csc=[127 128])
(42,62): [144 144] (em=0, csc=[128 128])
(42,63): [143 144] (em=0, csc=[127 128])
(42,64): [144 144] (em=1, csc=[128 128])
(42,65): [143 144] (em=7, csc=[127 128])
(42,66): [144 144] (em=14, csc=[128 128])
(42,67): [144 144] (em=24, csc=[128 128])
(42,68): [70 72] (em=39, csc=[129 124])
(42,69): [72 75] (em=37, csc=[130 123])
(42,70): [55 62] (em=47, csc=[134 120])
(42,71): [64 73] (em=40, csc=[137 118])
(42,72): [35 43] (em=59, csc=[136 124])
(42,73): [144 143] (em=3, csc=[131 122])
(42,74): [192 190] (em=-41, csc=[133 127])
(42,75): [208 215] (em=-59, csc=[115 125])
(42,76): [143 145] (em=-15, csc=[124 141])
(42,77): [189 227] (em=-58, csc=[ 90 144])
(42,78): [189 215] (em=-49, csc=[106 151])
(42,79): [128 128] (em=-104, csc=[106 143])
(42,80): [187 218] (em=-49, csc=[103 155])
(42,81): [128 128] (em=-67, csc=[ 94 144])
(42,82): [195 205] (em=-45, csc=[126 144])
(42,83): [143 144] (em=-31, csc=[120 132])
(42,84): [144 143] (em=15, csc=[135 125])
(42,85): [145 143] (em=28, csc=[136 120])
(42,86): [51 58] (em=49, csc=[135 122])
(42,87): [72 76] (em=37, csc=[131 122])
(42,88): [60 63] (em=45, csc=[129 124])
(42,89): [48 48] (em=54, csc=[128 128])
(42,90): [128 128] (em=65, csc=[127 128])
(42,91): [143 143] (em=14, csc=[127 123])
(42,92): [197 196] (em=-46, csc=[127 126])
(42,93): [195 226] (em=-59, csc=[ 96 141])
(42,94): [225 200] (em=-57, csc=[144 107])
(42,95): [145 141] (em=-29, csc=[138 105])
(42,96): [146 141] (em=-10, csc=[150 104])
(42,97): [146 140] (em=12, csc=[150 102])
(42,98): [128 128] (em=67, csc=[145 111])
(42,99): [37 60] (em=53, csc=[148 110])
(42,100): [128 128] (em=69, csc=[144 113])
(42,101): [146 141] (em=22, csc=[145 108])
(42,102): [146 142] (em=-1, csc=[147 112])
(42,103): [128 128] (em=-94, csc=[124 123])
(42,104): [128 128] (em=-145, csc=[146  89])
(42,105): [143 143] (em=19, csc=[127 121])
(42,106): [128 128] (em=72, csc=[127 129])
(42,107): [144 144] (em=32, csc=[128 128])
(42,108): [144 144] (em=9, csc=[128 128])
(42,109): [144 144] (em=0, csc=[128 128])
(42,110): [144 144] (em=0, csc=[128 128])
(42,111): [144 144] (em=5, csc=[128 128])
(42,112): [73 73] (em=37, csc=[128 128])
(42,113): [128 128] (em=72, csc=[123 130])
(42,114): [144 143] (em=-26, csc=[130 125])
(42,115): [128 128] (em=-192, csc=[128 128])
(42,116): [198 194] (em=-45, csc=[132 125])
(42,117): [128 128] (em=67, csc=[122 129])
(42,118): [61 61] (em=45, csc=[128 128])
(42,119): [144 144] (em=6, csc=[128 128])
(42,120): [144 144] (em=0, csc=[128 128])
(42,121): [144 144] (em=0, csc=[128 128])
(42,122): [144 144] (em=0, csc=[128 128])
(42,123): [144 144] (em=0, csc=[128 128])
(42,124): [144 144] (em=0, csc=[128 128])
(42,125): [144 144] (em=0, csc=[128 128])
(42,126): [128 128] (em=93, csc=[128 128])
(42,127): [128 128] (em=93, csc=[122 128])
(43,0): [128 128] (em=90, csc=[129 122])
(43,1): [128 128] (em=94, csc=[128 128])
(43,2): [144 144] (em=9, csc=[128 128])
(43,3): [144 144] (em=0, csc=[128 128])
(43,4): [144 144] (em=5, csc=[128 128])
(43,5): [64 64] (em=43, csc=[128 128])
(43,6): [128 128] (em=72, csc=[132 123])
(43,7): [144 143] (em=-32, csc=[134 125])
(43,8): [128 128] (em=-159, csc=[135  90])
(43,9): [144 142] (em=-3, csc=[135 118])
(43,10): [35 54] (em=56, csc=[143 113])
(43,11): [146 141] (em=4, csc=[145 108])
(43,12): [146 141] (em=-3, csc=[145 108])
(43,13): [146 141] (em=0, csc=[145 108])
(43,14): [146 141] (em=1, csc=[145 109])
(43,15): [146 141] (em=1, csc=[146 110])
(43,16): [146 141] (em=0, csc=[146 110])
(43,17): [146 141] (em=0, csc=[146 109])
(43,18): [146 141] (em=0, csc=[145 109])
(43,19): [146 141] (em=0, csc=[146 109])
(43,20): [146 141] (em=0, csc=[145 109])
(43,21): [146 141] (em=0, csc=[146 109])
(43,22): [146 141] (em=0, csc=[145 109])
(43,23): [146 141] (em=0, csc=[145 109])
(43,24): [146 141] (em=0, csc=[145 109])
(43,25): [146 141] (em=1, csc=[145 109])
(43,26): [146 141] (em=0, csc=[145 108])
(43,27): [146 141] (em=0, csc=[145 107])
(43,28): [146 141] (em=0, csc=[145 107])
(43,29): [146 141] (em=0, csc=[146 107])
(43,30): [146 141] (em=0, csc=[147 107])
(43,31): [146 141] (em=0, csc=[146 107])
(43,32): [146 141] (em=-2, csc=[146 105])
(43,33): [146 141] (em=-4, csc=[146 105])
(43,34): [146 141] (em=3, csc=[146 107])
(43,35): [65 81] (em=38, csc=[144 107])
(43,36): [47 68] (em=48, csc=[146 107])
(43,37): [128 128] (em=-64, csc=[147 107])
(43,38): [128 128] (em=-118, csc=[136 107])
(43,39): [145 142] (em=14, csc=[141 117])
(43,40): [128 128] (em=64, csc=[143 112])
(43,41): [146 141] (em=15, csc=[144 107])
(43,42): [146 141] (em=-9, csc=[147 106])
(43,43): [146 141] (em=-6, csc=[146 107])
(43,44): [146 141] (em=-6, csc=[146 107])
(43,45): [146 141] (em=-2, csc=[147 108])
(43,46): [146 141] (em=-5, csc=[149 107])
(43,47): [146 141] (em=-3, csc=[148 106])
(43,48): [146 141] (em=-9, csc=[149 105])
(43,49): [146 141] (em=-11, csc=[147 106])
(43,50): [146 140] (em=-24, csc=[148 103])
(43,51): [145 141] (em=-24, csc=[141 111])
(43,52): [145 142] (em=-5, csc=[139 115])
(43,53): [144 143] (em=16, csc=[132 120])
(43,54): [144 143] (em=20, csc=[128 125])
(43,55): [144 144] (em=16, csc=[128 128])
(43,56): [144 143] (em=16, csc=[128 127])
(43,57): [144 144] (em=13, csc=[128 128])
(43,58): [144 144] (em=20, csc=[128 128])
(43,59): [144 144] (em=19, csc=[128 128])
(43,60): [144 144] (em=24, csc=[128 128])
(43,61): [143 144] (em=25, csc=[124 129])
(43,62): [143 144] (em=26, csc=[127 128])
(43,63): [143 144] (em=30, csc=[120 132])
(43,64): [143 144] (em=26, csc=[120 130])
(43,65): [73 65] (em=40, csc=[118 136])
(43,66): [75 65] (em=40, csc=[114 136])
(43,67): [143 145] (em=14, csc=[121 136])
(43,68): [143 143] (em=-18, csc=[124 126])
(43,69): [202 200] (em=-47, csc=[134 129])
(43,70): [128 128] (em=-152, csc=[146  87])
(43,71): [128 128] (em=-92, csc=[151 117])
(43,72): [128 128] (em=-129, csc=[152 107])
(43,73): [128 128] (em=-102, csc=[156 120])
(43,74): [128 128] (em=-140, csc=[137  99])
(43,75): [128 128] (em=-68, csc=[140 125])
(43,76): [179 174] (em=-33, csc=[131 119])
(43,77): [144 144] (em=5, csc=[128 132])
(43,78): [142 144] (em=2, csc=[119 130])
(43,79): [142 144] (em=21, csc=[119 135])
(43,80): [142 144] (em=29, csc=[117 134])
(43,81): [69 61] (em=43, csc=[118 135])
(43,82): [67 60] (em=44, csc=[120 132])
(43,83): [72 68] (em=39, csc=[123 132])
(43,84): [143 144] (em=29, csc=[127 128])
(43,85): [144 144] (em=22, csc=[128 128])
(43,86): [144 144] (em=15, csc=[128 128])
(43,87): [144 144] (em=8, csc=[128 128])
(43,88): [144 143] (em=5, csc=[128 127])
(43,89): [144 144] (em=9, csc=[128 128])
(43,90): [144 144] (em=20, csc=[128 128])
(43,91): [79 79] (em=33, csc=[128 127])
(43,92): [76 73] (em=37, csc=[122 129])
(43,93): [144 144] (em=3, csc=[129 129])
(43,94): [144 143] (em=-12, csc=[133 120])
(43,95): [195 181] (em=-39, csc=[145 116])
(43,96): [128 128] (em=-121, csc=[162  93])
(43,97): [128 128] (em=-118, csc=[159  91])
(43,98): [128 128] (em=-110, csc=[149  86])
(43,99): [210 186] (em=-45, csc=[155 109])
(43,100): [128 128] (em=-112, csc=[159  85])
(43,101): [128 128] (em=-119, csc=[158  97])
(43,102): [128 128] (em=-134, csc=[158  96])
(43,103): [144 143] (em=-19, csc=[131 126])
(43,104): [58 55] (em=50, csc=[121 126])
(43,105): [63 64] (em=44, csc=[128 126])
(43,106): [76 76] (em=35, csc=[128 128])
(43,107): [144 144] (em=7, csc=[128 128])
(43,108): [144 144] (em=0, csc=[128 128])
(43,109): [144 144] (em=0, csc=[128 128])
(43,110): [144 144] (em=3, csc=[128 128])
(43,111): [144 144] (em=21, csc=[128 128])
(43,112): [128 128] (em=65, csc=[128 128])
(43,113): [144 144] (em=32, csc=[129 131])
(43,114): [128 128] (em=-91, csc=[111 134])
(43,115): [128 128] (em=-95, csc=[108 160])
(43,116): [144 143] (em=22, csc=[129 124])
(43,117): [43 44] (em=57, csc=[128 127])
(43,118): [143 144] (em=21, csc=[127 128])
(43,119): [144 144] (em=1, csc=[128 128])
(43,120): [144 144] (em=0, csc=[128 128])
(43,121): [144 144] (em=0, csc=[128 128])
(43,122): [144 144] (em=0, csc=[128 128])
(43,123): [144 144] (em=0, csc=[128 128])
(43,124): [144 144] (em=0, csc=[128 128])
(43,125): [144 144] (em=0, csc=[128 128])
(43,126): [128 128] (em=93, csc=[125 128])
(43,127): [128 128] (em=93, csc=[115 135])
(44,0): [128 128] (em=66, csc=[137 116])
(44,1): [128 128] (em=91, csc=[128 125])
(44,2): [144 144] (em=6, csc=[128 128])
(44,3): [144 144] (em=0, csc=[128 128])
(44,4): [144 144] (em=2, csc=[128 128])
(44,5): [144 143] (em=24, csc=[128 126])
(44,6): [128 128] (em=66, csc=[128 125])
(44,7): [143 144] (em=-7, csc=[126 129])
(44,8): [128 128] (em=-95, csc=[140 127])
(44,9): [144 142] (em=-20, csc=[133 119])
(44,10): [55 70] (em=44, csc=[142 113])
(44,11): [146 141] (em=4, csc=[147 108])
(44,12): [146 141] (em=-3, csc=[145 109])
(44,13): [146 141] (em=0, csc=[145 109])
(44,14): [146 141] (em=-1, csc=[145 109])
(44,15): [146 141] (em=0, csc=[145 109])
(44,16): [146 141] (em=0, csc=[146 109])
(44,17): [146 141] (em=-1, csc=[146 108])
(44,18): [146 141] (em=-1, csc=[146 108])
(44,19): [146 141] (em=-2, csc=[146 108])
(44,20): [146 141] (em=-1, csc=[146 108])
(44,21): [146 141] (em=0, csc=[146 108])
(44,22): [146 141] (em=0, csc=[146 109])
(44,23): [146 141] (em=1, csc=[145 109])
(44,24): [146 141] (em=0, csc=[145 109])
(44,25): [146 141] (em=0, csc=[145 108])
(44,26): [146 141] (em=0, csc=[145 108])
(44,27): [146 141] (em=0, csc=[146 107])
(44,28): [146 141] (em=0, csc=[146 107])
(44,29): [146 141] (em=0, csc=[146 106])
(44,30): [146 141] (em=0, csc=[146 107])
(44,31): [146 141] (em=0, csc=[146 107])
(44,32): [146 141] (em=-1, csc=[146 105])
(44,33): [146 141] (em=0, csc=[146 105])
(44,34): [146 141] (em=-3, csc=[147 106])
(44,35): [146 141] (em=18, csc=[149 106])
(44,36): [128 128] (em=72, csc=[141 115])
(44,37): [145 142] (em=4, csc=[142 114])
(44,38): [128 128] (em=-122, csc=[158 123])
(44,39): [234 209] (em=-61, csc=[147 113])
(44,40): [43 57] (em=52, csc=[140 118])
(44,41): [58 72] (em=42, csc=[144 115])
(44,42): [145 142] (em=22, csc=[138 117])
(44,43): [145 142] (em=7, csc=[142 115])
(44,44): [145 142] (em=6, csc=[139 113])
(44,45): [145 142] (em=13, csc=[142 115])
(44,46): [145 142] (em=9, csc=[141 112])
(44,47): [146 141] (em=7, csc=[145 110])
(44,48): [145 141] (em=5, csc=[143 111])
(44,49): [146 142] (em=10, csc=[144 113])
(44,50): [145 142] (em=11, csc=[140 114])
(44,51): [145 142] (em=4, csc=[143 115])
(44,52): [145 142] (em=3, csc=[139 117])
(44,53): [145 143] (em=7, csc=[139 120])
(44,54): [145 143] (em=26, csc=[136 120])
(44,55): [69 73] (em=39, csc=[131 121])
(44,56): [52 61] (em=48, csc=[136 119])
(44,57): [145 142] (em=32, csc=[136 118])
(44,58): [55 66] (em=45, csc=[139 119])
(44,59): [145 142] (em=13, csc=[136 117])
(44,60): [145 142] (em=11, csc=[137 119])
(44,61): [144 143] (em=-7, csc=[130 122])
(44,62): [144 144] (em=7, csc=[130 131])
(44,63): [143 144] (em=-29, csc=[120 128])
(44,64): [142 145] (em=-26, csc=[117 140])
(44,65): [161 197] (em=-39, csc=[ 73 150])
(44,66): [171 189] (em=-35, csc=[103 148])
(44,67): [128 128] (em=-67, csc=[ 91 150])
(44,68): [185 200] (em=-41, csc=[117 148])
(44,69): [128 128] (em=-72, csc=[109 129])
(44,70): [144 144] (em=-3, csc=[131 132])
(44,71): [144 143] (em=0, csc=[129 122])
(44,72): [145 143] (em=27, csc=[136 122])
(44,73): [144 143] (em=32, csc=[135 121])
(44,74): [56 63] (em=46, csc=[135 121])
(44,75): [69 75] (em=38, csc=[134 120])
(44,76): [69 75] (em=38, csc=[133 121])
(44,77): [78 78] (em=34, csc=[128 126])
(44,78): [144 143] (em=21, csc=[129 124])
(44,79): [144 144] (em=18, csc=[128 128])
(44,80): [144 144] (em=11, csc=[128 128])
(44,81): [144 144] (em=8, csc=[128 128])
(44,82): [144 144] (em=3, csc=[128 128])
(44,83): [143 144] (em=2, csc=[126 128])
(44,84): [144 144] (em=0, csc=[128 128])
(44,85): [143 144] (em=0, csc=[127 128])
(44,86): [144 144] (em=0, csc=[128 128])
(44,87): [144 144] (em=0, csc=[128 128])
(44,88): [144 144] (em=0, csc=[128 128])
(44,89): [144 144] (em=0, csc=[128 128])
(44,90): [144 144] (em=2, csc=[128 128])
(44,91): [144 144] (em=8, csc=[128 128])
(44,92): [144 144] (em=18, csc=[128 128])
(44,93): [144 143] (em=25, csc=[128 127])
(44,94): [74 78] (em=35, csc=[132 123])
(44,95): [72 78] (em=36, csc=[133 120])
(44,96): [49 58] (em=50, csc=[136 120])
(44,97): [144 142] (em=23, csc=[131 118])
(44,98): [144 142] (em=-23, csc=[135 113])
(44,99): [143 143] (em=6, csc=[124 127])
(44,100): [145 143] (em=31, csc=[136 121])
(44,101): [144 142] (em=13, csc=[134 118])
(44,102): [144 143] (em=31, csc=[134 121])
(44,103): [77 80] (em=34, csc=[130 122])
(44,104): [69 69] (em=40, csc=[128 128])
(44,105): [144 144] (em=14, csc=[128 128])
(44,106): [144 144] (em=4, csc=[128 128])
(44,107): [144 144] (em=0, csc=[128 128])
(44,108): [144 144] (em=0, csc=[128 128])
(44,109): [144 144] (em=5, csc=[128 128])
(44,110): [143 144] (em=21, csc=[127 128])
(44,111): [52 52] (em=51, csc=[128 128])
(44,112): [49 49] (em=52, csc=[130 131])
(44,113): [227 222] (em=-63, csc=[133 127])
(44,114): [128 128] (em=-182, csc=[160 122])
(44,115): [143 144] (em=3, csc=[126 129])
(44,116): [128 128] (em=67, csc=[126 130])
(44,117): [144 144] (em=28, csc=[128 128])
(44,118): [144 144] (em=6, csc=[128 128])
(44,119): [144 144] (em=0, csc=[128 128])
(44,120): [144 144] (em=0, csc=[128 128])
(44,121): [144 144] (em=0, csc=[128 128])
(44,122): [144 144] (em=0, csc=[128 128])
(44,123): [144 144] (em=0, csc=[128 128])
(44,124): [144 144] (em=0, csc=[128 128])
(44,125): [144 144] (em=0, csc=[128 128])
(44,126): [128 128] (em=93, csc=[128 128])
(44,127): [128 128] (em=93, csc=[122 128])
(45,0): [128 128] (em=90, csc=[129 122])
(45,1): [128 128] (em=94, csc=[128 128])
(45,2): [144 144] (em=9, csc=[128 128])
(45,3): [144 144] (em=0, csc=[128 128])
(45,4): [144 144] (em=0, csc=[128 128])
(45,5): [144 144] (em=13, csc=[128 128])
(45,6): [45 45] (em=56, csc=[128 128])
(45,7): [143 144] (em=15, csc=[126 132])
(45,8): [128 128] (em=-75, csc=[104 136])
(45,9): [186 180] (em=-36, csc=[137 123])
(45,10): [146 142] (em=31, csc=[145 114])
(45,11): [146 141] (em=12, csc=[145 109])
(45,12): [146 141] (em=-5, csc=[145 110])
(45,13): [146 141] (em=-1, csc=[145 110])
(45,14): [146 141] (em=-1, csc=[144 110])
(45,15): [146 141] (em=0, csc=[145 109])
(45,16): [146 141] (em=-1, csc=[146 108])
(45,17): [146 141] (em=-1, csc=[146 109])
(45,18): [146 141] (em=-2, csc=[146 108])
(45,19): [146 141] (em=-2, csc=[146 108])
(45,20): [146 141] (em=-2, csc=[146 108])
(45,21): [146 141] (em=0, csc=[146 108])
(45,22): [146 141] (em=1, csc=[145 109])
(45,23): [146 141] (em=3, csc=[145 109])
(45,24): [146 141] (em=1, csc=[145 109])
(45,25): [146 141] (em=0, csc=[145 108])
(45,26): [146 141] (em=0, csc=[145 108])
(45,27): [146 141] (em=0, csc=[146 107])
(45,28): [146 141] (em=0, csc=[146 107])
(45,29): [146 141] (em=0, csc=[146 107])
(45,30): [146 141] (em=0, csc=[147 106])
(45,31): [146 141] (em=0, csc=[146 107])
(45,32): [146 141] (em=0, csc=[146 107])
(45,33): [146 141] (em=-1, csc=[146 106])
(45,34): [146 141] (em=-6, csc=[146 106])
(45,35): [146 141] (em=5, csc=[146 107])
(45,36): [34 53] (em=56, csc=[144 115])
(45,37): [50 63] (em=48, csc=[140 116])
(45,38): [224 205] (em=-60, csc=[136 109])
(45,39): [128 128] (em=-79, csc=[151 129])
(45,40): [66 75] (em=38, csc=[140 120])
(45,41): [128 128] (em=77, csc=[136 119])
(45,42): [30 38] (em=63, csc=[134 123])
(45,43): [37 48] (em=58, csc=[134 119])
(45,44): [37 47] (em=58, csc=[134 120])
(45,45): [36 48] (em=59, csc=[134 117])
(45,46): [50 62] (em=49, csc=[137 116])
(45,47): [145 142] (em=30, csc=[136 114])
(45,48): [145 142] (em=28, csc=[139 115])
(45,49): [61 68] (em=43, csc=[134 119])
(45,50): [63 66] (em=43, csc=[131 123])
(45,51): [70 72] (em=38, csc=[131 126])
(45,52): [143 143] (em=9, csc=[124 124])
(45,53): [144 144] (em=-23, csc=[129 130])
(45,54): [144 142] (em=-30, csc=[130 118])
(45,55): [145 143] (em=-24, csc=[139 124])
(45,56): [128 128] (em=-81, csc=[142 103])
(45,57): [128 128] (em=-67, csc=[150 114])
(45,58): [128 128] (em=-148, csc=[163  94])
(45,59): [128 128] (em=-105, csc=[154 105])
(45,60): [128 128] (em=-155, csc=[153  82])
(45,61): [221 204] (em=-55, csc=[144 118])
(45,62): [216 199] (em=-54, csc=[138 112])
(45,63): [144 143] (em=-25, csc=[132 127])
(45,64): [143 143] (em=-12, csc=[123 127])
(45,65): [143 145] (em=8, csc=[120 136])
(45,66): [142 144] (em=23, csc=[115 135])
(45,67): [142 145] (em=32, csc=[117 137])
(45,68): [79 72] (em=36, csc=[118 135])
(45,69): [73 66] (em=40, csc=[119 133])
(45,70): [78 76] (em=35, csc=[124 128])
(45,71): [77 74] (em=36, csc=[123 129])
(45,72): [144 144] (em=27, csc=[128 128])
(45,73): [144 144] (em=20, csc=[128 128])
(45,74): [144 144] (em=18, csc=[128 128])
(45,75): [144 144] (em=9, csc=[128 128])
(45,76): [144 143] (em=8, csc=[128 127])
(45,77): [144 144] (em=3, csc=[128 128])
(45,78): [144 143] (em=3, csc=[128 127])
(45,79): [144 144] (em=0, csc=[128 128])
(45,80): [144 143] (em=0, csc=[128 127])
(45,81): [144 144] (em=0, csc=[128 128])
(45,82): [144 144] (em=0, csc=[128 128])
(45,83): [144 144] (em=0, csc=[128 128])
(45,84): [144 144] (em=0, csc=[128 128])
(45,85): [144 144] (em=0, csc=[128 128])
(45,86): [144 144] (em=0, csc=[128 128])
(45,87): [144 144] (em=0, csc=[128 128])
(45,88): [144 144] (em=0, csc=[128 128])
(45,89): [144 144] (em=0, csc=[128 128])
(45,90): [144 144] (em=0, csc=[128 128])
(45,91): [144 144] (em=0, csc=[128 128])
(45,92): [144 144] (em=2, csc=[128 128])
(45,93): [144 144] (em=3, csc=[128 128])
(45,94): [144 143] (em=6, csc=[128 126])
(45,95): [144 144] (em=10, csc=[128 128])
(45,96): [144 143] (em=23, csc=[128 127])
(45,97): [143 144] (em=20, csc=[127 128])
(45,98): [143 144] (em=32, csc=[123 128])
(45,99): [143 144] (em=23, csc=[123 130])
(45,100): [144 144] (em=31, csc=[128 128])
(45,101): [144 144] (em=19, csc=[128 128])
(45,102): [144 144] (em=16, csc=[128 128])
(45,103): [144 144] (em=9, csc=[128 128])
(45,104): [144 144] (em=5, csc=[128 128])
(45,105): [144 144] (em=1, csc=[128 128])
(45,106): [144 144] (em=0, csc=[128 128])
(45,107): [144 144] (em=0, csc=[128 128])
(45,108): [144 144] (em=5, csc=[128 128])
(45,109): [144 144] (em=24, csc=[128 128])
(45,110): [43 43] (em=57, csc=[128 128])
(45,111): [144 144] (em=27, csc=[133 128])
(45,112): [227 221] (em=-63, csc=[133 125])
(45,113): [128 128] (em=-142, csc=[121 146])
(45,114): [144 143] (em=-9, csc=[131 127])
(45,115): [53 55] (em=49, csc=[132 128])
(45,116): [66 66] (em=42, csc=[128 128])
(45,117): [144 144] (em=9, csc=[128 128])
(45,118): [144 144] (em=0, csc=[128 128])
(45,119): [144 144] (em=0, csc=[128 128])
(45,120): [144 144] (em=0, csc=[128 128])
(45,121): [144 144] (em=0, csc=[128 128])
(45,122): [144 144] (em=0, csc=[128 128])
(45,123): [144 144] (em=0, csc=[128 128])
(45,124): [144 144] (em=0, csc=[128 128])
(45,125): [144 144] (em=0, csc=[128 128])
(45,126): [128 128] (em=93, csc=[125 128])
(45,127): [128 128] (em=93, csc=[115 135])
(46,0): [128 128] (em=65, csc=[137 116])
(46,1): [128 128] (em=91, csc=[128 125])
(46,2): [144 144] (em=6, csc=[128 128])
(46,3): [144 144] (em=0, csc=[128 128])
(46,4): [144 144] (em=0, csc=[128 128])
(46,5): [144 143] (em=6, csc=[128 127])
(46,6): [63 63] (em=44, csc=[128 128])
(46,7): [70 64] (em=41, csc=[121 134])
(46,8): [128 128] (em=-81, csc=[135 124])
(46,9): [218 203] (em=-56, csc=[137 114])
(46,10): [72 80] (em=35, csc=[139 118])
(46,11): [146 142] (em=25, csc=[146 113])
(46,12): [145 142] (em=4, csc=[143 112])
(46,13): [146 141] (em=0, csc=[144 111])
(46,14): [146 141] (em=-2, csc=[144 109])
(46,15): [146 141] (em=1, csc=[144 109])
(46,16): [146 141] (em=3, csc=[145 110])
(46,17): [146 141] (em=2, csc=[145 110])
(46,18): [146 141] (em=0, csc=[145 109])
(46,19): [146 141] (em=1, csc=[144 109])
(46,20): [146 141] (em=1, csc=[145 109])
(46,21): [146 141] (em=3, csc=[145 109])
(46,22): [146 141] (em=3, csc=[145 109])
(46,23): [146 141] (em=2, csc=[145 109])
(46,24): [146 141] (em=0, csc=[146 108])
(46,25): [146 141] (em=0, csc=[145 108])
(46,26): [146 141] (em=0, csc=[146 107])
(46,27): [146 141] (em=-1, csc=[145 106])
(46,28): [146 141] (em=0, csc=[146 106])
(46,29): [146 141] (em=0, csc=[146 106])
(46,30): [146 141] (em=0, csc=[147 107])
(46,31): [146 141] (em=0, csc=[146 107])
(46,32): [146 141] (em=0, csc=[147 107])
(46,33): [146 141] (em=0, csc=[146 107])
(46,34): [146 141] (em=-3, csc=[146 107])
(46,35): [146 141] (em=0, csc=[146 107])
(46,36): [51 67] (em=47, csc=[140 111])
(46,37): [32 46] (em=60, csc=[137 117])
(46,38): [186 171] (em=-33, csc=[149 109])
(46,39): [128 128] (em=-96, csc=[146 113])
(46,40): [128 128] (em=-70, csc=[163 122])
(46,41): [144 143] (em=12, csc=[129 124])
(46,42): [145 142] (em=6, csc=[139 119])
(46,43): [128 128] (em=-83, csc=[146  85])
(46,44): [195 178] (em=-38, csc=[149 111])
(46,45): [128 128] (em=-84, csc=[143  93])
(46,46): [128 128] (em=-84, csc=[170 121])
(46,47): [128 128] (em=-95, csc=[140 101])
(46,48): [128 128] (em=-111, csc=[171 121])
(46,49): [128 128] (em=-122, csc=[132  94])
(46,50): [188 190] (em=-39, csc=[131 134])
(46,51): [199 227] (em=-61, csc=[ 99 137])
(46,52): [203 219] (em=-56, csc=[113 138])
(46,53): [128 128] (em=-66, csc=[ 85 134])
(46,54): [143 144] (em=-24, csc=[125 135])
(46,55): [143 144] (em=-27, csc=[122 128])
(46,56): [144 143] (em=1, csc=[133 126])
(46,57): [144 142] (em=3, csc=[134 119])
(46,58): [72 79] (em=35, csc=[139 120])
(46,59): [145 142] (em=25, csc=[139 116])
(46,60): [53 63] (em=47, csc=[138 118])
(46,61): [144 142] (em=31, csc=[131 119])
(46,62): [144 142] (em=31, csc=[135 119])
(46,63): [144 143] (em=22, csc=[129 123])
(46,64): [144 143] (em=21, csc=[129 123])
(46,65): [144 144] (em=18, csc=[128 128])
(46,66): [144 144] (em=11, csc=[128 128])
(46,67): [144 144] (em=9, csc=[128 128])
(46,68): [144 144] (em=2, csc=[128 128])
(46,69): [143 144] (em=3, csc=[127 128])
(46,70): [144 144] (em=0, csc=[128 128])
(46,71): [143 144] (em=1, csc=[127 128])
(46,72): [144 144] (em=0, csc=[128 128])
(46,73): [143 144] (em=0, csc=[127 128])
(46,74): [144 144] (em=0, csc=[128 128])
(46,75): [144 144] (em=0, csc=[128 128])
(46,76): [144 144] (em=0, csc=[128 128])
(46,77): [144 144] (em=0, csc=[128 128])
(46,78): [144 144] (em=0, csc=[128 128])
(46,79): [144 144] (em=0, csc=[128 128])
(46,80): [144 144] (em=0, csc=[128 128])
(46,81): [144 144] (em=0, csc=[128 128])
(46,82): [144 144] (em=0, csc=[128 128])
(46,83): [144 144] (em=0, csc=[128 128])
(46,84): [144 144] (em=0, csc=[128 128])
(46,85): [144 144] (em=0, csc=[128 128])
(46,86): [144 144] (em=0, csc=[128 128])
(46,87): [144 144] (em=0, csc=[128 128])
(46,88): [144 144] (em=0, csc=[128 128])
(46,89): [144 144] (em=0, csc=[128 128])
(46,90): [144 144] (em=0, csc=[128 128])
(46,91): [144 144] (em=0, csc=[128 128])
(46,92): [144 144] (em=0, csc=[128 128])
(46,93): [144 144] (em=0, csc=[128 128])
(46,94): [144 144] (em=0, csc=[128 128])
(46,95): [144 144] (em=0, csc=[128 128])
(46,96): [144 144] (em=0, csc=[128 128])
(46,97): [144 144] (em=0, csc=[128 128])
(46,98): [144 144] (em=0, csc=[128 128])
(46,99): [143 144] (em=0, csc=[126 128])
(46,100): [144 144] (em=0, csc=[128 128])
(46,101): [143 144] (em=0, csc=[127 128])
(46,102): [144 144] (em=0, csc=[128 128])
(46,103): [144 144] (em=0, csc=[128 128])
(46,104): [144 144] (em=0, csc=[128 128])
(46,105): [144 144] (em=0, csc=[128 128])
(46,106): [144 144] (em=0, csc=[128 128])
(46,107): [144 144] (em=8, csc=[128 128])
(46,108): [144 144] (em=24, csc=[128 128])
(46,109): [49 50] (em=53, csc=[128 126])
(46,110): [78 79] (em=33, csc=[131 128])
(46,111): [128 128] (em=-79, csc=[133 122])
(46,112): [128 128] (em=-179, csc=[156 123])
(46,113): [144 144] (em=0, csc=[129 128])
(46,114): [128 128] (em=67, csc=[127 134])
(46,115): [75 75] (em=36, csc=[128 128])
(46,116): [144 144] (em=11, csc=[128 128])
(46,117): [144 144] (em=1, csc=[128 128])
(46,118): [144 144] (em=0, csc=[128 128])
(46,119): [144 144] (em=0, csc=[128 128])
(46,120): [144 144] (em=0, csc=[128 128])
(46,121): [144 144] (em=0, csc=[128 128])
(46,122): [144 144] (em=0, csc=[128 128])
(46,123): [144 144] (em=0, csc=[128 128])
(46,124): [144 144] (em=0, csc=[128 128])
(46,125): [144 144] (em=0, csc=[128 128])
(46,126): [128 128] (em=93, csc=[128 128])
(46,127): [128 128] (em=93, csc=[122 128])
(47,0): [128 128] (em=90, csc=[129 122])
(47,1): [128 128] (em=94, csc=[128 128])
(47,2): [144 144] (em=9, csc=[128 128])
(47,3): [144 144] (em=0, csc=[128 128])
(47,4): [144 144] (em=0, csc=[128 128])
(47,5): [144 144] (em=1, csc=[128 128])
(47,6): [143 144] (em=29, csc=[127 128])
(47,7): [66 65] (em=42, csc=[128 129])
(47,8): [144 143] (em=-15, csc=[131 123])
(47,9): [128 128] (em=-81, csc=[134 124])
(47,10): [145 142] (em=0, csc=[139 112])
(47,11): [145 142] (em=27, csc=[140 113])
(47,12): [145 142] (em=28, csc=[143 115])
(47,13): [145 141] (em=0, csc=[143 111])
(47,14): [145 141] (em=-2, csc=[143 110])
(47,15): [145 141] (em=0, csc=[143 109])
(47,16): [146 141] (em=1, csc=[145 109])
(47,17): [146 141] (em=2, csc=[145 110])
(47,18): [146 141] (em=1, csc=[145 110])
(47,19): [146 141] (em=1, csc=[144 109])
(47,20): [146 141] (em=2, csc=[144 109])
(47,21): [146 141] (em=2, csc=[145 109])
(47,22): [146 141] (em=0, csc=[146 108])
(47,23): [146 141] (em=0, csc=[146 108])
(47,24): [146 141] (em=-1, csc=[146 108])
(47,25): [146 141] (em=0, csc=[146 108])
(47,26): [146 141] (em=0, csc=[146 107])
(47,27): [146 141] (em=0, csc=[146 107])
(47,28): [146 141] (em=0, csc=[145 106])
(47,29): [146 141] (em=0, csc=[146 106])
(47,30): [146 141] (em=0, csc=[147 107])
(47,31): [146 141] (em=0, csc=[146 107])
(47,32): [146 141] (em=0, csc=[147 107])
(47,33): [146 141] (em=1, csc=[146 107])
(47,34): [146 141] (em=-2, csc=[146 107])
(47,35): [146 141] (em=-1, csc=[146 107])
(47,36): [145 141] (em=26, csc=[143 111])
(47,37): [146 141] (em=28, csc=[144 111])
(47,38): [147 140] (em=-24, csc=[155 101])
(47,39): [217 192] (em=-50, csc=[151 109])
(47,40): [128 128] (em=-64, csc=[119 117])
(47,41): [253 218] (em=-63, csc=[168 121])
(47,42): [219 190] (em=-53, csc=[145 100])
(47,43): [145 141] (em=-32, csc=[143 111])
(47,44): [128 128] (em=-86, csc=[142 102])
(47,45): [146 142] (em=-31, csc=[148 117])
(47,46): [224 194] (em=-56, csc=[145 100])
(47,47): [146 142] (em=-14, csc=[144 118])
(47,48): [145 142] (em=-26, csc=[139 114])
(47,49): [144 143] (em=13, csc=[134 125])
(47,50): [143 144] (em=16, csc=[127 128])
(47,51): [75 71] (em=37, csc=[124 132])
(47,52): [63 55] (em=47, csc=[118 134])
(47,53): [65 59] (em=45, csc=[120 132])
(47,54): [73 69] (em=39, csc=[122 130])
(47,55): [76 71] (em=37, csc=[121 132])
(47,56): [143 144] (em=29, csc=[126 128])
(47,57): [143 144] (em=26, csc=[125 128])
(47,58): [144 144] (em=24, csc=[128 128])
(47,59): [144 144] (em=16, csc=[128 128])
(47,60): [144 143] (em=16, csc=[128 127])
(47,61): [144 144] (em=9, csc=[128 128])
(47,62): [144 143] (em=9, csc=[128 127])
(47,63): [144 144] (em=4, csc=[128 128])
(47,64): [144 143] (em=5, csc=[128 127])
(47,65): [144 144] (em=1, csc=[128 128])
(47,66): [144 144] (em=1, csc=[128 128])
(47,67): [144 144] (em=0, csc=[128 128])
(47,68): [144 144] (em=0, csc=[128 128])
(47,69): [144 144] (em=0, csc=[128 128])
(47,70): [144 144] (em=0, csc=[128 128])
(47,71): [144 144] (em=0, csc=[128 128])
(47,72): [144 144] (em=0, csc=[128 128])
(47,73): [144 144] (em=0, csc=[128 128])
(47,74): [144 144] (em=0, csc=[128 128])
(47,75): [144 144] (em=0, csc=[128 128])
(47,76): [144 144] (em=0, csc=[128 128])
(47,77): [144 144] (em=0, csc=[128 128])
(47,78): [144 144] (em=0, csc=[128 128])
(47,79): [144 144] (em=0, csc=[128 128])
(47,80): [144 144] (em=0, csc=[128 128])
(47,81): [144 144] (em=0, csc=[128 128])
(47,82): [144 144] (em=0, csc=[128 128])
(47,83): [144 144] (em=0, csc=[128 128])
(47,84): [144 144] (em=0, csc=[128 128])
(47,85): [144 144] (em=0, csc=[128 128])
(47,86): [144 144] (em=0, csc=[128 128])
(47,87): [144 144] (em=0, csc=[128 128])
(47,88): [144 144] (em=0, csc=[128 128])
(47,89): [144 144] (em=0, csc=[128 128])
(47,90): [144 144] (em=0, csc=[128 128])
(47,91): [144 144] (em=0, csc=[128 128])
(47,92): [144 144] (em=0, csc=[128 128])
(47,93): [144 144] (em=0, csc=[128 128])
(47,94): [144 144] (em=0, csc=[128 128])
(47,95): [144 144] (em=0, csc=[128 128])
(47,96): [144 144] (em=0, csc=[128 128])
(47,97): [144 144] (em=0, csc=[128 128])
(47,98): [144 144] (em=0, csc=[128 128])
(47,99): [144 144] (em=0, csc=[128 128])
(47,100): [144 144] (em=0, csc=[128 128])
(47,101): [144 144] (em=0, csc=[128 128])
(47,102): [144 144] (em=1, csc=[128 128])
(47,103): [144 144] (em=3, csc=[128 128])
(47,104): [144 143] (em=7, csc=[128 127])
(47,105): [144 144] (em=13, csc=[128 128])
(47,106): [144 144] (em=27, csc=[128 128])
(47,107): [72 72] (em=38, csc=[127 128])
(47,108): [48 39] (em=58, csc=[118 132])
(47,109): [143 144] (em=16, csc=[122 135])
(47,110): [128 128] (em=-66, csc=[132 121])
(47,111): [128 128] (em=-128, csc=[120 151])
(47,112): [144 143] (em=-7, csc=[128 127])
(47,113): [44 46] (em=55, csc=[131 128])
(47,114): [69 69] (em=40, csc=[128 128])
(47,115): [144 144] (em=10, csc=[128 128])
(47,116): [144 144] (em=0, csc=[128 128])
(47,117): [144 144] (em=0, csc=[128 128])
(47,118): [144 144] (em=0, csc=[128 128])
(47,119): [144 144] (em=0, csc=[128 128])
(47,120): [144 144] (em=0, csc=[128 128])
(47,121): [144 144] (em=0, csc=[128 128])
(47,122): [144 144] (em=0, csc=[128 128])
(47,123): [144 144] (em=0, csc=[128 128])
(47,124): [144 144] (em=0, csc=[128 128])
(47,125): [144 144] (em=0, csc=[128 128])
(47,126): [128 128] (em=93, csc=[125 128])
(47,127): [128 128] (em=93, csc=[115 135])
(48,0): [128 128] (em=65, csc=[137 116])
(48,1): [128 128] (em=91, csc=[128 125])
(48,2): [144 144] (em=6, csc=[128 128])
(48,3): [144 144] (em=0, csc=[128 128])
(48,4): [144 144] (em=0, csc=[128 128])
(48,5): [144 144] (em=0, csc=[128 128])
(48,6): [144 144] (em=12, csc=[128 128])
(48,7): [73 73] (em=37, csc=[128 128])
(48,8): [48 47] (em=53, csc=[130 131])
(48,9): [216 209] (em=-55, csc=[135 125])
(48,10): [128 128] (em=-177, csc=[159  88])
(48,11): [144 142] (em=8, csc=[132 116])
(48,12): [55 66] (em=46, csc=[136 116])
(48,13): [145 141] (em=9, csc=[143 111])
(48,14): [145 141] (em=0, csc=[143 110])
(48,15): [146 141] (em=1, csc=[144 110])
(48,16): [146 141] (em=1, csc=[145 110])
(48,17): [146 141] (em=0, csc=[145 109])
(48,18): [146 141] (em=0, csc=[145 108])
(48,19): [146 141] (em=0, csc=[145 108])
(48,20): [146 141] (em=-1, csc=[145 107])
(48,21): [146 141] (em=-1, csc=[145 108])
(48,22): [146 141] (em=0, csc=[146 108])
(48,23): [146 141] (em=0, csc=[146 108])
(48,24): [146 141] (em=0, csc=[146 108])
(48,25): [146 141] (em=-1, csc=[146 107])
(48,26): [146 141] (em=0, csc=[146 107])
(48,27): [146 141] (em=0, csc=[145 106])
(48,28): [146 141] (em=-1, csc=[146 106])
(48,29): [146 141] (em=-1, csc=[146 105])
(48,30): [146 141] (em=0, csc=[147 107])
(48,31): [146 141] (em=0, csc=[147 107])
(48,32): [146 141] (em=0, csc=[147 108])
(48,33): [146 141] (em=0, csc=[146 108])
(48,34): [146 141] (em=0, csc=[146 107])
(48,35): [146 141] (em=1, csc=[146 108])
(48,36): [146 141] (em=8, csc=[146 107])
(48,37): [146 141] (em=19, csc=[148 109])
(48,38): [128 128] (em=69, csc=[141 118])
(48,39): [128 128] (em=66, csc=[140 116])
(48,40): [128 128] (em=-95, csc=[158  95])
(48,41): [128 128] (em=-102, csc=[149 108])
(48,42): [50 57] (em=49, csc=[137 124])
(48,43): [128 128] (em=104, csc=[131 125])
(48,44): [128 128] (em=68, csc=[132 117])
(48,45): [46 54] (em=52, csc=[135 122])
(48,46): [38 48] (em=57, csc=[135 120])
(48,47): [64 68] (em=42, csc=[132 122])
(48,48): [75 81] (em=34, csc=[134 120])
(48,49): [144 143] (em=30, csc=[129 124])
(48,50): [144 143] (em=23, csc=[130 123])
(48,51): [144 144] (em=20, csc=[128 128])
(48,52): [144 144] (em=12, csc=[128 128])
(48,53): [143 144] (em=8, csc=[127 128])
(48,54): [144 144] (em=1, csc=[128 128])
(48,55): [143 144] (em=2, csc=[126 128])
(48,56): [144 144] (em=0, csc=[128 128])
(48,57): [143 144] (em=0, csc=[127 128])
(48,58): [144 144] (em=0, csc=[128 128])
(48,59): [144 144] (em=0, csc=[128 128])
(48,60): [144 144] (em=0, csc=[128 128])
(48,61): [144 144] (em=0, csc=[128 128])
(48,62): [144 144] (em=0, csc=[128 128])
(48,63): [144 144] (em=0, csc=[128 128])
(48,64): [144 144] (em=0, csc=[128 128])
(48,65): [144 144] (em=0, csc=[128 128])
(48,66): [144 144] (em=0, csc=[128 128])
(48,67): [144 144] (em=0, csc=[128 128])
(48,68): [144 144] (em=0, csc=[128 128])
(48,69): [144 144] (em=0, csc=[128 128])
(48,70): [144 144] (em=0, csc=[128 128])
(48,71): [144 144] (em=0, csc=[128 128])
(48,72): [144 144] (em=0, csc=[128 128])
(48,73): [144 144] (em=0, csc=[128 128])
(48,74): [144 144] (em=0, csc=[128 128])
(48,75): [144 144] (em=0, csc=[128 128])
(48,76): [144 144] (em=0, csc=[128 128])
(48,77): [144 144] (em=0, csc=[128 128])
(48,78): [144 144] (em=0, csc=[128 128])
(48,79): [144 144] (em=0, csc=[128 128])
(48,80): [144 144] (em=0, csc=[128 128])
(48,81): [144 144] (em=0, csc=[128 128])
(48,82): [144 144] (em=0, csc=[128 128])
(48,83): [144 144] (em=0, csc=[128 128])
(48,84): [144 144] (em=0, csc=[128 128])
(48,85): [144 144] (em=0, csc=[128 128])
(48,86): [144 144] (em=0, csc=[128 128])
(48,87): [144 144] (em=0, csc=[128 128])
(48,88): [144 144] (em=0, csc=[128 128])
(48,89): [144 144] (em=0, csc=[128 128])
(48,90): [144 144] (em=0, csc=[128 128])
(48,91): [144 144] (em=0, csc=[128 128])
(48,92): [144 144] (em=0, csc=[128 128])
(48,93): [144 144] (em=0, csc=[128 128])
(48,94): [144 144] (em=0, csc=[128 128])
(48,95): [144 144] (em=0, csc=[128 128])
(48,96): [144 144] (em=0, csc=[128 128])
(48,97): [144 144] (em=0, csc=[128 128])
(48,98): [144 144] (em=0, csc=[128 128])
(48,99): [143 144] (em=0, csc=[127 128])
(48,100): [144 144] (em=0, csc=[128 128])
(48,101): [143 144] (em=5, csc=[127 128])
(48,102): [144 144] (em=13, csc=[128 128])
(48,103): [144 144] (em=24, csc=[128 128])
(48,104): [67 69] (em=40, csc=[131 126])
(48,105): [144 142] (em=27, csc=[133 119])
(48,106): [144 143] (em=30, csc=[135 124])
(48,107): [144 143] (em=-11, csc=[128 122])
(48,108): [128 128] (em=-69, csc=[132 127])
(48,109): [128 128] (em=-64, csc=[ 98 155])
(48,110): [128 128] (em=-65, csc=[131 129])
(48,111): [144 143] (em=-10, csc=[130 121])
(48,112): [64 63] (em=43, csc=[128 131])
(48,113): [144 144] (em=32, csc=[128 128])
(48,114): [144 144] (em=9, csc=[128 128])
(48,115): [144 144] (em=0, csc=[128 128])
(48,116): [144 144] (em=0, csc=[128 128])
(48,117): [144 144] (em=0, csc=[128 128])
(48,118): [144 144] (em=0, csc=[128 128])
(48,119): [144 144] (em=0, csc=[128 128])
(48,120): [144 144] (em=0, csc=[128 128])
(48,121): [144 144] (em=0, csc=[128 128])
(48,122): [144 144] (em=0, csc=[128 128])
(48,123): [144 144] (em=0, csc=[128 128])
(48,124): [144 144] (em=0, csc=[128 128])
(48,125): [144 144] (em=0, csc=[128 128])
(48,126): [128 128] (em=93, csc=[128 128])
(48,127): [128 128] (em=93, csc=[122 128])
(49,0): [128 128] (em=90, csc=[129 122])
(49,1): [128 128] (em=94, csc=[128 128])
(49,2): [144 144] (em=9, csc=[128 128])
(49,3): [144 144] (em=0, csc=[128 128])
(49,4): [144 144] (em=0, csc=[128 128])
(49,5): [144 144] (em=0, csc=[128 128])
(49,6): [144 144] (em=2, csc=[128 128])
(49,7): [144 144] (em=19, csc=[128 128])
(49,8): [39 39] (em=60, csc=[128 128])
(49,9): [144 144] (em=28, csc=[132 130])
(49,10): [128 128] (em=-66, csc=[128 131])
(49,11): [205 196] (em=-47, csc=[139 122])
(49,12): [145 141] (em=31, csc=[141 111])
(49,13): [73 85] (em=34, csc=[140 110])
(49,14): [145 141] (em=8, csc=[142 111])
(49,15): [146 141] (em=0, csc=[144 109])
(49,16): [146 141] (em=-4, csc=[146 108])
(49,17): [146 141] (em=-2, csc=[146 108])
(49,18): [146 141] (em=-3, csc=[146 107])
(49,19): [146 141] (em=-2, csc=[145 107])
(49,20): [146 141] (em=-1, csc=[145 106])
(49,21): [146 141] (em=-1, csc=[146 107])
(49,22): [146 141] (em=-1, csc=[146 107])
(49,23): [146 141] (em=0, csc=[146 108])
(49,24): [146 141] (em=0, csc=[146 107])
(49,25): [146 141] (em=0, csc=[146 107])
(49,26): [146 141] (em=0, csc=[146 107])
(49,27): [146 141] (em=0, csc=[146 107])
(49,28): [146 141] (em=0, csc=[146 106])
(49,29): [146 141] (em=0, csc=[146 106])
(49,30): [146 141] (em=0, csc=[146 106])
(49,31): [146 141] (em=0, csc=[147 107])
(49,32): [146 141] (em=0, csc=[147 107])
(49,33): [146 141] (em=1, csc=[147 108])
(49,34): [146 141] (em=1, csc=[146 108])
(49,35): [146 141] (em=0, csc=[146 108])
(49,36): [146 141] (em=-4, csc=[146 107])
(49,37): [146 141] (em=-3, csc=[145 107])
(49,38): [71 84] (em=34, csc=[145 112])
(49,39): [25 45] (em=63, csc=[141 113])
(49,40): [145 142] (em=-2, csc=[141 115])
(49,41): [128 128] (em=-140, csc=[156 123])
(49,42): [144 143] (em=-29, csc=[135 127])
(49,43): [128 128] (em=71, csc=[131 126])
(49,44): [128 128] (em=71, csc=[128 128])
(49,45): [144 144] (em=23, csc=[128 128])
(49,46): [144 143] (em=13, csc=[128 127])
(49,47): [144 144] (em=5, csc=[128 128])
(49,48): [144 143] (em=6, csc=[128 126])
(49,49): [144 144] (em=2, csc=[128 128])
(49,50): [144 143] (em=4, csc=[128 127])
(49,51): [144 144] (em=1, csc=[128 128])
(49,52): [144 144] (em=1, csc=[128 128])
(49,53): [144 144] (em=0, csc=[128 128])
(49,54): [144 144] (em=0, csc=[128 128])
(49,55): [144 144] (em=0, csc=[128 128])
(49,56): [144 144] (em=0, csc=[128 128])
(49,57): [144 144] (em=0, csc=[128 128])
(49,58): [144 144] (em=0, csc=[128 128])
(49,59): [144 144] (em=0, csc=[128 128])
(49,60): [144 144] (em=0, csc=[128 128])
(49,61): [144 144] (em=0, csc=[128 128])
(49,62): [144 144] (em=0, csc=[128 128])
(49,63): [144 144] (em=0, csc=[128 128])
(49,64): [144 144] (em=0, csc=[128 128])
(49,65): [144 144] (em=0, csc=[128 128])
(49,66): [144 144] (em=0, csc=[128 128])
(49,67): [144 144] (em=0, csc=[128 128])
(49,68): [144 144] (em=0, csc=[128 128])
(49,69): [144 144] (em=0, csc=[128 128])
(49,70): [144 144] (em=0, csc=[128 128])
(49,71): [144 144] (em=0, csc=[128 128])
(49,72): [144 144] (em=0, csc=[128 128])
(49,73): [144 144] (em=0, csc=[128 128])
(49,74): [144 144] (em=0, csc=[128 128])
(49,75): [144 144] (em=0, csc=[128 128])
(49,76): [144 144] (em=0, csc=[128 128])
(49,77): [144 144] (em=0, csc=[128 128])
(49,78): [144 144] (em=0, csc=[128 128])
(49,79): [144 144] (em=0, csc=[128 128])
(49,80): [144 144] (em=0, csc=[128 128])
(49,81): [144 144] (em=0, csc=[128 128])
(49,82): [144 144] (em=0, csc=[128 128])
(49,83): [144 144] (em=0, csc=[128 128])
(49,84): [144 144] (em=0, csc=[128 128])
(49,85): [144 144] (em=0, csc=[128 128])
(49,86): [144 144] (em=0, csc=[128 128])
(49,87): [144 144] (em=0, csc=[128 128])
(49,88): [144 144] (em=0, csc=[128 128])
(49,89): [144 144] (em=0, csc=[128 128])
(49,90): [144 144] (em=0, csc=[128 128])
(49,91): [144 144] (em=0, csc=[128 128])
(49,92): [144 144] (em=2, csc=[128 128])
(49,93): [144 144] (em=3, csc=[128 128])
(49,94): [144 144] (em=7, csc=[128 128])
(49,95): [144 144] (em=8, csc=[128 128])
(49,96): [144 143] (em=16, csc=[128 127])
(49,97): [144 144] (em=15, csc=[128 128])
(49,98): [144 144] (em=21, csc=[128 128])
(49,99): [144 144] (em=21, csc=[128 128])
(49,100): [144 144] (em=29, csc=[128 128])
(49,101): [72 72] (em=38, csc=[128 128])
(49,102): [56 54] (em=50, csc=[123 128])
(49,103): [144 144] (em=15, csc=[128 132])
(49,104): [143 143] (em=-21, csc=[126 127])
(49,105): [223 216] (em=-59, csc=[136 127])
(49,106): [128 128] (em=-163, csc=[160  97])
(49,107): [128 128] (em=-89, csc=[138 125])
(49,108): [143 143] (em=-26, csc=[127 124])
(49,109): [143 144] (em=16, csc=[127 134])
(49,110): [61 53] (em=49, csc=[118 132])
(49,111): [144 144] (em=31, csc=[128 128])
(49,112): [144 144] (em=16, csc=[128 128])
(49,113): [144 144] (em=8, csc=[128 128])
(49,114): [144 144] (em=0, csc=[128 128])
(49,115): [144 144] (em=0, csc=[128 128])
(49,116): [144 144] (em=0, csc=[128 128])
(49,117): [144 144] (em=0, csc=[128 128])
(49,118): [144 144] (em=0, csc=[128 128])
(49,119): [144 144] (em=0, csc=[128 128])
(49,120): [144 144] (em=0, csc=[128 128])
(49,121): [144 144] (em=0, csc=[128 128])
(49,122): [144 144] (em=0, csc=[128 128])
(49,123): [144 144] (em=0, csc=[128 128])
(49,124): [144 144] (em=0, csc=[128 128])
(49,125): [144 144] (em=0, csc=[128 128])
(49,126): [128 128] (em=93, csc=[125 128])
(49,127): [128 128] (em=93, csc=[115 135])
(50,0): [128 128] (em=65, csc=[137 116])
(50,1): [128 128] (em=91, csc=[128 125])
(50,2): [144 144] (em=6, csc=[128 128])
(50,3): [144 144] (em=0, csc=[128 128])
(50,4): [144 144] (em=0, csc=[128 128])
(50,5): [144 144] (em=0, csc=[128 128])
(50,6): [144 144] (em=0, csc=[128 128])
(50,7): [144 144] (em=5, csc=[128 128])
(50,8): [79 79] (em=33, csc=[128 128])
(50,9): [128 128] (em=66, csc=[126 128])
(50,10): [145 143] (em=-12, csc=[136 124])
(50,11): [128 128] (em=-173, csc=[158  93])
(50,12): [146 142] (em=-19, csc=[145 115])
(50,13): [55 68] (em=45, csc=[140 114])
(50,14): [145 141] (em=31, csc=[141 111])
(50,15): [146 141] (em=-3, csc=[146 107])
(50,16): [146 141] (em=-4, csc=[147 108])
(50,17): [146 141] (em=-1, csc=[146 107])
(50,18): [146 141] (em=-1, csc=[147 107])
(50,19): [146 141] (em=0, csc=[146 106])
(50,20): [146 141] (em=0, csc=[146 107])
(50,21): [146 141] (em=0, csc=[146 106])
(50,22): [146 141] (em=0, csc=[146 107])
(50,23): [146 141] (em=0, csc=[146 107])
(50,24): [146 141] (em=0, csc=[146 107])
(50,25): [146 141] (em=-1, csc=[146 106])
(50,26): [146 141] (em=0, csc=[146 106])
(50,27): [146 141] (em=1, csc=[146 107])
(50,28): [146 141] (em=0, csc=[146 107])
(50,29): [146 141] (em=0, csc=[146 106])
(50,30): [146 141] (em=0, csc=[147 105])
(50,31): [146 141] (em=0, csc=[146 106])
(50,32): [146 141] (em=0, csc=[147 107])
(50,33): [146 141] (em=0, csc=[147 107])
(50,34): [146 141] (em=2, csc=[147 108])
(50,35): [146 141] (em=0, csc=[147 109])
(50,36): [146 141] (em=-4, csc=[147 107])
(50,37): [146 141] (em=-4, csc=[146 106])
(50,38): [145 141] (em=14, csc=[142 110])
(50,39): [43 61] (em=51, csc=[143 113])
(50,40): [50 62] (em=48, csc=[139 118])
(50,41): [128 128] (em=-88, csc=[140 114])
(50,42): [128 128] (em=-155, csc=[156 123])
(50,43): [144 144] (em=17, csc=[130 130])
(50,44): [128 128] (em=78, csc=[127 128])
(50,45): [144 143] (em=23, csc=[128 127])
(50,46): [144 144] (em=2, csc=[128 128])
(50,47): [144 144] (em=0, csc=[128 128])
(50,48): [144 144] (em=0, csc=[128 128])
(50,49): [144 144] (em=0, csc=[128 128])
(50,50): [144 144] (em=0, csc=[128 128])
(50,51): [144 144] (em=0, csc=[128 128])
(50,52): [144 144] (em=0, csc=[128 128])
(50,53): [144 144] (em=0, csc=[128 128])
(50,54): [144 144] (em=0, csc=[128 128])
(50,55): [144 144] (em=0, csc=[128 128])
(50,56): [144 144] (em=0, csc=[128 128])
(50,57): [144 144] (em=0, csc=[128 128])
(50,58): [144 144] (em=0, csc=[128 128])
(50,59): [144 144] (em=0, csc=[128 128])
(50,60): [144 144] (em=0, csc=[128 128])
(50,61): [144 144] (em=0, csc=[128 128])
(50,62): [144 144] (em=0, csc=[128 128])
(50,63): [144 144] (em=0, csc=[128 128])
(50,64): [144 144] (em=0, csc=[128 128])
(50,65): [144 144] (em=0, csc=[128 128])
(50,66): [144 144] (em=0, csc=[128 128])
(50,67): [144 144] (em=0, csc=[128 128])
(50,68): [144 144] (em=0, csc=[128 128])
(50,69): [144 144] (em=0, csc=[128 128])
(50,70): [144 144] (em=0, csc=[128 128])
(50,71): [144 144] (em=0, csc=[128 128])
(50,72): [144 144] (em=0, csc=[128 128])
(50,73): [144 144] (em=0, csc=[128 128])
(50,74): [144 144] (em=0, csc=[128 128])
(50,75): [144 144] (em=0, csc=[128 128])
(50,76): [144 144] (em=0, csc=[128 128])
(50,77): [144 144] (em=0, csc=[128 128])
(50,78): [144 144] (em=0, csc=[128 128])
(50,79): [144 144] (em=0, csc=[128 128])
(50,80): [144 144] (em=0, csc=[128 128])
(50,81): [144 144] (em=0, csc=[128 128])
(50,82): [144 144] (em=0, csc=[128 128])
(50,83): [144 144] (em=0, csc=[128 128])
(50,84): [144 144] (em=0, csc=[128 128])
(50,85): [144 144] (em=0, csc=[128 128])
(50,86): [144 144] (em=0, csc=[128 128])
(50,87): [144 144] (em=0, csc=[128 128])
(50,88): [144 144] (em=0, csc=[128 128])
(50,89): [144 144] (em=0, csc=[128 128])
(50,90): [144 144] (em=0, csc=[128 128])
(50,91): [144 144] (em=0, csc=[128 128])
(50,92): [144 144] (em=9, csc=[128 128])
(50,93): [144 144] (em=23, csc=[128 128])
(50,94): [144 143] (em=23, csc=[132 121])
(50,95): [144 142] (em=27, csc=[135 119])
(50,96): [61 68] (em=43, csc=[135 120])
(50,97): [68 76] (em=38, csc=[137 118])
(50,98): [145 142] (em=30, csc=[140 116])
(50,99): [145 142] (em=25, csc=[138 119])
(50,100): [47 55] (em=51, csc=[137 123])
(50,101): [144 142] (em=14, csc=[135 116])
(50,102): [144 143] (em=-4, csc=[135 126])
(50,103): [128 128] (em=-71, csc=[101 140])
(50,104): [217 213] (em=-57, csc=[132 126])
(50,105): [143 143] (em=-7, csc=[125 124])
(50,106): [144 143] (em=13, csc=[135 123])
(50,107): [145 142] (em=10, csc=[137 117])
(50,108): [63 65] (em=43, csc=[131 126])
(50,109): [144 144] (em=30, csc=[128 128])
(50,110): [143 144] (em=14, csc=[127 128])
(50,111): [143 144] (em=5, csc=[127 128])
(50,112): [144 144] (em=0, csc=[128 128])
(50,113): [144 144] (em=0, csc=[128 128])
(50,114): [144 144] (em=0, csc=[128 128])
(50,115): [144 144] (em=0, csc=[128 128])
(50,116): [144 144] (em=0, csc=[128 128])
(50,117): [144 144] (em=0, csc=[128 128])
(50,118): [144 144] (em=0, csc=[128 128])
(50,119): [144 144] (em=0, csc=[128 128])
(50,120): [144 144] (em=0, csc=[128 128])
(50,121): [144 144] (em=0, csc=[128 128])
(50,122): [144 144] (em=0, csc=[128 128])
(50,123): [144 144] (em=0, csc=[128 128])
(50,124): [144 144] (em=0, csc=[128 128])
(50,125): [144 144] (em=0, csc=[128 128])
(50,126): [128 128] (em=93, csc=[128 128])
(50,127): [128 128] (em=93, csc=[122 128])
(51,0): [128 128] (em=90, csc=[129 122])
(51,1): [128 128] (em=94, csc=[128 128])
(51,2): [144 144] (em=9, csc=[128 128])
(51,3): [144 144] (em=0, csc=[128 128])
(51,4): [144 144] (em=0, csc=[128 128])
(51,5): [144 144] (em=0, csc=[128 128])
(51,6): [144 144] (em=0, csc=[128 128])
(51,7): [144 144] (em=0, csc=[128 128])
(51,8): [144 144] (em=15, csc=[128 128])
(51,9): [45 45] (em=56, csc=[128 128])
(51,10): [59 65] (em=45, csc=[132 121])
(51,11): [228 223] (em=-63, csc=[135 128])
(51,12): [128 128] (em=-134, csc=[148  93])
(51,13): [145 142] (em=21, csc=[141 115])
(51,14): [49 65] (em=48, csc=[142 113])
(51,15): [146 141] (em=3, csc=[146 107])
(51,16): [146 141] (em=-6, csc=[147 106])
(51,17): [146 141] (em=-1, csc=[147 107])
(51,18): [146 141] (em=0, csc=[146 107])
(51,19): [146 141] (em=0, csc=[146 107])
(51,20): [146 141] (em=0, csc=[146 107])
(51,21): [146 141] (em=0, csc=[146 107])
(51,22): [146 141] (em=0, csc=[146 107])
(51,23): [146 141] (em=0, csc=[146 107])
(51,24): [146 141] (em=0, csc=[146 107])
(51,25): [146 141] (em=0, csc=[146 107])
(51,26): [146 141] (em=1, csc=[146 107])
(51,27): [146 141] (em=1, csc=[146 107])
(51,28): [146 141] (em=0, csc=[147 107])
(51,29): [146 141] (em=0, csc=[146 106])
(51,30): [146 141] (em=0, csc=[146 106])
(51,31): [146 141] (em=0, csc=[147 106])
(51,32): [146 141] (em=-1, csc=[147 106])
(51,33): [146 141] (em=0, csc=[147 107])
(51,34): [146 141] (em=0, csc=[147 107])
(51,35): [146 141] (em=1, csc=[147 108])
(51,36): [146 141] (em=-3, csc=[146 107])
(51,37): [146 141] (em=-3, csc=[146 107])
(51,38): [146 141] (em=0, csc=[145 107])
(51,39): [70 83] (em=36, csc=[140 107])
(51,40): [35 57] (em=55, csc=[145 110])
(51,41): [219 203] (em=-53, csc=[146 120])
(51,42): [128 128] (em=-149, csc=[128 128])
(51,43): [143 144] (em=-3, csc=[123 132])
(51,44): [128 128] (em=81, csc=[131 124])
(51,45): [144 144] (em=26, csc=[128 128])
(51,46): [144 144] (em=1, csc=[128 128])
(51,47): [144 144] (em=0, csc=[128 128])
(51,48): [144 144] (em=0, csc=[128 128])
(51,49): [144 144] (em=0, csc=[128 128])
(51,50): [144 144] (em=0, csc=[128 128])
(51,51): [144 144] (em=0, csc=[128 128])
(51,52): [144 144] (em=0, csc=[128 128])
(51,53): [144 144] (em=0, csc=[128 128])
(51,54): [144 144] (em=0, csc=[128 128])
(51,55): [144 144] (em=0, csc=[128 128])
(51,56): [144 144] (em=0, csc=[128 128])
(51,57): [144 144] (em=0, csc=[128 128])
(51,58): [144 144] (em=0, csc=[128 128])
(51,59): [144 144] (em=0, csc=[128 128])
(51,60): [144 144] (em=0, csc=[128 128])
(51,61): [144 144] (em=0, csc=[128 128])
(51,62): [144 144] (em=0, csc=[128 128])
(51,63): [144 144] (em=0, csc=[128 128])
(51,64): [144 144] (em=0, csc=[128 128])
(51,65): [144 144] (em=0, csc=[128 128])
(51,66): [144 144] (em=0, csc=[128 128])
(51,67): [144 144] (em=0, csc=[128 128])
(51,68): [144 144] (em=0, csc=[128 128])
(51,69): [144 144] (em=0, csc=[128 128])
(51,70): [144 144] (em=0, csc=[128 128])
(51,71): [144 144] (em=0, csc=[128 128])
(51,72): [144 144] (em=0, csc=[128 128])
(51,73): [144 144] (em=0, csc=[128 128])
(51,74): [144 144] (em=0, csc=[128 128])
(51,75): [144 144] (em=0, csc=[128 128])
(51,76): [144 144] (em=0, csc=[128 128])
(51,77): [144 144] (em=0, csc=[128 128])
(51,78): [144 144] (em=0, csc=[128 128])
(51,79): [144 144] (em=0, csc=[128 128])
(51,80): [144 144] (em=0, csc=[128 128])
(51,81): [144 144] (em=0, csc=[128 128])
(51,82): [144 144] (em=0, csc=[128 128])
(51,83): [144 144] (em=0, csc=[128 128])
(51,84): [144 144] (em=0, csc=[128 128])
(51,85): [144 144] (em=0, csc=[128 128])
(51,86): [144 144] (em=0, csc=[128 128])
(51,87): [144 144] (em=0, csc=[128 128])
(51,88): [144 144] (em=0, csc=[128 128])
(51,89): [144 144] (em=0, csc=[128 128])
(51,90): [144 144] (em=0, csc=[128 128])
(51,91): [144 144] (em=0, csc=[128 128])
(51,92): [143 144] (em=15, csc=[127 128])
(51,93): [51 51] (em=52, csc=[128 127])
(51,94): [145 142] (em=18, csc=[136 119])
(51,95): [128 128] (em=-85, csc=[149 110])
(51,96): [128 128] (em=-148, csc=[155  91])
(51,97): [128 128] (em=-114, csc=[152 101])
(51,98): [128 128] (em=-118, csc=[153  98])
(51,99): [128 128] (em=-90, csc=[159 108])
(51,100): [128 128] (em=-138, csc=[160  98])
(51,101): [128 128] (em=-95, csc=[150 113])
(51,102): [128 128] (em=-133, csc=[149  97])
(51,103): [144 144] (em=-11, csc=[129 131])
(51,104): [53 47] (em=54, csc=[119 129])
(51,105): [68 67] (em=41, csc=[125 127])
(51,106): [144 144] (em=29, csc=[128 128])
(51,107): [144 144] (em=15, csc=[128 128])
(51,108): [144 143] (em=8, csc=[128 126])
(51,109): [144 144] (em=5, csc=[128 128])
(51,110): [144 144] (em=1, csc=[128 128])
(51,111): [144 144] (em=0, csc=[128 128])
(51,112): [144 144] (em=0, csc=[128 128])
(51,113): [144 144] (em=0, csc=[128 128])
(51,114): [144 144] (em=0, csc=[128 128])
(51,115): [144 144] (em=0, csc=[128 128])
(51,116): [144 144] (em=0, csc=[128 128])
(51,117): [144 144] (em=0, csc=[128 128])
(51,118): [144 144] (em=0, csc=[128 128])
(51,119): [144 144] (em=0, csc=[128 128])
(51,120): [144 144] (em=0, csc=[128 128])
(51,121): [144 144] (em=0, csc=[128 128])
(51,122): [144 144] (em=0, csc=[128 128])
(51,123): [144 144] (em=0, csc=[128 128])
(51,124): [144 144] (em=0, csc=[128 128])
(51,125): [144 144] (em=0, csc=[128 128])
(51,126): [128 128] (em=93, csc=[125 128])
(51,127): [128 128] (em=93, csc=[115 135])
(52,0): [128 128] (em=65, csc=[137 116])
(52,1): [128 128] (em=91, csc=[128 125])
(52,2): [144 144] (em=6, csc=[128 128])
(52,3): [144 144] (em=0, csc=[128 128])
(52,4): [144 144] (em=0, csc=[128 128])
(52,5): [144 144] (em=0, csc=[128 128])
(52,6): [144 144] (em=0, csc=[128 128])
(52,7): [144 144] (em=0, csc=[128 128])
(52,8): [144 144] (em=5, csc=[128 128])
(52,9): [144 144] (em=28, csc=[128 128])
(52,10): [128 128] (em=76, csc=[127 128])
(52,11): [144 143] (em=2, csc=[128 127])
(52,12): [128 128] (em=-158, csc=[165 110])
(52,13): [145 142] (em=-32, csc=[136 114])
(52,14): [47 62] (em=50, csc=[140 113])
(52,15): [146 141] (em=15, csc=[147 106])
(52,16): [146 141] (em=1, csc=[146 107])
(52,17): [146 141] (em=1, csc=[146 108])
(52,18): [146 141] (em=0, csc=[146 107])
(52,19): [146 141] (em=0, csc=[146 106])
(52,20): [146 141] (em=0, csc=[146 106])
(52,21): [146 141] (em=0, csc=[146 107])
(52,22): [146 141] (em=0, csc=[146 107])
(52,23): [146 141] (em=0, csc=[146 108])
(52,24): [146 141] (em=0, csc=[146 107])
(52,25): [146 141] (em=-1, csc=[146 106])
(52,26): [146 141] (em=0, csc=[146 107])
(52,27): [146 141] (em=0, csc=[146 107])
(52,28): [146 141] (em=0, csc=[147 107])
(52,29): [146 141] (em=0, csc=[146 106])
(52,30): [146 141] (em=0, csc=[147 106])
(52,31): [146 141] (em=-1, csc=[147 106])
(52,32): [146 141] (em=-1, csc=[147 106])
(52,33): [146 141] (em=0, csc=[147 106])
(52,34): [146 141] (em=0, csc=[147 107])
(52,35): [146 141] (em=0, csc=[147 107])
(52,36): [146 141] (em=-3, csc=[147 107])
(52,37): [146 141] (em=-4, csc=[147 107])
(52,38): [145 141] (em=19, csc=[141 111])
(52,39): [45 62] (em=50, csc=[143 114])
(52,40): [56 67] (em=44, csc=[140 120])
(52,41): [128 128] (em=-106, csc=[143 114])
(52,42): [128 128] (em=-161, csc=[160 122])
(52,43): [144 144] (em=28, csc=[128 130])
(52,44): [128 128] (em=72, csc=[128 127])
(52,45): [144 143] (em=19, csc=[128 127])
(52,46): [144 144] (em=1, csc=[128 128])
(52,47): [144 144] (em=0, csc=[128 128])
(52,48): [144 144] (em=0, csc=[128 128])
(52,49): [144 144] (em=0, csc=[128 128])
(52,50): [144 144] (em=0, csc=[128 128])
(52,51): [144 144] (em=0, csc=[128 128])
(52,52): [144 144] (em=0, csc=[128 128])
(52,53): [144 144] (em=0, csc=[128 128])
(52,54): [144 144] (em=0, csc=[128 128])
(52,55): [144 144] (em=0, csc=[128 128])
(52,56): [144 144] (em=0, csc=[128 128])
(52,57): [144 144] (em=0, csc=[128 128])
(52,58): [144 144] (em=0, csc=[128 128])
(52,59): [144 144] (em=0, csc=[128 128])
(52,60): [144 144] (em=0, csc=[128 128])
(52,61): [144 144] (em=0, csc=[128 128])
(52,62): [144 144] (em=0, csc=[128 128])
(52,63): [144 144] (em=0, csc=[128 128])
(52,64): [144 144] (em=0, csc=[128 128])
(52,65): [144 144] (em=0, csc=[128 128])
(52,66): [144 144] (em=0, csc=[128 128])
(52,67): [144 144] (em=0, csc=[128 128])
(52,68): [144 144] (em=0, csc=[128 128])
(52,69): [144 144] (em=0, csc=[128 128])
(52,70): [144 144] (em=0, csc=[128 128])
(52,71): [144 144] (em=0, csc=[128 128])
(52,72): [144 144] (em=0, csc=[128 128])
(52,73): [144 144] (em=0, csc=[128 128])
(52,74): [144 144] (em=0, csc=[128 128])
(52,75): [144 144] (em=0, csc=[128 128])
(52,76): [144 144] (em=0, csc=[128 128])
(52,77): [144 144] (em=0, csc=[128 128])
(52,78): [144 144] (em=0, csc=[128 128])
(52,79): [144 144] (em=0, csc=[128 128])
(52,80): [144 144] (em=0, csc=[128 128])
(52,81): [144 144] (em=0, csc=[128 128])
(52,82): [144 144] (em=0, csc=[128 128])
(52,83): [144 144] (em=0, csc=[128 128])
(52,84): [144 144] (em=0, csc=[128 128])
(52,85): [144 144] (em=0, csc=[128 128])
(52,86): [144 144] (em=0, csc=[128 128])
(52,87): [144 144] (em=0, csc=[128 128])
(52,88): [144 144] (em=0, csc=[128 128])
(52,89): [144 144] (em=0, csc=[128 128])
(52,90): [144 144] (em=0, csc=[128 128])
(52,91): [144 144] (em=0, csc=[128 128])
(52,92): [144 144] (em=18, csc=[128 128])
(52,93): [128 128] (em=73, csc=[128 128])
(52,94): [61 68] (em=42, csc=[137 123])
(52,95): [128 128] (em=-164, csc=[155  91])
(52,96): [128 128] (em=-137, csc=[171 120])
(52,97): [33 38] (em=62, csc=[132 124])
(52,98): [128 128] (em=87, csc=[135 121])
(52,99): [66 74] (em=39, csc=[137 119])
(52,100): [68 78] (em=37, csc=[140 116])
(52,101): [145 142] (em=23, csc=[139 117])
(52,102): [68 75] (em=38, csc=[135 121])
(52,103): [144 143] (em=30, csc=[129 124])
(52,104): [79 79] (em=33, csc=[128 128])
(52,105): [144 144] (em=10, csc=[128 128])
(52,106): [144 144] (em=2, csc=[128 128])
(52,107): [144 144] (em=0, csc=[128 128])
(52,108): [144 144] (em=0, csc=[128 128])
(52,109): [144 144] (em=0, csc=[128 128])
(52,110): [144 144] (em=0, csc=[128 128])
(52,111): [144 144] (em=0, csc=[128 128])
(52,112): [144 144] (em=0, csc=[128 128])
(52,113): [144 144] (em=0, csc=[128 128])
(52,114): [144 144] (em=0, csc=[128 128])
(52,115): [144 144] (em=0, csc=[128 128])
(52,116): [144 144] (em=0, csc=[128 128])
(52,117): [144 144] (em=0, csc=[128 128])
(52,118): [144 144] (em=0, csc=[128 128])
(52,119): [144 144] (em=0, csc=[128 128])
(52,120): [144 144] (em=0, csc=[128 128])
(52,121): [144 144] (em=0, csc=[128 128])
(52,122): [144 144] (em=0, csc=[128 128])
(52,123): [144 144] (em=0, csc=[128 128])
(52,124): [144 144] (em=0, csc=[128 128])
(52,125): [144 144] (em=0, csc=[128 128])
(52,126): [128 128] (em=93, csc=[128 128])
(52,127): [128 128] (em=93, csc=[122 128])
(53,0): [128 128] (em=90, csc=[129 122])
(53,1): [128 128] (em=94, csc=[128 128])
(53,2): [144 144] (em=9, csc=[128 128])
(53,3): [144 144] (em=0, csc=[128 128])
(53,4): [144 144] (em=0, csc=[128 128])
(53,5): [144 144] (em=0, csc=[128 128])
(53,6): [144 144] (em=0, csc=[128 128])
(53,7): [144 144] (em=0, csc=[128 128])
(53,8): [144 144] (em=0, csc=[128 128])
(53,9): [144 144] (em=11, csc=[128 128])
(53,10): [46 46] (em=55, csc=[128 128])
(53,11): [48 49] (em=53, csc=[130 128])
(53,12): [199 201] (em=-48, csc=[125 128])
(53,13): [128 128] (em=-80, csc=[142 119])
(53,14): [146 141] (em=6, csc=[145 106])
(53,15): [145 141] (em=31, csc=[143 107])
(53,16): [146 141] (em=8, csc=[146 108])
(53,17): [146 141] (em=0, csc=[146 107])
(53,18): [146 141] (em=-1, csc=[146 107])
(53,19): [146 141] (em=0, csc=[146 107])
(53,20): [146 141] (em=0, csc=[146 106])
(53,21): [146 141] (em=0, csc=[146 107])
(53,22): [146 141] (em=0, csc=[146 107])
(53,23): [146 141] (em=1, csc=[147 108])
(53,24): [146 141] (em=1, csc=[146 107])
(53,25): [146 141] (em=0, csc=[146 107])
(53,26): [146 141] (em=0, csc=[146 107])
(53,27): [146 141] (em=0, csc=[146 107])
(53,28): [146 141] (em=0, csc=[147 106])
(53,29): [146 141] (em=0, csc=[147 106])
(53,30): [146 141] (em=0, csc=[147 106])
(53,31): [146 141] (em=0, csc=[147 106])
(53,32): [146 141] (em=0, csc=[148 106])
(53,33): [146 141] (em=0, csc=[147 106])
(53,34): [146 141] (em=-1, csc=[147 106])
(53,35): [146 141] (em=-2, csc=[146 107])
(53,36): [146 141] (em=-5, csc=[146 106])
(53,37): [146 141] (em=6, csc=[144 107])
(53,38): [67 79] (em=37, csc=[143 115])
(53,39): [69 79] (em=36, csc=[142 118])
(53,40): [196 186] (em=-41, csc=[140 120])
(53,41): [128 128] (em=-113, csc=[121 148])
(53,42): [144 144] (em=-1, csc=[133 131])
(53,43): [40 42] (em=57, csc=[132 129])
(53,44): [63 63] (em=44, csc=[128 128])
(53,45): [144 144] (em=8, csc=[128 128])
(53,46): [144 144] (em=0, csc=[128 128])
(53,47): [144 144] (em=0, csc=[128 128])
(53,48): [144 144] (em=0, csc=[128 128])
(53,49): [144 144] (em=0, csc=[128 128])
(53,50): [144 144] (em=0, csc=[128 128])
(53,51): [144 144] (em=0, csc=[128 128])
(53,52): [144 144] (em=0, csc=[128 128])
(53,53): [144 144] (em=0, csc=[128 128])
(53,54): [144 144] (em=0, csc=[128 128])
(53,55): [144 144] (em=0, csc=[128 128])
(53,56): [144 144] (em=0, csc=[128 128])
(53,57): [144 144] (em=0, csc=[128 128])
(53,58): [144 144] (em=0, csc=[128 128])
(53,59): [144 144] (em=0, csc=[128 128])
(53,60): [144 144] (em=0, csc=[128 128])
(53,61): [144 144] (em=0, csc=[128 128])
(53,62): [144 144] (em=0, csc=[128 128])
(53,63): [144 144] (em=0, csc=[128 128])
(53,64): [144 144] (em=0, csc=[128 128])
(53,65): [144 144] (em=0, csc=[128 128])
(53,66): [144 144] (em=0, csc=[128 128])
(53,67): [144 144] (em=0, csc=[128 128])
(53,68): [144 144] (em=0, csc=[128 128])
(53,69): [144 144] (em=0, csc=[128 128])
(53,70): [144 144] (em=0, csc=[128 128])
(53,71): [144 144] (em=0, csc=[128 128])
(53,72): [144 144] (em=0, csc=[128 128])
(53,73): [144 144] (em=0, csc=[128 128])
(53,74): [144 144] (em=0, csc=[128 128])
(53,75): [144 144] (em=0, csc=[128 128])
(53,76): [144 144] (em=0, csc=[128 128])
(53,77): [144 144] (em=0, csc=[128 128])
(53,78): [144 144] (em=0, csc=[128 128])
(53,79): [144 144] (em=0, csc=[128 128])
(53,80): [144 144] (em=0, csc=[128 128])
(53,81): [144 144] (em=0, csc=[128 128])
(53,82): [144 144] (em=0, csc=[128 128])
(53,83): [144 144] (em=0, csc=[128 128])
(53,84): [144 144] (em=0, csc=[128 128])
(53,85): [144 144] (em=0, csc=[128 128])
(53,86): [144 144] (em=0, csc=[128 128])
(53,87): [144 144] (em=0, csc=[128 128])
(53,88): [144 144] (em=0, csc=[128 128])
(53,89): [144 144] (em=0, csc=[128 128])
(53,90): [144 144] (em=0, csc=[128 128])
(53,91): [144 144] (em=0, csc=[128 128])
(53,92): [144 144] (em=19, csc=[128 128])
(53,93): [128 128] (em=84, csc=[128 128])
(53,94): [66 73] (em=39, csc=[136 122])
(53,95): [128 128] (em=-109, csc=[148 141])
(53,96): [128 128] (em=-68, csc=[126 134])
(53,97): [128 128] (em=86, csc=[128 129])
(53,98): [128 128] (em=85, csc=[128 128])
(53,99): [144 144] (em=23, csc=[128 128])
(53,100): [144 144] (em=20, csc=[128 128])
(53,101): [144 143] (em=11, csc=[128 127])
(53,102): [144 143] (em=9, csc=[128 126])
(53,103): [144 144] (em=5, csc=[128 128])
(53,104): [144 143] (em=4, csc=[128 127])
(53,105): [144 144] (em=0, csc=[128 128])
(53,106): [144 144] (em=0, csc=[128 128])
(53,107): [144 144] (em=0, csc=[128 128])
(53,108): [144 144] (em=0, csc=[128 128])
(53,109): [144 144] (em=0, csc=[128 128])
(53,110): [144 144] (em=0, csc=[128 128])
(53,111): [144 144] (em=0, csc=[128 128])
(53,112): [144 144] (em=0, csc=[128 128])
(53,113): [144 144] (em=0, csc=[128 128])
(53,114): [144 144] (em=0, csc=[128 128])
(53,115): [144 144] (em=0, csc=[128 128])
(53,116): [144 144] (em=0, csc=[128 128])
(53,117): [144 144] (em=0, csc=[128 128])
(53,118): [144 144] (em=0, csc=[128 128])
(53,119): [144 144] (em=0, csc=[128 128])
(53,120): [144 144] (em=0, csc=[128 128])
(53,121): [144 144] (em=0, csc=[128 128])
(53,122): [144 144] (em=0, csc=[128 128])
(53,123): [144 144] (em=0, csc=[128 128])
(53,124): [144 144] (em=0, csc=[128 128])
(53,125): [144 144] (em=0, csc=[128 128])
(53,126): [128 128] (em=93, csc=[125 128])
(53,127): [128 128] (em=93, csc=[115 135])
(54,0): [128 128] (em=65, csc=[137 116])
(54,1): [128 128] (em=91, csc=[128 125])
(54,2): [144 144] (em=6, csc=[128 128])
(54,3): [144 144] (em=0, csc=[128 128])
(54,4): [144 144] (em=0, csc=[128 128])
(54,5): [144 144] (em=0, csc=[128 128])
(54,6): [144 144] (em=0, csc=[128 128])
(54,7): [144 144] (em=0, csc=[128 128])
(54,8): [144 144] (em=0, csc=[128 128])
(54,9): [144 144] (em=2, csc=[128 128])
(54,10): [144 144] (em=29, csc=[128 128])
(54,11): [128 128] (em=68, csc=[125 129])
(54,12): [144 143] (em=-1, csc=[132 123])
(54,13): [128 128] (em=-166, csc=[153  91])
(54,14): [210 190] (em=-47, csc=[147 112])
(54,15): [60 72] (em=42, csc=[140 115])
(54,16): [72 84] (em=34, csc=[142 112])
(54,17): [146 141] (em=1, csc=[146 107])
(54,18): [146 141] (em=-4, csc=[146 107])
(54,19): [146 141] (em=0, csc=[146 106])
(54,20): [146 141] (em=0, csc=[146 106])
(54,21): [146 141] (em=0, csc=[146 106])
(54,22): [146 141] (em=0, csc=[146 107])
(54,23): [146 141] (em=1, csc=[147 107])
(54,24): [146 141] (em=0, csc=[147 107])
(54,25): [146 141] (em=-1, csc=[147 106])
(54,26): [146 141] (em=0, csc=[146 106])
(54,27): [146 141] (em=0, csc=[146 107])
(54,28): [146 141] (em=0, csc=[147 106])
(54,29): [146 141] (em=0, csc=[147 105])
(54,30): [146 141] (em=0, csc=[147 106])
(54,31): [146 141] (em=0, csc=[147 106])
(54,32): [146 141] (em=0, csc=[147 106])
(54,33): [146 141] (em=-1, csc=[147 106])
(54,34): [146 141] (em=-3, csc=[148 106])
(54,35): [146 141] (em=1, csc=[146 108])
(54,36): [145 141] (em=18, csc=[141 110])
(54,37): [146 142] (em=31, csc=[144 114])
(54,38): [54 63] (em=46, csc=[139 122])
(54,39): [191 180] (em=-38, csc=[141 116])
(54,40): [128 128] (em=-159, csc=[154 123])
(54,41): [144 144] (em=-23, csc=[133 135])
(54,42): [33 28] (em=63, csc=[129 136])
(54,43): [67 67] (em=41, csc=[128 128])
(54,44): [144 144] (em=13, csc=[128 128])
(54,45): [144 144] (em=1, csc=[128 128])
(54,46): [144 144] (em=0, csc=[128 128])
(54,47): [144 144] (em=0, csc=[128 128])
(54,48): [144 144] (em=0, csc=[128 128])
(54,49): [144 144] (em=0, csc=[128 128])
(54,50): [144 144] (em=0, csc=[128 128])
(54,51): [144 144] (em=0, csc=[128 128])
(54,52): [144 144] (em=0, csc=[128 128])
(54,53): [144 144] (em=0, csc=[128 128])
(54,54): [144 144] (em=0, csc=[128 128])
(54,55): [144 144] (em=0, csc=[128 128])
(54,56): [144 144] (em=0, csc=[128 128])
(54,57): [144 144] (em=0, csc=[128 128])
(54,58): [144 144] (em=0, csc=[128 128])
(54,59): [144 144] (em=0, csc=[128 128])
(54,60): [144 144] (em=0, csc=[128 128])
(54,61): [144 144] (em=0, csc=[128 128])
(54,62): [144 144] (em=0, csc=[128 128])
(54,63): [144 144] (em=0, csc=[128 128])
(54,64): [144 144] (em=0, csc=[128 128])
(54,65): [144 144] (em=0, csc=[128 128])
(54,66): [144 144] (em=0, csc=[128 128])
(54,67): [144 144] (em=0, csc=[128 128])
(54,68): [144 144] (em=0, csc=[128 128])
(54,69): [144 144] (em=0, csc=[128 128])
(54,70): [144 144] (em=0, csc=[128 128])
(54,71): [144 144] (em=0, csc=[128 128])
(54,72): [144 144] (em=0, csc=[128 128])
(54,73): [144 144] (em=0, csc=[128 128])
(54,74): [144 144] (em=0, csc=[128 128])
(54,75): [144 144] (em=0, csc=[128 128])
(54,76): [144 144] (em=0, csc=[128 128])
(54,77): [144 144] (em=0, csc=[128 128])
(54,78): [144 144] (em=0, csc=[128 128])
(54,79): [144 144] (em=0, csc=[128 128])
(54,80): [144 144] (em=0, csc=[128 128])
(54,81): [144 144] (em=0, csc=[128 128])
(54,82): [144 144] (em=0, csc=[128 128])
(54,83): [144 144] (em=0, csc=[128 128])
(54,84): [144 144] (em=0, csc=[128 128])
(54,85): [144 144] (em=0, csc=[128 128])
(54,86): [144 144] (em=0, csc=[128 128])
(54,87): [144 144] (em=0, csc=[128 128])
(54,88): [144 144] (em=0, csc=[128 128])
(54,89): [144 144] (em=0, csc=[128 128])
(54,90): [144 144] (em=0, csc=[128 128])
(54,91): [144 144] (em=0, csc=[128 128])
(54,92): [144 144] (em=18, csc=[128 128])
(54,93): [128 128] (em=78, csc=[128 128])
(54,94): [145 143] (em=24, csc=[137 121])
(54,95): [128 128] (em=-181, csc=[143  98])
(54,96): [128 128] (em=-105, csc=[139 129])
(54,97): [128 128] (em=67, csc=[122 132])
(54,98): [128 128] (em=71, csc=[128 128])
(54,99): [144 144] (em=15, csc=[128 128])
(54,100): [144 144] (em=2, csc=[128 128])
(54,101): [144 144] (em=0, csc=[128 128])
(54,102): [144 144] (em=0, csc=[128 128])
(54,103): [144 144] (em=0, csc=[128 128])
(54,104): [144 144] (em=0, csc=[128 128])
(54,105): [144 144] (em=0, csc=[128 128])
(54,106): [144 144] (em=0, csc=[128 128])
(54,107): [144 144] (em=0, csc=[128 128])
(54,108): [144 144] (em=0, csc=[128 128])
(54,109): [144 144] (em=0, csc=[128 128])
(54,110): [144 144] (em=0, csc=[128 128])
(54,111): [144 144] (em=0, csc=[128 128])
(54,112): [144 144] (em=0, csc=[128 128])
(54,113): [144 144] (em=0, csc=[128 128])
(54,114): [144 144] (em=0, csc=[128 128])
(54,115): [144 144] (em=0, csc=[128 128])
(54,116): [144 144] (em=0, csc=[128 128])
(54,117): [144 144] (em=0, csc=[128 128])
(54,118): [144 144] (em=0, csc=[128 128])
(54,119): [144 144] (em=0, csc=[128 128])
(54,120): [144 144] (em=0, csc=[128 128])
(54,121): [144 144] (em=0, csc=[128 128])
(54,122): [144 144] (em=0, csc=[128 128])
(54,123): [144 144] (em=0, csc=[128 128])
(54,124): [144 144] (em=0, csc=[128 128])
(54,125): [144 144] (em=0, csc=[128 128])
(54,126): [128 128] (em=93, csc=[128 128])
(54,127): [128 128] (em=93, csc=[122 128])
(55,0): [128 128] (em=90, csc=[129 122])
(55,1): [128 128] (em=94, csc=[128 128])
(55,2): [144 144] (em=9, csc=[128 128])
(55,3): [144 144] (em=0, csc=[128 128])
(55,4): [144 144] (em=0, csc=[128 128])
(55,5): [144 144] (em=0, csc=[128 128])
(55,6): [144 144] (em=0, csc=[128 128])
(55,7): [144 144] (em=0, csc=[128 128])
(55,8): [144 144] (em=0, csc=[128 128])
(55,9): [144 144] (em=0, csc=[128 128])
(55,10): [144 144] (em=13, csc=[128 128])
(55,11): [51 51] (em=52, csc=[128 127])
(55,12): [48 53] (em=53, csc=[129 121])
(55,13): [208 206] (em=-53, csc=[128 125])
(55,14): [128 128] (em=-101, csc=[140 108])
(55,15): [145 142] (em=20, csc=[142 119])
(55,16): [45 60] (em=50, csc=[143 116])
(55,17): [146 141] (em=7, csc=[145 108])
(55,18): [146 141] (em=-6, csc=[146 106])
(55,19): [146 141] (em=-2, csc=[146 106])
(55,20): [146 141] (em=0, csc=[145 106])
(55,21): [146 141] (em=0, csc=[146 107])
(55,22): [146 141] (em=0, csc=[147 107])
(55,23): [146 141] (em=0, csc=[146 107])
(55,24): [146 141] (em=0, csc=[147 106])
(55,25): [146 141] (em=0, csc=[147 107])
(55,26): [146 141] (em=0, csc=[146 106])
(55,27): [146 141] (em=0, csc=[146 106])
(55,28): [146 141] (em=-1, csc=[147 105])
(55,29): [146 141] (em=-1, csc=[146 106])
(55,30): [146 141] (em=-2, csc=[146 106])
(55,31): [146 141] (em=-1, csc=[147 107])
(55,32): [146 141] (em=-5, csc=[148 106])
(55,33): [146 141] (em=-3, csc=[148 106])
(55,34): [146 141] (em=-6, csc=[151 105])
(55,35): [146 141] (em=20, csc=[144 106])
(55,36): [63 75] (em=40, csc=[140 114])
(55,37): [145 142] (em=28, csc=[142 119])
(55,38): [209 196] (em=-49, csc=[140 117])
(55,39): [128 128] (em=-82, csc=[118 156])
(55,40): [144 144] (em=-2, csc=[132 131])
(55,41): [59 62] (em=44, csc=[135 129])
(55,42): [64 64] (em=43, csc=[128 128])
(55,43): [144 144] (em=16, csc=[128 128])
(55,44): [144 144] (em=2, csc=[128 128])
(55,45): [144 144] (em=0, csc=[128 128])
(55,46): [144 143] (em=0, csc=[128 127])
(55,47): [144 144] (em=0, csc=[128 128])
(55,48): [144 144] (em=0, csc=[128 128])
(55,49): [144 144] (em=0, csc=[128 128])
(55,50): [144 144] (em=0, csc=[128 128])
(55,51): [144 144] (em=0, csc=[128 128])
(55,52): [144 144] (em=0, csc=[128 128])
(55,53): [144 144] (em=0, csc=[128 128])
(55,54): [144 144] (em=0, csc=[128 128])
(55,55): [144 144] (em=0, csc=[128 128])
(55,56): [144 144] (em=0, csc=[128 128])
(55,57): [144 144] (em=0, csc=[128 128])
(55,58): [144 144] (em=0, csc=[128 128])
(55,59): [144 144] (em=0, csc=[128 128])
(55,60): [144 144] (em=0, csc=[128 128])
(55,61): [144 144] (em=0, csc=[128 128])
(55,62): [144 144] (em=0, csc=[128 128])
(55,63): [144 144] (em=0, csc=[128 128])
(55,64): [144 144] (em=0, csc=[128 128])
(55,65): [144 144] (em=0, csc=[128 128])
(55,66): [144 144] (em=0, csc=[128 128])
(55,67): [144 144] (em=0, csc=[128 128])
(55,68): [144 144] (em=0, csc=[128 128])
(55,69): [144 144] (em=0, csc=[128 128])
(55,70): [144 144] (em=0, csc=[128 128])
(55,71): [144 144] (em=0, csc=[128 128])
(55,72): [144 144] (em=0, csc=[128 128])
(55,73): [144 144] (em=0, csc=[128 128])
(55,74): [144 144] (em=0, csc=[128 128])
(55,75): [144 144] (em=0, csc=[128 128])
(55,76): [144 144] (em=0, csc=[128 128])
(55,77): [144 144] (em=0, csc=[128 128])
(55,78): [144 144] (em=0, csc=[128 128])
(55,79): [144 144] (em=0, csc=[128 128])
(55,80): [144 144] (em=0, csc=[128 128])
(55,81): [144 144] (em=0, csc=[128 128])
(55,82): [144 144] (em=0, csc=[128 128])
(55,83): [144 144] (em=0, csc=[128 128])
(55,84): [144 144] (em=0, csc=[128 128])
(55,85): [144 144] (em=0, csc=[128 128])
(55,86): [144 144] (em=0, csc=[128 128])
(55,87): [144 144] (em=0, csc=[128 128])
(55,88): [144 144] (em=0, csc=[128 128])
(55,89): [144 144] (em=0, csc=[128 128])
(55,90): [144 144] (em=0, csc=[128 128])
(55,91): [144 144] (em=0, csc=[128 128])
(55,92): [143 144] (em=14, csc=[127 128])
(55,93): [128 128] (em=65, csc=[128 128])
(55,94): [60 66] (em=43, csc=[137 123])
(55,95): [128 128] (em=-124, csc=[142 146])
(55,96): [128 128] (em=-170, csc=[114 111])
(55,97): [143 143] (em=8, csc=[126 124])
(55,98): [128 128] (em=78, csc=[130 123])
(55,99): [73 73] (em=37, csc=[128 128])
(55,100): [144 144] (em=8, csc=[128 128])
(55,101): [144 144] (em=3, csc=[128 128])
(55,102): [144 144] (em=0, csc=[128 128])
(55,103): [144 144] (em=0, csc=[128 128])
(55,104): [144 144] (em=0, csc=[128 128])
(55,105): [144 144] (em=0, csc=[128 128])
(55,106): [144 144] (em=0, csc=[128 128])
(55,107): [144 144] (em=0, csc=[128 128])
(55,108): [144 144] (em=0, csc=[128 128])
(55,109): [144 144] (em=0, csc=[128 128])
(55,110): [144 144] (em=0, csc=[128 128])
(55,111): [144 144] (em=0, csc=[128 128])
(55,112): [144 144] (em=0, csc=[128 128])
(55,113): [144 144] (em=0, csc=[128 128])
(55,114): [144 144] (em=0, csc=[128 128])
(55,115): [144 144] (em=0, csc=[128 128])
(55,116): [144 144] (em=0, csc=[128 128])
(55,117): [144 144] (em=0, csc=[128 128])
(55,118): [144 144] (em=0, csc=[128 128])
(55,119): [144 144] (em=0, csc=[128 128])
(55,120): [144 144] (em=0, csc=[128 128])
(55,121): [144 144] (em=0, csc=[128 128])
(55,122): [144 144] (em=0, csc=[128 128])
(55,123): [144 144] (em=0, csc=[128 128])
(55,124): [144 144] (em=0, csc=[128 128])
(55,125): [144 144] (em=0, csc=[128 128])
(55,126): [128 128] (em=93, csc=[125 128])
(55,127): [128 128] (em=93, csc=[115 135])
(56,0): [128 128] (em=65, csc=[137 116])
(56,1): [128 128] (em=91, csc=[128 125])
(56,2): [144 144] (em=6, csc=[128 128])
(56,3): [144 144] (em=0, csc=[128 128])
(56,4): [144 144] (em=0, csc=[128 128])
(56,5): [144 144] (em=0, csc=[128 128])
(56,6): [144 144] (em=0, csc=[128 128])
(56,7): [144 144] (em=0, csc=[128 128])
(56,8): [144 144] (em=0, csc=[128 128])
(56,9): [144 144] (em=0, csc=[128 128])
(56,10): [144 144] (em=3, csc=[128 128])
(56,11): [144 144] (em=24, csc=[128 128])
(56,12): [128 128] (em=70, csc=[126 128])
(56,13): [143 143] (em=16, csc=[124 127])
(56,14): [128 128] (em=-169, csc=[169 121])
(56,15): [207 197] (em=-49, csc=[136 119])
(56,16): [53 66] (em=46, csc=[140 116])
(56,17): [146 141] (em=19, csc=[147 108])
(56,18): [146 141] (em=3, csc=[145 109])
(56,19): [146 141] (em=-2, csc=[146 105])
(56,20): [146 141] (em=-1, csc=[146 106])
(56,21): [146 141] (em=0, csc=[146 107])
(56,22): [146 141] (em=0, csc=[147 107])
(56,23): [146 141] (em=0, csc=[147 107])
(56,24): [146 141] (em=1, csc=[147 107])
(56,25): [146 141] (em=0, csc=[147 106])
(56,26): [146 141] (em=0, csc=[146 106])
(56,27): [146 141] (em=0, csc=[146 105])
(56,28): [146 141] (em=0, csc=[146 106])
(56,29): [146 141] (em=1, csc=[145 107])
(56,30): [146 141] (em=1, csc=[144 108])
(56,31): [146 141] (em=4, csc=[144 109])
(56,32): [145 142] (em=13, csc=[141 112])
(56,33): [146 142] (em=24, csc=[146 115])
(56,34): [61 73] (em=41, csc=[141 116])
(56,35): [146 141] (em=30, csc=[146 107])
(56,36): [145 142] (em=13, csc=[143 117])
(56,37): [128 128] (em=-139, csc=[144 102])
(56,38): [128 128] (em=-152, csc=[158 123])
(56,39): [144 144] (em=2, csc=[128 129])
(56,40): [128 128] (em=64, csc=[127 134])
(56,41): [76 76] (em=35, csc=[128 128])
(56,42): [144 144] (em=15, csc=[128 128])
(56,43): [144 144] (em=9, csc=[128 128])
(56,44): [144 143] (em=6, csc=[128 126])
(56,45): [144 143] (em=0, csc=[129 124])
(56,46): [144 143] (em=3, csc=[129 125])
(56,47): [144 144] (em=8, csc=[128 128])
(56,48): [144 143] (em=5, csc=[128 127])
(56,49): [144 144] (em=1, csc=[128 128])
(56,50): [144 144] (em=0, csc=[128 128])
(56,51): [144 144] (em=0, csc=[128 128])
(56,52): [144 144] (em=0, csc=[128 128])
(56,53): [144 144] (em=0, csc=[128 128])
(56,54): [144 144] (em=0, csc=[128 128])
(56,55): [144 144] (em=0, csc=[128 128])
(56,56): [144 144] (em=0, csc=[128 128])
(56,57): [144 144] (em=0, csc=[128 128])
(56,58): [144 144] (em=0, csc=[128 128])
(56,59): [144 144] (em=0, csc=[128 128])
(56,60): [144 144] (em=0, csc=[128 128])
(56,61): [144 144] (em=0, csc=[128 128])
(56,62): [144 144] (em=0, csc=[128 128])
(56,63): [144 144] (em=0, csc=[128 128])
(56,64): [144 144] (em=0, csc=[128 128])
(56,65): [144 144] (em=0, csc=[128 128])
(56,66): [144 144] (em=0, csc=[128 128])
(56,67): [144 144] (em=0, csc=[128 128])
(56,68): [144 144] (em=0, csc=[128 128])
(56,69): [144 144] (em=0, csc=[128 128])
(56,70): [144 144] (em=0, csc=[128 128])
(56,71): [144 144] (em=0, csc=[128 128])
(56,72): [144 144] (em=0, csc=[128 128])
(56,73): [144 144] (em=0, csc=[128 128])
(56,74): [144 144] (em=0, csc=[128 128])
(56,75): [144 144] (em=0, csc=[128 128])
(56,76): [144 144] (em=0, csc=[128 128])
(56,77): [144 144] (em=0, csc=[128 128])
(56,78): [144 144] (em=0, csc=[128 128])
(56,79): [144 144] (em=0, csc=[128 128])
(56,80): [144 144] (em=0, csc=[128 128])
(56,81): [144 144] (em=0, csc=[128 128])
(56,82): [144 144] (em=0, csc=[128 128])
(56,83): [144 144] (em=0, csc=[128 128])
(56,84): [144 144] (em=0, csc=[128 128])
(56,85): [144 144] (em=0, csc=[128 128])
(56,86): [144 144] (em=0, csc=[128 128])
(56,87): [144 144] (em=0, csc=[128 128])
(56,88): [144 144] (em=0, csc=[128 128])
(56,89): [144 144] (em=0, csc=[128 128])
(56,90): [144 144] (em=0, csc=[128 128])
(56,91): [144 144] (em=0, csc=[128 128])
(56,92): [144 144] (em=7, csc=[128 128])
(56,93): [76 76] (em=35, csc=[128 128])
(56,94): [128 128] (em=72, csc=[130 130])
(56,95): [143 144] (em=8, csc=[127 130])
(56,96): [128 128] (em=-158, csc=[146 124])
(56,97): [128 128] (em=-71, csc=[139 110])
(56,98): [43 52] (em=54, csc=[135 121])
(56,99): [49 59] (em=50, csc=[135 118])
(56,100): [63 63] (em=44, csc=[128 128])
(56,101): [144 144] (em=20, csc=[128 128])
(56,102): [144 144] (em=5, csc=[128 128])
(56,103): [144 144] (em=0, csc=[128 128])
(56,104): [144 144] (em=0, csc=[128 128])
(56,105): [144 144] (em=0, csc=[128 128])
(56,106): [144 144] (em=0, csc=[128 128])
(56,107): [144 144] (em=0, csc=[128 128])
(56,108): [144 144] (em=0, csc=[128 128])
(56,109): [144 144] (em=0, csc=[128 128])
(56,110): [144 144] (em=0, csc=[128 128])
(56,111): [144 144] (em=0, csc=[128 128])
(56,112): [144 144] (em=0, csc=[128 128])
(56,113): [144 144] (em=0, csc=[128 128])
(56,114): [144 144] (em=0, csc=[128 128])
(56,115): [144 144] (em=0, csc=[128 128])
(56,116): [144 144] (em=0, csc=[128 128])
(56,117): [144 144] (em=0, csc=[128 128])
(56,118): [144 144] (em=0, csc=[128 128])
(56,119): [144 144] (em=0, csc=[128 128])
(56,120): [144 144] (em=0, csc=[128 128])
(56,121): [144 144] (em=0, csc=[128 128])
(56,122): [144 144] (em=0, csc=[128 128])
(56,123): [144 144] (em=0, csc=[128 128])
(56,124): [144 144] (em=0, csc=[128 128])
(56,125): [144 144] (em=0, csc=[128 128])
(56,126): [128 128] (em=93, csc=[128 128])
(56,127): [128 128] (em=93, csc=[122 128])
(57,0): [128 128] (em=90, csc=[129 122])
(57,1): [128 128] (em=94, csc=[128 128])
(57,2): [144 144] (em=9, csc=[128 128])
(57,3): [144 144] (em=0, csc=[128 128])
(57,4): [144 144] (em=0, csc=[128 128])
(57,5): [144 144] (em=0, csc=[128 128])
(57,6): [144 144] (em=0, csc=[128 128])
(57,7): [144 144] (em=0, csc=[128 128])
(57,8): [144 144] (em=0, csc=[128 128])
(57,9): [144 144] (em=0, csc=[128 128])
(57,10): [144 144] (em=0, csc=[128 128])
(57,11): [144 144] (em=8, csc=[128 128])
(57,12): [55 55] (em=49, csc=[128 128])
(57,13): [50 51] (em=52, csc=[129 128])
(57,14): [144 144] (em=-23, csc=[128 130])
(57,15): [128 128] (em=-90, csc=[142 141])
(57,16): [145 141] (em=20, csc=[140 110])
(57,17): [145 141] (em=31, csc=[141 107])
(57,18): [146 141] (em=18, csc=[148 107])
(57,19): [146 141] (em=-1, csc=[146 105])
(57,20): [146 141] (em=-5, csc=[148 105])
(57,21): [146 141] (em=-2, csc=[147 107])
(57,22): [146 141] (em=-5, csc=[150 105])
(57,23): [146 141] (em=-3, csc=[147 106])
(57,24): [146 141] (em=-2, csc=[149 104])
(57,25): [146 141] (em=-1, csc=[147 105])
(57,26): [146 140] (em=0, csc=[149 103])
(57,27): [146 140] (em=0, csc=[147 103])
(57,28): [146 140] (em=2, csc=[151 103])
(57,29): [146 141] (em=10, csc=[146 105])
(57,30): [146 141] (em=17, csc=[146 107])
(57,31): [145 141] (em=20, csc=[139 110])
(57,32): [55 63] (em=47, csc=[134 118])
(57,33): [55 62] (em=46, csc=[137 123])
(57,34): [70 76] (em=37, csc=[134 122])
(57,35): [192 179] (em=-38, csc=[142 114])
(57,36): [128 128] (em=-115, csc=[154 112])
(57,37): [143 143] (em=-25, csc=[124 123])
(57,38): [46 44] (em=57, csc=[124 127])
(57,39): [39 40] (em=59, csc=[130 128])
(57,40): [75 75] (em=36, csc=[128 128])
(57,41): [144 144] (em=11, csc=[128 128])
(57,42): [144 144] (em=10, csc=[128 128])
(57,43): [144 143] (em=17, csc=[128 126])
(57,44): [144 143] (em=-2, csc=[132 120])
(57,45): [144 142] (em=-27, csc=[131 119])
(57,46): [144 143] (em=-20, csc=[135 120])
(57,47): [144 143] (em=9, csc=[131 124])
(57,48): [144 143] (em=15, csc=[128 127])
(57,49): [144 143] (em=5, csc=[128 127])
(57,50): [144 144] (em=1, csc=[128 128])
(57,51): [144 144] (em=0, csc=[128 128])
(57,52): [144 144] (em=0, csc=[128 128])
(57,53): [144 144] (em=0, csc=[128 128])
(57,54): [144 144] (em=0, csc=[128 128])
(57,55): [144 144] (em=0, csc=[128 128])
(57,56): [144 144] (em=0, csc=[128 128])
(57,57): [144 144] (em=0, csc=[128 128])
(57,58): [144 144] (em=0, csc=[128 128])
(57,59): [144 144] (em=0, csc=[128 128])
(57,60): [144 144] (em=0, csc=[128 128])
(57,61): [144 144] (em=0, csc=[128 128])
(57,62): [144 144] (em=0, csc=[128 128])
(57,63): [144 144] (em=0, csc=[128 128])
(57,64): [144 144] (em=0, csc=[128 128])
(57,65): [144 144] (em=0, csc=[128 128])
(57,66): [144 144] (em=0, csc=[128 128])
(57,67): [144 144] (em=0, csc=[128 128])
(57,68): [144 144] (em=0, csc=[128 128])
(57,69): [144 144] (em=0, csc=[128 128])
(57,70): [144 144] (em=0, csc=[128 128])
(57,71): [144 144] (em=0, csc=[128 128])
(57,72): [144 144] (em=0, csc=[128 128])
(57,73): [144 144] (em=0, csc=[128 128])
(57,74): [144 144] (em=0, csc=[128 128])
(57,75): [144 144] (em=0, csc=[128 128])
(57,76): [144 144] (em=0, csc=[128 128])
(57,77): [144 144] (em=0, csc=[128 128])
(57,78): [144 144] (em=0, csc=[128 128])
(57,79): [144 144] (em=0, csc=[128 128])
(57,80): [144 144] (em=0, csc=[128 128])
(57,81): [144 144] (em=0, csc=[128 128])
(57,82): [144 143] (em=1, csc=[128 127])
(57,83): [144 144] (em=0, csc=[128 128])
(57,84): [144 143] (em=3, csc=[128 127])
(57,85): [144 144] (em=2, csc=[128 128])
(57,86): [144 143] (em=6, csc=[128 127])
(57,87): [144 144] (em=4, csc=[128 128])
(57,88): [144 143] (em=7, csc=[128 126])
(57,89): [144 144] (em=4, csc=[128 128])
(57,90): [144 143] (em=6, csc=[128 126])
(57,91): [144 144] (em=3, csc=[128 128])
(57,92): [144 144] (em=4, csc=[128 128])
(57,93): [144 144] (em=12, csc=[128 128])
(57,94): [63 63] (em=44, csc=[128 128])
(57,95): [39 42] (em=57, csc=[134 129])
(57,96): [144 144] (em=4, csc=[131 131])
(57,97): [128 128] (em=-134, csc=[124 137])
(57,98): [128 128] (em=-142, csc=[150  96])
(57,99): [192 187] (em=-42, csc=[129 118])
(57,100): [63 65] (em=45, csc=[125 121])
(57,101): [48 48] (em=54, csc=[128 128])
(57,102): [144 144] (em=22, csc=[128 128])
(57,103): [144 144] (em=3, csc=[128 128])
(57,104): [144 144] (em=0, csc=[128 128])
(57,105): [144 144] (em=0, csc=[128 128])
(57,106): [144 144] (em=0, csc=[128 128])
(57,107): [144 144] (em=0, csc=[128 128])
(57,108): [144 144] (em=0, csc=[128 128])
(57,109): [144 144] (em=0, csc=[128 128])
(57,110): [144 144] (em=0, csc=[128 128])
(57,111): [144 144] (em=0, csc=[128 128])
(57,112): [144 144] (em=0, csc=[128 128])
(57,113): [144 144] (em=0, csc=[128 128])
(57,114): [144 144] (em=0, csc=[128 128])
(57,115): [144 144] (em=0, csc=[128 128])
(57,116): [144 144] (em=0, csc=[128 128])
(57,117): [144 144] (em=0, csc=[128 128])
(57,118): [144 144] (em=0, csc=[128 128])
(57,119): [144 144] (em=0, csc=[128 128])
(57,120): [144 144] (em=0, csc=[128 128])
(57,121): [144 144] (em=0, csc=[128 128])
(57,122): [144 144] (em=0, csc=[128 128])
(57,123): [144 144] (em=0, csc=[128 128])
(57,124): [144 144] (em=0, csc=[128 128])
(57,125): [144 144] (em=0, csc=[128 128])
(57,126): [128 128] (em=93, csc=[125 128])
(57,127): [128 128] (em=93, csc=[115 135])
(58,0): [128 128] (em=65, csc=[137 116])
(58,1): [128 128] (em=91, csc=[128 125])
(58,2): [144 144] (em=6, csc=[128 128])
(58,3): [144 144] (em=0, csc=[128 128])
(58,4): [144 144] (em=0, csc=[128 128])
(58,5): [144 144] (em=0, csc=[128 128])
(58,6): [144 144] (em=0, csc=[128 128])
(58,7): [144 144] (em=0, csc=[128 128])
(58,8): [144 144] (em=0, csc=[128 128])
(58,9): [144 144] (em=0, csc=[128 128])
(58,10): [144 144] (em=0, csc=[128 128])
(58,11): [144 144] (em=1, csc=[128 128])
(58,12): [144 144] (em=20, csc=[128 128])
(58,13): [54 54] (em=50, csc=[128 128])
(58,14): [75 74] (em=35, csc=[130 132])
(58,15): [128 128] (em=-96, csc=[141 123])
(58,16): [128 128] (em=-147, csc=[165  82])
(58,17): [145 141] (em=16, csc=[143 105])
(58,18): [58 74] (em=42, csc=[144 111])
(58,19): [146 141] (em=14, csc=[149 107])
(58,20): [146 141] (em=17, csc=[144 111])
(58,21): [146 142] (em=14, csc=[147 114])
(58,22): [145 142] (em=18, csc=[143 114])
(58,23): [146 142] (em=18, csc=[146 114])
(58,24): [146 142] (em=17, csc=[144 112])
(58,25): [146 141] (em=19, csc=[147 111])
(58,26): [146 141] (em=25, csc=[148 106])
(58,27): [147 141] (em=24, csc=[152 104])
(58,28): [147 141] (em=29, csc=[155 104])
(58,29): [147 140] (em=10, csc=[156 100])
(58,30): [147 141] (em=9, csc=[154 106])
(58,31): [146 140] (em=-29, csc=[148  98])
(58,32): [198 181] (em=-40, csc=[147 112])
(58,33): [168 182] (em=-34, csc=[ 99 135])
(58,34): [128 128] (em=-93, csc=[138 101])
(58,35): [128 128] (em=-134, csc=[114 111])
(58,36): [128 128] (em=-77, csc=[135 118])
(58,37): [51 55] (em=52, csc=[127 121])
(58,38): [128 128] (em=90, csc=[128 128])
(58,39): [144 144] (em=29, csc=[128 128])
(58,40): [144 144] (em=6, csc=[128 128])
(58,41): [144 143] (em=3, csc=[129 127])
(58,42): [144 144] (em=27, csc=[128 128])
(58,43): [56 53] (em=49, csc=[127 131])
(58,44): [144 143] (em=1, csc=[132 126])
(58,45): [190 179] (em=-38, csc=[137 114])
(58,46): [145 143] (em=-12, csc=[137 121])
(58,47): [144 143] (em=26, csc=[133 124])
(58,48): [144 143] (em=27, csc=[130 125])
(58,49): [144 143] (em=13, csc=[128 127])
(58,50): [144 143] (em=3, csc=[128 126])
(58,51): [143 144] (em=1, csc=[127 128])
(58,52): [144 144] (em=0, csc=[128 128])
(58,53): [144 144] (em=0, csc=[128 128])
(58,54): [144 144] (em=0, csc=[128 128])
(58,55): [144 144] (em=0, csc=[128 128])
(58,56): [144 144] (em=0, csc=[128 128])
(58,57): [144 144] (em=0, csc=[128 128])
(58,58): [144 144] (em=0, csc=[128 128])
(58,59): [144 144] (em=0, csc=[128 128])
(58,60): [144 144] (em=0, csc=[128 128])
(58,61): [144 144] (em=0, csc=[128 128])
(58,62): [144 144] (em=0, csc=[128 128])
(58,63): [144 144] (em=0, csc=[128 128])
(58,64): [144 144] (em=0, csc=[128 128])
(58,65): [144 144] (em=0, csc=[128 128])
(58,66): [144 144] (em=0, csc=[128 128])
(58,67): [144 144] (em=0, csc=[128 128])
(58,68): [144 144] (em=0, csc=[128 128])
(58,69): [144 144] (em=0, csc=[128 128])
(58,70): [144 144] (em=0, csc=[128 128])
(58,71): [144 144] (em=0, csc=[128 128])
(58,72): [144 144] (em=0, csc=[128 128])
(58,73): [143 144] (em=0, csc=[127 128])
(58,74): [144 144] (em=0, csc=[128 128])
(58,75): [143 144] (em=2, csc=[127 128])
(58,76): [144 144] (em=1, csc=[128 128])
(58,77): [143 144] (em=5, csc=[127 128])
(58,78): [144 144] (em=3, csc=[128 128])
(58,79): [144 144] (em=9, csc=[128 128])
(58,80): [144 144] (em=7, csc=[128 128])
(58,81): [144 144] (em=14, csc=[128 128])
(58,82): [144 144] (em=15, csc=[128 128])
(58,83): [144 144] (em=19, csc=[128 128])
(58,84): [144 143] (em=15, csc=[130 124])
(58,85): [144 143] (em=23, csc=[128 126])
(58,86): [144 143] (em=28, csc=[132 121])
(58,87): [144 143] (em=32, csc=[129 124])
(58,88): [66 74] (em=39, csc=[138 118])
(58,89): [144 143] (em=27, csc=[132 120])
(58,90): [67 73] (em=39, csc=[135 121])
(58,91): [144 143] (em=22, csc=[130 123])
(58,92): [73 73] (em=37, csc=[128 127])
(58,93): [144 144] (em=14, csc=[128 128])
(58,94): [144 144] (em=17, csc=[128 128])
(58,95): [72 72] (em=38, csc=[128 128])
(58,96): [128 128] (em=79, csc=[128 135])
(58,97): [144 144] (em=27, csc=[130 129])
(58,98): [128 128] (em=-144, csc=[156 123])
(58,99): [128 128] (em=-150, csc=[121 120])
(58,100): [144 142] (em=-27, csc=[128 116])
(58,101): [46 48] (em=56, csc=[125 123])
(58,102): [48 48] (em=54, csc=[128 128])
(58,103): [144 144] (em=16, csc=[128 128])
(58,104): [144 144] (em=2, csc=[128 128])
(58,105): [144 144] (em=0, csc=[128 128])
(58,106): [144 144] (em=0, csc=[128 128])
(58,107): [144 144] (em=0, csc=[128 128])
(58,108): [144 144] (em=0, csc=[128 128])
(58,109): [144 144] (em=0, csc=[128 128])
(58,110): [144 144] (em=0, csc=[128 128])
(58,111): [144 144] (em=0, csc=[128 128])
(58,112): [144 144] (em=0, csc=[128 128])
(58,113): [144 144] (em=0, csc=[128 128])
(58,114): [144 144] (em=0, csc=[128 128])
(58,115): [144 144] (em=0, csc=[128 128])
(58,116): [144 144] (em=0, csc=[128 128])
(58,117): [144 144] (em=0, csc=[128 128])
(58,118): [144 144] (em=0, csc=[128 128])
(58,119): [144 144] (em=0, csc=[128 128])
(58,120): [144 144] (em=0, csc=[128 128])
(58,121): [144 144] (em=0, csc=[128 128])
(58,122): [144 144] (em=0, csc=[128 128])
(58,123): [144 144] (em=0, csc=[128 128])
(58,124): [144 144] (em=0, csc=[128 128])
(58,125): [144 144] (em=0, csc=[128 128])
(58,126): [128 128] (em=93, csc=[128 128])
(58,127): [128 128] (em=93, csc=[122 128])
(59,0): [128 128] (em=90, csc=[129 122])
(59,1): [128 128] (em=94, csc=[128 128])
(59,2): [144 144] (em=9, csc=[128 128])
(59,3): [144 144] (em=0, csc=[128 128])
(59,4): [144 144] (em=0, csc=[128 128])
(59,5): [144 144] (em=0, csc=[128 128])
(59,6): [144 144] (em=0, csc=[128 128])
(59,7): [144 144] (em=0, csc=[128 128])
(59,8): [144 144] (em=0, csc=[128 128])
(59,9): [144 144] (em=0, csc=[128 128])
(59,10): [144 143] (em=0, csc=[128 127])
(59,11): [144 144] (em=0, csc=[128 128])
(59,12): [144 144] (em=6, csc=[128 128])
(59,13): [144 144] (em=29, csc=[128 128])
(59,14): [55 56] (em=49, csc=[128 126])
(59,15): [145 143] (em=2, csc=[137 126])
(59,16): [128 128] (em=-78, csc=[145 114])
(59,17): [128 128] (em=-67, csc=[141 115])
(59,18): [219 192] (em=-54, csc=[143 100])
(59,19): [145 142] (em=-27, csc=[141 117])
(59,20): [144 142] (em=-10, csc=[132 119])
(59,21): [144 143] (em=0, csc=[135 126])
(59,22): [144 143] (em=5, csc=[128 125])
(59,23): [144 144] (em=4, csc=[134 128])
(59,24): [144 143] (em=-4, csc=[129 124])
(59,25): [145 143] (em=-17, csc=[141 124])
(59,26): [195 180] (em=-40, csc=[141 110])
(59,27): [226 196] (em=-53, csc=[157 109])
(59,28): [128 128] (em=-125, csc=[171  96])
(59,29): [128 128] (em=-104, csc=[169  94])
(59,30): [128 128] (em=-124, csc=[171 101])
(59,31): [225 201] (em=-55, csc=[149 113])
(59,32): [145 142] (em=-12, csc=[137 119])
(59,33): [128 128] (em=64, csc=[132 124])
(59,34): [128 128] (em=120, csc=[122 126])
(59,35): [182 186] (em=-38, csc=[121 128])
(59,36): [128 128] (em=-149, csc=[119 104])
(59,37): [144 143] (em=25, csc=[129 123])
(59,38): [128 128] (em=83, csc=[129 127])
(59,39): [144 144] (em=23, csc=[128 128])
(59,40): [144 144] (em=4, csc=[128 128])
(59,41): [144 143] (em=14, csc=[128 127])
(59,42): [43 43] (em=57, csc=[128 128])
(59,43): [38 40] (em=58, csc=[133 130])
(59,44): [202 202] (em=-48, csc=[131 130])
(59,45): [128 128] (em=-168, csc=[140 126])
(59,46): [207 192] (em=-49, csc=[136 111])
(59,47): [144 143] (em=27, csc=[133 122])
(59,48): [69 73] (em=38, csc=[133 125])
(59,49): [144 143] (em=16, csc=[129 124])
(59,50): [144 144] (em=9, csc=[128 128])
(59,51): [144 144] (em=3, csc=[128 128])
(59,52): [144 144] (em=0, csc=[128 128])
(59,53): [144 144] (em=0, csc=[128 128])
(59,54): [144 144] (em=0, csc=[128 128])
(59,55): [144 144] (em=0, csc=[128 128])
(59,56): [144 144] (em=0, csc=[128 128])
(59,57): [144 144] (em=0, csc=[128 128])
(59,58): [144 144] (em=0, csc=[128 128])
(59,59): [144 144] (em=0, csc=[128 128])
(59,60): [144 144] (em=0, csc=[128 128])
(59,61): [144 144] (em=0, csc=[128 128])
(59,62): [144 144] (em=0, csc=[128 128])
(59,63): [144 144] (em=0, csc=[128 128])
(59,64): [144 144] (em=0, csc=[128 128])
(59,65): [144 144] (em=0, csc=[128 128])
(59,66): [144 144] (em=0, csc=[128 128])
(59,67): [144 144] (em=0, csc=[128 128])
(59,68): [144 144] (em=2, csc=[128 128])
(59,69): [144 144] (em=3, csc=[128 128])
(59,70): [144 143] (em=8, csc=[128 127])
(59,71): [144 144] (em=9, csc=[128 128])
(59,72): [144 144] (em=17, csc=[128 128])
(59,73): [144 144] (em=20, csc=[128 128])
(59,74): [144 144] (em=26, csc=[128 128])
(59,75): [78 76] (em=35, csc=[124 129])
(59,76): [143 144] (em=31, csc=[122 129])
(59,77): [142 144] (em=29, csc=[117 135])
(59,78): [142 144] (em=29, csc=[117 135])
(59,79): [142 145] (em=28, csc=[115 138])
(59,80): [142 145] (em=17, csc=[117 136])
(59,81): [142 145] (em=21, csc=[118 138])
(59,82): [142 144] (em=5, csc=[116 133])
(59,83): [143 144] (em=-3, csc=[121 135])
(59,84): [143 144] (em=-18, csc=[123 129])
(59,85): [144 144] (em=-15, csc=[129 131])
(59,86): [143 143] (em=-23, csc=[126 124])
(59,87): [145 143] (em=-28, csc=[138 126])
(59,88): [128 128] (em=-77, csc=[144 104])
(59,89): [128 128] (em=-69, csc=[137 122])
(59,90): [128 128] (em=-154, csc=[147  85])
(59,91): [144 143] (em=-28, csc=[132 123])
(59,92): [62 61] (em=46, csc=[124 125])
(59,93): [55 55] (em=49, csc=[128 128])
(59,94): [144 144] (em=24, csc=[128 128])
(59,95): [144 144] (em=14, csc=[128 128])
(59,96): [70 70] (em=39, csc=[128 128])
(59,97): [128 128] (em=70, csc=[128 127])
(59,98): [51 54] (em=50, csc=[132 128])
(59,99): [128 128] (em=-74, csc=[126 128])
(59,100): [128 128] (em=-151, csc=[113 109])
(59,101): [143 143] (em=-5, csc=[125 123])
(59,102): [128 128] (em=64, csc=[130 122])
(59,103): [58 58] (em=47, csc=[128 128])
(59,104): [144 144] (em=7, csc=[128 128])
(59,105): [144 144] (em=0, csc=[128 128])
(59,106): [144 144] (em=0, csc=[128 128])
(59,107): [144 144] (em=0, csc=[128 128])
(59,108): [144 144] (em=0, csc=[128 128])
(59,109): [144 144] (em=0, csc=[128 128])
(59,110): [144 144] (em=0, csc=[128 128])
(59,111): [144 144] (em=0, csc=[128 128])
(59,112): [144 144] (em=0, csc=[128 128])
(59,113): [144 144] (em=0, csc=[128 128])
(59,114): [144 144] (em=0, csc=[128 128])
(59,115): [144 144] (em=0, csc=[128 128])
(59,116): [144 144] (em=0, csc=[128 128])
(59,117): [144 144] (em=0, csc=[128 128])
(59,118): [144 144] (em=0, csc=[128 128])
(59,119): [144 144] (em=0, csc=[128 128])
(59,120): [144 144] (em=0, csc=[128 128])
(59,121): [144 144] (em=0, csc=[128 128])
(59,122): [144 144] (em=0, csc=[128 128])
(59,123): [144 144] (em=0, csc=[128 128])
(59,124): [144 144] (em=0, csc=[128 128])
(59,125): [144 144] (em=0, csc=[128 128])
(59,126): [128 128] (em=93, csc=[125 128])
(59,127): [128 128] (em=93, csc=[115 135])
(60,0): [128 128] (em=65, csc=[137 116])
(60,1): [128 128] (em=91, csc=[128 125])
(60,2): [144 144] (em=6, csc=[128 128])
(60,3): [144 144] (em=0, csc=[128 128])
(60,4): [144 144] (em=0, csc=[128 128])
(60,5): [144 144] (em=0, csc=[128 128])
(60,6): [144 144] (em=0, csc=[128 128])
(60,7): [144 144] (em=0, csc=[128 128])
(60,8): [144 144] (em=0, csc=[128 128])
(60,9): [144 144] (em=0, csc=[128 128])
(60,10): [144 144] (em=0, csc=[128 128])
(60,11): [144 144] (em=0, csc=[128 128])
(60,12): [144 144] (em=1, csc=[128 128])
(60,13): [144 144] (em=7, csc=[128 128])
(60,14): [144 144] (em=23, csc=[128 128])
(60,15): [144 143] (em=32, csc=[128 126])
(60,16): [77 79] (em=33, csc=[132 128])
(60,17): [144 143] (em=-8, csc=[132 121])
(60,18): [144 143] (em=-22, csc=[131 122])
(60,19): [142 143] (em=-24, csc=[115 127])
(60,20): [143 144] (em=-23, csc=[120 134])
(60,21): [167 195] (em=-40, csc=[ 83 141])
(60,22): [142 145] (em=-30, csc=[115 140])
(60,23): [162 194] (em=-39, csc=[ 75 143])
(60,24): [142 145] (em=-29, csc=[118 139])
(60,25): [177 190] (em=-39, csc=[107 134])
(60,26): [144 144] (em=-14, csc=[130 129])
(60,27): [144 143] (em=-5, csc=[131 122])
(60,28): [145 143] (em=29, csc=[138 122])
(60,29): [145 142] (em=30, csc=[137 119])
(60,30): [145 142] (em=31, csc=[140 118])
(60,31): [69 75] (em=38, csc=[134 120])
(60,32): [57 62] (em=46, csc=[132 124])
(60,33): [128 128] (em=71, csc=[128 126])
(60,34): [128 128] (em=93, csc=[128 120])
(60,35): [213 209] (em=-56, csc=[128 123])
(60,36): [128 128] (em=-170, csc=[137 126])
(60,37): [144 143] (em=-21, csc=[128 125])
(60,38): [128 128] (em=81, csc=[129 124])
(60,39): [144 143] (em=31, csc=[128 126])
(60,40): [144 144] (em=10, csc=[128 128])
(60,41): [144 143] (em=30, csc=[128 126])
(60,42): [128 128] (em=68, csc=[130 126])
(60,43): [144 143] (em=27, csc=[131 127])
(60,44): [128 128] (em=-119, csc=[148 124])
(60,45): [128 128] (em=-123, csc=[119 117])
(60,46): [128 128] (em=-87, csc=[145 101])
(60,47): [51 55] (em=51, csc=[130 123])
(60,48): [50 56] (em=51, csc=[131 122])
(60,49): [144 143] (em=15, csc=[133 122])
(60,50): [144 143] (em=12, csc=[129 124])
(60,51): [144 143] (em=9, csc=[128 127])
(60,52): [144 144] (em=2, csc=[128 128])
(60,53): [144 144] (em=0, csc=[128 128])
(60,54): [144 144] (em=0, csc=[128 128])
(60,55): [144 144] (em=0, csc=[128 128])
(60,56): [144 144] (em=0, csc=[128 128])
(60,57): [144 144] (em=0, csc=[128 128])
(60,58): [144 144] (em=0, csc=[128 128])
(60,59): [144 144] (em=0, csc=[128 128])
(60,60): [144 144] (em=0, csc=[128 128])
(60,61): [144 144] (em=0, csc=[128 128])
(60,62): [144 144] (em=0, csc=[128 128])
(60,63): [143 144] (em=0, csc=[127 128])
(60,64): [144 144] (em=0, csc=[128 128])
(60,65): [143 144] (em=3, csc=[126 128])
(60,66): [144 144] (em=3, csc=[128 128])
(60,67): [144 144] (em=10, csc=[128 128])
(60,68): [144 144] (em=18, csc=[128 128])
(60,69): [144 144] (em=28, csc=[128 128])
(60,70): [73 77] (em=36, csc=[132 122])
(60,71): [144 142] (em=32, csc=[132 119])
(60,72): [72 80] (em=35, csc=[138 119])
(60,73): [145 142] (em=20, csc=[138 117])
(60,74): [145 143] (em=24, csc=[138 123])
(60,75): [144 143] (em=-12, csc=[130 120])
(60,76): [143 144] (em=-23, csc=[127 134])
(60,77): [128 128] (em=-66, csc=[ 85 143])
(60,78): [184 208] (em=-45, csc=[106 150])
(60,79): [128 128] (em=-71, csc=[ 93 154])
(60,80): [176 202] (em=-40, csc=[102 156])
(60,81): [128 128] (em=-68, csc=[ 90 154])
(60,82): [181 204] (em=-43, csc=[104 150])
(60,83): [176 220] (em=-54, csc=[ 76 145])
(60,84): [142 146] (em=-26, csc=[116 144])
(60,85): [176 187] (em=-37, csc=[111 134])
(60,86): [143 145] (em=-15, csc=[123 136])
(60,87): [143 144] (em=-23, csc=[123 128])
(60,88): [69 66] (em=40, csc=[127 133])
(60,89): [143 143] (em=19, csc=[123 122])
(60,90): [128 128] (em=-125, csc=[152 109])
(60,91): [128 128] (em=-159, csc=[121 120])
(60,92): [197 187] (em=-44, csc=[132 114])
(60,93): [62 64] (em=45, csc=[127 122])
(60,94): [36 36] (em=62, csc=[128 128])
(60,95): [144 144] (em=30, csc=[128 128])
(60,96): [144 144] (em=21, csc=[128 128])
(60,97): [51 51] (em=52, csc=[128 128])
(60,98): [128 128] (em=101, csc=[128 128])
(60,99): [144 142] (em=3, csc=[134 119])
(60,100): [128 128] (em=-164, csc=[128 128])
(60,101): [128 128] (em=-176, csc=[148  85])
(60,102): [37 45] (em=59, csc=[132 121])
(60,103): [45 45] (em=56, csc=[128 127])
(60,104): [144 144] (em=9, csc=[128 128])
(60,105): [144 144] (em=0, csc=[128 128])
(60,106): [144 144] (em=0, csc=[128 128])
(60,107): [144 144] (em=0, csc=[128 128])
(60,108): [144 144] (em=0, csc=[128 128])
(60,109): [144 144] (em=0, csc=[128 128])
(60,110): [144 144] (em=0, csc=[128 128])
(60,111): [144 144] (em=0, csc=[128 128])
(60,112): [144 144] (em=0, csc=[128 128])
(60,113): [144 144] (em=0, csc=[128 128])
(60,114): [144 144] (em=0, csc=[128 128])
(60,115): [144 144] (em=0, csc=[128 128])
(60,116): [144 144] (em=0, csc=[128 128])
(60,117): [144 144] (em=0, csc=[128 128])
(60,118): [144 144] (em=0, csc=[128 128])
(60,119): [144 144] (em=0, csc=[128 128])
(60,120): [144 144] (em=0, csc=[128 128])
(60,121): [144 144] (em=0, csc=[128 128])
(60,122): [144 144] (em=0, csc=[128 128])
(60,123): [144 144] (em=0, csc=[128 128])
(60,124): [144 144] (em=0, csc=[128 128])
(60,125): [144 144] (em=0, csc=[128 128])
(60,126): [128 128] (em=93, csc=[128 128])
(60,127): [128 128] (em=93, csc=[122 128])
(61,0): [128 128] (em=90, csc=[129 122])
(61,1): [128 128] (em=94, csc=[128 128])
(61,2): [144 144] (em=9, csc=[128 128])
(61,3): [144 144] (em=0, csc=[128 128])
(61,4): [144 144] (em=0, csc=[128 128])
(61,5): [144 144] (em=0, csc=[128 128])
(61,6): [144 144] (em=0, csc=[128 128])
(61,7): [144 144] (em=0, csc=[128 128])
(61,8): [144 144] (em=0, csc=[128 128])
(61,9): [144 144] (em=0, csc=[128 128])
(61,10): [144 144] (em=0, csc=[128 128])
(61,11): [144 144] (em=0, csc=[128 128])
(61,12): [144 144] (em=0, csc=[128 128])
(61,13): [144 144] (em=0, csc=[128 128])
(61,14): [144 144] (em=2, csc=[128 128])
(61,15): [144 144] (em=8, csc=[128 128])
(61,16): [144 144] (em=14, csc=[128 128])
(61,17): [144 144] (em=20, csc=[128 128])
(61,18): [143 144] (em=24, csc=[125 128])
(61,19): [143 144] (em=31, csc=[120 131])
(61,20): [143 144] (em=31, csc=[121 129])
(61,21): [80 73] (em=35, csc=[117 135])
(61,22): [143 144] (em=32, csc=[120 130])
(61,23): [79 72] (em=36, csc=[116 135])
(61,24): [82 79] (em=33, csc=[121 129])
(61,25): [80 74] (em=35, csc=[119 133])
(61,26): [143 144] (em=31, csc=[124 128])
(61,27): [143 144] (em=30, csc=[124 129])
(61,28): [144 144] (em=27, csc=[128 128])
(61,29): [144 144] (em=20, csc=[128 128])
(61,30): [144 143] (em=18, csc=[128 127])
(61,31): [144 144] (em=9, csc=[128 128])
(61,32): [144 143] (em=14, csc=[128 127])
(61,33): [63 63] (em=44, csc=[128 128])
(61,34): [128 128] (em=87, csc=[130 125])
(61,35): [144 144] (em=-27, csc=[131 129])
(61,36): [128 128] (em=-172, csc=[116 113])
(61,37): [184 181] (em=-36, csc=[132 125])
(61,38): [128 128] (em=78, csc=[133 122])
(61,39): [57 57] (em=48, csc=[128 128])
(61,40): [144 144] (em=14, csc=[128 128])
(61,41): [67 67] (em=41, csc=[128 127])
(61,42): [128 128] (em=66, csc=[135 122])
(61,43): [144 143] (em=-20, csc=[129 124])
(61,44): [128 128] (em=-93, csc=[119 117])
(61,45): [128 128] (em=-100, csc=[128 128])
(61,46): [172 176] (em=-33, csc=[113 123])
(61,47): [144 143] (em=29, csc=[134 123])
(61,48): [65 75] (em=39, csc=[140 117])
(61,49): [144 142] (em=10, csc=[134 117])
(61,50): [144 143] (em=13, csc=[131 122])
(61,51): [144 143] (em=16, csc=[128 126])
(61,52): [144 144] (em=7, csc=[128 128])
(61,53): [144 144] (em=1, csc=[128 128])
(61,54): [144 144] (em=0, csc=[128 128])
(61,55): [144 144] (em=0, csc=[128 128])
(61,56): [144 144] (em=0, csc=[128 128])
(61,57): [144 144] (em=0, csc=[128 128])
(61,58): [144 144] (em=2, csc=[128 128])
(61,59): [144 144] (em=5, csc=[128 128])
(61,60): [144 143] (em=12, csc=[128 127])
(61,61): [144 144] (em=18, csc=[128 128])
(61,62): [144 144] (em=23, csc=[128 128])
(61,63): [143 144] (em=31, csc=[122 131])
(61,64): [143 144] (em=32, csc=[121 130])
(61,65): [67 57] (em=45, csc=[117 136])
(61,66): [79 73] (em=36, csc=[117 132])
(61,67): [82 74] (em=34, csc=[116 136])
(61,68): [142 144] (em=24, csc=[116 135])
(61,69): [143 144] (em=6, csc=[125 135])
(61,70): [143 143] (em=-28, csc=[126 122])
(61,71): [128 128] (em=-66, csc=[140 121])
(61,72): [128 128] (em=-157, csc=[158  94])
(61,73): [128 128] (em=-107, csc=[156 107])
(61,74): [128 128] (em=-152, csc=[158  92])
(61,75): [128 128] (em=-81, csc=[145 118])
(61,76): [208 200] (em=-52, csc=[131 118])
(61,77): [143 144] (em=0, csc=[127 133])
(61,78): [142 144] (em=16, csc=[116 134])
(61,79): [142 145] (em=25, csc=[118 137])
(61,80): [142 145] (em=24, csc=[116 137])
(61,81): [142 145] (em=30, csc=[114 138])
(61,82): [142 144] (em=27, csc=[116 133])
(61,83): [79 71] (em=36, csc=[116 137])
(61,84): [143 144] (em=26, csc=[121 129])
(61,85): [83 76] (em=33, csc=[117 135])
(61,86): [143 144] (em=25, csc=[123 128])
(61,87): [143 144] (em=31, csc=[120 131])
(61,88): [49 48] (em=54, csc=[125 128])
(61,89): [128 128] (em=77, csc=[125 128])
(61,90): [42 41] (em=59, csc=[125 127])
(61,91): [190 221] (em=-57, csc=[ 93 139])
(61,92): [128 128] (em=-138, csc=[115 112])
(61,93): [138 145] (em=-31, csc=[ 87 140])
(61,94): [66 63] (em=44, csc=[122 128])
(61,95): [128 128] (em=77, csc=[124 132])
(61,96): [50 38] (em=57, csc=[118 136])
(61,97): [44 37] (em=59, csc=[122 132])
(61,98): [39 36] (em=61, csc=[125 130])
(61,99): [143 144] (em=-8, csc=[122 135])
(61,100): [128 128] (em=-179, csc=[112 108])
(61,101): [143 143] (em=-31, csc=[125 125])
(61,102): [43 48] (em=56, csc=[130 122])
(61,103): [55 55] (em=49, csc=[128 128])
(61,104): [144 144] (em=7, csc=[128 128])
(61,105): [144 144] (em=0, csc=[128 128])
(61,106): [144 144] (em=0, csc=[128 128])
(61,107): [144 144] (em=0, csc=[128 128])
(61,108): [144 144] (em=0, csc=[128 128])
(61,109): [144 144] (em=0, csc=[128 128])
(61,110): [144 144] (em=0, csc=[128 128])
(61,111): [144 144] (em=0, csc=[128 128])
(61,112): [144 144] (em=0, csc=[128 128])
(61,113): [144 144] (em=0, csc=[128 128])
(61,114): [144 144] (em=0, csc=[128 128])
(61,115): [144 144] (em=0, csc=[128 128])
(61,116): [144 144] (em=0, csc=[128 128])
(61,117): [144 144] (em=0, csc=[128 128])
(61,118): [144 144] (em=0, csc=[128 128])
(61,119): [144 144] (em=0, csc=[128 128])
(61,120): [144 144] (em=0, csc=[128 128])
(61,121): [144 144] (em=0, csc=[128 128])
(61,122): [144 144] (em=0, csc=[128 128])
(61,123): [144 144] (em=0, csc=[128 128])
(61,124): [144 144] (em=0, csc=[128 128])
(61,125): [144 144] (em=0, csc=[128 128])
(61,126): [128 128] (em=93, csc=[125 128])
(61,127): [128 128] (em=93, csc=[115 135])
(62,0): [128 128] (em=65, csc=[137 116])
(62,1): [128 128] (em=91, csc=[128 125])
(62,2): [144 144] (em=6, csc=[128 128])
(62,3): [144 144] (em=0, csc=[128 128])
(62,4): [144 144] (em=0, csc=[128 128])
(62,5): [144 144] (em=0, csc=[128 128])
(62,6): [144 144] (em=0, csc=[128 128])
(62,7): [144 144] (em=0, csc=[128 128])
(62,8): [144 144] (em=0, csc=[128 128])
(62,9): [144 144] (em=0, csc=[128 128])
(62,10): [144 144] (em=0, csc=[128 128])
(62,11): [144 144] (em=0, csc=[128 128])
(62,12): [144 144] (em=0, csc=[128 128])
(62,13): [144 144] (em=0, csc=[128 128])
(62,14): [144 144] (em=0, csc=[128 128])
(62,15): [144 144] (em=0, csc=[128 128])
(62,16): [144 144] (em=0, csc=[128 128])
(62,17): [143 144] (em=0, csc=[127 128])
(62,18): [144 144] (em=0, csc=[128 128])
(62,19): [143 144] (em=0, csc=[127 128])
(62,20): [144 144] (em=0, csc=[128 128])
(62,21): [143 144] (em=1, csc=[126 128])
(62,22): [144 144] (em=1, csc=[128 128])
(62,23): [143 144] (em=1, csc=[126 128])
(62,24): [144 144] (em=1, csc=[128 128])
(62,25): [143 144] (em=1, csc=[126 128])
(62,26): [144 144] (em=0, csc=[128 128])
(62,27): [143 144] (em=0, csc=[127 128])
(62,28): [144 144] (em=0, csc=[128 128])
(62,29): [144 144] (em=0, csc=[128 128])
(62,30): [144 144] (em=0, csc=[128 128])
(62,31): [144 144] (em=0, csc=[128 128])
(62,32): [144 144] (em=2, csc=[128 128])
(62,33): [144 143] (em=30, csc=[128 126])
(62,34): [128 128] (em=74, csc=[130 126])
(62,35): [144 144] (em=-19, csc=[132 128])
(62,36): [128 128] (em=-174, csc=[128 128])
(62,37): [128 128] (em=-105, csc=[143 109])
(62,38): [128 128] (em=73, csc=[132 127])
(62,39): [128 128] (em=64, csc=[128 128])
(62,40): [144 144] (em=22, csc=[128 128])
(62,41): [58 58] (em=47, csc=[128 128])
(62,42): [128 128] (em=81, csc=[126 126])
(62,43): [144 143] (em=3, csc=[133 120])
(62,44): [128 128] (em=-102, csc=[142 125])
(62,45): [128 128] (em=-87, csc=[115 112])
(62,46): [219 210] (em=-55, csc=[140 126])
(62,47): [145 143] (em=-10, csc=[143 120])
(62,48): [53 62] (em=46, csc=[141 123])
(62,49): [145 142] (em=13, csc=[141 114])
(62,50): [144 142] (em=24, csc=[134 119])
(62,51): [144 143] (em=20, csc=[130 123])
(62,52): [144 143] (em=12, csc=[128 126])
(62,53): [144 144] (em=4, csc=[128 128])
(62,54): [144 144] (em=0, csc=[128 128])
(62,55): [143 144] (em=1, csc=[127 128])
(62,56): [144 144] (em=3, csc=[128 128])
(62,57): [144 144] (em=12, csc=[128 128])
(62,58): [144 144] (em=27, csc=[128 128])
(62,59): [75 75] (em=36, csc=[128 126])
(62,60): [53 57] (em=49, csc=[132 124])
(62,61): [144 142] (em=26, csc=[135 118])
(62,62): [144 143] (em=4, csc=[134 123])
(62,63): [143 143] (em=-27, csc=[124 125])
(62,64): [143 145] (em=-30, csc=[126 138])
(62,65): [190 236] (em=-63, csc=[ 84 145])
(62,66): [141 146] (em=-32, csc=[107 147])
(62,67): [128 128] (em=-69, csc=[ 90 149])
(62,68): [181 206] (em=-43, csc=[104 153])
(62,69): [128 128] (em=-65, csc=[ 92 153])
(62,70): [143 145] (em=-32, csc=[124 138])
(62,71): [143 143] (em=-19, csc=[127 123])
(62,72): [145 143] (em=23, csc=[136 123])
(62,73): [145 142] (em=28, csc=[137 116])
(62,74): [64 73] (em=40, csc=[138 118])
(62,75): [144 142] (em=30, csc=[135 118])
(62,76): [75 80] (em=34, csc=[134 121])
(62,77): [144 143] (em=32, csc=[128 127])
(62,78): [144 143] (em=23, csc=[128 127])
(62,79): [144 144] (em=15, csc=[128 128])
(62,80): [144 144] (em=6, csc=[128 128])
(62,81): [144 144] (em=7, csc=[128 128])
(62,82): [144 144] (em=2, csc=[128 128])
(62,83): [143 144] (em=3, csc=[127 128])
(62,84): [144 144] (em=0, csc=[128 128])
(62,85): [143 144] (em=1, csc=[126 128])
(62,86): [144 144] (em=0, csc=[128 128])
(62,87): [143 144] (em=0, csc=[126 128])
(62,88): [144 144] (em=6, csc=[128 128])
(62,89): [144 144] (em=27, csc=[128 128])
(62,90): [50 49] (em=53, csc=[127 128])
(62,91): [143 143] (em=16, csc=[126 123])
(62,92): [128 128] (em=-66, csc=[123 126])
(62,93): [128 128] (em=-156, csc=[113 109])
(62,94): [128 128] (em=-78, csc=[121 148])
(62,95): [197 227] (em=-62, csc=[ 94 136])
(62,96): [177 193] (em=-36, csc=[116 153])
(62,97): [128 128] (em=-102, csc=[118 154])
(62,98): [206 229] (em=-60, csc=[110 143])
(62,99): [181 223] (em=-54, csc=[ 84 149])
(62,100): [143 144] (em=-7, csc=[121 134])
(62,101): [143 143] (em=7, csc=[127 121])
(62,102): [69 69] (em=40, csc=[128 127])
(62,103): [144 144] (em=18, csc=[128 128])
(62,104): [144 144] (em=2, csc=[128 128])
(62,105): [144 144] (em=0, csc=[128 128])
(62,106): [144 144] (em=0, csc=[128 128])
(62,107): [144 144] (em=0, csc=[128 128])
(62,108): [144 144] (em=0, csc=[128 128])
(62,109): [144 144] (em=0, csc=[128 128])
(62,110): [144 144] (em=0, csc=[128 128])
(62,111): [144 144] (em=0, csc=[128 128])
(62,112): [144 144] (em=0, csc=[128 128])
(62,113): [144 144] (em=0, csc=[128 128])
(62,114): [144 144] (em=0, csc=[128 128])
(62,115): [144 144] (em=0, csc=[128 128])
(62,116): [144 144] (em=0, csc=[128 128])
(62,117): [144 144] (em=0, csc=[128 128])
(62,118): [144 144] (em=0, csc=[128 128])
(62,119): [144 144] (em=0, csc=[128 128])
(62,120): [144 144] (em=0, csc=[128 128])
(62,121): [144 144] (em=0, csc=[128 128])
(62,122): [144 144] (em=0, csc=[128 128])
(62,123): [144 144] (em=0, csc=[128 128])
(62,124): [144 144] (em=0, csc=[128 128])
(62,125): [144 144] (em=0, csc=[128 128])
(62,126): [128 128] (em=93, csc=[128 128])
(62,127): [128 128] (em=93, csc=[122 128])
(63,0): [128 128] (em=90, csc=[129 122])
(63,1): [128 128] (em=94, csc=[128 128])
(63,2): [144 144] (em=9, csc=[128 128])
(63,3): [144 144] (em=0, csc=[128 128])
(63,4): [144 144] (em=0, csc=[128 128])
(63,5): [144 144] (em=0, csc=[128 128])
(63,6): [144 144] (em=0, csc=[128 128])
(63,7): [144 144] (em=0, csc=[128 128])
(63,8): [144 144] (em=0, csc=[128 128])
(63,9): [144 144] (em=0, csc=[128 128])
(63,10): [144 144] (em=0, csc=[128 128])
(63,11): [144 144] (em=0, csc=[128 128])
(63,12): [144 144] (em=0, csc=[128 128])
(63,13): [144 144] (em=0, csc=[128 128])
(63,14): [144 144] (em=0, csc=[128 128])
(63,15): [144 144] (em=0, csc=[128 128])
(63,16): [144 144] (em=0, csc=[128 128])
(63,17): [144 144] (em=0, csc=[128 128])
(63,18): [144 144] (em=0, csc=[128 128])
(63,19): [144 144] (em=0, csc=[128 128])
(63,20): [144 144] (em=0, csc=[128 128])
(63,21): [144 144] (em=0, csc=[128 128])
(63,22): [144 144] (em=0, csc=[128 128])
(63,23): [144 144] (em=0, csc=[128 128])
(63,24): [144 144] (em=0, csc=[128 128])
(63,25): [144 144] (em=0, csc=[128 128])
(63,26): [144 144] (em=0, csc=[128 128])
(63,27): [144 144] (em=0, csc=[128 128])
(63,28): [144 144] (em=0, csc=[128 128])
(63,29): [144 144] (em=0, csc=[128 128])
(63,30): [144 144] (em=0, csc=[128 128])
(63,31): [144 144] (em=0, csc=[128 128])
(63,32): [144 144] (em=1, csc=[128 128])
(63,33): [144 144] (em=19, csc=[128 128])
(63,34): [42 42] (em=58, csc=[128 128])
(63,35): [144 144] (em=31, csc=[133 128])
(63,36): [128 128] (em=-104, csc=[134 124])
(63,37): [128 128] (em=-134, csc=[122 142])
(63,38): [143 144] (em=9, csc=[127 135])
(63,39): [128 128] (em=76, csc=[126 134])
(63,40): [128 128] (em=64, csc=[121 130])
(63,41): [128 128] (em=77, csc=[122 130])
(63,42): [128 128] (em=90, csc=[120 134])
(63,43): [142 145] (em=12, csc=[119 138])
(63,44): [128 128] (em=-77, csc=[112 132])
(63,45): [182 196] (em=-38, csc=[120 151])
(63,46): [146 142] (em=-20, csc=[144 115])
(63,47): [251 227] (em=-61, csc=[171 137])
(63,48): [128 128] (em=-125, csc=[159  99])
(63,49): [145 143] (em=-13, csc=[140 121])
(63,50): [144 143] (em=28, csc=[133 121])
(63,51): [144 143] (em=18, csc=[132 123])
(63,52): [144 143] (em=14, csc=[128 126])
(63,53): [144 144] (em=13, csc=[128 128])
(63,54): [144 144] (em=12, csc=[128 128])
(63,55): [144 144] (em=28, csc=[128 128])
(63,56): [79 77] (em=34, csc=[123 130])
(63,57): [64 58] (em=45, csc=[123 133])
(63,58): [68 60] (em=44, csc=[117 133])
(63,59): [143 144] (em=-3, csc=[124 133])
(63,60): [128 128] (em=-80, csc=[133 114])
(63,61): [128 128] (em=-96, csc=[145 126])
(63,62): [128 128] (em=-154, csc=[150  96])
(63,63): [128 128] (em=-74, csc=[140 123])
(63,64): [210 201] (em=-53, csc=[131 117])
(63,65): [143 144] (em=-4, csc=[126 132])
(63,66): [142 144] (em=15, csc=[117 131])
(63,67): [142 145] (em=24, csc=[118 136])
(63,68): [142 145] (em=29, csc=[116 136])
(63,69): [83 76] (em=33, csc=[117 137])
(63,70): [143 144] (em=31, csc=[120 131])
(63,71): [143 144] (em=32, csc=[123 129])
(63,72): [144 144] (em=26, csc=[128 128])
(63,73): [144 144] (em=20, csc=[128 128])
(63,74): [144 144] (em=18, csc=[128 128])
(63,75): [144 144] (em=9, csc=[128 128])
(63,76): [144 143] (em=9, csc=[128 127])
(63,77): [144 144] (em=3, csc=[128 128])
(63,78): [144 143] (em=3, csc=[128 127])
(63,79): [144 144] (em=0, csc=[128 128])
(63,80): [144 144] (em=0, csc=[128 128])
(63,81): [144 144] (em=0, csc=[128 128])
(63,82): [144 144] (em=0, csc=[128 128])
(63,83): [144 144] (em=0, csc=[128 128])
(63,84): [144 144] (em=0, csc=[128 128])
(63,85): [144 144] (em=0, csc=[128 128])
(63,86): [144 144] (em=0, csc=[128 128])
(63,87): [144 144] (em=0, csc=[128 128])
(63,88): [144 144] (em=0, csc=[128 128])
(63,89): [144 144] (em=7, csc=[128 128])
(63,90): [144 144] (em=17, csc=[128 128])
(63,91): [66 66] (em=42, csc=[128 128])
(63,92): [65 60] (em=45, csc=[120 130])
(63,93): [143 144] (em=32, csc=[123 131])
(63,94): [143 144] (em=1, csc=[123 129])
(63,95): [143 144] (em=-1, csc=[120 135])
(63,96): [144 143] (em=-30, csc=[128 126])
(63,97): [143 145] (em=0, csc=[120 137])
(63,98): [142 144] (em=27, csc=[117 134])
(63,99): [74 69] (em=38, csc=[123 133])
(63,100): [143 144] (em=27, csc=[123 129])
(63,101): [144 144] (em=21, csc=[128 128])
(63,102): [144 144] (em=8, csc=[128 128])
(63,103): [144 144] (em=4, csc=[128 128])
(63,104): [144 144] (em=0, csc=[128 128])
(63,105): [144 144] (em=0, csc=[128 128])
(63,106): [144 144] (em=0, csc=[128 128])
(63,107): [144 144] (em=0, csc=[128 128])
(63,108): [144 144] (em=0, csc=[128 128])
(63,109): [144 144] (em=0, csc=[128 128])
(63,110): [144 144] (em=0, csc=[128 128])
(63,111): [144 144] (em=0, csc=[128 128])
(63,112): [144 144] (em=0, csc=[128 128])
(63,113): [144 144] (em=0, csc=[128 128])
(63,114): [144 144] (em=0, csc=[128 128])
(63,115): [144 144] (em=0, csc=[128 128])
(63,116): [144 144] (em=0, csc=[128 128])
(63,117): [144 144] (em=0, csc=[128 128])
(63,118): [144 144] (em=0, csc=[128 128])
(63,119): [144 144] (em=0, csc=[128 128])
(63,120): [144 144] (em=0, csc=[128 128])
(63,121): [144 144] (em=0, csc=[128 128])
(63,122): [144 144] (em=0, csc=[128 128])
(63,123): [144 144] (em=0, csc=[128 128])
(63,124): [144 144] (em=0, csc=[128 128])
(63,125): [144 144] (em=0, csc=[128 128])
(63,126): [128 128] (em=93, csc=[125 128])
(63,127): [128 128] (em=93, csc=[115 135])
(64,0): [128 128] (em=65, csc=[137 116])
(64,1): [128 128] (em=91, csc=[128 125])
(64,2): [144 144] (em=6, csc=[128 128])
(64,3): [144 144] (em=0, csc=[128 128])
(64,4): [144 144] (em=0, csc=[128 128])
(64,5): [144 144] (em=0, csc=[128 128])
(64,6): [144 144] (em=0, csc=[128 128])
(64,7): [144 144] (em=0, csc=[128 128])
(64,8): [144 144] (em=0, csc=[128 128])
(64,9): [144 144] (em=0, csc=[128 128])
(64,10): [144 144] (em=0, csc=[128 128])
(64,11): [144 144] (em=0, csc=[128 128])
(64,12): [144 144] (em=0, csc=[128 128])
(64,13): [144 144] (em=0, csc=[128 128])
(64,14): [144 144] (em=0, csc=[128 128])
(64,15): [144 144] (em=0, csc=[128 128])
(64,16): [144 144] (em=0, csc=[128 128])
(64,17): [144 144] (em=0, csc=[128 128])
(64,18): [144 144] (em=0, csc=[128 128])
(64,19): [144 144] (em=0, csc=[128 128])
(64,20): [144 144] (em=0, csc=[128 128])
(64,21): [144 144] (em=0, csc=[128 128])
(64,22): [144 144] (em=0, csc=[128 128])
(64,23): [144 144] (em=0, csc=[128 128])
(64,24): [144 144] (em=0, csc=[128 128])
(64,25): [144 144] (em=0, csc=[128 128])
(64,26): [144 144] (em=0, csc=[128 128])
(64,27): [144 144] (em=0, csc=[128 128])
(64,28): [144 144] (em=0, csc=[128 128])
(64,29): [144 144] (em=0, csc=[128 128])
(64,30): [144 144] (em=0, csc=[128 128])
(64,31): [144 144] (em=0, csc=[128 128])
(64,32): [144 144] (em=0, csc=[128 128])
(64,33): [144 144] (em=6, csc=[128 128])
(64,34): [144 144] (em=26, csc=[128 128])
(64,35): [72 72] (em=38, csc=[128 126])
(64,36): [143 144] (em=30, csc=[125 134])
(64,37): [183 192] (em=-40, csc=[117 136])
(64,38): [128 128] (em=-115, csc=[145 148])
(64,39): [128 128] (em=-65, csc=[ 90 141])
(64,40): [143 145] (em=0, csc=[125 142])
(64,41): [142 143] (em=-26, csc=[115 127])
(64,42): [194 202] (em=-47, csc=[119 134])
(64,43): [128 128] (em=-81, csc=[105 147])
(64,44): [142 145] (em=-29, csc=[114 137])
(64,45): [45 46] (em=56, csc=[127 126])
(64,46): [128 128] (em=106, csc=[131 129])
(64,47): [128 128] (em=-80, csc=[145 119])
(64,48): [128 128] (em=-139, csc=[156 123])
(64,49): [144 143] (em=-15, csc=[132 123])
(64,50): [37 43] (em=59, csc=[132 123])
(64,51): [144 143] (em=21, csc=[132 123])
(64,52): [144 144] (em=21, csc=[128 128])
(64,53): [78 78] (em=34, csc=[128 128])
(64,54): [54 52] (em=50, csc=[127 130])
(64,55): [144 143] (em=2, csc=[129 123])
(64,56): [143 144] (em=-24, csc=[125 131])
(64,57): [128 128] (em=-73, csc=[ 91 138])
(64,58): [215 238] (em=-63, csc=[117 148])
(64,59): [128 128] (em=-73, csc=[ 96 142])
(64,60): [214 216] (em=-56, csc=[130 133])
(64,61): [144 143] (em=-15, csc=[129 124])
(64,62): [72 76] (em=36, csc=[135 125])
(64,63): [74 81] (em=34, csc=[136 118])
(64,64): [69 74] (em=38, csc=[133 122])
(64,65): [79 80] (em=33, csc=[128 126])
(64,66): [144 143] (em=23, csc=[128 126])
(64,67): [144 144] (em=16, csc=[128 128])
(64,68): [144 144] (em=6, csc=[128 128])
(64,69): [144 144] (em=6, csc=[128 128])
(64,70): [144 144] (em=1, csc=[128 128])
(64,71): [143 144] (em=2, csc=[127 128])
(64,72): [144 144] (em=0, csc=[128 128])
(64,73): [144 144] (em=0, csc=[128 128])
(64,74): [144 144] (em=0, csc=[128 128])
(64,75): [144 144] (em=0, csc=[128 128])
(64,76): [144 144] (em=0, csc=[128 128])
(64,77): [144 144] (em=0, csc=[128 128])
(64,78): [144 144] (em=0, csc=[128 128])
(64,79): [144 144] (em=0, csc=[128 128])
(64,80): [144 144] (em=0, csc=[128 128])
(64,81): [144 144] (em=0, csc=[128 128])
(64,82): [144 144] (em=0, csc=[128 128])
(64,83): [144 144] (em=0, csc=[128 128])
(64,84): [144 144] (em=0, csc=[128 128])
(64,85): [144 144] (em=0, csc=[128 128])
(64,86): [144 144] (em=0, csc=[128 128])
(64,87): [144 144] (em=0, csc=[128 128])
(64,88): [144 144] (em=0, csc=[128 128])
(64,89): [144 144] (em=0, csc=[128 128])
(64,90): [144 144] (em=0, csc=[128 128])
(64,91): [143 144] (em=4, csc=[127 128])
(64,92): [144 144] (em=9, csc=[128 128])
(64,93): [144 144] (em=16, csc=[128 128])
(64,94): [144 143] (em=17, csc=[128 125])
(64,95): [144 143] (em=19, csc=[128 125])
(64,96): [144 143] (em=11, csc=[131 123])
(64,97): [144 143] (em=19, csc=[128 127])
(64,98): [144 144] (em=17, csc=[128 128])
(64,99): [144 144] (em=11, csc=[128 128])
(64,100): [144 144] (em=3, csc=[128 128])
(64,101): [144 144] (em=1, csc=[128 128])
(64,102): [144 144] (em=0, csc=[128 128])
(64,103): [144 144] (em=0, csc=[128 128])
(64,104): [144 144] (em=0, csc=[128 128])
(64,105): [144 144] (em=0, csc=[128 128])
(64,106): [144 144] (em=0, csc=[128 128])
(64,107): [144 144] (em=0, csc=[128 128])
(64,108): [144 144] (em=0, csc=[128 128])
(64,109): [144 144] (em=0, csc=[128 128])
(64,110): [144 144] (em=0, csc=[128 128])
(64,111): [144 144] (em=0, csc=[128 128])
(64,112): [144 144] (em=0, csc=[128 128])
(64,113): [144 144] (em=0, csc=[128 128])
(64,114): [144 144] (em=0, csc=[128 128])
(64,115): [144 144] (em=0, csc=[128 128])
(64,116): [144 144] (em=0, csc=[128 128])
(64,117): [144 144] (em=0, csc=[128 128])
(64,118): [144 144] (em=0, csc=[128 128])
(64,119): [144 144] (em=0, csc=[128 128])
(64,120): [144 144] (em=0, csc=[128 128])
(64,121): [144 144] (em=0, csc=[128 128])
(64,122): [144 144] (em=0, csc=[128 128])
(64,123): [144 144] (em=0, csc=[128 128])
(64,124): [144 144] (em=0, csc=[128 128])
(64,125): [144 144] (em=0, csc=[128 128])
(64,126): [128 128] (em=93, csc=[128 128])
(64,127): [128 128] (em=93, csc=[122 128])
(65,0): [128 128] (em=90, csc=[129 122])
(65,1): [128 128] (em=94, csc=[128 128])
(65,2): [144 144] (em=9, csc=[128 128])
(65,3): [144 144] (em=0, csc=[128 128])
(65,4): [144 144] (em=0, csc=[128 128])
(65,5): [144 144] (em=0, csc=[128 128])
(65,6): [144 144] (em=0, csc=[128 128])
(65,7): [144 144] (em=0, csc=[128 128])
(65,8): [144 144] (em=0, csc=[128 128])
(65,9): [144 144] (em=0, csc=[128 128])
(65,10): [144 144] (em=0, csc=[128 128])
(65,11): [144 144] (em=0, csc=[128 128])
(65,12): [144 144] (em=0, csc=[128 128])
(65,13): [144 144] (em=0, csc=[128 128])
(65,14): [144 144] (em=0, csc=[128 128])
(65,15): [144 144] (em=0, csc=[128 128])
(65,16): [144 144] (em=0, csc=[128 128])
(65,17): [144 144] (em=0, csc=[128 128])
(65,18): [144 144] (em=0, csc=[128 128])
(65,19): [144 144] (em=0, csc=[128 128])
(65,20): [144 144] (em=0, csc=[128 128])
(65,21): [144 144] (em=0, csc=[128 128])
(65,22): [144 144] (em=0, csc=[128 128])
(65,23): [144 144] (em=0, csc=[128 128])
(65,24): [144 144] (em=0, csc=[128 128])
(65,25): [144 144] (em=0, csc=[128 128])
(65,26): [144 144] (em=0, csc=[128 128])
(65,27): [144 144] (em=0, csc=[128 128])
(65,28): [144 144] (em=0, csc=[128 128])
(65,29): [144 144] (em=0, csc=[128 128])
(65,30): [144 144] (em=0, csc=[128 128])
(65,31): [144 144] (em=0, csc=[128 128])
(65,32): [144 144] (em=0, csc=[128 128])
(65,33): [144 144] (em=0, csc=[128 128])
(65,34): [144 144] (em=3, csc=[128 128])
(65,35): [143 144] (em=15, csc=[127 128])
(65,36): [144 144] (em=32, csc=[128 128])
(65,37): [68 68] (em=40, csc=[129 130])
(65,38): [143 144] (em=20, csc=[121 130])
(65,39): [179 183] (em=-35, csc=[123 133])
(65,40): [128 128] (em=-81, csc=[140 112])
(65,41): [144 144] (em=-32, csc=[128 130])
(65,42): [143 143] (em=-19, csc=[124 126])
(65,43): [143 144] (em=3, csc=[125 132])
(65,44): [75 70] (em=38, csc=[120 132])
(65,45): [128 128] (em=83, csc=[128 127])
(65,46): [128 128] (em=104, csc=[133 127])
(65,47): [183 185] (em=-36, csc=[129 134])
(65,48): [128 128] (em=-169, csc=[135 112])
(65,49): [144 143] (em=10, csc=[131 127])
(65,50): [128 128] (em=93, csc=[128 126])
(65,51): [73 73] (em=37, csc=[128 127])
(65,52): [60 60] (em=46, csc=[128 128])
(65,53): [128 128] (em=66, csc=[128 127])
(65,54): [144 143] (em=28, csc=[129 125])
(65,55): [128 128] (em=-99, csc=[122 138])
(65,56): [128 128] (em=-139, csc=[115 112])
(65,57): [139 145] (em=-29, csc=[ 92 141])
(65,58): [78 76] (em=35, csc=[122 129])
(65,59): [69 65] (em=41, csc=[123 133])
(65,60): [55 46] (em=53, csc=[119 133])
(65,61): [71 70] (em=39, csc=[125 129])
(65,62): [144 144] (em=27, csc=[128 128])
(65,63): [144 144] (em=16, csc=[128 128])
(65,64): [144 143] (em=8, csc=[128 126])
(65,65): [144 144] (em=4, csc=[128 128])
(65,66): [144 144] (em=2, csc=[128 128])
(65,67): [144 144] (em=0, csc=[128 128])
(65,68): [144 144] (em=0, csc=[128 128])
(65,69): [144 144] (em=0, csc=[128 128])
(65,70): [144 144] (em=0, csc=[128 128])
(65,71): [144 144] (em=0, csc=[128 128])
(65,72): [144 144] (em=0, csc=[128 128])
(65,73): [144 144] (em=0, csc=[128 128])
(65,74): [144 144] (em=0, csc=[128 128])
(65,75): [144 144] (em=0, csc=[128 128])
(65,76): [144 144] (em=0, csc=[128 128])
(65,77): [144 144] (em=0, csc=[128 128])
(65,78): [144 144] (em=0, csc=[128 128])
(65,79): [144 144] (em=0, csc=[128 128])
(65,80): [144 144] (em=0, csc=[128 128])
(65,81): [144 144] (em=0, csc=[128 128])
(65,82): [144 144] (em=0, csc=[128 128])
(65,83): [144 144] (em=0, csc=[128 128])
(65,84): [144 144] (em=0, csc=[128 128])
(65,85): [144 144] (em=0, csc=[128 128])
(65,86): [144 144] (em=0, csc=[128 128])
(65,87): [144 144] (em=0, csc=[128 128])
(65,88): [144 144] (em=0, csc=[128 128])
(65,89): [144 144] (em=0, csc=[128 128])
(65,90): [144 144] (em=0, csc=[128 128])
(65,91): [144 144] (em=0, csc=[128 128])
(65,92): [144 144] (em=0, csc=[128 128])
(65,93): [144 144] (em=0, csc=[128 128])
(65,94): [144 143] (em=2, csc=[128 127])
(65,95): [144 144] (em=1, csc=[128 128])
(65,96): [144 143] (em=1, csc=[128 126])
(65,97): [144 144] (em=1, csc=[128 128])
(65,98): [144 144] (em=1, csc=[128 128])
(65,99): [144 144] (em=0, csc=[128 128])
(65,100): [144 144] (em=0, csc=[128 128])
(65,101): [144 144] (em=0, csc=[128 128])
(65,102): [144 144] (em=0, csc=[128 128])
(65,103): [144 144] (em=0, csc=[128 128])
(65,104): [144 144] (em=0, csc=[128 128])
(65,105): [144 144] (em=0, csc=[128 128])
(65,106): [144 144] (em=0, csc=[128 128])
(65,107): [144 144] (em=0, csc=[128 128])
(65,108): [144 144] (em=0, csc=[128 128])
(65,109): [144 144] (em=0, csc=[128 128])
(65,110): [144 144] (em=0, csc=[128 128])
(65,111): [144 144] (em=0, csc=[128 128])
(65,112): [144 144] (em=0, csc=[128 128])
(65,113): [144 144] (em=0, csc=[128 128])
(65,114): [144 144] (em=0, csc=[128 128])
(65,115): [144 144] (em=0, csc=[128 128])
(65,116): [144 144] (em=0, csc=[128 128])
(65,117): [144 144] (em=0, csc=[128 128])
(65,118): [144 144] (em=0, csc=[128 128])
(65,119): [144 144] (em=0, csc=[128 128])
(65,120): [144 144] (em=0, csc=[128 128])
(65,121): [144 144] (em=0, csc=[128 128])
(65,122): [144 144] (em=0, csc=[128 128])
(65,123): [144 144] (em=0, csc=[128 128])
(65,124): [144 144] (em=0, csc=[128 128])
(65,125): [144 144] (em=0, csc=[128 128])
(65,126): [128 128] (em=93, csc=[125 128])
(65,127): [128 128] (em=93, csc=[115 135])
(66,0): [128 128] (em=65, csc=[137 116])
(66,1): [128 128] (em=91, csc=[128 125])
(66,2): [144 144] (em=6, csc=[128 128])
(66,3): [144 144] (em=0, csc=[128 128])
(66,4): [144 144] (em=0, csc=[128 128])
(66,5): [144 144] (em=0, csc=[128 128])
(66,6): [144 144] (em=0, csc=[128 128])
(66,7): [144 144] (em=0, csc=[128 128])
(66,8): [144 144] (em=0, csc=[128 128])
(66,9): [144 144] (em=0, csc=[128 128])
(66,10): [144 144] (em=0, csc=[128 128])
(66,11): [144 144] (em=0, csc=[128 128])
(66,12): [144 144] (em=0, csc=[128 128])
(66,13): [144 144] (em=0, csc=[128 128])
(66,14): [144 144] (em=0, csc=[128 128])
(66,15): [144 144] (em=0, csc=[128 128])
(66,16): [144 144] (em=0, csc=[128 128])
(66,17): [144 144] (em=0, csc=[128 128])
(66,18): [144 144] (em=0, csc=[128 128])
(66,19): [144 144] (em=0, csc=[128 128])
(66,20): [144 144] (em=0, csc=[128 128])
(66,21): [144 144] (em=0, csc=[128 128])
(66,22): [144 144] (em=0, csc=[128 128])
(66,23): [144 144] (em=0, csc=[128 128])
(66,24): [144 144] (em=0, csc=[128 128])
(66,25): [144 144] (em=0, csc=[128 128])
(66,26): [144 144] (em=0, csc=[128 128])
(66,27): [144 144] (em=0, csc=[128 128])
(66,28): [144 144] (em=0, csc=[128 128])
(66,29): [144 144] (em=0, csc=[128 128])
(66,30): [144 144] (em=0, csc=[128 128])
(66,31): [144 144] (em=0, csc=[128 128])
(66,32): [144 144] (em=0, csc=[128 128])
(66,33): [144 144] (em=0, csc=[128 128])
(66,34): [144 144] (em=0, csc=[128 128])
(66,35): [144 144] (em=0, csc=[128 128])
(66,36): [144 144] (em=5, csc=[128 128])
(66,37): [143 144] (em=14, csc=[127 128])
(66,38): [144 144] (em=26, csc=[128 128])
(66,39): [144 143] (em=16, csc=[130 123])
(66,40): [144 143] (em=12, csc=[135 120])
(66,41): [144 143] (em=19, csc=[130 122])
(66,42): [144 143] (em=22, csc=[131 123])
(66,43): [144 144] (em=22, csc=[128 128])
(66,44): [144 144] (em=19, csc=[128 128])
(66,45): [66 66] (em=42, csc=[128 128])
(66,46): [128 128] (em=83, csc=[129 125])
(66,47): [196 193] (em=-44, csc=[130 126])
(66,48): [128 128] (em=-173, csc=[149 124])
(66,49): [144 143] (em=-8, csc=[129 123])
(66,50): [128 128] (em=103, csc=[127 126])
(66,51): [128 128] (em=65, csc=[128 128])
(66,52): [128 128] (em=86, csc=[128 128])
(66,53): [35 38] (em=62, csc=[129 124])
(66,54): [128 128] (em=-139, csc=[154  88])
(66,55): [128 128] (em=-159, csc=[128 128])
(66,56): [128 128] (em=-75, csc=[139  99])
(66,57): [128 128] (em=71, csc=[127 123])
(66,58): [128 128] (em=68, csc=[128 128])
(66,59): [144 144] (em=23, csc=[128 128])
(66,60): [144 144] (em=8, csc=[128 128])
(66,61): [143 144] (em=3, csc=[126 128])
(66,62): [144 144] (em=0, csc=[128 128])
(66,63): [144 144] (em=0, csc=[128 128])
(66,64): [144 144] (em=0, csc=[128 128])
(66,65): [144 144] (em=0, csc=[128 128])
(66,66): [144 144] (em=0, csc=[128 128])
(66,67): [144 144] (em=0, csc=[128 128])
(66,68): [144 144] (em=0, csc=[128 128])
(66,69): [144 144] (em=0, csc=[128 128])
(66,70): [144 144] (em=0, csc=[128 128])
(66,71): [144 144] (em=0, csc=[128 128])
(66,72): [144 144] (em=0, csc=[128 128])
(66,73): [144 144] (em=0, csc=[128 128])
(66,74): [144 144] (em=0, csc=[128 128])
(66,75): [144 144] (em=0, csc=[128 128])
(66,76): [144 144] (em=0, csc=[128 128])
(66,77): [144 144] (em=0, csc=[128 128])
(66,78): [144 144] (em=0, csc=[128 128])
(66,79): [144 144] (em=0, csc=[128 128])
(66,80): [144 144] (em=0, csc=[128 128])
(66,81): [144 144] (em=0, csc=[128 128])
(66,82): [144 144] (em=0, csc=[128 128])
(66,83): [144 144] (em=0, csc=[128 128])
(66,84): [144 144] (em=0, csc=[128 128])
(66,85): [144 144] (em=0, csc=[128 128])
(66,86): [144 144] (em=0, csc=[128 128])
(66,87): [144 144] (em=0, csc=[128 128])
(66,88): [144 144] (em=0, csc=[128 128])
(66,89): [144 144] (em=0, csc=[128 128])
(66,90): [144 144] (em=0, csc=[128 128])
(66,91): [144 144] (em=0, csc=[128 128])
(66,92): [144 144] (em=0, csc=[128 128])
(66,93): [144 144] (em=0, csc=[128 128])
(66,94): [144 144] (em=0, csc=[128 128])
(66,95): [144 144] (em=0, csc=[128 128])
(66,96): [144 144] (em=0, csc=[128 128])
(66,97): [144 144] (em=0, csc=[128 128])
(66,98): [144 144] (em=0, csc=[128 128])
(66,99): [144 144] (em=0, csc=[128 128])
(66,100): [144 144] (em=0, csc=[128 128])
(66,101): [144 144] (em=0, csc=[128 128])
(66,102): [144 144] (em=0, csc=[128 128])
(66,103): [144 144] (em=0, csc=[128 128])
(66,104): [144 144] (em=0, csc=[128 128])
(66,105): [144 144] (em=0, csc=[128 128])
(66,106): [144 144] (em=0, csc=[128 128])
(66,107): [144 144] (em=0, csc=[128 128])
(66,108): [144 144] (em=0, csc=[128 128])
(66,109): [144 144] (em=0, csc=[128 128])
(66,110): [144 144] (em=0, csc=[128 128])
(66,111): [144 144] (em=0, csc=[128 128])
(66,112): [144 144] (em=0, csc=[128 128])
(66,113): [144 144] (em=0, csc=[128 128])
(66,114): [144 144] (em=0, csc=[128 128])
(66,115): [144 144] (em=0, csc=[128 128])
(66,116): [144 144] (em=0, csc=[128 128])
(66,117): [144 144] (em=0, csc=[128 128])
(66,118): [144 144] (em=0, csc=[128 128])
(66,119): [144 144] (em=0, csc=[128 128])
(66,120): [144 144] (em=0, csc=[128 128])
(66,121): [144 144] (em=0, csc=[128 128])
(66,122): [144 144] (em=0, csc=[128 128])
(66,123): [144 144] (em=0, csc=[128 128])
(66,124): [144 144] (em=0, csc=[128 128])
(66,125): [144 144] (em=0, csc=[128 128])
(66,126): [128 128] (em=93, csc=[128 128])
(66,127): [128 128] (em=93, csc=[122 128])
(67,0): [128 128] (em=90, csc=[129 122])
(67,1): [128 128] (em=94, csc=[128 128])
(67,2): [144 144] (em=9, csc=[128 128])
(67,3): [144 144] (em=0, csc=[128 128])
(67,4): [144 144] (em=0, csc=[128 128])
(67,5): [144 144] (em=0, csc=[128 128])
(67,6): [144 144] (em=0, csc=[128 128])
(67,7): [144 144] (em=0, csc=[128 128])
(67,8): [144 144] (em=0, csc=[128 128])
(67,9): [144 144] (em=0, csc=[128 128])
(67,10): [144 144] (em=0, csc=[128 128])
(67,11): [144 144] (em=0, csc=[128 128])
(67,12): [144 144] (em=0, csc=[128 128])
(67,13): [144 144] (em=0, csc=[128 128])
(67,14): [144 144] (em=0, csc=[128 128])
(67,15): [144 144] (em=0, csc=[128 128])
(67,16): [144 144] (em=0, csc=[128 128])
(67,17): [144 144] (em=0, csc=[128 128])
(67,18): [144 144] (em=0, csc=[128 128])
(67,19): [144 144] (em=0, csc=[128 128])
(67,20): [144 144] (em=0, csc=[128 128])
(67,21): [144 144] (em=0, csc=[128 128])
(67,22): [144 144] (em=0, csc=[128 128])
(67,23): [144 144] (em=0, csc=[128 128])
(67,24): [144 144] (em=0, csc=[128 128])
(67,25): [144 144] (em=0, csc=[128 128])
(67,26): [144 144] (em=0, csc=[128 128])
(67,27): [144 144] (em=0, csc=[128 128])
(67,28): [144 144] (em=0, csc=[128 128])
(67,29): [144 144] (em=0, csc=[128 128])
(67,30): [144 144] (em=0, csc=[128 128])
(67,31): [144 144] (em=0, csc=[128 128])
(67,32): [144 144] (em=0, csc=[128 128])
(67,33): [144 144] (em=0, csc=[128 128])
(67,34): [144 144] (em=0, csc=[128 128])
(67,35): [144 144] (em=0, csc=[128 128])
(67,36): [144 144] (em=0, csc=[128 128])
(67,37): [144 144] (em=1, csc=[128 128])
(67,38): [144 143] (em=3, csc=[128 127])
(67,39): [144 144] (em=3, csc=[128 128])
(67,40): [144 143] (em=2, csc=[128 126])
(67,41): [144 144] (em=3, csc=[128 128])
(67,42): [144 143] (em=5, csc=[128 127])
(67,43): [144 144] (em=2, csc=[128 128])
(67,44): [144 143] (em=4, csc=[128 127])
(67,45): [144 144] (em=23, csc=[128 128])
(67,46): [35 38] (em=62, csc=[129 125])
(67,47): [144 143] (em=-5, csc=[133 125])
(67,48): [128 128] (em=-184, csc=[148 105])
(67,49): [128 128] (em=-92, csc=[101 149])
(67,50): [65 59] (em=45, csc=[120 131])
(67,51): [42 40] (em=57, csc=[130 132])
(67,52): [64 58] (em=46, csc=[119 131])
(67,53): [180 210] (em=-49, csc=[ 91 142])
(67,54): [128 128] (em=-150, csc=[128 128])
(67,55): [128 128] (em=-82, csc=[125 124])
(67,56): [58 60] (em=48, csc=[126 122])
(67,57): [40 40] (em=59, csc=[128 128])
(67,58): [144 144] (em=29, csc=[128 128])
(67,59): [144 144] (em=2, csc=[128 128])
(67,60): [144 144] (em=0, csc=[128 128])
(67,61): [144 144] (em=0, csc=[128 128])
(67,62): [144 144] (em=0, csc=[128 128])
(67,63): [144 144] (em=0, csc=[128 128])
(67,64): [144 144] (em=0, csc=[128 128])
(67,65): [144 144] (em=0, csc=[128 128])
(67,66): [144 144] (em=0, csc=[128 128])
(67,67): [144 144] (em=0, csc=[128 128])
(67,68): [144 144] (em=0, csc=[128 128])
(67,69): [144 144] (em=0, csc=[128 128])
(67,70): [144 144] (em=0, csc=[128 128])
(67,71): [144 144] (em=0, csc=[128 128])
(67,72): [144 144] (em=0, csc=[128 128])
(67,73): [144 144] (em=0, csc=[128 128])
(67,74): [144 144] (em=0, csc=[128 128])
(67,75): [144 144] (em=0, csc=[128 128])
(67,76): [144 144] (em=0, csc=[128 128])
(67,77): [144 144] (em=0, csc=[128 128])
(67,78): [144 144] (em=0, csc=[128 128])
(67,79): [144 144] (em=0, csc=[128 128])
(67,80): [144 144] (em=0, csc=[128 128])
(67,81): [144 144] (em=0, csc=[128 128])
(67,82): [144 144] (em=0, csc=[128 128])
(67,83): [144 144] (em=0, csc=[128 128])
(67,84): [144 144] (em=0, csc=[128 128])
(67,85): [144 144] (em=0, csc=[128 128])
(67,86): [144 144] (em=0, csc=[128 128])
(67,87): [144 144] (em=0, csc=[128 128])
(67,88): [144 144] (em=0, csc=[128 128])
(67,89): [144 144] (em=0, csc=[128 128])
(67,90): [144 144] (em=0, csc=[128 128])
(67,91): [144 144] (em=0, csc=[128 128])
(67,92): [144 144] (em=0, csc=[128 128])
(67,93): [144 144] (em=0, csc=[128 128])
(67,94): [144 144] (em=0, csc=[128 128])
(67,95): [144 144] (em=0, csc=[128 128])
(67,96): [144 144] (em=0, csc=[128 128])
(67,97): [144 144] (em=0, csc=[128 128])
(67,98): [144 144] (em=0, csc=[128 128])
(67,99): [144 144] (em=0, csc=[128 128])
(67,100): [144 144] (em=0, csc=[128 128])
(67,101): [144 144] (em=0, csc=[128 128])
(67,102): [144 144] (em=0, csc=[128 128])
(67,103): [144 144] (em=0, csc=[128 128])
(67,104): [144 144] (em=0, csc=[128 128])
(67,105): [144 144] (em=0, csc=[128 128])
(67,106): [144 144] (em=0, csc=[128 128])
(67,107): [144 144] (em=0, csc=[128 128])
(67,108): [144 144] (em=0, csc=[128 128])
(67,109): [144 144] (em=0, csc=[128 128])
(67,110): [144 144] (em=0, csc=[128 128])
(67,111): [144 144] (em=0, csc=[128 128])
(67,112): [144 144] (em=0, csc=[128 128])
(67,113): [144 144] (em=0, csc=[128 128])
(67,114): [144 144] (em=0, csc=[128 128])
(67,115): [144 144] (em=0, csc=[128 128])
(67,116): [144 144] (em=0, csc=[128 128])
(67,117): [144 144] (em=0, csc=[128 128])
(67,118): [144 144] (em=0, csc=[128 128])
(67,119): [144 144] (em=0, csc=[128 128])
(67,120): [144 144] (em=0, csc=[128 128])
(67,121): [144 144] (em=0, csc=[128 128])
(67,122): [144 144] (em=0, csc=[128 128])
(67,123): [144 144] (em=0, csc=[128 128])
(67,124): [144 144] (em=0, csc=[128 128])
(67,125): [144 144] (em=0, csc=[128 128])
(67,126): [128 128] (em=93, csc=[125 128])
(67,127): [128 128] (em=93, csc=[115 135])
(68,0): [128 128] (em=66, csc=[137 116])
(68,1): [128 128] (em=91, csc=[128 125])
(68,2): [144 144] (em=6, csc=[128 128])
(68,3): [144 144] (em=0, csc=[128 128])
(68,4): [144 144] (em=0, csc=[128 128])
(68,5): [144 144] (em=0, csc=[128 128])
(68,6): [144 144] (em=0, csc=[128 128])
(68,7): [144 144] (em=0, csc=[128 128])
(68,8): [144 144] (em=0, csc=[128 128])
(68,9): [144 144] (em=0, csc=[128 128])
(68,10): [144 144] (em=0, csc=[128 128])
(68,11): [144 144] (em=0, csc=[128 128])
(68,12): [144 144] (em=0, csc=[128 128])
(68,13): [144 144] (em=0, csc=[128 128])
(68,14): [144 144] (em=0, csc=[128 128])
(68,15): [144 144] (em=0, csc=[128 128])
(68,16): [144 144] (em=0, csc=[128 128])
(68,17): [144 144] (em=0, csc=[128 128])
(68,18): [144 144] (em=0, csc=[128 128])
(68,19): [144 144] (em=0, csc=[128 128])
(68,20): [144 144] (em=0, csc=[128 128])
(68,21): [144 144] (em=0, csc=[128 128])
(68,22): [144 144] (em=0, csc=[128 128])
(68,23): [144 144] (em=0, csc=[128 128])
(68,24): [144 144] (em=0, csc=[128 128])
(68,25): [144 144] (em=0, csc=[128 128])
(68,26): [144 144] (em=0, csc=[128 128])
(68,27): [144 144] (em=0, csc=[128 128])
(68,28): [144 144] (em=0, csc=[128 128])
(68,29): [144 144] (em=0, csc=[128 128])
(68,30): [144 144] (em=0, csc=[128 128])
(68,31): [144 144] (em=0, csc=[128 128])
(68,32): [144 144] (em=0, csc=[128 128])
(68,33): [144 144] (em=0, csc=[128 128])
(68,34): [144 144] (em=0, csc=[128 128])
(68,35): [144 144] (em=0, csc=[128 128])
(68,36): [144 144] (em=0, csc=[128 128])
(68,37): [144 144] (em=0, csc=[128 128])
(68,38): [144 144] (em=0, csc=[128 128])
(68,39): [144 144] (em=0, csc=[128 128])
(68,40): [144 144] (em=0, csc=[128 128])
(68,41): [144 144] (em=0, csc=[128 128])
(68,42): [144 144] (em=0, csc=[128 128])
(68,43): [144 144] (em=0, csc=[128 128])
(68,44): [144 144] (em=0, csc=[128 128])
(68,45): [144 144] (em=9, csc=[128 128])
(68,46): [78 78] (em=34, csc=[128 126])
(68,47): [144 143] (em=29, csc=[130 124])
(68,48): [143 144] (em=26, csc=[127 134])
(68,49): [202 210] (em=-53, csc=[119 131])
(68,50): [128 128] (em=-70, csc=[117 142])
(68,51): [178 214] (em=-46, csc=[ 93 158])
(68,52): [185 200] (em=-42, csc=[115 144])
(68,53): [206 224] (em=-62, csc=[107 131])
(68,54): [143 144] (em=-19, csc=[126 130])
(68,55): [144 143] (em=6, csc=[129 121])
(68,56): [60 60] (em=46, csc=[127 128])
(68,57): [144 144] (em=26, csc=[128 128])
(68,58): [144 144] (em=5, csc=[128 128])
(68,59): [144 144] (em=0, csc=[128 128])
(68,60): [144 144] (em=0, csc=[128 128])
(68,61): [144 144] (em=0, csc=[128 128])
(68,62): [144 144] (em=0, csc=[128 128])
(68,63): [144 144] (em=0, csc=[128 128])
(68,64): [144 144] (em=0, csc=[128 128])
(68,65): [144 144] (em=0, csc=[128 128])
(68,66): [144 144] (em=0, csc=[128 128])
(68,67): [144 144] (em=0, csc=[128 128])
(68,68): [144 144] (em=0, csc=[128 128])
(68,69): [144 144] (em=0, csc=[128 128])
(68,70): [144 144] (em=0, csc=[128 128])
(68,71): [144 144] (em=0, csc=[128 128])
(68,72): [144 144] (em=0, csc=[128 128])
(68,73): [144 144] (em=0, csc=[128 128])
(68,74): [144 144] (em=0, csc=[128 128])
(68,75): [144 144] (em=0, csc=[128 128])
(68,76): [144 144] (em=0, csc=[128 128])
(68,77): [144 144] (em=0, csc=[128 128])
(68,78): [144 144] (em=0, csc=[128 128])
(68,79): [144 144] (em=0, csc=[128 128])
(68,80): [144 144] (em=0, csc=[128 128])
(68,81): [144 144] (em=0, csc=[128 128])
(68,82): [144 144] (em=0, csc=[128 128])
(68,83): [144 144] (em=0, csc=[128 128])
(68,84): [144 144] (em=0, csc=[128 128])
(68,85): [144 144] (em=0, csc=[128 128])
(68,86): [144 144] (em=0, csc=[128 128])
(68,87): [144 144] (em=0, csc=[128 128])
(68,88): [144 144] (em=0, csc=[128 128])
(68,89): [144 144] (em=0, csc=[128 128])
(68,90): [144 144] (em=0, csc=[128 128])
(68,91): [144 144] (em=0, csc=[128 128])
(68,92): [144 144] (em=0, csc=[128 128])
(68,93): [144 144] (em=0, csc=[128 128])
(68,94): [144 144] (em=0, csc=[128 128])
(68,95): [144 144] (em=0, csc=[128 128])
(68,96): [144 144] (em=0, csc=[128 128])
(68,97): [144 144] (em=0, csc=[128 128])
(68,98): [144 144] (em=0, csc=[128 128])
(68,99): [144 144] (em=0, csc=[128 128])
(68,100): [144 144] (em=0, csc=[128 128])
(68,101): [144 144] (em=0, csc=[128 128])
(68,102): [144 144] (em=0, csc=[128 128])
(68,103): [144 144] (em=0, csc=[128 128])
(68,104): [144 144] (em=0, csc=[128 128])
(68,105): [144 144] (em=0, csc=[128 128])
(68,106): [144 144] (em=0, csc=[128 128])
(68,107): [144 144] (em=0, csc=[128 128])
(68,108): [144 144] (em=0, csc=[128 128])
(68,109): [144 144] (em=0, csc=[128 128])
(68,110): [144 144] (em=0, csc=[128 128])
(68,111): [144 144] (em=0, csc=[128 128])
(68,112): [144 144] (em=0, csc=[128 128])
(68,113): [144 144] (em=0, csc=[128 128])
(68,114): [144 144] (em=0, csc=[128 128])
(68,115): [144 144] (em=0, csc=[128 128])
(68,116): [144 144] (em=0, csc=[128 128])
(68,117): [144 144] (em=0, csc=[128 128])
(68,118): [144 144] (em=0, csc=[128 128])
(68,119): [144 144] (em=0, csc=[128 128])
(68,120): [144 144] (em=0, csc=[128 128])
(68,121): [144 144] (em=0, csc=[128 128])
(68,122): [144 144] (em=0, csc=[128 128])
(68,123): [144 144] (em=0, csc=[128 128])
(68,124): [144 144] (em=0, csc=[128 128])
(68,125): [144 144] (em=0, csc=[128 128])
(68,126): [128 128] (em=93, csc=[128 128])
(68,127): [128 128] (em=93, csc=[122 128])
(69,0): [128 128] (em=88, csc=[129 122])
(69,1): [128 128] (em=94, csc=[128 128])
(69,2): [144 144] (em=6, csc=[128 128])
(69,3): [144 144] (em=0, csc=[128 128])
(69,4): [144 144] (em=0, csc=[128 128])
(69,5): [144 144] (em=0, csc=[128 128])
(69,6): [144 144] (em=0, csc=[128 128])
(69,7): [144 144] (em=0, csc=[128 128])
(69,8): [144 144] (em=0, csc=[128 128])
(69,9): [144 144] (em=0, csc=[128 128])
(69,10): [144 144] (em=0, csc=[128 128])
(69,11): [144 144] (em=0, csc=[128 128])
(69,12): [144 144] (em=0, csc=[128 128])
(69,13): [144 144] (em=0, csc=[128 128])
(69,14): [144 144] (em=0, csc=[128 128])
(69,15): [144 144] (em=0, csc=[128 128])
(69,16): [144 144] (em=0, csc=[128 128])
(69,17): [144 144] (em=0, csc=[128 128])
(69,18): [144 144] (em=0, csc=[128 128])
(69,19): [144 144] (em=0, csc=[128 128])
(69,20): [144 144] (em=0, csc=[128 128])
(69,21): [144 144] (em=0, csc=[128 128])
(69,22): [144 144] (em=0, csc=[128 128])
(69,23): [144 144] (em=0, csc=[128 128])
(69,24): [144 144] (em=0, csc=[128 128])
(69,25): [144 144] (em=0, csc=[128 128])
(69,26): [144 144] (em=0, csc=[128 128])
(69,27): [144 144] (em=0, csc=[128 128])
(69,28): [144 144] (em=0, csc=[128 128])
(69,29): [144 144] (em=0, csc=[128 128])
(69,30): [144 144] (em=0, csc=[128 128])
(69,31): [144 144] (em=0, csc=[128 128])
(69,32): [144 144] (em=0, csc=[128 128])
(69,33): [144 144] (em=0, csc=[128 128])
(69,34): [144 144] (em=0, csc=[128 128])
(69,35): [144 144] (em=0, csc=[128 128])
(69,36): [144 144] (em=0, csc=[128 128])
(69,37): [144 144] (em=0, csc=[128 128])
(69,38): [144 144] (em=0, csc=[128 128])
(69,39): [144 144] (em=0, csc=[128 128])
(69,40): [144 144] (em=0, csc=[128 128])
(69,41): [144 144] (em=0, csc=[128 128])
(69,42): [144 144] (em=0, csc=[128 128])
(69,43): [144 144] (em=0, csc=[128 128])
(69,44): [144 144] (em=0, csc=[128 128])
(69,45): [144 144] (em=1, csc=[128 128])
(69,46): [144 144] (em=4, csc=[128 128])
(69,47): [144 144] (em=15, csc=[128 128])
(69,48): [144 144] (em=23, csc=[128 128])
(69,49): [143 144] (em=29, csc=[124 132])
(69,50): [142 144] (em=25, csc=[117 135])
(69,51): [141 145] (em=14, csc=[111 140])
(69,52): [79 71] (em=36, csc=[118 136])
(69,53): [75 69] (em=38, csc=[121 133])
(69,54): [143 144] (em=25, csc=[124 129])
(69,55): [144 144] (em=23, csc=[128 128])
(69,56): [144 144] (em=10, csc=[128 128])
(69,57): [144 144] (em=6, csc=[128 128])
(69,58): [144 144] (em=0, csc=[128 128])
(69,59): [144 144] (em=0, csc=[128 128])
(69,60): [144 144] (em=0, csc=[128 128])
(69,61): [144 144] (em=0, csc=[128 128])
(69,62): [144 144] (em=0, csc=[128 128])
(69,63): [144 144] (em=0, csc=[128 128])
(69,64): [144 144] (em=0, csc=[128 128])
(69,65): [144 144] (em=0, csc=[128 128])
(69,66): [144 144] (em=0, csc=[128 128])
(69,67): [144 144] (em=0, csc=[128 128])
(69,68): [144 144] (em=0, csc=[128 128])
(69,69): [144 144] (em=0, csc=[128 128])
(69,70): [144 144] (em=0, csc=[128 128])
(69,71): [144 144] (em=0, csc=[128 128])
(69,72): [144 144] (em=0, csc=[128 128])
(69,73): [144 144] (em=0, csc=[128 128])
(69,74): [144 144] (em=0, csc=[128 128])
(69,75): [144 144] (em=0, csc=[128 128])
(69,76): [144 144] (em=0, csc=[128 128])
(69,77): [144 144] (em=0, csc=[128 128])
(69,78): [144 144] (em=0, csc=[128 128])
(69,79): [144 144] (em=0, csc=[128 128])
(69,80): [144 144] (em=0, csc=[128 128])
(69,81): [144 144] (em=0, csc=[128 128])
(69,82): [144 144] (em=0, csc=[128 128])
(69,83): [144 144] (em=0, csc=[128 128])
(69,84): [144 144] (em=0, csc=[128 128])
(69,85): [144 144] (em=0, csc=[128 128])
(69,86): [144 144] (em=0, csc=[128 128])
(69,87): [144 144] (em=0, csc=[128 128])
(69,88): [144 144] (em=0, csc=[128 128])
(69,89): [144 144] (em=0, csc=[128 128])
(69,90): [144 144] (em=0, csc=[128 128])
(69,91): [144 144] (em=0, csc=[128 128])
(69,92): [144 144] (em=0, csc=[128 128])
(69,93): [144 144] (em=0, csc=[128 128])
(69,94): [144 144] (em=0, csc=[128 128])
(69,95): [144 144] (em=0, csc=[128 128])
(69,96): [144 144] (em=0, csc=[128 128])
(69,97): [144 144] (em=0, csc=[128 128])
(69,98): [144 144] (em=0, csc=[128 128])
(69,99): [144 144] (em=0, csc=[128 128])
(69,100): [144 144] (em=0, csc=[128 128])
(69,101): [144 144] (em=0, csc=[128 128])
(69,102): [144 144] (em=0, csc=[128 128])
(69,103): [144 144] (em=0, csc=[128 128])
(69,104): [144 144] (em=0, csc=[128 128])
(69,105): [144 144] (em=0, csc=[128 128])
(69,106): [144 144] (em=0, csc=[128 128])
(69,107): [144 144] (em=0, csc=[128 128])
(69,108): [144 144] (em=0, csc=[128 128])
(69,109): [144 144] (em=0, csc=[128 128])
(69,110): [144 144] (em=0, csc=[128 128])
(69,111): [144 144] (em=0, csc=[128 128])
(69,112): [144 144] (em=0, csc=[128 128])
(69,113): [144 144] (em=0, csc=[128 128])
(69,114): [144 144] (em=0, csc=[128 128])
(69,115): [144 144] (em=0, csc=[128 128])
(69,116): [144 144] (em=0, csc=[128 128])
(69,117): [144 144] (em=0, csc=[128 128])
(69,118): [144 144] (em=0, csc=[128 128])
(69,119): [144 144] (em=0, csc=[128 128])
(69,120): [144 144] (em=0, csc=[128 128])
(69,121): [144 144] (em=0, csc=[128 128])
(69,122): [144 144] (em=0, csc=[128 128])
(69,123): [144 144] (em=0, csc=[128 128])
(69,124): [144 144] (em=0, csc=[128 128])
(69,125): [144 144] (em=0, csc=[128 128])
(69,126): [128 128] (em=93, csc=[125 128])
(69,127): [128 128] (em=93, csc=[115 135])
(70,0): [128 128] (em=86, csc=[129 122])
(70,1): [128 128] (em=93, csc=[128 128])
(70,2): [144 144] (em=2, csc=[128 128])
(70,3): [143 144] (em=0, csc=[125 128])
(70,4): [144 144] (em=0, csc=[128 128])
(70,5): [143 144] (em=0, csc=[125 128])
(70,6): [144 144] (em=0, csc=[128 128])
(70,7): [143 144] (em=0, csc=[125 128])
(70,8): [144 144] (em=0, csc=[128 128])
(70,9): [143 144] (em=0, csc=[125 128])
(70,10): [144 144] (em=0, csc=[128 128])
(70,11): [143 144] (em=0, csc=[125 128])
(70,12): [144 144] (em=0, csc=[128 128])
(70,13): [143 144] (em=0, csc=[125 128])
(70,14): [144 144] (em=0, csc=[128 128])
(70,15): [143 144] (em=0, csc=[125 128])
(70,16): [144 144] (em=0, csc=[128 128])
(70,17): [143 144] (em=0, csc=[125 128])
(70,18): [144 144] (em=0, csc=[128 128])
(70,19): [143 144] (em=0, csc=[125 128])
(70,20): [144 144] (em=0, csc=[128 128])
(70,21): [143 144] (em=0, csc=[125 128])
(70,22): [144 144] (em=0, csc=[128 128])
(70,23): [143 144] (em=0, csc=[125 128])
(70,24): [144 144] (em=0, csc=[128 128])
(70,25): [143 144] (em=0, csc=[125 128])
(70,26): [144 144] (em=0, csc=[128 128])
(70,27): [143 144] (em=0, csc=[125 128])
(70,28): [144 144] (em=0, csc=[128 128])
(70,29): [143 144] (em=0, csc=[125 128])
(70,30): [144 144] (em=0, csc=[128 128])
(70,31): [143 144] (em=0, csc=[125 128])
(70,32): [144 144] (em=0, csc=[128 128])
(70,33): [143 144] (em=0, csc=[125 128])
(70,34): [144 144] (em=0, csc=[128 128])
(70,35): [143 144] (em=0, csc=[125 128])
(70,36): [144 144] (em=0, csc=[128 128])
(70,37): [143 144] (em=0, csc=[125 128])
(70,38): [144 144] (em=0, csc=[128 128])
(70,39): [143 144] (em=0, csc=[125 128])
(70,40): [144 144] (em=0, csc=[128 128])
(70,41): [143 144] (em=0, csc=[125 128])
(70,42): [144 144] (em=0, csc=[128 128])
(70,43): [143 144] (em=0, csc=[125 128])
(70,44): [144 144] (em=0, csc=[128 128])
(70,45): [143 144] (em=0, csc=[125 128])
(70,46): [144 144] (em=0, csc=[128 128])
(70,47): [143 144] (em=0, csc=[124 128])
(70,48): [144 144] (em=1, csc=[128 128])
(70,49): [143 144] (em=4, csc=[124 128])
(70,50): [144 144] (em=2, csc=[128 128])
(70,51): [143 144] (em=5, csc=[125 128])
(70,52): [144 144] (em=2, csc=[128 128])
(70,53): [143 144] (em=4, csc=[124 128])
(70,54): [144 144] (em=0, csc=[128 128])
(70,55): [143 144] (em=0, csc=[124 128])
(70,56): [144 144] (em=0, csc=[128 128])
(70,57): [143 144] (em=0, csc=[125 128])
(70,58): [144 144] (em=0, csc=[128 128])
(70,59): [143 144] (em=0, csc=[125 128])
(70,60): [144 144] (em=0, csc=[128 128])
(70,61): [143 144] (em=0, csc=[125 128])
(70,62): [144 144] (em=0, csc=[128 128])
(70,63): [143 144] (em=0, csc=[125 128])
(70,64): [144 144] (em=0, csc=[128 128])
(70,65): [143 144] (em=0, csc=[125 128])
(70,66): [144 144] (em=0, csc=[128 128])
(70,67): [143 144] (em=0, csc=[125 128])
(70,68): [144 144] (em=0, csc=[128 128])
(70,69): [143 144] (em=0, csc=[125 128])
(70,70): [144 144] (em=0, csc=[128 128])
(70,71): [143 144] (em=0, csc=[125 128])
(70,72): [144 144] (em=0, csc=[128 128])
(70,73): [143 144] (em=0, csc=[125 128])
(70,74): [144 144] (em=0, csc=[128 128])
(70,75): [143 144] (em=0, csc=[125 128])
(70,76): [144 144] (em=0, csc=[128 128])
(70,77): [143 144] (em=0, csc=[125 128])
(70,78): [144 144] (em=0, csc=[128 128])
(70,79): [143 144] (em=0, csc=[125 128])
(70,80): [144 144] (em=0, csc=[128 128])
(70,81): [143 144] (em=0, csc=[125 128])
(70,82): [144 144] (em=0, csc=[128 128])
(70,83): [143 144] (em=0, csc=[125 128])
(70,84): [144 144] (em=0, csc=[128 128])
(70,85): [143 144] (em=0, csc=[125 128])
(70,86): [144 144] (em=0, csc=[128 128])
(70,87): [143 144] (em=0, csc=[125 128])
(70,88): [144 144] (em=0, csc=[128 128])
(70,89): [143 144] (em=0, csc=[125 128])
(70,90): [144 144] (em=0, csc=[128 128])
(70,91): [143 144] (em=0, csc=[125 128])
(70,92): [144 144] (em=0, csc=[128 128])
(70,93): [143 144] (em=0, csc=[125 128])
(70,94): [144 144] (em=0, csc=[128 128])
(70,95): [143 144] (em=0, csc=[125 128])
(70,96): [144 144] (em=0, csc=[128 128])
(70,97): [143 144] (em=0, csc=[125 128])
(70,98): [144 144] (em=0, csc=[128 128])
(70,99): [143 144] (em=0, csc=[125 128])
(70,100): [144 144] (em=0, csc=[128 128])
(70,101): [143 144] (em=0, csc=[125 128])
(70,102): [144 144] (em=0, csc=[128 128])
(70,103): [143 144] (em=0, csc=[125 128])
(70,104): [144 144] (em=0, csc=[128 128])
(70,105): [143 144] (em=0, csc=[125 128])
(70,106): [144 144] (em=0, csc=[128 128])
(70,107): [143 144] (em=0, csc=[125 128])
(70,108): [144 144] (em=0, csc=[128 128])
(70,109): [143 144] (em=0, csc=[125 128])
(70,110): [144 144] (em=0, csc=[128 128])
(70,111): [143 144] (em=0, csc=[125 128])
(70,112): [144 144] (em=0, csc=[128 128])
(70,113): [143 144] (em=0, csc=[125 128])
(70,114): [144 144] (em=0, csc=[128 128])
(70,115): [143 144] (em=0, csc=[125 128])
(70,116): [144 144] (em=0, csc=[128 128])
(70,117): [143 144] (em=0, csc=[125 128])
(70,118): [144 144] (em=0, csc=[128 128])
(70,119): [143 144] (em=0, csc=[125 128])
(70,120): [144 144] (em=0, csc=[128 128])
(70,121): [143 144] (em=0, csc=[125 128])
(70,122): [144 144] (em=0, csc=[128 128])
(70,123): [143 144] (em=0, csc=[125 128])
(70,124): [144 144] (em=0, csc=[128 128])
(70,125): [143 144] (em=0, csc=[125 128])
(70,126): [128 128] (em=93, csc=[128 128])
(70,127): [128 128] (em=93, csc=[118 129])
(71,0): [128 128] (em=155, csc=[126 126])
(71,1): [128 128] (em=156, csc=[122 128])
(71,2): [128 128] (em=95, csc=[122 128])
(71,3): [128 128] (em=93, csc=[115 135])
(71,4): [128 128] (em=93, csc=[122 128])
(71,5): [128 128] (em=93, csc=[115 135])
(71,6): [128 128] (em=93, csc=[122 128])
(71,7): [128 128] (em=93, csc=[115 135])
(71,8): [128 128] (em=93, csc=[122 128])
(71,9): [128 128] (em=93, csc=[115 135])
(71,10): [128 128] (em=93, csc=[122 128])
(71,11): [128 128] (em=93, csc=[115 135])
(71,12): [128 128] (em=93, csc=[122 128])
(71,13): [128 128] (em=93, csc=[115 135])
(71,14): [128 128] (em=93, csc=[122 128])
(71,15): [128 128] (em=93, csc=[115 135])
(71,16): [128 128] (em=93, csc=[122 128])
(71,17): [128 128] (em=93, csc=[115 135])
(71,18): [128 128] (em=93, csc=[122 128])
(71,19): [128 128] (em=93, csc=[115 135])
(71,20): [128 128] (em=93, csc=[122 128])
(71,21): [128 128] (em=93, csc=[115 135])
(71,22): [128 128] (em=93, csc=[122 128])
(71,23): [128 128] (em=93, csc=[115 135])
(71,24): [128 128] (em=93, csc=[122 128])
(71,25): [128 128] (em=93, csc=[115 135])
(71,26): [128 128] (em=93, csc=[122 128])
(71,27): [128 128] (em=93, csc=[115 135])
(71,28): [128 128] (em=93, csc=[122 128])
(71,29): [128 128] (em=93, csc=[115 135])
(71,30): [128 128] (em=93, csc=[122 128])
(71,31): [128 128] (em=93, csc=[115 135])
(71,32): [128 128] (em=93, csc=[122 128])
(71,33): [128 128] (em=93, csc=[115 135])
(71,34): [128 128] (em=93, csc=[122 128])
(71,35): [128 128] (em=93, csc=[114 135])
(71,36): [128 128] (em=93, csc=[122 128])
(71,37): [128 128] (em=93, csc=[115 135])
(71,38): [128 128] (em=93, csc=[122 128])
(71,39): [128 128] (em=93, csc=[115 135])
(71,40): [128 128] (em=93, csc=[122 128])
(71,41): [128 128] (em=93, csc=[114 135])
(71,42): [128 128] (em=93, csc=[122 128])
(71,43): [128 128] (em=93, csc=[115 135])
(71,44): [128 128] (em=93, csc=[122 128])
(71,45): [128 128] (em=93, csc=[115 135])
(71,46): [128 128] (em=93, csc=[122 128])
(71,47): [128 128] (em=93, csc=[115 135])
(71,48): [128 128] (em=93, csc=[122 128])
(71,49): [128 128] (em=93, csc=[115 134])
(71,50): [128 128] (em=93, csc=[123 128])
(71,51): [128 128] (em=93, csc=[117 133])
(71,52): [128 128] (em=93, csc=[123 128])
(71,53): [128 128] (em=93, csc=[115 135])
(71,54): [128 128] (em=93, csc=[122 128])
(71,55): [128 128] (em=93, csc=[115 135])
(71,56): [128 128] (em=93, csc=[122 128])
(71,57): [128 128] (em=93, csc=[115 135])
(71,58): [128 128] (em=93, csc=[122 128])
(71,59): [128 128] (em=93, csc=[114 135])
(71,60): [128 128] (em=93, csc=[122 128])
(71,61): [128 128] (em=93, csc=[115 135])
(71,62): [128 128] (em=93, csc=[121 128])
(71,63): [128 128] (em=93, csc=[114 135])
(71,64): [128 128] (em=93, csc=[122 128])
(71,65): [128 128] (em=93, csc=[115 135])
(71,66): [128 128] (em=93, csc=[122 128])
(71,67): [128 128] (em=93, csc=[115 135])
(71,68): [128 128] (em=93, csc=[122 128])
(71,69): [128 128] (em=93, csc=[115 135])
(71,70): [128 128] (em=93, csc=[122 128])
(71,71): [128 128] (em=93, csc=[115 135])
(71,72): [128 128] (em=93, csc=[122 128])
(71,73): [128 128] (em=93, csc=[115 135])
(71,74): [128 128] (em=93, csc=[122 128])
(71,75): [128 128] (em=93, csc=[115 135])
(71,76): [128 128] (em=93, csc=[122 128])
(71,77): [128 128] (em=93, csc=[115 135])
(71,78): [128 128] (em=93, csc=[122 128])
(71,79): [128 128] (em=93, csc=[115 135])
(71,80): [128 128] (em=93, csc=[122 128])
(71,81): [128 128] (em=93, csc=[115 135])
(71,82): [128 128] (em=93, csc=[122 128])
(71,83): [128 128] (em=93, csc=[115 135])
(71,84): [128 128] (em=93, csc=[122 128])
(71,85): [128 128] (em=93, csc=[115 135])
(71,86): [128 128] (em=93, csc=[122 128])
(71,87): [128 128] (em=93, csc=[115 135])
(71,88): [128 128] (em=93, csc=[122 128])
(71,89): [128 128] (em=93, csc=[115 135])
(71,90): [128 128] (em=93, csc=[122 128])
(71,91): [128 128] (em=93, csc=[115 135])
(71,92): [128 128] (em=93, csc=[122 128])
(71,93): [128 128] (em=93, csc=[115 135])
(71,94): [128 128] (em=93, csc=[122 128])
(71,95): [128 128] (em=93, csc=[115 135])
(71,96): [128 128] (em=93, csc=[122 128])
(71,97): [128 128] (em=93, csc=[115 135])
(71,98): [128 128] (em=93, csc=[122 128])
(71,99): [128 128] (em=93, csc=[115 135])
(71,100): [128 128] (em=93, csc=[122 128])
(71,101): [128 128] (em=93, csc=[115 135])
(71,102): [128 128] (em=93, csc=[122 128])
(71,103): [128 128] (em=93, csc=[115 135])
(71,104): [128 128] (em=93, csc=[122 128])
(71,105): [128 128] (em=93, csc=[115 135])
(71,106): [128 128] (em=93, csc=[122 128])
(71,107): [128 128] (em=93, csc=[115 135])
(71,108): [128 128] (em=93, csc=[122 128])
(71,109): [128 128] (em=93, csc=[115 135])
(71,110): [128 128] (em=93, csc=[122 128])
(71,111): [128 128] (em=93, csc=[115 135])
(71,112): [128 128] (em=93, csc=[122 128])
(71,113): [128 128] (em=93, csc=[115 135])
(71,114): [128 128] (em=93, csc=[122 128])
(71,115): [128 128] (em=93, csc=[115 135])
(71,116): [128 128] (em=93, csc=[122 128])
(71,117): [128 128] (em=93, csc=[115 135])
(71,118): [128 128] (em=93, csc=[122 128])
(71,119): [128 128] (em=93, csc=[115 135])
(71,120): [128 128] (em=93, csc=[122 128])
(71,121): [128 128] (em=93, csc=[115 135])
(71,122): [128 128] (em=93, csc=[122 128])
(71,123): [128 128] (em=93, csc=[115 135])
(71,124): [128 128] (em=93, csc=[122 128])
(71,125): [128 128] (em=93, csc=[115 135])
(71,126): [128 128] (em=156, csc=[118 129])
(71,127): [128 128] (em=156, csc=[115 142])
