(0,0): 253-224-206
(0,1): 253-253-232
(0,2): 253-240-215
(0,3): 253-253-240
(0,4): 253-240-215
(0,5): 253-253-240
(0,6): 253-240-215
(0,7): 253-253-240
(0,8): 253-240-215
(0,9): 253-253-240
(0,10): 253-240-215
(0,11): 253-253-240
(0,12): 253-240-215
(0,13): 253-253-240
(0,14): 253-240-215
(0,15): 253-253-240
(0,16): 253-240-215
(0,17): 253-253-240
(0,18): 253-240-215
(0,19): 253-253-240
(0,20): 253-240-215
(0,21): 253-253-240
(0,22): 253-240-215
(0,23): 253-253-240
(0,24): 253-240-215
(0,25): 253-253-240
(0,26): 253-240-215
(0,27): 253-253-240
(0,28): 253-240-215
(0,29): 253-253-240
(0,30): 253-240-215
(0,31): 253-253-240
(0,32): 253-240-215
(0,33): 253-253-240
(0,34): 253-240-215
(0,35): 253-253-240
(0,36): 253-240-215
(0,37): 253-253-240
(0,38): 253-240-215
(0,39): 253-253-240
(0,40): 253-240-215
(0,41): 253-253-240
(0,42): 253-240-215
(0,43): 253-253-240
(0,44): 253-240-215
(0,45): 253-253-240
(0,46): 253-240-215
(0,47): 253-253-240
(0,48): 253-240-215
(0,49): 253-253-240
(0,50): 253-240-215
(0,51): 253-253-240
(0,52): 253-240-215
(0,53): 253-253-240
(0,54): 253-240-215
(0,55): 253-253-240
(0,56): 253-240-215
(0,57): 253-253-240
(0,58): 253-240-215
(0,59): 253-253-240
(0,60): 253-240-215
(0,61): 253-253-240
(0,62): 253-240-215
(0,63): 253-253-240
(0,64): 253-240-215
(0,65): 253-253-240
(0,66): 253-240-215
(0,67): 253-253-240
(0,68): 253-240-215
(0,69): 253-253-240
(0,70): 253-240-215
(0,71): 253-253-240
(0,72): 253-240-215
(0,73): 253-253-240
(0,74): 253-240-215
(0,75): 253-253-240
(0,76): 253-240-215
(0,77): 253-253-240
(0,78): 253-240-215
(0,79): 253-253-240
(0,80): 253-240-215
(0,81): 253-253-239
(0,82): 253-240-215
(0,83): 253-253-240
(0,84): 253-240-215
(0,85): 253-253-240
(0,86): 253-240-215
(0,87): 253-253-240
(0,88): 253-240-215
(0,89): 253-253-240
(0,90): 253-240-215
(0,91): 253-253-240
(0,92): 253-240-215
(0,93): 253-253-240
(0,94): 253-240-215
(0,95): 253-253-240
(0,96): 253-240-215
(0,97): 253-253-240
(0,98): 253-240-215
(0,99): 253-253-240
(0,100): 253-240-215
(0,101): 253-253-240
(0,102): 253-240-215
(0,103): 253-253-240
(0,104): 253-240-215
(0,105): 253-253-240
(0,106): 253-240-215
(0,107): 253-253-240
(0,108): 253-240-215
(0,109): 253-253-240
(0,110): 253-240-215
(0,111): 253-253-240
(0,112): 253-240-215
(0,113): 253-253-240
(0,114): 253-240-215
(0,115): 253-253-240
(0,116): 253-240-215
(0,117): 253-253-240
(0,118): 253-240-215
(0,119): 253-253-240
(0,120): 253-240-215
(0,121): 253-253-240
(0,122): 253-240-215
(0,123): 253-253-240
(0,124): 253-240-215
(0,125): 253-253-240
(0,126): 253-253-240
(0,127): 248-253-248
(1,0): 253-253-232
(1,1): 253-253-253
(1,2): 253-253-248
(1,3): 253-253-253
(1,4): 253-253-248
(1,5): 253-253-253
(1,6): 253-253-248
(1,7): 253-253-253
(1,8): 253-253-248
(1,9): 253-253-253
(1,10): 253-253-248
(1,11): 253-253-253
(1,12): 253-253-248
(1,13): 253-253-253
(1,14): 253-253-248
(1,15): 253-253-253
(1,16): 253-253-248
(1,17): 253-253-253
(1,18): 253-253-248
(1,19): 253-253-253
(1,20): 253-253-248
(1,21): 253-253-253
(1,22): 253-253-248
(1,23): 253-253-253
(1,24): 253-253-248
(1,25): 253-253-253
(1,26): 253-253-248
(1,27): 253-253-253
(1,28): 253-253-248
(1,29): 253-253-253
(1,30): 253-253-248
(1,31): 253-253-253
(1,32): 253-253-248
(1,33): 253-253-253
(1,34): 253-253-248
(1,35): 253-253-253
(1,36): 253-253-248
(1,37): 253-253-253
(1,38): 253-253-248
(1,39): 253-253-253
(1,40): 253-253-248
(1,41): 253-253-253
(1,42): 253-253-248
(1,43): 253-253-253
(1,44): 253-253-248
(1,45): 253-253-253
(1,46): 253-253-248
(1,47): 253-253-253
(1,48): 253-253-248
(1,49): 253-253-253
(1,50): 253-253-248
(1,51): 253-253-253
(1,52): 253-253-248
(1,53): 253-253-253
(1,54): 253-253-248
(1,55): 253-253-253
(1,56): 253-253-248
(1,57): 253-253-253
(1,58): 253-253-248
(1,59): 253-253-253
(1,60): 253-253-248
(1,61): 253-253-253
(1,62): 253-253-248
(1,63): 253-253-253
(1,64): 253-253-248
(1,65): 253-253-253
(1,66): 253-253-248
(1,67): 253-253-253
(1,68): 253-253-248
(1,69): 253-253-253
(1,70): 253-253-248
(1,71): 253-253-253
(1,72): 253-253-248
(1,73): 253-253-253
(1,74): 253-253-248
(1,75): 253-253-253
(1,76): 253-253-248
(1,77): 253-253-253
(1,78): 253-253-248
(1,79): 253-253-253
(1,80): 253-253-248
(1,81): 253-253-253
(1,82): 253-253-247
(1,83): 253-253-253
(1,84): 253-253-248
(1,85): 253-253-253
(1,86): 253-253-248
(1,87): 253-253-253
(1,88): 253-253-248
(1,89): 253-253-253
(1,90): 253-253-247
(1,91): 253-253-253
(1,92): 253-253-248
(1,93): 253-253-253
(1,94): 253-253-248
(1,95): 253-253-253
(1,96): 253-253-248
(1,97): 253-253-253
(1,98): 253-253-248
(1,99): 253-253-253
(1,100): 253-253-248
(1,101): 253-253-253
(1,102): 253-253-248
(1,103): 253-253-253
(1,104): 253-253-248
(1,105): 253-253-253
(1,106): 253-253-248
(1,107): 253-253-253
(1,108): 253-253-248
(1,109): 253-253-253
(1,110): 253-253-248
(1,111): 253-253-253
(1,112): 253-253-248
(1,113): 253-253-253
(1,114): 253-253-248
(1,115): 253-253-253
(1,116): 253-253-248
(1,117): 253-253-253
(1,118): 253-253-248
(1,119): 253-253-253
(1,120): 253-253-248
(1,121): 253-253-253
(1,122): 253-253-248
(1,123): 253-253-253
(1,124): 253-253-248
(1,125): 253-253-253
(1,126): 253-253-253
(1,127): 240-253-253
(2,0): 253-240-215
(2,1): 253-253-248
(2,2): 253-253-253
(2,3): 253-253-253
(2,4): 253-253-253
(2,5): 253-253-253
(2,6): 253-253-253
(2,7): 253-253-253
(2,8): 253-253-253
(2,9): 253-253-253
(2,10): 253-253-253
(2,11): 253-253-253
(2,12): 253-253-253
(2,13): 253-253-253
(2,14): 253-253-253
(2,15): 253-253-253
(2,16): 253-253-253
(2,17): 253-253-253
(2,18): 253-253-253
(2,19): 253-253-253
(2,20): 253-253-253
(2,21): 253-253-253
(2,22): 253-253-253
(2,23): 253-253-253
(2,24): 253-253-253
(2,25): 253-253-253
(2,26): 253-253-253
(2,27): 253-253-253
(2,28): 253-253-253
(2,29): 253-253-253
(2,30): 253-253-253
(2,31): 253-253-253
(2,32): 253-253-253
(2,33): 253-253-253
(2,34): 253-253-253
(2,35): 253-253-253
(2,36): 253-253-253
(2,37): 253-253-253
(2,38): 253-253-253
(2,39): 253-253-253
(2,40): 253-253-253
(2,41): 253-253-253
(2,42): 253-253-253
(2,43): 253-253-253
(2,44): 253-253-253
(2,45): 253-253-253
(2,46): 253-253-253
(2,47): 253-253-253
(2,48): 253-253-253
(2,49): 253-253-253
(2,50): 253-253-253
(2,51): 253-253-253
(2,52): 253-253-253
(2,53): 253-253-253
(2,54): 253-253-253
(2,55): 253-253-253
(2,56): 253-253-253
(2,57): 253-253-253
(2,58): 253-253-253
(2,59): 253-253-253
(2,60): 253-253-253
(2,61): 253-253-253
(2,62): 253-253-253
(2,63): 253-253-253
(2,64): 253-253-253
(2,65): 253-253-253
(2,66): 253-253-253
(2,67): 253-253-253
(2,68): 253-253-253
(2,69): 253-253-253
(2,70): 253-253-253
(2,71): 253-253-253
(2,72): 253-253-253
(2,73): 253-253-253
(2,74): 253-253-253
(2,75): 253-253-253
(2,76): 253-253-253
(2,77): 253-253-253
(2,78): 253-253-253
(2,79): 253-253-253
(2,80): 253-253-253
(2,81): 253-253-253
(2,82): 253-253-253
(2,83): 253-253-253
(2,84): 253-253-253
(2,85): 253-253-253
(2,86): 253-253-253
(2,87): 253-253-253
(2,88): 253-253-253
(2,89): 253-253-253
(2,90): 253-253-253
(2,91): 253-253-253
(2,92): 253-253-253
(2,93): 253-253-253
(2,94): 253-253-253
(2,95): 253-253-253
(2,96): 253-253-253
(2,97): 253-253-253
(2,98): 253-253-253
(2,99): 253-253-253
(2,100): 253-253-253
(2,101): 253-253-253
(2,102): 253-253-253
(2,103): 253-253-253
(2,104): 253-253-253
(2,105): 253-253-253
(2,106): 253-253-253
(2,107): 253-253-253
(2,108): 253-253-253
(2,109): 253-253-253
(2,110): 253-253-253
(2,111): 253-253-253
(2,112): 253-253-253
(2,113): 253-253-253
(2,114): 253-253-253
(2,115): 253-253-253
(2,116): 253-253-253
(2,117): 253-253-253
(2,118): 253-253-253
(2,119): 253-253-253
(2,120): 253-253-253
(2,121): 253-253-253
(2,122): 253-253-253
(2,123): 253-253-253
(2,124): 253-253-253
(2,125): 253-253-253
(2,126): 253-253-253
(2,127): 240-253-253
(3,0): 253-253-240
(3,1): 253-253-253
(3,2): 253-253-253
(3,3): 253-253-253
(3,4): 253-253-253
(3,5): 253-253-253
(3,6): 253-253-253
(3,7): 253-253-253
(3,8): 253-253-253
(3,9): 253-253-253
(3,10): 253-253-253
(3,11): 253-253-253
(3,12): 253-253-253
(3,13): 253-253-253
(3,14): 253-253-253
(3,15): 253-253-253
(3,16): 253-253-253
(3,17): 253-253-253
(3,18): 253-253-253
(3,19): 253-253-253
(3,20): 253-253-253
(3,21): 253-253-253
(3,22): 253-253-253
(3,23): 253-253-253
(3,24): 253-253-253
(3,25): 253-253-253
(3,26): 253-253-253
(3,27): 253-253-253
(3,28): 253-253-253
(3,29): 253-253-253
(3,30): 253-253-253
(3,31): 253-253-253
(3,32): 253-253-253
(3,33): 253-253-253
(3,34): 253-253-253
(3,35): 253-253-253
(3,36): 253-253-253
(3,37): 253-253-253
(3,38): 253-253-253
(3,39): 253-253-253
(3,40): 253-253-253
(3,41): 253-253-253
(3,42): 253-253-253
(3,43): 253-253-253
(3,44): 253-253-253
(3,45): 253-253-253
(3,46): 253-253-253
(3,47): 253-253-253
(3,48): 253-253-253
(3,49): 253-253-253
(3,50): 253-253-253
(3,51): 253-253-253
(3,52): 253-253-253
(3,53): 253-253-253
(3,54): 253-253-253
(3,55): 253-253-253
(3,56): 253-253-253
(3,57): 253-253-253
(3,58): 253-253-253
(3,59): 253-253-253
(3,60): 253-253-253
(3,61): 253-253-253
(3,62): 253-253-253
(3,63): 253-253-253
(3,64): 253-253-253
(3,65): 253-253-253
(3,66): 253-253-253
(3,67): 253-253-253
(3,68): 253-253-253
(3,69): 253-253-253
(3,70): 253-253-253
(3,71): 253-253-253
(3,72): 253-253-253
(3,73): 253-253-253
(3,74): 253-253-253
(3,75): 253-253-253
(3,76): 253-253-253
(3,77): 253-253-253
(3,78): 253-253-253
(3,79): 253-253-253
(3,80): 253-253-253
(3,81): 253-253-253
(3,82): 253-253-253
(3,83): 253-253-253
(3,84): 253-253-253
(3,85): 253-253-253
(3,86): 253-253-253
(3,87): 253-253-253
(3,88): 253-253-253
(3,89): 253-253-253
(3,90): 253-253-253
(3,91): 253-253-253
(3,92): 253-253-253
(3,93): 253-253-253
(3,94): 253-253-253
(3,95): 253-253-253
(3,96): 253-253-253
(3,97): 253-253-253
(3,98): 253-253-253
(3,99): 253-253-253
(3,100): 253-253-253
(3,101): 253-253-253
(3,102): 253-253-253
(3,103): 253-253-253
(3,104): 253-253-253
(3,105): 253-253-253
(3,106): 253-253-253
(3,107): 253-253-253
(3,108): 253-253-253
(3,109): 253-253-253
(3,110): 253-253-253
(3,111): 253-253-253
(3,112): 253-253-253
(3,113): 253-253-253
(3,114): 253-253-253
(3,115): 253-253-253
(3,116): 253-253-253
(3,117): 253-253-253
(3,118): 253-253-253
(3,119): 253-253-253
(3,120): 253-253-253
(3,121): 253-253-253
(3,122): 253-253-253
(3,123): 253-253-253
(3,124): 253-253-253
(3,125): 253-253-253
(3,126): 248-253-253
(3,127): 215-240-253
(4,0): 253-240-215
(4,1): 253-253-248
(4,2): 253-253-253
(4,3): 253-253-253
(4,4): 253-253-253
(4,5): 253-253-253
(4,6): 253-253-253
(4,7): 253-253-253
(4,8): 253-253-253
(4,9): 253-253-253
(4,10): 253-253-253
(4,11): 253-253-253
(4,12): 253-253-253
(4,13): 253-253-253
(4,14): 253-253-253
(4,15): 253-253-253
(4,16): 253-253-253
(4,17): 253-253-253
(4,18): 253-253-253
(4,19): 253-253-253
(4,20): 253-253-253
(4,21): 253-253-253
(4,22): 253-253-253
(4,23): 253-253-253
(4,24): 253-253-253
(4,25): 253-253-253
(4,26): 253-253-253
(4,27): 253-253-253
(4,28): 253-253-253
(4,29): 253-253-253
(4,30): 253-253-253
(4,31): 253-253-253
(4,32): 253-253-253
(4,33): 253-253-253
(4,34): 253-253-253
(4,35): 253-253-253
(4,36): 253-253-253
(4,37): 253-253-253
(4,38): 253-253-253
(4,39): 253-253-253
(4,40): 253-253-253
(4,41): 253-253-253
(4,42): 253-253-253
(4,43): 253-253-253
(4,44): 253-253-253
(4,45): 253-253-253
(4,46): 253-253-253
(4,47): 253-253-253
(4,48): 253-253-253
(4,49): 253-253-253
(4,50): 253-253-253
(4,51): 253-253-253
(4,52): 253-253-253
(4,53): 253-253-253
(4,54): 253-253-253
(4,55): 253-253-253
(4,56): 253-253-253
(4,57): 253-253-253
(4,58): 253-253-253
(4,59): 253-253-253
(4,60): 253-253-253
(4,61): 253-253-253
(4,62): 253-253-253
(4,63): 253-253-253
(4,64): 253-253-253
(4,65): 253-253-253
(4,66): 253-253-253
(4,67): 253-253-253
(4,68): 253-253-253
(4,69): 253-253-253
(4,70): 253-253-253
(4,71): 253-253-253
(4,72): 253-253-253
(4,73): 253-253-253
(4,74): 253-253-253
(4,75): 253-253-253
(4,76): 253-253-253
(4,77): 253-253-253
(4,78): 253-253-253
(4,79): 253-253-253
(4,80): 253-253-253
(4,81): 253-253-253
(4,82): 253-253-253
(4,83): 253-253-253
(4,84): 253-253-253
(4,85): 253-253-253
(4,86): 253-253-253
(4,87): 253-253-253
(4,88): 253-253-253
(4,89): 253-253-253
(4,90): 253-253-253
(4,91): 253-253-253
(4,92): 253-253-253
(4,93): 253-253-253
(4,94): 253-253-253
(4,95): 253-253-253
(4,96): 253-253-253
(4,97): 253-253-253
(4,98): 253-253-253
(4,99): 253-253-253
(4,100): 253-253-253
(4,101): 253-253-253
(4,102): 253-253-253
(4,103): 253-253-253
(4,104): 253-253-253
(4,105): 253-253-253
(4,106): 253-253-253
(4,107): 253-253-253
(4,108): 253-253-253
(4,109): 253-253-253
(4,110): 253-253-253
(4,111): 253-253-253
(4,112): 253-253-253
(4,113): 253-253-253
(4,114): 253-253-253
(4,115): 253-253-253
(4,116): 253-253-253
(4,117): 253-253-253
(4,118): 253-253-253
(4,119): 253-253-253
(4,120): 253-253-253
(4,121): 253-253-253
(4,122): 253-253-253
(4,123): 253-253-253
(4,124): 253-253-253
(4,125): 253-253-253
(4,126): 253-253-253
(4,127): 240-253-253
(5,0): 253-253-240
(5,1): 253-253-253
(5,2): 253-253-253
(5,3): 253-253-253
(5,4): 253-253-253
(5,5): 253-253-253
(5,6): 253-253-253
(5,7): 253-253-253
(5,8): 253-253-253
(5,9): 253-253-253
(5,10): 253-253-253
(5,11): 253-253-253
(5,12): 253-253-253
(5,13): 253-253-253
(5,14): 253-253-253
(5,15): 253-253-253
(5,16): 253-253-253
(5,17): 253-253-253
(5,18): 253-253-253
(5,19): 253-253-253
(5,20): 253-253-253
(5,21): 253-253-253
(5,22): 253-253-253
(5,23): 253-253-253
(5,24): 253-253-253
(5,25): 253-253-253
(5,26): 253-253-253
(5,27): 253-253-253
(5,28): 253-253-253
(5,29): 253-253-253
(5,30): 253-253-253
(5,31): 253-253-253
(5,32): 253-253-253
(5,33): 253-253-253
(5,34): 253-253-253
(5,35): 253-253-253
(5,36): 253-253-253
(5,37): 253-253-253
(5,38): 253-253-253
(5,39): 253-253-253
(5,40): 253-253-253
(5,41): 253-253-253
(5,42): 253-253-253
(5,43): 253-253-253
(5,44): 253-253-253
(5,45): 253-253-253
(5,46): 253-253-253
(5,47): 253-253-253
(5,48): 253-253-253
(5,49): 253-253-253
(5,50): 253-253-253
(5,51): 253-253-253
(5,52): 253-253-253
(5,53): 253-253-253
(5,54): 253-253-253
(5,55): 253-253-253
(5,56): 253-253-253
(5,57): 253-253-253
(5,58): 253-253-253
(5,59): 253-253-253
(5,60): 253-253-253
(5,61): 253-253-253
(5,62): 253-253-253
(5,63): 253-253-253
(5,64): 253-253-253
(5,65): 253-253-253
(5,66): 253-253-253
(5,67): 253-253-253
(5,68): 253-253-253
(5,69): 253-253-253
(5,70): 253-253-253
(5,71): 253-253-253
(5,72): 253-253-253
(5,73): 253-253-253
(5,74): 253-253-253
(5,75): 253-253-253
(5,76): 253-253-253
(5,77): 253-253-253
(5,78): 253-253-253
(5,79): 253-253-253
(5,80): 253-253-253
(5,81): 253-253-253
(5,82): 253-253-252
(5,83): 253-253-253
(5,84): 253-253-253
(5,85): 253-253-253
(5,86): 253-253-253
(5,87): 253-253-253
(5,88): 253-253-252
(5,89): 253-253-253
(5,90): 253-253-252
(5,91): 253-253-253
(5,92): 253-253-253
(5,93): 253-253-253
(5,94): 253-253-253
(5,95): 253-253-253
(5,96): 253-253-253
(5,97): 253-253-253
(5,98): 253-253-253
(5,99): 253-253-253
(5,100): 253-253-253
(5,101): 253-253-253
(5,102): 253-253-253
(5,103): 253-253-253
(5,104): 253-253-253
(5,105): 253-253-253
(5,106): 253-253-253
(5,107): 253-253-253
(5,108): 253-253-253
(5,109): 253-253-253
(5,110): 253-253-253
(5,111): 253-253-253
(5,112): 253-253-253
(5,113): 253-253-253
(5,114): 253-253-253
(5,115): 253-253-253
(5,116): 253-253-253
(5,117): 253-253-253
(5,118): 253-253-253
(5,119): 253-253-253
(5,120): 253-253-253
(5,121): 253-253-253
(5,122): 253-253-253
(5,123): 253-253-253
(5,124): 253-253-253
(5,125): 253-253-253
(5,126): 248-253-253
(5,127): 215-240-253
(6,0): 253-240-215
(6,1): 253-253-248
(6,2): 253-253-253
(6,3): 253-253-253
(6,4): 253-253-253
(6,5): 253-253-253
(6,6): 253-253-253
(6,7): 253-253-253
(6,8): 253-253-253
(6,9): 253-253-253
(6,10): 253-253-253
(6,11): 253-253-253
(6,12): 253-253-253
(6,13): 253-253-253
(6,14): 253-253-253
(6,15): 253-253-253
(6,16): 253-253-253
(6,17): 253-253-253
(6,18): 253-253-253
(6,19): 253-253-253
(6,20): 253-253-253
(6,21): 253-253-253
(6,22): 253-253-253
(6,23): 253-253-253
(6,24): 253-253-253
(6,25): 253-253-253
(6,26): 253-253-253
(6,27): 253-253-253
(6,28): 253-253-253
(6,29): 253-253-253
(6,30): 253-253-253
(6,31): 253-253-253
(6,32): 253-253-253
(6,33): 253-253-253
(6,34): 253-253-253
(6,35): 253-253-253
(6,36): 253-253-253
(6,37): 253-253-253
(6,38): 253-253-253
(6,39): 253-253-253
(6,40): 253-253-253
(6,41): 253-253-253
(6,42): 253-253-253
(6,43): 253-253-253
(6,44): 253-253-253
(6,45): 253-253-253
(6,46): 253-253-253
(6,47): 253-253-253
(6,48): 253-253-253
(6,49): 253-253-253
(6,50): 253-253-253
(6,51): 253-253-253
(6,52): 253-253-253
(6,53): 253-253-253
(6,54): 253-253-253
(6,55): 253-253-253
(6,56): 253-253-253
(6,57): 253-253-253
(6,58): 253-253-253
(6,59): 253-253-253
(6,60): 253-253-253
(6,61): 253-253-253
(6,62): 253-253-253
(6,63): 253-253-253
(6,64): 253-253-253
(6,65): 253-253-253
(6,66): 253-253-253
(6,67): 253-253-253
(6,68): 253-253-253
(6,69): 253-253-253
(6,70): 253-253-253
(6,71): 253-253-253
(6,72): 253-253-253
(6,73): 253-253-253
(6,74): 253-253-253
(6,75): 253-253-253
(6,76): 253-253-253
(6,77): 253-253-253
(6,78): 253-253-253
(6,79): 251-253-253
(6,80): 253-253-253
(6,81): 253-253-253
(6,82): 253-253-250
(6,83): 253-247-234
(6,84): 230-215-200
(6,85): 231-216-206
(6,86): 221-203-180
(6,87): 248-233-218
(6,88): 249-239-228
(6,89): 253-253-250
(6,90): 252-253-253
(6,91): 253-253-253
(6,92): 253-253-253
(6,93): 252-253-253
(6,94): 253-253-253
(6,95): 253-253-253
(6,96): 253-253-253
(6,97): 253-253-253
(6,98): 253-253-253
(6,99): 253-253-253
(6,100): 253-253-253
(6,101): 253-253-253
(6,102): 253-253-253
(6,103): 253-253-253
(6,104): 253-253-253
(6,105): 253-253-253
(6,106): 253-253-253
(6,107): 253-253-253
(6,108): 253-253-253
(6,109): 253-253-253
(6,110): 253-253-253
(6,111): 253-253-253
(6,112): 253-253-253
(6,113): 253-253-253
(6,114): 253-253-253
(6,115): 253-253-253
(6,116): 253-253-253
(6,117): 253-253-253
(6,118): 253-253-253
(6,119): 253-253-253
(6,120): 253-253-253
(6,121): 253-253-253
(6,122): 253-253-253
(6,123): 253-253-253
(6,124): 253-253-253
(6,125): 253-253-253
(6,126): 253-253-253
(6,127): 240-253-253
(7,0): 253-253-240
(7,1): 253-253-253
(7,2): 253-253-253
(7,3): 253-253-253
(7,4): 253-253-253
(7,5): 253-253-253
(7,6): 253-253-253
(7,7): 253-253-253
(7,8): 253-253-253
(7,9): 253-253-253
(7,10): 253-253-253
(7,11): 253-253-253
(7,12): 253-253-253
(7,13): 253-253-253
(7,14): 253-253-253
(7,15): 253-253-253
(7,16): 253-253-253
(7,17): 253-253-253
(7,18): 253-253-253
(7,19): 253-253-253
(7,20): 253-253-253
(7,21): 253-253-253
(7,22): 253-253-253
(7,23): 253-253-253
(7,24): 253-253-253
(7,25): 253-253-253
(7,26): 253-253-253
(7,27): 253-253-253
(7,28): 253-253-253
(7,29): 253-253-253
(7,30): 253-253-253
(7,31): 253-253-253
(7,32): 253-253-253
(7,33): 253-253-253
(7,34): 253-253-253
(7,35): 253-253-253
(7,36): 253-253-253
(7,37): 253-253-253
(7,38): 253-253-253
(7,39): 253-253-253
(7,40): 253-253-253
(7,41): 253-253-253
(7,42): 253-253-253
(7,43): 253-253-253
(7,44): 253-253-253
(7,45): 253-253-253
(7,46): 253-253-253
(7,47): 253-253-253
(7,48): 253-253-253
(7,49): 253-253-253
(7,50): 253-253-253
(7,51): 253-253-253
(7,52): 253-253-253
(7,53): 253-253-253
(7,54): 253-253-253
(7,55): 253-253-253
(7,56): 253-253-253
(7,57): 253-253-253
(7,58): 253-253-253
(7,59): 253-253-253
(7,60): 253-253-253
(7,61): 253-253-253
(7,62): 253-253-253
(7,63): 253-253-253
(7,64): 253-253-253
(7,65): 253-253-253
(7,66): 253-253-253
(7,67): 253-253-253
(7,68): 253-253-253
(7,69): 253-253-253
(7,70): 253-253-253
(7,71): 253-253-253
(7,72): 253-253-253
(7,73): 253-253-253
(7,74): 253-253-251
(7,75): 253-253-253
(7,76): 253-253-250
(7,77): 253-253-253
(7,78): 253-253-253
(7,79): 250-253-253
(7,80): 239-251-253
(7,81): 220-222-229
(7,82): 176-183-184
(7,83): 138-123-120
(7,84): 105-53-0
(7,85): 139-80-34
(7,86): 105-56-0
(7,87): 134-95-59
(7,88): 135-122-91
(7,89): 170-165-171
(7,90): 189-204-214
(7,91): 224-228-238
(7,92): 243-251-253
(7,93): 253-253-253
(7,94): 253-253-253
(7,95): 253-253-253
(7,96): 253-253-252
(7,97): 253-253-253
(7,98): 253-253-253
(7,99): 253-253-253
(7,100): 253-253-253
(7,101): 253-253-253
(7,102): 253-253-253
(7,103): 253-253-253
(7,104): 253-253-253
(7,105): 253-253-253
(7,106): 253-253-253
(7,107): 253-253-253
(7,108): 253-253-253
(7,109): 253-253-253
(7,110): 253-253-253
(7,111): 253-253-253
(7,112): 253-253-253
(7,113): 253-253-253
(7,114): 253-253-253
(7,115): 253-253-253
(7,116): 253-253-253
(7,117): 253-253-253
(7,118): 253-253-253
(7,119): 253-253-253
(7,120): 253-253-253
(7,121): 253-253-253
(7,122): 253-253-253
(7,123): 253-253-253
(7,124): 253-253-253
(7,125): 253-253-253
(7,126): 248-253-253
(7,127): 215-240-253
(8,0): 253-240-215
(8,1): 253-253-248
(8,2): 253-253-253
(8,3): 253-253-253
(8,4): 253-253-253
(8,5): 253-253-253
(8,6): 253-253-253
(8,7): 253-253-253
(8,8): 253-253-253
(8,9): 253-253-253
(8,10): 253-253-253
(8,11): 253-253-253
(8,12): 253-253-253
(8,13): 253-253-253
(8,14): 253-253-253
(8,15): 253-253-253
(8,16): 253-253-253
(8,17): 253-253-253
(8,18): 253-253-253
(8,19): 253-253-253
(8,20): 253-253-253
(8,21): 253-253-253
(8,22): 253-253-253
(8,23): 253-253-253
(8,24): 253-253-253
(8,25): 253-253-253
(8,26): 253-253-253
(8,27): 253-253-253
(8,28): 253-253-253
(8,29): 253-253-253
(8,30): 253-253-253
(8,31): 253-253-253
(8,32): 253-253-253
(8,33): 253-253-253
(8,34): 253-253-253
(8,35): 253-253-253
(8,36): 253-253-253
(8,37): 253-253-253
(8,38): 253-253-253
(8,39): 253-253-253
(8,40): 253-253-253
(8,41): 253-253-253
(8,42): 253-253-253
(8,43): 253-253-253
(8,44): 253-253-253
(8,45): 253-253-253
(8,46): 253-253-253
(8,47): 253-253-253
(8,48): 253-253-253
(8,49): 253-253-253
(8,50): 253-253-253
(8,51): 253-253-253
(8,52): 253-253-253
(8,53): 253-253-253
(8,54): 253-253-253
(8,55): 253-253-253
(8,56): 253-253-253
(8,57): 253-253-253
(8,58): 253-253-253
(8,59): 253-253-253
(8,60): 253-253-253
(8,61): 253-253-253
(8,62): 253-253-253
(8,63): 253-253-253
(8,64): 253-253-253
(8,65): 253-253-253
(8,66): 253-253-253
(8,67): 253-253-253
(8,68): 253-253-253
(8,69): 253-253-253
(8,70): 253-253-253
(8,71): 253-253-253
(8,72): 253-253-253
(8,73): 253-253-253
(8,74): 253-253-248
(8,75): 253-251-240
(8,76): 245-232-216
(8,77): 250-237-219
(8,78): 213-200-187
(8,79): 185-186-174
(8,80): 138-131-128
(8,81): 0-84-94
(8,82): 56-0-0
(8,83): 77-84-0
(8,84): 147-109-82
(8,85): 179-158-99
(8,86): 173-142-111
(8,87): 151-139-70
(8,88): 110-78-28
(8,89): 0-61-34
(8,90): 46-0-39
(8,91): 50-95-111
(8,92): 155-144-142
(8,93): 212-204-191
(8,94): 238-228-227
(8,95): 253-251-244
(8,96): 253-253-253
(8,97): 253-253-253
(8,98): 253-253-253
(8,99): 253-253-253
(8,100): 253-253-253
(8,101): 253-253-253
(8,102): 253-253-253
(8,103): 253-253-253
(8,104): 253-253-253
(8,105): 253-253-253
(8,106): 253-253-253
(8,107): 253-253-253
(8,108): 253-253-253
(8,109): 253-253-253
(8,110): 253-253-253
(8,111): 253-253-253
(8,112): 253-253-253
(8,113): 253-253-253
(8,114): 253-253-253
(8,115): 253-253-253
(8,116): 253-253-253
(8,117): 253-253-253
(8,118): 253-253-253
(8,119): 253-253-253
(8,120): 253-253-253
(8,121): 253-253-253
(8,122): 253-253-253
(8,123): 253-253-253
(8,124): 253-253-253
(8,125): 253-253-253
(8,126): 253-253-253
(8,127): 240-253-253
(9,0): 253-253-240
(9,1): 253-253-253
(9,2): 253-253-253
(9,3): 253-253-253
(9,4): 253-253-253
(9,5): 253-253-253
(9,6): 253-253-253
(9,7): 253-253-253
(9,8): 253-253-253
(9,9): 253-253-253
(9,10): 253-253-253
(9,11): 253-253-253
(9,12): 253-253-253
(9,13): 253-253-253
(9,14): 253-253-253
(9,15): 253-253-253
(9,16): 253-253-253
(9,17): 253-253-253
(9,18): 253-253-253
(9,19): 253-253-253
(9,20): 253-253-253
(9,21): 253-253-253
(9,22): 253-253-253
(9,23): 253-253-253
(9,24): 253-253-253
(9,25): 253-253-253
(9,26): 253-253-253
(9,27): 253-253-253
(9,28): 253-253-253
(9,29): 253-253-253
(9,30): 253-253-253
(9,31): 253-253-253
(9,32): 253-253-253
(9,33): 253-253-253
(9,34): 253-253-253
(9,35): 253-253-253
(9,36): 253-253-253
(9,37): 253-253-253
(9,38): 253-253-253
(9,39): 253-253-253
(9,40): 253-253-253
(9,41): 253-253-253
(9,42): 253-253-253
(9,43): 253-253-253
(9,44): 253-253-253
(9,45): 253-253-253
(9,46): 253-253-253
(9,47): 253-253-253
(9,48): 253-253-253
(9,49): 253-253-253
(9,50): 253-253-253
(9,51): 253-253-253
(9,52): 253-253-250
(9,53): 253-253-253
(9,54): 253-253-251
(9,55): 253-253-253
(9,56): 253-253-250
(9,57): 253-253-253
(9,58): 253-252-248
(9,59): 253-253-253
(9,60): 253-253-249
(9,61): 253-253-253
(9,62): 253-253-250
(9,63): 253-253-253
(9,64): 253-253-249
(9,65): 253-253-253
(9,66): 253-253-249
(9,67): 253-253-253
(9,68): 253-253-251
(9,69): 253-253-253
(9,70): 253-253-253
(9,71): 253-253-253
(9,72): 237-249-253
(9,73): 222-220-226
(9,74): 169-180-183
(9,75): 155-139-138
(9,76): 142-104-0
(9,77): 163-116-77
(9,78): 110-53-0
(9,79): 140-86-43
(9,80): 111-82-0
(9,81): 140-114-105
(9,82): 168-168-153
(9,83): 199-183-167
(9,84): 220-203-184
(9,85): 214-202-171
(9,86): 227-205-180
(9,87): 210-200-173
(9,88): 206-202-186
(9,89): 181-168-158
(9,90): 158-151-137
(9,91): 133-97-97
(9,92): 95-53-0
(9,93): 106-59-43
(9,94): 111-87-46
(9,95): 164-160-165
(9,96): 203-217-222
(9,97): 245-243-246
(9,98): 253-253-253
(9,99): 253-253-253
(9,100): 253-253-253
(9,101): 253-253-253
(9,102): 253-253-253
(9,103): 253-253-253
(9,104): 253-253-253
(9,105): 253-253-253
(9,106): 253-253-253
(9,107): 253-253-253
(9,108): 253-253-253
(9,109): 253-253-253
(9,110): 253-253-253
(9,111): 253-253-253
(9,112): 253-253-253
(9,113): 253-253-253
(9,114): 253-253-253
(9,115): 253-253-253
(9,116): 253-253-253
(9,117): 253-253-253
(9,118): 253-253-253
(9,119): 253-253-253
(9,120): 253-253-253
(9,121): 253-253-253
(9,122): 253-253-253
(9,123): 253-253-253
(9,124): 253-253-253
(9,125): 253-253-253
(9,126): 248-253-253
(9,127): 215-240-253
(10,0): 253-240-215
(10,1): 253-253-248
(10,2): 253-253-253
(10,3): 253-253-253
(10,4): 253-253-253
(10,5): 253-253-253
(10,6): 253-253-253
(10,7): 253-253-253
(10,8): 253-253-253
(10,9): 253-253-253
(10,10): 253-253-253
(10,11): 253-253-253
(10,12): 253-253-253
(10,13): 253-253-253
(10,14): 253-253-253
(10,15): 253-253-253
(10,16): 253-253-253
(10,17): 253-253-253
(10,18): 253-253-253
(10,19): 253-253-253
(10,20): 253-253-253
(10,21): 253-253-253
(10,22): 253-253-253
(10,23): 253-253-253
(10,24): 253-253-253
(10,25): 253-253-253
(10,26): 253-253-253
(10,27): 253-253-253
(10,28): 253-253-253
(10,29): 253-253-253
(10,30): 253-253-253
(10,31): 253-253-253
(10,32): 253-253-253
(10,33): 253-253-253
(10,34): 253-253-253
(10,35): 253-253-253
(10,36): 253-253-253
(10,37): 253-253-253
(10,38): 253-253-253
(10,39): 253-253-253
(10,40): 253-253-253
(10,41): 253-253-253
(10,42): 253-253-253
(10,43): 251-253-253
(10,44): 253-253-253
(10,45): 251-253-253
(10,46): 253-253-253
(10,47): 253-253-253
(10,48): 253-253-253
(10,49): 253-253-253
(10,50): 253-253-252
(10,51): 253-253-253
(10,52): 253-250-238
(10,53): 253-252-242
(10,54): 249-237-220
(10,55): 253-247-234
(10,56): 246-233-211
(10,57): 253-245-230
(10,58): 249-232-213
(10,59): 253-250-238
(10,60): 250-236-214
(10,61): 253-250-231
(10,62): 249-232-208
(10,63): 253-247-229
(10,64): 250-231-207
(10,65): 253-249-231
(10,66): 253-239-221
(10,67): 253-253-248
(10,68): 253-248-234
(10,69): 253-253-249
(10,70): 253-253-250
(10,71): 236-242-234
(10,72): 160-171-169
(10,73): 0-89-108
(10,74): 56-80-75
(10,75): 95-109-105
(10,76): 168-139-126
(10,77): 193-165-105
(10,78): 194-154-99
(10,79): 222-188-140
(10,80): 222-189-152
(10,81): 236-206-171
(10,82): 231-211-181
(10,83): 232-204-181
(10,84): 235-214-185
(10,85): 231-203-171
(10,86): 233-210-181
(10,87): 231-204-177
(10,88): 234-216-186
(10,89): 236-205-180
(10,90): 236-212-187
(10,91): 234-200-166
(10,92): 205-174-146
(10,93): 172-156-102
(10,94): 108-68-0
(10,95): 0-53-28
(10,96): 59-0-0
(10,97): 128-136-149
(10,98): 212-209-221
(10,99): 249-248-245
(10,100): 253-253-253
(10,101): 253-253-253
(10,102): 253-253-253
(10,103): 253-253-253
(10,104): 253-253-253
(10,105): 253-253-253
(10,106): 253-253-253
(10,107): 253-253-253
(10,108): 253-253-253
(10,109): 253-253-253
(10,110): 253-253-253
(10,111): 253-253-253
(10,112): 253-253-253
(10,113): 253-253-253
(10,114): 253-253-253
(10,115): 253-253-253
(10,116): 253-253-253
(10,117): 253-253-253
(10,118): 253-253-253
(10,119): 253-253-253
(10,120): 253-253-253
(10,121): 253-253-253
(10,122): 253-253-253
(10,123): 253-253-253
(10,124): 253-253-253
(10,125): 253-253-253
(10,126): 253-253-253
(10,127): 240-253-253
(11,0): 253-253-240
(11,1): 253-253-253
(11,2): 253-253-253
(11,3): 253-253-253
(11,4): 253-253-253
(11,5): 253-253-253
(11,6): 253-253-253
(11,7): 253-253-253
(11,8): 253-253-253
(11,9): 253-253-253
(11,10): 253-253-253
(11,11): 253-253-253
(11,12): 253-253-253
(11,13): 253-253-253
(11,14): 253-253-253
(11,15): 253-253-253
(11,16): 253-253-253
(11,17): 253-253-253
(11,18): 253-253-253
(11,19): 253-253-253
(11,20): 253-253-253
(11,21): 253-253-253
(11,22): 253-253-253
(11,23): 253-253-253
(11,24): 253-253-253
(11,25): 253-253-253
(11,26): 253-253-253
(11,27): 253-253-253
(11,28): 253-253-253
(11,29): 253-253-253
(11,30): 253-253-253
(11,31): 253-253-253
(11,32): 253-253-253
(11,33): 253-253-253
(11,34): 253-253-253
(11,35): 253-253-253
(11,36): 253-253-253
(11,37): 253-253-253
(11,38): 253-253-253
(11,39): 253-253-253
(11,40): 253-253-250
(11,41): 253-253-253
(11,42): 253-253-253
(11,43): 251-253-253
(11,44): 251-253-253
(11,45): 233-245-251
(11,46): 235-249-253
(11,47): 206-225-231
(11,48): 212-227-236
(11,49): 193-205-215
(11,50): 187-201-211
(11,51): 183-182-188
(11,52): 166-171-162
(11,53): 161-144-134
(11,54): 137-117-70
(11,55): 164-132-111
(11,56): 134-120-50
(11,57): 166-126-95
(11,58): 140-104-0
(11,59): 183-142-117
(11,60): 147-125-50
(11,61): 179-143-102
(11,62): 141-111-0
(11,63): 184-140-98
(11,64): 153-108-0
(11,65): 178-134-101
(11,66): 163-138-102
(11,67): 196-168-162
(11,68): 174-168-159
(11,69): 189-179-172
(11,70): 174-184-176
(11,71): 139-147-148
(11,72): 0-66-53
(11,73): 0-0-50
(11,74): 140-182-179
(11,75): 195-197-191
(11,76): 225-209-193
(11,77): 214-206-164
(11,78): 236-206-161
(11,79): 230-208-163
(11,80): 238-205-159
(11,81): 235-209-163
(11,82): 236-206-161
(11,83): 232-204-162
(11,84): 234-204-162
(11,85): 232-202-162
(11,86): 232-202-162
(11,87): 233-204-165
(11,88): 234-206-165
(11,89): 233-204-162
(11,90): 239-203-158
(11,91): 234-208-165
(11,92): 234-205-168
(11,93): 216-204-169
(11,94): 206-207-187
(11,95): 175-162-152
(11,96): 120-101-94
(11,97): 0-0-39
(11,98): 97-68-70
(11,99): 197-190-191
(11,100): 248-252-247
(11,101): 253-253-253
(11,102): 253-253-253
(11,103): 253-253-253
(11,104): 253-253-253
(11,105): 253-253-253
(11,106): 253-253-253
(11,107): 253-253-253
(11,108): 253-253-253
(11,109): 253-253-253
(11,110): 253-253-253
(11,111): 253-253-253
(11,112): 253-253-253
(11,113): 253-253-253
(11,114): 253-253-253
(11,115): 253-253-253
(11,116): 253-253-253
(11,117): 253-253-253
(11,118): 253-253-253
(11,119): 253-253-253
(11,120): 253-253-253
(11,121): 253-253-253
(11,122): 253-253-253
(11,123): 253-253-253
(11,124): 253-253-253
(11,125): 253-253-253
(11,126): 248-253-253
(11,127): 215-240-253
(12,0): 253-240-215
(12,1): 253-253-248
(12,2): 253-253-253
(12,3): 253-253-253
(12,4): 253-253-253
(12,5): 253-253-253
(12,6): 253-253-253
(12,7): 253-253-253
(12,8): 253-253-253
(12,9): 253-253-253
(12,10): 253-253-253
(12,11): 253-253-253
(12,12): 253-253-253
(12,13): 253-253-253
(12,14): 253-253-253
(12,15): 253-253-253
(12,16): 253-253-253
(12,17): 253-253-253
(12,18): 253-253-253
(12,19): 253-253-253
(12,20): 253-253-253
(12,21): 253-253-253
(12,22): 253-253-253
(12,23): 253-253-253
(12,24): 253-253-253
(12,25): 253-253-253
(12,26): 253-253-253
(12,27): 253-253-253
(12,28): 253-253-253
(12,29): 253-253-253
(12,30): 253-253-253
(12,31): 253-253-253
(12,32): 253-253-253
(12,33): 253-253-253
(12,34): 253-253-253
(12,35): 252-253-253
(12,36): 253-253-253
(12,37): 250-253-253
(12,38): 253-253-253
(12,39): 253-253-250
(12,40): 250-241-232
(12,41): 249-234-220
(12,42): 216-203-195
(12,43): 189-179-176
(12,44): 165-155-161
(12,45): 109-129-131
(12,46): 91-95-106
(12,47): 0-78-64
(12,48): 28-56-91
(12,49): 0-68-73
(12,50): 70-92-108
(12,51): 0-64-34
(12,52): 92-80-73
(12,53): 77-92-0
(12,54): 128-95-70
(12,55): 131-127-66
(12,56): 141-111-59
(12,57): 148-133-64
(12,58): 162-121-86
(12,59): 161-140-91
(12,60): 164-131-78
(12,61): 177-163-106
(12,62): 174-142-87
(12,63): 194-171-118
(12,64): 187-147-109
(12,65): 179-150-91
(12,66): 166-127-104
(12,67): 140-125-98
(12,68): 143-121-116
(12,69): 95-110-77
(12,70): 105-98-82
(12,71): 0-77-21
(12,72): 61-0-39
(12,73): 0-50-0
(12,74): 108-109-77
(12,75): 160-150-136
(12,76): 200-176-153
(12,77): 231-202-161
(12,78): 233-214-187
(12,79): 234-205-184
(12,80): 234-218-187
(12,81): 231-203-165
(12,82): 233-206-165
(12,83): 234-206-163
(12,84): 234-205-164
(12,85): 233-204-162
(12,86): 233-203-161
(12,87): 234-206-163
(12,88): 233-204-162
(12,89): 233-204-163
(12,90): 234-204-164
(12,91): 232-204-165
(12,92): 232-207-171
(12,93): 228-204-172
(12,94): 231-220-189
(12,95): 236-209-181
(12,96): 216-191-182
(12,97): 146-109-84
(12,98): 28-0-0
(12,99): 89-77-86
(12,100): 193-190-189
(12,101): 246-249-240
(12,102): 253-253-253
(12,103): 253-253-253
(12,104): 253-253-253
(12,105): 253-253-253
(12,106): 253-253-253
(12,107): 253-253-253
(12,108): 253-253-253
(12,109): 253-253-253
(12,110): 253-253-253
(12,111): 253-253-253
(12,112): 253-253-253
(12,113): 253-253-253
(12,114): 253-253-253
(12,115): 253-253-253
(12,116): 253-253-253
(12,117): 253-253-253
(12,118): 253-253-253
(12,119): 253-253-253
(12,120): 253-253-253
(12,121): 253-253-253
(12,122): 253-253-253
(12,123): 253-253-253
(12,124): 253-253-253
(12,125): 253-253-253
(12,126): 253-253-253
(12,127): 240-253-253
(13,0): 253-253-240
(13,1): 253-253-253
(13,2): 253-253-253
(13,3): 253-253-253
(13,4): 253-253-253
(13,5): 253-253-253
(13,6): 253-253-253
(13,7): 253-253-253
(13,8): 253-253-253
(13,9): 253-253-253
(13,10): 253-253-253
(13,11): 253-253-253
(13,12): 253-253-253
(13,13): 253-253-253
(13,14): 253-253-253
(13,15): 253-253-253
(13,16): 253-253-253
(13,17): 253-253-253
(13,18): 253-253-253
(13,19): 253-253-253
(13,20): 253-253-253
(13,21): 253-253-253
(13,22): 253-253-253
(13,23): 253-253-253
(13,24): 253-253-253
(13,25): 253-253-253
(13,26): 253-253-253
(13,27): 253-253-253
(13,28): 253-253-253
(13,29): 253-253-253
(13,30): 253-253-253
(13,31): 253-253-253
(13,32): 253-253-252
(13,33): 253-253-253
(13,34): 253-253-253
(13,35): 241-249-253
(13,36): 241-250-253
(13,37): 233-239-250
(13,38): 213-228-238
(13,39): 174-176-178
(13,40): 140-126-105
(13,41): 120-80-68
(13,42): 86-43-0
(13,43): 109-0-0
(13,44): 64-50-0
(13,45): 102-28-28
(13,46): 75-64-0
(13,47): 104-70-61
(13,48): 124-121-102
(13,49): 161-154-148
(13,50): 195-202-191
(13,51): 179-179-166
(13,52): 206-201-185
(13,53): 187-183-163
(13,54): 215-203-182
(13,55): 203-196-171
(13,56): 218-207-185
(13,57): 205-195-168
(13,58): 223-204-178
(13,59): 209-195-167
(13,60): 220-204-176
(13,61): 213-201-168
(13,62): 222-204-174
(13,63): 219-203-171
(13,64): 229-204-176
(13,65): 215-198-170
(13,66): 222-203-183
(13,67): 204-191-175
(13,68): 216-206-192
(13,69): 192-185-171
(13,70): 203-198-186
(13,71): 184-179-165
(13,72): 198-190-180
(13,73): 197-171-158
(13,74): 158-135-110
(13,75): 156-114-70
(13,76): 135-50-0
(13,77): 158-117-66
(13,78): 160-146-118
(13,79): 200-177-161
(13,80): 213-206-182
(13,81): 222-206-165
(13,82): 240-204-162
(13,83): 231-204-164
(13,84): 233-204-162
(13,85): 233-204-162
(13,86): 233-204-160
(13,87): 232-204-160
(13,88): 233-204-162
(13,89): 235-205-165
(13,90): 235-206-165
(13,91): 233-204-163
(13,92): 233-205-163
(13,93): 231-204-164
(13,94): 232-207-166
(13,95): 232-210-168
(13,96): 237-207-179
(13,97): 210-179-156
(13,98): 139-105-86
(13,99): 34-0-34
(13,100): 80-53-53
(13,101): 178-179-177
(13,102): 237-247-238
(13,103): 253-253-252
(13,104): 253-253-253
(13,105): 253-253-253
(13,106): 253-253-253
(13,107): 253-253-253
(13,108): 253-253-253
(13,109): 253-253-253
(13,110): 253-253-253
(13,111): 253-253-253
(13,112): 253-253-253
(13,113): 253-253-253
(13,114): 253-253-253
(13,115): 253-253-253
(13,116): 253-253-253
(13,117): 253-253-253
(13,118): 253-253-253
(13,119): 253-253-253
(13,120): 253-253-253
(13,121): 253-253-253
(13,122): 253-253-253
(13,123): 253-253-253
(13,124): 253-253-253
(13,125): 253-253-253
(13,126): 248-253-253
(13,127): 215-240-253
(14,0): 253-240-215
(14,1): 253-253-248
(14,2): 253-253-253
(14,3): 253-253-253
(14,4): 253-253-253
(14,5): 253-253-253
(14,6): 253-253-253
(14,7): 253-253-253
(14,8): 253-253-253
(14,9): 253-253-253
(14,10): 253-253-253
(14,11): 253-253-253
(14,12): 253-253-253
(14,13): 253-253-253
(14,14): 253-253-253
(14,15): 253-253-253
(14,16): 253-253-253
(14,17): 253-253-253
(14,18): 253-253-253
(14,19): 253-253-253
(14,20): 253-253-253
(14,21): 253-253-253
(14,22): 253-253-253
(14,23): 253-253-253
(14,24): 253-253-253
(14,25): 253-253-253
(14,26): 253-253-253
(14,27): 253-253-253
(14,28): 253-253-253
(14,29): 252-253-253
(14,30): 253-253-253
(14,31): 253-253-253
(14,32): 250-246-243
(14,33): 243-234-218
(14,34): 201-195-189
(14,35): 157-162-166
(14,36): 131-127-142
(14,37): 0-91-105
(14,38): 73-70-87
(14,39): 0-43-0
(14,40): 86-0-0
(14,41): 87-80-0
(14,42): 134-92-39
(14,43): 155-137-91
(14,44): 172-144-99
(14,45): 200-172-133
(14,46): 212-183-148
(14,47): 231-199-160
(14,48): 226-201-168
(14,49): 234-205-179
(14,50): 235-219-191
(14,51): 233-205-177
(14,52): 236-214-187
(14,53): 232-202-169
(14,54): 234-213-183
(14,55): 232-204-170
(14,56): 233-211-182
(14,57): 230-202-171
(14,58): 233-210-180
(14,59): 229-201-168
(14,60): 233-211-178
(14,61): 231-204-167
(14,62): 233-211-177
(14,63): 232-204-171
(14,64): 235-211-180
(14,65): 233-206-177
(14,66): 234-211-183
(14,67): 230-202-177
(14,68): 235-214-187
(14,69): 233-204-178
(14,70): 237-216-191
(14,71): 234-204-179
(14,72): 236-215-189
(14,73): 236-203-183
(14,74): 234-207-179
(14,75): 238-207-162
(14,76): 201-166-125
(14,77): 160-150-94
(14,78): 109-82-0
(14,79): 28-68-39
(14,80): 130-94-0
(14,81): 196-177-131
(14,82): 227-203-188
(14,83): 235-204-186
(14,84): 232-212-178
(14,85): 233-205-162
(14,86): 234-204-161
(14,87): 235-206-161
(14,88): 235-205-162
(14,89): 233-203-162
(14,90): 235-204-163
(14,91): 234-204-162
(14,92): 233-204-163
(14,93): 232-204-162
(14,94): 232-204-163
(14,95): 231-204-165
(14,96): 232-210-171
(14,97): 237-208-180
(14,98): 214-188-180
(14,99): 147-113-98
(14,100): 50-0-0
(14,101): 39-50-46
(14,102): 169-176-167
(14,103): 239-251-241
(14,104): 253-253-253
(14,105): 253-253-253
(14,106): 253-253-253
(14,107): 253-253-253
(14,108): 253-253-253
(14,109): 253-253-253
(14,110): 253-253-253
(14,111): 253-253-253
(14,112): 253-253-253
(14,113): 253-253-253
(14,114): 253-253-253
(14,115): 253-253-253
(14,116): 253-253-253
(14,117): 253-253-253
(14,118): 253-253-253
(14,119): 253-253-253
(14,120): 253-253-253
(14,121): 253-253-253
(14,122): 253-253-253
(14,123): 253-253-253
(14,124): 253-253-253
(14,125): 253-253-253
(14,126): 253-253-253
(14,127): 240-253-253
(15,0): 253-253-240
(15,1): 253-253-253
(15,2): 253-253-253
(15,3): 253-253-253
(15,4): 253-253-253
(15,5): 253-253-253
(15,6): 253-253-253
(15,7): 253-253-253
(15,8): 253-253-253
(15,9): 253-253-253
(15,10): 253-253-253
(15,11): 253-253-253
(15,12): 253-253-253
(15,13): 253-253-253
(15,14): 253-253-253
(15,15): 253-253-253
(15,16): 253-253-253
(15,17): 253-253-253
(15,18): 253-253-253
(15,19): 253-253-253
(15,20): 253-253-253
(15,21): 253-253-253
(15,22): 253-253-253
(15,23): 253-253-253
(15,24): 253-253-253
(15,25): 253-253-253
(15,26): 253-253-253
(15,27): 253-253-253
(15,28): 253-253-253
(15,29): 242-246-253
(15,30): 219-236-252
(15,31): 200-199-209
(15,32): 152-144-140
(15,33): 97-82-75
(15,34): 77-64-0
(15,35): 113-59-75
(15,36): 98-91-46
(15,37): 108-82-77
(15,38): 147-140-121
(15,39): 173-158-148
(15,40): 201-196-182
(15,41): 201-191-169
(15,42): 221-206-185
(15,43): 214-204-174
(15,44): 226-209-178
(15,45): 224-206-166
(15,46): 236-204-161
(15,47): 233-208-162
(15,48): 238-206-159
(15,49): 224-198-162
(15,50): 224-203-163
(15,51): 225-200-167
(15,52): 229-203-159
(15,53): 229-203-166
(15,54): 228-205-158
(15,55): 224-200-163
(15,56): 226-202-158
(15,57): 224-197-166
(15,58): 225-203-162
(15,59): 219-193-158
(15,60): 228-203-158
(15,61): 225-198-155
(15,62): 233-204-160
(15,63): 233-204-163
(15,64): 233-203-164
(15,65): 235-204-167
(15,66): 232-201-163
(15,67): 233-201-164
(15,68): 234-204-164
(15,69): 234-204-164
(15,70): 235-204-162
(15,71): 233-203-162
(15,72): 236-204-161
(15,73): 235-203-162
(15,74): 239-203-157
(15,75): 234-210-163
(15,76): 234-206-165
(15,77): 218-203-166
(15,78): 204-204-179
(15,79): 174-152-130
(15,80): 129-78-0
(15,81): 115-61-34
(15,82): 144-114-98
(15,83): 214-181-169
(15,84): 223-207-184
(15,85): 222-206-163
(15,86): 235-205-162
(15,87): 234-205-162
(15,88): 236-206-162
(15,89): 234-203-162
(15,90): 234-204-162
(15,91): 233-204-162
(15,92): 232-204-162
(15,93): 232-204-162
(15,94): 231-203-162
(15,95): 232-203-163
(15,96): 231-203-163
(15,97): 231-206-165
(15,98): 234-201-174
(15,99): 214-179-158
(15,100): 147-110-94
(15,101): 0-0-28
(15,102): 21-56-46
(15,103): 168-180-176
(15,104): 233-246-238
(15,105): 253-253-252
(15,106): 253-253-253
(15,107): 253-253-253
(15,108): 253-253-253
(15,109): 253-253-253
(15,110): 253-253-253
(15,111): 253-253-253
(15,112): 253-253-253
(15,113): 253-253-253
(15,114): 253-253-253
(15,115): 253-253-253
(15,116): 253-253-253
(15,117): 253-253-253
(15,118): 253-253-253
(15,119): 253-253-253
(15,120): 253-253-253
(15,121): 253-253-253
(15,122): 253-253-253
(15,123): 253-253-253
(15,124): 253-253-253
(15,125): 253-253-253
(15,126): 248-253-253
(15,127): 215-240-253
(16,0): 253-240-215
(16,1): 253-253-248
(16,2): 253-253-253
(16,3): 253-253-253
(16,4): 253-253-253
(16,5): 253-253-253
(16,6): 253-253-253
(16,7): 253-253-253
(16,8): 253-253-253
(16,9): 253-253-253
(16,10): 253-253-253
(16,11): 253-253-253
(16,12): 253-253-253
(16,13): 253-253-253
(16,14): 253-253-253
(16,15): 253-253-253
(16,16): 253-253-253
(16,17): 253-253-253
(16,18): 253-253-253
(16,19): 253-253-253
(16,20): 253-253-253
(16,21): 253-253-253
(16,22): 253-253-253
(16,23): 253-253-253
(16,24): 253-253-253
(16,25): 253-253-253
(16,26): 252-253-253
(16,27): 242-236-216
(16,28): 195-185-181
(16,29): 118-132-138
(16,30): 68-59-66
(16,31): 0-34-39
(16,32): 64-0-0
(16,33): 80-84-0
(16,34): 131-94-39
(16,35): 166-146-114
(16,36): 198-173-141
(16,37): 228-200-160
(16,38): 230-207-177
(16,39): 235-205-181
(16,40): 235-218-189
(16,41): 232-206-181
(16,42): 237-219-189
(16,43): 232-209-179
(16,44): 231-213-178
(16,45): 231-206-171
(16,46): 233-207-171
(16,47): 233-204-162
(16,48): 234-204-179
(16,49): 226-202-179
(16,50): 231-214-191
(16,51): 241-228-210
(16,52): 250-236-219
(16,53): 253-241-221
(16,54): 249-237-215
(16,55): 251-238-218
(16,56): 245-231-215
(16,57): 237-222-209
(16,58): 234-217-200
(16,59): 227-208-185
(16,60): 230-205-175
(16,61): 230-203-159
(16,62): 233-203-166
(16,63): 233-203-159
(16,64): 234-203-162
(16,65): 234-204-165
(16,66): 234-204-164
(16,67): 234-204-163
(16,68): 235-205-163
(16,69): 235-207-166
(16,70): 233-204-162
(16,71): 233-204-162
(16,72): 234-204-163
(16,73): 234-204-164
(16,74): 234-203-163
(16,75): 235-204-163
(16,76): 236-209-174
(16,77): 232-203-171
(16,78): 237-221-188
(16,79): 240-210-174
(16,80): 214-182-168
(16,81): 150-120-87
(16,82): 70-0-0
(16,83): 86-70-39
(16,84): 175-155-138
(16,85): 222-204-174
(16,86): 237-217-183
(16,87): 237-206-164
(16,88): 235-204-163
(16,89): 233-202-162
(16,90): 234-204-162
(16,91): 234-206-161
(16,92): 233-204-160
(16,93): 234-207-165
(16,94): 234-205-163
(16,95): 233-204-163
(16,96): 234-203-163
(16,97): 235-204-165
(16,98): 236-209-175
(16,99): 240-207-183
(16,100): 220-194-188
(16,101): 153-123-114
(16,102): 34-0-0
(16,103): 0-56-46
(16,104): 162-168-160
(16,105): 233-244-235
(16,106): 253-253-253
(16,107): 253-253-253
(16,108): 253-253-253
(16,109): 253-253-253
(16,110): 253-253-253
(16,111): 253-253-253
(16,112): 253-253-253
(16,113): 253-253-253
(16,114): 253-253-253
(16,115): 253-253-253
(16,116): 253-253-253
(16,117): 253-253-253
(16,118): 253-253-253
(16,119): 253-253-253
(16,120): 253-253-253
(16,121): 253-253-253
(16,122): 253-253-253
(16,123): 253-253-253
(16,124): 253-253-253
(16,125): 253-253-253
(16,126): 253-253-253
(16,127): 240-253-253
(17,0): 253-253-240
(17,1): 253-253-253
(17,2): 253-253-253
(17,3): 253-253-253
(17,4): 253-253-253
(17,5): 253-253-253
(17,6): 253-253-253
(17,7): 253-253-253
(17,8): 253-253-253
(17,9): 253-253-253
(17,10): 253-253-253
(17,11): 253-253-253
(17,12): 253-253-250
(17,13): 253-253-253
(17,14): 253-253-251
(17,15): 253-253-253
(17,16): 253-253-250
(17,17): 253-253-253
(17,18): 253-253-249
(17,19): 253-253-253
(17,20): 253-253-249
(17,21): 253-253-253
(17,22): 253-253-251
(17,23): 253-253-253
(17,24): 253-253-253
(17,25): 253-238-247
(17,26): 174-179-183
(17,27): 94-87-78
(17,28): 99-46-0
(17,29): 108-46-34
(17,30): 109-102-56
(17,31): 142-124-113
(17,32): 178-171-152
(17,33): 195-182-160
(17,34): 214-201-180
(17,35): 217-200-171
(17,36): 231-205-171
(17,37): 231-208-165
(17,38): 240-205-162
(17,39): 237-208-167
(17,40): 236-206-165
(17,41): 234-204-163
(17,42): 236-206-163
(17,43): 232-204-163
(17,44): 231-204-163
(17,45): 233-205-165
(17,46): 231-203-163
(17,47): 227-198-167
(17,48): 234-206-185
(17,49): 248-232-220
(17,50): 251-248-243
(17,51): 253-253-249
(17,52): 253-253-252
(17,53): 253-253-251
(17,54): 253-253-252
(17,55): 253-253-250
(17,56): 253-253-253
(17,57): 253-253-250
(17,58): 253-248-247
(17,59): 253-241-231
(17,60): 243-228-211
(17,61): 226-211-185
(17,62): 225-203-164
(17,63): 225-196-158
(17,64): 235-204-160
(17,65): 235-205-163
(17,66): 234-206-162
(17,67): 233-203-161
(17,68): 235-204-161
(17,69): 234-205-164
(17,70): 233-207-166
(17,71): 234-206-165
(17,72): 234-205-165
(17,73): 235-205-165
(17,74): 234-204-165
(17,75): 235-204-166
(17,76): 234-203-165
(17,77): 235-204-165
(17,78): 233-204-163
(17,79): 232-208-164
(17,80): 238-206-178
(17,81): 227-196-173
(17,82): 175-157-133
(17,83): 68-34-21
(17,84): 97-78-0
(17,85): 197-165-147
(17,86): 232-204-177
(17,87): 230-205-165
(17,88): 233-203-163
(17,89): 236-205-165
(17,90): 235-205-162
(17,91): 232-203-159
(17,92): 234-206-161
(17,93): 234-206-163
(17,94): 234-205-163
(17,95): 234-204-163
(17,96): 235-204-164
(17,97): 235-203-165
(17,98): 235-203-165
(17,99): 233-206-169
(17,100): 236-205-183
(17,101): 221-187-169
(17,102): 149-114-104
(17,103): 0-0-21
(17,104): 21-50-34
(17,105): 169-176-173
(17,106): 243-249-241
(17,107): 253-253-253
(17,108): 253-253-253
(17,109): 251-253-252
(17,110): 253-253-253
(17,111): 253-253-253
(17,112): 253-253-253
(17,113): 253-253-253
(17,114): 253-253-253
(17,115): 253-253-253
(17,116): 253-253-253
(17,117): 253-253-253
(17,118): 253-253-253
(17,119): 253-253-253
(17,120): 253-253-253
(17,121): 253-253-253
(17,122): 253-253-253
(17,123): 253-253-253
(17,124): 253-253-253
(17,125): 253-253-253
(17,126): 248-253-253
(17,127): 215-240-253
(18,0): 253-240-215
(18,1): 253-253-248
(18,2): 253-253-253
(18,3): 253-253-253
(18,4): 253-253-253
(18,5): 253-253-253
(18,6): 253-253-253
(18,7): 253-253-253
(18,8): 253-253-253
(18,9): 253-253-253
(18,10): 253-253-253
(18,11): 253-253-248
(18,12): 241-232-223
(18,13): 247-234-227
(18,14): 232-222-203
(18,15): 252-239-228
(18,16): 247-237-221
(18,17): 253-253-244
(18,18): 253-245-225
(18,19): 253-250-234
(18,20): 249-232-212
(18,21): 253-244-233
(18,22): 246-235-218
(18,23): 253-246-227
(18,24): 215-196-196
(18,25): 132-122-136
(18,26): 68-0-0
(18,27): 101-89-0
(18,28): 173-134-102
(18,29): 214-185-142
(18,30): 224-200-170
(18,31): 237-208-175
(18,32): 232-214-182
(18,33): 232-206-181
(18,34): 235-215-187
(18,35): 231-204-175
(18,36): 233-209-174
(18,37): 233-203-164
(18,38): 236-206-168
(18,39): 236-206-164
(18,40): 234-204-162
(18,41): 234-203-159
(18,42): 235-204-162
(18,43): 234-204-162
(18,44): 233-204-163
(18,45): 233-206-165
(18,46): 233-204-168
(18,47): 235-213-184
(18,48): 250-234-217
(18,49): 253-253-248
(18,50): 253-253-248
(18,51): 253-253-253
(18,52): 253-253-252
(18,53): 251-253-253
(18,54): 253-253-253
(18,55): 252-253-253
(18,56): 253-253-253
(18,57): 253-253-253
(18,58): 253-253-251
(18,59): 253-252-250
(18,60): 253-250-241
(18,61): 249-239-225
(18,62): 231-214-183
(18,63): 226-203-165
(18,64): 235-205-170
(18,65): 234-205-162
(18,66): 233-203-157
(18,67): 235-205-162
(18,68): 236-205-165
(18,69): 233-203-162
(18,70): 232-204-162
(18,71): 233-206-163
(18,72): 234-205-163
(18,73): 234-204-162
(18,74): 235-204-165
(18,75): 234-204-165
(18,76): 234-204-165
(18,77): 234-206-165
(18,78): 233-204-162
(18,79): 235-207-165
(18,80): 234-208-171
(18,81): 237-204-178
(18,82): 231-211-197
(18,83): 179-158-128
(18,84): 77-0-0
(18,85): 113-73-53
(18,86): 204-177-165
(18,87): 233-203-175
(18,88): 234-207-171
(18,89): 235-204-161
(18,90): 235-205-162
(18,91): 235-204-161
(18,92): 235-204-163
(18,93): 234-204-162
(18,94): 234-204-163
(18,95): 234-204-164
(18,96): 235-204-165
(18,97): 234-203-161
(18,98): 235-204-167
(18,99): 234-204-166
(18,100): 233-209-173
(18,101): 239-207-181
(18,102): 222-196-191
(18,103): 154-117-109
(18,104): 43-0-0
(18,105): 61-56-64
(18,106): 181-181-180
(18,107): 241-248-243
(18,108): 253-253-253
(18,109): 253-253-252
(18,110): 253-253-253
(18,111): 253-253-253
(18,112): 253-253-253
(18,113): 253-253-253
(18,114): 253-253-253
(18,115): 253-253-253
(18,116): 253-253-253
(18,117): 253-253-253
(18,118): 253-253-253
(18,119): 253-253-253
(18,120): 253-253-253
(18,121): 253-253-253
(18,122): 253-253-253
(18,123): 253-253-253
(18,124): 253-253-253
(18,125): 253-253-253
(18,126): 253-253-253
(18,127): 240-253-253
(19,0): 253-253-240
(19,1): 253-253-253
(19,2): 253-253-253
(19,3): 253-253-253
(19,4): 253-253-253
(19,5): 253-253-253
(19,6): 253-253-252
(19,7): 253-253-253
(19,8): 253-253-253
(19,9): 253-253-253
(19,10): 215-235-236
(19,11): 166-170-167
(19,12): 120-82-39
(19,13): 131-97-91
(19,14): 98-78-0
(19,15): 130-92-80
(19,16): 110-98-59
(19,17): 164-136-127
(19,18): 130-135-102
(19,19): 151-122-98
(19,20): 111-70-0
(19,21): 147-92-70
(19,22): 94-68-0
(19,23): 150-101-75
(19,24): 117-43-0
(19,25): 118-68-50
(19,26): 160-152-131
(19,27): 217-190-174
(19,28): 228-206-185
(19,29): 228-208-168
(19,30): 237-207-165
(19,31): 235-211-167
(19,32): 237-207-165
(19,33): 234-207-167
(19,34): 236-206-166
(19,35): 234-206-167
(19,36): 235-207-168
(19,37): 235-205-165
(19,38): 236-204-162
(19,39): 233-204-161
(19,40): 232-205-161
(19,41): 233-202-159
(19,42): 234-201-158
(19,43): 235-203-163
(19,44): 233-204-162
(19,45): 228-201-162
(19,46): 235-206-171
(19,47): 243-220-195
(19,48): 253-247-233
(19,49): 253-253-252
(19,50): 253-253-251
(19,51): 252-252-250
(19,52): 253-253-252
(19,53): 253-253-253
(19,54): 253-253-253
(19,55): 253-253-253
(19,56): 253-253-253
(19,57): 253-253-253
(19,58): 253-253-253
(19,59): 253-253-253
(19,60): 253-253-252
(19,61): 253-253-248
(19,62): 247-238-224
(19,63): 227-210-185
(19,64): 229-202-162
(19,65): 229-199-159
(19,66): 235-205-162
(19,67): 236-204-162
(19,68): 236-203-162
(19,69): 236-205-165
(19,70): 234-207-166
(19,71): 233-206-163
(19,72): 235-207-162
(19,73): 232-204-160
(19,74): 233-204-162
(19,75): 235-206-165
(19,76): 234-205-164
(19,77): 233-205-164
(19,78): 233-206-164
(19,79): 235-206-165
(19,80): 233-204-160
(19,81): 227-200-158
(19,82): 238-207-178
(19,83): 222-196-171
(19,84): 148-123-102
(19,85): 102-0-46
(19,86): 156-128-109
(19,87): 226-197-172
(19,88): 239-206-178
(19,89): 228-200-157
(19,90): 234-204-159
(19,91): 236-204-164
(19,92): 233-203-162
(19,93): 234-204-164
(19,94): 233-203-164
(19,95): 235-204-165
(19,96): 234-204-163
(19,97): 232-203-162
(19,98): 233-206-165
(19,99): 235-206-167
(19,100): 233-206-165
(19,101): 228-204-162
(19,102): 237-205-180
(19,103): 214-183-166
(19,104): 126-94-95
(19,105): 0-0-34
(19,106): 75-64-78
(19,107): 195-191-190
(19,108): 252-253-248
(19,109): 253-253-253
(19,110): 253-253-253
(19,111): 253-253-253
(19,112): 253-253-253
(19,113): 253-253-253
(19,114): 253-253-253
(19,115): 253-253-253
(19,116): 253-253-253
(19,117): 253-253-253
(19,118): 253-253-253
(19,119): 253-253-253
(19,120): 253-253-253
(19,121): 253-253-253
(19,122): 253-253-253
(19,123): 253-253-253
(19,124): 253-253-253
(19,125): 253-253-253
(19,126): 248-253-253
(19,127): 215-240-253
(20,0): 253-240-215
(20,1): 253-253-248
(20,2): 253-253-253
(20,3): 253-253-253
(20,4): 253-253-253
(20,5): 253-253-253
(20,6): 253-253-253
(20,7): 253-252-238
(20,8): 227-216-222
(20,9): 160-161-171
(20,10): 70-46-0
(20,11): 0-21-0
(20,12): 68-0-0
(20,13): 105-89-0
(20,14): 89-0-0
(20,15): 50-34-0
(20,16): 61-0-0
(20,17): 0-43-0
(20,18): 89-70-0
(20,19): 110-118-56
(20,20): 127-91-66
(20,21): 87-73-0
(20,22): 91-0-0
(20,23): 136-109-56
(20,24): 181-139-97
(20,25): 222-193-147
(20,26): 234-212-187
(20,27): 239-208-187
(20,28): 238-215-185
(20,29): 232-206-169
(20,30): 231-205-163
(20,31): 232-207-165
(20,32): 234-206-167
(20,33): 234-206-168
(20,34): 234-204-165
(20,35): 233-204-164
(20,36): 234-205-164
(20,37): 233-203-162
(20,38): 235-204-163
(20,39): 234-206-162
(20,40): 232-203-157
(20,41): 235-205-162
(20,42): 236-204-165
(20,43): 234-202-161
(20,44): 234-204-163
(20,45): 234-206-165
(20,46): 233-203-168
(20,47): 231-209-179
(20,48): 251-239-226
(20,49): 253-253-251
(20,50): 253-253-251
(20,51): 253-253-252
(20,52): 253-253-253
(20,53): 253-253-253
(20,54): 253-253-253
(20,55): 253-253-253
(20,56): 253-253-253
(20,57): 253-253-253
(20,58): 253-253-253
(20,59): 253-253-253
(20,60): 253-253-253
(20,61): 253-251-253
(20,62): 253-250-242
(20,63): 244-231-212
(20,64): 231-207-176
(20,65): 228-202-159
(20,66): 238-207-169
(20,67): 237-204-162
(20,68): 236-205-164
(20,69): 234-204-164
(20,70): 234-204-162
(20,71): 234-206-163
(20,72): 235-206-163
(20,73): 234-207-163
(20,74): 233-204-160
(20,75): 234-206-164
(20,76): 235-205-164
(20,77): 234-206-164
(20,78): 233-207-165
(20,79): 233-206-166
(20,80): 234-210-174
(20,81): 229-204-172
(20,82): 232-219-192
(20,83): 232-210-196
(20,84): 206-194-189
(20,85): 114-77-73
(20,86): 99-0-0
(20,87): 187-165-142
(20,88): 235-211-190
(20,89): 241-206-168
(20,90): 233-204-163
(20,91): 233-204-163
(20,92): 234-204-163
(20,93): 235-206-164
(20,94): 234-204-163
(20,95): 233-204-164
(20,96): 234-204-163
(20,97): 233-207-165
(20,98): 231-204-160
(20,99): 232-206-163
(20,100): 233-207-164
(20,101): 233-206-162
(20,102): 232-210-174
(20,103): 230-206-182
(20,104): 198-173-158
(20,105): 111-70-28
(20,106): 21-0-0
(20,107): 120-99-99
(20,108): 219-218-225
(20,109): 253-253-253
(20,110): 253-253-253
(20,111): 253-253-253
(20,112): 253-253-253
(20,113): 253-253-253
(20,114): 253-253-253
(20,115): 253-253-253
(20,116): 253-253-253
(20,117): 253-253-253
(20,118): 253-253-253
(20,119): 253-253-253
(20,120): 253-253-253
(20,121): 253-253-253
(20,122): 253-253-253
(20,123): 253-253-253
(20,124): 253-253-253
(20,125): 253-253-253
(20,126): 253-253-253
(20,127): 240-253-253
(21,0): 253-253-240
(21,1): 253-253-253
(21,2): 253-253-253
(21,3): 253-253-253
(21,4): 253-253-253
(21,5): 253-245-248
(21,6): 196-207-208
(21,7): 143-142-135
(21,8): 102-53-0
(21,9): 97-0-64
(21,10): 70-50-0
(21,11): 136-97-68
(21,12): 149-118-66
(21,13): 168-144-113
(21,14): 176-155-130
(21,15): 181-167-148
(21,16): 194-187-170
(21,17): 181-181-165
(21,18): 210-210-198
(21,19): 209-208-189
(21,20): 222-213-197
(21,21): 185-179-159
(21,22): 198-183-165
(21,23): 209-191-173
(21,24): 229-207-179
(21,25): 231-209-166
(21,26): 239-205-162
(21,27): 233-204-162
(21,28): 234-203-160
(21,29): 234-204-164
(21,30): 234-207-166
(21,31): 233-205-165
(21,32): 232-203-164
(21,33): 236-206-168
(21,34): 232-203-163
(21,35): 232-203-162
(21,36): 233-205-163
(21,37): 233-203-161
(21,38): 234-203-159
(21,39): 234-204-162
(21,40): 233-205-163
(21,41): 234-204-163
(21,42): 234-203-161
(21,43): 233-203-162
(21,44): 234-206-165
(21,45): 234-205-165
(21,46): 233-203-162
(21,47): 225-201-171
(21,48): 244-229-213
(21,49): 253-253-246
(21,50): 253-253-253
(21,51): 253-253-253
(21,52): 253-253-253
(21,53): 253-253-253
(21,54): 253-253-253
(21,55): 253-253-253
(21,56): 253-253-253
(21,57): 253-253-253
(21,58): 253-253-253
(21,59): 253-253-253
(21,60): 253-252-253
(21,61): 253-253-253
(21,62): 253-253-251
(21,63): 253-248-235
(21,64): 238-224-202
(21,65): 224-200-168
(21,66): 234-204-161
(21,67): 234-204-164
(21,68): 236-206-165
(21,69): 234-204-163
(21,70): 233-204-162
(21,71): 235-205-164
(21,72): 234-204-163
(21,73): 235-206-164
(21,74): 235-207-164
(21,75): 233-203-162
(21,76): 237-204-158
(21,77): 236-209-163
(21,78): 236-206-159
(21,79): 231-209-164
(21,80): 234-207-171
(21,81): 218-201-171
(21,82): 218-203-183
(21,83): 191-190-172
(21,84): 197-198-189
(21,85): 109-102-113
(21,86): 59-43-0
(21,87): 117-89-61
(21,88): 206-173-139
(21,89): 234-209-174
(21,90): 231-204-172
(21,91): 232-203-163
(21,92): 234-206-163
(21,93): 233-204-162
(21,94): 234-204-162
(21,95): 234-203-163
(21,96): 233-204-162
(21,97): 234-206-165
(21,98): 232-207-163
(21,99): 230-205-160
(21,100): 233-207-161
(21,101): 231-204-161
(21,102): 233-204-162
(21,103): 232-209-166
(21,104): 233-204-168
(21,105): 156-137-110
(21,106): 39-39-0
(21,107): 0-0-43
(21,108): 155-157-166
(21,109): 249-248-249
(21,110): 250-253-253
(21,111): 253-253-253
(21,112): 253-253-253
(21,113): 253-253-253
(21,114): 253-253-253
(21,115): 253-253-253
(21,116): 253-253-253
(21,117): 253-253-253
(21,118): 253-253-253
(21,119): 253-253-253
(21,120): 253-253-253
(21,121): 253-253-253
(21,122): 253-253-253
(21,123): 253-253-253
(21,124): 253-253-253
(21,125): 253-253-253
(21,126): 248-253-253
(21,127): 215-240-253
(22,0): 253-239-215
(22,1): 253-253-246
(22,2): 253-253-253
(22,3): 253-253-253
(22,4): 234-230-248
(22,5): 149-146-157
(22,6): 46-0-0
(22,7): 0-0-0
(22,8): 99-0-0
(22,9): 164-130-109
(22,10): 213-183-165
(22,11): 240-207-168
(22,12): 230-204-168
(22,13): 237-206-175
(22,14): 231-208-176
(22,15): 234-209-185
(22,16): 235-219-191
(22,17): 236-215-191
(22,18): 239-226-203
(22,19): 233-211-193
(22,20): 235-220-193
(22,21): 231-207-181
(22,22): 233-213-190
(22,23): 232-206-185
(22,24): 235-213-181
(22,25): 233-205-168
(22,26): 235-207-166
(22,27): 236-207-165
(22,28): 235-204-164
(22,29): 235-205-165
(22,30): 236-207-168
(22,31): 235-206-165
(22,32): 235-206-165
(22,33): 235-206-166
(22,34): 234-204-163
(22,35): 233-205-163
(22,36): 233-204-161
(22,37): 233-203-161
(22,38): 234-204-162
(22,39): 234-204-161
(22,40): 234-205-164
(22,41): 234-204-163
(22,42): 233-204-162
(22,43): 234-206-163
(22,44): 233-204-162
(22,45): 234-205-163
(22,46): 234-204-164
(22,47): 226-203-162
(22,48): 235-217-192
(22,49): 252-245-235
(22,50): 253-253-247
(22,51): 253-253-253
(22,52): 253-253-253
(22,53): 253-253-253
(22,54): 253-253-253
(22,55): 253-253-253
(22,56): 253-253-253
(22,57): 253-253-253
(22,58): 253-253-253
(22,59): 253-253-253
(22,60): 253-253-253
(22,61): 253-253-253
(22,62): 253-253-250
(22,63): 253-253-248
(22,64): 247-236-219
(22,65): 231-211-177
(22,66): 230-201-165
(22,67): 231-204-164
(22,68): 234-205-164
(22,69): 234-205-162
(22,70): 235-205-162
(22,71): 235-205-162
(22,72): 236-209-172
(22,73): 233-204-172
(22,74): 236-216-187
(22,75): 233-204-181
(22,76): 236-215-187
(22,77): 237-207-174
(22,78): 224-200-162
(22,79): 224-195-156
(22,80): 197-171-142
(22,81): 165-144-121
(22,82): 138-118-118
(22,83): 59-77-59
(22,84): 91-95-70
(22,85): 0-46-73
(22,86): 21-0-0
(22,87): 73-0-0
(22,88): 169-141-118
(22,89): 227-208-183
(22,90): 233-213-179
(22,91): 232-205-163
(22,92): 233-204-162
(22,93): 233-204-162
(22,94): 235-204-163
(22,95): 234-204-162
(22,96): 234-204-164
(22,97): 232-203-162
(22,98): 232-205-162
(22,99): 232-206-162
(22,100): 232-205-162
(22,101): 233-205-162
(22,102): 235-205-166
(22,103): 238-204-165
(22,104): 236-216-192
(22,105): 195-179-159
(22,106): 98-56-0
(22,107): 0-0-0
(22,108): 105-101-97
(22,109): 219-230-235
(22,110): 253-253-253
(22,111): 253-253-253
(22,112): 253-253-253
(22,113): 253-253-253
(22,114): 253-253-253
(22,115): 253-253-253
(22,116): 253-253-253
(22,117): 253-253-253
(22,118): 253-253-253
(22,119): 253-253-253
(22,120): 253-253-253
(22,121): 253-253-253
(22,122): 253-253-253
(22,123): 253-253-253
(22,124): 253-253-253
(22,125): 253-253-253
(22,126): 253-253-253
(22,127): 240-253-253
(23,0): 253-253-240
(23,1): 253-253-253
(23,2): 253-253-253
(23,3): 247-230-236
(23,4): 155-144-158
(23,5): 0-0-28
(23,6): 0-34-0
(23,7): 115-109-77
(23,8): 191-179-152
(23,9): 224-199-173
(23,10): 237-205-173
(23,11): 231-209-161
(23,12): 236-203-156
(23,13): 238-211-168
(23,14): 238-208-167
(23,15): 237-211-172
(23,16): 238-210-172
(23,17): 239-213-177
(23,18): 239-213-179
(23,19): 237-211-179
(23,20): 234-208-173
(23,21): 234-206-168
(23,22): 235-204-165
(23,23): 235-205-169
(23,24): 236-206-168
(23,25): 235-207-168
(23,26): 235-207-167
(23,27): 233-206-165
(23,28): 234-206-165
(23,29): 236-206-168
(23,30): 233-204-165
(23,31): 234-205-165
(23,32): 234-206-164
(23,33): 232-204-162
(23,34): 233-204-162
(23,35): 233-204-163
(23,36): 232-205-163
(23,37): 233-205-163
(23,38): 233-204-162
(23,39): 232-203-162
(23,40): 233-204-162
(23,41): 233-204-163
(23,42): 232-204-162
(23,43): 232-204-162
(23,44): 232-204-160
(23,45): 233-204-162
(23,46): 235-206-162
(23,47): 225-197-160
(23,48): 228-206-174
(23,49): 241-226-209
(23,50): 253-248-239
(23,51): 253-253-253
(23,52): 253-253-253
(23,53): 253-253-253
(23,54): 253-253-253
(23,55): 253-253-253
(23,56): 253-253-253
(23,57): 253-253-253
(23,58): 253-253-253
(23,59): 253-253-253
(23,60): 253-253-253
(23,61): 253-253-253
(23,62): 253-253-253
(23,63): 253-253-251
(23,64): 253-247-233
(23,65): 231-218-195
(23,66): 227-204-165
(23,67): 227-201-164
(23,68): 236-204-158
(23,69): 238-210-162
(23,70): 242-207-157
(23,71): 234-209-160
(23,72): 237-205-165
(23,73): 221-203-170
(23,74): 219-206-186
(23,75): 206-192-171
(23,76): 191-179-160
(23,77): 170-148-120
(23,78): 149-114-56
(23,79): 135-95-34
(23,80): 104-39-0
(23,81): 94-21-43
(23,82): 0-61-61
(23,83): 132-129-143
(23,84): 185-192-201
(23,85): 180-179-183
(23,86): 94-87-101
(23,87): 73-0-28
(23,88): 120-95-70
(23,89): 210-191-165
(23,90): 234-207-180
(23,91): 233-204-163
(23,92): 232-204-162
(23,93): 233-204-162
(23,94): 235-206-163
(23,95): 234-204-162
(23,96): 235-204-162
(23,97): 232-203-163
(23,98): 236-206-162
(23,99): 236-210-165
(23,100): 236-204-158
(23,101): 240-210-165
(23,102): 240-204-160
(23,103): 240-209-168
(23,104): 240-204-178
(23,105): 231-206-177
(23,106): 162-133-114
(23,107): 34-0-0
(23,108): 0-39-0
(23,109): 172-177-179
(23,110): 251-250-244
(23,111): 253-253-253
(23,112): 253-253-253
(23,113): 253-253-253
(23,114): 253-253-253
(23,115): 253-253-253
(23,116): 253-253-253
(23,117): 253-253-253
(23,118): 253-253-253
(23,119): 253-253-253
(23,120): 253-253-253
(23,121): 253-253-253
(23,122): 253-253-253
(23,123): 253-253-253
(23,124): 253-253-253
(23,125): 253-253-253
(23,126): 248-253-253
(23,127): 215-240-253
(24,0): 253-241-217
(24,1): 253-253-249
(24,2): 239-235-248
(24,3): 151-140-152
(24,4): 34-0-0
(24,5): 56-56-0
(24,6): 159-141-99
(24,7): 211-194-153
(24,8): 229-214-188
(24,9): 230-203-180
(24,10): 232-208-172
(24,11): 232-206-162
(24,12): 233-206-165
(24,13): 235-208-168
(24,14): 235-208-170
(24,15): 236-209-171
(24,16): 237-210-173
(24,17): 238-210-174
(24,18): 239-213-179
(24,19): 238-211-177
(24,20): 236-208-172
(24,21): 234-205-167
(24,22): 235-204-168
(24,23): 235-204-167
(24,24): 236-206-168
(24,25): 234-206-165
(24,26): 233-205-162
(24,27): 232-206-163
(24,28): 232-204-162
(24,29): 232-205-165
(24,30): 232-207-170
(24,31): 229-203-168
(24,32): 232-206-165
(24,33): 232-204-161
(24,34): 233-204-162
(24,35): 233-204-163
(24,36): 233-206-163
(24,37): 233-207-163
(24,38): 232-205-162
(24,39): 232-204-163
(24,40): 232-204-163
(24,41): 232-204-164
(24,42): 232-203-162
(24,43): 233-205-162
(24,44): 233-204-162
(24,45): 233-204-161
(24,46): 234-204-162
(24,47): 232-204-161
(24,48): 232-202-169
(24,49): 233-211-183
(24,50): 250-238-228
(24,51): 253-252-250
(24,52): 253-253-253
(24,53): 253-253-253
(24,54): 253-253-253
(24,55): 253-253-253
(24,56): 253-253-253
(24,57): 253-253-253
(24,58): 253-253-253
(24,59): 253-253-253
(24,60): 253-253-252
(24,61): 253-253-253
(24,62): 253-253-253
(24,63): 253-253-253
(24,64): 253-253-251
(24,65): 240-235-233
(24,66): 229-222-207
(24,67): 227-207-188
(24,68): 231-209-179
(24,69): 240-207-175
(24,70): 234-208-171
(24,71): 235-201-161
(24,72): 208-181-151
(24,73): 175-154-128
(24,74): 135-123-91
(24,75): 78-94-80
(24,76): 64-46-0
(24,77): 0-21-0
(24,78): 66-0-0
(24,79): 66-0-0
(24,80): 56-0-0
(24,81): 0-0-0
(24,82): 73-21-0
(24,83): 203-197-203
(24,84): 253-253-253
(24,85): 253-247-250
(24,86): 166-163-160
(24,87): 28-43-50
(24,88): 99-21-0
(24,89): 197-179-157
(24,90): 236-218-189
(24,91): 236-204-162
(24,92): 232-202-162
(24,93): 232-204-163
(24,94): 234-205-164
(24,95): 234-204-161
(24,96): 235-207-169
(24,97): 233-204-179
(24,98): 233-213-183
(24,99): 238-208-177
(24,100): 229-198-157
(24,101): 242-206-164
(24,102): 233-197-156
(24,103): 245-207-174
(24,104): 236-208-177
(24,105): 245-211-188
(24,106): 206-189-182
(24,107): 120-80-91
(24,108): 34-0-0
(24,109): 109-91-97
(24,110): 207-204-211
(24,111): 252-252-253
(24,112): 253-253-253
(24,113): 253-253-253
(24,114): 253-253-253
(24,115): 253-253-253
(24,116): 253-253-253
(24,117): 253-253-253
(24,118): 253-253-253
(24,119): 253-253-253
(24,120): 253-253-253
(24,121): 253-253-253
(24,122): 253-253-253
(24,123): 253-253-253
(24,124): 253-253-253
(24,125): 253-253-253
(24,126): 253-253-253
(24,127): 240-253-253
(25,0): 253-253-247
(25,1): 253-253-250
(25,2): 187-185-181
(25,3): 0-0-46
(25,4): 0-43-0
(25,5): 158-147-132
(25,6): 220-206-177
(25,7): 229-210-166
(25,8): 234-203-165
(25,9): 232-204-168
(25,10): 234-207-168
(25,11): 233-206-165
(25,12): 234-207-166
(25,13): 234-207-167
(25,14): 235-206-166
(25,15): 235-207-168
(25,16): 238-210-172
(25,17): 240-212-177
(25,18): 239-213-178
(25,19): 238-211-176
(25,20): 235-208-171
(25,21): 234-205-167
(25,22): 234-204-165
(25,23): 234-203-165
(25,24): 234-204-163
(25,25): 233-203-162
(25,26): 234-206-163
(25,27): 232-204-162
(25,28): 232-204-162
(25,29): 223-203-162
(25,30): 230-205-162
(25,31): 231-202-162
(25,32): 236-206-167
(25,33): 227-201-162
(25,34): 233-203-162
(25,35): 233-204-164
(25,36): 233-206-162
(25,37): 232-206-162
(25,38): 236-207-162
(25,39): 236-208-165
(25,40): 237-204-159
(25,41): 238-209-165
(25,42): 237-203-158
(25,43): 237-207-163
(25,44): 236-204-158
(25,45): 235-206-163
(25,46): 237-204-159
(25,47): 236-207-165
(25,48): 239-206-159
(25,49): 229-206-174
(25,50): 249-228-207
(25,51): 253-253-244
(25,52): 253-253-250
(25,53): 253-253-253
(25,54): 253-253-251
(25,55): 253-253-253
(25,56): 253-253-252
(25,57): 253-253-253
(25,58): 253-253-253
(25,59): 253-253-253
(25,60): 253-253-253
(25,61): 253-253-253
(25,62): 253-253-251
(25,63): 253-253-253
(25,64): 253-253-253
(25,65): 247-243-241
(25,66): 203-207-212
(25,67): 173-168-162
(25,68): 172-152-132
(25,69): 165-139-109
(25,70): 153-120-66
(25,71): 146-108-50
(25,72): 109-43-0
(25,73): 105-53-21
(25,74): 21-34-0
(25,75): 0-0-0
(25,76): 0-43-53
(25,77): 28-0-43
(25,78): 34-21-43
(25,79): 39-0-28
(25,80): 0-21-0
(25,81): 0-0-21
(25,82): 133-135-147
(25,83): 239-233-233
(25,84): 253-252-253
(25,85): 253-253-251
(25,86): 182-182-180
(25,87): 66-0-46
(25,88): 68-0-0
(25,89): 161-137-110
(25,90): 229-204-174
(25,91): 232-209-167
(25,92): 233-204-166
(25,93): 234-205-166
(25,94): 233-206-165
(25,95): 229-205-162
(25,96): 240-205-174
(25,97): 222-194-170
(25,98): 182-173-153
(25,99): 157-131-121
(25,100): 142-122-77
(25,101): 144-110-80
(25,102): 141-114-50
(25,103): 161-121-106
(25,104): 153-133-101
(25,105): 138-129-116
(25,106): 162-161-149
(25,107): 146-122-121
(25,108): 82-68-64
(25,109): 0-0-39
(25,110): 117-109-136
(25,111): 235-224-229
(25,112): 253-253-253
(25,113): 253-253-253
(25,114): 253-253-253
(25,115): 253-253-253
(25,116): 253-253-253
(25,117): 253-253-253
(25,118): 253-253-253
(25,119): 253-253-253
(25,120): 253-253-253
(25,121): 253-253-253
(25,122): 253-253-253
(25,123): 253-253-253
(25,124): 253-253-253
(25,125): 253-253-253
(25,126): 248-253-253
(25,127): 215-240-253
(26,0): 253-248-220
(26,1): 240-235-227
(26,2): 116-114-94
(26,3): 0-21-0
(26,4): 117-91-39
(26,5): 203-191-179
(26,6): 236-224-203
(26,7): 235-204-166
(26,8): 234-206-169
(26,9): 234-206-168
(26,10): 234-206-168
(26,11): 234-206-165
(26,12): 235-207-168
(26,13): 236-207-168
(26,14): 236-206-167
(26,15): 236-206-167
(26,16): 238-209-171
(26,17): 239-211-174
(26,18): 238-211-173
(26,19): 237-210-172
(26,20): 234-206-167
(26,21): 232-204-164
(26,22): 233-203-163
(26,23): 232-203-164
(26,24): 234-203-163
(26,25): 233-203-161
(26,26): 234-203-163
(26,27): 233-204-162
(26,28): 233-209-172
(26,29): 230-204-174
(26,30): 203-170-133
(26,31): 197-163-122
(26,32): 221-195-168
(26,33): 233-204-182
(26,34): 234-215-190
(26,35): 229-205-177
(26,36): 232-217-186
(26,37): 231-206-178
(26,38): 232-213-183
(26,39): 235-204-178
(26,40): 231-206-174
(26,41): 238-204-174
(26,42): 233-206-173
(26,43): 238-205-177
(26,44): 233-211-181
(26,45): 239-209-189
(26,46): 237-217-189
(26,47): 242-211-187
(26,48): 238-215-186
(26,49): 236-209-182
(26,50): 233-215-190
(26,51): 253-241-231
(26,52): 253-249-237
(26,53): 253-252-249
(26,54): 253-249-240
(26,55): 253-253-250
(26,56): 253-253-253
(26,57): 253-253-253
(26,58): 253-253-253
(26,59): 253-253-253
(26,60): 253-253-253
(26,61): 253-253-253
(26,62): 252-246-243
(26,63): 245-237-220
(26,64): 208-204-199
(26,65): 156-158-155
(26,66): 84-43-0
(26,67): 0-28-0
(26,68): 34-0-0
(26,69): 0-0-0
(26,70): 34-0-0
(26,71): 46-0-0
(26,72): 28-0-0
(26,73): 56-0-0
(26,74): 34-0-0
(26,75): 61-43-0
(26,76): 50-0-0
(26,77): 50-0-0
(26,78): 39-0-0
(26,79): 34-28-0
(26,80): 28-0-0
(26,81): 104-87-99
(26,82): 209-206-218
(26,83): 253-253-253
(26,84): 253-253-253
(26,85): 250-251-253
(26,86): 182-185-188
(26,87): 34-39-0
(26,88): 39-0-0
(26,89): 108-61-0
(26,90): 202-181-150
(26,91): 231-206-171
(26,92): 234-211-181
(26,93): 231-203-164
(26,94): 232-208-168
(26,95): 238-207-177
(26,96): 220-193-184
(26,97): 152-124-92
(26,98): 75-0-0
(26,99): 34-68-78
(26,100): 137-134-138
(26,101): 143-158-143
(26,102): 153-149-158
(26,103): 123-138-137
(26,104): 138-136-154
(26,105): 61-104-116
(26,106): 68-68-34
(26,107): 0-64-0
(26,108): 89-73-94
(26,109): 0-34-0
(26,110): 21-0-0
(26,111): 165-153-159
(26,112): 242-239-250
(26,113): 253-252-253
(26,114): 253-253-253
(26,115): 253-253-253
(26,116): 253-253-253
(26,117): 253-253-253
(26,118): 253-253-253
(26,119): 253-253-253
(26,120): 253-253-253
(26,121): 253-253-253
(26,122): 253-253-253
(26,123): 253-253-253
(26,124): 253-253-253
(26,125): 253-253-253
(26,126): 253-253-253
(26,127): 240-253-253
(27,0): 253-252-234
(27,1): 215-206-183
(27,2): 0-50-0
(27,3): 61-0-0
(27,4): 174-156-140
(27,5): 231-212-190
(27,6): 235-210-189
(27,7): 232-205-169
(27,8): 235-207-170
(27,9): 235-207-170
(27,10): 235-207-170
(27,11): 235-207-168
(27,12): 236-207-168
(27,13): 236-207-168
(27,14): 235-206-166
(27,15): 235-205-166
(27,16): 236-206-167
(27,17): 236-207-169
(27,18): 234-207-167
(27,19): 233-205-165
(27,20): 232-204-163
(27,21): 232-203-162
(27,22): 233-204-164
(27,23): 234-203-165
(27,24): 234-203-164
(27,25): 234-203-163
(27,26): 232-201-161
(27,27): 232-202-163
(27,28): 229-206-179
(27,29): 223-198-172
(27,30): 146-113-68
(27,31): 126-75-0
(27,32): 182-161-134
(27,33): 222-207-185
(27,34): 224-207-193
(27,35): 200-193-168
(27,36): 205-201-181
(27,37): 184-177-155
(27,38): 183-170-152
(27,39): 174-157-135
(27,40): 168-145-116
(27,41): 162-136-106
(27,42): 163-133-98
(27,43): 167-146-122
(27,44): 177-162-147
(27,45): 191-174-160
(27,46): 188-176-166
(27,47): 185-168-150
(27,48): 176-158-137
(27,49): 162-139-117
(27,50): 146-123-91
(27,51): 161-146-132
(27,52): 160-155-142
(27,53): 156-151-162
(27,54): 149-158-158
(27,55): 147-160-176
(27,56): 200-214-223
(27,57): 252-248-251
(27,58): 253-253-253
(27,59): 253-253-253
(27,60): 253-253-253
(27,61): 253-247-248
(27,62): 189-183-178
(27,63): 132-108-92
(27,64): 61-50-0
(27,65): 53-0-0
(27,66): 64-53-0
(27,67): 68-59-66
(27,68): 0-0-34
(27,69): 0-0-43
(27,70): 0-0-66
(27,71): 0-0-21
(27,72): 0-0-59
(27,73): 0-0-50
(27,74): 0-0-46
(27,75): 0-0-0
(27,76): 0-0-34
(27,77): 0-0-34
(27,78): 21-0-0
(27,79): 80-77-64
(27,80): 159-145-132
(27,81): 222-208-207
(27,82): 248-246-246
(27,83): 253-253-253
(27,84): 251-253-253
(27,85): 246-253-251
(27,86): 182-185-181
(27,87): 66-39-39
(27,88): 66-0-0
(27,89): 104-70-34
(27,90): 198-177-150
(27,91): 231-213-176
(27,92): 236-206-170
(27,93): 233-209-164
(27,94): 236-204-174
(27,95): 214-181-155
(27,96): 144-113-78
(27,97): 0-0-34
(27,98): 121-106-118
(27,99): 201-201-211
(27,100): 236-250-253
(27,101): 238-251-253
(27,102): 244-251-253
(27,103): 231-244-252
(27,104): 240-251-253
(27,105): 236-236-245
(27,106): 192-195-199
(27,107): 0-70-75
(27,108): 0-56-0
(27,109): 0-0-46
(27,110): 0-21-0
(27,111): 0-0-53
(27,112): 181-179-180
(27,113): 253-253-250
(27,114): 253-253-253
(27,115): 253-253-253
(27,116): 253-253-253
(27,117): 253-253-253
(27,118): 253-253-253
(27,119): 253-253-253
(27,120): 253-253-253
(27,121): 253-253-253
(27,122): 253-253-253
(27,123): 253-253-253
(27,124): 253-253-253
(27,125): 253-253-253
(27,126): 248-253-253
(27,127): 215-240-253
(28,0): 243-219-179
(28,1): 174-129-73
(28,2): 34-0-0
(28,3): 99-61-0
(28,4): 207-188-175
(28,5): 240-214-194
(28,6): 236-214-185
(28,7): 234-208-171
(28,8): 234-205-168
(28,9): 232-204-166
(28,10): 235-206-168
(28,11): 235-206-166
(28,12): 235-206-167
(28,13): 236-207-166
(28,14): 236-206-165
(28,15): 235-206-165
(28,16): 235-205-165
(28,17): 235-206-167
(28,18): 233-204-163
(28,19): 232-204-162
(28,20): 232-203-160
(28,21): 231-203-160
(28,22): 233-203-162
(28,23): 232-202-162
(28,24): 234-204-163
(28,25): 235-205-162
(28,26): 233-202-162
(28,27): 231-202-162
(28,28): 232-213-181
(28,29): 219-204-174
(28,30): 151-115-28
(28,31): 56-28-0
(28,32): 111-80-0
(28,33): 158-153-138
(28,34): 158-147-139
(28,35): 101-101-70
(28,36): 78-82-43
(28,37): 0-46-0
(28,38): 39-28-0
(28,39): 0-21-0
(28,40): 39-0-0
(28,41): 0-0-0
(28,42): 39-0-0
(28,43): 0-0-0
(28,44): 21-0-0
(28,45): 0-39-21
(28,46): 43-39-43
(28,47): 0-28-0
(28,48): 28-0-0
(28,49): 0-0-0
(28,50): 28-0-0
(28,51): 0-43-0
(28,52): 21-0-84
(28,53): 0-61-94
(28,54): 43-61-109
(28,55): 0-43-70
(28,56): 87-75-80
(28,57): 168-169-158
(28,58): 226-219-225
(28,59): 253-250-240
(28,60): 253-253-253
(28,61): 243-244-252
(28,62): 183-173-158
(28,63): 34-56-0
(28,64): 66-0-0
(28,65): 185-179-188
(28,66): 224-229-234
(28,67): 214-218-212
(28,68): 139-162-165
(28,69): 0-77-123
(28,70): 53-86-124
(28,71): 0-86-110
(28,72): 106-128-153
(28,73): 89-121-136
(28,74): 131-142-167
(28,75): 87-114-134
(28,76): 126-132-154
(28,77): 116-131-156
(28,78): 177-178-179
(28,79): 225-221-211
(28,80): 248-248-249
(28,81): 253-253-253
(28,82): 253-253-253
(28,83): 250-253-253
(28,84): 253-253-253
(28,85): 244-252-253
(28,86): 172-178-178
(28,87): 53-59-0
(28,88): 28-0-0
(28,89): 92-56-0
(28,90): 164-129-75
(28,91): 219-192-157
(28,92): 219-188-151
(28,93): 240-202-158
(28,94): 217-185-164
(28,95): 147-117-95
(28,96): 75-0-0
(28,97): 138-132-155
(28,98): 220-215-227
(28,99): 253-253-253
(28,100): 253-253-253
(28,101): 250-253-253
(28,102): 253-253-253
(28,103): 250-253-253
(28,104): 253-253-253
(28,105): 253-253-253
(28,106): 252-253-253
(28,107): 185-191-185
(28,108): 97-117-104
(28,109): 0-98-120
(28,110): 75-21-70
(28,111): 0-0-0
(28,112): 105-68-0
(28,113): 221-226-216
(28,114): 253-253-253
(28,115): 253-253-253
(28,116): 253-253-253
(28,117): 253-253-253
(28,118): 253-253-253
(28,119): 253-253-253
(28,120): 253-253-253
(28,121): 253-253-253
(28,122): 253-253-253
(28,123): 253-253-253
(28,124): 253-253-253
(28,125): 253-253-253
(28,126): 253-253-253
(28,127): 240-253-253
(29,0): 253-232-204
(29,1): 152-130-80
(29,2): 43-0-0
(29,3): 139-101-78
(29,4): 221-196-171
(29,5): 232-216-185
(29,6): 236-211-181
(29,7): 235-207-171
(29,8): 235-206-168
(29,9): 234-205-167
(29,10): 234-206-167
(29,11): 235-206-166
(29,12): 233-204-163
(29,13): 234-204-163
(29,14): 234-203-161
(29,15): 234-203-162
(29,16): 233-203-162
(29,17): 234-204-165
(29,18): 233-204-163
(29,19): 232-203-162
(29,20): 233-204-162
(29,21): 233-203-162
(29,22): 234-204-162
(29,23): 234-203-162
(29,24): 233-203-160
(29,25): 232-203-159
(29,26): 233-202-159
(29,27): 234-203-163
(29,28): 231-205-169
(29,29): 219-203-164
(29,30): 192-173-137
(29,31): 111-64-0
(29,32): 34-28-0
(29,33): 75-50-34
(29,34): 59-21-0
(29,35): 0-0-0
(29,36): 0-53-56
(29,37): 0-0-34
(29,38): 0-43-59
(29,39): 0-0-39
(29,40): 0-0-46
(29,41): 0-0-28
(29,42): 0-39-50
(29,43): 0-0-28
(29,44): 0-21-46
(29,45): 0-0-0
(29,46): 0-0-46
(29,47): 0-0-34
(29,48): 0-53-66
(29,49): 0-0-43
(29,50): 0-0-0
(29,51): 0-0-28
(29,52): 59-118-147
(29,53): 177-197-214
(29,54): 202-226-243
(29,55): 199-199-207
(29,56): 155-162-149
(29,57): 0-68-75
(29,58): 102-84-0
(29,59): 177-171-166
(29,60): 224-240-236
(29,61): 253-253-253
(29,62): 229-226-221
(29,63): 0-0-80
(29,64): 50-84-114
(29,65): 227-221-232
(29,66): 253-253-253
(29,67): 253-253-253
(29,68): 246-250-253
(29,69): 226-237-237
(29,70): 232-230-239
(29,71): 227-240-236
(29,72): 248-248-253
(29,73): 240-250-247
(29,74): 253-251-253
(29,75): 243-251-250
(29,76): 253-250-253
(29,77): 251-253-253
(29,78): 253-253-253
(29,79): 253-253-253
(29,80): 253-253-253
(29,81): 253-253-253
(29,82): 253-252-253
(29,83): 244-253-252
(29,84): 234-250-253
(29,85): 203-213-226
(29,86): 125-138-153
(29,87): 39-0-21
(29,88): 78-28-0
(29,89): 133-66-34
(29,90): 106-46-0
(29,91): 158-104-50
(29,92): 130-61-0
(29,93): 164-111-59
(29,94): 126-77-0
(29,95): 0-0-0
(29,96): 95-127-144
(29,97): 239-230-233
(29,98): 253-253-253
(29,99): 253-253-253
(29,100): 253-253-253
(29,101): 253-253-253
(29,102): 253-253-251
(29,103): 253-253-253
(29,104): 253-253-253
(29,105): 253-253-253
(29,106): 253-253-253
(29,107): 253-253-253
(29,108): 222-241-251
(29,109): 212-214-220
(29,110): 177-167-166
(29,111): 142-126-124
(29,112): 106-89-0
(29,113): 105-132-137
(29,114): 188-208-207
(29,115): 239-234-239
(29,116): 253-253-253
(29,117): 253-253-253
(29,118): 253-253-253
(29,119): 253-253-253
(29,120): 253-253-253
(29,121): 253-253-253
(29,122): 253-253-253
(29,123): 253-253-253
(29,124): 253-253-253
(29,125): 253-253-253
(29,126): 248-253-253
(29,127): 215-240-253
(30,0): 240-216-173
(30,1): 171-130-70
(30,2): 34-0-0
(30,3): 97-75-0
(30,4): 205-190-169
(30,5): 240-215-192
(30,6): 238-216-189
(30,7): 235-207-170
(30,8): 236-206-168
(30,9): 234-205-164
(30,10): 234-205-163
(30,11): 234-206-165
(30,12): 233-204-161
(30,13): 234-205-162
(30,14): 234-204-162
(30,15): 234-204-162
(30,16): 233-203-162
(30,17): 234-204-165
(30,18): 234-204-164
(30,19): 234-204-162
(30,20): 234-204-163
(30,21): 234-204-162
(30,22): 235-204-163
(30,23): 233-203-162
(30,24): 233-203-160
(30,25): 236-206-162
(30,26): 235-204-163
(30,27): 233-203-162
(30,28): 233-207-168
(30,29): 235-205-165
(30,30): 215-192-171
(30,31): 134-95-68
(30,32): 43-0-0
(30,33): 34-28-0
(30,34): 89-87-99
(30,35): 78-68-106
(30,36): 28-0-0
(30,37): 21-34-0
(30,38): 0-21-21
(30,39): 21-28-39
(30,40): 28-21-34
(30,41): 0-0-0
(30,42): 0-0-0
(30,43): 34-28-39
(30,44): 50-39-43
(30,45): 46-34-0
(30,46): 34-21-0
(30,47): 0-21-0
(30,48): 0-21-0
(30,49): 34-34-34
(30,50): 50-0-0
(30,51): 0-0-0
(30,52): 133-148-136
(30,53): 230-245-253
(30,54): 253-253-253
(30,55): 253-253-253
(30,56): 251-252-253
(30,57): 218-220-207
(30,58): 115-108-64
(30,59): 0-56-39
(30,60): 141-153-148
(30,61): 236-239-232
(30,62): 242-247-248
(30,63): 135-131-140
(30,64): 50-0-0
(30,65): 155-154-159
(30,66): 212-195-191
(30,67): 235-216-199
(30,68): 226-217-199
(30,69): 251-239-227
(30,70): 242-236-220
(30,71): 253-252-245
(30,72): 253-253-242
(30,73): 253-253-253
(30,74): 253-253-246
(30,75): 253-252-253
(30,76): 250-245-235
(30,77): 253-246-241
(30,78): 240-230-214
(30,79): 252-237-221
(30,80): 230-213-193
(30,81): 235-221-201
(30,82): 207-191-182
(30,83): 179-183-168
(30,84): 132-127-125
(30,85): 0-73-106
(30,86): 101-84-89
(30,87): 130-129-99
(30,88): 172-155-139
(30,89): 181-159-130
(30,90): 181-151-118
(30,91): 187-161-118
(30,92): 176-141-108
(30,93): 159-146-99
(30,94): 121-86-0
(30,95): 0-50-0
(30,96): 86-80-56
(30,97): 208-213-216
(30,98): 250-253-253
(30,99): 253-253-253
(30,100): 253-253-253
(30,101): 253-253-253
(30,102): 253-253-252
(30,103): 253-253-253
(30,104): 253-253-253
(30,105): 253-253-253
(30,106): 253-253-253
(30,107): 252-253-253
(30,108): 253-253-253
(30,109): 253-253-253
(30,110): 253-251-247
(30,111): 253-250-236
(30,112): 231-222-228
(30,113): 167-174-173
(30,114): 97-95-53
(30,115): 97-118-132
(30,116): 203-197-213
(30,117): 249-251-243
(30,118): 253-253-253
(30,119): 253-253-253
(30,120): 253-253-253
(30,121): 253-253-253
(30,122): 253-253-253
(30,123): 253-253-253
(30,124): 253-253-253
(30,125): 253-253-253
(30,126): 253-253-253
(30,127): 240-253-253
(31,0): 253-251-232
(31,1): 209-201-177
(31,2): 0-43-0
(31,3): 64-0-0
(31,4): 187-176-153
(31,5): 230-217-193
(31,6): 235-210-188
(31,7): 233-205-171
(31,8): 236-206-166
(31,9): 233-204-162
(31,10): 233-204-161
(31,11): 232-204-161
(31,12): 232-204-160
(31,13): 233-204-161
(31,14): 234-204-162
(31,15): 233-203-162
(31,16): 233-203-162
(31,17): 234-204-165
(31,18): 233-203-163
(31,19): 233-204-163
(31,20): 233-204-162
(31,21): 234-204-162
(31,22): 234-204-162
(31,23): 234-204-163
(31,24): 233-204-162
(31,25): 234-204-162
(31,26): 235-204-161
(31,27): 233-203-162
(31,28): 234-206-167
(31,29): 233-209-171
(31,30): 230-204-184
(31,31): 186-165-151
(31,32): 75-56-0
(31,33): 0-0-39
(31,34): 130-159-166
(31,35): 205-194-195
(31,36): 132-87-129
(31,37): 0-0-43
(31,38): 0-0-0
(31,39): 28-21-39
(31,40): 21-21-28
(31,41): 0-0-0
(31,42): 0-0-28
(31,43): 50-43-50
(31,44): 43-34-39
(31,45): 28-21-0
(31,46): 28-28-0
(31,47): 0-0-0
(31,48): 0-21-39
(31,49): 0-0-21
(31,50): 0-34-0
(31,51): 73-106-95
(31,52): 201-208-197
(31,53): 253-253-252
(31,54): 253-253-253
(31,55): 253-253-253
(31,56): 253-253-253
(31,57): 253-253-253
(31,58): 191-206-200
(31,59): 0-0-64
(31,60): 0-43-21
(31,61): 177-189-191
(31,62): 253-252-253
(31,63): 253-233-231
(31,64): 151-149-138
(31,65): 109-77-66
(31,66): 129-73-0
(31,67): 164-108-56
(31,68): 117-64-0
(31,69): 166-117-70
(31,70): 129-94-0
(31,71): 165-137-122
(31,72): 137-146-123
(31,73): 179-158-163
(31,74): 151-155-145
(31,75): 177-148-148
(31,76): 138-115-70
(31,77): 163-117-102
(31,78): 121-82-0
(31,79): 165-116-73
(31,80): 123-75-0
(31,81): 171-114-50
(31,82): 125-68-0
(31,83): 155-110-75
(31,84): 134-114-73
(31,85): 162-135-132
(31,86): 195-187-171
(31,87): 215-200-175
(31,88): 228-207-185
(31,89): 220-204-172
(31,90): 230-206-178
(31,91): 220-203-173
(31,92): 228-206-181
(31,93): 218-207-177
(31,94): 211-206-183
(31,95): 158-148-123
(31,96): 61-43-0
(31,97): 68-70-73
(31,98): 164-153-160
(31,99): 226-220-227
(31,100): 210-229-239
(31,101): 173-191-200
(31,102): 193-193-195
(31,103): 196-198-201
(31,104): 229-235-232
(31,105): 250-253-252
(31,106): 253-253-253
(31,107): 253-253-253
(31,108): 253-253-253
(31,109): 253-253-253
(31,110): 253-253-250
(31,111): 253-253-253
(31,112): 253-253-253
(31,113): 253-249-251
(31,114): 193-214-216
(31,115): 64-105-133
(31,116): 97-73-43
(31,117): 191-179-182
(31,118): 242-248-244
(31,119): 253-253-253
(31,120): 253-253-253
(31,121): 253-253-253
(31,122): 253-253-253
(31,123): 253-253-253
(31,124): 253-253-253
(31,125): 253-253-253
(31,126): 248-253-253
(31,127): 215-240-253
(32,0): 253-248-220
(32,1): 232-226-219
(32,2): 84-84-68
(32,3): 0-39-0
(32,4): 144-134-113
(32,5): 220-210-198
(32,6): 236-220-199
(32,7): 234-206-171
(32,8): 235-205-168
(32,9): 234-205-162
(32,10): 234-205-162
(32,11): 233-204-159
(32,12): 232-204-159
(32,13): 232-204-159
(32,14): 233-203-161
(32,15): 233-203-162
(32,16): 234-204-164
(32,17): 233-203-163
(32,18): 233-204-163
(32,19): 234-206-164
(32,20): 233-204-162
(32,21): 234-205-162
(32,22): 234-204-162
(32,23): 233-204-163
(32,24): 233-203-162
(32,25): 234-203-162
(32,26): 235-204-164
(32,27): 234-204-162
(32,28): 234-206-166
(32,29): 234-206-169
(32,30): 233-219-192
(32,31): 210-201-187
(32,32): 118-105-84
(32,33): 0-46-46
(32,34): 92-121-78
(32,35): 217-219-214
(32,36): 230-230-239
(32,37): 168-143-158
(32,38): 39-0-0
(32,39): 0-0-0
(32,40): 21-0-0
(32,41): 56-0-0
(32,42): 39-0-0
(32,43): 56-43-0
(32,44): 43-0-0
(32,45): 59-28-0
(32,46): 28-0-0
(32,47): 46-0-0
(32,48): 39-0-0
(32,49): 0-0-70
(32,50): 109-124-106
(32,51): 204-215-203
(32,52): 251-253-253
(32,53): 253-253-253
(32,54): 253-253-253
(32,55): 253-253-253
(32,56): 250-243-239
(32,57): 244-232-218
(32,58): 171-157-135
(32,59): 0-53-0
(32,60): 50-0-0
(32,61): 185-181-183
(32,62): 253-253-253
(32,63): 253-253-253
(32,64): 250-244-244
(32,65): 251-233-215
(32,66): 232-210-186
(32,67): 247-228-206
(32,68): 224-201-186
(32,69): 222-206-184
(32,70): 193-176-173
(32,71): 161-168-160
(32,72): 135-136-146
(32,73): 104-137-150
(32,74): 146-145-162
(32,75): 151-158-157
(32,76): 178-161-170
(32,77): 189-177-165
(32,78): 197-174-165
(32,79): 221-203-176
(32,80): 209-177-139
(32,81): 228-198-147
(32,82): 215-177-126
(32,83): 239-204-162
(32,84): 231-199-166
(32,85): 237-204-179
(32,86): 235-214-186
(32,87): 233-206-181
(32,88): 234-213-181
(32,89): 231-205-173
(32,90): 235-212-181
(32,91): 232-204-175
(32,92): 234-212-183
(32,93): 231-205-179
(32,94): 233-222-195
(32,95): 219-203-171
(32,96): 166-147-114
(32,97): 68-53-0
(32,98): 0-0-0
(32,99): 0-80-106
(32,100): 73-105-134
(32,101): 0-78-104
(32,102): 75-66-92
(32,103): 0-50-53
(32,104): 156-162-172
(32,105): 238-247-243
(32,106): 253-253-253
(32,107): 253-253-253
(32,108): 253-253-253
(32,109): 253-253-253
(32,110): 253-253-253
(32,111): 253-253-253
(32,112): 253-253-253
(32,113): 253-253-253
(32,114): 253-253-253
(32,115): 224-228-224
(32,116): 114-78-84
(32,117): 73-78-75
(32,118): 209-204-201
(32,119): 253-253-253
(32,120): 253-253-253
(32,121): 253-253-253
(32,122): 253-253-253
(32,123): 253-253-253
(32,124): 253-253-253
(32,125): 253-253-253
(32,126): 253-253-253
(32,127): 240-253-253
(33,0): 253-253-248
(33,1): 253-253-244
(33,2): 138-151-157
(33,3): 0-0-21
(33,4): 98-102-84
(33,5): 213-203-185
(33,6): 237-215-200
(33,7): 236-209-176
(33,8): 233-203-165
(33,9): 232-203-162
(33,10): 232-205-161
(33,11): 231-204-160
(33,12): 232-205-160
(33,13): 231-204-160
(33,14): 233-204-161
(33,15): 234-204-163
(33,16): 233-203-162
(33,17): 233-203-163
(33,18): 233-205-164
(33,19): 234-206-164
(33,20): 232-204-162
(33,21): 232-204-162
(33,22): 233-204-163
(33,23): 234-204-165
(33,24): 233-205-165
(33,25): 234-204-165
(33,26): 234-204-163
(33,27): 235-206-164
(33,28): 234-206-165
(33,29): 235-208-170
(33,30): 232-209-184
(33,31): 210-201-175
(33,32): 120-122-102
(33,33): 28-0-0
(33,34): 0-34-0
(33,35): 142-159-129
(33,36): 248-238-227
(33,37): 248-236-229
(33,38): 150-136-145
(33,39): 28-0-28
(33,40): 0-21-0
(33,41): 43-34-43
(33,42): 0-0-0
(33,43): 0-0-43
(33,44): 0-46-0
(33,45): 59-39-0
(33,46): 50-39-0
(33,47): 101-80-43
(33,48): 161-128-105
(33,49): 210-201-194
(33,50): 229-234-233
(33,51): 253-253-252
(33,52): 253-253-253
(33,53): 253-253-253
(33,54): 219-237-245
(33,55): 181-177-191
(33,56): 131-123-101
(33,57): 98-82-64
(33,58): 105-46-0
(33,59): 137-104-87
(33,60): 166-168-153
(33,61): 236-227-228
(33,62): 253-253-253
(33,63): 253-253-253
(33,64): 253-253-253
(33,65): 253-253-253
(33,66): 253-253-253
(33,67): 253-253-253
(33,68): 253-253-253
(33,69): 253-253-253
(33,70): 253-253-253
(33,71): 237-248-253
(33,72): 238-252-253
(33,73): 222-240-253
(33,74): 241-253-253
(33,75): 230-244-252
(33,76): 252-253-253
(33,77): 248-251-253
(33,78): 251-249-253
(33,79): 253-250-240
(33,80): 244-229-211
(33,81): 220-210-179
(33,82): 228-203-158
(33,83): 233-207-166
(33,84): 240-204-161
(33,85): 238-207-167
(33,86): 235-203-162
(33,87): 231-203-162
(33,88): 233-206-164
(33,89): 232-204-163
(33,90): 234-205-165
(33,91): 235-205-167
(33,92): 236-206-168
(33,93): 233-201-165
(33,94): 234-203-168
(33,95): 232-214-171
(33,96): 221-198-164
(33,97): 131-105-73
(33,98): 28-53-0
(33,99): 0-0-0
(33,100): 92-126-147
(33,101): 183-186-188
(33,102): 171-173-175
(33,103): 0-0-53
(33,104): 0-70-77
(33,105): 191-201-209
(33,106): 253-253-253
(33,107): 253-253-253
(33,108): 253-253-253
(33,109): 253-253-253
(33,110): 253-253-253
(33,111): 253-253-253
(33,112): 253-253-253
(33,113): 253-253-253
(33,114): 253-253-253
(33,115): 240-245-245
(33,116): 124-141-137
(33,117): 0-0-68
(33,118): 202-197-194
(33,119): 251-253-252
(33,120): 253-253-253
(33,121): 253-253-253
(33,122): 253-253-253
(33,123): 253-253-253
(33,124): 253-253-253
(33,125): 253-253-253
(33,126): 248-253-253
(33,127): 215-240-253
(34,0): 253-246-224
(34,1): 253-253-250
(34,2): 196-195-192
(34,3): 34-34-0
(34,4): 82-0-0
(34,5): 196-188-169
(34,6): 236-224-198
(34,7): 236-206-170
(34,8): 234-204-168
(34,9): 233-205-164
(34,10): 232-204-161
(34,11): 232-206-162
(34,12): 232-205-161
(34,13): 233-206-162
(34,14): 233-204-162
(34,15): 233-204-164
(34,16): 233-203-163
(34,17): 232-204-162
(34,18): 233-204-162
(34,19): 232-205-161
(34,20): 233-206-163
(34,21): 234-206-164
(34,22): 235-206-166
(34,23): 233-204-164
(34,24): 234-205-165
(34,25): 232-204-163
(34,26): 234-206-162
(34,27): 237-210-165
(34,28): 236-209-165
(34,29): 235-208-165
(34,30): 234-216-185
(34,31): 219-207-178
(34,32): 155-144-106
(34,33): 56-43-0
(34,34): 0-0-0
(34,35): 87-66-0
(34,36): 192-197-193
(34,37): 252-250-253
(34,38): 240-248-253
(34,39): 199-190-191
(34,40): 180-185-183
(34,41): 169-190-195
(34,42): 147-171-183
(34,43): 91-129-174
(34,44): 158-182-195
(34,45): 173-191-204
(34,46): 193-209-202
(34,47): 228-222-223
(34,48): 248-248-242
(34,49): 253-253-253
(34,50): 253-253-247
(34,51): 253-251-239
(34,52): 227-210-204
(34,53): 178-176-160
(34,54): 99-77-84
(34,55): 0-34-98
(34,56): 124-110-114
(34,57): 190-188-168
(34,58): 221-207-200
(34,59): 251-238-224
(34,60): 253-251-248
(34,61): 253-253-253
(34,62): 253-253-249
(34,63): 253-253-253
(34,64): 253-253-253
(34,65): 253-253-253
(34,66): 253-253-253
(34,67): 253-253-253
(34,68): 253-253-253
(34,69): 252-253-253
(34,70): 253-253-253
(34,71): 251-253-253
(34,72): 253-253-253
(34,73): 250-253-253
(34,74): 253-253-253
(34,75): 250-253-253
(34,76): 253-253-253
(34,77): 250-253-253
(34,78): 253-253-253
(34,79): 253-253-253
(34,80): 253-251-243
(34,81): 245-233-216
(34,82): 230-211-183
(34,83): 227-203-167
(34,84): 234-204-170
(34,85): 233-202-164
(34,86): 234-204-165
(34,87): 233-205-162
(34,88): 233-204-162
(34,89): 233-205-162
(34,90): 234-206-164
(34,91): 235-205-162
(34,92): 236-206-166
(34,93): 235-201-161
(34,94): 237-208-174
(34,95): 242-206-168
(34,96): 220-198-177
(34,97): 123-77-0
(34,98): 28-0-0
(34,99): 34-28-0
(34,100): 162-177-160
(34,101): 228-221-216
(34,102): 199-192-192
(34,103): 78-43-0
(34,104): 53-0-0
(34,105): 196-196-208
(34,106): 253-253-253
(34,107): 253-253-252
(34,108): 253-253-253
(34,109): 253-253-253
(34,110): 253-253-253
(34,111): 253-253-253
(34,112): 253-253-253
(34,113): 253-253-253
(34,114): 253-253-253
(34,115): 232-240-253
(34,116): 126-124-138
(34,117): 0-46-0
(34,118): 201-195-190
(34,119): 253-252-253
(34,120): 253-253-253
(34,121): 253-253-253
(34,122): 253-253-253
(34,123): 253-253-253
(34,124): 253-253-253
(34,125): 253-253-253
(34,126): 253-253-253
(34,127): 240-253-253
(35,0): 253-253-242
(35,1): 253-253-253
(35,2): 240-235-224
(35,3): 110-113-109
(35,4): 0-0-0
(35,5): 146-134-106
(35,6): 233-211-177
(35,7): 234-213-173
(35,8): 233-204-165
(35,9): 232-203-164
(35,10): 232-205-164
(35,11): 232-205-163
(35,12): 231-205-163
(35,13): 232-204-163
(35,14): 232-204-163
(35,15): 233-204-165
(35,16): 234-204-163
(35,17): 232-204-162
(35,18): 232-206-161
(35,19): 230-204-161
(35,20): 234-209-165
(35,21): 237-211-170
(35,22): 238-211-171
(35,23): 235-207-167
(35,24): 235-208-166
(35,25): 233-206-164
(35,26): 234-207-161
(35,27): 232-206-160
(35,28): 234-207-158
(35,29): 230-204-159
(35,30): 233-207-168
(35,31): 227-210-171
(35,32): 206-194-157
(35,33): 153-131-92
(35,34): 92-0-0
(35,35): 43-0-0
(35,36): 116-111-147
(35,37): 224-224-234
(35,38): 253-253-253
(35,39): 253-253-252
(35,40): 253-252-253
(35,41): 238-253-253
(35,42): 243-253-253
(35,43): 215-237-253
(35,44): 235-252-253
(35,45): 209-239-250
(35,46): 225-244-253
(35,47): 214-228-234
(35,48): 214-217-227
(35,49): 192-193-191
(35,50): 166-167-151
(35,51): 157-126-116
(35,52): 124-56-0
(35,53): 99-64-56
(35,54): 130-126-115
(35,55): 196-189-206
(35,56): 229-244-253
(35,57): 251-253-253
(35,58): 253-253-253
(35,59): 253-253-253
(35,60): 253-253-253
(35,61): 253-253-253
(35,62): 253-253-253
(35,63): 253-253-253
(35,64): 253-253-253
(35,65): 253-253-253
(35,66): 253-253-250
(35,67): 253-253-253
(35,68): 253-253-249
(35,69): 253-253-253
(35,70): 253-253-250
(35,71): 253-253-253
(35,72): 253-253-248
(35,73): 253-253-253
(35,74): 253-253-253
(35,75): 253-253-253
(35,76): 253-253-253
(35,77): 253-253-253
(35,78): 253-253-253
(35,79): 253-253-251
(35,80): 253-253-250
(35,81): 253-252-241
(35,82): 239-225-209
(35,83): 225-202-174
(35,84): 233-203-163
(35,85): 232-203-165
(35,86): 233-206-166
(35,87): 233-206-165
(35,88): 234-206-165
(35,89): 235-207-165
(35,90): 234-207-164
(35,91): 231-204-161
(35,92): 233-206-162
(35,93): 231-203-164
(35,94): 237-206-167
(35,95): 236-213-168
(35,96): 210-174-140
(35,97): 124-73-43
(35,98): 64-0-0
(35,99): 97-99-86
(35,100): 161-181-170
(35,101): 143-153-147
(35,102): 106-94-70
(35,103): 43-0-39
(35,104): 161-144-140
(35,105): 250-239-240
(35,106): 253-253-253
(35,107): 253-253-253
(35,108): 253-253-253
(35,109): 253-253-253
(35,110): 253-253-253
(35,111): 253-253-253
(35,112): 253-253-253
(35,113): 253-253-253
(35,114): 253-253-253
(35,115): 220-233-240
(35,116): 108-126-118
(35,117): 46-0-56
(35,118): 202-205-196
(35,119): 249-253-253
(35,120): 253-253-253
(35,121): 253-253-253
(35,122): 253-253-253
(35,123): 253-253-253
(35,124): 253-253-253
(35,125): 253-253-253
(35,126): 248-253-253
(35,127): 215-240-253
(36,0): 253-240-216
(36,1): 253-253-246
(36,2): 251-253-253
(36,3): 185-187-185
(36,4): 59-0-0
(36,5): 92-73-0
(36,6): 200-179-157
(36,7): 234-209-180
(36,8): 234-210-177
(36,9): 232-204-163
(36,10): 233-205-164
(36,11): 232-205-162
(36,12): 232-205-163
(36,13): 232-204-162
(36,14): 233-204-164
(36,15): 232-203-164
(36,16): 234-204-165
(36,17): 232-205-164
(36,18): 231-204-160
(36,19): 232-207-163
(36,20): 234-209-166
(36,21): 238-213-173
(36,22): 238-211-171
(36,23): 234-206-167
(36,24): 233-205-165
(36,25): 232-206-165
(36,26): 233-206-164
(36,27): 234-208-164
(36,28): 233-206-162
(36,29): 233-206-162
(36,30): 234-206-165
(36,31): 235-206-171
(36,32): 234-218-186
(36,33): 223-201-164
(36,34): 179-154-121
(36,35): 82-59-0
(36,36): 28-0-0
(36,37): 98-99-137
(36,38): 176-171-159
(36,39): 230-228-210
(36,40): 225-221-216
(36,41): 211-204-196
(36,42): 179-179-184
(36,43): 122-143-166
(36,44): 129-146-169
(36,45): 0-108-132
(36,46): 87-128-157
(36,47): 0-50-94
(36,48): 39-80-113
(36,49): 0-59-64
(36,50): 98-78-86
(36,51): 142-131-106
(36,52): 207-181-170
(36,53): 253-234-210
(36,54): 252-242-240
(36,55): 253-252-253
(36,56): 253-253-253
(36,57): 253-253-253
(36,58): 253-253-253
(36,59): 252-253-253
(36,60): 253-253-253
(36,61): 253-253-253
(36,62): 253-253-253
(36,63): 253-253-253
(36,64): 253-253-253
(36,65): 253-253-253
(36,66): 253-253-247
(36,67): 253-253-243
(36,68): 252-244-228
(36,69): 253-250-239
(36,70): 244-233-214
(36,71): 253-246-234
(36,72): 253-242-240
(36,73): 253-253-253
(36,74): 253-253-251
(36,75): 253-253-253
(36,76): 253-253-253
(36,77): 253-253-253
(36,78): 253-253-252
(36,79): 253-253-253
(36,80): 253-253-250
(36,81): 253-253-251
(36,82): 251-240-224
(36,83): 233-213-183
(36,84): 233-203-169
(36,85): 231-205-165
(36,86): 231-204-161
(36,87): 232-206-163
(36,88): 234-206-165
(36,89): 233-206-162
(36,90): 233-207-163
(36,91): 232-207-165
(36,92): 231-213-179
(36,93): 231-208-193
(36,94): 231-216-190
(36,95): 231-207-167
(36,96): 177-147-111
(36,97): 87-0-0
(36,98): 39-0-0
(36,99): 21-64-0
(36,100): 91-95-89
(36,101): 0-50-87
(36,102): 98-116-115
(36,103): 171-177-195
(36,104): 239-238-253
(36,105): 253-253-253
(36,106): 253-253-253
(36,107): 253-253-253
(36,108): 253-253-253
(36,109): 253-253-253
(36,110): 253-253-253
(36,111): 253-253-253
(36,112): 253-253-253
(36,113): 253-253-253
(36,114): 253-253-253
(36,115): 233-240-251
(36,116): 121-122-134
(36,117): 0-64-0
(36,118): 179-181-168
(36,119): 247-251-253
(36,120): 253-253-253
(36,121): 253-253-253
(36,122): 253-253-253
(36,123): 253-253-253
(36,124): 253-253-253
(36,125): 253-253-253
(36,126): 253-253-253
(36,127): 240-253-253
(37,0): 253-253-240
(37,1): 253-253-253
(37,2): 253-253-253
(37,3): 235-230-233
(37,4): 113-117-133
(37,5): 0-0-34
(37,6): 147-126-104
(37,7): 219-197-171
(37,8): 232-204-179
(37,9): 232-204-165
(37,10): 233-207-165
(37,11): 232-206-164
(37,12): 233-207-165
(37,13): 232-206-164
(37,14): 234-206-165
(37,15): 234-205-166
(37,16): 234-204-165
(37,17): 234-205-165
(37,18): 233-206-165
(37,19): 233-206-165
(37,20): 232-207-165
(37,21): 236-210-169
(37,22): 237-209-170
(37,23): 235-206-168
(37,24): 232-204-166
(37,25): 233-206-168
(37,26): 232-206-167
(37,27): 233-206-166
(37,28): 231-204-164
(37,29): 234-206-165
(37,30): 234-206-165
(37,31): 232-204-167
(37,32): 234-206-171
(37,33): 239-218-175
(37,34): 227-202-170
(37,35): 137-111-77
(37,36): 0-39-0
(37,37): 101-0-56
(37,38): 120-59-0
(37,39): 160-106-34
(37,40): 118-21-0
(37,41): 157-91-0
(37,42): 118-73-0
(37,43): 157-108-94
(37,44): 138-118-87
(37,45): 149-128-122
(37,46): 165-170-155
(37,47): 150-149-148
(37,48): 181-187-183
(37,49): 173-174-178
(37,50): 203-207-206
(37,51): 218-221-218
(37,52): 253-253-250
(37,53): 253-253-253
(37,54): 253-253-251
(37,55): 253-253-253
(37,56): 253-253-253
(37,57): 253-253-253
(37,58): 253-253-253
(37,59): 253-253-253
(37,60): 253-253-253
(37,61): 253-253-253
(37,62): 253-253-253
(37,63): 242-253-253
(37,64): 232-250-253
(37,65): 217-216-224
(37,66): 183-182-180
(37,67): 152-148-135
(37,68): 140-121-68
(37,69): 149-120-98
(37,70): 113-75-0
(37,71): 124-89-97
(37,72): 153-153-152
(37,73): 241-236-238
(37,74): 252-253-253
(37,75): 253-253-253
(37,76): 253-253-253
(37,77): 253-253-253
(37,78): 253-253-253
(37,79): 253-253-253
(37,80): 253-253-253
(37,81): 253-253-251
(37,82): 253-251-236
(37,83): 240-219-194
(37,84): 232-202-165
(37,85): 225-200-162
(37,86): 231-207-164
(37,87): 235-207-164
(37,88): 239-206-157
(37,89): 235-208-160
(37,90): 240-206-158
(37,91): 228-211-167
(37,92): 226-209-188
(37,93): 221-197-183
(37,94): 173-161-142
(37,95): 113-106-59
(37,96): 94-34-0
(37,97): 94-0-39
(37,98): 0-28-0
(37,99): 106-109-73
(37,100): 191-163-156
(37,101): 205-214-208
(37,102): 221-242-253
(37,103): 230-227-241
(37,104): 211-196-215
(37,105): 175-195-197
(37,106): 228-242-238
(37,107): 245-253-253
(37,108): 253-253-253
(37,109): 253-253-253
(37,110): 253-253-253
(37,111): 253-253-253
(37,112): 253-253-253
(37,113): 253-253-253
(37,114): 253-253-253
(37,115): 226-236-240
(37,116): 109-124-116
(37,117): 39-0-50
(37,118): 193-193-190
(37,119): 249-253-253
(37,120): 252-253-253
(37,121): 253-253-253
(37,122): 253-253-253
(37,123): 253-253-253
(37,124): 253-253-253
(37,125): 253-253-253
(37,126): 248-253-253
(37,127): 215-240-253
(38,0): 253-240-215
(38,1): 253-253-248
(38,2): 253-253-253
(38,3): 248-251-253
(38,4): 191-187-191
(38,5): 59-34-21
(38,6): 98-0-0
(38,7): 196-183-160
(38,8): 233-216-187
(38,9): 235-205-163
(38,10): 233-206-165
(38,11): 233-207-165
(38,12): 232-206-164
(38,13): 233-206-165
(38,14): 233-205-165
(38,15): 234-205-166
(38,16): 235-206-167
(38,17): 234-206-165
(38,18): 234-206-165
(38,19): 234-206-164
(38,20): 233-206-165
(38,21): 235-208-168
(38,22): 237-209-171
(38,23): 235-207-168
(38,24): 233-205-167
(38,25): 232-206-167
(38,26): 232-205-165
(38,27): 232-206-165
(38,28): 232-206-164
(38,29): 233-206-164
(38,30): 235-206-166
(38,31): 233-205-165
(38,32): 232-206-167
(38,33): 237-206-165
(38,34): 228-207-177
(38,35): 143-114-68
(38,36): 64-0-0
(38,37): 165-138-113
(38,38): 216-180-156
(38,39): 224-177-124
(38,40): 198-146-75
(38,41): 220-183-135
(38,42): 220-182-137
(38,43): 246-211-175
(38,44): 235-204-170
(38,45): 239-206-175
(38,46): 231-209-175
(38,47): 233-206-179
(38,48): 233-215-191
(38,49): 224-204-188
(38,50): 235-229-219
(38,51): 250-247-244
(38,52): 253-253-253
(38,53): 253-253-253
(38,54): 253-253-253
(38,55): 253-253-253
(38,56): 253-253-253
(38,57): 253-253-253
(38,58): 253-253-253
(38,59): 253-253-253
(38,60): 253-253-253
(38,61): 253-253-253
(38,62): 253-253-253
(38,63): 231-243-243
(38,64): 147-151-156
(38,65): 0-34-46
(38,66): 21-0-0
(38,67): 50-28-0
(38,68): 0-0-0
(38,69): 77-0-0
(38,70): 43-0-0
(38,71): 0-0-0
(38,72): 146-144-130
(38,73): 232-243-243
(38,74): 253-253-253
(38,75): 253-252-252
(38,76): 253-253-253
(38,77): 253-253-253
(38,78): 253-253-253
(38,79): 253-253-253
(38,80): 253-253-253
(38,81): 253-253-250
(38,82): 252-244-229
(38,83): 232-214-186
(38,84): 231-206-177
(38,85): 228-206-174
(38,86): 231-215-180
(38,87): 232-206-179
(38,88): 234-211-180
(38,89): 241-207-176
(38,90): 231-208-177
(38,91): 223-197-158
(38,92): 176-154-131
(38,93): 109-86-68
(38,94): 64-0-0
(38,95): 50-39-0
(38,96): 43-0-0
(38,97): 0-28-0
(38,98): 59-0-0
(38,99): 200-178-141
(38,100): 233-214-201
(38,101): 245-227-206
(38,102): 179-181-177
(38,103): 66-77-126
(38,104): 59-0-53
(38,105): 0-43-34
(38,106): 133-149-162
(38,107): 220-232-240
(38,108): 252-253-253
(38,109): 253-253-253
(38,110): 253-253-253
(38,111): 253-253-253
(38,112): 253-253-253
(38,113): 253-253-253
(38,114): 253-253-253
(38,115): 230-237-248
(38,116): 122-110-128
(38,117): 68-68-0
(38,118): 209-199-193
(38,119): 253-252-253
(38,120): 253-253-253
(38,121): 253-253-253
(38,122): 253-253-253
(38,123): 253-253-253
(38,124): 253-253-253
(38,125): 253-253-253
(38,126): 253-253-253
(38,127): 240-253-253
(39,0): 253-253-240
(39,1): 253-253-253
(39,2): 253-253-253
(39,3): 253-253-253
(39,4): 243-244-235
(39,5): 151-156-158
(39,6): 0-34-0
(39,7): 157-132-116
(39,8): 229-204-171
(39,9): 231-210-166
(39,10): 232-207-167
(39,11): 233-206-166
(39,12): 232-206-165
(39,13): 232-205-165
(39,14): 232-204-164
(39,15): 234-205-166
(39,16): 234-206-165
(39,17): 234-205-165
(39,18): 233-205-164
(39,19): 233-204-164
(39,20): 233-206-165
(39,21): 235-207-168
(39,22): 236-209-170
(39,23): 235-207-169
(39,24): 233-206-166
(39,25): 232-205-167
(39,26): 232-206-165
(39,27): 232-206-165
(39,28): 233-208-165
(39,29): 233-206-164
(39,30): 235-206-164
(39,31): 233-206-165
(39,32): 234-207-165
(39,33): 234-209-163
(39,34): 235-207-172
(39,35): 162-143-111
(39,36): 0-34-0
(39,37): 157-129-97
(39,38): 238-201-168
(39,39): 230-207-168
(39,40): 230-201-165
(39,41): 231-206-166
(39,42): 238-205-163
(39,43): 238-211-167
(39,44): 240-203-158
(39,45): 238-208-165
(39,46): 236-204-162
(39,47): 235-207-166
(39,48): 236-205-162
(39,49): 219-196-165
(39,50): 231-216-195
(39,51): 253-251-239
(39,52): 253-253-252
(39,53): 253-253-251
(39,54): 253-253-252
(39,55): 253-253-253
(39,56): 253-253-253
(39,57): 253-253-253
(39,58): 253-253-253
(39,59): 253-253-253
(39,60): 253-253-253
(39,61): 253-253-253
(39,62): 251-253-253
(39,63): 240-234-237
(39,64): 136-138-140
(39,65): 78-0-75
(39,66): 70-50-0
(39,67): 121-77-56
(39,68): 77-46-0
(39,69): 108-66-34
(39,70): 121-86-0
(39,71): 168-163-155
(39,72): 217-234-226
(39,73): 250-253-253
(39,74): 253-253-253
(39,75): 253-253-253
(39,76): 253-253-253
(39,77): 253-253-253
(39,78): 253-253-252
(39,79): 253-253-253
(39,80): 253-253-251
(39,81): 253-253-251
(39,82): 253-243-224
(39,83): 234-216-185
(39,84): 235-204-168
(39,85): 220-206-173
(39,86): 213-205-181
(39,87): 183-168-149
(39,88): 165-153-135
(39,89): 147-124-116
(39,90): 136-115-82
(39,91): 134-101-56
(39,92): 70-39-0
(39,93): 116-75-39
(39,94): 133-99-64
(39,95): 171-130-105
(39,96): 137-106-64
(39,97): 141-102-53
(39,98): 84-34-0
(39,99): 171-110-46
(39,100): 149-46-0
(39,101): 163-109-34
(39,102): 94-34-0
(39,103): 114-84-61
(39,104): 121-121-84
(39,105): 0-0-56
(39,106): 0-104-132
(39,107): 213-224-235
(39,108): 251-253-253
(39,109): 253-253-253
(39,110): 253-253-253
(39,111): 253-253-253
(39,112): 253-253-253
(39,113): 253-253-253
(39,114): 253-253-253
(39,115): 213-211-216
(39,116): 56-78-64
(39,117): 84-66-95
(39,118): 231-221-214
(39,119): 253-253-253
(39,120): 253-253-253
(39,121): 253-253-253
(39,122): 253-253-253
(39,123): 253-253-253
(39,124): 253-253-253
(39,125): 253-253-253
(39,126): 248-253-253
(39,127): 215-240-253
(40,0): 253-240-216
(40,1): 253-253-247
(40,2): 253-253-253
(40,3): 253-253-253
(40,4): 253-253-253
(40,5): 218-231-230
(40,6): 116-104-53
(40,7): 98-87-0
(40,8): 206-182-154
(40,9): 233-208-169
(40,10): 231-209-171
(40,11): 232-205-165
(40,12): 233-205-166
(40,13): 233-206-165
(40,14): 233-205-165
(40,15): 234-206-167
(40,16): 234-205-165
(40,17): 233-205-165
(40,18): 233-205-164
(40,19): 233-206-163
(40,20): 234-206-165
(40,21): 234-206-166
(40,22): 235-207-168
(40,23): 235-207-169
(40,24): 233-206-167
(40,25): 233-206-168
(40,26): 233-207-166
(40,27): 232-207-165
(40,28): 232-206-163
(40,29): 233-206-163
(40,30): 234-206-165
(40,31): 232-204-163
(40,32): 233-206-165
(40,33): 233-204-159
(40,34): 230-211-178
(40,35): 187-180-155
(40,36): 80-0-0
(40,37): 117-91-43
(40,38): 211-187-169
(40,39): 232-202-180
(40,40): 232-210-181
(40,41): 233-205-168
(40,42): 235-207-170
(40,43): 234-203-163
(40,44): 235-204-165
(40,45): 236-205-165
(40,46): 234-203-165
(40,47): 234-205-166
(40,48): 233-204-165
(40,49): 224-203-165
(40,50): 229-212-192
(40,51): 249-243-236
(40,52): 253-253-248
(40,53): 253-253-250
(40,54): 253-253-252
(40,55): 253-253-253
(40,56): 253-253-253
(40,57): 253-253-253
(40,58): 253-253-253
(40,59): 253-253-253
(40,60): 253-253-253
(40,61): 253-253-253
(40,62): 253-253-252
(40,63): 253-253-253
(40,64): 248-238-236
(40,65): 253-239-227
(40,66): 236-225-208
(40,67): 248-233-224
(40,68): 231-221-203
(40,69): 246-233-224
(40,70): 239-232-221
(40,71): 253-252-246
(40,72): 253-253-253
(40,73): 253-253-253
(40,74): 253-253-253
(40,75): 250-253-253
(40,76): 253-253-253
(40,77): 252-253-253
(40,78): 253-253-253
(40,79): 253-253-253
(40,80): 253-253-249
(40,81): 253-252-247
(40,82): 242-226-207
(40,83): 234-204-172
(40,84): 211-177-146
(40,85): 191-167-116
(40,86): 135-91-0
(40,87): 28-34-0
(40,88): 43-0-0
(40,89): 0-28-61
(40,90): 34-0-0
(40,91): 0-34-0
(40,92): 86-28-0
(40,93): 201-187-167
(40,94): 232-223-207
(40,95): 237-203-185
(40,96): 226-208-180
(40,97): 231-203-170
(40,98): 205-177-145
(40,99): 197-160-122
(40,100): 185-132-77
(40,101): 196-164-126
(40,102): 196-182-150
(40,103): 221-206-183
(40,104): 177-158-141
(40,105): 91-68-0
(40,106): 127-113-101
(40,107): 232-241-250
(40,108): 253-253-253
(40,109): 253-253-253
(40,110): 253-253-253
(40,111): 253-253-253
(40,112): 253-253-253
(40,113): 253-253-253
(40,114): 249-250-250
(40,115): 169-170-169
(40,116): 59-0-0
(40,117): 147-147-143
(40,118): 241-238-236
(40,119): 253-253-253
(40,120): 253-253-253
(40,121): 253-253-253
(40,122): 253-253-253
(40,123): 253-253-253
(40,124): 253-253-253
(40,125): 253-253-253
(40,126): 253-253-253
(40,127): 240-253-253
(41,0): 253-253-240
(41,1): 253-253-253
(41,2): 253-253-253
(41,3): 253-253-253
(41,4): 253-253-253
(41,5): 253-253-252
(41,6): 196-198-184
(41,7): 106-82-56
(41,8): 179-160-106
(41,9): 218-204-168
(41,10): 230-207-174
(41,11): 232-205-165
(41,12): 232-204-164
(41,13): 233-204-165
(41,14): 234-205-166
(41,15): 234-205-167
(41,16): 234-206-167
(41,17): 234-206-167
(41,18): 233-206-165
(41,19): 232-205-164
(41,20): 233-206-164
(41,21): 232-204-165
(41,22): 233-205-165
(41,23): 233-205-167
(41,24): 232-205-166
(41,25): 233-206-168
(41,26): 233-208-168
(41,27): 232-207-165
(41,28): 232-207-165
(41,29): 233-206-164
(41,30): 234-206-164
(41,31): 233-204-164
(41,32): 233-206-165
(41,33): 233-206-165
(41,34): 230-204-178
(41,35): 210-192-165
(41,36): 123-109-68
(41,37): 109-46-0
(41,38): 172-150-126
(41,39): 226-202-178
(41,40): 231-203-179
(41,41): 229-201-162
(41,42): 233-204-163
(41,43): 235-205-165
(41,44): 234-203-163
(41,45): 234-201-162
(41,46): 233-200-160
(41,47): 235-203-165
(41,48): 234-204-165
(41,49): 225-198-166
(41,50): 227-207-184
(41,51): 250-237-223
(41,52): 253-253-247
(41,53): 253-253-251
(41,54): 253-253-253
(41,55): 253-253-253
(41,56): 253-253-253
(41,57): 253-253-253
(41,58): 253-253-253
(41,59): 253-253-253
(41,60): 253-253-253
(41,61): 253-253-253
(41,62): 253-253-253
(41,63): 253-253-253
(41,64): 253-253-251
(41,65): 253-253-253
(41,66): 253-253-250
(41,67): 253-253-253
(41,68): 253-253-247
(41,69): 253-253-253
(41,70): 253-253-247
(41,71): 253-253-253
(41,72): 253-253-253
(41,73): 243-251-253
(41,74): 240-251-253
(41,75): 223-239-248
(41,76): 235-247-253
(41,77): 212-227-243
(41,78): 209-229-244
(41,79): 177-193-207
(41,80): 171-188-196
(41,81): 153-148-165
(41,82): 115-109-101
(41,83): 130-66-75
(41,84): 115-68-0
(41,85): 141-92-53
(41,86): 118-80-0
(41,87): 147-126-118
(41,88): 165-173-177
(41,89): 218-203-209
(41,90): 171-173-171
(41,91): 0-61-56
(41,92): 0-61-0
(41,93): 161-158-151
(41,94): 219-211-193
(41,95): 216-208-174
(41,96): 232-208-171
(41,97): 231-216-170
(41,98): 241-206-163
(41,99): 227-207-167
(41,100): 234-202-171
(41,101): 222-211-179
(41,102): 214-207-189
(41,103): 182-172-158
(41,104): 105-92-21
(41,105): 43-56-46
(41,106): 184-183-170
(41,107): 253-251-251
(41,108): 253-253-253
(41,109): 253-253-253
(41,110): 253-253-253
(41,111): 253-253-253
(41,112): 253-253-253
(41,113): 253-253-253
(41,114): 222-220-209
(41,115): 61-70-98
(41,116): 39-73-53
(41,117): 200-200-203
(41,118): 253-252-253
(41,119): 253-253-253
(41,120): 253-253-253
(41,121): 253-253-253
(41,122): 253-253-253
(41,123): 253-253-253
(41,124): 253-253-253
(41,125): 253-253-253
(41,126): 248-253-253
(41,127): 215-240-253
(42,0): 253-239-214
(42,1): 253-253-248
(42,2): 253-253-253
(42,3): 253-253-253
(42,4): 253-253-253
(42,5): 253-253-253
(42,6): 233-227-222
(42,7): 131-113-64
(42,8): 134-98-0
(42,9): 208-199-171
(42,10): 232-215-181
(42,11): 234-207-167
(42,12): 233-206-165
(42,13): 233-204-164
(42,14): 235-206-168
(42,15): 234-204-167
(42,16): 235-205-168
(42,17): 234-206-167
(42,18): 233-204-165
(42,19): 233-206-165
(42,20): 233-205-165
(42,21): 233-206-166
(42,22): 233-204-165
(42,23): 232-204-165
(42,24): 232-204-166
(42,25): 232-205-166
(42,26): 233-206-166
(42,27): 233-207-165
(42,28): 233-206-164
(42,29): 233-206-162
(42,30): 234-204-163
(42,31): 231-203-162
(42,32): 232-205-160
(42,33): 234-207-161
(42,34): 233-211-177
(42,35): 226-204-174
(42,36): 179-153-118
(42,37): 84-50-0
(42,38): 111-61-0
(42,39): 195-183-167
(42,40): 232-215-187
(42,41): 234-205-162
(42,42): 232-203-160
(42,43): 234-207-165
(42,44): 235-205-164
(42,45): 235-203-163
(42,46): 237-204-166
(42,47): 237-204-163
(42,48): 236-204-165
(42,49): 230-202-161
(42,50): 231-203-172
(42,51): 236-218-192
(42,52): 250-242-225
(42,53): 253-253-249
(42,54): 253-253-252
(42,55): 253-253-253
(42,56): 253-253-253
(42,57): 253-253-253
(42,58): 253-253-253
(42,59): 253-253-253
(42,60): 253-253-253
(42,61): 251-253-253
(42,62): 253-253-253
(42,63): 251-253-253
(42,64): 253-253-253
(42,65): 251-253-253
(42,66): 253-253-253
(42,67): 253-253-253
(42,68): 253-252-245
(42,69): 253-251-241
(42,70): 241-231-215
(42,71): 247-231-213
(42,72): 214-197-191
(42,73): 174-170-159
(42,74): 128-115-115
(42,75): 82-114-104
(42,76): 115-113-145
(42,77): 0-77-102
(42,78): 50-84-131
(42,79): 0-39-68
(42,80): 34-70-126
(42,81): 0-68-95
(42,82): 91-80-120
(42,83): 108-122-129
(42,84): 181-165-163
(42,85): 227-214-198
(42,86): 241-228-218
(42,87): 253-250-238
(42,88): 253-252-244
(42,89): 253-253-253
(42,90): 247-249-249
(42,91): 199-203-193
(42,92): 115-118-115
(42,93): 0-66-86
(42,94): 118-95-53
(42,95): 154-147-97
(42,96): 182-147-99
(42,97): 224-192-138
(42,98): 229-201-168
(42,99): 246-211-176
(42,100): 226-199-170
(42,101): 211-186-145
(42,102): 154-120-91
(42,103): 43-56-43
(42,104): 99-86-0
(42,105): 198-205-189
(42,106): 250-250-253
(42,107): 253-253-253
(42,108): 253-253-253
(42,109): 253-253-253
(42,110): 253-253-253
(42,111): 253-253-253
(42,112): 253-253-253
(42,113): 239-249-253
(42,114): 158-153-148
(42,115): 0-0-0
(42,116): 142-134-129
(42,117): 233-244-246
(42,118): 253-253-253
(42,119): 253-253-253
(42,120): 253-253-253
(42,121): 253-253-253
(42,122): 253-253-253
(42,123): 253-253-253
(42,124): 253-253-253
(42,125): 253-253-253
(42,126): 253-253-253
(42,127): 240-253-253
(43,0): 253-253-240
(43,1): 253-253-253
(43,2): 253-253-253
(43,3): 253-253-253
(43,4): 253-253-253
(43,5): 253-253-253
(43,6): 253-246-236
(43,7): 164-150-147
(43,8): 75-87-0
(43,9): 179-168-147
(43,10): 230-205-176
(43,11): 234-207-167
(43,12): 234-207-167
(43,13): 232-205-165
(43,14): 234-207-169
(43,15): 235-205-169
(43,16): 233-203-167
(43,17): 233-204-167
(43,18): 232-204-166
(43,19): 233-204-167
(43,20): 232-204-167
(43,21): 233-204-167
(43,22): 232-204-166
(43,23): 232-204-167
(43,24): 232-205-167
(43,25): 233-206-168
(43,26): 233-207-167
(43,27): 233-207-165
(43,28): 233-207-165
(43,29): 233-206-163
(43,30): 234-204-162
(43,31): 233-204-162
(43,32): 232-206-160
(43,33): 229-203-156
(43,34): 231-203-160
(43,35): 232-209-165
(43,36): 222-193-151
(43,37): 128-98-56
(43,38): 50-46-0
(43,39): 173-150-129
(43,40): 235-209-179
(43,41): 233-210-167
(43,42): 235-205-162
(43,43): 230-203-161
(43,44): 233-206-164
(43,45): 235-205-165
(43,46): 237-203-161
(43,47): 238-207-163
(43,48): 238-205-158
(43,49): 232-202-158
(43,50): 233-203-153
(43,51): 216-196-162
(43,52): 241-223-198
(43,53): 253-247-232
(43,54): 253-253-247
(43,55): 253-253-253
(43,56): 253-253-252
(43,57): 253-253-253
(43,58): 253-253-253
(43,59): 253-253-253
(43,60): 253-253-253
(43,61): 244-252-253
(43,62): 251-253-253
(43,63): 230-244-253
(43,64): 234-250-253
(43,65): 216-233-250
(43,66): 209-234-250
(43,67): 174-184-201
(43,68): 149-158-154
(43,69): 127-110-117
(43,70): 102-91-0
(43,71): 125-78-61
(43,72): 82-39-0
(43,73): 116-53-46
(43,74): 64-64-0
(43,75): 116-89-87
(43,76): 142-141-121
(43,77): 159-154-165
(43,78): 168-187-190
(43,79): 168-183-198
(43,80): 197-216-228
(43,81): 200-218-232
(43,82): 230-244-253
(43,83): 234-242-252
(43,84): 252-253-253
(43,85): 253-253-253
(43,86): 253-253-253
(43,87): 253-253-253
(43,88): 253-253-251
(43,89): 253-253-253
(43,90): 253-253-253
(43,91): 253-253-252
(43,92): 219-231-233
(43,93): 189-184-189
(43,94): 158-150-134
(43,95): 163-131-110
(43,96): 125-70-0
(43,97): 150-105-28
(43,98): 111-92-0
(43,99): 170-118-84
(43,100): 133-91-0
(43,101): 139-89-28
(43,102): 111-64-0
(43,103): 153-146-143
(43,104): 204-220-214
(43,105): 253-253-250
(43,106): 253-253-253
(43,107): 253-253-253
(43,108): 253-253-253
(43,109): 253-253-253
(43,110): 253-253-253
(43,111): 253-253-253
(43,112): 253-252-253
(43,113): 210-205-213
(43,114): 43-77-87
(43,115): 0-21-91
(43,116): 205-204-196
(43,117): 253-253-252
(43,118): 252-253-253
(43,119): 253-253-253
(43,120): 253-253-253
(43,121): 253-253-253
(43,122): 253-253-253
(43,123): 253-253-253
(43,124): 253-253-253
(43,125): 253-253-253
(43,126): 248-253-253
(43,127): 215-240-253
(44,0): 253-240-216
(44,1): 253-253-248
(44,2): 253-253-253
(44,3): 253-253-253
(44,4): 253-253-253
(44,5): 253-253-250
(44,6): 253-253-248
(44,7): 183-186-189
(44,8): 94-64-68
(44,9): 175-168-149
(44,10): 231-209-179
(44,11): 234-204-164
(44,12): 233-205-168
(44,13): 233-207-168
(44,14): 232-205-167
(44,15): 232-204-166
(44,16): 234-203-167
(44,17): 234-204-165
(44,18): 233-204-165
(44,19): 233-204-164
(44,20): 233-204-165
(44,21): 233-204-165
(44,22): 234-205-168
(44,23): 234-206-168
(44,24): 233-205-168
(44,25): 232-205-166
(44,26): 233-206-165
(44,27): 233-206-164
(44,28): 233-206-163
(44,29): 234-206-162
(44,30): 234-205-163
(44,31): 232-204-162
(44,32): 233-206-160
(44,33): 235-209-162
(44,34): 233-204-159
(44,35): 239-204-161
(44,36): 236-214-189
(44,37): 177-153-127
(44,38): 70-0-0
(44,39): 123-89-61
(44,40): 212-190-171
(44,41): 235-206-182
(44,42): 237-221-199
(44,43): 229-204-179
(44,44): 231-215-185
(44,45): 230-206-181
(44,46): 234-215-183
(44,47): 234-207-172
(44,48): 234-211-177
(44,49): 234-205-177
(44,50): 236-217-189
(44,51): 229-203-178
(44,52): 229-211-190
(44,53): 232-210-197
(44,54): 242-229-213
(44,55): 253-249-235
(44,56): 250-236-220
(44,57): 253-241-222
(44,58): 234-213-196
(44,59): 231-219-196
(44,60): 195-179-163
(44,61): 188-187-175
(44,62): 183-174-183
(44,63): 144-162-161
(44,64): 132-147-174
(44,65): 0-113-146
(44,66): 80-122-162
(44,67): 0-70-111
(44,68): 78-86-132
(44,69): 59-102-98
(44,70): 144-131-143
(44,71): 168-168-155
(44,72): 190-174-165
(44,73): 224-212-198
(44,74): 232-219-206
(44,75): 253-243-227
(44,76): 253-245-231
(44,77): 253-253-249
(44,78): 253-253-245
(44,79): 253-253-253
(44,80): 253-253-253
(44,81): 253-253-253
(44,82): 253-253-253
(44,83): 249-253-253
(44,84): 253-253-253
(44,85): 251-253-253
(44,86): 253-253-253
(44,87): 253-253-253
(44,88): 253-253-253
(44,89): 253-253-253
(44,90): 253-253-253
(44,91): 253-253-253
(44,92): 253-253-253
(44,93): 253-253-252
(44,94): 253-246-236
(44,95): 253-245-229
(44,96): 234-220-206
(44,97): 215-215-194
(44,98): 160-154-121
(44,99): 158-167-164
(44,100): 189-174-161
(44,101): 217-209-189
(44,102): 227-216-204
(44,103): 253-250-239
(44,104): 253-253-253
(44,105): 253-253-253
(44,106): 253-253-253
(44,107): 253-253-253
(44,108): 253-253-253
(44,109): 253-253-253
(44,110): 252-253-253
(44,111): 253-253-253
(44,112): 224-215-225
(44,113): 134-122-123
(44,114): 75-0-0
(44,115): 179-182-186
(44,116): 246-248-253
(44,117): 253-253-253
(44,118): 253-253-253
(44,119): 253-253-253
(44,120): 253-253-253
(44,121): 253-253-253
(44,122): 253-253-253
(44,123): 253-253-253
(44,124): 253-253-253
(44,125): 253-253-253
(44,126): 253-253-253
(44,127): 240-253-253
(45,0): 253-253-240
(45,1): 253-253-253
(45,2): 253-253-253
(45,3): 253-253-253
(45,4): 253-253-253
(45,5): 253-253-253
(45,6): 253-253-253
(45,7): 210-210-220
(45,8): 43-94-104
(45,9): 171-152-144
(45,10): 242-211-185
(45,11): 238-211-174
(45,12): 232-204-169
(45,13): 234-207-172
(45,14): 232-207-171
(45,15): 234-207-170
(45,16): 235-206-167
(45,17): 235-206-168
(45,18): 234-206-165
(45,19): 233-205-165
(45,20): 234-206-165
(45,21): 235-207-168
(45,22): 236-208-170
(45,23): 238-210-173
(45,24): 234-207-169
(45,25): 233-206-167
(45,26): 233-206-165
(45,27): 233-206-164
(45,28): 233-206-163
(45,29): 233-205-162
(45,30): 233-204-160
(45,31): 233-204-162
(45,32): 233-205-162
(45,33): 233-206-162
(45,34): 232-204-160
(45,35): 232-203-162
(45,36): 236-206-182
(45,37): 206-186-164
(45,38): 97-91-50
(45,39): 80-21-34
(45,40): 172-148-135
(45,41): 200-185-169
(45,42): 214-201-193
(45,43): 204-196-177
(45,44): 216-207-192
(45,45): 196-189-167
(45,46): 204-191-166
(45,47): 171-162-133
(45,48): 193-176-150
(45,49): 184-174-157
(45,50): 199-195-186
(45,51): 179-171-168
(45,52): 165-177-168
(45,53): 126-121-127
(45,54): 145-147-124
(45,55): 163-138-134
(45,56): 136-122-68
(45,57): 168-124-101
(45,58): 125-68-0
(45,59): 159-113-70
(45,60): 124-101-0
(45,61): 171-139-123
(45,62): 156-144-110
(45,63): 172-162-163
(45,64): 175-187-185
(45,65): 178-189-206
(45,66): 198-221-235
(45,67): 196-214-232
(45,68): 221-238-253
(45,69): 218-233-244
(45,70): 245-253-253
(45,71): 243-252-253
(45,72): 253-253-253
(45,73): 253-253-253
(45,74): 253-253-253
(45,75): 253-253-253
(45,76): 253-253-251
(45,77): 253-253-253
(45,78): 253-253-251
(45,79): 253-253-253
(45,80): 253-253-252
(45,81): 253-253-253
(45,82): 253-253-253
(45,83): 253-253-253
(45,84): 253-253-253
(45,85): 253-253-253
(45,86): 253-253-253
(45,87): 253-253-253
(45,88): 253-253-253
(45,89): 253-253-253
(45,90): 253-253-253
(45,91): 253-253-253
(45,92): 253-253-253
(45,93): 253-253-253
(45,94): 253-253-250
(45,95): 253-253-253
(45,96): 253-253-251
(45,97): 252-253-253
(45,98): 242-253-253
(45,99): 239-249-252
(45,100): 253-253-253
(45,101): 253-253-253
(45,102): 253-253-253
(45,103): 253-253-253
(45,104): 253-253-253
(45,105): 253-253-253
(45,106): 253-253-253
(45,107): 253-253-253
(45,108): 253-253-253
(45,109): 253-253-253
(45,110): 253-253-253
(45,111): 220-207-211
(45,112): 116-105-102
(45,113): 0-0-43
(45,114): 160-152-153
(45,115): 253-241-244
(45,116): 253-253-253
(45,117): 253-253-253
(45,118): 253-253-253
(45,119): 253-253-253
(45,120): 253-253-253
(45,121): 253-253-253
(45,122): 253-253-253
(45,123): 253-253-253
(45,124): 253-253-253
(45,125): 253-253-253
(45,126): 248-253-253
(45,127): 215-240-253
(46,0): 253-240-215
(46,1): 253-253-248
(46,2): 253-253-253
(46,3): 253-253-253
(46,4): 253-253-253
(46,5): 253-253-252
(46,6): 253-253-253
(46,7): 219-230-243
(46,8): 130-116-110
(46,9): 169-158-129
(46,10): 240-221-203
(46,11): 248-215-188
(46,12): 238-213-181
(46,13): 236-211-177
(46,14): 235-210-172
(46,15): 239-214-177
(46,16): 240-213-177
(46,17): 239-212-176
(46,18): 237-210-172
(46,19): 237-211-174
(46,20): 237-211-172
(46,21): 239-213-175
(46,22): 239-212-174
(46,23): 238-211-174
(46,24): 235-207-168
(46,25): 233-206-166
(46,26): 233-206-163
(46,27): 233-207-163
(46,28): 233-206-162
(46,29): 234-206-161
(46,30): 234-204-162
(46,31): 233-204-162
(46,32): 234-204-163
(46,33): 234-206-164
(46,34): 234-205-164
(46,35): 233-204-162
(46,36): 231-213-179
(46,37): 214-199-178
(46,38): 133-97-61
(46,39): 61-28-0
(46,40): 82-0-0
(46,41): 82-82-73
(46,42): 115-94-77
(46,43): 106-95-0
(46,44): 116-78-46
(46,45): 87-77-0
(46,46): 97-0-0
(46,47): 68-59-0
(46,48): 98-0-0
(46,49): 64-80-0
(46,50): 95-82-98
(46,51): 0-61-73
(46,52): 68-94-113
(46,53): 0-97-97
(46,54): 128-129-146
(46,55): 129-142-140
(46,56): 174-162-160
(46,57): 209-200-181
(46,58): 220-198-184
(46,59): 250-232-209
(46,60): 243-226-206
(46,61): 253-250-232
(46,62): 251-239-221
(46,63): 253-253-243
(46,64): 253-252-243
(46,65): 253-253-253
(46,66): 253-253-253
(46,67): 253-253-253
(46,68): 253-253-253
(46,69): 251-253-253
(46,70): 253-253-253
(46,71): 251-253-253
(46,72): 253-253-253
(46,73): 252-253-253
(46,74): 253-253-253
(46,75): 253-253-253
(46,76): 253-253-253
(46,77): 253-253-253
(46,78): 253-253-253
(46,79): 253-253-253
(46,80): 253-253-253
(46,81): 253-253-253
(46,82): 253-253-253
(46,83): 253-253-253
(46,84): 253-253-253
(46,85): 253-253-253
(46,86): 253-253-253
(46,87): 253-253-253
(46,88): 253-253-253
(46,89): 253-253-253
(46,90): 253-253-253
(46,91): 253-253-253
(46,92): 253-253-253
(46,93): 253-253-253
(46,94): 253-253-253
(46,95): 253-253-253
(46,96): 253-253-253
(46,97): 253-253-253
(46,98): 253-253-253
(46,99): 249-253-253
(46,100): 253-253-253
(46,101): 251-253-253
(46,102): 253-253-253
(46,103): 253-253-253
(46,104): 253-253-253
(46,105): 253-253-253
(46,106): 253-253-253
(46,107): 253-253-253
(46,108): 253-253-253
(46,109): 253-253-249
(46,110): 216-207-210
(46,111): 114-105-94
(46,112): 66-0-0
(46,113): 172-169-171
(46,114): 243-238-253
(46,115): 253-253-253
(46,116): 253-253-253
(46,117): 253-253-253
(46,118): 253-253-253
(46,119): 253-253-253
(46,120): 253-253-253
(46,121): 253-253-253
(46,122): 253-253-253
(46,123): 253-253-253
(46,124): 253-253-253
(46,125): 253-253-253
(46,126): 253-253-253
(46,127): 240-253-253
(47,0): 253-253-240
(47,1): 253-253-253
(47,2): 253-253-253
(47,3): 253-253-253
(47,4): 253-253-253
(47,5): 253-253-253
(47,6): 251-253-253
(47,7): 245-243-246
(47,8): 178-172-163
(47,9): 122-110-105
(47,10): 206-192-158
(47,11): 239-220-190
(47,12): 240-214-189
(47,13): 235-211-178
(47,14): 236-214-177
(47,15): 238-215-177
(47,16): 240-213-176
(47,17): 240-213-177
(47,18): 238-211-175
(47,19): 238-213-174
(47,20): 236-211-174
(47,21): 238-211-173
(47,22): 235-207-168
(47,23): 234-206-167
(47,24): 233-205-164
(47,25): 233-205-164
(47,26): 232-205-162
(47,27): 232-205-162
(47,28): 232-206-162
(47,29): 233-205-161
(47,30): 233-204-161
(47,31): 233-204-162
(47,32): 234-204-163
(47,33): 235-206-165
(47,34): 234-205-164
(47,35): 233-205-163
(47,36): 229-205-172
(47,37): 218-191-158
(47,38): 158-114-61
(47,39): 116-75-39
(47,40): 0-28-0
(47,41): 92-0-0
(47,42): 78-59-0
(47,43): 101-77-43
(47,44): 70-56-0
(47,45): 133-92-75
(47,46): 122-102-43
(47,47): 157-124-108
(47,48): 146-130-101
(47,49): 165-152-148
(47,50): 174-175-175
(47,51): 189-195-204
(47,52): 211-230-241
(47,53): 216-231-239
(47,54): 238-250-253
(47,55): 231-243-251
(47,56): 250-253-253
(47,57): 248-253-253
(47,58): 253-253-253
(47,59): 253-253-253
(47,60): 253-253-251
(47,61): 253-253-253
(47,62): 253-253-251
(47,63): 253-253-253
(47,64): 253-253-252
(47,65): 253-253-253
(47,66): 253-253-253
(47,67): 253-253-253
(47,68): 253-253-253
(47,69): 253-253-253
(47,70): 253-253-253
(47,71): 253-253-253
(47,72): 253-253-253
(47,73): 253-253-253
(47,74): 253-253-253
(47,75): 253-253-253
(47,76): 253-253-253
(47,77): 253-253-253
(47,78): 253-253-253
(47,79): 253-253-253
(47,80): 253-253-253
(47,81): 253-253-253
(47,82): 253-253-253
(47,83): 253-253-253
(47,84): 253-253-253
(47,85): 253-253-253
(47,86): 253-253-253
(47,87): 253-253-253
(47,88): 253-253-253
(47,89): 253-253-253
(47,90): 253-253-253
(47,91): 253-253-253
(47,92): 253-253-253
(47,93): 253-253-253
(47,94): 253-253-253
(47,95): 253-253-253
(47,96): 253-253-253
(47,97): 253-253-253
(47,98): 253-253-253
(47,99): 253-253-253
(47,100): 253-253-253
(47,101): 253-253-253
(47,102): 253-253-253
(47,103): 253-253-253
(47,104): 253-253-251
(47,105): 253-253-253
(47,106): 253-253-253
(47,107): 252-253-253
(47,108): 217-237-245
(47,109): 167-174-189
(47,110): 115-109-95
(47,111): 0-0-53
(47,112): 173-172-170
(47,113): 253-244-247
(47,114): 253-253-253
(47,115): 253-253-253
(47,116): 253-253-253
(47,117): 253-253-253
(47,118): 253-253-253
(47,119): 253-253-253
(47,120): 253-253-253
(47,121): 253-253-253
(47,122): 253-253-253
(47,123): 253-253-253
(47,124): 253-253-253
(47,125): 253-253-253
(47,126): 248-253-253
(47,127): 215-240-253
(48,0): 253-240-215
(48,1): 253-253-248
(48,2): 253-253-253
(48,3): 253-253-253
(48,4): 253-253-253
(48,5): 253-253-253
(48,6): 253-253-253
(48,7): 253-253-253
(48,8): 235-226-236
(48,9): 148-132-129
(48,10): 127-84-0
(48,11): 196-195-169
(48,12): 236-224-200
(48,13): 237-212-179
(48,14): 236-213-177
(48,15): 238-214-177
(48,16): 237-210-174
(48,17): 235-209-171
(48,18): 234-208-168
(48,19): 233-208-167
(48,20): 232-207-165
(48,21): 233-207-166
(48,22): 233-205-165
(48,23): 233-205-164
(48,24): 234-205-165
(48,25): 232-204-162
(48,26): 232-205-162
(48,27): 232-206-162
(48,28): 232-204-159
(48,29): 233-206-160
(48,30): 234-205-162
(48,31): 234-204-162
(48,32): 234-204-164
(48,33): 233-204-164
(48,34): 233-204-163
(48,35): 233-205-165
(48,36): 234-206-164
(48,37): 239-205-169
(48,38): 228-203-185
(48,39): 201-181-158
(48,40): 114-66-0
(48,41): 75-39-0
(48,42): 157-138-133
(48,43): 221-216-210
(48,44): 219-216-192
(48,45): 247-234-224
(48,46): 246-235-220
(48,47): 253-247-236
(48,48): 252-242-227
(48,49): 253-253-245
(48,50): 253-251-242
(48,51): 253-253-253
(48,52): 253-253-253
(48,53): 251-253-253
(48,54): 253-253-253
(48,55): 250-253-253
(48,56): 253-253-253
(48,57): 251-253-253
(48,58): 253-253-253
(48,59): 253-253-253
(48,60): 253-253-253
(48,61): 253-253-253
(48,62): 253-253-253
(48,63): 253-253-253
(48,64): 253-253-253
(48,65): 253-253-253
(48,66): 253-253-253
(48,67): 253-253-253
(48,68): 253-253-253
(48,69): 253-253-253
(48,70): 253-253-253
(48,71): 253-253-253
(48,72): 253-253-253
(48,73): 253-253-253
(48,74): 253-253-253
(48,75): 253-253-253
(48,76): 253-253-253
(48,77): 253-253-253
(48,78): 253-253-253
(48,79): 253-253-253
(48,80): 253-253-253
(48,81): 253-253-253
(48,82): 253-253-253
(48,83): 253-253-253
(48,84): 253-253-253
(48,85): 253-253-253
(48,86): 253-253-253
(48,87): 253-253-253
(48,88): 253-253-253
(48,89): 253-253-253
(48,90): 253-253-253
(48,91): 253-253-253
(48,92): 253-253-253
(48,93): 253-253-253
(48,94): 253-253-253
(48,95): 253-253-253
(48,96): 253-253-253
(48,97): 253-253-253
(48,98): 253-253-253
(48,99): 252-253-253
(48,100): 253-253-253
(48,101): 252-253-253
(48,102): 253-253-253
(48,103): 253-253-253
(48,104): 253-247-244
(48,105): 253-246-228
(48,106): 225-209-204
(48,107): 177-180-166
(48,108): 99-89-89
(48,109): 0-50-104
(48,110): 126-116-122
(48,111): 195-195-181
(48,112): 248-245-253
(48,113): 253-253-253
(48,114): 253-253-253
(48,115): 253-253-253
(48,116): 253-253-253
(48,117): 253-253-253
(48,118): 253-253-253
(48,119): 253-253-253
(48,120): 253-253-253
(48,121): 253-253-253
(48,122): 253-253-253
(48,123): 253-253-253
(48,124): 253-253-253
(48,125): 253-253-253
(48,126): 253-253-253
(48,127): 240-253-253
(49,0): 253-253-240
(49,1): 253-253-253
(49,2): 253-253-253
(49,3): 253-253-253
(49,4): 253-253-253
(49,5): 253-253-253
(49,6): 253-253-253
(49,7): 253-253-253
(49,8): 253-253-253
(49,9): 216-204-211
(49,10): 101-97-105
(49,11): 146-122-114
(49,12): 228-209-174
(49,13): 237-220-183
(49,14): 236-213-180
(49,15): 235-209-172
(49,16): 233-204-165
(49,17): 232-203-164
(49,18): 232-205-162
(49,19): 230-204-162
(49,20): 231-206-162
(49,21): 231-204-162
(49,22): 232-204-162
(49,23): 233-204-164
(49,24): 233-205-162
(49,25): 232-204-162
(49,26): 233-206-163
(49,27): 233-206-163
(49,28): 232-205-161
(49,29): 233-205-161
(49,30): 234-206-162
(49,31): 234-205-162
(49,32): 234-204-162
(49,33): 235-204-165
(49,34): 234-204-165
(49,35): 234-204-165
(49,36): 234-205-163
(49,37): 229-203-161
(49,38): 237-207-177
(49,39): 228-207-178
(49,40): 167-145-121
(49,41): 64-0-0
(49,42): 129-111-113
(49,43): 233-226-223
(49,44): 253-253-253
(49,45): 253-253-253
(49,46): 253-253-251
(49,47): 253-253-253
(49,48): 253-253-250
(49,49): 253-253-253
(49,50): 253-253-251
(49,51): 253-253-253
(49,52): 253-253-253
(49,53): 253-253-253
(49,54): 253-253-253
(49,55): 253-253-253
(49,56): 253-253-253
(49,57): 253-253-253
(49,58): 253-253-253
(49,59): 253-253-253
(49,60): 253-253-253
(49,61): 253-253-253
(49,62): 253-253-253
(49,63): 253-253-253
(49,64): 253-253-253
(49,65): 253-253-253
(49,66): 253-253-253
(49,67): 253-253-253
(49,68): 253-253-253
(49,69): 253-253-253
(49,70): 253-253-253
(49,71): 253-253-253
(49,72): 253-253-253
(49,73): 253-253-253
(49,74): 253-253-253
(49,75): 253-253-253
(49,76): 253-253-253
(49,77): 253-253-253
(49,78): 253-253-253
(49,79): 253-253-253
(49,80): 253-253-253
(49,81): 253-253-253
(49,82): 253-253-253
(49,83): 253-253-253
(49,84): 253-253-253
(49,85): 253-253-253
(49,86): 253-253-253
(49,87): 253-253-253
(49,88): 253-253-253
(49,89): 253-253-253
(49,90): 253-253-253
(49,91): 253-253-253
(49,92): 253-253-253
(49,93): 253-253-253
(49,94): 253-253-253
(49,95): 253-253-253
(49,96): 253-253-252
(49,97): 253-253-253
(49,98): 253-253-253
(49,99): 253-253-253
(49,100): 253-253-253
(49,101): 253-253-253
(49,102): 242-253-253
(49,103): 207-203-213
(49,104): 142-147-144
(49,105): 132-113-114
(49,106): 114-61-0
(49,107): 110-86-84
(49,108): 140-143-135
(49,109): 198-195-210
(49,110): 227-245-253
(49,111): 253-253-253
(49,112): 253-253-253
(49,113): 253-253-253
(49,114): 253-253-253
(49,115): 253-253-253
(49,116): 253-253-253
(49,117): 253-253-253
(49,118): 253-253-253
(49,119): 253-253-253
(49,120): 253-253-253
(49,121): 253-253-253
(49,122): 253-253-253
(49,123): 253-253-253
(49,124): 253-253-253
(49,125): 253-253-253
(49,126): 248-253-253
(49,127): 215-240-253
(50,0): 253-240-215
(50,1): 253-253-248
(50,2): 253-253-253
(50,3): 253-253-253
(50,4): 253-253-253
(50,5): 253-253-253
(50,6): 253-253-253
(50,7): 253-253-253
(50,8): 253-253-253
(50,9): 245-249-250
(50,10): 182-164-158
(50,11): 117-70-0
(50,12): 186-154-131
(50,13): 230-211-183
(50,14): 234-216-181
(50,15): 233-205-163
(50,16): 233-203-163
(50,17): 232-204-162
(50,18): 232-203-160
(50,19): 232-206-161
(50,20): 232-205-162
(50,21): 233-206-162
(50,22): 233-204-162
(50,23): 232-203-162
(50,24): 233-204-162
(50,25): 232-205-161
(50,26): 233-206-162
(50,27): 233-206-164
(50,28): 234-206-163
(50,29): 235-207-162
(50,30): 234-206-160
(50,31): 234-206-162
(50,32): 235-204-162
(50,33): 235-204-162
(50,34): 235-204-165
(50,35): 232-200-162
(50,36): 232-202-161
(50,37): 230-203-159
(50,38): 231-210-174
(50,39): 233-207-178
(50,40): 204-185-166
(50,41): 99-80-53
(50,42): 66-0-0
(50,43): 175-167-174
(50,44): 252-252-253
(50,45): 253-253-252
(50,46): 253-253-253
(50,47): 253-253-253
(50,48): 253-253-253
(50,49): 253-253-253
(50,50): 253-253-253
(50,51): 253-253-253
(50,52): 253-253-253
(50,53): 253-253-253
(50,54): 253-253-253
(50,55): 253-253-253
(50,56): 253-253-253
(50,57): 253-253-253
(50,58): 253-253-253
(50,59): 253-253-253
(50,60): 253-253-253
(50,61): 253-253-253
(50,62): 253-253-253
(50,63): 253-253-253
(50,64): 253-253-253
(50,65): 253-253-253
(50,66): 253-253-253
(50,67): 253-253-253
(50,68): 253-253-253
(50,69): 253-253-253
(50,70): 253-253-253
(50,71): 253-253-253
(50,72): 253-253-253
(50,73): 253-253-253
(50,74): 253-253-253
(50,75): 253-253-253
(50,76): 253-253-253
(50,77): 253-253-253
(50,78): 253-253-253
(50,79): 253-253-253
(50,80): 253-253-253
(50,81): 253-253-253
(50,82): 253-253-253
(50,83): 253-253-253
(50,84): 253-253-253
(50,85): 253-253-253
(50,86): 253-253-253
(50,87): 253-253-253
(50,88): 253-253-253
(50,89): 253-253-253
(50,90): 253-253-253
(50,91): 253-253-253
(50,92): 253-253-253
(50,93): 253-253-253
(50,94): 247-241-228
(50,95): 250-240-222
(50,96): 240-227-213
(50,97): 242-226-206
(50,98): 213-193-169
(50,99): 225-207-190
(50,100): 218-198-191
(50,101): 212-204-178
(50,102): 158-142-142
(50,103): 28-82-101
(50,104): 104-94-92
(50,105): 165-174-165
(50,106): 204-189-182
(50,107): 247-232-211
(50,108): 253-245-244
(50,109): 253-253-253
(50,110): 252-253-253
(50,111): 252-253-253
(50,112): 253-253-253
(50,113): 253-253-253
(50,114): 253-253-253
(50,115): 253-253-253
(50,116): 253-253-253
(50,117): 253-253-253
(50,118): 253-253-253
(50,119): 253-253-253
(50,120): 253-253-253
(50,121): 253-253-253
(50,122): 253-253-253
(50,123): 253-253-253
(50,124): 253-253-253
(50,125): 253-253-253
(50,126): 253-253-253
(50,127): 240-253-253
(51,0): 253-253-240
(51,1): 253-253-253
(51,2): 253-253-253
(51,3): 253-253-253
(51,4): 253-253-253
(51,5): 253-253-253
(51,6): 253-253-253
(51,7): 253-253-253
(51,8): 253-253-253
(51,9): 253-253-253
(51,10): 234-228-214
(51,11): 125-108-111
(51,12): 117-95-21
(51,13): 204-181-157
(51,14): 231-207-177
(51,15): 231-204-161
(51,16): 232-203-158
(51,17): 233-203-162
(51,18): 231-204-161
(51,19): 232-205-162
(51,20): 232-205-162
(51,21): 232-204-162
(51,22): 232-203-161
(51,23): 233-204-163
(51,24): 233-206-163
(51,25): 232-204-162
(51,26): 233-206-164
(51,27): 234-206-164
(51,28): 233-204-161
(51,29): 233-205-161
(51,30): 233-205-160
(51,31): 233-204-160
(51,32): 234-204-159
(51,33): 234-203-161
(51,34): 235-204-163
(51,35): 236-204-165
(51,36): 233-204-163
(51,37): 231-203-161
(51,38): 232-207-165
(51,39): 224-210-166
(51,40): 228-200-165
(51,41): 143-105-95
(51,42): 0-0-0
(51,43): 137-145-154
(51,44): 253-248-240
(51,45): 253-253-253
(51,46): 253-253-253
(51,47): 253-253-253
(51,48): 253-253-253
(51,49): 253-253-253
(51,50): 253-253-253
(51,51): 253-253-253
(51,52): 253-253-253
(51,53): 253-253-253
(51,54): 253-253-253
(51,55): 253-253-253
(51,56): 253-253-253
(51,57): 253-253-253
(51,58): 253-253-253
(51,59): 253-253-253
(51,60): 253-253-253
(51,61): 253-253-253
(51,62): 253-253-253
(51,63): 253-253-253
(51,64): 253-253-253
(51,65): 253-253-253
(51,66): 253-253-253
(51,67): 253-253-253
(51,68): 253-253-253
(51,69): 253-253-253
(51,70): 253-253-253
(51,71): 253-253-253
(51,72): 253-253-253
(51,73): 253-253-253
(51,74): 253-253-253
(51,75): 253-253-253
(51,76): 253-253-253
(51,77): 253-253-253
(51,78): 253-253-253
(51,79): 253-253-253
(51,80): 253-253-253
(51,81): 253-253-253
(51,82): 253-253-253
(51,83): 253-253-253
(51,84): 253-253-253
(51,85): 253-253-253
(51,86): 253-253-253
(51,87): 253-253-253
(51,88): 253-253-253
(51,89): 253-253-253
(51,90): 253-253-253
(51,91): 253-253-253
(51,92): 251-253-253
(51,93): 253-253-251
(51,94): 220-206-190
(51,95): 162-124-91
(51,96): 114-77-0
(51,97): 127-89-34
(51,98): 98-61-0
(51,99): 158-99-64
(51,100): 113-59-0
(51,101): 141-99-73
(51,102): 120-94-28
(51,103): 168-162-171
(51,104): 214-234-235
(51,105): 248-253-252
(51,106): 253-253-253
(51,107): 253-253-253
(51,108): 253-253-250
(51,109): 253-253-253
(51,110): 253-253-253
(51,111): 253-253-253
(51,112): 253-253-253
(51,113): 253-253-253
(51,114): 253-253-253
(51,115): 253-253-253
(51,116): 253-253-253
(51,117): 253-253-253
(51,118): 253-253-253
(51,119): 253-253-253
(51,120): 253-253-253
(51,121): 253-253-253
(51,122): 253-253-253
(51,123): 253-253-253
(51,124): 253-253-253
(51,125): 253-253-253
(51,126): 248-253-253
(51,127): 215-240-253
(52,0): 253-240-215
(52,1): 253-253-248
(52,2): 253-253-253
(52,3): 253-253-253
(52,4): 253-253-253
(52,5): 253-253-253
(52,6): 253-253-253
(52,7): 253-253-253
(52,8): 253-253-253
(52,9): 253-253-253
(52,10): 250-251-251
(52,11): 184-183-182
(52,12): 104-28-0
(52,13): 165-155-125
(52,14): 227-208-177
(52,15): 238-208-163
(52,16): 234-206-164
(52,17): 233-205-164
(52,18): 233-205-163
(52,19): 233-206-162
(52,20): 232-205-161
(52,21): 233-205-162
(52,22): 233-204-163
(52,23): 232-204-163
(52,24): 232-204-162
(52,25): 231-204-160
(52,26): 232-204-162
(52,27): 232-204-162
(52,28): 234-204-162
(52,29): 234-206-161
(52,30): 233-204-159
(52,31): 234-205-160
(52,32): 234-204-160
(52,33): 234-204-160
(52,34): 235-204-162
(52,35): 234-204-162
(52,36): 234-204-163
(52,37): 231-202-159
(52,38): 232-212-177
(52,39): 235-209-183
(52,40): 204-181-168
(52,41): 97-70-43
(52,42): 73-0-0
(52,43): 191-189-194
(52,44): 253-253-251
(52,45): 253-253-252
(52,46): 253-253-253
(52,47): 253-253-253
(52,48): 253-253-253
(52,49): 253-253-253
(52,50): 253-253-253
(52,51): 253-253-253
(52,52): 253-253-253
(52,53): 253-253-253
(52,54): 253-253-253
(52,55): 253-253-253
(52,56): 253-253-253
(52,57): 253-253-253
(52,58): 253-253-253
(52,59): 253-253-253
(52,60): 253-253-253
(52,61): 253-253-253
(52,62): 253-253-253
(52,63): 253-253-253
(52,64): 253-253-253
(52,65): 253-253-253
(52,66): 253-253-253
(52,67): 253-253-253
(52,68): 253-253-253
(52,69): 253-253-253
(52,70): 253-253-253
(52,71): 253-253-253
(52,72): 253-253-253
(52,73): 253-253-253
(52,74): 253-253-253
(52,75): 253-253-253
(52,76): 253-253-253
(52,77): 253-253-253
(52,78): 253-253-253
(52,79): 253-253-253
(52,80): 253-253-253
(52,81): 253-253-253
(52,82): 253-253-253
(52,83): 253-253-253
(52,84): 253-253-253
(52,85): 253-253-253
(52,86): 253-253-253
(52,87): 253-253-253
(52,88): 253-253-253
(52,89): 253-253-253
(52,90): 253-253-253
(52,91): 253-253-253
(52,92): 253-253-253
(52,93): 253-253-253
(52,94): 225-206-198
(52,95): 114-77-0
(52,96): 99-0-0
(52,97): 194-186-179
(52,98): 211-198-185
(52,99): 236-221-203
(52,100): 225-205-182
(52,101): 252-234-213
(52,102): 245-231-219
(52,103): 253-253-246
(52,104): 253-253-253
(52,105): 253-253-253
(52,106): 253-253-253
(52,107): 253-253-253
(52,108): 253-253-253
(52,109): 253-253-253
(52,110): 253-253-253
(52,111): 253-253-253
(52,112): 253-253-253
(52,113): 253-253-253
(52,114): 253-253-253
(52,115): 253-253-253
(52,116): 253-253-253
(52,117): 253-253-253
(52,118): 253-253-253
(52,119): 253-253-253
(52,120): 253-253-253
(52,121): 253-253-253
(52,122): 253-253-253
(52,123): 253-253-253
(52,124): 253-253-253
(52,125): 253-253-253
(52,126): 253-253-253
(52,127): 240-253-253
(53,0): 253-253-240
(53,1): 253-253-253
(53,2): 253-253-253
(53,3): 253-253-253
(53,4): 253-253-253
(53,5): 253-253-253
(53,6): 253-253-253
(53,7): 253-253-253
(53,8): 253-253-253
(53,9): 253-253-253
(53,10): 253-252-253
(53,11): 234-227-230
(53,12): 117-122-122
(53,13): 118-89-75
(53,14): 213-189-143
(53,15): 226-206-162
(53,16): 233-204-164
(53,17): 234-205-164
(53,18): 232-205-162
(53,19): 232-205-162
(53,20): 232-205-161
(53,21): 232-204-162
(53,22): 233-204-162
(53,23): 234-204-164
(53,24): 234-206-164
(53,25): 232-204-162
(53,26): 233-206-163
(53,27): 233-204-162
(53,28): 233-204-160
(53,29): 233-204-160
(53,30): 233-204-159
(53,31): 234-204-160
(53,32): 234-203-158
(53,33): 234-204-160
(53,34): 235-206-162
(53,35): 232-203-161
(53,36): 234-206-162
(53,37): 230-206-164
(53,38): 235-207-183
(53,39): 215-187-170
(53,40): 129-105-92
(53,41): 0-0-46
(53,42): 158-141-151
(53,43): 247-235-240
(53,44): 253-253-253
(53,45): 253-253-253
(53,46): 253-253-253
(53,47): 253-253-253
(53,48): 253-253-253
(53,49): 253-253-253
(53,50): 253-253-253
(53,51): 253-253-253
(53,52): 253-253-253
(53,53): 253-253-253
(53,54): 253-253-253
(53,55): 253-253-253
(53,56): 253-253-253
(53,57): 253-253-253
(53,58): 253-253-253
(53,59): 253-253-253
(53,60): 253-253-253
(53,61): 253-253-253
(53,62): 253-253-253
(53,63): 253-253-253
(53,64): 253-253-253
(53,65): 253-253-253
(53,66): 253-253-253
(53,67): 253-253-253
(53,68): 253-253-253
(53,69): 253-253-253
(53,70): 253-253-253
(53,71): 253-253-253
(53,72): 253-253-253
(53,73): 253-253-253
(53,74): 253-253-253
(53,75): 253-253-253
(53,76): 253-253-253
(53,77): 253-253-253
(53,78): 253-253-253
(53,79): 253-253-253
(53,80): 253-253-253
(53,81): 253-253-253
(53,82): 253-253-253
(53,83): 253-253-253
(53,84): 253-253-253
(53,85): 253-253-253
(53,86): 253-253-253
(53,87): 253-253-253
(53,88): 253-253-253
(53,89): 253-253-253
(53,90): 253-253-253
(53,91): 253-253-253
(53,92): 253-253-253
(53,93): 253-253-253
(53,94): 230-214-205
(53,95): 89-28-68
(53,96): 95-94-108
(53,97): 235-233-237
(53,98): 253-252-253
(53,99): 253-253-253
(53,100): 253-253-253
(53,101): 253-253-252
(53,102): 253-253-249
(53,103): 253-253-253
(53,104): 253-253-252
(53,105): 253-253-253
(53,106): 253-253-253
(53,107): 253-253-253
(53,108): 253-253-253
(53,109): 253-253-253
(53,110): 253-253-253
(53,111): 253-253-253
(53,112): 253-253-253
(53,113): 253-253-253
(53,114): 253-253-253
(53,115): 253-253-253
(53,116): 253-253-253
(53,117): 253-253-253
(53,118): 253-253-253
(53,119): 253-253-253
(53,120): 253-253-253
(53,121): 253-253-253
(53,122): 253-253-253
(53,123): 253-253-253
(53,124): 253-253-253
(53,125): 253-253-253
(53,126): 248-253-253
(53,127): 215-240-253
(54,0): 253-240-215
(54,1): 253-253-248
(54,2): 253-253-253
(54,3): 253-253-253
(54,4): 253-253-253
(54,5): 253-253-253
(54,6): 253-253-253
(54,7): 253-253-253
(54,8): 253-253-253
(54,9): 253-253-253
(54,10): 253-253-253
(54,11): 246-251-253
(54,12): 187-179-171
(54,13): 110-77-0
(54,14): 171-136-106
(54,15): 221-201-176
(54,16): 235-214-181
(54,17): 234-206-164
(54,18): 232-204-161
(54,19): 232-206-161
(54,20): 232-205-161
(54,21): 233-206-162
(54,22): 233-204-162
(54,23): 233-203-162
(54,24): 234-204-162
(54,25): 233-204-160
(54,26): 232-204-160
(54,27): 232-204-161
(54,28): 233-204-160
(54,29): 234-206-160
(54,30): 233-204-160
(54,31): 234-204-160
(54,32): 235-204-161
(54,33): 234-204-159
(54,34): 234-203-159
(54,35): 232-204-163
(54,36): 233-215-179
(54,37): 234-206-179
(54,38): 215-191-183
(54,39): 151-127-105
(54,40): 61-0-0
(54,41): 140-121-142
(54,42): 235-225-245
(54,43): 253-253-253
(54,44): 253-253-253
(54,45): 253-253-253
(54,46): 253-253-253
(54,47): 253-253-253
(54,48): 253-253-253
(54,49): 253-253-253
(54,50): 253-253-253
(54,51): 253-253-253
(54,52): 253-253-253
(54,53): 253-253-253
(54,54): 253-253-253
(54,55): 253-253-253
(54,56): 253-253-253
(54,57): 253-253-253
(54,58): 253-253-253
(54,59): 253-253-253
(54,60): 253-253-253
(54,61): 253-253-253
(54,62): 253-253-253
(54,63): 253-253-253
(54,64): 253-253-253
(54,65): 253-253-253
(54,66): 253-253-253
(54,67): 253-253-253
(54,68): 253-253-253
(54,69): 253-253-253
(54,70): 253-253-253
(54,71): 253-253-253
(54,72): 253-253-253
(54,73): 253-253-253
(54,74): 253-253-253
(54,75): 253-253-253
(54,76): 253-253-253
(54,77): 253-253-253
(54,78): 253-253-253
(54,79): 253-253-253
(54,80): 253-253-253
(54,81): 253-253-253
(54,82): 253-253-253
(54,83): 253-253-253
(54,84): 253-253-253
(54,85): 253-253-253
(54,86): 253-253-253
(54,87): 253-253-253
(54,88): 253-253-253
(54,89): 253-253-253
(54,90): 253-253-253
(54,91): 253-253-253
(54,92): 253-253-253
(54,93): 253-253-253
(54,94): 218-201-189
(54,95): 77-64-0
(54,96): 97-68-77
(54,97): 211-220-228
(54,98): 253-253-253
(54,99): 253-253-253
(54,100): 253-253-253
(54,101): 253-253-253
(54,102): 253-253-253
(54,103): 253-253-253
(54,104): 253-253-253
(54,105): 253-253-253
(54,106): 253-253-253
(54,107): 253-253-253
(54,108): 253-253-253
(54,109): 253-253-253
(54,110): 253-253-253
(54,111): 253-253-253
(54,112): 253-253-253
(54,113): 253-253-253
(54,114): 253-253-253
(54,115): 253-253-253
(54,116): 253-253-253
(54,117): 253-253-253
(54,118): 253-253-253
(54,119): 253-253-253
(54,120): 253-253-253
(54,121): 253-253-253
(54,122): 253-253-253
(54,123): 253-253-253
(54,124): 253-253-253
(54,125): 253-253-253
(54,126): 253-253-253
(54,127): 240-253-253
(55,0): 253-253-240
(55,1): 253-253-253
(55,2): 253-253-253
(55,3): 253-253-253
(55,4): 253-253-253
(55,5): 253-253-253
(55,6): 253-253-253
(55,7): 253-253-253
(55,8): 253-253-253
(55,9): 253-253-253
(55,10): 253-253-253
(55,11): 253-253-252
(55,12): 237-238-222
(55,13): 128-129-124
(55,14): 106-92-50
(55,15): 204-176-162
(55,16): 233-205-183
(55,17): 230-204-163
(55,18): 232-204-160
(55,19): 231-204-160
(55,20): 232-206-162
(55,21): 233-205-162
(55,22): 233-204-161
(55,23): 233-204-162
(55,24): 234-204-161
(55,25): 233-204-161
(55,26): 232-205-161
(55,27): 232-204-160
(55,28): 233-205-159
(55,29): 232-205-160
(55,30): 232-204-160
(55,31): 233-204-161
(55,32): 234-203-159
(55,33): 233-201-158
(55,34): 241-204-158
(55,35): 233-211-165
(55,36): 226-207-180
(55,37): 196-167-153
(55,38): 121-99-78
(55,39): 0-0-64
(55,40): 153-140-150
(55,41): 244-225-232
(55,42): 253-251-253
(55,43): 253-253-253
(55,44): 253-253-253
(55,45): 253-253-253
(55,46): 253-253-252
(55,47): 253-253-253
(55,48): 253-253-253
(55,49): 253-253-253
(55,50): 253-253-253
(55,51): 253-253-253
(55,52): 253-253-253
(55,53): 253-253-253
(55,54): 253-253-253
(55,55): 253-253-253
(55,56): 253-253-253
(55,57): 253-253-253
(55,58): 253-253-253
(55,59): 253-253-253
(55,60): 253-253-253
(55,61): 253-253-253
(55,62): 253-253-253
(55,63): 253-253-253
(55,64): 253-253-253
(55,65): 253-253-253
(55,66): 253-253-253
(55,67): 253-253-253
(55,68): 253-253-253
(55,69): 253-253-253
(55,70): 253-253-253
(55,71): 253-253-253
(55,72): 253-253-253
(55,73): 253-253-253
(55,74): 253-253-253
(55,75): 253-253-253
(55,76): 253-253-253
(55,77): 253-253-253
(55,78): 253-253-253
(55,79): 253-253-253
(55,80): 253-253-253
(55,81): 253-253-253
(55,82): 253-253-253
(55,83): 253-253-253
(55,84): 253-253-253
(55,85): 253-253-253
(55,86): 253-253-253
(55,87): 253-253-253
(55,88): 253-253-253
(55,89): 253-253-253
(55,90): 253-253-253
(55,91): 253-253-253
(55,92): 252-253-253
(55,93): 253-253-253
(55,94): 226-207-199
(55,95): 50-0-50
(55,96): 0-46-0
(55,97): 167-174-164
(55,98): 253-250-240
(55,99): 253-253-253
(55,100): 253-253-253
(55,101): 253-253-253
(55,102): 253-253-253
(55,103): 253-253-253
(55,104): 253-253-253
(55,105): 253-253-253
(55,106): 253-253-253
(55,107): 253-253-253
(55,108): 253-253-253
(55,109): 253-253-253
(55,110): 253-253-253
(55,111): 253-253-253
(55,112): 253-253-253
(55,113): 253-253-253
(55,114): 253-253-253
(55,115): 253-253-253
(55,116): 253-253-253
(55,117): 253-253-253
(55,118): 253-253-253
(55,119): 253-253-253
(55,120): 253-253-253
(55,121): 253-253-253
(55,122): 253-253-253
(55,123): 253-253-253
(55,124): 253-253-253
(55,125): 253-253-253
(55,126): 248-253-253
(55,127): 215-240-253
(56,0): 253-240-215
(56,1): 253-253-248
(56,2): 253-253-253
(56,3): 253-253-253
(56,4): 253-253-253
(56,5): 253-253-253
(56,6): 253-253-253
(56,7): 253-253-253
(56,8): 253-253-253
(56,9): 253-253-253
(56,10): 253-253-253
(56,11): 253-253-253
(56,12): 250-253-253
(56,13): 194-202-199
(56,14): 94-0-0
(56,15): 141-128-111
(56,16): 223-203-181
(56,17): 236-205-165
(56,18): 233-207-168
(56,19): 233-206-160
(56,20): 232-204-159
(56,21): 232-204-162
(56,22): 233-203-161
(56,23): 234-205-162
(56,24): 234-205-162
(56,25): 233-204-160
(56,26): 233-205-160
(56,27): 233-206-160
(56,28): 233-206-161
(56,29): 232-206-164
(56,30): 232-209-168
(56,31): 231-205-168
(56,32): 234-214-181
(56,33): 235-201-178
(56,34): 238-214-191
(56,35): 228-199-158
(56,36): 177-148-129
(56,37): 75-56-0
(56,38): 70-0-0
(56,39): 162-160-164
(56,40): 237-232-248
(56,41): 253-253-253
(56,42): 253-253-253
(56,43): 253-253-253
(56,44): 253-253-250
(56,45): 253-253-244
(56,46): 253-251-246
(56,47): 253-253-253
(56,48): 253-253-251
(56,49): 253-253-253
(56,50): 253-253-253
(56,51): 253-253-253
(56,52): 253-253-253
(56,53): 253-253-253
(56,54): 253-253-253
(56,55): 253-253-253
(56,56): 253-253-253
(56,57): 253-253-253
(56,58): 253-253-253
(56,59): 253-253-253
(56,60): 253-253-253
(56,61): 253-253-253
(56,62): 253-253-253
(56,63): 253-253-253
(56,64): 253-253-253
(56,65): 253-253-253
(56,66): 253-253-253
(56,67): 253-253-253
(56,68): 253-253-253
(56,69): 253-253-253
(56,70): 253-253-253
(56,71): 253-253-253
(56,72): 253-253-253
(56,73): 253-253-253
(56,74): 253-253-253
(56,75): 253-253-253
(56,76): 253-253-253
(56,77): 253-253-253
(56,78): 253-253-253
(56,79): 253-253-253
(56,80): 253-253-253
(56,81): 253-253-253
(56,82): 253-253-253
(56,83): 253-253-253
(56,84): 253-253-253
(56,85): 253-253-253
(56,86): 253-253-253
(56,87): 253-253-253
(56,88): 253-253-253
(56,89): 253-253-253
(56,90): 253-253-253
(56,91): 253-253-253
(56,92): 253-253-253
(56,93): 253-253-253
(56,94): 247-239-245
(56,95): 165-164-170
(56,96): 43-0-0
(56,97): 135-122-84
(56,98): 221-207-195
(56,99): 253-243-224
(56,100): 253-253-253
(56,101): 253-253-253
(56,102): 253-253-253
(56,103): 253-253-253
(56,104): 253-253-253
(56,105): 253-253-253
(56,106): 253-253-253
(56,107): 253-253-253
(56,108): 253-253-253
(56,109): 253-253-253
(56,110): 253-253-253
(56,111): 253-253-253
(56,112): 253-253-253
(56,113): 253-253-253
(56,114): 253-253-253
(56,115): 253-253-253
(56,116): 253-253-253
(56,117): 253-253-253
(56,118): 253-253-253
(56,119): 253-253-253
(56,120): 253-253-253
(56,121): 253-253-253
(56,122): 253-253-253
(56,123): 253-253-253
(56,124): 253-253-253
(56,125): 253-253-253
(56,126): 253-253-253
(56,127): 240-253-253
(57,0): 253-253-240
(57,1): 253-253-253
(57,2): 253-253-253
(57,3): 253-253-253
(57,4): 253-253-253
(57,5): 253-253-253
(57,6): 253-253-253
(57,7): 253-253-253
(57,8): 253-253-253
(57,9): 253-253-253
(57,10): 253-253-253
(57,11): 253-253-253
(57,12): 253-253-253
(57,13): 242-237-239
(57,14): 128-125-131
(57,15): 80-34-73
(57,16): 204-188-150
(57,17): 230-213-169
(57,18): 236-204-162
(57,19): 234-207-160
(57,20): 237-206-160
(57,21): 236-205-163
(57,22): 237-202-157
(57,23): 234-205-161
(57,24): 238-206-158
(57,25): 236-208-161
(57,26): 238-206-155
(57,27): 236-209-158
(57,28): 240-204-153
(57,29): 232-206-160
(57,30): 235-206-165
(57,31): 213-200-163
(57,32): 211-204-184
(57,33): 189-169-162
(57,34): 159-149-137
(57,35): 122-97-70
(57,36): 78-28-0
(57,37): 117-129-117
(57,38): 200-209-207
(57,39): 253-247-248
(57,40): 253-252-253
(57,41): 253-253-253
(57,42): 253-253-253
(57,43): 253-253-250
(57,44): 247-243-227
(57,45): 223-221-203
(57,46): 237-225-210
(57,47): 252-247-240
(57,48): 253-253-252
(57,49): 253-253-252
(57,50): 253-253-253
(57,51): 253-253-253
(57,52): 253-253-253
(57,53): 253-253-253
(57,54): 253-253-253
(57,55): 253-253-253
(57,56): 253-253-253
(57,57): 253-253-253
(57,58): 253-253-253
(57,59): 253-253-253
(57,60): 253-253-253
(57,61): 253-253-253
(57,62): 253-253-253
(57,63): 253-253-253
(57,64): 253-253-253
(57,65): 253-253-253
(57,66): 253-253-253
(57,67): 253-253-253
(57,68): 253-253-253
(57,69): 253-253-253
(57,70): 253-253-253
(57,71): 253-253-253
(57,72): 253-253-253
(57,73): 253-253-253
(57,74): 253-253-253
(57,75): 253-253-253
(57,76): 253-253-253
(57,77): 253-253-253
(57,78): 253-253-253
(57,79): 253-253-253
(57,80): 253-253-253
(57,81): 253-253-253
(57,82): 253-253-252
(57,83): 253-253-253
(57,84): 253-253-252
(57,85): 253-253-253
(57,86): 253-253-251
(57,87): 253-253-253
(57,88): 253-253-249
(57,89): 253-253-253
(57,90): 253-253-250
(57,91): 253-253-253
(57,92): 253-253-253
(57,93): 253-253-253
(57,94): 253-253-253
(57,95): 253-236-243
(57,96): 149-138-148
(57,97): 0-0-21
(57,98): 95-66-0
(57,99): 134-138-115
(57,100): 217-228-211
(57,101): 253-253-253
(57,102): 253-253-253
(57,103): 253-253-253
(57,104): 253-253-253
(57,105): 253-253-253
(57,106): 253-253-253
(57,107): 253-253-253
(57,108): 253-253-253
(57,109): 253-253-253
(57,110): 253-253-253
(57,111): 253-253-253
(57,112): 253-253-253
(57,113): 253-253-253
(57,114): 253-253-253
(57,115): 253-253-253
(57,116): 253-253-253
(57,117): 253-253-253
(57,118): 253-253-253
(57,119): 253-253-253
(57,120): 253-253-253
(57,121): 253-253-253
(57,122): 253-253-253
(57,123): 253-253-253
(57,124): 253-253-253
(57,125): 253-253-253
(57,126): 248-253-253
(57,127): 215-240-253
(58,0): 253-240-215
(58,1): 253-253-248
(58,2): 253-253-253
(58,3): 253-253-253
(58,4): 253-253-253
(58,5): 253-253-253
(58,6): 253-253-253
(58,7): 253-253-253
(58,8): 253-253-253
(58,9): 253-253-253
(58,10): 253-253-253
(58,11): 253-253-253
(58,12): 253-253-253
(58,13): 253-253-253
(58,14): 204-195-206
(58,15): 111-82-77
(58,16): 148-94-0
(58,17): 216-198-150
(58,18): 228-203-169
(58,19): 240-205-165
(58,20): 234-207-174
(58,21): 238-203-177
(58,22): 237-211-185
(58,23): 240-207-181
(58,24): 233-207-175
(58,25): 239-206-173
(58,26): 230-198-155
(58,27): 243-202-156
(58,28): 227-179-133
(58,29): 230-184-128
(58,30): 203-157-115
(58,31): 180-156-92
(58,32): 129-95-66
(58,33): 0-64-70
(58,34): 64-61-0
(58,35): 0-46-0
(58,36): 91-80-59
(58,37): 220-228-211
(58,38): 253-253-253
(58,39): 253-253-253
(58,40): 253-253-253
(58,41): 253-251-250
(58,42): 253-253-253
(58,43): 247-246-253
(58,44): 210-201-198
(58,45): 193-181-152
(58,46): 210-193-181
(58,47): 237-226-220
(58,48): 253-250-244
(58,49): 253-253-251
(58,50): 252-253-250
(58,51): 252-253-253
(58,52): 253-253-253
(58,53): 253-253-253
(58,54): 253-253-253
(58,55): 253-253-253
(58,56): 253-253-253
(58,57): 253-253-253
(58,58): 253-253-253
(58,59): 253-253-253
(58,60): 253-253-253
(58,61): 253-253-253
(58,62): 253-253-253
(58,63): 253-253-253
(58,64): 253-253-253
(58,65): 253-253-253
(58,66): 253-253-253
(58,67): 253-253-253
(58,68): 253-253-253
(58,69): 253-253-253
(58,70): 253-253-253
(58,71): 253-253-253
(58,72): 253-253-253
(58,73): 251-253-253
(58,74): 253-253-253
(58,75): 251-253-253
(58,76): 253-253-253
(58,77): 252-253-253
(58,78): 253-253-253
(58,79): 253-253-253
(58,80): 253-253-253
(58,81): 253-253-253
(58,82): 253-253-253
(58,83): 253-253-253
(58,84): 253-250-242
(58,85): 253-253-250
(58,86): 253-248-233
(58,87): 253-253-245
(58,88): 253-236-218
(58,89): 253-248-232
(58,90): 251-237-225
(58,91): 253-251-241
(58,92): 253-253-251
(58,93): 253-253-253
(58,94): 253-253-253
(58,95): 253-252-253
(58,96): 242-236-253
(58,97): 177-170-174
(58,98): 64-0-0
(58,99): 0-21-0
(58,100): 136-145-117
(58,101): 227-238-225
(58,102): 253-253-253
(58,103): 253-253-253
(58,104): 253-253-253
(58,105): 253-253-253
(58,106): 253-253-253
(58,107): 253-253-253
(58,108): 253-253-253
(58,109): 253-253-253
(58,110): 253-253-253
(58,111): 253-253-253
(58,112): 253-253-253
(58,113): 253-253-253
(58,114): 253-253-253
(58,115): 253-253-253
(58,116): 253-253-253
(58,117): 253-253-253
(58,118): 253-253-253
(58,119): 253-253-253
(58,120): 253-253-253
(58,121): 253-253-253
(58,122): 253-253-253
(58,123): 253-253-253
(58,124): 253-253-253
(58,125): 253-253-253
(58,126): 253-253-253
(58,127): 240-253-253
(59,0): 253-253-240
(59,1): 253-253-253
(59,2): 253-253-253
(59,3): 253-253-253
(59,4): 253-253-253
(59,5): 253-253-253
(59,6): 253-253-253
(59,7): 253-253-253
(59,8): 253-253-253
(59,9): 253-253-253
(59,10): 253-253-252
(59,11): 253-253-253
(59,12): 253-253-253
(59,13): 253-253-253
(59,14): 246-245-242
(59,15): 215-192-193
(59,16): 142-111-86
(59,17): 138-115-91
(59,18): 149-133-73
(59,19): 165-140-121
(59,20): 165-161-142
(59,21): 169-151-151
(59,22): 172-173-168
(59,23): 169-153-156
(59,24): 156-155-147
(59,25): 159-129-125
(59,26): 144-126-89
(59,27): 167-110-78
(59,28): 138-59-0
(59,29): 171-98-34
(59,30): 129-46-0
(59,31): 162-121-94
(59,32): 151-134-118
(59,33): 206-197-191
(59,34): 209-225-218
(59,35): 102-116-116
(59,36): 21-61-0
(59,37): 205-204-194
(59,38): 253-250-249
(59,39): 253-253-253
(59,40): 253-253-253
(59,41): 253-253-252
(59,42): 253-253-253
(59,43): 234-219-227
(59,44): 111-101-108
(59,45): 28-0-0
(59,46): 143-135-98
(59,47): 208-199-188
(59,48): 242-232-227
(59,49): 253-253-245
(59,50): 253-253-253
(59,51): 253-253-253
(59,52): 253-253-253
(59,53): 253-253-253
(59,54): 253-253-253
(59,55): 253-253-253
(59,56): 253-253-253
(59,57): 253-253-253
(59,58): 253-253-253
(59,59): 253-253-253
(59,60): 253-253-253
(59,61): 253-253-253
(59,62): 253-253-253
(59,63): 253-253-253
(59,64): 253-253-253
(59,65): 253-253-253
(59,66): 253-253-253
(59,67): 253-253-253
(59,68): 253-253-253
(59,69): 253-253-253
(59,70): 253-253-251
(59,71): 253-253-253
(59,72): 253-253-253
(59,73): 253-253-253
(59,74): 253-253-253
(59,75): 244-252-253
(59,76): 240-251-253
(59,77): 203-222-236
(59,78): 214-234-248
(59,79): 183-204-225
(59,80): 200-219-236
(59,81): 183-197-218
(59,82): 187-209-219
(59,83): 167-177-192
(59,84): 172-182-183
(59,85): 174-168-177
(59,86): 160-166-156
(59,87): 174-151-151
(59,88): 135-115-64
(59,89): 128-109-99
(59,90): 106-94-0
(59,91): 160-152-144
(59,92): 211-222-214
(59,93): 253-253-253
(59,94): 253-253-253
(59,95): 253-253-253
(59,96): 253-253-253
(59,97): 253-253-252
(59,98): 199-187-190
(59,99): 75-77-78
(59,100): 0-50-0
(59,101): 141-151-138
(59,102): 244-243-231
(59,103): 253-253-253
(59,104): 253-253-253
(59,105): 253-253-253
(59,106): 253-253-253
(59,107): 253-253-253
(59,108): 253-253-253
(59,109): 253-253-253
(59,110): 253-253-253
(59,111): 253-253-253
(59,112): 253-253-253
(59,113): 253-253-253
(59,114): 253-253-253
(59,115): 253-253-253
(59,116): 253-253-253
(59,117): 253-253-253
(59,118): 253-253-253
(59,119): 253-253-253
(59,120): 253-253-253
(59,121): 253-253-253
(59,122): 253-253-253
(59,123): 253-253-253
(59,124): 253-253-253
(59,125): 253-253-253
(59,126): 248-253-253
(59,127): 215-240-253
(60,0): 253-240-215
(60,1): 253-253-248
(60,2): 253-253-253
(60,3): 253-253-253
(60,4): 253-253-253
(60,5): 253-253-253
(60,6): 253-253-253
(60,7): 253-253-253
(60,8): 253-253-253
(60,9): 253-253-253
(60,10): 253-253-253
(60,11): 253-253-253
(60,12): 253-253-253
(60,13): 253-253-253
(60,14): 253-253-253
(60,15): 253-253-250
(60,16): 236-226-228
(60,17): 207-202-189
(60,18): 170-167-155
(60,19): 128-158-153
(60,20): 132-144-156
(60,21): 21-117-133
(60,22): 110-129-155
(60,23): 0-114-132
(60,24): 113-126-150
(60,25): 78-121-129
(60,26): 152-145-149
(60,27): 175-171-160
(60,28): 207-185-177
(60,29): 233-217-200
(60,30): 230-209-190
(60,31): 253-243-227
(60,32): 252-243-236
(60,33): 253-253-250
(60,34): 244-248-231
(60,35): 130-133-123
(60,36): 21-0-0
(60,37): 162-162-157
(60,38): 248-246-239
(60,39): 253-253-250
(60,40): 253-253-253
(60,41): 253-253-250
(60,42): 244-239-237
(60,43): 166-158-158
(60,44): 46-0-0
(60,45): 0-28-0
(60,46): 98-77-21
(60,47): 189-188-177
(60,48): 233-228-216
(60,49): 249-241-229
(60,50): 253-253-246
(60,51): 253-253-252
(60,52): 253-253-253
(60,53): 253-253-253
(60,54): 253-253-253
(60,55): 253-253-253
(60,56): 253-253-253
(60,57): 253-253-253
(60,58): 253-253-253
(60,59): 253-253-253
(60,60): 253-253-253
(60,61): 253-253-253
(60,62): 253-253-253
(60,63): 251-253-253
(60,64): 253-253-253
(60,65): 250-253-253
(60,66): 253-253-253
(60,67): 253-253-253
(60,68): 253-253-253
(60,69): 253-253-253
(60,70): 253-247-235
(60,71): 253-250-230
(60,72): 234-215-198
(60,73): 231-213-193
(60,74): 203-182-176
(60,75): 174-174-156
(60,76): 136-131-147
(60,77): 0-89-110
(60,78): 68-101-148
(60,79): 0-61-111
(60,80): 70-109-168
(60,81): 0-68-118
(60,82): 82-121-165
(60,83): 0-109-131
(60,84): 128-142-177
(60,85): 104-139-149
(60,86): 150-153-173
(60,87): 148-159-159
(60,88): 172-169-182
(60,89): 160-175-161
(60,90): 78-34-0
(60,91): 0-21-0
(60,92): 125-125-95
(60,93): 222-228-215
(60,94): 253-253-253
(60,95): 253-253-253
(60,96): 253-253-253
(60,97): 253-253-253
(60,98): 253-253-253
(60,99): 182-174-155
(60,100): 0-0-0
(60,101): 109-95-0
(60,102): 228-223-209
(60,103): 253-253-251
(60,104): 253-253-253
(60,105): 253-253-253
(60,106): 253-253-253
(60,107): 253-253-253
(60,108): 253-253-253
(60,109): 253-253-253
(60,110): 253-253-253
(60,111): 253-253-253
(60,112): 253-253-253
(60,113): 253-253-253
(60,114): 253-253-253
(60,115): 253-253-253
(60,116): 253-253-253
(60,117): 253-253-253
(60,118): 253-253-253
(60,119): 253-253-253
(60,120): 253-253-253
(60,121): 253-253-253
(60,122): 253-253-253
(60,123): 253-253-253
(60,124): 253-253-253
(60,125): 253-253-253
(60,126): 253-253-253
(60,127): 240-253-253
(61,0): 253-253-240
(61,1): 253-253-253
(61,2): 253-253-253
(61,3): 253-253-253
(61,4): 253-253-253
(61,5): 253-253-253
(61,6): 253-253-253
(61,7): 253-253-253
(61,8): 253-253-253
(61,9): 253-253-253
(61,10): 253-253-253
(61,11): 253-253-253
(61,12): 253-253-253
(61,13): 253-253-253
(61,14): 253-253-253
(61,15): 253-253-253
(61,16): 253-253-253
(61,17): 253-253-253
(61,18): 247-253-253
(61,19): 230-246-252
(61,20): 238-252-253
(61,21): 218-237-250
(61,22): 233-249-253
(61,23): 215-236-250
(61,24): 237-252-253
(61,25): 225-241-251
(61,26): 246-253-253
(61,27): 243-250-253
(61,28): 253-253-253
(61,29): 253-253-253
(61,30): 253-253-252
(61,31): 253-253-253
(61,32): 253-253-251
(61,33): 253-253-253
(61,34): 253-250-244
(61,35): 145-136-141
(61,36): 0-39-0
(61,37): 144-136-132
(61,38): 253-244-232
(61,39): 253-253-253
(61,40): 253-253-253
(61,41): 253-253-251
(61,42): 245-232-221
(61,43): 122-120-113
(61,44): 0-28-0
(61,45): 0-0-0
(61,46): 21-59-43
(61,47): 162-150-142
(61,48): 225-203-183
(61,49): 234-227-204
(61,50): 253-249-236
(61,51): 253-253-250
(61,52): 253-253-253
(61,53): 253-253-253
(61,54): 253-253-253
(61,55): 253-253-253
(61,56): 253-253-253
(61,57): 253-253-253
(61,58): 253-253-253
(61,59): 253-253-253
(61,60): 253-253-252
(61,61): 253-253-253
(61,62): 253-253-253
(61,63): 237-247-253
(61,64): 237-250-253
(61,65): 215-233-250
(61,66): 225-246-253
(61,67): 193-213-230
(61,68): 193-214-227
(61,69): 172-172-190
(61,70): 146-153-139
(61,71): 140-115-104
(61,72): 114-68-0
(61,73): 154-101-64
(61,74): 118-73-0
(61,75): 140-106-89
(61,76): 137-136-115
(61,77): 169-165-179
(61,78): 181-203-215
(61,79): 184-199-219
(61,80): 204-225-243
(61,81): 189-213-234
(61,82): 221-243-253
(61,83): 211-231-249
(61,84): 236-251-253
(61,85): 221-240-253
(61,86): 243-253-253
(61,87): 233-247-253
(61,88): 248-253-253
(61,89): 246-252-252
(61,90): 200-207-204
(61,91): 0-75-89
(61,92): 0-43-0
(61,93): 0-87-101
(61,94): 183-195-195
(61,95): 214-218-227
(61,96): 215-231-247
(61,97): 204-214-222
(61,98): 205-209-213
(61,99): 111-117-134
(61,100): 0-53-0
(61,101): 131-139-131
(61,102): 246-244-232
(61,103): 253-253-253
(61,104): 253-253-253
(61,105): 253-253-253
(61,106): 253-253-253
(61,107): 253-253-253
(61,108): 253-253-253
(61,109): 253-253-253
(61,110): 253-253-253
(61,111): 253-253-253
(61,112): 253-253-253
(61,113): 253-253-253
(61,114): 253-253-253
(61,115): 253-253-253
(61,116): 253-253-253
(61,117): 253-253-253
(61,118): 253-253-253
(61,119): 253-253-253
(61,120): 253-253-253
(61,121): 253-253-253
(61,122): 253-253-253
(61,123): 253-253-253
(61,124): 253-253-253
(61,125): 253-253-253
(61,126): 248-253-253
(61,127): 215-240-253
(62,0): 253-240-215
(62,1): 253-253-248
(62,2): 253-253-253
(62,3): 253-253-253
(62,4): 253-253-253
(62,5): 253-253-253
(62,6): 253-253-253
(62,7): 253-253-253
(62,8): 253-253-253
(62,9): 253-253-253
(62,10): 253-253-253
(62,11): 253-253-253
(62,12): 253-253-253
(62,13): 253-253-253
(62,14): 253-253-253
(62,15): 253-253-253
(62,16): 253-253-253
(62,17): 252-253-253
(62,18): 253-253-253
(62,19): 251-253-253
(62,20): 253-253-253
(62,21): 250-253-253
(62,22): 253-253-253
(62,23): 250-253-253
(62,24): 253-253-253
(62,25): 250-253-253
(62,26): 253-253-253
(62,27): 251-253-253
(62,28): 253-253-253
(62,29): 253-253-253
(62,30): 253-253-253
(62,31): 253-253-253
(62,32): 253-253-253
(62,33): 253-253-250
(62,34): 249-244-241
(62,35): 151-140-142
(62,36): 0-0-0
(62,37): 130-108-70
(62,38): 235-225-226
(62,39): 253-253-253
(62,40): 253-253-253
(62,41): 253-253-253
(62,42): 243-247-243
(62,43): 153-146-131
(62,44): 34-0-0
(62,45): 0-43-0
(62,46): 28-0-0
(62,47): 129-97-86
(62,48): 197-169-164
(62,49): 226-204-177
(62,50): 241-232-215
(62,51): 253-250-241
(62,52): 253-253-250
(62,53): 253-253-253
(62,54): 253-253-253
(62,55): 252-253-253
(62,56): 253-253-253
(62,57): 253-253-253
(62,58): 253-253-253
(62,59): 253-253-249
(62,60): 249-240-234
(62,61): 239-229-210
(62,62): 189-177-168
(62,63): 141-151-143
(62,64): 120-116-141
(62,65): 0-92-116
(62,66): 89-123-162
(62,67): 0-73-111
(62,68): 66-101-153
(62,69): 0-66-113
(62,70): 120-120-143
(62,71): 160-165-153
(62,72): 200-184-177
(62,73): 239-226-203
(62,74): 235-218-198
(62,75): 253-242-223
(62,76): 250-240-227
(62,77): 253-253-251
(62,78): 253-253-251
(62,79): 253-253-253
(62,80): 253-253-253
(62,81): 253-253-253
(62,82): 253-253-253
(62,83): 251-253-253
(62,84): 253-253-253
(62,85): 250-253-253
(62,86): 253-253-253
(62,87): 249-253-253
(62,88): 253-253-253
(62,89): 253-253-253
(62,90): 251-253-253
(62,91): 195-203-192
(62,92): 110-122-116
(62,93): 0-50-0
(62,94): 28-28-75
(62,95): 0-73-80
(62,96): 68-75-131
(62,97): 0-0-61
(62,98): 46-75-106
(62,99): 0-87-122
(62,100): 157-167-180
(62,101): 222-230-213
(62,102): 253-253-251
(62,103): 253-253-253
(62,104): 253-253-253
(62,105): 253-253-253
(62,106): 253-253-253
(62,107): 253-253-253
(62,108): 253-253-253
(62,109): 253-253-253
(62,110): 253-253-253
(62,111): 253-253-253
(62,112): 253-253-253
(62,113): 253-253-253
(62,114): 253-253-253
(62,115): 253-253-253
(62,116): 253-253-253
(62,117): 253-253-253
(62,118): 253-253-253
(62,119): 253-253-253
(62,120): 253-253-253
(62,121): 253-253-253
(62,122): 253-253-253
(62,123): 253-253-253
(62,124): 253-253-253
(62,125): 253-253-253
(62,126): 253-253-253
(62,127): 240-253-253
(63,0): 253-253-240
(63,1): 253-253-253
(63,2): 253-253-253
(63,3): 253-253-253
(63,4): 253-253-253
(63,5): 253-253-253
(63,6): 253-253-253
(63,7): 253-253-253
(63,8): 253-253-253
(63,9): 253-253-253
(63,10): 253-253-253
(63,11): 253-253-253
(63,12): 253-253-253
(63,13): 253-253-253
(63,14): 253-253-253
(63,15): 253-253-253
(63,16): 253-253-253
(63,17): 253-253-253
(63,18): 253-253-253
(63,19): 253-253-253
(63,20): 253-253-253
(63,21): 253-253-253
(63,22): 253-253-253
(63,23): 253-253-253
(63,24): 253-253-253
(63,25): 253-253-253
(63,26): 253-253-253
(63,27): 253-253-253
(63,28): 253-253-253
(63,29): 253-253-253
(63,30): 253-253-253
(63,31): 253-253-253
(63,32): 253-253-253
(63,33): 253-253-253
(63,34): 253-253-253
(63,35): 213-200-204
(63,36): 94-80-75
(63,37): 0-0-34
(63,38): 151-147-165
(63,39): 219-216-232
(63,40): 236-249-253
(63,41): 236-248-251
(63,42): 221-234-246
(63,43): 118-130-151
(63,44): 0-34-39
(63,45): 0-0-53
(63,46): 102-73-50
(63,47): 113-0-39
(63,48): 110-56-0
(63,49): 165-141-131
(63,50): 216-207-194
(63,51): 244-238-228
(63,52): 253-253-249
(63,53): 253-253-253
(63,54): 253-253-253
(63,55): 253-253-253
(63,56): 240-250-253
(63,57): 222-228-239
(63,58): 189-210-220
(63,59): 149-152-165
(63,60): 109-106-75
(63,61): 104-64-66
(63,62): 97-68-0
(63,63): 124-98-91
(63,64): 136-137-113
(63,65): 161-161-171
(63,66): 187-209-214
(63,67): 182-199-216
(63,68): 207-227-244
(63,69): 203-220-239
(63,70): 233-248-253
(63,71): 241-250-253
(63,72): 253-253-253
(63,73): 253-253-253
(63,74): 253-253-253
(63,75): 253-253-253
(63,76): 253-253-251
(63,77): 253-253-253
(63,78): 253-253-252
(63,79): 253-253-253
(63,80): 253-253-253
(63,81): 253-253-253
(63,82): 253-253-253
(63,83): 253-253-253
(63,84): 253-253-253
(63,85): 253-253-253
(63,86): 253-253-253
(63,87): 253-253-253
(63,88): 253-253-253
(63,89): 253-253-253
(63,90): 253-253-253
(63,91): 253-253-253
(63,92): 229-245-249
(63,93): 199-207-213
(63,94): 173-183-184
(63,95): 129-141-156
(63,96): 149-150-147
(63,97): 147-158-177
(63,98): 195-215-226
(63,99): 223-229-240
(63,100): 242-252-253
(63,101): 253-253-253
(63,102): 253-253-253
(63,103): 253-253-253
(63,104): 253-253-253
(63,105): 253-253-253
(63,106): 253-253-253
(63,107): 253-253-253
(63,108): 253-253-253
(63,109): 253-253-253
(63,110): 253-253-253
(63,111): 253-253-253
(63,112): 253-253-253
(63,113): 253-253-253
(63,114): 253-253-253
(63,115): 253-253-253
(63,116): 253-253-253
(63,117): 253-253-253
(63,118): 253-253-253
(63,119): 253-253-253
(63,120): 253-253-253
(63,121): 253-253-253
(63,122): 253-253-253
(63,123): 253-253-253
(63,124): 253-253-253
(63,125): 253-253-253
(63,126): 248-253-253
(63,127): 215-240-253
(64,0): 253-240-215
(64,1): 253-253-248
(64,2): 253-253-253
(64,3): 253-253-253
(64,4): 253-253-253
(64,5): 253-253-253
(64,6): 253-253-253
(64,7): 253-253-253
(64,8): 253-253-253
(64,9): 253-253-253
(64,10): 253-253-253
(64,11): 253-253-253
(64,12): 253-253-253
(64,13): 253-253-253
(64,14): 253-253-253
(64,15): 253-253-253
(64,16): 253-253-253
(64,17): 253-253-253
(64,18): 253-253-253
(64,19): 253-253-253
(64,20): 253-253-253
(64,21): 253-253-253
(64,22): 253-253-253
(64,23): 253-253-253
(64,24): 253-253-253
(64,25): 253-253-253
(64,26): 253-253-253
(64,27): 253-253-253
(64,28): 253-253-253
(64,29): 253-253-253
(64,30): 253-253-253
(64,31): 253-253-253
(64,32): 253-253-253
(64,33): 253-252-253
(64,34): 253-253-253
(64,35): 248-248-245
(64,36): 203-203-218
(64,37): 105-123-139
(64,38): 59-0-56
(64,39): 0-78-97
(64,40): 136-130-163
(64,41): 102-132-127
(64,42): 86-101-113
(64,43): 0-39-78
(64,44): 84-109-126
(64,45): 181-183-179
(64,46): 199-190-194
(64,47): 109-73-59
(64,48): 64-0-0
(64,49): 154-147-138
(64,50): 226-219-210
(64,51): 249-242-233
(64,52): 253-253-253
(64,53): 253-253-253
(64,54): 247-247-253
(64,55): 201-201-191
(64,56): 139-141-149
(64,57): 0-80-92
(64,58): 34-43-89
(64,59): 0-64-86
(64,60): 98-87-102
(64,61): 159-159-151
(64,62): 215-200-196
(64,63): 253-241-221
(64,64): 252-244-232
(64,65): 253-253-249
(64,66): 253-253-250
(64,67): 253-253-253
(64,68): 253-253-253
(64,69): 253-253-253
(64,70): 253-253-253
(64,71): 251-253-253
(64,72): 253-253-253
(64,73): 253-253-253
(64,74): 253-253-253
(64,75): 253-253-253
(64,76): 253-253-253
(64,77): 253-253-253
(64,78): 253-253-253
(64,79): 253-253-253
(64,80): 253-253-253
(64,81): 253-253-253
(64,82): 253-253-253
(64,83): 253-253-253
(64,84): 253-253-253
(64,85): 253-253-253
(64,86): 253-253-253
(64,87): 253-253-253
(64,88): 253-253-253
(64,89): 253-253-253
(64,90): 253-253-253
(64,91): 252-253-253
(64,92): 253-253-253
(64,93): 253-253-253
(64,94): 253-253-247
(64,95): 253-253-247
(64,96): 253-248-239
(64,97): 253-253-251
(64,98): 253-253-253
(64,99): 253-253-253
(64,100): 253-253-253
(64,101): 253-253-253
(64,102): 253-253-253
(64,103): 253-253-253
(64,104): 253-253-253
(64,105): 253-253-253
(64,106): 253-253-253
(64,107): 253-253-253
(64,108): 253-253-253
(64,109): 253-253-253
(64,110): 253-253-253
(64,111): 253-253-253
(64,112): 253-253-253
(64,113): 253-253-253
(64,114): 253-253-253
(64,115): 253-253-253
(64,116): 253-253-253
(64,117): 253-253-253
(64,118): 253-253-253
(64,119): 253-253-253
(64,120): 253-253-253
(64,121): 253-253-253
(64,122): 253-253-253
(64,123): 253-253-253
(64,124): 253-253-253
(64,125): 253-253-253
(64,126): 253-253-253
(64,127): 240-253-253
(65,0): 253-253-240
(65,1): 253-253-253
(65,2): 253-253-253
(65,3): 253-253-253
(65,4): 253-253-253
(65,5): 253-253-253
(65,6): 253-253-253
(65,7): 253-253-253
(65,8): 253-253-253
(65,9): 253-253-253
(65,10): 253-253-253
(65,11): 253-253-253
(65,12): 253-253-253
(65,13): 253-253-253
(65,14): 253-253-253
(65,15): 253-253-253
(65,16): 253-253-253
(65,17): 253-253-253
(65,18): 253-253-253
(65,19): 253-253-253
(65,20): 253-253-253
(65,21): 253-253-253
(65,22): 253-253-253
(65,23): 253-253-253
(65,24): 253-253-253
(65,25): 253-253-253
(65,26): 253-253-253
(65,27): 253-253-253
(65,28): 253-253-253
(65,29): 253-253-253
(65,30): 253-253-253
(65,31): 253-253-253
(65,32): 253-253-253
(65,33): 253-253-253
(65,34): 253-253-253
(65,35): 252-253-253
(65,36): 253-253-253
(65,37): 246-241-247
(65,38): 193-207-211
(65,39): 128-134-146
(65,40): 141-123-91
(65,41): 130-127-134
(65,42): 156-165-159
(65,43): 183-186-195
(65,44): 213-227-235
(65,45): 253-253-251
(65,46): 253-239-241
(65,47): 123-115-131
(65,48): 39-34-0
(65,49): 190-183-183
(65,50): 253-252-249
(65,51): 253-253-252
(65,52): 253-253-253
(65,53): 253-253-252
(65,54): 185-183-178
(65,55): 39-43-66
(65,56): 0-43-0
(65,57): 21-95-113
(65,58): 170-182-183
(65,59): 203-210-221
(65,60): 228-244-253
(65,61): 246-250-253
(65,62): 253-253-253
(65,63): 253-253-253
(65,64): 253-253-250
(65,65): 253-253-253
(65,66): 253-253-253
(65,67): 253-253-253
(65,68): 253-253-253
(65,69): 253-253-253
(65,70): 253-253-253
(65,71): 253-253-253
(65,72): 253-253-253
(65,73): 253-253-253
(65,74): 253-253-253
(65,75): 253-253-253
(65,76): 253-253-253
(65,77): 253-253-253
(65,78): 253-253-253
(65,79): 253-253-253
(65,80): 253-253-253
(65,81): 253-253-253
(65,82): 253-253-253
(65,83): 253-253-253
(65,84): 253-253-253
(65,85): 253-253-253
(65,86): 253-253-253
(65,87): 253-253-253
(65,88): 253-253-253
(65,89): 253-253-253
(65,90): 253-253-253
(65,91): 253-253-253
(65,92): 253-253-253
(65,93): 253-253-253
(65,94): 253-253-251
(65,95): 253-253-253
(65,96): 253-253-250
(65,97): 253-253-253
(65,98): 253-253-253
(65,99): 253-253-253
(65,100): 253-253-253
(65,101): 253-253-253
(65,102): 253-253-253
(65,103): 253-253-253
(65,104): 253-253-253
(65,105): 253-253-253
(65,106): 253-253-253
(65,107): 253-253-253
(65,108): 253-253-253
(65,109): 253-253-253
(65,110): 253-253-253
(65,111): 253-253-253
(65,112): 253-253-253
(65,113): 253-253-253
(65,114): 253-253-253
(65,115): 253-253-253
(65,116): 253-253-253
(65,117): 253-253-253
(65,118): 253-253-253
(65,119): 253-253-253
(65,120): 253-253-253
(65,121): 253-253-253
(65,122): 253-253-253
(65,123): 253-253-253
(65,124): 253-253-253
(65,125): 253-253-253
(65,126): 248-253-253
(65,127): 215-240-253
(66,0): 253-240-215
(66,1): 253-253-248
(66,2): 253-253-253
(66,3): 253-253-253
(66,4): 253-253-253
(66,5): 253-253-253
(66,6): 253-253-253
(66,7): 253-253-253
(66,8): 253-253-253
(66,9): 253-253-253
(66,10): 253-253-253
(66,11): 253-253-253
(66,12): 253-253-253
(66,13): 253-253-253
(66,14): 253-253-253
(66,15): 253-253-253
(66,16): 253-253-253
(66,17): 253-253-253
(66,18): 253-253-253
(66,19): 253-253-253
(66,20): 253-253-253
(66,21): 253-253-253
(66,22): 253-253-253
(66,23): 253-253-253
(66,24): 253-253-253
(66,25): 253-253-253
(66,26): 253-253-253
(66,27): 253-253-253
(66,28): 253-253-253
(66,29): 253-253-253
(66,30): 253-253-253
(66,31): 253-253-253
(66,32): 253-253-253
(66,33): 253-253-253
(66,34): 253-253-253
(66,35): 253-253-253
(66,36): 253-253-253
(66,37): 252-253-253
(66,38): 253-253-253
(66,39): 253-252-241
(66,40): 250-238-223
(66,41): 253-250-239
(66,42): 253-249-240
(66,43): 253-253-253
(66,44): 253-253-253
(66,45): 253-253-253
(66,46): 245-243-238
(66,47): 143-139-136
(66,48): 50-0-0
(66,49): 181-181-170
(66,50): 250-253-248
(66,51): 253-253-253
(66,52): 253-253-253
(66,53): 227-227-218
(66,54): 115-84-0
(66,55): 0-0-0
(66,56): 130-125-61
(66,57): 234-240-228
(66,58): 253-253-253
(66,59): 253-253-253
(66,60): 253-253-253
(66,61): 250-253-253
(66,62): 253-253-253
(66,63): 253-253-253
(66,64): 253-253-253
(66,65): 253-253-253
(66,66): 253-253-253
(66,67): 253-253-253
(66,68): 253-253-253
(66,69): 253-253-253
(66,70): 253-253-253
(66,71): 253-253-253
(66,72): 253-253-253
(66,73): 253-253-253
(66,74): 253-253-253
(66,75): 253-253-253
(66,76): 253-253-253
(66,77): 253-253-253
(66,78): 253-253-253
(66,79): 253-253-253
(66,80): 253-253-253
(66,81): 253-253-253
(66,82): 253-253-253
(66,83): 253-253-253
(66,84): 253-253-253
(66,85): 253-253-253
(66,86): 253-253-253
(66,87): 253-253-253
(66,88): 253-253-253
(66,89): 253-253-253
(66,90): 253-253-253
(66,91): 253-253-253
(66,92): 253-253-253
(66,93): 253-253-253
(66,94): 253-253-253
(66,95): 253-253-253
(66,96): 253-253-253
(66,97): 253-253-253
(66,98): 253-253-253
(66,99): 253-253-253
(66,100): 253-253-253
(66,101): 253-253-253
(66,102): 253-253-253
(66,103): 253-253-253
(66,104): 253-253-253
(66,105): 253-253-253
(66,106): 253-253-253
(66,107): 253-253-253
(66,108): 253-253-253
(66,109): 253-253-253
(66,110): 253-253-253
(66,111): 253-253-253
(66,112): 253-253-253
(66,113): 253-253-253
(66,114): 253-253-253
(66,115): 253-253-253
(66,116): 253-253-253
(66,117): 253-253-253
(66,118): 253-253-253
(66,119): 253-253-253
(66,120): 253-253-253
(66,121): 253-253-253
(66,122): 253-253-253
(66,123): 253-253-253
(66,124): 253-253-253
(66,125): 253-253-253
(66,126): 253-253-253
(66,127): 240-253-253
(67,0): 253-253-240
(67,1): 253-253-253
(67,2): 253-253-253
(67,3): 253-253-253
(67,4): 253-253-253
(67,5): 253-253-253
(67,6): 253-253-253
(67,7): 253-253-253
(67,8): 253-253-253
(67,9): 253-253-253
(67,10): 253-253-253
(67,11): 253-253-253
(67,12): 253-253-253
(67,13): 253-253-253
(67,14): 253-253-253
(67,15): 253-253-253
(67,16): 253-253-253
(67,17): 253-253-253
(67,18): 253-253-253
(67,19): 253-253-253
(67,20): 253-253-253
(67,21): 253-253-253
(67,22): 253-253-253
(67,23): 253-253-253
(67,24): 253-253-253
(67,25): 253-253-253
(67,26): 253-253-253
(67,27): 253-253-253
(67,28): 253-253-253
(67,29): 253-253-253
(67,30): 253-253-253
(67,31): 253-253-253
(67,32): 253-253-253
(67,33): 253-253-253
(67,34): 253-253-253
(67,35): 253-253-253
(67,36): 253-253-253
(67,37): 253-253-253
(67,38): 253-253-252
(67,39): 253-253-253
(67,40): 253-253-249
(67,41): 253-253-253
(67,42): 253-253-251
(67,43): 253-253-253
(67,44): 253-253-252
(67,45): 253-253-253
(67,46): 253-251-246
(67,47): 196-184-181
(67,48): 77-46-0
(67,49): 0-46-87
(67,50): 168-184-190
(67,51): 213-203-215
(67,52): 162-179-184
(67,53): 0-77-97
(67,54): 0-0-0
(67,55): 89-98-89
(67,56): 208-215-201
(67,57): 253-253-253
(67,58): 253-251-253
(67,59): 253-253-253
(67,60): 253-253-253
(67,61): 253-253-253
(67,62): 253-253-253
(67,63): 253-253-253
(67,64): 253-253-253
(67,65): 253-253-253
(67,66): 253-253-253
(67,67): 253-253-253
(67,68): 253-253-253
(67,69): 253-253-253
(67,70): 253-253-253
(67,71): 253-253-253
(67,72): 253-253-253
(67,73): 253-253-253
(67,74): 253-253-253
(67,75): 253-253-253
(67,76): 253-253-253
(67,77): 253-253-253
(67,78): 253-253-253
(67,79): 253-253-253
(67,80): 253-253-253
(67,81): 253-253-253
(67,82): 253-253-253
(67,83): 253-253-253
(67,84): 253-253-253
(67,85): 253-253-253
(67,86): 253-253-253
(67,87): 253-253-253
(67,88): 253-253-253
(67,89): 253-253-253
(67,90): 253-253-253
(67,91): 253-253-253
(67,92): 253-253-253
(67,93): 253-253-253
(67,94): 253-253-253
(67,95): 253-253-253
(67,96): 253-253-253
(67,97): 253-253-253
(67,98): 253-253-253
(67,99): 253-253-253
(67,100): 253-253-253
(67,101): 253-253-253
(67,102): 253-253-253
(67,103): 253-253-253
(67,104): 253-253-253
(67,105): 253-253-253
(67,106): 253-253-253
(67,107): 253-253-253
(67,108): 253-253-253
(67,109): 253-253-253
(67,110): 253-253-253
(67,111): 253-253-253
(67,112): 253-253-253
(67,113): 253-253-253
(67,114): 253-253-253
(67,115): 253-253-253
(67,116): 253-253-253
(67,117): 253-253-253
(67,118): 253-253-253
(67,119): 253-253-253
(67,120): 253-253-253
(67,121): 253-253-253
(67,122): 253-253-253
(67,123): 253-253-253
(67,124): 253-253-253
(67,125): 253-253-253
(67,126): 248-253-253
(67,127): 215-240-253
(68,0): 253-240-215
(68,1): 253-253-248
(68,2): 253-253-253
(68,3): 253-253-253
(68,4): 253-253-253
(68,5): 253-253-253
(68,6): 253-253-253
(68,7): 253-253-253
(68,8): 253-253-253
(68,9): 253-253-253
(68,10): 253-253-253
(68,11): 253-253-253
(68,12): 253-253-253
(68,13): 253-253-253
(68,14): 253-253-253
(68,15): 253-253-253
(68,16): 253-253-253
(68,17): 253-253-253
(68,18): 253-253-253
(68,19): 253-253-253
(68,20): 253-253-253
(68,21): 253-253-253
(68,22): 253-253-253
(68,23): 253-253-253
(68,24): 253-253-253
(68,25): 253-253-253
(68,26): 253-253-253
(68,27): 253-253-253
(68,28): 253-253-253
(68,29): 253-253-253
(68,30): 253-253-253
(68,31): 253-253-253
(68,32): 253-253-253
(68,33): 253-253-253
(68,34): 253-253-253
(68,35): 253-253-253
(68,36): 253-253-253
(68,37): 253-253-253
(68,38): 253-253-253
(68,39): 253-253-253
(68,40): 253-253-253
(68,41): 253-253-253
(68,42): 253-253-253
(68,43): 253-253-253
(68,44): 253-253-253
(68,45): 253-253-253
(68,46): 253-253-250
(68,47): 248-245-238
(68,48): 207-202-218
(68,49): 111-129-133
(68,50): 59-73-104
(68,51): 0-59-118
(68,52): 73-89-125
(68,53): 70-116-117
(68,54): 159-160-166
(68,55): 213-215-201
(68,56): 251-253-253
(68,57): 253-253-253
(68,58): 253-253-253
(68,59): 253-253-253
(68,60): 253-253-253
(68,61): 253-253-253
(68,62): 253-253-253
(68,63): 253-253-253
(68,64): 253-253-253
(68,65): 253-253-253
(68,66): 253-253-253
(68,67): 253-253-253
(68,68): 253-253-253
(68,69): 253-253-253
(68,70): 253-253-253
(68,71): 253-253-253
(68,72): 253-253-253
(68,73): 253-253-253
(68,74): 253-253-253
(68,75): 253-253-253
(68,76): 253-253-253
(68,77): 253-253-253
(68,78): 253-253-253
(68,79): 253-253-253
(68,80): 253-253-253
(68,81): 253-253-253
(68,82): 253-253-253
(68,83): 253-253-253
(68,84): 253-253-253
(68,85): 253-253-253
(68,86): 253-253-253
(68,87): 253-253-253
(68,88): 253-253-253
(68,89): 253-253-253
(68,90): 253-253-253
(68,91): 253-253-253
(68,92): 253-253-253
(68,93): 253-253-253
(68,94): 253-253-253
(68,95): 253-253-253
(68,96): 253-253-253
(68,97): 253-253-253
(68,98): 253-253-253
(68,99): 253-253-253
(68,100): 253-253-253
(68,101): 253-253-253
(68,102): 253-253-253
(68,103): 253-253-253
(68,104): 253-253-253
(68,105): 253-253-253
(68,106): 253-253-253
(68,107): 253-253-253
(68,108): 253-253-253
(68,109): 253-253-253
(68,110): 253-253-253
(68,111): 253-253-253
(68,112): 253-253-253
(68,113): 253-253-253
(68,114): 253-253-253
(68,115): 253-253-253
(68,116): 253-253-253
(68,117): 253-253-253
(68,118): 253-253-253
(68,119): 253-253-253
(68,120): 253-253-253
(68,121): 253-253-253
(68,122): 253-253-253
(68,123): 253-253-253
(68,124): 253-253-253
(68,125): 253-253-253
(68,126): 253-253-253
(68,127): 240-253-253
(69,0): 253-253-240
(69,1): 253-253-253
(69,2): 253-253-253
(69,3): 253-253-253
(69,4): 253-253-253
(69,5): 253-253-253
(69,6): 253-253-253
(69,7): 253-253-253
(69,8): 253-253-253
(69,9): 253-253-253
(69,10): 253-253-253
(69,11): 253-253-253
(69,12): 253-253-253
(69,13): 253-253-253
(69,14): 253-253-253
(69,15): 253-253-253
(69,16): 253-253-253
(69,17): 253-253-253
(69,18): 253-253-253
(69,19): 253-253-253
(69,20): 253-253-253
(69,21): 253-253-253
(69,22): 253-253-253
(69,23): 253-253-253
(69,24): 253-253-253
(69,25): 253-253-253
(69,26): 253-253-253
(69,27): 253-253-253
(69,28): 253-253-253
(69,29): 253-253-253
(69,30): 253-253-253
(69,31): 253-253-253
(69,32): 253-253-253
(69,33): 253-253-253
(69,34): 253-253-253
(69,35): 253-253-253
(69,36): 253-253-253
(69,37): 253-253-253
(69,38): 253-253-253
(69,39): 253-253-253
(69,40): 253-253-253
(69,41): 253-253-253
(69,42): 253-253-253
(69,43): 253-253-253
(69,44): 253-253-253
(69,45): 253-253-253
(69,46): 253-253-253
(69,47): 253-253-253
(69,48): 253-253-253
(69,49): 234-238-247
(69,50): 207-225-240
(69,51): 167-196-219
(69,52): 214-230-246
(69,53): 227-237-248
(69,54): 244-251-253
(69,55): 253-253-253
(69,56): 253-253-253
(69,57): 253-253-253
(69,58): 253-253-253
(69,59): 253-253-253
(69,60): 253-253-253
(69,61): 253-253-253
(69,62): 253-253-253
(69,63): 253-253-253
(69,64): 253-253-253
(69,65): 253-253-253
(69,66): 253-253-253
(69,67): 253-253-253
(69,68): 253-253-253
(69,69): 253-253-253
(69,70): 253-253-253
(69,71): 253-253-253
(69,72): 253-253-253
(69,73): 253-253-253
(69,74): 253-253-253
(69,75): 253-253-253
(69,76): 253-253-253
(69,77): 253-253-253
(69,78): 253-253-253
(69,79): 253-253-253
(69,80): 253-253-253
(69,81): 253-253-253
(69,82): 253-253-253
(69,83): 253-253-253
(69,84): 253-253-253
(69,85): 253-253-253
(69,86): 253-253-253
(69,87): 253-253-253
(69,88): 253-253-253
(69,89): 253-253-253
(69,90): 253-253-253
(69,91): 253-253-253
(69,92): 253-253-253
(69,93): 253-253-253
(69,94): 253-253-253
(69,95): 253-253-253
(69,96): 253-253-253
(69,97): 253-253-253
(69,98): 253-253-253
(69,99): 253-253-253
(69,100): 253-253-253
(69,101): 253-253-253
(69,102): 253-253-253
(69,103): 253-253-253
(69,104): 253-253-253
(69,105): 253-253-253
(69,106): 253-253-253
(69,107): 253-253-253
(69,108): 253-253-253
(69,109): 253-253-253
(69,110): 253-253-253
(69,111): 253-253-253
(69,112): 253-253-253
(69,113): 253-253-253
(69,114): 253-253-253
(69,115): 253-253-253
(69,116): 253-253-253
(69,117): 253-253-253
(69,118): 253-253-253
(69,119): 253-253-253
(69,120): 253-253-253
(69,121): 253-253-253
(69,122): 253-253-253
(69,123): 253-253-253
(69,124): 253-253-253
(69,125): 253-253-253
(69,126): 248-253-253
(69,127): 215-240-253
(70,0): 253-253-240
(70,1): 253-253-253
(70,2): 253-253-253
(70,3): 248-253-253
(70,4): 253-253-253
(70,5): 248-253-253
(70,6): 253-253-253
(70,7): 248-253-253
(70,8): 253-253-253
(70,9): 248-253-253
(70,10): 253-253-253
(70,11): 248-253-253
(70,12): 253-253-253
(70,13): 248-253-253
(70,14): 253-253-253
(70,15): 248-253-253
(70,16): 253-253-253
(70,17): 248-253-253
(70,18): 253-253-253
(70,19): 248-253-253
(70,20): 253-253-253
(70,21): 248-253-253
(70,22): 253-253-253
(70,23): 248-253-253
(70,24): 253-253-253
(70,25): 248-253-253
(70,26): 253-253-253
(70,27): 248-253-253
(70,28): 253-253-253
(70,29): 248-253-253
(70,30): 253-253-253
(70,31): 248-253-253
(70,32): 253-253-253
(70,33): 248-253-253
(70,34): 253-253-253
(70,35): 248-253-253
(70,36): 253-253-253
(70,37): 248-253-253
(70,38): 253-253-253
(70,39): 248-253-253
(70,40): 253-253-253
(70,41): 248-253-253
(70,42): 253-253-253
(70,43): 248-253-253
(70,44): 253-253-253
(70,45): 248-253-253
(70,46): 253-253-253
(70,47): 246-253-253
(70,48): 253-253-253
(70,49): 245-253-253
(70,50): 253-253-253
(70,51): 247-253-253
(70,52): 253-253-253
(70,53): 245-253-253
(70,54): 253-253-253
(70,55): 246-253-253
(70,56): 253-253-253
(70,57): 248-253-253
(70,58): 253-253-253
(70,59): 248-253-253
(70,60): 253-253-253
(70,61): 247-253-253
(70,62): 253-253-253
(70,63): 247-253-253
(70,64): 253-253-253
(70,65): 248-253-253
(70,66): 253-253-253
(70,67): 248-253-253
(70,68): 253-253-253
(70,69): 248-253-253
(70,70): 253-253-253
(70,71): 248-253-253
(70,72): 253-253-253
(70,73): 248-253-253
(70,74): 253-253-253
(70,75): 248-253-253
(70,76): 253-253-253
(70,77): 248-253-253
(70,78): 253-253-253
(70,79): 248-253-253
(70,80): 253-253-253
(70,81): 248-253-253
(70,82): 253-253-253
(70,83): 248-253-253
(70,84): 253-253-253
(70,85): 248-253-253
(70,86): 253-253-253
(70,87): 248-253-253
(70,88): 253-253-253
(70,89): 248-253-253
(70,90): 253-253-253
(70,91): 248-253-253
(70,92): 253-253-253
(70,93): 248-253-253
(70,94): 253-253-253
(70,95): 248-253-253
(70,96): 253-253-253
(70,97): 248-253-253
(70,98): 253-253-253
(70,99): 248-253-253
(70,100): 253-253-253
(70,101): 248-253-253
(70,102): 253-253-253
(70,103): 248-253-253
(70,104): 253-253-253
(70,105): 248-253-253
(70,106): 253-253-253
(70,107): 248-253-253
(70,108): 253-253-253
(70,109): 248-253-253
(70,110): 253-253-253
(70,111): 248-253-253
(70,112): 253-253-253
(70,113): 248-253-253
(70,114): 253-253-253
(70,115): 248-253-253
(70,116): 253-253-253
(70,117): 248-253-253
(70,118): 253-253-253
(70,119): 248-253-253
(70,120): 253-253-253
(70,121): 248-253-253
(70,122): 253-253-253
(70,123): 248-253-253
(70,124): 253-253-253
(70,125): 248-253-253
(70,126): 253-253-253
(70,127): 232-253-253
(71,0): 248-253-248
(71,1): 240-253-253
(71,2): 240-253-253
(71,3): 215-240-253
(71,4): 240-253-253
(71,5): 215-240-253
(71,6): 240-253-253
(71,7): 215-240-253
(71,8): 240-253-253
(71,9): 215-240-253
(71,10): 240-253-253
(71,11): 215-240-253
(71,12): 240-253-253
(71,13): 215-240-253
(71,14): 240-253-253
(71,15): 215-240-253
(71,16): 240-253-253
(71,17): 215-240-253
(71,18): 240-253-253
(71,19): 215-240-253
(71,20): 240-253-253
(71,21): 215-240-253
(71,22): 240-253-253
(71,23): 215-240-253
(71,24): 240-253-253
(71,25): 215-240-253
(71,26): 240-253-253
(71,27): 215-240-253
(71,28): 240-253-253
(71,29): 215-240-253
(71,30): 240-253-253
(71,31): 215-240-253
(71,32): 240-253-253
(71,33): 215-240-253
(71,34): 240-253-253
(71,35): 214-239-253
(71,36): 240-253-253
(71,37): 215-240-253
(71,38): 240-253-253
(71,39): 215-240-253
(71,40): 240-253-253
(71,41): 214-239-253
(71,42): 240-253-253
(71,43): 216-240-253
(71,44): 240-253-253
(71,45): 215-240-253
(71,46): 240-253-253
(71,47): 215-239-253
(71,48): 240-253-253
(71,49): 217-241-253
(71,50): 243-253-253
(71,51): 222-244-253
(71,52): 242-253-253
(71,53): 216-241-253
(71,54): 240-253-253
(71,55): 215-240-253
(71,56): 240-253-253
(71,57): 216-240-253
(71,58): 240-253-253
(71,59): 214-240-253
(71,60): 240-253-253
(71,61): 215-240-253
(71,62): 239-253-253
(71,63): 214-240-253
(71,64): 240-253-253
(71,65): 215-240-253
(71,66): 240-253-253
(71,67): 215-240-253
(71,68): 240-253-253
(71,69): 215-240-253
(71,70): 240-253-253
(71,71): 215-240-253
(71,72): 240-253-253
(71,73): 215-240-253
(71,74): 240-253-253
(71,75): 215-240-253
(71,76): 240-253-253
(71,77): 215-240-253
(71,78): 240-253-253
(71,79): 215-240-253
(71,80): 240-253-253
(71,81): 215-240-253
(71,82): 240-253-253
(71,83): 215-240-253
(71,84): 240-253-253
(71,85): 215-240-253
(71,86): 240-253-253
(71,87): 215-240-253
(71,88): 240-253-253
(71,89): 215-240-253
(71,90): 240-253-253
(71,91): 215-240-253
(71,92): 240-253-253
(71,93): 215-240-253
(71,94): 240-253-253
(71,95): 215-240-253
(71,96): 240-253-253
(71,97): 215-240-253
(71,98): 240-253-253
(71,99): 215-240-253
(71,100): 240-253-253
(71,101): 215-240-253
(71,102): 240-253-253
(71,103): 215-240-253
(71,104): 240-253-253
(71,105): 215-240-253
(71,106): 240-253-253
(71,107): 215-240-253
(71,108): 240-253-253
(71,109): 215-240-253
(71,110): 240-253-253
(71,111): 215-240-253
(71,112): 240-253-253
(71,113): 215-240-253
(71,114): 240-253-253
(71,115): 215-240-253
(71,116): 240-253-253
(71,117): 215-240-253
(71,118): 240-253-253
(71,119): 215-240-253
(71,120): 240-253-253
(71,121): 215-240-253
(71,122): 240-253-253
(71,123): 215-240-253
(71,124): 240-253-253
(71,125): 215-240-253
(71,126): 232-253-253
(71,127): 206-224-253
