128	0.0
128	0.0
128	0.0
128	0.0
128	0.0
128	0.0
128	0.0
128	0.0
128	0.0
128	0.0
128	0.0
128	0.0
128	0.0
128	0.0
128	0.0
128	0.0
128	0.0
128	0.0
128	0.0
128	0.0
128	0.0
128	0.0
128	0.0
128	0.0
128	0.0
128	0.0
128	0.0
128	0.0
128	0.0
128	0.0
128	0.0
128	0.0
128	0.0
128	0.0
128	0.0
128	0.0
128	0.0
128	0.0
128	0.0
128	0.0
128	0.0
128	0.0
128	0.0
128	0.0
128	0.0
128	0.0
128	0.0
128	0.0
128	0.0
128	0.0
128	0.0
128	0.0
128	0.0
128	0.0
128	0.0
128	0.0
128	0.0
128	0.0
128	0.0
128	0.0
128	0.0
128	0.0
128	0.0
128	0.0
128	0.0
128	0.0
128	0.0
128	0.0
128	0.0
128	0.0
128	0.0
128	0.0
128	0.0
128	0.0
128	0.0
128	0.0
128	0.0
128	0.0
128	0.0
128	0.0
128	0.0
128	0.0
128	0.0
128	0.0
128	0.0
128	0.0
128	0.0
128	0.0
128	0.0
128	0.0
128	0.0
128	0.0
128	0.0
128	0.0
128	0.0
128	0.0
128	0.0
128	0.0
128	0.0
128	0.0
128	0.0
128	0.0
128	0.0
128	0.0
128	0.0
128	0.0
128	0.0
128	0.0
128	0.0
128	0.0
128	0.0
128	0.0
128	0.0
128	0.0
128	0.0
128	0.0
128	0.0
128	0.0
128	0.0
128	0.0
128	0.0
128	0.0
128	0.0
128	0.0
128	0.0
128	0.0
128	0.0
128	0.0
128	0.0
128	0.0
630	502.0
832	704.0
630	502.0
832	704.0
630	502.0
832	704.0
630	502.0
832	704.0
630	502.0
832	704.0
630	502.0
832	704.0
630	502.0
832	704.0
630	502.0
832	704.0
630	502.0
832	704.0
630	502.0
832	704.0
630	502.0
832	704.0
630	502.0
832	704.0
630	502.0
832	704.0
630	502.0
832	704.0
630	502.0
832	704.0
630	502.0
832	704.0
630	502.0
832	704.0
630	502.0
832	704.0
630	502.0
832	704.0
630	502.0
832	704.0
630	502.0
832	704.0
630	502.0
832	704.0
630	502.0
832	704.0
630	502.0
832	704.0
630	502.0
832	704.0
630	502.0
832	704.0
630	502.0
832	704.0
630	502.0
832	704.0
630	502.0
832	704.0
630	502.0
832	704.0
630	502.0
832	704.0
630	502.0
832	704.0
630	502.0
832	704.0
630	502.0
832	704.0
630	502.0
832	704.0
630	502.0
832	704.0
630	502.0
832	704.0
630	502.0
832	704.0
630	502.0
832	704.0
630	502.0
832	704.0
630	502.0
832	704.0
630	502.0
832	704.0
630	502.0
832	704.0
630	502.0
832	704.0
630	502.0
832	704.0
630	502.0
832	704.0
630	502.0
832	704.0
630	502.0
832	704.0
630	502.0
832	704.0
630	502.0
832	704.0
630	502.0
832	704.0
630	502.0
832	704.0
630	502.0
832	704.0
630	502.0
832	704.0
630	502.0
832	704.0
630	502.0
832	704.0
630	502.0
832	704.0
630	502.0
832	704.0
630	502.0
832	704.0
630	502.0
832	704.0
630	502.0
832	704.0
630	502.0
832	704.0
128	0.0
128	0.0
128	0.0
128	0.0
832	704.0
832	704.0
832	704.0
832	704.0
832	704.0
832	704.0
832	704.0
832	704.0
832	704.0
832	704.0
832	704.0
832	704.0
832	704.0
832	704.0
832	704.0
832	704.0
832	704.0
832	704.0
832	704.0
832	704.0
832	704.0
832	704.0
832	704.0
832	704.0
832	704.0
832	704.0
832	704.0
832	704.0
832	704.0
832	704.0
832	704.0
832	704.0
832	704.0
832	704.0
832	704.0
832	704.0
832	704.0
832	704.0
832	704.0
832	704.0
832	704.0
832	704.0
832	704.0
832	704.0
832	704.0
832	704.0
832	704.0
832	704.0
832	704.0
832	704.0
832	704.0
832	704.0
832	704.0
832	704.0
832	704.0
832	704.0
832	704.0
832	704.0
832	704.0
832	704.0
832	704.0
832	704.0
832	704.0
832	704.0
832	704.0
832	704.0
832	704.0
832	704.0
832	704.0
832	704.0
832	704.0
832	704.0
832	704.0
832	704.0
832	704.0
832	704.0
832	704.0
832	704.0
832	704.0
832	704.0
832	704.0
832	704.0
832	704.0
832	704.0
832	704.0
832	704.0
832	704.0
832	704.0
832	704.0
832	704.0
832	704.0
832	704.0
832	704.0
832	704.0
832	704.0
832	704.0
832	704.0
832	704.0
832	704.0
832	704.0
832	704.0
832	704.0
832	704.0
832	704.0
832	704.0
832	704.0
832	704.0
832	704.0
832	704.0
832	704.0
832	704.0
832	704.0
832	704.0
832	704.0
832	704.0
832	704.0
832	704.0
832	704.0
832	704.0
832	704.0
832	704.0
832	704.0
832	704.0
832	704.0
128	0.0
128	0.0
128	0.0
128	0.0
832	704.0
832	704.0
832	704.0
832	704.0
832	704.0
832	704.0
832	704.0
832	704.0
832	704.0
832	704.0
832	704.0
832	704.0
832	704.0
832	704.0
832	704.0
832	704.0
832	704.0
832	704.0
832	704.0
832	704.0
832	704.0
832	704.0
832	704.0
832	704.0
832	704.0
832	704.0
832	704.0
832	704.0
832	704.0
832	704.0
832	704.0
832	704.0
832	704.0
832	704.0
832	704.0
832	704.0
832	704.0
832	704.0
832	704.0
832	704.0
832	704.0
832	704.0
832	704.0
832	704.0
832	704.0
832	704.0
832	704.0
832	704.0
832	704.0
832	704.0
832	704.0
832	704.0
832	704.0
832	704.0
832	704.0
832	704.0
832	704.0
832	704.0
832	704.0
832	704.0
832	704.0
832	704.0
832	704.0
832	704.0
832	704.0
832	704.0
832	704.0
832	704.0
832	704.0
832	704.0
832	704.0
832	704.0
832	704.0
832	704.0
832	704.0
832	704.0
832	704.0
832	704.0
832	704.0
832	704.0
832	704.0
832	704.0
832	704.0
832	704.0
832	704.0
832	704.0
832	704.0
832	704.0
832	704.0
832	704.0
832	704.0
832	704.0
832	704.0
832	704.0
832	704.0
832	704.0
832	704.0
832	704.0
832	704.0
832	704.0
832	704.0
832	704.0
832	704.0
832	704.0
832	704.0
832	704.0
832	704.0
832	704.0
832	704.0
832	704.0
832	704.0
832	704.0
832	704.0
832	704.0
832	704.0
832	704.0
832	704.0
832	704.0
832	704.0
832	704.0
832	704.0
832	704.0
832	704.0
832	704.0
128	0.0
128	0.0
128	0.0
128	0.0
832	704.0
832	704.0
832	704.0
832	704.0
832	704.0
832	704.0
832	704.0
832	704.0
832	704.0
832	704.0
832	704.0
832	704.0
832	704.0
832	704.0
832	704.0
832	704.0
832	704.0
832	704.0
832	704.0
832	704.0
832	704.0
832	704.0
832	704.0
832	704.0
832	704.0
832	704.0
832	704.0
832	704.0
832	704.0
832	704.0
832	704.0
832	704.0
832	704.0
832	704.0
832	704.0
832	704.0
832	704.0
832	704.0
832	704.0
832	704.0
832	704.0
832	704.0
832	704.0
832	704.0
832	704.0
832	704.0
832	704.0
832	704.0
832	704.0
832	704.0
832	704.0
832	704.0
832	704.0
832	704.0
832	704.0
832	704.0
832	704.0
832	704.0
832	704.0
832	704.0
832	704.0
832	704.0
832	704.0
832	704.0
832	704.0
832	704.0
832	704.0
832	704.0
832	704.0
832	704.0
832	704.0
832	704.0
832	704.0
832	704.0
832	704.0
832	704.0
832	704.0
832	704.0
832	704.0
832	704.0
832	704.0
832	704.0
832	704.0
832	704.0
832	704.0
832	704.0
832	704.0
832	704.0
832	704.0
832	704.0
832	704.0
832	704.0
832	704.0
832	704.0
832	704.0
832	704.0
832	704.0
832	704.0
832	704.0
832	704.0
832	704.0
832	704.0
832	704.0
832	704.0
832	704.0
832	704.0
832	704.0
832	704.0
832	704.0
832	704.0
832	704.0
832	704.0
832	704.0
832	704.0
832	704.0
832	704.0
832	704.0
832	704.0
832	704.0
832	704.0
832	704.0
832	704.0
832	704.0
832	704.0
128	0.0
128	0.0
128	0.0
128	0.0
832	704.0
832	704.0
832	704.0
832	704.0
832	704.0
832	704.0
832	704.0
832	704.0
832	704.0
832	704.0
832	704.0
832	704.0
832	704.0
832	704.0
832	704.0
832	704.0
832	704.0
832	704.0
832	704.0
832	704.0
832	704.0
832	704.0
832	704.0
832	704.0
832	704.0
832	704.0
832	704.0
832	704.0
832	704.0
832	704.0
832	704.0
832	704.0
832	704.0
832	704.0
832	704.0
832	704.0
832	704.0
832	704.0
832	704.0
832	704.0
832	704.0
832	704.0
832	704.0
832	704.0
832	704.0
832	704.0
832	704.0
832	704.0
832	704.0
832	704.0
832	704.0
832	704.0
832	704.0
832	704.0
832	704.0
832	704.0
832	704.0
832	704.0
832	704.0
832	704.0
832	704.0
832	704.0
832	704.0
832	704.0
832	704.0
832	704.0
832	704.0
832	704.0
832	704.0
832	704.0
832	704.0
832	704.0
832	704.0
832	704.0
832	704.0
832	704.0
832	704.0
832	704.0
832	704.0
832	704.0
630	502.0
832	704.0
832	704.0
832	704.0
832	704.0
832	704.0
630	502.0
832	704.0
630	502.0
832	704.0
832	704.0
832	704.0
832	704.0
832	704.0
832	704.0
832	704.0
832	704.0
832	704.0
832	704.0
832	704.0
832	704.0
832	704.0
832	704.0
832	704.0
832	704.0
832	704.0
832	704.0
832	704.0
832	704.0
832	704.0
832	704.0
832	704.0
832	704.0
832	704.0
832	704.0
832	704.0
832	704.0
832	704.0
832	704.0
832	704.0
832	704.0
832	704.0
832	704.0
832	704.0
128	0.0
128	0.0
128	0.0
128	0.0
832	704.0
832	704.0
832	704.0
832	704.0
832	704.0
832	704.0
832	704.0
832	704.0
832	704.0
832	704.0
832	704.0
832	704.0
832	704.0
832	704.0
832	704.0
832	704.0
832	704.0
832	704.0
832	704.0
832	704.0
832	704.0
832	704.0
832	704.0
832	704.0
832	704.0
832	704.0
832	704.0
832	704.0
832	704.0
832	704.0
832	704.0
832	704.0
832	704.0
832	704.0
832	704.0
832	704.0
832	704.0
832	704.0
832	704.0
832	704.0
832	704.0
832	704.0
832	704.0
832	704.0
832	704.0
832	704.0
832	704.0
832	704.0
832	704.0
832	704.0
832	704.0
832	704.0
832	704.0
832	704.0
832	704.0
832	704.0
832	704.0
832	704.0
832	704.0
832	704.0
832	704.0
832	704.0
832	704.0
832	704.0
832	704.0
832	704.0
832	704.0
832	704.0
832	704.0
832	704.0
832	704.0
832	704.0
832	704.0
832	704.0
832	704.0
832	704.0
832	704.0
990	862.0
832	704.0
832	704.0
630	502.0
630	502.0
472	344.0
472	344.0
270	142.0
472	344.0
630	502.0
630	502.0
990	862.0
832	704.0
832	704.0
990	862.0
832	704.0
832	704.0
832	704.0
832	704.0
832	704.0
832	704.0
832	704.0
832	704.0
832	704.0
832	704.0
832	704.0
832	704.0
832	704.0
832	704.0
832	704.0
832	704.0
832	704.0
832	704.0
832	704.0
832	704.0
832	704.0
832	704.0
832	704.0
832	704.0
832	704.0
832	704.0
832	704.0
832	704.0
832	704.0
832	704.0
832	704.0
832	704.0
128	0.0
128	0.0
128	0.0
128	0.0
832	704.0
832	704.0
832	704.0
832	704.0
832	704.0
832	704.0
832	704.0
832	704.0
832	704.0
832	704.0
832	704.0
832	704.0
832	704.0
832	704.0
832	704.0
832	704.0
832	704.0
832	704.0
832	704.0
832	704.0
832	704.0
832	704.0
832	704.0
832	704.0
832	704.0
832	704.0
832	704.0
832	704.0
832	704.0
832	704.0
832	704.0
832	704.0
832	704.0
832	704.0
832	704.0
832	704.0
832	704.0
832	704.0
832	704.0
832	704.0
832	704.0
832	704.0
832	704.0
832	704.0
832	704.0
832	704.0
832	704.0
832	704.0
832	704.0
832	704.0
832	704.0
832	704.0
832	704.0
832	704.0
832	704.0
832	704.0
832	704.0
832	704.0
832	704.0
832	704.0
832	704.0
832	704.0
832	704.0
832	704.0
832	704.0
832	704.0
832	704.0
832	704.0
832	704.0
832	704.0
832	704.0
832	704.0
630	502.0
832	704.0
630	502.0
832	704.0
832	704.0
990	862.0
-3540	-3668.0
-2476	-2604.0
990	862.0
630	502.0
128	0.0
-3208	-3336.0
128	0.0
-962	-1090.0
270	142.0
832	704.0
1148	1020.0
990	862.0
-2696	-2824.0
832	704.0
832	704.0
832	704.0
630	502.0
832	704.0
832	704.0
832	704.0
832	704.0
832	704.0
832	704.0
832	704.0
832	704.0
832	704.0
832	704.0
832	704.0
832	704.0
832	704.0
832	704.0
832	704.0
832	704.0
832	704.0
832	704.0
832	704.0
832	704.0
832	704.0
832	704.0
832	704.0
832	704.0
832	704.0
832	704.0
832	704.0
832	704.0
832	704.0
128	0.0
128	0.0
128	0.0
128	0.0
832	704.0
832	704.0
832	704.0
832	704.0
832	704.0
832	704.0
832	704.0
832	704.0
832	704.0
832	704.0
832	704.0
832	704.0
832	704.0
832	704.0
832	704.0
832	704.0
832	704.0
832	704.0
832	704.0
832	704.0
832	704.0
832	704.0
832	704.0
832	704.0
832	704.0
832	704.0
832	704.0
832	704.0
832	704.0
832	704.0
832	704.0
832	704.0
832	704.0
832	704.0
832	704.0
832	704.0
832	704.0
832	704.0
832	704.0
832	704.0
832	704.0
832	704.0
832	704.0
832	704.0
832	704.0
832	704.0
832	704.0
832	704.0
832	704.0
832	704.0
832	704.0
832	704.0
832	704.0
832	704.0
832	704.0
832	704.0
832	704.0
832	704.0
832	704.0
832	704.0
832	704.0
832	704.0
832	704.0
832	704.0
832	704.0
832	704.0
832	704.0
832	704.0
832	704.0
832	704.0
832	704.0
832	704.0
630	502.0
630	502.0
-948	-1076.0
-948	-1076.0
630	502.0
630	502.0
630	502.0
9478	9350.0
128	0.0
-2454	-2582.0
112	-16.0
-292	-420.0
112	-16.0
-134	-262.0
-1472	-1600.0
128	0.0
128	0.0
6026	5898.0
630	502.0
630	502.0
-1642	-1770.0
630	502.0
832	704.0
832	704.0
832	704.0
832	704.0
832	704.0
832	704.0
832	704.0
832	704.0
832	704.0
832	704.0
832	704.0
832	704.0
832	704.0
832	704.0
832	704.0
832	704.0
832	704.0
832	704.0
832	704.0
832	704.0
832	704.0
832	704.0
832	704.0
832	704.0
832	704.0
832	704.0
832	704.0
832	704.0
832	704.0
832	704.0
128	0.0
128	0.0
128	0.0
128	0.0
832	704.0
832	704.0
832	704.0
832	704.0
832	704.0
832	704.0
832	704.0
832	704.0
832	704.0
832	704.0
832	704.0
832	704.0
832	704.0
832	704.0
832	704.0
832	704.0
832	704.0
832	704.0
832	704.0
832	704.0
832	704.0
832	704.0
832	704.0
832	704.0
832	704.0
832	704.0
832	704.0
832	704.0
832	704.0
832	704.0
832	704.0
832	704.0
832	704.0
832	704.0
832	704.0
832	704.0
832	704.0
832	704.0
832	704.0
832	704.0
832	704.0
832	704.0
832	704.0
832	704.0
832	704.0
832	704.0
832	704.0
832	704.0
832	704.0
832	704.0
630	502.0
832	704.0
630	502.0
832	704.0
630	502.0
832	704.0
630	502.0
832	704.0
630	502.0
832	704.0
630	502.0
832	704.0
630	502.0
832	704.0
630	502.0
832	704.0
630	502.0
832	704.0
832	704.0
832	704.0
990	862.0
990	862.0
990	862.0
630	502.0
-6958	-7086.0
-1306	-1434.0
128	0.0
-2392	-2520.0
-3658	-3786.0
472	344.0
630	502.0
270	142.0
-606	-734.0
270	142.0
270	142.0
270	142.0
-1370	-1498.0
630	502.0
630	502.0
472	344.0
128	0.0
128	0.0
-444	-572.0
832	704.0
-3364	-3492.0
-2160	-2288.0
832	704.0
832	704.0
832	704.0
832	704.0
832	704.0
832	704.0
832	704.0
832	704.0
832	704.0
832	704.0
832	704.0
832	704.0
832	704.0
832	704.0
832	704.0
832	704.0
832	704.0
832	704.0
832	704.0
832	704.0
832	704.0
832	704.0
832	704.0
832	704.0
832	704.0
832	704.0
832	704.0
832	704.0
128	0.0
128	0.0
128	0.0
128	0.0
832	704.0
832	704.0
832	704.0
832	704.0
832	704.0
832	704.0
832	704.0
832	704.0
832	704.0
832	704.0
832	704.0
832	704.0
832	704.0
832	704.0
832	704.0
832	704.0
832	704.0
832	704.0
832	704.0
832	704.0
832	704.0
832	704.0
832	704.0
832	704.0
832	704.0
832	704.0
832	704.0
832	704.0
832	704.0
832	704.0
832	704.0
832	704.0
832	704.0
832	704.0
832	704.0
832	704.0
832	704.0
832	704.0
832	704.0
832	704.0
832	704.0
990	862.0
832	704.0
990	862.0
832	704.0
832	704.0
832	704.0
832	704.0
630	502.0
832	704.0
630	502.0
630	502.0
428	300.0
630	502.0
270	142.0
630	502.0
270	142.0
630	502.0
-746	-874.0
428	300.0
270	142.0
428	300.0
270	142.0
428	300.0
270	142.0
630	502.0
630	502.0
630	502.0
-2486	-2614.0
-2970	-3098.0
788	660.0
128	0.0
4904	4776.0
788	660.0
472	344.0
-292	-420.0
-450	-578.0
-90	-218.0
-90	-218.0
-90	-218.0
270	142.0
270	142.0
270	142.0
-90	-218.0
270	142.0
270	142.0
270	142.0
112	-16.0
270	142.0
-90	-218.0
112	-16.0
-134	-262.0
-3508	-3636.0
128	0.0
128	0.0
990	862.0
990	862.0
-2222	-2350.0
832	704.0
832	704.0
832	704.0
832	704.0
832	704.0
832	704.0
832	704.0
832	704.0
832	704.0
832	704.0
832	704.0
832	704.0
832	704.0
832	704.0
832	704.0
832	704.0
832	704.0
832	704.0
832	704.0
832	704.0
832	704.0
832	704.0
832	704.0
832	704.0
832	704.0
832	704.0
128	0.0
128	0.0
128	0.0
128	0.0
832	704.0
832	704.0
832	704.0
832	704.0
832	704.0
832	704.0
832	704.0
832	704.0
832	704.0
832	704.0
832	704.0
832	704.0
832	704.0
832	704.0
832	704.0
832	704.0
832	704.0
832	704.0
832	704.0
832	704.0
832	704.0
832	704.0
832	704.0
832	704.0
832	704.0
832	704.0
832	704.0
832	704.0
832	704.0
832	704.0
832	704.0
832	704.0
832	704.0
832	704.0
832	704.0
832	704.0
832	704.0
832	704.0
630	502.0
832	704.0
832	704.0
990	862.0
990	862.0
-2924	-3052.0
-3232	-3360.0
-3240	-3368.0
-3038	-3166.0
990	862.0
990	862.0
990	862.0
788	660.0
472	344.0
-534	-662.0
112	-16.0
-1342	-1470.0
-262	-390.0
-5730	-5858.0
112	-16.0
-1860	-1988.0
-666	-794.0
-5888	-6016.0
-982	-1110.0
-7362	-7490.0
-718	-846.0
-90	-218.0
472	344.0
630	502.0
630	502.0
788	660.0
990	862.0
128	0.0
128	0.0
-4066	-4194.0
-3340	-3468.0
-852	-980.0
68	-60.0
-90	-218.0
-90	-218.0
-90	-218.0
-90	-218.0
-90	-218.0
-90	-218.0
-90	-218.0
-90	-218.0
-90	-218.0
-90	-218.0
-90	-218.0
-90	-218.0
-90	-218.0
-90	-218.0
-90	-218.0
68	-60.0
-1652	-1780.0
630	502.0
472	344.0
128	0.0
2684	2556.0
630	502.0
-3084	-3212.0
832	704.0
832	704.0
832	704.0
832	704.0
832	704.0
832	704.0
832	704.0
832	704.0
832	704.0
832	704.0
832	704.0
832	704.0
832	704.0
832	704.0
832	704.0
832	704.0
832	704.0
832	704.0
832	704.0
832	704.0
832	704.0
832	704.0
832	704.0
832	704.0
832	704.0
128	0.0
128	0.0
128	0.0
128	0.0
832	704.0
832	704.0
832	704.0
832	704.0
832	704.0
832	704.0
832	704.0
832	704.0
832	704.0
832	704.0
832	704.0
832	704.0
832	704.0
832	704.0
832	704.0
832	704.0
832	704.0
832	704.0
832	704.0
832	704.0
832	704.0
832	704.0
832	704.0
832	704.0
832	704.0
832	704.0
832	704.0
832	704.0
832	704.0
832	704.0
832	704.0
832	704.0
832	704.0
990	862.0
832	704.0
990	862.0
832	704.0
630	502.0
630	502.0
-1116	-1244.0
630	502.0
630	502.0
832	704.0
1148	1020.0
3180	3052.0
128	0.0
128	0.0
8530	8402.0
5166	5038.0
128	0.0
2762	2634.0
-2402	-2530.0
46	-82.0
-134	-262.0
-292	-420.0
-292	-420.0
-90	-218.0
-90	-218.0
-292	-420.0
-134	-262.0
-292	-420.0
-292	-420.0
-90	-218.0
-292	-420.0
112	-16.0
270	142.0
472	344.0
1292	1164.0
630	502.0
3796	3668.0
128	0.0
128	0.0
428	300.0
630	502.0
270	142.0
-90	-218.0
270	142.0
270	142.0
270	142.0
-90	-218.0
-90	-218.0
-90	-218.0
-90	-218.0
-90	-218.0
-90	-218.0
-90	-218.0
-90	-218.0
-90	-218.0
-90	-218.0
-90	-218.0
-90	-218.0
270	142.0
270	142.0
114	-14.0
-1248	-1376.0
112	-16.0
128	0.0
4220	4092.0
630	502.0
-2856	-2984.0
832	704.0
832	704.0
832	704.0
832	704.0
832	704.0
832	704.0
832	704.0
832	704.0
832	704.0
832	704.0
832	704.0
832	704.0
832	704.0
832	704.0
832	704.0
832	704.0
832	704.0
832	704.0
832	704.0
832	704.0
832	704.0
832	704.0
832	704.0
832	704.0
128	0.0
128	0.0
128	0.0
128	0.0
832	704.0
832	704.0
832	704.0
832	704.0
832	704.0
832	704.0
832	704.0
832	704.0
832	704.0
832	704.0
832	704.0
832	704.0
832	704.0
832	704.0
832	704.0
832	704.0
832	704.0
832	704.0
832	704.0
832	704.0
832	704.0
832	704.0
832	704.0
832	704.0
832	704.0
832	704.0
832	704.0
832	704.0
832	704.0
832	704.0
630	502.0
832	704.0
832	704.0
990	862.0
-2476	-2604.0
-4050	-4178.0
-4524	-4652.0
990	862.0
270	142.0
618	490.0
128	0.0
128	0.0
-706	-834.0
-354	-482.0
-1550	-1678.0
872	744.0
428	300.0
630	502.0
-2178	-2306.0
630	502.0
630	502.0
428	300.0
270	142.0
428	300.0
270	142.0
270	142.0
270	142.0
270	142.0
270	142.0
270	142.0
270	142.0
270	142.0
270	142.0
270	142.0
270	142.0
472	344.0
630	502.0
630	502.0
630	502.0
630	502.0
-1440	-1568.0
472	344.0
270	142.0
-248	-376.0
128	0.0
-450	-578.0
270	142.0
270	142.0
428	300.0
68	-60.0
-90	-218.0
-90	-218.0
-90	-218.0
-90	-218.0
-90	-218.0
-90	-218.0
-90	-218.0
-90	-218.0
-90	-218.0
-90	-218.0
-90	-218.0
-90	-218.0
-90	-218.0
68	-60.0
112	-16.0
-70	-198.0
112	-16.0
128	0.0
128	0.0
788	660.0
-3260	-3388.0
630	502.0
832	704.0
832	704.0
832	704.0
832	704.0
832	704.0
832	704.0
832	704.0
832	704.0
832	704.0
832	704.0
832	704.0
832	704.0
832	704.0
832	704.0
832	704.0
832	704.0
832	704.0
832	704.0
832	704.0
832	704.0
832	704.0
832	704.0
128	0.0
128	0.0
128	0.0
128	0.0
832	704.0
832	704.0
832	704.0
832	704.0
832	704.0
832	704.0
832	704.0
832	704.0
832	704.0
832	704.0
832	704.0
832	704.0
832	704.0
832	704.0
832	704.0
832	704.0
832	704.0
832	704.0
832	704.0
832	704.0
832	704.0
832	704.0
832	704.0
832	704.0
832	704.0
832	704.0
832	704.0
990	862.0
832	704.0
832	704.0
-1914	-2042.0
630	502.0
630	502.0
990	862.0
990	862.0
9038	8910.0
4992	4864.0
128	0.0
128	0.0
-1938	-2066.0
-450	-578.0
68	-60.0
-90	-218.0
-90	-218.0
-90	-218.0
-90	-218.0
68	-60.0
112	-16.0
270	142.0
112	-16.0
270	142.0
-90	-218.0
270	142.0
-90	-218.0
270	142.0
112	-16.0
270	142.0
-90	-218.0
68	-60.0
-90	-218.0
68	-60.0
-90	-218.0
270	142.0
112	-16.0
270	142.0
270	142.0
270	142.0
112	-16.0
270	142.0
112	-16.0
270	142.0
112	-16.0
270	142.0
-90	-218.0
-90	-218.0
-134	-262.0
-3342	-3470.0
128	0.0
-5080	-5208.0
68	-60.0
270	142.0
112	-16.0
68	-60.0
-90	-218.0
-90	-218.0
-90	-218.0
-90	-218.0
-90	-218.0
-90	-218.0
-90	-218.0
-90	-218.0
-90	-218.0
-90	-218.0
-90	-218.0
68	-60.0
112	-16.0
-1248	-1376.0
112	-16.0
128	0.0
128	0.0
788	660.0
-3304	-3432.0
832	704.0
832	704.0
832	704.0
832	704.0
832	704.0
832	704.0
832	704.0
832	704.0
832	704.0
832	704.0
832	704.0
832	704.0
832	704.0
832	704.0
832	704.0
832	704.0
832	704.0
832	704.0
832	704.0
832	704.0
832	704.0
832	704.0
128	0.0
128	0.0
128	0.0
128	0.0
832	704.0
832	704.0
832	704.0
832	704.0
832	704.0
832	704.0
832	704.0
832	704.0
832	704.0
832	704.0
832	704.0
832	704.0
832	704.0
832	704.0
832	704.0
832	704.0
832	704.0
832	704.0
832	704.0
832	704.0
832	704.0
832	704.0
832	704.0
832	704.0
832	704.0
832	704.0
832	704.0
-2652	-2780.0
-5218	-5346.0
-2476	-2604.0
630	502.0
2278	2150.0
128	0.0
1786	1658.0
28	-100.0
1134	1006.0
428	300.0
472	344.0
-1678	-1806.0
428	300.0
-720	-848.0
270	142.0
270	142.0
68	-60.0
-90	-218.0
-90	-218.0
-90	-218.0
-90	-218.0
68	-60.0
68	-60.0
-90	-218.0
-90	-218.0
-90	-218.0
-90	-218.0
-90	-218.0
112	-16.0
68	-60.0
-90	-218.0
-90	-218.0
-90	-218.0
-90	-218.0
-90	-218.0
-90	-218.0
-90	-218.0
-90	-218.0
-90	-218.0
-90	-218.0
-90	-218.0
-90	-218.0
-90	-218.0
-90	-218.0
-90	-218.0
-90	-218.0
-90	-218.0
-90	-218.0
68	-60.0
-1124	-1252.0
270	142.0
-4176	-4304.0
-1294	-1422.0
270	142.0
314	186.0
270	142.0
68	-60.0
-90	-218.0
-90	-218.0
-90	-218.0
-90	-218.0
-90	-218.0
-90	-218.0
-90	-218.0
-90	-218.0
-90	-218.0
-90	-218.0
-90	-218.0
-90	-218.0
112	-16.0
-18	-146.0
112	-16.0
128	0.0
128	0.0
788	660.0
-3664	-3792.0
630	502.0
832	704.0
832	704.0
832	704.0
832	704.0
832	704.0
832	704.0
832	704.0
832	704.0
832	704.0
832	704.0
832	704.0
832	704.0
832	704.0
832	704.0
832	704.0
832	704.0
832	704.0
832	704.0
832	704.0
832	704.0
128	0.0
128	0.0
128	0.0
128	0.0
832	704.0
832	704.0
832	704.0
832	704.0
832	704.0
832	704.0
832	704.0
832	704.0
832	704.0
832	704.0
832	704.0
832	704.0
832	704.0
832	704.0
832	704.0
832	704.0
832	704.0
832	704.0
832	704.0
832	704.0
832	704.0
832	704.0
832	704.0
832	704.0
-2204	-2332.0
-904	-1032.0
630	502.0
990	862.0
4352	4224.0
128	0.0
128	0.0
-1876	-2004.0
-1316	-1444.0
270	142.0
270	142.0
-90	-218.0
270	142.0
112	-16.0
270	142.0
270	142.0
270	142.0
270	142.0
68	-60.0
-90	-218.0
-90	-218.0
-90	-218.0
112	-16.0
270	142.0
270	142.0
270	142.0
270	142.0
270	142.0
270	142.0
270	142.0
270	142.0
472	344.0
270	142.0
270	142.0
270	142.0
-90	-218.0
-90	-218.0
-90	-218.0
-90	-218.0
-90	-218.0
-90	-218.0
-90	-218.0
-90	-218.0
-90	-218.0
-90	-218.0
-90	-218.0
-90	-218.0
-90	-218.0
-90	-218.0
-90	-218.0
-90	-218.0
-90	-218.0
270	142.0
-90	-218.0
112	-16.0
-90	-218.0
128	0.0
576	448.0
270	142.0
-26	-154.0
68	-60.0
-90	-218.0
-90	-218.0
-90	-218.0
-90	-218.0
-90	-218.0
-90	-218.0
-90	-218.0
-90	-218.0
-90	-218.0
-90	-218.0
-90	-218.0
-90	-218.0
112	-16.0
-1266	-1394.0
472	344.0
128	0.0
128	0.0
788	660.0
-3304	-3432.0
832	704.0
832	704.0
832	704.0
832	704.0
832	704.0
832	704.0
832	704.0
832	704.0
832	704.0
832	704.0
832	704.0
832	704.0
832	704.0
832	704.0
832	704.0
832	704.0
832	704.0
832	704.0
832	704.0
832	704.0
128	0.0
128	0.0
128	0.0
128	0.0
832	704.0
832	704.0
832	704.0
832	704.0
832	704.0
832	704.0
832	704.0
832	704.0
832	704.0
832	704.0
630	502.0
832	704.0
630	502.0
832	704.0
630	502.0
832	704.0
630	502.0
832	704.0
630	502.0
832	704.0
630	502.0
832	704.0
-2424	-2552.0
-2328	-2456.0
990	862.0
3008	2880.0
128	0.0
-486	-614.0
68	-60.0
472	344.0
428	300.0
270	142.0
270	142.0
270	142.0
-90	-218.0
-90	-218.0
-90	-218.0
-90	-218.0
-90	-218.0
-90	-218.0
-90	-218.0
-90	-218.0
-90	-218.0
-90	-218.0
-90	-218.0
112	-16.0
270	142.0
472	344.0
630	502.0
630	502.0
630	502.0
630	502.0
630	502.0
630	502.0
832	704.0
630	502.0
630	502.0
630	502.0
270	142.0
270	142.0
68	-60.0
-90	-218.0
-90	-218.0
-90	-218.0
-90	-218.0
-90	-218.0
-90	-218.0
-90	-218.0
-90	-218.0
-90	-218.0
-90	-218.0
-90	-218.0
-90	-218.0
-90	-218.0
-90	-218.0
-90	-218.0
-90	-218.0
-90	-218.0
112	-16.0
52	-76.0
270	142.0
128	0.0
-3288	-3416.0
112	-16.0
26	-102.0
-90	-218.0
-90	-218.0
-90	-218.0
-90	-218.0
-90	-218.0
-90	-218.0
-90	-218.0
-90	-218.0
-90	-218.0
-90	-218.0
-90	-218.0
-90	-218.0
-90	-218.0
112	-16.0
-282	-410.0
314	186.0
128	0.0
128	0.0
788	660.0
-3032	-3160.0
832	704.0
832	704.0
788	660.0
832	704.0
832	704.0
832	704.0
832	704.0
832	704.0
832	704.0
832	704.0
832	704.0
832	704.0
832	704.0
832	704.0
832	704.0
832	704.0
832	704.0
832	704.0
832	704.0
128	0.0
128	0.0
128	0.0
128	0.0
832	704.0
832	704.0
832	704.0
832	704.0
832	704.0
832	704.0
832	704.0
832	704.0
832	704.0
630	502.0
630	502.0
630	502.0
-992	-1120.0
630	502.0
-1256	-1384.0
-2108	-2236.0
-1090	-1218.0
-1396	-1524.0
-984	-1112.0
-1590	-1718.0
-1504	-1632.0
-1662	-1790.0
-1968	-2096.0
832	704.0
128	0.0
-3666	-3794.0
-90	-218.0
-90	-218.0
270	142.0
-90	-218.0
270	142.0
270	142.0
270	142.0
112	-16.0
68	-60.0
-90	-218.0
-90	-218.0
-90	-218.0
-90	-218.0
-90	-218.0
-90	-218.0
-90	-218.0
-90	-218.0
-90	-218.0
-90	-218.0
270	142.0
270	142.0
630	502.0
630	502.0
832	704.0
630	502.0
990	862.0
832	704.0
990	862.0
832	704.0
832	704.0
630	502.0
630	502.0
630	502.0
630	502.0
270	142.0
68	-60.0
-90	-218.0
-90	-218.0
-90	-218.0
-90	-218.0
-90	-218.0
-90	-218.0
-90	-218.0
-90	-218.0
-90	-218.0
-90	-218.0
-90	-218.0
-90	-218.0
-90	-218.0
-90	-218.0
-90	-218.0
-90	-218.0
-90	-218.0
112	-16.0
-1372	-1500.0
270	142.0
128	0.0
224	96.0
472	344.0
132	4.0
-90	-218.0
-90	-218.0
-90	-218.0
-90	-218.0
-90	-218.0
-90	-218.0
-90	-218.0
-90	-218.0
-90	-218.0
-90	-218.0
-90	-218.0
-90	-218.0
68	-60.0
112	-16.0
-1486	-1614.0
314	186.0
128	0.0
128	0.0
630	502.0
-3462	-3590.0
832	704.0
630	502.0
832	704.0
832	704.0
832	704.0
832	704.0
832	704.0
832	704.0
832	704.0
832	704.0
832	704.0
832	704.0
832	704.0
832	704.0
832	704.0
832	704.0
832	704.0
832	704.0
128	0.0
128	0.0
128	0.0
128	0.0
832	704.0
832	704.0
832	704.0
832	704.0
630	502.0
832	704.0
832	704.0
-2600	-2728.0
-4630	-4758.0
788	660.0
-1322	-1450.0
472	344.0
-2456	-2584.0
502	374.0
68	-60.0
472	344.0
428	300.0
112	-16.0
-3920	-4048.0
-628	-756.0
-2726	-2854.0
-46	-174.0
128	0.0
-328	-456.0
428	300.0
270	142.0
270	142.0
68	-60.0
-90	-218.0
-90	-218.0
-90	-218.0
-90	-218.0
-90	-218.0
-90	-218.0
-90	-218.0
-90	-218.0
-90	-218.0
-90	-218.0
-90	-218.0
-90	-218.0
-90	-218.0
-90	-218.0
-90	-218.0
-90	-218.0
-90	-218.0
270	142.0
630	502.0
630	502.0
630	502.0
630	502.0
630	502.0
832	704.0
832	704.0
832	704.0
832	704.0
832	704.0
832	704.0
832	704.0
630	502.0
630	502.0
630	502.0
270	142.0
-90	-218.0
-90	-218.0
-90	-218.0
-90	-218.0
-90	-218.0
-90	-218.0
-90	-218.0
-90	-218.0
-90	-218.0
-90	-218.0
-90	-218.0
-90	-218.0
-90	-218.0
-90	-218.0
-90	-218.0
-90	-218.0
-90	-218.0
-90	-218.0
112	-16.0
-238	-366.0
270	142.0
128	0.0
270	142.0
122	-6.0
112	-16.0
-90	-218.0
-90	-218.0
-90	-218.0
-90	-218.0
-90	-218.0
-90	-218.0
-90	-218.0
-90	-218.0
-90	-218.0
-90	-218.0
-90	-218.0
-90	-218.0
-90	-218.0
-70	-198.0
-414	-542.0
472	344.0
128	0.0
128	0.0
630	502.0
-2944	-3072.0
832	704.0
832	704.0
832	704.0
832	704.0
832	704.0
832	704.0
832	704.0
832	704.0
832	704.0
832	704.0
832	704.0
832	704.0
832	704.0
832	704.0
832	704.0
832	704.0
832	704.0
128	0.0
128	0.0
128	0.0
128	0.0
832	704.0
832	704.0
832	704.0
832	704.0
832	704.0
-1660	-1788.0
-3014	-3142.0
990	862.0
128	0.0
128	0.0
138	10.0
-696	-824.0
-1092	-1220.0
128	0.0
128	0.0
128	0.0
-2560	-2688.0
24	-104.0
112	-16.0
128	0.0
128	0.0
-292	-420.0
-248	-376.0
-90	-218.0
270	142.0
112	-16.0
270	142.0
-90	-218.0
-90	-218.0
-90	-218.0
-90	-218.0
-90	-218.0
-90	-218.0
-90	-218.0
-90	-218.0
-90	-218.0
-90	-218.0
-90	-218.0
-90	-218.0
-90	-218.0
-90	-218.0
-90	-218.0
-90	-218.0
-90	-218.0
-90	-218.0
270	142.0
630	502.0
630	502.0
630	502.0
630	502.0
832	704.0
832	704.0
832	704.0
832	704.0
832	704.0
832	704.0
832	704.0
832	704.0
832	704.0
832	704.0
630	502.0
270	142.0
270	142.0
-90	-218.0
-90	-218.0
-90	-218.0
-90	-218.0
-90	-218.0
-90	-218.0
-90	-218.0
-90	-218.0
-90	-218.0
-90	-218.0
-90	-218.0
-90	-218.0
-90	-218.0
-90	-218.0
-90	-218.0
68	-60.0
270	142.0
270	142.0
-1064	-1192.0
-1696	-1824.0
1444	1316.0
128	0.0
270	142.0
-652	-780.0
-90	-218.0
-90	-218.0
-90	-218.0
-90	-218.0
-90	-218.0
-90	-218.0
-90	-218.0
-90	-218.0
-90	-218.0
-90	-218.0
-90	-218.0
-90	-218.0
-90	-218.0
68	-60.0
-282	-410.0
-668	-796.0
-1436	-1564.0
128	0.0
1846	1718.0
-3664	-3792.0
-2820	-2948.0
832	704.0
832	704.0
832	704.0
832	704.0
832	704.0
832	704.0
832	704.0
832	704.0
832	704.0
832	704.0
832	704.0
832	704.0
832	704.0
832	704.0
832	704.0
832	704.0
128	0.0
128	0.0
128	0.0
128	0.0
832	704.0
832	704.0
832	704.0
-2416	-2544.0
-2986	-3114.0
630	502.0
128	0.0
128	0.0
-1094	-1222.0
112	-16.0
-292	-420.0
270	142.0
270	142.0
270	142.0
-1520	-1648.0
630	502.0
-2320	-2448.0
-1740	-1868.0
-1556	-1684.0
428	300.0
270	142.0
270	142.0
270	142.0
-90	-218.0
-90	-218.0
-90	-218.0
-90	-218.0
-90	-218.0
-90	-218.0
-90	-218.0
-90	-218.0
-90	-218.0
-90	-218.0
-90	-218.0
-90	-218.0
-90	-218.0
-90	-218.0
-90	-218.0
-90	-218.0
-90	-218.0
-90	-218.0
-90	-218.0
-90	-218.0
-90	-218.0
-90	-218.0
270	142.0
270	142.0
630	502.0
832	704.0
832	704.0
832	704.0
832	704.0
832	704.0
832	704.0
832	704.0
832	704.0
832	704.0
832	704.0
832	704.0
832	704.0
630	502.0
630	502.0
270	142.0
270	142.0
-90	-218.0
-90	-218.0
-90	-218.0
-90	-218.0
-90	-218.0
-90	-218.0
-90	-218.0
-90	-218.0
-90	-218.0
-90	-218.0
-90	-218.0
-90	-218.0
-90	-218.0
-90	-218.0
-90	-218.0
270	142.0
270	142.0
-1722	-1850.0
128	0.0
832	704.0
128	0.0
168	40.0
500	372.0
202	74.0
112	-16.0
-90	-218.0
-90	-218.0
-90	-218.0
-90	-218.0
-90	-218.0
-90	-218.0
-90	-218.0
-90	-218.0
-90	-218.0
-90	-218.0
-90	-218.0
-90	-218.0
-90	-218.0
744	616.0
270	142.0
128	0.0
128	0.0
990	862.0
-4008	-4136.0
990	862.0
832	704.0
832	704.0
832	704.0
832	704.0
832	704.0
832	704.0
832	704.0
832	704.0
832	704.0
832	704.0
832	704.0
832	704.0
832	704.0
832	704.0
832	704.0
128	0.0
128	0.0
128	0.0
128	0.0
832	704.0
-2292	-2420.0
-4138	-4266.0
990	862.0
128	0.0
128	0.0
128	0.0
112	-16.0
-590	-718.0
930	802.0
-90	-218.0
112	-16.0
270	142.0
270	142.0
270	142.0
270	142.0
270	142.0
270	142.0
270	142.0
270	142.0
270	142.0
270	142.0
270	142.0
-90	-218.0
-90	-218.0
-90	-218.0
-90	-218.0
-90	-218.0
-90	-218.0
-90	-218.0
-90	-218.0
-90	-218.0
-90	-218.0
-90	-218.0
-90	-218.0
-90	-218.0
-90	-218.0
-90	-218.0
-90	-218.0
-90	-218.0
-90	-218.0
-90	-218.0
-90	-218.0
-90	-218.0
-90	-218.0
-90	-218.0
270	142.0
630	502.0
630	502.0
832	704.0
832	704.0
832	704.0
832	704.0
832	704.0
832	704.0
832	704.0
832	704.0
832	704.0
832	704.0
832	704.0
630	502.0
630	502.0
428	300.0
68	-60.0
-90	-218.0
-90	-218.0
-90	-218.0
-90	-218.0
-90	-218.0
-90	-218.0
-90	-218.0
-90	-218.0
270	142.0
112	-16.0
270	142.0
-90	-218.0
-90	-218.0
-90	-218.0
270	142.0
270	142.0
472	344.0
2346	2218.0
428	300.0
5498	5370.0
128	0.0
128	0.0
270	142.0
-582	-710.0
68	-60.0
-90	-218.0
-90	-218.0
-90	-218.0
-90	-218.0
-90	-218.0
-90	-218.0
-90	-218.0
-90	-218.0
-90	-218.0
-90	-218.0
-90	-218.0
-90	-218.0
-90	-218.0
-546	-674.0
-1020	-1148.0
128	0.0
128	0.0
2100	1972.0
-4956	-5084.0
-3084	-3212.0
832	704.0
832	704.0
832	704.0
832	704.0
832	704.0
832	704.0
832	704.0
832	704.0
832	704.0
832	704.0
832	704.0
832	704.0
832	704.0
832	704.0
832	704.0
128	0.0
128	0.0
128	0.0
128	0.0
-2556	-2684.0
-3050	-3178.0
832	704.0
128	0.0
128	0.0
428	300.0
-616	-744.0
-114	-242.0
-90	-218.0
-90	-218.0
-90	-218.0
-90	-218.0
-90	-218.0
-90	-218.0
-90	-218.0
-90	-218.0
-90	-218.0
112	-16.0
-90	-218.0
-90	-218.0
-90	-218.0
-90	-218.0
-90	-218.0
-90	-218.0
-90	-218.0
-90	-218.0
-90	-218.0
-90	-218.0
-90	-218.0
-90	-218.0
-90	-218.0
-90	-218.0
-90	-218.0
-90	-218.0
-90	-218.0
-90	-218.0
-90	-218.0
-90	-218.0
-90	-218.0
-90	-218.0
-90	-218.0
-90	-218.0
-90	-218.0
-90	-218.0
-90	-218.0
-90	-218.0
270	142.0
270	142.0
630	502.0
832	704.0
832	704.0
832	704.0
832	704.0
832	704.0
832	704.0
832	704.0
832	704.0
832	704.0
832	704.0
832	704.0
832	704.0
630	502.0
630	502.0
270	142.0
68	-60.0
-90	-218.0
-90	-218.0
-90	-218.0
-292	-420.0
-90	-218.0
-90	-218.0
270	142.0
270	142.0
-746	-874.0
-834	-962.0
270	142.0
-292	-420.0
-450	-578.0
-2052	-2180.0
1428	1300.0
5604	5476.0
990	862.0
128	0.0
128	0.0
832	704.0
128	0.0
270	142.0
-414	-542.0
0	-128.0
-90	-218.0
-90	-218.0
-90	-218.0
-90	-218.0
-90	-218.0
-90	-218.0
-90	-218.0
-90	-218.0
-90	-218.0
-90	-218.0
-90	-218.0
-90	-218.0
-90	-218.0
112	-16.0
-108	-236.0
270	142.0
128	0.0
128	0.0
990	862.0
128	0.0
832	704.0
832	704.0
832	704.0
832	704.0
832	704.0
832	704.0
832	704.0
832	704.0
832	704.0
832	704.0
832	704.0
832	704.0
832	704.0
832	704.0
832	704.0
128	0.0
128	0.0
128	0.0
128	0.0
-4332	-4460.0
832	704.0
128	0.0
128	0.0
68	-60.0
210	82.0
270	142.0
270	142.0
68	-60.0
-90	-218.0
-90	-218.0
-90	-218.0
-90	-218.0
-90	-218.0
-90	-218.0
-90	-218.0
-90	-218.0
-90	-218.0
-90	-218.0
-90	-218.0
-90	-218.0
-90	-218.0
-90	-218.0
-90	-218.0
-90	-218.0
-90	-218.0
-90	-218.0
-90	-218.0
-90	-218.0
-90	-218.0
-90	-218.0
-90	-218.0
-90	-218.0
-90	-218.0
-90	-218.0
-90	-218.0
-90	-218.0
-90	-218.0
-90	-218.0
-90	-218.0
-90	-218.0
-90	-218.0
-90	-218.0
-90	-218.0
-90	-218.0
-90	-218.0
-90	-218.0
270	142.0
630	502.0
630	502.0
832	704.0
832	704.0
832	704.0
832	704.0
832	704.0
832	704.0
832	704.0
832	704.0
630	502.0
832	704.0
832	704.0
832	704.0
630	502.0
630	502.0
630	502.0
270	142.0
270	142.0
-90	-218.0
334	206.0
720	592.0
112	-16.0
270	142.0
270	142.0
788	660.0
-358	-486.0
2698	2570.0
72	-56.0
156	28.0
590	462.0
128	0.0
128	0.0
-3392	-3520.0
128	0.0
128	0.0
630	502.0
128	0.0
128	0.0
-642	-770.0
-424	-552.0
-90	-218.0
-90	-218.0
-90	-218.0
-90	-218.0
-90	-218.0
-90	-218.0
112	-16.0
270	142.0
112	-16.0
-90	-218.0
-90	-218.0
-90	-218.0
-90	-218.0
112	-16.0
-12	-140.0
-2102	-2230.0
674	546.0
128	0.0
2382	2254.0
-3136	-3264.0
-3242	-3370.0
832	704.0
832	704.0
832	704.0
832	704.0
832	704.0
832	704.0
832	704.0
832	704.0
832	704.0
832	704.0
832	704.0
832	704.0
832	704.0
832	704.0
128	0.0
128	0.0
128	0.0
128	0.0
630	502.0
128	0.0
128	0.0
630	502.0
-582	-710.0
68	-60.0
-90	-218.0
-90	-218.0
-90	-218.0
-90	-218.0
-90	-218.0
-90	-218.0
-90	-218.0
-90	-218.0
-90	-218.0
-90	-218.0
-90	-218.0
-90	-218.0
-90	-218.0
-90	-218.0
-90	-218.0
-90	-218.0
-90	-218.0
-90	-218.0
-90	-218.0
-90	-218.0
-90	-218.0
68	-60.0
-90	-218.0
-90	-218.0
-90	-218.0
-90	-218.0
-90	-218.0
-90	-218.0
-90	-218.0
-90	-218.0
-90	-218.0
-90	-218.0
-90	-218.0
-90	-218.0
-90	-218.0
-90	-218.0
-90	-218.0
-90	-218.0
-90	-218.0
-90	-218.0
-90	-218.0
270	142.0
270	142.0
630	502.0
630	502.0
832	704.0
630	502.0
832	704.0
630	502.0
832	704.0
832	704.0
832	704.0
832	704.0
832	704.0
630	502.0
832	704.0
-2160	-2288.0
-2196	-2324.0
-2696	-2824.0
630	502.0
270	142.0
270	142.0
-292	-420.0
-450	-578.0
-1816	-1944.0
-248	-376.0
586	458.0
832	704.0
1306	1178.0
1236	1108.0
1034	906.0
876	748.0
2328	2200.0
128	0.0
990	862.0
-3340	-3468.0
128	0.0
128	0.0
-2028	-2156.0
128	0.0
128	0.0
270	142.0
-126	-254.0
-90	-218.0
-90	-218.0
-90	-218.0
-90	-218.0
-90	-218.0
-90	-218.0
270	142.0
428	300.0
472	344.0
68	-60.0
112	-16.0
-1658	-1786.0
112	-16.0
270	142.0
630	502.0
-1598	-1726.0
472	344.0
630	502.0
128	0.0
1192	1064.0
-3208	-3336.0
-2732	-2860.0
832	704.0
832	704.0
832	704.0
832	704.0
832	704.0
832	704.0
832	704.0
832	704.0
832	704.0
832	704.0
832	704.0
832	704.0
832	704.0
128	0.0
128	0.0
128	0.0
128	0.0
1450	1322.0
128	0.0
-1314	-1442.0
-1794	-1922.0
-958	-1086.0
-90	-218.0
-90	-218.0
-90	-218.0
-90	-218.0
-90	-218.0
-90	-218.0
-90	-218.0
-90	-218.0
-90	-218.0
-90	-218.0
-90	-218.0
-90	-218.0
-90	-218.0
-90	-218.0
-90	-218.0
-90	-218.0
-90	-218.0
-90	-218.0
-90	-218.0
-90	-218.0
-90	-218.0
-90	-218.0
270	142.0
-90	-218.0
-90	-218.0
270	142.0
270	142.0
270	142.0
270	142.0
270	142.0
270	142.0
270	142.0
112	-16.0
270	142.0
112	-16.0
-90	-218.0
112	-16.0
270	142.0
112	-16.0
270	142.0
112	-16.0
270	142.0
270	142.0
270	142.0
630	502.0
-1598	-1726.0
630	502.0
630	502.0
630	502.0
832	704.0
832	704.0
832	704.0
832	704.0
832	704.0
832	704.0
630	502.0
-1036	-1164.0
-2196	-2324.0
788	660.0
128	0.0
128	0.0
1822	1694.0
3252	3124.0
472	344.0
314	186.0
472	344.0
156	28.0
472	344.0
68	-60.0
314	186.0
314	186.0
314	186.0
428	300.0
128	0.0
2416	2288.0
-2960	-3088.0
-3084	-3212.0
-2424	-2552.0
128	0.0
-2318	-2446.0
128	0.0
128	0.0
-2842	-2970.0
-124	-252.0
316	188.0
270	142.0
-90	-218.0
-90	-218.0
112	-16.0
472	344.0
-90	-218.0
128	0.0
6704	6576.0
832	704.0
788	660.0
832	704.0
990	862.0
990	862.0
1508	1380.0
1356	1228.0
1880	1752.0
1034	906.0
2848	2720.0
128	0.0
832	704.0
-4526	-4654.0
-2292	-2420.0
832	704.0
832	704.0
832	704.0
832	704.0
832	704.0
832	704.0
832	704.0
832	704.0
832	704.0
832	704.0
832	704.0
832	704.0
128	0.0
128	0.0
128	0.0
128	0.0
128	0.0
128	0.0
270	142.0
-776	-904.0
270	142.0
-90	-218.0
-90	-218.0
-90	-218.0
-90	-218.0
-90	-218.0
-90	-218.0
-90	-218.0
-90	-218.0
-90	-218.0
-90	-218.0
-90	-218.0
-90	-218.0
-90	-218.0
-90	-218.0
-90	-218.0
-90	-218.0
-90	-218.0
-90	-218.0
-90	-218.0
-90	-218.0
-90	-218.0
270	142.0
270	142.0
-1078	-1206.0
128	0.0
270	142.0
-1100	-1228.0
-1072	-1200.0
428	300.0
-1150	-1278.0
428	300.0
270	142.0
270	142.0
270	142.0
270	142.0
-90	-218.0
270	142.0
472	344.0
-1072	-1200.0
-1476	-1604.0
-588	-716.0
270	142.0
270	142.0
270	142.0
472	344.0
630	502.0
832	704.0
990	862.0
1148	1020.0
990	862.0
-2160	-2288.0
832	704.0
832	704.0
832	704.0
-2046	-2174.0
630	502.0
1180	1052.0
128	0.0
128	0.0
-630	-758.0
832	704.0
6098	5970.0
4928	4800.0
1754	1626.0
1192	1064.0
1754	1626.0
1394	1266.0
4796	4668.0
2812	2684.0
4832	4704.0
6230	6102.0
128	0.0
1784	1656.0
472	344.0
630	502.0
-2336	-2464.0
832	704.0
990	862.0
128	0.0
-1826	-1954.0
128	0.0
128	0.0
-90	-218.0
-230	-358.0
86	-42.0
-90	-218.0
-90	-218.0
112	-16.0
112	-16.0
-90	-218.0
128	0.0
832	704.0
-2740	-2868.0
-4824	-4952.0
-3144	-3272.0
990	862.0
990	862.0
-3118	-3246.0
-4438	-4566.0
-2406	-2534.0
6614	6486.0
2540	2412.0
6106	5978.0
128	0.0
128	0.0
-2160	-2288.0
-3674	-3802.0
832	704.0
832	704.0
832	704.0
832	704.0
832	704.0
832	704.0
832	704.0
832	704.0
832	704.0
832	704.0
832	704.0
832	704.0
128	0.0
128	0.0
128	0.0
2886	2758.0
128	0.0
128	0.0
-1372	-1500.0
-626	-754.0
270	142.0
-90	-218.0
-90	-218.0
-90	-218.0
-90	-218.0
-90	-218.0
-90	-218.0
-90	-218.0
-90	-218.0
-90	-218.0
-90	-218.0
-90	-218.0
-90	-218.0
-90	-218.0
-90	-218.0
-90	-218.0
-90	-218.0
-90	-218.0
-90	-218.0
-90	-218.0
-90	-218.0
-90	-218.0
270	142.0
-238	-366.0
-2642	-2770.0
128	0.0
-2878	-3006.0
-1828	-1956.0
-1326	-1454.0
428	300.0
226	98.0
2276	2148.0
1022	894.0
2768	2640.0
1382	1254.0
2988	2860.0
1382	1254.0
3252	3124.0
2542	2414.0
946	818.0
832	704.0
2346	2218.0
2094	1966.0
3472	3344.0
2578	2450.0
2892	2764.0
9700	9572.0
7202	7074.0
8680	8552.0
128	0.0
128	0.0
630	502.0
832	704.0
-1598	-1726.0
-2556	-2684.0
128	0.0
630	502.0
128	0.0
128	0.0
-3594	-3722.0
128	0.0
128	0.0
1148	1020.0
9960	9832.0
1710	1582.0
2184	2056.0
1350	1222.0
1508	1380.0
1350	1222.0
1350	1222.0
1192	1064.0
1350	1222.0
990	862.0
-1466	-1594.0
-2556	-2684.0
832	704.0
832	704.0
990	862.0
832	704.0
128	0.0
990	862.0
128	0.0
128	0.0
-1430	-1558.0
-292	-420.0
402	274.0
684	556.0
1272	1144.0
-90	-218.0
112	-16.0
128	0.0
1192	1064.0
-2872	-3000.0
-2688	-2816.0
832	704.0
990	862.0
832	704.0
990	862.0
832	704.0
832	704.0
-2732	-2860.0
788	660.0
788	660.0
2184	2056.0
4396	4268.0
128	0.0
128	0.0
-2786	-2914.0
-3128	-3256.0
832	704.0
832	704.0
832	704.0
832	704.0
832	704.0
832	704.0
832	704.0
832	704.0
832	704.0
832	704.0
832	704.0
128	0.0
128	0.0
128	0.0
1358	1230.0
128	0.0
54	-74.0
-336	-464.0
-370	-498.0
270	142.0
-90	-218.0
-90	-218.0
-90	-218.0
-90	-218.0
-90	-218.0
-90	-218.0
-90	-218.0
-90	-218.0
-90	-218.0
-90	-218.0
-90	-218.0
-90	-218.0
-90	-218.0
-90	-218.0
-90	-218.0
-90	-218.0
-90	-218.0
-90	-218.0
-90	-218.0
-90	-218.0
-90	-218.0
-90	-218.0
184	56.0
176	48.0
-3280	-3408.0
1594	1466.0
270	142.0
112	-16.0
2724	2596.0
1306	1178.0
1192	1064.0
1508	1380.0
1394	1266.0
1394	1266.0
1192	1064.0
1306	1178.0
1192	1064.0
1350	1222.0
832	704.0
1394	1266.0
1192	1064.0
1666	1538.0
1394	1266.0
2328	2200.0
5650	5522.0
1868	1740.0
128	0.0
128	0.0
-2608	-2736.0
788	660.0
128	0.0
128	0.0
630	502.0
-3514	-3642.0
128	0.0
128	0.0
128	0.0
128	0.0
-3972	-4100.0
128	0.0
-2952	-3080.0
-2582	-2710.0
990	862.0
990	862.0
-2916	-3044.0
-2802	-2930.0
-2758	-2886.0
-2204	-2332.0
-2608	-2736.0
832	704.0
990	862.0
832	704.0
832	704.0
832	704.0
832	704.0
832	704.0
990	862.0
-4076	-4204.0
-4832	-4960.0
990	862.0
128	0.0
128	0.0
-406	-534.0
-2350	-2478.0
-450	-578.0
-3404	-3532.0
-450	-578.0
-810	-938.0
128	0.0
1508	1380.0
-3314	-3442.0
-3612	-3740.0
832	704.0
832	704.0
832	704.0
630	502.0
832	704.0
832	704.0
832	704.0
832	704.0
832	704.0
-3196	-3324.0
990	862.0
630	502.0
1696	1568.0
128	0.0
1148	1020.0
1148	1020.0
832	704.0
832	704.0
832	704.0
832	704.0
832	704.0
832	704.0
832	704.0
832	704.0
832	704.0
832	704.0
832	704.0
128	0.0
128	0.0
128	0.0
2930	2802.0
128	0.0
128	0.0
-950	-1078.0
-494	-622.0
270	142.0
-90	-218.0
-90	-218.0
-90	-218.0
-90	-218.0
-90	-218.0
-90	-218.0
-90	-218.0
-90	-218.0
-90	-218.0
-90	-218.0
-90	-218.0
-90	-218.0
-90	-218.0
-90	-218.0
-90	-218.0
-90	-218.0
-90	-218.0
-90	-218.0
-90	-218.0
-90	-218.0
-90	-218.0
-90	-218.0
-90	-218.0
-634	-762.0
112	-16.0
128	0.0
1294	1166.0
990	862.0
1192	1064.0
1820	1692.0
586	458.0
1148	1020.0
990	862.0
832	704.0
832	704.0
832	704.0
832	704.0
832	704.0
270	142.0
270	142.0
788	660.0
788	660.0
832	704.0
1102	974.0
128	0.0
788	660.0
128	0.0
-2688	-2816.0
-2160	-2288.0
-3374	-3502.0
-2320	-2448.0
224	96.0
128	0.0
788	660.0
128	0.0
128	0.0
832	704.0
128	0.0
990	862.0
-1890	-2018.0
-790	-918.0
-1010	-1138.0
630	502.0
-1300	-1428.0
-1756	-1884.0
-2020	-2148.0
832	704.0
-1624	-1752.0
832	704.0
-1730	-1858.0
630	502.0
-1124	-1252.0
270	142.0
-834	-962.0
270	142.0
472	344.0
630	502.0
630	502.0
10242	10114.0
2514	2386.0
428	300.0
270	142.0
270	142.0
-90	-218.0
-90	-218.0
-90	-218.0
68	-60.0
-2756	-2884.0
128	0.0
1778	1650.0
-3470	-3598.0
128	0.0
-2160	-2288.0
832	704.0
832	704.0
630	502.0
832	704.0
832	704.0
832	704.0
832	704.0
990	862.0
832	704.0
832	704.0
630	502.0
630	502.0
-1870	-1998.0
990	862.0
128	0.0
6318	6190.0
832	704.0
630	502.0
832	704.0
832	704.0
832	704.0
832	704.0
832	704.0
832	704.0
832	704.0
832	704.0
128	0.0
128	0.0
128	0.0
128	0.0
128	0.0
128	0.0
270	142.0
-1048	-1176.0
270	142.0
-90	-218.0
-90	-218.0
-90	-218.0
-90	-218.0
-90	-218.0
-90	-218.0
-90	-218.0
-90	-218.0
-90	-218.0
-90	-218.0
-90	-218.0
-90	-218.0
-90	-218.0
-90	-218.0
-90	-218.0
-90	-218.0
-90	-218.0
-90	-218.0
-90	-218.0
-90	-218.0
-90	-218.0
-90	-218.0
-90	-218.0
-590	-718.0
-922	-1050.0
128	0.0
128	0.0
-4998	-5126.0
128	0.0
876	748.0
7460	7332.0
2724	2596.0
832	704.0
990	862.0
832	704.0
1192	1064.0
832	704.0
832	704.0
428	300.0
428	300.0
832	704.0
1350	1222.0
3452	3324.0
3508	3380.0
946	818.0
-2046	-2174.0
-2864	-2992.0
832	704.0
832	704.0
-2072	-2200.0
128	0.0
-3004	-3132.0
128	0.0
128	0.0
-2986	-3114.0
128	0.0
-1722	-1850.0
630	502.0
128	0.0
128	0.0
-3524	-3652.0
128	0.0
-2550	-2678.0
128	0.0
810	682.0
586	458.0
674	546.0
788	660.0
472	344.0
-664	-792.0
136	8.0
128	0.0
-2094	-2222.0
128	0.0
-4166	-4294.0
128	0.0
-928	-1056.0
-192	-320.0
472	344.0
630	502.0
270	142.0
270	142.0
270	142.0
270	142.0
270	142.0
270	142.0
-430	-558.0
-1530	-1658.0
270	142.0
128	0.0
4536	4408.0
832	704.0
-3920	-4048.0
-4902	-5030.0
1148	1020.0
990	862.0
990	862.0
788	660.0
788	660.0
832	704.0
832	704.0
832	704.0
832	704.0
630	502.0
832	704.0
832	704.0
-1914	-2042.0
1148	1020.0
9084	8956.0
128	0.0
832	704.0
-2512	-2640.0
832	704.0
832	704.0
832	704.0
832	704.0
832	704.0
832	704.0
832	704.0
128	0.0
128	0.0
128	0.0
128	0.0
128	0.0
128	0.0
428	300.0
-2436	-2564.0
270	142.0
-90	-218.0
-90	-218.0
-90	-218.0
-90	-218.0
-90	-218.0
-90	-218.0
-90	-218.0
-90	-218.0
-90	-218.0
-90	-218.0
-90	-218.0
-90	-218.0
-90	-218.0
-90	-218.0
-90	-218.0
-90	-218.0
-90	-218.0
-90	-218.0
-90	-218.0
-90	-218.0
-90	-218.0
-90	-218.0
-90	-218.0
-448	-576.0
-1952	-2080.0
270	142.0
128	0.0
384	256.0
128	0.0
128	0.0
-1976	-2104.0
128	0.0
3208	3080.0
472	344.0
156	28.0
314	186.0
68	-60.0
314	186.0
112	-16.0
472	344.0
660	532.0
1620	1492.0
128	0.0
788	660.0
-2072	-2200.0
-2864	-2992.0
832	704.0
832	704.0
832	704.0
-2082	-2210.0
128	0.0
270	142.0
128	0.0
128	0.0
832	704.0
128	0.0
-2204	-2332.0
630	502.0
270	142.0
270	142.0
270	142.0
270	142.0
270	142.0
630	502.0
788	660.0
990	862.0
4172	4044.0
990	862.0
990	862.0
832	704.0
630	502.0
472	344.0
270	142.0
-90	-218.0
-292	-420.0
-450	-578.0
-90	-218.0
-90	-218.0
112	-16.0
270	142.0
270	142.0
270	142.0
112	-16.0
270	142.0
112	-16.0
270	142.0
270	142.0
270	142.0
-282	-410.0
270	142.0
128	0.0
128	0.0
2026	1898.0
1508	1380.0
2026	1898.0
128	0.0
128	0.0
990	862.0
-3242	-3370.0
832	704.0
832	704.0
832	704.0
832	704.0
832	704.0
832	704.0
832	704.0
832	704.0
-3128	-3256.0
-2380	-2508.0
128	0.0
128	0.0
630	502.0
-2996	-3124.0
832	704.0
832	704.0
832	704.0
832	704.0
832	704.0
832	704.0
128	0.0
128	0.0
128	0.0
128	0.0
990	862.0
128	0.0
2048	1920.0
-1592	-1720.0
-712	-840.0
-90	-218.0
-90	-218.0
-90	-218.0
-90	-218.0
-90	-218.0
-90	-218.0
-90	-218.0
-90	-218.0
-90	-218.0
-90	-218.0
-90	-218.0
-90	-218.0
-90	-218.0
-90	-218.0
-90	-218.0
-90	-218.0
-90	-218.0
-90	-218.0
-90	-218.0
-90	-218.0
-90	-218.0
-90	-218.0
-90	-218.0
270	142.0
-1038	-1166.0
428	300.0
128	0.0
128	0.0
586	458.0
128	0.0
128	0.0
832	704.0
128	0.0
128	0.0
2750	2622.0
4132	4004.0
6502	6374.0
2408	2280.0
-172	-300.0
330	202.0
46	-82.0
112	-16.0
-1686	-1814.0
-2714	-2842.0
-2600	-2728.0
-2424	-2552.0
-2468	-2596.0
-3328	-3456.0
990	862.0
976	848.0
1788	1660.0
128	0.0
620	492.0
630	502.0
630	502.0
-2160	-2288.0
832	704.0
832	704.0
832	704.0
832	704.0
832	704.0
832	704.0
832	704.0
832	704.0
990	862.0
990	862.0
1148	1020.0
990	862.0
990	862.0
990	862.0
990	862.0
832	704.0
630	502.0
270	142.0
270	142.0
-90	-218.0
-90	-218.0
-90	-218.0
-90	-218.0
-90	-218.0
-90	-218.0
-90	-218.0
-90	-218.0
-90	-218.0
-90	-218.0
-90	-218.0
-90	-218.0
-90	-218.0
552	424.0
208	80.0
112	-16.0
128	0.0
128	0.0
1508	1380.0
128	0.0
-3092	-3220.0
128	0.0
128	0.0
-2748	-2876.0
-3260	-3388.0
832	704.0
832	704.0
832	704.0
832	704.0
832	704.0
832	704.0
832	704.0
-2556	-2684.0
-4060	-4188.0
3946	3818.0
128	0.0
630	502.0
128	0.0
832	704.0
832	704.0
832	704.0
832	704.0
832	704.0
832	704.0
128	0.0
128	0.0
128	0.0
128	0.0
-2072	-2200.0
128	0.0
128	0.0
-1274	-1402.0
-934	-1062.0
-90	-218.0
-90	-218.0
-90	-218.0
-90	-218.0
-90	-218.0
-90	-218.0
-90	-218.0
-90	-218.0
-90	-218.0
-90	-218.0
-90	-218.0
-90	-218.0
-90	-218.0
-90	-218.0
-90	-218.0
-90	-218.0
-90	-218.0
-90	-218.0
-90	-218.0
-90	-218.0
-90	-218.0
-90	-218.0
-90	-218.0
270	142.0
-616	-744.0
68	-60.0
128	0.0
128	0.0
128	0.0
-3348	-3476.0
128	0.0
-4666	-4794.0
630	502.0
788	660.0
-3636	-3764.0
1148	1020.0
1710	1582.0
-3468	-3596.0
-3952	-4080.0
-2520	-2648.0
-2442	-2570.0
-2926	-3054.0
-2864	-2992.0
-2926	-3054.0
-1942	-2070.0
472	344.0
630	502.0
128	0.0
128	0.0
2276	2148.0
428	300.0
630	502.0
630	502.0
630	502.0
832	704.0
630	502.0
832	704.0
832	704.0
832	704.0
832	704.0
832	704.0
832	704.0
990	862.0
832	704.0
990	862.0
832	704.0
990	862.0
832	704.0
990	862.0
832	704.0
990	862.0
832	704.0
832	704.0
630	502.0
428	300.0
270	142.0
68	-60.0
-90	-218.0
-90	-218.0
-90	-218.0
-90	-218.0
-90	-218.0
-90	-218.0
-90	-218.0
-90	-218.0
-90	-218.0
-90	-218.0
-90	-218.0
860	732.0
-828	-956.0
-3168	-3296.0
128	0.0
128	0.0
-3322	-3450.0
128	0.0
-3094	-3222.0
128	0.0
128	0.0
-2810	-2938.0
-3524	-3652.0
630	502.0
832	704.0
832	704.0
832	704.0
832	704.0
832	704.0
832	704.0
-2336	-2464.0
-5316	-5444.0
5142	5014.0
128	0.0
630	502.0
128	0.0
832	704.0
832	704.0
832	704.0
832	704.0
832	704.0
832	704.0
128	0.0
128	0.0
128	0.0
128	0.0
128	0.0
2830	2702.0
128	0.0
270	142.0
128	0.0
68	-60.0
-90	-218.0
-90	-218.0
-90	-218.0
-90	-218.0
-90	-218.0
-90	-218.0
-90	-218.0
-90	-218.0
-90	-218.0
-90	-218.0
-90	-218.0
-90	-218.0
-90	-218.0
-90	-218.0
-90	-218.0
-90	-218.0
-90	-218.0
-90	-218.0
-90	-218.0
-90	-218.0
-90	-218.0
-90	-218.0
-90	-218.0
68	-60.0
52	-76.0
68	-60.0
128	0.0
128	0.0
1192	1064.0
128	0.0
-3876	-4004.0
-2292	-2420.0
-2072	-2200.0
-3030	-3158.0
-2740	-2868.0
-4066	-4194.0
-3276	-3404.0
-5578	-5706.0
-4128	-4256.0
-4032	-4160.0
990	862.0
788	660.0
630	502.0
472	344.0
128	0.0
128	0.0
1784	1656.0
832	704.0
-3592	-3720.0
-2028	-2156.0
832	704.0
832	704.0
832	704.0
832	704.0
832	704.0
832	704.0
832	704.0
832	704.0
630	502.0
832	704.0
630	502.0
832	704.0
630	502.0
832	704.0
630	502.0
832	704.0
832	704.0
832	704.0
832	704.0
832	704.0
832	704.0
630	502.0
630	502.0
630	502.0
270	142.0
270	142.0
-90	-218.0
-90	-218.0
-90	-218.0
-90	-218.0
-90	-218.0
-90	-218.0
-90	-218.0
-90	-218.0
-90	-218.0
-90	-218.0
-90	-218.0
894	766.0
728	600.0
-248	-376.0
128	0.0
630	502.0
128	0.0
-3506	-3634.0
880	752.0
128	0.0
472	344.0
-2566	-2694.0
-2336	-2464.0
832	704.0
832	704.0
832	704.0
832	704.0
832	704.0
832	704.0
832	704.0
-2336	-2464.0
-4894	-5022.0
4606	4478.0
128	0.0
630	502.0
128	0.0
832	704.0
832	704.0
832	704.0
832	704.0
832	704.0
832	704.0
128	0.0
128	0.0
128	0.0
128	0.0
128	0.0
788	660.0
128	0.0
128	0.0
-492	-620.0
-186	-314.0
68	-60.0
-90	-218.0
-90	-218.0
-90	-218.0
-90	-218.0
-90	-218.0
-90	-218.0
-90	-218.0
-90	-218.0
-90	-218.0
-90	-218.0
-90	-218.0
-90	-218.0
-90	-218.0
-90	-218.0
-90	-218.0
-90	-218.0
-90	-218.0
-90	-218.0
-90	-218.0
-90	-218.0
-90	-218.0
-90	-218.0
-90	-218.0
270	142.0
332	204.0
68	-60.0
128	0.0
128	0.0
1394	1266.0
-1660	-1788.0
-2066	-2194.0
-2742	-2870.0
630	502.0
990	862.0
1350	1222.0
1350	1222.0
8132	8004.0
1508	1380.0
128	0.0
128	0.0
128	0.0
3676	3548.0
270	142.0
472	344.0
-474	-602.0
-1510	-1638.0
832	704.0
832	704.0
832	704.0
832	704.0
990	862.0
832	704.0
832	704.0
832	704.0
832	704.0
832	704.0
832	704.0
630	502.0
630	502.0
-1150	-1278.0
-1528	-1656.0
428	300.0
630	502.0
630	502.0
832	704.0
630	502.0
832	704.0
832	704.0
832	704.0
630	502.0
832	704.0
630	502.0
630	502.0
630	502.0
270	142.0
-90	-218.0
-90	-218.0
-90	-218.0
-90	-218.0
-90	-218.0
-90	-218.0
-90	-218.0
-90	-218.0
68	-60.0
270	142.0
-448	-576.0
822	694.0
-90	-218.0
128	0.0
128	0.0
1046	918.0
788	660.0
8670	8542.0
3444	3316.0
1192	1064.0
-3056	-3184.0
-2424	-2552.0
832	704.0
832	704.0
832	704.0
832	704.0
832	704.0
832	704.0
832	704.0
832	704.0
-2424	-2552.0
-5070	-5198.0
5212	5084.0
128	0.0
630	502.0
128	0.0
832	704.0
832	704.0
832	704.0
832	704.0
832	704.0
832	704.0
128	0.0
128	0.0
128	0.0
128	0.0
-2952	-3080.0
-3498	-3626.0
990	862.0
128	0.0
270	142.0
-318	-446.0
270	142.0
-90	-218.0
-90	-218.0
-90	-218.0
-90	-218.0
-90	-218.0
-90	-218.0
-90	-218.0
-90	-218.0
-90	-218.0
-90	-218.0
-90	-218.0
-90	-218.0
-90	-218.0
-90	-218.0
-90	-218.0
-90	-218.0
-90	-218.0
-90	-218.0
-90	-218.0
-90	-218.0
-90	-218.0
-90	-218.0
-90	-218.0
-90	-218.0
500	372.0
102	-26.0
-90	-218.0
128	0.0
128	0.0
-2422	-2550.0
-2668	-2796.0
128	0.0
128	0.0
128	0.0
98	-30.0
326	198.0
472	344.0
630	502.0
630	502.0
788	660.0
990	862.0
788	660.0
788	660.0
630	502.0
832	704.0
630	502.0
832	704.0
832	704.0
832	704.0
832	704.0
832	704.0
832	704.0
832	704.0
832	704.0
990	862.0
-3258	-3386.0
-2608	-2736.0
630	502.0
630	502.0
-292	-420.0
270	142.0
128	0.0
2692	2564.0
630	502.0
832	704.0
990	862.0
832	704.0
832	704.0
832	704.0
832	704.0
832	704.0
832	704.0
630	502.0
630	502.0
270	142.0
-90	-218.0
-90	-218.0
-90	-218.0
-90	-218.0
-90	-218.0
-90	-218.0
-90	-218.0
68	-60.0
270	142.0
-808	-936.0
270	142.0
68	-60.0
-248	-376.0
1436	1308.0
3068	2940.0
428	300.0
-1002	-1130.0
-4016	-4144.0
128	0.0
-4332	-4460.0
832	704.0
1148	1020.0
788	660.0
990	862.0
832	704.0
832	704.0
832	704.0
832	704.0
832	704.0
832	704.0
-2424	-2552.0
-4156	-4284.0
4536	4408.0
128	0.0
630	502.0
128	0.0
990	862.0
832	704.0
832	704.0
832	704.0
832	704.0
832	704.0
128	0.0
128	0.0
128	0.0
128	0.0
832	704.0
-3972	-4100.0
832	704.0
128	0.0
128	0.0
270	142.0
-388	-516.0
-90	-218.0
-90	-218.0
-90	-218.0
-90	-218.0
-90	-218.0
-90	-218.0
-90	-218.0
-90	-218.0
-90	-218.0
-90	-218.0
-90	-218.0
-90	-218.0
-90	-218.0
-90	-218.0
-90	-218.0
-90	-218.0
-90	-218.0
-90	-218.0
-90	-218.0
-90	-218.0
-90	-218.0
-90	-218.0
-90	-218.0
-90	-218.0
-90	-218.0
-152	-280.0
-90	-218.0
128	0.0
270	142.0
128	0.0
-450	-578.0
-810	-938.0
-90	-218.0
-90	-218.0
-90	-218.0
-90	-218.0
112	-16.0
68	-60.0
270	142.0
270	142.0
270	142.0
630	502.0
630	502.0
832	704.0
832	704.0
832	704.0
832	704.0
832	704.0
832	704.0
832	704.0
832	704.0
832	704.0
832	704.0
832	704.0
-2784	-2912.0
990	862.0
128	0.0
128	0.0
522	394.0
3120	2992.0
-538	-666.0
128	0.0
128	0.0
630	502.0
-3004	-3132.0
832	704.0
630	502.0
832	704.0
832	704.0
832	704.0
832	704.0
832	704.0
630	502.0
630	502.0
270	142.0
270	142.0
270	142.0
68	-60.0
270	142.0
270	142.0
-90	-218.0
-44	-172.0
334	206.0
270	142.0
270	142.0
128	0.0
328	200.0
924	796.0
3622	3494.0
646	518.0
332	204.0
128	0.0
128	0.0
-2600	-2728.0
4936	4808.0
128	0.0
128	0.0
1148	1020.0
-3302	-3430.0
990	862.0
832	704.0
832	704.0
832	704.0
832	704.0
832	704.0
-2820	-2948.0
-4674	-4802.0
5160	5032.0
128	0.0
630	502.0
-3876	-4004.0
832	704.0
832	704.0
832	704.0
832	704.0
832	704.0
832	704.0
128	0.0
128	0.0
128	0.0
128	0.0
832	704.0
-2204	-2332.0
-3270	-3398.0
990	862.0
128	0.0
270	142.0
218	90.0
68	-60.0
-90	-218.0
-90	-218.0
-90	-218.0
-90	-218.0
-90	-218.0
-90	-218.0
-90	-218.0
-90	-218.0
-90	-218.0
-90	-218.0
-90	-218.0
-90	-218.0
-90	-218.0
-90	-218.0
-90	-218.0
-90	-218.0
-90	-218.0
-90	-218.0
-90	-218.0
-90	-218.0
-90	-218.0
-90	-218.0
-90	-218.0
-90	-218.0
594	466.0
270	142.0
128	0.0
-90	-218.0
1006	878.0
68	-60.0
-90	-218.0
-90	-218.0
-90	-218.0
-90	-218.0
-90	-218.0
-90	-218.0
-90	-218.0
-90	-218.0
-90	-218.0
270	142.0
270	142.0
630	502.0
630	502.0
630	502.0
630	502.0
832	704.0
832	704.0
832	704.0
832	704.0
832	704.0
832	704.0
832	704.0
990	862.0
-2046	-2174.0
990	862.0
128	0.0
128	0.0
112	-16.0
-1418	-1546.0
-926	-1054.0
128	0.0
630	502.0
-2828	-2956.0
-2318	-2446.0
832	704.0
832	704.0
832	704.0
832	704.0
630	502.0
832	704.0
630	502.0
630	502.0
428	300.0
270	142.0
-90	-218.0
270	142.0
-922	-1050.0
270	142.0
428	300.0
472	344.0
270	142.0
-90	-218.0
-970	-1098.0
-508	-636.0
-90	-218.0
112	-16.0
-90	-218.0
-450	-578.0
-1654	-1782.0
-810	-938.0
-5202	-5330.0
-3010	-3138.0
128	0.0
112	-16.0
226	98.0
128	0.0
9942	9814.0
-4076	-4204.0
-2424	-2552.0
832	704.0
832	704.0
832	704.0
832	704.0
832	704.0
-3524	-3652.0
832	704.0
128	0.0
128	0.0
-1528	-1656.0
-3128	-3256.0
832	704.0
832	704.0
832	704.0
832	704.0
832	704.0
832	704.0
128	0.0
128	0.0
128	0.0
128	0.0
832	704.0
832	704.0
-2864	-2992.0
-2652	-2780.0
128	0.0
128	0.0
270	142.0
-90	-218.0
68	-60.0
-90	-218.0
-90	-218.0
-90	-218.0
-90	-218.0
-90	-218.0
-90	-218.0
-90	-218.0
-90	-218.0
-90	-218.0
-90	-218.0
-90	-218.0
-90	-218.0
-90	-218.0
-90	-218.0
-90	-218.0
-90	-218.0
-90	-218.0
-90	-218.0
-90	-218.0
-90	-218.0
-90	-218.0
-90	-218.0
-90	-218.0
-116	-244.0
428	300.0
128	0.0
-1198	-1326.0
-668	-796.0
-176	-304.0
270	142.0
-90	-218.0
-90	-218.0
-90	-218.0
-90	-218.0
-90	-218.0
-90	-218.0
-90	-218.0
-90	-218.0
68	-60.0
270	142.0
630	502.0
630	502.0
630	502.0
630	502.0
832	704.0
832	704.0
832	704.0
832	704.0
832	704.0
832	704.0
832	704.0
630	502.0
832	704.0
630	502.0
-948	-1076.0
-1098	-1226.0
-1776	-1904.0
-1424	-1552.0
-1326	-1454.0
-1308	-1436.0
630	502.0
832	704.0
832	704.0
832	704.0
990	862.0
832	704.0
990	862.0
832	704.0
832	704.0
630	502.0
-2222	-2350.0
270	142.0
-90	-218.0
-90	-218.0
-292	-420.0
-4028	-4156.0
128	0.0
128	0.0
7784	7656.0
128	0.0
128	0.0
128	0.0
-1100	-1228.0
128	0.0
-194	-322.0
-422	-550.0
-90	-218.0
-90	-218.0
-90	-218.0
-450	-578.0
-90	-218.0
-168	-296.0
128	0.0
270	142.0
128	0.0
1926	1798.0
-4718	-4846.0
-2292	-2420.0
832	704.0
832	704.0
832	704.0
832	704.0
832	704.0
-3920	-4048.0
788	660.0
128	0.0
2346	2218.0
-3120	-3248.0
-2072	-2200.0
832	704.0
832	704.0
832	704.0
832	704.0
832	704.0
832	704.0
128	0.0
128	0.0
128	0.0
128	0.0
832	704.0
832	704.0
832	704.0
-3146	-3274.0
630	502.0
128	0.0
-292	-420.0
68	-60.0
68	-60.0
-90	-218.0
-90	-218.0
-90	-218.0
-90	-218.0
-90	-218.0
-90	-218.0
-90	-218.0
-90	-218.0
-90	-218.0
-90	-218.0
-90	-218.0
-90	-218.0
-90	-218.0
-90	-218.0
-90	-218.0
-90	-218.0
-90	-218.0
-90	-218.0
-90	-218.0
-90	-218.0
-90	-218.0
-90	-218.0
-90	-218.0
-114	-242.0
-272	-400.0
54	-74.0
128	0.0
270	142.0
-256	-384.0
270	142.0
-90	-218.0
-90	-218.0
-90	-218.0
-90	-218.0
-90	-218.0
-90	-218.0
-90	-218.0
-90	-218.0
112	-16.0
270	142.0
630	502.0
630	502.0
630	502.0
832	704.0
832	704.0
832	704.0
832	704.0
832	704.0
832	704.0
832	704.0
832	704.0
832	704.0
832	704.0
630	502.0
832	704.0
630	502.0
832	704.0
630	502.0
832	704.0
630	502.0
832	704.0
832	704.0
990	862.0
990	862.0
1148	1020.0
-2968	-3096.0
-4128	-4256.0
-3512	-3640.0
1148	1020.0
1148	1020.0
990	862.0
1854	1726.0
998	870.0
128	0.0
-1428	-1556.0
128	0.0
472	344.0
-2722	-2850.0
128	0.0
-3128	-3256.0
128	0.0
128	0.0
630	502.0
-1654	-1782.0
270	142.0
-90	-218.0
68	-60.0
-90	-218.0
68	-60.0
112	-16.0
270	142.0
-1600	-1728.0
630	502.0
128	0.0
128	0.0
630	502.0
-2618	-2746.0
832	704.0
832	704.0
832	704.0
832	704.0
832	704.0
-3216	-3344.0
-1642	-1770.0
128	0.0
128	0.0
990	862.0
-3524	-3652.0
832	704.0
832	704.0
832	704.0
832	704.0
832	704.0
832	704.0
832	704.0
128	0.0
128	0.0
128	0.0
128	0.0
832	704.0
832	704.0
832	704.0
-2688	-2816.0
-1668	-1796.0
128	0.0
128	0.0
270	142.0
68	-60.0
-90	-218.0
-90	-218.0
-90	-218.0
-90	-218.0
-90	-218.0
-90	-218.0
-90	-218.0
-90	-218.0
-90	-218.0
-90	-218.0
-90	-218.0
-90	-218.0
-90	-218.0
-90	-218.0
-90	-218.0
-90	-218.0
-90	-218.0
-90	-218.0
-90	-218.0
-90	-218.0
-90	-218.0
-90	-218.0
-90	-218.0
68	-60.0
-54	-182.0
-90	-218.0
128	0.0
128	0.0
630	502.0
-308	-436.0
-90	-218.0
-90	-218.0
-90	-218.0
-90	-218.0
-90	-218.0
-90	-218.0
-90	-218.0
-90	-218.0
-90	-218.0
112	-16.0
270	142.0
428	300.0
630	502.0
630	502.0
832	704.0
832	704.0
832	704.0
832	704.0
832	704.0
832	704.0
990	862.0
832	704.0
990	862.0
832	704.0
990	862.0
832	704.0
832	704.0
630	502.0
-1598	-1726.0
-1142	-1270.0
-1002	-1130.0
-1150	-1278.0
630	502.0
630	502.0
3092	2964.0
1192	1064.0
128	0.0
10270	10142.0
128	0.0
128	0.0
128	0.0
6538	6410.0
990	862.0
630	502.0
472	344.0
-1326	-1454.0
-1466	-1594.0
-1844	-1972.0
-2732	-2860.0
-3128	-3256.0
788	660.0
2900	2772.0
128	0.0
-402	-530.0
68	-60.0
-90	-218.0
-292	-420.0
342	214.0
606	478.0
122	-6.0
-90	-218.0
112	-16.0
128	0.0
128	0.0
788	660.0
-3066	-3194.0
832	704.0
832	704.0
832	704.0
832	704.0
832	704.0
832	704.0
128	0.0
630	502.0
128	0.0
2338	2210.0
-4710	-4838.0
-2204	-2332.0
832	704.0
832	704.0
832	704.0
832	704.0
832	704.0
832	704.0
832	704.0
128	0.0
128	0.0
128	0.0
128	0.0
832	704.0
832	704.0
832	704.0
832	704.0
-2162	-2290.0
1696	1568.0
128	0.0
428	300.0
-132	-260.0
-90	-218.0
-90	-218.0
-90	-218.0
-90	-218.0
-90	-218.0
-90	-218.0
-90	-218.0
-90	-218.0
-90	-218.0
-90	-218.0
-90	-218.0
-90	-218.0
-90	-218.0
-90	-218.0
-90	-218.0
-90	-218.0
-90	-218.0
-90	-218.0
-90	-218.0
-90	-218.0
-90	-218.0
-90	-218.0
-90	-218.0
-90	-218.0
-90	-218.0
886	758.0
-796	-924.0
128	0.0
270	142.0
24	-104.0
-90	-218.0
-90	-218.0
-90	-218.0
-90	-218.0
-90	-218.0
-90	-218.0
-90	-218.0
-90	-218.0
-90	-218.0
-292	-420.0
68	-60.0
270	142.0
630	502.0
630	502.0
832	704.0
630	502.0
832	704.0
832	704.0
832	704.0
832	704.0
990	862.0
990	862.0
990	862.0
990	862.0
1350	1222.0
1350	1222.0
1192	1064.0
788	660.0
2250	2122.0
128	0.0
128	0.0
128	0.0
128	0.0
128	0.0
1980	1852.0
428	300.0
832	704.0
1148	1020.0
1148	1020.0
1148	1020.0
-3398	-3526.0
-3170	-3298.0
990	862.0
990	862.0
832	704.0
832	704.0
832	704.0
630	502.0
832	704.0
832	704.0
630	502.0
990	862.0
832	704.0
630	502.0
112	-16.0
128	0.0
128	0.0
-4070	-4198.0
-1008	-1136.0
-5036	-5164.0
128	0.0
128	0.0
630	502.0
788	660.0
-1958	-2086.0
832	704.0
832	704.0
832	704.0
832	704.0
832	704.0
832	704.0
-3392	-3520.0
832	704.0
128	0.0
128	0.0
630	502.0
-3392	-3520.0
990	862.0
832	704.0
832	704.0
832	704.0
832	704.0
832	704.0
832	704.0
832	704.0
128	0.0
128	0.0
128	0.0
128	0.0
832	704.0
832	704.0
832	704.0
630	502.0
-3058	-3186.0
990	862.0
128	0.0
428	300.0
-44	-172.0
-90	-218.0
-90	-218.0
-90	-218.0
-90	-218.0
-90	-218.0
-90	-218.0
-90	-218.0
-90	-218.0
-90	-218.0
-90	-218.0
-90	-218.0
-90	-218.0
-90	-218.0
-90	-218.0
-90	-218.0
-90	-218.0
-90	-218.0
-90	-218.0
-90	-218.0
-90	-218.0
-90	-218.0
-90	-218.0
-90	-218.0
-90	-218.0
-90	-218.0
-336	-464.0
270	142.0
128	0.0
-84	-212.0
-598	-726.0
-220	-348.0
270	142.0
270	142.0
270	142.0
270	142.0
270	142.0
-90	-218.0
68	-60.0
112	-16.0
270	142.0
270	142.0
270	142.0
472	344.0
472	344.0
630	502.0
-834	-962.0
270	142.0
270	142.0
270	142.0
270	142.0
630	502.0
832	704.0
990	862.0
3970	3842.0
11356	11228.0
7440	7312.0
128	0.0
8602	8474.0
5790	5662.0
832	704.0
630	502.0
472	344.0
630	502.0
-1212	-1340.0
-1238	-1366.0
-1106	-1234.0
630	502.0
630	502.0
832	704.0
832	704.0
832	704.0
832	704.0
990	862.0
832	704.0
990	862.0
832	704.0
832	704.0
832	704.0
832	704.0
832	704.0
832	704.0
832	704.0
630	502.0
630	502.0
630	502.0
-948	-1076.0
428	300.0
428	300.0
788	660.0
472	344.0
428	300.0
630	502.0
630	502.0
832	704.0
832	704.0
832	704.0
832	704.0
832	704.0
832	704.0
990	862.0
-2688	-2816.0
-2582	-2710.0
2312	2184.0
128	0.0
990	862.0
-3954	-4082.0
832	704.0
832	704.0
832	704.0
832	704.0
832	704.0
832	704.0
832	704.0
832	704.0
832	704.0
128	0.0
128	0.0
128	0.0
128	0.0
832	704.0
832	704.0
832	704.0
832	704.0
-2864	-2992.0
990	862.0
128	0.0
472	344.0
112	-16.0
-90	-218.0
-90	-218.0
-90	-218.0
-90	-218.0
-90	-218.0
-90	-218.0
-90	-218.0
-90	-218.0
-90	-218.0
-90	-218.0
-90	-218.0
-90	-218.0
-90	-218.0
-90	-218.0
-90	-218.0
-90	-218.0
-90	-218.0
-90	-218.0
-90	-218.0
-90	-218.0
-90	-218.0
-90	-218.0
-90	-218.0
-90	-218.0
-90	-218.0
-124	-252.0
-378	-506.0
318	190.0
128	0.0
472	344.0
-1610	-1738.0
-1872	-2000.0
-1036	-1164.0
-1274	-1402.0
-790	-918.0
-694	-822.0
270	142.0
270	142.0
428	300.0
-1554	-1682.0
630	502.0
788	660.0
832	704.0
428	300.0
472	344.0
-674	-802.0
-172	-300.0
128	0.0
128	0.0
128	0.0
670	542.0
270	142.0
630	502.0
788	660.0
1192	1064.0
1148	1020.0
1350	1222.0
1148	1020.0
1148	1020.0
-2344	-2472.0
990	862.0
832	704.0
832	704.0
832	704.0
832	704.0
630	502.0
832	704.0
630	502.0
832	704.0
630	502.0
832	704.0
832	704.0
832	704.0
832	704.0
832	704.0
832	704.0
832	704.0
832	704.0
832	704.0
832	704.0
832	704.0
832	704.0
832	704.0
630	502.0
832	704.0
630	502.0
990	862.0
990	862.0
990	862.0
832	704.0
832	704.0
832	704.0
832	704.0
832	704.0
832	704.0
832	704.0
832	704.0
832	704.0
832	704.0
-2820	-2948.0
832	704.0
2506	2378.0
128	0.0
630	502.0
-2504	-2632.0
-2204	-2332.0
832	704.0
832	704.0
832	704.0
832	704.0
832	704.0
832	704.0
832	704.0
832	704.0
832	704.0
128	0.0
128	0.0
128	0.0
128	0.0
832	704.0
832	704.0
832	704.0
630	502.0
-2292	-2420.0
990	862.0
128	0.0
660	532.0
270	142.0
112	-16.0
270	142.0
-90	-218.0
-90	-218.0
-90	-218.0
-90	-218.0
-90	-218.0
-90	-218.0
-90	-218.0
-90	-218.0
-90	-218.0
-90	-218.0
-90	-218.0
-90	-218.0
-90	-218.0
-90	-218.0
-90	-218.0
-90	-218.0
-90	-218.0
-90	-218.0
-90	-218.0
-90	-218.0
-90	-218.0
-90	-218.0
-90	-218.0
68	-60.0
-932	-1060.0
-90	-218.0
128	0.0
128	0.0
630	502.0
270	142.0
-696	-824.0
-90	-218.0
-1912	-2040.0
128	0.0
128	0.0
128	0.0
-1278	-1406.0
3656	3528.0
128	0.0
6906	6778.0
9548	9420.0
990	862.0
990	862.0
630	502.0
428	300.0
472	344.0
270	142.0
270	142.0
428	300.0
428	300.0
630	502.0
630	502.0
832	704.0
832	704.0
832	704.0
832	704.0
990	862.0
832	704.0
990	862.0
832	704.0
990	862.0
832	704.0
832	704.0
832	704.0
832	704.0
832	704.0
832	704.0
832	704.0
832	704.0
832	704.0
832	704.0
832	704.0
832	704.0
832	704.0
832	704.0
832	704.0
832	704.0
832	704.0
832	704.0
832	704.0
832	704.0
832	704.0
832	704.0
832	704.0
832	704.0
832	704.0
990	862.0
832	704.0
990	862.0
832	704.0
832	704.0
832	704.0
832	704.0
832	704.0
832	704.0
832	704.0
-2794	-2922.0
832	704.0
2304	2176.0
128	0.0
832	704.0
-3848	-3976.0
-2028	-2156.0
832	704.0
832	704.0
832	704.0
832	704.0
832	704.0
832	704.0
832	704.0
832	704.0
832	704.0
832	704.0
128	0.0
128	0.0
128	0.0
128	0.0
832	704.0
832	704.0
832	704.0
832	704.0
990	862.0
832	704.0
630	502.0
128	0.0
270	142.0
270	142.0
270	142.0
68	-60.0
68	-60.0
68	-60.0
-90	-218.0
-90	-218.0
-90	-218.0
-90	-218.0
-90	-218.0
-90	-218.0
-90	-218.0
-90	-218.0
-90	-218.0
-90	-218.0
-90	-218.0
-90	-218.0
-90	-218.0
-90	-218.0
-90	-218.0
-90	-218.0
-90	-218.0
-90	-218.0
-90	-218.0
-90	-218.0
68	-60.0
-90	-218.0
-450	-578.0
-622	-750.0
3622	3494.0
-1442	-1570.0
-292	-420.0
68	-60.0
-1076	-1204.0
142	14.0
-292	-420.0
112	-16.0
270	142.0
630	502.0
990	862.0
990	862.0
1148	1020.0
-2950	-3078.0
990	862.0
990	862.0
990	862.0
990	862.0
832	704.0
832	704.0
630	502.0
832	704.0
630	502.0
832	704.0
630	502.0
832	704.0
832	704.0
832	704.0
832	704.0
832	704.0
832	704.0
832	704.0
832	704.0
832	704.0
832	704.0
832	704.0
832	704.0
832	704.0
832	704.0
832	704.0
832	704.0
832	704.0
832	704.0
832	704.0
832	704.0
832	704.0
832	704.0
832	704.0
832	704.0
832	704.0
832	704.0
832	704.0
832	704.0
832	704.0
832	704.0
832	704.0
832	704.0
832	704.0
832	704.0
832	704.0
832	704.0
832	704.0
832	704.0
832	704.0
630	502.0
832	704.0
832	704.0
-2160	-2288.0
-3328	-3456.0
990	862.0
2216	2088.0
128	0.0
630	502.0
-2636	-2764.0
-2072	-2200.0
832	704.0
832	704.0
832	704.0
832	704.0
832	704.0
832	704.0
832	704.0
832	704.0
832	704.0
832	704.0
832	704.0
128	0.0
128	0.0
128	0.0
128	0.0
832	704.0
832	704.0
832	704.0
832	704.0
832	704.0
832	704.0
832	704.0
2436	2308.0
128	0.0
428	300.0
-544	-672.0
68	-60.0
68	-60.0
-90	-218.0
-90	-218.0
-90	-218.0
-90	-218.0
-90	-218.0
-90	-218.0
-90	-218.0
-90	-218.0
-90	-218.0
-90	-218.0
-90	-218.0
-90	-218.0
-90	-218.0
-90	-218.0
-90	-218.0
-90	-218.0
-90	-218.0
-90	-218.0
-90	-218.0
-90	-218.0
-90	-218.0
-90	-218.0
-90	-218.0
-836	-964.0
-678	-806.0
-3368	-3496.0
128	0.0
472	344.0
128	0.0
-1706	-1834.0
-1344	-1472.0
-1274	-1402.0
-1352	-1480.0
630	502.0
630	502.0
630	502.0
832	704.0
832	704.0
990	862.0
832	704.0
990	862.0
832	704.0
990	862.0
832	704.0
832	704.0
832	704.0
832	704.0
832	704.0
832	704.0
832	704.0
832	704.0
832	704.0
832	704.0
832	704.0
832	704.0
832	704.0
832	704.0
832	704.0
832	704.0
832	704.0
832	704.0
832	704.0
832	704.0
832	704.0
832	704.0
832	704.0
832	704.0
832	704.0
832	704.0
832	704.0
832	704.0
832	704.0
832	704.0
832	704.0
832	704.0
832	704.0
832	704.0
832	704.0
832	704.0
832	704.0
832	704.0
832	704.0
832	704.0
832	704.0
990	862.0
832	704.0
990	862.0
832	704.0
832	704.0
630	502.0
428	300.0
630	502.0
630	502.0
3632	3504.0
128	0.0
3402	3274.0
630	502.0
832	704.0
832	704.0
832	704.0
832	704.0
832	704.0
832	704.0
832	704.0
832	704.0
832	704.0
832	704.0
832	704.0
832	704.0
832	704.0
832	704.0
128	0.0
128	0.0
128	0.0
128	0.0
832	704.0
832	704.0
832	704.0
832	704.0
832	704.0
832	704.0
-2600	-2728.0
832	704.0
128	0.0
1452	1324.0
68	-60.0
68	-60.0
68	-60.0
-90	-218.0
-90	-218.0
-90	-218.0
-90	-218.0
-90	-218.0
-90	-218.0
-90	-218.0
-90	-218.0
-90	-218.0
-90	-218.0
-90	-218.0
-90	-218.0
-90	-218.0
-90	-218.0
-90	-218.0
-90	-218.0
-90	-218.0
-90	-218.0
-90	-218.0
-90	-218.0
-90	-218.0
-90	-218.0
-90	-218.0
112	-16.0
-248	-376.0
270	142.0
128	0.0
1854	1726.0
-3094	-3222.0
-3524	-3652.0
832	704.0
630	502.0
832	704.0
630	502.0
832	704.0
630	502.0
832	704.0
832	704.0
832	704.0
832	704.0
832	704.0
832	704.0
832	704.0
832	704.0
832	704.0
832	704.0
832	704.0
832	704.0
832	704.0
832	704.0
832	704.0
832	704.0
832	704.0
832	704.0
832	704.0
832	704.0
832	704.0
832	704.0
832	704.0
832	704.0
832	704.0
832	704.0
832	704.0
832	704.0
832	704.0
832	704.0
832	704.0
832	704.0
832	704.0
832	704.0
832	704.0
832	704.0
832	704.0
832	704.0
832	704.0
832	704.0
832	704.0
832	704.0
832	704.0
832	704.0
832	704.0
630	502.0
832	704.0
832	704.0
832	704.0
832	704.0
832	704.0
-2784	-2912.0
832	704.0
788	660.0
2418	2290.0
128	0.0
128	0.0
788	660.0
990	862.0
-2950	-3078.0
832	704.0
832	704.0
832	704.0
832	704.0
832	704.0
832	704.0
832	704.0
832	704.0
832	704.0
832	704.0
832	704.0
832	704.0
832	704.0
832	704.0
832	704.0
128	0.0
128	0.0
128	0.0
128	0.0
832	704.0
832	704.0
832	704.0
832	704.0
832	704.0
832	704.0
832	704.0
-3110	-3238.0
472	344.0
128	0.0
112	-16.0
-228	-356.0
68	-60.0
-90	-218.0
-90	-218.0
-90	-218.0
-90	-218.0
-90	-218.0
-90	-218.0
-90	-218.0
-90	-218.0
-90	-218.0
-90	-218.0
-90	-218.0
-90	-218.0
-90	-218.0
-90	-218.0
-90	-218.0
-90	-218.0
-90	-218.0
-90	-218.0
-90	-218.0
-90	-218.0
-90	-218.0
-90	-218.0
-90	-218.0
68	-60.0
-36	-164.0
-712	-840.0
128	0.0
128	0.0
832	704.0
-4166	-4294.0
630	502.0
832	704.0
832	704.0
832	704.0
832	704.0
832	704.0
832	704.0
832	704.0
832	704.0
832	704.0
832	704.0
832	704.0
832	704.0
832	704.0
832	704.0
832	704.0
832	704.0
832	704.0
832	704.0
832	704.0
832	704.0
832	704.0
832	704.0
832	704.0
832	704.0
832	704.0
832	704.0
832	704.0
832	704.0
832	704.0
832	704.0
832	704.0
832	704.0
832	704.0
832	704.0
832	704.0
832	704.0
832	704.0
832	704.0
832	704.0
832	704.0
832	704.0
832	704.0
832	704.0
832	704.0
832	704.0
832	704.0
832	704.0
832	704.0
630	502.0
428	300.0
630	502.0
270	142.0
270	142.0
270	142.0
472	344.0
428	300.0
630	502.0
128	0.0
3148	3020.0
788	660.0
630	502.0
270	142.0
-1668	-1796.0
832	704.0
990	862.0
990	862.0
832	704.0
832	704.0
832	704.0
832	704.0
832	704.0
832	704.0
832	704.0
832	704.0
832	704.0
832	704.0
832	704.0
832	704.0
832	704.0
832	704.0
128	0.0
128	0.0
128	0.0
128	0.0
832	704.0
832	704.0
832	704.0
832	704.0
832	704.0
832	704.0
832	704.0
-2468	-2596.0
-1352	-1480.0
3500	3372.0
128	0.0
270	142.0
-26	-154.0
-90	-218.0
-90	-218.0
-90	-218.0
-90	-218.0
-90	-218.0
-90	-218.0
-90	-218.0
-90	-218.0
-90	-218.0
-90	-218.0
-90	-218.0
-90	-218.0
-90	-218.0
-90	-218.0
-90	-218.0
-90	-218.0
-90	-218.0
-90	-218.0
-90	-218.0
-90	-218.0
-90	-218.0
-90	-218.0
-90	-218.0
-90	-218.0
246	118.0
568	440.0
732	604.0
128	0.0
990	862.0
128	0.0
832	704.0
832	704.0
832	704.0
832	704.0
832	704.0
832	704.0
832	704.0
832	704.0
832	704.0
832	704.0
832	704.0
832	704.0
832	704.0
832	704.0
832	704.0
832	704.0
832	704.0
832	704.0
832	704.0
832	704.0
832	704.0
832	704.0
832	704.0
832	704.0
832	704.0
832	704.0
832	704.0
832	704.0
832	704.0
832	704.0
832	704.0
832	704.0
832	704.0
832	704.0
832	704.0
832	704.0
832	704.0
832	704.0
832	704.0
832	704.0
832	704.0
832	704.0
832	704.0
832	704.0
832	704.0
832	704.0
832	704.0
990	862.0
-2072	-2200.0
270	142.0
-610	-738.0
128	0.0
128	0.0
128	0.0
128	0.0
128	0.0
128	0.0
128	0.0
832	704.0
-2748	-2876.0
-2230	-2358.0
832	704.0
832	704.0
630	502.0
832	704.0
832	704.0
832	704.0
832	704.0
832	704.0
832	704.0
832	704.0
832	704.0
832	704.0
832	704.0
832	704.0
832	704.0
832	704.0
832	704.0
832	704.0
832	704.0
832	704.0
128	0.0
128	0.0
128	0.0
128	0.0
832	704.0
832	704.0
832	704.0
832	704.0
832	704.0
832	704.0
832	704.0
832	704.0
-3374	-3502.0
630	502.0
128	0.0
270	142.0
-202	-330.0
-90	-218.0
-90	-218.0
-90	-218.0
-90	-218.0
-90	-218.0
-90	-218.0
-90	-218.0
-90	-218.0
-90	-218.0
-90	-218.0
-90	-218.0
-90	-218.0
-90	-218.0
-90	-218.0
-90	-218.0
-90	-218.0
-90	-218.0
-90	-218.0
-90	-218.0
-90	-218.0
-90	-218.0
-90	-218.0
-90	-218.0
68	-60.0
-142	-270.0
-782	-910.0
128	0.0
128	0.0
832	704.0
-3788	-3916.0
630	502.0
832	704.0
832	704.0
832	704.0
832	704.0
832	704.0
832	704.0
832	704.0
832	704.0
832	704.0
832	704.0
832	704.0
832	704.0
832	704.0
832	704.0
832	704.0
832	704.0
832	704.0
832	704.0
832	704.0
832	704.0
832	704.0
832	704.0
832	704.0
832	704.0
832	704.0
832	704.0
832	704.0
832	704.0
832	704.0
832	704.0
832	704.0
832	704.0
832	704.0
832	704.0
832	704.0
832	704.0
832	704.0
832	704.0
832	704.0
832	704.0
832	704.0
832	704.0
832	704.0
832	704.0
832	704.0
832	704.0
832	704.0
-3392	-3520.0
472	344.0
128	0.0
128	0.0
-1554	-1682.0
-1962	-2090.0
270	142.0
270	142.0
270	142.0
630	502.0
630	502.0
832	704.0
832	704.0
832	704.0
832	704.0
832	704.0
832	704.0
832	704.0
832	704.0
832	704.0
832	704.0
832	704.0
832	704.0
832	704.0
832	704.0
832	704.0
832	704.0
832	704.0
832	704.0
832	704.0
832	704.0
832	704.0
832	704.0
128	0.0
128	0.0
128	0.0
128	0.0
832	704.0
832	704.0
832	704.0
832	704.0
832	704.0
832	704.0
832	704.0
832	704.0
-2600	-2728.0
-1870	-1998.0
3700	3572.0
128	0.0
-90	-218.0
68	-60.0
-90	-218.0
-90	-218.0
-90	-218.0
-90	-218.0
-90	-218.0
-90	-218.0
-90	-218.0
-90	-218.0
-90	-218.0
-90	-218.0
-90	-218.0
-90	-218.0
-90	-218.0
-90	-218.0
-90	-218.0
-90	-218.0
-90	-218.0
-90	-218.0
-90	-218.0
-90	-218.0
-90	-218.0
-90	-218.0
270	142.0
-448	-576.0
472	344.0
128	0.0
832	704.0
-2724	-2852.0
-2292	-2420.0
832	704.0
832	704.0
832	704.0
832	704.0
832	704.0
832	704.0
832	704.0
832	704.0
832	704.0
832	704.0
832	704.0
832	704.0
832	704.0
832	704.0
832	704.0
832	704.0
832	704.0
832	704.0
832	704.0
832	704.0
832	704.0
832	704.0
832	704.0
832	704.0
832	704.0
832	704.0
832	704.0
832	704.0
832	704.0
832	704.0
832	704.0
832	704.0
832	704.0
832	704.0
832	704.0
832	704.0
832	704.0
832	704.0
832	704.0
832	704.0
832	704.0
832	704.0
832	704.0
832	704.0
832	704.0
832	704.0
832	704.0
832	704.0
-3920	-4048.0
-1036	-1164.0
128	0.0
128	0.0
-3990	-4118.0
128	0.0
832	704.0
832	704.0
630	502.0
630	502.0
832	704.0
630	502.0
832	704.0
832	704.0
832	704.0
832	704.0
832	704.0
832	704.0
832	704.0
832	704.0
832	704.0
832	704.0
832	704.0
832	704.0
832	704.0
832	704.0
832	704.0
832	704.0
832	704.0
832	704.0
832	704.0
832	704.0
832	704.0
128	0.0
128	0.0
128	0.0
128	0.0
832	704.0
832	704.0
832	704.0
832	704.0
832	704.0
832	704.0
832	704.0
832	704.0
832	704.0
-3470	-3598.0
630	502.0
128	0.0
10	-118.0
270	142.0
270	142.0
-90	-218.0
-90	-218.0
-90	-218.0
-90	-218.0
-90	-218.0
-90	-218.0
-90	-218.0
-90	-218.0
-90	-218.0
-90	-218.0
-90	-218.0
-90	-218.0
-90	-218.0
-90	-218.0
-90	-218.0
-90	-218.0
-90	-218.0
-90	-218.0
-90	-218.0
68	-60.0
112	-16.0
-1010	-1138.0
270	142.0
128	0.0
832	704.0
-3470	-3598.0
-2424	-2552.0
832	704.0
832	704.0
832	704.0
832	704.0
832	704.0
832	704.0
832	704.0
832	704.0
832	704.0
832	704.0
832	704.0
832	704.0
832	704.0
832	704.0
832	704.0
832	704.0
832	704.0
832	704.0
832	704.0
832	704.0
832	704.0
832	704.0
832	704.0
832	704.0
832	704.0
832	704.0
832	704.0
832	704.0
832	704.0
832	704.0
832	704.0
832	704.0
832	704.0
832	704.0
832	704.0
832	704.0
832	704.0
832	704.0
832	704.0
832	704.0
832	704.0
832	704.0
832	704.0
832	704.0
832	704.0
832	704.0
832	704.0
832	704.0
832	704.0
128	0.0
472	344.0
128	0.0
128	0.0
-4208	-4336.0
-3524	-3652.0
832	704.0
832	704.0
832	704.0
832	704.0
832	704.0
832	704.0
832	704.0
832	704.0
832	704.0
832	704.0
832	704.0
832	704.0
832	704.0
832	704.0
832	704.0
832	704.0
832	704.0
832	704.0
832	704.0
832	704.0
832	704.0
832	704.0
832	704.0
832	704.0
832	704.0
832	704.0
832	704.0
128	0.0
128	0.0
128	0.0
128	0.0
832	704.0
832	704.0
832	704.0
832	704.0
832	704.0
832	704.0
832	704.0
832	704.0
832	704.0
-2292	-2420.0
-1968	-2096.0
2936	2808.0
128	0.0
270	142.0
-334	-462.0
-90	-218.0
-90	-218.0
-90	-218.0
-90	-218.0
-90	-218.0
-90	-218.0
-90	-218.0
-90	-218.0
-90	-218.0
-90	-218.0
-90	-218.0
-90	-218.0
-90	-218.0
-90	-218.0
-90	-218.0
-90	-218.0
-90	-218.0
-90	-218.0
-90	-218.0
-404	-532.0
270	142.0
660	532.0
128	0.0
832	704.0
-2038	-2166.0
-2292	-2420.0
832	704.0
832	704.0
832	704.0
630	502.0
832	704.0
832	704.0
832	704.0
832	704.0
832	704.0
832	704.0
832	704.0
832	704.0
832	704.0
832	704.0
832	704.0
832	704.0
832	704.0
832	704.0
832	704.0
832	704.0
832	704.0
832	704.0
832	704.0
832	704.0
832	704.0
832	704.0
832	704.0
832	704.0
832	704.0
832	704.0
832	704.0
832	704.0
832	704.0
832	704.0
832	704.0
832	704.0
832	704.0
832	704.0
832	704.0
832	704.0
832	704.0
832	704.0
832	704.0
832	704.0
832	704.0
832	704.0
832	704.0
832	704.0
832	704.0
990	862.0
-3480	-3608.0
-1300	-1428.0
128	0.0
128	0.0
788	660.0
128	0.0
832	704.0
832	704.0
832	704.0
832	704.0
832	704.0
832	704.0
832	704.0
832	704.0
832	704.0
832	704.0
832	704.0
832	704.0
832	704.0
832	704.0
832	704.0
832	704.0
832	704.0
832	704.0
832	704.0
832	704.0
832	704.0
832	704.0
832	704.0
832	704.0
832	704.0
832	704.0
832	704.0
128	0.0
128	0.0
128	0.0
128	0.0
832	704.0
832	704.0
832	704.0
832	704.0
832	704.0
832	704.0
832	704.0
832	704.0
832	704.0
832	704.0
-3506	-3634.0
788	660.0
128	0.0
1416	1288.0
-606	-734.0
-90	-218.0
-90	-218.0
-90	-218.0
-90	-218.0
-90	-218.0
-90	-218.0
-90	-218.0
-90	-218.0
-90	-218.0
-90	-218.0
-90	-218.0
-90	-218.0
-90	-218.0
-90	-218.0
-90	-218.0
270	142.0
112	-16.0
-316	-444.0
-90	-218.0
270	142.0
128	0.0
128	0.0
832	704.0
-3206	-3334.0
-2028	-2156.0
832	704.0
832	704.0
630	502.0
630	502.0
630	502.0
832	704.0
630	502.0
832	704.0
832	704.0
832	704.0
832	704.0
832	704.0
832	704.0
832	704.0
832	704.0
832	704.0
832	704.0
832	704.0
832	704.0
832	704.0
832	704.0
832	704.0
832	704.0
832	704.0
832	704.0
832	704.0
832	704.0
832	704.0
832	704.0
832	704.0
832	704.0
832	704.0
832	704.0
832	704.0
832	704.0
832	704.0
832	704.0
832	704.0
832	704.0
832	704.0
832	704.0
832	704.0
832	704.0
832	704.0
832	704.0
832	704.0
832	704.0
832	704.0
832	704.0
832	704.0
832	704.0
-2028	-2156.0
-3480	-3608.0
990	862.0
128	0.0
168	40.0
-1494	-1622.0
-1310	-1438.0
832	704.0
832	704.0
832	704.0
832	704.0
832	704.0
832	704.0
832	704.0
832	704.0
832	704.0
832	704.0
832	704.0
832	704.0
832	704.0
832	704.0
832	704.0
832	704.0
832	704.0
832	704.0
832	704.0
832	704.0
832	704.0
832	704.0
832	704.0
832	704.0
832	704.0
832	704.0
128	0.0
128	0.0
128	0.0
128	0.0
832	704.0
832	704.0
832	704.0
832	704.0
832	704.0
832	704.0
832	704.0
832	704.0
832	704.0
832	704.0
-2688	-2816.0
-2442	-2570.0
2926	2798.0
128	0.0
68	-60.0
492	364.0
-90	-218.0
-90	-218.0
-90	-218.0
-90	-218.0
-90	-218.0
-90	-218.0
-90	-218.0
-90	-218.0
-292	-420.0
-292	-420.0
-292	-420.0
-90	-218.0
-90	-218.0
68	-60.0
428	300.0
472	344.0
630	502.0
270	142.0
128	0.0
788	660.0
-3004	-3132.0
-2530	-2658.0
832	704.0
832	704.0
832	704.0
630	502.0
630	502.0
428	300.0
630	502.0
630	502.0
630	502.0
630	502.0
832	704.0
832	704.0
832	704.0
832	704.0
832	704.0
832	704.0
832	704.0
832	704.0
832	704.0
832	704.0
832	704.0
832	704.0
832	704.0
832	704.0
832	704.0
832	704.0
832	704.0
832	704.0
832	704.0
832	704.0
832	704.0
832	704.0
832	704.0
832	704.0
832	704.0
832	704.0
832	704.0
832	704.0
832	704.0
832	704.0
832	704.0
832	704.0
630	502.0
832	704.0
630	502.0
832	704.0
630	502.0
832	704.0
630	502.0
832	704.0
630	502.0
832	704.0
832	704.0
832	704.0
-2292	-2420.0
-2434	-2562.0
832	704.0
128	0.0
128	0.0
428	300.0
-2020	-2148.0
-2336	-2464.0
832	704.0
832	704.0
832	704.0
832	704.0
832	704.0
832	704.0
832	704.0
832	704.0
832	704.0
832	704.0
832	704.0
832	704.0
832	704.0
832	704.0
832	704.0
832	704.0
832	704.0
832	704.0
832	704.0
832	704.0
832	704.0
832	704.0
832	704.0
832	704.0
128	0.0
128	0.0
128	0.0
128	0.0
832	704.0
832	704.0
832	704.0
832	704.0
832	704.0
832	704.0
832	704.0
832	704.0
832	704.0
832	704.0
832	704.0
-2600	-2728.0
832	704.0
128	0.0
128	0.0
68	-60.0
-90	-218.0
-90	-218.0
-90	-218.0
112	-16.0
270	142.0
112	-16.0
112	-16.0
-90	-218.0
-90	-218.0
-248	-376.0
-248	-376.0
-450	-578.0
-248	-376.0
-292	-420.0
-130	-258.0
7256	7128.0
-786	-914.0
128	0.0
1840	1712.0
-2126	-2254.0
128	0.0
832	704.0
832	704.0
630	502.0
832	704.0
-2476	-2604.0
630	502.0
270	142.0
472	344.0
630	502.0
630	502.0
630	502.0
630	502.0
990	862.0
832	704.0
832	704.0
832	704.0
832	704.0
832	704.0
832	704.0
832	704.0
832	704.0
832	704.0
832	704.0
832	704.0
832	704.0
832	704.0
832	704.0
832	704.0
832	704.0
832	704.0
832	704.0
832	704.0
832	704.0
832	704.0
990	862.0
832	704.0
990	862.0
832	704.0
990	862.0
832	704.0
832	704.0
832	704.0
832	704.0
832	704.0
832	704.0
630	502.0
630	502.0
630	502.0
630	502.0
270	142.0
630	502.0
630	502.0
630	502.0
630	502.0
832	704.0
832	704.0
-2072	-2200.0
-4288	-4416.0
832	704.0
128	0.0
128	0.0
428	300.0
-2794	-2922.0
-2292	-2420.0
832	704.0
832	704.0
832	704.0
832	704.0
832	704.0
832	704.0
832	704.0
832	704.0
832	704.0
832	704.0
832	704.0
832	704.0
832	704.0
832	704.0
832	704.0
832	704.0
832	704.0
832	704.0
832	704.0
832	704.0
832	704.0
832	704.0
832	704.0
128	0.0
128	0.0
128	0.0
128	0.0
832	704.0
832	704.0
832	704.0
832	704.0
832	704.0
832	704.0
832	704.0
832	704.0
630	502.0
832	704.0
832	704.0
832	704.0
-1826	-1954.0
472	344.0
242	114.0
732	604.0
-134	-262.0
270	142.0
428	300.0
630	502.0
630	502.0
832	704.0
630	502.0
472	344.0
68	-60.0
-1148	-1276.0
128	0.0
-5640	-5768.0
128	0.0
-244	-372.0
270	142.0
-2100	-2228.0
128	0.0
2934	2806.0
128	0.0
630	502.0
-3648	-3776.0
832	704.0
832	704.0
630	502.0
-2820	-2948.0
-2328	-2456.0
3270	3142.0
128	0.0
68	-60.0
630	502.0
630	502.0
630	502.0
832	704.0
832	704.0
832	704.0
832	704.0
832	704.0
832	704.0
832	704.0
832	704.0
832	704.0
832	704.0
832	704.0
832	704.0
832	704.0
832	704.0
832	704.0
832	704.0
832	704.0
832	704.0
832	704.0
832	704.0
630	502.0
832	704.0
832	704.0
832	704.0
832	704.0
990	862.0
990	862.0
1148	1020.0
1148	1020.0
1350	1222.0
1350	1222.0
1350	1222.0
1148	1020.0
990	862.0
990	862.0
832	704.0
788	660.0
472	344.0
-832	-960.0
1742	1614.0
128	0.0
630	502.0
788	660.0
-2204	-2332.0
832	704.0
832	704.0
-2028	-2156.0
-3410	-3538.0
-1756	-1884.0
128	0.0
128	0.0
788	660.0
-2338	-2466.0
832	704.0
832	704.0
832	704.0
832	704.0
832	704.0
832	704.0
832	704.0
832	704.0
832	704.0
832	704.0
832	704.0
832	704.0
832	704.0
832	704.0
832	704.0
832	704.0
832	704.0
832	704.0
832	704.0
832	704.0
832	704.0
832	704.0
832	704.0
128	0.0
128	0.0
128	0.0
128	0.0
832	704.0
832	704.0
832	704.0
832	704.0
832	704.0
832	704.0
832	704.0
832	704.0
832	704.0
832	704.0
832	704.0
832	704.0
832	704.0
630	502.0
832	704.0
630	502.0
630	502.0
946	818.0
990	862.0
8572	8444.0
4884	4756.0
9406	9278.0
4278	4150.0
4910	4782.0
832	704.0
630	502.0
472	344.0
270	142.0
270	142.0
630	502.0
-1308	-1436.0
-3410	-3538.0
128	0.0
2338	2210.0
128	0.0
630	502.0
128	0.0
630	502.0
832	704.0
630	502.0
-3006	-3134.0
630	502.0
128	0.0
128	0.0
-1200	-1328.0
-1642	-1770.0
-1616	-1744.0
630	502.0
630	502.0
630	502.0
832	704.0
832	704.0
832	704.0
832	704.0
832	704.0
832	704.0
832	704.0
832	704.0
832	704.0
832	704.0
832	704.0
990	862.0
832	704.0
990	862.0
832	704.0
832	704.0
832	704.0
832	704.0
630	502.0
428	300.0
270	142.0
270	142.0
472	344.0
630	502.0
990	862.0
128	0.0
9558	9430.0
128	0.0
10102	9974.0
128	0.0
8846	8718.0
11910	11782.0
4330	4202.0
1306	1178.0
1192	1064.0
990	862.0
990	862.0
788	660.0
128	0.0
128	0.0
428	300.0
-2390	-2518.0
-2952	-3080.0
832	704.0
832	704.0
-2952	-3080.0
128	0.0
428	300.0
128	0.0
128	0.0
-1846	-1974.0
-2556	-2684.0
832	704.0
832	704.0
832	704.0
832	704.0
832	704.0
832	704.0
832	704.0
832	704.0
832	704.0
832	704.0
832	704.0
832	704.0
832	704.0
832	704.0
832	704.0
832	704.0
832	704.0
832	704.0
832	704.0
832	704.0
832	704.0
832	704.0
128	0.0
128	0.0
128	0.0
128	0.0
832	704.0
832	704.0
832	704.0
832	704.0
832	704.0
832	704.0
832	704.0
832	704.0
832	704.0
832	704.0
832	704.0
832	704.0
832	704.0
832	704.0
832	704.0
832	704.0
990	862.0
990	862.0
990	862.0
1148	1020.0
990	862.0
1148	1020.0
990	862.0
1148	1020.0
990	862.0
990	862.0
832	704.0
832	704.0
630	502.0
832	704.0
630	502.0
-2292	-2420.0
128	0.0
2258	2130.0
128	0.0
1986	1858.0
128	0.0
-2336	-2464.0
832	704.0
-2072	-2200.0
-2190	-2318.0
630	502.0
128	0.0
128	0.0
946	818.0
630	502.0
-492	-620.0
428	300.0
630	502.0
630	502.0
832	704.0
832	704.0
832	704.0
832	704.0
832	704.0
832	704.0
832	704.0
832	704.0
630	502.0
832	704.0
832	704.0
990	862.0
990	862.0
1350	1222.0
-3196	-3324.0
1350	1222.0
1148	1020.0
990	862.0
788	660.0
1452	1324.0
128	0.0
128	0.0
128	0.0
742	614.0
428	300.0
990	862.0
1148	1020.0
1350	1222.0
1350	1222.0
1350	1222.0
1148	1020.0
1350	1222.0
990	862.0
1148	1020.0
990	862.0
990	862.0
-2846	-2974.0
128	0.0
-2626	-2754.0
128	0.0
128	0.0
7474	7346.0
-3162	-3290.0
128	0.0
-4550	-4678.0
-4384	-4512.0
-3954	-4082.0
990	862.0
128	0.0
2284	2156.0
-2074	-2202.0
832	704.0
832	704.0
832	704.0
832	704.0
832	704.0
832	704.0
832	704.0
832	704.0
832	704.0
832	704.0
832	704.0
832	704.0
832	704.0
832	704.0
832	704.0
832	704.0
832	704.0
832	704.0
832	704.0
832	704.0
832	704.0
832	704.0
832	704.0
128	0.0
128	0.0
128	0.0
128	0.0
832	704.0
832	704.0
832	704.0
832	704.0
832	704.0
832	704.0
832	704.0
832	704.0
832	704.0
832	704.0
832	704.0
832	704.0
832	704.0
832	704.0
832	704.0
990	862.0
832	704.0
990	862.0
832	704.0
990	862.0
832	704.0
990	862.0
832	704.0
990	862.0
832	704.0
990	862.0
832	704.0
832	704.0
832	704.0
832	704.0
832	704.0
630	502.0
-3516	-3644.0
832	704.0
128	0.0
-294	-422.0
-3050	-3178.0
-3480	-3608.0
832	704.0
-2556	-2684.0
128	0.0
630	502.0
128	0.0
2936	2808.0
2314	2186.0
472	344.0
472	344.0
270	142.0
428	300.0
630	502.0
630	502.0
832	704.0
832	704.0
990	862.0
832	704.0
832	704.0
832	704.0
630	502.0
-1554	-1682.0
428	300.0
630	502.0
788	660.0
4112	3984.0
128	0.0
6746	6618.0
128	0.0
10410	10282.0
128	0.0
4050	3922.0
788	660.0
472	344.0
270	142.0
270	142.0
428	300.0
630	502.0
630	502.0
630	502.0
832	704.0
832	704.0
832	704.0
832	704.0
990	862.0
832	704.0
990	862.0
832	704.0
990	862.0
832	704.0
832	704.0
-2600	-2728.0
788	660.0
3260	3132.0
128	0.0
128	0.0
8266	8138.0
8610	8482.0
128	0.0
128	0.0
12754	12626.0
990	862.0
788	660.0
630	502.0
832	704.0
832	704.0
832	704.0
832	704.0
832	704.0
832	704.0
832	704.0
832	704.0
832	704.0
832	704.0
832	704.0
832	704.0
832	704.0
832	704.0
832	704.0
832	704.0
832	704.0
832	704.0
832	704.0
832	704.0
832	704.0
832	704.0
832	704.0
128	0.0
128	0.0
128	0.0
128	0.0
832	704.0
832	704.0
832	704.0
832	704.0
832	704.0
832	704.0
832	704.0
832	704.0
832	704.0
832	704.0
832	704.0
832	704.0
832	704.0
832	704.0
832	704.0
832	704.0
832	704.0
832	704.0
832	704.0
832	704.0
832	704.0
832	704.0
832	704.0
832	704.0
832	704.0
832	704.0
832	704.0
832	704.0
832	704.0
832	704.0
832	704.0
832	704.0
-2952	-3080.0
832	704.0
128	0.0
128	0.0
990	862.0
-4490	-4618.0
-4736	-4864.0
128	0.0
128	0.0
1350	1222.0
128	0.0
8558	8430.0
112	-16.0
128	0.0
128	0.0
472	344.0
630	502.0
630	502.0
630	502.0
832	704.0
832	704.0
832	704.0
-2546	-2674.0
-2880	-3008.0
1148	1020.0
990	862.0
1294	1166.0
128	0.0
128	0.0
1690	1562.0
428	300.0
990	862.0
1148	1020.0
1350	1222.0
1350	1222.0
1350	1222.0
990	862.0
990	862.0
832	704.0
832	704.0
832	704.0
832	704.0
630	502.0
832	704.0
630	502.0
832	704.0
832	704.0
832	704.0
832	704.0
832	704.0
832	704.0
832	704.0
832	704.0
832	704.0
832	704.0
832	704.0
832	704.0
832	704.0
990	862.0
990	862.0
990	862.0
990	862.0
630	502.0
1192	1064.0
1148	1020.0
-2634	-2762.0
990	862.0
832	704.0
832	704.0
832	704.0
832	704.0
832	704.0
832	704.0
832	704.0
832	704.0
832	704.0
832	704.0
832	704.0
832	704.0
832	704.0
832	704.0
832	704.0
832	704.0
832	704.0
832	704.0
832	704.0
832	704.0
832	704.0
832	704.0
832	704.0
832	704.0
832	704.0
128	0.0
128	0.0
128	0.0
128	0.0
832	704.0
832	704.0
832	704.0
832	704.0
832	704.0
832	704.0
832	704.0
832	704.0
832	704.0
832	704.0
832	704.0
832	704.0
832	704.0
832	704.0
832	704.0
832	704.0
832	704.0
832	704.0
832	704.0
832	704.0
832	704.0
832	704.0
832	704.0
832	704.0
832	704.0
832	704.0
832	704.0
832	704.0
832	704.0
832	704.0
832	704.0
832	704.0
832	704.0
-2222	-2350.0
990	862.0
4076	3948.0
128	0.0
10752	10624.0
1192	1064.0
946	818.0
3962	3834.0
128	0.0
4216	4088.0
-3832	-3960.0
128	0.0
926	798.0
128	0.0
630	502.0
-2118	-2246.0
630	502.0
832	704.0
832	704.0
-2626	-2754.0
630	502.0
990	862.0
128	0.0
128	0.0
128	0.0
4360	4232.0
630	502.0
630	502.0
-1010	-1138.0
630	502.0
630	502.0
630	502.0
832	704.0
832	704.0
832	704.0
832	704.0
990	862.0
832	704.0
832	704.0
832	704.0
832	704.0
832	704.0
832	704.0
832	704.0
832	704.0
832	704.0
832	704.0
832	704.0
832	704.0
832	704.0
832	704.0
832	704.0
832	704.0
832	704.0
832	704.0
832	704.0
990	862.0
832	704.0
832	704.0
630	502.0
630	502.0
630	502.0
630	502.0
832	704.0
832	704.0
832	704.0
832	704.0
832	704.0
832	704.0
832	704.0
832	704.0
832	704.0
832	704.0
832	704.0
832	704.0
832	704.0
832	704.0
832	704.0
832	704.0
832	704.0
832	704.0
832	704.0
832	704.0
832	704.0
832	704.0
832	704.0
832	704.0
832	704.0
832	704.0
832	704.0
832	704.0
128	0.0
128	0.0
128	0.0
128	0.0
832	704.0
832	704.0
832	704.0
832	704.0
832	704.0
832	704.0
832	704.0
832	704.0
832	704.0
832	704.0
832	704.0
832	704.0
832	704.0
832	704.0
832	704.0
832	704.0
832	704.0
832	704.0
832	704.0
832	704.0
832	704.0
832	704.0
832	704.0
832	704.0
832	704.0
832	704.0
832	704.0
832	704.0
832	704.0
832	704.0
832	704.0
832	704.0
832	704.0
990	862.0
832	704.0
832	704.0
990	862.0
3294	3166.0
274	146.0
832	704.0
788	660.0
990	862.0
990	862.0
128	0.0
128	0.0
3682	3554.0
128	0.0
630	502.0
128	0.0
630	502.0
832	704.0
-3278	-3406.0
630	502.0
128	0.0
128	0.0
5840	5712.0
990	862.0
-2748	-2876.0
-3838	-3966.0
-2186	-2314.0
832	704.0
832	704.0
630	502.0
832	704.0
832	704.0
832	704.0
832	704.0
832	704.0
832	704.0
832	704.0
832	704.0
832	704.0
832	704.0
832	704.0
832	704.0
832	704.0
832	704.0
832	704.0
832	704.0
832	704.0
832	704.0
832	704.0
832	704.0
832	704.0
832	704.0
832	704.0
832	704.0
832	704.0
832	704.0
832	704.0
832	704.0
832	704.0
630	502.0
832	704.0
630	502.0
832	704.0
832	704.0
832	704.0
832	704.0
832	704.0
832	704.0
832	704.0
832	704.0
832	704.0
832	704.0
832	704.0
832	704.0
832	704.0
832	704.0
832	704.0
832	704.0
832	704.0
832	704.0
832	704.0
832	704.0
832	704.0
832	704.0
832	704.0
832	704.0
832	704.0
832	704.0
832	704.0
832	704.0
832	704.0
128	0.0
128	0.0
128	0.0
128	0.0
832	704.0
832	704.0
832	704.0
832	704.0
832	704.0
832	704.0
832	704.0
832	704.0
832	704.0
832	704.0
832	704.0
832	704.0
832	704.0
832	704.0
832	704.0
832	704.0
832	704.0
832	704.0
832	704.0
832	704.0
832	704.0
832	704.0
832	704.0
832	704.0
832	704.0
832	704.0
832	704.0
832	704.0
832	704.0
832	704.0
832	704.0
832	704.0
832	704.0
832	704.0
832	704.0
990	862.0
832	704.0
630	502.0
630	502.0
630	502.0
630	502.0
832	704.0
832	704.0
-2336	-2464.0
128	0.0
2478	2350.0
128	0.0
630	502.0
128	0.0
-3876	-4004.0
128	0.0
128	0.0
128	0.0
128	0.0
-134	-262.0
128	0.0
-3084	-3212.0
832	704.0
832	704.0
990	862.0
832	704.0
832	704.0
832	704.0
832	704.0
832	704.0
832	704.0
832	704.0
832	704.0
832	704.0
832	704.0
832	704.0
832	704.0
832	704.0
832	704.0
832	704.0
832	704.0
832	704.0
832	704.0
832	704.0
832	704.0
832	704.0
832	704.0
832	704.0
832	704.0
832	704.0
832	704.0
832	704.0
832	704.0
832	704.0
832	704.0
832	704.0
832	704.0
832	704.0
832	704.0
832	704.0
832	704.0
832	704.0
832	704.0
832	704.0
832	704.0
832	704.0
832	704.0
832	704.0
832	704.0
832	704.0
832	704.0
832	704.0
832	704.0
832	704.0
832	704.0
832	704.0
832	704.0
832	704.0
832	704.0
832	704.0
832	704.0
832	704.0
832	704.0
832	704.0
832	704.0
832	704.0
832	704.0
832	704.0
832	704.0
128	0.0
128	0.0
128	0.0
128	0.0
832	704.0
832	704.0
832	704.0
832	704.0
832	704.0
832	704.0
832	704.0
832	704.0
832	704.0
832	704.0
832	704.0
832	704.0
832	704.0
832	704.0
832	704.0
832	704.0
832	704.0
832	704.0
832	704.0
832	704.0
832	704.0
832	704.0
832	704.0
832	704.0
832	704.0
832	704.0
832	704.0
832	704.0
832	704.0
832	704.0
832	704.0
832	704.0
832	704.0
832	704.0
832	704.0
832	704.0
630	502.0
832	704.0
630	502.0
832	704.0
630	502.0
832	704.0
630	502.0
832	704.0
-2768	-2896.0
630	502.0
128	0.0
128	0.0
-2950	-3078.0
-3462	-3590.0
-2704	-2832.0
10216	10088.0
128	0.0
128	0.0
-1668	-1796.0
-2952	-3080.0
832	704.0
832	704.0
832	704.0
832	704.0
832	704.0
832	704.0
832	704.0
832	704.0
832	704.0
832	704.0
832	704.0
832	704.0
832	704.0
832	704.0
832	704.0
832	704.0
832	704.0
832	704.0
832	704.0
832	704.0
832	704.0
832	704.0
832	704.0
832	704.0
832	704.0
832	704.0
832	704.0
832	704.0
832	704.0
832	704.0
832	704.0
832	704.0
832	704.0
832	704.0
832	704.0
832	704.0
832	704.0
832	704.0
832	704.0
832	704.0
832	704.0
832	704.0
832	704.0
832	704.0
832	704.0
832	704.0
832	704.0
832	704.0
832	704.0
832	704.0
832	704.0
832	704.0
832	704.0
832	704.0
832	704.0
832	704.0
832	704.0
832	704.0
832	704.0
832	704.0
832	704.0
832	704.0
832	704.0
832	704.0
832	704.0
832	704.0
832	704.0
832	704.0
128	0.0
128	0.0
128	0.0
128	0.0
832	704.0
832	704.0
832	704.0
832	704.0
832	704.0
832	704.0
832	704.0
832	704.0
832	704.0
832	704.0
832	704.0
832	704.0
832	704.0
832	704.0
832	704.0
832	704.0
832	704.0
832	704.0
832	704.0
832	704.0
832	704.0
832	704.0
832	704.0
832	704.0
832	704.0
832	704.0
832	704.0
832	704.0
832	704.0
832	704.0
832	704.0
832	704.0
832	704.0
832	704.0
832	704.0
832	704.0
832	704.0
832	704.0
832	704.0
832	704.0
832	704.0
832	704.0
832	704.0
832	704.0
630	502.0
630	502.0
990	862.0
3804	3676.0
128	0.0
128	0.0
6554	6426.0
4884	4756.0
990	862.0
630	502.0
-2336	-2464.0
832	704.0
832	704.0
832	704.0
832	704.0
832	704.0
832	704.0
832	704.0
832	704.0
832	704.0
832	704.0
832	704.0
832	704.0
832	704.0
832	704.0
832	704.0
832	704.0
832	704.0
832	704.0
832	704.0
832	704.0
832	704.0
832	704.0
832	704.0
832	704.0
832	704.0
832	704.0
832	704.0
832	704.0
832	704.0
832	704.0
832	704.0
832	704.0
832	704.0
832	704.0
832	704.0
832	704.0
832	704.0
832	704.0
832	704.0
832	704.0
832	704.0
832	704.0
832	704.0
832	704.0
832	704.0
832	704.0
832	704.0
832	704.0
832	704.0
832	704.0
832	704.0
832	704.0
832	704.0
832	704.0
832	704.0
832	704.0
832	704.0
832	704.0
832	704.0
832	704.0
832	704.0
832	704.0
832	704.0
832	704.0
832	704.0
832	704.0
832	704.0
832	704.0
832	704.0
128	0.0
128	0.0
128	0.0
128	0.0
832	704.0
832	704.0
832	704.0
832	704.0
832	704.0
832	704.0
832	704.0
832	704.0
832	704.0
832	704.0
832	704.0
832	704.0
832	704.0
832	704.0
832	704.0
832	704.0
832	704.0
832	704.0
832	704.0
832	704.0
832	704.0
832	704.0
832	704.0
832	704.0
832	704.0
832	704.0
832	704.0
832	704.0
832	704.0
832	704.0
832	704.0
832	704.0
832	704.0
832	704.0
832	704.0
832	704.0
832	704.0
832	704.0
832	704.0
832	704.0
832	704.0
832	704.0
832	704.0
832	704.0
832	704.0
832	704.0
832	704.0
990	862.0
1148	1020.0
1508	1380.0
1350	1222.0
990	862.0
990	862.0
832	704.0
832	704.0
832	704.0
832	704.0
832	704.0
832	704.0
832	704.0
832	704.0
832	704.0
832	704.0
832	704.0
832	704.0
832	704.0
832	704.0
832	704.0
832	704.0
832	704.0
832	704.0
832	704.0
832	704.0
832	704.0
832	704.0
832	704.0
832	704.0
832	704.0
832	704.0
832	704.0
832	704.0
832	704.0
832	704.0
832	704.0
832	704.0
832	704.0
832	704.0
832	704.0
832	704.0
832	704.0
832	704.0
832	704.0
832	704.0
832	704.0
832	704.0
832	704.0
832	704.0
832	704.0
832	704.0
832	704.0
832	704.0
832	704.0
832	704.0
832	704.0
832	704.0
832	704.0
832	704.0
832	704.0
832	704.0
832	704.0
832	704.0
832	704.0
832	704.0
832	704.0
832	704.0
832	704.0
832	704.0
832	704.0
832	704.0
832	704.0
832	704.0
832	704.0
832	704.0
832	704.0
128	0.0
128	0.0
128	0.0
128	0.0
832	704.0
990	862.0
832	704.0
990	862.0
832	704.0
990	862.0
832	704.0
990	862.0
832	704.0
990	862.0
832	704.0
990	862.0
832	704.0
990	862.0
832	704.0
990	862.0
832	704.0
990	862.0
832	704.0
990	862.0
832	704.0
990	862.0
832	704.0
990	862.0
832	704.0
990	862.0
832	704.0
990	862.0
832	704.0
990	862.0
832	704.0
990	862.0
832	704.0
990	862.0
832	704.0
990	862.0
832	704.0
990	862.0
832	704.0
990	862.0
832	704.0
990	862.0
832	704.0
990	862.0
832	704.0
990	862.0
832	704.0
990	862.0
832	704.0
990	862.0
832	704.0
990	862.0
832	704.0
990	862.0
832	704.0
990	862.0
832	704.0
990	862.0
832	704.0
990	862.0
832	704.0
990	862.0
832	704.0
990	862.0
832	704.0
990	862.0
832	704.0
990	862.0
832	704.0
990	862.0
832	704.0
990	862.0
832	704.0
990	862.0
832	704.0
990	862.0
832	704.0
990	862.0
832	704.0
990	862.0
832	704.0
990	862.0
832	704.0
990	862.0
832	704.0
990	862.0
832	704.0
990	862.0
832	704.0
990	862.0
832	704.0
990	862.0
832	704.0
990	862.0
832	704.0
990	862.0
832	704.0
990	862.0
832	704.0
990	862.0
832	704.0
990	862.0
832	704.0
990	862.0
832	704.0
990	862.0
832	704.0
990	862.0
832	704.0
990	862.0
832	704.0
990	862.0
832	704.0
990	862.0
832	704.0
990	862.0
832	704.0
990	862.0
832	704.0
990	862.0
832	704.0
990	862.0
832	704.0
990	862.0
128	0.0
128	0.0
128	0.0
128	0.0
128	0.0
128	0.0
128	0.0
128	0.0
128	0.0
128	0.0
128	0.0
128	0.0
128	0.0
128	0.0
128	0.0
128	0.0
128	0.0
128	0.0
128	0.0
128	0.0
128	0.0
128	0.0
128	0.0
128	0.0
128	0.0
128	0.0
128	0.0
128	0.0
128	0.0
128	0.0
128	0.0
128	0.0
128	0.0
128	0.0
128	0.0
128	0.0
128	0.0
128	0.0
128	0.0
128	0.0
128	0.0
128	0.0
128	0.0
128	0.0
128	0.0
128	0.0
128	0.0
128	0.0
128	0.0
128	0.0
128	0.0
128	0.0
128	0.0
128	0.0
128	0.0
128	0.0
128	0.0
128	0.0
128	0.0
128	0.0
128	0.0
128	0.0
128	0.0
128	0.0
128	0.0
128	0.0
128	0.0
128	0.0
128	0.0
128	0.0
128	0.0
128	0.0
128	0.0
128	0.0
128	0.0
128	0.0
128	0.0
128	0.0
128	0.0
128	0.0
128	0.0
128	0.0
128	0.0
128	0.0
128	0.0
128	0.0
128	0.0
128	0.0
128	0.0
128	0.0
128	0.0
128	0.0
128	0.0
128	0.0
128	0.0
128	0.0
128	0.0
128	0.0
128	0.0
128	0.0
128	0.0
128	0.0
128	0.0
128	0.0
128	0.0
128	0.0
128	0.0
128	0.0
128	0.0
128	0.0
128	0.0
128	0.0
128	0.0
128	0.0
128	0.0
128	0.0
128	0.0
128	0.0
128	0.0
128	0.0
128	0.0
128	0.0
128	0.0
128	0.0
128	0.0
128	0.0
128	0.0
128	0.0
128	0.0
128	0.0
[128 128]
[128 128]
[128 128]
[128 128]
[128 128]
[128 128]
[128 128]
[128 128]
[128 128]
[128 128]
[128 128]
[128 128]
[128 128]
[128 128]
[128 128]
[128 128]
[128 128]
[128 128]
[128 128]
[128 128]
[128 128]
[128 128]
[128 128]
[128 128]
[128 128]
[128 128]
[128 128]
[128 128]
[128 128]
[128 128]
[128 128]
[128 128]
[128 128]
[128 128]
[128 128]
[128 128]
[128 128]
[128 128]
[128 128]
[128 128]
[128 128]
[128 128]
[128 128]
[128 128]
[128 128]
[128 128]
[128 128]
[128 128]
[128 128]
[128 128]
[128 128]
[128 128]
[128 128]
[128 128]
[128 128]
[128 128]
[128 128]
[128 128]
[128 128]
[128 128]
[128 128]
[128 128]
[128 128]
[128 128]
[128 128]
[128 128]
[128 128]
[128 128]
[128 128]
[128 128]
[128 128]
[128 128]
[128 128]
[128 128]
[128 128]
[128 128]
[128 128]
[128 128]
[128 128]
[128 128]
[128 128]
[128 128]
[128 128]
[128 128]
[128 128]
[128 128]
[128 128]
[128 128]
[128 128]
[128 128]
[128 128]
[128 128]
[128 128]
[128 128]
[128 128]
[128 128]
[128 128]
[128 128]
[128 128]
[128 128]
[128 128]
[128 128]
[128 128]
[128 128]
[128 128]
[128 128]
[128 128]
[128 128]
[128 128]
[128 128]
[128 128]
[128 128]
[128 128]
[128 128]
[128 128]
[128 128]
[128 128]
[128 128]
[128 128]
[128 128]
[128 128]
[128 128]
[128 128]
[128 128]
[128 128]
[128 128]
[128 128]
[128 128]
[128 128]
[128 128]
[  630 -5474]
[  832 -5632]
[  630 -5474]
[  832 -5632]
[  630 -5474]
[  832 -5632]
[  630 -5474]
[  832 -5632]
[  630 -5474]
[  832 -5632]
[  630 -5474]
[  832 -5632]
[  630 -5474]
[  832 -5632]
[  630 -5474]
[  832 -5632]
[  630 -5474]
[  832 -5632]
[  630 -5474]
[  832 -5632]
[  630 -5474]
[  832 -5632]
[  630 -5474]
[  832 -5632]
[  630 -5474]
[  832 -5632]
[  630 -5474]
[  832 -5632]
[  630 -5474]
[  832 -5632]
[  630 -5474]
[  832 -5632]
[  630 -5474]
[  832 -5632]
[  630 -5474]
[  832 -5632]
[  630 -5474]
[  832 -5632]
[  630 -5474]
[  832 -5632]
[  630 -5474]
[  832 -5632]
[  630 -5474]
[  832 -5632]
[  630 -5474]
[  832 -5632]
[  630 -5474]
[  832 -5632]
[  630 -5474]
[  832 -5632]
[  630 -5474]
[  832 -5632]
[  630 -5474]
[  832 -5632]
[  630 -5474]
[  832 -5632]
[  630 -5474]
[  832 -5632]
[  630 -5474]
[  832 -5632]
[  630 -5474]
[  832 -5632]
[  630 -5474]
[  832 -5632]
[  630 -5474]
[  832 -5632]
[  630 -5474]
[  832 -5632]
[  630 -5474]
[  832 -5632]
[  630 -5474]
[  832 -5632]
[  630 -5474]
[  832 -5632]
[  630 -5474]
[  832 -5632]
[  630 -5474]
[  832 -5632]
[  630 -5474]
[  832 -5632]
[  630 -5474]
[  832 -5632]
[  630 -5474]
[  832 -5632]
[  630 -5474]
[  832 -5632]
[  630 -5474]
[  832 -5632]
[  630 -5474]
[  832 -5632]
[  630 -5474]
[  832 -5632]
[  630 -5474]
[  832 -5632]
[  630 -5474]
[  832 -5632]
[  630 -5474]
[  832 -5632]
[  630 -5474]
[  832 -5632]
[  630 -5474]
[  832 -5632]
[  630 -5474]
[  832 -5632]
[  630 -5474]
[  832 -5632]
[  630 -5474]
[  832 -5632]
[  630 -5474]
[  832 -5632]
[  630 -5474]
[  832 -5632]
[  630 -5474]
[  832 -5632]
[  630 -5474]
[  832 -5632]
[  630 -5474]
[  832 -5632]
[  630 -5474]
[  832 -5632]
[  630 -5474]
[  832 -5632]
[  630 -5474]
[  832 -5632]
[128 128]
[128 128]
[128 128]
[128 128]
[  832 -5632]
[  832 -5632]
[  832 -5632]
[  832 -5632]
[  832 -5632]
[  832 -5632]
[  832 -5632]
[  832 -5632]
[  832 -5632]
[  832 -5632]
[  832 -5632]
[  832 -5632]
[  832 -5632]
[  832 -5632]
[  832 -5632]
[  832 -5632]
[  832 -5632]
[  832 -5632]
[  832 -5632]
[  832 -5632]
[  832 -5632]
[  832 -5632]
[  832 -5632]
[  832 -5632]
[  832 -5632]
[  832 -5632]
[  832 -5632]
[  832 -5632]
[  832 -5632]
[  832 -5632]
[  832 -5632]
[  832 -5632]
[  832 -5632]
[  832 -5632]
[  832 -5632]
[  832 -5632]
[  832 -5632]
[  832 -5632]
[  832 -5632]
[  832 -5632]
[  832 -5632]
[  832 -5632]
[  832 -5632]
[  832 -5632]
[  832 -5632]
[  832 -5632]
[  832 -5632]
[  832 -5632]
[  832 -5632]
[  832 -5632]
[  832 -5632]
[  832 -5632]
[  832 -5632]
[  832 -5632]
[  832 -5632]
[  832 -5632]
[  832 -5632]
[  832 -5632]
[  832 -5632]
[  832 -5632]
[  832 -5632]
[  832 -5632]
[  832 -5632]
[  832 -5632]
[  832 -5632]
[  832 -5632]
[  832 -5632]
[  832 -5632]
[  832 -5632]
[  832 -5632]
[  832 -5632]
[  832 -5632]
[  832 -5632]
[  832 -5632]
[  832 -5632]
[  832 -5632]
[  832 -5632]
[  832 -5632]
[  832 -5632]
[  832 -5632]
[  832 -5632]
[  832 -5632]
[  832 -5632]
[  832 -5632]
[  832 -5632]
[  832 -5632]
[  832 -5632]
[  832 -5632]
[  832 -5632]
[  832 -5632]
[  832 -5632]
[  832 -5632]
[  832 -5632]
[  832 -5632]
[  832 -5632]
[  832 -5632]
[  832 -5632]
[  832 -5632]
[  832 -5632]
[  832 -5632]
[  832 -5632]
[  832 -5632]
[  832 -5632]
[  832 -5632]
[  832 -5632]
[  832 -5632]
[  832 -5632]
[  832 -5632]
[  832 -5632]
[  832 -5632]
[  832 -5632]
[  832 -5632]
[  832 -5632]
[  832 -5632]
[  832 -5632]
[  832 -5632]
[  832 -5632]
[  832 -5632]
[  832 -5632]
[  832 -5632]
[  832 -5632]
[  832 -5632]
[  832 -5632]
[  832 -5632]
[128 128]
[128 128]
[128 128]
[128 128]
[  832 -5632]
[  832 -5632]
[  832 -5632]
[  832 -5632]
[  832 -5632]
[  832 -5632]
[  832 -5632]
[  832 -5632]
[  832 -5632]
[  832 -5632]
[  832 -5632]
[  832 -5632]
[  832 -5632]
[  832 -5632]
[  832 -5632]
[  832 -5632]
[  832 -5632]
[  832 -5632]
[  832 -5632]
[  832 -5632]
[  832 -5632]
[  832 -5632]
[  832 -5632]
[  832 -5632]
[  832 -5632]
[  832 -5632]
[  832 -5632]
[  832 -5632]
[  832 -5632]
[  832 -5632]
[  832 -5632]
[  832 -5632]
[  832 -5632]
[  832 -5632]
[  832 -5632]
[  832 -5632]
[  832 -5632]
[  832 -5632]
[  832 -5632]
[  832 -5632]
[  832 -5632]
[  832 -5632]
[  832 -5632]
[  832 -5632]
[  832 -5632]
[  832 -5632]
[  832 -5632]
[  832 -5632]
[  832 -5632]
[  832 -5632]
[  832 -5632]
[  832 -5632]
[  832 -5632]
[  832 -5632]
[  832 -5632]
[  832 -5632]
[  832 -5632]
[  832 -5632]
[  832 -5632]
[  832 -5632]
[  832 -5632]
[  832 -5632]
[  832 -5632]
[  832 -5632]
[  832 -5632]
[  832 -5632]
[  832 -5632]
[  832 -5632]
[  832 -5632]
[  832 -5632]
[  832 -5632]
[  832 -5632]
[  832 -5632]
[  832 -5632]
[  832 -5632]
[  832 -5632]
[  832 -5632]
[  832 -5632]
[  832 -5632]
[  832 -5632]
[  832 -5632]
[  832 -5632]
[  832 -5632]
[  832 -5632]
[  832 -5632]
[  832 -5632]
[  832 -5632]
[  832 -5632]
[  832 -5632]
[  832 -5632]
[  832 -5632]
[  832 -5632]
[  832 -5632]
[  832 -5632]
[  832 -5632]
[  832 -5632]
[  832 -5632]
[  832 -5632]
[  832 -5632]
[  832 -5632]
[  832 -5632]
[  832 -5632]
[  832 -5632]
[  832 -5632]
[  832 -5632]
[  832 -5632]
[  832 -5632]
[  832 -5632]
[  832 -5632]
[  832 -5632]
[  832 -5632]
[  832 -5632]
[  832 -5632]
[  832 -5632]
[  832 -5632]
[  832 -5632]
[  832 -5632]
[  832 -5632]
[  832 -5632]
[  832 -5632]
[  832 -5632]
[  832 -5632]
[  832 -5632]
[  832 -5632]
[128 128]
[128 128]
[128 128]
[128 128]
[  832 -5632]
[  832 -5632]
[  832 -5632]
[  832 -5632]
[  832 -5632]
[  832 -5632]
[  832 -5632]
[  832 -5632]
[  832 -5632]
[  832 -5632]
[  832 -5632]
[  832 -5632]
[  832 -5632]
[  832 -5632]
[  832 -5632]
[  832 -5632]
[  832 -5632]
[  832 -5632]
[  832 -5632]
[  832 -5632]
[  832 -5632]
[  832 -5632]
[  832 -5632]
[  832 -5632]
[  832 -5632]
[  832 -5632]
[  832 -5632]
[  832 -5632]
[  832 -5632]
[  832 -5632]
[  832 -5632]
[  832 -5632]
[  832 -5632]
[  832 -5632]
[  832 -5632]
[  832 -5632]
[  832 -5632]
[  832 -5632]
[  832 -5632]
[  832 -5632]
[  832 -5632]
[  832 -5632]
[  832 -5632]
[  832 -5632]
[  832 -5632]
[  832 -5632]
[  832 -5632]
[  832 -5632]
[  832 -5632]
[  832 -5632]
[  832 -5632]
[  832 -5632]
[  832 -5632]
[  832 -5632]
[  832 -5632]
[  832 -5632]
[  832 -5632]
[  832 -5632]
[  832 -5632]
[  832 -5632]
[  832 -5632]
[  832 -5632]
[  832 -5632]
[  832 -5632]
[  832 -5632]
[  832 -5632]
[  832 -5632]
[  832 -5632]
[  832 -5632]
[  832 -5632]
[  832 -5632]
[  832 -5632]
[  832 -5632]
[  832 -5632]
[  832 -5632]
[  832 -5632]
[  832 -5632]
[  832 -5632]
[  832 -5632]
[  832 -5632]
[  832 -5632]
[  832 -5632]
[  832 -5632]
[  832 -5632]
[  832 -5632]
[  832 -5632]
[  832 -5632]
[  832 -5632]
[  832 -5632]
[  832 -5632]
[  832 -5632]
[  832 -5632]
[  832 -5632]
[  832 -5632]
[  832 -5632]
[  832 -5632]
[  832 -5632]
[  832 -5632]
[  832 -5632]
[  832 -5632]
[  832 -5632]
[  832 -5632]
[  832 -5632]
[  832 -5632]
[  832 -5632]
[  832 -5632]
[  832 -5632]
[  832 -5632]
[  832 -5632]
[  832 -5632]
[  832 -5632]
[  832 -5632]
[  832 -5632]
[  832 -5632]
[  832 -5632]
[  832 -5632]
[  832 -5632]
[  832 -5632]
[  832 -5632]
[  832 -5632]
[  832 -5632]
[  832 -5632]
[  832 -5632]
[  832 -5632]
[128 128]
[128 128]
[128 128]
[128 128]
[  832 -5632]
[  832 -5632]
[  832 -5632]
[  832 -5632]
[  832 -5632]
[  832 -5632]
[  832 -5632]
[  832 -5632]
[  832 -5632]
[  832 -5632]
[  832 -5632]
[  832 -5632]
[  832 -5632]
[  832 -5632]
[  832 -5632]
[  832 -5632]
[  832 -5632]
[  832 -5632]
[  832 -5632]
[  832 -5632]
[  832 -5632]
[  832 -5632]
[  832 -5632]
[  832 -5632]
[  832 -5632]
[  832 -5632]
[  832 -5632]
[  832 -5632]
[  832 -5632]
[  832 -5632]
[  832 -5632]
[  832 -5632]
[  832 -5632]
[  832 -5632]
[  832 -5632]
[  832 -5632]
[  832 -5632]
[  832 -5632]
[  832 -5632]
[  832 -5632]
[  832 -5632]
[  832 -5632]
[  832 -5632]
[  832 -5632]
[  832 -5632]
[  832 -5632]
[  832 -5632]
[  832 -5632]
[  832 -5632]
[  832 -5632]
[  832 -5632]
[  832 -5632]
[  832 -5632]
[  832 -5632]
[  832 -5632]
[  832 -5632]
[  832 -5632]
[  832 -5632]
[  832 -5632]
[  832 -5632]
[  832 -5632]
[  832 -5632]
[  832 -5632]
[  832 -5632]
[  832 -5632]
[  832 -5632]
[  832 -5632]
[  832 -5632]
[  832 -5632]
[  832 -5632]
[  832 -5632]
[  832 -5632]
[  832 -5632]
[  832 -5632]
[  832 -5632]
[  832 -5632]
[  832 -5632]
[  832 -5632]
[  832 -5632]
[  832 -5632]
[  630 -5474]
[  832 -5632]
[  832 -5632]
[  832 -5632]
[  832 -5632]
[  832 -5632]
[  630 -5474]
[  832 -5632]
[  630 -5474]
[  832 -5632]
[  832 -5632]
[  832 -5632]
[  832 -5632]
[  832 -5632]
[  832 -5632]
[  832 -5632]
[  832 -5632]
[  832 -5632]
[  832 -5632]
[  832 -5632]
[  832 -5632]
[  832 -5632]
[  832 -5632]
[  832 -5632]
[  832 -5632]
[  832 -5632]
[  832 -5632]
[  832 -5632]
[  832 -5632]
[  832 -5632]
[  832 -5632]
[  832 -5632]
[  832 -5632]
[  832 -5632]
[  832 -5632]
[  832 -5632]
[  832 -5632]
[  832 -5632]
[  832 -5632]
[  832 -5632]
[  832 -5632]
[  832 -5632]
[  832 -5632]
[  832 -5632]
[128 128]
[128 128]
[128 128]
[128 128]
[  832 -5632]
[  832 -5632]
[  832 -5632]
[  832 -5632]
[  832 -5632]
[  832 -5632]
[  832 -5632]
[  832 -5632]
[  832 -5632]
[  832 -5632]
[  832 -5632]
[  832 -5632]
[  832 -5632]
[  832 -5632]
[  832 -5632]
[  832 -5632]
[  832 -5632]
[  832 -5632]
[  832 -5632]
[  832 -5632]
[  832 -5632]
[  832 -5632]
[  832 -5632]
[  832 -5632]
[  832 -5632]
[  832 -5632]
[  832 -5632]
[  832 -5632]
[  832 -5632]
[  832 -5632]
[  832 -5632]
[  832 -5632]
[  832 -5632]
[  832 -5632]
[  832 -5632]
[  832 -5632]
[  832 -5632]
[  832 -5632]
[  832 -5632]
[  832 -5632]
[  832 -5632]
[  832 -5632]
[  832 -5632]
[  832 -5632]
[  832 -5632]
[  832 -5632]
[  832 -5632]
[  832 -5632]
[  832 -5632]
[  832 -5632]
[  832 -5632]
[  832 -5632]
[  832 -5632]
[  832 -5632]
[  832 -5632]
[  832 -5632]
[  832 -5632]
[  832 -5632]
[  832 -5632]
[  832 -5632]
[  832 -5632]
[  832 -5632]
[  832 -5632]
[  832 -5632]
[  832 -5632]
[  832 -5632]
[  832 -5632]
[  832 -5632]
[  832 -5632]
[  832 -5632]
[  832 -5632]
[  832 -5632]
[  832 -5632]
[  832 -5632]
[  832 -5632]
[  832 -5632]
[  832 -5632]
[  990 -5430]
[  832 -5632]
[  832 -5632]
[  630 -5474]
[  630 -5474]
[  472 -5676]
[  472 -5676]
[  270 -5518]
[  472 -5676]
[  630 -5474]
[  630 -5474]
[  990 -5430]
[  832 -5632]
[  832 -5632]
[  990 -5430]
[  832 -5632]
[  832 -5632]
[  832 -5632]
[  832 -5632]
[  832 -5632]
[  832 -5632]
[  832 -5632]
[  832 -5632]
[  832 -5632]
[  832 -5632]
[  832 -5632]
[  832 -5632]
[  832 -5632]
[  832 -5632]
[  832 -5632]
[  832 -5632]
[  832 -5632]
[  832 -5632]
[  832 -5632]
[  832 -5632]
[  832 -5632]
[  832 -5632]
[  832 -5632]
[  832 -5632]
[  832 -5632]
[  832 -5632]
[  832 -5632]
[  832 -5632]
[  832 -5632]
[  832 -5632]
[  832 -5632]
[  832 -5632]
[128 128]
[128 128]
[128 128]
[128 128]
[  832 -5632]
[  832 -5632]
[  832 -5632]
[  832 -5632]
[  832 -5632]
[  832 -5632]
[  832 -5632]
[  832 -5632]
[  832 -5632]
[  832 -5632]
[  832 -5632]
[  832 -5632]
[  832 -5632]
[  832 -5632]
[  832 -5632]
[  832 -5632]
[  832 -5632]
[  832 -5632]
[  832 -5632]
[  832 -5632]
[  832 -5632]
[  832 -5632]
[  832 -5632]
[  832 -5632]
[  832 -5632]
[  832 -5632]
[  832 -5632]
[  832 -5632]
[  832 -5632]
[  832 -5632]
[  832 -5632]
[  832 -5632]
[  832 -5632]
[  832 -5632]
[  832 -5632]
[  832 -5632]
[  832 -5632]
[  832 -5632]
[  832 -5632]
[  832 -5632]
[  832 -5632]
[  832 -5632]
[  832 -5632]
[  832 -5632]
[  832 -5632]
[  832 -5632]
[  832 -5632]
[  832 -5632]
[  832 -5632]
[  832 -5632]
[  832 -5632]
[  832 -5632]
[  832 -5632]
[  832 -5632]
[  832 -5632]
[  832 -5632]
[  832 -5632]
[  832 -5632]
[  832 -5632]
[  832 -5632]
[  832 -5632]
[  832 -5632]
[  832 -5632]
[  832 -5632]
[  832 -5632]
[  832 -5632]
[  832 -5632]
[  832 -5632]
[  832 -5632]
[  832 -5632]
[  832 -5632]
[  832 -5632]
[  630 -5474]
[  832 -5632]
[  630 -5474]
[  832 -5632]
[  832 -5632]
[  990 -5430]
[-3540 24160]
[-2476 18444]
[  990 -5430]
[  630 -5474]
[128 128]
[-3208 30180]
[128 128]
[  -962 -28322]
[  270 -5518]
[  832 -5632]
[ 1148 -5228]
[  990 -5430]
[-2696 20244]
[  832 -5632]
[  832 -5632]
[  832 -5632]
[  630 -5474]
[  832 -5632]
[  832 -5632]
[  832 -5632]
[  832 -5632]
[  832 -5632]
[  832 -5632]
[  832 -5632]
[  832 -5632]
[  832 -5632]
[  832 -5632]
[  832 -5632]
[  832 -5632]
[  832 -5632]
[  832 -5632]
[  832 -5632]
[  832 -5632]
[  832 -5632]
[  832 -5632]
[  832 -5632]
[  832 -5632]
[  832 -5632]
[  832 -5632]
[  832 -5632]
[  832 -5632]
[  832 -5632]
[  832 -5632]
[  832 -5632]
[  832 -5632]
[  832 -5632]
[128 128]
[128 128]
[128 128]
[128 128]
[  832 -5632]
[  832 -5632]
[  832 -5632]
[  832 -5632]
[  832 -5632]
[  832 -5632]
[  832 -5632]
[  832 -5632]
[  832 -5632]
[  832 -5632]
[  832 -5632]
[  832 -5632]
[  832 -5632]
[  832 -5632]
[  832 -5632]
[  832 -5632]
[  832 -5632]
[  832 -5632]
[  832 -5632]
[  832 -5632]
[  832 -5632]
[  832 -5632]
[  832 -5632]
[  832 -5632]
[  832 -5632]
[  832 -5632]
[  832 -5632]
[  832 -5632]
[  832 -5632]
[  832 -5632]
[  832 -5632]
[  832 -5632]
[  832 -5632]
[  832 -5632]
[  832 -5632]
[  832 -5632]
[  832 -5632]
[  832 -5632]
[  832 -5632]
[  832 -5632]
[  832 -5632]
[  832 -5632]
[  832 -5632]
[  832 -5632]
[  832 -5632]
[  832 -5632]
[  832 -5632]
[  832 -5632]
[  832 -5632]
[  832 -5632]
[  832 -5632]
[  832 -5632]
[  832 -5632]
[  832 -5632]
[  832 -5632]
[  832 -5632]
[  832 -5632]
[  832 -5632]
[  832 -5632]
[  832 -5632]
[  832 -5632]
[  832 -5632]
[  832 -5632]
[  832 -5632]
[  832 -5632]
[  832 -5632]
[  832 -5632]
[  832 -5632]
[  832 -5632]
[  832 -5632]
[  832 -5632]
[  832 -5632]
[  630 -5474]
[  630 -5474]
[ -948 17900]
[ -948 17900]
[  630 -5474]
[  630 -5474]
[  630 -5474]
[  9478 -27046]
[128 128]
[ -2454 -31062]
[  112 -5720]
[ -292 -5404]
[  112 -5720]
[ -134 -5202]
[ -1472 -25644]
[128 128]
[128 128]
[  6026 -22718]
[  630 -5474]
[  630 -5474]
[-1642 19094]
[  630 -5474]
[  832 -5632]
[  832 -5632]
[  832 -5632]
[  832 -5632]
[  832 -5632]
[  832 -5632]
[  832 -5632]
[  832 -5632]
[  832 -5632]
[  832 -5632]
[  832 -5632]
[  832 -5632]
[  832 -5632]
[  832 -5632]
[  832 -5632]
[  832 -5632]
[  832 -5632]
[  832 -5632]
[  832 -5632]
[  832 -5632]
[  832 -5632]
[  832 -5632]
[  832 -5632]
[  832 -5632]
[  832 -5632]
[  832 -5632]
[  832 -5632]
[  832 -5632]
[  832 -5632]
[  832 -5632]
[128 128]
[128 128]
[128 128]
[128 128]
[  832 -5632]
[  832 -5632]
[  832 -5632]
[  832 -5632]
[  832 -5632]
[  832 -5632]
[  832 -5632]
[  832 -5632]
[  832 -5632]
[  832 -5632]
[  832 -5632]
[  832 -5632]
[  832 -5632]
[  832 -5632]
[  832 -5632]
[  832 -5632]
[  832 -5632]
[  832 -5632]
[  832 -5632]
[  832 -5632]
[  832 -5632]
[  832 -5632]
[  832 -5632]
[  832 -5632]
[  832 -5632]
[  832 -5632]
[  832 -5632]
[  832 -5632]
[  832 -5632]
[  832 -5632]
[  832 -5632]
[  832 -5632]
[  832 -5632]
[  832 -5632]
[  832 -5632]
[  832 -5632]
[  832 -5632]
[  832 -5632]
[  832 -5632]
[  832 -5632]
[  832 -5632]
[  832 -5632]
[  832 -5632]
[  832 -5632]
[  832 -5632]
[  832 -5632]
[  832 -5632]
[  832 -5632]
[  832 -5632]
[  832 -5632]
[  630 -5474]
[  832 -5632]
[  630 -5474]
[  832 -5632]
[  630 -5474]
[  832 -5632]
[  630 -5474]
[  832 -5632]
[  630 -5474]
[  832 -5632]
[  630 -5474]
[  832 -5632]
[  630 -5474]
[  832 -5632]
[  630 -5474]
[  832 -5632]
[  630 -5474]
[  832 -5632]
[  832 -5632]
[  832 -5632]
[  990 -5430]
[  990 -5430]
[  990 -5430]
[  630 -5474]
[-6958 32462]
[ -1306 -22518]
[128 128]
[-2392 32472]
[ -3658 -27190]
[  472 -5676]
[  630 -5474]
[  270 -5518]
[ -606 19586]
[  270 -5518]
[  270 -5518]
[  270 -5518]
[-1370 19858]
[  630 -5474]
[  630 -5474]
[  472 -5676]
[128 128]
[128 128]
[  -444 -28076]
[  832 -5632]
[-3364 22720]
[-2160 18848]
[  832 -5632]
[  832 -5632]
[  832 -5632]
[  832 -5632]
[  832 -5632]
[  832 -5632]
[  832 -5632]
[  832 -5632]
[  832 -5632]
[  832 -5632]
[  832 -5632]
[  832 -5632]
[  832 -5632]
[  832 -5632]
[  832 -5632]
[  832 -5632]
[  832 -5632]
[  832 -5632]
[  832 -5632]
[  832 -5632]
[  832 -5632]
[  832 -5632]
[  832 -5632]
[  832 -5632]
[  832 -5632]
[  832 -5632]
[  832 -5632]
[  832 -5632]
[128 128]
[128 128]
[128 128]
[128 128]
[  832 -5632]
[  832 -5632]
[  832 -5632]
[  832 -5632]
[  832 -5632]
[  832 -5632]
[  832 -5632]
[  832 -5632]
[  832 -5632]
[  832 -5632]
[  832 -5632]
[  832 -5632]
[  832 -5632]
[  832 -5632]
[  832 -5632]
[  832 -5632]
[  832 -5632]
[  832 -5632]
[  832 -5632]
[  832 -5632]
[  832 -5632]
[  832 -5632]
[  832 -5632]
[  832 -5632]
[  832 -5632]
[  832 -5632]
[  832 -5632]
[  832 -5632]
[  832 -5632]
[  832 -5632]
[  832 -5632]
[  832 -5632]
[  832 -5632]
[  832 -5632]
[  832 -5632]
[  832 -5632]
[  832 -5632]
[  832 -5632]
[  832 -5632]
[  832 -5632]
[  832 -5632]
[  990 -5430]
[  832 -5632]
[  990 -5430]
[  832 -5632]
[  832 -5632]
[  832 -5632]
[  832 -5632]
[  630 -5474]
[  832 -5632]
[  630 -5474]
[  630 -5474]
[  428 -5316]
[  630 -5474]
[  270 -5518]
[  630 -5474]
[  270 -5518]
[  630 -5474]
[ -746 17742]
[  428 -5316]
[  270 -5518]
[  428 -5316]
[  270 -5518]
[  428 -5316]
[  270 -5518]
[  630 -5474]
[  630 -5474]
[  630 -5474]
[-2486 23010]
[-2970 26970]
[  788 -5272]
[128 128]
[  4904 -29980]
[  788 -5272]
[  472 -5676]
[ -292 -5404]
[ -450 -5606]
[  -90 -5562]
[  -90 -5562]
[  -90 -5562]
[  270 -5518]
[  270 -5518]
[  270 -5518]
[  -90 -5562]
[  270 -5518]
[  270 -5518]
[  270 -5518]
[  112 -5720]
[  270 -5518]
[  -90 -5562]
[  112 -5720]
[ -134 -5202]
[ -3508 -29912]
[128 128]
[128 128]
[  990 -5430]
[  990 -5430]
[-2222 20850]
[  832 -5632]
[  832 -5632]
[  832 -5632]
[  832 -5632]
[  832 -5632]
[  832 -5632]
[  832 -5632]
[  832 -5632]
[  832 -5632]
[  832 -5632]
[  832 -5632]
[  832 -5632]
[  832 -5632]
[  832 -5632]
[  832 -5632]
[  832 -5632]
[  832 -5632]
[  832 -5632]
[  832 -5632]
[  832 -5632]
[  832 -5632]
[  832 -5632]
[  832 -5632]
[  832 -5632]
[  832 -5632]
[  832 -5632]
[128 128]
[128 128]
[128 128]
[128 128]
[  832 -5632]
[  832 -5632]
[  832 -5632]
[  832 -5632]
[  832 -5632]
[  832 -5632]
[  832 -5632]
[  832 -5632]
[  832 -5632]
[  832 -5632]
[  832 -5632]
[  832 -5632]
[  832 -5632]
[  832 -5632]
[  832 -5632]
[  832 -5632]
[  832 -5632]
[  832 -5632]
[  832 -5632]
[  832 -5632]
[  832 -5632]
[  832 -5632]
[  832 -5632]
[  832 -5632]
[  832 -5632]
[  832 -5632]
[  832 -5632]
[  832 -5632]
[  832 -5632]
[  832 -5632]
[  832 -5632]
[  832 -5632]
[  832 -5632]
[  832 -5632]
[  832 -5632]
[  832 -5632]
[  832 -5632]
[  832 -5632]
[  630 -5474]
[  832 -5632]
[  832 -5632]
[  990 -5430]
[  990 -5430]
[-2924 19120]
[-3232 21640]
[-3240 18716]
[-3038 18558]
[  990 -5430]
[  990 -5430]
[  990 -5430]
[  788 -5272]
[  472 -5676]
[  -534 -19866]
[  112 -5720]
[ -1342 -19234]
[  -262 -19102]
[ -5730 -28174]
[  112 -5720]
[ -1860 -19480]
[  -666 -18786]
[ -5888 -28376]
[  -982 -19190]
[ -7362 -32758]
[  -718 -21350]
[  -90 -5562]
[  472 -5676]
[  630 -5474]
[  630 -5474]
[  788 -5272]
[  990 -5430]
[128 128]
[128 128]
[-4066 20990]
[-3340 31492]
[ -852 20104]
[   68 -5360]
[  -90 -5562]
[  -90 -5562]
[  -90 -5562]
[  -90 -5562]
[  -90 -5562]
[  -90 -5562]
[  -90 -5562]
[  -90 -5562]
[  -90 -5562]
[  -90 -5562]
[  -90 -5562]
[  -90 -5562]
[  -90 -5562]
[  -90 -5562]
[  -90 -5562]
[   68 -5360]
[-1652 23660]
[  630 -5474]
[  472 -5676]
[128 128]
[ 2684 29804]
[  630 -5474]
[-3084 26408]
[  832 -5632]
[  832 -5632]
[  832 -5632]
[  832 -5632]
[  832 -5632]
[  832 -5632]
[  832 -5632]
[  832 -5632]
[  832 -5632]
[  832 -5632]
[  832 -5632]
[  832 -5632]
[  832 -5632]
[  832 -5632]
[  832 -5632]
[  832 -5632]
[  832 -5632]
[  832 -5632]
[  832 -5632]
[  832 -5632]
[  832 -5632]
[  832 -5632]
[  832 -5632]
[  832 -5632]
[  832 -5632]
[128 128]
[128 128]
[128 128]
[128 128]
[  832 -5632]
[  832 -5632]
[  832 -5632]
[  832 -5632]
[  832 -5632]
[  832 -5632]
[  832 -5632]
[  832 -5632]
[  832 -5632]
[  832 -5632]
[  832 -5632]
[  832 -5632]
[  832 -5632]
[  832 -5632]
[  832 -5632]
[  832 -5632]
[  832 -5632]
[  832 -5632]
[  832 -5632]
[  832 -5632]
[  832 -5632]
[  832 -5632]
[  832 -5632]
[  832 -5632]
[  832 -5632]
[  832 -5632]
[  832 -5632]
[  832 -5632]
[  832 -5632]
[  832 -5632]
[  832 -5632]
[  832 -5632]
[  832 -5632]
[  990 -5430]
[  832 -5632]
[  990 -5430]
[  832 -5632]
[  630 -5474]
[  630 -5474]
[-1116 22264]
[  630 -5474]
[  630 -5474]
[  832 -5632]
[ 1148 -5228]
[  3180 -18864]
[128 128]
[128 128]
[  8530 -28258]
[  5166 -24650]
[128 128]
[  2762 -31886]
[ -2402 -28498]
[    46 -21622]
[ -134 -5202]
[ -292 -5404]
[ -292 -5404]
[  -90 -5562]
[  -90 -5562]
[ -292 -5404]
[ -134 -5202]
[ -292 -5404]
[ -292 -5404]
[  -90 -5562]
[ -292 -5404]
[  112 -5720]
[  270 -5518]
[  472 -5676]
[  1292 -18364]
[  630 -5474]
[  3796 -23904]
[128 128]
[128 128]
[  428 -5316]
[  630 -5474]
[  270 -5518]
[  -90 -5562]
[  270 -5518]
[  270 -5518]
[  270 -5518]
[  -90 -5562]
[  -90 -5562]
[  -90 -5562]
[  -90 -5562]
[  -90 -5562]
[  -90 -5562]
[  -90 -5562]
[  -90 -5562]
[  -90 -5562]
[  -90 -5562]
[  -90 -5562]
[  -90 -5562]
[  270 -5518]
[  270 -5518]
[  114 19674]
[-1248 23344]
[  112 -5720]
[128 128]
[ 4220 32184]
[  630 -5474]
[-2856 27532]
[  832 -5632]
[  832 -5632]
[  832 -5632]
[  832 -5632]
[  832 -5632]
[  832 -5632]
[  832 -5632]
[  832 -5632]
[  832 -5632]
[  832 -5632]
[  832 -5632]
[  832 -5632]
[  832 -5632]
[  832 -5632]
[  832 -5632]
[  832 -5632]
[  832 -5632]
[  832 -5632]
[  832 -5632]
[  832 -5632]
[  832 -5632]
[  832 -5632]
[  832 -5632]
[  832 -5632]
[128 128]
[128 128]
[128 128]
[128 128]
[  832 -5632]
[  832 -5632]
[  832 -5632]
[  832 -5632]
[  832 -5632]
[  832 -5632]
[  832 -5632]
[  832 -5632]
[  832 -5632]
[  832 -5632]
[  832 -5632]
[  832 -5632]
[  832 -5632]
[  832 -5632]
[  832 -5632]
[  832 -5632]
[  832 -5632]
[  832 -5632]
[  832 -5632]
[  832 -5632]
[  832 -5632]
[  832 -5632]
[  832 -5632]
[  832 -5632]
[  832 -5632]
[  832 -5632]
[  832 -5632]
[  832 -5632]
[  832 -5632]
[  832 -5632]
[  630 -5474]
[  832 -5632]
[  832 -5632]
[  990 -5430]
[-2476 18444]
[-4050 26838]
[-4524 26232]
[  990 -5430]
[  270 -5518]
[   618 -26302]
[128 128]
[128 128]
[ -706 32130]
[ -354 29250]
[ -1550 -29490]
[   872 -23896]
[  428 -5316]
[  630 -5474]
[-2178 20490]
[  630 -5474]
[  630 -5474]
[  428 -5316]
[  270 -5518]
[  428 -5316]
[  270 -5518]
[  270 -5518]
[  270 -5518]
[  270 -5518]
[  270 -5518]
[  270 -5518]
[  270 -5518]
[  270 -5518]
[  270 -5518]
[  270 -5518]
[  270 -5518]
[  472 -5676]
[  630 -5474]
[  630 -5474]
[  630 -5474]
[  630 -5474]
[-1440 18936]
[  472 -5676]
[  270 -5518]
[ -248 -5764]
[128 128]
[ -450 -5606]
[  270 -5518]
[  270 -5518]
[  428 -5316]
[   68 -5360]
[  -90 -5562]
[  -90 -5562]
[  -90 -5562]
[  -90 -5562]
[  -90 -5562]
[  -90 -5562]
[  -90 -5562]
[  -90 -5562]
[  -90 -5562]
[  -90 -5562]
[  -90 -5562]
[  -90 -5562]
[  -90 -5562]
[   68 -5360]
[  112 -5720]
[  -70 18190]
[  112 -5720]
[128 128]
[128 128]
[  788 -5272]
[-3260 27848]
[  630 -5474]
[  832 -5632]
[  832 -5632]
[  832 -5632]
[  832 -5632]
[  832 -5632]
[  832 -5632]
[  832 -5632]
[  832 -5632]
[  832 -5632]
[  832 -5632]
[  832 -5632]
[  832 -5632]
[  832 -5632]
[  832 -5632]
[  832 -5632]
[  832 -5632]
[  832 -5632]
[  832 -5632]
[  832 -5632]
[  832 -5632]
[  832 -5632]
[  832 -5632]
[128 128]
[128 128]
[128 128]
[128 128]
[  832 -5632]
[  832 -5632]
[  832 -5632]
[  832 -5632]
[  832 -5632]
[  832 -5632]
[  832 -5632]
[  832 -5632]
[  832 -5632]
[  832 -5632]
[  832 -5632]
[  832 -5632]
[  832 -5632]
[  832 -5632]
[  832 -5632]
[  832 -5632]
[  832 -5632]
[  832 -5632]
[  832 -5632]
[  832 -5632]
[  832 -5632]
[  832 -5632]
[  832 -5632]
[  832 -5632]
[  832 -5632]
[  832 -5632]
[  832 -5632]
[  990 -5430]
[  832 -5632]
[  832 -5632]
[-1914 18330]
[  630 -5474]
[  630 -5474]
[  990 -5430]
[  990 -5430]
[  9038 -23446]
[  4992 -30700]
[128 128]
[128 128]
[ -1938 -23326]
[ -450 -5606]
[   68 -5360]
[  -90 -5562]
[  -90 -5562]
[  -90 -5562]
[  -90 -5562]
[   68 -5360]
[  112 -5720]
[  270 -5518]
[  112 -5720]
[  270 -5518]
[  -90 -5562]
[  270 -5518]
[  -90 -5562]
[  270 -5518]
[  112 -5720]
[  270 -5518]
[  -90 -5562]
[   68 -5360]
[  -90 -5562]
[   68 -5360]
[  -90 -5562]
[  270 -5518]
[  112 -5720]
[  270 -5518]
[  270 -5518]
[  270 -5518]
[  112 -5720]
[  270 -5518]
[  112 -5720]
[  270 -5518]
[  112 -5720]
[  270 -5518]
[  -90 -5562]
[  -90 -5562]
[ -134 -5202]
[ -3342 -26786]
[128 128]
[ -5080 -29008]
[   68 -5360]
[  270 -5518]
[  112 -5720]
[   68 -5360]
[  -90 -5562]
[  -90 -5562]
[  -90 -5562]
[  -90 -5562]
[  -90 -5562]
[  -90 -5562]
[  -90 -5562]
[  -90 -5562]
[  -90 -5562]
[  -90 -5562]
[  -90 -5562]
[   68 -5360]
[  112 -5720]
[-1248 23344]
[  112 -5720]
[128 128]
[128 128]
[  788 -5272]
[-3304 28208]
[  832 -5632]
[  832 -5632]
[  832 -5632]
[  832 -5632]
[  832 -5632]
[  832 -5632]
[  832 -5632]
[  832 -5632]
[  832 -5632]
[  832 -5632]
[  832 -5632]
[  832 -5632]
[  832 -5632]
[  832 -5632]
[  832 -5632]
[  832 -5632]
[  832 -5632]
[  832 -5632]
[  832 -5632]
[  832 -5632]
[  832 -5632]
[  832 -5632]
[128 128]
[128 128]
[128 128]
[128 128]
[  832 -5632]
[  832 -5632]
[  832 -5632]
[  832 -5632]
[  832 -5632]
[  832 -5632]
[  832 -5632]
[  832 -5632]
[  832 -5632]
[  832 -5632]
[  832 -5632]
[  832 -5632]
[  832 -5632]
[  832 -5632]
[  832 -5632]
[  832 -5632]
[  832 -5632]
[  832 -5632]
[  832 -5632]
[  832 -5632]
[  832 -5632]
[  832 -5632]
[  832 -5632]
[  832 -5632]
[  832 -5632]
[  832 -5632]
[  832 -5632]
[-2652 19884]
[-5218 27426]
[-2476 18444]
[  630 -5474]
[  2278 -27926]
[128 128]
[  1786 -26890]
[    28 -19980]
[  1134 -18566]
[  428 -5316]
[  472 -5676]
[-1678 22378]
[  428 -5316]
[ -720 19024]
[  270 -5518]
[  270 -5518]
[   68 -5360]
[  -90 -5562]
[  -90 -5562]
[  -90 -5562]
[  -90 -5562]
[   68 -5360]
[   68 -5360]
[  -90 -5562]
[  -90 -5562]
[  -90 -5562]
[  -90 -5562]
[  -90 -5562]
[  112 -5720]
[   68 -5360]
[  -90 -5562]
[  -90 -5562]
[  -90 -5562]
[  -90 -5562]
[  -90 -5562]
[  -90 -5562]
[  -90 -5562]
[  -90 -5562]
[  -90 -5562]
[  -90 -5562]
[  -90 -5562]
[  -90 -5562]
[  -90 -5562]
[  -90 -5562]
[  -90 -5562]
[  -90 -5562]
[  -90 -5562]
[  -90 -5562]
[   68 -5360]
[-1124 19340]
[  270 -5518]
[ -4176 -27436]
[-1294 30962]
[  270 -5518]
[  314 -5878]
[  270 -5518]
[   68 -5360]
[  -90 -5562]
[  -90 -5562]
[  -90 -5562]
[  -90 -5562]
[  -90 -5562]
[  -90 -5562]
[  -90 -5562]
[  -90 -5562]
[  -90 -5562]
[  -90 -5562]
[  -90 -5562]
[  -90 -5562]
[  112 -5720]
[  -18 20754]
[  112 -5720]
[128 128]
[128 128]
[  788 -5272]
[-3664 28164]
[  630 -5474]
[  832 -5632]
[  832 -5632]
[  832 -5632]
[  832 -5632]
[  832 -5632]
[  832 -5632]
[  832 -5632]
[  832 -5632]
[  832 -5632]
[  832 -5632]
[  832 -5632]
[  832 -5632]
[  832 -5632]
[  832 -5632]
[  832 -5632]
[  832 -5632]
[  832 -5632]
[  832 -5632]
[  832 -5632]
[  832 -5632]
[128 128]
[128 128]
[128 128]
[128 128]
[  832 -5632]
[  832 -5632]
[  832 -5632]
[  832 -5632]
[  832 -5632]
[  832 -5632]
[  832 -5632]
[  832 -5632]
[  832 -5632]
[  832 -5632]
[  832 -5632]
[  832 -5632]
[  832 -5632]
[  832 -5632]
[  832 -5632]
[  832 -5632]
[  832 -5632]
[  832 -5632]
[  832 -5632]
[  832 -5632]
[  832 -5632]
[  832 -5632]
[  832 -5632]
[  832 -5632]
[-2204 19208]
[ -904 17540]
[  630 -5474]
[  990 -5430]
[ 4352 31104]
[128 128]
[128 128]
[ -1876 -25328]
[ -1316 -17952]
[  270 -5518]
[  270 -5518]
[  -90 -5562]
[  270 -5518]
[  112 -5720]
[  270 -5518]
[  270 -5518]
[  270 -5518]
[  270 -5518]
[   68 -5360]
[  -90 -5562]
[  -90 -5562]
[  -90 -5562]
[  112 -5720]
[  270 -5518]
[  270 -5518]
[  270 -5518]
[  270 -5518]
[  270 -5518]
[  270 -5518]
[  270 -5518]
[  270 -5518]
[  472 -5676]
[  270 -5518]
[  270 -5518]
[  270 -5518]
[  -90 -5562]
[  -90 -5562]
[  -90 -5562]
[  -90 -5562]
[  -90 -5562]
[  -90 -5562]
[  -90 -5562]
[  -90 -5562]
[  -90 -5562]
[  -90 -5562]
[  -90 -5562]
[  -90 -5562]
[  -90 -5562]
[  -90 -5562]
[  -90 -5562]
[  -90 -5562]
[  -90 -5562]
[  270 -5518]
[  -90 -5562]
[  112 -5720]
[  -90 -5562]
[128 128]
[  576 32104]
[  270 -5518]
[  -26 17830]
[   68 -5360]
[  -90 -5562]
[  -90 -5562]
[  -90 -5562]
[  -90 -5562]
[  -90 -5562]
[  -90 -5562]
[  -90 -5562]
[  -90 -5562]
[  -90 -5562]
[  -90 -5562]
[  -90 -5562]
[  -90 -5562]
[  112 -5720]
[-1266 24986]
[  472 -5676]
[128 128]
[128 128]
[  788 -5272]
[-3304 28208]
[  832 -5632]
[  832 -5632]
[  832 -5632]
[  832 -5632]
[  832 -5632]
[  832 -5632]
[  832 -5632]
[  832 -5632]
[  832 -5632]
[  832 -5632]
[  832 -5632]
[  832 -5632]
[  832 -5632]
[  832 -5632]
[  832 -5632]
[  832 -5632]
[  832 -5632]
[  832 -5632]
[  832 -5632]
[  832 -5632]
[128 128]
[128 128]
[128 128]
[128 128]
[  832 -5632]
[  832 -5632]
[  832 -5632]
[  832 -5632]
[  832 -5632]
[  832 -5632]
[  832 -5632]
[  832 -5632]
[  832 -5632]
[  832 -5632]
[  630 -5474]
[  832 -5632]
[  630 -5474]
[  832 -5632]
[  630 -5474]
[  832 -5632]
[  630 -5474]
[  832 -5632]
[  630 -5474]
[  832 -5632]
[  630 -5474]
[  832 -5632]
[-2424 21008]
[-2328 23212]
[  990 -5430]
[  3008 -32404]
[128 128]
[ -486 30330]
[   68 -5360]
[  472 -5676]
[  428 -5316]
[  270 -5518]
[  270 -5518]
[  270 -5518]
[  -90 -5562]
[  -90 -5562]
[  -90 -5562]
[  -90 -5562]
[  -90 -5562]
[  -90 -5562]
[  -90 -5562]
[  -90 -5562]
[  -90 -5562]
[  -90 -5562]
[  -90 -5562]
[  112 -5720]
[  270 -5518]
[  472 -5676]
[  630 -5474]
[  630 -5474]
[  630 -5474]
[  630 -5474]
[  630 -5474]
[  630 -5474]
[  832 -5632]
[  630 -5474]
[  630 -5474]
[  630 -5474]
[  270 -5518]
[  270 -5518]
[   68 -5360]
[  -90 -5562]
[  -90 -5562]
[  -90 -5562]
[  -90 -5562]
[  -90 -5562]
[  -90 -5562]
[  -90 -5562]
[  -90 -5562]
[  -90 -5562]
[  -90 -5562]
[  -90 -5562]
[  -90 -5562]
[  -90 -5562]
[  -90 -5562]
[  -90 -5562]
[  -90 -5562]
[  -90 -5562]
[  112 -5720]
[   52 21676]
[  270 -5518]
[128 128]
[ -3288 -31712]
[  112 -5720]
[   26 20394]
[  -90 -5562]
[  -90 -5562]
[  -90 -5562]
[  -90 -5562]
[  -90 -5562]
[  -90 -5562]
[  -90 -5562]
[  -90 -5562]
[  -90 -5562]
[  -90 -5562]
[  -90 -5562]
[  -90 -5562]
[  -90 -5562]
[  112 -5720]
[ -282 22914]
[  314 -5878]
[128 128]
[128 128]
[  788 -5272]
[-3032 28972]
[  832 -5632]
[  832 -5632]
[  788 -5272]
[  832 -5632]
[  832 -5632]
[  832 -5632]
[  832 -5632]
[  832 -5632]
[  832 -5632]
[  832 -5632]
[  832 -5632]
[  832 -5632]
[  832 -5632]
[  832 -5632]
[  832 -5632]
[  832 -5632]
[  832 -5632]
[  832 -5632]
[  832 -5632]
[128 128]
[128 128]
[128 128]
[128 128]
[  832 -5632]
[  832 -5632]
[  832 -5632]
[  832 -5632]
[  832 -5632]
[  832 -5632]
[  832 -5632]
[  832 -5632]
[  832 -5632]
[  630 -5474]
[  630 -5474]
[  630 -5474]
[ -992 18260]
[  630 -5474]
[-1256 20420]
[-2108 21412]
[-1090 23546]
[-1396 18576]
[ -984 21184]
[-1590 21658]
[-1504 28428]
[-1662 28226]
[-1968 23256]
[  832 -5632]
[128 128]
[ -3666 -30114]
[  -90 -5562]
[  -90 -5562]
[  270 -5518]
[  -90 -5562]
[  270 -5518]
[  270 -5518]
[  270 -5518]
[  112 -5720]
[   68 -5360]
[  -90 -5562]
[  -90 -5562]
[  -90 -5562]
[  -90 -5562]
[  -90 -5562]
[  -90 -5562]
[  -90 -5562]
[  -90 -5562]
[  -90 -5562]
[  -90 -5562]
[  270 -5518]
[  270 -5518]
[  630 -5474]
[  630 -5474]
[  832 -5632]
[  630 -5474]
[  990 -5430]
[  832 -5632]
[  990 -5430]
[  832 -5632]
[  832 -5632]
[  630 -5474]
[  630 -5474]
[  630 -5474]
[  630 -5474]
[  270 -5518]
[   68 -5360]
[  -90 -5562]
[  -90 -5562]
[  -90 -5562]
[  -90 -5562]
[  -90 -5562]
[  -90 -5562]
[  -90 -5562]
[  -90 -5562]
[  -90 -5562]
[  -90 -5562]
[  -90 -5562]
[  -90 -5562]
[  -90 -5562]
[  -90 -5562]
[  -90 -5562]
[  -90 -5562]
[  -90 -5562]
[  112 -5720]
[-1372 27348]
[  270 -5518]
[128 128]
[   224 -30552]
[  472 -5676]
[  132 18032]
[  -90 -5562]
[  -90 -5562]
[  -90 -5562]
[  -90 -5562]
[  -90 -5562]
[  -90 -5562]
[  -90 -5562]
[  -90 -5562]
[  -90 -5562]
[  -90 -5562]
[  -90 -5562]
[  -90 -5562]
[   68 -5360]
[  112 -5720]
[-1486 26786]
[  314 -5878]
[128 128]
[128 128]
[  630 -5474]
[-3462 28006]
[  832 -5632]
[  630 -5474]
[  832 -5632]
[  832 -5632]
[  832 -5632]
[  832 -5632]
[  832 -5632]
[  832 -5632]
[  832 -5632]
[  832 -5632]
[  832 -5632]
[  832 -5632]
[  832 -5632]
[  832 -5632]
[  832 -5632]
[  832 -5632]
[  832 -5632]
[  832 -5632]
[128 128]
[128 128]
[128 128]
[128 128]
[  832 -5632]
[  832 -5632]
[  832 -5632]
[  832 -5632]
[  630 -5474]
[  832 -5632]
[  832 -5632]
[-2600 22448]
[-4630 28594]
[  788 -5272]
[ -1322 -28366]
[  472 -5676]
[ -2456 -23572]
[   502 -19374]
[   68 -5360]
[  472 -5676]
[  428 -5316]
[  112 -5720]
[ -3920 -32520]
[  -628 -29560]
[ -2726 -31826]
[  -46 -5922]
[128 128]
[ -328 30532]
[  428 -5316]
[  270 -5518]
[  270 -5518]
[   68 -5360]
[  -90 -5562]
[  -90 -5562]
[  -90 -5562]
[  -90 -5562]
[  -90 -5562]
[  -90 -5562]
[  -90 -5562]
[  -90 -5562]
[  -90 -5562]
[  -90 -5562]
[  -90 -5562]
[  -90 -5562]
[  -90 -5562]
[  -90 -5562]
[  -90 -5562]
[  -90 -5562]
[  -90 -5562]
[  270 -5518]
[  630 -5474]
[  630 -5474]
[  630 -5474]
[  630 -5474]
[  630 -5474]
[  832 -5632]
[  832 -5632]
[  832 -5632]
[  832 -5632]
[  832 -5632]
[  832 -5632]
[  832 -5632]
[  630 -5474]
[  630 -5474]
[  630 -5474]
[  270 -5518]
[  -90 -5562]
[  -90 -5562]
[  -90 -5562]
[  -90 -5562]
[  -90 -5562]
[  -90 -5562]
[  -90 -5562]
[  -90 -5562]
[  -90 -5562]
[  -90 -5562]
[  -90 -5562]
[  -90 -5562]
[  -90 -5562]
[  -90 -5562]
[  -90 -5562]
[  -90 -5562]
[  -90 -5562]
[  -90 -5562]
[  112 -5720]
[ -238 22554]
[  270 -5518]
[128 128]
[  270 -5518]
[  122 22598]
[  112 -5720]
[  -90 -5562]
[  -90 -5562]
[  -90 -5562]
[  -90 -5562]
[  -90 -5562]
[  -90 -5562]
[  -90 -5562]
[  -90 -5562]
[  -90 -5562]
[  -90 -5562]
[  -90 -5562]
[  -90 -5562]
[  -90 -5562]
[  -70 18190]
[ -414 23994]
[  472 -5676]
[128 128]
[128 128]
[  630 -5474]
[-2944 28252]
[  832 -5632]
[  832 -5632]
[  832 -5632]
[  832 -5632]
[  832 -5632]
[  832 -5632]
[  832 -5632]
[  832 -5632]
[  832 -5632]
[  832 -5632]
[  832 -5632]
[  832 -5632]
[  832 -5632]
[  832 -5632]
[  832 -5632]
[  832 -5632]
[  832 -5632]
[128 128]
[128 128]
[128 128]
[128 128]
[  832 -5632]
[  832 -5632]
[  832 -5632]
[  832 -5632]
[  832 -5632]
[-1660 20736]
[-3014 27330]
[  990 -5430]
[128 128]
[128 128]
[  138 28214]
[ -696 -5088]
[-1092 30804]
[128 128]
[128 128]
[128 128]
[ -2560 -28700]
[   24 -5000]
[  112 -5720]
[128 128]
[128 128]
[ -292 -5404]
[ -248 -5764]
[  -90 -5562]
[  270 -5518]
[  112 -5720]
[  270 -5518]
[  -90 -5562]
[  -90 -5562]
[  -90 -5562]
[  -90 -5562]
[  -90 -5562]
[  -90 -5562]
[  -90 -5562]
[  -90 -5562]
[  -90 -5562]
[  -90 -5562]
[  -90 -5562]
[  -90 -5562]
[  -90 -5562]
[  -90 -5562]
[  -90 -5562]
[  -90 -5562]
[  -90 -5562]
[  -90 -5562]
[  270 -5518]
[  630 -5474]
[  630 -5474]
[  630 -5474]
[  630 -5474]
[  832 -5632]
[  832 -5632]
[  832 -5632]
[  832 -5632]
[  832 -5632]
[  832 -5632]
[  832 -5632]
[  832 -5632]
[  832 -5632]
[  832 -5632]
[  630 -5474]
[  270 -5518]
[  270 -5518]
[  -90 -5562]
[  -90 -5562]
[  -90 -5562]
[  -90 -5562]
[  -90 -5562]
[  -90 -5562]
[  -90 -5562]
[  -90 -5562]
[  -90 -5562]
[  -90 -5562]
[  -90 -5562]
[  -90 -5562]
[  -90 -5562]
[  -90 -5562]
[  -90 -5562]
[   68 -5360]
[  270 -5518]
[  270 -5518]
[-1064 24828]
[-1696 24020]
[  1444 -28576]
[128 128]
[  270 -5518]
[ -652 27436]
[  -90 -5562]
[  -90 -5562]
[  -90 -5562]
[  -90 -5562]
[  -90 -5562]
[  -90 -5562]
[  -90 -5562]
[  -90 -5562]
[  -90 -5562]
[  -90 -5562]
[  -90 -5562]
[  -90 -5562]
[  -90 -5562]
[   68 -5360]
[ -282 22914]
[ -668 21588]
[ -1436 -28928]
[128 128]
[  1846 -21402]
[-3664 28164]
[-2820 24248]
[  832 -5632]
[  832 -5632]
[  832 -5632]
[  832 -5632]
[  832 -5632]
[  832 -5632]
[  832 -5632]
[  832 -5632]
[  832 -5632]
[  832 -5632]
[  832 -5632]
[  832 -5632]
[  832 -5632]
[  832 -5632]
[  832 -5632]
[  832 -5632]
[128 128]
[128 128]
[128 128]
[128 128]
[  832 -5632]
[  832 -5632]
[  832 -5632]
[-2416 23932]
[-2986 21122]
[  630 -5474]
[128 128]
[128 128]
[ -1094 -27242]
[  112 -5720]
[ -292 -5404]
[  270 -5518]
[  270 -5518]
[  270 -5518]
[-1520 22580]
[  630 -5474]
[-2320 26136]
[-1740 24380]
[-1556 25864]
[  428 -5316]
[  270 -5518]
[  270 -5518]
[  270 -5518]
[  -90 -5562]
[  -90 -5562]
[  -90 -5562]
[  -90 -5562]
[  -90 -5562]
[  -90 -5562]
[  -90 -5562]
[  -90 -5562]
[  -90 -5562]
[  -90 -5562]
[  -90 -5562]
[  -90 -5562]
[  -90 -5562]
[  -90 -5562]
[  -90 -5562]
[  -90 -5562]
[  -90 -5562]
[  -90 -5562]
[  -90 -5562]
[  -90 -5562]
[  -90 -5562]
[  -90 -5562]
[  270 -5518]
[  270 -5518]
[  630 -5474]
[  832 -5632]
[  832 -5632]
[  832 -5632]
[  832 -5632]
[  832 -5632]
[  832 -5632]
[  832 -5632]
[  832 -5632]
[  832 -5632]
[  832 -5632]
[  832 -5632]
[  832 -5632]
[  630 -5474]
[  630 -5474]
[  270 -5518]
[  270 -5518]
[  -90 -5562]
[  -90 -5562]
[  -90 -5562]
[  -90 -5562]
[  -90 -5562]
[  -90 -5562]
[  -90 -5562]
[  -90 -5562]
[  -90 -5562]
[  -90 -5562]
[  -90 -5562]
[  -90 -5562]
[  -90 -5562]
[  -90 -5562]
[  -90 -5562]
[  270 -5518]
[  270 -5518]
[-1722 22738]
[128 128]
[  832 -5632]
[128 128]
[   168 -18136]
[  500 21000]
[  202 18954]
[  112 -5720]
[  -90 -5562]
[  -90 -5562]
[  -90 -5562]
[  -90 -5562]
[  -90 -5562]
[  -90 -5562]
[  -90 -5562]
[  -90 -5562]
[  -90 -5562]
[  -90 -5562]
[  -90 -5562]
[  -90 -5562]
[  -90 -5562]
[  744 27972]
[  270 -5518]
[128 128]
[128 128]
[  990 -5430]
[ -4008 -31568]
[  990 -5430]
[  832 -5632]
[  832 -5632]
[  832 -5632]
[  832 -5632]
[  832 -5632]
[  832 -5632]
[  832 -5632]
[  832 -5632]
[  832 -5632]
[  832 -5632]
[  832 -5632]
[  832 -5632]
[  832 -5632]
[  832 -5632]
[  832 -5632]
[128 128]
[128 128]
[128 128]
[128 128]
[  832 -5632]
[-2292 19928]
[-4138 27558]
[  990 -5430]
[128 128]
[128 128]
[128 128]
[  112 -5720]
[ -590 25434]
[  930 21966]
[  -90 -5562]
[  112 -5720]
[  270 -5518]
[  270 -5518]
[  270 -5518]
[  270 -5518]
[  270 -5518]
[  270 -5518]
[  270 -5518]
[  270 -5518]
[  270 -5518]
[  270 -5518]
[  270 -5518]
[  -90 -5562]
[  -90 -5562]
[  -90 -5562]
[  -90 -5562]
[  -90 -5562]
[  -90 -5562]
[  -90 -5562]
[  -90 -5562]
[  -90 -5562]
[  -90 -5562]
[  -90 -5562]
[  -90 -5562]
[  -90 -5562]
[  -90 -5562]
[  -90 -5562]
[  -90 -5562]
[  -90 -5562]
[  -90 -5562]
[  -90 -5562]
[  -90 -5562]
[  -90 -5562]
[  -90 -5562]
[  -90 -5562]
[  270 -5518]
[  630 -5474]
[  630 -5474]
[  832 -5632]
[  832 -5632]
[  832 -5632]
[  832 -5632]
[  832 -5632]
[  832 -5632]
[  832 -5632]
[  832 -5632]
[  832 -5632]
[  832 -5632]
[  832 -5632]
[  630 -5474]
[  630 -5474]
[  428 -5316]
[   68 -5360]
[  -90 -5562]
[  -90 -5562]
[  -90 -5562]
[  -90 -5562]
[  -90 -5562]
[  -90 -5562]
[  -90 -5562]
[  -90 -5562]
[  270 -5518]
[  112 -5720]
[  270 -5518]
[  -90 -5562]
[  -90 -5562]
[  -90 -5562]
[  270 -5518]
[  270 -5518]
[  472 -5676]
[  2346 -19514]
[  428 -5316]
[  5498 -18398]
[128 128]
[128 128]
[  270 -5518]
[ -582 28358]
[   68 -5360]
[  -90 -5562]
[  -90 -5562]
[  -90 -5562]
[  -90 -5562]
[  -90 -5562]
[  -90 -5562]
[  -90 -5562]
[  -90 -5562]
[  -90 -5562]
[  -90 -5562]
[  -90 -5562]
[  -90 -5562]
[  -90 -5562]
[ -546 25074]
[-1020 24468]
[128 128]
[128 128]
[  2100 -18996]
[-4956 32756]
[-3084 26408]
[  832 -5632]
[  832 -5632]
[  832 -5632]
[  832 -5632]
[  832 -5632]
[  832 -5632]
[  832 -5632]
[  832 -5632]
[  832 -5632]
[  832 -5632]
[  832 -5632]
[  832 -5632]
[  832 -5632]
[  832 -5632]
[  832 -5632]
[128 128]
[128 128]
[128 128]
[128 128]
[-2556 22088]
[-3050 30614]
[  832 -5632]
[128 128]
[128 128]
[  428 -5316]
[ -616 24152]
[ -114 18550]
[  -90 -5562]
[  -90 -5562]
[  -90 -5562]
[  -90 -5562]
[  -90 -5562]
[  -90 -5562]
[  -90 -5562]
[  -90 -5562]
[  -90 -5562]
[  112 -5720]
[  -90 -5562]
[  -90 -5562]
[  -90 -5562]
[  -90 -5562]
[  -90 -5562]
[  -90 -5562]
[  -90 -5562]
[  -90 -5562]
[  -90 -5562]
[  -90 -5562]
[  -90 -5562]
[  -90 -5562]
[  -90 -5562]
[  -90 -5562]
[  -90 -5562]
[  -90 -5562]
[  -90 -5562]
[  -90 -5562]
[  -90 -5562]
[  -90 -5562]
[  -90 -5562]
[  -90 -5562]
[  -90 -5562]
[  -90 -5562]
[  -90 -5562]
[  -90 -5562]
[  -90 -5562]
[  -90 -5562]
[  270 -5518]
[  270 -5518]
[  630 -5474]
[  832 -5632]
[  832 -5632]
[  832 -5632]
[  832 -5632]
[  832 -5632]
[  832 -5632]
[  832 -5632]
[  832 -5632]
[  832 -5632]
[  832 -5632]
[  832 -5632]
[  832 -5632]
[  630 -5474]
[  630 -5474]
[  270 -5518]
[   68 -5360]
[  -90 -5562]
[  -90 -5562]
[  -90 -5562]
[ -292 -5404]
[  -90 -5562]
[  -90 -5562]
[  270 -5518]
[  270 -5518]
[ -746 17742]
[ -834 18462]
[  270 -5518]
[ -292 -5404]
[ -450 -5606]
[ -2052 -23888]
[ 1428 31112]
[  5604 -20760]
[  990 -5430]
[128 128]
[128 128]
[  832 -5632]
[128 128]
[  270 -5518]
[ -414 23994]
[    0 19112]
[  -90 -5562]
[  -90 -5562]
[  -90 -5562]
[  -90 -5562]
[  -90 -5562]
[  -90 -5562]
[  -90 -5562]
[  -90 -5562]
[  -90 -5562]
[  -90 -5562]
[  -90 -5562]
[  -90 -5562]
[  -90 -5562]
[  112 -5720]
[ -108 28964]
[  270 -5518]
[128 128]
[128 128]
[  990 -5430]
[128 128]
[  832 -5632]
[  832 -5632]
[  832 -5632]
[  832 -5632]
[  832 -5632]
[  832 -5632]
[  832 -5632]
[  832 -5632]
[  832 -5632]
[  832 -5632]
[  832 -5632]
[  832 -5632]
[  832 -5632]
[  832 -5632]
[  832 -5632]
[128 128]
[128 128]
[128 128]
[128 128]
[-4332 30640]
[  832 -5632]
[128 128]
[128 128]
[   68 -5360]
[  210 21878]
[  270 -5518]
[  270 -5518]
[   68 -5360]
[  -90 -5562]
[  -90 -5562]
[  -90 -5562]
[  -90 -5562]
[  -90 -5562]
[  -90 -5562]
[  -90 -5562]
[  -90 -5562]
[  -90 -5562]
[  -90 -5562]
[  -90 -5562]
[  -90 -5562]
[  -90 -5562]
[  -90 -5562]
[  -90 -5562]
[  -90 -5562]
[  -90 -5562]
[  -90 -5562]
[  -90 -5562]
[  -90 -5562]
[  -90 -5562]
[  -90 -5562]
[  -90 -5562]
[  -90 -5562]
[  -90 -5562]
[  -90 -5562]
[  -90 -5562]
[  -90 -5562]
[  -90 -5562]
[  -90 -5562]
[  -90 -5562]
[  -90 -5562]
[  -90 -5562]
[  -90 -5562]
[  -90 -5562]
[  -90 -5562]
[  -90 -5562]
[  -90 -5562]
[  270 -5518]
[  630 -5474]
[  630 -5474]
[  832 -5632]
[  832 -5632]
[  832 -5632]
[  832 -5632]
[  832 -5632]
[  832 -5632]
[  832 -5632]
[  832 -5632]
[  630 -5474]
[  832 -5632]
[  832 -5632]
[  832 -5632]
[  630 -5474]
[  630 -5474]
[  630 -5474]
[  270 -5518]
[  270 -5518]
[  -90 -5562]
[  334 17874]
[  720 19200]
[  112 -5720]
[  270 -5518]
[  270 -5518]
[  788 -5272]
[  -358 -21306]
[  2698 -22394]
[    72 -20340]
[  156 -6080]
[   590 -20094]
[128 128]
[128 128]
[-3392 28928]
[128 128]
[128 128]
[  630 -5474]
[128 128]
[128 128]
[ -642 22870]
[ -424 28560]
[  -90 -5562]
[  -90 -5562]
[  -90 -5562]
[  -90 -5562]
[  -90 -5562]
[  -90 -5562]
[  112 -5720]
[  270 -5518]
[  112 -5720]
[  -90 -5562]
[  -90 -5562]
[  -90 -5562]
[  -90 -5562]
[  112 -5720]
[  -12 31168]
[-2102 31826]
[  674 -5834]
[128 128]
[  2382 -22798]
[-3136 23844]
[-3242 26206]
[  832 -5632]
[  832 -5632]
[  832 -5632]
[  832 -5632]
[  832 -5632]
[  832 -5632]
[  832 -5632]
[  832 -5632]
[  832 -5632]
[  832 -5632]
[  832 -5632]
[  832 -5632]
[  832 -5632]
[  832 -5632]
[128 128]
[128 128]
[128 128]
[128 128]
[  630 -5474]
[128 128]
[128 128]
[  630 -5474]
[ -582 28358]
[   68 -5360]
[  -90 -5562]
[  -90 -5562]
[  -90 -5562]
[  -90 -5562]
[  -90 -5562]
[  -90 -5562]
[  -90 -5562]
[  -90 -5562]
[  -90 -5562]
[  -90 -5562]
[  -90 -5562]
[  -90 -5562]
[  -90 -5562]
[  -90 -5562]
[  -90 -5562]
[  -90 -5562]
[  -90 -5562]
[  -90 -5562]
[  -90 -5562]
[  -90 -5562]
[  -90 -5562]
[   68 -5360]
[  -90 -5562]
[  -90 -5562]
[  -90 -5562]
[  -90 -5562]
[  -90 -5562]
[  -90 -5562]
[  -90 -5562]
[  -90 -5562]
[  -90 -5562]
[  -90 -5562]
[  -90 -5562]
[  -90 -5562]
[  -90 -5562]
[  -90 -5562]
[  -90 -5562]
[  -90 -5562]
[  -90 -5562]
[  -90 -5562]
[  -90 -5562]
[  270 -5518]
[  270 -5518]
[  630 -5474]
[  630 -5474]
[  832 -5632]
[  630 -5474]
[  832 -5632]
[  630 -5474]
[  832 -5632]
[  832 -5632]
[  832 -5632]
[  832 -5632]
[  832 -5632]
[  630 -5474]
[  832 -5632]
[-2160 18848]
[-2196 22132]
[-2696 20244]
[  630 -5474]
[  270 -5518]
[  270 -5518]
[ -292 -5404]
[ -450 -5606]
[ -1816 -19840]
[ -248 -5764]
[  586 -5114]
[  832 -5632]
[ 1306 -5026]
[ 1236 -5948]
[ 1034 -5790]
[  876 -5992]
[  2328 -17872]
[128 128]
[  990 -5430]
[-3340 31492]
[128 128]
[128 128]
[-2028 17768]
[128 128]
[128 128]
[  270 -5518]
[ -126 30606]
[  -90 -5562]
[  -90 -5562]
[  -90 -5562]
[  -90 -5562]
[  -90 -5562]
[  -90 -5562]
[  270 -5518]
[  428 -5316]
[  472 -5676]
[   68 -5360]
[  112 -5720]
[ -1658 -19638]
[  112 -5720]
[  270 -5518]
[  630 -5474]
[-1598 18734]
[  472 -5676]
[  630 -5474]
[128 128]
[ 1192 -5588]
[-3208 30412]
[-2732 23528]
[  832 -5632]
[  832 -5632]
[  832 -5632]
[  832 -5632]
[  832 -5632]
[  832 -5632]
[  832 -5632]
[  832 -5632]
[  832 -5632]
[  832 -5632]
[  832 -5632]
[  832 -5632]
[  832 -5632]
[128 128]
[128 128]
[128 128]
[128 128]
[  1450 -18162]
[128 128]
[ -1314 -25442]
[-1794 29306]
[ -958 22466]
[  -90 -5562]
[  -90 -5562]
[  -90 -5562]
[  -90 -5562]
[  -90 -5562]
[  -90 -5562]
[  -90 -5562]
[  -90 -5562]
[  -90 -5562]
[  -90 -5562]
[  -90 -5562]
[  -90 -5562]
[  -90 -5562]
[  -90 -5562]
[  -90 -5562]
[  -90 -5562]
[  -90 -5562]
[  -90 -5562]
[  -90 -5562]
[  -90 -5562]
[  -90 -5562]
[  -90 -5562]
[  270 -5518]
[  -90 -5562]
[  -90 -5562]
[  270 -5518]
[  270 -5518]
[  270 -5518]
[  270 -5518]
[  270 -5518]
[  270 -5518]
[  270 -5518]
[  112 -5720]
[  270 -5518]
[  112 -5720]
[  -90 -5562]
[  112 -5720]
[  270 -5518]
[  112 -5720]
[  270 -5518]
[  112 -5720]
[  270 -5518]
[  270 -5518]
[  270 -5518]
[  630 -5474]
[-1598 18734]
[  630 -5474]
[  630 -5474]
[  630 -5474]
[  832 -5632]
[  832 -5632]
[  832 -5632]
[  832 -5632]
[  832 -5632]
[  832 -5632]
[  630 -5474]
[-1036 18620]
[-2196 22132]
[  788 -5272]
[128 128]
[128 128]
[  1822 -30174]
[  3252 -25432]
[  472 -5676]
[  314 -5878]
[  472 -5676]
[  156 -6080]
[  472 -5676]
[   68 -5360]
[  314 -5878]
[  314 -5878]
[  314 -5878]
[  428 -5316]
[128 128]
[  2416 -18592]
[-2960 22404]
[-3084 26408]
[-2424 21008]
[128 128]
[-2318 18646]
[128 128]
[128 128]
[ -2842 -24898]
[ -124 23116]
[  316 19516]
[  270 -5518]
[  -90 -5562]
[  -90 -5562]
[  112 -5720]
[  472 -5676]
[  -90 -5562]
[128 128]
[  6704 -29760]
[  832 -5632]
[  788 -5272]
[  832 -5632]
[  990 -5430]
[  990 -5430]
[ 1508 -5184]
[  1356 -27856]
[  1880 -17196]
[ 1034 -5790]
[  2848 -25116]
[128 128]
[  832 -5632]
[ -4526 -31814]
[-2292 19928]
[  832 -5632]
[  832 -5632]
[  832 -5632]
[  832 -5632]
[  832 -5632]
[  832 -5632]
[  832 -5632]
[  832 -5632]
[  832 -5632]
[  832 -5632]
[  832 -5632]
[  832 -5632]
[128 128]
[128 128]
[128 128]
[128 128]
[128 128]
[128 128]
[  270 -5518]
[ -776 31440]
[  270 -5518]
[  -90 -5562]
[  -90 -5562]
[  -90 -5562]
[  -90 -5562]
[  -90 -5562]
[  -90 -5562]
[  -90 -5562]
[  -90 -5562]
[  -90 -5562]
[  -90 -5562]
[  -90 -5562]
[  -90 -5562]
[  -90 -5562]
[  -90 -5562]
[  -90 -5562]
[  -90 -5562]
[  -90 -5562]
[  -90 -5562]
[  -90 -5562]
[  -90 -5562]
[  -90 -5562]
[  270 -5518]
[  270 -5518]
[ -1078 -21394]
[128 128]
[  270 -5518]
[-1100 28112]
[-1072 21904]
[  428 -5316]
[-1150 18058]
[  428 -5316]
[  270 -5518]
[  270 -5518]
[  270 -5518]
[  270 -5518]
[  -90 -5562]
[  270 -5518]
[  472 -5676]
[-1072 21904]
[-1476 22220]
[ -588 17944]
[  270 -5518]
[  270 -5518]
[  270 -5518]
[  472 -5676]
[  630 -5474]
[  832 -5632]
[  990 -5430]
[ 1148 -5228]
[  990 -5430]
[-2160 18848]
[  832 -5632]
[  832 -5632]
[  832 -5632]
[-2046 19410]
[  630 -5474]
[  1180 -26416]
[128 128]
[128 128]
[  -630 -22070]
[  832 -5632]
[  6098 -29286]
[  4928 -21208]
[ 1754 -5702]
[ 1192 -5588]
[ 1754 -5702]
[ 1394 -5746]
[  4796 -20128]
[  2812 -21832]
[  4832 -23412]
[  6230 -30366]
[128 128]
[  1784 -19400]
[  472 -5676]
[  630 -5474]
[-2336 20288]
[  832 -5632]
[  990 -5430]
[128 128]
[-1826 17610]
[128 128]
[128 128]
[  -90 -5562]
[ -230 25478]
[   86 25882]
[  -90 -5562]
[  -90 -5562]
[  112 -5720]
[  112 -5720]
[  -90 -5562]
[128 128]
[  832 -5632]
[-2740 20604]
[-4824 31676]
[-3144 20920]
[  990 -5430]
[  990 -5430]
[-3118 22202]
[ -4438 -32534]
[-2406 19366]
[  6614 -21550]
[  2540 -22596]
[  6106 -26362]
[128 128]
[128 128]
[-2160 18848]
[-3674 32730]
[  832 -5632]
[  832 -5632]
[  832 -5632]
[  832 -5632]
[  832 -5632]
[  832 -5632]
[  832 -5632]
[  832 -5632]
[  832 -5632]
[  832 -5632]
[  832 -5632]
[  832 -5632]
[128 128]
[128 128]
[128 128]
[ 2886 29878]
[128 128]
[128 128]
[-1372 27348]
[ -626 28718]
[  270 -5518]
[  -90 -5562]
[  -90 -5562]
[  -90 -5562]
[  -90 -5562]
[  -90 -5562]
[  -90 -5562]
[  -90 -5562]
[  -90 -5562]
[  -90 -5562]
[  -90 -5562]
[  -90 -5562]
[  -90 -5562]
[  -90 -5562]
[  -90 -5562]
[  -90 -5562]
[  -90 -5562]
[  -90 -5562]
[  -90 -5562]
[  -90 -5562]
[  -90 -5562]
[  -90 -5562]
[  270 -5518]
[ -238 22554]
[ -2642 -17566]
[128 128]
[ -2878 -21614]
[-1828 25100]
[-1326 19498]
[  428 -5316]
[  226 -5158]
[  2276 -20436]
[  1022 -26618]
[  2768 -21472]
[  1382 -26574]
[  2988 -23272]
[  1382 -26574]
[  3252 -25432]
[  2542 -30086]
[  946 -5070]
[  832 -5632]
[  2346 -19514]
[  2094 -29410]
[  3472 -27232]
[ 2578 32166]
[  2892 -25476]
[ 9700 29200]
[  7202 -20382]
[  8680 -30980]
[128 128]
[128 128]
[  630 -5474]
[  832 -5632]
[-1598 18734]
[-2556 22088]
[128 128]
[  630 -5474]
[128 128]
[128 128]
[-3594 29086]
[128 128]
[128 128]
[ 1148 -5228]
[  9960 -23516]
[ 1710 -5342]
[ 2184 -4736]
[ 1350 -5386]
[ 1508 -5184]
[ 1350 -5386]
[ 1350 -5386]
[ 1192 -5588]
[ 1350 -5386]
[  990 -5430]
[-1466 17654]
[-2556 22088]
[  832 -5632]
[  832 -5632]
[  990 -5430]
[  832 -5632]
[128 128]
[  990 -5430]
[128 128]
[128 128]
[ -1430 -18514]
[ -292 -5404]
[  402 26286]
[  684 22484]
[ 1272 23652]
[  -90 27322]
[  112 -5720]
[128 128]
[ 1192 -5588]
[-2872 21684]
[-2688 23168]
[  832 -5632]
[  990 -5430]
[  832 -5632]
[  990 -5430]
[  832 -5632]
[  832 -5632]
[-2732 23528]
[  788 -5272]
[  788 -5272]
[ 2184 -4736]
[ 4396 30744]
[128 128]
[128 128]
[-2786 28454]
[-3128 26768]
[  832 -5632]
[  832 -5632]
[  832 -5632]
[  832 -5632]
[  832 -5632]
[  832 -5632]
[  832 -5632]
[  832 -5632]
[  832 -5632]
[  832 -5632]
[  832 -5632]
[128 128]
[128 128]
[128 128]
[ 1358 30422]
[128 128]
[    54 -18698]
[ -336 27840]
[ -370 23634]
[  270 -5518]
[  -90 -5562]
[  -90 -5562]
[  -90 -5562]
[  -90 -5562]
[  -90 -5562]
[  -90 -5562]
[  -90 -5562]
[  -90 -5562]
[  -90 -5562]
[  -90 -5562]
[  -90 -5562]
[  -90 -5562]
[  -90 -5562]
[  -90 -5562]
[  -90 -5562]
[  -90 -5562]
[  -90 -5562]
[  -90 -5562]
[  -90 -5562]
[  -90 -5562]
[  -90 -5562]
[  -90 -5562]
[  184 20596]
[  176 17672]
[ -3280 -28788]
[  1594 -31298]
[  270 -5518]
[  112 -5720]
[  2724 -21112]
[ 1306 -5026]
[ 1192 -5588]
[ 1508 -5184]
[ 1394 -5746]
[ 1394 -5746]
[ 1192 -5588]
[ 1306 -5026]
[ 1192 -5588]
[ 1350 -5386]
[  832 -5632]
[ 1394 -5746]
[ 1192 -5588]
[ 1666 -4982]
[ 1394 -5746]
[  2328 -17872]
[  5650 -28610]
[ 1868 -5140]
[128 128]
[128 128]
[-2608 19524]
[  788 -5272]
[128 128]
[128 128]
[  630 -5474]
[-3514 25442]
[128 128]
[128 128]
[128 128]
[128 128]
[-3972 30684]
[128 128]
[-2952 25328]
[-2582 20806]
[  990 -5430]
[  990 -5430]
[-2916 22044]
[-2802 22606]
[-2758 22246]
[-2204 19208]
[-2608 19524]
[  832 -5632]
[  990 -5430]
[  832 -5632]
[  832 -5632]
[  832 -5632]
[  832 -5632]
[  832 -5632]
[  990 -5430]
[-4076 25556]
[-4832 28752]
[  990 -5430]
[128 128]
[128 128]
[ -406 -5966]
[ -2350 -25934]
[ -450 -5606]
[ -3404 -24784]
[ -450 -5606]
[ -810 -5650]
[128 128]
[ 1508 -5184]
[ -3314 -32762]
[-3612 30728]
[  832 -5632]
[  832 -5632]
[  832 -5632]
[  630 -5474]
[  832 -5632]
[  832 -5632]
[  832 -5632]
[  832 -5632]
[  832 -5632]
[-3196 18356]
[  990 -5430]
[  630 -5474]
[  1696 -18680]
[128 128]
[ 1148 -5228]
[ 1148 -5228]
[  832 -5632]
[  832 -5632]
[  832 -5632]
[  832 -5632]
[  832 -5632]
[  832 -5632]
[  832 -5632]
[  832 -5632]
[  832 -5632]
[  832 -5632]
[  832 -5632]
[128 128]
[128 128]
[128 128]
[ 2930 29518]
[128 128]
[128 128]
[ -950 25390]
[ -494 27638]
[  270 -5518]
[  -90 -5562]
[  -90 -5562]
[  -90 -5562]
[  -90 -5562]
[  -90 -5562]
[  -90 -5562]
[  -90 -5562]
[  -90 -5562]
[  -90 -5562]
[  -90 -5562]
[  -90 -5562]
[  -90 -5562]
[  -90 -5562]
[  -90 -5562]
[  -90 -5562]
[  -90 -5562]
[  -90 -5562]
[  -90 -5562]
[  -90 -5562]
[  -90 -5562]
[  -90 -5562]
[  -90 -5562]
[  -90 -5562]
[ -634 25794]
[  112 -5720]
[128 128]
[  1294 -25854]
[  990 -5430]
[ 1192 -5588]
[  1820 -22684]
[  586 -5114]
[ 1148 -5228]
[  990 -5430]
[  832 -5632]
[  832 -5632]
[  832 -5632]
[  832 -5632]
[  832 -5632]
[  270 -5518]
[  270 -5518]
[  788 -5272]
[  788 -5272]
[  832 -5632]
[  1102 -30262]
[128 128]
[  788 -5272]
[128 128]
[-2688 23168]
[-2160 18848]
[-3374 27286]
[-2320 26136]
[   224 -30552]
[128 128]
[  788 -5272]
[128 128]
[128 128]
[  832 -5632]
[128 128]
[  990 -5430]
[-1890 27102]
[ -790 18102]
[-1010 19902]
[  630 -5474]
[-1300 20780]
[-1756 18532]
[-2020 20692]
[  832 -5632]
[-1624 17452]
[  832 -5632]
[-1730 19814]
[  630 -5474]
[-1124 19340]
[  270 -5518]
[ -834 18462]
[  270 -5518]
[  472 -5676]
[  630 -5474]
[  630 -5474]
[ 10242 -27318]
[  2514 -23878]
[  428 -5316]
[  270 -5518]
[  270 -5518]
[  -90 -5562]
[  -90 -5562]
[  -90 -5562]
[   68 -5360]
[ -2756 -18128]
[128 128]
[  1778 -29814]
[-3470 25082]
[128 128]
[-2160 18848]
[  832 -5632]
[  832 -5632]
[  630 -5474]
[  832 -5632]
[  832 -5632]
[  832 -5632]
[  832 -5632]
[  990 -5430]
[  832 -5632]
[  832 -5632]
[  630 -5474]
[  630 -5474]
[-1870 17970]
[  990 -5430]
[128 128]
[  6318 -31086]
[  832 -5632]
[  630 -5474]
[  832 -5632]
[  832 -5632]
[  832 -5632]
[  832 -5632]
[  832 -5632]
[  832 -5632]
[  832 -5632]
[  832 -5632]
[128 128]
[128 128]
[128 128]
[128 128]
[128 128]
[128 128]
[  270 -5518]
[-1048 30676]
[  270 -5518]
[  -90 -5562]
[  -90 -5562]
[  -90 -5562]
[  -90 -5562]
[  -90 -5562]
[  -90 -5562]
[  -90 -5562]
[  -90 -5562]
[  -90 -5562]
[  -90 -5562]
[  -90 -5562]
[  -90 -5562]
[  -90 -5562]
[  -90 -5562]
[  -90 -5562]
[  -90 -5562]
[  -90 -5562]
[  -90 -5562]
[  -90 -5562]
[  -90 -5562]
[  -90 -5562]
[  -90 -5562]
[  -90 -5562]
[ -590 25434]
[ -922 19182]
[128 128]
[128 128]
[-4998 25626]
[128 128]
[  876 -5992]
[ 7460 32580]
[  2724 -21112]
[  832 -5632]
[  990 -5430]
[  832 -5632]
[ 1192 -5588]
[  832 -5632]
[  832 -5632]
[  428 -5316]
[  428 -5316]
[  832 -5632]
[ 1350 -5386]
[  3452 -18100]
[  3508 -30516]
[  946 -5070]
[-2046 19410]
[-2864 24608]
[  832 -5632]
[  832 -5632]
[-2072 18128]
[128 128]
[-3004 22764]
[128 128]
[128 128]
[-2986 21122]
[128 128]
[-1722 22738]
[  630 -5474]
[128 128]
[128 128]
[-3524 29776]
[128 128]
[-2550 32270]
[128 128]
[   810 -21894]
[  586 -5114]
[  674 -5834]
[  788 -5272]
[  472 -5676]
[  -664 -26276]
[   136 -29832]
[128 128]
[ -2094 -31018]
[128 128]
[ -4166 -32002]
[128 128]
[  -928 -24116]
[  -192 -18180]
[  472 -5676]
[  630 -5474]
[  270 -5518]
[  270 -5518]
[  270 -5518]
[  270 -5518]
[  270 -5518]
[  270 -5518]
[ -430 18146]
[-1530 27146]
[  270 -5518]
[128 128]
[ 4536 32588]
[  832 -5632]
[ -3920 -32288]
[-4902 27830]
[ 1148 -5228]
[  990 -5430]
[  990 -5430]
[  788 -5272]
[  788 -5272]
[  832 -5632]
[  832 -5632]
[  832 -5632]
[  832 -5632]
[  630 -5474]
[  832 -5632]
[  832 -5632]
[-1914 18330]
[ 1148 -5228]
[  9084 -31296]
[128 128]
[  832 -5632]
[-2512 21728]
[  832 -5632]
[  832 -5632]
[  832 -5632]
[  832 -5632]
[  832 -5632]
[  832 -5632]
[  832 -5632]
[128 128]
[128 128]
[128 128]
[128 128]
[128 128]
[128 128]
[  428 -5316]
[ -2436 -32472]
[  270 -5518]
[  -90 -5562]
[  -90 -5562]
[  -90 -5562]
[  -90 -5562]
[  -90 -5562]
[  -90 -5562]
[  -90 -5562]
[  -90 -5562]
[  -90 -5562]
[  -90 -5562]
[  -90 -5562]
[  -90 -5562]
[  -90 -5562]
[  -90 -5562]
[  -90 -5562]
[  -90 -5562]
[  -90 -5562]
[  -90 -5562]
[  -90 -5562]
[  -90 -5562]
[  -90 -5562]
[  -90 -5562]
[  -90 -5562]
[ -448 19788]
[-1952 29104]
[  270 -5518]
[128 128]
[  384 -4956]
[128 128]
[128 128]
[-1976 20332]
[128 128]
[  3208 -25072]
[  472 -5676]
[  156 -6080]
[  314 -5878]
[   68 -5360]
[  314 -5878]
[  112 -5720]
[  472 -5676]
[   660 -19172]
[  1620 -30016]
[128 128]
[  788 -5272]
[-2072 18128]
[-2864 24608]
[  832 -5632]
[  832 -5632]
[  832 -5632]
[-2082 22694]
[128 128]
[  270 -5518]
[128 128]
[128 128]
[  832 -5632]
[128 128]
[-2204 19208]
[  630 -5474]
[  270 -5518]
[  270 -5518]
[  270 -5518]
[  270 -5518]
[  270 -5518]
[  630 -5474]
[  788 -5272]
[  990 -5430]
[  4172 -18012]
[  990 -5430]
[  990 -5430]
[  832 -5632]
[  630 -5474]
[  472 -5676]
[  270 -5518]
[  -90 -5562]
[ -292 -5404]
[ -450 -5606]
[  -90 -5562]
[  -90 -5562]
[  112 -5720]
[  270 -5518]
[  270 -5518]
[  270 -5518]
[  112 -5720]
[  270 -5518]
[  112 -5720]
[  270 -5518]
[  270 -5518]
[  270 -5518]
[ -282 22914]
[  270 -5518]
[128 128]
[128 128]
[ 2026 -4938]
[ 1508 -5184]
[ 2026 -4938]
[128 128]
[128 128]
[  990 -5430]
[-3242 26206]
[  832 -5632]
[  832 -5632]
[  832 -5632]
[  832 -5632]
[  832 -5632]
[  832 -5632]
[  832 -5632]
[  832 -5632]
[-3128 26768]
[-2380 20648]
[128 128]
[128 128]
[  630 -5474]
[-2996 25688]
[  832 -5632]
[  832 -5632]
[  832 -5632]
[  832 -5632]
[  832 -5632]
[  832 -5632]
[128 128]
[128 128]
[128 128]
[128 128]
[  990 -5430]
[128 128]
[  2048 -21560]
[-1592 29148]
[ -712 21948]
[  -90 -5562]
[  -90 -5562]
[  -90 -5562]
[  -90 -5562]
[  -90 -5562]
[  -90 -5562]
[  -90 -5562]
[  -90 -5562]
[  -90 -5562]
[  -90 -5562]
[  -90 -5562]
[  -90 -5562]
[  -90 -5562]
[  -90 -5562]
[  -90 -5562]
[  -90 -5562]
[  -90 -5562]
[  -90 -5562]
[  -90 -5562]
[  -90 -5562]
[  -90 -5562]
[  -90 -5562]
[  -90 -5562]
[  270 -5518]
[-1038 26110]
[  428 -5316]
[128 128]
[128 128]
[  586 -5114]
[128 128]
[128 128]
[  832 -5632]
[128 128]
[128 128]
[  2750 -19830]
[  4132 -32632]
[  6502 -29602]
[  2408 -21516]
[  -172 -27312]
[  330 32622]
[    46 -21622]
[  112 -5720]
[-1686 19454]
[-2714 21886]
[-2600 22448]
[-2424 21008]
[-2468 21368]
[-3328 19436]
[  990 -5430]
[   976 -18768]
[ 1788 31156]
[128 128]
[  620 31744]
[  630 -5474]
[  630 -5474]
[-2160 18848]
[  832 -5632]
[  832 -5632]
[  832 -5632]
[  832 -5632]
[  832 -5632]
[  832 -5632]
[  832 -5632]
[  832 -5632]
[  990 -5430]
[  990 -5430]
[ 1148 -5228]
[  990 -5430]
[  990 -5430]
[  990 -5430]
[  990 -5430]
[  832 -5632]
[  630 -5474]
[  270 -5518]
[  270 -5518]
[  -90 -5562]
[  -90 -5562]
[  -90 -5562]
[  -90 -5562]
[  -90 -5562]
[  -90 -5562]
[  -90 -5562]
[  -90 -5562]
[  -90 -5562]
[  -90 -5562]
[  -90 -5562]
[  -90 -5562]
[  -90 -5562]
[  552 23564]
[  208 29368]
[  112 -5720]
[128 128]
[128 128]
[ 1508 -5184]
[128 128]
[-3092 23484]
[128 128]
[128 128]
[-2748 17680]
[-3260 27848]
[  832 -5632]
[  832 -5632]
[  832 -5632]
[  832 -5632]
[  832 -5632]
[  832 -5632]
[  832 -5632]
[-2556 22088]
[-4060 31404]
[  3946 -26626]
[128 128]
[  630 -5474]
[128 128]
[  832 -5632]
[  832 -5632]
[  832 -5632]
[  832 -5632]
[  832 -5632]
[  832 -5632]
[128 128]
[128 128]
[128 128]
[128 128]
[-2072 18128]
[128 128]
[128 128]
[-1274 22062]
[ -934 31238]
[  -90 -5562]
[  -90 -5562]
[  -90 -5562]
[  -90 -5562]
[  -90 -5562]
[  -90 -5562]
[  -90 -5562]
[  -90 -5562]
[  -90 -5562]
[  -90 -5562]
[  -90 -5562]
[  -90 -5562]
[  -90 -5562]
[  -90 -5562]
[  -90 -5562]
[  -90 -5562]
[  -90 -5562]
[  -90 -5562]
[  -90 -5562]
[  -90 -5562]
[  -90 -5562]
[  -90 -5562]
[  -90 -5562]
[  270 -5518]
[ -616 24152]
[   68 -5360]
[128 128]
[128 128]
[128 128]
[-3348 28568]
[128 128]
[-4666 31878]
[  630 -5474]
[  788 -5272]
[-3636 21956]
[ 1148 -5228]
[ 1710 -5342]
[-3468 17592]
[-3952 21552]
[-2520 18804]
[-2442 22650]
[-2926 26610]
[-2864 24608]
[-2926 26610]
[-1942 24538]
[  472 -5676]
[  630 -5474]
[128 128]
[128 128]
[  2276 -20436]
[  428 -5316]
[  630 -5474]
[  630 -5474]
[  630 -5474]
[  832 -5632]
[  630 -5474]
[  832 -5632]
[  832 -5632]
[  832 -5632]
[  832 -5632]
[  832 -5632]
[  832 -5632]
[  990 -5430]
[  832 -5632]
[  990 -5430]
[  832 -5632]
[  990 -5430]
[  832 -5632]
[  990 -5430]
[  832 -5632]
[  990 -5430]
[  832 -5632]
[  832 -5632]
[  630 -5474]
[  428 -5316]
[  270 -5518]
[   68 -5360]
[  -90 -5562]
[  -90 -5562]
[  -90 -5562]
[  -90 -5562]
[  -90 -5562]
[  -90 -5562]
[  -90 -5562]
[  -90 -5562]
[  -90 -5562]
[  -90 -5562]
[  -90 -5562]
[  860 21044]
[ -828 28876]
[ -3168 -20736]
[128 128]
[128 128]
[-3322 29850]
[128 128]
[-3094 30974]
[128 128]
[128 128]
[-2810 19682]
[-3524 30008]
[  630 -5474]
[  832 -5632]
[  832 -5632]
[  832 -5632]
[  832 -5632]
[  832 -5632]
[  832 -5632]
[-2336 20288]
[-5316 32712]
[ 5142 32114]
[128 128]
[  630 -5474]
[128 128]
[  832 -5632]
[  832 -5632]
[  832 -5632]
[  832 -5632]
[  832 -5632]
[  832 -5632]
[128 128]
[128 128]
[128 128]
[128 128]
[128 128]
[  2830 -23474]
[128 128]
[  270 -5518]
[   128 -32524]
[   68 -5360]
[  -90 -5562]
[  -90 -5562]
[  -90 -5562]
[  -90 -5562]
[  -90 -5562]
[  -90 -5562]
[  -90 -5562]
[  -90 -5562]
[  -90 -5562]
[  -90 -5562]
[  -90 -5562]
[  -90 -5562]
[  -90 -5562]
[  -90 -5562]
[  -90 -5562]
[  -90 -5562]
[  -90 -5562]
[  -90 -5562]
[  -90 -5562]
[  -90 -5562]
[  -90 -5562]
[  -90 -5562]
[  -90 -5562]
[   68 -5360]
[   52 21676]
[   68 -5360]
[128 128]
[128 128]
[ 1192 -5588]
[128 128]
[ -3876 -32648]
[-2292 19928]
[-2072 18128]
[-3030 21482]
[-2740 20604]
[-4066 20990]
[-3276 22000]
[-5578 27382]
[-4128 22992]
[-4032 25196]
[  990 -5430]
[  788 -5272]
[  630 -5474]
[  472 -5676]
[128 128]
[128 128]
[  1784 -19400]
[  832 -5632]
[-3592 21596]
[-2028 17768]
[  832 -5632]
[  832 -5632]
[  832 -5632]
[  832 -5632]
[  832 -5632]
[  832 -5632]
[  832 -5632]
[  832 -5632]
[  630 -5474]
[  832 -5632]
[  630 -5474]
[  832 -5632]
[  630 -5474]
[  832 -5632]
[  630 -5474]
[  832 -5632]
[  832 -5632]
[  832 -5632]
[  832 -5632]
[  832 -5632]
[  832 -5632]
[  630 -5474]
[  630 -5474]
[  630 -5474]
[  270 -5518]
[  270 -5518]
[  -90 -5562]
[  -90 -5562]
[  -90 -5562]
[  -90 -5562]
[  -90 -5562]
[  -90 -5562]
[  -90 -5562]
[  -90 -5562]
[  -90 -5562]
[  -90 -5562]
[  -90 -5562]
[  894 25250]
[  728 22124]
[ -248 -5764]
[128 128]
[  630 -5474]
[128 128]
[-3506 28366]
[   880 -20972]
[128 128]
[  472 -5676]
[-2566 26654]
[-2336 20288]
[  832 -5632]
[  832 -5632]
[  832 -5632]
[  832 -5632]
[  832 -5632]
[  832 -5632]
[  832 -5632]
[-2336 20288]
[-4894 30754]
[  4606 -32026]
[128 128]
[  630 -5474]
[128 128]
[  832 -5632]
[  832 -5632]
[  832 -5632]
[  832 -5632]
[  832 -5632]
[  832 -5632]
[128 128]
[128 128]
[128 128]
[128 128]
[128 128]
[  788 -5272]
[128 128]
[128 128]
[ -492 20148]
[ -186 25118]
[   68 -5360]
[  -90 -5562]
[  -90 -5562]
[  -90 -5562]
[  -90 -5562]
[  -90 -5562]
[  -90 -5562]
[  -90 -5562]
[  -90 -5562]
[  -90 -5562]
[  -90 -5562]
[  -90 -5562]
[  -90 -5562]
[  -90 -5562]
[  -90 -5562]
[  -90 -5562]
[  -90 -5562]
[  -90 -5562]
[  -90 -5562]
[  -90 -5562]
[  -90 -5562]
[  -90 -5562]
[  -90 -5562]
[  -90 -5562]
[  270 -5518]
[  332 25364]
[   68 -5360]
[128 128]
[128 128]
[ 1394 -5746]
[-1660 20736]
[-2066 28542]
[-2742 28094]
[  630 -5474]
[  990 -5430]
[ 1350 -5386]
[ 1350 -5386]
[  8132 -17528]
[ 1508 -5184]
[128 128]
[128 128]
[128 128]
[ 3676 30656]
[  270 -5518]
[  472 -5676]
[ -474 18506]
[-1510 18014]
[  832 -5632]
[  832 -5632]
[  832 -5632]
[  832 -5632]
[  990 -5430]
[  832 -5632]
[  832 -5632]
[  832 -5632]
[  832 -5632]
[  832 -5632]
[  832 -5632]
[  630 -5474]
[  630 -5474]
[-1150 18058]
[-1528 19656]
[  428 -5316]
[  630 -5474]
[  630 -5474]
[  832 -5632]
[  630 -5474]
[  832 -5632]
[  832 -5632]
[  832 -5632]
[  630 -5474]
[  832 -5632]
[  630 -5474]
[  630 -5474]
[  630 -5474]
[  270 -5518]
[  -90 -5562]
[  -90 -5562]
[  -90 -5562]
[  -90 -5562]
[  -90 -5562]
[  -90 -5562]
[  -90 -5562]
[  -90 -5562]
[   68 -5360]
[  270 -5518]
[ -448 19788]
[  822 31818]
[  -90 -5562]
[128 128]
[128 128]
[  1046 -17846]
[  788 -5272]
[  8670 -26414]
[  3444 -21024]
[ 1192 -5588]
[-3056 20200]
[-2424 21008]
[  832 -5632]
[  832 -5632]
[  832 -5632]
[  832 -5632]
[  832 -5632]
[  832 -5632]
[  832 -5632]
[  832 -5632]
[-2424 21008]
[-5070 32194]
[  5212 -32500]
[128 128]
[  630 -5474]
[128 128]
[  832 -5632]
[  832 -5632]
[  832 -5632]
[  832 -5632]
[  832 -5632]
[  832 -5632]
[128 128]
[128 128]
[128 128]
[128 128]
[-2952 25328]
[-3498 31290]
[  990 -5430]
[128 128]
[  270 -5518]
[ -318 26198]
[  270 -5518]
[  -90 -5562]
[  -90 -5562]
[  -90 -5562]
[  -90 -5562]
[  -90 -5562]
[  -90 -5562]
[  -90 -5562]
[  -90 -5562]
[  -90 -5562]
[  -90 -5562]
[  -90 -5562]
[  -90 -5562]
[  -90 -5562]
[  -90 -5562]
[  -90 -5562]
[  -90 -5562]
[  -90 -5562]
[  -90 -5562]
[  -90 -5562]
[  -90 -5562]
[  -90 -5562]
[  -90 -5562]
[  -90 -5562]
[  -90 -5562]
[  500 21000]
[  102 31730]
[  -90 -5562]
[128 128]
[128 128]
[ -2422 -19366]
[ -2668 -18848]
[128 128]
[128 128]
[128 128]
[    98 -19058]
[   326 -17934]
[  472 -5676]
[  630 -5474]
[  630 -5474]
[  788 -5272]
[  990 -5430]
[  788 -5272]
[  788 -5272]
[  630 -5474]
[  832 -5632]
[  630 -5474]
[  832 -5632]
[  832 -5632]
[  832 -5632]
[  832 -5632]
[  832 -5632]
[  832 -5632]
[  832 -5632]
[  832 -5632]
[  990 -5430]
[-3258 20358]
[-2608 19524]
[  630 -5474]
[  630 -5474]
[ -292 -5404]
[  270 -5518]
[128 128]
[ 2692 32728]
[  630 -5474]
[  832 -5632]
[  990 -5430]
[  832 -5632]
[  832 -5632]
[  832 -5632]
[  832 -5632]
[  832 -5632]
[  832 -5632]
[  630 -5474]
[  630 -5474]
[  270 -5518]
[  -90 -5562]
[  -90 -5562]
[  -90 -5562]
[  -90 -5562]
[  -90 -5562]
[  -90 -5562]
[  -90 -5562]
[   68 -5360]
[  270 -5518]
[ -808 19744]
[  270 -5518]
[   68 -5360]
[ -248 -5764]
[  1436 -31500]
[  3068 -26916]
[  428 -5316]
[-1002 22826]
[-4016 31044]
[128 128]
[-4332 30640]
[  832 -5632]
[ 1148 -5228]
[  788 -5272]
[  990 -5430]
[  832 -5632]
[  832 -5632]
[  832 -5632]
[  832 -5632]
[  832 -5632]
[  832 -5632]
[-2424 21008]
[-4156 29200]
[ 4536 32588]
[128 128]
[  630 -5474]
[128 128]
[  990 -5430]
[  832 -5632]
[  832 -5632]
[  832 -5632]
[  832 -5632]
[  832 -5632]
[128 128]
[128 128]
[128 128]
[128 128]
[  832 -5632]
[-3972 30684]
[  832 -5632]
[128 128]
[128 128]
[  270 -5518]
[ -388 25276]
[  -90 -5562]
[  -90 -5562]
[  -90 -5562]
[  -90 -5562]
[  -90 -5562]
[  -90 -5562]
[  -90 -5562]
[  -90 -5562]
[  -90 -5562]
[  -90 -5562]
[  -90 -5562]
[  -90 -5562]
[  -90 -5562]
[  -90 -5562]
[  -90 -5562]
[  -90 -5562]
[  -90 -5562]
[  -90 -5562]
[  -90 -5562]
[  -90 -5562]
[  -90 -5562]
[  -90 -5562]
[  -90 -5562]
[  -90 -5562]
[  -90 -5562]
[ -152 29324]
[  -90 -5562]
[128 128]
[  270 -5518]
[128 128]
[ -450 -5606]
[ -810 -5650]
[  -90 -5562]
[  -90 -5562]
[  -90 -5562]
[  -90 -5562]
[  112 -5720]
[   68 -5360]
[  270 -5518]
[  270 -5518]
[  270 -5518]
[  630 -5474]
[  630 -5474]
[  832 -5632]
[  832 -5632]
[  832 -5632]
[  832 -5632]
[  832 -5632]
[  832 -5632]
[  832 -5632]
[  832 -5632]
[  832 -5632]
[  832 -5632]
[  832 -5632]
[-2784 20964]
[  990 -5430]
[128 128]
[128 128]
[   522 -28506]
[  3120 -24352]
[ -538 27766]
[128 128]
[128 128]
[  630 -5474]
[-3004 22764]
[  832 -5632]
[  630 -5474]
[  832 -5632]
[  832 -5632]
[  832 -5632]
[  832 -5632]
[  832 -5632]
[  630 -5474]
[  630 -5474]
[  270 -5518]
[  270 -5518]
[  270 -5518]
[   68 -5360]
[  270 -5518]
[  270 -5518]
[  -90 -5562]
[  -44 19472]
[  334 17874]
[  270 -5518]
[  270 -5518]
[128 128]
[   328 -25424]
[   924 -21332]
[  3622 -29954]
[   646 -32510]
[  332 25364]
[128 128]
[128 128]
[-2600 22448]
[  4936 -18284]
[128 128]
[128 128]
[ 1148 -5228]
[-3302 20718]
[  990 -5430]
[  832 -5632]
[  832 -5632]
[  832 -5632]
[  832 -5632]
[  832 -5632]
[-2820 24248]
[-4674 28954]
[ 5160 30472]
[128 128]
[  630 -5474]
[ -3876 -32648]
[  832 -5632]
[  832 -5632]
[  832 -5632]
[  832 -5632]
[  832 -5632]
[  832 -5632]
[128 128]
[128 128]
[128 128]
[128 128]
[  832 -5632]
[-2204 19208]
[-3270 32414]
[  990 -5430]
[128 128]
[  270 -5518]
[  218 24802]
[   68 -5360]
[  -90 -5562]
[  -90 -5562]
[  -90 -5562]
[  -90 -5562]
[  -90 -5562]
[  -90 -5562]
[  -90 -5562]
[  -90 -5562]
[  -90 -5562]
[  -90 -5562]
[  -90 -5562]
[  -90 -5562]
[  -90 -5562]
[  -90 -5562]
[  -90 -5562]
[  -90 -5562]
[  -90 -5562]
[  -90 -5562]
[  -90 -5562]
[  -90 -5562]
[  -90 -5562]
[  -90 -5562]
[  -90 -5562]
[  -90 -5562]
[  594 30694]
[  270 -5518]
[128 128]
[  -90 -5562]
[  1006 -32234]
[   68 -5360]
[  -90 -5562]
[  -90 -5562]
[  -90 -5562]
[  -90 -5562]
[  -90 -5562]
[  -90 -5562]
[  -90 -5562]
[  -90 -5562]
[  -90 -5562]
[  270 -5518]
[  270 -5518]
[  630 -5474]
[  630 -5474]
[  630 -5474]
[  630 -5474]
[  832 -5632]
[  832 -5632]
[  832 -5632]
[  832 -5632]
[  832 -5632]
[  832 -5632]
[  832 -5632]
[  990 -5430]
[-2046 19410]
[  990 -5430]
[128 128]
[128 128]
[  112 -5720]
[ -1418 -30570]
[  -926 -31606]
[128 128]
[  630 -5474]
[-2828 21324]
[-2318 18646]
[  832 -5632]
[  832 -5632]
[  832 -5632]
[  832 -5632]
[  630 -5474]
[  832 -5632]
[  630 -5474]
[  630 -5474]
[  428 -5316]
[  270 -5518]
[  -90 -5562]
[  270 -5518]
[ -922 19182]
[  270 -5518]
[  428 -5316]
[  472 -5676]
[  270 -5518]
[  -90 -5562]
[  -970 -31246]
[  -508 -18584]
[  -90 -5562]
[  112 -5720]
[  -90 -5562]
[ -450 -5606]
[-1654 30918]
[ -810 -5650]
[ -5202 -32494]
[ -3010 -20534]
[128 128]
[  112 -5720]
[  226 -5158]
[128 128]
[  9942 -21874]
[-4076 25556]
[-2424 21008]
[  832 -5632]
[  832 -5632]
[  832 -5632]
[  832 -5632]
[  832 -5632]
[-3524 30008]
[  832 -5632]
[128 128]
[128 128]
[-1528 19656]
[-3128 26768]
[  832 -5632]
[  832 -5632]
[  832 -5632]
[  832 -5632]
[  832 -5632]
[  832 -5632]
[128 128]
[128 128]
[128 128]
[128 128]
[  832 -5632]
[  832 -5632]
[-2864 24608]
[-2652 19884]
[128 128]
[128 128]
[  270 -5518]
[  -90 -5562]
[   68 -5360]
[  -90 -5562]
[  -90 -5562]
[  -90 -5562]
[  -90 -5562]
[  -90 -5562]
[  -90 -5562]
[  -90 -5562]
[  -90 -5562]
[  -90 -5562]
[  -90 -5562]
[  -90 -5562]
[  -90 -5562]
[  -90 -5562]
[  -90 -5562]
[  -90 -5562]
[  -90 -5562]
[  -90 -5562]
[  -90 -5562]
[  -90 -5562]
[  -90 -5562]
[  -90 -5562]
[  -90 -5562]
[  -90 -5562]
[ -116 26040]
[  428 -5316]
[128 128]
[ -1198 -32370]
[ -668 21588]
[ -176 20552]
[  270 -5518]
[  -90 -5562]
[  -90 -5562]
[  -90 -5562]
[  -90 -5562]
[  -90 -5562]
[  -90 -5562]
[  -90 -5562]
[  -90 -5562]
[   68 -5360]
[  270 -5518]
[  630 -5474]
[  630 -5474]
[  630 -5474]
[  630 -5474]
[  832 -5632]
[  832 -5632]
[  832 -5632]
[  832 -5632]
[  832 -5632]
[  832 -5632]
[  832 -5632]
[  630 -5474]
[  832 -5632]
[  630 -5474]
[ -948 17900]
[-1098 20622]
[-1776 27664]
[-1424 24784]
[-1326 19498]
[-1308 17856]
[  630 -5474]
[  832 -5632]
[  832 -5632]
[  832 -5632]
[  990 -5430]
[  832 -5632]
[  990 -5430]
[  832 -5632]
[  832 -5632]
[  630 -5474]
[-2222 20850]
[  270 -5518]
[  -90 -5562]
[  -90 -5562]
[ -292 -5404]
[ -4028 -22668]
[128 128]
[128 128]
[  7784 -29628]
[128 128]
[128 128]
[128 128]
[-1100 28112]
[128 128]
[ -194 22194]
[ -422 21070]
[  -90 -5562]
[  -90 -5562]
[  -90 -5562]
[ -450 -5606]
[  -90 -5562]
[ -168 23476]
[128 128]
[  270 -5518]
[128 128]
[  1926 -25046]
[-4718 29314]
[-2292 19928]
[  832 -5632]
[  832 -5632]
[  832 -5632]
[  832 -5632]
[  832 -5632]
[ -3920 -32288]
[  788 -5272]
[128 128]
[  2346 -19514]
[-3120 29692]
[-2072 18128]
[  832 -5632]
[  832 -5632]
[  832 -5632]
[  832 -5632]
[  832 -5632]
[  832 -5632]
[128 128]
[128 128]
[128 128]
[128 128]
[  832 -5632]
[  832 -5632]
[  832 -5632]
[-3146 28410]
[  630 -5474]
[128 128]
[ -292 -5404]
[   68 -5360]
[   68 -5360]
[  -90 -5562]
[  -90 -5562]
[  -90 -5562]
[  -90 -5562]
[  -90 -5562]
[  -90 -5562]
[  -90 -5562]
[  -90 -5562]
[  -90 -5562]
[  -90 -5562]
[  -90 -5562]
[  -90 -5562]
[  -90 -5562]
[  -90 -5562]
[  -90 -5562]
[  -90 -5562]
[  -90 -5562]
[  -90 -5562]
[  -90 -5562]
[  -90 -5562]
[  -90 -5562]
[  -90 -5562]
[  -90 -5562]
[ -114 18550]
[ -272 18348]
[    54 -18698]
[128 128]
[  270 -5518]
[ -256 24196]
[  270 -5518]
[  -90 -5562]
[  -90 -5562]
[  -90 -5562]
[  -90 -5562]
[  -90 -5562]
[  -90 -5562]
[  -90 -5562]
[  -90 -5562]
[  112 -5720]
[  270 -5518]
[  630 -5474]
[  630 -5474]
[  630 -5474]
[  832 -5632]
[  832 -5632]
[  832 -5632]
[  832 -5632]
[  832 -5632]
[  832 -5632]
[  832 -5632]
[  832 -5632]
[  832 -5632]
[  832 -5632]
[  630 -5474]
[  832 -5632]
[  630 -5474]
[  832 -5632]
[  630 -5474]
[  832 -5632]
[  630 -5474]
[  832 -5632]
[  832 -5632]
[  990 -5430]
[  990 -5430]
[ 1148 -5228]
[-2968 19480]
[-4128 22992]
[-3512 17952]
[ 1148 -5228]
[ 1148 -5228]
[  990 -5430]
[  1854 -18478]
[  998 30146]
[128 128]
[ -1428 -26004]
[128 128]
[  472 -5676]
[-2722 18962]
[128 128]
[-3128 26768]
[128 128]
[128 128]
[  630 -5474]
[-1654 31150]
[  270 -5518]
[  -90 -5562]
[   68 -5360]
[  -90 -5562]
[   68 -5360]
[  112 -5720]
[  270 -5518]
[-1600 26224]
[  630 -5474]
[128 128]
[128 128]
[  630 -5474]
[-2618 24090]
[  832 -5632]
[  832 -5632]
[  832 -5632]
[  832 -5632]
[  832 -5632]
[-3216 27488]
[-1642 19094]
[128 128]
[128 128]
[  990 -5430]
[-3524 30008]
[  832 -5632]
[  832 -5632]
[  832 -5632]
[  832 -5632]
[  832 -5632]
[  832 -5632]
[  832 -5632]
[128 128]
[128 128]
[128 128]
[128 128]
[  832 -5632]
[  832 -5632]
[  832 -5632]
[-2688 23168]
[-1668 17812]
[128 128]
[128 128]
[  270 -5518]
[   68 -5360]
[  -90 -5562]
[  -90 -5562]
[  -90 -5562]
[  -90 -5562]
[  -90 -5562]
[  -90 -5562]
[  -90 -5562]
[  -90 -5562]
[  -90 -5562]
[  -90 -5562]
[  -90 -5562]
[  -90 -5562]
[  -90 -5562]
[  -90 -5562]
[  -90 -5562]
[  -90 -5562]
[  -90 -5562]
[  -90 -5562]
[  -90 -5562]
[  -90 -5562]
[  -90 -5562]
[  -90 -5562]
[  -90 -5562]
[   68 -5360]
[  -54 24038]
[  -90 -5562]
[128 128]
[128 128]
[  630 -5474]
[ -308 21632]
[  -90 -5562]
[  -90 -5562]
[  -90 -5562]
[  -90 -5562]
[  -90 -5562]
[  -90 -5562]
[  -90 -5562]
[  -90 -5562]
[  -90 -5562]
[  112 -5720]
[  270 -5518]
[  428 -5316]
[  630 -5474]
[  630 -5474]
[  832 -5632]
[  832 -5632]
[  832 -5632]
[  832 -5632]
[  832 -5632]
[  832 -5632]
[  990 -5430]
[  832 -5632]
[  990 -5430]
[  832 -5632]
[  990 -5430]
[  832 -5632]
[  832 -5632]
[  630 -5474]
[-1598 18734]
[-1142 20982]
[-1002 22826]
[-1150 18058]
[  630 -5474]
[  630 -5474]
[  3092 -18144]
[ 1192 -5588]
[128 128]
[10270 32010]
[128 128]
[128 128]
[128 128]
[ 6538 32650]
[  990 -5430]
[  630 -5474]
[  472 -5676]
[-1326 19498]
[-1466 17654]
[-1844 19252]
[-2732 23528]
[-3128 26768]
[  788 -5272]
[  2900 -22552]
[128 128]
[  -402 -20946]
[   68 -5360]
[  -90 -5562]
[ -292 -5404]
[  342 20798]
[  606 18638]
[  122 22598]
[  -90 -5562]
[  112 -5720]
[128 128]
[128 128]
[  788 -5272]
[-3066 24766]
[  832 -5632]
[  832 -5632]
[  832 -5632]
[  832 -5632]
[  832 -5632]
[  832 -5632]
[128 128]
[  630 -5474]
[128 128]
[  2338 -22438]
[-4710 32238]
[-2204 19208]
[  832 -5632]
[  832 -5632]
[  832 -5632]
[  832 -5632]
[  832 -5632]
[  832 -5632]
[  832 -5632]
[128 128]
[128 128]
[128 128]
[128 128]
[  832 -5632]
[  832 -5632]
[  832 -5632]
[  832 -5632]
[-2162 26338]
[  1696 -18680]
[128 128]
[  428 -5316]
[ -132 20192]
[  -90 -5562]
[  -90 -5562]
[  -90 -5562]
[  -90 -5562]
[  -90 -5562]
[  -90 -5562]
[  -90 -5562]
[  -90 -5562]
[  -90 -5562]
[  -90 -5562]
[  -90 -5562]
[  -90 -5562]
[  -90 -5562]
[  -90 -5562]
[  -90 -5562]
[  -90 -5562]
[  -90 -5562]
[  -90 -5562]
[  -90 -5562]
[  -90 -5562]
[  -90 -5562]
[  -90 -5562]
[  -90 -5562]
[  -90 -5562]
[  -90 -5562]
[  886 22326]
[  -796 -25196]
[128 128]
[  270 -5518]
[   24 27884]
[  -90 -5562]
[  -90 -5562]
[  -90 -5562]
[  -90 -5562]
[  -90 -5562]
[  -90 -5562]
[  -90 -5562]
[  -90 -5562]
[  -90 -5562]
[ -292 -5404]
[   68 -5360]
[  270 -5518]
[  630 -5474]
[  630 -5474]
[  832 -5632]
[  630 -5474]
[  832 -5632]
[  832 -5632]
[  832 -5632]
[  832 -5632]
[  990 -5430]
[  990 -5430]
[  990 -5430]
[  990 -5430]
[ 1350 -5386]
[ 1350 -5386]
[ 1192 -5588]
[  788 -5272]
[  2250 -21718]
[128 128]
[128 128]
[128 128]
[128 128]
[128 128]
[  1980 -29972]
[  428 -5316]
[  832 -5632]
[ 1148 -5228]
[ 1148 -5228]
[ 1148 -5228]
[-3398 18514]
[-3170 19638]
[  990 -5430]
[  990 -5430]
[  832 -5632]
[  832 -5632]
[  832 -5632]
[  630 -5474]
[  832 -5632]
[  832 -5632]
[  630 -5474]
[  990 -5430]
[  832 -5632]
[  630 -5474]
[  112 -5720]
[128 128]
[128 128]
[ -4070 -29798]
[ -1008 -20472]
[ -5036 -29368]
[128 128]
[128 128]
[  630 -5474]
[  788 -5272]
[-1958 18690]
[  832 -5632]
[  832 -5632]
[  832 -5632]
[  832 -5632]
[  832 -5632]
[  832 -5632]
[-3392 28928]
[  832 -5632]
[128 128]
[128 128]
[  630 -5474]
[-3392 28928]
[  990 -5430]
[  832 -5632]
[  832 -5632]
[  832 -5632]
[  832 -5632]
[  832 -5632]
[  832 -5632]
[  832 -5632]
[128 128]
[128 128]
[128 128]
[128 128]
[  832 -5632]
[  832 -5632]
[  832 -5632]
[  630 -5474]
[-3058 27690]
[  990 -5430]
[128 128]
[  428 -5316]
[  -44 19472]
[  -90 -5562]
[  -90 -5562]
[  -90 -5562]
[  -90 -5562]
[  -90 -5562]
[  -90 -5562]
[  -90 -5562]
[  -90 -5562]
[  -90 -5562]
[  -90 -5562]
[  -90 -5562]
[  -90 -5562]
[  -90 -5562]
[  -90 -5562]
[  -90 -5562]
[  -90 -5562]
[  -90 -5562]
[  -90 -5562]
[  -90 -5562]
[  -90 -5562]
[  -90 -5562]
[  -90 -5562]
[  -90 -5562]
[  -90 -5562]
[  -90 -5562]
[ -336 27840]
[  270 -5518]
[128 128]
[   -84 -28032]
[ -598 22510]
[ -220 20912]
[  270 -5518]
[  270 -5518]
[  270 -5518]
[  270 -5518]
[  270 -5518]
[  -90 -5562]
[   68 -5360]
[  112 -5720]
[  270 -5518]
[  270 -5518]
[  270 -5518]
[  472 -5676]
[  472 -5676]
[  630 -5474]
[ -834 18462]
[  270 -5518]
[  270 -5518]
[  270 -5518]
[  270 -5518]
[  630 -5474]
[  832 -5632]
[  990 -5430]
[  3970 -17854]
[ 11356 -22980]
[  7440 -23824]
[128 128]
[ 8602 30710]
[  5790 -26766]
[  832 -5632]
[  630 -5474]
[  472 -5676]
[  630 -5474]
[-1212 20060]
[-1238 18778]
[-1106 17698]
[  630 -5474]
[  630 -5474]
[  832 -5632]
[  832 -5632]
[  832 -5632]
[  832 -5632]
[  990 -5430]
[  832 -5632]
[  990 -5430]
[  832 -5632]
[  832 -5632]
[  832 -5632]
[  832 -5632]
[  832 -5632]
[  832 -5632]
[  832 -5632]
[  630 -5474]
[  630 -5474]
[  630 -5474]
[ -948 17900]
[  428 -5316]
[  428 -5316]
[  788 -5272]
[  472 -5676]
[  428 -5316]
[  630 -5474]
[  630 -5474]
[  832 -5632]
[  832 -5632]
[  832 -5632]
[  832 -5632]
[  832 -5632]
[  832 -5632]
[  990 -5430]
[-2688 23168]
[-2582 20806]
[  2312 -23720]
[128 128]
[  990 -5430]
[-3954 29042]
[  832 -5632]
[  832 -5632]
[  832 -5632]
[  832 -5632]
[  832 -5632]
[  832 -5632]
[  832 -5632]
[  832 -5632]
[  832 -5632]
[128 128]
[128 128]
[128 128]
[128 128]
[  832 -5632]
[  832 -5632]
[  832 -5632]
[  832 -5632]
[-2864 24608]
[  990 -5430]
[128 128]
[  472 -5676]
[  112 -5720]
[  -90 -5562]
[  -90 -5562]
[  -90 -5562]
[  -90 -5562]
[  -90 -5562]
[  -90 -5562]
[  -90 -5562]
[  -90 -5562]
[  -90 -5562]
[  -90 -5562]
[  -90 -5562]
[  -90 -5562]
[  -90 -5562]
[  -90 -5562]
[  -90 -5562]
[  -90 -5562]
[  -90 -5562]
[  -90 -5562]
[  -90 -5562]
[  -90 -5562]
[  -90 -5562]
[  -90 -5562]
[  -90 -5562]
[  -90 -5562]
[  -90 -5562]
[ -124 23116]
[ -378 20710]
[   318 -20858]
[128 128]
[  472 -5676]
[-1610 30790]
[-1872 25460]
[-1036 18620]
[-1274 22062]
[ -790 18102]
[ -694 20306]
[  270 -5518]
[  270 -5518]
[  428 -5316]
[-1554 18374]
[  630 -5474]
[  788 -5272]
[  832 -5632]
[  428 -5316]
[  472 -5676]
[  -674 -21710]
[  -172 -27312]
[128 128]
[128 128]
[128 128]
[   670 -23738]
[  270 -5518]
[  630 -5474]
[  788 -5272]
[ 1192 -5588]
[ 1148 -5228]
[ 1350 -5386]
[ 1148 -5228]
[ 1148 -5228]
[-2344 17364]
[  990 -5430]
[  832 -5632]
[  832 -5632]
[  832 -5632]
[  832 -5632]
[  630 -5474]
[  832 -5632]
[  630 -5474]
[  832 -5632]
[  630 -5474]
[  832 -5632]
[  832 -5632]
[  832 -5632]
[  832 -5632]
[  832 -5632]
[  832 -5632]
[  832 -5632]
[  832 -5632]
[  832 -5632]
[  832 -5632]
[  832 -5632]
[  832 -5632]
[  832 -5632]
[  630 -5474]
[  832 -5632]
[  630 -5474]
[  990 -5430]
[  990 -5430]
[  990 -5430]
[  832 -5632]
[  832 -5632]
[  832 -5632]
[  832 -5632]
[  832 -5632]
[  832 -5632]
[  832 -5632]
[  832 -5632]
[  832 -5632]
[  832 -5632]
[-2820 24248]
[  832 -5632]
[  2506 -26802]
[128 128]
[  630 -5474]
[-2504 24652]
[-2204 19208]
[  832 -5632]
[  832 -5632]
[  832 -5632]
[  832 -5632]
[  832 -5632]
[  832 -5632]
[  832 -5632]
[  832 -5632]
[  832 -5632]
[128 128]
[128 128]
[128 128]
[128 128]
[  832 -5632]
[  832 -5632]
[  832 -5632]
[  630 -5474]
[-2292 19928]
[  990 -5430]
[128 128]
[   660 -19172]
[  270 -5518]
[  112 -5720]
[  270 -5518]
[  -90 -5562]
[  -90 -5562]
[  -90 -5562]
[  -90 -5562]
[  -90 -5562]
[  -90 -5562]
[  -90 -5562]
[  -90 -5562]
[  -90 -5562]
[  -90 -5562]
[  -90 -5562]
[  -90 -5562]
[  -90 -5562]
[  -90 -5562]
[  -90 -5562]
[  -90 -5562]
[  -90 -5562]
[  -90 -5562]
[  -90 -5562]
[  -90 -5562]
[  -90 -5562]
[  -90 -5562]
[  -90 -5562]
[   68 -5360]
[ -932 23748]
[  -90 -5562]
[128 128]
[128 128]
[  630 -5474]
[  270 -5518]
[ -696 -5088]
[  -90 -5562]
[ -1912 -22044]
[128 128]
[128 128]
[128 128]
[ -1278 -28726]
[  3656 -25748]
[128 128]
[  6906 -29918]
[  9548 -26124]
[  990 -5430]
[  990 -5430]
[  630 -5474]
[  428 -5316]
[  472 -5676]
[  270 -5518]
[  270 -5518]
[  428 -5316]
[  428 -5316]
[  630 -5474]
[  630 -5474]
[  832 -5632]
[  832 -5632]
[  832 -5632]
[  832 -5632]
[  990 -5430]
[  832 -5632]
[  990 -5430]
[  832 -5632]
[  990 -5430]
[  832 -5632]
[  832 -5632]
[  832 -5632]
[  832 -5632]
[  832 -5632]
[  832 -5632]
[  832 -5632]
[  832 -5632]
[  832 -5632]
[  832 -5632]
[  832 -5632]
[  832 -5632]
[  832 -5632]
[  832 -5632]
[  832 -5632]
[  832 -5632]
[  832 -5632]
[  832 -5632]
[  832 -5632]
[  832 -5632]
[  832 -5632]
[  832 -5632]
[  832 -5632]
[  832 -5632]
[  832 -5632]
[  990 -5430]
[  832 -5632]
[  990 -5430]
[  832 -5632]
[  832 -5632]
[  832 -5632]
[  832 -5632]
[  832 -5632]
[  832 -5632]
[  832 -5632]
[-2794 25530]
[  832 -5632]
[  2304 -26644]
[128 128]
[  832 -5632]
[-3848 26680]
[-2028 17768]
[  832 -5632]
[  832 -5632]
[  832 -5632]
[  832 -5632]
[  832 -5632]
[  832 -5632]
[  832 -5632]
[  832 -5632]
[  832 -5632]
[  832 -5632]
[128 128]
[128 128]
[128 128]
[128 128]
[  832 -5632]
[  832 -5632]
[  832 -5632]
[  832 -5632]
[  990 -5430]
[  832 -5632]
[  630 -5474]
[128 128]
[  270 -5518]
[  270 -5518]
[  270 -5518]
[   68 -5360]
[   68 -5360]
[   68 -5360]
[  -90 -5562]
[  -90 -5562]
[  -90 -5562]
[  -90 -5562]
[  -90 -5562]
[  -90 -5562]
[  -90 -5562]
[  -90 -5562]
[  -90 -5562]
[  -90 -5562]
[  -90 -5562]
[  -90 -5562]
[  -90 -5562]
[  -90 -5562]
[  -90 -5562]
[  -90 -5562]
[  -90 -5562]
[  -90 -5562]
[  -90 -5562]
[  -90 -5562]
[   68 -5360]
[  -90 -5562]
[ -450 -5606]
[  -622 -19146]
[  3622 -29954]
[-1442 26194]
[ -292 -5404]
[   68 -5360]
[ -1076 -28884]
[   142 -19418]
[ -292 -5404]
[  112 -5720]
[  270 -5518]
[  630 -5474]
[  990 -5430]
[  990 -5430]
[ 1148 -5228]
[-2950 17838]
[  990 -5430]
[  990 -5430]
[  990 -5430]
[  990 -5430]
[  832 -5632]
[  832 -5632]
[  630 -5474]
[  832 -5632]
[  630 -5474]
[  832 -5632]
[  630 -5474]
[  832 -5632]
[  832 -5632]
[  832 -5632]
[  832 -5632]
[  832 -5632]
[  832 -5632]
[  832 -5632]
[  832 -5632]
[  832 -5632]
[  832 -5632]
[  832 -5632]
[  832 -5632]
[  832 -5632]
[  832 -5632]
[  832 -5632]
[  832 -5632]
[  832 -5632]
[  832 -5632]
[  832 -5632]
[  832 -5632]
[  832 -5632]
[  832 -5632]
[  832 -5632]
[  832 -5632]
[  832 -5632]
[  832 -5632]
[  832 -5632]
[  832 -5632]
[  832 -5632]
[  832 -5632]
[  832 -5632]
[  832 -5632]
[  832 -5632]
[  832 -5632]
[  832 -5632]
[  832 -5632]
[  832 -5632]
[  832 -5632]
[  832 -5632]
[  630 -5474]
[  832 -5632]
[  832 -5632]
[-2160 18848]
[-3328 19436]
[  990 -5430]
[  2216 -25924]
[128 128]
[  630 -5474]
[-2636 25732]
[-2072 18128]
[  832 -5632]
[  832 -5632]
[  832 -5632]
[  832 -5632]
[  832 -5632]
[  832 -5632]
[  832 -5632]
[  832 -5632]
[  832 -5632]
[  832 -5632]
[  832 -5632]
[128 128]
[128 128]
[128 128]
[128 128]
[  832 -5632]
[  832 -5632]
[  832 -5632]
[  832 -5632]
[  832 -5632]
[  832 -5632]
[  832 -5632]
[  2436 -27724]
[128 128]
[  428 -5316]
[ -544 17584]
[   68 -5360]
[   68 -5360]
[  -90 -5562]
[  -90 -5562]
[  -90 -5562]
[  -90 -5562]
[  -90 -5562]
[  -90 -5562]
[  -90 -5562]
[  -90 -5562]
[  -90 -5562]
[  -90 -5562]
[  -90 -5562]
[  -90 -5562]
[  -90 -5562]
[  -90 -5562]
[  -90 -5562]
[  -90 -5562]
[  -90 -5562]
[  -90 -5562]
[  -90 -5562]
[  -90 -5562]
[  -90 -5562]
[  -90 -5562]
[  -90 -5562]
[ -836 25952]
[ -678 26154]
[ -3368 -28068]
[128 128]
[  472 -5676]
[128 128]
[-1706 28586]
[-1344 21140]
[-1274 22062]
[-1352 18216]
[  630 -5474]
[  630 -5474]
[  630 -5474]
[  832 -5632]
[  832 -5632]
[  990 -5430]
[  832 -5632]
[  990 -5430]
[  832 -5632]
[  990 -5430]
[  832 -5632]
[  832 -5632]
[  832 -5632]
[  832 -5632]
[  832 -5632]
[  832 -5632]
[  832 -5632]
[  832 -5632]
[  832 -5632]
[  832 -5632]
[  832 -5632]
[  832 -5632]
[  832 -5632]
[  832 -5632]
[  832 -5632]
[  832 -5632]
[  832 -5632]
[  832 -5632]
[  832 -5632]
[  832 -5632]
[  832 -5632]
[  832 -5632]
[  832 -5632]
[  832 -5632]
[  832 -5632]
[  832 -5632]
[  832 -5632]
[  832 -5632]
[  832 -5632]
[  832 -5632]
[  832 -5632]
[  832 -5632]
[  832 -5632]
[  832 -5632]
[  832 -5632]
[  832 -5632]
[  832 -5632]
[  832 -5632]
[  832 -5632]
[  832 -5632]
[  832 -5632]
[  990 -5430]
[  832 -5632]
[  990 -5430]
[  832 -5632]
[  832 -5632]
[  630 -5474]
[  428 -5316]
[  630 -5474]
[  630 -5474]
[ 3632 31016]
[128 128]
[  3402 -28154]
[  630 -5474]
[  832 -5632]
[  832 -5632]
[  832 -5632]
[  832 -5632]
[  832 -5632]
[  832 -5632]
[  832 -5632]
[  832 -5632]
[  832 -5632]
[  832 -5632]
[  832 -5632]
[  832 -5632]
[  832 -5632]
[  832 -5632]
[128 128]
[128 128]
[128 128]
[128 128]
[  832 -5632]
[  832 -5632]
[  832 -5632]
[  832 -5632]
[  832 -5632]
[  832 -5632]
[-2600 22448]
[  832 -5632]
[128 128]
[  1452 -25652]
[   68 -5360]
[   68 -5360]
[   68 -5360]
[  -90 -5562]
[  -90 -5562]
[  -90 -5562]
[  -90 -5562]
[  -90 -5562]
[  -90 -5562]
[  -90 -5562]
[  -90 -5562]
[  -90 -5562]
[  -90 -5562]
[  -90 -5562]
[  -90 -5562]
[  -90 -5562]
[  -90 -5562]
[  -90 -5562]
[  -90 -5562]
[  -90 -5562]
[  -90 -5562]
[  -90 -5562]
[  -90 -5562]
[  -90 -5562]
[  -90 -5562]
[  -90 -5562]
[  112 -5720]
[ -248 27120]
[  270 -5518]
[128 128]
[  1854 -18478]
[-3094 30974]
[-3524 30008]
[  832 -5632]
[  630 -5474]
[  832 -5632]
[  630 -5474]
[  832 -5632]
[  630 -5474]
[  832 -5632]
[  832 -5632]
[  832 -5632]
[  832 -5632]
[  832 -5632]
[  832 -5632]
[  832 -5632]
[  832 -5632]
[  832 -5632]
[  832 -5632]
[  832 -5632]
[  832 -5632]
[  832 -5632]
[  832 -5632]
[  832 -5632]
[  832 -5632]
[  832 -5632]
[  832 -5632]
[  832 -5632]
[  832 -5632]
[  832 -5632]
[  832 -5632]
[  832 -5632]
[  832 -5632]
[  832 -5632]
[  832 -5632]
[  832 -5632]
[  832 -5632]
[  832 -5632]
[  832 -5632]
[  832 -5632]
[  832 -5632]
[  832 -5632]
[  832 -5632]
[  832 -5632]
[  832 -5632]
[  832 -5632]
[  832 -5632]
[  832 -5632]
[  832 -5632]
[  832 -5632]
[  832 -5632]
[  832 -5632]
[  832 -5632]
[  832 -5632]
[  630 -5474]
[  832 -5632]
[  832 -5632]
[  832 -5632]
[  832 -5632]
[  832 -5632]
[-2784 20964]
[  832 -5632]
[  788 -5272]
[  2418 -26082]
[128 128]
[128 128]
[  788 -5272]
[  990 -5430]
[-2950 17838]
[  832 -5632]
[  832 -5632]
[  832 -5632]
[  832 -5632]
[  832 -5632]
[  832 -5632]
[  832 -5632]
[  832 -5632]
[  832 -5632]
[  832 -5632]
[  832 -5632]
[  832 -5632]
[  832 -5632]
[  832 -5632]
[  832 -5632]
[128 128]
[128 128]
[128 128]
[128 128]
[  832 -5632]
[  832 -5632]
[  832 -5632]
[  832 -5632]
[  832 -5632]
[  832 -5632]
[  832 -5632]
[-3110 25126]
[  472 -5676]
[128 128]
[  112 -5720]
[ -228 17988]
[   68 -5360]
[  -90 -5562]
[  -90 -5562]
[  -90 -5562]
[  -90 -5562]
[  -90 -5562]
[  -90 -5562]
[  -90 -5562]
[  -90 -5562]
[  -90 -5562]
[  -90 -5562]
[  -90 -5562]
[  -90 -5562]
[  -90 -5562]
[  -90 -5562]
[  -90 -5562]
[  -90 -5562]
[  -90 -5562]
[  -90 -5562]
[  -90 -5562]
[  -90 -5562]
[  -90 -5562]
[  -90 -5562]
[  -90 -5562]
[   68 -5360]
[  -36 22396]
[ -712 21948]
[128 128]
[128 128]
[  832 -5632]
[ -4166 -31770]
[  630 -5474]
[  832 -5632]
[  832 -5632]
[  832 -5632]
[  832 -5632]
[  832 -5632]
[  832 -5632]
[  832 -5632]
[  832 -5632]
[  832 -5632]
[  832 -5632]
[  832 -5632]
[  832 -5632]
[  832 -5632]
[  832 -5632]
[  832 -5632]
[  832 -5632]
[  832 -5632]
[  832 -5632]
[  832 -5632]
[  832 -5632]
[  832 -5632]
[  832 -5632]
[  832 -5632]
[  832 -5632]
[  832 -5632]
[  832 -5632]
[  832 -5632]
[  832 -5632]
[  832 -5632]
[  832 -5632]
[  832 -5632]
[  832 -5632]
[  832 -5632]
[  832 -5632]
[  832 -5632]
[  832 -5632]
[  832 -5632]
[  832 -5632]
[  832 -5632]
[  832 -5632]
[  832 -5632]
[  832 -5632]
[  832 -5632]
[  832 -5632]
[  832 -5632]
[  832 -5632]
[  832 -5632]
[  832 -5632]
[  630 -5474]
[  428 -5316]
[  630 -5474]
[  270 -5518]
[  270 -5518]
[  270 -5518]
[  472 -5676]
[  428 -5316]
[  630 -5474]
[128 128]
[  3148 -30560]
[  788 -5272]
[  630 -5474]
[  270 -5518]
[-1668 17812]
[  832 -5632]
[  990 -5430]
[  990 -5430]
[  832 -5632]
[  832 -5632]
[  832 -5632]
[  832 -5632]
[  832 -5632]
[  832 -5632]
[  832 -5632]
[  832 -5632]
[  832 -5632]
[  832 -5632]
[  832 -5632]
[  832 -5632]
[  832 -5632]
[  832 -5632]
[128 128]
[128 128]
[128 128]
[128 128]
[  832 -5632]
[  832 -5632]
[  832 -5632]
[  832 -5632]
[  832 -5632]
[  832 -5632]
[  832 -5632]
[-2468 21368]
[-1352 18216]
[ 3500 32096]
[128 128]
[  270 -5518]
[  -26 17830]
[  -90 -5562]
[  -90 -5562]
[  -90 -5562]
[  -90 -5562]
[  -90 -5562]
[  -90 -5562]
[  -90 -5562]
[  -90 -5562]
[  -90 -5562]
[  -90 -5562]
[  -90 -5562]
[  -90 -5562]
[  -90 -5562]
[  -90 -5562]
[  -90 -5562]
[  -90 -5562]
[  -90 -5562]
[  -90 -5562]
[  -90 -5562]
[  -90 -5562]
[  -90 -5562]
[  -90 -5562]
[  -90 -5562]
[  -90 -5562]
[  246 18594]
[  568 29412]
[   732 -25740]
[128 128]
[  990 -5430]
[128 128]
[  832 -5632]
[  832 -5632]
[  832 -5632]
[  832 -5632]
[  832 -5632]
[  832 -5632]
[  832 -5632]
[  832 -5632]
[  832 -5632]
[  832 -5632]
[  832 -5632]
[  832 -5632]
[  832 -5632]
[  832 -5632]
[  832 -5632]
[  832 -5632]
[  832 -5632]
[  832 -5632]
[  832 -5632]
[  832 -5632]
[  832 -5632]
[  832 -5632]
[  832 -5632]
[  832 -5632]
[  832 -5632]
[  832 -5632]
[  832 -5632]
[  832 -5632]
[  832 -5632]
[  832 -5632]
[  832 -5632]
[  832 -5632]
[  832 -5632]
[  832 -5632]
[  832 -5632]
[  832 -5632]
[  832 -5632]
[  832 -5632]
[  832 -5632]
[  832 -5632]
[  832 -5632]
[  832 -5632]
[  832 -5632]
[  832 -5632]
[  832 -5632]
[  832 -5632]
[  832 -5632]
[  990 -5430]
[-2072 18128]
[  270 -5518]
[  -610 -31202]
[128 128]
[128 128]
[128 128]
[128 128]
[128 128]
[128 128]
[128 128]
[  832 -5632]
[-2748 17680]
[-2230 17926]
[  832 -5632]
[  832 -5632]
[  630 -5474]
[  832 -5632]
[  832 -5632]
[  832 -5632]
[  832 -5632]
[  832 -5632]
[  832 -5632]
[  832 -5632]
[  832 -5632]
[  832 -5632]
[  832 -5632]
[  832 -5632]
[  832 -5632]
[  832 -5632]
[  832 -5632]
[  832 -5632]
[  832 -5632]
[  832 -5632]
[128 128]
[128 128]
[128 128]
[128 128]
[  832 -5632]
[  832 -5632]
[  832 -5632]
[  832 -5632]
[  832 -5632]
[  832 -5632]
[  832 -5632]
[  832 -5632]
[-3374 27286]
[  630 -5474]
[128 128]
[  270 -5518]
[ -202 19270]
[  -90 -5562]
[  -90 -5562]
[  -90 -5562]
[  -90 -5562]
[  -90 -5562]
[  -90 -5562]
[  -90 -5562]
[  -90 -5562]
[  -90 -5562]
[  -90 -5562]
[  -90 -5562]
[  -90 -5562]
[  -90 -5562]
[  -90 -5562]
[  -90 -5562]
[  -90 -5562]
[  -90 -5562]
[  -90 -5562]
[  -90 -5562]
[  -90 -5562]
[  -90 -5562]
[  -90 -5562]
[  -90 -5562]
[   68 -5360]
[ -142 24758]
[ -782 21026]
[128 128]
[128 128]
[  832 -5632]
[-3788 32168]
[  630 -5474]
[  832 -5632]
[  832 -5632]
[  832 -5632]
[  832 -5632]
[  832 -5632]
[  832 -5632]
[  832 -5632]
[  832 -5632]
[  832 -5632]
[  832 -5632]
[  832 -5632]
[  832 -5632]
[  832 -5632]
[  832 -5632]
[  832 -5632]
[  832 -5632]
[  832 -5632]
[  832 -5632]
[  832 -5632]
[  832 -5632]
[  832 -5632]
[  832 -5632]
[  832 -5632]
[  832 -5632]
[  832 -5632]
[  832 -5632]
[  832 -5632]
[  832 -5632]
[  832 -5632]
[  832 -5632]
[  832 -5632]
[  832 -5632]
[  832 -5632]
[  832 -5632]
[  832 -5632]
[  832 -5632]
[  832 -5632]
[  832 -5632]
[  832 -5632]
[  832 -5632]
[  832 -5632]
[  832 -5632]
[  832 -5632]
[  832 -5632]
[  832 -5632]
[  832 -5632]
[  832 -5632]
[-3392 28928]
[  472 -5676]
[128 128]
[128 128]
[-1554 18374]
[ -1962 -31866]
[  270 -5518]
[  270 -5518]
[  270 -5518]
[  630 -5474]
[  630 -5474]
[  832 -5632]
[  832 -5632]
[  832 -5632]
[  832 -5632]
[  832 -5632]
[  832 -5632]
[  832 -5632]
[  832 -5632]
[  832 -5632]
[  832 -5632]
[  832 -5632]
[  832 -5632]
[  832 -5632]
[  832 -5632]
[  832 -5632]
[  832 -5632]
[  832 -5632]
[  832 -5632]
[  832 -5632]
[  832 -5632]
[  832 -5632]
[  832 -5632]
[128 128]
[128 128]
[128 128]
[128 128]
[  832 -5632]
[  832 -5632]
[  832 -5632]
[  832 -5632]
[  832 -5632]
[  832 -5632]
[  832 -5632]
[  832 -5632]
[-2600 22448]
[-1870 17970]
[  3700 -26108]
[128 128]
[  -90 -5562]
[   68 -5360]
[  -90 -5562]
[  -90 -5562]
[  -90 -5562]
[  -90 -5562]
[  -90 -5562]
[  -90 -5562]
[  -90 -5562]
[  -90 -5562]
[  -90 -5562]
[  -90 -5562]
[  -90 -5562]
[  -90 -5562]
[  -90 -5562]
[  -90 -5562]
[  -90 -5562]
[  -90 -5562]
[  -90 -5562]
[  -90 -5562]
[  -90 -5562]
[  -90 -5562]
[  -90 -5562]
[  -90 -5562]
[  270 -5518]
[ -448 19788]
[  472 -5676]
[128 128]
[  832 -5632]
[-2724 26452]
[-2292 19928]
[  832 -5632]
[  832 -5632]
[  832 -5632]
[  832 -5632]
[  832 -5632]
[  832 -5632]
[  832 -5632]
[  832 -5632]
[  832 -5632]
[  832 -5632]
[  832 -5632]
[  832 -5632]
[  832 -5632]
[  832 -5632]
[  832 -5632]
[  832 -5632]
[  832 -5632]
[  832 -5632]
[  832 -5632]
[  832 -5632]
[  832 -5632]
[  832 -5632]
[  832 -5632]
[  832 -5632]
[  832 -5632]
[  832 -5632]
[  832 -5632]
[  832 -5632]
[  832 -5632]
[  832 -5632]
[  832 -5632]
[  832 -5632]
[  832 -5632]
[  832 -5632]
[  832 -5632]
[  832 -5632]
[  832 -5632]
[  832 -5632]
[  832 -5632]
[  832 -5632]
[  832 -5632]
[  832 -5632]
[  832 -5632]
[  832 -5632]
[  832 -5632]
[  832 -5632]
[  832 -5632]
[  832 -5632]
[ -3920 -32288]
[-1036 18620]
[128 128]
[128 128]
[-3990 32326]
[128 128]
[  832 -5632]
[  832 -5632]
[  630 -5474]
[  630 -5474]
[  832 -5632]
[  630 -5474]
[  832 -5632]
[  832 -5632]
[  832 -5632]
[  832 -5632]
[  832 -5632]
[  832 -5632]
[  832 -5632]
[  832 -5632]
[  832 -5632]
[  832 -5632]
[  832 -5632]
[  832 -5632]
[  832 -5632]
[  832 -5632]
[  832 -5632]
[  832 -5632]
[  832 -5632]
[  832 -5632]
[  832 -5632]
[  832 -5632]
[  832 -5632]
[128 128]
[128 128]
[128 128]
[128 128]
[  832 -5632]
[  832 -5632]
[  832 -5632]
[  832 -5632]
[  832 -5632]
[  832 -5632]
[  832 -5632]
[  832 -5632]
[  832 -5632]
[-3470 25082]
[  630 -5474]
[128 128]
[    10 -18338]
[  270 -5518]
[  270 -5518]
[  -90 -5562]
[  -90 -5562]
[  -90 -5562]
[  -90 -5562]
[  -90 -5562]
[  -90 -5562]
[  -90 -5562]
[  -90 -5562]
[  -90 -5562]
[  -90 -5562]
[  -90 -5562]
[  -90 -5562]
[  -90 -5562]
[  -90 -5562]
[  -90 -5562]
[  -90 -5562]
[  -90 -5562]
[  -90 -5562]
[  -90 -5562]
[   68 -5360]
[  112 -5720]
[-1010 19902]
[  270 -5518]
[128 128]
[  832 -5632]
[-3470 25082]
[-2424 21008]
[  832 -5632]
[  832 -5632]
[  832 -5632]
[  832 -5632]
[  832 -5632]
[  832 -5632]
[  832 -5632]
[  832 -5632]
[  832 -5632]
[  832 -5632]
[  832 -5632]
[  832 -5632]
[  832 -5632]
[  832 -5632]
[  832 -5632]
[  832 -5632]
[  832 -5632]
[  832 -5632]
[  832 -5632]
[  832 -5632]
[  832 -5632]
[  832 -5632]
[  832 -5632]
[  832 -5632]
[  832 -5632]
[  832 -5632]
[  832 -5632]
[  832 -5632]
[  832 -5632]
[  832 -5632]
[  832 -5632]
[  832 -5632]
[  832 -5632]
[  832 -5632]
[  832 -5632]
[  832 -5632]
[  832 -5632]
[  832 -5632]
[  832 -5632]
[  832 -5632]
[  832 -5632]
[  832 -5632]
[  832 -5632]
[  832 -5632]
[  832 -5632]
[  832 -5632]
[  832 -5632]
[  832 -5632]
[  832 -5632]
[128 128]
[  472 -5676]
[128 128]
[128 128]
[-4208 26636]
[-3524 30008]
[  832 -5632]
[  832 -5632]
[  832 -5632]
[  832 -5632]
[  832 -5632]
[  832 -5632]
[  832 -5632]
[  832 -5632]
[  832 -5632]
[  832 -5632]
[  832 -5632]
[  832 -5632]
[  832 -5632]
[  832 -5632]
[  832 -5632]
[  832 -5632]
[  832 -5632]
[  832 -5632]
[  832 -5632]
[  832 -5632]
[  832 -5632]
[  832 -5632]
[  832 -5632]
[  832 -5632]
[  832 -5632]
[  832 -5632]
[  832 -5632]
[128 128]
[128 128]
[128 128]
[128 128]
[  832 -5632]
[  832 -5632]
[  832 -5632]
[  832 -5632]
[  832 -5632]
[  832 -5632]
[  832 -5632]
[  832 -5632]
[  832 -5632]
[-2292 19928]
[-1968 23256]
[  2936 -25836]
[128 128]
[  270 -5518]
[ -334 20350]
[  -90 -5562]
[  -90 -5562]
[  -90 -5562]
[  -90 -5562]
[  -90 -5562]
[  -90 -5562]
[  -90 -5562]
[  -90 -5562]
[  -90 -5562]
[  -90 -5562]
[  -90 -5562]
[  -90 -5562]
[  -90 -5562]
[  -90 -5562]
[  -90 -5562]
[  -90 -5562]
[  -90 -5562]
[  -90 -5562]
[  -90 -5562]
[ -404 19428]
[  270 -5518]
[   660 -19172]
[128 128]
[  832 -5632]
[-2038 22334]
[-2292 19928]
[  832 -5632]
[  832 -5632]
[  832 -5632]
[  630 -5474]
[  832 -5632]
[  832 -5632]
[  832 -5632]
[  832 -5632]
[  832 -5632]
[  832 -5632]
[  832 -5632]
[  832 -5632]
[  832 -5632]
[  832 -5632]
[  832 -5632]
[  832 -5632]
[  832 -5632]
[  832 -5632]
[  832 -5632]
[  832 -5632]
[  832 -5632]
[  832 -5632]
[  832 -5632]
[  832 -5632]
[  832 -5632]
[  832 -5632]
[  832 -5632]
[  832 -5632]
[  832 -5632]
[  832 -5632]
[  832 -5632]
[  832 -5632]
[  832 -5632]
[  832 -5632]
[  832 -5632]
[  832 -5632]
[  832 -5632]
[  832 -5632]
[  832 -5632]
[  832 -5632]
[  832 -5632]
[  832 -5632]
[  832 -5632]
[  832 -5632]
[  832 -5632]
[  832 -5632]
[  832 -5632]
[  832 -5632]
[  832 -5632]
[  990 -5430]
[-3480 29648]
[-1300 20780]
[128 128]
[128 128]
[  788 -5272]
[128 128]
[  832 -5632]
[  832 -5632]
[  832 -5632]
[  832 -5632]
[  832 -5632]
[  832 -5632]
[  832 -5632]
[  832 -5632]
[  832 -5632]
[  832 -5632]
[  832 -5632]
[  832 -5632]
[  832 -5632]
[  832 -5632]
[  832 -5632]
[  832 -5632]
[  832 -5632]
[  832 -5632]
[  832 -5632]
[  832 -5632]
[  832 -5632]
[  832 -5632]
[  832 -5632]
[  832 -5632]
[  832 -5632]
[  832 -5632]
[  832 -5632]
[128 128]
[128 128]
[128 128]
[128 128]
[  832 -5632]
[  832 -5632]
[  832 -5632]
[  832 -5632]
[  832 -5632]
[  832 -5632]
[  832 -5632]
[  832 -5632]
[  832 -5632]
[  832 -5632]
[-3506 28366]
[  788 -5272]
[128 128]
[  1416 -22368]
[ -606 19586]
[  -90 -5562]
[  -90 -5562]
[  -90 -5562]
[  -90 -5562]
[  -90 -5562]
[  -90 -5562]
[  -90 -5562]
[  -90 -5562]
[  -90 -5562]
[  -90 -5562]
[  -90 -5562]
[  -90 -5562]
[  -90 -5562]
[  -90 -5562]
[  -90 -5562]
[  270 -5518]
[  112 -5720]
[ -316 18708]
[  -90 -5562]
[  270 -5518]
[128 128]
[128 128]
[  832 -5632]
[-3206 22922]
[-2028 17768]
[  832 -5632]
[  832 -5632]
[  630 -5474]
[  630 -5474]
[  630 -5474]
[  832 -5632]
[  630 -5474]
[  832 -5632]
[  832 -5632]
[  832 -5632]
[  832 -5632]
[  832 -5632]
[  832 -5632]
[  832 -5632]
[  832 -5632]
[  832 -5632]
[  832 -5632]
[  832 -5632]
[  832 -5632]
[  832 -5632]
[  832 -5632]
[  832 -5632]
[  832 -5632]
[  832 -5632]
[  832 -5632]
[  832 -5632]
[  832 -5632]
[  832 -5632]
[  832 -5632]
[  832 -5632]
[  832 -5632]
[  832 -5632]
[  832 -5632]
[  832 -5632]
[  832 -5632]
[  832 -5632]
[  832 -5632]
[  832 -5632]
[  832 -5632]
[  832 -5632]
[  832 -5632]
[  832 -5632]
[  832 -5632]
[  832 -5632]
[  832 -5632]
[  832 -5632]
[  832 -5632]
[  832 -5632]
[  832 -5632]
[  832 -5632]
[  832 -5632]
[-2028 17768]
[-3480 29648]
[  990 -5430]
[128 128]
[   168 -18136]
[-1494 23862]
[-1310 25346]
[  832 -5632]
[  832 -5632]
[  832 -5632]
[  832 -5632]
[  832 -5632]
[  832 -5632]
[  832 -5632]
[  832 -5632]
[  832 -5632]
[  832 -5632]
[  832 -5632]
[  832 -5632]
[  832 -5632]
[  832 -5632]
[  832 -5632]
[  832 -5632]
[  832 -5632]
[  832 -5632]
[  832 -5632]
[  832 -5632]
[  832 -5632]
[  832 -5632]
[  832 -5632]
[  832 -5632]
[  832 -5632]
[  832 -5632]
[128 128]
[128 128]
[128 128]
[128 128]
[  832 -5632]
[  832 -5632]
[  832 -5632]
[  832 -5632]
[  832 -5632]
[  832 -5632]
[  832 -5632]
[  832 -5632]
[  832 -5632]
[  832 -5632]
[-2688 23168]
[-2442 22650]
[  2926 -21270]
[128 128]
[   68 -5360]
[  492 18076]
[  -90 -5562]
[  -90 -5562]
[  -90 -5562]
[  -90 -5562]
[  -90 -5562]
[  -90 -5562]
[  -90 -5562]
[  -90 -5562]
[ -292 -5404]
[ -292 -5404]
[ -292 -5404]
[  -90 -5562]
[  -90 -5562]
[   68 -5360]
[  428 -5316]
[  472 -5676]
[  630 -5474]
[  270 -5518]
[128 128]
[  788 -5272]
[-3004 22764]
[-2530 23370]
[  832 -5632]
[  832 -5632]
[  832 -5632]
[  630 -5474]
[  630 -5474]
[  428 -5316]
[  630 -5474]
[  630 -5474]
[  630 -5474]
[  630 -5474]
[  832 -5632]
[  832 -5632]
[  832 -5632]
[  832 -5632]
[  832 -5632]
[  832 -5632]
[  832 -5632]
[  832 -5632]
[  832 -5632]
[  832 -5632]
[  832 -5632]
[  832 -5632]
[  832 -5632]
[  832 -5632]
[  832 -5632]
[  832 -5632]
[  832 -5632]
[  832 -5632]
[  832 -5632]
[  832 -5632]
[  832 -5632]
[  832 -5632]
[  832 -5632]
[  832 -5632]
[  832 -5632]
[  832 -5632]
[  832 -5632]
[  832 -5632]
[  832 -5632]
[  832 -5632]
[  832 -5632]
[  832 -5632]
[  630 -5474]
[  832 -5632]
[  630 -5474]
[  832 -5632]
[  630 -5474]
[  832 -5632]
[  630 -5474]
[  832 -5632]
[  630 -5474]
[  832 -5632]
[  832 -5632]
[  832 -5632]
[-2292 19928]
[-2434 25574]
[  832 -5632]
[128 128]
[128 128]
[  428 -5316]
[-2020 20692]
[-2336 20288]
[  832 -5632]
[  832 -5632]
[  832 -5632]
[  832 -5632]
[  832 -5632]
[  832 -5632]
[  832 -5632]
[  832 -5632]
[  832 -5632]
[  832 -5632]
[  832 -5632]
[  832 -5632]
[  832 -5632]
[  832 -5632]
[  832 -5632]
[  832 -5632]
[  832 -5632]
[  832 -5632]
[  832 -5632]
[  832 -5632]
[  832 -5632]
[  832 -5632]
[  832 -5632]
[  832 -5632]
[128 128]
[128 128]
[128 128]
[128 128]
[  832 -5632]
[  832 -5632]
[  832 -5632]
[  832 -5632]
[  832 -5632]
[  832 -5632]
[  832 -5632]
[  832 -5632]
[  832 -5632]
[  832 -5632]
[  832 -5632]
[-2600 22448]
[  832 -5632]
[128 128]
[128 128]
[   68 -5360]
[  -90 -5562]
[  -90 -5562]
[  -90 -5562]
[  112 -5720]
[  270 -5518]
[  112 -5720]
[  112 -5720]
[  -90 -5562]
[  -90 -5562]
[ -248 -5764]
[ -248 -5764]
[ -450 -5606]
[ -248 -5764]
[ -292 -5404]
[  -130 -20182]
[  7256 -25308]
[  -786 -29762]
[128 128]
[  1840 -31816]
[-2126 23054]
[128 128]
[  832 -5632]
[  832 -5632]
[  630 -5474]
[  832 -5632]
[-2476 18444]
[  630 -5474]
[  270 -5518]
[  472 -5676]
[  630 -5474]
[  630 -5474]
[  630 -5474]
[  630 -5474]
[  990 -5430]
[  832 -5632]
[  832 -5632]
[  832 -5632]
[  832 -5632]
[  832 -5632]
[  832 -5632]
[  832 -5632]
[  832 -5632]
[  832 -5632]
[  832 -5632]
[  832 -5632]
[  832 -5632]
[  832 -5632]
[  832 -5632]
[  832 -5632]
[  832 -5632]
[  832 -5632]
[  832 -5632]
[  832 -5632]
[  832 -5632]
[  832 -5632]
[  990 -5430]
[  832 -5632]
[  990 -5430]
[  832 -5632]
[  990 -5430]
[  832 -5632]
[  832 -5632]
[  832 -5632]
[  832 -5632]
[  832 -5632]
[  832 -5632]
[  630 -5474]
[  630 -5474]
[  630 -5474]
[  630 -5474]
[  270 -5518]
[  630 -5474]
[  630 -5474]
[  630 -5474]
[  630 -5474]
[  832 -5632]
[  832 -5632]
[-2072 18128]
[-4288 30280]
[  832 -5632]
[128 128]
[128 128]
[  428 -5316]
[-2794 25530]
[-2292 19928]
[  832 -5632]
[  832 -5632]
[  832 -5632]
[  832 -5632]
[  832 -5632]
[  832 -5632]
[  832 -5632]
[  832 -5632]
[  832 -5632]
[  832 -5632]
[  832 -5632]
[  832 -5632]
[  832 -5632]
[  832 -5632]
[  832 -5632]
[  832 -5632]
[  832 -5632]
[  832 -5632]
[  832 -5632]
[  832 -5632]
[  832 -5632]
[  832 -5632]
[  832 -5632]
[128 128]
[128 128]
[128 128]
[128 128]
[  832 -5632]
[  832 -5632]
[  832 -5632]
[  832 -5632]
[  832 -5632]
[  832 -5632]
[  832 -5632]
[  832 -5632]
[  630 -5474]
[  832 -5632]
[  832 -5632]
[  832 -5632]
[-1826 17610]
[  472 -5676]
[   242 -32194]
[   732 -25740]
[ -134 -5202]
[  270 -5518]
[  428 -5316]
[  630 -5474]
[  630 -5474]
[  832 -5632]
[  630 -5474]
[  472 -5676]
[   68 -5360]
[ -1148 -22316]
[128 128]
[-5640 29152]
[128 128]
[  -244 -20744]
[  270 -5518]
[-2100 24336]
[128 128]
[  2934 -18346]
[128 128]
[  630 -5474]
[ -3648 -31524]
[  832 -5632]
[  832 -5632]
[  630 -5474]
[-2820 24248]
[-2328 23212]
[  3270 -27074]
[128 128]
[   68 -5360]
[  630 -5474]
[  630 -5474]
[  630 -5474]
[  832 -5632]
[  832 -5632]
[  832 -5632]
[  832 -5632]
[  832 -5632]
[  832 -5632]
[  832 -5632]
[  832 -5632]
[  832 -5632]
[  832 -5632]
[  832 -5632]
[  832 -5632]
[  832 -5632]
[  832 -5632]
[  832 -5632]
[  832 -5632]
[  832 -5632]
[  832 -5632]
[  832 -5632]
[  832 -5632]
[  630 -5474]
[  832 -5632]
[  832 -5632]
[  832 -5632]
[  832 -5632]
[  990 -5430]
[  990 -5430]
[ 1148 -5228]
[ 1148 -5228]
[ 1350 -5386]
[ 1350 -5386]
[ 1350 -5386]
[ 1148 -5228]
[  990 -5430]
[  990 -5430]
[  832 -5632]
[  788 -5272]
[  472 -5676]
[  -832 -21912]
[  1742 -26530]
[128 128]
[  630 -5474]
[  788 -5272]
[-2204 19208]
[  832 -5632]
[  832 -5632]
[-2028 17768]
[-3410 30570]
[-1756 18532]
[128 128]
[128 128]
[  788 -5272]
[-2338 27778]
[  832 -5632]
[  832 -5632]
[  832 -5632]
[  832 -5632]
[  832 -5632]
[  832 -5632]
[  832 -5632]
[  832 -5632]
[  832 -5632]
[  832 -5632]
[  832 -5632]
[  832 -5632]
[  832 -5632]
[  832 -5632]
[  832 -5632]
[  832 -5632]
[  832 -5632]
[  832 -5632]
[  832 -5632]
[  832 -5632]
[  832 -5632]
[  832 -5632]
[  832 -5632]
[128 128]
[128 128]
[128 128]
[128 128]
[  832 -5632]
[  832 -5632]
[  832 -5632]
[  832 -5632]
[  832 -5632]
[  832 -5632]
[  832 -5632]
[  832 -5632]
[  832 -5632]
[  832 -5632]
[  832 -5632]
[  832 -5632]
[  832 -5632]
[  630 -5474]
[  832 -5632]
[  630 -5474]
[  630 -5474]
[  946 -5070]
[  990 -5430]
[  8572 -21128]
[  4884 -20848]
[  9406 -20478]
[  4278 -20374]
[  4910 -19566]
[  832 -5632]
[  630 -5474]
[  472 -5676]
[  270 -5518]
[  270 -5518]
[  630 -5474]
[-1308 17856]
[-3410 30570]
[128 128]
[  2338 -22438]
[128 128]
[  630 -5474]
[128 128]
[  630 -5474]
[  832 -5632]
[  630 -5474]
[-3006 30254]
[  630 -5474]
[128 128]
[128 128]
[ -1200 -24880]
[-1642 19094]
[-1616 20376]
[  630 -5474]
[  630 -5474]
[  630 -5474]
[  832 -5632]
[  832 -5632]
[  832 -5632]
[  832 -5632]
[  832 -5632]
[  832 -5632]
[  832 -5632]
[  832 -5632]
[  832 -5632]
[  832 -5632]
[  832 -5632]
[  990 -5430]
[  832 -5632]
[  990 -5430]
[  832 -5632]
[  832 -5632]
[  832 -5632]
[  832 -5632]
[  630 -5474]
[  428 -5316]
[  270 -5518]
[  270 -5518]
[  472 -5676]
[  630 -5474]
[  990 -5430]
[128 128]
[  9558 -30690]
[128 128]
[ 10102 -29162]
[128 128]
[  8846 -27854]
[ 11910 -26018]
[  4330 -17810]
[ 1306 -5026]
[ 1192 -5588]
[  990 -5430]
[  990 -5430]
[  788 -5272]
[128 128]
[128 128]
[  428 -5316]
[-2390 25214]
[-2952 25328]
[  832 -5632]
[  832 -5632]
[-2952 25328]
[128 128]
[  428 -5316]
[128 128]
[128 128]
[-1846 26742]
[-2556 22088]
[  832 -5632]
[  832 -5632]
[  832 -5632]
[  832 -5632]
[  832 -5632]
[  832 -5632]
[  832 -5632]
[  832 -5632]
[  832 -5632]
[  832 -5632]
[  832 -5632]
[  832 -5632]
[  832 -5632]
[  832 -5632]
[  832 -5632]
[  832 -5632]
[  832 -5632]
[  832 -5632]
[  832 -5632]
[  832 -5632]
[  832 -5632]
[  832 -5632]
[128 128]
[128 128]
[128 128]
[128 128]
[  832 -5632]
[  832 -5632]
[  832 -5632]
[  832 -5632]
[  832 -5632]
[  832 -5632]
[  832 -5632]
[  832 -5632]
[  832 -5632]
[  832 -5632]
[  832 -5632]
[  832 -5632]
[  832 -5632]
[  832 -5632]
[  832 -5632]
[  832 -5632]
[  990 -5430]
[  990 -5430]
[  990 -5430]
[ 1148 -5228]
[  990 -5430]
[ 1148 -5228]
[  990 -5430]
[ 1148 -5228]
[  990 -5430]
[  990 -5430]
[  832 -5632]
[  832 -5632]
[  630 -5474]
[  832 -5632]
[  630 -5474]
[-2292 19928]
[128 128]
[  2258 -18794]
[128 128]
[  1986 -19558]
[128 128]
[-2336 20288]
[  832 -5632]
[-2072 18128]
[-2190 32546]
[  630 -5474]
[128 128]
[128 128]
[  946 -5070]
[  630 -5474]
[ -492 20148]
[  428 -5316]
[  630 -5474]
[  630 -5474]
[  832 -5632]
[  832 -5632]
[  832 -5632]
[  832 -5632]
[  832 -5632]
[  832 -5632]
[  832 -5632]
[  832 -5632]
[  630 -5474]
[  832 -5632]
[  832 -5632]
[  990 -5430]
[  990 -5430]
[ 1350 -5386]
[-3196 18356]
[ 1350 -5386]
[ 1148 -5228]
[  990 -5430]
[  788 -5272]
[  1452 -25652]
[128 128]
[128 128]
[128 128]
[   742 -30306]
[  428 -5316]
[  990 -5430]
[ 1148 -5228]
[ 1350 -5386]
[ 1350 -5386]
[ 1350 -5386]
[ 1148 -5228]
[ 1350 -5386]
[  990 -5430]
[ 1148 -5228]
[  990 -5430]
[  990 -5430]
[-2846 22966]
[128 128]
[-2626 21166]
[128 128]
[128 128]
[  7474 -19618]
[-3162 22562]
[128 128]
[-4550 24950]
[-4384 28076]
[-3954 29042]
[  990 -5430]
[128 128]
[  2284 -17512]
[-2074 25618]
[  832 -5632]
[  832 -5632]
[  832 -5632]
[  832 -5632]
[  832 -5632]
[  832 -5632]
[  832 -5632]
[  832 -5632]
[  832 -5632]
[  832 -5632]
[  832 -5632]
[  832 -5632]
[  832 -5632]
[  832 -5632]
[  832 -5632]
[  832 -5632]
[  832 -5632]
[  832 -5632]
[  832 -5632]
[  832 -5632]
[  832 -5632]
[  832 -5632]
[  832 -5632]
[128 128]
[128 128]
[128 128]
[128 128]
[  832 -5632]
[  832 -5632]
[  832 -5632]
[  832 -5632]
[  832 -5632]
[  832 -5632]
[  832 -5632]
[  832 -5632]
[  832 -5632]
[  832 -5632]
[  832 -5632]
[  832 -5632]
[  832 -5632]
[  832 -5632]
[  832 -5632]
[  990 -5430]
[  832 -5632]
[  990 -5430]
[  832 -5632]
[  990 -5430]
[  832 -5632]
[  990 -5430]
[  832 -5632]
[  990 -5430]
[  832 -5632]
[  990 -5430]
[  832 -5632]
[  832 -5632]
[  832 -5632]
[  832 -5632]
[  832 -5632]
[  630 -5474]
[ -3516 -32604]
[  832 -5632]
[128 128]
[  -294 -30798]
[-3050 30614]
[-3480 29648]
[  832 -5632]
[-2556 22088]
[128 128]
[  630 -5474]
[128 128]
[  2936 -25836]
[  2314 -31210]
[  472 -5676]
[  472 -5676]
[  270 -5518]
[  428 -5316]
[  630 -5474]
[  630 -5474]
[  832 -5632]
[  832 -5632]
[  990 -5430]
[  832 -5632]
[  832 -5632]
[  832 -5632]
[  630 -5474]
[-1554 18374]
[  428 -5316]
[  630 -5474]
[  788 -5272]
[  4112 -23500]
[128 128]
[  6746 -22630]
[128 128]
[ 10410 -31682]
[128 128]
[  4050 -21498]
[  788 -5272]
[  472 -5676]
[  270 -5518]
[  270 -5518]
[  428 -5316]
[  630 -5474]
[  630 -5474]
[  630 -5474]
[  832 -5632]
[  832 -5632]
[  832 -5632]
[  832 -5632]
[  990 -5430]
[  832 -5632]
[  990 -5430]
[  832 -5632]
[  990 -5430]
[  832 -5632]
[  832 -5632]
[-2600 22448]
[  788 -5272]
[  3260 -22508]
[128 128]
[128 128]
[  8266 -26098]
[  8610 -31902]
[128 128]
[128 128]
[ 12754 -29934]
[  990 -5430]
[  788 -5272]
[  630 -5474]
[  832 -5632]
[  832 -5632]
[  832 -5632]
[  832 -5632]
[  832 -5632]
[  832 -5632]
[  832 -5632]
[  832 -5632]
[  832 -5632]
[  832 -5632]
[  832 -5632]
[  832 -5632]
[  832 -5632]
[  832 -5632]
[  832 -5632]
[  832 -5632]
[  832 -5632]
[  832 -5632]
[  832 -5632]
[  832 -5632]
[  832 -5632]
[  832 -5632]
[  832 -5632]
[128 128]
[128 128]
[128 128]
[128 128]
[  832 -5632]
[  832 -5632]
[  832 -5632]
[  832 -5632]
[  832 -5632]
[  832 -5632]
[  832 -5632]
[  832 -5632]
[  832 -5632]
[  832 -5632]
[  832 -5632]
[  832 -5632]
[  832 -5632]
[  832 -5632]
[  832 -5632]
[  832 -5632]
[  832 -5632]
[  832 -5632]
[  832 -5632]
[  832 -5632]
[  832 -5632]
[  832 -5632]
[  832 -5632]
[  832 -5632]
[  832 -5632]
[  832 -5632]
[  832 -5632]
[  832 -5632]
[  832 -5632]
[  832 -5632]
[  832 -5632]
[  832 -5632]
[-2952 25328]
[  832 -5632]
[128 128]
[128 128]
[  990 -5430]
[-4490 30438]
[-4736 30956]
[128 128]
[128 128]
[ 1350 -5386]
[128 128]
[ 8558 31070]
[  112 -5720]
[128 128]
[128 128]
[  472 -5676]
[  630 -5474]
[  630 -5474]
[  630 -5474]
[  832 -5632]
[  832 -5632]
[  832 -5632]
[-2546 17522]
[-2880 18760]
[ 1148 -5228]
[  990 -5430]
[  1294 -25854]
[128 128]
[128 128]
[  1690 -29094]
[  428 -5316]
[  990 -5430]
[ 1148 -5228]
[ 1350 -5386]
[ 1350 -5386]
[ 1350 -5386]
[  990 -5430]
[  990 -5430]
[  832 -5632]
[  832 -5632]
[  832 -5632]
[  832 -5632]
[  630 -5474]
[  832 -5632]
[  630 -5474]
[  832 -5632]
[  832 -5632]
[  832 -5632]
[  832 -5632]
[  832 -5632]
[  832 -5632]
[  832 -5632]
[  832 -5632]
[  832 -5632]
[  832 -5632]
[  832 -5632]
[  832 -5632]
[  832 -5632]
[  990 -5430]
[  990 -5430]
[  990 -5430]
[  990 -5430]
[  630 -5474]
[ 1192 -5588]
[ 1148 -5228]
[-2634 18242]
[  990 -5430]
[  832 -5632]
[  832 -5632]
[  832 -5632]
[  832 -5632]
[  832 -5632]
[  832 -5632]
[  832 -5632]
[  832 -5632]
[  832 -5632]
[  832 -5632]
[  832 -5632]
[  832 -5632]
[  832 -5632]
[  832 -5632]
[  832 -5632]
[  832 -5632]
[  832 -5632]
[  832 -5632]
[  832 -5632]
[  832 -5632]
[  832 -5632]
[  832 -5632]
[  832 -5632]
[  832 -5632]
[  832 -5632]
[128 128]
[128 128]
[128 128]
[128 128]
[  832 -5632]
[  832 -5632]
[  832 -5632]
[  832 -5632]
[  832 -5632]
[  832 -5632]
[  832 -5632]
[  832 -5632]
[  832 -5632]
[  832 -5632]
[  832 -5632]
[  832 -5632]
[  832 -5632]
[  832 -5632]
[  832 -5632]
[  832 -5632]
[  832 -5632]
[  832 -5632]
[  832 -5632]
[  832 -5632]
[  832 -5632]
[  832 -5632]
[  832 -5632]
[  832 -5632]
[  832 -5632]
[  832 -5632]
[  832 -5632]
[  832 -5632]
[  832 -5632]
[  832 -5632]
[  832 -5632]
[  832 -5632]
[  832 -5632]
[-2222 20850]
[  990 -5430]
[  4076 -20216]
[128 128]
[ 10752 -29996]
[ 1192 -5588]
[  946 -5070]
[  3962 -20778]
[128 128]
[  4216 -18372]
[-3832 32528]
[128 128]
[   926 -28822]
[128 128]
[  630 -5474]
[-2118 25978]
[  630 -5474]
[  832 -5632]
[  832 -5632]
[-2626 21166]
[  630 -5474]
[  990 -5430]
[128 128]
[128 128]
[128 128]
[  4360 -31508]
[  630 -5474]
[  630 -5474]
[-1010 19902]
[  630 -5474]
[  630 -5474]
[  630 -5474]
[  832 -5632]
[  832 -5632]
[  832 -5632]
[  832 -5632]
[  990 -5430]
[  832 -5632]
[  832 -5632]
[  832 -5632]
[  832 -5632]
[  832 -5632]
[  832 -5632]
[  832 -5632]
[  832 -5632]
[  832 -5632]
[  832 -5632]
[  832 -5632]
[  832 -5632]
[  832 -5632]
[  832 -5632]
[  832 -5632]
[  832 -5632]
[  832 -5632]
[  832 -5632]
[  832 -5632]
[  990 -5430]
[  832 -5632]
[  832 -5632]
[  630 -5474]
[  630 -5474]
[  630 -5474]
[  630 -5474]
[  832 -5632]
[  832 -5632]
[  832 -5632]
[  832 -5632]
[  832 -5632]
[  832 -5632]
[  832 -5632]
[  832 -5632]
[  832 -5632]
[  832 -5632]
[  832 -5632]
[  832 -5632]
[  832 -5632]
[  832 -5632]
[  832 -5632]
[  832 -5632]
[  832 -5632]
[  832 -5632]
[  832 -5632]
[  832 -5632]
[  832 -5632]
[  832 -5632]
[  832 -5632]
[  832 -5632]
[  832 -5632]
[  832 -5632]
[  832 -5632]
[  832 -5632]
[128 128]
[128 128]
[128 128]
[128 128]
[  832 -5632]
[  832 -5632]
[  832 -5632]
[  832 -5632]
[  832 -5632]
[  832 -5632]
[  832 -5632]
[  832 -5632]
[  832 -5632]
[  832 -5632]
[  832 -5632]
[  832 -5632]
[  832 -5632]
[  832 -5632]
[  832 -5632]
[  832 -5632]
[  832 -5632]
[  832 -5632]
[  832 -5632]
[  832 -5632]
[  832 -5632]
[  832 -5632]
[  832 -5632]
[  832 -5632]
[  832 -5632]
[  832 -5632]
[  832 -5632]
[  832 -5632]
[  832 -5632]
[  832 -5632]
[  832 -5632]
[  832 -5632]
[  832 -5632]
[  990 -5430]
[  832 -5632]
[  832 -5632]
[  990 -5430]
[  3294 -18302]
[   274 -20498]
[  832 -5632]
[  788 -5272]
[  990 -5430]
[  990 -5430]
[128 128]
[128 128]
[  3682 -24466]
[128 128]
[  630 -5474]
[128 128]
[  630 -5474]
[  832 -5632]
[-3278 29490]
[  630 -5474]
[128 128]
[128 128]
[  5840 -16712]
[  990 -5430]
[-2748 17680]
[-3838 22114]
[-2186 17566]
[  832 -5632]
[  832 -5632]
[  630 -5474]
[  832 -5632]
[  832 -5632]
[  832 -5632]
[  832 -5632]
[  832 -5632]
[  832 -5632]
[  832 -5632]
[  832 -5632]
[  832 -5632]
[  832 -5632]
[  832 -5632]
[  832 -5632]
[  832 -5632]
[  832 -5632]
[  832 -5632]
[  832 -5632]
[  832 -5632]
[  832 -5632]
[  832 -5632]
[  832 -5632]
[  832 -5632]
[  832 -5632]
[  832 -5632]
[  832 -5632]
[  832 -5632]
[  832 -5632]
[  832 -5632]
[  832 -5632]
[  832 -5632]
[  630 -5474]
[  832 -5632]
[  630 -5474]
[  832 -5632]
[  832 -5632]
[  832 -5632]
[  832 -5632]
[  832 -5632]
[  832 -5632]
[  832 -5632]
[  832 -5632]
[  832 -5632]
[  832 -5632]
[  832 -5632]
[  832 -5632]
[  832 -5632]
[  832 -5632]
[  832 -5632]
[  832 -5632]
[  832 -5632]
[  832 -5632]
[  832 -5632]
[  832 -5632]
[  832 -5632]
[  832 -5632]
[  832 -5632]
[  832 -5632]
[  832 -5632]
[  832 -5632]
[  832 -5632]
[  832 -5632]
[  832 -5632]
[128 128]
[128 128]
[128 128]
[128 128]
[  832 -5632]
[  832 -5632]
[  832 -5632]
[  832 -5632]
[  832 -5632]
[  832 -5632]
[  832 -5632]
[  832 -5632]
[  832 -5632]
[  832 -5632]
[  832 -5632]
[  832 -5632]
[  832 -5632]
[  832 -5632]
[  832 -5632]
[  832 -5632]
[  832 -5632]
[  832 -5632]
[  832 -5632]
[  832 -5632]
[  832 -5632]
[  832 -5632]
[  832 -5632]
[  832 -5632]
[  832 -5632]
[  832 -5632]
[  832 -5632]
[  832 -5632]
[  832 -5632]
[  832 -5632]
[  832 -5632]
[  832 -5632]
[  832 -5632]
[  832 -5632]
[  832 -5632]
[  990 -5430]
[  832 -5632]
[  630 -5474]
[  630 -5474]
[  630 -5474]
[  630 -5474]
[  832 -5632]
[  832 -5632]
[-2336 20288]
[128 128]
[  2478 -20594]
[128 128]
[  630 -5474]
[128 128]
[ -3876 -32648]
[128 128]
[128 128]
[128 128]
[128 128]
[ -134 -5202]
[128 128]
[-3084 26408]
[  832 -5632]
[  832 -5632]
[  990 -5430]
[  832 -5632]
[  832 -5632]
[  832 -5632]
[  832 -5632]
[  832 -5632]
[  832 -5632]
[  832 -5632]
[  832 -5632]
[  832 -5632]
[  832 -5632]
[  832 -5632]
[  832 -5632]
[  832 -5632]
[  832 -5632]
[  832 -5632]
[  832 -5632]
[  832 -5632]
[  832 -5632]
[  832 -5632]
[  832 -5632]
[  832 -5632]
[  832 -5632]
[  832 -5632]
[  832 -5632]
[  832 -5632]
[  832 -5632]
[  832 -5632]
[  832 -5632]
[  832 -5632]
[  832 -5632]
[  832 -5632]
[  832 -5632]
[  832 -5632]
[  832 -5632]
[  832 -5632]
[  832 -5632]
[  832 -5632]
[  832 -5632]
[  832 -5632]
[  832 -5632]
[  832 -5632]
[  832 -5632]
[  832 -5632]
[  832 -5632]
[  832 -5632]
[  832 -5632]
[  832 -5632]
[  832 -5632]
[  832 -5632]
[  832 -5632]
[  832 -5632]
[  832 -5632]
[  832 -5632]
[  832 -5632]
[  832 -5632]
[  832 -5632]
[  832 -5632]
[  832 -5632]
[  832 -5632]
[  832 -5632]
[  832 -5632]
[  832 -5632]
[  832 -5632]
[  832 -5632]
[128 128]
[128 128]
[128 128]
[128 128]
[  832 -5632]
[  832 -5632]
[  832 -5632]
[  832 -5632]
[  832 -5632]
[  832 -5632]
[  832 -5632]
[  832 -5632]
[  832 -5632]
[  832 -5632]
[  832 -5632]
[  832 -5632]
[  832 -5632]
[  832 -5632]
[  832 -5632]
[  832 -5632]
[  832 -5632]
[  832 -5632]
[  832 -5632]
[  832 -5632]
[  832 -5632]
[  832 -5632]
[  832 -5632]
[  832 -5632]
[  832 -5632]
[  832 -5632]
[  832 -5632]
[  832 -5632]
[  832 -5632]
[  832 -5632]
[  832 -5632]
[  832 -5632]
[  832 -5632]
[  832 -5632]
[  832 -5632]
[  832 -5632]
[  630 -5474]
[  832 -5632]
[  630 -5474]
[  832 -5632]
[  630 -5474]
[  832 -5632]
[  630 -5474]
[  832 -5632]
[-2768 26812]
[  630 -5474]
[128 128]
[128 128]
[-2950 17838]
[-3462 28006]
[-2704 17320]
[ 10216 -28600]
[128 128]
[128 128]
[-1668 17812]
[-2952 25328]
[  832 -5632]
[  832 -5632]
[  832 -5632]
[  832 -5632]
[  832 -5632]
[  832 -5632]
[  832 -5632]
[  832 -5632]
[  832 -5632]
[  832 -5632]
[  832 -5632]
[  832 -5632]
[  832 -5632]
[  832 -5632]
[  832 -5632]
[  832 -5632]
[  832 -5632]
[  832 -5632]
[  832 -5632]
[  832 -5632]
[  832 -5632]
[  832 -5632]
[  832 -5632]
[  832 -5632]
[  832 -5632]
[  832 -5632]
[  832 -5632]
[  832 -5632]
[  832 -5632]
[  832 -5632]
[  832 -5632]
[  832 -5632]
[  832 -5632]
[  832 -5632]
[  832 -5632]
[  832 -5632]
[  832 -5632]
[  832 -5632]
[  832 -5632]
[  832 -5632]
[  832 -5632]
[  832 -5632]
[  832 -5632]
[  832 -5632]
[  832 -5632]
[  832 -5632]
[  832 -5632]
[  832 -5632]
[  832 -5632]
[  832 -5632]
[  832 -5632]
[  832 -5632]
[  832 -5632]
[  832 -5632]
[  832 -5632]
[  832 -5632]
[  832 -5632]
[  832 -5632]
[  832 -5632]
[  832 -5632]
[  832 -5632]
[  832 -5632]
[  832 -5632]
[  832 -5632]
[  832 -5632]
[  832 -5632]
[  832 -5632]
[  832 -5632]
[128 128]
[128 128]
[128 128]
[128 128]
[  832 -5632]
[  832 -5632]
[  832 -5632]
[  832 -5632]
[  832 -5632]
[  832 -5632]
[  832 -5632]
[  832 -5632]
[  832 -5632]
[  832 -5632]
[  832 -5632]
[  832 -5632]
[  832 -5632]
[  832 -5632]
[  832 -5632]
[  832 -5632]
[  832 -5632]
[  832 -5632]
[  832 -5632]
[  832 -5632]
[  832 -5632]
[  832 -5632]
[  832 -5632]
[  832 -5632]
[  832 -5632]
[  832 -5632]
[  832 -5632]
[  832 -5632]
[  832 -5632]
[  832 -5632]
[  832 -5632]
[  832 -5632]
[  832 -5632]
[  832 -5632]
[  832 -5632]
[  832 -5632]
[  832 -5632]
[  832 -5632]
[  832 -5632]
[  832 -5632]
[  832 -5632]
[  832 -5632]
[  832 -5632]
[  832 -5632]
[  630 -5474]
[  630 -5474]
[  990 -5430]
[  3804 -20980]
[128 128]
[128 128]
[  6554 -27038]
[  4884 -20848]
[  990 -5430]
[  630 -5474]
[-2336 20288]
[  832 -5632]
[  832 -5632]
[  832 -5632]
[  832 -5632]
[  832 -5632]
[  832 -5632]
[  832 -5632]
[  832 -5632]
[  832 -5632]
[  832 -5632]
[  832 -5632]
[  832 -5632]
[  832 -5632]
[  832 -5632]
[  832 -5632]
[  832 -5632]
[  832 -5632]
[  832 -5632]
[  832 -5632]
[  832 -5632]
[  832 -5632]
[  832 -5632]
[  832 -5632]
[  832 -5632]
[  832 -5632]
[  832 -5632]
[  832 -5632]
[  832 -5632]
[  832 -5632]
[  832 -5632]
[  832 -5632]
[  832 -5632]
[  832 -5632]
[  832 -5632]
[  832 -5632]
[  832 -5632]
[  832 -5632]
[  832 -5632]
[  832 -5632]
[  832 -5632]
[  832 -5632]
[  832 -5632]
[  832 -5632]
[  832 -5632]
[  832 -5632]
[  832 -5632]
[  832 -5632]
[  832 -5632]
[  832 -5632]
[  832 -5632]
[  832 -5632]
[  832 -5632]
[  832 -5632]
[  832 -5632]
[  832 -5632]
[  832 -5632]
[  832 -5632]
[  832 -5632]
[  832 -5632]
[  832 -5632]
[  832 -5632]
[  832 -5632]
[  832 -5632]
[  832 -5632]
[  832 -5632]
[  832 -5632]
[  832 -5632]
[  832 -5632]
[  832 -5632]
[128 128]
[128 128]
[128 128]
[128 128]
[  832 -5632]
[  832 -5632]
[  832 -5632]
[  832 -5632]
[  832 -5632]
[  832 -5632]
[  832 -5632]
[  832 -5632]
[  832 -5632]
[  832 -5632]
[  832 -5632]
[  832 -5632]
[  832 -5632]
[  832 -5632]
[  832 -5632]
[  832 -5632]
[  832 -5632]
[  832 -5632]
[  832 -5632]
[  832 -5632]
[  832 -5632]
[  832 -5632]
[  832 -5632]
[  832 -5632]
[  832 -5632]
[  832 -5632]
[  832 -5632]
[  832 -5632]
[  832 -5632]
[  832 -5632]
[  832 -5632]
[  832 -5632]
[  832 -5632]
[  832 -5632]
[  832 -5632]
[  832 -5632]
[  832 -5632]
[  832 -5632]
[  832 -5632]
[  832 -5632]
[  832 -5632]
[  832 -5632]
[  832 -5632]
[  832 -5632]
[  832 -5632]
[  832 -5632]
[  832 -5632]
[  990 -5430]
[ 1148 -5228]
[ 1508 -5184]
[ 1350 -5386]
[  990 -5430]
[  990 -5430]
[  832 -5632]
[  832 -5632]
[  832 -5632]
[  832 -5632]
[  832 -5632]
[  832 -5632]
[  832 -5632]
[  832 -5632]
[  832 -5632]
[  832 -5632]
[  832 -5632]
[  832 -5632]
[  832 -5632]
[  832 -5632]
[  832 -5632]
[  832 -5632]
[  832 -5632]
[  832 -5632]
[  832 -5632]
[  832 -5632]
[  832 -5632]
[  832 -5632]
[  832 -5632]
[  832 -5632]
[  832 -5632]
[  832 -5632]
[  832 -5632]
[  832 -5632]
[  832 -5632]
[  832 -5632]
[  832 -5632]
[  832 -5632]
[  832 -5632]
[  832 -5632]
[  832 -5632]
[  832 -5632]
[  832 -5632]
[  832 -5632]
[  832 -5632]
[  832 -5632]
[  832 -5632]
[  832 -5632]
[  832 -5632]
[  832 -5632]
[  832 -5632]
[  832 -5632]
[  832 -5632]
[  832 -5632]
[  832 -5632]
[  832 -5632]
[  832 -5632]
[  832 -5632]
[  832 -5632]
[  832 -5632]
[  832 -5632]
[  832 -5632]
[  832 -5632]
[  832 -5632]
[  832 -5632]
[  832 -5632]
[  832 -5632]
[  832 -5632]
[  832 -5632]
[  832 -5632]
[  832 -5632]
[  832 -5632]
[  832 -5632]
[  832 -5632]
[  832 -5632]
[  832 -5632]
[  832 -5632]
[128 128]
[128 128]
[128 128]
[128 128]
[  832 -5632]
[  990 -5430]
[  832 -5632]
[  990 -5430]
[  832 -5632]
[  990 -5430]
[  832 -5632]
[  990 -5430]
[  832 -5632]
[  990 -5430]
[  832 -5632]
[  990 -5430]
[  832 -5632]
[  990 -5430]
[  832 -5632]
[  990 -5430]
[  832 -5632]
[  990 -5430]
[  832 -5632]
[  990 -5430]
[  832 -5632]
[  990 -5430]
[  832 -5632]
[  990 -5430]
[  832 -5632]
[  990 -5430]
[  832 -5632]
[  990 -5430]
[  832 -5632]
[  990 -5430]
[  832 -5632]
[  990 -5430]
[  832 -5632]
[  990 -5430]
[  832 -5632]
[  990 -5430]
[  832 -5632]
[  990 -5430]
[  832 -5632]
[  990 -5430]
[  832 -5632]
[  990 -5430]
[  832 -5632]
[  990 -5430]
[  832 -5632]
[  990 -5430]
[  832 -5632]
[  990 -5430]
[  832 -5632]
[  990 -5430]
[  832 -5632]
[  990 -5430]
[  832 -5632]
[  990 -5430]
[  832 -5632]
[  990 -5430]
[  832 -5632]
[  990 -5430]
[  832 -5632]
[  990 -5430]
[  832 -5632]
[  990 -5430]
[  832 -5632]
[  990 -5430]
[  832 -5632]
[  990 -5430]
[  832 -5632]
[  990 -5430]
[  832 -5632]
[  990 -5430]
[  832 -5632]
[  990 -5430]
[  832 -5632]
[  990 -5430]
[  832 -5632]
[  990 -5430]
[  832 -5632]
[  990 -5430]
[  832 -5632]
[  990 -5430]
[  832 -5632]
[  990 -5430]
[  832 -5632]
[  990 -5430]
[  832 -5632]
[  990 -5430]
[  832 -5632]
[  990 -5430]
[  832 -5632]
[  990 -5430]
[  832 -5632]
[  990 -5430]
[  832 -5632]
[  990 -5430]
[  832 -5632]
[  990 -5430]
[  832 -5632]
[  990 -5430]
[  832 -5632]
[  990 -5430]
[  832 -5632]
[  990 -5430]
[  832 -5632]
[  990 -5430]
[  832 -5632]
[  990 -5430]
[  832 -5632]
[  990 -5430]
[  832 -5632]
[  990 -5430]
[  832 -5632]
[  990 -5430]
[  832 -5632]
[  990 -5430]
[  832 -5632]
[  990 -5430]
[  832 -5632]
[  990 -5430]
[  832 -5632]
[  990 -5430]
[  832 -5632]
[  990 -5430]
[  832 -5632]
[  990 -5430]
[128 128]
[128 128]
[128 128]
[128 128]
[128 128]
[128 128]
[128 128]
[128 128]
[128 128]
[128 128]
[128 128]
[128 128]
[128 128]
[128 128]
[128 128]
[128 128]
[128 128]
[128 128]
[128 128]
[128 128]
[128 128]
[128 128]
[128 128]
[128 128]
[128 128]
[128 128]
[128 128]
[128 128]
[128 128]
[128 128]
[128 128]
[128 128]
[128 128]
[128 128]
[128 128]
[128 128]
[128 128]
[128 128]
[128 128]
[128 128]
[128 128]
[128 128]
[128 128]
[128 128]
[128 128]
[128 128]
[128 128]
[128 128]
[128 128]
[128 128]
[128 128]
[128 128]
[128 128]
[128 128]
[128 128]
[128 128]
[128 128]
[128 128]
[128 128]
[128 128]
[128 128]
[128 128]
[128 128]
[128 128]
[128 128]
[128 128]
[128 128]
[128 128]
[128 128]
[128 128]
[128 128]
[128 128]
[128 128]
[128 128]
[128 128]
[128 128]
[128 128]
[128 128]
[128 128]
[128 128]
[128 128]
[128 128]
[128 128]
[128 128]
[128 128]
[128 128]
[128 128]
[128 128]
[128 128]
[128 128]
[128 128]
[128 128]
[128 128]
[128 128]
[128 128]
[128 128]
[128 128]
[128 128]
[128 128]
[128 128]
[128 128]
[128 128]
[128 128]
[128 128]
[128 128]
[128 128]
[128 128]
[128 128]
[128 128]
[128 128]
[128 128]
[128 128]
[128 128]
[128 128]
[128 128]
[128 128]
[128 128]
[128 128]
[128 128]
[128 128]
[128 128]
[128 128]
[128 128]
[128 128]
[128 128]
[128 128]
[128 128]
[128 128]
[128 128]
[128 128]
