(0,0): hsc=[128 128] (fcs=[128 128])
(0,1): hsc=[128 128] (fcs=[128 128])
(0,2): hsc=[128 128] (fcs=[128 128])
(0,3): hsc=[128 128] (fcs=[128 128])
(0,4): hsc=[128 128] (fcs=[128 128])
(0,5): hsc=[128 128] (fcs=[128 128])
(0,6): hsc=[128 128] (fcs=[128 128])
(0,7): hsc=[128 128] (fcs=[128 128])
(0,8): hsc=[128 128] (fcs=[128 128])
(0,9): hsc=[128 128] (fcs=[128 128])
(0,10): hsc=[128 128] (fcs=[128 128])
(0,11): hsc=[128 128] (fcs=[128 128])
(0,12): hsc=[128 128] (fcs=[128 128])
(0,13): hsc=[128 128] (fcs=[128 128])
(0,14): hsc=[128 128] (fcs=[128 128])
(0,15): hsc=[128 128] (fcs=[128 128])
(0,16): hsc=[128 128] (fcs=[128 128])
(0,17): hsc=[128 128] (fcs=[128 128])
(0,18): hsc=[128 128] (fcs=[128 128])
(0,19): hsc=[128 128] (fcs=[128 128])
(0,20): hsc=[128 128] (fcs=[128 128])
(0,21): hsc=[128 128] (fcs=[128 128])
(0,22): hsc=[128 128] (fcs=[128 128])
(0,23): hsc=[128 128] (fcs=[128 128])
(0,24): hsc=[128 128] (fcs=[128 128])
(0,25): hsc=[128 128] (fcs=[128 128])
(0,26): hsc=[128 128] (fcs=[128 128])
(0,27): hsc=[128 128] (fcs=[128 128])
(0,28): hsc=[128 128] (fcs=[128 128])
(0,29): hsc=[128 128] (fcs=[128 128])
(0,30): hsc=[128 128] (fcs=[128 128])
(0,31): hsc=[128 128] (fcs=[128 128])
(0,32): hsc=[128 128] (fcs=[128 128])
(0,33): hsc=[128 128] (fcs=[128 128])
(0,34): hsc=[128 128] (fcs=[128 128])
(0,35): hsc=[128 128] (fcs=[128 128])
(0,36): hsc=[128 128] (fcs=[128 128])
(0,37): hsc=[128 128] (fcs=[128 128])
(0,38): hsc=[128 128] (fcs=[128 128])
(0,39): hsc=[128 128] (fcs=[128 128])
(0,40): hsc=[128 128] (fcs=[128 128])
(0,41): hsc=[128 128] (fcs=[128 128])
(0,42): hsc=[128 128] (fcs=[128 128])
(0,43): hsc=[128 128] (fcs=[128 128])
(0,44): hsc=[128 128] (fcs=[128 128])
(0,45): hsc=[128 128] (fcs=[128 128])
(0,46): hsc=[128 128] (fcs=[128 128])
(0,47): hsc=[128 128] (fcs=[128 128])
(0,48): hsc=[128 128] (fcs=[128 128])
(0,49): hsc=[128 128] (fcs=[128 128])
(0,50): hsc=[128 128] (fcs=[128 128])
(0,51): hsc=[128 128] (fcs=[128 128])
(0,52): hsc=[128 128] (fcs=[128 128])
(0,53): hsc=[128 128] (fcs=[128 128])
(0,54): hsc=[128 128] (fcs=[128 128])
(0,55): hsc=[128 128] (fcs=[128 128])
(0,56): hsc=[128 128] (fcs=[128 128])
(0,57): hsc=[128 128] (fcs=[128 128])
(0,58): hsc=[128 128] (fcs=[128 128])
(0,59): hsc=[128 128] (fcs=[128 128])
(0,60): hsc=[128 128] (fcs=[128 128])
(0,61): hsc=[128 128] (fcs=[128 128])
(0,62): hsc=[128 128] (fcs=[128 128])
(0,63): hsc=[128 128] (fcs=[128 128])
(0,64): hsc=[128 128] (fcs=[128 128])
(0,65): hsc=[128 128] (fcs=[128 128])
(0,66): hsc=[128 128] (fcs=[128 128])
(0,67): hsc=[128 128] (fcs=[128 128])
(0,68): hsc=[128 128] (fcs=[128 128])
(0,69): hsc=[128 128] (fcs=[128 128])
(0,70): hsc=[128 128] (fcs=[128 128])
(0,71): hsc=[128 128] (fcs=[128 128])
(0,72): hsc=[128 128] (fcs=[128 128])
(0,73): hsc=[128 128] (fcs=[128 128])
(0,74): hsc=[128 128] (fcs=[128 128])
(0,75): hsc=[128 128] (fcs=[128 128])
(0,76): hsc=[128 128] (fcs=[128 128])
(0,77): hsc=[128 128] (fcs=[128 128])
(0,78): hsc=[128 128] (fcs=[128 128])
(0,79): hsc=[128 128] (fcs=[128 128])
(0,80): hsc=[128 128] (fcs=[128 128])
(0,81): hsc=[128 128] (fcs=[128 128])
(0,82): hsc=[128 128] (fcs=[128 128])
(0,83): hsc=[128 128] (fcs=[128 128])
(0,84): hsc=[128 128] (fcs=[128 128])
(0,85): hsc=[128 128] (fcs=[128 128])
(0,86): hsc=[128 128] (fcs=[128 128])
(0,87): hsc=[128 128] (fcs=[128 128])
(0,88): hsc=[128 128] (fcs=[128 128])
(0,89): hsc=[128 128] (fcs=[128 128])
(0,90): hsc=[128 128] (fcs=[128 128])
(0,91): hsc=[128 128] (fcs=[128 128])
(0,92): hsc=[128 128] (fcs=[128 128])
(0,93): hsc=[128 128] (fcs=[128 128])
(0,94): hsc=[128 128] (fcs=[128 128])
(0,95): hsc=[128 128] (fcs=[128 128])
(0,96): hsc=[128 128] (fcs=[128 128])
(0,97): hsc=[128 128] (fcs=[128 128])
(0,98): hsc=[128 128] (fcs=[128 128])
(0,99): hsc=[128 128] (fcs=[128 128])
(0,100): hsc=[128 128] (fcs=[128 128])
(0,101): hsc=[128 128] (fcs=[128 128])
(0,102): hsc=[128 128] (fcs=[128 128])
(0,103): hsc=[128 128] (fcs=[128 128])
(0,104): hsc=[128 128] (fcs=[128 128])
(0,105): hsc=[128 128] (fcs=[128 128])
(0,106): hsc=[128 128] (fcs=[128 128])
(0,107): hsc=[128 128] (fcs=[128 128])
(0,108): hsc=[128 128] (fcs=[128 128])
(0,109): hsc=[128 128] (fcs=[128 128])
(0,110): hsc=[128 128] (fcs=[128 128])
(0,111): hsc=[128 128] (fcs=[128 128])
(0,112): hsc=[128 128] (fcs=[128 128])
(0,113): hsc=[128 128] (fcs=[128 128])
(0,114): hsc=[128 128] (fcs=[128 128])
(0,115): hsc=[128 128] (fcs=[128 128])
(0,116): hsc=[128 128] (fcs=[128 128])
(0,117): hsc=[128 128] (fcs=[128 128])
(0,118): hsc=[128 128] (fcs=[128 128])
(0,119): hsc=[128 128] (fcs=[128 128])
(0,120): hsc=[128 128] (fcs=[128 128])
(0,121): hsc=[128 128] (fcs=[128 128])
(0,122): hsc=[128 128] (fcs=[128 128])
(0,123): hsc=[128 128] (fcs=[128 128])
(0,124): hsc=[128 128] (fcs=[128 128])
(0,125): hsc=[128 128] (fcs=[128 128])
(0,126): hsc=[128 128] (fcs=[128 128])
(0,127): hsc=[128 128] (fcs=[128 128])
(1,0): hsc=[128 128] (fcs=[128 128])
(1,1): hsc=[128 128] (fcs=[128 128])
(1,2): hsc=[118 158] (fcs=[144 143])
(1,3): hsc=[64  0] (fcs=[144 144])
(1,4): hsc=[118 158] (fcs=[144 143])
(1,5): hsc=[64  0] (fcs=[144 144])
(1,6): hsc=[118 158] (fcs=[144 143])
(1,7): hsc=[64  0] (fcs=[144 144])
(1,8): hsc=[118 158] (fcs=[144 143])
(1,9): hsc=[64  0] (fcs=[144 144])
(1,10): hsc=[118 158] (fcs=[144 143])
(1,11): hsc=[64  0] (fcs=[144 144])
(1,12): hsc=[118 158] (fcs=[144 143])
(1,13): hsc=[64  0] (fcs=[144 144])
(1,14): hsc=[118 158] (fcs=[144 143])
(1,15): hsc=[64  0] (fcs=[144 144])
(1,16): hsc=[118 158] (fcs=[144 143])
(1,17): hsc=[64  0] (fcs=[144 144])
(1,18): hsc=[118 158] (fcs=[144 143])
(1,19): hsc=[64  0] (fcs=[144 144])
(1,20): hsc=[118 158] (fcs=[144 143])
(1,21): hsc=[64  0] (fcs=[144 144])
(1,22): hsc=[118 158] (fcs=[144 143])
(1,23): hsc=[64  0] (fcs=[144 144])
(1,24): hsc=[118 158] (fcs=[144 143])
(1,25): hsc=[64  0] (fcs=[144 144])
(1,26): hsc=[118 158] (fcs=[144 143])
(1,27): hsc=[64  0] (fcs=[144 144])
(1,28): hsc=[118 158] (fcs=[144 143])
(1,29): hsc=[64  0] (fcs=[144 144])
(1,30): hsc=[118 158] (fcs=[144 143])
(1,31): hsc=[64  0] (fcs=[144 144])
(1,32): hsc=[118 158] (fcs=[144 143])
(1,33): hsc=[64  0] (fcs=[144 144])
(1,34): hsc=[118 158] (fcs=[144 143])
(1,35): hsc=[64  0] (fcs=[144 144])
(1,36): hsc=[118 158] (fcs=[144 143])
(1,37): hsc=[64  0] (fcs=[144 144])
(1,38): hsc=[118 158] (fcs=[144 143])
(1,39): hsc=[64  0] (fcs=[144 144])
(1,40): hsc=[118 158] (fcs=[144 143])
(1,41): hsc=[64  0] (fcs=[144 144])
(1,42): hsc=[118 158] (fcs=[144 143])
(1,43): hsc=[64  0] (fcs=[144 144])
(1,44): hsc=[118 158] (fcs=[144 143])
(1,45): hsc=[64  0] (fcs=[144 144])
(1,46): hsc=[118 158] (fcs=[144 143])
(1,47): hsc=[64  0] (fcs=[144 144])
(1,48): hsc=[118 158] (fcs=[144 143])
(1,49): hsc=[64  0] (fcs=[144 144])
(1,50): hsc=[118 158] (fcs=[144 143])
(1,51): hsc=[64  0] (fcs=[144 144])
(1,52): hsc=[118 158] (fcs=[144 143])
(1,53): hsc=[64  0] (fcs=[144 144])
(1,54): hsc=[118 158] (fcs=[144 143])
(1,55): hsc=[64  0] (fcs=[144 144])
(1,56): hsc=[118 158] (fcs=[144 143])
(1,57): hsc=[64  0] (fcs=[144 144])
(1,58): hsc=[118 158] (fcs=[144 143])
(1,59): hsc=[64  0] (fcs=[144 144])
(1,60): hsc=[118 158] (fcs=[144 143])
(1,61): hsc=[64  0] (fcs=[144 144])
(1,62): hsc=[118 158] (fcs=[144 143])
(1,63): hsc=[64  0] (fcs=[144 144])
(1,64): hsc=[118 158] (fcs=[144 143])
(1,65): hsc=[64  0] (fcs=[144 144])
(1,66): hsc=[118 158] (fcs=[144 143])
(1,67): hsc=[64  0] (fcs=[144 144])
(1,68): hsc=[118 158] (fcs=[144 143])
(1,69): hsc=[64  0] (fcs=[144 144])
(1,70): hsc=[118 158] (fcs=[144 143])
(1,71): hsc=[64  0] (fcs=[144 144])
(1,72): hsc=[118 158] (fcs=[144 143])
(1,73): hsc=[64  0] (fcs=[144 144])
(1,74): hsc=[118 158] (fcs=[144 143])
(1,75): hsc=[64  0] (fcs=[144 144])
(1,76): hsc=[118 158] (fcs=[144 143])
(1,77): hsc=[64  0] (fcs=[144 144])
(1,78): hsc=[118 158] (fcs=[144 143])
(1,79): hsc=[64  0] (fcs=[144 144])
(1,80): hsc=[118 158] (fcs=[144 143])
(1,81): hsc=[64  0] (fcs=[144 144])
(1,82): hsc=[118 158] (fcs=[144 143])
(1,83): hsc=[64  0] (fcs=[144 144])
(1,84): hsc=[118 158] (fcs=[144 143])
(1,85): hsc=[64  0] (fcs=[144 144])
(1,86): hsc=[118 158] (fcs=[144 143])
(1,87): hsc=[64  0] (fcs=[144 144])
(1,88): hsc=[118 158] (fcs=[144 143])
(1,89): hsc=[64  0] (fcs=[144 144])
(1,90): hsc=[118 158] (fcs=[144 143])
(1,91): hsc=[64  0] (fcs=[144 144])
(1,92): hsc=[118 158] (fcs=[144 143])
(1,93): hsc=[64  0] (fcs=[144 144])
(1,94): hsc=[118 158] (fcs=[144 143])
(1,95): hsc=[64  0] (fcs=[144 144])
(1,96): hsc=[118 158] (fcs=[144 143])
(1,97): hsc=[64  0] (fcs=[144 144])
(1,98): hsc=[118 158] (fcs=[144 143])
(1,99): hsc=[64  0] (fcs=[144 144])
(1,100): hsc=[118 158] (fcs=[144 143])
(1,101): hsc=[64  0] (fcs=[144 144])
(1,102): hsc=[118 158] (fcs=[144 143])
(1,103): hsc=[64  0] (fcs=[144 144])
(1,104): hsc=[118 158] (fcs=[144 143])
(1,105): hsc=[64  0] (fcs=[144 144])
(1,106): hsc=[118 158] (fcs=[144 143])
(1,107): hsc=[64  0] (fcs=[144 144])
(1,108): hsc=[118 158] (fcs=[144 143])
(1,109): hsc=[64  0] (fcs=[144 144])
(1,110): hsc=[118 158] (fcs=[144 143])
(1,111): hsc=[64  0] (fcs=[144 144])
(1,112): hsc=[118 158] (fcs=[144 143])
(1,113): hsc=[64  0] (fcs=[144 144])
(1,114): hsc=[118 158] (fcs=[144 143])
(1,115): hsc=[64  0] (fcs=[144 144])
(1,116): hsc=[118 158] (fcs=[144 143])
(1,117): hsc=[64  0] (fcs=[144 144])
(1,118): hsc=[118 158] (fcs=[144 143])
(1,119): hsc=[64  0] (fcs=[144 144])
(1,120): hsc=[118 158] (fcs=[144 143])
(1,121): hsc=[64  0] (fcs=[144 144])
(1,122): hsc=[118 158] (fcs=[144 143])
(1,123): hsc=[64  0] (fcs=[144 144])
(1,124): hsc=[118 158] (fcs=[144 143])
(1,125): hsc=[64  0] (fcs=[144 144])
(1,126): hsc=[128 128] (fcs=[128 128])
(1,127): hsc=[128 128] (fcs=[128 128])
(2,0): hsc=[128 128] (fcs=[128 128])
(2,1): hsc=[128 128] (fcs=[128 128])
(2,2): hsc=[64  0] (fcs=[144 144])
(2,3): hsc=[64  0] (fcs=[144 144])
(2,4): hsc=[64  0] (fcs=[144 144])
(2,5): hsc=[64  0] (fcs=[144 144])
(2,6): hsc=[64  0] (fcs=[144 144])
(2,7): hsc=[64  0] (fcs=[144 144])
(2,8): hsc=[64  0] (fcs=[144 144])
(2,9): hsc=[64  0] (fcs=[144 144])
(2,10): hsc=[64  0] (fcs=[144 144])
(2,11): hsc=[64  0] (fcs=[144 144])
(2,12): hsc=[64  0] (fcs=[144 144])
(2,13): hsc=[64  0] (fcs=[144 144])
(2,14): hsc=[64  0] (fcs=[144 144])
(2,15): hsc=[64  0] (fcs=[144 144])
(2,16): hsc=[64  0] (fcs=[144 144])
(2,17): hsc=[64  0] (fcs=[144 144])
(2,18): hsc=[64  0] (fcs=[144 144])
(2,19): hsc=[64  0] (fcs=[144 144])
(2,20): hsc=[64  0] (fcs=[144 144])
(2,21): hsc=[64  0] (fcs=[144 144])
(2,22): hsc=[64  0] (fcs=[144 144])
(2,23): hsc=[64  0] (fcs=[144 144])
(2,24): hsc=[64  0] (fcs=[144 144])
(2,25): hsc=[64  0] (fcs=[144 144])
(2,26): hsc=[64  0] (fcs=[144 144])
(2,27): hsc=[64  0] (fcs=[144 144])
(2,28): hsc=[64  0] (fcs=[144 144])
(2,29): hsc=[64  0] (fcs=[144 144])
(2,30): hsc=[64  0] (fcs=[144 144])
(2,31): hsc=[64  0] (fcs=[144 144])
(2,32): hsc=[64  0] (fcs=[144 144])
(2,33): hsc=[64  0] (fcs=[144 144])
(2,34): hsc=[64  0] (fcs=[144 144])
(2,35): hsc=[64  0] (fcs=[144 144])
(2,36): hsc=[64  0] (fcs=[144 144])
(2,37): hsc=[64  0] (fcs=[144 144])
(2,38): hsc=[64  0] (fcs=[144 144])
(2,39): hsc=[64  0] (fcs=[144 144])
(2,40): hsc=[64  0] (fcs=[144 144])
(2,41): hsc=[64  0] (fcs=[144 144])
(2,42): hsc=[64  0] (fcs=[144 144])
(2,43): hsc=[64  0] (fcs=[144 144])
(2,44): hsc=[64  0] (fcs=[144 144])
(2,45): hsc=[64  0] (fcs=[144 144])
(2,46): hsc=[64  0] (fcs=[144 144])
(2,47): hsc=[64  0] (fcs=[144 144])
(2,48): hsc=[64  0] (fcs=[144 144])
(2,49): hsc=[64  0] (fcs=[144 144])
(2,50): hsc=[64  0] (fcs=[144 144])
(2,51): hsc=[64  0] (fcs=[144 144])
(2,52): hsc=[64  0] (fcs=[144 144])
(2,53): hsc=[64  0] (fcs=[144 144])
(2,54): hsc=[64  0] (fcs=[144 144])
(2,55): hsc=[64  0] (fcs=[144 144])
(2,56): hsc=[64  0] (fcs=[144 144])
(2,57): hsc=[64  0] (fcs=[144 144])
(2,58): hsc=[64  0] (fcs=[144 144])
(2,59): hsc=[64  0] (fcs=[144 144])
(2,60): hsc=[64  0] (fcs=[144 144])
(2,61): hsc=[64  0] (fcs=[144 144])
(2,62): hsc=[64  0] (fcs=[144 144])
(2,63): hsc=[64  0] (fcs=[144 144])
(2,64): hsc=[64  0] (fcs=[144 144])
(2,65): hsc=[64  0] (fcs=[144 144])
(2,66): hsc=[64  0] (fcs=[144 144])
(2,67): hsc=[64  0] (fcs=[144 144])
(2,68): hsc=[64  0] (fcs=[144 144])
(2,69): hsc=[64  0] (fcs=[144 144])
(2,70): hsc=[64  0] (fcs=[144 144])
(2,71): hsc=[64  0] (fcs=[144 144])
(2,72): hsc=[64  0] (fcs=[144 144])
(2,73): hsc=[64  0] (fcs=[144 144])
(2,74): hsc=[64  0] (fcs=[144 144])
(2,75): hsc=[64  0] (fcs=[144 144])
(2,76): hsc=[64  0] (fcs=[144 144])
(2,77): hsc=[64  0] (fcs=[144 144])
(2,78): hsc=[64  0] (fcs=[144 144])
(2,79): hsc=[64  0] (fcs=[144 144])
(2,80): hsc=[64  0] (fcs=[144 144])
(2,81): hsc=[64  0] (fcs=[144 144])
(2,82): hsc=[64  0] (fcs=[144 144])
(2,83): hsc=[64  0] (fcs=[144 144])
(2,84): hsc=[64  0] (fcs=[144 144])
(2,85): hsc=[64  0] (fcs=[144 144])
(2,86): hsc=[64  0] (fcs=[144 144])
(2,87): hsc=[64  0] (fcs=[144 144])
(2,88): hsc=[64  0] (fcs=[144 144])
(2,89): hsc=[64  0] (fcs=[144 144])
(2,90): hsc=[64  0] (fcs=[144 144])
(2,91): hsc=[64  0] (fcs=[144 144])
(2,92): hsc=[64  0] (fcs=[144 144])
(2,93): hsc=[64  0] (fcs=[144 144])
(2,94): hsc=[64  0] (fcs=[144 144])
(2,95): hsc=[64  0] (fcs=[144 144])
(2,96): hsc=[64  0] (fcs=[144 144])
(2,97): hsc=[64  0] (fcs=[144 144])
(2,98): hsc=[64  0] (fcs=[144 144])
(2,99): hsc=[64  0] (fcs=[144 144])
(2,100): hsc=[64  0] (fcs=[144 144])
(2,101): hsc=[64  0] (fcs=[144 144])
(2,102): hsc=[64  0] (fcs=[144 144])
(2,103): hsc=[64  0] (fcs=[144 144])
(2,104): hsc=[64  0] (fcs=[144 144])
(2,105): hsc=[64  0] (fcs=[144 144])
(2,106): hsc=[64  0] (fcs=[144 144])
(2,107): hsc=[64  0] (fcs=[144 144])
(2,108): hsc=[64  0] (fcs=[144 144])
(2,109): hsc=[64  0] (fcs=[144 144])
(2,110): hsc=[64  0] (fcs=[144 144])
(2,111): hsc=[64  0] (fcs=[144 144])
(2,112): hsc=[64  0] (fcs=[144 144])
(2,113): hsc=[64  0] (fcs=[144 144])
(2,114): hsc=[64  0] (fcs=[144 144])
(2,115): hsc=[64  0] (fcs=[144 144])
(2,116): hsc=[64  0] (fcs=[144 144])
(2,117): hsc=[64  0] (fcs=[144 144])
(2,118): hsc=[64  0] (fcs=[144 144])
(2,119): hsc=[64  0] (fcs=[144 144])
(2,120): hsc=[64  0] (fcs=[144 144])
(2,121): hsc=[64  0] (fcs=[144 144])
(2,122): hsc=[64  0] (fcs=[144 144])
(2,123): hsc=[64  0] (fcs=[144 144])
(2,124): hsc=[64  0] (fcs=[144 144])
(2,125): hsc=[64  0] (fcs=[144 144])
(2,126): hsc=[128 128] (fcs=[128 128])
(2,127): hsc=[128 128] (fcs=[128 128])
(3,0): hsc=[128 128] (fcs=[128 128])
(3,1): hsc=[128 128] (fcs=[128 128])
(3,2): hsc=[64  0] (fcs=[144 144])
(3,3): hsc=[64  0] (fcs=[144 144])
(3,4): hsc=[64  0] (fcs=[144 144])
(3,5): hsc=[64  0] (fcs=[144 144])
(3,6): hsc=[64  0] (fcs=[144 144])
(3,7): hsc=[64  0] (fcs=[144 144])
(3,8): hsc=[64  0] (fcs=[144 144])
(3,9): hsc=[64  0] (fcs=[144 144])
(3,10): hsc=[64  0] (fcs=[144 144])
(3,11): hsc=[64  0] (fcs=[144 144])
(3,12): hsc=[64  0] (fcs=[144 144])
(3,13): hsc=[64  0] (fcs=[144 144])
(3,14): hsc=[64  0] (fcs=[144 144])
(3,15): hsc=[64  0] (fcs=[144 144])
(3,16): hsc=[64  0] (fcs=[144 144])
(3,17): hsc=[64  0] (fcs=[144 144])
(3,18): hsc=[64  0] (fcs=[144 144])
(3,19): hsc=[64  0] (fcs=[144 144])
(3,20): hsc=[64  0] (fcs=[144 144])
(3,21): hsc=[64  0] (fcs=[144 144])
(3,22): hsc=[64  0] (fcs=[144 144])
(3,23): hsc=[64  0] (fcs=[144 144])
(3,24): hsc=[64  0] (fcs=[144 144])
(3,25): hsc=[64  0] (fcs=[144 144])
(3,26): hsc=[64  0] (fcs=[144 144])
(3,27): hsc=[64  0] (fcs=[144 144])
(3,28): hsc=[64  0] (fcs=[144 144])
(3,29): hsc=[64  0] (fcs=[144 144])
(3,30): hsc=[64  0] (fcs=[144 144])
(3,31): hsc=[64  0] (fcs=[144 144])
(3,32): hsc=[64  0] (fcs=[144 144])
(3,33): hsc=[64  0] (fcs=[144 144])
(3,34): hsc=[64  0] (fcs=[144 144])
(3,35): hsc=[64  0] (fcs=[144 144])
(3,36): hsc=[64  0] (fcs=[144 144])
(3,37): hsc=[64  0] (fcs=[144 144])
(3,38): hsc=[64  0] (fcs=[144 144])
(3,39): hsc=[64  0] (fcs=[144 144])
(3,40): hsc=[64  0] (fcs=[144 144])
(3,41): hsc=[64  0] (fcs=[144 144])
(3,42): hsc=[64  0] (fcs=[144 144])
(3,43): hsc=[64  0] (fcs=[144 144])
(3,44): hsc=[64  0] (fcs=[144 144])
(3,45): hsc=[64  0] (fcs=[144 144])
(3,46): hsc=[64  0] (fcs=[144 144])
(3,47): hsc=[64  0] (fcs=[144 144])
(3,48): hsc=[64  0] (fcs=[144 144])
(3,49): hsc=[64  0] (fcs=[144 144])
(3,50): hsc=[64  0] (fcs=[144 144])
(3,51): hsc=[64  0] (fcs=[144 144])
(3,52): hsc=[64  0] (fcs=[144 144])
(3,53): hsc=[64  0] (fcs=[144 144])
(3,54): hsc=[64  0] (fcs=[144 144])
(3,55): hsc=[64  0] (fcs=[144 144])
(3,56): hsc=[64  0] (fcs=[144 144])
(3,57): hsc=[64  0] (fcs=[144 144])
(3,58): hsc=[64  0] (fcs=[144 144])
(3,59): hsc=[64  0] (fcs=[144 144])
(3,60): hsc=[64  0] (fcs=[144 144])
(3,61): hsc=[64  0] (fcs=[144 144])
(3,62): hsc=[64  0] (fcs=[144 144])
(3,63): hsc=[64  0] (fcs=[144 144])
(3,64): hsc=[64  0] (fcs=[144 144])
(3,65): hsc=[64  0] (fcs=[144 144])
(3,66): hsc=[64  0] (fcs=[144 144])
(3,67): hsc=[64  0] (fcs=[144 144])
(3,68): hsc=[64  0] (fcs=[144 144])
(3,69): hsc=[64  0] (fcs=[144 144])
(3,70): hsc=[64  0] (fcs=[144 144])
(3,71): hsc=[64  0] (fcs=[144 144])
(3,72): hsc=[64  0] (fcs=[144 144])
(3,73): hsc=[64  0] (fcs=[144 144])
(3,74): hsc=[64  0] (fcs=[144 144])
(3,75): hsc=[64  0] (fcs=[144 144])
(3,76): hsc=[64  0] (fcs=[144 144])
(3,77): hsc=[64  0] (fcs=[144 144])
(3,78): hsc=[64  0] (fcs=[144 144])
(3,79): hsc=[64  0] (fcs=[144 144])
(3,80): hsc=[64  0] (fcs=[144 144])
(3,81): hsc=[64  0] (fcs=[144 144])
(3,82): hsc=[64  0] (fcs=[144 144])
(3,83): hsc=[64  0] (fcs=[144 144])
(3,84): hsc=[64  0] (fcs=[144 144])
(3,85): hsc=[64  0] (fcs=[144 144])
(3,86): hsc=[64  0] (fcs=[144 144])
(3,87): hsc=[64  0] (fcs=[144 144])
(3,88): hsc=[64  0] (fcs=[144 144])
(3,89): hsc=[64  0] (fcs=[144 144])
(3,90): hsc=[64  0] (fcs=[144 144])
(3,91): hsc=[64  0] (fcs=[144 144])
(3,92): hsc=[64  0] (fcs=[144 144])
(3,93): hsc=[64  0] (fcs=[144 144])
(3,94): hsc=[64  0] (fcs=[144 144])
(3,95): hsc=[64  0] (fcs=[144 144])
(3,96): hsc=[64  0] (fcs=[144 144])
(3,97): hsc=[64  0] (fcs=[144 144])
(3,98): hsc=[64  0] (fcs=[144 144])
(3,99): hsc=[64  0] (fcs=[144 144])
(3,100): hsc=[64  0] (fcs=[144 144])
(3,101): hsc=[64  0] (fcs=[144 144])
(3,102): hsc=[64  0] (fcs=[144 144])
(3,103): hsc=[64  0] (fcs=[144 144])
(3,104): hsc=[64  0] (fcs=[144 144])
(3,105): hsc=[64  0] (fcs=[144 144])
(3,106): hsc=[64  0] (fcs=[144 144])
(3,107): hsc=[64  0] (fcs=[144 144])
(3,108): hsc=[64  0] (fcs=[144 144])
(3,109): hsc=[64  0] (fcs=[144 144])
(3,110): hsc=[64  0] (fcs=[144 144])
(3,111): hsc=[64  0] (fcs=[144 144])
(3,112): hsc=[64  0] (fcs=[144 144])
(3,113): hsc=[64  0] (fcs=[144 144])
(3,114): hsc=[64  0] (fcs=[144 144])
(3,115): hsc=[64  0] (fcs=[144 144])
(3,116): hsc=[64  0] (fcs=[144 144])
(3,117): hsc=[64  0] (fcs=[144 144])
(3,118): hsc=[64  0] (fcs=[144 144])
(3,119): hsc=[64  0] (fcs=[144 144])
(3,120): hsc=[64  0] (fcs=[144 144])
(3,121): hsc=[64  0] (fcs=[144 144])
(3,122): hsc=[64  0] (fcs=[144 144])
(3,123): hsc=[64  0] (fcs=[144 144])
(3,124): hsc=[64  0] (fcs=[144 144])
(3,125): hsc=[64  0] (fcs=[144 144])
(3,126): hsc=[128 128] (fcs=[128 128])
(3,127): hsc=[128 128] (fcs=[128 128])
(4,0): hsc=[128 128] (fcs=[128 128])
(4,1): hsc=[128 128] (fcs=[128 128])
(4,2): hsc=[64  0] (fcs=[144 144])
(4,3): hsc=[64  0] (fcs=[144 144])
(4,4): hsc=[64  0] (fcs=[144 144])
(4,5): hsc=[64  0] (fcs=[144 144])
(4,6): hsc=[64  0] (fcs=[144 144])
(4,7): hsc=[64  0] (fcs=[144 144])
(4,8): hsc=[64  0] (fcs=[144 144])
(4,9): hsc=[64  0] (fcs=[144 144])
(4,10): hsc=[64  0] (fcs=[144 144])
(4,11): hsc=[64  0] (fcs=[144 144])
(4,12): hsc=[64  0] (fcs=[144 144])
(4,13): hsc=[64  0] (fcs=[144 144])
(4,14): hsc=[64  0] (fcs=[144 144])
(4,15): hsc=[64  0] (fcs=[144 144])
(4,16): hsc=[64  0] (fcs=[144 144])
(4,17): hsc=[64  0] (fcs=[144 144])
(4,18): hsc=[64  0] (fcs=[144 144])
(4,19): hsc=[64  0] (fcs=[144 144])
(4,20): hsc=[64  0] (fcs=[144 144])
(4,21): hsc=[64  0] (fcs=[144 144])
(4,22): hsc=[64  0] (fcs=[144 144])
(4,23): hsc=[64  0] (fcs=[144 144])
(4,24): hsc=[64  0] (fcs=[144 144])
(4,25): hsc=[64  0] (fcs=[144 144])
(4,26): hsc=[64  0] (fcs=[144 144])
(4,27): hsc=[64  0] (fcs=[144 144])
(4,28): hsc=[64  0] (fcs=[144 144])
(4,29): hsc=[64  0] (fcs=[144 144])
(4,30): hsc=[64  0] (fcs=[144 144])
(4,31): hsc=[64  0] (fcs=[144 144])
(4,32): hsc=[64  0] (fcs=[144 144])
(4,33): hsc=[64  0] (fcs=[144 144])
(4,34): hsc=[64  0] (fcs=[144 144])
(4,35): hsc=[64  0] (fcs=[144 144])
(4,36): hsc=[64  0] (fcs=[144 144])
(4,37): hsc=[64  0] (fcs=[144 144])
(4,38): hsc=[64  0] (fcs=[144 144])
(4,39): hsc=[64  0] (fcs=[144 144])
(4,40): hsc=[64  0] (fcs=[144 144])
(4,41): hsc=[64  0] (fcs=[144 144])
(4,42): hsc=[64  0] (fcs=[144 144])
(4,43): hsc=[64  0] (fcs=[144 144])
(4,44): hsc=[64  0] (fcs=[144 144])
(4,45): hsc=[64  0] (fcs=[144 144])
(4,46): hsc=[64  0] (fcs=[144 144])
(4,47): hsc=[64  0] (fcs=[144 144])
(4,48): hsc=[64  0] (fcs=[144 144])
(4,49): hsc=[64  0] (fcs=[144 144])
(4,50): hsc=[64  0] (fcs=[144 144])
(4,51): hsc=[64  0] (fcs=[144 144])
(4,52): hsc=[64  0] (fcs=[144 144])
(4,53): hsc=[64  0] (fcs=[144 144])
(4,54): hsc=[64  0] (fcs=[144 144])
(4,55): hsc=[64  0] (fcs=[144 144])
(4,56): hsc=[64  0] (fcs=[144 144])
(4,57): hsc=[64  0] (fcs=[144 144])
(4,58): hsc=[64  0] (fcs=[144 144])
(4,59): hsc=[64  0] (fcs=[144 144])
(4,60): hsc=[64  0] (fcs=[144 144])
(4,61): hsc=[64  0] (fcs=[144 144])
(4,62): hsc=[64  0] (fcs=[144 144])
(4,63): hsc=[64  0] (fcs=[144 144])
(4,64): hsc=[64  0] (fcs=[144 144])
(4,65): hsc=[64  0] (fcs=[144 144])
(4,66): hsc=[64  0] (fcs=[144 144])
(4,67): hsc=[64  0] (fcs=[144 144])
(4,68): hsc=[64  0] (fcs=[144 144])
(4,69): hsc=[64  0] (fcs=[144 144])
(4,70): hsc=[64  0] (fcs=[144 144])
(4,71): hsc=[64  0] (fcs=[144 144])
(4,72): hsc=[64  0] (fcs=[144 144])
(4,73): hsc=[64  0] (fcs=[144 144])
(4,74): hsc=[64  0] (fcs=[144 144])
(4,75): hsc=[64  0] (fcs=[144 144])
(4,76): hsc=[64  0] (fcs=[144 144])
(4,77): hsc=[64  0] (fcs=[144 144])
(4,78): hsc=[64  0] (fcs=[144 144])
(4,79): hsc=[64  0] (fcs=[144 144])
(4,80): hsc=[64  0] (fcs=[144 144])
(4,81): hsc=[64  0] (fcs=[144 144])
(4,82): hsc=[64  0] (fcs=[144 144])
(4,83): hsc=[64  0] (fcs=[144 144])
(4,84): hsc=[64  0] (fcs=[144 144])
(4,85): hsc=[64  0] (fcs=[144 144])
(4,86): hsc=[64  0] (fcs=[144 144])
(4,87): hsc=[64  0] (fcs=[144 144])
(4,88): hsc=[64  0] (fcs=[144 144])
(4,89): hsc=[64  0] (fcs=[144 144])
(4,90): hsc=[64  0] (fcs=[144 144])
(4,91): hsc=[64  0] (fcs=[144 144])
(4,92): hsc=[64  0] (fcs=[144 144])
(4,93): hsc=[64  0] (fcs=[144 144])
(4,94): hsc=[64  0] (fcs=[144 144])
(4,95): hsc=[64  0] (fcs=[144 144])
(4,96): hsc=[64  0] (fcs=[144 144])
(4,97): hsc=[64  0] (fcs=[144 144])
(4,98): hsc=[64  0] (fcs=[144 144])
(4,99): hsc=[64  0] (fcs=[144 144])
(4,100): hsc=[64  0] (fcs=[144 144])
(4,101): hsc=[64  0] (fcs=[144 144])
(4,102): hsc=[64  0] (fcs=[144 144])
(4,103): hsc=[64  0] (fcs=[144 144])
(4,104): hsc=[64  0] (fcs=[144 144])
(4,105): hsc=[64  0] (fcs=[144 144])
(4,106): hsc=[64  0] (fcs=[144 144])
(4,107): hsc=[64  0] (fcs=[144 144])
(4,108): hsc=[64  0] (fcs=[144 144])
(4,109): hsc=[64  0] (fcs=[144 144])
(4,110): hsc=[64  0] (fcs=[144 144])
(4,111): hsc=[64  0] (fcs=[144 144])
(4,112): hsc=[64  0] (fcs=[144 144])
(4,113): hsc=[64  0] (fcs=[144 144])
(4,114): hsc=[64  0] (fcs=[144 144])
(4,115): hsc=[64  0] (fcs=[144 144])
(4,116): hsc=[64  0] (fcs=[144 144])
(4,117): hsc=[64  0] (fcs=[144 144])
(4,118): hsc=[64  0] (fcs=[144 144])
(4,119): hsc=[64  0] (fcs=[144 144])
(4,120): hsc=[64  0] (fcs=[144 144])
(4,121): hsc=[64  0] (fcs=[144 144])
(4,122): hsc=[64  0] (fcs=[144 144])
(4,123): hsc=[64  0] (fcs=[144 144])
(4,124): hsc=[64  0] (fcs=[144 144])
(4,125): hsc=[64  0] (fcs=[144 144])
(4,126): hsc=[128 128] (fcs=[128 128])
(4,127): hsc=[128 128] (fcs=[128 128])
(5,0): hsc=[128 128] (fcs=[128 128])
(5,1): hsc=[128 128] (fcs=[128 128])
(5,2): hsc=[64  0] (fcs=[144 144])
(5,3): hsc=[64  0] (fcs=[144 144])
(5,4): hsc=[64  0] (fcs=[144 144])
(5,5): hsc=[64  0] (fcs=[144 144])
(5,6): hsc=[64  0] (fcs=[144 144])
(5,7): hsc=[64  0] (fcs=[144 144])
(5,8): hsc=[64  0] (fcs=[144 144])
(5,9): hsc=[64  0] (fcs=[144 144])
(5,10): hsc=[64  0] (fcs=[144 144])
(5,11): hsc=[64  0] (fcs=[144 144])
(5,12): hsc=[64  0] (fcs=[144 144])
(5,13): hsc=[64  0] (fcs=[144 144])
(5,14): hsc=[64  0] (fcs=[144 144])
(5,15): hsc=[64  0] (fcs=[144 144])
(5,16): hsc=[64  0] (fcs=[144 144])
(5,17): hsc=[64  0] (fcs=[144 144])
(5,18): hsc=[64  0] (fcs=[144 144])
(5,19): hsc=[64  0] (fcs=[144 144])
(5,20): hsc=[64  0] (fcs=[144 144])
(5,21): hsc=[64  0] (fcs=[144 144])
(5,22): hsc=[64  0] (fcs=[144 144])
(5,23): hsc=[64  0] (fcs=[144 144])
(5,24): hsc=[64  0] (fcs=[144 144])
(5,25): hsc=[64  0] (fcs=[144 144])
(5,26): hsc=[64  0] (fcs=[144 144])
(5,27): hsc=[64  0] (fcs=[144 144])
(5,28): hsc=[64  0] (fcs=[144 144])
(5,29): hsc=[64  0] (fcs=[144 144])
(5,30): hsc=[64  0] (fcs=[144 144])
(5,31): hsc=[64  0] (fcs=[144 144])
(5,32): hsc=[64  0] (fcs=[144 144])
(5,33): hsc=[64  0] (fcs=[144 144])
(5,34): hsc=[64  0] (fcs=[144 144])
(5,35): hsc=[64  0] (fcs=[144 144])
(5,36): hsc=[64  0] (fcs=[144 144])
(5,37): hsc=[64  0] (fcs=[144 144])
(5,38): hsc=[64  0] (fcs=[144 144])
(5,39): hsc=[64  0] (fcs=[144 144])
(5,40): hsc=[64  0] (fcs=[144 144])
(5,41): hsc=[64  0] (fcs=[144 144])
(5,42): hsc=[64  0] (fcs=[144 144])
(5,43): hsc=[64  0] (fcs=[144 144])
(5,44): hsc=[64  0] (fcs=[144 144])
(5,45): hsc=[64  0] (fcs=[144 144])
(5,46): hsc=[64  0] (fcs=[144 144])
(5,47): hsc=[64  0] (fcs=[144 144])
(5,48): hsc=[64  0] (fcs=[144 144])
(5,49): hsc=[64  0] (fcs=[144 144])
(5,50): hsc=[64  0] (fcs=[144 144])
(5,51): hsc=[64  0] (fcs=[144 144])
(5,52): hsc=[64  0] (fcs=[144 144])
(5,53): hsc=[64  0] (fcs=[144 144])
(5,54): hsc=[64  0] (fcs=[144 144])
(5,55): hsc=[64  0] (fcs=[144 144])
(5,56): hsc=[64  0] (fcs=[144 144])
(5,57): hsc=[64  0] (fcs=[144 144])
(5,58): hsc=[64  0] (fcs=[144 144])
(5,59): hsc=[64  0] (fcs=[144 144])
(5,60): hsc=[64  0] (fcs=[144 144])
(5,61): hsc=[64  0] (fcs=[144 144])
(5,62): hsc=[64  0] (fcs=[144 144])
(5,63): hsc=[64  0] (fcs=[144 144])
(5,64): hsc=[64  0] (fcs=[144 144])
(5,65): hsc=[64  0] (fcs=[144 144])
(5,66): hsc=[64  0] (fcs=[144 144])
(5,67): hsc=[64  0] (fcs=[144 144])
(5,68): hsc=[64  0] (fcs=[144 144])
(5,69): hsc=[64  0] (fcs=[144 144])
(5,70): hsc=[64  0] (fcs=[144 144])
(5,71): hsc=[64  0] (fcs=[144 144])
(5,72): hsc=[64  0] (fcs=[144 144])
(5,73): hsc=[64  0] (fcs=[144 144])
(5,74): hsc=[64  0] (fcs=[144 144])
(5,75): hsc=[64  0] (fcs=[144 144])
(5,76): hsc=[64  0] (fcs=[144 144])
(5,77): hsc=[64  0] (fcs=[144 144])
(5,78): hsc=[64  0] (fcs=[144 144])
(5,79): hsc=[64  0] (fcs=[144 144])
(5,80): hsc=[64  0] (fcs=[144 144])
(5,81): hsc=[64  0] (fcs=[144 144])
(5,82): hsc=[118 158] (fcs=[144 143])
(5,83): hsc=[64  0] (fcs=[144 144])
(5,84): hsc=[64  0] (fcs=[144 144])
(5,85): hsc=[64  0] (fcs=[144 144])
(5,86): hsc=[64  0] (fcs=[144 144])
(5,87): hsc=[64  0] (fcs=[144 144])
(5,88): hsc=[118 158] (fcs=[144 143])
(5,89): hsc=[64  0] (fcs=[144 144])
(5,90): hsc=[118 158] (fcs=[144 143])
(5,91): hsc=[64  0] (fcs=[144 144])
(5,92): hsc=[64  0] (fcs=[144 144])
(5,93): hsc=[64  0] (fcs=[144 144])
(5,94): hsc=[64  0] (fcs=[144 144])
(5,95): hsc=[64  0] (fcs=[144 144])
(5,96): hsc=[64  0] (fcs=[144 144])
(5,97): hsc=[64  0] (fcs=[144 144])
(5,98): hsc=[64  0] (fcs=[144 144])
(5,99): hsc=[64  0] (fcs=[144 144])
(5,100): hsc=[64  0] (fcs=[144 144])
(5,101): hsc=[64  0] (fcs=[144 144])
(5,102): hsc=[64  0] (fcs=[144 144])
(5,103): hsc=[64  0] (fcs=[144 144])
(5,104): hsc=[64  0] (fcs=[144 144])
(5,105): hsc=[64  0] (fcs=[144 144])
(5,106): hsc=[64  0] (fcs=[144 144])
(5,107): hsc=[64  0] (fcs=[144 144])
(5,108): hsc=[64  0] (fcs=[144 144])
(5,109): hsc=[64  0] (fcs=[144 144])
(5,110): hsc=[64  0] (fcs=[144 144])
(5,111): hsc=[64  0] (fcs=[144 144])
(5,112): hsc=[64  0] (fcs=[144 144])
(5,113): hsc=[64  0] (fcs=[144 144])
(5,114): hsc=[64  0] (fcs=[144 144])
(5,115): hsc=[64  0] (fcs=[144 144])
(5,116): hsc=[64  0] (fcs=[144 144])
(5,117): hsc=[64  0] (fcs=[144 144])
(5,118): hsc=[64  0] (fcs=[144 144])
(5,119): hsc=[64  0] (fcs=[144 144])
(5,120): hsc=[64  0] (fcs=[144 144])
(5,121): hsc=[64  0] (fcs=[144 144])
(5,122): hsc=[64  0] (fcs=[144 144])
(5,123): hsc=[64  0] (fcs=[144 144])
(5,124): hsc=[64  0] (fcs=[144 144])
(5,125): hsc=[64  0] (fcs=[144 144])
(5,126): hsc=[128 128] (fcs=[128 128])
(5,127): hsc=[128 128] (fcs=[128 128])
(6,0): hsc=[128 128] (fcs=[128 128])
(6,1): hsc=[128 128] (fcs=[128 128])
(6,2): hsc=[64  0] (fcs=[144 144])
(6,3): hsc=[64  0] (fcs=[144 144])
(6,4): hsc=[64  0] (fcs=[144 144])
(6,5): hsc=[64  0] (fcs=[144 144])
(6,6): hsc=[64  0] (fcs=[144 144])
(6,7): hsc=[64  0] (fcs=[144 144])
(6,8): hsc=[64  0] (fcs=[144 144])
(6,9): hsc=[64  0] (fcs=[144 144])
(6,10): hsc=[64  0] (fcs=[144 144])
(6,11): hsc=[64  0] (fcs=[144 144])
(6,12): hsc=[64  0] (fcs=[144 144])
(6,13): hsc=[64  0] (fcs=[144 144])
(6,14): hsc=[64  0] (fcs=[144 144])
(6,15): hsc=[64  0] (fcs=[144 144])
(6,16): hsc=[64  0] (fcs=[144 144])
(6,17): hsc=[64  0] (fcs=[144 144])
(6,18): hsc=[64  0] (fcs=[144 144])
(6,19): hsc=[64  0] (fcs=[144 144])
(6,20): hsc=[64  0] (fcs=[144 144])
(6,21): hsc=[64  0] (fcs=[144 144])
(6,22): hsc=[64  0] (fcs=[144 144])
(6,23): hsc=[64  0] (fcs=[144 144])
(6,24): hsc=[64  0] (fcs=[144 144])
(6,25): hsc=[64  0] (fcs=[144 144])
(6,26): hsc=[64  0] (fcs=[144 144])
(6,27): hsc=[64  0] (fcs=[144 144])
(6,28): hsc=[64  0] (fcs=[144 144])
(6,29): hsc=[64  0] (fcs=[144 144])
(6,30): hsc=[64  0] (fcs=[144 144])
(6,31): hsc=[64  0] (fcs=[144 144])
(6,32): hsc=[64  0] (fcs=[144 144])
(6,33): hsc=[64  0] (fcs=[144 144])
(6,34): hsc=[64  0] (fcs=[144 144])
(6,35): hsc=[64  0] (fcs=[144 144])
(6,36): hsc=[64  0] (fcs=[144 144])
(6,37): hsc=[64  0] (fcs=[144 144])
(6,38): hsc=[64  0] (fcs=[144 144])
(6,39): hsc=[64  0] (fcs=[144 144])
(6,40): hsc=[64  0] (fcs=[144 144])
(6,41): hsc=[64  0] (fcs=[144 144])
(6,42): hsc=[64  0] (fcs=[144 144])
(6,43): hsc=[64  0] (fcs=[144 144])
(6,44): hsc=[64  0] (fcs=[144 144])
(6,45): hsc=[64  0] (fcs=[144 144])
(6,46): hsc=[64  0] (fcs=[144 144])
(6,47): hsc=[64  0] (fcs=[144 144])
(6,48): hsc=[64  0] (fcs=[144 144])
(6,49): hsc=[64  0] (fcs=[144 144])
(6,50): hsc=[64  0] (fcs=[144 144])
(6,51): hsc=[64  0] (fcs=[144 144])
(6,52): hsc=[64  0] (fcs=[144 144])
(6,53): hsc=[64  0] (fcs=[144 144])
(6,54): hsc=[64  0] (fcs=[144 144])
(6,55): hsc=[64  0] (fcs=[144 144])
(6,56): hsc=[64  0] (fcs=[144 144])
(6,57): hsc=[64  0] (fcs=[144 144])
(6,58): hsc=[64  0] (fcs=[144 144])
(6,59): hsc=[64  0] (fcs=[144 144])
(6,60): hsc=[64  0] (fcs=[144 144])
(6,61): hsc=[64  0] (fcs=[144 144])
(6,62): hsc=[64  0] (fcs=[144 144])
(6,63): hsc=[64  0] (fcs=[144 144])
(6,64): hsc=[64  0] (fcs=[144 144])
(6,65): hsc=[64  0] (fcs=[144 144])
(6,66): hsc=[64  0] (fcs=[144 144])
(6,67): hsc=[64  0] (fcs=[144 144])
(6,68): hsc=[64  0] (fcs=[144 144])
(6,69): hsc=[64  0] (fcs=[144 144])
(6,70): hsc=[64  0] (fcs=[144 144])
(6,71): hsc=[64  0] (fcs=[144 144])
(6,72): hsc=[64  0] (fcs=[144 144])
(6,73): hsc=[64  0] (fcs=[144 144])
(6,74): hsc=[64  0] (fcs=[144 144])
(6,75): hsc=[64  0] (fcs=[144 144])
(6,76): hsc=[64  0] (fcs=[144 144])
(6,77): hsc=[64  0] (fcs=[144 144])
(6,78): hsc=[64  0] (fcs=[144 144])
(6,79): hsc=[222 202] (fcs=[143 144])
(6,80): hsc=[64  0] (fcs=[144 144])
(6,81): hsc=[64  0] (fcs=[144 144])
(6,82): hsc=[216 176] (fcs=[66 66])
(6,83): hsc=[174  34] (fcs=[77 82])
(6,84): hsc=[216 212] (fcs=[145 143])
(6,85): hsc=[216 212] (fcs=[145 143])
(6,86): hsc=[ 14 114] (fcs=[145 142])
(6,87): hsc=[216 212] (fcs=[145 143])
(6,88): hsc=[ 70 210] (fcs=[63 68])
(6,89): hsc=[100   8] (fcs=[75 75])
(6,90): hsc=[222 202] (fcs=[143 144])
(6,91): hsc=[64  0] (fcs=[144 144])
(6,92): hsc=[64  0] (fcs=[144 144])
(6,93): hsc=[222 202] (fcs=[143 144])
(6,94): hsc=[64  0] (fcs=[144 144])
(6,95): hsc=[64  0] (fcs=[144 144])
(6,96): hsc=[64  0] (fcs=[144 144])
(6,97): hsc=[64  0] (fcs=[144 144])
(6,98): hsc=[64  0] (fcs=[144 144])
(6,99): hsc=[64  0] (fcs=[144 144])
(6,100): hsc=[64  0] (fcs=[144 144])
(6,101): hsc=[64  0] (fcs=[144 144])
(6,102): hsc=[64  0] (fcs=[144 144])
(6,103): hsc=[64  0] (fcs=[144 144])
(6,104): hsc=[64  0] (fcs=[144 144])
(6,105): hsc=[64  0] (fcs=[144 144])
(6,106): hsc=[64  0] (fcs=[144 144])
(6,107): hsc=[64  0] (fcs=[144 144])
(6,108): hsc=[64  0] (fcs=[144 144])
(6,109): hsc=[64  0] (fcs=[144 144])
(6,110): hsc=[64  0] (fcs=[144 144])
(6,111): hsc=[64  0] (fcs=[144 144])
(6,112): hsc=[64  0] (fcs=[144 144])
(6,113): hsc=[64  0] (fcs=[144 144])
(6,114): hsc=[64  0] (fcs=[144 144])
(6,115): hsc=[64  0] (fcs=[144 144])
(6,116): hsc=[64  0] (fcs=[144 144])
(6,117): hsc=[64  0] (fcs=[144 144])
(6,118): hsc=[64  0] (fcs=[144 144])
(6,119): hsc=[64  0] (fcs=[144 144])
(6,120): hsc=[64  0] (fcs=[144 144])
(6,121): hsc=[64  0] (fcs=[144 144])
(6,122): hsc=[64  0] (fcs=[144 144])
(6,123): hsc=[64  0] (fcs=[144 144])
(6,124): hsc=[64  0] (fcs=[144 144])
(6,125): hsc=[64  0] (fcs=[144 144])
(6,126): hsc=[128 128] (fcs=[128 128])
(6,127): hsc=[128 128] (fcs=[128 128])
(7,0): hsc=[128 128] (fcs=[128 128])
(7,1): hsc=[128 128] (fcs=[128 128])
(7,2): hsc=[64  0] (fcs=[144 144])
(7,3): hsc=[64  0] (fcs=[144 144])
(7,4): hsc=[64  0] (fcs=[144 144])
(7,5): hsc=[64  0] (fcs=[144 144])
(7,6): hsc=[64  0] (fcs=[144 144])
(7,7): hsc=[64  0] (fcs=[144 144])
(7,8): hsc=[64  0] (fcs=[144 144])
(7,9): hsc=[64  0] (fcs=[144 144])
(7,10): hsc=[64  0] (fcs=[144 144])
(7,11): hsc=[64  0] (fcs=[144 144])
(7,12): hsc=[64  0] (fcs=[144 144])
(7,13): hsc=[64  0] (fcs=[144 144])
(7,14): hsc=[64  0] (fcs=[144 144])
(7,15): hsc=[64  0] (fcs=[144 144])
(7,16): hsc=[64  0] (fcs=[144 144])
(7,17): hsc=[64  0] (fcs=[144 144])
(7,18): hsc=[64  0] (fcs=[144 144])
(7,19): hsc=[64  0] (fcs=[144 144])
(7,20): hsc=[64  0] (fcs=[144 144])
(7,21): hsc=[64  0] (fcs=[144 144])
(7,22): hsc=[64  0] (fcs=[144 144])
(7,23): hsc=[64  0] (fcs=[144 144])
(7,24): hsc=[64  0] (fcs=[144 144])
(7,25): hsc=[64  0] (fcs=[144 144])
(7,26): hsc=[64  0] (fcs=[144 144])
(7,27): hsc=[64  0] (fcs=[144 144])
(7,28): hsc=[64  0] (fcs=[144 144])
(7,29): hsc=[64  0] (fcs=[144 144])
(7,30): hsc=[64  0] (fcs=[144 144])
(7,31): hsc=[64  0] (fcs=[144 144])
(7,32): hsc=[64  0] (fcs=[144 144])
(7,33): hsc=[64  0] (fcs=[144 144])
(7,34): hsc=[64  0] (fcs=[144 144])
(7,35): hsc=[64  0] (fcs=[144 144])
(7,36): hsc=[64  0] (fcs=[144 144])
(7,37): hsc=[64  0] (fcs=[144 144])
(7,38): hsc=[64  0] (fcs=[144 144])
(7,39): hsc=[64  0] (fcs=[144 144])
(7,40): hsc=[64  0] (fcs=[144 144])
(7,41): hsc=[64  0] (fcs=[144 144])
(7,42): hsc=[64  0] (fcs=[144 144])
(7,43): hsc=[64  0] (fcs=[144 144])
(7,44): hsc=[64  0] (fcs=[144 144])
(7,45): hsc=[64  0] (fcs=[144 144])
(7,46): hsc=[64  0] (fcs=[144 144])
(7,47): hsc=[64  0] (fcs=[144 144])
(7,48): hsc=[64  0] (fcs=[144 144])
(7,49): hsc=[64  0] (fcs=[144 144])
(7,50): hsc=[64  0] (fcs=[144 144])
(7,51): hsc=[64  0] (fcs=[144 144])
(7,52): hsc=[64  0] (fcs=[144 144])
(7,53): hsc=[64  0] (fcs=[144 144])
(7,54): hsc=[64  0] (fcs=[144 144])
(7,55): hsc=[64  0] (fcs=[144 144])
(7,56): hsc=[64  0] (fcs=[144 144])
(7,57): hsc=[64  0] (fcs=[144 144])
(7,58): hsc=[64  0] (fcs=[144 144])
(7,59): hsc=[64  0] (fcs=[144 144])
(7,60): hsc=[64  0] (fcs=[144 144])
(7,61): hsc=[64  0] (fcs=[144 144])
(7,62): hsc=[64  0] (fcs=[144 144])
(7,63): hsc=[64  0] (fcs=[144 144])
(7,64): hsc=[64  0] (fcs=[144 144])
(7,65): hsc=[64  0] (fcs=[144 144])
(7,66): hsc=[64  0] (fcs=[144 144])
(7,67): hsc=[64  0] (fcs=[144 144])
(7,68): hsc=[64  0] (fcs=[144 144])
(7,69): hsc=[64  0] (fcs=[144 144])
(7,70): hsc=[64  0] (fcs=[144 144])
(7,71): hsc=[64  0] (fcs=[144 144])
(7,72): hsc=[64  0] (fcs=[144 144])
(7,73): hsc=[64  0] (fcs=[144 144])
(7,74): hsc=[118 158] (fcs=[144 143])
(7,75): hsc=[64  0] (fcs=[144 144])
(7,76): hsc=[118 158] (fcs=[144 143])
(7,77): hsc=[64  0] (fcs=[144 144])
(7,78): hsc=[64  0] (fcs=[144 144])
(7,79): hsc=[232 208] (fcs=[78 78])
(7,80): hsc=[118 230] (fcs=[46 41])
(7,81): hsc=[178 122] (fcs=[44 41])
(7,82): hsc=[ 66 118] (fcs=[73 72])
(7,83): hsc=[118 158] (fcs=[144 143])
(7,84): hsc=[128 128] (fcs=[128 128])
(7,85): hsc=[128 128] (fcs=[128 128])
(7,86): hsc=[128 128] (fcs=[128 128])
(7,87): hsc=[128 128] (fcs=[128 128])
(7,88): hsc=[ 26 126] (fcs=[197 184])
(7,89): hsc=[64  0] (fcs=[144 144])
(7,90): hsc=[250  72] (fcs=[57 49])
(7,91): hsc=[186  46] (fcs=[65 60])
(7,92): hsc=[246 194] (fcs=[63 60])
(7,93): hsc=[64  0] (fcs=[144 144])
(7,94): hsc=[64  0] (fcs=[144 144])
(7,95): hsc=[64  0] (fcs=[144 144])
(7,96): hsc=[118 158] (fcs=[144 143])
(7,97): hsc=[64  0] (fcs=[144 144])
(7,98): hsc=[64  0] (fcs=[144 144])
(7,99): hsc=[64  0] (fcs=[144 144])
(7,100): hsc=[64  0] (fcs=[144 144])
(7,101): hsc=[64  0] (fcs=[144 144])
(7,102): hsc=[64  0] (fcs=[144 144])
(7,103): hsc=[64  0] (fcs=[144 144])
(7,104): hsc=[64  0] (fcs=[144 144])
(7,105): hsc=[64  0] (fcs=[144 144])
(7,106): hsc=[64  0] (fcs=[144 144])
(7,107): hsc=[64  0] (fcs=[144 144])
(7,108): hsc=[64  0] (fcs=[144 144])
(7,109): hsc=[64  0] (fcs=[144 144])
(7,110): hsc=[64  0] (fcs=[144 144])
(7,111): hsc=[64  0] (fcs=[144 144])
(7,112): hsc=[64  0] (fcs=[144 144])
(7,113): hsc=[64  0] (fcs=[144 144])
(7,114): hsc=[64  0] (fcs=[144 144])
(7,115): hsc=[64  0] (fcs=[144 144])
(7,116): hsc=[64  0] (fcs=[144 144])
(7,117): hsc=[64  0] (fcs=[144 144])
(7,118): hsc=[64  0] (fcs=[144 144])
(7,119): hsc=[64  0] (fcs=[144 144])
(7,120): hsc=[64  0] (fcs=[144 144])
(7,121): hsc=[64  0] (fcs=[144 144])
(7,122): hsc=[64  0] (fcs=[144 144])
(7,123): hsc=[64  0] (fcs=[144 144])
(7,124): hsc=[64  0] (fcs=[144 144])
(7,125): hsc=[64  0] (fcs=[144 144])
(7,126): hsc=[128 128] (fcs=[128 128])
(7,127): hsc=[128 128] (fcs=[128 128])
(8,0): hsc=[128 128] (fcs=[128 128])
(8,1): hsc=[128 128] (fcs=[128 128])
(8,2): hsc=[64  0] (fcs=[144 144])
(8,3): hsc=[64  0] (fcs=[144 144])
(8,4): hsc=[64  0] (fcs=[144 144])
(8,5): hsc=[64  0] (fcs=[144 144])
(8,6): hsc=[64  0] (fcs=[144 144])
(8,7): hsc=[64  0] (fcs=[144 144])
(8,8): hsc=[64  0] (fcs=[144 144])
(8,9): hsc=[64  0] (fcs=[144 144])
(8,10): hsc=[64  0] (fcs=[144 144])
(8,11): hsc=[64  0] (fcs=[144 144])
(8,12): hsc=[64  0] (fcs=[144 144])
(8,13): hsc=[64  0] (fcs=[144 144])
(8,14): hsc=[64  0] (fcs=[144 144])
(8,15): hsc=[64  0] (fcs=[144 144])
(8,16): hsc=[64  0] (fcs=[144 144])
(8,17): hsc=[64  0] (fcs=[144 144])
(8,18): hsc=[64  0] (fcs=[144 144])
(8,19): hsc=[64  0] (fcs=[144 144])
(8,20): hsc=[64  0] (fcs=[144 144])
(8,21): hsc=[64  0] (fcs=[144 144])
(8,22): hsc=[64  0] (fcs=[144 144])
(8,23): hsc=[64  0] (fcs=[144 144])
(8,24): hsc=[64  0] (fcs=[144 144])
(8,25): hsc=[64  0] (fcs=[144 144])
(8,26): hsc=[64  0] (fcs=[144 144])
(8,27): hsc=[64  0] (fcs=[144 144])
(8,28): hsc=[64  0] (fcs=[144 144])
(8,29): hsc=[64  0] (fcs=[144 144])
(8,30): hsc=[64  0] (fcs=[144 144])
(8,31): hsc=[64  0] (fcs=[144 144])
(8,32): hsc=[64  0] (fcs=[144 144])
(8,33): hsc=[64  0] (fcs=[144 144])
(8,34): hsc=[64  0] (fcs=[144 144])
(8,35): hsc=[64  0] (fcs=[144 144])
(8,36): hsc=[64  0] (fcs=[144 144])
(8,37): hsc=[64  0] (fcs=[144 144])
(8,38): hsc=[64  0] (fcs=[144 144])
(8,39): hsc=[64  0] (fcs=[144 144])
(8,40): hsc=[64  0] (fcs=[144 144])
(8,41): hsc=[64  0] (fcs=[144 144])
(8,42): hsc=[64  0] (fcs=[144 144])
(8,43): hsc=[64  0] (fcs=[144 144])
(8,44): hsc=[64  0] (fcs=[144 144])
(8,45): hsc=[64  0] (fcs=[144 144])
(8,46): hsc=[64  0] (fcs=[144 144])
(8,47): hsc=[64  0] (fcs=[144 144])
(8,48): hsc=[64  0] (fcs=[144 144])
(8,49): hsc=[64  0] (fcs=[144 144])
(8,50): hsc=[64  0] (fcs=[144 144])
(8,51): hsc=[64  0] (fcs=[144 144])
(8,52): hsc=[64  0] (fcs=[144 144])
(8,53): hsc=[64  0] (fcs=[144 144])
(8,54): hsc=[64  0] (fcs=[144 144])
(8,55): hsc=[64  0] (fcs=[144 144])
(8,56): hsc=[64  0] (fcs=[144 144])
(8,57): hsc=[64  0] (fcs=[144 144])
(8,58): hsc=[64  0] (fcs=[144 144])
(8,59): hsc=[64  0] (fcs=[144 144])
(8,60): hsc=[64  0] (fcs=[144 144])
(8,61): hsc=[64  0] (fcs=[144 144])
(8,62): hsc=[64  0] (fcs=[144 144])
(8,63): hsc=[64  0] (fcs=[144 144])
(8,64): hsc=[64  0] (fcs=[144 144])
(8,65): hsc=[64  0] (fcs=[144 144])
(8,66): hsc=[64  0] (fcs=[144 144])
(8,67): hsc=[64  0] (fcs=[144 144])
(8,68): hsc=[64  0] (fcs=[144 144])
(8,69): hsc=[64  0] (fcs=[144 144])
(8,70): hsc=[64  0] (fcs=[144 144])
(8,71): hsc=[64  0] (fcs=[144 144])
(8,72): hsc=[64  0] (fcs=[144 144])
(8,73): hsc=[64  0] (fcs=[144 144])
(8,74): hsc=[ 82 114] (fcs=[70 71])
(8,75): hsc=[118 158] (fcs=[144 143])
(8,76): hsc=[146  98] (fcs=[58 67])
(8,77): hsc=[182 142] (fcs=[68 75])
(8,78): hsc=[148 216] (fcs=[51 59])
(8,79): hsc=[118 158] (fcs=[144 143])
(8,80): hsc=[118 158] (fcs=[144 143])
(8,81): hsc=[246 202] (fcs=[173 198])
(8,82): hsc=[128 128] (fcs=[128 128])
(8,83): hsc=[128 128] (fcs=[128 128])
(8,84): hsc=[112 168] (fcs=[146 142])
(8,85): hsc=[220 228] (fcs=[146 140])
(8,86): hsc=[112 168] (fcs=[146 142])
(8,87): hsc=[194 222] (fcs=[191 170])
(8,88): hsc=[128 128] (fcs=[128 128])
(8,89): hsc=[128 128] (fcs=[128 128])
(8,90): hsc=[128 128] (fcs=[128 128])
(8,91): hsc=[240 100] (fcs=[171 185])
(8,92): hsc=[118 158] (fcs=[144 143])
(8,93): hsc=[118 158] (fcs=[144 143])
(8,94): hsc=[108  80] (fcs=[51 55])
(8,95): hsc=[ 36 100] (fcs=[76 78])
(8,96): hsc=[64  0] (fcs=[144 144])
(8,97): hsc=[64  0] (fcs=[144 144])
(8,98): hsc=[64  0] (fcs=[144 144])
(8,99): hsc=[64  0] (fcs=[144 144])
(8,100): hsc=[64  0] (fcs=[144 144])
(8,101): hsc=[64  0] (fcs=[144 144])
(8,102): hsc=[64  0] (fcs=[144 144])
(8,103): hsc=[64  0] (fcs=[144 144])
(8,104): hsc=[64  0] (fcs=[144 144])
(8,105): hsc=[64  0] (fcs=[144 144])
(8,106): hsc=[64  0] (fcs=[144 144])
(8,107): hsc=[64  0] (fcs=[144 144])
(8,108): hsc=[64  0] (fcs=[144 144])
(8,109): hsc=[64  0] (fcs=[144 144])
(8,110): hsc=[64  0] (fcs=[144 144])
(8,111): hsc=[64  0] (fcs=[144 144])
(8,112): hsc=[64  0] (fcs=[144 144])
(8,113): hsc=[64  0] (fcs=[144 144])
(8,114): hsc=[64  0] (fcs=[144 144])
(8,115): hsc=[64  0] (fcs=[144 144])
(8,116): hsc=[64  0] (fcs=[144 144])
(8,117): hsc=[64  0] (fcs=[144 144])
(8,118): hsc=[64  0] (fcs=[144 144])
(8,119): hsc=[64  0] (fcs=[144 144])
(8,120): hsc=[64  0] (fcs=[144 144])
(8,121): hsc=[64  0] (fcs=[144 144])
(8,122): hsc=[64  0] (fcs=[144 144])
(8,123): hsc=[64  0] (fcs=[144 144])
(8,124): hsc=[64  0] (fcs=[144 144])
(8,125): hsc=[64  0] (fcs=[144 144])
(8,126): hsc=[128 128] (fcs=[128 128])
(8,127): hsc=[128 128] (fcs=[128 128])
(9,0): hsc=[128 128] (fcs=[128 128])
(9,1): hsc=[128 128] (fcs=[128 128])
(9,2): hsc=[64  0] (fcs=[144 144])
(9,3): hsc=[64  0] (fcs=[144 144])
(9,4): hsc=[64  0] (fcs=[144 144])
(9,5): hsc=[64  0] (fcs=[144 144])
(9,6): hsc=[64  0] (fcs=[144 144])
(9,7): hsc=[64  0] (fcs=[144 144])
(9,8): hsc=[64  0] (fcs=[144 144])
(9,9): hsc=[64  0] (fcs=[144 144])
(9,10): hsc=[64  0] (fcs=[144 144])
(9,11): hsc=[64  0] (fcs=[144 144])
(9,12): hsc=[64  0] (fcs=[144 144])
(9,13): hsc=[64  0] (fcs=[144 144])
(9,14): hsc=[64  0] (fcs=[144 144])
(9,15): hsc=[64  0] (fcs=[144 144])
(9,16): hsc=[64  0] (fcs=[144 144])
(9,17): hsc=[64  0] (fcs=[144 144])
(9,18): hsc=[64  0] (fcs=[144 144])
(9,19): hsc=[64  0] (fcs=[144 144])
(9,20): hsc=[64  0] (fcs=[144 144])
(9,21): hsc=[64  0] (fcs=[144 144])
(9,22): hsc=[64  0] (fcs=[144 144])
(9,23): hsc=[64  0] (fcs=[144 144])
(9,24): hsc=[64  0] (fcs=[144 144])
(9,25): hsc=[64  0] (fcs=[144 144])
(9,26): hsc=[64  0] (fcs=[144 144])
(9,27): hsc=[64  0] (fcs=[144 144])
(9,28): hsc=[64  0] (fcs=[144 144])
(9,29): hsc=[64  0] (fcs=[144 144])
(9,30): hsc=[64  0] (fcs=[144 144])
(9,31): hsc=[64  0] (fcs=[144 144])
(9,32): hsc=[64  0] (fcs=[144 144])
(9,33): hsc=[64  0] (fcs=[144 144])
(9,34): hsc=[64  0] (fcs=[144 144])
(9,35): hsc=[64  0] (fcs=[144 144])
(9,36): hsc=[64  0] (fcs=[144 144])
(9,37): hsc=[64  0] (fcs=[144 144])
(9,38): hsc=[64  0] (fcs=[144 144])
(9,39): hsc=[64  0] (fcs=[144 144])
(9,40): hsc=[64  0] (fcs=[144 144])
(9,41): hsc=[64  0] (fcs=[144 144])
(9,42): hsc=[64  0] (fcs=[144 144])
(9,43): hsc=[64  0] (fcs=[144 144])
(9,44): hsc=[64  0] (fcs=[144 144])
(9,45): hsc=[64  0] (fcs=[144 144])
(9,46): hsc=[64  0] (fcs=[144 144])
(9,47): hsc=[64  0] (fcs=[144 144])
(9,48): hsc=[64  0] (fcs=[144 144])
(9,49): hsc=[64  0] (fcs=[144 144])
(9,50): hsc=[64  0] (fcs=[144 144])
(9,51): hsc=[64  0] (fcs=[144 144])
(9,52): hsc=[118 158] (fcs=[144 143])
(9,53): hsc=[64  0] (fcs=[144 144])
(9,54): hsc=[118 158] (fcs=[144 143])
(9,55): hsc=[64  0] (fcs=[144 144])
(9,56): hsc=[118 158] (fcs=[144 143])
(9,57): hsc=[64  0] (fcs=[144 144])
(9,58): hsc=[118 158] (fcs=[144 143])
(9,59): hsc=[64  0] (fcs=[144 144])
(9,60): hsc=[118 158] (fcs=[144 143])
(9,61): hsc=[64  0] (fcs=[144 144])
(9,62): hsc=[118 158] (fcs=[144 143])
(9,63): hsc=[64  0] (fcs=[144 144])
(9,64): hsc=[118 158] (fcs=[144 143])
(9,65): hsc=[64  0] (fcs=[144 144])
(9,66): hsc=[118 158] (fcs=[144 143])
(9,67): hsc=[64  0] (fcs=[144 144])
(9,68): hsc=[118 158] (fcs=[144 143])
(9,69): hsc=[64  0] (fcs=[144 144])
(9,70): hsc=[64  0] (fcs=[144 144])
(9,71): hsc=[64  0] (fcs=[144 144])
(9,72): hsc=[228  80] (fcs=[73 69])
(9,73): hsc=[222 202] (fcs=[143 144])
(9,74): hsc=[222 202] (fcs=[143 144])
(9,75): hsc=[118 158] (fcs=[144 143])
(9,76): hsc=[128 128] (fcs=[128 128])
(9,77): hsc=[128 128] (fcs=[128 128])
(9,78): hsc=[128 128] (fcs=[128 128])
(9,79): hsc=[128 128] (fcs=[128 128])
(9,80): hsc=[128 128] (fcs=[128 128])
(9,81): hsc=[216 212] (fcs=[145 143])
(9,82): hsc=[ 88 104] (fcs=[68 72])
(9,83): hsc=[22 42] (fcs=[61 70])
(9,84): hsc=[  4 148] (fcs=[56 66])
(9,85): hsc=[ 20 180] (fcs=[68 78])
(9,86): hsc=[142 118] (fcs=[72 83])
(9,87): hsc=[162 130] (fcs=[70 79])
(9,88): hsc=[202 118] (fcs=[51 58])
(9,89): hsc=[118 158] (fcs=[144 143])
(9,90): hsc=[118 158] (fcs=[144 143])
(9,91): hsc=[216 212] (fcs=[145 143])
(9,92): hsc=[128 128] (fcs=[128 128])
(9,93): hsc=[128 128] (fcs=[128 128])
(9,94): hsc=[128 128] (fcs=[128 128])
(9,95): hsc=[64  0] (fcs=[144 144])
(9,96): hsc=[128 128] (fcs=[128 128])
(9,97): hsc=[50 86] (fcs=[61 60])
(9,98): hsc=[ 12 216] (fcs=[73 73])
(9,99): hsc=[64  0] (fcs=[144 144])
(9,100): hsc=[64  0] (fcs=[144 144])
(9,101): hsc=[64  0] (fcs=[144 144])
(9,102): hsc=[64  0] (fcs=[144 144])
(9,103): hsc=[64  0] (fcs=[144 144])
(9,104): hsc=[64  0] (fcs=[144 144])
(9,105): hsc=[64  0] (fcs=[144 144])
(9,106): hsc=[64  0] (fcs=[144 144])
(9,107): hsc=[64  0] (fcs=[144 144])
(9,108): hsc=[64  0] (fcs=[144 144])
(9,109): hsc=[64  0] (fcs=[144 144])
(9,110): hsc=[64  0] (fcs=[144 144])
(9,111): hsc=[64  0] (fcs=[144 144])
(9,112): hsc=[64  0] (fcs=[144 144])
(9,113): hsc=[64  0] (fcs=[144 144])
(9,114): hsc=[64  0] (fcs=[144 144])
(9,115): hsc=[64  0] (fcs=[144 144])
(9,116): hsc=[64  0] (fcs=[144 144])
(9,117): hsc=[64  0] (fcs=[144 144])
(9,118): hsc=[64  0] (fcs=[144 144])
(9,119): hsc=[64  0] (fcs=[144 144])
(9,120): hsc=[64  0] (fcs=[144 144])
(9,121): hsc=[64  0] (fcs=[144 144])
(9,122): hsc=[64  0] (fcs=[144 144])
(9,123): hsc=[64  0] (fcs=[144 144])
(9,124): hsc=[64  0] (fcs=[144 144])
(9,125): hsc=[64  0] (fcs=[144 144])
(9,126): hsc=[128 128] (fcs=[128 128])
(9,127): hsc=[128 128] (fcs=[128 128])
(10,0): hsc=[128 128] (fcs=[128 128])
(10,1): hsc=[128 128] (fcs=[128 128])
(10,2): hsc=[64  0] (fcs=[144 144])
(10,3): hsc=[64  0] (fcs=[144 144])
(10,4): hsc=[64  0] (fcs=[144 144])
(10,5): hsc=[64  0] (fcs=[144 144])
(10,6): hsc=[64  0] (fcs=[144 144])
(10,7): hsc=[64  0] (fcs=[144 144])
(10,8): hsc=[64  0] (fcs=[144 144])
(10,9): hsc=[64  0] (fcs=[144 144])
(10,10): hsc=[64  0] (fcs=[144 144])
(10,11): hsc=[64  0] (fcs=[144 144])
(10,12): hsc=[64  0] (fcs=[144 144])
(10,13): hsc=[64  0] (fcs=[144 144])
(10,14): hsc=[64  0] (fcs=[144 144])
(10,15): hsc=[64  0] (fcs=[144 144])
(10,16): hsc=[64  0] (fcs=[144 144])
(10,17): hsc=[64  0] (fcs=[144 144])
(10,18): hsc=[64  0] (fcs=[144 144])
(10,19): hsc=[64  0] (fcs=[144 144])
(10,20): hsc=[64  0] (fcs=[144 144])
(10,21): hsc=[64  0] (fcs=[144 144])
(10,22): hsc=[64  0] (fcs=[144 144])
(10,23): hsc=[64  0] (fcs=[144 144])
(10,24): hsc=[64  0] (fcs=[144 144])
(10,25): hsc=[64  0] (fcs=[144 144])
(10,26): hsc=[64  0] (fcs=[144 144])
(10,27): hsc=[64  0] (fcs=[144 144])
(10,28): hsc=[64  0] (fcs=[144 144])
(10,29): hsc=[64  0] (fcs=[144 144])
(10,30): hsc=[64  0] (fcs=[144 144])
(10,31): hsc=[64  0] (fcs=[144 144])
(10,32): hsc=[64  0] (fcs=[144 144])
(10,33): hsc=[64  0] (fcs=[144 144])
(10,34): hsc=[64  0] (fcs=[144 144])
(10,35): hsc=[64  0] (fcs=[144 144])
(10,36): hsc=[64  0] (fcs=[144 144])
(10,37): hsc=[64  0] (fcs=[144 144])
(10,38): hsc=[64  0] (fcs=[144 144])
(10,39): hsc=[64  0] (fcs=[144 144])
(10,40): hsc=[64  0] (fcs=[144 144])
(10,41): hsc=[64  0] (fcs=[144 144])
(10,42): hsc=[64  0] (fcs=[144 144])
(10,43): hsc=[222 202] (fcs=[143 144])
(10,44): hsc=[64  0] (fcs=[144 144])
(10,45): hsc=[222 202] (fcs=[143 144])
(10,46): hsc=[64  0] (fcs=[144 144])
(10,47): hsc=[64  0] (fcs=[144 144])
(10,48): hsc=[64  0] (fcs=[144 144])
(10,49): hsc=[64  0] (fcs=[144 144])
(10,50): hsc=[118 158] (fcs=[144 143])
(10,51): hsc=[64  0] (fcs=[144 144])
(10,52): hsc=[118 158] (fcs=[144 143])
(10,53): hsc=[118 158] (fcs=[144 143])
(10,54): hsc=[146 134] (fcs=[73 80])
(10,55): hsc=[42 90] (fcs=[74 79])
(10,56): hsc=[ 30 150] (fcs=[52 63])
(10,57): hsc=[ 24 196] (fcs=[69 75])
(10,58): hsc=[224 104] (fcs=[46 58])
(10,59): hsc=[238 162] (fcs=[61 66])
(10,60): hsc=[100  12] (fcs=[34 48])
(10,61): hsc=[236  44] (fcs=[68 74])
(10,62): hsc=[196 204] (fcs=[42 56])
(10,63): hsc=[236  44] (fcs=[68 74])
(10,64): hsc=[108 192] (fcs=[55 67])
(10,65): hsc=[174  34] (fcs=[77 82])
(10,66): hsc=[146 134] (fcs=[73 80])
(10,67): hsc=[ 46 106] (fcs=[75 76])
(10,68): hsc=[118 158] (fcs=[144 143])
(10,69): hsc=[118 158] (fcs=[144 143])
(10,70): hsc=[14 42] (fcs=[51 52])
(10,71): hsc=[190 138] (fcs=[55 56])
(10,72): hsc=[ 20 104] (fcs=[143 143])
(10,73): hsc=[126 130] (fcs=[185 222])
(10,74): hsc=[ 84 124] (fcs=[210 216])
(10,75): hsc=[ 20 104] (fcs=[143 143])
(10,76): hsc=[216 212] (fcs=[145 143])
(10,77): hsc=[220 228] (fcs=[146 140])
(10,78): hsc=[62 26] (fcs=[147 140])
(10,79): hsc=[166  70] (fcs=[146 141])
(10,80): hsc=[208   0] (fcs=[68 84])
(10,81): hsc=[166  70] (fcs=[146 141])
(10,82): hsc=[ 14 114] (fcs=[145 142])
(10,83): hsc=[ 14 114] (fcs=[145 142])
(10,84): hsc=[ 14 114] (fcs=[145 142])
(10,85): hsc=[166  70] (fcs=[146 141])
(10,86): hsc=[ 14 114] (fcs=[145 142])
(10,87): hsc=[ 14 114] (fcs=[145 142])
(10,88): hsc=[ 14 114] (fcs=[145 142])
(10,89): hsc=[112 168] (fcs=[146 142])
(10,90): hsc=[ 10 174] (fcs=[69 80])
(10,91): hsc=[166  70] (fcs=[146 141])
(10,92): hsc=[158 114] (fcs=[69 82])
(10,93): hsc=[122 174] (fcs=[145 140])
(10,94): hsc=[128 128] (fcs=[128 128])
(10,95): hsc=[128 128] (fcs=[128 128])
(10,96): hsc=[128 128] (fcs=[128 128])
(10,97): hsc=[222 202] (fcs=[143 144])
(10,98): hsc=[124   0] (fcs=[59 55])
(10,99): hsc=[ 82 114] (fcs=[70 71])
(10,100): hsc=[64  0] (fcs=[144 144])
(10,101): hsc=[64  0] (fcs=[144 144])
(10,102): hsc=[64  0] (fcs=[144 144])
(10,103): hsc=[64  0] (fcs=[144 144])
(10,104): hsc=[64  0] (fcs=[144 144])
(10,105): hsc=[64  0] (fcs=[144 144])
(10,106): hsc=[64  0] (fcs=[144 144])
(10,107): hsc=[64  0] (fcs=[144 144])
(10,108): hsc=[64  0] (fcs=[144 144])
(10,109): hsc=[64  0] (fcs=[144 144])
(10,110): hsc=[64  0] (fcs=[144 144])
(10,111): hsc=[64  0] (fcs=[144 144])
(10,112): hsc=[64  0] (fcs=[144 144])
(10,113): hsc=[64  0] (fcs=[144 144])
(10,114): hsc=[64  0] (fcs=[144 144])
(10,115): hsc=[64  0] (fcs=[144 144])
(10,116): hsc=[64  0] (fcs=[144 144])
(10,117): hsc=[64  0] (fcs=[144 144])
(10,118): hsc=[64  0] (fcs=[144 144])
(10,119): hsc=[64  0] (fcs=[144 144])
(10,120): hsc=[64  0] (fcs=[144 144])
(10,121): hsc=[64  0] (fcs=[144 144])
(10,122): hsc=[64  0] (fcs=[144 144])
(10,123): hsc=[64  0] (fcs=[144 144])
(10,124): hsc=[64  0] (fcs=[144 144])
(10,125): hsc=[64  0] (fcs=[144 144])
(10,126): hsc=[128 128] (fcs=[128 128])
(10,127): hsc=[128 128] (fcs=[128 128])
(11,0): hsc=[128 128] (fcs=[128 128])
(11,1): hsc=[128 128] (fcs=[128 128])
(11,2): hsc=[64  0] (fcs=[144 144])
(11,3): hsc=[64  0] (fcs=[144 144])
(11,4): hsc=[64  0] (fcs=[144 144])
(11,5): hsc=[64  0] (fcs=[144 144])
(11,6): hsc=[64  0] (fcs=[144 144])
(11,7): hsc=[64  0] (fcs=[144 144])
(11,8): hsc=[64  0] (fcs=[144 144])
(11,9): hsc=[64  0] (fcs=[144 144])
(11,10): hsc=[64  0] (fcs=[144 144])
(11,11): hsc=[64  0] (fcs=[144 144])
(11,12): hsc=[64  0] (fcs=[144 144])
(11,13): hsc=[64  0] (fcs=[144 144])
(11,14): hsc=[64  0] (fcs=[144 144])
(11,15): hsc=[64  0] (fcs=[144 144])
(11,16): hsc=[64  0] (fcs=[144 144])
(11,17): hsc=[64  0] (fcs=[144 144])
(11,18): hsc=[64  0] (fcs=[144 144])
(11,19): hsc=[64  0] (fcs=[144 144])
(11,20): hsc=[64  0] (fcs=[144 144])
(11,21): hsc=[64  0] (fcs=[144 144])
(11,22): hsc=[64  0] (fcs=[144 144])
(11,23): hsc=[64  0] (fcs=[144 144])
(11,24): hsc=[64  0] (fcs=[144 144])
(11,25): hsc=[64  0] (fcs=[144 144])
(11,26): hsc=[64  0] (fcs=[144 144])
(11,27): hsc=[64  0] (fcs=[144 144])
(11,28): hsc=[64  0] (fcs=[144 144])
(11,29): hsc=[64  0] (fcs=[144 144])
(11,30): hsc=[64  0] (fcs=[144 144])
(11,31): hsc=[64  0] (fcs=[144 144])
(11,32): hsc=[64  0] (fcs=[144 144])
(11,33): hsc=[64  0] (fcs=[144 144])
(11,34): hsc=[64  0] (fcs=[144 144])
(11,35): hsc=[64  0] (fcs=[144 144])
(11,36): hsc=[64  0] (fcs=[144 144])
(11,37): hsc=[64  0] (fcs=[144 144])
(11,38): hsc=[64  0] (fcs=[144 144])
(11,39): hsc=[64  0] (fcs=[144 144])
(11,40): hsc=[118 158] (fcs=[144 143])
(11,41): hsc=[64  0] (fcs=[144 144])
(11,42): hsc=[64  0] (fcs=[144 144])
(11,43): hsc=[222 202] (fcs=[143 144])
(11,44): hsc=[232 208] (fcs=[78 78])
(11,45): hsc=[ 98 250] (fcs=[63 58])
(11,46): hsc=[188 164] (fcs=[58 52])
(11,47): hsc=[ 38 106] (fcs=[65 58])
(11,48): hsc=[250 210] (fcs=[64 57])
(11,49): hsc=[ 28 100] (fcs=[66 60])
(11,50): hsc=[222 202] (fcs=[143 144])
(11,51): hsc=[154 166] (fcs=[75 74])
(11,52): hsc=[ 20 104] (fcs=[143 143])
(11,53): hsc=[216 212] (fcs=[145 143])
(11,54): hsc=[128 128] (fcs=[128 128])
(11,55): hsc=[112 168] (fcs=[146 142])
(11,56): hsc=[128 128] (fcs=[128 128])
(11,57): hsc=[ 96 240] (fcs=[220 196])
(11,58): hsc=[128 128] (fcs=[128 128])
(11,59): hsc=[112 168] (fcs=[146 142])
(11,60): hsc=[198 234] (fcs=[233 194])
(11,61): hsc=[116 250] (fcs=[218 192])
(11,62): hsc=[128 128] (fcs=[128 128])
(11,63): hsc=[84  4] (fcs=[224 194])
(11,64): hsc=[128 128] (fcs=[128 128])
(11,65): hsc=[126  38] (fcs=[232 203])
(11,66): hsc=[144 192] (fcs=[196 180])
(11,67): hsc=[216 212] (fcs=[145 143])
(11,68): hsc=[118 158] (fcs=[144 143])
(11,69): hsc=[118 158] (fcs=[144 143])
(11,70): hsc=[162  54] (fcs=[81 80])
(11,71): hsc=[222 202] (fcs=[143 144])
(11,72): hsc=[128 128] (fcs=[128 128])
(11,73): hsc=[128 128] (fcs=[128 128])
(11,74): hsc=[134 150] (fcs=[54 41])
(11,75): hsc=[128 128] (fcs=[128 128])
(11,76): hsc=[120  60] (fcs=[47 57])
(11,77): hsc=[68 16] (fcs=[145 141])
(11,78): hsc=[166  70] (fcs=[146 141])
(11,79): hsc=[166  70] (fcs=[146 141])
(11,80): hsc=[166  70] (fcs=[146 141])
(11,81): hsc=[166  70] (fcs=[146 141])
(11,82): hsc=[166  70] (fcs=[146 141])
(11,83): hsc=[166  70] (fcs=[146 141])
(11,84): hsc=[166  70] (fcs=[146 141])
(11,85): hsc=[166  70] (fcs=[146 141])
(11,86): hsc=[166  70] (fcs=[146 141])
(11,87): hsc=[166  70] (fcs=[146 141])
(11,88): hsc=[166  70] (fcs=[146 141])
(11,89): hsc=[166  70] (fcs=[146 141])
(11,90): hsc=[166  70] (fcs=[146 141])
(11,91): hsc=[166  70] (fcs=[146 141])
(11,92): hsc=[166  70] (fcs=[146 141])
(11,93): hsc=[68 16] (fcs=[145 141])
(11,94): hsc=[128 128] (fcs=[128 128])
(11,95): hsc=[130 138] (fcs=[76 81])
(11,96): hsc=[216 212] (fcs=[145 143])
(11,97): hsc=[128 128] (fcs=[128 128])
(11,98): hsc=[128 128] (fcs=[128 128])
(11,99): hsc=[118 158] (fcs=[144 143])
(11,100): hsc=[228   8] (fcs=[43 43])
(11,101): hsc=[64  0] (fcs=[144 144])
(11,102): hsc=[64  0] (fcs=[144 144])
(11,103): hsc=[64  0] (fcs=[144 144])
(11,104): hsc=[64  0] (fcs=[144 144])
(11,105): hsc=[64  0] (fcs=[144 144])
(11,106): hsc=[64  0] (fcs=[144 144])
(11,107): hsc=[64  0] (fcs=[144 144])
(11,108): hsc=[64  0] (fcs=[144 144])
(11,109): hsc=[64  0] (fcs=[144 144])
(11,110): hsc=[64  0] (fcs=[144 144])
(11,111): hsc=[64  0] (fcs=[144 144])
(11,112): hsc=[64  0] (fcs=[144 144])
(11,113): hsc=[64  0] (fcs=[144 144])
(11,114): hsc=[64  0] (fcs=[144 144])
(11,115): hsc=[64  0] (fcs=[144 144])
(11,116): hsc=[64  0] (fcs=[144 144])
(11,117): hsc=[64  0] (fcs=[144 144])
(11,118): hsc=[64  0] (fcs=[144 144])
(11,119): hsc=[64  0] (fcs=[144 144])
(11,120): hsc=[64  0] (fcs=[144 144])
(11,121): hsc=[64  0] (fcs=[144 144])
(11,122): hsc=[64  0] (fcs=[144 144])
(11,123): hsc=[64  0] (fcs=[144 144])
(11,124): hsc=[64  0] (fcs=[144 144])
(11,125): hsc=[64  0] (fcs=[144 144])
(11,126): hsc=[128 128] (fcs=[128 128])
(11,127): hsc=[128 128] (fcs=[128 128])
(12,0): hsc=[128 128] (fcs=[128 128])
(12,1): hsc=[128 128] (fcs=[128 128])
(12,2): hsc=[64  0] (fcs=[144 144])
(12,3): hsc=[64  0] (fcs=[144 144])
(12,4): hsc=[64  0] (fcs=[144 144])
(12,5): hsc=[64  0] (fcs=[144 144])
(12,6): hsc=[64  0] (fcs=[144 144])
(12,7): hsc=[64  0] (fcs=[144 144])
(12,8): hsc=[64  0] (fcs=[144 144])
(12,9): hsc=[64  0] (fcs=[144 144])
(12,10): hsc=[64  0] (fcs=[144 144])
(12,11): hsc=[64  0] (fcs=[144 144])
(12,12): hsc=[64  0] (fcs=[144 144])
(12,13): hsc=[64  0] (fcs=[144 144])
(12,14): hsc=[64  0] (fcs=[144 144])
(12,15): hsc=[64  0] (fcs=[144 144])
(12,16): hsc=[64  0] (fcs=[144 144])
(12,17): hsc=[64  0] (fcs=[144 144])
(12,18): hsc=[64  0] (fcs=[144 144])
(12,19): hsc=[64  0] (fcs=[144 144])
(12,20): hsc=[64  0] (fcs=[144 144])
(12,21): hsc=[64  0] (fcs=[144 144])
(12,22): hsc=[64  0] (fcs=[144 144])
(12,23): hsc=[64  0] (fcs=[144 144])
(12,24): hsc=[64  0] (fcs=[144 144])
(12,25): hsc=[64  0] (fcs=[144 144])
(12,26): hsc=[64  0] (fcs=[144 144])
(12,27): hsc=[64  0] (fcs=[144 144])
(12,28): hsc=[64  0] (fcs=[144 144])
(12,29): hsc=[64  0] (fcs=[144 144])
(12,30): hsc=[64  0] (fcs=[144 144])
(12,31): hsc=[64  0] (fcs=[144 144])
(12,32): hsc=[64  0] (fcs=[144 144])
(12,33): hsc=[64  0] (fcs=[144 144])
(12,34): hsc=[64  0] (fcs=[144 144])
(12,35): hsc=[222 202] (fcs=[143 144])
(12,36): hsc=[64  0] (fcs=[144 144])
(12,37): hsc=[222 202] (fcs=[143 144])
(12,38): hsc=[64  0] (fcs=[144 144])
(12,39): hsc=[222 202] (fcs=[79 80])
(12,40): hsc=[78 98] (fcs=[69 74])
(12,41): hsc=[164 248] (fcs=[63 71])
(12,42): hsc=[246  50] (fcs=[67 72])
(12,43): hsc=[118 158] (fcs=[144 143])
(12,44): hsc=[64  0] (fcs=[144 144])
(12,45): hsc=[124 148] (fcs=[142 144])
(12,46): hsc=[108  80] (fcs=[179 183])
(12,47): hsc=[128 128] (fcs=[128 128])
(12,48): hsc=[84 56] (fcs=[203 227])
(12,49): hsc=[126  54] (fcs=[196 223])
(12,50): hsc=[250 142] (fcs=[185 196])
(12,51): hsc=[128 128] (fcs=[128 128])
(12,52): hsc=[128 128] (fcs=[128 128])
(12,53): hsc=[128 128] (fcs=[128 128])
(12,54): hsc=[170 230] (fcs=[207 190])
(12,55): hsc=[94 50] (fcs=[197 178])
(12,56): hsc=[ 86 162] (fcs=[191 172])
(12,57): hsc=[ 4 64] (fcs=[213 185])
(12,58): hsc=[166  70] (fcs=[146 141])
(12,59): hsc=[166  70] (fcs=[146 141])
(12,60): hsc=[220 228] (fcs=[146 140])
(12,61): hsc=[122 174] (fcs=[145 140])
(12,62): hsc=[220 228] (fcs=[146 140])
(12,63): hsc=[220 228] (fcs=[146 140])
(12,64): hsc=[166  70] (fcs=[146 141])
(12,65): hsc=[168 220] (fcs=[195 173])
(12,66): hsc=[112 168] (fcs=[146 142])
(12,67): hsc=[ 50 230] (fcs=[185 176])
(12,68): hsc=[216 212] (fcs=[145 143])
(12,69): hsc=[ 10 242] (fcs=[204 197])
(12,70): hsc=[178 194] (fcs=[202 195])
(12,71): hsc=[128 128] (fcs=[128 128])
(12,72): hsc=[128 128] (fcs=[128 128])
(12,73): hsc=[128 128] (fcs=[128 128])
(12,74): hsc=[172  60] (fcs=[144 142])
(12,75): hsc=[118 158] (fcs=[144 143])
(12,76): hsc=[ 14 114] (fcs=[145 142])
(12,77): hsc=[166  70] (fcs=[146 141])
(12,78): hsc=[ 98 222] (fcs=[71 82])
(12,79): hsc=[ 14 114] (fcs=[145 142])
(12,80): hsc=[ 14 114] (fcs=[145 142])
(12,81): hsc=[166  70] (fcs=[146 141])
(12,82): hsc=[166  70] (fcs=[146 141])
(12,83): hsc=[166  70] (fcs=[146 141])
(12,84): hsc=[166  70] (fcs=[146 141])
(12,85): hsc=[166  70] (fcs=[146 141])
(12,86): hsc=[166  70] (fcs=[146 141])
(12,87): hsc=[166  70] (fcs=[146 141])
(12,88): hsc=[166  70] (fcs=[146 141])
(12,89): hsc=[166  70] (fcs=[146 141])
(12,90): hsc=[166  70] (fcs=[146 141])
(12,91): hsc=[166  70] (fcs=[146 141])
(12,92): hsc=[166  70] (fcs=[146 141])
(12,93): hsc=[ 14 114] (fcs=[145 142])
(12,94): hsc=[ 14 114] (fcs=[145 142])
(12,95): hsc=[238  18] (fcs=[65 78])
(12,96): hsc=[102 166] (fcs=[42 53])
(12,97): hsc=[  2 242] (fcs=[194 179])
(12,98): hsc=[128 128] (fcs=[128 128])
(12,99): hsc=[168  80] (fcs=[222 222])
(12,100): hsc=[136  16] (fcs=[70 70])
(12,101): hsc=[216 140] (fcs=[51 53])
(12,102): hsc=[232 208] (fcs=[78 78])
(12,103): hsc=[64  0] (fcs=[144 144])
(12,104): hsc=[64  0] (fcs=[144 144])
(12,105): hsc=[64  0] (fcs=[144 144])
(12,106): hsc=[64  0] (fcs=[144 144])
(12,107): hsc=[64  0] (fcs=[144 144])
(12,108): hsc=[64  0] (fcs=[144 144])
(12,109): hsc=[64  0] (fcs=[144 144])
(12,110): hsc=[64  0] (fcs=[144 144])
(12,111): hsc=[64  0] (fcs=[144 144])
(12,112): hsc=[64  0] (fcs=[144 144])
(12,113): hsc=[64  0] (fcs=[144 144])
(12,114): hsc=[64  0] (fcs=[144 144])
(12,115): hsc=[64  0] (fcs=[144 144])
(12,116): hsc=[64  0] (fcs=[144 144])
(12,117): hsc=[64  0] (fcs=[144 144])
(12,118): hsc=[64  0] (fcs=[144 144])
(12,119): hsc=[64  0] (fcs=[144 144])
(12,120): hsc=[64  0] (fcs=[144 144])
(12,121): hsc=[64  0] (fcs=[144 144])
(12,122): hsc=[64  0] (fcs=[144 144])
(12,123): hsc=[64  0] (fcs=[144 144])
(12,124): hsc=[64  0] (fcs=[144 144])
(12,125): hsc=[64  0] (fcs=[144 144])
(12,126): hsc=[128 128] (fcs=[128 128])
(12,127): hsc=[128 128] (fcs=[128 128])
(13,0): hsc=[128 128] (fcs=[128 128])
(13,1): hsc=[128 128] (fcs=[128 128])
(13,2): hsc=[64  0] (fcs=[144 144])
(13,3): hsc=[64  0] (fcs=[144 144])
(13,4): hsc=[64  0] (fcs=[144 144])
(13,5): hsc=[64  0] (fcs=[144 144])
(13,6): hsc=[64  0] (fcs=[144 144])
(13,7): hsc=[64  0] (fcs=[144 144])
(13,8): hsc=[64  0] (fcs=[144 144])
(13,9): hsc=[64  0] (fcs=[144 144])
(13,10): hsc=[64  0] (fcs=[144 144])
(13,11): hsc=[64  0] (fcs=[144 144])
(13,12): hsc=[64  0] (fcs=[144 144])
(13,13): hsc=[64  0] (fcs=[144 144])
(13,14): hsc=[64  0] (fcs=[144 144])
(13,15): hsc=[64  0] (fcs=[144 144])
(13,16): hsc=[64  0] (fcs=[144 144])
(13,17): hsc=[64  0] (fcs=[144 144])
(13,18): hsc=[64  0] (fcs=[144 144])
(13,19): hsc=[64  0] (fcs=[144 144])
(13,20): hsc=[64  0] (fcs=[144 144])
(13,21): hsc=[64  0] (fcs=[144 144])
(13,22): hsc=[64  0] (fcs=[144 144])
(13,23): hsc=[64  0] (fcs=[144 144])
(13,24): hsc=[64  0] (fcs=[144 144])
(13,25): hsc=[64  0] (fcs=[144 144])
(13,26): hsc=[64  0] (fcs=[144 144])
(13,27): hsc=[64  0] (fcs=[144 144])
(13,28): hsc=[64  0] (fcs=[144 144])
(13,29): hsc=[64  0] (fcs=[144 144])
(13,30): hsc=[64  0] (fcs=[144 144])
(13,31): hsc=[64  0] (fcs=[144 144])
(13,32): hsc=[118 158] (fcs=[144 143])
(13,33): hsc=[64  0] (fcs=[144 144])
(13,34): hsc=[64  0] (fcs=[144 144])
(13,35): hsc=[222 202] (fcs=[143 144])
(13,36): hsc=[200 180] (fcs=[69 67])
(13,37): hsc=[128 128] (fcs=[128 128])
(13,38): hsc=[128 128] (fcs=[128 128])
(13,39): hsc=[154 166] (fcs=[75 74])
(13,40): hsc=[ 14 114] (fcs=[145 142])
(13,41): hsc=[124 216] (fcs=[213 197])
(13,42): hsc=[128 128] (fcs=[128 128])
(13,43): hsc=[128 128] (fcs=[128 128])
(13,44): hsc=[128 128] (fcs=[128 128])
(13,45): hsc=[128 128] (fcs=[128 128])
(13,46): hsc=[128 128] (fcs=[128 128])
(13,47): hsc=[250   6] (fcs=[208 195])
(13,48): hsc=[172  60] (fcs=[144 142])
(13,49): hsc=[118 158] (fcs=[144 143])
(13,50): hsc=[188  20] (fcs=[62 64])
(13,51): hsc=[116 224] (fcs=[57 61])
(13,52): hsc=[118 158] (fcs=[144 143])
(13,53): hsc=[ 60 204] (fcs=[64 70])
(13,54): hsc=[146 134] (fcs=[73 80])
(13,55): hsc=[164 248] (fcs=[63 71])
(13,56): hsc=[216  32] (fcs=[70 78])
(13,57): hsc=[ 14 114] (fcs=[145 142])
(13,58): hsc=[ 14 114] (fcs=[145 142])
(13,59): hsc=[ 14 114] (fcs=[145 142])
(13,60): hsc=[ 14 114] (fcs=[145 142])
(13,61): hsc=[ 14 114] (fcs=[145 142])
(13,62): hsc=[ 14 114] (fcs=[145 142])
(13,63): hsc=[ 14 114] (fcs=[145 142])
(13,64): hsc=[ 14 114] (fcs=[145 142])
(13,65): hsc=[ 14 114] (fcs=[145 142])
(13,66): hsc=[ 14 114] (fcs=[145 142])
(13,67): hsc=[216 212] (fcs=[145 143])
(13,68): hsc=[118 158] (fcs=[144 143])
(13,69): hsc=[174  34] (fcs=[77 82])
(13,70): hsc=[184  40] (fcs=[76 80])
(13,71): hsc=[114 106] (fcs=[64 69])
(13,72): hsc=[150 114] (fcs=[59 64])
(13,73): hsc=[224 140] (fcs=[61 71])
(13,74): hsc=[ 14 114] (fcs=[145 142])
(13,75): hsc=[ 18 162] (fcs=[202 179])
(13,76): hsc=[128 128] (fcs=[128 128])
(13,77): hsc=[218  66] (fcs=[220 189])
(13,78): hsc=[ 14 114] (fcs=[145 142])
(13,79): hsc=[ 14 114] (fcs=[145 142])
(13,80): hsc=[234 110] (fcs=[45 56])
(13,81): hsc=[68 16] (fcs=[145 141])
(13,82): hsc=[166  70] (fcs=[146 141])
(13,83): hsc=[166  70] (fcs=[146 141])
(13,84): hsc=[166  70] (fcs=[146 141])
(13,85): hsc=[166  70] (fcs=[146 141])
(13,86): hsc=[166  70] (fcs=[146 141])
(13,87): hsc=[166  70] (fcs=[146 141])
(13,88): hsc=[166  70] (fcs=[146 141])
(13,89): hsc=[166  70] (fcs=[146 141])
(13,90): hsc=[166  70] (fcs=[146 141])
(13,91): hsc=[166  70] (fcs=[146 141])
(13,92): hsc=[166  70] (fcs=[146 141])
(13,93): hsc=[166  70] (fcs=[146 141])
(13,94): hsc=[166  70] (fcs=[146 141])
(13,95): hsc=[68 16] (fcs=[145 141])
(13,96): hsc=[132 112] (fcs=[73 85])
(13,97): hsc=[112 168] (fcs=[146 142])
(13,98): hsc=[112 168] (fcs=[146 142])
(13,99): hsc=[128 128] (fcs=[128 128])
(13,100): hsc=[128 128] (fcs=[128 128])
(13,101): hsc=[ 20 104] (fcs=[143 143])
(13,102): hsc=[228   8] (fcs=[43 43])
(13,103): hsc=[100   8] (fcs=[75 75])
(13,104): hsc=[64  0] (fcs=[144 144])
(13,105): hsc=[64  0] (fcs=[144 144])
(13,106): hsc=[64  0] (fcs=[144 144])
(13,107): hsc=[64  0] (fcs=[144 144])
(13,108): hsc=[64  0] (fcs=[144 144])
(13,109): hsc=[64  0] (fcs=[144 144])
(13,110): hsc=[64  0] (fcs=[144 144])
(13,111): hsc=[64  0] (fcs=[144 144])
(13,112): hsc=[64  0] (fcs=[144 144])
(13,113): hsc=[64  0] (fcs=[144 144])
(13,114): hsc=[64  0] (fcs=[144 144])
(13,115): hsc=[64  0] (fcs=[144 144])
(13,116): hsc=[64  0] (fcs=[144 144])
(13,117): hsc=[64  0] (fcs=[144 144])
(13,118): hsc=[64  0] (fcs=[144 144])
(13,119): hsc=[64  0] (fcs=[144 144])
(13,120): hsc=[64  0] (fcs=[144 144])
(13,121): hsc=[64  0] (fcs=[144 144])
(13,122): hsc=[64  0] (fcs=[144 144])
(13,123): hsc=[64  0] (fcs=[144 144])
(13,124): hsc=[64  0] (fcs=[144 144])
(13,125): hsc=[64  0] (fcs=[144 144])
(13,126): hsc=[128 128] (fcs=[128 128])
(13,127): hsc=[128 128] (fcs=[128 128])
(14,0): hsc=[128 128] (fcs=[128 128])
(14,1): hsc=[128 128] (fcs=[128 128])
(14,2): hsc=[64  0] (fcs=[144 144])
(14,3): hsc=[64  0] (fcs=[144 144])
(14,4): hsc=[64  0] (fcs=[144 144])
(14,5): hsc=[64  0] (fcs=[144 144])
(14,6): hsc=[64  0] (fcs=[144 144])
(14,7): hsc=[64  0] (fcs=[144 144])
(14,8): hsc=[64  0] (fcs=[144 144])
(14,9): hsc=[64  0] (fcs=[144 144])
(14,10): hsc=[64  0] (fcs=[144 144])
(14,11): hsc=[64  0] (fcs=[144 144])
(14,12): hsc=[64  0] (fcs=[144 144])
(14,13): hsc=[64  0] (fcs=[144 144])
(14,14): hsc=[64  0] (fcs=[144 144])
(14,15): hsc=[64  0] (fcs=[144 144])
(14,16): hsc=[64  0] (fcs=[144 144])
(14,17): hsc=[64  0] (fcs=[144 144])
(14,18): hsc=[64  0] (fcs=[144 144])
(14,19): hsc=[64  0] (fcs=[144 144])
(14,20): hsc=[64  0] (fcs=[144 144])
(14,21): hsc=[64  0] (fcs=[144 144])
(14,22): hsc=[64  0] (fcs=[144 144])
(14,23): hsc=[64  0] (fcs=[144 144])
(14,24): hsc=[64  0] (fcs=[144 144])
(14,25): hsc=[64  0] (fcs=[144 144])
(14,26): hsc=[64  0] (fcs=[144 144])
(14,27): hsc=[64  0] (fcs=[144 144])
(14,28): hsc=[64  0] (fcs=[144 144])
(14,29): hsc=[222 202] (fcs=[143 144])
(14,30): hsc=[64  0] (fcs=[144 144])
(14,31): hsc=[64  0] (fcs=[144 144])
(14,32): hsc=[108 116] (fcs=[66 68])
(14,33): hsc=[118 158] (fcs=[144 143])
(14,34): hsc=[118 158] (fcs=[144 143])
(14,35): hsc=[222 202] (fcs=[143 144])
(14,36): hsc=[222 202] (fcs=[143 144])
(14,37): hsc=[208  40] (fcs=[170 198])
(14,38): hsc=[166 146] (fcs=[199 204])
(14,39): hsc=[128 128] (fcs=[128 128])
(14,40): hsc=[128 128] (fcs=[128 128])
(14,41): hsc=[128 128] (fcs=[128 128])
(14,42): hsc=[ 18 122] (fcs=[228 193])
(14,43): hsc=[68 16] (fcs=[145 141])
(14,44): hsc=[166  70] (fcs=[146 141])
(14,45): hsc=[166  70] (fcs=[146 141])
(14,46): hsc=[218   6] (fcs=[67 82])
(14,47): hsc=[166  70] (fcs=[146 141])
(14,48): hsc=[68 16] (fcs=[145 141])
(14,49): hsc=[112 168] (fcs=[146 142])
(14,50): hsc=[ 14 114] (fcs=[145 142])
(14,51): hsc=[112 168] (fcs=[146 142])
(14,52): hsc=[ 14 114] (fcs=[145 142])
(14,53): hsc=[166  70] (fcs=[146 141])
(14,54): hsc=[ 14 114] (fcs=[145 142])
(14,55): hsc=[166  70] (fcs=[146 141])
(14,56): hsc=[ 14 114] (fcs=[145 142])
(14,57): hsc=[112 168] (fcs=[146 142])
(14,58): hsc=[ 14 114] (fcs=[145 142])
(14,59): hsc=[166  70] (fcs=[146 141])
(14,60): hsc=[68 16] (fcs=[145 141])
(14,61): hsc=[166  70] (fcs=[146 141])
(14,62): hsc=[68 16] (fcs=[145 141])
(14,63): hsc=[166  70] (fcs=[146 141])
(14,64): hsc=[ 14 114] (fcs=[145 142])
(14,65): hsc=[112 168] (fcs=[146 142])
(14,66): hsc=[ 14 114] (fcs=[145 142])
(14,67): hsc=[ 14 114] (fcs=[145 142])
(14,68): hsc=[ 14 114] (fcs=[145 142])
(14,69): hsc=[112 168] (fcs=[146 142])
(14,70): hsc=[ 14 114] (fcs=[145 142])
(14,71): hsc=[112 168] (fcs=[146 142])
(14,72): hsc=[ 14 114] (fcs=[145 142])
(14,73): hsc=[112 168] (fcs=[146 142])
(14,74): hsc=[  0 168] (fcs=[70 82])
(14,75): hsc=[166  70] (fcs=[146 141])
(14,76): hsc=[166  70] (fcs=[146 141])
(14,77): hsc=[122 174] (fcs=[145 140])
(14,78): hsc=[128 128] (fcs=[128 128])
(14,79): hsc=[128 128] (fcs=[128 128])
(14,80): hsc=[128 128] (fcs=[128 128])
(14,81): hsc=[68 16] (fcs=[145 141])
(14,82): hsc=[ 12 220] (fcs=[32 46])
(14,83): hsc=[108 228] (fcs=[70 80])
(14,84): hsc=[68 16] (fcs=[145 141])
(14,85): hsc=[166  70] (fcs=[146 141])
(14,86): hsc=[166  70] (fcs=[146 141])
(14,87): hsc=[166  70] (fcs=[146 141])
(14,88): hsc=[166  70] (fcs=[146 141])
(14,89): hsc=[166  70] (fcs=[146 141])
(14,90): hsc=[166  70] (fcs=[146 141])
(14,91): hsc=[166  70] (fcs=[146 141])
(14,92): hsc=[166  70] (fcs=[146 141])
(14,93): hsc=[166  70] (fcs=[146 141])
(14,94): hsc=[166  70] (fcs=[146 141])
(14,95): hsc=[166  70] (fcs=[146 141])
(14,96): hsc=[68 16] (fcs=[145 141])
(14,97): hsc=[114 218] (fcs=[68 81])
(14,98): hsc=[250 224] (fcs=[35 47])
(14,99): hsc=[112 168] (fcs=[146 142])
(14,100): hsc=[128 128] (fcs=[128 128])
(14,101): hsc=[128 128] (fcs=[128 128])
(14,102): hsc=[ 20 104] (fcs=[143 143])
(14,103): hsc=[ 16 160] (fcs=[44 44])
(14,104): hsc=[136  16] (fcs=[70 70])
(14,105): hsc=[64  0] (fcs=[144 144])
(14,106): hsc=[64  0] (fcs=[144 144])
(14,107): hsc=[64  0] (fcs=[144 144])
(14,108): hsc=[64  0] (fcs=[144 144])
(14,109): hsc=[64  0] (fcs=[144 144])
(14,110): hsc=[64  0] (fcs=[144 144])
(14,111): hsc=[64  0] (fcs=[144 144])
(14,112): hsc=[64  0] (fcs=[144 144])
(14,113): hsc=[64  0] (fcs=[144 144])
(14,114): hsc=[64  0] (fcs=[144 144])
(14,115): hsc=[64  0] (fcs=[144 144])
(14,116): hsc=[64  0] (fcs=[144 144])
(14,117): hsc=[64  0] (fcs=[144 144])
(14,118): hsc=[64  0] (fcs=[144 144])
(14,119): hsc=[64  0] (fcs=[144 144])
(14,120): hsc=[64  0] (fcs=[144 144])
(14,121): hsc=[64  0] (fcs=[144 144])
(14,122): hsc=[64  0] (fcs=[144 144])
(14,123): hsc=[64  0] (fcs=[144 144])
(14,124): hsc=[64  0] (fcs=[144 144])
(14,125): hsc=[64  0] (fcs=[144 144])
(14,126): hsc=[128 128] (fcs=[128 128])
(14,127): hsc=[128 128] (fcs=[128 128])
(15,0): hsc=[128 128] (fcs=[128 128])
(15,1): hsc=[128 128] (fcs=[128 128])
(15,2): hsc=[64  0] (fcs=[144 144])
(15,3): hsc=[64  0] (fcs=[144 144])
(15,4): hsc=[64  0] (fcs=[144 144])
(15,5): hsc=[64  0] (fcs=[144 144])
(15,6): hsc=[64  0] (fcs=[144 144])
(15,7): hsc=[64  0] (fcs=[144 144])
(15,8): hsc=[64  0] (fcs=[144 144])
(15,9): hsc=[64  0] (fcs=[144 144])
(15,10): hsc=[64  0] (fcs=[144 144])
(15,11): hsc=[64  0] (fcs=[144 144])
(15,12): hsc=[64  0] (fcs=[144 144])
(15,13): hsc=[64  0] (fcs=[144 144])
(15,14): hsc=[64  0] (fcs=[144 144])
(15,15): hsc=[64  0] (fcs=[144 144])
(15,16): hsc=[64  0] (fcs=[144 144])
(15,17): hsc=[64  0] (fcs=[144 144])
(15,18): hsc=[64  0] (fcs=[144 144])
(15,19): hsc=[64  0] (fcs=[144 144])
(15,20): hsc=[64  0] (fcs=[144 144])
(15,21): hsc=[64  0] (fcs=[144 144])
(15,22): hsc=[64  0] (fcs=[144 144])
(15,23): hsc=[64  0] (fcs=[144 144])
(15,24): hsc=[64  0] (fcs=[144 144])
(15,25): hsc=[64  0] (fcs=[144 144])
(15,26): hsc=[64  0] (fcs=[144 144])
(15,27): hsc=[64  0] (fcs=[144 144])
(15,28): hsc=[64  0] (fcs=[144 144])
(15,29): hsc=[168 152] (fcs=[60 56])
(15,30): hsc=[128 128] (fcs=[128 128])
(15,31): hsc=[64 72] (fcs=[46 42])
(15,32): hsc=[118 158] (fcs=[144 143])
(15,33): hsc=[ 18 166] (fcs=[225 216])
(15,34): hsc=[128 128] (fcs=[128 128])
(15,35): hsc=[92  8] (fcs=[193 185])
(15,36): hsc=[118 226] (fcs=[215 196])
(15,37): hsc=[154  18] (fcs=[184 177])
(15,38): hsc=[172  60] (fcs=[144 142])
(15,39): hsc=[94 94] (fcs=[66 73])
(15,40): hsc=[176  80] (fcs=[40 48])
(15,41): hsc=[154 206] (fcs=[49 60])
(15,42): hsc=[ 66 158] (fcs=[47 58])
(15,43): hsc=[206  26] (fcs=[71 80])
(15,44): hsc=[ 14 114] (fcs=[145 142])
(15,45): hsc=[68 16] (fcs=[145 141])
(15,46): hsc=[166  70] (fcs=[146 141])
(15,47): hsc=[166  70] (fcs=[146 141])
(15,48): hsc=[166  70] (fcs=[146 141])
(15,49): hsc=[166  70] (fcs=[146 141])
(15,50): hsc=[68 16] (fcs=[145 141])
(15,51): hsc=[68 16] (fcs=[145 141])
(15,52): hsc=[166  70] (fcs=[146 141])
(15,53): hsc=[166  70] (fcs=[146 141])
(15,54): hsc=[166  70] (fcs=[146 141])
(15,55): hsc=[166  70] (fcs=[146 141])
(15,56): hsc=[166  70] (fcs=[146 141])
(15,57): hsc=[112 168] (fcs=[146 142])
(15,58): hsc=[68 16] (fcs=[145 141])
(15,59): hsc=[166  70] (fcs=[146 141])
(15,60): hsc=[166  70] (fcs=[146 141])
(15,61): hsc=[166  70] (fcs=[146 141])
(15,62): hsc=[166  70] (fcs=[146 141])
(15,63): hsc=[166  70] (fcs=[146 141])
(15,64): hsc=[166  70] (fcs=[146 141])
(15,65): hsc=[166  70] (fcs=[146 141])
(15,66): hsc=[166  70] (fcs=[146 141])
(15,67): hsc=[166  70] (fcs=[146 141])
(15,68): hsc=[166  70] (fcs=[146 141])
(15,69): hsc=[166  70] (fcs=[146 141])
(15,70): hsc=[166  70] (fcs=[146 141])
(15,71): hsc=[166  70] (fcs=[146 141])
(15,72): hsc=[166  70] (fcs=[146 141])
(15,73): hsc=[166  70] (fcs=[146 141])
(15,74): hsc=[166  70] (fcs=[146 141])
(15,75): hsc=[166  70] (fcs=[146 141])
(15,76): hsc=[166  70] (fcs=[146 141])
(15,77): hsc=[68 16] (fcs=[145 141])
(15,78): hsc=[128 128] (fcs=[128 128])
(15,79): hsc=[ 14 114] (fcs=[145 142])
(15,80): hsc=[128 128] (fcs=[128 128])
(15,81): hsc=[128 128] (fcs=[128 128])
(15,82): hsc=[ 14 114] (fcs=[145 142])
(15,83): hsc=[ 10 138] (fcs=[54 67])
(15,84): hsc=[214 134] (fcs=[62 73])
(15,85): hsc=[68 16] (fcs=[145 141])
(15,86): hsc=[166  70] (fcs=[146 141])
(15,87): hsc=[166  70] (fcs=[146 141])
(15,88): hsc=[166  70] (fcs=[146 141])
(15,89): hsc=[166  70] (fcs=[146 141])
(15,90): hsc=[166  70] (fcs=[146 141])
(15,91): hsc=[166  70] (fcs=[146 141])
(15,92): hsc=[166  70] (fcs=[146 141])
(15,93): hsc=[166  70] (fcs=[146 141])
(15,94): hsc=[166  70] (fcs=[146 141])
(15,95): hsc=[166  70] (fcs=[146 141])
(15,96): hsc=[166  70] (fcs=[146 141])
(15,97): hsc=[166  70] (fcs=[146 141])
(15,98): hsc=[112 168] (fcs=[146 142])
(15,99): hsc=[212  16] (fcs=[69 81])
(15,100): hsc=[112 168] (fcs=[146 142])
(15,101): hsc=[128 128] (fcs=[128 128])
(15,102): hsc=[128 128] (fcs=[128 128])
(15,103): hsc=[ 20 104] (fcs=[143 143])
(15,104): hsc=[106  70] (fcs=[39 38])
(15,105): hsc=[100   8] (fcs=[75 75])
(15,106): hsc=[64  0] (fcs=[144 144])
(15,107): hsc=[64  0] (fcs=[144 144])
(15,108): hsc=[64  0] (fcs=[144 144])
(15,109): hsc=[64  0] (fcs=[144 144])
(15,110): hsc=[64  0] (fcs=[144 144])
(15,111): hsc=[64  0] (fcs=[144 144])
(15,112): hsc=[64  0] (fcs=[144 144])
(15,113): hsc=[64  0] (fcs=[144 144])
(15,114): hsc=[64  0] (fcs=[144 144])
(15,115): hsc=[64  0] (fcs=[144 144])
(15,116): hsc=[64  0] (fcs=[144 144])
(15,117): hsc=[64  0] (fcs=[144 144])
(15,118): hsc=[64  0] (fcs=[144 144])
(15,119): hsc=[64  0] (fcs=[144 144])
(15,120): hsc=[64  0] (fcs=[144 144])
(15,121): hsc=[64  0] (fcs=[144 144])
(15,122): hsc=[64  0] (fcs=[144 144])
(15,123): hsc=[64  0] (fcs=[144 144])
(15,124): hsc=[64  0] (fcs=[144 144])
(15,125): hsc=[64  0] (fcs=[144 144])
(15,126): hsc=[128 128] (fcs=[128 128])
(15,127): hsc=[128 128] (fcs=[128 128])
(16,0): hsc=[128 128] (fcs=[128 128])
(16,1): hsc=[128 128] (fcs=[128 128])
(16,2): hsc=[64  0] (fcs=[144 144])
(16,3): hsc=[64  0] (fcs=[144 144])
(16,4): hsc=[64  0] (fcs=[144 144])
(16,5): hsc=[64  0] (fcs=[144 144])
(16,6): hsc=[64  0] (fcs=[144 144])
(16,7): hsc=[64  0] (fcs=[144 144])
(16,8): hsc=[64  0] (fcs=[144 144])
(16,9): hsc=[64  0] (fcs=[144 144])
(16,10): hsc=[64  0] (fcs=[144 144])
(16,11): hsc=[64  0] (fcs=[144 144])
(16,12): hsc=[64  0] (fcs=[144 144])
(16,13): hsc=[64  0] (fcs=[144 144])
(16,14): hsc=[64  0] (fcs=[144 144])
(16,15): hsc=[64  0] (fcs=[144 144])
(16,16): hsc=[64  0] (fcs=[144 144])
(16,17): hsc=[64  0] (fcs=[144 144])
(16,18): hsc=[64  0] (fcs=[144 144])
(16,19): hsc=[64  0] (fcs=[144 144])
(16,20): hsc=[64  0] (fcs=[144 144])
(16,21): hsc=[64  0] (fcs=[144 144])
(16,22): hsc=[64  0] (fcs=[144 144])
(16,23): hsc=[64  0] (fcs=[144 144])
(16,24): hsc=[64  0] (fcs=[144 144])
(16,25): hsc=[64  0] (fcs=[144 144])
(16,26): hsc=[218  38] (fcs=[59 58])
(16,27): hsc=[172  60] (fcs=[144 142])
(16,28): hsc=[118 158] (fcs=[144 143])
(16,29): hsc=[222 202] (fcs=[143 144])
(16,30): hsc=[  0 128] (fcs=[224 224])
(16,31): hsc=[128 128] (fcs=[128 128])
(16,32): hsc=[128 128] (fcs=[128 128])
(16,33): hsc=[128 128] (fcs=[128 128])
(16,34): hsc=[128 128] (fcs=[128 128])
(16,35): hsc=[ 14 114] (fcs=[145 142])
(16,36): hsc=[ 14 114] (fcs=[145 142])
(16,37): hsc=[166  70] (fcs=[146 141])
(16,38): hsc=[ 14 114] (fcs=[145 142])
(16,39): hsc=[112 168] (fcs=[146 142])
(16,40): hsc=[ 14 114] (fcs=[145 142])
(16,41): hsc=[ 14 114] (fcs=[145 142])
(16,42): hsc=[ 14 114] (fcs=[145 142])
(16,43): hsc=[ 14 114] (fcs=[145 142])
(16,44): hsc=[68 16] (fcs=[145 141])
(16,45): hsc=[166  70] (fcs=[146 141])
(16,46): hsc=[166  70] (fcs=[146 141])
(16,47): hsc=[166  70] (fcs=[146 141])
(16,48): hsc=[112 168] (fcs=[146 142])
(16,49): hsc=[ 14 114] (fcs=[145 142])
(16,50): hsc=[ 14 114] (fcs=[145 142])
(16,51): hsc=[ 14 114] (fcs=[145 142])
(16,52): hsc=[ 14 114] (fcs=[145 142])
(16,53): hsc=[ 14 114] (fcs=[145 142])
(16,54): hsc=[ 14 114] (fcs=[145 142])
(16,55): hsc=[ 14 114] (fcs=[145 142])
(16,56): hsc=[ 14 114] (fcs=[145 142])
(16,57): hsc=[216 212] (fcs=[145 143])
(16,58): hsc=[ 14 114] (fcs=[145 142])
(16,59): hsc=[ 14 114] (fcs=[145 142])
(16,60): hsc=[ 14 114] (fcs=[145 142])
(16,61): hsc=[166  70] (fcs=[146 141])
(16,62): hsc=[166  70] (fcs=[146 141])
(16,63): hsc=[166  70] (fcs=[146 141])
(16,64): hsc=[166  70] (fcs=[146 141])
(16,65): hsc=[166  70] (fcs=[146 141])
(16,66): hsc=[166  70] (fcs=[146 141])
(16,67): hsc=[166  70] (fcs=[146 141])
(16,68): hsc=[166  70] (fcs=[146 141])
(16,69): hsc=[166  70] (fcs=[146 141])
(16,70): hsc=[166  70] (fcs=[146 141])
(16,71): hsc=[166  70] (fcs=[146 141])
(16,72): hsc=[166  70] (fcs=[146 141])
(16,73): hsc=[166  70] (fcs=[146 141])
(16,74): hsc=[166  70] (fcs=[146 141])
(16,75): hsc=[166  70] (fcs=[146 141])
(16,76): hsc=[166  70] (fcs=[146 141])
(16,77): hsc=[166  70] (fcs=[146 141])
(16,78): hsc=[ 72 220] (fcs=[75 85])
(16,79): hsc=[104 212] (fcs=[69 83])
(16,80): hsc=[116  44] (fcs=[46 60])
(16,81): hsc=[166  70] (fcs=[146 141])
(16,82): hsc=[128 128] (fcs=[128 128])
(16,83): hsc=[128 128] (fcs=[128 128])
(16,84): hsc=[ 14 114] (fcs=[145 142])
(16,85): hsc=[204 128] (fcs=[63 75])
(16,86): hsc=[ 88 216] (fcs=[72 84])
(16,87): hsc=[166  70] (fcs=[146 141])
(16,88): hsc=[166  70] (fcs=[146 141])
(16,89): hsc=[166  70] (fcs=[146 141])
(16,90): hsc=[166  70] (fcs=[146 141])
(16,91): hsc=[166  70] (fcs=[146 141])
(16,92): hsc=[166  70] (fcs=[146 141])
(16,93): hsc=[166  70] (fcs=[146 141])
(16,94): hsc=[166  70] (fcs=[146 141])
(16,95): hsc=[166  70] (fcs=[146 141])
(16,96): hsc=[166  70] (fcs=[146 141])
(16,97): hsc=[166  70] (fcs=[146 141])
(16,98): hsc=[166  70] (fcs=[146 141])
(16,99): hsc=[70 66] (fcs=[67 80])
(16,100): hsc=[156  32] (fcs=[27 39])
(16,101): hsc=[216 212] (fcs=[145 143])
(16,102): hsc=[128 128] (fcs=[128 128])
(16,103): hsc=[128 128] (fcs=[128 128])
(16,104): hsc=[ 20 104] (fcs=[143 143])
(16,105): hsc=[236 152] (fcs=[49 49])
(16,106): hsc=[ 92 120] (fcs=[69 69])
(16,107): hsc=[64  0] (fcs=[144 144])
(16,108): hsc=[64  0] (fcs=[144 144])
(16,109): hsc=[64  0] (fcs=[144 144])
(16,110): hsc=[64  0] (fcs=[144 144])
(16,111): hsc=[64  0] (fcs=[144 144])
(16,112): hsc=[64  0] (fcs=[144 144])
(16,113): hsc=[64  0] (fcs=[144 144])
(16,114): hsc=[64  0] (fcs=[144 144])
(16,115): hsc=[64  0] (fcs=[144 144])
(16,116): hsc=[64  0] (fcs=[144 144])
(16,117): hsc=[64  0] (fcs=[144 144])
(16,118): hsc=[64  0] (fcs=[144 144])
(16,119): hsc=[64  0] (fcs=[144 144])
(16,120): hsc=[64  0] (fcs=[144 144])
(16,121): hsc=[64  0] (fcs=[144 144])
(16,122): hsc=[64  0] (fcs=[144 144])
(16,123): hsc=[64  0] (fcs=[144 144])
(16,124): hsc=[64  0] (fcs=[144 144])
(16,125): hsc=[64  0] (fcs=[144 144])
(16,126): hsc=[128 128] (fcs=[128 128])
(16,127): hsc=[128 128] (fcs=[128 128])
(17,0): hsc=[128 128] (fcs=[128 128])
(17,1): hsc=[128 128] (fcs=[128 128])
(17,2): hsc=[64  0] (fcs=[144 144])
(17,3): hsc=[64  0] (fcs=[144 144])
(17,4): hsc=[64  0] (fcs=[144 144])
(17,5): hsc=[64  0] (fcs=[144 144])
(17,6): hsc=[64  0] (fcs=[144 144])
(17,7): hsc=[64  0] (fcs=[144 144])
(17,8): hsc=[64  0] (fcs=[144 144])
(17,9): hsc=[64  0] (fcs=[144 144])
(17,10): hsc=[64  0] (fcs=[144 144])
(17,11): hsc=[64  0] (fcs=[144 144])
(17,12): hsc=[118 158] (fcs=[144 143])
(17,13): hsc=[64  0] (fcs=[144 144])
(17,14): hsc=[118 158] (fcs=[144 143])
(17,15): hsc=[64  0] (fcs=[144 144])
(17,16): hsc=[118 158] (fcs=[144 143])
(17,17): hsc=[64  0] (fcs=[144 144])
(17,18): hsc=[118 158] (fcs=[144 143])
(17,19): hsc=[64  0] (fcs=[144 144])
(17,20): hsc=[118 158] (fcs=[144 143])
(17,21): hsc=[64  0] (fcs=[144 144])
(17,22): hsc=[118 158] (fcs=[144 143])
(17,23): hsc=[64  0] (fcs=[144 144])
(17,24): hsc=[76 88] (fcs=[57 57])
(17,25): hsc=[128 128] (fcs=[128 128])
(17,26): hsc=[222 202] (fcs=[143 144])
(17,27): hsc=[128 128] (fcs=[128 128])
(17,28): hsc=[128 128] (fcs=[128 128])
(17,29): hsc=[128 128] (fcs=[128 128])
(17,30): hsc=[232 240] (fcs=[198 182])
(17,31): hsc=[216 212] (fcs=[145 143])
(17,32): hsc=[218 150] (fcs=[63 70])
(17,33): hsc=[242  34] (fcs=[66 75])
(17,34): hsc=[ 30 150] (fcs=[52 63])
(17,35): hsc=[ 14 114] (fcs=[145 142])
(17,36): hsc=[166  70] (fcs=[146 141])
(17,37): hsc=[166  70] (fcs=[146 141])
(17,38): hsc=[166  70] (fcs=[146 141])
(17,39): hsc=[166  70] (fcs=[146 141])
(17,40): hsc=[166  70] (fcs=[146 141])
(17,41): hsc=[166  70] (fcs=[146 141])
(17,42): hsc=[166  70] (fcs=[146 141])
(17,43): hsc=[166  70] (fcs=[146 141])
(17,44): hsc=[166  70] (fcs=[146 141])
(17,45): hsc=[166  70] (fcs=[146 141])
(17,46): hsc=[166  70] (fcs=[146 141])
(17,47): hsc=[112 168] (fcs=[146 142])
(17,48): hsc=[ 14 114] (fcs=[145 142])
(17,49): hsc=[216 212] (fcs=[145 143])
(17,50): hsc=[118 158] (fcs=[144 143])
(17,51): hsc=[118 158] (fcs=[144 143])
(17,52): hsc=[118 158] (fcs=[144 143])
(17,53): hsc=[118 158] (fcs=[144 143])
(17,54): hsc=[118 158] (fcs=[144 143])
(17,55): hsc=[118 158] (fcs=[144 143])
(17,56): hsc=[64  0] (fcs=[144 144])
(17,57): hsc=[118 158] (fcs=[144 143])
(17,58): hsc=[118 158] (fcs=[144 143])
(17,59): hsc=[118 158] (fcs=[144 143])
(17,60): hsc=[ 14 114] (fcs=[145 142])
(17,61): hsc=[ 14 114] (fcs=[145 142])
(17,62): hsc=[68 16] (fcs=[145 141])
(17,63): hsc=[166  70] (fcs=[146 141])
(17,64): hsc=[166  70] (fcs=[146 141])
(17,65): hsc=[166  70] (fcs=[146 141])
(17,66): hsc=[166  70] (fcs=[146 141])
(17,67): hsc=[166  70] (fcs=[146 141])
(17,68): hsc=[166  70] (fcs=[146 141])
(17,69): hsc=[166  70] (fcs=[146 141])
(17,70): hsc=[166  70] (fcs=[146 141])
(17,71): hsc=[166  70] (fcs=[146 141])
(17,72): hsc=[166  70] (fcs=[146 141])
(17,73): hsc=[166  70] (fcs=[146 141])
(17,74): hsc=[166  70] (fcs=[146 141])
(17,75): hsc=[166  70] (fcs=[146 141])
(17,76): hsc=[166  70] (fcs=[146 141])
(17,77): hsc=[166  70] (fcs=[146 141])
(17,78): hsc=[166  70] (fcs=[146 141])
(17,79): hsc=[166  70] (fcs=[146 141])
(17,80): hsc=[112 168] (fcs=[146 142])
(17,81): hsc=[166 186] (fcs=[45 62])
(17,82): hsc=[ 14 114] (fcs=[145 142])
(17,83): hsc=[128 128] (fcs=[128 128])
(17,84): hsc=[128 128] (fcs=[128 128])
(17,85): hsc=[112 168] (fcs=[146 142])
(17,86): hsc=[210  82] (fcs=[46 63])
(17,87): hsc=[166  70] (fcs=[146 141])
(17,88): hsc=[166  70] (fcs=[146 141])
(17,89): hsc=[166  70] (fcs=[146 141])
(17,90): hsc=[166  70] (fcs=[146 141])
(17,91): hsc=[166  70] (fcs=[146 141])
(17,92): hsc=[166  70] (fcs=[146 141])
(17,93): hsc=[166  70] (fcs=[146 141])
(17,94): hsc=[166  70] (fcs=[146 141])
(17,95): hsc=[166  70] (fcs=[146 141])
(17,96): hsc=[166  70] (fcs=[146 141])
(17,97): hsc=[166  70] (fcs=[146 141])
(17,98): hsc=[166  70] (fcs=[146 141])
(17,99): hsc=[166  70] (fcs=[146 141])
(17,100): hsc=[ 98 222] (fcs=[71 82])
(17,101): hsc=[212 236] (fcs=[54 68])
(17,102): hsc=[58 10] (fcs=[146 143])
(17,103): hsc=[128 128] (fcs=[128 128])
(17,104): hsc=[128 128] (fcs=[128 128])
(17,105): hsc=[ 20 104] (fcs=[143 143])
(17,106): hsc=[128 128] (fcs=[128 128])
(17,107): hsc=[144 160] (fcs=[76 76])
(17,108): hsc=[64  0] (fcs=[144 144])
(17,109): hsc=[ 20 104] (fcs=[143 143])
(17,110): hsc=[64  0] (fcs=[144 144])
(17,111): hsc=[64  0] (fcs=[144 144])
(17,112): hsc=[64  0] (fcs=[144 144])
(17,113): hsc=[64  0] (fcs=[144 144])
(17,114): hsc=[64  0] (fcs=[144 144])
(17,115): hsc=[64  0] (fcs=[144 144])
(17,116): hsc=[64  0] (fcs=[144 144])
(17,117): hsc=[64  0] (fcs=[144 144])
(17,118): hsc=[64  0] (fcs=[144 144])
(17,119): hsc=[64  0] (fcs=[144 144])
(17,120): hsc=[64  0] (fcs=[144 144])
(17,121): hsc=[64  0] (fcs=[144 144])
(17,122): hsc=[64  0] (fcs=[144 144])
(17,123): hsc=[64  0] (fcs=[144 144])
(17,124): hsc=[64  0] (fcs=[144 144])
(17,125): hsc=[64  0] (fcs=[144 144])
(17,126): hsc=[128 128] (fcs=[128 128])
(17,127): hsc=[128 128] (fcs=[128 128])
(18,0): hsc=[128 128] (fcs=[128 128])
(18,1): hsc=[128 128] (fcs=[128 128])
(18,2): hsc=[64  0] (fcs=[144 144])
(18,3): hsc=[64  0] (fcs=[144 144])
(18,4): hsc=[64  0] (fcs=[144 144])
(18,5): hsc=[64  0] (fcs=[144 144])
(18,6): hsc=[64  0] (fcs=[144 144])
(18,7): hsc=[64  0] (fcs=[144 144])
(18,8): hsc=[64  0] (fcs=[144 144])
(18,9): hsc=[64  0] (fcs=[144 144])
(18,10): hsc=[64  0] (fcs=[144 144])
(18,11): hsc=[118 158] (fcs=[144 143])
(18,12): hsc=[212 160] (fcs=[65 69])
(18,13): hsc=[228 192] (fcs=[77 81])
(18,14): hsc=[ 76 200] (fcs=[61 69])
(18,15): hsc=[ 60 204] (fcs=[64 70])
(18,16): hsc=[210 226] (fcs=[42 51])
(18,17): hsc=[162 238] (fcs=[51 54])
(18,18): hsc=[244 116] (fcs=[44 54])
(18,19): hsc=[ 96 212] (fcs=[59 65])
(18,20): hsc=[ 82 154] (fcs=[44 57])
(18,21): hsc=[26 22] (fcs=[47 54])
(18,22): hsc=[128 128] (fcs=[128 128])
(18,23): hsc=[228  84] (fcs=[32 42])
(18,24): hsc=[128 128] (fcs=[128 128])
(18,25): hsc=[64  0] (fcs=[144 144])
(18,26): hsc=[128 128] (fcs=[128 128])
(18,27): hsc=[128 128] (fcs=[128 128])
(18,28): hsc=[166  70] (fcs=[146 141])
(18,29): hsc=[166  70] (fcs=[146 141])
(18,30): hsc=[238  18] (fcs=[65 78])
(18,31): hsc=[166  70] (fcs=[146 141])
(18,32): hsc=[ 14 114] (fcs=[145 142])
(18,33): hsc=[ 14 114] (fcs=[145 142])
(18,34): hsc=[ 14 114] (fcs=[145 142])
(18,35): hsc=[112 168] (fcs=[146 142])
(18,36): hsc=[68 16] (fcs=[145 141])
(18,37): hsc=[166  70] (fcs=[146 141])
(18,38): hsc=[166  70] (fcs=[146 141])
(18,39): hsc=[166  70] (fcs=[146 141])
(18,40): hsc=[166  70] (fcs=[146 141])
(18,41): hsc=[166  70] (fcs=[146 141])
(18,42): hsc=[166  70] (fcs=[146 141])
(18,43): hsc=[166  70] (fcs=[146 141])
(18,44): hsc=[166  70] (fcs=[146 141])
(18,45): hsc=[166  70] (fcs=[146 141])
(18,46): hsc=[166  70] (fcs=[146 141])
(18,47): hsc=[ 14 114] (fcs=[145 142])
(18,48): hsc=[ 14 114] (fcs=[145 142])
(18,49): hsc=[118 158] (fcs=[144 143])
(18,50): hsc=[118 158] (fcs=[144 143])
(18,51): hsc=[64  0] (fcs=[144 144])
(18,52): hsc=[118 158] (fcs=[144 143])
(18,53): hsc=[222 202] (fcs=[143 144])
(18,54): hsc=[64  0] (fcs=[144 144])
(18,55): hsc=[222 202] (fcs=[143 144])
(18,56): hsc=[64  0] (fcs=[144 144])
(18,57): hsc=[64  0] (fcs=[144 144])
(18,58): hsc=[118 158] (fcs=[144 143])
(18,59): hsc=[118 158] (fcs=[144 143])
(18,60): hsc=[118 158] (fcs=[144 143])
(18,61): hsc=[118 158] (fcs=[144 143])
(18,62): hsc=[ 14 114] (fcs=[145 142])
(18,63): hsc=[68 16] (fcs=[145 141])
(18,64): hsc=[166  70] (fcs=[146 141])
(18,65): hsc=[166  70] (fcs=[146 141])
(18,66): hsc=[166  70] (fcs=[146 141])
(18,67): hsc=[166  70] (fcs=[146 141])
(18,68): hsc=[166  70] (fcs=[146 141])
(18,69): hsc=[166  70] (fcs=[146 141])
(18,70): hsc=[166  70] (fcs=[146 141])
(18,71): hsc=[166  70] (fcs=[146 141])
(18,72): hsc=[166  70] (fcs=[146 141])
(18,73): hsc=[166  70] (fcs=[146 141])
(18,74): hsc=[166  70] (fcs=[146 141])
(18,75): hsc=[166  70] (fcs=[146 141])
(18,76): hsc=[166  70] (fcs=[146 141])
(18,77): hsc=[166  70] (fcs=[146 141])
(18,78): hsc=[166  70] (fcs=[146 141])
(18,79): hsc=[166  70] (fcs=[146 141])
(18,80): hsc=[166  70] (fcs=[146 141])
(18,81): hsc=[112 168] (fcs=[146 142])
(18,82): hsc=[128 128] (fcs=[128 128])
(18,83): hsc=[ 14 114] (fcs=[145 142])
(18,84): hsc=[128 128] (fcs=[128 128])
(18,85): hsc=[128 128] (fcs=[128 128])
(18,86): hsc=[100  48] (fcs=[49 61])
(18,87): hsc=[ 16 164] (fcs=[67 81])
(18,88): hsc=[166  70] (fcs=[146 141])
(18,89): hsc=[166  70] (fcs=[146 141])
(18,90): hsc=[166  70] (fcs=[146 141])
(18,91): hsc=[166  70] (fcs=[146 141])
(18,92): hsc=[166  70] (fcs=[146 141])
(18,93): hsc=[166  70] (fcs=[146 141])
(18,94): hsc=[166  70] (fcs=[146 141])
(18,95): hsc=[166  70] (fcs=[146 141])
(18,96): hsc=[166  70] (fcs=[146 141])
(18,97): hsc=[166  70] (fcs=[146 141])
(18,98): hsc=[166  70] (fcs=[146 141])
(18,99): hsc=[166  70] (fcs=[146 141])
(18,100): hsc=[68 16] (fcs=[145 141])
(18,101): hsc=[158 114] (fcs=[69 82])
(18,102): hsc=[128 128] (fcs=[128 128])
(18,103): hsc=[58 10] (fcs=[146 143])
(18,104): hsc=[128 128] (fcs=[128 128])
(18,105): hsc=[128 128] (fcs=[128 128])
(18,106): hsc=[118 158] (fcs=[144 143])
(18,107): hsc=[114 214] (fcs=[45 44])
(18,108): hsc=[64  0] (fcs=[144 144])
(18,109): hsc=[118 158] (fcs=[144 143])
(18,110): hsc=[64  0] (fcs=[144 144])
(18,111): hsc=[64  0] (fcs=[144 144])
(18,112): hsc=[64  0] (fcs=[144 144])
(18,113): hsc=[64  0] (fcs=[144 144])
(18,114): hsc=[64  0] (fcs=[144 144])
(18,115): hsc=[64  0] (fcs=[144 144])
(18,116): hsc=[64  0] (fcs=[144 144])
(18,117): hsc=[64  0] (fcs=[144 144])
(18,118): hsc=[64  0] (fcs=[144 144])
(18,119): hsc=[64  0] (fcs=[144 144])
(18,120): hsc=[64  0] (fcs=[144 144])
(18,121): hsc=[64  0] (fcs=[144 144])
(18,122): hsc=[64  0] (fcs=[144 144])
(18,123): hsc=[64  0] (fcs=[144 144])
(18,124): hsc=[64  0] (fcs=[144 144])
(18,125): hsc=[64  0] (fcs=[144 144])
(18,126): hsc=[128 128] (fcs=[128 128])
(18,127): hsc=[128 128] (fcs=[128 128])
(19,0): hsc=[128 128] (fcs=[128 128])
(19,1): hsc=[128 128] (fcs=[128 128])
(19,2): hsc=[64  0] (fcs=[144 144])
(19,3): hsc=[64  0] (fcs=[144 144])
(19,4): hsc=[64  0] (fcs=[144 144])
(19,5): hsc=[64  0] (fcs=[144 144])
(19,6): hsc=[118 158] (fcs=[144 143])
(19,7): hsc=[64  0] (fcs=[144 144])
(19,8): hsc=[100   8] (fcs=[75 75])
(19,9): hsc=[112  96] (fcs=[52 52])
(19,10): hsc=[128 128] (fcs=[128 128])
(19,11): hsc=[ 20 104] (fcs=[143 143])
(19,12): hsc=[128 128] (fcs=[128 128])
(19,13): hsc=[226  70] (fcs=[189 180])
(19,14): hsc=[128 128] (fcs=[128 128])
(19,15): hsc=[140 176] (fcs=[195 183])
(19,16): hsc=[186 190] (fcs=[189 176])
(19,17): hsc=[216 212] (fcs=[145 143])
(19,18): hsc=[172  60] (fcs=[144 142])
(19,19): hsc=[112 168] (fcs=[146 142])
(19,20): hsc=[128 128] (fcs=[128 128])
(19,21): hsc=[160 184] (fcs=[234 206])
(19,22): hsc=[128 128] (fcs=[128 128])
(19,23): hsc=[218 142] (fcs=[209 188])
(19,24): hsc=[128 128] (fcs=[128 128])
(19,25): hsc=[128 128] (fcs=[128 128])
(19,26): hsc=[172  60] (fcs=[144 142])
(19,27): hsc=[64 40] (fcs=[54 66])
(19,28): hsc=[126  86] (fcs=[60 71])
(19,29): hsc=[68 16] (fcs=[145 141])
(19,30): hsc=[166  70] (fcs=[146 141])
(19,31): hsc=[166  70] (fcs=[146 141])
(19,32): hsc=[166  70] (fcs=[146 141])
(19,33): hsc=[166  70] (fcs=[146 141])
(19,34): hsc=[166  70] (fcs=[146 141])
(19,35): hsc=[166  70] (fcs=[146 141])
(19,36): hsc=[166  70] (fcs=[146 141])
(19,37): hsc=[166  70] (fcs=[146 141])
(19,38): hsc=[166  70] (fcs=[146 141])
(19,39): hsc=[166  70] (fcs=[146 141])
(19,40): hsc=[166  70] (fcs=[146 141])
(19,41): hsc=[166  70] (fcs=[146 141])
(19,42): hsc=[166  70] (fcs=[146 141])
(19,43): hsc=[166  70] (fcs=[146 141])
(19,44): hsc=[166  70] (fcs=[146 141])
(19,45): hsc=[166  70] (fcs=[146 141])
(19,46): hsc=[166  70] (fcs=[146 141])
(19,47): hsc=[ 14 114] (fcs=[145 142])
(19,48): hsc=[118 158] (fcs=[144 143])
(19,49): hsc=[118 158] (fcs=[144 143])
(19,50): hsc=[118 158] (fcs=[144 143])
(19,51): hsc=[118 158] (fcs=[144 143])
(19,52): hsc=[118 158] (fcs=[144 143])
(19,53): hsc=[64  0] (fcs=[144 144])
(19,54): hsc=[64  0] (fcs=[144 144])
(19,55): hsc=[64  0] (fcs=[144 144])
(19,56): hsc=[64  0] (fcs=[144 144])
(19,57): hsc=[64  0] (fcs=[144 144])
(19,58): hsc=[64  0] (fcs=[144 144])
(19,59): hsc=[64  0] (fcs=[144 144])
(19,60): hsc=[118 158] (fcs=[144 143])
(19,61): hsc=[118 158] (fcs=[144 143])
(19,62): hsc=[118 158] (fcs=[144 143])
(19,63): hsc=[ 14 114] (fcs=[145 142])
(19,64): hsc=[166  70] (fcs=[146 141])
(19,65): hsc=[166  70] (fcs=[146 141])
(19,66): hsc=[166  70] (fcs=[146 141])
(19,67): hsc=[166  70] (fcs=[146 141])
(19,68): hsc=[166  70] (fcs=[146 141])
(19,69): hsc=[166  70] (fcs=[146 141])
(19,70): hsc=[166  70] (fcs=[146 141])
(19,71): hsc=[166  70] (fcs=[146 141])
(19,72): hsc=[166  70] (fcs=[146 141])
(19,73): hsc=[166  70] (fcs=[146 141])
(19,74): hsc=[166  70] (fcs=[146 141])
(19,75): hsc=[166  70] (fcs=[146 141])
(19,76): hsc=[166  70] (fcs=[146 141])
(19,77): hsc=[166  70] (fcs=[146 141])
(19,78): hsc=[166  70] (fcs=[146 141])
(19,79): hsc=[166  70] (fcs=[146 141])
(19,80): hsc=[166  70] (fcs=[146 141])
(19,81): hsc=[166  70] (fcs=[146 141])
(19,82): hsc=[112 168] (fcs=[146 142])
(19,83): hsc=[142  82] (fcs=[57 70])
(19,84): hsc=[ 14 114] (fcs=[145 142])
(19,85): hsc=[128 128] (fcs=[128 128])
(19,86): hsc=[ 14 114] (fcs=[145 142])
(19,87): hsc=[104 176] (fcs=[54 70])
(19,88): hsc=[202  10] (fcs=[70 83])
(19,89): hsc=[166  70] (fcs=[146 141])
(19,90): hsc=[166  70] (fcs=[146 141])
(19,91): hsc=[166  70] (fcs=[146 141])
(19,92): hsc=[166  70] (fcs=[146 141])
(19,93): hsc=[166  70] (fcs=[146 141])
(19,94): hsc=[166  70] (fcs=[146 141])
(19,95): hsc=[166  70] (fcs=[146 141])
(19,96): hsc=[166  70] (fcs=[146 141])
(19,97): hsc=[166  70] (fcs=[146 141])
(19,98): hsc=[166  70] (fcs=[146 141])
(19,99): hsc=[166  70] (fcs=[146 141])
(19,100): hsc=[166  70] (fcs=[146 141])
(19,101): hsc=[166  70] (fcs=[146 141])
(19,102): hsc=[70 66] (fcs=[67 80])
(19,103): hsc=[204  92] (fcs=[48 62])
(19,104): hsc=[216 212] (fcs=[145 143])
(19,105): hsc=[128 128] (fcs=[128 128])
(19,106): hsc=[128 128] (fcs=[128 128])
(19,107): hsc=[  2 210] (fcs=[74 75])
(19,108): hsc=[244   4] (fcs=[40 42])
(19,109): hsc=[64  0] (fcs=[144 144])
(19,110): hsc=[64  0] (fcs=[144 144])
(19,111): hsc=[64  0] (fcs=[144 144])
(19,112): hsc=[64  0] (fcs=[144 144])
(19,113): hsc=[64  0] (fcs=[144 144])
(19,114): hsc=[64  0] (fcs=[144 144])
(19,115): hsc=[64  0] (fcs=[144 144])
(19,116): hsc=[64  0] (fcs=[144 144])
(19,117): hsc=[64  0] (fcs=[144 144])
(19,118): hsc=[64  0] (fcs=[144 144])
(19,119): hsc=[64  0] (fcs=[144 144])
(19,120): hsc=[64  0] (fcs=[144 144])
(19,121): hsc=[64  0] (fcs=[144 144])
(19,122): hsc=[64  0] (fcs=[144 144])
(19,123): hsc=[64  0] (fcs=[144 144])
(19,124): hsc=[64  0] (fcs=[144 144])
(19,125): hsc=[64  0] (fcs=[144 144])
(19,126): hsc=[128 128] (fcs=[128 128])
(19,127): hsc=[128 128] (fcs=[128 128])
(20,0): hsc=[128 128] (fcs=[128 128])
(20,1): hsc=[128 128] (fcs=[128 128])
(20,2): hsc=[64  0] (fcs=[144 144])
(20,3): hsc=[64  0] (fcs=[144 144])
(20,4): hsc=[64  0] (fcs=[144 144])
(20,5): hsc=[64  0] (fcs=[144 144])
(20,6): hsc=[224  64] (fcs=[72 72])
(20,7): hsc=[118 158] (fcs=[144 143])
(20,8): hsc=[128 128] (fcs=[128 128])
(20,9): hsc=[222 202] (fcs=[143 144])
(20,10): hsc=[128 128] (fcs=[128 128])
(20,11): hsc=[128 128] (fcs=[128 128])
(20,12): hsc=[ 58 114] (fcs=[232 209])
(20,13): hsc=[128 128] (fcs=[128 128])
(20,14): hsc=[74 34] (fcs=[240 209])
(20,15): hsc=[128 128] (fcs=[128 128])
(20,16): hsc=[128 128] (fcs=[128 128])
(20,17): hsc=[128 128] (fcs=[128 128])
(20,18): hsc=[128 128] (fcs=[128 128])
(20,19): hsc=[74 38] (fcs=[199 182])
(20,20): hsc=[112 168] (fcs=[146 142])
(20,21): hsc=[128 128] (fcs=[128 128])
(20,22): hsc=[128 128] (fcs=[128 128])
(20,23): hsc=[62 58] (fcs=[203 180])
(20,24): hsc=[  8 124] (fcs=[147 141])
(20,25): hsc=[166  70] (fcs=[146 141])
(20,26): hsc=[240 136] (fcs=[58 70])
(20,27): hsc=[112 168] (fcs=[146 142])
(20,28): hsc=[ 14 114] (fcs=[145 142])
(20,29): hsc=[166  70] (fcs=[146 141])
(20,30): hsc=[166  70] (fcs=[146 141])
(20,31): hsc=[166  70] (fcs=[146 141])
(20,32): hsc=[166  70] (fcs=[146 141])
(20,33): hsc=[166  70] (fcs=[146 141])
(20,34): hsc=[166  70] (fcs=[146 141])
(20,35): hsc=[166  70] (fcs=[146 141])
(20,36): hsc=[166  70] (fcs=[146 141])
(20,37): hsc=[166  70] (fcs=[146 141])
(20,38): hsc=[166  70] (fcs=[146 141])
(20,39): hsc=[166  70] (fcs=[146 141])
(20,40): hsc=[166  70] (fcs=[146 141])
(20,41): hsc=[166  70] (fcs=[146 141])
(20,42): hsc=[166  70] (fcs=[146 141])
(20,43): hsc=[166  70] (fcs=[146 141])
(20,44): hsc=[166  70] (fcs=[146 141])
(20,45): hsc=[166  70] (fcs=[146 141])
(20,46): hsc=[166  70] (fcs=[146 141])
(20,47): hsc=[ 14 114] (fcs=[145 142])
(20,48): hsc=[118 158] (fcs=[144 143])
(20,49): hsc=[118 158] (fcs=[144 143])
(20,50): hsc=[118 158] (fcs=[144 143])
(20,51): hsc=[118 158] (fcs=[144 143])
(20,52): hsc=[64  0] (fcs=[144 144])
(20,53): hsc=[64  0] (fcs=[144 144])
(20,54): hsc=[64  0] (fcs=[144 144])
(20,55): hsc=[64  0] (fcs=[144 144])
(20,56): hsc=[64  0] (fcs=[144 144])
(20,57): hsc=[64  0] (fcs=[144 144])
(20,58): hsc=[64  0] (fcs=[144 144])
(20,59): hsc=[64  0] (fcs=[144 144])
(20,60): hsc=[64  0] (fcs=[144 144])
(20,61): hsc=[64  0] (fcs=[144 144])
(20,62): hsc=[118 158] (fcs=[144 143])
(20,63): hsc=[ 14 114] (fcs=[145 142])
(20,64): hsc=[ 14 114] (fcs=[145 142])
(20,65): hsc=[166  70] (fcs=[146 141])
(20,66): hsc=[166  70] (fcs=[146 141])
(20,67): hsc=[166  70] (fcs=[146 141])
(20,68): hsc=[166  70] (fcs=[146 141])
(20,69): hsc=[166  70] (fcs=[146 141])
(20,70): hsc=[166  70] (fcs=[146 141])
(20,71): hsc=[166  70] (fcs=[146 141])
(20,72): hsc=[166  70] (fcs=[146 141])
(20,73): hsc=[166  70] (fcs=[146 141])
(20,74): hsc=[166  70] (fcs=[146 141])
(20,75): hsc=[166  70] (fcs=[146 141])
(20,76): hsc=[166  70] (fcs=[146 141])
(20,77): hsc=[166  70] (fcs=[146 141])
(20,78): hsc=[166  70] (fcs=[146 141])
(20,79): hsc=[166  70] (fcs=[146 141])
(20,80): hsc=[68 16] (fcs=[145 141])
(20,81): hsc=[ 14 114] (fcs=[145 142])
(20,82): hsc=[ 14 114] (fcs=[145 142])
(20,83): hsc=[  4 112] (fcs=[41 53])
(20,84): hsc=[ 46 250] (fcs=[30 37])
(20,85): hsc=[200 140] (fcs=[223 209])
(20,86): hsc=[128 128] (fcs=[128 128])
(20,87): hsc=[ 14 114] (fcs=[145 142])
(20,88): hsc=[128 128] (fcs=[128 128])
(20,89): hsc=[166  70] (fcs=[146 141])
(20,90): hsc=[166  70] (fcs=[146 141])
(20,91): hsc=[166  70] (fcs=[146 141])
(20,92): hsc=[166  70] (fcs=[146 141])
(20,93): hsc=[166  70] (fcs=[146 141])
(20,94): hsc=[166  70] (fcs=[146 141])
(20,95): hsc=[166  70] (fcs=[146 141])
(20,96): hsc=[166  70] (fcs=[146 141])
(20,97): hsc=[166  70] (fcs=[146 141])
(20,98): hsc=[166  70] (fcs=[146 141])
(20,99): hsc=[166  70] (fcs=[146 141])
(20,100): hsc=[166  70] (fcs=[146 141])
(20,101): hsc=[166  70] (fcs=[146 141])
(20,102): hsc=[68 16] (fcs=[145 141])
(20,103): hsc=[176 192] (fcs=[44 60])
(20,104): hsc=[188  96] (fcs=[51 63])
(20,105): hsc=[128 128] (fcs=[128 128])
(20,106): hsc=[128 128] (fcs=[128 128])
(20,107): hsc=[124  36] (fcs=[202 196])
(20,108): hsc=[128 128] (fcs=[128 128])
(20,109): hsc=[ 68 200] (fcs=[51 51])
(20,110): hsc=[64  0] (fcs=[144 144])
(20,111): hsc=[64  0] (fcs=[144 144])
(20,112): hsc=[64  0] (fcs=[144 144])
(20,113): hsc=[64  0] (fcs=[144 144])
(20,114): hsc=[64  0] (fcs=[144 144])
(20,115): hsc=[64  0] (fcs=[144 144])
(20,116): hsc=[64  0] (fcs=[144 144])
(20,117): hsc=[64  0] (fcs=[144 144])
(20,118): hsc=[64  0] (fcs=[144 144])
(20,119): hsc=[64  0] (fcs=[144 144])
(20,120): hsc=[64  0] (fcs=[144 144])
(20,121): hsc=[64  0] (fcs=[144 144])
(20,122): hsc=[64  0] (fcs=[144 144])
(20,123): hsc=[64  0] (fcs=[144 144])
(20,124): hsc=[64  0] (fcs=[144 144])
(20,125): hsc=[64  0] (fcs=[144 144])
(20,126): hsc=[128 128] (fcs=[128 128])
(20,127): hsc=[128 128] (fcs=[128 128])
(21,0): hsc=[128 128] (fcs=[128 128])
(21,1): hsc=[128 128] (fcs=[128 128])
(21,2): hsc=[64  0] (fcs=[144 144])
(21,3): hsc=[64  0] (fcs=[144 144])
(21,4): hsc=[100   8] (fcs=[75 75])
(21,5): hsc=[128  92] (fcs=[49 51])
(21,6): hsc=[152 120] (fcs=[48 44])
(21,7): hsc=[118 158] (fcs=[144 143])
(21,8): hsc=[128 128] (fcs=[128 128])
(21,9): hsc=[26 18] (fcs=[216 209])
(21,10): hsc=[128 128] (fcs=[128 128])
(21,11): hsc=[112 168] (fcs=[146 142])
(21,12): hsc=[220 228] (fcs=[146 140])
(21,13): hsc=[ 14 114] (fcs=[145 142])
(21,14): hsc=[152 124] (fcs=[71 81])
(21,15): hsc=[216 250] (fcs=[55 65])
(21,16): hsc=[176  80] (fcs=[40 48])
(21,17): hsc=[62 66] (fcs=[57 62])
(21,18): hsc=[128 128] (fcs=[128 128])
(21,19): hsc=[128 128] (fcs=[128 128])
(21,20): hsc=[128 128] (fcs=[128 128])
(21,21): hsc=[172  60] (fcs=[144 142])
(21,22): hsc=[ 14 114] (fcs=[145 142])
(21,23): hsc=[48 80] (fcs=[72 80])
(21,24): hsc=[ 14 114] (fcs=[145 142])
(21,25): hsc=[166  70] (fcs=[146 141])
(21,26): hsc=[166  70] (fcs=[146 141])
(21,27): hsc=[166  70] (fcs=[146 141])
(21,28): hsc=[166  70] (fcs=[146 141])
(21,29): hsc=[166  70] (fcs=[146 141])
(21,30): hsc=[166  70] (fcs=[146 141])
(21,31): hsc=[166  70] (fcs=[146 141])
(21,32): hsc=[166  70] (fcs=[146 141])
(21,33): hsc=[166  70] (fcs=[146 141])
(21,34): hsc=[166  70] (fcs=[146 141])
(21,35): hsc=[166  70] (fcs=[146 141])
(21,36): hsc=[166  70] (fcs=[146 141])
(21,37): hsc=[166  70] (fcs=[146 141])
(21,38): hsc=[166  70] (fcs=[146 141])
(21,39): hsc=[166  70] (fcs=[146 141])
(21,40): hsc=[166  70] (fcs=[146 141])
(21,41): hsc=[166  70] (fcs=[146 141])
(21,42): hsc=[166  70] (fcs=[146 141])
(21,43): hsc=[166  70] (fcs=[146 141])
(21,44): hsc=[166  70] (fcs=[146 141])
(21,45): hsc=[166  70] (fcs=[146 141])
(21,46): hsc=[166  70] (fcs=[146 141])
(21,47): hsc=[ 14 114] (fcs=[145 142])
(21,48): hsc=[ 14 114] (fcs=[145 142])
(21,49): hsc=[118 158] (fcs=[144 143])
(21,50): hsc=[64  0] (fcs=[144 144])
(21,51): hsc=[64  0] (fcs=[144 144])
(21,52): hsc=[64  0] (fcs=[144 144])
(21,53): hsc=[64  0] (fcs=[144 144])
(21,54): hsc=[64  0] (fcs=[144 144])
(21,55): hsc=[64  0] (fcs=[144 144])
(21,56): hsc=[64  0] (fcs=[144 144])
(21,57): hsc=[64  0] (fcs=[144 144])
(21,58): hsc=[64  0] (fcs=[144 144])
(21,59): hsc=[64  0] (fcs=[144 144])
(21,60): hsc=[64  0] (fcs=[144 144])
(21,61): hsc=[64  0] (fcs=[144 144])
(21,62): hsc=[118 158] (fcs=[144 143])
(21,63): hsc=[118 158] (fcs=[144 143])
(21,64): hsc=[ 14 114] (fcs=[145 142])
(21,65): hsc=[ 14 114] (fcs=[145 142])
(21,66): hsc=[166  70] (fcs=[146 141])
(21,67): hsc=[166  70] (fcs=[146 141])
(21,68): hsc=[166  70] (fcs=[146 141])
(21,69): hsc=[166  70] (fcs=[146 141])
(21,70): hsc=[166  70] (fcs=[146 141])
(21,71): hsc=[166  70] (fcs=[146 141])
(21,72): hsc=[166  70] (fcs=[146 141])
(21,73): hsc=[166  70] (fcs=[146 141])
(21,74): hsc=[166  70] (fcs=[146 141])
(21,75): hsc=[166  70] (fcs=[146 141])
(21,76): hsc=[166  70] (fcs=[146 141])
(21,77): hsc=[166  70] (fcs=[146 141])
(21,78): hsc=[166  70] (fcs=[146 141])
(21,79): hsc=[166  70] (fcs=[146 141])
(21,80): hsc=[166  70] (fcs=[146 141])
(21,81): hsc=[ 14 114] (fcs=[145 142])
(21,82): hsc=[ 14 114] (fcs=[145 142])
(21,83): hsc=[220  12] (fcs=[56 62])
(21,84): hsc=[128 128] (fcs=[128 128])
(21,85): hsc=[64  0] (fcs=[144 144])
(21,86): hsc=[128 128] (fcs=[128 128])
(21,87): hsc=[118 226] (fcs=[215 196])
(21,88): hsc=[  6 158] (fcs=[68 83])
(21,89): hsc=[156 216] (fcs=[61 77])
(21,90): hsc=[112 168] (fcs=[146 142])
(21,91): hsc=[166  70] (fcs=[146 141])
(21,92): hsc=[166  70] (fcs=[146 141])
(21,93): hsc=[166  70] (fcs=[146 141])
(21,94): hsc=[166  70] (fcs=[146 141])
(21,95): hsc=[166  70] (fcs=[146 141])
(21,96): hsc=[166  70] (fcs=[146 141])
(21,97): hsc=[166  70] (fcs=[146 141])
(21,98): hsc=[166  70] (fcs=[146 141])
(21,99): hsc=[166  70] (fcs=[146 141])
(21,100): hsc=[166  70] (fcs=[146 141])
(21,101): hsc=[166  70] (fcs=[146 141])
(21,102): hsc=[166  70] (fcs=[146 141])
(21,103): hsc=[166  70] (fcs=[146 141])
(21,104): hsc=[54 74] (fcs=[29 54])
(21,105): hsc=[ 14 114] (fcs=[145 142])
(21,106): hsc=[128 128] (fcs=[128 128])
(21,107): hsc=[128 128] (fcs=[128 128])
(21,108): hsc=[222 202] (fcs=[143 144])
(21,109): hsc=[128 128] (fcs=[128 128])
(21,110): hsc=[118 158] (fcs=[80 79])
(21,111): hsc=[64  0] (fcs=[144 144])
(21,112): hsc=[64  0] (fcs=[144 144])
(21,113): hsc=[64  0] (fcs=[144 144])
(21,114): hsc=[64  0] (fcs=[144 144])
(21,115): hsc=[64  0] (fcs=[144 144])
(21,116): hsc=[64  0] (fcs=[144 144])
(21,117): hsc=[64  0] (fcs=[144 144])
(21,118): hsc=[64  0] (fcs=[144 144])
(21,119): hsc=[64  0] (fcs=[144 144])
(21,120): hsc=[64  0] (fcs=[144 144])
(21,121): hsc=[64  0] (fcs=[144 144])
(21,122): hsc=[64  0] (fcs=[144 144])
(21,123): hsc=[64  0] (fcs=[144 144])
(21,124): hsc=[64  0] (fcs=[144 144])
(21,125): hsc=[64  0] (fcs=[144 144])
(21,126): hsc=[128 128] (fcs=[128 128])
(21,127): hsc=[128 128] (fcs=[128 128])
(22,0): hsc=[128 128] (fcs=[128 128])
(22,1): hsc=[128 128] (fcs=[128 128])
(22,2): hsc=[64  0] (fcs=[144 144])
(22,3): hsc=[ 4 72] (fcs=[67 67])
(22,4): hsc=[128 128] (fcs=[128 128])
(22,5): hsc=[222 202] (fcs=[143 144])
(22,6): hsc=[128 128] (fcs=[128 128])
(22,7): hsc=[128 128] (fcs=[128 128])
(22,8): hsc=[128 128] (fcs=[128 128])
(22,9): hsc=[112 168] (fcs=[146 142])
(22,10): hsc=[128 128] (fcs=[128 128])
(22,11): hsc=[208   0] (fcs=[68 84])
(22,12): hsc=[192   4] (fcs=[71 85])
(22,13): hsc=[112 168] (fcs=[146 142])
(22,14): hsc=[ 14 114] (fcs=[145 142])
(22,15): hsc=[ 14 114] (fcs=[145 142])
(22,16): hsc=[ 14 114] (fcs=[145 142])
(22,17): hsc=[ 14 114] (fcs=[145 142])
(22,18): hsc=[ 14 114] (fcs=[145 142])
(22,19): hsc=[ 14 114] (fcs=[145 142])
(22,20): hsc=[ 14 114] (fcs=[145 142])
(22,21): hsc=[ 14 114] (fcs=[145 142])
(22,22): hsc=[ 14 114] (fcs=[145 142])
(22,23): hsc=[ 14 114] (fcs=[145 142])
(22,24): hsc=[ 14 114] (fcs=[145 142])
(22,25): hsc=[166  70] (fcs=[146 141])
(22,26): hsc=[166  70] (fcs=[146 141])
(22,27): hsc=[166  70] (fcs=[146 141])
(22,28): hsc=[166  70] (fcs=[146 141])
(22,29): hsc=[166  70] (fcs=[146 141])
(22,30): hsc=[166  70] (fcs=[146 141])
(22,31): hsc=[166  70] (fcs=[146 141])
(22,32): hsc=[166  70] (fcs=[146 141])
(22,33): hsc=[166  70] (fcs=[146 141])
(22,34): hsc=[166  70] (fcs=[146 141])
(22,35): hsc=[166  70] (fcs=[146 141])
(22,36): hsc=[166  70] (fcs=[146 141])
(22,37): hsc=[166  70] (fcs=[146 141])
(22,38): hsc=[166  70] (fcs=[146 141])
(22,39): hsc=[166  70] (fcs=[146 141])
(22,40): hsc=[166  70] (fcs=[146 141])
(22,41): hsc=[166  70] (fcs=[146 141])
(22,42): hsc=[166  70] (fcs=[146 141])
(22,43): hsc=[166  70] (fcs=[146 141])
(22,44): hsc=[166  70] (fcs=[146 141])
(22,45): hsc=[166  70] (fcs=[146 141])
(22,46): hsc=[166  70] (fcs=[146 141])
(22,47): hsc=[166  70] (fcs=[146 141])
(22,48): hsc=[ 14 114] (fcs=[145 142])
(22,49): hsc=[118 158] (fcs=[144 143])
(22,50): hsc=[118 158] (fcs=[144 143])
(22,51): hsc=[64  0] (fcs=[144 144])
(22,52): hsc=[64  0] (fcs=[144 144])
(22,53): hsc=[64  0] (fcs=[144 144])
(22,54): hsc=[64  0] (fcs=[144 144])
(22,55): hsc=[64  0] (fcs=[144 144])
(22,56): hsc=[64  0] (fcs=[144 144])
(22,57): hsc=[64  0] (fcs=[144 144])
(22,58): hsc=[64  0] (fcs=[144 144])
(22,59): hsc=[64  0] (fcs=[144 144])
(22,60): hsc=[64  0] (fcs=[144 144])
(22,61): hsc=[64  0] (fcs=[144 144])
(22,62): hsc=[118 158] (fcs=[144 143])
(22,63): hsc=[118 158] (fcs=[144 143])
(22,64): hsc=[172  60] (fcs=[144 142])
(22,65): hsc=[68 16] (fcs=[145 141])
(22,66): hsc=[166  70] (fcs=[146 141])
(22,67): hsc=[166  70] (fcs=[146 141])
(22,68): hsc=[166  70] (fcs=[146 141])
(22,69): hsc=[166  70] (fcs=[146 141])
(22,70): hsc=[166  70] (fcs=[146 141])
(22,71): hsc=[166  70] (fcs=[146 141])
(22,72): hsc=[166  70] (fcs=[146 141])
(22,73): hsc=[166  70] (fcs=[146 141])
(22,74): hsc=[ 14 114] (fcs=[145 142])
(22,75): hsc=[112 168] (fcs=[146 142])
(22,76): hsc=[ 14 114] (fcs=[145 142])
(22,77): hsc=[166  70] (fcs=[146 141])
(22,78): hsc=[166  70] (fcs=[146 141])
(22,79): hsc=[166  70] (fcs=[146 141])
(22,80): hsc=[ 14 114] (fcs=[145 142])
(22,81): hsc=[ 14 114] (fcs=[145 142])
(22,82): hsc=[216 212] (fcs=[145 143])
(22,83): hsc=[206 206] (fcs=[210 209])
(22,84): hsc=[172  60] (fcs=[144 142])
(22,85): hsc=[130 138] (fcs=[140 145])
(22,86): hsc=[128 128] (fcs=[128 128])
(22,87): hsc=[128 128] (fcs=[128 128])
(22,88): hsc=[ 14 114] (fcs=[145 142])
(22,89): hsc=[230  58] (fcs=[29 46])
(22,90): hsc=[68 16] (fcs=[145 141])
(22,91): hsc=[166  70] (fcs=[146 141])
(22,92): hsc=[166  70] (fcs=[146 141])
(22,93): hsc=[166  70] (fcs=[146 141])
(22,94): hsc=[166  70] (fcs=[146 141])
(22,95): hsc=[166  70] (fcs=[146 141])
(22,96): hsc=[166  70] (fcs=[146 141])
(22,97): hsc=[166  70] (fcs=[146 141])
(22,98): hsc=[166  70] (fcs=[146 141])
(22,99): hsc=[166  70] (fcs=[146 141])
(22,100): hsc=[166  70] (fcs=[146 141])
(22,101): hsc=[166  70] (fcs=[146 141])
(22,102): hsc=[166  70] (fcs=[146 141])
(22,103): hsc=[166  70] (fcs=[146 141])
(22,104): hsc=[128 128] (fcs=[128 128])
(22,105): hsc=[216 216] (fcs=[40 52])
(22,106): hsc=[128 128] (fcs=[128 128])
(22,107): hsc=[128 128] (fcs=[128 128])
(22,108): hsc=[228  44] (fcs=[186 184])
(22,109): hsc=[128 128] (fcs=[128 128])
(22,110): hsc=[220 120] (fcs=[37 37])
(22,111): hsc=[64  0] (fcs=[144 144])
(22,112): hsc=[64  0] (fcs=[144 144])
(22,113): hsc=[64  0] (fcs=[144 144])
(22,114): hsc=[64  0] (fcs=[144 144])
(22,115): hsc=[64  0] (fcs=[144 144])
(22,116): hsc=[64  0] (fcs=[144 144])
(22,117): hsc=[64  0] (fcs=[144 144])
(22,118): hsc=[64  0] (fcs=[144 144])
(22,119): hsc=[64  0] (fcs=[144 144])
(22,120): hsc=[64  0] (fcs=[144 144])
(22,121): hsc=[64  0] (fcs=[144 144])
(22,122): hsc=[64  0] (fcs=[144 144])
(22,123): hsc=[64  0] (fcs=[144 144])
(22,124): hsc=[64  0] (fcs=[144 144])
(22,125): hsc=[64  0] (fcs=[144 144])
(22,126): hsc=[128 128] (fcs=[128 128])
(22,127): hsc=[128 128] (fcs=[128 128])
(23,0): hsc=[128 128] (fcs=[128 128])
(23,1): hsc=[128 128] (fcs=[128 128])
(23,2): hsc=[200 144] (fcs=[54 54])
(23,3): hsc=[128 128] (fcs=[128 128])
(23,4): hsc=[64  0] (fcs=[144 144])
(23,5): hsc=[128 128] (fcs=[128 128])
(23,6): hsc=[128 128] (fcs=[128 128])
(23,7): hsc=[172  60] (fcs=[144 142])
(23,8): hsc=[240 100] (fcs=[43 57])
(23,9): hsc=[ 88 180] (fcs=[57 71])
(23,10): hsc=[166  70] (fcs=[146 141])
(23,11): hsc=[166  70] (fcs=[146 141])
(23,12): hsc=[166  70] (fcs=[146 141])
(23,13): hsc=[166  70] (fcs=[146 141])
(23,14): hsc=[166  70] (fcs=[146 141])
(23,15): hsc=[166  70] (fcs=[146 141])
(23,16): hsc=[166  70] (fcs=[146 141])
(23,17): hsc=[166  70] (fcs=[146 141])
(23,18): hsc=[166  70] (fcs=[146 141])
(23,19): hsc=[112 168] (fcs=[146 142])
(23,20): hsc=[166  70] (fcs=[146 141])
(23,21): hsc=[166  70] (fcs=[146 141])
(23,22): hsc=[166  70] (fcs=[146 141])
(23,23): hsc=[166  70] (fcs=[146 141])
(23,24): hsc=[166  70] (fcs=[146 141])
(23,25): hsc=[166  70] (fcs=[146 141])
(23,26): hsc=[166  70] (fcs=[146 141])
(23,27): hsc=[166  70] (fcs=[146 141])
(23,28): hsc=[166  70] (fcs=[146 141])
(23,29): hsc=[166  70] (fcs=[146 141])
(23,30): hsc=[166  70] (fcs=[146 141])
(23,31): hsc=[166  70] (fcs=[146 141])
(23,32): hsc=[166  70] (fcs=[146 141])
(23,33): hsc=[166  70] (fcs=[146 141])
(23,34): hsc=[166  70] (fcs=[146 141])
(23,35): hsc=[166  70] (fcs=[146 141])
(23,36): hsc=[166  70] (fcs=[146 141])
(23,37): hsc=[166  70] (fcs=[146 141])
(23,38): hsc=[166  70] (fcs=[146 141])
(23,39): hsc=[166  70] (fcs=[146 141])
(23,40): hsc=[166  70] (fcs=[146 141])
(23,41): hsc=[166  70] (fcs=[146 141])
(23,42): hsc=[166  70] (fcs=[146 141])
(23,43): hsc=[166  70] (fcs=[146 141])
(23,44): hsc=[166  70] (fcs=[146 141])
(23,45): hsc=[166  70] (fcs=[146 141])
(23,46): hsc=[166  70] (fcs=[146 141])
(23,47): hsc=[166  70] (fcs=[146 141])
(23,48): hsc=[ 14 114] (fcs=[145 142])
(23,49): hsc=[ 14 114] (fcs=[145 142])
(23,50): hsc=[118 158] (fcs=[144 143])
(23,51): hsc=[64  0] (fcs=[144 144])
(23,52): hsc=[64  0] (fcs=[144 144])
(23,53): hsc=[64  0] (fcs=[144 144])
(23,54): hsc=[64  0] (fcs=[144 144])
(23,55): hsc=[64  0] (fcs=[144 144])
(23,56): hsc=[64  0] (fcs=[144 144])
(23,57): hsc=[64  0] (fcs=[144 144])
(23,58): hsc=[64  0] (fcs=[144 144])
(23,59): hsc=[64  0] (fcs=[144 144])
(23,60): hsc=[64  0] (fcs=[144 144])
(23,61): hsc=[64  0] (fcs=[144 144])
(23,62): hsc=[64  0] (fcs=[144 144])
(23,63): hsc=[118 158] (fcs=[144 143])
(23,64): hsc=[118 158] (fcs=[144 143])
(23,65): hsc=[ 14 114] (fcs=[145 142])
(23,66): hsc=[68 16] (fcs=[145 141])
(23,67): hsc=[166  70] (fcs=[146 141])
(23,68): hsc=[166  70] (fcs=[146 141])
(23,69): hsc=[166  70] (fcs=[146 141])
(23,70): hsc=[220 228] (fcs=[146 140])
(23,71): hsc=[166  70] (fcs=[146 141])
(23,72): hsc=[166  70] (fcs=[146 141])
(23,73): hsc=[ 14 114] (fcs=[145 142])
(23,74): hsc=[110  90] (fcs=[63 72])
(23,75): hsc=[110  90] (fcs=[63 72])
(23,76): hsc=[ 66 158] (fcs=[47 58])
(23,77): hsc=[ 14 114] (fcs=[145 142])
(23,78): hsc=[220 228] (fcs=[146 140])
(23,79): hsc=[ 48 180] (fcs=[199 173])
(23,80): hsc=[128 128] (fcs=[128 128])
(23,81): hsc=[218 250] (fcs=[213 200])
(23,82): hsc=[38  2] (fcs=[171 184])
(23,83): hsc=[222 202] (fcs=[143 144])
(23,84): hsc=[128 128] (fcs=[128 128])
(23,85): hsc=[128 128] (fcs=[128 128])
(23,86): hsc=[64  0] (fcs=[144 144])
(23,87): hsc=[128 128] (fcs=[128 128])
(23,88): hsc=[194  78] (fcs=[195 182])
(23,89): hsc=[ 36 140] (fcs=[50 64])
(23,90): hsc=[70 30] (fcs=[52 67])
(23,91): hsc=[166  70] (fcs=[146 141])
(23,92): hsc=[166  70] (fcs=[146 141])
(23,93): hsc=[166  70] (fcs=[146 141])
(23,94): hsc=[166  70] (fcs=[146 141])
(23,95): hsc=[166  70] (fcs=[146 141])
(23,96): hsc=[166  70] (fcs=[146 141])
(23,97): hsc=[166  70] (fcs=[146 141])
(23,98): hsc=[166  70] (fcs=[146 141])
(23,99): hsc=[166  70] (fcs=[146 141])
(23,100): hsc=[166  70] (fcs=[146 141])
(23,101): hsc=[166  70] (fcs=[146 141])
(23,102): hsc=[166  70] (fcs=[146 141])
(23,103): hsc=[166  70] (fcs=[146 141])
(23,104): hsc=[202  10] (fcs=[70 83])
(23,105): hsc=[130 142] (fcs=[35 54])
(23,106): hsc=[ 14 114] (fcs=[145 142])
(23,107): hsc=[128 128] (fcs=[128 128])
(23,108): hsc=[128 128] (fcs=[128 128])
(23,109): hsc=[118 158] (fcs=[80 79])
(23,110): hsc=[128 128] (fcs=[128 128])
(23,111): hsc=[64  0] (fcs=[144 144])
(23,112): hsc=[64  0] (fcs=[144 144])
(23,113): hsc=[64  0] (fcs=[144 144])
(23,114): hsc=[64  0] (fcs=[144 144])
(23,115): hsc=[64  0] (fcs=[144 144])
(23,116): hsc=[64  0] (fcs=[144 144])
(23,117): hsc=[64  0] (fcs=[144 144])
(23,118): hsc=[64  0] (fcs=[144 144])
(23,119): hsc=[64  0] (fcs=[144 144])
(23,120): hsc=[64  0] (fcs=[144 144])
(23,121): hsc=[64  0] (fcs=[144 144])
(23,122): hsc=[64  0] (fcs=[144 144])
(23,123): hsc=[64  0] (fcs=[144 144])
(23,124): hsc=[64  0] (fcs=[144 144])
(23,125): hsc=[64  0] (fcs=[144 144])
(23,126): hsc=[128 128] (fcs=[128 128])
(23,127): hsc=[128 128] (fcs=[128 128])
(24,0): hsc=[128 128] (fcs=[128 128])
(24,1): hsc=[128 128] (fcs=[128 128])
(24,2): hsc=[128 128] (fcs=[128 128])
(24,3): hsc=[64  0] (fcs=[144 144])
(24,4): hsc=[128 128] (fcs=[128 128])
(24,5): hsc=[128 128] (fcs=[128 128])
(24,6): hsc=[68 16] (fcs=[145 141])
(24,7): hsc=[218   6] (fcs=[67 82])
(24,8): hsc=[170 238] (fcs=[61 72])
(24,9): hsc=[ 14 114] (fcs=[145 142])
(24,10): hsc=[68 16] (fcs=[145 141])
(24,11): hsc=[166  70] (fcs=[146 141])
(24,12): hsc=[166  70] (fcs=[146 141])
(24,13): hsc=[166  70] (fcs=[146 141])
(24,14): hsc=[166  70] (fcs=[146 141])
(24,15): hsc=[166  70] (fcs=[146 141])
(24,16): hsc=[166  70] (fcs=[146 141])
(24,17): hsc=[166  70] (fcs=[146 141])
(24,18): hsc=[166  70] (fcs=[146 141])
(24,19): hsc=[166  70] (fcs=[146 141])
(24,20): hsc=[166  70] (fcs=[146 141])
(24,21): hsc=[166  70] (fcs=[146 141])
(24,22): hsc=[166  70] (fcs=[146 141])
(24,23): hsc=[166  70] (fcs=[146 141])
(24,24): hsc=[166  70] (fcs=[146 141])
(24,25): hsc=[166  70] (fcs=[146 141])
(24,26): hsc=[166  70] (fcs=[146 141])
(24,27): hsc=[166  70] (fcs=[146 141])
(24,28): hsc=[166  70] (fcs=[146 141])
(24,29): hsc=[166  70] (fcs=[146 141])
(24,30): hsc=[166  70] (fcs=[146 141])
(24,31): hsc=[166  70] (fcs=[146 141])
(24,32): hsc=[166  70] (fcs=[146 141])
(24,33): hsc=[166  70] (fcs=[146 141])
(24,34): hsc=[166  70] (fcs=[146 141])
(24,35): hsc=[166  70] (fcs=[146 141])
(24,36): hsc=[166  70] (fcs=[146 141])
(24,37): hsc=[166  70] (fcs=[146 141])
(24,38): hsc=[166  70] (fcs=[146 141])
(24,39): hsc=[166  70] (fcs=[146 141])
(24,40): hsc=[166  70] (fcs=[146 141])
(24,41): hsc=[166  70] (fcs=[146 141])
(24,42): hsc=[166  70] (fcs=[146 141])
(24,43): hsc=[166  70] (fcs=[146 141])
(24,44): hsc=[166  70] (fcs=[146 141])
(24,45): hsc=[166  70] (fcs=[146 141])
(24,46): hsc=[166  70] (fcs=[146 141])
(24,47): hsc=[166  70] (fcs=[146 141])
(24,48): hsc=[166  70] (fcs=[146 141])
(24,49): hsc=[ 14 114] (fcs=[145 142])
(24,50): hsc=[118 158] (fcs=[144 143])
(24,51): hsc=[118 158] (fcs=[144 143])
(24,52): hsc=[64  0] (fcs=[144 144])
(24,53): hsc=[64  0] (fcs=[144 144])
(24,54): hsc=[64  0] (fcs=[144 144])
(24,55): hsc=[64  0] (fcs=[144 144])
(24,56): hsc=[64  0] (fcs=[144 144])
(24,57): hsc=[64  0] (fcs=[144 144])
(24,58): hsc=[64  0] (fcs=[144 144])
(24,59): hsc=[64  0] (fcs=[144 144])
(24,60): hsc=[118 158] (fcs=[144 143])
(24,61): hsc=[64  0] (fcs=[144 144])
(24,62): hsc=[64  0] (fcs=[144 144])
(24,63): hsc=[64  0] (fcs=[144 144])
(24,64): hsc=[118 158] (fcs=[144 143])
(24,65): hsc=[118 158] (fcs=[144 143])
(24,66): hsc=[118 158] (fcs=[144 143])
(24,67): hsc=[ 14 114] (fcs=[145 142])
(24,68): hsc=[ 14 114] (fcs=[145 142])
(24,69): hsc=[166  70] (fcs=[146 141])
(24,70): hsc=[130 214] (fcs=[65 80])
(24,71): hsc=[66 50] (fcs=[66 83])
(24,72): hsc=[60 24] (fcs=[53 69])
(24,73): hsc=[ 14 114] (fcs=[145 142])
(24,74): hsc=[ 14 114] (fcs=[145 142])
(24,75): hsc=[ 20 104] (fcs=[143 143])
(24,76): hsc=[128 128] (fcs=[128 128])
(24,77): hsc=[198  62] (fcs=[204 203])
(24,78): hsc=[160 188] (fcs=[193 179])
(24,79): hsc=[186 190] (fcs=[189 176])
(24,80): hsc=[184  72] (fcs=[196 184])
(24,81): hsc=[128 128] (fcs=[128 128])
(24,82): hsc=[128 128] (fcs=[128 128])
(24,83): hsc=[128 128] (fcs=[128 128])
(24,84): hsc=[128 128] (fcs=[128 128])
(24,85): hsc=[128 128] (fcs=[128 128])
(24,86): hsc=[118 158] (fcs=[144 143])
(24,87): hsc=[128 128] (fcs=[128 128])
(24,88): hsc=[128 128] (fcs=[128 128])
(24,89): hsc=[108 192] (fcs=[55 67])
(24,90): hsc=[128 128] (fcs=[128 128])
(24,91): hsc=[166  70] (fcs=[146 141])
(24,92): hsc=[166  70] (fcs=[146 141])
(24,93): hsc=[166  70] (fcs=[146 141])
(24,94): hsc=[166  70] (fcs=[146 141])
(24,95): hsc=[166  70] (fcs=[146 141])
(24,96): hsc=[166  70] (fcs=[146 141])
(24,97): hsc=[112 168] (fcs=[146 142])
(24,98): hsc=[ 14 114] (fcs=[145 142])
(24,99): hsc=[112 168] (fcs=[146 142])
(24,100): hsc=[166  70] (fcs=[146 141])
(24,101): hsc=[166  70] (fcs=[146 141])
(24,102): hsc=[166  70] (fcs=[146 141])
(24,103): hsc=[166  70] (fcs=[146 141])
(24,104): hsc=[114 218] (fcs=[68 81])
(24,105): hsc=[208 148] (fcs=[23 45])
(24,106): hsc=[128 128] (fcs=[128 128])
(24,107): hsc=[162  54] (fcs=[145 144])
(24,108): hsc=[128 128] (fcs=[128 128])
(24,109): hsc=[138 170] (fcs=[206 203])
(24,110): hsc=[ 26 166] (fcs=[43 42])
(24,111): hsc=[202   6] (fcs=[47 46])
(24,112): hsc=[64  0] (fcs=[144 144])
(24,113): hsc=[64  0] (fcs=[144 144])
(24,114): hsc=[64  0] (fcs=[144 144])
(24,115): hsc=[64  0] (fcs=[144 144])
(24,116): hsc=[64  0] (fcs=[144 144])
(24,117): hsc=[64  0] (fcs=[144 144])
(24,118): hsc=[64  0] (fcs=[144 144])
(24,119): hsc=[64  0] (fcs=[144 144])
(24,120): hsc=[64  0] (fcs=[144 144])
(24,121): hsc=[64  0] (fcs=[144 144])
(24,122): hsc=[64  0] (fcs=[144 144])
(24,123): hsc=[64  0] (fcs=[144 144])
(24,124): hsc=[64  0] (fcs=[144 144])
(24,125): hsc=[64  0] (fcs=[144 144])
(24,126): hsc=[128 128] (fcs=[128 128])
(24,127): hsc=[128 128] (fcs=[128 128])
(25,0): hsc=[128 128] (fcs=[128 128])
(25,1): hsc=[128 128] (fcs=[128 128])
(25,2): hsc=[216 140] (fcs=[51 53])
(25,3): hsc=[128 128] (fcs=[128 128])
(25,4): hsc=[128 128] (fcs=[128 128])
(25,5): hsc=[118 158] (fcs=[144 143])
(25,6): hsc=[128 128] (fcs=[128 128])
(25,7): hsc=[68 16] (fcs=[145 141])
(25,8): hsc=[166  70] (fcs=[146 141])
(25,9): hsc=[166  70] (fcs=[146 141])
(25,10): hsc=[166  70] (fcs=[146 141])
(25,11): hsc=[166  70] (fcs=[146 141])
(25,12): hsc=[166  70] (fcs=[146 141])
(25,13): hsc=[166  70] (fcs=[146 141])
(25,14): hsc=[166  70] (fcs=[146 141])
(25,15): hsc=[166  70] (fcs=[146 141])
(25,16): hsc=[166  70] (fcs=[146 141])
(25,17): hsc=[166  70] (fcs=[146 141])
(25,18): hsc=[166  70] (fcs=[146 141])
(25,19): hsc=[166  70] (fcs=[146 141])
(25,20): hsc=[166  70] (fcs=[146 141])
(25,21): hsc=[166  70] (fcs=[146 141])
(25,22): hsc=[166  70] (fcs=[146 141])
(25,23): hsc=[166  70] (fcs=[146 141])
(25,24): hsc=[166  70] (fcs=[146 141])
(25,25): hsc=[166  70] (fcs=[146 141])
(25,26): hsc=[166  70] (fcs=[146 141])
(25,27): hsc=[166  70] (fcs=[146 141])
(25,28): hsc=[166  70] (fcs=[146 141])
(25,29): hsc=[68 16] (fcs=[145 141])
(25,30): hsc=[166  70] (fcs=[146 141])
(25,31): hsc=[166  70] (fcs=[146 141])
(25,32): hsc=[166  70] (fcs=[146 141])
(25,33): hsc=[166  70] (fcs=[146 141])
(25,34): hsc=[166  70] (fcs=[146 141])
(25,35): hsc=[166  70] (fcs=[146 141])
(25,36): hsc=[166  70] (fcs=[146 141])
(25,37): hsc=[166  70] (fcs=[146 141])
(25,38): hsc=[166  70] (fcs=[146 141])
(25,39): hsc=[166  70] (fcs=[146 141])
(25,40): hsc=[166  70] (fcs=[146 141])
(25,41): hsc=[166  70] (fcs=[146 141])
(25,42): hsc=[166  70] (fcs=[146 141])
(25,43): hsc=[166  70] (fcs=[146 141])
(25,44): hsc=[166  70] (fcs=[146 141])
(25,45): hsc=[166  70] (fcs=[146 141])
(25,46): hsc=[166  70] (fcs=[146 141])
(25,47): hsc=[166  70] (fcs=[146 141])
(25,48): hsc=[166  70] (fcs=[146 141])
(25,49): hsc=[ 14 114] (fcs=[145 142])
(25,50): hsc=[ 14 114] (fcs=[145 142])
(25,51): hsc=[118 158] (fcs=[144 143])
(25,52): hsc=[118 158] (fcs=[144 143])
(25,53): hsc=[64  0] (fcs=[144 144])
(25,54): hsc=[118 158] (fcs=[144 143])
(25,55): hsc=[64  0] (fcs=[144 144])
(25,56): hsc=[118 158] (fcs=[144 143])
(25,57): hsc=[64  0] (fcs=[144 144])
(25,58): hsc=[64  0] (fcs=[144 144])
(25,59): hsc=[64  0] (fcs=[144 144])
(25,60): hsc=[64  0] (fcs=[144 144])
(25,61): hsc=[64  0] (fcs=[144 144])
(25,62): hsc=[118 158] (fcs=[144 143])
(25,63): hsc=[64  0] (fcs=[144 144])
(25,64): hsc=[120 240] (fcs=[58 58])
(25,65): hsc=[ 84 196] (fcs=[48 50])
(25,66): hsc=[232  24] (fcs=[44 40])
(25,67): hsc=[118 158] (fcs=[144 143])
(25,68): hsc=[ 14 114] (fcs=[145 142])
(25,69): hsc=[ 14 114] (fcs=[145 142])
(25,70): hsc=[220 228] (fcs=[146 140])
(25,71): hsc=[62 26] (fcs=[147 140])
(25,72): hsc=[102  78] (fcs=[240 199])
(25,73): hsc=[200 212] (fcs=[189 171])
(25,74): hsc=[ 92 228] (fcs=[178 172])
(25,75): hsc=[64  0] (fcs=[144 144])
(25,76): hsc=[26 94] (fcs=[141 144])
(25,77): hsc=[212 196] (fcs=[144 146])
(25,78): hsc=[10 98] (fcs=[144 145])
(25,79): hsc=[108 152] (fcs=[145 145])
(25,80): hsc=[190 174] (fcs=[198 197])
(25,81): hsc=[128 128] (fcs=[128 128])
(25,82): hsc=[222 202] (fcs=[143 144])
(25,83): hsc=[128 128] (fcs=[128 128])
(25,84): hsc=[128 128] (fcs=[128 128])
(25,85): hsc=[128 128] (fcs=[128 128])
(25,86): hsc=[ 84 232] (fcs=[63 63])
(25,87): hsc=[128 128] (fcs=[128 128])
(25,88): hsc=[128 128] (fcs=[128 128])
(25,89): hsc=[ 14 114] (fcs=[145 142])
(25,90): hsc=[208 148] (fcs=[23 45])
(25,91): hsc=[166  70] (fcs=[146 141])
(25,92): hsc=[166  70] (fcs=[146 141])
(25,93): hsc=[166  70] (fcs=[146 141])
(25,94): hsc=[166  70] (fcs=[146 141])
(25,95): hsc=[166  70] (fcs=[146 141])
(25,96): hsc=[166  70] (fcs=[146 141])
(25,97): hsc=[ 14 114] (fcs=[145 142])
(25,98): hsc=[172  60] (fcs=[144 142])
(25,99): hsc=[216 212] (fcs=[145 143])
(25,100): hsc=[250 250] (fcs=[196 178])
(25,101): hsc=[226  30] (fcs=[215 194])
(25,102): hsc=[128 128] (fcs=[128 128])
(25,103): hsc=[112 168] (fcs=[146 142])
(25,104): hsc=[ 14 114] (fcs=[145 142])
(25,105): hsc=[118 158] (fcs=[144 143])
(25,106): hsc=[10 62] (fcs=[65 68])
(25,107): hsc=[216 212] (fcs=[145 143])
(25,108): hsc=[124   0] (fcs=[187 183])
(25,109): hsc=[128 128] (fcs=[128 128])
(25,110): hsc=[168  44] (fcs=[143 145])
(25,111): hsc=[128 128] (fcs=[128 128])
(25,112): hsc=[200 144] (fcs=[54 54])
(25,113): hsc=[64  0] (fcs=[144 144])
(25,114): hsc=[64  0] (fcs=[144 144])
(25,115): hsc=[64  0] (fcs=[144 144])
(25,116): hsc=[64  0] (fcs=[144 144])
(25,117): hsc=[64  0] (fcs=[144 144])
(25,118): hsc=[64  0] (fcs=[144 144])
(25,119): hsc=[64  0] (fcs=[144 144])
(25,120): hsc=[64  0] (fcs=[144 144])
(25,121): hsc=[64  0] (fcs=[144 144])
(25,122): hsc=[64  0] (fcs=[144 144])
(25,123): hsc=[64  0] (fcs=[144 144])
(25,124): hsc=[64  0] (fcs=[144 144])
(25,125): hsc=[64  0] (fcs=[144 144])
(25,126): hsc=[128 128] (fcs=[128 128])
(25,127): hsc=[128 128] (fcs=[128 128])
(26,0): hsc=[128 128] (fcs=[128 128])
(26,1): hsc=[128 128] (fcs=[128 128])
(26,2): hsc=[126 154] (fcs=[195 188])
(26,3): hsc=[128 128] (fcs=[128 128])
(26,4): hsc=[128 128] (fcs=[128 128])
(26,5): hsc=[128 128] (fcs=[128 128])
(26,6): hsc=[128 128] (fcs=[128 128])
(26,7): hsc=[166  70] (fcs=[146 141])
(26,8): hsc=[166  70] (fcs=[146 141])
(26,9): hsc=[166  70] (fcs=[146 141])
(26,10): hsc=[166  70] (fcs=[146 141])
(26,11): hsc=[166  70] (fcs=[146 141])
(26,12): hsc=[166  70] (fcs=[146 141])
(26,13): hsc=[166  70] (fcs=[146 141])
(26,14): hsc=[166  70] (fcs=[146 141])
(26,15): hsc=[166  70] (fcs=[146 141])
(26,16): hsc=[166  70] (fcs=[146 141])
(26,17): hsc=[166  70] (fcs=[146 141])
(26,18): hsc=[166  70] (fcs=[146 141])
(26,19): hsc=[166  70] (fcs=[146 141])
(26,20): hsc=[166  70] (fcs=[146 141])
(26,21): hsc=[166  70] (fcs=[146 141])
(26,22): hsc=[166  70] (fcs=[146 141])
(26,23): hsc=[166  70] (fcs=[146 141])
(26,24): hsc=[166  70] (fcs=[146 141])
(26,25): hsc=[166  70] (fcs=[146 141])
(26,26): hsc=[166  70] (fcs=[146 141])
(26,27): hsc=[166  70] (fcs=[146 141])
(26,28): hsc=[166  70] (fcs=[146 141])
(26,29): hsc=[ 14 114] (fcs=[145 142])
(26,30): hsc=[166  70] (fcs=[146 141])
(26,31): hsc=[166  70] (fcs=[146 141])
(26,32): hsc=[ 14 114] (fcs=[145 142])
(26,33): hsc=[54 70] (fcs=[70 81])
(26,34): hsc=[ 14 114] (fcs=[145 142])
(26,35): hsc=[ 14 114] (fcs=[145 142])
(26,36): hsc=[ 14 114] (fcs=[145 142])
(26,37): hsc=[ 14 114] (fcs=[145 142])
(26,38): hsc=[ 14 114] (fcs=[145 142])
(26,39): hsc=[112 168] (fcs=[146 142])
(26,40): hsc=[ 14 114] (fcs=[145 142])
(26,41): hsc=[112 168] (fcs=[146 142])
(26,42): hsc=[166  70] (fcs=[146 141])
(26,43): hsc=[112 168] (fcs=[146 142])
(26,44): hsc=[ 14 114] (fcs=[145 142])
(26,45): hsc=[112 168] (fcs=[146 142])
(26,46): hsc=[ 14 114] (fcs=[145 142])
(26,47): hsc=[112 168] (fcs=[146 142])
(26,48): hsc=[ 14 114] (fcs=[145 142])
(26,49): hsc=[ 14 114] (fcs=[145 142])
(26,50): hsc=[ 14 114] (fcs=[145 142])
(26,51): hsc=[192 148] (fcs=[67 73])
(26,52): hsc=[168   8] (fcs=[64 68])
(26,53): hsc=[118 158] (fcs=[144 143])
(26,54): hsc=[118 158] (fcs=[144 143])
(26,55): hsc=[118 158] (fcs=[144 143])
(26,56): hsc=[64  0] (fcs=[144 144])
(26,57): hsc=[64  0] (fcs=[144 144])
(26,58): hsc=[64  0] (fcs=[144 144])
(26,59): hsc=[64  0] (fcs=[144 144])
(26,60): hsc=[64  0] (fcs=[144 144])
(26,61): hsc=[64  0] (fcs=[144 144])
(26,62): hsc=[160 156] (fcs=[73 75])
(26,63): hsc=[156 140] (fcs=[72 78])
(26,64): hsc=[146 206] (fcs=[39 42])
(26,65): hsc=[222 202] (fcs=[79 80])
(26,66): hsc=[128 128] (fcs=[128 128])
(26,67): hsc=[128 128] (fcs=[128 128])
(26,68): hsc=[144 120] (fcs=[230 218])
(26,69): hsc=[188  56] (fcs=[205 205])
(26,70): hsc=[180  56] (fcs=[195 187])
(26,71): hsc=[148  28] (fcs=[186 176])
(26,72): hsc=[216 212] (fcs=[145 143])
(26,73): hsc=[156  64] (fcs=[147 143])
(26,74): hsc=[216 212] (fcs=[145 143])
(26,75): hsc=[68 16] (fcs=[145 141])
(26,76): hsc=[58 10] (fcs=[146 143])
(26,77): hsc=[58 10] (fcs=[146 143])
(26,78): hsc=[58 10] (fcs=[146 143])
(26,79): hsc=[14 38] (fcs=[220 207])
(26,80): hsc=[128 128] (fcs=[128 128])
(26,81): hsc=[112  96] (fcs=[180 180])
(26,82): hsc=[152 120] (fcs=[48 44])
(26,83): hsc=[104 208] (fcs=[46 46])
(26,84): hsc=[ 4 72] (fcs=[67 67])
(26,85): hsc=[128 128] (fcs=[128 128])
(26,86): hsc=[140 250] (fcs=[56 54])
(26,87): hsc=[128 128] (fcs=[128 128])
(26,88): hsc=[128 128] (fcs=[128 128])
(26,89): hsc=[128 128] (fcs=[128 128])
(26,90): hsc=[114 182] (fcs=[53 68])
(26,91): hsc=[234 222] (fcs=[49 68])
(26,92): hsc=[ 14 114] (fcs=[145 142])
(26,93): hsc=[166  70] (fcs=[146 141])
(26,94): hsc=[166  70] (fcs=[146 141])
(26,95): hsc=[112 168] (fcs=[146 142])
(26,96): hsc=[128 204] (fcs=[53 63])
(26,97): hsc=[  4 140] (fcs=[202 184])
(26,98): hsc=[128 128] (fcs=[128 128])
(26,99): hsc=[ 58 198] (fcs=[203 218])
(26,100): hsc=[64  0] (fcs=[144 144])
(26,101): hsc=[ 20 104] (fcs=[143 143])
(26,102): hsc=[64  0] (fcs=[144 144])
(26,103): hsc=[222 202] (fcs=[143 144])
(26,104): hsc=[222 202] (fcs=[143 144])
(26,105): hsc=[228 192] (fcs=[141 145])
(26,106): hsc=[128 128] (fcs=[128 128])
(26,107): hsc=[128 128] (fcs=[128 128])
(26,108): hsc=[10 98] (fcs=[144 145])
(26,109): hsc=[128 128] (fcs=[128 128])
(26,110): hsc=[128 128] (fcs=[128 128])
(26,111): hsc=[64  0] (fcs=[144 144])
(26,112): hsc=[128 128] (fcs=[128 128])
(26,113): hsc=[224  64] (fcs=[72 72])
(26,114): hsc=[64  0] (fcs=[144 144])
(26,115): hsc=[64  0] (fcs=[144 144])
(26,116): hsc=[64  0] (fcs=[144 144])
(26,117): hsc=[64  0] (fcs=[144 144])
(26,118): hsc=[64  0] (fcs=[144 144])
(26,119): hsc=[64  0] (fcs=[144 144])
(26,120): hsc=[64  0] (fcs=[144 144])
(26,121): hsc=[64  0] (fcs=[144 144])
(26,122): hsc=[64  0] (fcs=[144 144])
(26,123): hsc=[64  0] (fcs=[144 144])
(26,124): hsc=[64  0] (fcs=[144 144])
(26,125): hsc=[64  0] (fcs=[144 144])
(26,126): hsc=[128 128] (fcs=[128 128])
(26,127): hsc=[128 128] (fcs=[128 128])
(27,0): hsc=[128 128] (fcs=[128 128])
(27,1): hsc=[128 128] (fcs=[128 128])
(27,2): hsc=[128 128] (fcs=[128 128])
(27,3): hsc=[128 128] (fcs=[128 128])
(27,4): hsc=[ 14 114] (fcs=[145 142])
(27,5): hsc=[128 128] (fcs=[128 128])
(27,6): hsc=[ 14 114] (fcs=[145 142])
(27,7): hsc=[166  70] (fcs=[146 141])
(27,8): hsc=[166  70] (fcs=[146 141])
(27,9): hsc=[166  70] (fcs=[146 141])
(27,10): hsc=[166  70] (fcs=[146 141])
(27,11): hsc=[166  70] (fcs=[146 141])
(27,12): hsc=[166  70] (fcs=[146 141])
(27,13): hsc=[166  70] (fcs=[146 141])
(27,14): hsc=[166  70] (fcs=[146 141])
(27,15): hsc=[166  70] (fcs=[146 141])
(27,16): hsc=[166  70] (fcs=[146 141])
(27,17): hsc=[166  70] (fcs=[146 141])
(27,18): hsc=[166  70] (fcs=[146 141])
(27,19): hsc=[166  70] (fcs=[146 141])
(27,20): hsc=[166  70] (fcs=[146 141])
(27,21): hsc=[166  70] (fcs=[146 141])
(27,22): hsc=[166  70] (fcs=[146 141])
(27,23): hsc=[166  70] (fcs=[146 141])
(27,24): hsc=[166  70] (fcs=[146 141])
(27,25): hsc=[166  70] (fcs=[146 141])
(27,26): hsc=[166  70] (fcs=[146 141])
(27,27): hsc=[166  70] (fcs=[146 141])
(27,28): hsc=[220 124] (fcs=[60 74])
(27,29): hsc=[ 52 136] (fcs=[47 63])
(27,30): hsc=[ 54 206] (fcs=[212 187])
(27,31): hsc=[128 128] (fcs=[128 128])
(27,32): hsc=[ 14 114] (fcs=[145 142])
(27,33): hsc=[128 128] (fcs=[128 128])
(27,34): hsc=[138 174] (fcs=[37 48])
(27,35): hsc=[172  60] (fcs=[144 142])
(27,36): hsc=[ 60 204] (fcs=[64 70])
(27,37): hsc=[208 144] (fcs=[64 72])
(27,38): hsc=[146  98] (fcs=[58 67])
(27,39): hsc=[118 234] (fcs=[69 78])
(27,40): hsc=[ 14 114] (fcs=[145 142])
(27,41): hsc=[ 14 114] (fcs=[145 142])
(27,42): hsc=[166  70] (fcs=[146 141])
(27,43): hsc=[ 14 114] (fcs=[145 142])
(27,44): hsc=[ 50 198] (fcs=[65 72])
(27,45): hsc=[ 14 118] (fcs=[40 51])
(27,46): hsc=[26 22] (fcs=[47 54])
(27,47): hsc=[136  92] (fcs=[59 69])
(27,48): hsc=[ 14 114] (fcs=[145 142])
(27,49): hsc=[ 14 114] (fcs=[145 142])
(27,50): hsc=[ 14 114] (fcs=[145 142])
(27,51): hsc=[216 212] (fcs=[145 143])
(27,52): hsc=[118 158] (fcs=[144 143])
(27,53): hsc=[64  0] (fcs=[144 144])
(27,54): hsc=[222 202] (fcs=[143 144])
(27,55): hsc=[124 148] (fcs=[142 144])
(27,56): hsc=[222 202] (fcs=[143 144])
(27,57): hsc=[ 48 224] (fcs=[68 68])
(27,58): hsc=[64  0] (fcs=[144 144])
(27,59): hsc=[64  0] (fcs=[144 144])
(27,60): hsc=[64  0] (fcs=[144 144])
(27,61): hsc=[128  92] (fcs=[49 51])
(27,62): hsc=[118 158] (fcs=[144 143])
(27,63): hsc=[128 128] (fcs=[128 128])
(27,64): hsc=[128 128] (fcs=[128 128])
(27,65): hsc=[128 128] (fcs=[128 128])
(27,66): hsc=[128 128] (fcs=[128 128])
(27,67): hsc=[64  0] (fcs=[144 144])
(27,68): hsc=[  4 148] (fcs=[184 194])
(27,69): hsc=[114 142] (fcs=[143 146])
(27,70): hsc=[218 186] (fcs=[142 147])
(27,71): hsc=[ 0 20] (fcs=[179 185])
(27,72): hsc=[218 186] (fcs=[142 147])
(27,73): hsc=[114 142] (fcs=[143 146])
(27,74): hsc=[114 142] (fcs=[143 146])
(27,75): hsc=[128 128] (fcs=[128 128])
(27,76): hsc=[16 16] (fcs=[176 184])
(27,77): hsc=[138 210] (fcs=[180 189])
(27,78): hsc=[128 128] (fcs=[128 128])
(27,79): hsc=[104  60] (fcs=[219 213])
(27,80): hsc=[216 212] (fcs=[145 143])
(27,81): hsc=[150 150] (fcs=[74 77])
(27,82): hsc=[ 84 232] (fcs=[63 63])
(27,83): hsc=[64  0] (fcs=[144 144])
(27,84): hsc=[222 202] (fcs=[143 144])
(27,85): hsc=[128 128] (fcs=[128 128])
(27,86): hsc=[30 74] (fcs=[63 64])
(27,87): hsc=[128 128] (fcs=[128 128])
(27,88): hsc=[128 128] (fcs=[128 128])
(27,89): hsc=[166  70] (fcs=[146 141])
(27,90): hsc=[228 196] (fcs=[36 54])
(27,91): hsc=[128 128] (fcs=[128 128])
(27,92): hsc=[166  70] (fcs=[146 141])
(27,93): hsc=[166  70] (fcs=[146 141])
(27,94): hsc=[34 58] (fcs=[72 85])
(27,95): hsc=[112 168] (fcs=[146 142])
(27,96): hsc=[146  90] (fcs=[204 185])
(27,97): hsc=[128 128] (fcs=[128 128])
(27,98): hsc=[64  0] (fcs=[144 144])
(27,99): hsc=[ 62 210] (fcs=[53 50])
(27,100): hsc=[128 128] (fcs=[128 128])
(27,101): hsc=[134   6] (fcs=[58 53])
(27,102): hsc=[84 12] (fcs=[78 76])
(27,103): hsc=[106 142] (fcs=[69 64])
(27,104): hsc=[38 70] (fcs=[50 45])
(27,105): hsc=[128 128] (fcs=[128 128])
(27,106): hsc=[ 88 212] (fcs=[49 47])
(27,107): hsc=[224 216] (fcs=[178 198])
(27,108): hsc=[128 128] (fcs=[128 128])
(27,109): hsc=[114 142] (fcs=[143 146])
(27,110): hsc=[128 128] (fcs=[128 128])
(27,111): hsc=[128 128] (fcs=[128 128])
(27,112): hsc=[120 240] (fcs=[58 58])
(27,113): hsc=[128 128] (fcs=[128 128])
(27,114): hsc=[ 92 120] (fcs=[69 69])
(27,115): hsc=[64  0] (fcs=[144 144])
(27,116): hsc=[64  0] (fcs=[144 144])
(27,117): hsc=[64  0] (fcs=[144 144])
(27,118): hsc=[64  0] (fcs=[144 144])
(27,119): hsc=[64  0] (fcs=[144 144])
(27,120): hsc=[64  0] (fcs=[144 144])
(27,121): hsc=[64  0] (fcs=[144 144])
(27,122): hsc=[64  0] (fcs=[144 144])
(27,123): hsc=[64  0] (fcs=[144 144])
(27,124): hsc=[64  0] (fcs=[144 144])
(27,125): hsc=[64  0] (fcs=[144 144])
(27,126): hsc=[128 128] (fcs=[128 128])
(27,127): hsc=[128 128] (fcs=[128 128])
(28,0): hsc=[128 128] (fcs=[128 128])
(28,1): hsc=[62 26] (fcs=[147 140])
(28,2): hsc=[128 128] (fcs=[128 128])
(28,3): hsc=[128 128] (fcs=[128 128])
(28,4): hsc=[128 128] (fcs=[128 128])
(28,5): hsc=[128 128] (fcs=[128 128])
(28,6): hsc=[ 14 114] (fcs=[145 142])
(28,7): hsc=[166  70] (fcs=[146 141])
(28,8): hsc=[166  70] (fcs=[146 141])
(28,9): hsc=[166  70] (fcs=[146 141])
(28,10): hsc=[166  70] (fcs=[146 141])
(28,11): hsc=[166  70] (fcs=[146 141])
(28,12): hsc=[166  70] (fcs=[146 141])
(28,13): hsc=[166  70] (fcs=[146 141])
(28,14): hsc=[166  70] (fcs=[146 141])
(28,15): hsc=[166  70] (fcs=[146 141])
(28,16): hsc=[166  70] (fcs=[146 141])
(28,17): hsc=[166  70] (fcs=[146 141])
(28,18): hsc=[166  70] (fcs=[146 141])
(28,19): hsc=[166  70] (fcs=[146 141])
(28,20): hsc=[166  70] (fcs=[146 141])
(28,21): hsc=[166  70] (fcs=[146 141])
(28,22): hsc=[166  70] (fcs=[146 141])
(28,23): hsc=[166  70] (fcs=[146 141])
(28,24): hsc=[166  70] (fcs=[146 141])
(28,25): hsc=[166  70] (fcs=[146 141])
(28,26): hsc=[166  70] (fcs=[146 141])
(28,27): hsc=[166  70] (fcs=[146 141])
(28,28): hsc=[176 228] (fcs=[59 73])
(28,29): hsc=[128 128] (fcs=[128 128])
(28,30): hsc=[128 128] (fcs=[128 128])
(28,31): hsc=[128 128] (fcs=[128 128])
(28,32): hsc=[128 128] (fcs=[128 128])
(28,33): hsc=[128 128] (fcs=[128 128])
(28,34): hsc=[ 36 248] (fcs=[31 39])
(28,35): hsc=[172  60] (fcs=[144 142])
(28,36): hsc=[24  8] (fcs=[204 192])
(28,37): hsc=[128 128] (fcs=[128 128])
(28,38): hsc=[128 128] (fcs=[128 128])
(28,39): hsc=[ 38 250] (fcs=[212 211])
(28,40): hsc=[234  30] (fcs=[225 212])
(28,41): hsc=[144 160] (fcs=[204 204])
(28,42): hsc=[216 136] (fcs=[220 208])
(28,43): hsc=[ 20 104] (fcs=[207 207])
(28,44): hsc=[128 128] (fcs=[128 128])
(28,45): hsc=[142 226] (fcs=[181 186])
(28,46): hsc=[64  0] (fcs=[144 144])
(28,47): hsc=[224 100] (fcs=[215 213])
(28,48): hsc=[124 108] (fcs=[232 222])
(28,49): hsc=[160 192] (fcs=[216 216])
(28,50): hsc=[128 128] (fcs=[128 128])
(28,51): hsc=[128 128] (fcs=[128 128])
(28,52): hsc=[ 6 82] (fcs=[143 148])
(28,53): hsc=[ 76 236] (fcs=[140 146])
(28,54): hsc=[ 74 158] (fcs=[185 204])
(28,55): hsc=[128 128] (fcs=[128 128])
(28,56): hsc=[128 128] (fcs=[128 128])
(28,57): hsc=[118 158] (fcs=[144 143])
(28,58): hsc=[250 184] (fcs=[61 61])
(28,59): hsc=[ 70 246] (fcs=[78 81])
(28,60): hsc=[228   8] (fcs=[43 43])
(28,61): hsc=[128 128] (fcs=[128 128])
(28,62): hsc=[118 158] (fcs=[144 143])
(28,63): hsc=[128 128] (fcs=[128 128])
(28,64): hsc=[128 128] (fcs=[128 128])
(28,65): hsc=[128 128] (fcs=[128 128])
(28,66): hsc=[128 128] (fcs=[128 128])
(28,67): hsc=[128 128] (fcs=[128 128])
(28,68): hsc=[124 148] (fcs=[142 144])
(28,69): hsc=[ 82 226] (fcs=[138 147])
(28,70): hsc=[174  34] (fcs=[141 146])
(28,71): hsc=[136 128] (fcs=[138 146])
(28,72): hsc=[ 70 246] (fcs=[142 145])
(28,73): hsc=[228 192] (fcs=[141 145])
(28,74): hsc=[ 70 246] (fcs=[142 145])
(28,75): hsc=[ 70 246] (fcs=[142 145])
(28,76): hsc=[168  44] (fcs=[143 145])
(28,77): hsc=[ 70 246] (fcs=[142 145])
(28,78): hsc=[222 202] (fcs=[143 144])
(28,79): hsc=[118 158] (fcs=[144 143])
(28,80): hsc=[86 94] (fcs=[56 55])
(28,81): hsc=[ 20 104] (fcs=[79 79])
(28,82): hsc=[64  0] (fcs=[144 144])
(28,83): hsc=[222 202] (fcs=[143 144])
(28,84): hsc=[64  0] (fcs=[144 144])
(28,85): hsc=[128 128] (fcs=[128 128])
(28,86): hsc=[226 182] (fcs=[65 64])
(28,87): hsc=[128 128] (fcs=[128 128])
(28,88): hsc=[128 128] (fcs=[128 128])
(28,89): hsc=[222 118] (fcs=[236 199])
(28,90): hsc=[220 228] (fcs=[146 140])
(28,91): hsc=[128 128] (fcs=[128 128])
(28,92): hsc=[54 74] (fcs=[29 54])
(28,93): hsc=[202  50] (fcs=[44 69])
(28,94): hsc=[128 128] (fcs=[128 128])
(28,95): hsc=[112 168] (fcs=[146 142])
(28,96): hsc=[128 128] (fcs=[128 128])
(28,97): hsc=[168  44] (fcs=[143 145])
(28,98): hsc=[134 226] (fcs=[43 40])
(28,99): hsc=[250 184] (fcs=[61 61])
(28,100): hsc=[64  0] (fcs=[144 144])
(28,101): hsc=[222 202] (fcs=[143 144])
(28,102): hsc=[64  0] (fcs=[144 144])
(28,103): hsc=[222 202] (fcs=[143 144])
(28,104): hsc=[64  0] (fcs=[144 144])
(28,105): hsc=[64  0] (fcs=[144 144])
(28,106): hsc=[202   6] (fcs=[47 46])
(28,107): hsc=[ 20 104] (fcs=[143 143])
(28,108): hsc=[162  18] (fcs=[194 195])
(28,109): hsc=[136 128] (fcs=[138 146])
(28,110): hsc=[152  48] (fcs=[146 146])
(28,111): hsc=[128 128] (fcs=[128 128])
(28,112): hsc=[128 128] (fcs=[128 128])
(28,113): hsc=[92 84] (fcs=[54 56])
(28,114): hsc=[128 128] (fcs=[128 128])
(28,115): hsc=[64  0] (fcs=[144 144])
(28,116): hsc=[64  0] (fcs=[144 144])
(28,117): hsc=[64  0] (fcs=[144 144])
(28,118): hsc=[64  0] (fcs=[144 144])
(28,119): hsc=[64  0] (fcs=[144 144])
(28,120): hsc=[64  0] (fcs=[144 144])
(28,121): hsc=[64  0] (fcs=[144 144])
(28,122): hsc=[64  0] (fcs=[144 144])
(28,123): hsc=[64  0] (fcs=[144 144])
(28,124): hsc=[64  0] (fcs=[144 144])
(28,125): hsc=[64  0] (fcs=[144 144])
(28,126): hsc=[128 128] (fcs=[128 128])
(28,127): hsc=[128 128] (fcs=[128 128])
(29,0): hsc=[128 128] (fcs=[128 128])
(29,1): hsc=[168 160] (fcs=[42 66])
(29,2): hsc=[128 128] (fcs=[128 128])
(29,3): hsc=[112 168] (fcs=[146 142])
(29,4): hsc=[140 148] (fcs=[34 52])
(29,5): hsc=[122 250] (fcs=[29 48])
(29,6): hsc=[ 14 114] (fcs=[145 142])
(29,7): hsc=[166  70] (fcs=[146 141])
(29,8): hsc=[166  70] (fcs=[146 141])
(29,9): hsc=[166  70] (fcs=[146 141])
(29,10): hsc=[166  70] (fcs=[146 141])
(29,11): hsc=[166  70] (fcs=[146 141])
(29,12): hsc=[166  70] (fcs=[146 141])
(29,13): hsc=[166  70] (fcs=[146 141])
(29,14): hsc=[166  70] (fcs=[146 141])
(29,15): hsc=[166  70] (fcs=[146 141])
(29,16): hsc=[166  70] (fcs=[146 141])
(29,17): hsc=[166  70] (fcs=[146 141])
(29,18): hsc=[166  70] (fcs=[146 141])
(29,19): hsc=[166  70] (fcs=[146 141])
(29,20): hsc=[166  70] (fcs=[146 141])
(29,21): hsc=[166  70] (fcs=[146 141])
(29,22): hsc=[166  70] (fcs=[146 141])
(29,23): hsc=[166  70] (fcs=[146 141])
(29,24): hsc=[166  70] (fcs=[146 141])
(29,25): hsc=[166  70] (fcs=[146 141])
(29,26): hsc=[166  70] (fcs=[146 141])
(29,27): hsc=[166  70] (fcs=[146 141])
(29,28): hsc=[166  70] (fcs=[146 141])
(29,29): hsc=[112  28] (fcs=[45 63])
(29,30): hsc=[86 26] (fcs=[49 66])
(29,31): hsc=[128 128] (fcs=[128 128])
(29,32): hsc=[128 128] (fcs=[128 128])
(29,33): hsc=[ 14 114] (fcs=[145 142])
(29,34): hsc=[ 62 134] (fcs=[192 179])
(29,35): hsc=[128 128] (fcs=[192 192])
(29,36): hsc=[26 94] (fcs=[141 144])
(29,37): hsc=[168  44] (fcs=[143 145])
(29,38): hsc=[228 192] (fcs=[141 145])
(29,39): hsc=[114 142] (fcs=[143 146])
(29,40): hsc=[114 142] (fcs=[143 146])
(29,41): hsc=[168  44] (fcs=[143 145])
(29,42): hsc=[26 94] (fcs=[141 144])
(29,43): hsc=[168  44] (fcs=[143 145])
(29,44): hsc=[ 70 246] (fcs=[142 145])
(29,45): hsc=[64  0] (fcs=[144 144])
(29,46): hsc=[114 142] (fcs=[143 146])
(29,47): hsc=[168  44] (fcs=[143 145])
(29,48): hsc=[ 82 182] (fcs=[77 60])
(29,49): hsc=[114 142] (fcs=[143 146])
(29,50): hsc=[ 20 104] (fcs=[207 207])
(29,51): hsc=[28 68] (fcs=[202 212])
(29,52): hsc=[104  92] (fcs=[83 61])
(29,53): hsc=[128 128] (fcs=[128 128])
(29,54): hsc=[128 128] (fcs=[128 128])
(29,55): hsc=[ 32 228] (fcs=[71 69])
(29,56): hsc=[ 20 104] (fcs=[143 143])
(29,57): hsc=[128 128] (fcs=[128 128])
(29,58): hsc=[128 128] (fcs=[128 128])
(29,59): hsc=[118 158] (fcs=[144 143])
(29,60): hsc=[128 128] (fcs=[128 128])
(29,61): hsc=[128 128] (fcs=[128 128])
(29,62): hsc=[128 128] (fcs=[128 128])
(29,63): hsc=[128 128] (fcs=[128 128])
(29,64): hsc=[52 28] (fcs=[194 216])
(29,65): hsc=[128 128] (fcs=[128 128])
(29,66): hsc=[128 128] (fcs=[128 128])
(29,67): hsc=[112  96] (fcs=[52 52])
(29,68): hsc=[236 188] (fcs=[64 62])
(29,69): hsc=[222 202] (fcs=[143 144])
(29,70): hsc=[74  6] (fcs=[79 78])
(29,71): hsc=[ 40 116] (fcs=[77 75])
(29,72): hsc=[182  30] (fcs=[64 63])
(29,73): hsc=[ 68 236] (fcs=[66 64])
(29,74): hsc=[100   8] (fcs=[75 75])
(29,75): hsc=[208  68] (fcs=[75 73])
(29,76): hsc=[144 160] (fcs=[76 76])
(29,77): hsc=[ 20 104] (fcs=[79 79])
(29,78): hsc=[64  0] (fcs=[144 144])
(29,79): hsc=[64  0] (fcs=[144 144])
(29,80): hsc=[64  0] (fcs=[144 144])
(29,81): hsc=[64  0] (fcs=[144 144])
(29,82): hsc=[64  0] (fcs=[144 144])
(29,83): hsc=[84 12] (fcs=[78 76])
(29,84): hsc=[ 6 42] (fcs=[41 34])
(29,85): hsc=[128 128] (fcs=[128 128])
(29,86): hsc=[222 202] (fcs=[143 144])
(29,87): hsc=[128 128] (fcs=[128 128])
(29,88): hsc=[128 128] (fcs=[128 128])
(29,89): hsc=[ 54 170] (fcs=[197 174])
(29,90): hsc=[128 128] (fcs=[128 128])
(29,91): hsc=[172 236] (fcs=[196 170])
(29,92): hsc=[128 128] (fcs=[128 128])
(29,93): hsc=[62 26] (fcs=[147 140])
(29,94): hsc=[128 128] (fcs=[128 128])
(29,95): hsc=[128 128] (fcs=[128 128])
(29,96): hsc=[228 192] (fcs=[141 145])
(29,97): hsc=[128 128] (fcs=[128 128])
(29,98): hsc=[128 128] (fcs=[128 128])
(29,99): hsc=[64  0] (fcs=[144 144])
(29,100): hsc=[64  0] (fcs=[144 144])
(29,101): hsc=[64  0] (fcs=[144 144])
(29,102): hsc=[118 158] (fcs=[144 143])
(29,103): hsc=[64  0] (fcs=[144 144])
(29,104): hsc=[64  0] (fcs=[144 144])
(29,105): hsc=[64  0] (fcs=[144 144])
(29,106): hsc=[64  0] (fcs=[144 144])
(29,107): hsc=[64  0] (fcs=[144 144])
(29,108): hsc=[ 94 126] (fcs=[58 49])
(29,109): hsc=[156  28] (fcs=[68 66])
(29,110): hsc=[118 158] (fcs=[144 143])
(29,111): hsc=[ 26 238] (fcs=[201 196])
(29,112): hsc=[128 128] (fcs=[128 128])
(29,113): hsc=[124 148] (fcs=[142 144])
(29,114): hsc=[178 158] (fcs=[59 54])
(29,115): hsc=[64  0] (fcs=[144 144])
(29,116): hsc=[64  0] (fcs=[144 144])
(29,117): hsc=[64  0] (fcs=[144 144])
(29,118): hsc=[64  0] (fcs=[144 144])
(29,119): hsc=[64  0] (fcs=[144 144])
(29,120): hsc=[64  0] (fcs=[144 144])
(29,121): hsc=[64  0] (fcs=[144 144])
(29,122): hsc=[64  0] (fcs=[144 144])
(29,123): hsc=[64  0] (fcs=[144 144])
(29,124): hsc=[64  0] (fcs=[144 144])
(29,125): hsc=[64  0] (fcs=[144 144])
(29,126): hsc=[128 128] (fcs=[128 128])
(29,127): hsc=[128 128] (fcs=[128 128])
(30,0): hsc=[128 128] (fcs=[128 128])
(30,1): hsc=[62 26] (fcs=[147 140])
(30,2): hsc=[128 128] (fcs=[128 128])
(30,3): hsc=[128 128] (fcs=[128 128])
(30,4): hsc=[144 164] (fcs=[35 49])
(30,5): hsc=[128 128] (fcs=[128 128])
(30,6): hsc=[ 14 114] (fcs=[145 142])
(30,7): hsc=[166  70] (fcs=[146 141])
(30,8): hsc=[166  70] (fcs=[146 141])
(30,9): hsc=[166  70] (fcs=[146 141])
(30,10): hsc=[166  70] (fcs=[146 141])
(30,11): hsc=[166  70] (fcs=[146 141])
(30,12): hsc=[166  70] (fcs=[146 141])
(30,13): hsc=[166  70] (fcs=[146 141])
(30,14): hsc=[166  70] (fcs=[146 141])
(30,15): hsc=[166  70] (fcs=[146 141])
(30,16): hsc=[166  70] (fcs=[146 141])
(30,17): hsc=[166  70] (fcs=[146 141])
(30,18): hsc=[166  70] (fcs=[146 141])
(30,19): hsc=[166  70] (fcs=[146 141])
(30,20): hsc=[166  70] (fcs=[146 141])
(30,21): hsc=[166  70] (fcs=[146 141])
(30,22): hsc=[166  70] (fcs=[146 141])
(30,23): hsc=[166  70] (fcs=[146 141])
(30,24): hsc=[166  70] (fcs=[146 141])
(30,25): hsc=[166  70] (fcs=[146 141])
(30,26): hsc=[166  70] (fcs=[146 141])
(30,27): hsc=[166  70] (fcs=[146 141])
(30,28): hsc=[166  70] (fcs=[146 141])
(30,29): hsc=[ 94 206] (fcs=[70 85])
(30,30): hsc=[128 128] (fcs=[128 128])
(30,31): hsc=[112 168] (fcs=[146 142])
(30,32): hsc=[128 128] (fcs=[128 128])
(30,33): hsc=[128 128] (fcs=[128 128])
(30,34): hsc=[124   0] (fcs=[59 55])
(30,35): hsc=[230  50] (fcs=[47 36])
(30,36): hsc=[ 28 172] (fcs=[224 214])
(30,37): hsc=[214 238] (fcs=[212 203])
(30,38): hsc=[124 148] (fcs=[142 144])
(30,39): hsc=[222 202] (fcs=[143 144])
(30,40): hsc=[64  0] (fcs=[144 144])
(30,41): hsc=[64  0] (fcs=[144 144])
(30,42): hsc=[64  0] (fcs=[144 144])
(30,43): hsc=[64  0] (fcs=[144 144])
(30,44): hsc=[64  0] (fcs=[144 144])
(30,45): hsc=[ 14 114] (fcs=[145 142])
(30,46): hsc=[ 14 114] (fcs=[145 142])
(30,47): hsc=[ 20 104] (fcs=[143 143])
(30,48): hsc=[ 20 104] (fcs=[143 143])
(30,49): hsc=[64  0] (fcs=[144 144])
(30,50): hsc=[128 128] (fcs=[128 128])
(30,51): hsc=[128 128] (fcs=[128 128])
(30,52): hsc=[ 20 104] (fcs=[143 143])
(30,53): hsc=[128 128] (fcs=[128 128])
(30,54): hsc=[208  32] (fcs=[60 60])
(30,55): hsc=[224  64] (fcs=[72 72])
(30,56): hsc=[128 128] (fcs=[128 128])
(30,57): hsc=[ 80 216] (fcs=[62 66])
(30,58): hsc=[128 128] (fcs=[128 128])
(30,59): hsc=[128 128] (fcs=[128 128])
(30,60): hsc=[ 20 104] (fcs=[143 143])
(30,61): hsc=[128 128] (fcs=[128 128])
(30,62): hsc=[128 128] (fcs=[128 128])
(30,63): hsc=[64  0] (fcs=[144 144])
(30,64): hsc=[128 128] (fcs=[128 128])
(30,65): hsc=[222 202] (fcs=[143 144])
(30,66): hsc=[128 128] (fcs=[128 128])
(30,67): hsc=[154 242] (fcs=[64 73])
(30,68): hsc=[138 174] (fcs=[37 48])
(30,69): hsc=[148 216] (fcs=[51 59])
(30,70): hsc=[176  80] (fcs=[40 48])
(30,71): hsc=[134 118] (fcs=[62 65])
(30,72): hsc=[108  80] (fcs=[51 55])
(30,73): hsc=[136  16] (fcs=[70 70])
(30,74): hsc=[134 118] (fcs=[62 65])
(30,75): hsc=[136  16] (fcs=[70 70])
(30,76): hsc=[  2 138] (fcs=[44 49])
(30,77): hsc=[204  16] (fcs=[59 63])
(30,78): hsc=[78 26] (fcs=[39 48])
(30,79): hsc=[164 248] (fcs=[63 71])
(30,80): hsc=[224 104] (fcs=[46 58])
(30,81): hsc=[190  30] (fcs=[74 81])
(30,82): hsc=[236  44] (fcs=[68 74])
(30,83): hsc=[118 158] (fcs=[144 143])
(30,84): hsc=[118 158] (fcs=[144 143])
(30,85): hsc=[234 182] (fcs=[139 146])
(30,86): hsc=[ 78 242] (fcs=[193 190])
(30,87): hsc=[172  60] (fcs=[144 142])
(30,88): hsc=[ 14 114] (fcs=[145 142])
(30,89): hsc=[ 14 114] (fcs=[145 142])
(30,90): hsc=[166  70] (fcs=[146 141])
(30,91): hsc=[166  70] (fcs=[146 141])
(30,92): hsc=[166  70] (fcs=[146 141])
(30,93): hsc=[68 16] (fcs=[145 141])
(30,94): hsc=[128 128] (fcs=[128 128])
(30,95): hsc=[128 128] (fcs=[128 128])
(30,96): hsc=[128 128] (fcs=[128 128])
(30,97): hsc=[128 128] (fcs=[128 128])
(30,98): hsc=[128 128] (fcs=[128 128])
(30,99): hsc=[136  16] (fcs=[70 70])
(30,100): hsc=[64  0] (fcs=[144 144])
(30,101): hsc=[64  0] (fcs=[144 144])
(30,102): hsc=[118 158] (fcs=[144 143])
(30,103): hsc=[64  0] (fcs=[144 144])
(30,104): hsc=[64  0] (fcs=[144 144])
(30,105): hsc=[64  0] (fcs=[144 144])
(30,106): hsc=[64  0] (fcs=[144 144])
(30,107): hsc=[222 202] (fcs=[143 144])
(30,108): hsc=[64  0] (fcs=[144 144])
(30,109): hsc=[64  0] (fcs=[144 144])
(30,110): hsc=[126  10] (fcs=[71 72])
(30,111): hsc=[118 158] (fcs=[144 143])
(30,112): hsc=[182 250] (fcs=[49 50])
(30,113): hsc=[222 202] (fcs=[143 144])
(30,114): hsc=[128 128] (fcs=[128 128])
(30,115): hsc=[40 84] (fcs=[213 227])
(30,116): hsc=[64  0] (fcs=[144 144])
(30,117): hsc=[118 158] (fcs=[144 143])
(30,118): hsc=[64  0] (fcs=[144 144])
(30,119): hsc=[64  0] (fcs=[144 144])
(30,120): hsc=[64  0] (fcs=[144 144])
(30,121): hsc=[64  0] (fcs=[144 144])
(30,122): hsc=[64  0] (fcs=[144 144])
(30,123): hsc=[64  0] (fcs=[144 144])
(30,124): hsc=[64  0] (fcs=[144 144])
(30,125): hsc=[64  0] (fcs=[144 144])
(30,126): hsc=[128 128] (fcs=[128 128])
(30,127): hsc=[128 128] (fcs=[128 128])
(31,0): hsc=[128 128] (fcs=[128 128])
(31,1): hsc=[128 128] (fcs=[128 128])
(31,2): hsc=[128 128] (fcs=[128 128])
(31,3): hsc=[128 128] (fcs=[128 128])
(31,4): hsc=[198 138] (fcs=[65 74])
(31,5): hsc=[128 128] (fcs=[128 128])
(31,6): hsc=[ 14 114] (fcs=[145 142])
(31,7): hsc=[166  70] (fcs=[146 141])
(31,8): hsc=[166  70] (fcs=[146 141])
(31,9): hsc=[166  70] (fcs=[146 141])
(31,10): hsc=[166  70] (fcs=[146 141])
(31,11): hsc=[166  70] (fcs=[146 141])
(31,12): hsc=[166  70] (fcs=[146 141])
(31,13): hsc=[166  70] (fcs=[146 141])
(31,14): hsc=[166  70] (fcs=[146 141])
(31,15): hsc=[166  70] (fcs=[146 141])
(31,16): hsc=[166  70] (fcs=[146 141])
(31,17): hsc=[166  70] (fcs=[146 141])
(31,18): hsc=[166  70] (fcs=[146 141])
(31,19): hsc=[166  70] (fcs=[146 141])
(31,20): hsc=[166  70] (fcs=[146 141])
(31,21): hsc=[166  70] (fcs=[146 141])
(31,22): hsc=[166  70] (fcs=[146 141])
(31,23): hsc=[166  70] (fcs=[146 141])
(31,24): hsc=[166  70] (fcs=[146 141])
(31,25): hsc=[166  70] (fcs=[146 141])
(31,26): hsc=[166  70] (fcs=[146 141])
(31,27): hsc=[166  70] (fcs=[146 141])
(31,28): hsc=[166  70] (fcs=[146 141])
(31,29): hsc=[166  70] (fcs=[146 141])
(31,30): hsc=[ 88 108] (fcs=[27 45])
(31,31): hsc=[190 250] (fcs=[59 68])
(31,32): hsc=[128 128] (fcs=[128 128])
(31,33): hsc=[128 128] (fcs=[128 128])
(31,34): hsc=[128 128] (fcs=[128 128])
(31,35): hsc=[128 128] (fcs=[128 128])
(31,36): hsc=[152  84] (fcs=[33 31])
(31,37): hsc=[ 16 164] (fcs=[195 209])
(31,38): hsc=[ 20 104] (fcs=[207 207])
(31,39): hsc=[64  0] (fcs=[144 144])
(31,40): hsc=[222 202] (fcs=[143 144])
(31,41): hsc=[64  0] (fcs=[144 144])
(31,42): hsc=[168  44] (fcs=[143 145])
(31,43): hsc=[ 56 112] (fcs=[74 74])
(31,44): hsc=[64  0] (fcs=[144 144])
(31,45): hsc=[172  60] (fcs=[144 142])
(31,46): hsc=[172  60] (fcs=[144 142])
(31,47): hsc=[64  0] (fcs=[144 144])
(31,48): hsc=[ 70 246] (fcs=[142 145])
(31,49): hsc=[168  44] (fcs=[143 145])
(31,50): hsc=[128 128] (fcs=[128 128])
(31,51): hsc=[186 122] (fcs=[182 187])
(31,52): hsc=[240  60] (fcs=[69 71])
(31,53): hsc=[50 50] (fcs=[46 47])
(31,54): hsc=[64  0] (fcs=[144 144])
(31,55): hsc=[64  0] (fcs=[144 144])
(31,56): hsc=[250 184] (fcs=[61 61])
(31,57): hsc=[128 128] (fcs=[128 128])
(31,58): hsc=[134 226] (fcs=[43 40])
(31,59): hsc=[128 128] (fcs=[128 128])
(31,60): hsc=[128 128] (fcs=[128 128])
(31,61): hsc=[ 80 104] (fcs=[58 54])
(31,62): hsc=[128 128] (fcs=[128 128])
(31,63): hsc=[ 34 166] (fcs=[53 60])
(31,64): hsc=[118 158] (fcs=[144 143])
(31,65): hsc=[128 128] (fcs=[128 128])
(31,66): hsc=[128 128] (fcs=[128 128])
(31,67): hsc=[128 128] (fcs=[128 128])
(31,68): hsc=[128 128] (fcs=[128 128])
(31,69): hsc=[128 128] (fcs=[128 128])
(31,70): hsc=[128 128] (fcs=[128 128])
(31,71): hsc=[246 154] (fcs=[217 202])
(31,72): hsc=[ 36 208] (fcs=[185 181])
(31,73): hsc=[162  54] (fcs=[145 144])
(31,74): hsc=[ 20 104] (fcs=[143 143])
(31,75): hsc=[216 212] (fcs=[145 143])
(31,76): hsc=[128 128] (fcs=[128 128])
(31,77): hsc=[128 128] (fcs=[128 128])
(31,78): hsc=[128 128] (fcs=[128 128])
(31,79): hsc=[128 128] (fcs=[128 128])
(31,80): hsc=[128 128] (fcs=[128 128])
(31,81): hsc=[128 128] (fcs=[128 128])
(31,82): hsc=[128 128] (fcs=[128 128])
(31,83): hsc=[198  90] (fcs=[237 206])
(31,84): hsc=[ 66 186] (fcs=[208 189])
(31,85): hsc=[216 212] (fcs=[145 143])
(31,86): hsc=[118 158] (fcs=[144 143])
(31,87): hsc=[ 14 114] (fcs=[145 142])
(31,88): hsc=[ 14 114] (fcs=[145 142])
(31,89): hsc=[ 14 114] (fcs=[145 142])
(31,90): hsc=[ 14 114] (fcs=[145 142])
(31,91): hsc=[ 14 114] (fcs=[145 142])
(31,92): hsc=[152 124] (fcs=[71 81])
(31,93): hsc=[152  88] (fcs=[56 68])
(31,94): hsc=[128 128] (fcs=[128 128])
(31,95): hsc=[ 14 114] (fcs=[145 142])
(31,96): hsc=[128 128] (fcs=[128 128])
(31,97): hsc=[128 128] (fcs=[128 128])
(31,98): hsc=[64  0] (fcs=[144 144])
(31,99): hsc=[128 128] (fcs=[128 128])
(31,100): hsc=[128 128] (fcs=[128 128])
(31,101): hsc=[124 148] (fcs=[142 144])
(31,102): hsc=[222 202] (fcs=[143 144])
(31,103): hsc=[222 202] (fcs=[143 144])
(31,104): hsc=[ 20 104] (fcs=[143 143])
(31,105): hsc=[ 20 104] (fcs=[143 143])
(31,106): hsc=[64  0] (fcs=[144 144])
(31,107): hsc=[64  0] (fcs=[144 144])
(31,108): hsc=[64  0] (fcs=[144 144])
(31,109): hsc=[64  0] (fcs=[144 144])
(31,110): hsc=[118 158] (fcs=[144 143])
(31,111): hsc=[64  0] (fcs=[144 144])
(31,112): hsc=[64  0] (fcs=[144 144])
(31,113): hsc=[136  16] (fcs=[70 70])
(31,114): hsc=[150  38] (fcs=[70 65])
(31,115): hsc=[250 126] (fcs=[194 217])
(31,116): hsc=[128 128] (fcs=[128 128])
(31,117): hsc=[64  0] (fcs=[144 144])
(31,118): hsc=[120 240] (fcs=[58 58])
(31,119): hsc=[64  0] (fcs=[144 144])
(31,120): hsc=[64  0] (fcs=[144 144])
(31,121): hsc=[64  0] (fcs=[144 144])
(31,122): hsc=[64  0] (fcs=[144 144])
(31,123): hsc=[64  0] (fcs=[144 144])
(31,124): hsc=[64  0] (fcs=[144 144])
(31,125): hsc=[64  0] (fcs=[144 144])
(31,126): hsc=[128 128] (fcs=[128 128])
(31,127): hsc=[128 128] (fcs=[128 128])
(32,0): hsc=[128 128] (fcs=[128 128])
(32,1): hsc=[128 128] (fcs=[128 128])
(32,2): hsc=[128 128] (fcs=[128 128])
(32,3): hsc=[128 128] (fcs=[128 128])
(32,4): hsc=[172  60] (fcs=[144 142])
(32,5): hsc=[128 128] (fcs=[128 128])
(32,6): hsc=[100  84] (fcs=[64 74])
(32,7): hsc=[166  70] (fcs=[146 141])
(32,8): hsc=[166  70] (fcs=[146 141])
(32,9): hsc=[166  70] (fcs=[146 141])
(32,10): hsc=[166  70] (fcs=[146 141])
(32,11): hsc=[166  70] (fcs=[146 141])
(32,12): hsc=[166  70] (fcs=[146 141])
(32,13): hsc=[166  70] (fcs=[146 141])
(32,14): hsc=[166  70] (fcs=[146 141])
(32,15): hsc=[166  70] (fcs=[146 141])
(32,16): hsc=[166  70] (fcs=[146 141])
(32,17): hsc=[166  70] (fcs=[146 141])
(32,18): hsc=[166  70] (fcs=[146 141])
(32,19): hsc=[166  70] (fcs=[146 141])
(32,20): hsc=[166  70] (fcs=[146 141])
(32,21): hsc=[166  70] (fcs=[146 141])
(32,22): hsc=[166  70] (fcs=[146 141])
(32,23): hsc=[166  70] (fcs=[146 141])
(32,24): hsc=[166  70] (fcs=[146 141])
(32,25): hsc=[166  70] (fcs=[146 141])
(32,26): hsc=[166  70] (fcs=[146 141])
(32,27): hsc=[166  70] (fcs=[146 141])
(32,28): hsc=[166  70] (fcs=[146 141])
(32,29): hsc=[166  70] (fcs=[146 141])
(32,30): hsc=[108 156] (fcs=[40 54])
(32,31): hsc=[128 128] (fcs=[128 128])
(32,32): hsc=[ 14 114] (fcs=[145 142])
(32,33): hsc=[128 128] (fcs=[128 128])
(32,34): hsc=[ 46 214] (fcs=[184 179])
(32,35): hsc=[128 128] (fcs=[128 128])
(32,36): hsc=[128 128] (fcs=[128 128])
(32,37): hsc=[128  92] (fcs=[49 51])
(32,38): hsc=[128 128] (fcs=[128 128])
(32,39): hsc=[128 128] (fcs=[128 128])
(32,40): hsc=[216 212] (fcs=[145 143])
(32,41): hsc=[156  64] (fcs=[147 143])
(32,42): hsc=[58 10] (fcs=[146 143])
(32,43): hsc=[68 16] (fcs=[145 141])
(32,44): hsc=[58 10] (fcs=[146 143])
(32,45): hsc=[112 168] (fcs=[146 142])
(32,46): hsc=[216 212] (fcs=[145 143])
(32,47): hsc=[86 18] (fcs=[195 184])
(32,48): hsc=[216 136] (fcs=[220 208])
(32,49): hsc=[218 186] (fcs=[142 147])
(32,50): hsc=[ 20 104] (fcs=[143 143])
(32,51): hsc=[ 20 104] (fcs=[143 143])
(32,52): hsc=[70 62] (fcs=[44 43])
(32,53): hsc=[ 20 104] (fcs=[79 79])
(32,54): hsc=[64  0] (fcs=[144 144])
(32,55): hsc=[144 160] (fcs=[76 76])
(32,56): hsc=[180  96] (fcs=[41 45])
(32,57): hsc=[128 128] (fcs=[128 128])
(32,58): hsc=[ 14 114] (fcs=[145 142])
(32,59): hsc=[128 128] (fcs=[128 128])
(32,60): hsc=[128 128] (fcs=[128 128])
(32,61): hsc=[64  0] (fcs=[144 144])
(32,62): hsc=[128 128] (fcs=[128 128])
(32,63): hsc=[250 184] (fcs=[61 61])
(32,64): hsc=[162  18] (fcs=[66 67])
(32,65): hsc=[ 14 114] (fcs=[145 142])
(32,66): hsc=[ 14 114] (fcs=[145 142])
(32,67): hsc=[ 20 180] (fcs=[68 78])
(32,68): hsc=[198 102] (fcs=[50 61])
(32,69): hsc=[ 14 114] (fcs=[145 142])
(32,70): hsc=[118 158] (fcs=[144 143])
(32,71): hsc=[ 20 104] (fcs=[143 143])
(32,72): hsc=[222 202] (fcs=[143 144])
(32,73): hsc=[200 220] (fcs=[171 181])
(32,74): hsc=[222 202] (fcs=[143 144])
(32,75): hsc=[222 202] (fcs=[143 144])
(32,76): hsc=[64  0] (fcs=[144 144])
(32,77): hsc=[118 158] (fcs=[144 143])
(32,78): hsc=[216 212] (fcs=[145 143])
(32,79): hsc=[ 14 114] (fcs=[145 142])
(32,80): hsc=[166  70] (fcs=[146 141])
(32,81): hsc=[220 228] (fcs=[146 140])
(32,82): hsc=[62 26] (fcs=[147 140])
(32,83): hsc=[166  70] (fcs=[146 141])
(32,84): hsc=[166  70] (fcs=[146 141])
(32,85): hsc=[112 168] (fcs=[146 142])
(32,86): hsc=[ 14 114] (fcs=[145 142])
(32,87): hsc=[ 14 114] (fcs=[145 142])
(32,88): hsc=[ 14 114] (fcs=[145 142])
(32,89): hsc=[112 168] (fcs=[146 142])
(32,90): hsc=[ 14 114] (fcs=[145 142])
(32,91): hsc=[112 168] (fcs=[146 142])
(32,92): hsc=[ 14 114] (fcs=[145 142])
(32,93): hsc=[ 14 114] (fcs=[145 142])
(32,94): hsc=[180 244] (fcs=[60 70])
(32,95): hsc=[ 52 136] (fcs=[47 63])
(32,96): hsc=[ 14 114] (fcs=[145 142])
(32,97): hsc=[128 128] (fcs=[128 128])
(32,98): hsc=[128 128] (fcs=[128 128])
(32,99): hsc=[234 182] (fcs=[139 146])
(32,100): hsc=[228 192] (fcs=[141 145])
(32,101): hsc=[234 182] (fcs=[139 146])
(32,102): hsc=[128 128] (fcs=[128 128])
(32,103): hsc=[128 128] (fcs=[128 128])
(32,104): hsc=[222 202] (fcs=[143 144])
(32,105): hsc=[130 246] (fcs=[57 56])
(32,106): hsc=[ 20 104] (fcs=[79 79])
(32,107): hsc=[64  0] (fcs=[144 144])
(32,108): hsc=[64  0] (fcs=[144 144])
(32,109): hsc=[64  0] (fcs=[144 144])
(32,110): hsc=[64  0] (fcs=[144 144])
(32,111): hsc=[64  0] (fcs=[144 144])
(32,112): hsc=[64  0] (fcs=[144 144])
(32,113): hsc=[64  0] (fcs=[144 144])
(32,114): hsc=[176 224] (fcs=[36 36])
(32,115): hsc=[180 168] (fcs=[71 71])
(32,116): hsc=[128 128] (fcs=[128 128])
(32,117): hsc=[128 128] (fcs=[128 128])
(32,118): hsc=[118 158] (fcs=[144 143])
(32,119): hsc=[112  96] (fcs=[52 52])
(32,120): hsc=[64  0] (fcs=[144 144])
(32,121): hsc=[64  0] (fcs=[144 144])
(32,122): hsc=[64  0] (fcs=[144 144])
(32,123): hsc=[64  0] (fcs=[144 144])
(32,124): hsc=[64  0] (fcs=[144 144])
(32,125): hsc=[64  0] (fcs=[144 144])
(32,126): hsc=[128 128] (fcs=[128 128])
(32,127): hsc=[128 128] (fcs=[128 128])
(33,0): hsc=[128 128] (fcs=[128 128])
(33,1): hsc=[128 128] (fcs=[128 128])
(33,2): hsc=[222 202] (fcs=[143 144])
(33,3): hsc=[128 128] (fcs=[128 128])
(33,4): hsc=[78 22] (fcs=[208 203])
(33,5): hsc=[128 128] (fcs=[128 128])
(33,6): hsc=[100  12] (fcs=[34 48])
(33,7): hsc=[166  70] (fcs=[146 141])
(33,8): hsc=[166  70] (fcs=[146 141])
(33,9): hsc=[166  70] (fcs=[146 141])
(33,10): hsc=[166  70] (fcs=[146 141])
(33,11): hsc=[166  70] (fcs=[146 141])
(33,12): hsc=[166  70] (fcs=[146 141])
(33,13): hsc=[166  70] (fcs=[146 141])
(33,14): hsc=[166  70] (fcs=[146 141])
(33,15): hsc=[166  70] (fcs=[146 141])
(33,16): hsc=[166  70] (fcs=[146 141])
(33,17): hsc=[166  70] (fcs=[146 141])
(33,18): hsc=[166  70] (fcs=[146 141])
(33,19): hsc=[166  70] (fcs=[146 141])
(33,20): hsc=[166  70] (fcs=[146 141])
(33,21): hsc=[166  70] (fcs=[146 141])
(33,22): hsc=[166  70] (fcs=[146 141])
(33,23): hsc=[166  70] (fcs=[146 141])
(33,24): hsc=[166  70] (fcs=[146 141])
(33,25): hsc=[166  70] (fcs=[146 141])
(33,26): hsc=[166  70] (fcs=[146 141])
(33,27): hsc=[166  70] (fcs=[146 141])
(33,28): hsc=[166  70] (fcs=[146 141])
(33,29): hsc=[166  70] (fcs=[146 141])
(33,30): hsc=[124 224] (fcs=[67 79])
(33,31): hsc=[ 20 108] (fcs=[38 52])
(33,32): hsc=[172  60] (fcs=[144 142])
(33,33): hsc=[128 128] (fcs=[128 128])
(33,34): hsc=[128 128] (fcs=[128 128])
(33,35): hsc=[74  6] (fcs=[143 142])
(33,36): hsc=[128 128] (fcs=[128 128])
(33,37): hsc=[128 128] (fcs=[128 128])
(33,38): hsc=[64  0] (fcs=[144 144])
(33,39): hsc=[128 128] (fcs=[128 128])
(33,40): hsc=[128 128] (fcs=[128 128])
(33,41): hsc=[162  18] (fcs=[194 195])
(33,42): hsc=[128 128] (fcs=[128 128])
(33,43): hsc=[206 246] (fcs=[184 195])
(33,44): hsc=[128 128] (fcs=[128 128])
(33,45): hsc=[128 128] (fcs=[128 128])
(33,46): hsc=[128 128] (fcs=[128 128])
(33,47): hsc=[128 128] (fcs=[128 128])
(33,48): hsc=[112 168] (fcs=[146 142])
(33,49): hsc=[228 192] (fcs=[77 81])
(33,50): hsc=[246 158] (fcs=[48 47])
(33,51): hsc=[66 82] (fcs=[58 59])
(33,52): hsc=[120 240] (fcs=[58 58])
(33,53): hsc=[ 84 232] (fcs=[63 63])
(33,54): hsc=[ 86 238] (fcs=[52 43])
(33,55): hsc=[222 202] (fcs=[143 144])
(33,56): hsc=[198 242] (fcs=[215 204])
(33,57): hsc=[128 128] (fcs=[128 128])
(33,58): hsc=[128 128] (fcs=[128 128])
(33,59): hsc=[128 128] (fcs=[128 128])
(33,60): hsc=[118 158] (fcs=[144 143])
(33,61): hsc=[20 68] (fcs=[64 66])
(33,62): hsc=[ 84 232] (fcs=[63 63])
(33,63): hsc=[64  0] (fcs=[144 144])
(33,64): hsc=[64  0] (fcs=[144 144])
(33,65): hsc=[64  0] (fcs=[144 144])
(33,66): hsc=[64  0] (fcs=[144 144])
(33,67): hsc=[64  0] (fcs=[144 144])
(33,68): hsc=[64  0] (fcs=[144 144])
(33,69): hsc=[64  0] (fcs=[144 144])
(33,70): hsc=[64  0] (fcs=[144 144])
(33,71): hsc=[222 202] (fcs=[143 144])
(33,72): hsc=[222 202] (fcs=[143 144])
(33,73): hsc=[124 148] (fcs=[142 144])
(33,74): hsc=[222 202] (fcs=[143 144])
(33,75): hsc=[222 202] (fcs=[143 144])
(33,76): hsc=[222 202] (fcs=[143 144])
(33,77): hsc=[222 202] (fcs=[143 144])
(33,78): hsc=[ 12 216] (fcs=[73 73])
(33,79): hsc=[118 158] (fcs=[144 143])
(33,80): hsc=[ 14 114] (fcs=[145 142])
(33,81): hsc=[ 14 114] (fcs=[145 142])
(33,82): hsc=[166  70] (fcs=[146 141])
(33,83): hsc=[166  70] (fcs=[146 141])
(33,84): hsc=[166  70] (fcs=[146 141])
(33,85): hsc=[166  70] (fcs=[146 141])
(33,86): hsc=[166  70] (fcs=[146 141])
(33,87): hsc=[166  70] (fcs=[146 141])
(33,88): hsc=[166  70] (fcs=[146 141])
(33,89): hsc=[166  70] (fcs=[146 141])
(33,90): hsc=[166  70] (fcs=[146 141])
(33,91): hsc=[166  70] (fcs=[146 141])
(33,92): hsc=[166  70] (fcs=[146 141])
(33,93): hsc=[166  70] (fcs=[146 141])
(33,94): hsc=[166  70] (fcs=[146 141])
(33,95): hsc=[188 172] (fcs=[40 62])
(33,96): hsc=[  4 188] (fcs=[30 52])
(33,97): hsc=[112 168] (fcs=[146 142])
(33,98): hsc=[128 128] (fcs=[128 128])
(33,99): hsc=[128 128] (fcs=[128 128])
(33,100): hsc=[250 114] (fcs=[61 42])
(33,101): hsc=[128 128] (fcs=[128 128])
(33,102): hsc=[236 188] (fcs=[64 62])
(33,103): hsc=[128 128] (fcs=[128 128])
(33,104): hsc=[128 128] (fcs=[128 128])
(33,105): hsc=[152 156] (fcs=[63 57])
(33,106): hsc=[176 224] (fcs=[36 36])
(33,107): hsc=[64  0] (fcs=[144 144])
(33,108): hsc=[64  0] (fcs=[144 144])
(33,109): hsc=[64  0] (fcs=[144 144])
(33,110): hsc=[64  0] (fcs=[144 144])
(33,111): hsc=[64  0] (fcs=[144 144])
(33,112): hsc=[64  0] (fcs=[144 144])
(33,113): hsc=[64  0] (fcs=[144 144])
(33,114): hsc=[120 240] (fcs=[58 58])
(33,115): hsc=[128 128] (fcs=[128 128])
(33,116): hsc=[16 88] (fcs=[206 210])
(33,117): hsc=[128 128] (fcs=[128 128])
(33,118): hsc=[118 158] (fcs=[144 143])
(33,119): hsc=[128 128] (fcs=[128 128])
(33,120): hsc=[64  0] (fcs=[144 144])
(33,121): hsc=[64  0] (fcs=[144 144])
(33,122): hsc=[64  0] (fcs=[144 144])
(33,123): hsc=[64  0] (fcs=[144 144])
(33,124): hsc=[64  0] (fcs=[144 144])
(33,125): hsc=[64  0] (fcs=[144 144])
(33,126): hsc=[128 128] (fcs=[128 128])
(33,127): hsc=[128 128] (fcs=[128 128])
(34,0): hsc=[128 128] (fcs=[128 128])
(34,1): hsc=[128 128] (fcs=[128 128])
(34,2): hsc=[30 74] (fcs=[63 64])
(34,3): hsc=[128 128] (fcs=[128 128])
(34,4): hsc=[128 128] (fcs=[128 128])
(34,5): hsc=[174 218] (fcs=[47 56])
(34,6): hsc=[128 128] (fcs=[128 128])
(34,7): hsc=[166  70] (fcs=[146 141])
(34,8): hsc=[166  70] (fcs=[146 141])
(34,9): hsc=[166  70] (fcs=[146 141])
(34,10): hsc=[166  70] (fcs=[146 141])
(34,11): hsc=[166  70] (fcs=[146 141])
(34,12): hsc=[166  70] (fcs=[146 141])
(34,13): hsc=[166  70] (fcs=[146 141])
(34,14): hsc=[166  70] (fcs=[146 141])
(34,15): hsc=[166  70] (fcs=[146 141])
(34,16): hsc=[166  70] (fcs=[146 141])
(34,17): hsc=[166  70] (fcs=[146 141])
(34,18): hsc=[166  70] (fcs=[146 141])
(34,19): hsc=[166  70] (fcs=[146 141])
(34,20): hsc=[166  70] (fcs=[146 141])
(34,21): hsc=[166  70] (fcs=[146 141])
(34,22): hsc=[166  70] (fcs=[146 141])
(34,23): hsc=[166  70] (fcs=[146 141])
(34,24): hsc=[166  70] (fcs=[146 141])
(34,25): hsc=[166  70] (fcs=[146 141])
(34,26): hsc=[166  70] (fcs=[146 141])
(34,27): hsc=[166  70] (fcs=[146 141])
(34,28): hsc=[166  70] (fcs=[146 141])
(34,29): hsc=[166  70] (fcs=[146 141])
(34,30): hsc=[ 14 114] (fcs=[145 142])
(34,31): hsc=[ 10 102] (fcs=[39 54])
(34,32): hsc=[68 16] (fcs=[145 141])
(34,33): hsc=[128 128] (fcs=[128 128])
(34,34): hsc=[128 128] (fcs=[128 128])
(34,35): hsc=[128 128] (fcs=[128 128])
(34,36): hsc=[128 128] (fcs=[128 128])
(34,37): hsc=[128 128] (fcs=[128 128])
(34,38): hsc=[128 128] (fcs=[128 128])
(34,39): hsc=[118 158] (fcs=[144 143])
(34,40): hsc=[ 20 104] (fcs=[143 143])
(34,41): hsc=[170  50] (fcs=[68 61])
(34,42): hsc=[244 220] (fcs=[66 56])
(34,43): hsc=[174  34] (fcs=[141 146])
(34,44): hsc=[222 198] (fcs=[56 43])
(34,45): hsc=[228 188] (fcs=[54 44])
(34,46): hsc=[104 244] (fcs=[61 59])
(34,47): hsc=[250 148] (fcs=[46 48])
(34,48): hsc=[128 128] (fcs=[128 128])
(34,49): hsc=[176 224] (fcs=[36 36])
(34,50): hsc=[128 128] (fcs=[128 128])
(34,51): hsc=[ 54 178] (fcs=[51 56])
(34,52): hsc=[122 250] (fcs=[70 75])
(34,53): hsc=[118 158] (fcs=[144 143])
(34,54): hsc=[128 128] (fcs=[128 128])
(34,55): hsc=[128 128] (fcs=[128 128])
(34,56): hsc=[236 188] (fcs=[192 190])
(34,57): hsc=[172  60] (fcs=[144 142])
(34,58): hsc=[118 158] (fcs=[144 143])
(34,59): hsc=[118 158] (fcs=[144 143])
(34,60): hsc=[118 122] (fcs=[65 66])
(34,61): hsc=[64  0] (fcs=[144 144])
(34,62): hsc=[118 158] (fcs=[144 143])
(34,63): hsc=[64  0] (fcs=[144 144])
(34,64): hsc=[64  0] (fcs=[144 144])
(34,65): hsc=[64  0] (fcs=[144 144])
(34,66): hsc=[64  0] (fcs=[144 144])
(34,67): hsc=[64  0] (fcs=[144 144])
(34,68): hsc=[64  0] (fcs=[144 144])
(34,69): hsc=[222 202] (fcs=[143 144])
(34,70): hsc=[64  0] (fcs=[144 144])
(34,71): hsc=[222 202] (fcs=[143 144])
(34,72): hsc=[64  0] (fcs=[144 144])
(34,73): hsc=[222 202] (fcs=[143 144])
(34,74): hsc=[64  0] (fcs=[144 144])
(34,75): hsc=[222 202] (fcs=[143 144])
(34,76): hsc=[64  0] (fcs=[144 144])
(34,77): hsc=[222 202] (fcs=[143 144])
(34,78): hsc=[64  0] (fcs=[144 144])
(34,79): hsc=[64  0] (fcs=[144 144])
(34,80): hsc=[118 158] (fcs=[144 143])
(34,81): hsc=[172  60] (fcs=[144 142])
(34,82): hsc=[ 14 114] (fcs=[145 142])
(34,83): hsc=[68 16] (fcs=[145 141])
(34,84): hsc=[166  70] (fcs=[146 141])
(34,85): hsc=[166  70] (fcs=[146 141])
(34,86): hsc=[166  70] (fcs=[146 141])
(34,87): hsc=[166  70] (fcs=[146 141])
(34,88): hsc=[166  70] (fcs=[146 141])
(34,89): hsc=[166  70] (fcs=[146 141])
(34,90): hsc=[166  70] (fcs=[146 141])
(34,91): hsc=[166  70] (fcs=[146 141])
(34,92): hsc=[166  70] (fcs=[146 141])
(34,93): hsc=[166  70] (fcs=[146 141])
(34,94): hsc=[166  70] (fcs=[146 141])
(34,95): hsc=[98  6] (fcs=[45 68])
(34,96): hsc=[128 128] (fcs=[128 128])
(34,97): hsc=[128 128] (fcs=[128 128])
(34,98): hsc=[128 128] (fcs=[128 128])
(34,99): hsc=[128 128] (fcs=[128 128])
(34,100): hsc=[128 128] (fcs=[128 128])
(34,101): hsc=[128 128] (fcs=[128 128])
(34,102): hsc=[128 128] (fcs=[128 128])
(34,103): hsc=[128 128] (fcs=[128 128])
(34,104): hsc=[128 128] (fcs=[128 128])
(34,105): hsc=[124   0] (fcs=[59 55])
(34,106): hsc=[128 128] (fcs=[128 128])
(34,107): hsc=[118 158] (fcs=[144 143])
(34,108): hsc=[64  0] (fcs=[144 144])
(34,109): hsc=[64  0] (fcs=[144 144])
(34,110): hsc=[64  0] (fcs=[144 144])
(34,111): hsc=[64  0] (fcs=[144 144])
(34,112): hsc=[64  0] (fcs=[144 144])
(34,113): hsc=[64  0] (fcs=[144 144])
(34,114): hsc=[128 128] (fcs=[64 64])
(34,115): hsc=[128 128] (fcs=[128 128])
(34,116): hsc=[182 178] (fcs=[211 216])
(34,117): hsc=[128 128] (fcs=[128 128])
(34,118): hsc=[118 158] (fcs=[144 143])
(34,119): hsc=[128 128] (fcs=[128 128])
(34,120): hsc=[64  0] (fcs=[144 144])
(34,121): hsc=[64  0] (fcs=[144 144])
(34,122): hsc=[64  0] (fcs=[144 144])
(34,123): hsc=[64  0] (fcs=[144 144])
(34,124): hsc=[64  0] (fcs=[144 144])
(34,125): hsc=[64  0] (fcs=[144 144])
(34,126): hsc=[128 128] (fcs=[128 128])
(34,127): hsc=[128 128] (fcs=[128 128])
(35,0): hsc=[128 128] (fcs=[128 128])
(35,1): hsc=[128 128] (fcs=[128 128])
(35,2): hsc=[128 128] (fcs=[128 128])
(35,3): hsc=[ 4 72] (fcs=[195 195])
(35,4): hsc=[128 128] (fcs=[128 128])
(35,5): hsc=[ 14 114] (fcs=[145 142])
(35,6): hsc=[128 128] (fcs=[128 128])
(35,7): hsc=[68 16] (fcs=[145 141])
(35,8): hsc=[166  70] (fcs=[146 141])
(35,9): hsc=[166  70] (fcs=[146 141])
(35,10): hsc=[166  70] (fcs=[146 141])
(35,11): hsc=[166  70] (fcs=[146 141])
(35,12): hsc=[166  70] (fcs=[146 141])
(35,13): hsc=[166  70] (fcs=[146 141])
(35,14): hsc=[166  70] (fcs=[146 141])
(35,15): hsc=[166  70] (fcs=[146 141])
(35,16): hsc=[166  70] (fcs=[146 141])
(35,17): hsc=[166  70] (fcs=[146 141])
(35,18): hsc=[166  70] (fcs=[146 141])
(35,19): hsc=[166  70] (fcs=[146 141])
(35,20): hsc=[166  70] (fcs=[146 141])
(35,21): hsc=[166  70] (fcs=[146 141])
(35,22): hsc=[166  70] (fcs=[146 141])
(35,23): hsc=[166  70] (fcs=[146 141])
(35,24): hsc=[166  70] (fcs=[146 141])
(35,25): hsc=[166  70] (fcs=[146 141])
(35,26): hsc=[166  70] (fcs=[146 141])
(35,27): hsc=[166  70] (fcs=[146 141])
(35,28): hsc=[166  70] (fcs=[146 141])
(35,29): hsc=[166  70] (fcs=[146 141])
(35,30): hsc=[166  70] (fcs=[146 141])
(35,31): hsc=[68 16] (fcs=[145 141])
(35,32): hsc=[ 62 178] (fcs=[61 74])
(35,33): hsc=[68 16] (fcs=[145 141])
(35,34): hsc=[128 128] (fcs=[128 128])
(35,35): hsc=[128 128] (fcs=[128 128])
(35,36): hsc=[168  44] (fcs=[143 145])
(35,37): hsc=[128 128] (fcs=[128 128])
(35,38): hsc=[128 128] (fcs=[128 128])
(35,39): hsc=[136  16] (fcs=[70 70])
(35,40): hsc=[ 12 216] (fcs=[73 73])
(35,41): hsc=[ 52 240] (fcs=[69 65])
(35,42): hsc=[156  28] (fcs=[68 66])
(35,43): hsc=[250 226] (fcs=[65 54])
(35,44): hsc=[142 150] (fcs=[64 59])
(35,45): hsc=[134 150] (fcs=[54 41])
(35,46): hsc=[226  70] (fcs=[61 52])
(35,47): hsc=[198 170] (fcs=[57 50])
(35,48): hsc=[ 42 234] (fcs=[70 67])
(35,49): hsc=[ 20 104] (fcs=[143 143])
(35,50): hsc=[118 158] (fcs=[144 143])
(35,51): hsc=[  6 114] (fcs=[199 188])
(35,52): hsc=[128 128] (fcs=[128 128])
(35,53): hsc=[128 128] (fcs=[128 128])
(35,54): hsc=[ 26 238] (fcs=[201 196])
(35,55): hsc=[64  0] (fcs=[144 144])
(35,56): hsc=[ 0 52] (fcs=[43 33])
(35,57): hsc=[ 12 216] (fcs=[73 73])
(35,58): hsc=[64  0] (fcs=[144 144])
(35,59): hsc=[64  0] (fcs=[144 144])
(35,60): hsc=[64  0] (fcs=[144 144])
(35,61): hsc=[64  0] (fcs=[144 144])
(35,62): hsc=[64  0] (fcs=[144 144])
(35,63): hsc=[64  0] (fcs=[144 144])
(35,64): hsc=[64  0] (fcs=[144 144])
(35,65): hsc=[64  0] (fcs=[144 144])
(35,66): hsc=[118 158] (fcs=[144 143])
(35,67): hsc=[64  0] (fcs=[144 144])
(35,68): hsc=[118 158] (fcs=[144 143])
(35,69): hsc=[64  0] (fcs=[144 144])
(35,70): hsc=[118 158] (fcs=[144 143])
(35,71): hsc=[64  0] (fcs=[144 144])
(35,72): hsc=[118 158] (fcs=[144 143])
(35,73): hsc=[64  0] (fcs=[144 144])
(35,74): hsc=[64  0] (fcs=[144 144])
(35,75): hsc=[64  0] (fcs=[144 144])
(35,76): hsc=[64  0] (fcs=[144 144])
(35,77): hsc=[64  0] (fcs=[144 144])
(35,78): hsc=[64  0] (fcs=[144 144])
(35,79): hsc=[118 158] (fcs=[144 143])
(35,80): hsc=[118 158] (fcs=[144 143])
(35,81): hsc=[118 158] (fcs=[144 143])
(35,82): hsc=[ 14 114] (fcs=[145 142])
(35,83): hsc=[ 14 114] (fcs=[145 142])
(35,84): hsc=[166  70] (fcs=[146 141])
(35,85): hsc=[166  70] (fcs=[146 141])
(35,86): hsc=[166  70] (fcs=[146 141])
(35,87): hsc=[166  70] (fcs=[146 141])
(35,88): hsc=[166  70] (fcs=[146 141])
(35,89): hsc=[166  70] (fcs=[146 141])
(35,90): hsc=[166  70] (fcs=[146 141])
(35,91): hsc=[166  70] (fcs=[146 141])
(35,92): hsc=[166  70] (fcs=[146 141])
(35,93): hsc=[166  70] (fcs=[146 141])
(35,94): hsc=[166  70] (fcs=[146 141])
(35,95): hsc=[ 90 118] (fcs=[39 62])
(35,96): hsc=[102  58] (fcs=[61 78])
(35,97): hsc=[  8 124] (fcs=[147 141])
(35,98): hsc=[128 128] (fcs=[128 128])
(35,99): hsc=[118 158] (fcs=[144 143])
(35,100): hsc=[128 128] (fcs=[128 128])
(35,101): hsc=[128 128] (fcs=[128 128])
(35,102): hsc=[120 236] (fcs=[227 213])
(35,103): hsc=[128 128] (fcs=[128 128])
(35,104): hsc=[216 212] (fcs=[145 143])
(35,105): hsc=[ 22 150] (fcs=[42 45])
(35,106): hsc=[ 84 232] (fcs=[63 63])
(35,107): hsc=[64  0] (fcs=[144 144])
(35,108): hsc=[64  0] (fcs=[144 144])
(35,109): hsc=[64  0] (fcs=[144 144])
(35,110): hsc=[64  0] (fcs=[144 144])
(35,111): hsc=[64  0] (fcs=[144 144])
(35,112): hsc=[64  0] (fcs=[144 144])
(35,113): hsc=[64  0] (fcs=[144 144])
(35,114): hsc=[128 128] (fcs=[64 64])
(35,115): hsc=[128 128] (fcs=[128 128])
(35,116): hsc=[128 128] (fcs=[128 128])
(35,117): hsc=[128 128] (fcs=[128 128])
(35,118): hsc=[118 158] (fcs=[144 143])
(35,119): hsc=[128 128] (fcs=[128 128])
(35,120): hsc=[64  0] (fcs=[144 144])
(35,121): hsc=[64  0] (fcs=[144 144])
(35,122): hsc=[64  0] (fcs=[144 144])
(35,123): hsc=[64  0] (fcs=[144 144])
(35,124): hsc=[64  0] (fcs=[144 144])
(35,125): hsc=[64  0] (fcs=[144 144])
(35,126): hsc=[128 128] (fcs=[128 128])
(35,127): hsc=[128 128] (fcs=[128 128])
(36,0): hsc=[128 128] (fcs=[128 128])
(36,1): hsc=[128 128] (fcs=[128 128])
(36,2): hsc=[128 128] (fcs=[128 128])
(36,3): hsc=[232 208] (fcs=[78 78])
(36,4): hsc=[128 128] (fcs=[128 128])
(36,5): hsc=[128 128] (fcs=[128 128])
(36,6): hsc=[144 236] (fcs=[65 75])
(36,7): hsc=[148  36] (fcs=[40 58])
(36,8): hsc=[68 16] (fcs=[145 141])
(36,9): hsc=[166  70] (fcs=[146 141])
(36,10): hsc=[166  70] (fcs=[146 141])
(36,11): hsc=[166  70] (fcs=[146 141])
(36,12): hsc=[166  70] (fcs=[146 141])
(36,13): hsc=[166  70] (fcs=[146 141])
(36,14): hsc=[166  70] (fcs=[146 141])
(36,15): hsc=[166  70] (fcs=[146 141])
(36,16): hsc=[166  70] (fcs=[146 141])
(36,17): hsc=[166  70] (fcs=[146 141])
(36,18): hsc=[166  70] (fcs=[146 141])
(36,19): hsc=[166  70] (fcs=[146 141])
(36,20): hsc=[166  70] (fcs=[146 141])
(36,21): hsc=[166  70] (fcs=[146 141])
(36,22): hsc=[166  70] (fcs=[146 141])
(36,23): hsc=[166  70] (fcs=[146 141])
(36,24): hsc=[166  70] (fcs=[146 141])
(36,25): hsc=[166  70] (fcs=[146 141])
(36,26): hsc=[166  70] (fcs=[146 141])
(36,27): hsc=[166  70] (fcs=[146 141])
(36,28): hsc=[166  70] (fcs=[146 141])
(36,29): hsc=[166  70] (fcs=[146 141])
(36,30): hsc=[166  70] (fcs=[146 141])
(36,31): hsc=[166  70] (fcs=[146 141])
(36,32): hsc=[ 36 176] (fcs=[65 77])
(36,33): hsc=[22 82] (fcs=[35 56])
(36,34): hsc=[68 16] (fcs=[145 141])
(36,35): hsc=[128 128] (fcs=[128 128])
(36,36): hsc=[128 128] (fcs=[128 128])
(36,37): hsc=[126 190] (fcs=[82 73])
(36,38): hsc=[212 124] (fcs=[50 56])
(36,39): hsc=[128 128] (fcs=[128 128])
(36,40): hsc=[128 128] (fcs=[128 128])
(36,41): hsc=[ 44 208] (fcs=[67 71])
(36,42): hsc=[222 202] (fcs=[143 144])
(36,43): hsc=[ 70 246] (fcs=[142 145])
(36,44): hsc=[ 70 246] (fcs=[142 145])
(36,45): hsc=[38 74] (fcs=[137 146])
(36,46): hsc=[228 192] (fcs=[141 145])
(36,47): hsc=[128 128] (fcs=[128 128])
(36,48): hsc=[170 206] (fcs=[197 224])
(36,49): hsc=[128 128] (fcs=[128 128])
(36,50): hsc=[128 128] (fcs=[128 128])
(36,51): hsc=[200 104] (fcs=[208 196])
(36,52): hsc=[216 212] (fcs=[145 143])
(36,53): hsc=[ 14 114] (fcs=[145 142])
(36,54): hsc=[134 118] (fcs=[62 65])
(36,55): hsc=[232 208] (fcs=[78 78])
(36,56): hsc=[64  0] (fcs=[144 144])
(36,57): hsc=[64  0] (fcs=[144 144])
(36,58): hsc=[64  0] (fcs=[144 144])
(36,59): hsc=[222 202] (fcs=[143 144])
(36,60): hsc=[64  0] (fcs=[144 144])
(36,61): hsc=[64  0] (fcs=[144 144])
(36,62): hsc=[64  0] (fcs=[144 144])
(36,63): hsc=[64  0] (fcs=[144 144])
(36,64): hsc=[64  0] (fcs=[144 144])
(36,65): hsc=[64  0] (fcs=[144 144])
(36,66): hsc=[118 158] (fcs=[144 143])
(36,67): hsc=[118 158] (fcs=[144 143])
(36,68): hsc=[78 62] (fcs=[54 61])
(36,69): hsc=[238 162] (fcs=[61 66])
(36,70): hsc=[146 134] (fcs=[73 80])
(36,71): hsc=[118 158] (fcs=[144 143])
(36,72): hsc=[ 36 100] (fcs=[76 78])
(36,73): hsc=[64  0] (fcs=[144 144])
(36,74): hsc=[118 158] (fcs=[144 143])
(36,75): hsc=[64  0] (fcs=[144 144])
(36,76): hsc=[64  0] (fcs=[144 144])
(36,77): hsc=[64  0] (fcs=[144 144])
(36,78): hsc=[118 158] (fcs=[144 143])
(36,79): hsc=[64  0] (fcs=[144 144])
(36,80): hsc=[118 158] (fcs=[144 143])
(36,81): hsc=[118 158] (fcs=[144 143])
(36,82): hsc=[118 158] (fcs=[144 143])
(36,83): hsc=[ 14 114] (fcs=[145 142])
(36,84): hsc=[166  70] (fcs=[146 141])
(36,85): hsc=[166  70] (fcs=[146 141])
(36,86): hsc=[166  70] (fcs=[146 141])
(36,87): hsc=[166  70] (fcs=[146 141])
(36,88): hsc=[166  70] (fcs=[146 141])
(36,89): hsc=[166  70] (fcs=[146 141])
(36,90): hsc=[166  70] (fcs=[146 141])
(36,91): hsc=[166  70] (fcs=[146 141])
(36,92): hsc=[68 16] (fcs=[145 141])
(36,93): hsc=[ 14 114] (fcs=[145 142])
(36,94): hsc=[ 46 146] (fcs=[49 62])
(36,95): hsc=[196  24] (fcs=[31 55])
(36,96): hsc=[166  70] (fcs=[146 141])
(36,97): hsc=[128 128] (fcs=[128 128])
(36,98): hsc=[128 128] (fcs=[128 128])
(36,99): hsc=[128 128] (fcs=[128 128])
(36,100): hsc=[ 20 104] (fcs=[143 143])
(36,101): hsc=[ 76 236] (fcs=[140 146])
(36,102): hsc=[78 98] (fcs=[197 202])
(36,103): hsc=[168  44] (fcs=[143 145])
(36,104): hsc=[250 174] (fcs=[49 44])
(36,105): hsc=[ 92 120] (fcs=[69 69])
(36,106): hsc=[64  0] (fcs=[144 144])
(36,107): hsc=[64  0] (fcs=[144 144])
(36,108): hsc=[64  0] (fcs=[144 144])
(36,109): hsc=[64  0] (fcs=[144 144])
(36,110): hsc=[64  0] (fcs=[144 144])
(36,111): hsc=[64  0] (fcs=[144 144])
(36,112): hsc=[64  0] (fcs=[144 144])
(36,113): hsc=[64  0] (fcs=[144 144])
(36,114): hsc=[120 240] (fcs=[58 58])
(36,115): hsc=[128 128] (fcs=[128 128])
(36,116): hsc=[ 94 130] (fcs=[209 214])
(36,117): hsc=[128 128] (fcs=[128 128])
(36,118): hsc=[118 158] (fcs=[144 143])
(36,119): hsc=[128 128] (fcs=[128 128])
(36,120): hsc=[64  0] (fcs=[144 144])
(36,121): hsc=[64  0] (fcs=[144 144])
(36,122): hsc=[64  0] (fcs=[144 144])
(36,123): hsc=[64  0] (fcs=[144 144])
(36,124): hsc=[64  0] (fcs=[144 144])
(36,125): hsc=[64  0] (fcs=[144 144])
(36,126): hsc=[128 128] (fcs=[128 128])
(36,127): hsc=[128 128] (fcs=[128 128])
(37,0): hsc=[128 128] (fcs=[128 128])
(37,1): hsc=[128 128] (fcs=[128 128])
(37,2): hsc=[220 120] (fcs=[37 37])
(37,3): hsc=[128 128] (fcs=[128 128])
(37,4): hsc=[222 202] (fcs=[143 144])
(37,5): hsc=[128 128] (fcs=[128 128])
(37,6): hsc=[ 14 114] (fcs=[145 142])
(37,7): hsc=[140 148] (fcs=[34 52])
(37,8): hsc=[124 224] (fcs=[67 79])
(37,9): hsc=[166  70] (fcs=[146 141])
(37,10): hsc=[166  70] (fcs=[146 141])
(37,11): hsc=[166  70] (fcs=[146 141])
(37,12): hsc=[166  70] (fcs=[146 141])
(37,13): hsc=[166  70] (fcs=[146 141])
(37,14): hsc=[166  70] (fcs=[146 141])
(37,15): hsc=[166  70] (fcs=[146 141])
(37,16): hsc=[166  70] (fcs=[146 141])
(37,17): hsc=[166  70] (fcs=[146 141])
(37,18): hsc=[166  70] (fcs=[146 141])
(37,19): hsc=[166  70] (fcs=[146 141])
(37,20): hsc=[166  70] (fcs=[146 141])
(37,21): hsc=[166  70] (fcs=[146 141])
(37,22): hsc=[166  70] (fcs=[146 141])
(37,23): hsc=[166  70] (fcs=[146 141])
(37,24): hsc=[166  70] (fcs=[146 141])
(37,25): hsc=[166  70] (fcs=[146 141])
(37,26): hsc=[166  70] (fcs=[146 141])
(37,27): hsc=[166  70] (fcs=[146 141])
(37,28): hsc=[166  70] (fcs=[146 141])
(37,29): hsc=[166  70] (fcs=[146 141])
(37,30): hsc=[166  70] (fcs=[146 141])
(37,31): hsc=[166  70] (fcs=[146 141])
(37,32): hsc=[166  70] (fcs=[146 141])
(37,33): hsc=[136 168] (fcs=[48 68])
(37,34): hsc=[128 128] (fcs=[128 128])
(37,35): hsc=[196 196] (fcs=[188 174])
(37,36): hsc=[128 128] (fcs=[128 128])
(37,37): hsc=[144  48] (fcs=[200 192])
(37,38): hsc=[128 128] (fcs=[128 128])
(37,39): hsc=[128 128] (fcs=[128 128])
(37,40): hsc=[128 128] (fcs=[128 128])
(37,41): hsc=[128 128] (fcs=[128 128])
(37,42): hsc=[128 128] (fcs=[128 128])
(37,43): hsc=[232 240] (fcs=[198 182])
(37,44): hsc=[28 24] (fcs=[205 189])
(37,45): hsc=[216 212] (fcs=[145 143])
(37,46): hsc=[118 158] (fcs=[144 143])
(37,47): hsc=[118 158] (fcs=[144 143])
(37,48): hsc=[ 20 104] (fcs=[143 143])
(37,49): hsc=[222 202] (fcs=[143 144])
(37,50): hsc=[ 20 104] (fcs=[143 143])
(37,51): hsc=[ 20 104] (fcs=[143 143])
(37,52): hsc=[224  64] (fcs=[72 72])
(37,53): hsc=[64  0] (fcs=[144 144])
(37,54): hsc=[118 158] (fcs=[144 143])
(37,55): hsc=[64  0] (fcs=[144 144])
(37,56): hsc=[64  0] (fcs=[144 144])
(37,57): hsc=[64  0] (fcs=[144 144])
(37,58): hsc=[64  0] (fcs=[144 144])
(37,59): hsc=[64  0] (fcs=[144 144])
(37,60): hsc=[64  0] (fcs=[144 144])
(37,61): hsc=[64  0] (fcs=[144 144])
(37,62): hsc=[64  0] (fcs=[144 144])
(37,63): hsc=[222 202] (fcs=[143 144])
(37,64): hsc=[ 20 212] (fcs=[60 54])
(37,65): hsc=[184 148] (fcs=[57 55])
(37,66): hsc=[118 158] (fcs=[144 143])
(37,67): hsc=[118 158] (fcs=[144 143])
(37,68): hsc=[  8 156] (fcs=[203 181])
(37,69): hsc=[ 14 114] (fcs=[145 142])
(37,70): hsc=[128 128] (fcs=[128 128])
(37,71): hsc=[128 128] (fcs=[128 128])
(37,72): hsc=[118 158] (fcs=[144 143])
(37,73): hsc=[ 4 72] (fcs=[67 67])
(37,74): hsc=[222 202] (fcs=[143 144])
(37,75): hsc=[64  0] (fcs=[144 144])
(37,76): hsc=[64  0] (fcs=[144 144])
(37,77): hsc=[64  0] (fcs=[144 144])
(37,78): hsc=[64  0] (fcs=[144 144])
(37,79): hsc=[64  0] (fcs=[144 144])
(37,80): hsc=[64  0] (fcs=[144 144])
(37,81): hsc=[118 158] (fcs=[144 143])
(37,82): hsc=[118 158] (fcs=[144 143])
(37,83): hsc=[ 14 114] (fcs=[145 142])
(37,84): hsc=[166  70] (fcs=[146 141])
(37,85): hsc=[166  70] (fcs=[146 141])
(37,86): hsc=[166  70] (fcs=[146 141])
(37,87): hsc=[166  70] (fcs=[146 141])
(37,88): hsc=[166  70] (fcs=[146 141])
(37,89): hsc=[166  70] (fcs=[146 141])
(37,90): hsc=[166  70] (fcs=[146 141])
(37,91): hsc=[68 16] (fcs=[145 141])
(37,92): hsc=[242  34] (fcs=[66 75])
(37,93): hsc=[ 30 114] (fcs=[37 50])
(37,94): hsc=[234 146] (fcs=[60 69])
(37,95): hsc=[68 16] (fcs=[145 141])
(37,96): hsc=[250 212] (fcs=[222 192])
(37,97): hsc=[146  58] (fcs=[148 145])
(37,98): hsc=[128 128] (fcs=[128 128])
(37,99): hsc=[172  60] (fcs=[144 142])
(37,100): hsc=[154 206] (fcs=[49 60])
(37,101): hsc=[128 128] (fcs=[128 128])
(37,102): hsc=[128 128] (fcs=[128 128])
(37,103): hsc=[128 128] (fcs=[128 128])
(37,104): hsc=[64  0] (fcs=[144 144])
(37,105): hsc=[124 148] (fcs=[142 144])
(37,106): hsc=[ 20 104] (fcs=[143 143])
(37,107): hsc=[74  6] (fcs=[79 78])
(37,108): hsc=[64  0] (fcs=[144 144])
(37,109): hsc=[64  0] (fcs=[144 144])
(37,110): hsc=[64  0] (fcs=[144 144])
(37,111): hsc=[64  0] (fcs=[144 144])
(37,112): hsc=[64  0] (fcs=[144 144])
(37,113): hsc=[64  0] (fcs=[144 144])
(37,114): hsc=[250 184] (fcs=[61 61])
(37,115): hsc=[128 128] (fcs=[128 128])
(37,116): hsc=[128 128] (fcs=[128 128])
(37,117): hsc=[128 128] (fcs=[128 128])
(37,118): hsc=[118 158] (fcs=[144 143])
(37,119): hsc=[128 128] (fcs=[128 128])
(37,120): hsc=[222 202] (fcs=[143 144])
(37,121): hsc=[64  0] (fcs=[144 144])
(37,122): hsc=[64  0] (fcs=[144 144])
(37,123): hsc=[64  0] (fcs=[144 144])
(37,124): hsc=[64  0] (fcs=[144 144])
(37,125): hsc=[64  0] (fcs=[144 144])
(37,126): hsc=[128 128] (fcs=[128 128])
(37,127): hsc=[128 128] (fcs=[128 128])
(38,0): hsc=[128 128] (fcs=[128 128])
(38,1): hsc=[128 128] (fcs=[128 128])
(38,2): hsc=[64  0] (fcs=[144 144])
(38,3): hsc=[128 128] (fcs=[128 128])
(38,4): hsc=[136  16] (fcs=[70 70])
(38,5): hsc=[128 128] (fcs=[128 128])
(38,6): hsc=[128 128] (fcs=[128 128])
(38,7): hsc=[136 128] (fcs=[74 82])
(38,8): hsc=[176 156] (fcs=[29 47])
(38,9): hsc=[166  70] (fcs=[146 141])
(38,10): hsc=[166  70] (fcs=[146 141])
(38,11): hsc=[166  70] (fcs=[146 141])
(38,12): hsc=[166  70] (fcs=[146 141])
(38,13): hsc=[166  70] (fcs=[146 141])
(38,14): hsc=[166  70] (fcs=[146 141])
(38,15): hsc=[166  70] (fcs=[146 141])
(38,16): hsc=[166  70] (fcs=[146 141])
(38,17): hsc=[166  70] (fcs=[146 141])
(38,18): hsc=[166  70] (fcs=[146 141])
(38,19): hsc=[166  70] (fcs=[146 141])
(38,20): hsc=[166  70] (fcs=[146 141])
(38,21): hsc=[166  70] (fcs=[146 141])
(38,22): hsc=[166  70] (fcs=[146 141])
(38,23): hsc=[166  70] (fcs=[146 141])
(38,24): hsc=[166  70] (fcs=[146 141])
(38,25): hsc=[166  70] (fcs=[146 141])
(38,26): hsc=[166  70] (fcs=[146 141])
(38,27): hsc=[166  70] (fcs=[146 141])
(38,28): hsc=[166  70] (fcs=[146 141])
(38,29): hsc=[166  70] (fcs=[146 141])
(38,30): hsc=[166  70] (fcs=[146 141])
(38,31): hsc=[166  70] (fcs=[146 141])
(38,32): hsc=[166  70] (fcs=[146 141])
(38,33): hsc=[166  70] (fcs=[146 141])
(38,34): hsc=[148   0] (fcs=[25 45])
(38,35): hsc=[52 52] (fcs=[204 182])
(38,36): hsc=[128 128] (fcs=[128 128])
(38,37): hsc=[ 14 114] (fcs=[145 142])
(38,38): hsc=[128 128] (fcs=[128 128])
(38,39): hsc=[62 26] (fcs=[147 140])
(38,40): hsc=[214 238] (fcs=[148 139])
(38,41): hsc=[166  70] (fcs=[146 141])
(38,42): hsc=[56 44] (fcs=[67 85])
(38,43): hsc=[216 108] (fcs=[59 77])
(38,44): hsc=[ 94 206] (fcs=[70 85])
(38,45): hsc=[112 168] (fcs=[146 142])
(38,46): hsc=[68 16] (fcs=[145 141])
(38,47): hsc=[ 14 114] (fcs=[145 142])
(38,48): hsc=[ 14 114] (fcs=[145 142])
(38,49): hsc=[ 14 114] (fcs=[145 142])
(38,50): hsc=[118 158] (fcs=[144 143])
(38,51): hsc=[118 158] (fcs=[144 143])
(38,52): hsc=[64  0] (fcs=[144 144])
(38,53): hsc=[64  0] (fcs=[144 144])
(38,54): hsc=[64  0] (fcs=[144 144])
(38,55): hsc=[64  0] (fcs=[144 144])
(38,56): hsc=[64  0] (fcs=[144 144])
(38,57): hsc=[64  0] (fcs=[144 144])
(38,58): hsc=[64  0] (fcs=[144 144])
(38,59): hsc=[64  0] (fcs=[144 144])
(38,60): hsc=[64  0] (fcs=[144 144])
(38,61): hsc=[64  0] (fcs=[144 144])
(38,62): hsc=[64  0] (fcs=[144 144])
(38,63): hsc=[156  28] (fcs=[68 66])
(38,64): hsc=[222 202] (fcs=[143 144])
(38,65): hsc=[128 128] (fcs=[128 128])
(38,66): hsc=[128 128] (fcs=[128 128])
(38,67): hsc=[128 128] (fcs=[128 128])
(38,68): hsc=[64  0] (fcs=[144 144])
(38,69): hsc=[128 128] (fcs=[128 128])
(38,70): hsc=[128 128] (fcs=[128 128])
(38,71): hsc=[128 128] (fcs=[128 128])
(38,72): hsc=[118 158] (fcs=[144 143])
(38,73): hsc=[18 58] (fcs=[52 49])
(38,74): hsc=[64  0] (fcs=[144 144])
(38,75): hsc=[118 158] (fcs=[144 143])
(38,76): hsc=[64  0] (fcs=[144 144])
(38,77): hsc=[64  0] (fcs=[144 144])
(38,78): hsc=[64  0] (fcs=[144 144])
(38,79): hsc=[64  0] (fcs=[144 144])
(38,80): hsc=[64  0] (fcs=[144 144])
(38,81): hsc=[118 158] (fcs=[144 143])
(38,82): hsc=[118 158] (fcs=[144 143])
(38,83): hsc=[ 14 114] (fcs=[145 142])
(38,84): hsc=[ 14 114] (fcs=[145 142])
(38,85): hsc=[ 14 114] (fcs=[145 142])
(38,86): hsc=[68 16] (fcs=[145 141])
(38,87): hsc=[ 14 114] (fcs=[145 142])
(38,88): hsc=[ 14 114] (fcs=[145 142])
(38,89): hsc=[166  70] (fcs=[146 141])
(38,90): hsc=[ 52 172] (fcs=[62 76])
(38,91): hsc=[192   4] (fcs=[71 85])
(38,92): hsc=[ 14 114] (fcs=[145 142])
(38,93): hsc=[ 14 114] (fcs=[145 142])
(38,94): hsc=[128 128] (fcs=[128 128])
(38,95): hsc=[ 64 104] (fcs=[230 210])
(38,96): hsc=[58 10] (fcs=[146 143])
(38,97): hsc=[ 82 150] (fcs=[213 212])
(38,98): hsc=[170  10] (fcs=[222 203])
(38,99): hsc=[22 82] (fcs=[35 56])
(38,100): hsc=[128 128] (fcs=[128 128])
(38,101): hsc=[128 128] (fcs=[128 128])
(38,102): hsc=[ 16 160] (fcs=[44 44])
(38,103): hsc=[16 88] (fcs=[142 146])
(38,104): hsc=[128 128] (fcs=[128 128])
(38,105): hsc=[128 128] (fcs=[128 128])
(38,106): hsc=[124 148] (fcs=[142 144])
(38,107): hsc=[108   4] (fcs=[62 56])
(38,108): hsc=[222 202] (fcs=[143 144])
(38,109): hsc=[64  0] (fcs=[144 144])
(38,110): hsc=[64  0] (fcs=[144 144])
(38,111): hsc=[64  0] (fcs=[144 144])
(38,112): hsc=[64  0] (fcs=[144 144])
(38,113): hsc=[64  0] (fcs=[144 144])
(38,114): hsc=[192   0] (fcs=[48 48])
(38,115): hsc=[128 128] (fcs=[128 128])
(38,116): hsc=[ 42 126] (fcs=[217 220])
(38,117): hsc=[128 128] (fcs=[128 128])
(38,118): hsc=[118 158] (fcs=[144 143])
(38,119): hsc=[128 128] (fcs=[128 128])
(38,120): hsc=[64  0] (fcs=[144 144])
(38,121): hsc=[64  0] (fcs=[144 144])
(38,122): hsc=[64  0] (fcs=[144 144])
(38,123): hsc=[64  0] (fcs=[144 144])
(38,124): hsc=[64  0] (fcs=[144 144])
(38,125): hsc=[64  0] (fcs=[144 144])
(38,126): hsc=[128 128] (fcs=[128 128])
(38,127): hsc=[128 128] (fcs=[128 128])
(39,0): hsc=[128 128] (fcs=[128 128])
(39,1): hsc=[128 128] (fcs=[128 128])
(39,2): hsc=[64  0] (fcs=[144 144])
(39,3): hsc=[216 176] (fcs=[66 66])
(39,4): hsc=[128 128] (fcs=[128 128])
(39,5): hsc=[222 202] (fcs=[143 144])
(39,6): hsc=[128 128] (fcs=[128 128])
(39,7): hsc=[ 14 114] (fcs=[145 142])
(39,8): hsc=[22 82] (fcs=[35 56])
(39,9): hsc=[68 16] (fcs=[145 141])
(39,10): hsc=[166  70] (fcs=[146 141])
(39,11): hsc=[166  70] (fcs=[146 141])
(39,12): hsc=[166  70] (fcs=[146 141])
(39,13): hsc=[166  70] (fcs=[146 141])
(39,14): hsc=[166  70] (fcs=[146 141])
(39,15): hsc=[166  70] (fcs=[146 141])
(39,16): hsc=[166  70] (fcs=[146 141])
(39,17): hsc=[166  70] (fcs=[146 141])
(39,18): hsc=[166  70] (fcs=[146 141])
(39,19): hsc=[166  70] (fcs=[146 141])
(39,20): hsc=[166  70] (fcs=[146 141])
(39,21): hsc=[166  70] (fcs=[146 141])
(39,22): hsc=[166  70] (fcs=[146 141])
(39,23): hsc=[166  70] (fcs=[146 141])
(39,24): hsc=[166  70] (fcs=[146 141])
(39,25): hsc=[166  70] (fcs=[146 141])
(39,26): hsc=[166  70] (fcs=[146 141])
(39,27): hsc=[166  70] (fcs=[146 141])
(39,28): hsc=[166  70] (fcs=[146 141])
(39,29): hsc=[166  70] (fcs=[146 141])
(39,30): hsc=[166  70] (fcs=[146 141])
(39,31): hsc=[166  70] (fcs=[146 141])
(39,32): hsc=[166  70] (fcs=[146 141])
(39,33): hsc=[166  70] (fcs=[146 141])
(39,34): hsc=[ 20 184] (fcs=[27 51])
(39,35): hsc=[ 14 114] (fcs=[145 142])
(39,36): hsc=[128 128] (fcs=[128 128])
(39,37): hsc=[166  70] (fcs=[146 141])
(39,38): hsc=[128 128] (fcs=[128 128])
(39,39): hsc=[130 214] (fcs=[65 80])
(39,40): hsc=[166  70] (fcs=[146 141])
(39,41): hsc=[166  70] (fcs=[146 141])
(39,42): hsc=[166  70] (fcs=[146 141])
(39,43): hsc=[166  70] (fcs=[146 141])
(39,44): hsc=[166  70] (fcs=[146 141])
(39,45): hsc=[166  70] (fcs=[146 141])
(39,46): hsc=[166  70] (fcs=[146 141])
(39,47): hsc=[166  70] (fcs=[146 141])
(39,48): hsc=[166  70] (fcs=[146 141])
(39,49): hsc=[ 14 114] (fcs=[145 142])
(39,50): hsc=[ 14 114] (fcs=[145 142])
(39,51): hsc=[118 158] (fcs=[144 143])
(39,52): hsc=[118 158] (fcs=[144 143])
(39,53): hsc=[118 158] (fcs=[144 143])
(39,54): hsc=[118 158] (fcs=[144 143])
(39,55): hsc=[64  0] (fcs=[144 144])
(39,56): hsc=[64  0] (fcs=[144 144])
(39,57): hsc=[64  0] (fcs=[144 144])
(39,58): hsc=[64  0] (fcs=[144 144])
(39,59): hsc=[64  0] (fcs=[144 144])
(39,60): hsc=[64  0] (fcs=[144 144])
(39,61): hsc=[64  0] (fcs=[144 144])
(39,62): hsc=[222 202] (fcs=[143 144])
(39,63): hsc=[126  10] (fcs=[71 72])
(39,64): hsc=[222 202] (fcs=[143 144])
(39,65): hsc=[128 128] (fcs=[128 128])
(39,66): hsc=[128 128] (fcs=[128 128])
(39,67): hsc=[218 178] (fcs=[224 201])
(39,68): hsc=[128 128] (fcs=[128 128])
(39,69): hsc=[128 128] (fcs=[128 128])
(39,70): hsc=[128 128] (fcs=[128 128])
(39,71): hsc=[118 158] (fcs=[144 143])
(39,72): hsc=[132 108] (fcs=[50 48])
(39,73): hsc=[226 182] (fcs=[65 64])
(39,74): hsc=[64  0] (fcs=[144 144])
(39,75): hsc=[64  0] (fcs=[144 144])
(39,76): hsc=[64  0] (fcs=[144 144])
(39,77): hsc=[64  0] (fcs=[144 144])
(39,78): hsc=[118 158] (fcs=[144 143])
(39,79): hsc=[64  0] (fcs=[144 144])
(39,80): hsc=[118 158] (fcs=[144 143])
(39,81): hsc=[118 158] (fcs=[144 143])
(39,82): hsc=[172  60] (fcs=[144 142])
(39,83): hsc=[ 14 114] (fcs=[145 142])
(39,84): hsc=[166  70] (fcs=[146 141])
(39,85): hsc=[ 14 114] (fcs=[145 142])
(39,86): hsc=[234 110] (fcs=[45 56])
(39,87): hsc=[ 14 114] (fcs=[145 142])
(39,88): hsc=[ 14 190] (fcs=[70 77])
(39,89): hsc=[216 212] (fcs=[145 143])
(39,90): hsc=[ 14 114] (fcs=[145 142])
(39,91): hsc=[ 60 160] (fcs=[195 175])
(39,92): hsc=[128 128] (fcs=[128 128])
(39,93): hsc=[ 18 198] (fcs=[217 192])
(39,94): hsc=[166  70] (fcs=[146 141])
(39,95): hsc=[112 168] (fcs=[146 142])
(39,96): hsc=[166  70] (fcs=[146 141])
(39,97): hsc=[98 66] (fcs=[198 175])
(39,98): hsc=[128 128] (fcs=[128 128])
(39,99): hsc=[ 10 158] (fcs=[233 188])
(39,100): hsc=[128 128] (fcs=[128 128])
(39,101): hsc=[128 128] (fcs=[128 128])
(39,102): hsc=[128 128] (fcs=[128 128])
(39,103): hsc=[112 168] (fcs=[146 142])
(39,104): hsc=[ 86 238] (fcs=[180 171])
(39,105): hsc=[128 128] (fcs=[128 128])
(39,106): hsc=[38 74] (fcs=[137 146])
(39,107): hsc=[128 128] (fcs=[128 128])
(39,108): hsc=[128 128] (fcs=[64 64])
(39,109): hsc=[64  0] (fcs=[144 144])
(39,110): hsc=[64  0] (fcs=[144 144])
(39,111): hsc=[64  0] (fcs=[144 144])
(39,112): hsc=[64  0] (fcs=[144 144])
(39,113): hsc=[64  0] (fcs=[144 144])
(39,114): hsc=[128 128] (fcs=[128 128])
(39,115): hsc=[ 22 222] (fcs=[72 71])
(39,116): hsc=[128 128] (fcs=[128 128])
(39,117): hsc=[128 128] (fcs=[128 128])
(39,118): hsc=[132   0] (fcs=[69 73])
(39,119): hsc=[176 224] (fcs=[36 36])
(39,120): hsc=[64  0] (fcs=[144 144])
(39,121): hsc=[64  0] (fcs=[144 144])
(39,122): hsc=[64  0] (fcs=[144 144])
(39,123): hsc=[64  0] (fcs=[144 144])
(39,124): hsc=[64  0] (fcs=[144 144])
(39,125): hsc=[64  0] (fcs=[144 144])
(39,126): hsc=[128 128] (fcs=[128 128])
(39,127): hsc=[128 128] (fcs=[128 128])
(40,0): hsc=[128 128] (fcs=[128 128])
(40,1): hsc=[128 128] (fcs=[128 128])
(40,2): hsc=[64  0] (fcs=[144 144])
(40,3): hsc=[64  0] (fcs=[144 144])
(40,4): hsc=[128 128] (fcs=[128 128])
(40,5): hsc=[224 136] (fcs=[38 34])
(40,6): hsc=[128 128] (fcs=[128 128])
(40,7): hsc=[128 128] (fcs=[128 128])
(40,8): hsc=[ 14 114] (fcs=[145 142])
(40,9): hsc=[14 10] (fcs=[59 76])
(40,10): hsc=[68 16] (fcs=[145 141])
(40,11): hsc=[166  70] (fcs=[146 141])
(40,12): hsc=[166  70] (fcs=[146 141])
(40,13): hsc=[166  70] (fcs=[146 141])
(40,14): hsc=[166  70] (fcs=[146 141])
(40,15): hsc=[166  70] (fcs=[146 141])
(40,16): hsc=[166  70] (fcs=[146 141])
(40,17): hsc=[166  70] (fcs=[146 141])
(40,18): hsc=[166  70] (fcs=[146 141])
(40,19): hsc=[166  70] (fcs=[146 141])
(40,20): hsc=[166  70] (fcs=[146 141])
(40,21): hsc=[166  70] (fcs=[146 141])
(40,22): hsc=[166  70] (fcs=[146 141])
(40,23): hsc=[166  70] (fcs=[146 141])
(40,24): hsc=[166  70] (fcs=[146 141])
(40,25): hsc=[166  70] (fcs=[146 141])
(40,26): hsc=[166  70] (fcs=[146 141])
(40,27): hsc=[166  70] (fcs=[146 141])
(40,28): hsc=[166  70] (fcs=[146 141])
(40,29): hsc=[166  70] (fcs=[146 141])
(40,30): hsc=[166  70] (fcs=[146 141])
(40,31): hsc=[166  70] (fcs=[146 141])
(40,32): hsc=[166  70] (fcs=[146 141])
(40,33): hsc=[166  70] (fcs=[146 141])
(40,34): hsc=[42 94] (fcs=[33 52])
(40,35): hsc=[ 40 192] (fcs=[66 74])
(40,36): hsc=[128 128] (fcs=[128 128])
(40,37): hsc=[128 128] (fcs=[128 128])
(40,38): hsc=[152  52] (fcs=[41 55])
(40,39): hsc=[246  90] (fcs=[41 58])
(40,40): hsc=[ 14 114] (fcs=[145 142])
(40,41): hsc=[166  70] (fcs=[146 141])
(40,42): hsc=[166  70] (fcs=[146 141])
(40,43): hsc=[166  70] (fcs=[146 141])
(40,44): hsc=[166  70] (fcs=[146 141])
(40,45): hsc=[166  70] (fcs=[146 141])
(40,46): hsc=[166  70] (fcs=[146 141])
(40,47): hsc=[166  70] (fcs=[146 141])
(40,48): hsc=[166  70] (fcs=[146 141])
(40,49): hsc=[68 16] (fcs=[145 141])
(40,50): hsc=[ 14 114] (fcs=[145 142])
(40,51): hsc=[118 158] (fcs=[144 143])
(40,52): hsc=[118 158] (fcs=[144 143])
(40,53): hsc=[118 158] (fcs=[144 143])
(40,54): hsc=[118 158] (fcs=[144 143])
(40,55): hsc=[64  0] (fcs=[144 144])
(40,56): hsc=[64  0] (fcs=[144 144])
(40,57): hsc=[64  0] (fcs=[144 144])
(40,58): hsc=[64  0] (fcs=[144 144])
(40,59): hsc=[64  0] (fcs=[144 144])
(40,60): hsc=[64  0] (fcs=[144 144])
(40,61): hsc=[64  0] (fcs=[144 144])
(40,62): hsc=[118 158] (fcs=[144 143])
(40,63): hsc=[64  0] (fcs=[144 144])
(40,64): hsc=[26 94] (fcs=[77 80])
(40,65): hsc=[118 158] (fcs=[144 143])
(40,66): hsc=[244 152] (fcs=[59 67])
(40,67): hsc=[  8 128] (fcs=[42 50])
(40,68): hsc=[  6 230] (fcs=[34 45])
(40,69): hsc=[228 156] (fcs=[62 68])
(40,70): hsc=[150 114] (fcs=[59 64])
(40,71): hsc=[ 80 250] (fcs=[77 79])
(40,72): hsc=[ 12 216] (fcs=[73 73])
(40,73): hsc=[64  0] (fcs=[144 144])
(40,74): hsc=[64  0] (fcs=[144 144])
(40,75): hsc=[222 202] (fcs=[143 144])
(40,76): hsc=[64  0] (fcs=[144 144])
(40,77): hsc=[222 202] (fcs=[143 144])
(40,78): hsc=[64  0] (fcs=[144 144])
(40,79): hsc=[64  0] (fcs=[144 144])
(40,80): hsc=[118 158] (fcs=[144 143])
(40,81): hsc=[180 132] (fcs=[56 58])
(40,82): hsc=[48 80] (fcs=[72 80])
(40,83): hsc=[166  70] (fcs=[146 141])
(40,84): hsc=[  6 158] (fcs=[68 83])
(40,85): hsc=[220 228] (fcs=[146 140])
(40,86): hsc=[128 128] (fcs=[128 128])
(40,87): hsc=[128 128] (fcs=[128 128])
(40,88): hsc=[128 128] (fcs=[128 128])
(40,89): hsc=[174  34] (fcs=[141 146])
(40,90): hsc=[128 128] (fcs=[128 128])
(40,91): hsc=[128 128] (fcs=[128 128])
(40,92): hsc=[128 128] (fcs=[128 128])
(40,93): hsc=[128 128] (fcs=[128 128])
(40,94): hsc=[128 128] (fcs=[128 128])
(40,95): hsc=[202 194] (fcs=[40 57])
(40,96): hsc=[ 36 140] (fcs=[50 64])
(40,97): hsc=[86 62] (fcs=[64 79])
(40,98): hsc=[ 68 168] (fcs=[59 75])
(40,99): hsc=[166  70] (fcs=[146 141])
(40,100): hsc=[62 26] (fcs=[147 140])
(40,101): hsc=[166  70] (fcs=[146 141])
(40,102): hsc=[ 78 102] (fcs=[28 47])
(40,103): hsc=[128 128] (fcs=[128 128])
(40,104): hsc=[ 14 114] (fcs=[145 142])
(40,105): hsc=[128 128] (fcs=[128 128])
(40,106): hsc=[214  18] (fcs=[227 216])
(40,107): hsc=[128 128] (fcs=[128 128])
(40,108): hsc=[216 176] (fcs=[66 66])
(40,109): hsc=[64  0] (fcs=[144 144])
(40,110): hsc=[64  0] (fcs=[144 144])
(40,111): hsc=[64  0] (fcs=[144 144])
(40,112): hsc=[64  0] (fcs=[144 144])
(40,113): hsc=[ 20 104] (fcs=[79 79])
(40,114): hsc=[128 128] (fcs=[128 128])
(40,115): hsc=[ 20 104] (fcs=[143 143])
(40,116): hsc=[128 128] (fcs=[128 128])
(40,117): hsc=[226 182] (fcs=[193 192])
(40,118): hsc=[128 128] (fcs=[128 128])
(40,119): hsc=[ 12 216] (fcs=[73 73])
(40,120): hsc=[64  0] (fcs=[144 144])
(40,121): hsc=[64  0] (fcs=[144 144])
(40,122): hsc=[64  0] (fcs=[144 144])
(40,123): hsc=[64  0] (fcs=[144 144])
(40,124): hsc=[64  0] (fcs=[144 144])
(40,125): hsc=[64  0] (fcs=[144 144])
(40,126): hsc=[128 128] (fcs=[128 128])
(40,127): hsc=[128 128] (fcs=[128 128])
(41,0): hsc=[128 128] (fcs=[128 128])
(41,1): hsc=[128 128] (fcs=[128 128])
(41,2): hsc=[64  0] (fcs=[144 144])
(41,3): hsc=[64  0] (fcs=[144 144])
(41,4): hsc=[144 160] (fcs=[76 76])
(41,5): hsc=[128 128] (fcs=[128 128])
(41,6): hsc=[118 158] (fcs=[144 143])
(41,7): hsc=[128 128] (fcs=[128 128])
(41,8): hsc=[200 212] (fcs=[189 171])
(41,9): hsc=[202 230] (fcs=[55 70])
(41,10): hsc=[ 88 216] (fcs=[72 84])
(41,11): hsc=[166  70] (fcs=[146 141])
(41,12): hsc=[166  70] (fcs=[146 141])
(41,13): hsc=[166  70] (fcs=[146 141])
(41,14): hsc=[166  70] (fcs=[146 141])
(41,15): hsc=[166  70] (fcs=[146 141])
(41,16): hsc=[166  70] (fcs=[146 141])
(41,17): hsc=[166  70] (fcs=[146 141])
(41,18): hsc=[166  70] (fcs=[146 141])
(41,19): hsc=[166  70] (fcs=[146 141])
(41,20): hsc=[166  70] (fcs=[146 141])
(41,21): hsc=[166  70] (fcs=[146 141])
(41,22): hsc=[166  70] (fcs=[146 141])
(41,23): hsc=[166  70] (fcs=[146 141])
(41,24): hsc=[166  70] (fcs=[146 141])
(41,25): hsc=[166  70] (fcs=[146 141])
(41,26): hsc=[166  70] (fcs=[146 141])
(41,27): hsc=[166  70] (fcs=[146 141])
(41,28): hsc=[166  70] (fcs=[146 141])
(41,29): hsc=[166  70] (fcs=[146 141])
(41,30): hsc=[166  70] (fcs=[146 141])
(41,31): hsc=[166  70] (fcs=[146 141])
(41,32): hsc=[166  70] (fcs=[146 141])
(41,33): hsc=[166  70] (fcs=[146 141])
(41,34): hsc=[114 182] (fcs=[53 68])
(41,35): hsc=[ 88 144] (fcs=[42 58])
(41,36): hsc=[108 184] (fcs=[201 185])
(41,37): hsc=[128 128] (fcs=[128 128])
(41,38): hsc=[ 14 114] (fcs=[145 142])
(41,39): hsc=[148   0] (fcs=[25 45])
(41,40): hsc=[142 118] (fcs=[72 83])
(41,41): hsc=[166  70] (fcs=[146 141])
(41,42): hsc=[166  70] (fcs=[146 141])
(41,43): hsc=[166  70] (fcs=[146 141])
(41,44): hsc=[166  70] (fcs=[146 141])
(41,45): hsc=[166  70] (fcs=[146 141])
(41,46): hsc=[166  70] (fcs=[146 141])
(41,47): hsc=[166  70] (fcs=[146 141])
(41,48): hsc=[166  70] (fcs=[146 141])
(41,49): hsc=[112 168] (fcs=[146 142])
(41,50): hsc=[ 14 114] (fcs=[145 142])
(41,51): hsc=[118 158] (fcs=[144 143])
(41,52): hsc=[118 158] (fcs=[144 143])
(41,53): hsc=[118 158] (fcs=[144 143])
(41,54): hsc=[64  0] (fcs=[144 144])
(41,55): hsc=[64  0] (fcs=[144 144])
(41,56): hsc=[64  0] (fcs=[144 144])
(41,57): hsc=[64  0] (fcs=[144 144])
(41,58): hsc=[64  0] (fcs=[144 144])
(41,59): hsc=[64  0] (fcs=[144 144])
(41,60): hsc=[64  0] (fcs=[144 144])
(41,61): hsc=[64  0] (fcs=[144 144])
(41,62): hsc=[64  0] (fcs=[144 144])
(41,63): hsc=[64  0] (fcs=[144 144])
(41,64): hsc=[118 158] (fcs=[144 143])
(41,65): hsc=[64  0] (fcs=[144 144])
(41,66): hsc=[118 158] (fcs=[144 143])
(41,67): hsc=[64  0] (fcs=[144 144])
(41,68): hsc=[118 158] (fcs=[144 143])
(41,69): hsc=[64  0] (fcs=[144 144])
(41,70): hsc=[118 158] (fcs=[144 143])
(41,71): hsc=[64  0] (fcs=[144 144])
(41,72): hsc=[64  0] (fcs=[144 144])
(41,73): hsc=[84 12] (fcs=[78 76])
(41,74): hsc=[ 50 122] (fcs=[76 73])
(41,75): hsc=[250 210] (fcs=[64 57])
(41,76): hsc=[230 198] (fcs=[66 61])
(41,77): hsc=[184  36] (fcs=[53 43])
(41,78): hsc=[ 64 144] (fcs=[76 68])
(41,79): hsc=[124 148] (fcs=[142 144])
(41,80): hsc=[124 148] (fcs=[142 144])
(41,81): hsc=[222 202] (fcs=[143 144])
(41,82): hsc=[ 96 136] (fcs=[198 194])
(41,83): hsc=[128 128] (fcs=[128 128])
(41,84): hsc=[128 128] (fcs=[128 128])
(41,85): hsc=[128 128] (fcs=[128 128])
(41,86): hsc=[128 128] (fcs=[128 128])
(41,87): hsc=[216 212] (fcs=[145 143])
(41,88): hsc=[128 128] (fcs=[128 128])
(41,89): hsc=[128 128] (fcs=[128 128])
(41,90): hsc=[128 128] (fcs=[128 128])
(41,91): hsc=[128 128] (fcs=[128 128])
(41,92): hsc=[128 128] (fcs=[128 128])
(41,93): hsc=[118 158] (fcs=[144 143])
(41,94): hsc=[128 128] (fcs=[128 128])
(41,95): hsc=[ 14 114] (fcs=[145 142])
(41,96): hsc=[166  70] (fcs=[146 141])
(41,97): hsc=[68 16] (fcs=[145 141])
(41,98): hsc=[166  70] (fcs=[146 141])
(41,99): hsc=[68 16] (fcs=[145 141])
(41,100): hsc=[112 168] (fcs=[146 142])
(41,101): hsc=[196  20] (fcs=[72 82])
(41,102): hsc=[128 128] (fcs=[128 128])
(41,103): hsc=[148 250] (fcs=[66 72])
(41,104): hsc=[128 128] (fcs=[128 128])
(41,105): hsc=[128 128] (fcs=[128 128])
(41,106): hsc=[118 158] (fcs=[144 143])
(41,107): hsc=[166 218] (fcs=[37 38])
(41,108): hsc=[64  0] (fcs=[144 144])
(41,109): hsc=[64  0] (fcs=[144 144])
(41,110): hsc=[64  0] (fcs=[144 144])
(41,111): hsc=[64  0] (fcs=[144 144])
(41,112): hsc=[64  0] (fcs=[144 144])
(41,113): hsc=[96 64] (fcs=[40 40])
(41,114): hsc=[ 18 206] (fcs=[71 74])
(41,115): hsc=[128 128] (fcs=[128 128])
(41,116): hsc=[128 128] (fcs=[128 128])
(41,117): hsc=[222 202] (fcs=[143 144])
(41,118): hsc=[128 128] (fcs=[128 128])
(41,119): hsc=[64  0] (fcs=[144 144])
(41,120): hsc=[64  0] (fcs=[144 144])
(41,121): hsc=[64  0] (fcs=[144 144])
(41,122): hsc=[64  0] (fcs=[144 144])
(41,123): hsc=[64  0] (fcs=[144 144])
(41,124): hsc=[64  0] (fcs=[144 144])
(41,125): hsc=[64  0] (fcs=[144 144])
(41,126): hsc=[128 128] (fcs=[128 128])
(41,127): hsc=[128 128] (fcs=[128 128])
(42,0): hsc=[128 128] (fcs=[128 128])
(42,1): hsc=[128 128] (fcs=[128 128])
(42,2): hsc=[64  0] (fcs=[144 144])
(42,3): hsc=[64  0] (fcs=[144 144])
(42,4): hsc=[64  0] (fcs=[144 144])
(42,5): hsc=[96 64] (fcs=[40 40])
(42,6): hsc=[40  8] (fcs=[32 36])
(42,7): hsc=[128 128] (fcs=[128 128])
(42,8): hsc=[128 128] (fcs=[128 128])
(42,9): hsc=[ 14 114] (fcs=[145 142])
(42,10): hsc=[218 190] (fcs=[37 56])
(42,11): hsc=[166  70] (fcs=[146 141])
(42,12): hsc=[166  70] (fcs=[146 141])
(42,13): hsc=[166  70] (fcs=[146 141])
(42,14): hsc=[166  70] (fcs=[146 141])
(42,15): hsc=[166  70] (fcs=[146 141])
(42,16): hsc=[166  70] (fcs=[146 141])
(42,17): hsc=[166  70] (fcs=[146 141])
(42,18): hsc=[166  70] (fcs=[146 141])
(42,19): hsc=[166  70] (fcs=[146 141])
(42,20): hsc=[166  70] (fcs=[146 141])
(42,21): hsc=[166  70] (fcs=[146 141])
(42,22): hsc=[166  70] (fcs=[146 141])
(42,23): hsc=[166  70] (fcs=[146 141])
(42,24): hsc=[166  70] (fcs=[146 141])
(42,25): hsc=[166  70] (fcs=[146 141])
(42,26): hsc=[166  70] (fcs=[146 141])
(42,27): hsc=[166  70] (fcs=[146 141])
(42,28): hsc=[166  70] (fcs=[146 141])
(42,29): hsc=[166  70] (fcs=[146 141])
(42,30): hsc=[166  70] (fcs=[146 141])
(42,31): hsc=[166  70] (fcs=[146 141])
(42,32): hsc=[166  70] (fcs=[146 141])
(42,33): hsc=[166  70] (fcs=[146 141])
(42,34): hsc=[68 16] (fcs=[145 141])
(42,35): hsc=[112 248] (fcs=[30 50])
(42,36): hsc=[166  70] (fcs=[146 141])
(42,37): hsc=[128 128] (fcs=[128 128])
(42,38): hsc=[128 128] (fcs=[128 128])
(42,39): hsc=[236 228] (fcs=[38 48])
(42,40): hsc=[ 62 106] (fcs=[31 48])
(42,41): hsc=[166  70] (fcs=[146 141])
(42,42): hsc=[166  70] (fcs=[146 141])
(42,43): hsc=[166  70] (fcs=[146 141])
(42,44): hsc=[166  70] (fcs=[146 141])
(42,45): hsc=[166  70] (fcs=[146 141])
(42,46): hsc=[166  70] (fcs=[146 141])
(42,47): hsc=[166  70] (fcs=[146 141])
(42,48): hsc=[166  70] (fcs=[146 141])
(42,49): hsc=[166  70] (fcs=[146 141])
(42,50): hsc=[112 168] (fcs=[146 142])
(42,51): hsc=[ 14 114] (fcs=[145 142])
(42,52): hsc=[172  60] (fcs=[144 142])
(42,53): hsc=[118 158] (fcs=[144 143])
(42,54): hsc=[118 158] (fcs=[144 143])
(42,55): hsc=[64  0] (fcs=[144 144])
(42,56): hsc=[64  0] (fcs=[144 144])
(42,57): hsc=[64  0] (fcs=[144 144])
(42,58): hsc=[64  0] (fcs=[144 144])
(42,59): hsc=[64  0] (fcs=[144 144])
(42,60): hsc=[64  0] (fcs=[144 144])
(42,61): hsc=[222 202] (fcs=[143 144])
(42,62): hsc=[64  0] (fcs=[144 144])
(42,63): hsc=[222 202] (fcs=[143 144])
(42,64): hsc=[64  0] (fcs=[144 144])
(42,65): hsc=[222 202] (fcs=[143 144])
(42,66): hsc=[64  0] (fcs=[144 144])
(42,67): hsc=[64  0] (fcs=[144 144])
(42,68): hsc=[ 28 212] (fcs=[70 72])
(42,69): hsc=[ 62 102] (fcs=[72 75])
(42,70): hsc=[122 214] (fcs=[55 62])
(42,71): hsc=[154 242] (fcs=[64 73])
(42,72): hsc=[212  88] (fcs=[35 43])
(42,73): hsc=[118 158] (fcs=[144 143])
(42,74): hsc=[236 188] (fcs=[192 190])
(42,75): hsc=[198 174] (fcs=[208 215])
(42,76): hsc=[168  44] (fcs=[143 145])
(42,77): hsc=[248  68] (fcs=[189 227])
(42,78): hsc=[128 172] (fcs=[189 215])
(42,79): hsc=[128 128] (fcs=[128 128])
(42,80): hsc=[ 26 102] (fcs=[187 218])
(42,81): hsc=[128 128] (fcs=[128 128])
(42,82): hsc=[232  28] (fcs=[195 205])
(42,83): hsc=[222 202] (fcs=[143 144])
(42,84): hsc=[118 158] (fcs=[144 143])
(42,85): hsc=[216 212] (fcs=[145 143])
(42,86): hsc=[202 118] (fcs=[51 58])
(42,87): hsc=[  8 200] (fcs=[72 76])
(42,88): hsc=[46 70] (fcs=[60 63])
(42,89): hsc=[192   0] (fcs=[48 48])
(42,90): hsc=[128 128] (fcs=[128 128])
(42,91): hsc=[ 20 104] (fcs=[143 143])
(42,92): hsc=[146  22] (fcs=[197 196])
(42,93): hsc=[122  38] (fcs=[195 226])
(42,94): hsc=[114 134] (fcs=[225 200])
(42,95): hsc=[68 16] (fcs=[145 141])
(42,96): hsc=[166  70] (fcs=[146 141])
(42,97): hsc=[220 228] (fcs=[146 140])
(42,98): hsc=[128 128] (fcs=[128 128])
(42,99): hsc=[ 2 70] (fcs=[37 60])
(42,100): hsc=[128 128] (fcs=[128 128])
(42,101): hsc=[166  70] (fcs=[146 141])
(42,102): hsc=[112 168] (fcs=[146 142])
(42,103): hsc=[128 128] (fcs=[128 128])
(42,104): hsc=[128 128] (fcs=[128 128])
(42,105): hsc=[ 20 104] (fcs=[143 143])
(42,106): hsc=[128 128] (fcs=[128 128])
(42,107): hsc=[64  0] (fcs=[144 144])
(42,108): hsc=[64  0] (fcs=[144 144])
(42,109): hsc=[64  0] (fcs=[144 144])
(42,110): hsc=[64  0] (fcs=[144 144])
(42,111): hsc=[64  0] (fcs=[144 144])
(42,112): hsc=[ 12 216] (fcs=[73 73])
(42,113): hsc=[128 128] (fcs=[128 128])
(42,114): hsc=[118 158] (fcs=[144 143])
(42,115): hsc=[128 128] (fcs=[128 128])
(42,116): hsc=[ 96 136] (fcs=[198 194])
(42,117): hsc=[128 128] (fcs=[128 128])
(42,118): hsc=[250 184] (fcs=[61 61])
(42,119): hsc=[64  0] (fcs=[144 144])
(42,120): hsc=[64  0] (fcs=[144 144])
(42,121): hsc=[64  0] (fcs=[144 144])
(42,122): hsc=[64  0] (fcs=[144 144])
(42,123): hsc=[64  0] (fcs=[144 144])
(42,124): hsc=[64  0] (fcs=[144 144])
(42,125): hsc=[64  0] (fcs=[144 144])
(42,126): hsc=[128 128] (fcs=[128 128])
(42,127): hsc=[128 128] (fcs=[128 128])
(43,0): hsc=[128 128] (fcs=[128 128])
(43,1): hsc=[128 128] (fcs=[128 128])
(43,2): hsc=[64  0] (fcs=[144 144])
(43,3): hsc=[64  0] (fcs=[144 144])
(43,4): hsc=[64  0] (fcs=[144 144])
(43,5): hsc=[128 128] (fcs=[64 64])
(43,6): hsc=[128 128] (fcs=[128 128])
(43,7): hsc=[118 158] (fcs=[144 143])
(43,8): hsc=[128 128] (fcs=[128 128])
(43,9): hsc=[172  60] (fcs=[144 142])
(43,10): hsc=[130 142] (fcs=[35 54])
(43,11): hsc=[166  70] (fcs=[146 141])
(43,12): hsc=[166  70] (fcs=[146 141])
(43,13): hsc=[166  70] (fcs=[146 141])
(43,14): hsc=[166  70] (fcs=[146 141])
(43,15): hsc=[166  70] (fcs=[146 141])
(43,16): hsc=[166  70] (fcs=[146 141])
(43,17): hsc=[166  70] (fcs=[146 141])
(43,18): hsc=[166  70] (fcs=[146 141])
(43,19): hsc=[166  70] (fcs=[146 141])
(43,20): hsc=[166  70] (fcs=[146 141])
(43,21): hsc=[166  70] (fcs=[146 141])
(43,22): hsc=[166  70] (fcs=[146 141])
(43,23): hsc=[166  70] (fcs=[146 141])
(43,24): hsc=[166  70] (fcs=[146 141])
(43,25): hsc=[166  70] (fcs=[146 141])
(43,26): hsc=[166  70] (fcs=[146 141])
(43,27): hsc=[166  70] (fcs=[146 141])
(43,28): hsc=[166  70] (fcs=[146 141])
(43,29): hsc=[166  70] (fcs=[146 141])
(43,30): hsc=[166  70] (fcs=[146 141])
(43,31): hsc=[166  70] (fcs=[146 141])
(43,32): hsc=[166  70] (fcs=[146 141])
(43,33): hsc=[166  70] (fcs=[146 141])
(43,34): hsc=[166  70] (fcs=[146 141])
(43,35): hsc=[76 56] (fcs=[65 81])
(43,36): hsc=[ 38 114] (fcs=[47 68])
(43,37): hsc=[128 128] (fcs=[128 128])
(43,38): hsc=[128 128] (fcs=[128 128])
(43,39): hsc=[ 14 114] (fcs=[145 142])
(43,40): hsc=[128 128] (fcs=[128 128])
(43,41): hsc=[166  70] (fcs=[146 141])
(43,42): hsc=[166  70] (fcs=[146 141])
(43,43): hsc=[166  70] (fcs=[146 141])
(43,44): hsc=[166  70] (fcs=[146 141])
(43,45): hsc=[166  70] (fcs=[146 141])
(43,46): hsc=[166  70] (fcs=[146 141])
(43,47): hsc=[166  70] (fcs=[146 141])
(43,48): hsc=[166  70] (fcs=[146 141])
(43,49): hsc=[166  70] (fcs=[146 141])
(43,50): hsc=[220 228] (fcs=[146 140])
(43,51): hsc=[68 16] (fcs=[145 141])
(43,52): hsc=[ 14 114] (fcs=[145 142])
(43,53): hsc=[118 158] (fcs=[144 143])
(43,54): hsc=[118 158] (fcs=[144 143])
(43,55): hsc=[64  0] (fcs=[144 144])
(43,56): hsc=[118 158] (fcs=[144 143])
(43,57): hsc=[64  0] (fcs=[144 144])
(43,58): hsc=[64  0] (fcs=[144 144])
(43,59): hsc=[64  0] (fcs=[144 144])
(43,60): hsc=[64  0] (fcs=[144 144])
(43,61): hsc=[222 202] (fcs=[143 144])
(43,62): hsc=[222 202] (fcs=[143 144])
(43,63): hsc=[222 202] (fcs=[143 144])
(43,64): hsc=[222 202] (fcs=[143 144])
(43,65): hsc=[188 200] (fcs=[73 65])
(43,66): hsc=[128  52] (fcs=[75 65])
(43,67): hsc=[168  44] (fcs=[143 145])
(43,68): hsc=[ 20 104] (fcs=[143 143])
(43,69): hsc=[164 172] (fcs=[202 200])
(43,70): hsc=[128 128] (fcs=[128 128])
(43,71): hsc=[128 128] (fcs=[128 128])
(43,72): hsc=[128 128] (fcs=[128 128])
(43,73): hsc=[128 128] (fcs=[128 128])
(43,74): hsc=[128 128] (fcs=[128 128])
(43,75): hsc=[128 128] (fcs=[128 128])
(43,76): hsc=[ 82 222] (fcs=[179 174])
(43,77): hsc=[64  0] (fcs=[144 144])
(43,78): hsc=[124 148] (fcs=[142 144])
(43,79): hsc=[124 148] (fcs=[142 144])
(43,80): hsc=[124 148] (fcs=[142 144])
(43,81): hsc=[ 12 104] (fcs=[69 61])
(43,82): hsc=[126 154] (fcs=[67 60])
(43,83): hsc=[184 184] (fcs=[72 68])
(43,84): hsc=[222 202] (fcs=[143 144])
(43,85): hsc=[64  0] (fcs=[144 144])
(43,86): hsc=[64  0] (fcs=[144 144])
(43,87): hsc=[64  0] (fcs=[144 144])
(43,88): hsc=[118 158] (fcs=[144 143])
(43,89): hsc=[64  0] (fcs=[144 144])
(43,90): hsc=[64  0] (fcs=[144 144])
(43,91): hsc=[ 20 104] (fcs=[79 79])
(43,92): hsc=[ 50 122] (fcs=[76 73])
(43,93): hsc=[64  0] (fcs=[144 144])
(43,94): hsc=[118 158] (fcs=[144 143])
(43,95): hsc=[248 236] (fcs=[195 181])
(43,96): hsc=[128 128] (fcs=[128 128])
(43,97): hsc=[128 128] (fcs=[128 128])
(43,98): hsc=[128 128] (fcs=[128 128])
(43,99): hsc=[168   0] (fcs=[210 186])
(43,100): hsc=[128 128] (fcs=[128 128])
(43,101): hsc=[128 128] (fcs=[128 128])
(43,102): hsc=[128 128] (fcs=[128 128])
(43,103): hsc=[118 158] (fcs=[144 143])
(43,104): hsc=[ 26 202] (fcs=[58 55])
(43,105): hsc=[30 74] (fcs=[63 64])
(43,106): hsc=[144 160] (fcs=[76 76])
(43,107): hsc=[64  0] (fcs=[144 144])
(43,108): hsc=[64  0] (fcs=[144 144])
(43,109): hsc=[64  0] (fcs=[144 144])
(43,110): hsc=[64  0] (fcs=[144 144])
(43,111): hsc=[64  0] (fcs=[144 144])
(43,112): hsc=[128 128] (fcs=[128 128])
(43,113): hsc=[64  0] (fcs=[144 144])
(43,114): hsc=[128 128] (fcs=[128 128])
(43,115): hsc=[128 128] (fcs=[128 128])
(43,116): hsc=[118 158] (fcs=[144 143])
(43,117): hsc=[174 106] (fcs=[43 44])
(43,118): hsc=[222 202] (fcs=[143 144])
(43,119): hsc=[64  0] (fcs=[144 144])
(43,120): hsc=[64  0] (fcs=[144 144])
(43,121): hsc=[64  0] (fcs=[144 144])
(43,122): hsc=[64  0] (fcs=[144 144])
(43,123): hsc=[64  0] (fcs=[144 144])
(43,124): hsc=[64  0] (fcs=[144 144])
(43,125): hsc=[64  0] (fcs=[144 144])
(43,126): hsc=[128 128] (fcs=[128 128])
(43,127): hsc=[128 128] (fcs=[128 128])
(44,0): hsc=[128 128] (fcs=[128 128])
(44,1): hsc=[128 128] (fcs=[128 128])
(44,2): hsc=[64  0] (fcs=[144 144])
(44,3): hsc=[64  0] (fcs=[144 144])
(44,4): hsc=[64  0] (fcs=[144 144])
(44,5): hsc=[118 158] (fcs=[144 143])
(44,6): hsc=[128 128] (fcs=[128 128])
(44,7): hsc=[222 202] (fcs=[143 144])
(44,8): hsc=[128 128] (fcs=[128 128])
(44,9): hsc=[172  60] (fcs=[144 142])
(44,10): hsc=[202 230] (fcs=[55 70])
(44,11): hsc=[166  70] (fcs=[146 141])
(44,12): hsc=[166  70] (fcs=[146 141])
(44,13): hsc=[166  70] (fcs=[146 141])
(44,14): hsc=[166  70] (fcs=[146 141])
(44,15): hsc=[166  70] (fcs=[146 141])
(44,16): hsc=[166  70] (fcs=[146 141])
(44,17): hsc=[166  70] (fcs=[146 141])
(44,18): hsc=[166  70] (fcs=[146 141])
(44,19): hsc=[166  70] (fcs=[146 141])
(44,20): hsc=[166  70] (fcs=[146 141])
(44,21): hsc=[166  70] (fcs=[146 141])
(44,22): hsc=[166  70] (fcs=[146 141])
(44,23): hsc=[166  70] (fcs=[146 141])
(44,24): hsc=[166  70] (fcs=[146 141])
(44,25): hsc=[166  70] (fcs=[146 141])
(44,26): hsc=[166  70] (fcs=[146 141])
(44,27): hsc=[166  70] (fcs=[146 141])
(44,28): hsc=[166  70] (fcs=[146 141])
(44,29): hsc=[166  70] (fcs=[146 141])
(44,30): hsc=[166  70] (fcs=[146 141])
(44,31): hsc=[166  70] (fcs=[146 141])
(44,32): hsc=[166  70] (fcs=[146 141])
(44,33): hsc=[166  70] (fcs=[146 141])
(44,34): hsc=[166  70] (fcs=[146 141])
(44,35): hsc=[166  70] (fcs=[146 141])
(44,36): hsc=[128 128] (fcs=[128 128])
(44,37): hsc=[ 14 114] (fcs=[145 142])
(44,38): hsc=[128 128] (fcs=[128 128])
(44,39): hsc=[250 222] (fcs=[234 209])
(44,40): hsc=[240 100] (fcs=[43 57])
(44,41): hsc=[132  76] (fcs=[58 72])
(44,42): hsc=[ 14 114] (fcs=[145 142])
(44,43): hsc=[ 14 114] (fcs=[145 142])
(44,44): hsc=[ 14 114] (fcs=[145 142])
(44,45): hsc=[ 14 114] (fcs=[145 142])
(44,46): hsc=[ 14 114] (fcs=[145 142])
(44,47): hsc=[166  70] (fcs=[146 141])
(44,48): hsc=[68 16] (fcs=[145 141])
(44,49): hsc=[112 168] (fcs=[146 142])
(44,50): hsc=[ 14 114] (fcs=[145 142])
(44,51): hsc=[ 14 114] (fcs=[145 142])
(44,52): hsc=[ 14 114] (fcs=[145 142])
(44,53): hsc=[216 212] (fcs=[145 143])
(44,54): hsc=[216 212] (fcs=[145 143])
(44,55): hsc=[132   0] (fcs=[69 73])
(44,56): hsc=[138 210] (fcs=[52 61])
(44,57): hsc=[ 14 114] (fcs=[145 142])
(44,58): hsc=[162  94] (fcs=[55 66])
(44,59): hsc=[ 14 114] (fcs=[145 142])
(44,60): hsc=[ 14 114] (fcs=[145 142])
(44,61): hsc=[118 158] (fcs=[144 143])
(44,62): hsc=[64  0] (fcs=[144 144])
(44,63): hsc=[222 202] (fcs=[143 144])
(44,64): hsc=[ 70 246] (fcs=[142 145])
(44,65): hsc=[148 224] (fcs=[161 197])
(44,66): hsc=[ 24 236] (fcs=[171 189])
(44,67): hsc=[128 128] (fcs=[128 128])
(44,68): hsc=[34 22] (fcs=[185 200])
(44,69): hsc=[128 128] (fcs=[128 128])
(44,70): hsc=[64  0] (fcs=[144 144])
(44,71): hsc=[118 158] (fcs=[144 143])
(44,72): hsc=[216 212] (fcs=[145 143])
(44,73): hsc=[118 158] (fcs=[144 143])
(44,74): hsc=[166 110] (fcs=[56 63])
(44,75): hsc=[ 24 196] (fcs=[69 75])
(44,76): hsc=[ 24 196] (fcs=[69 75])
(44,77): hsc=[232 208] (fcs=[78 78])
(44,78): hsc=[118 158] (fcs=[144 143])
(44,79): hsc=[64  0] (fcs=[144 144])
(44,80): hsc=[64  0] (fcs=[144 144])
(44,81): hsc=[64  0] (fcs=[144 144])
(44,82): hsc=[64  0] (fcs=[144 144])
(44,83): hsc=[222 202] (fcs=[143 144])
(44,84): hsc=[64  0] (fcs=[144 144])
(44,85): hsc=[222 202] (fcs=[143 144])
(44,86): hsc=[64  0] (fcs=[144 144])
(44,87): hsc=[64  0] (fcs=[144 144])
(44,88): hsc=[64  0] (fcs=[144 144])
(44,89): hsc=[64  0] (fcs=[144 144])
(44,90): hsc=[64  0] (fcs=[144 144])
(44,91): hsc=[64  0] (fcs=[144 144])
(44,92): hsc=[64  0] (fcs=[144 144])
(44,93): hsc=[118 158] (fcs=[144 143])
(44,94): hsc=[ 96 248] (fcs=[74 78])
(44,95): hsc=[156 140] (fcs=[72 78])
(44,96): hsc=[ 6 10] (fcs=[49 58])
(44,97): hsc=[172  60] (fcs=[144 142])
(44,98): hsc=[172  60] (fcs=[144 142])
(44,99): hsc=[ 20 104] (fcs=[143 143])
(44,100): hsc=[216 212] (fcs=[145 143])
(44,101): hsc=[172  60] (fcs=[144 142])
(44,102): hsc=[118 158] (fcs=[144 143])
(44,103): hsc=[26 94] (fcs=[77 80])
(44,104): hsc=[ 92 120] (fcs=[69 69])
(44,105): hsc=[64  0] (fcs=[144 144])
(44,106): hsc=[64  0] (fcs=[144 144])
(44,107): hsc=[64  0] (fcs=[144 144])
(44,108): hsc=[64  0] (fcs=[144 144])
(44,109): hsc=[64  0] (fcs=[144 144])
(44,110): hsc=[222 202] (fcs=[143 144])
(44,111): hsc=[112  96] (fcs=[52 52])
(44,112): hsc=[236 152] (fcs=[49 49])
(44,113): hsc=[146  94] (fcs=[227 222])
(44,114): hsc=[128 128] (fcs=[128 128])
(44,115): hsc=[222 202] (fcs=[143 144])
(44,116): hsc=[128 128] (fcs=[128 128])
(44,117): hsc=[64  0] (fcs=[144 144])
(44,118): hsc=[64  0] (fcs=[144 144])
(44,119): hsc=[64  0] (fcs=[144 144])
(44,120): hsc=[64  0] (fcs=[144 144])
(44,121): hsc=[64  0] (fcs=[144 144])
(44,122): hsc=[64  0] (fcs=[144 144])
(44,123): hsc=[64  0] (fcs=[144 144])
(44,124): hsc=[64  0] (fcs=[144 144])
(44,125): hsc=[64  0] (fcs=[144 144])
(44,126): hsc=[128 128] (fcs=[128 128])
(44,127): hsc=[128 128] (fcs=[128 128])
(45,0): hsc=[128 128] (fcs=[128 128])
(45,1): hsc=[128 128] (fcs=[128 128])
(45,2): hsc=[64  0] (fcs=[144 144])
(45,3): hsc=[64  0] (fcs=[144 144])
(45,4): hsc=[64  0] (fcs=[144 144])
(45,5): hsc=[64  0] (fcs=[144 144])
(45,6): hsc=[60 56] (fcs=[45 45])
(45,7): hsc=[222 202] (fcs=[143 144])
(45,8): hsc=[128 128] (fcs=[128 128])
(45,9): hsc=[188 164] (fcs=[186 180])
(45,10): hsc=[112 168] (fcs=[146 142])
(45,11): hsc=[166  70] (fcs=[146 141])
(45,12): hsc=[166  70] (fcs=[146 141])
(45,13): hsc=[166  70] (fcs=[146 141])
(45,14): hsc=[166  70] (fcs=[146 141])
(45,15): hsc=[166  70] (fcs=[146 141])
(45,16): hsc=[166  70] (fcs=[146 141])
(45,17): hsc=[166  70] (fcs=[146 141])
(45,18): hsc=[166  70] (fcs=[146 141])
(45,19): hsc=[166  70] (fcs=[146 141])
(45,20): hsc=[166  70] (fcs=[146 141])
(45,21): hsc=[166  70] (fcs=[146 141])
(45,22): hsc=[166  70] (fcs=[146 141])
(45,23): hsc=[166  70] (fcs=[146 141])
(45,24): hsc=[166  70] (fcs=[146 141])
(45,25): hsc=[166  70] (fcs=[146 141])
(45,26): hsc=[166  70] (fcs=[146 141])
(45,27): hsc=[166  70] (fcs=[146 141])
(45,28): hsc=[166  70] (fcs=[146 141])
(45,29): hsc=[166  70] (fcs=[146 141])
(45,30): hsc=[166  70] (fcs=[146 141])
(45,31): hsc=[166  70] (fcs=[146 141])
(45,32): hsc=[166  70] (fcs=[146 141])
(45,33): hsc=[166  70] (fcs=[146 141])
(45,34): hsc=[166  70] (fcs=[146 141])
(45,35): hsc=[166  70] (fcs=[146 141])
(45,36): hsc=[ 86 246] (fcs=[34 53])
(45,37): hsc=[90 42] (fcs=[50 63])
(45,38): hsc=[ 2 58] (fcs=[224 205])
(45,39): hsc=[128 128] (fcs=[128 128])
(45,40): hsc=[242  34] (fcs=[66 75])
(45,41): hsc=[128 128] (fcs=[128 128])
(45,42): hsc=[248  96] (fcs=[30 38])
(45,43): hsc=[138 174] (fcs=[37 48])
(45,44): hsc=[192  76] (fcs=[37 47])
(45,45): hsc=[ 40 120] (fcs=[36 48])
(45,46): hsc=[144 200] (fcs=[50 62])
(45,47): hsc=[ 14 114] (fcs=[145 142])
(45,48): hsc=[ 14 114] (fcs=[145 142])
(45,49): hsc=[130 102] (fcs=[61 68])
(45,50): hsc=[178  14] (fcs=[63 66])
(45,51): hsc=[ 28 212] (fcs=[70 72])
(45,52): hsc=[ 20 104] (fcs=[143 143])
(45,53): hsc=[64  0] (fcs=[144 144])
(45,54): hsc=[172  60] (fcs=[144 142])
(45,55): hsc=[216 212] (fcs=[145 143])
(45,56): hsc=[128 128] (fcs=[128 128])
(45,57): hsc=[128 128] (fcs=[128 128])
(45,58): hsc=[128 128] (fcs=[128 128])
(45,59): hsc=[128 128] (fcs=[128 128])
(45,60): hsc=[128 128] (fcs=[128 128])
(45,61): hsc=[18 54] (fcs=[221 204])
(45,62): hsc=[54 62] (fcs=[216 199])
(45,63): hsc=[118 158] (fcs=[144 143])
(45,64): hsc=[ 20 104] (fcs=[143 143])
(45,65): hsc=[168  44] (fcs=[143 145])
(45,66): hsc=[124 148] (fcs=[142 144])
(45,67): hsc=[ 70 246] (fcs=[142 145])
(45,68): hsc=[142 186] (fcs=[79 72])
(45,69): hsc=[134  42] (fcs=[73 66])
(45,70): hsc=[84 12] (fcs=[78 76])
(45,71): hsc=[94 18] (fcs=[77 74])
(45,72): hsc=[64  0] (fcs=[144 144])
(45,73): hsc=[64  0] (fcs=[144 144])
(45,74): hsc=[64  0] (fcs=[144 144])
(45,75): hsc=[64  0] (fcs=[144 144])
(45,76): hsc=[118 158] (fcs=[144 143])
(45,77): hsc=[64  0] (fcs=[144 144])
(45,78): hsc=[118 158] (fcs=[144 143])
(45,79): hsc=[64  0] (fcs=[144 144])
(45,80): hsc=[118 158] (fcs=[144 143])
(45,81): hsc=[64  0] (fcs=[144 144])
(45,82): hsc=[64  0] (fcs=[144 144])
(45,83): hsc=[64  0] (fcs=[144 144])
(45,84): hsc=[64  0] (fcs=[144 144])
(45,85): hsc=[64  0] (fcs=[144 144])
(45,86): hsc=[64  0] (fcs=[144 144])
(45,87): hsc=[64  0] (fcs=[144 144])
(45,88): hsc=[64  0] (fcs=[144 144])
(45,89): hsc=[64  0] (fcs=[144 144])
(45,90): hsc=[64  0] (fcs=[144 144])
(45,91): hsc=[64  0] (fcs=[144 144])
(45,92): hsc=[64  0] (fcs=[144 144])
(45,93): hsc=[64  0] (fcs=[144 144])
(45,94): hsc=[118 158] (fcs=[144 143])
(45,95): hsc=[64  0] (fcs=[144 144])
(45,96): hsc=[118 158] (fcs=[144 143])
(45,97): hsc=[222 202] (fcs=[143 144])
(45,98): hsc=[222 202] (fcs=[143 144])
(45,99): hsc=[222 202] (fcs=[143 144])
(45,100): hsc=[64  0] (fcs=[144 144])
(45,101): hsc=[64  0] (fcs=[144 144])
(45,102): hsc=[64  0] (fcs=[144 144])
(45,103): hsc=[64  0] (fcs=[144 144])
(45,104): hsc=[64  0] (fcs=[144 144])
(45,105): hsc=[64  0] (fcs=[144 144])
(45,106): hsc=[64  0] (fcs=[144 144])
(45,107): hsc=[64  0] (fcs=[144 144])
(45,108): hsc=[64  0] (fcs=[144 144])
(45,109): hsc=[64  0] (fcs=[144 144])
(45,110): hsc=[228   8] (fcs=[43 43])
(45,111): hsc=[64  0] (fcs=[144 144])
(45,112): hsc=[200 250] (fcs=[227 221])
(45,113): hsc=[128 128] (fcs=[128 128])
(45,114): hsc=[118 158] (fcs=[144 143])
(45,115): hsc=[ 48 188] (fcs=[53 55])
(45,116): hsc=[216 176] (fcs=[66 66])
(45,117): hsc=[64  0] (fcs=[144 144])
(45,118): hsc=[64  0] (fcs=[144 144])
(45,119): hsc=[64  0] (fcs=[144 144])
(45,120): hsc=[64  0] (fcs=[144 144])
(45,121): hsc=[64  0] (fcs=[144 144])
(45,122): hsc=[64  0] (fcs=[144 144])
(45,123): hsc=[64  0] (fcs=[144 144])
(45,124): hsc=[64  0] (fcs=[144 144])
(45,125): hsc=[64  0] (fcs=[144 144])
(45,126): hsc=[128 128] (fcs=[128 128])
(45,127): hsc=[128 128] (fcs=[128 128])
(46,0): hsc=[128 128] (fcs=[128 128])
(46,1): hsc=[128 128] (fcs=[128 128])
(46,2): hsc=[64  0] (fcs=[144 144])
(46,3): hsc=[64  0] (fcs=[144 144])
(46,4): hsc=[64  0] (fcs=[144 144])
(46,5): hsc=[118 158] (fcs=[144 143])
(46,6): hsc=[ 84 232] (fcs=[63 63])
(46,7): hsc=[204 196] (fcs=[70 64])
(46,8): hsc=[128 128] (fcs=[128 128])
(46,9): hsc=[34 50] (fcs=[218 203])
(46,10): hsc=[48 80] (fcs=[72 80])
(46,11): hsc=[112 168] (fcs=[146 142])
(46,12): hsc=[ 14 114] (fcs=[145 142])
(46,13): hsc=[166  70] (fcs=[146 141])
(46,14): hsc=[166  70] (fcs=[146 141])
(46,15): hsc=[166  70] (fcs=[146 141])
(46,16): hsc=[166  70] (fcs=[146 141])
(46,17): hsc=[166  70] (fcs=[146 141])
(46,18): hsc=[166  70] (fcs=[146 141])
(46,19): hsc=[166  70] (fcs=[146 141])
(46,20): hsc=[166  70] (fcs=[146 141])
(46,21): hsc=[166  70] (fcs=[146 141])
(46,22): hsc=[166  70] (fcs=[146 141])
(46,23): hsc=[166  70] (fcs=[146 141])
(46,24): hsc=[166  70] (fcs=[146 141])
(46,25): hsc=[166  70] (fcs=[146 141])
(46,26): hsc=[166  70] (fcs=[146 141])
(46,27): hsc=[166  70] (fcs=[146 141])
(46,28): hsc=[166  70] (fcs=[146 141])
(46,29): hsc=[166  70] (fcs=[146 141])
(46,30): hsc=[166  70] (fcs=[146 141])
(46,31): hsc=[166  70] (fcs=[146 141])
(46,32): hsc=[166  70] (fcs=[146 141])
(46,33): hsc=[166  70] (fcs=[146 141])
(46,34): hsc=[166  70] (fcs=[146 141])
(46,35): hsc=[166  70] (fcs=[146 141])
(46,36): hsc=[228 232] (fcs=[51 67])
(46,37): hsc=[ 12 220] (fcs=[32 46])
(46,38): hsc=[162  50] (fcs=[186 171])
(46,39): hsc=[128 128] (fcs=[128 128])
(46,40): hsc=[128 128] (fcs=[128 128])
(46,41): hsc=[118 158] (fcs=[144 143])
(46,42): hsc=[ 14 114] (fcs=[145 142])
(46,43): hsc=[128 128] (fcs=[128 128])
(46,44): hsc=[154 198] (fcs=[195 178])
(46,45): hsc=[128 128] (fcs=[128 128])
(46,46): hsc=[128 128] (fcs=[128 128])
(46,47): hsc=[128 128] (fcs=[128 128])
(46,48): hsc=[128 128] (fcs=[128 128])
(46,49): hsc=[128 128] (fcs=[128 128])
(46,50): hsc=[100 228] (fcs=[188 190])
(46,51): hsc=[204  96] (fcs=[199 227])
(46,52): hsc=[ 4 40] (fcs=[203 219])
(46,53): hsc=[128 128] (fcs=[128 128])
(46,54): hsc=[222 202] (fcs=[143 144])
(46,55): hsc=[222 202] (fcs=[143 144])
(46,56): hsc=[118 158] (fcs=[144 143])
(46,57): hsc=[172  60] (fcs=[144 142])
(46,58): hsc=[102 238] (fcs=[72 79])
(46,59): hsc=[ 14 114] (fcs=[145 142])
(46,60): hsc=[128 204] (fcs=[53 63])
(46,61): hsc=[172  60] (fcs=[144 142])
(46,62): hsc=[172  60] (fcs=[144 142])
(46,63): hsc=[118 158] (fcs=[144 143])
(46,64): hsc=[118 158] (fcs=[144 143])
(46,65): hsc=[64  0] (fcs=[144 144])
(46,66): hsc=[64  0] (fcs=[144 144])
(46,67): hsc=[64  0] (fcs=[144 144])
(46,68): hsc=[64  0] (fcs=[144 144])
(46,69): hsc=[222 202] (fcs=[143 144])
(46,70): hsc=[64  0] (fcs=[144 144])
(46,71): hsc=[222 202] (fcs=[143 144])
(46,72): hsc=[64  0] (fcs=[144 144])
(46,73): hsc=[222 202] (fcs=[143 144])
(46,74): hsc=[64  0] (fcs=[144 144])
(46,75): hsc=[64  0] (fcs=[144 144])
(46,76): hsc=[64  0] (fcs=[144 144])
(46,77): hsc=[64  0] (fcs=[144 144])
(46,78): hsc=[64  0] (fcs=[144 144])
(46,79): hsc=[64  0] (fcs=[144 144])
(46,80): hsc=[64  0] (fcs=[144 144])
(46,81): hsc=[64  0] (fcs=[144 144])
(46,82): hsc=[64  0] (fcs=[144 144])
(46,83): hsc=[64  0] (fcs=[144 144])
(46,84): hsc=[64  0] (fcs=[144 144])
(46,85): hsc=[64  0] (fcs=[144 144])
(46,86): hsc=[64  0] (fcs=[144 144])
(46,87): hsc=[64  0] (fcs=[144 144])
(46,88): hsc=[64  0] (fcs=[144 144])
(46,89): hsc=[64  0] (fcs=[144 144])
(46,90): hsc=[64  0] (fcs=[144 144])
(46,91): hsc=[64  0] (fcs=[144 144])
(46,92): hsc=[64  0] (fcs=[144 144])
(46,93): hsc=[64  0] (fcs=[144 144])
(46,94): hsc=[64  0] (fcs=[144 144])
(46,95): hsc=[64  0] (fcs=[144 144])
(46,96): hsc=[64  0] (fcs=[144 144])
(46,97): hsc=[64  0] (fcs=[144 144])
(46,98): hsc=[64  0] (fcs=[144 144])
(46,99): hsc=[222 202] (fcs=[143 144])
(46,100): hsc=[64  0] (fcs=[144 144])
(46,101): hsc=[222 202] (fcs=[143 144])
(46,102): hsc=[64  0] (fcs=[144 144])
(46,103): hsc=[64  0] (fcs=[144 144])
(46,104): hsc=[64  0] (fcs=[144 144])
(46,105): hsc=[64  0] (fcs=[144 144])
(46,106): hsc=[64  0] (fcs=[144 144])
(46,107): hsc=[64  0] (fcs=[144 144])
(46,108): hsc=[64  0] (fcs=[144 144])
(46,109): hsc=[182 250] (fcs=[49 50])
(46,110): hsc=[178  50] (fcs=[78 79])
(46,111): hsc=[128 128] (fcs=[128 128])
(46,112): hsc=[128 128] (fcs=[128 128])
(46,113): hsc=[64  0] (fcs=[144 144])
(46,114): hsc=[128 128] (fcs=[128 128])
(46,115): hsc=[100   8] (fcs=[75 75])
(46,116): hsc=[64  0] (fcs=[144 144])
(46,117): hsc=[64  0] (fcs=[144 144])
(46,118): hsc=[64  0] (fcs=[144 144])
(46,119): hsc=[64  0] (fcs=[144 144])
(46,120): hsc=[64  0] (fcs=[144 144])
(46,121): hsc=[64  0] (fcs=[144 144])
(46,122): hsc=[64  0] (fcs=[144 144])
(46,123): hsc=[64  0] (fcs=[144 144])
(46,124): hsc=[64  0] (fcs=[144 144])
(46,125): hsc=[64  0] (fcs=[144 144])
(46,126): hsc=[128 128] (fcs=[128 128])
(46,127): hsc=[128 128] (fcs=[128 128])
(47,0): hsc=[128 128] (fcs=[128 128])
(47,1): hsc=[128 128] (fcs=[128 128])
(47,2): hsc=[64  0] (fcs=[144 144])
(47,3): hsc=[64  0] (fcs=[144 144])
(47,4): hsc=[64  0] (fcs=[144 144])
(47,5): hsc=[64  0] (fcs=[144 144])
(47,6): hsc=[222 202] (fcs=[143 144])
(47,7): hsc=[14 78] (fcs=[66 65])
(47,8): hsc=[118 158] (fcs=[144 143])
(47,9): hsc=[128 128] (fcs=[128 128])
(47,10): hsc=[ 14 114] (fcs=[145 142])
(47,11): hsc=[ 14 114] (fcs=[145 142])
(47,12): hsc=[ 14 114] (fcs=[145 142])
(47,13): hsc=[68 16] (fcs=[145 141])
(47,14): hsc=[68 16] (fcs=[145 141])
(47,15): hsc=[68 16] (fcs=[145 141])
(47,16): hsc=[166  70] (fcs=[146 141])
(47,17): hsc=[166  70] (fcs=[146 141])
(47,18): hsc=[166  70] (fcs=[146 141])
(47,19): hsc=[166  70] (fcs=[146 141])
(47,20): hsc=[166  70] (fcs=[146 141])
(47,21): hsc=[166  70] (fcs=[146 141])
(47,22): hsc=[166  70] (fcs=[146 141])
(47,23): hsc=[166  70] (fcs=[146 141])
(47,24): hsc=[166  70] (fcs=[146 141])
(47,25): hsc=[166  70] (fcs=[146 141])
(47,26): hsc=[166  70] (fcs=[146 141])
(47,27): hsc=[166  70] (fcs=[146 141])
(47,28): hsc=[166  70] (fcs=[146 141])
(47,29): hsc=[166  70] (fcs=[146 141])
(47,30): hsc=[166  70] (fcs=[146 141])
(47,31): hsc=[166  70] (fcs=[146 141])
(47,32): hsc=[166  70] (fcs=[146 141])
(47,33): hsc=[166  70] (fcs=[146 141])
(47,34): hsc=[166  70] (fcs=[146 141])
(47,35): hsc=[166  70] (fcs=[146 141])
(47,36): hsc=[68 16] (fcs=[145 141])
(47,37): hsc=[166  70] (fcs=[146 141])
(47,38): hsc=[62 26] (fcs=[147 140])
(47,39): hsc=[ 18 198] (fcs=[217 192])
(47,40): hsc=[128 128] (fcs=[128 128])
(47,41): hsc=[94 82] (fcs=[253 218])
(47,42): hsc=[ 66 110] (fcs=[219 190])
(47,43): hsc=[68 16] (fcs=[145 141])
(47,44): hsc=[128 128] (fcs=[128 128])
(47,45): hsc=[112 168] (fcs=[146 142])
(47,46): hsc=[84  4] (fcs=[224 194])
(47,47): hsc=[112 168] (fcs=[146 142])
(47,48): hsc=[ 14 114] (fcs=[145 142])
(47,49): hsc=[118 158] (fcs=[144 143])
(47,50): hsc=[222 202] (fcs=[143 144])
(47,51): hsc=[ 60 128] (fcs=[75 71])
(47,52): hsc=[  4 216] (fcs=[63 55])
(47,53): hsc=[240 204] (fcs=[65 59])
(47,54): hsc=[228  80] (fcs=[73 69])
(47,55): hsc=[158 182] (fcs=[76 71])
(47,56): hsc=[222 202] (fcs=[143 144])
(47,57): hsc=[222 202] (fcs=[143 144])
(47,58): hsc=[64  0] (fcs=[144 144])
(47,59): hsc=[64  0] (fcs=[144 144])
(47,60): hsc=[118 158] (fcs=[144 143])
(47,61): hsc=[64  0] (fcs=[144 144])
(47,62): hsc=[118 158] (fcs=[144 143])
(47,63): hsc=[64  0] (fcs=[144 144])
(47,64): hsc=[118 158] (fcs=[144 143])
(47,65): hsc=[64  0] (fcs=[144 144])
(47,66): hsc=[64  0] (fcs=[144 144])
(47,67): hsc=[64  0] (fcs=[144 144])
(47,68): hsc=[64  0] (fcs=[144 144])
(47,69): hsc=[64  0] (fcs=[144 144])
(47,70): hsc=[64  0] (fcs=[144 144])
(47,71): hsc=[64  0] (fcs=[144 144])
(47,72): hsc=[64  0] (fcs=[144 144])
(47,73): hsc=[64  0] (fcs=[144 144])
(47,74): hsc=[64  0] (fcs=[144 144])
(47,75): hsc=[64  0] (fcs=[144 144])
(47,76): hsc=[64  0] (fcs=[144 144])
(47,77): hsc=[64  0] (fcs=[144 144])
(47,78): hsc=[64  0] (fcs=[144 144])
(47,79): hsc=[64  0] (fcs=[144 144])
(47,80): hsc=[64  0] (fcs=[144 144])
(47,81): hsc=[64  0] (fcs=[144 144])
(47,82): hsc=[64  0] (fcs=[144 144])
(47,83): hsc=[64  0] (fcs=[144 144])
(47,84): hsc=[64  0] (fcs=[144 144])
(47,85): hsc=[64  0] (fcs=[144 144])
(47,86): hsc=[64  0] (fcs=[144 144])
(47,87): hsc=[64  0] (fcs=[144 144])
(47,88): hsc=[64  0] (fcs=[144 144])
(47,89): hsc=[64  0] (fcs=[144 144])
(47,90): hsc=[64  0] (fcs=[144 144])
(47,91): hsc=[64  0] (fcs=[144 144])
(47,92): hsc=[64  0] (fcs=[144 144])
(47,93): hsc=[64  0] (fcs=[144 144])
(47,94): hsc=[64  0] (fcs=[144 144])
(47,95): hsc=[64  0] (fcs=[144 144])
(47,96): hsc=[64  0] (fcs=[144 144])
(47,97): hsc=[64  0] (fcs=[144 144])
(47,98): hsc=[64  0] (fcs=[144 144])
(47,99): hsc=[64  0] (fcs=[144 144])
(47,100): hsc=[64  0] (fcs=[144 144])
(47,101): hsc=[64  0] (fcs=[144 144])
(47,102): hsc=[64  0] (fcs=[144 144])
(47,103): hsc=[64  0] (fcs=[144 144])
(47,104): hsc=[118 158] (fcs=[144 143])
(47,105): hsc=[64  0] (fcs=[144 144])
(47,106): hsc=[64  0] (fcs=[144 144])
(47,107): hsc=[224  64] (fcs=[72 72])
(47,108): hsc=[166 142] (fcs=[48 39])
(47,109): hsc=[222 202] (fcs=[143 144])
(47,110): hsc=[128 128] (fcs=[128 128])
(47,111): hsc=[128 128] (fcs=[128 128])
(47,112): hsc=[118 158] (fcs=[144 143])
(47,113): hsc=[164 100] (fcs=[44 46])
(47,114): hsc=[ 92 120] (fcs=[69 69])
(47,115): hsc=[64  0] (fcs=[144 144])
(47,116): hsc=[64  0] (fcs=[144 144])
(47,117): hsc=[64  0] (fcs=[144 144])
(47,118): hsc=[64  0] (fcs=[144 144])
(47,119): hsc=[64  0] (fcs=[144 144])
(47,120): hsc=[64  0] (fcs=[144 144])
(47,121): hsc=[64  0] (fcs=[144 144])
(47,122): hsc=[64  0] (fcs=[144 144])
(47,123): hsc=[64  0] (fcs=[144 144])
(47,124): hsc=[64  0] (fcs=[144 144])
(47,125): hsc=[64  0] (fcs=[144 144])
(47,126): hsc=[128 128] (fcs=[128 128])
(47,127): hsc=[128 128] (fcs=[128 128])
(48,0): hsc=[128 128] (fcs=[128 128])
(48,1): hsc=[128 128] (fcs=[128 128])
(48,2): hsc=[64  0] (fcs=[144 144])
(48,3): hsc=[64  0] (fcs=[144 144])
(48,4): hsc=[64  0] (fcs=[144 144])
(48,5): hsc=[64  0] (fcs=[144 144])
(48,6): hsc=[64  0] (fcs=[144 144])
(48,7): hsc=[ 12 216] (fcs=[73 73])
(48,8): hsc=[246 158] (fcs=[48 47])
(48,9): hsc=[26 18] (fcs=[216 209])
(48,10): hsc=[128 128] (fcs=[128 128])
(48,11): hsc=[172  60] (fcs=[144 142])
(48,12): hsc=[162  94] (fcs=[55 66])
(48,13): hsc=[68 16] (fcs=[145 141])
(48,14): hsc=[68 16] (fcs=[145 141])
(48,15): hsc=[166  70] (fcs=[146 141])
(48,16): hsc=[166  70] (fcs=[146 141])
(48,17): hsc=[166  70] (fcs=[146 141])
(48,18): hsc=[166  70] (fcs=[146 141])
(48,19): hsc=[166  70] (fcs=[146 141])
(48,20): hsc=[166  70] (fcs=[146 141])
(48,21): hsc=[166  70] (fcs=[146 141])
(48,22): hsc=[166  70] (fcs=[146 141])
(48,23): hsc=[166  70] (fcs=[146 141])
(48,24): hsc=[166  70] (fcs=[146 141])
(48,25): hsc=[166  70] (fcs=[146 141])
(48,26): hsc=[166  70] (fcs=[146 141])
(48,27): hsc=[166  70] (fcs=[146 141])
(48,28): hsc=[166  70] (fcs=[146 141])
(48,29): hsc=[166  70] (fcs=[146 141])
(48,30): hsc=[166  70] (fcs=[146 141])
(48,31): hsc=[166  70] (fcs=[146 141])
(48,32): hsc=[166  70] (fcs=[146 141])
(48,33): hsc=[166  70] (fcs=[146 141])
(48,34): hsc=[166  70] (fcs=[146 141])
(48,35): hsc=[166  70] (fcs=[146 141])
(48,36): hsc=[166  70] (fcs=[146 141])
(48,37): hsc=[166  70] (fcs=[146 141])
(48,38): hsc=[128 128] (fcs=[128 128])
(48,39): hsc=[128 128] (fcs=[128 128])
(48,40): hsc=[128 128] (fcs=[128 128])
(48,41): hsc=[128 128] (fcs=[128 128])
(48,42): hsc=[158 222] (fcs=[50 57])
(48,43): hsc=[128 128] (fcs=[128 128])
(48,44): hsc=[128 128] (fcs=[128 128])
(48,45): hsc=[184 224] (fcs=[46 54])
(48,46): hsc=[236 228] (fcs=[38 48])
(48,47): hsc=[168   8] (fcs=[64 68])
(48,48): hsc=[32 84] (fcs=[75 81])
(48,49): hsc=[118 158] (fcs=[144 143])
(48,50): hsc=[118 158] (fcs=[144 143])
(48,51): hsc=[64  0] (fcs=[144 144])
(48,52): hsc=[64  0] (fcs=[144 144])
(48,53): hsc=[222 202] (fcs=[143 144])
(48,54): hsc=[64  0] (fcs=[144 144])
(48,55): hsc=[222 202] (fcs=[143 144])
(48,56): hsc=[64  0] (fcs=[144 144])
(48,57): hsc=[222 202] (fcs=[143 144])
(48,58): hsc=[64  0] (fcs=[144 144])
(48,59): hsc=[64  0] (fcs=[144 144])
(48,60): hsc=[64  0] (fcs=[144 144])
(48,61): hsc=[64  0] (fcs=[144 144])
(48,62): hsc=[64  0] (fcs=[144 144])
(48,63): hsc=[64  0] (fcs=[144 144])
(48,64): hsc=[64  0] (fcs=[144 144])
(48,65): hsc=[64  0] (fcs=[144 144])
(48,66): hsc=[64  0] (fcs=[144 144])
(48,67): hsc=[64  0] (fcs=[144 144])
(48,68): hsc=[64  0] (fcs=[144 144])
(48,69): hsc=[64  0] (fcs=[144 144])
(48,70): hsc=[64  0] (fcs=[144 144])
(48,71): hsc=[64  0] (fcs=[144 144])
(48,72): hsc=[64  0] (fcs=[144 144])
(48,73): hsc=[64  0] (fcs=[144 144])
(48,74): hsc=[64  0] (fcs=[144 144])
(48,75): hsc=[64  0] (fcs=[144 144])
(48,76): hsc=[64  0] (fcs=[144 144])
(48,77): hsc=[64  0] (fcs=[144 144])
(48,78): hsc=[64  0] (fcs=[144 144])
(48,79): hsc=[64  0] (fcs=[144 144])
(48,80): hsc=[64  0] (fcs=[144 144])
(48,81): hsc=[64  0] (fcs=[144 144])
(48,82): hsc=[64  0] (fcs=[144 144])
(48,83): hsc=[64  0] (fcs=[144 144])
(48,84): hsc=[64  0] (fcs=[144 144])
(48,85): hsc=[64  0] (fcs=[144 144])
(48,86): hsc=[64  0] (fcs=[144 144])
(48,87): hsc=[64  0] (fcs=[144 144])
(48,88): hsc=[64  0] (fcs=[144 144])
(48,89): hsc=[64  0] (fcs=[144 144])
(48,90): hsc=[64  0] (fcs=[144 144])
(48,91): hsc=[64  0] (fcs=[144 144])
(48,92): hsc=[64  0] (fcs=[144 144])
(48,93): hsc=[64  0] (fcs=[144 144])
(48,94): hsc=[64  0] (fcs=[144 144])
(48,95): hsc=[64  0] (fcs=[144 144])
(48,96): hsc=[64  0] (fcs=[144 144])
(48,97): hsc=[64  0] (fcs=[144 144])
(48,98): hsc=[64  0] (fcs=[144 144])
(48,99): hsc=[222 202] (fcs=[143 144])
(48,100): hsc=[64  0] (fcs=[144 144])
(48,101): hsc=[222 202] (fcs=[143 144])
(48,102): hsc=[64  0] (fcs=[144 144])
(48,103): hsc=[64  0] (fcs=[144 144])
(48,104): hsc=[152  12] (fcs=[67 69])
(48,105): hsc=[172  60] (fcs=[144 142])
(48,106): hsc=[118 158] (fcs=[144 143])
(48,107): hsc=[118 158] (fcs=[144 143])
(48,108): hsc=[128 128] (fcs=[128 128])
(48,109): hsc=[128 128] (fcs=[128 128])
(48,110): hsc=[128 128] (fcs=[128 128])
(48,111): hsc=[118 158] (fcs=[144 143])
(48,112): hsc=[182  30] (fcs=[64 63])
(48,113): hsc=[64  0] (fcs=[144 144])
(48,114): hsc=[64  0] (fcs=[144 144])
(48,115): hsc=[64  0] (fcs=[144 144])
(48,116): hsc=[64  0] (fcs=[144 144])
(48,117): hsc=[64  0] (fcs=[144 144])
(48,118): hsc=[64  0] (fcs=[144 144])
(48,119): hsc=[64  0] (fcs=[144 144])
(48,120): hsc=[64  0] (fcs=[144 144])
(48,121): hsc=[64  0] (fcs=[144 144])
(48,122): hsc=[64  0] (fcs=[144 144])
(48,123): hsc=[64  0] (fcs=[144 144])
(48,124): hsc=[64  0] (fcs=[144 144])
(48,125): hsc=[64  0] (fcs=[144 144])
(48,126): hsc=[128 128] (fcs=[128 128])
(48,127): hsc=[128 128] (fcs=[128 128])
(49,0): hsc=[128 128] (fcs=[128 128])
(49,1): hsc=[128 128] (fcs=[128 128])
(49,2): hsc=[64  0] (fcs=[144 144])
(49,3): hsc=[64  0] (fcs=[144 144])
(49,4): hsc=[64  0] (fcs=[144 144])
(49,5): hsc=[64  0] (fcs=[144 144])
(49,6): hsc=[64  0] (fcs=[144 144])
(49,7): hsc=[64  0] (fcs=[144 144])
(49,8): hsc=[ 52 168] (fcs=[39 39])
(49,9): hsc=[64  0] (fcs=[144 144])
(49,10): hsc=[128 128] (fcs=[128 128])
(49,11): hsc=[162 198] (fcs=[205 196])
(49,12): hsc=[68 16] (fcs=[145 141])
(49,13): hsc=[132 112] (fcs=[73 85])
(49,14): hsc=[68 16] (fcs=[145 141])
(49,15): hsc=[166  70] (fcs=[146 141])
(49,16): hsc=[166  70] (fcs=[146 141])
(49,17): hsc=[166  70] (fcs=[146 141])
(49,18): hsc=[166  70] (fcs=[146 141])
(49,19): hsc=[166  70] (fcs=[146 141])
(49,20): hsc=[166  70] (fcs=[146 141])
(49,21): hsc=[166  70] (fcs=[146 141])
(49,22): hsc=[166  70] (fcs=[146 141])
(49,23): hsc=[166  70] (fcs=[146 141])
(49,24): hsc=[166  70] (fcs=[146 141])
(49,25): hsc=[166  70] (fcs=[146 141])
(49,26): hsc=[166  70] (fcs=[146 141])
(49,27): hsc=[166  70] (fcs=[146 141])
(49,28): hsc=[166  70] (fcs=[146 141])
(49,29): hsc=[166  70] (fcs=[146 141])
(49,30): hsc=[166  70] (fcs=[146 141])
(49,31): hsc=[166  70] (fcs=[146 141])
(49,32): hsc=[166  70] (fcs=[146 141])
(49,33): hsc=[166  70] (fcs=[146 141])
(49,34): hsc=[166  70] (fcs=[146 141])
(49,35): hsc=[166  70] (fcs=[146 141])
(49,36): hsc=[166  70] (fcs=[146 141])
(49,37): hsc=[166  70] (fcs=[146 141])
(49,38): hsc=[246 162] (fcs=[71 84])
(49,39): hsc=[148   0] (fcs=[25 45])
(49,40): hsc=[ 14 114] (fcs=[145 142])
(49,41): hsc=[128 128] (fcs=[128 128])
(49,42): hsc=[118 158] (fcs=[144 143])
(49,43): hsc=[128 128] (fcs=[128 128])
(49,44): hsc=[128 128] (fcs=[128 128])
(49,45): hsc=[64  0] (fcs=[144 144])
(49,46): hsc=[118 158] (fcs=[144 143])
(49,47): hsc=[64  0] (fcs=[144 144])
(49,48): hsc=[118 158] (fcs=[144 143])
(49,49): hsc=[64  0] (fcs=[144 144])
(49,50): hsc=[118 158] (fcs=[144 143])
(49,51): hsc=[64  0] (fcs=[144 144])
(49,52): hsc=[64  0] (fcs=[144 144])
(49,53): hsc=[64  0] (fcs=[144 144])
(49,54): hsc=[64  0] (fcs=[144 144])
(49,55): hsc=[64  0] (fcs=[144 144])
(49,56): hsc=[64  0] (fcs=[144 144])
(49,57): hsc=[64  0] (fcs=[144 144])
(49,58): hsc=[64  0] (fcs=[144 144])
(49,59): hsc=[64  0] (fcs=[144 144])
(49,60): hsc=[64  0] (fcs=[144 144])
(49,61): hsc=[64  0] (fcs=[144 144])
(49,62): hsc=[64  0] (fcs=[144 144])
(49,63): hsc=[64  0] (fcs=[144 144])
(49,64): hsc=[64  0] (fcs=[144 144])
(49,65): hsc=[64  0] (fcs=[144 144])
(49,66): hsc=[64  0] (fcs=[144 144])
(49,67): hsc=[64  0] (fcs=[144 144])
(49,68): hsc=[64  0] (fcs=[144 144])
(49,69): hsc=[64  0] (fcs=[144 144])
(49,70): hsc=[64  0] (fcs=[144 144])
(49,71): hsc=[64  0] (fcs=[144 144])
(49,72): hsc=[64  0] (fcs=[144 144])
(49,73): hsc=[64  0] (fcs=[144 144])
(49,74): hsc=[64  0] (fcs=[144 144])
(49,75): hsc=[64  0] (fcs=[144 144])
(49,76): hsc=[64  0] (fcs=[144 144])
(49,77): hsc=[64  0] (fcs=[144 144])
(49,78): hsc=[64  0] (fcs=[144 144])
(49,79): hsc=[64  0] (fcs=[144 144])
(49,80): hsc=[64  0] (fcs=[144 144])
(49,81): hsc=[64  0] (fcs=[144 144])
(49,82): hsc=[64  0] (fcs=[144 144])
(49,83): hsc=[64  0] (fcs=[144 144])
(49,84): hsc=[64  0] (fcs=[144 144])
(49,85): hsc=[64  0] (fcs=[144 144])
(49,86): hsc=[64  0] (fcs=[144 144])
(49,87): hsc=[64  0] (fcs=[144 144])
(49,88): hsc=[64  0] (fcs=[144 144])
(49,89): hsc=[64  0] (fcs=[144 144])
(49,90): hsc=[64  0] (fcs=[144 144])
(49,91): hsc=[64  0] (fcs=[144 144])
(49,92): hsc=[64  0] (fcs=[144 144])
(49,93): hsc=[64  0] (fcs=[144 144])
(49,94): hsc=[64  0] (fcs=[144 144])
(49,95): hsc=[64  0] (fcs=[144 144])
(49,96): hsc=[118 158] (fcs=[144 143])
(49,97): hsc=[64  0] (fcs=[144 144])
(49,98): hsc=[64  0] (fcs=[144 144])
(49,99): hsc=[64  0] (fcs=[144 144])
(49,100): hsc=[64  0] (fcs=[144 144])
(49,101): hsc=[224  64] (fcs=[72 72])
(49,102): hsc=[140 250] (fcs=[56 54])
(49,103): hsc=[64  0] (fcs=[144 144])
(49,104): hsc=[ 20 104] (fcs=[143 143])
(49,105): hsc=[78 58] (fcs=[223 216])
(49,106): hsc=[128 128] (fcs=[128 128])
(49,107): hsc=[128 128] (fcs=[128 128])
(49,108): hsc=[ 20 104] (fcs=[143 143])
(49,109): hsc=[222 202] (fcs=[143 144])
(49,110): hsc=[172 168] (fcs=[61 53])
(49,111): hsc=[64  0] (fcs=[144 144])
(49,112): hsc=[64  0] (fcs=[144 144])
(49,113): hsc=[64  0] (fcs=[144 144])
(49,114): hsc=[64  0] (fcs=[144 144])
(49,115): hsc=[64  0] (fcs=[144 144])
(49,116): hsc=[64  0] (fcs=[144 144])
(49,117): hsc=[64  0] (fcs=[144 144])
(49,118): hsc=[64  0] (fcs=[144 144])
(49,119): hsc=[64  0] (fcs=[144 144])
(49,120): hsc=[64  0] (fcs=[144 144])
(49,121): hsc=[64  0] (fcs=[144 144])
(49,122): hsc=[64  0] (fcs=[144 144])
(49,123): hsc=[64  0] (fcs=[144 144])
(49,124): hsc=[64  0] (fcs=[144 144])
(49,125): hsc=[64  0] (fcs=[144 144])
(49,126): hsc=[128 128] (fcs=[128 128])
(49,127): hsc=[128 128] (fcs=[128 128])
(50,0): hsc=[128 128] (fcs=[128 128])
(50,1): hsc=[128 128] (fcs=[128 128])
(50,2): hsc=[64  0] (fcs=[144 144])
(50,3): hsc=[64  0] (fcs=[144 144])
(50,4): hsc=[64  0] (fcs=[144 144])
(50,5): hsc=[64  0] (fcs=[144 144])
(50,6): hsc=[64  0] (fcs=[144 144])
(50,7): hsc=[64  0] (fcs=[144 144])
(50,8): hsc=[ 20 104] (fcs=[79 79])
(50,9): hsc=[128 128] (fcs=[128 128])
(50,10): hsc=[216 212] (fcs=[145 143])
(50,11): hsc=[128 128] (fcs=[128 128])
(50,12): hsc=[112 168] (fcs=[146 142])
(50,13): hsc=[54 34] (fcs=[55 68])
(50,14): hsc=[68 16] (fcs=[145 141])
(50,15): hsc=[166  70] (fcs=[146 141])
(50,16): hsc=[166  70] (fcs=[146 141])
(50,17): hsc=[166  70] (fcs=[146 141])
(50,18): hsc=[166  70] (fcs=[146 141])
(50,19): hsc=[166  70] (fcs=[146 141])
(50,20): hsc=[166  70] (fcs=[146 141])
(50,21): hsc=[166  70] (fcs=[146 141])
(50,22): hsc=[166  70] (fcs=[146 141])
(50,23): hsc=[166  70] (fcs=[146 141])
(50,24): hsc=[166  70] (fcs=[146 141])
(50,25): hsc=[166  70] (fcs=[146 141])
(50,26): hsc=[166  70] (fcs=[146 141])
(50,27): hsc=[166  70] (fcs=[146 141])
(50,28): hsc=[166  70] (fcs=[146 141])
(50,29): hsc=[166  70] (fcs=[146 141])
(50,30): hsc=[166  70] (fcs=[146 141])
(50,31): hsc=[166  70] (fcs=[146 141])
(50,32): hsc=[166  70] (fcs=[146 141])
(50,33): hsc=[166  70] (fcs=[146 141])
(50,34): hsc=[166  70] (fcs=[146 141])
(50,35): hsc=[166  70] (fcs=[146 141])
(50,36): hsc=[166  70] (fcs=[146 141])
(50,37): hsc=[166  70] (fcs=[146 141])
(50,38): hsc=[68 16] (fcs=[145 141])
(50,39): hsc=[ 24 236] (fcs=[43 61])
(50,40): hsc=[144 200] (fcs=[50 62])
(50,41): hsc=[128 128] (fcs=[128 128])
(50,42): hsc=[128 128] (fcs=[128 128])
(50,43): hsc=[64  0] (fcs=[144 144])
(50,44): hsc=[128 128] (fcs=[128 128])
(50,45): hsc=[118 158] (fcs=[144 143])
(50,46): hsc=[64  0] (fcs=[144 144])
(50,47): hsc=[64  0] (fcs=[144 144])
(50,48): hsc=[64  0] (fcs=[144 144])
(50,49): hsc=[64  0] (fcs=[144 144])
(50,50): hsc=[64  0] (fcs=[144 144])
(50,51): hsc=[64  0] (fcs=[144 144])
(50,52): hsc=[64  0] (fcs=[144 144])
(50,53): hsc=[64  0] (fcs=[144 144])
(50,54): hsc=[64  0] (fcs=[144 144])
(50,55): hsc=[64  0] (fcs=[144 144])
(50,56): hsc=[64  0] (fcs=[144 144])
(50,57): hsc=[64  0] (fcs=[144 144])
(50,58): hsc=[64  0] (fcs=[144 144])
(50,59): hsc=[64  0] (fcs=[144 144])
(50,60): hsc=[64  0] (fcs=[144 144])
(50,61): hsc=[64  0] (fcs=[144 144])
(50,62): hsc=[64  0] (fcs=[144 144])
(50,63): hsc=[64  0] (fcs=[144 144])
(50,64): hsc=[64  0] (fcs=[144 144])
(50,65): hsc=[64  0] (fcs=[144 144])
(50,66): hsc=[64  0] (fcs=[144 144])
(50,67): hsc=[64  0] (fcs=[144 144])
(50,68): hsc=[64  0] (fcs=[144 144])
(50,69): hsc=[64  0] (fcs=[144 144])
(50,70): hsc=[64  0] (fcs=[144 144])
(50,71): hsc=[64  0] (fcs=[144 144])
(50,72): hsc=[64  0] (fcs=[144 144])
(50,73): hsc=[64  0] (fcs=[144 144])
(50,74): hsc=[64  0] (fcs=[144 144])
(50,75): hsc=[64  0] (fcs=[144 144])
(50,76): hsc=[64  0] (fcs=[144 144])
(50,77): hsc=[64  0] (fcs=[144 144])
(50,78): hsc=[64  0] (fcs=[144 144])
(50,79): hsc=[64  0] (fcs=[144 144])
(50,80): hsc=[64  0] (fcs=[144 144])
(50,81): hsc=[64  0] (fcs=[144 144])
(50,82): hsc=[64  0] (fcs=[144 144])
(50,83): hsc=[64  0] (fcs=[144 144])
(50,84): hsc=[64  0] (fcs=[144 144])
(50,85): hsc=[64  0] (fcs=[144 144])
(50,86): hsc=[64  0] (fcs=[144 144])
(50,87): hsc=[64  0] (fcs=[144 144])
(50,88): hsc=[64  0] (fcs=[144 144])
(50,89): hsc=[64  0] (fcs=[144 144])
(50,90): hsc=[64  0] (fcs=[144 144])
(50,91): hsc=[64  0] (fcs=[144 144])
(50,92): hsc=[64  0] (fcs=[144 144])
(50,93): hsc=[64  0] (fcs=[144 144])
(50,94): hsc=[118 158] (fcs=[144 143])
(50,95): hsc=[172  60] (fcs=[144 142])
(50,96): hsc=[130 102] (fcs=[61 68])
(50,97): hsc=[128 240] (fcs=[68 76])
(50,98): hsc=[ 14 114] (fcs=[145 142])
(50,99): hsc=[ 14 114] (fcs=[145 142])
(50,100): hsc=[228 120] (fcs=[47 55])
(50,101): hsc=[172  60] (fcs=[144 142])
(50,102): hsc=[118 158] (fcs=[144 143])
(50,103): hsc=[128 128] (fcs=[128 128])
(50,104): hsc=[164 208] (fcs=[217 213])
(50,105): hsc=[ 20 104] (fcs=[143 143])
(50,106): hsc=[118 158] (fcs=[144 143])
(50,107): hsc=[ 14 114] (fcs=[145 142])
(50,108): hsc=[232 172] (fcs=[63 65])
(50,109): hsc=[64  0] (fcs=[144 144])
(50,110): hsc=[222 202] (fcs=[143 144])
(50,111): hsc=[222 202] (fcs=[143 144])
(50,112): hsc=[64  0] (fcs=[144 144])
(50,113): hsc=[64  0] (fcs=[144 144])
(50,114): hsc=[64  0] (fcs=[144 144])
(50,115): hsc=[64  0] (fcs=[144 144])
(50,116): hsc=[64  0] (fcs=[144 144])
(50,117): hsc=[64  0] (fcs=[144 144])
(50,118): hsc=[64  0] (fcs=[144 144])
(50,119): hsc=[64  0] (fcs=[144 144])
(50,120): hsc=[64  0] (fcs=[144 144])
(50,121): hsc=[64  0] (fcs=[144 144])
(50,122): hsc=[64  0] (fcs=[144 144])
(50,123): hsc=[64  0] (fcs=[144 144])
(50,124): hsc=[64  0] (fcs=[144 144])
(50,125): hsc=[64  0] (fcs=[144 144])
(50,126): hsc=[128 128] (fcs=[128 128])
(50,127): hsc=[128 128] (fcs=[128 128])
(51,0): hsc=[128 128] (fcs=[128 128])
(51,1): hsc=[128 128] (fcs=[128 128])
(51,2): hsc=[64  0] (fcs=[144 144])
(51,3): hsc=[64  0] (fcs=[144 144])
(51,4): hsc=[64  0] (fcs=[144 144])
(51,5): hsc=[64  0] (fcs=[144 144])
(51,6): hsc=[64  0] (fcs=[144 144])
(51,7): hsc=[64  0] (fcs=[144 144])
(51,8): hsc=[64  0] (fcs=[144 144])
(51,9): hsc=[60 56] (fcs=[45 45])
(51,10): hsc=[ 96 212] (fcs=[59 65])
(51,11): hsc=[190 246] (fcs=[228 223])
(51,12): hsc=[128 128] (fcs=[128 128])
(51,13): hsc=[ 14 114] (fcs=[145 142])
(51,14): hsc=[140 184] (fcs=[49 65])
(51,15): hsc=[166  70] (fcs=[146 141])
(51,16): hsc=[166  70] (fcs=[146 141])
(51,17): hsc=[166  70] (fcs=[146 141])
(51,18): hsc=[166  70] (fcs=[146 141])
(51,19): hsc=[166  70] (fcs=[146 141])
(51,20): hsc=[166  70] (fcs=[146 141])
(51,21): hsc=[166  70] (fcs=[146 141])
(51,22): hsc=[166  70] (fcs=[146 141])
(51,23): hsc=[166  70] (fcs=[146 141])
(51,24): hsc=[166  70] (fcs=[146 141])
(51,25): hsc=[166  70] (fcs=[146 141])
(51,26): hsc=[166  70] (fcs=[146 141])
(51,27): hsc=[166  70] (fcs=[146 141])
(51,28): hsc=[166  70] (fcs=[146 141])
(51,29): hsc=[166  70] (fcs=[146 141])
(51,30): hsc=[166  70] (fcs=[146 141])
(51,31): hsc=[166  70] (fcs=[146 141])
(51,32): hsc=[166  70] (fcs=[146 141])
(51,33): hsc=[166  70] (fcs=[146 141])
(51,34): hsc=[166  70] (fcs=[146 141])
(51,35): hsc=[166  70] (fcs=[146 141])
(51,36): hsc=[166  70] (fcs=[146 141])
(51,37): hsc=[166  70] (fcs=[146 141])
(51,38): hsc=[166  70] (fcs=[146 141])
(51,39): hsc=[202  10] (fcs=[70 83])
(51,40): hsc=[224 180] (fcs=[35 57])
(51,41): hsc=[132 104] (fcs=[219 203])
(51,42): hsc=[128 128] (fcs=[128 128])
(51,43): hsc=[222 202] (fcs=[143 144])
(51,44): hsc=[128 128] (fcs=[128 128])
(51,45): hsc=[64  0] (fcs=[144 144])
(51,46): hsc=[64  0] (fcs=[144 144])
(51,47): hsc=[64  0] (fcs=[144 144])
(51,48): hsc=[64  0] (fcs=[144 144])
(51,49): hsc=[64  0] (fcs=[144 144])
(51,50): hsc=[64  0] (fcs=[144 144])
(51,51): hsc=[64  0] (fcs=[144 144])
(51,52): hsc=[64  0] (fcs=[144 144])
(51,53): hsc=[64  0] (fcs=[144 144])
(51,54): hsc=[64  0] (fcs=[144 144])
(51,55): hsc=[64  0] (fcs=[144 144])
(51,56): hsc=[64  0] (fcs=[144 144])
(51,57): hsc=[64  0] (fcs=[144 144])
(51,58): hsc=[64  0] (fcs=[144 144])
(51,59): hsc=[64  0] (fcs=[144 144])
(51,60): hsc=[64  0] (fcs=[144 144])
(51,61): hsc=[64  0] (fcs=[144 144])
(51,62): hsc=[64  0] (fcs=[144 144])
(51,63): hsc=[64  0] (fcs=[144 144])
(51,64): hsc=[64  0] (fcs=[144 144])
(51,65): hsc=[64  0] (fcs=[144 144])
(51,66): hsc=[64  0] (fcs=[144 144])
(51,67): hsc=[64  0] (fcs=[144 144])
(51,68): hsc=[64  0] (fcs=[144 144])
(51,69): hsc=[64  0] (fcs=[144 144])
(51,70): hsc=[64  0] (fcs=[144 144])
(51,71): hsc=[64  0] (fcs=[144 144])
(51,72): hsc=[64  0] (fcs=[144 144])
(51,73): hsc=[64  0] (fcs=[144 144])
(51,74): hsc=[64  0] (fcs=[144 144])
(51,75): hsc=[64  0] (fcs=[144 144])
(51,76): hsc=[64  0] (fcs=[144 144])
(51,77): hsc=[64  0] (fcs=[144 144])
(51,78): hsc=[64  0] (fcs=[144 144])
(51,79): hsc=[64  0] (fcs=[144 144])
(51,80): hsc=[64  0] (fcs=[144 144])
(51,81): hsc=[64  0] (fcs=[144 144])
(51,82): hsc=[64  0] (fcs=[144 144])
(51,83): hsc=[64  0] (fcs=[144 144])
(51,84): hsc=[64  0] (fcs=[144 144])
(51,85): hsc=[64  0] (fcs=[144 144])
(51,86): hsc=[64  0] (fcs=[144 144])
(51,87): hsc=[64  0] (fcs=[144 144])
(51,88): hsc=[64  0] (fcs=[144 144])
(51,89): hsc=[64  0] (fcs=[144 144])
(51,90): hsc=[64  0] (fcs=[144 144])
(51,91): hsc=[64  0] (fcs=[144 144])
(51,92): hsc=[222 202] (fcs=[143 144])
(51,93): hsc=[ 68 200] (fcs=[51 51])
(51,94): hsc=[ 14 114] (fcs=[145 142])
(51,95): hsc=[128 128] (fcs=[128 128])
(51,96): hsc=[128 128] (fcs=[128 128])
(51,97): hsc=[128 128] (fcs=[128 128])
(51,98): hsc=[128 128] (fcs=[128 128])
(51,99): hsc=[128 128] (fcs=[128 128])
(51,100): hsc=[128 128] (fcs=[128 128])
(51,101): hsc=[128 128] (fcs=[128 128])
(51,102): hsc=[128 128] (fcs=[128 128])
(51,103): hsc=[64  0] (fcs=[144 144])
(51,104): hsc=[224 172] (fcs=[53 47])
(51,105): hsc=[102 126] (fcs=[68 67])
(51,106): hsc=[64  0] (fcs=[144 144])
(51,107): hsc=[64  0] (fcs=[144 144])
(51,108): hsc=[118 158] (fcs=[144 143])
(51,109): hsc=[64  0] (fcs=[144 144])
(51,110): hsc=[64  0] (fcs=[144 144])
(51,111): hsc=[64  0] (fcs=[144 144])
(51,112): hsc=[64  0] (fcs=[144 144])
(51,113): hsc=[64  0] (fcs=[144 144])
(51,114): hsc=[64  0] (fcs=[144 144])
(51,115): hsc=[64  0] (fcs=[144 144])
(51,116): hsc=[64  0] (fcs=[144 144])
(51,117): hsc=[64  0] (fcs=[144 144])
(51,118): hsc=[64  0] (fcs=[144 144])
(51,119): hsc=[64  0] (fcs=[144 144])
(51,120): hsc=[64  0] (fcs=[144 144])
(51,121): hsc=[64  0] (fcs=[144 144])
(51,122): hsc=[64  0] (fcs=[144 144])
(51,123): hsc=[64  0] (fcs=[144 144])
(51,124): hsc=[64  0] (fcs=[144 144])
(51,125): hsc=[64  0] (fcs=[144 144])
(51,126): hsc=[128 128] (fcs=[128 128])
(51,127): hsc=[128 128] (fcs=[128 128])
(52,0): hsc=[128 128] (fcs=[128 128])
(52,1): hsc=[128 128] (fcs=[128 128])
(52,2): hsc=[64  0] (fcs=[144 144])
(52,3): hsc=[64  0] (fcs=[144 144])
(52,4): hsc=[64  0] (fcs=[144 144])
(52,5): hsc=[64  0] (fcs=[144 144])
(52,6): hsc=[64  0] (fcs=[144 144])
(52,7): hsc=[64  0] (fcs=[144 144])
(52,8): hsc=[64  0] (fcs=[144 144])
(52,9): hsc=[64  0] (fcs=[144 144])
(52,10): hsc=[128 128] (fcs=[128 128])
(52,11): hsc=[118 158] (fcs=[144 143])
(52,12): hsc=[128 128] (fcs=[128 128])
(52,13): hsc=[ 14 114] (fcs=[145 142])
(52,14): hsc=[106  38] (fcs=[47 62])
(52,15): hsc=[166  70] (fcs=[146 141])
(52,16): hsc=[166  70] (fcs=[146 141])
(52,17): hsc=[166  70] (fcs=[146 141])
(52,18): hsc=[166  70] (fcs=[146 141])
(52,19): hsc=[166  70] (fcs=[146 141])
(52,20): hsc=[166  70] (fcs=[146 141])
(52,21): hsc=[166  70] (fcs=[146 141])
(52,22): hsc=[166  70] (fcs=[146 141])
(52,23): hsc=[166  70] (fcs=[146 141])
(52,24): hsc=[166  70] (fcs=[146 141])
(52,25): hsc=[166  70] (fcs=[146 141])
(52,26): hsc=[166  70] (fcs=[146 141])
(52,27): hsc=[166  70] (fcs=[146 141])
(52,28): hsc=[166  70] (fcs=[146 141])
(52,29): hsc=[166  70] (fcs=[146 141])
(52,30): hsc=[166  70] (fcs=[146 141])
(52,31): hsc=[166  70] (fcs=[146 141])
(52,32): hsc=[166  70] (fcs=[146 141])
(52,33): hsc=[166  70] (fcs=[146 141])
(52,34): hsc=[166  70] (fcs=[146 141])
(52,35): hsc=[166  70] (fcs=[146 141])
(52,36): hsc=[166  70] (fcs=[146 141])
(52,37): hsc=[166  70] (fcs=[146 141])
(52,38): hsc=[68 16] (fcs=[145 141])
(52,39): hsc=[166 186] (fcs=[45 62])
(52,40): hsc=[206 246] (fcs=[56 67])
(52,41): hsc=[128 128] (fcs=[128 128])
(52,42): hsc=[128 128] (fcs=[128 128])
(52,43): hsc=[64  0] (fcs=[144 144])
(52,44): hsc=[128 128] (fcs=[128 128])
(52,45): hsc=[118 158] (fcs=[144 143])
(52,46): hsc=[64  0] (fcs=[144 144])
(52,47): hsc=[64  0] (fcs=[144 144])
(52,48): hsc=[64  0] (fcs=[144 144])
(52,49): hsc=[64  0] (fcs=[144 144])
(52,50): hsc=[64  0] (fcs=[144 144])
(52,51): hsc=[64  0] (fcs=[144 144])
(52,52): hsc=[64  0] (fcs=[144 144])
(52,53): hsc=[64  0] (fcs=[144 144])
(52,54): hsc=[64  0] (fcs=[144 144])
(52,55): hsc=[64  0] (fcs=[144 144])
(52,56): hsc=[64  0] (fcs=[144 144])
(52,57): hsc=[64  0] (fcs=[144 144])
(52,58): hsc=[64  0] (fcs=[144 144])
(52,59): hsc=[64  0] (fcs=[144 144])
(52,60): hsc=[64  0] (fcs=[144 144])
(52,61): hsc=[64  0] (fcs=[144 144])
(52,62): hsc=[64  0] (fcs=[144 144])
(52,63): hsc=[64  0] (fcs=[144 144])
(52,64): hsc=[64  0] (fcs=[144 144])
(52,65): hsc=[64  0] (fcs=[144 144])
(52,66): hsc=[64  0] (fcs=[144 144])
(52,67): hsc=[64  0] (fcs=[144 144])
(52,68): hsc=[64  0] (fcs=[144 144])
(52,69): hsc=[64  0] (fcs=[144 144])
(52,70): hsc=[64  0] (fcs=[144 144])
(52,71): hsc=[64  0] (fcs=[144 144])
(52,72): hsc=[64  0] (fcs=[144 144])
(52,73): hsc=[64  0] (fcs=[144 144])
(52,74): hsc=[64  0] (fcs=[144 144])
(52,75): hsc=[64  0] (fcs=[144 144])
(52,76): hsc=[64  0] (fcs=[144 144])
(52,77): hsc=[64  0] (fcs=[144 144])
(52,78): hsc=[64  0] (fcs=[144 144])
(52,79): hsc=[64  0] (fcs=[144 144])
(52,80): hsc=[64  0] (fcs=[144 144])
(52,81): hsc=[64  0] (fcs=[144 144])
(52,82): hsc=[64  0] (fcs=[144 144])
(52,83): hsc=[64  0] (fcs=[144 144])
(52,84): hsc=[64  0] (fcs=[144 144])
(52,85): hsc=[64  0] (fcs=[144 144])
(52,86): hsc=[64  0] (fcs=[144 144])
(52,87): hsc=[64  0] (fcs=[144 144])
(52,88): hsc=[64  0] (fcs=[144 144])
(52,89): hsc=[64  0] (fcs=[144 144])
(52,90): hsc=[64  0] (fcs=[144 144])
(52,91): hsc=[64  0] (fcs=[144 144])
(52,92): hsc=[64  0] (fcs=[144 144])
(52,93): hsc=[128 128] (fcs=[128 128])
(52,94): hsc=[130 102] (fcs=[61 68])
(52,95): hsc=[128 128] (fcs=[128 128])
(52,96): hsc=[128 128] (fcs=[128 128])
(52,97): hsc=[30  2] (fcs=[33 38])
(52,98): hsc=[128 128] (fcs=[128 128])
(52,99): hsc=[ 40 192] (fcs=[66 74])
(52,100): hsc=[ 20 180] (fcs=[68 78])
(52,101): hsc=[ 14 114] (fcs=[145 142])
(52,102): hsc=[182 142] (fcs=[68 75])
(52,103): hsc=[118 158] (fcs=[144 143])
(52,104): hsc=[ 20 104] (fcs=[79 79])
(52,105): hsc=[64  0] (fcs=[144 144])
(52,106): hsc=[64  0] (fcs=[144 144])
(52,107): hsc=[64  0] (fcs=[144 144])
(52,108): hsc=[64  0] (fcs=[144 144])
(52,109): hsc=[64  0] (fcs=[144 144])
(52,110): hsc=[64  0] (fcs=[144 144])
(52,111): hsc=[64  0] (fcs=[144 144])
(52,112): hsc=[64  0] (fcs=[144 144])
(52,113): hsc=[64  0] (fcs=[144 144])
(52,114): hsc=[64  0] (fcs=[144 144])
(52,115): hsc=[64  0] (fcs=[144 144])
(52,116): hsc=[64  0] (fcs=[144 144])
(52,117): hsc=[64  0] (fcs=[144 144])
(52,118): hsc=[64  0] (fcs=[144 144])
(52,119): hsc=[64  0] (fcs=[144 144])
(52,120): hsc=[64  0] (fcs=[144 144])
(52,121): hsc=[64  0] (fcs=[144 144])
(52,122): hsc=[64  0] (fcs=[144 144])
(52,123): hsc=[64  0] (fcs=[144 144])
(52,124): hsc=[64  0] (fcs=[144 144])
(52,125): hsc=[64  0] (fcs=[144 144])
(52,126): hsc=[128 128] (fcs=[128 128])
(52,127): hsc=[128 128] (fcs=[128 128])
(53,0): hsc=[128 128] (fcs=[128 128])
(53,1): hsc=[128 128] (fcs=[128 128])
(53,2): hsc=[64  0] (fcs=[144 144])
(53,3): hsc=[64  0] (fcs=[144 144])
(53,4): hsc=[64  0] (fcs=[144 144])
(53,5): hsc=[64  0] (fcs=[144 144])
(53,6): hsc=[64  0] (fcs=[144 144])
(53,7): hsc=[64  0] (fcs=[144 144])
(53,8): hsc=[64  0] (fcs=[144 144])
(53,9): hsc=[64  0] (fcs=[144 144])
(53,10): hsc=[104 208] (fcs=[46 46])
(53,11): hsc=[138  98] (fcs=[48 49])
(53,12): hsc=[ 72 108] (fcs=[199 201])
(53,13): hsc=[128 128] (fcs=[128 128])
(53,14): hsc=[166  70] (fcs=[146 141])
(53,15): hsc=[68 16] (fcs=[145 141])
(53,16): hsc=[166  70] (fcs=[146 141])
(53,17): hsc=[166  70] (fcs=[146 141])
(53,18): hsc=[166  70] (fcs=[146 141])
(53,19): hsc=[166  70] (fcs=[146 141])
(53,20): hsc=[166  70] (fcs=[146 141])
(53,21): hsc=[166  70] (fcs=[146 141])
(53,22): hsc=[166  70] (fcs=[146 141])
(53,23): hsc=[166  70] (fcs=[146 141])
(53,24): hsc=[166  70] (fcs=[146 141])
(53,25): hsc=[166  70] (fcs=[146 141])
(53,26): hsc=[166  70] (fcs=[146 141])
(53,27): hsc=[166  70] (fcs=[146 141])
(53,28): hsc=[166  70] (fcs=[146 141])
(53,29): hsc=[166  70] (fcs=[146 141])
(53,30): hsc=[166  70] (fcs=[146 141])
(53,31): hsc=[166  70] (fcs=[146 141])
(53,32): hsc=[166  70] (fcs=[146 141])
(53,33): hsc=[166  70] (fcs=[146 141])
(53,34): hsc=[166  70] (fcs=[146 141])
(53,35): hsc=[166  70] (fcs=[146 141])
(53,36): hsc=[166  70] (fcs=[146 141])
(53,37): hsc=[166  70] (fcs=[146 141])
(53,38): hsc=[124 224] (fcs=[67 79])
(53,39): hsc=[64 76] (fcs=[69 79])
(53,40): hsc=[76 12] (fcs=[196 186])
(53,41): hsc=[128 128] (fcs=[128 128])
(53,42): hsc=[64  0] (fcs=[144 144])
(53,43): hsc=[244   4] (fcs=[40 42])
(53,44): hsc=[ 84 232] (fcs=[63 63])
(53,45): hsc=[64  0] (fcs=[144 144])
(53,46): hsc=[64  0] (fcs=[144 144])
(53,47): hsc=[64  0] (fcs=[144 144])
(53,48): hsc=[64  0] (fcs=[144 144])
(53,49): hsc=[64  0] (fcs=[144 144])
(53,50): hsc=[64  0] (fcs=[144 144])
(53,51): hsc=[64  0] (fcs=[144 144])
(53,52): hsc=[64  0] (fcs=[144 144])
(53,53): hsc=[64  0] (fcs=[144 144])
(53,54): hsc=[64  0] (fcs=[144 144])
(53,55): hsc=[64  0] (fcs=[144 144])
(53,56): hsc=[64  0] (fcs=[144 144])
(53,57): hsc=[64  0] (fcs=[144 144])
(53,58): hsc=[64  0] (fcs=[144 144])
(53,59): hsc=[64  0] (fcs=[144 144])
(53,60): hsc=[64  0] (fcs=[144 144])
(53,61): hsc=[64  0] (fcs=[144 144])
(53,62): hsc=[64  0] (fcs=[144 144])
(53,63): hsc=[64  0] (fcs=[144 144])
(53,64): hsc=[64  0] (fcs=[144 144])
(53,65): hsc=[64  0] (fcs=[144 144])
(53,66): hsc=[64  0] (fcs=[144 144])
(53,67): hsc=[64  0] (fcs=[144 144])
(53,68): hsc=[64  0] (fcs=[144 144])
(53,69): hsc=[64  0] (fcs=[144 144])
(53,70): hsc=[64  0] (fcs=[144 144])
(53,71): hsc=[64  0] (fcs=[144 144])
(53,72): hsc=[64  0] (fcs=[144 144])
(53,73): hsc=[64  0] (fcs=[144 144])
(53,74): hsc=[64  0] (fcs=[144 144])
(53,75): hsc=[64  0] (fcs=[144 144])
(53,76): hsc=[64  0] (fcs=[144 144])
(53,77): hsc=[64  0] (fcs=[144 144])
(53,78): hsc=[64  0] (fcs=[144 144])
(53,79): hsc=[64  0] (fcs=[144 144])
(53,80): hsc=[64  0] (fcs=[144 144])
(53,81): hsc=[64  0] (fcs=[144 144])
(53,82): hsc=[64  0] (fcs=[144 144])
(53,83): hsc=[64  0] (fcs=[144 144])
(53,84): hsc=[64  0] (fcs=[144 144])
(53,85): hsc=[64  0] (fcs=[144 144])
(53,86): hsc=[64  0] (fcs=[144 144])
(53,87): hsc=[64  0] (fcs=[144 144])
(53,88): hsc=[64  0] (fcs=[144 144])
(53,89): hsc=[64  0] (fcs=[144 144])
(53,90): hsc=[64  0] (fcs=[144 144])
(53,91): hsc=[64  0] (fcs=[144 144])
(53,92): hsc=[64  0] (fcs=[144 144])
(53,93): hsc=[128 128] (fcs=[128 128])
(53,94): hsc=[94 94] (fcs=[66 73])
(53,95): hsc=[128 128] (fcs=[128 128])
(53,96): hsc=[128 128] (fcs=[128 128])
(53,97): hsc=[128 128] (fcs=[128 128])
(53,98): hsc=[128 128] (fcs=[128 128])
(53,99): hsc=[64  0] (fcs=[144 144])
(53,100): hsc=[64  0] (fcs=[144 144])
(53,101): hsc=[118 158] (fcs=[144 143])
(53,102): hsc=[118 158] (fcs=[144 143])
(53,103): hsc=[64  0] (fcs=[144 144])
(53,104): hsc=[118 158] (fcs=[144 143])
(53,105): hsc=[64  0] (fcs=[144 144])
(53,106): hsc=[64  0] (fcs=[144 144])
(53,107): hsc=[64  0] (fcs=[144 144])
(53,108): hsc=[64  0] (fcs=[144 144])
(53,109): hsc=[64  0] (fcs=[144 144])
(53,110): hsc=[64  0] (fcs=[144 144])
(53,111): hsc=[64  0] (fcs=[144 144])
(53,112): hsc=[64  0] (fcs=[144 144])
(53,113): hsc=[64  0] (fcs=[144 144])
(53,114): hsc=[64  0] (fcs=[144 144])
(53,115): hsc=[64  0] (fcs=[144 144])
(53,116): hsc=[64  0] (fcs=[144 144])
(53,117): hsc=[64  0] (fcs=[144 144])
(53,118): hsc=[64  0] (fcs=[144 144])
(53,119): hsc=[64  0] (fcs=[144 144])
(53,120): hsc=[64  0] (fcs=[144 144])
(53,121): hsc=[64  0] (fcs=[144 144])
(53,122): hsc=[64  0] (fcs=[144 144])
(53,123): hsc=[64  0] (fcs=[144 144])
(53,124): hsc=[64  0] (fcs=[144 144])
(53,125): hsc=[64  0] (fcs=[144 144])
(53,126): hsc=[128 128] (fcs=[128 128])
(53,127): hsc=[128 128] (fcs=[128 128])
(54,0): hsc=[128 128] (fcs=[128 128])
(54,1): hsc=[128 128] (fcs=[128 128])
(54,2): hsc=[64  0] (fcs=[144 144])
(54,3): hsc=[64  0] (fcs=[144 144])
(54,4): hsc=[64  0] (fcs=[144 144])
(54,5): hsc=[64  0] (fcs=[144 144])
(54,6): hsc=[64  0] (fcs=[144 144])
(54,7): hsc=[64  0] (fcs=[144 144])
(54,8): hsc=[64  0] (fcs=[144 144])
(54,9): hsc=[64  0] (fcs=[144 144])
(54,10): hsc=[64  0] (fcs=[144 144])
(54,11): hsc=[128 128] (fcs=[128 128])
(54,12): hsc=[118 158] (fcs=[144 143])
(54,13): hsc=[128 128] (fcs=[128 128])
(54,14): hsc=[208 136] (fcs=[210 190])
(54,15): hsc=[ 72 184] (fcs=[60 72])
(54,16): hsc=[ 88 216] (fcs=[72 84])
(54,17): hsc=[166  70] (fcs=[146 141])
(54,18): hsc=[166  70] (fcs=[146 141])
(54,19): hsc=[166  70] (fcs=[146 141])
(54,20): hsc=[166  70] (fcs=[146 141])
(54,21): hsc=[166  70] (fcs=[146 141])
(54,22): hsc=[166  70] (fcs=[146 141])
(54,23): hsc=[166  70] (fcs=[146 141])
(54,24): hsc=[166  70] (fcs=[146 141])
(54,25): hsc=[166  70] (fcs=[146 141])
(54,26): hsc=[166  70] (fcs=[146 141])
(54,27): hsc=[166  70] (fcs=[146 141])
(54,28): hsc=[166  70] (fcs=[146 141])
(54,29): hsc=[166  70] (fcs=[146 141])
(54,30): hsc=[166  70] (fcs=[146 141])
(54,31): hsc=[166  70] (fcs=[146 141])
(54,32): hsc=[166  70] (fcs=[146 141])
(54,33): hsc=[166  70] (fcs=[146 141])
(54,34): hsc=[166  70] (fcs=[146 141])
(54,35): hsc=[166  70] (fcs=[146 141])
(54,36): hsc=[68 16] (fcs=[145 141])
(54,37): hsc=[112 168] (fcs=[146 142])
(54,38): hsc=[226   2] (fcs=[54 63])
(54,39): hsc=[166 178] (fcs=[191 180])
(54,40): hsc=[128 128] (fcs=[128 128])
(54,41): hsc=[64  0] (fcs=[144 144])
(54,42): hsc=[58 46] (fcs=[33 28])
(54,43): hsc=[ 4 72] (fcs=[67 67])
(54,44): hsc=[64  0] (fcs=[144 144])
(54,45): hsc=[64  0] (fcs=[144 144])
(54,46): hsc=[64  0] (fcs=[144 144])
(54,47): hsc=[64  0] (fcs=[144 144])
(54,48): hsc=[64  0] (fcs=[144 144])
(54,49): hsc=[64  0] (fcs=[144 144])
(54,50): hsc=[64  0] (fcs=[144 144])
(54,51): hsc=[64  0] (fcs=[144 144])
(54,52): hsc=[64  0] (fcs=[144 144])
(54,53): hsc=[64  0] (fcs=[144 144])
(54,54): hsc=[64  0] (fcs=[144 144])
(54,55): hsc=[64  0] (fcs=[144 144])
(54,56): hsc=[64  0] (fcs=[144 144])
(54,57): hsc=[64  0] (fcs=[144 144])
(54,58): hsc=[64  0] (fcs=[144 144])
(54,59): hsc=[64  0] (fcs=[144 144])
(54,60): hsc=[64  0] (fcs=[144 144])
(54,61): hsc=[64  0] (fcs=[144 144])
(54,62): hsc=[64  0] (fcs=[144 144])
(54,63): hsc=[64  0] (fcs=[144 144])
(54,64): hsc=[64  0] (fcs=[144 144])
(54,65): hsc=[64  0] (fcs=[144 144])
(54,66): hsc=[64  0] (fcs=[144 144])
(54,67): hsc=[64  0] (fcs=[144 144])
(54,68): hsc=[64  0] (fcs=[144 144])
(54,69): hsc=[64  0] (fcs=[144 144])
(54,70): hsc=[64  0] (fcs=[144 144])
(54,71): hsc=[64  0] (fcs=[144 144])
(54,72): hsc=[64  0] (fcs=[144 144])
(54,73): hsc=[64  0] (fcs=[144 144])
(54,74): hsc=[64  0] (fcs=[144 144])
(54,75): hsc=[64  0] (fcs=[144 144])
(54,76): hsc=[64  0] (fcs=[144 144])
(54,77): hsc=[64  0] (fcs=[144 144])
(54,78): hsc=[64  0] (fcs=[144 144])
(54,79): hsc=[64  0] (fcs=[144 144])
(54,80): hsc=[64  0] (fcs=[144 144])
(54,81): hsc=[64  0] (fcs=[144 144])
(54,82): hsc=[64  0] (fcs=[144 144])
(54,83): hsc=[64  0] (fcs=[144 144])
(54,84): hsc=[64  0] (fcs=[144 144])
(54,85): hsc=[64  0] (fcs=[144 144])
(54,86): hsc=[64  0] (fcs=[144 144])
(54,87): hsc=[64  0] (fcs=[144 144])
(54,88): hsc=[64  0] (fcs=[144 144])
(54,89): hsc=[64  0] (fcs=[144 144])
(54,90): hsc=[64  0] (fcs=[144 144])
(54,91): hsc=[64  0] (fcs=[144 144])
(54,92): hsc=[64  0] (fcs=[144 144])
(54,93): hsc=[128 128] (fcs=[128 128])
(54,94): hsc=[216 212] (fcs=[145 143])
(54,95): hsc=[128 128] (fcs=[128 128])
(54,96): hsc=[128 128] (fcs=[128 128])
(54,97): hsc=[128 128] (fcs=[128 128])
(54,98): hsc=[128 128] (fcs=[128 128])
(54,99): hsc=[64  0] (fcs=[144 144])
(54,100): hsc=[64  0] (fcs=[144 144])
(54,101): hsc=[64  0] (fcs=[144 144])
(54,102): hsc=[64  0] (fcs=[144 144])
(54,103): hsc=[64  0] (fcs=[144 144])
(54,104): hsc=[64  0] (fcs=[144 144])
(54,105): hsc=[64  0] (fcs=[144 144])
(54,106): hsc=[64  0] (fcs=[144 144])
(54,107): hsc=[64  0] (fcs=[144 144])
(54,108): hsc=[64  0] (fcs=[144 144])
(54,109): hsc=[64  0] (fcs=[144 144])
(54,110): hsc=[64  0] (fcs=[144 144])
(54,111): hsc=[64  0] (fcs=[144 144])
(54,112): hsc=[64  0] (fcs=[144 144])
(54,113): hsc=[64  0] (fcs=[144 144])
(54,114): hsc=[64  0] (fcs=[144 144])
(54,115): hsc=[64  0] (fcs=[144 144])
(54,116): hsc=[64  0] (fcs=[144 144])
(54,117): hsc=[64  0] (fcs=[144 144])
(54,118): hsc=[64  0] (fcs=[144 144])
(54,119): hsc=[64  0] (fcs=[144 144])
(54,120): hsc=[64  0] (fcs=[144 144])
(54,121): hsc=[64  0] (fcs=[144 144])
(54,122): hsc=[64  0] (fcs=[144 144])
(54,123): hsc=[64  0] (fcs=[144 144])
(54,124): hsc=[64  0] (fcs=[144 144])
(54,125): hsc=[64  0] (fcs=[144 144])
(54,126): hsc=[128 128] (fcs=[128 128])
(54,127): hsc=[128 128] (fcs=[128 128])
(55,0): hsc=[128 128] (fcs=[128 128])
(55,1): hsc=[128 128] (fcs=[128 128])
(55,2): hsc=[64  0] (fcs=[144 144])
(55,3): hsc=[64  0] (fcs=[144 144])
(55,4): hsc=[64  0] (fcs=[144 144])
(55,5): hsc=[64  0] (fcs=[144 144])
(55,6): hsc=[64  0] (fcs=[144 144])
(55,7): hsc=[64  0] (fcs=[144 144])
(55,8): hsc=[64  0] (fcs=[144 144])
(55,9): hsc=[64  0] (fcs=[144 144])
(55,10): hsc=[64  0] (fcs=[144 144])
(55,11): hsc=[ 68 200] (fcs=[51 51])
(55,12): hsc=[178 234] (fcs=[48 53])
(55,13): hsc=[172  60] (fcs=[208 206])
(55,14): hsc=[128 128] (fcs=[128 128])
(55,15): hsc=[ 14 114] (fcs=[145 142])
(55,16): hsc=[ 18 246] (fcs=[45 60])
(55,17): hsc=[166  70] (fcs=[146 141])
(55,18): hsc=[166  70] (fcs=[146 141])
(55,19): hsc=[166  70] (fcs=[146 141])
(55,20): hsc=[166  70] (fcs=[146 141])
(55,21): hsc=[166  70] (fcs=[146 141])
(55,22): hsc=[166  70] (fcs=[146 141])
(55,23): hsc=[166  70] (fcs=[146 141])
(55,24): hsc=[166  70] (fcs=[146 141])
(55,25): hsc=[166  70] (fcs=[146 141])
(55,26): hsc=[166  70] (fcs=[146 141])
(55,27): hsc=[166  70] (fcs=[146 141])
(55,28): hsc=[166  70] (fcs=[146 141])
(55,29): hsc=[166  70] (fcs=[146 141])
(55,30): hsc=[166  70] (fcs=[146 141])
(55,31): hsc=[166  70] (fcs=[146 141])
(55,32): hsc=[166  70] (fcs=[146 141])
(55,33): hsc=[166  70] (fcs=[146 141])
(55,34): hsc=[166  70] (fcs=[146 141])
(55,35): hsc=[166  70] (fcs=[146 141])
(55,36): hsc=[204 128] (fcs=[63 75])
(55,37): hsc=[ 14 114] (fcs=[145 142])
(55,38): hsc=[ 42 158] (fcs=[209 196])
(55,39): hsc=[128 128] (fcs=[128 128])
(55,40): hsc=[64  0] (fcs=[144 144])
(55,41): hsc=[  2 174] (fcs=[59 62])
(55,42): hsc=[128 128] (fcs=[64 64])
(55,43): hsc=[64  0] (fcs=[144 144])
(55,44): hsc=[64  0] (fcs=[144 144])
(55,45): hsc=[64  0] (fcs=[144 144])
(55,46): hsc=[118 158] (fcs=[144 143])
(55,47): hsc=[64  0] (fcs=[144 144])
(55,48): hsc=[64  0] (fcs=[144 144])
(55,49): hsc=[64  0] (fcs=[144 144])
(55,50): hsc=[64  0] (fcs=[144 144])
(55,51): hsc=[64  0] (fcs=[144 144])
(55,52): hsc=[64  0] (fcs=[144 144])
(55,53): hsc=[64  0] (fcs=[144 144])
(55,54): hsc=[64  0] (fcs=[144 144])
(55,55): hsc=[64  0] (fcs=[144 144])
(55,56): hsc=[64  0] (fcs=[144 144])
(55,57): hsc=[64  0] (fcs=[144 144])
(55,58): hsc=[64  0] (fcs=[144 144])
(55,59): hsc=[64  0] (fcs=[144 144])
(55,60): hsc=[64  0] (fcs=[144 144])
(55,61): hsc=[64  0] (fcs=[144 144])
(55,62): hsc=[64  0] (fcs=[144 144])
(55,63): hsc=[64  0] (fcs=[144 144])
(55,64): hsc=[64  0] (fcs=[144 144])
(55,65): hsc=[64  0] (fcs=[144 144])
(55,66): hsc=[64  0] (fcs=[144 144])
(55,67): hsc=[64  0] (fcs=[144 144])
(55,68): hsc=[64  0] (fcs=[144 144])
(55,69): hsc=[64  0] (fcs=[144 144])
(55,70): hsc=[64  0] (fcs=[144 144])
(55,71): hsc=[64  0] (fcs=[144 144])
(55,72): hsc=[64  0] (fcs=[144 144])
(55,73): hsc=[64  0] (fcs=[144 144])
(55,74): hsc=[64  0] (fcs=[144 144])
(55,75): hsc=[64  0] (fcs=[144 144])
(55,76): hsc=[64  0] (fcs=[144 144])
(55,77): hsc=[64  0] (fcs=[144 144])
(55,78): hsc=[64  0] (fcs=[144 144])
(55,79): hsc=[64  0] (fcs=[144 144])
(55,80): hsc=[64  0] (fcs=[144 144])
(55,81): hsc=[64  0] (fcs=[144 144])
(55,82): hsc=[64  0] (fcs=[144 144])
(55,83): hsc=[64  0] (fcs=[144 144])
(55,84): hsc=[64  0] (fcs=[144 144])
(55,85): hsc=[64  0] (fcs=[144 144])
(55,86): hsc=[64  0] (fcs=[144 144])
(55,87): hsc=[64  0] (fcs=[144 144])
(55,88): hsc=[64  0] (fcs=[144 144])
(55,89): hsc=[64  0] (fcs=[144 144])
(55,90): hsc=[64  0] (fcs=[144 144])
(55,91): hsc=[64  0] (fcs=[144 144])
(55,92): hsc=[222 202] (fcs=[143 144])
(55,93): hsc=[128 128] (fcs=[128 128])
(55,94): hsc=[140 108] (fcs=[60 66])
(55,95): hsc=[128 128] (fcs=[128 128])
(55,96): hsc=[128 128] (fcs=[128 128])
(55,97): hsc=[ 20 104] (fcs=[143 143])
(55,98): hsc=[128 128] (fcs=[128 128])
(55,99): hsc=[ 12 216] (fcs=[73 73])
(55,100): hsc=[64  0] (fcs=[144 144])
(55,101): hsc=[64  0] (fcs=[144 144])
(55,102): hsc=[64  0] (fcs=[144 144])
(55,103): hsc=[64  0] (fcs=[144 144])
(55,104): hsc=[64  0] (fcs=[144 144])
(55,105): hsc=[64  0] (fcs=[144 144])
(55,106): hsc=[64  0] (fcs=[144 144])
(55,107): hsc=[64  0] (fcs=[144 144])
(55,108): hsc=[64  0] (fcs=[144 144])
(55,109): hsc=[64  0] (fcs=[144 144])
(55,110): hsc=[64  0] (fcs=[144 144])
(55,111): hsc=[64  0] (fcs=[144 144])
(55,112): hsc=[64  0] (fcs=[144 144])
(55,113): hsc=[64  0] (fcs=[144 144])
(55,114): hsc=[64  0] (fcs=[144 144])
(55,115): hsc=[64  0] (fcs=[144 144])
(55,116): hsc=[64  0] (fcs=[144 144])
(55,117): hsc=[64  0] (fcs=[144 144])
(55,118): hsc=[64  0] (fcs=[144 144])
(55,119): hsc=[64  0] (fcs=[144 144])
(55,120): hsc=[64  0] (fcs=[144 144])
(55,121): hsc=[64  0] (fcs=[144 144])
(55,122): hsc=[64  0] (fcs=[144 144])
(55,123): hsc=[64  0] (fcs=[144 144])
(55,124): hsc=[64  0] (fcs=[144 144])
(55,125): hsc=[64  0] (fcs=[144 144])
(55,126): hsc=[128 128] (fcs=[128 128])
(55,127): hsc=[128 128] (fcs=[128 128])
(56,0): hsc=[128 128] (fcs=[128 128])
(56,1): hsc=[128 128] (fcs=[128 128])
(56,2): hsc=[64  0] (fcs=[144 144])
(56,3): hsc=[64  0] (fcs=[144 144])
(56,4): hsc=[64  0] (fcs=[144 144])
(56,5): hsc=[64  0] (fcs=[144 144])
(56,6): hsc=[64  0] (fcs=[144 144])
(56,7): hsc=[64  0] (fcs=[144 144])
(56,8): hsc=[64  0] (fcs=[144 144])
(56,9): hsc=[64  0] (fcs=[144 144])
(56,10): hsc=[64  0] (fcs=[144 144])
(56,11): hsc=[64  0] (fcs=[144 144])
(56,12): hsc=[128 128] (fcs=[128 128])
(56,13): hsc=[ 20 104] (fcs=[143 143])
(56,14): hsc=[128 128] (fcs=[128 128])
(56,15): hsc=[ 48 148] (fcs=[207 197])
(56,16): hsc=[222 242] (fcs=[53 66])
(56,17): hsc=[166  70] (fcs=[146 141])
(56,18): hsc=[166  70] (fcs=[146 141])
(56,19): hsc=[166  70] (fcs=[146 141])
(56,20): hsc=[166  70] (fcs=[146 141])
(56,21): hsc=[166  70] (fcs=[146 141])
(56,22): hsc=[166  70] (fcs=[146 141])
(56,23): hsc=[166  70] (fcs=[146 141])
(56,24): hsc=[166  70] (fcs=[146 141])
(56,25): hsc=[166  70] (fcs=[146 141])
(56,26): hsc=[166  70] (fcs=[146 141])
(56,27): hsc=[166  70] (fcs=[146 141])
(56,28): hsc=[166  70] (fcs=[146 141])
(56,29): hsc=[166  70] (fcs=[146 141])
(56,30): hsc=[166  70] (fcs=[146 141])
(56,31): hsc=[166  70] (fcs=[146 141])
(56,32): hsc=[ 14 114] (fcs=[145 142])
(56,33): hsc=[112 168] (fcs=[146 142])
(56,34): hsc=[116  80] (fcs=[61 73])
(56,35): hsc=[166  70] (fcs=[146 141])
(56,36): hsc=[ 14 114] (fcs=[145 142])
(56,37): hsc=[128 128] (fcs=[128 128])
(56,38): hsc=[128 128] (fcs=[128 128])
(56,39): hsc=[64  0] (fcs=[144 144])
(56,40): hsc=[128 128] (fcs=[128 128])
(56,41): hsc=[144 160] (fcs=[76 76])
(56,42): hsc=[64  0] (fcs=[144 144])
(56,43): hsc=[64  0] (fcs=[144 144])
(56,44): hsc=[118 158] (fcs=[144 143])
(56,45): hsc=[118 158] (fcs=[144 143])
(56,46): hsc=[118 158] (fcs=[144 143])
(56,47): hsc=[64  0] (fcs=[144 144])
(56,48): hsc=[118 158] (fcs=[144 143])
(56,49): hsc=[64  0] (fcs=[144 144])
(56,50): hsc=[64  0] (fcs=[144 144])
(56,51): hsc=[64  0] (fcs=[144 144])
(56,52): hsc=[64  0] (fcs=[144 144])
(56,53): hsc=[64  0] (fcs=[144 144])
(56,54): hsc=[64  0] (fcs=[144 144])
(56,55): hsc=[64  0] (fcs=[144 144])
(56,56): hsc=[64  0] (fcs=[144 144])
(56,57): hsc=[64  0] (fcs=[144 144])
(56,58): hsc=[64  0] (fcs=[144 144])
(56,59): hsc=[64  0] (fcs=[144 144])
(56,60): hsc=[64  0] (fcs=[144 144])
(56,61): hsc=[64  0] (fcs=[144 144])
(56,62): hsc=[64  0] (fcs=[144 144])
(56,63): hsc=[64  0] (fcs=[144 144])
(56,64): hsc=[64  0] (fcs=[144 144])
(56,65): hsc=[64  0] (fcs=[144 144])
(56,66): hsc=[64  0] (fcs=[144 144])
(56,67): hsc=[64  0] (fcs=[144 144])
(56,68): hsc=[64  0] (fcs=[144 144])
(56,69): hsc=[64  0] (fcs=[144 144])
(56,70): hsc=[64  0] (fcs=[144 144])
(56,71): hsc=[64  0] (fcs=[144 144])
(56,72): hsc=[64  0] (fcs=[144 144])
(56,73): hsc=[64  0] (fcs=[144 144])
(56,74): hsc=[64  0] (fcs=[144 144])
(56,75): hsc=[64  0] (fcs=[144 144])
(56,76): hsc=[64  0] (fcs=[144 144])
(56,77): hsc=[64  0] (fcs=[144 144])
(56,78): hsc=[64  0] (fcs=[144 144])
(56,79): hsc=[64  0] (fcs=[144 144])
(56,80): hsc=[64  0] (fcs=[144 144])
(56,81): hsc=[64  0] (fcs=[144 144])
(56,82): hsc=[64  0] (fcs=[144 144])
(56,83): hsc=[64  0] (fcs=[144 144])
(56,84): hsc=[64  0] (fcs=[144 144])
(56,85): hsc=[64  0] (fcs=[144 144])
(56,86): hsc=[64  0] (fcs=[144 144])
(56,87): hsc=[64  0] (fcs=[144 144])
(56,88): hsc=[64  0] (fcs=[144 144])
(56,89): hsc=[64  0] (fcs=[144 144])
(56,90): hsc=[64  0] (fcs=[144 144])
(56,91): hsc=[64  0] (fcs=[144 144])
(56,92): hsc=[64  0] (fcs=[144 144])
(56,93): hsc=[144 160] (fcs=[76 76])
(56,94): hsc=[128 128] (fcs=[128 128])
(56,95): hsc=[222 202] (fcs=[143 144])
(56,96): hsc=[128 128] (fcs=[128 128])
(56,97): hsc=[128 128] (fcs=[128 128])
(56,98): hsc=[250 122] (fcs=[43 52])
(56,99): hsc=[208 108] (fcs=[49 59])
(56,100): hsc=[ 84 232] (fcs=[63 63])
(56,101): hsc=[64  0] (fcs=[144 144])
(56,102): hsc=[64  0] (fcs=[144 144])
(56,103): hsc=[64  0] (fcs=[144 144])
(56,104): hsc=[64  0] (fcs=[144 144])
(56,105): hsc=[64  0] (fcs=[144 144])
(56,106): hsc=[64  0] (fcs=[144 144])
(56,107): hsc=[64  0] (fcs=[144 144])
(56,108): hsc=[64  0] (fcs=[144 144])
(56,109): hsc=[64  0] (fcs=[144 144])
(56,110): hsc=[64  0] (fcs=[144 144])
(56,111): hsc=[64  0] (fcs=[144 144])
(56,112): hsc=[64  0] (fcs=[144 144])
(56,113): hsc=[64  0] (fcs=[144 144])
(56,114): hsc=[64  0] (fcs=[144 144])
(56,115): hsc=[64  0] (fcs=[144 144])
(56,116): hsc=[64  0] (fcs=[144 144])
(56,117): hsc=[64  0] (fcs=[144 144])
(56,118): hsc=[64  0] (fcs=[144 144])
(56,119): hsc=[64  0] (fcs=[144 144])
(56,120): hsc=[64  0] (fcs=[144 144])
(56,121): hsc=[64  0] (fcs=[144 144])
(56,122): hsc=[64  0] (fcs=[144 144])
(56,123): hsc=[64  0] (fcs=[144 144])
(56,124): hsc=[64  0] (fcs=[144 144])
(56,125): hsc=[64  0] (fcs=[144 144])
(56,126): hsc=[128 128] (fcs=[128 128])
(56,127): hsc=[128 128] (fcs=[128 128])
(57,0): hsc=[128 128] (fcs=[128 128])
(57,1): hsc=[128 128] (fcs=[128 128])
(57,2): hsc=[64  0] (fcs=[144 144])
(57,3): hsc=[64  0] (fcs=[144 144])
(57,4): hsc=[64  0] (fcs=[144 144])
(57,5): hsc=[64  0] (fcs=[144 144])
(57,6): hsc=[64  0] (fcs=[144 144])
(57,7): hsc=[64  0] (fcs=[144 144])
(57,8): hsc=[64  0] (fcs=[144 144])
(57,9): hsc=[64  0] (fcs=[144 144])
(57,10): hsc=[64  0] (fcs=[144 144])
(57,11): hsc=[64  0] (fcs=[144 144])
(57,12): hsc=[244  40] (fcs=[55 55])
(57,13): hsc=[226 146] (fcs=[50 51])
(57,14): hsc=[64  0] (fcs=[144 144])
(57,15): hsc=[128 128] (fcs=[128 128])
(57,16): hsc=[68 16] (fcs=[145 141])
(57,17): hsc=[68 16] (fcs=[145 141])
(57,18): hsc=[166  70] (fcs=[146 141])
(57,19): hsc=[166  70] (fcs=[146 141])
(57,20): hsc=[166  70] (fcs=[146 141])
(57,21): hsc=[166  70] (fcs=[146 141])
(57,22): hsc=[166  70] (fcs=[146 141])
(57,23): hsc=[166  70] (fcs=[146 141])
(57,24): hsc=[166  70] (fcs=[146 141])
(57,25): hsc=[166  70] (fcs=[146 141])
(57,26): hsc=[220 228] (fcs=[146 140])
(57,27): hsc=[220 228] (fcs=[146 140])
(57,28): hsc=[220 228] (fcs=[146 140])
(57,29): hsc=[166  70] (fcs=[146 141])
(57,30): hsc=[166  70] (fcs=[146 141])
(57,31): hsc=[68 16] (fcs=[145 141])
(57,32): hsc=[68 56] (fcs=[55 63])
(57,33): hsc=[122 214] (fcs=[55 62])
(57,34): hsc=[68 92] (fcs=[70 76])
(57,35): hsc=[ 62 134] (fcs=[192 179])
(57,36): hsc=[128 128] (fcs=[128 128])
(57,37): hsc=[ 20 104] (fcs=[143 143])
(57,38): hsc=[212  12] (fcs=[46 44])
(57,39): hsc=[250  10] (fcs=[39 40])
(57,40): hsc=[100   8] (fcs=[75 75])
(57,41): hsc=[64  0] (fcs=[144 144])
(57,42): hsc=[64  0] (fcs=[144 144])
(57,43): hsc=[118 158] (fcs=[144 143])
(57,44): hsc=[118 158] (fcs=[144 143])
(57,45): hsc=[172  60] (fcs=[144 142])
(57,46): hsc=[118 158] (fcs=[144 143])
(57,47): hsc=[118 158] (fcs=[144 143])
(57,48): hsc=[118 158] (fcs=[144 143])
(57,49): hsc=[118 158] (fcs=[144 143])
(57,50): hsc=[64  0] (fcs=[144 144])
(57,51): hsc=[64  0] (fcs=[144 144])
(57,52): hsc=[64  0] (fcs=[144 144])
(57,53): hsc=[64  0] (fcs=[144 144])
(57,54): hsc=[64  0] (fcs=[144 144])
(57,55): hsc=[64  0] (fcs=[144 144])
(57,56): hsc=[64  0] (fcs=[144 144])
(57,57): hsc=[64  0] (fcs=[144 144])
(57,58): hsc=[64  0] (fcs=[144 144])
(57,59): hsc=[64  0] (fcs=[144 144])
(57,60): hsc=[64  0] (fcs=[144 144])
(57,61): hsc=[64  0] (fcs=[144 144])
(57,62): hsc=[64  0] (fcs=[144 144])
(57,63): hsc=[64  0] (fcs=[144 144])
(57,64): hsc=[64  0] (fcs=[144 144])
(57,65): hsc=[64  0] (fcs=[144 144])
(57,66): hsc=[64  0] (fcs=[144 144])
(57,67): hsc=[64  0] (fcs=[144 144])
(57,68): hsc=[64  0] (fcs=[144 144])
(57,69): hsc=[64  0] (fcs=[144 144])
(57,70): hsc=[64  0] (fcs=[144 144])
(57,71): hsc=[64  0] (fcs=[144 144])
(57,72): hsc=[64  0] (fcs=[144 144])
(57,73): hsc=[64  0] (fcs=[144 144])
(57,74): hsc=[64  0] (fcs=[144 144])
(57,75): hsc=[64  0] (fcs=[144 144])
(57,76): hsc=[64  0] (fcs=[144 144])
(57,77): hsc=[64  0] (fcs=[144 144])
(57,78): hsc=[64  0] (fcs=[144 144])
(57,79): hsc=[64  0] (fcs=[144 144])
(57,80): hsc=[64  0] (fcs=[144 144])
(57,81): hsc=[64  0] (fcs=[144 144])
(57,82): hsc=[118 158] (fcs=[144 143])
(57,83): hsc=[64  0] (fcs=[144 144])
(57,84): hsc=[118 158] (fcs=[144 143])
(57,85): hsc=[64  0] (fcs=[144 144])
(57,86): hsc=[118 158] (fcs=[144 143])
(57,87): hsc=[64  0] (fcs=[144 144])
(57,88): hsc=[118 158] (fcs=[144 143])
(57,89): hsc=[64  0] (fcs=[144 144])
(57,90): hsc=[118 158] (fcs=[144 143])
(57,91): hsc=[64  0] (fcs=[144 144])
(57,92): hsc=[64  0] (fcs=[144 144])
(57,93): hsc=[64  0] (fcs=[144 144])
(57,94): hsc=[ 84 232] (fcs=[63 63])
(57,95): hsc=[146 206] (fcs=[39 42])
(57,96): hsc=[64  0] (fcs=[144 144])
(57,97): hsc=[128 128] (fcs=[128 128])
(57,98): hsc=[128 128] (fcs=[128 128])
(57,99): hsc=[142 150] (fcs=[192 187])
(57,100): hsc=[232 172] (fcs=[63 65])
(57,101): hsc=[192   0] (fcs=[48 48])
(57,102): hsc=[64  0] (fcs=[144 144])
(57,103): hsc=[64  0] (fcs=[144 144])
(57,104): hsc=[64  0] (fcs=[144 144])
(57,105): hsc=[64  0] (fcs=[144 144])
(57,106): hsc=[64  0] (fcs=[144 144])
(57,107): hsc=[64  0] (fcs=[144 144])
(57,108): hsc=[64  0] (fcs=[144 144])
(57,109): hsc=[64  0] (fcs=[144 144])
(57,110): hsc=[64  0] (fcs=[144 144])
(57,111): hsc=[64  0] (fcs=[144 144])
(57,112): hsc=[64  0] (fcs=[144 144])
(57,113): hsc=[64  0] (fcs=[144 144])
(57,114): hsc=[64  0] (fcs=[144 144])
(57,115): hsc=[64  0] (fcs=[144 144])
(57,116): hsc=[64  0] (fcs=[144 144])
(57,117): hsc=[64  0] (fcs=[144 144])
(57,118): hsc=[64  0] (fcs=[144 144])
(57,119): hsc=[64  0] (fcs=[144 144])
(57,120): hsc=[64  0] (fcs=[144 144])
(57,121): hsc=[64  0] (fcs=[144 144])
(57,122): hsc=[64  0] (fcs=[144 144])
(57,123): hsc=[64  0] (fcs=[144 144])
(57,124): hsc=[64  0] (fcs=[144 144])
(57,125): hsc=[64  0] (fcs=[144 144])
(57,126): hsc=[128 128] (fcs=[128 128])
(57,127): hsc=[128 128] (fcs=[128 128])
(58,0): hsc=[128 128] (fcs=[128 128])
(58,1): hsc=[128 128] (fcs=[128 128])
(58,2): hsc=[64  0] (fcs=[144 144])
(58,3): hsc=[64  0] (fcs=[144 144])
(58,4): hsc=[64  0] (fcs=[144 144])
(58,5): hsc=[64  0] (fcs=[144 144])
(58,6): hsc=[64  0] (fcs=[144 144])
(58,7): hsc=[64  0] (fcs=[144 144])
(58,8): hsc=[64  0] (fcs=[144 144])
(58,9): hsc=[64  0] (fcs=[144 144])
(58,10): hsc=[64  0] (fcs=[144 144])
(58,11): hsc=[64  0] (fcs=[144 144])
(58,12): hsc=[64  0] (fcs=[144 144])
(58,13): hsc=[200 144] (fcs=[54 54])
(58,14): hsc=[154 166] (fcs=[75 74])
(58,15): hsc=[128 128] (fcs=[128 128])
(58,16): hsc=[128 128] (fcs=[128 128])
(58,17): hsc=[68 16] (fcs=[145 141])
(58,18): hsc=[24 16] (fcs=[58 74])
(58,19): hsc=[166  70] (fcs=[146 141])
(58,20): hsc=[166  70] (fcs=[146 141])
(58,21): hsc=[112 168] (fcs=[146 142])
(58,22): hsc=[ 14 114] (fcs=[145 142])
(58,23): hsc=[112 168] (fcs=[146 142])
(58,24): hsc=[112 168] (fcs=[146 142])
(58,25): hsc=[166  70] (fcs=[146 141])
(58,26): hsc=[166  70] (fcs=[146 141])
(58,27): hsc=[  8 124] (fcs=[147 141])
(58,28): hsc=[  8 124] (fcs=[147 141])
(58,29): hsc=[62 26] (fcs=[147 140])
(58,30): hsc=[  8 124] (fcs=[147 141])
(58,31): hsc=[220 228] (fcs=[146 140])
(58,32): hsc=[ 30 142] (fcs=[198 181])
(58,33): hsc=[108 156] (fcs=[168 182])
(58,34): hsc=[128 128] (fcs=[128 128])
(58,35): hsc=[128 128] (fcs=[128 128])
(58,36): hsc=[128 128] (fcs=[128 128])
(58,37): hsc=[108  80] (fcs=[51 55])
(58,38): hsc=[128 128] (fcs=[128 128])
(58,39): hsc=[64  0] (fcs=[144 144])
(58,40): hsc=[64  0] (fcs=[144 144])
(58,41): hsc=[118 158] (fcs=[144 143])
(58,42): hsc=[64  0] (fcs=[144 144])
(58,43): hsc=[194 154] (fcs=[56 53])
(58,44): hsc=[118 158] (fcs=[144 143])
(58,45): hsc=[122  26] (fcs=[190 179])
(58,46): hsc=[216 212] (fcs=[145 143])
(58,47): hsc=[118 158] (fcs=[144 143])
(58,48): hsc=[118 158] (fcs=[144 143])
(58,49): hsc=[118 158] (fcs=[144 143])
(58,50): hsc=[118 158] (fcs=[144 143])
(58,51): hsc=[222 202] (fcs=[143 144])
(58,52): hsc=[64  0] (fcs=[144 144])
(58,53): hsc=[64  0] (fcs=[144 144])
(58,54): hsc=[64  0] (fcs=[144 144])
(58,55): hsc=[64  0] (fcs=[144 144])
(58,56): hsc=[64  0] (fcs=[144 144])
(58,57): hsc=[64  0] (fcs=[144 144])
(58,58): hsc=[64  0] (fcs=[144 144])
(58,59): hsc=[64  0] (fcs=[144 144])
(58,60): hsc=[64  0] (fcs=[144 144])
(58,61): hsc=[64  0] (fcs=[144 144])
(58,62): hsc=[64  0] (fcs=[144 144])
(58,63): hsc=[64  0] (fcs=[144 144])
(58,64): hsc=[64  0] (fcs=[144 144])
(58,65): hsc=[64  0] (fcs=[144 144])
(58,66): hsc=[64  0] (fcs=[144 144])
(58,67): hsc=[64  0] (fcs=[144 144])
(58,68): hsc=[64  0] (fcs=[144 144])
(58,69): hsc=[64  0] (fcs=[144 144])
(58,70): hsc=[64  0] (fcs=[144 144])
(58,71): hsc=[64  0] (fcs=[144 144])
(58,72): hsc=[64  0] (fcs=[144 144])
(58,73): hsc=[222 202] (fcs=[143 144])
(58,74): hsc=[64  0] (fcs=[144 144])
(58,75): hsc=[222 202] (fcs=[143 144])
(58,76): hsc=[64  0] (fcs=[144 144])
(58,77): hsc=[222 202] (fcs=[143 144])
(58,78): hsc=[64  0] (fcs=[144 144])
(58,79): hsc=[64  0] (fcs=[144 144])
(58,80): hsc=[64  0] (fcs=[144 144])
(58,81): hsc=[64  0] (fcs=[144 144])
(58,82): hsc=[64  0] (fcs=[144 144])
(58,83): hsc=[64  0] (fcs=[144 144])
(58,84): hsc=[118 158] (fcs=[144 143])
(58,85): hsc=[118 158] (fcs=[144 143])
(58,86): hsc=[118 158] (fcs=[144 143])
(58,87): hsc=[118 158] (fcs=[144 143])
(58,88): hsc=[ 40 192] (fcs=[66 74])
(58,89): hsc=[118 158] (fcs=[144 143])
(58,90): hsc=[192 148] (fcs=[67 73])
(58,91): hsc=[118 158] (fcs=[144 143])
(58,92): hsc=[ 12 216] (fcs=[73 73])
(58,93): hsc=[64  0] (fcs=[144 144])
(58,94): hsc=[64  0] (fcs=[144 144])
(58,95): hsc=[224  64] (fcs=[72 72])
(58,96): hsc=[128 128] (fcs=[128 128])
(58,97): hsc=[64  0] (fcs=[144 144])
(58,98): hsc=[128 128] (fcs=[128 128])
(58,99): hsc=[128 128] (fcs=[128 128])
(58,100): hsc=[172  60] (fcs=[144 142])
(58,101): hsc=[250 148] (fcs=[46 48])
(58,102): hsc=[192   0] (fcs=[48 48])
(58,103): hsc=[64  0] (fcs=[144 144])
(58,104): hsc=[64  0] (fcs=[144 144])
(58,105): hsc=[64  0] (fcs=[144 144])
(58,106): hsc=[64  0] (fcs=[144 144])
(58,107): hsc=[64  0] (fcs=[144 144])
(58,108): hsc=[64  0] (fcs=[144 144])
(58,109): hsc=[64  0] (fcs=[144 144])
(58,110): hsc=[64  0] (fcs=[144 144])
(58,111): hsc=[64  0] (fcs=[144 144])
(58,112): hsc=[64  0] (fcs=[144 144])
(58,113): hsc=[64  0] (fcs=[144 144])
(58,114): hsc=[64  0] (fcs=[144 144])
(58,115): hsc=[64  0] (fcs=[144 144])
(58,116): hsc=[64  0] (fcs=[144 144])
(58,117): hsc=[64  0] (fcs=[144 144])
(58,118): hsc=[64  0] (fcs=[144 144])
(58,119): hsc=[64  0] (fcs=[144 144])
(58,120): hsc=[64  0] (fcs=[144 144])
(58,121): hsc=[64  0] (fcs=[144 144])
(58,122): hsc=[64  0] (fcs=[144 144])
(58,123): hsc=[64  0] (fcs=[144 144])
(58,124): hsc=[64  0] (fcs=[144 144])
(58,125): hsc=[64  0] (fcs=[144 144])
(58,126): hsc=[128 128] (fcs=[128 128])
(58,127): hsc=[128 128] (fcs=[128 128])
(59,0): hsc=[128 128] (fcs=[128 128])
(59,1): hsc=[128 128] (fcs=[128 128])
(59,2): hsc=[64  0] (fcs=[144 144])
(59,3): hsc=[64  0] (fcs=[144 144])
(59,4): hsc=[64  0] (fcs=[144 144])
(59,5): hsc=[64  0] (fcs=[144 144])
(59,6): hsc=[64  0] (fcs=[144 144])
(59,7): hsc=[64  0] (fcs=[144 144])
(59,8): hsc=[64  0] (fcs=[144 144])
(59,9): hsc=[64  0] (fcs=[144 144])
(59,10): hsc=[118 158] (fcs=[144 143])
(59,11): hsc=[64  0] (fcs=[144 144])
(59,12): hsc=[64  0] (fcs=[144 144])
(59,13): hsc=[64  0] (fcs=[144 144])
(59,14): hsc=[190 138] (fcs=[55 56])
(59,15): hsc=[216 212] (fcs=[145 143])
(59,16): hsc=[128 128] (fcs=[128 128])
(59,17): hsc=[128 128] (fcs=[128 128])
(59,18): hsc=[214  50] (fcs=[219 192])
(59,19): hsc=[ 14 114] (fcs=[145 142])
(59,20): hsc=[172  60] (fcs=[144 142])
(59,21): hsc=[118 158] (fcs=[144 143])
(59,22): hsc=[118 158] (fcs=[144 143])
(59,23): hsc=[64  0] (fcs=[144 144])
(59,24): hsc=[118 158] (fcs=[144 143])
(59,25): hsc=[216 212] (fcs=[145 143])
(59,26): hsc=[ 46 138] (fcs=[195 180])
(59,27): hsc=[172  52] (fcs=[226 196])
(59,28): hsc=[128 128] (fcs=[128 128])
(59,29): hsc=[128 128] (fcs=[128 128])
(59,30): hsc=[128 128] (fcs=[128 128])
(59,31): hsc=[ 60 232] (fcs=[225 201])
(59,32): hsc=[ 14 114] (fcs=[145 142])
(59,33): hsc=[128 128] (fcs=[128 128])
(59,34): hsc=[128 128] (fcs=[128 128])
(59,35): hsc=[240  24] (fcs=[182 186])
(59,36): hsc=[128 128] (fcs=[128 128])
(59,37): hsc=[118 158] (fcs=[144 143])
(59,38): hsc=[128 128] (fcs=[128 128])
(59,39): hsc=[64  0] (fcs=[144 144])
(59,40): hsc=[64  0] (fcs=[144 144])
(59,41): hsc=[118 158] (fcs=[144 143])
(59,42): hsc=[228   8] (fcs=[43 43])
(59,43): hsc=[156 212] (fcs=[38 40])
(59,44): hsc=[ 56 112] (fcs=[202 202])
(59,45): hsc=[128 128] (fcs=[128 128])
(59,46): hsc=[ 62 170] (fcs=[207 192])
(59,47): hsc=[118 158] (fcs=[144 143])
(59,48): hsc=[132   0] (fcs=[69 73])
(59,49): hsc=[118 158] (fcs=[144 143])
(59,50): hsc=[64  0] (fcs=[144 144])
(59,51): hsc=[64  0] (fcs=[144 144])
(59,52): hsc=[64  0] (fcs=[144 144])
(59,53): hsc=[64  0] (fcs=[144 144])
(59,54): hsc=[64  0] (fcs=[144 144])
(59,55): hsc=[64  0] (fcs=[144 144])
(59,56): hsc=[64  0] (fcs=[144 144])
(59,57): hsc=[64  0] (fcs=[144 144])
(59,58): hsc=[64  0] (fcs=[144 144])
(59,59): hsc=[64  0] (fcs=[144 144])
(59,60): hsc=[64  0] (fcs=[144 144])
(59,61): hsc=[64  0] (fcs=[144 144])
(59,62): hsc=[64  0] (fcs=[144 144])
(59,63): hsc=[64  0] (fcs=[144 144])
(59,64): hsc=[64  0] (fcs=[144 144])
(59,65): hsc=[64  0] (fcs=[144 144])
(59,66): hsc=[64  0] (fcs=[144 144])
(59,67): hsc=[64  0] (fcs=[144 144])
(59,68): hsc=[64  0] (fcs=[144 144])
(59,69): hsc=[64  0] (fcs=[144 144])
(59,70): hsc=[118 158] (fcs=[144 143])
(59,71): hsc=[64  0] (fcs=[144 144])
(59,72): hsc=[64  0] (fcs=[144 144])
(59,73): hsc=[64  0] (fcs=[144 144])
(59,74): hsc=[64  0] (fcs=[144 144])
(59,75): hsc=[84 12] (fcs=[78 76])
(59,76): hsc=[222 202] (fcs=[143 144])
(59,77): hsc=[124 148] (fcs=[142 144])
(59,78): hsc=[124 148] (fcs=[142 144])
(59,79): hsc=[ 70 246] (fcs=[142 145])
(59,80): hsc=[ 70 246] (fcs=[142 145])
(59,81): hsc=[ 70 246] (fcs=[142 145])
(59,82): hsc=[124 148] (fcs=[142 144])
(59,83): hsc=[222 202] (fcs=[143 144])
(59,84): hsc=[222 202] (fcs=[143 144])
(59,85): hsc=[64  0] (fcs=[144 144])
(59,86): hsc=[ 20 104] (fcs=[143 143])
(59,87): hsc=[216 212] (fcs=[145 143])
(59,88): hsc=[128 128] (fcs=[128 128])
(59,89): hsc=[128 128] (fcs=[128 128])
(59,90): hsc=[128 128] (fcs=[128 128])
(59,91): hsc=[118 158] (fcs=[144 143])
(59,92): hsc=[ 94 238] (fcs=[62 61])
(59,93): hsc=[244  40] (fcs=[55 55])
(59,94): hsc=[64  0] (fcs=[144 144])
(59,95): hsc=[64  0] (fcs=[144 144])
(59,96): hsc=[136  16] (fcs=[70 70])
(59,97): hsc=[128 128] (fcs=[128 128])
(59,98): hsc=[162 238] (fcs=[51 54])
(59,99): hsc=[128 128] (fcs=[128 128])
(59,100): hsc=[128 128] (fcs=[128 128])
(59,101): hsc=[ 20 104] (fcs=[143 143])
(59,102): hsc=[128 128] (fcs=[128 128])
(59,103): hsc=[120 240] (fcs=[58 58])
(59,104): hsc=[64  0] (fcs=[144 144])
(59,105): hsc=[64  0] (fcs=[144 144])
(59,106): hsc=[64  0] (fcs=[144 144])
(59,107): hsc=[64  0] (fcs=[144 144])
(59,108): hsc=[64  0] (fcs=[144 144])
(59,109): hsc=[64  0] (fcs=[144 144])
(59,110): hsc=[64  0] (fcs=[144 144])
(59,111): hsc=[64  0] (fcs=[144 144])
(59,112): hsc=[64  0] (fcs=[144 144])
(59,113): hsc=[64  0] (fcs=[144 144])
(59,114): hsc=[64  0] (fcs=[144 144])
(59,115): hsc=[64  0] (fcs=[144 144])
(59,116): hsc=[64  0] (fcs=[144 144])
(59,117): hsc=[64  0] (fcs=[144 144])
(59,118): hsc=[64  0] (fcs=[144 144])
(59,119): hsc=[64  0] (fcs=[144 144])
(59,120): hsc=[64  0] (fcs=[144 144])
(59,121): hsc=[64  0] (fcs=[144 144])
(59,122): hsc=[64  0] (fcs=[144 144])
(59,123): hsc=[64  0] (fcs=[144 144])
(59,124): hsc=[64  0] (fcs=[144 144])
(59,125): hsc=[64  0] (fcs=[144 144])
(59,126): hsc=[128 128] (fcs=[128 128])
(59,127): hsc=[128 128] (fcs=[128 128])
(60,0): hsc=[128 128] (fcs=[128 128])
(60,1): hsc=[128 128] (fcs=[128 128])
(60,2): hsc=[64  0] (fcs=[144 144])
(60,3): hsc=[64  0] (fcs=[144 144])
(60,4): hsc=[64  0] (fcs=[144 144])
(60,5): hsc=[64  0] (fcs=[144 144])
(60,6): hsc=[64  0] (fcs=[144 144])
(60,7): hsc=[64  0] (fcs=[144 144])
(60,8): hsc=[64  0] (fcs=[144 144])
(60,9): hsc=[64  0] (fcs=[144 144])
(60,10): hsc=[64  0] (fcs=[144 144])
(60,11): hsc=[64  0] (fcs=[144 144])
(60,12): hsc=[64  0] (fcs=[144 144])
(60,13): hsc=[64  0] (fcs=[144 144])
(60,14): hsc=[64  0] (fcs=[144 144])
(60,15): hsc=[118 158] (fcs=[144 143])
(60,16): hsc=[ 80 250] (fcs=[77 79])
(60,17): hsc=[118 158] (fcs=[144 143])
(60,18): hsc=[118 158] (fcs=[144 143])
(60,19): hsc=[178  50] (fcs=[142 143])
(60,20): hsc=[222 202] (fcs=[143 144])
(60,21): hsc=[76 96] (fcs=[167 195])
(60,22): hsc=[ 70 246] (fcs=[142 145])
(60,23): hsc=[152 240] (fcs=[162 194])
(60,24): hsc=[ 70 246] (fcs=[142 145])
(60,25): hsc=[ 46 146] (fcs=[177 190])
(60,26): hsc=[64  0] (fcs=[144 144])
(60,27): hsc=[118 158] (fcs=[144 143])
(60,28): hsc=[216 212] (fcs=[145 143])
(60,29): hsc=[ 14 114] (fcs=[145 142])
(60,30): hsc=[ 14 114] (fcs=[145 142])
(60,31): hsc=[ 24 196] (fcs=[69 75])
(60,32): hsc=[62 66] (fcs=[57 62])
(60,33): hsc=[128 128] (fcs=[128 128])
(60,34): hsc=[128 128] (fcs=[128 128])
(60,35): hsc=[244 112] (fcs=[213 209])
(60,36): hsc=[128 128] (fcs=[128 128])
(60,37): hsc=[118 158] (fcs=[144 143])
(60,38): hsc=[128 128] (fcs=[128 128])
(60,39): hsc=[118 158] (fcs=[144 143])
(60,40): hsc=[64  0] (fcs=[144 144])
(60,41): hsc=[118 158] (fcs=[144 143])
(60,42): hsc=[128 128] (fcs=[128 128])
(60,43): hsc=[118 158] (fcs=[144 143])
(60,44): hsc=[128 128] (fcs=[128 128])
(60,45): hsc=[128 128] (fcs=[128 128])
(60,46): hsc=[128 128] (fcs=[128 128])
(60,47): hsc=[108  80] (fcs=[51 55])
(60,48): hsc=[212 124] (fcs=[50 56])
(60,49): hsc=[118 158] (fcs=[144 143])
(60,50): hsc=[118 158] (fcs=[144 143])
(60,51): hsc=[118 158] (fcs=[144 143])
(60,52): hsc=[64  0] (fcs=[144 144])
(60,53): hsc=[64  0] (fcs=[144 144])
(60,54): hsc=[64  0] (fcs=[144 144])
(60,55): hsc=[64  0] (fcs=[144 144])
(60,56): hsc=[64  0] (fcs=[144 144])
(60,57): hsc=[64  0] (fcs=[144 144])
(60,58): hsc=[64  0] (fcs=[144 144])
(60,59): hsc=[64  0] (fcs=[144 144])
(60,60): hsc=[64  0] (fcs=[144 144])
(60,61): hsc=[64  0] (fcs=[144 144])
(60,62): hsc=[64  0] (fcs=[144 144])
(60,63): hsc=[222 202] (fcs=[143 144])
(60,64): hsc=[64  0] (fcs=[144 144])
(60,65): hsc=[222 202] (fcs=[143 144])
(60,66): hsc=[64  0] (fcs=[144 144])
(60,67): hsc=[64  0] (fcs=[144 144])
(60,68): hsc=[64  0] (fcs=[144 144])
(60,69): hsc=[64  0] (fcs=[144 144])
(60,70): hsc=[52 96] (fcs=[73 77])
(60,71): hsc=[172  60] (fcs=[144 142])
(60,72): hsc=[48 80] (fcs=[72 80])
(60,73): hsc=[ 14 114] (fcs=[145 142])
(60,74): hsc=[216 212] (fcs=[145 143])
(60,75): hsc=[118 158] (fcs=[144 143])
(60,76): hsc=[222 202] (fcs=[143 144])
(60,77): hsc=[128 128] (fcs=[128 128])
(60,78): hsc=[ 16 240] (fcs=[184 208])
(60,79): hsc=[128 128] (fcs=[128 128])
(60,80): hsc=[ 68 244] (fcs=[176 202])
(60,81): hsc=[128 128] (fcs=[128 128])
(60,82): hsc=[194 198] (fcs=[181 204])
(60,83): hsc=[120 216] (fcs=[176 220])
(60,84): hsc=[16 88] (fcs=[142 146])
(60,85): hsc=[110  54] (fcs=[176 187])
(60,86): hsc=[168  44] (fcs=[143 145])
(60,87): hsc=[222 202] (fcs=[143 144])
(60,88): hsc=[250  82] (fcs=[69 66])
(60,89): hsc=[ 20 104] (fcs=[143 143])
(60,90): hsc=[128 128] (fcs=[128 128])
(60,91): hsc=[128 128] (fcs=[128 128])
(60,92): hsc=[120 164] (fcs=[197 187])
(60,93): hsc=[188  20] (fcs=[62 64])
(60,94): hsc=[176 224] (fcs=[36 36])
(60,95): hsc=[64  0] (fcs=[144 144])
(60,96): hsc=[64  0] (fcs=[144 144])
(60,97): hsc=[ 68 200] (fcs=[51 51])
(60,98): hsc=[128 128] (fcs=[128 128])
(60,99): hsc=[172  60] (fcs=[144 142])
(60,100): hsc=[128 128] (fcs=[128 128])
(60,101): hsc=[128 128] (fcs=[128 128])
(60,102): hsc=[ 44 136] (fcs=[37 45])
(60,103): hsc=[60 56] (fcs=[45 45])
(60,104): hsc=[64  0] (fcs=[144 144])
(60,105): hsc=[64  0] (fcs=[144 144])
(60,106): hsc=[64  0] (fcs=[144 144])
(60,107): hsc=[64  0] (fcs=[144 144])
(60,108): hsc=[64  0] (fcs=[144 144])
(60,109): hsc=[64  0] (fcs=[144 144])
(60,110): hsc=[64  0] (fcs=[144 144])
(60,111): hsc=[64  0] (fcs=[144 144])
(60,112): hsc=[64  0] (fcs=[144 144])
(60,113): hsc=[64  0] (fcs=[144 144])
(60,114): hsc=[64  0] (fcs=[144 144])
(60,115): hsc=[64  0] (fcs=[144 144])
(60,116): hsc=[64  0] (fcs=[144 144])
(60,117): hsc=[64  0] (fcs=[144 144])
(60,118): hsc=[64  0] (fcs=[144 144])
(60,119): hsc=[64  0] (fcs=[144 144])
(60,120): hsc=[64  0] (fcs=[144 144])
(60,121): hsc=[64  0] (fcs=[144 144])
(60,122): hsc=[64  0] (fcs=[144 144])
(60,123): hsc=[64  0] (fcs=[144 144])
(60,124): hsc=[64  0] (fcs=[144 144])
(60,125): hsc=[64  0] (fcs=[144 144])
(60,126): hsc=[128 128] (fcs=[128 128])
(60,127): hsc=[128 128] (fcs=[128 128])
(61,0): hsc=[128 128] (fcs=[128 128])
(61,1): hsc=[128 128] (fcs=[128 128])
(61,2): hsc=[64  0] (fcs=[144 144])
(61,3): hsc=[64  0] (fcs=[144 144])
(61,4): hsc=[64  0] (fcs=[144 144])
(61,5): hsc=[64  0] (fcs=[144 144])
(61,6): hsc=[64  0] (fcs=[144 144])
(61,7): hsc=[64  0] (fcs=[144 144])
(61,8): hsc=[64  0] (fcs=[144 144])
(61,9): hsc=[64  0] (fcs=[144 144])
(61,10): hsc=[64  0] (fcs=[144 144])
(61,11): hsc=[64  0] (fcs=[144 144])
(61,12): hsc=[64  0] (fcs=[144 144])
(61,13): hsc=[64  0] (fcs=[144 144])
(61,14): hsc=[64  0] (fcs=[144 144])
(61,15): hsc=[64  0] (fcs=[144 144])
(61,16): hsc=[64  0] (fcs=[144 144])
(61,17): hsc=[64  0] (fcs=[144 144])
(61,18): hsc=[222 202] (fcs=[143 144])
(61,19): hsc=[222 202] (fcs=[143 144])
(61,20): hsc=[222 202] (fcs=[143 144])
(61,21): hsc=[186  82] (fcs=[80 73])
(61,22): hsc=[222 202] (fcs=[143 144])
(61,23): hsc=[142 186] (fcs=[79 72])
(61,24): hsc=[58 10] (fcs=[82 79])
(61,25): hsc=[132 180] (fcs=[80 74])
(61,26): hsc=[222 202] (fcs=[143 144])
(61,27): hsc=[222 202] (fcs=[143 144])
(61,28): hsc=[64  0] (fcs=[144 144])
(61,29): hsc=[64  0] (fcs=[144 144])
(61,30): hsc=[118 158] (fcs=[144 143])
(61,31): hsc=[64  0] (fcs=[144 144])
(61,32): hsc=[118 158] (fcs=[144 143])
(61,33): hsc=[ 84 232] (fcs=[63 63])
(61,34): hsc=[128 128] (fcs=[128 128])
(61,35): hsc=[64  0] (fcs=[144 144])
(61,36): hsc=[128 128] (fcs=[128 128])
(61,37): hsc=[194 154] (fcs=[184 181])
(61,38): hsc=[128 128] (fcs=[128 128])
(61,39): hsc=[76 88] (fcs=[57 57])
(61,40): hsc=[64  0] (fcs=[144 144])
(61,41): hsc=[ 4 72] (fcs=[67 67])
(61,42): hsc=[128 128] (fcs=[128 128])
(61,43): hsc=[118 158] (fcs=[144 143])
(61,44): hsc=[128 128] (fcs=[128 128])
(61,45): hsc=[128 128] (fcs=[128 128])
(61,46): hsc=[56 40] (fcs=[172 176])
(61,47): hsc=[118 158] (fcs=[144 143])
(61,48): hsc=[144 236] (fcs=[65 75])
(61,49): hsc=[172  60] (fcs=[144 142])
(61,50): hsc=[118 158] (fcs=[144 143])
(61,51): hsc=[118 158] (fcs=[144 143])
(61,52): hsc=[64  0] (fcs=[144 144])
(61,53): hsc=[64  0] (fcs=[144 144])
(61,54): hsc=[64  0] (fcs=[144 144])
(61,55): hsc=[64  0] (fcs=[144 144])
(61,56): hsc=[64  0] (fcs=[144 144])
(61,57): hsc=[64  0] (fcs=[144 144])
(61,58): hsc=[64  0] (fcs=[144 144])
(61,59): hsc=[64  0] (fcs=[144 144])
(61,60): hsc=[118 158] (fcs=[144 143])
(61,61): hsc=[64  0] (fcs=[144 144])
(61,62): hsc=[64  0] (fcs=[144 144])
(61,63): hsc=[222 202] (fcs=[143 144])
(61,64): hsc=[222 202] (fcs=[143 144])
(61,65): hsc=[ 32 116] (fcs=[67 57])
(61,66): hsc=[88 28] (fcs=[79 73])
(61,67): hsc=[72 32] (fcs=[82 74])
(61,68): hsc=[124 148] (fcs=[142 144])
(61,69): hsc=[222 202] (fcs=[143 144])
(61,70): hsc=[ 20 104] (fcs=[143 143])
(61,71): hsc=[128 128] (fcs=[128 128])
(61,72): hsc=[128 128] (fcs=[128 128])
(61,73): hsc=[128 128] (fcs=[128 128])
(61,74): hsc=[128 128] (fcs=[128 128])
(61,75): hsc=[128 128] (fcs=[128 128])
(61,76): hsc=[240 240] (fcs=[208 200])
(61,77): hsc=[222 202] (fcs=[143 144])
(61,78): hsc=[124 148] (fcs=[142 144])
(61,79): hsc=[ 70 246] (fcs=[142 145])
(61,80): hsc=[ 70 246] (fcs=[142 145])
(61,81): hsc=[ 70 246] (fcs=[142 145])
(61,82): hsc=[124 148] (fcs=[142 144])
(61,83): hsc=[196  88] (fcs=[79 71])
(61,84): hsc=[222 202] (fcs=[143 144])
(61,85): hsc=[62 26] (fcs=[83 76])
(61,86): hsc=[222 202] (fcs=[143 144])
(61,87): hsc=[222 202] (fcs=[143 144])
(61,88): hsc=[34 54] (fcs=[49 48])
(61,89): hsc=[128 128] (fcs=[128 128])
(61,90): hsc=[238  14] (fcs=[42 41])
(61,91): hsc=[158  46] (fcs=[190 221])
(61,92): hsc=[128 128] (fcs=[128 128])
(61,93): hsc=[190  30] (fcs=[138 145])
(61,94): hsc=[122 138] (fcs=[66 63])
(61,95): hsc=[128 128] (fcs=[128 128])
(61,96): hsc=[160 152] (fcs=[50 38])
(61,97): hsc=[138 242] (fcs=[44 37])
(61,98): hsc=[214 130] (fcs=[39 36])
(61,99): hsc=[222 202] (fcs=[143 144])
(61,100): hsc=[128 128] (fcs=[128 128])
(61,101): hsc=[ 20 104] (fcs=[143 143])
(61,102): hsc=[214 242] (fcs=[43 48])
(61,103): hsc=[244  40] (fcs=[55 55])
(61,104): hsc=[64  0] (fcs=[144 144])
(61,105): hsc=[64  0] (fcs=[144 144])
(61,106): hsc=[64  0] (fcs=[144 144])
(61,107): hsc=[64  0] (fcs=[144 144])
(61,108): hsc=[64  0] (fcs=[144 144])
(61,109): hsc=[64  0] (fcs=[144 144])
(61,110): hsc=[64  0] (fcs=[144 144])
(61,111): hsc=[64  0] (fcs=[144 144])
(61,112): hsc=[64  0] (fcs=[144 144])
(61,113): hsc=[64  0] (fcs=[144 144])
(61,114): hsc=[64  0] (fcs=[144 144])
(61,115): hsc=[64  0] (fcs=[144 144])
(61,116): hsc=[64  0] (fcs=[144 144])
(61,117): hsc=[64  0] (fcs=[144 144])
(61,118): hsc=[64  0] (fcs=[144 144])
(61,119): hsc=[64  0] (fcs=[144 144])
(61,120): hsc=[64  0] (fcs=[144 144])
(61,121): hsc=[64  0] (fcs=[144 144])
(61,122): hsc=[64  0] (fcs=[144 144])
(61,123): hsc=[64  0] (fcs=[144 144])
(61,124): hsc=[64  0] (fcs=[144 144])
(61,125): hsc=[64  0] (fcs=[144 144])
(61,126): hsc=[128 128] (fcs=[128 128])
(61,127): hsc=[128 128] (fcs=[128 128])
(62,0): hsc=[128 128] (fcs=[128 128])
(62,1): hsc=[128 128] (fcs=[128 128])
(62,2): hsc=[64  0] (fcs=[144 144])
(62,3): hsc=[64  0] (fcs=[144 144])
(62,4): hsc=[64  0] (fcs=[144 144])
(62,5): hsc=[64  0] (fcs=[144 144])
(62,6): hsc=[64  0] (fcs=[144 144])
(62,7): hsc=[64  0] (fcs=[144 144])
(62,8): hsc=[64  0] (fcs=[144 144])
(62,9): hsc=[64  0] (fcs=[144 144])
(62,10): hsc=[64  0] (fcs=[144 144])
(62,11): hsc=[64  0] (fcs=[144 144])
(62,12): hsc=[64  0] (fcs=[144 144])
(62,13): hsc=[64  0] (fcs=[144 144])
(62,14): hsc=[64  0] (fcs=[144 144])
(62,15): hsc=[64  0] (fcs=[144 144])
(62,16): hsc=[64  0] (fcs=[144 144])
(62,17): hsc=[222 202] (fcs=[143 144])
(62,18): hsc=[64  0] (fcs=[144 144])
(62,19): hsc=[222 202] (fcs=[143 144])
(62,20): hsc=[64  0] (fcs=[144 144])
(62,21): hsc=[222 202] (fcs=[143 144])
(62,22): hsc=[64  0] (fcs=[144 144])
(62,23): hsc=[222 202] (fcs=[143 144])
(62,24): hsc=[64  0] (fcs=[144 144])
(62,25): hsc=[222 202] (fcs=[143 144])
(62,26): hsc=[64  0] (fcs=[144 144])
(62,27): hsc=[222 202] (fcs=[143 144])
(62,28): hsc=[64  0] (fcs=[144 144])
(62,29): hsc=[64  0] (fcs=[144 144])
(62,30): hsc=[64  0] (fcs=[144 144])
(62,31): hsc=[64  0] (fcs=[144 144])
(62,32): hsc=[64  0] (fcs=[144 144])
(62,33): hsc=[118 158] (fcs=[144 143])
(62,34): hsc=[128 128] (fcs=[128 128])
(62,35): hsc=[64  0] (fcs=[144 144])
(62,36): hsc=[128 128] (fcs=[128 128])
(62,37): hsc=[128 128] (fcs=[128 128])
(62,38): hsc=[128 128] (fcs=[128 128])
(62,39): hsc=[128 128] (fcs=[128 128])
(62,40): hsc=[64  0] (fcs=[144 144])
(62,41): hsc=[120 240] (fcs=[58 58])
(62,42): hsc=[128 128] (fcs=[128 128])
(62,43): hsc=[118 158] (fcs=[144 143])
(62,44): hsc=[128 128] (fcs=[128 128])
(62,45): hsc=[128 128] (fcs=[128 128])
(62,46): hsc=[10 22] (fcs=[219 210])
(62,47): hsc=[216 212] (fcs=[145 143])
(62,48): hsc=[182 106] (fcs=[53 62])
(62,49): hsc=[ 14 114] (fcs=[145 142])
(62,50): hsc=[172  60] (fcs=[144 142])
(62,51): hsc=[118 158] (fcs=[144 143])
(62,52): hsc=[118 158] (fcs=[144 143])
(62,53): hsc=[64  0] (fcs=[144 144])
(62,54): hsc=[64  0] (fcs=[144 144])
(62,55): hsc=[222 202] (fcs=[143 144])
(62,56): hsc=[64  0] (fcs=[144 144])
(62,57): hsc=[64  0] (fcs=[144 144])
(62,58): hsc=[64  0] (fcs=[144 144])
(62,59): hsc=[100   8] (fcs=[75 75])
(62,60): hsc=[196 128] (fcs=[53 57])
(62,61): hsc=[172  60] (fcs=[144 142])
(62,62): hsc=[118 158] (fcs=[144 143])
(62,63): hsc=[ 20 104] (fcs=[143 143])
(62,64): hsc=[168  44] (fcs=[143 145])
(62,65): hsc=[116 236] (fcs=[190 236])
(62,66): hsc=[174  34] (fcs=[141 146])
(62,67): hsc=[128 128] (fcs=[128 128])
(62,68): hsc=[ 86 138] (fcs=[181 206])
(62,69): hsc=[128 128] (fcs=[128 128])
(62,70): hsc=[168  44] (fcs=[143 145])
(62,71): hsc=[ 20 104] (fcs=[143 143])
(62,72): hsc=[216 212] (fcs=[145 143])
(62,73): hsc=[ 14 114] (fcs=[145 142])
(62,74): hsc=[154 242] (fcs=[64 73])
(62,75): hsc=[172  60] (fcs=[144 142])
(62,76): hsc=[ 86 242] (fcs=[75 80])
(62,77): hsc=[118 158] (fcs=[144 143])
(62,78): hsc=[118 158] (fcs=[144 143])
(62,79): hsc=[64  0] (fcs=[144 144])
(62,80): hsc=[64  0] (fcs=[144 144])
(62,81): hsc=[64  0] (fcs=[144 144])
(62,82): hsc=[64  0] (fcs=[144 144])
(62,83): hsc=[222 202] (fcs=[143 144])
(62,84): hsc=[64  0] (fcs=[144 144])
(62,85): hsc=[222 202] (fcs=[143 144])
(62,86): hsc=[64  0] (fcs=[144 144])
(62,87): hsc=[222 202] (fcs=[143 144])
(62,88): hsc=[64  0] (fcs=[144 144])
(62,89): hsc=[64  0] (fcs=[144 144])
(62,90): hsc=[ 78 206] (fcs=[50 49])
(62,91): hsc=[ 20 104] (fcs=[143 143])
(62,92): hsc=[128 128] (fcs=[128 128])
(62,93): hsc=[128 128] (fcs=[128 128])
(62,94): hsc=[128 128] (fcs=[128 128])
(62,95): hsc=[  8 244] (fcs=[197 227])
(62,96): hsc=[140 184] (fcs=[177 193])
(62,97): hsc=[128 128] (fcs=[128 128])
(62,98): hsc=[ 14 158] (fcs=[206 229])
(62,99): hsc=[192  12] (fcs=[181 223])
(62,100): hsc=[222 202] (fcs=[143 144])
(62,101): hsc=[ 20 104] (fcs=[143 143])
(62,102): hsc=[ 92 120] (fcs=[69 69])
(62,103): hsc=[64  0] (fcs=[144 144])
(62,104): hsc=[64  0] (fcs=[144 144])
(62,105): hsc=[64  0] (fcs=[144 144])
(62,106): hsc=[64  0] (fcs=[144 144])
(62,107): hsc=[64  0] (fcs=[144 144])
(62,108): hsc=[64  0] (fcs=[144 144])
(62,109): hsc=[64  0] (fcs=[144 144])
(62,110): hsc=[64  0] (fcs=[144 144])
(62,111): hsc=[64  0] (fcs=[144 144])
(62,112): hsc=[64  0] (fcs=[144 144])
(62,113): hsc=[64  0] (fcs=[144 144])
(62,114): hsc=[64  0] (fcs=[144 144])
(62,115): hsc=[64  0] (fcs=[144 144])
(62,116): hsc=[64  0] (fcs=[144 144])
(62,117): hsc=[64  0] (fcs=[144 144])
(62,118): hsc=[64  0] (fcs=[144 144])
(62,119): hsc=[64  0] (fcs=[144 144])
(62,120): hsc=[64  0] (fcs=[144 144])
(62,121): hsc=[64  0] (fcs=[144 144])
(62,122): hsc=[64  0] (fcs=[144 144])
(62,123): hsc=[64  0] (fcs=[144 144])
(62,124): hsc=[64  0] (fcs=[144 144])
(62,125): hsc=[64  0] (fcs=[144 144])
(62,126): hsc=[128 128] (fcs=[128 128])
(62,127): hsc=[128 128] (fcs=[128 128])
(63,0): hsc=[128 128] (fcs=[128 128])
(63,1): hsc=[128 128] (fcs=[128 128])
(63,2): hsc=[64  0] (fcs=[144 144])
(63,3): hsc=[64  0] (fcs=[144 144])
(63,4): hsc=[64  0] (fcs=[144 144])
(63,5): hsc=[64  0] (fcs=[144 144])
(63,6): hsc=[64  0] (fcs=[144 144])
(63,7): hsc=[64  0] (fcs=[144 144])
(63,8): hsc=[64  0] (fcs=[144 144])
(63,9): hsc=[64  0] (fcs=[144 144])
(63,10): hsc=[64  0] (fcs=[144 144])
(63,11): hsc=[64  0] (fcs=[144 144])
(63,12): hsc=[64  0] (fcs=[144 144])
(63,13): hsc=[64  0] (fcs=[144 144])
(63,14): hsc=[64  0] (fcs=[144 144])
(63,15): hsc=[64  0] (fcs=[144 144])
(63,16): hsc=[64  0] (fcs=[144 144])
(63,17): hsc=[64  0] (fcs=[144 144])
(63,18): hsc=[64  0] (fcs=[144 144])
(63,19): hsc=[64  0] (fcs=[144 144])
(63,20): hsc=[64  0] (fcs=[144 144])
(63,21): hsc=[64  0] (fcs=[144 144])
(63,22): hsc=[64  0] (fcs=[144 144])
(63,23): hsc=[64  0] (fcs=[144 144])
(63,24): hsc=[64  0] (fcs=[144 144])
(63,25): hsc=[64  0] (fcs=[144 144])
(63,26): hsc=[64  0] (fcs=[144 144])
(63,27): hsc=[64  0] (fcs=[144 144])
(63,28): hsc=[64  0] (fcs=[144 144])
(63,29): hsc=[64  0] (fcs=[144 144])
(63,30): hsc=[64  0] (fcs=[144 144])
(63,31): hsc=[64  0] (fcs=[144 144])
(63,32): hsc=[64  0] (fcs=[144 144])
(63,33): hsc=[64  0] (fcs=[144 144])
(63,34): hsc=[184 112] (fcs=[42 42])
(63,35): hsc=[64  0] (fcs=[144 144])
(63,36): hsc=[128 128] (fcs=[128 128])
(63,37): hsc=[128 128] (fcs=[128 128])
(63,38): hsc=[222 202] (fcs=[143 144])
(63,39): hsc=[128 128] (fcs=[128 128])
(63,40): hsc=[128 128] (fcs=[128 128])
(63,41): hsc=[128 128] (fcs=[128 128])
(63,42): hsc=[128 128] (fcs=[128 128])
(63,43): hsc=[ 70 246] (fcs=[142 145])
(63,44): hsc=[128 128] (fcs=[128 128])
(63,45): hsc=[212 236] (fcs=[182 196])
(63,46): hsc=[112 168] (fcs=[146 142])
(63,47): hsc=[180  88] (fcs=[251 227])
(63,48): hsc=[128 128] (fcs=[128 128])
(63,49): hsc=[216 212] (fcs=[145 143])
(63,50): hsc=[118 158] (fcs=[144 143])
(63,51): hsc=[118 158] (fcs=[144 143])
(63,52): hsc=[118 158] (fcs=[144 143])
(63,53): hsc=[64  0] (fcs=[144 144])
(63,54): hsc=[64  0] (fcs=[144 144])
(63,55): hsc=[64  0] (fcs=[144 144])
(63,56): hsc=[128 164] (fcs=[79 77])
(63,57): hsc=[196  52] (fcs=[64 58])
(63,58): hsc=[224 208] (fcs=[68 60])
(63,59): hsc=[222 202] (fcs=[143 144])
(63,60): hsc=[128 128] (fcs=[128 128])
(63,61): hsc=[128 128] (fcs=[128 128])
(63,62): hsc=[128 128] (fcs=[128 128])
(63,63): hsc=[128 128] (fcs=[128 128])
(63,64): hsc=[126 190] (fcs=[210 201])
(63,65): hsc=[222 202] (fcs=[143 144])
(63,66): hsc=[124 148] (fcs=[142 144])
(63,67): hsc=[ 70 246] (fcs=[142 145])
(63,68): hsc=[ 70 246] (fcs=[142 145])
(63,69): hsc=[62 26] (fcs=[83 76])
(63,70): hsc=[222 202] (fcs=[143 144])
(63,71): hsc=[222 202] (fcs=[143 144])
(63,72): hsc=[64  0] (fcs=[144 144])
(63,73): hsc=[64  0] (fcs=[144 144])
(63,74): hsc=[64  0] (fcs=[144 144])
(63,75): hsc=[64  0] (fcs=[144 144])
(63,76): hsc=[118 158] (fcs=[144 143])
(63,77): hsc=[64  0] (fcs=[144 144])
(63,78): hsc=[118 158] (fcs=[144 143])
(63,79): hsc=[64  0] (fcs=[144 144])
(63,80): hsc=[64  0] (fcs=[144 144])
(63,81): hsc=[64  0] (fcs=[144 144])
(63,82): hsc=[64  0] (fcs=[144 144])
(63,83): hsc=[64  0] (fcs=[144 144])
(63,84): hsc=[64  0] (fcs=[144 144])
(63,85): hsc=[64  0] (fcs=[144 144])
(63,86): hsc=[64  0] (fcs=[144 144])
(63,87): hsc=[64  0] (fcs=[144 144])
(63,88): hsc=[64  0] (fcs=[144 144])
(63,89): hsc=[64  0] (fcs=[144 144])
(63,90): hsc=[64  0] (fcs=[144 144])
(63,91): hsc=[216 176] (fcs=[66 66])
(63,92): hsc=[186  46] (fcs=[65 60])
(63,93): hsc=[222 202] (fcs=[143 144])
(63,94): hsc=[222 202] (fcs=[143 144])
(63,95): hsc=[222 202] (fcs=[143 144])
(63,96): hsc=[118 158] (fcs=[144 143])
(63,97): hsc=[168  44] (fcs=[143 145])
(63,98): hsc=[124 148] (fcs=[142 144])
(63,99): hsc=[ 70 134] (fcs=[74 69])
(63,100): hsc=[222 202] (fcs=[143 144])
(63,101): hsc=[64  0] (fcs=[144 144])
(63,102): hsc=[64  0] (fcs=[144 144])
(63,103): hsc=[64  0] (fcs=[144 144])
(63,104): hsc=[64  0] (fcs=[144 144])
(63,105): hsc=[64  0] (fcs=[144 144])
(63,106): hsc=[64  0] (fcs=[144 144])
(63,107): hsc=[64  0] (fcs=[144 144])
(63,108): hsc=[64  0] (fcs=[144 144])
(63,109): hsc=[64  0] (fcs=[144 144])
(63,110): hsc=[64  0] (fcs=[144 144])
(63,111): hsc=[64  0] (fcs=[144 144])
(63,112): hsc=[64  0] (fcs=[144 144])
(63,113): hsc=[64  0] (fcs=[144 144])
(63,114): hsc=[64  0] (fcs=[144 144])
(63,115): hsc=[64  0] (fcs=[144 144])
(63,116): hsc=[64  0] (fcs=[144 144])
(63,117): hsc=[64  0] (fcs=[144 144])
(63,118): hsc=[64  0] (fcs=[144 144])
(63,119): hsc=[64  0] (fcs=[144 144])
(63,120): hsc=[64  0] (fcs=[144 144])
(63,121): hsc=[64  0] (fcs=[144 144])
(63,122): hsc=[64  0] (fcs=[144 144])
(63,123): hsc=[64  0] (fcs=[144 144])
(63,124): hsc=[64  0] (fcs=[144 144])
(63,125): hsc=[64  0] (fcs=[144 144])
(63,126): hsc=[128 128] (fcs=[128 128])
(63,127): hsc=[128 128] (fcs=[128 128])
(64,0): hsc=[128 128] (fcs=[128 128])
(64,1): hsc=[128 128] (fcs=[128 128])
(64,2): hsc=[64  0] (fcs=[144 144])
(64,3): hsc=[64  0] (fcs=[144 144])
(64,4): hsc=[64  0] (fcs=[144 144])
(64,5): hsc=[64  0] (fcs=[144 144])
(64,6): hsc=[64  0] (fcs=[144 144])
(64,7): hsc=[64  0] (fcs=[144 144])
(64,8): hsc=[64  0] (fcs=[144 144])
(64,9): hsc=[64  0] (fcs=[144 144])
(64,10): hsc=[64  0] (fcs=[144 144])
(64,11): hsc=[64  0] (fcs=[144 144])
(64,12): hsc=[64  0] (fcs=[144 144])
(64,13): hsc=[64  0] (fcs=[144 144])
(64,14): hsc=[64  0] (fcs=[144 144])
(64,15): hsc=[64  0] (fcs=[144 144])
(64,16): hsc=[64  0] (fcs=[144 144])
(64,17): hsc=[64  0] (fcs=[144 144])
(64,18): hsc=[64  0] (fcs=[144 144])
(64,19): hsc=[64  0] (fcs=[144 144])
(64,20): hsc=[64  0] (fcs=[144 144])
(64,21): hsc=[64  0] (fcs=[144 144])
(64,22): hsc=[64  0] (fcs=[144 144])
(64,23): hsc=[64  0] (fcs=[144 144])
(64,24): hsc=[64  0] (fcs=[144 144])
(64,25): hsc=[64  0] (fcs=[144 144])
(64,26): hsc=[64  0] (fcs=[144 144])
(64,27): hsc=[64  0] (fcs=[144 144])
(64,28): hsc=[64  0] (fcs=[144 144])
(64,29): hsc=[64  0] (fcs=[144 144])
(64,30): hsc=[64  0] (fcs=[144 144])
(64,31): hsc=[64  0] (fcs=[144 144])
(64,32): hsc=[64  0] (fcs=[144 144])
(64,33): hsc=[64  0] (fcs=[144 144])
(64,34): hsc=[64  0] (fcs=[144 144])
(64,35): hsc=[224  64] (fcs=[72 72])
(64,36): hsc=[222 202] (fcs=[143 144])
(64,37): hsc=[ 14 154] (fcs=[183 192])
(64,38): hsc=[128 128] (fcs=[128 128])
(64,39): hsc=[128 128] (fcs=[128 128])
(64,40): hsc=[168  44] (fcs=[143 145])
(64,41): hsc=[178  50] (fcs=[142 143])
(64,42): hsc=[ 40 192] (fcs=[194 202])
(64,43): hsc=[128 128] (fcs=[128 128])
(64,44): hsc=[ 70 246] (fcs=[142 145])
(64,45): hsc=[  6 154] (fcs=[45 46])
(64,46): hsc=[128 128] (fcs=[128 128])
(64,47): hsc=[128 128] (fcs=[128 128])
(64,48): hsc=[128 128] (fcs=[128 128])
(64,49): hsc=[118 158] (fcs=[144 143])
(64,50): hsc=[152 196] (fcs=[37 43])
(64,51): hsc=[118 158] (fcs=[144 143])
(64,52): hsc=[64  0] (fcs=[144 144])
(64,53): hsc=[232 208] (fcs=[78 78])
(64,54): hsc=[ 52 204] (fcs=[54 52])
(64,55): hsc=[118 158] (fcs=[144 143])
(64,56): hsc=[222 202] (fcs=[143 144])
(64,57): hsc=[128 128] (fcs=[128 128])
(64,58): hsc=[154 246] (fcs=[215 238])
(64,59): hsc=[128 128] (fcs=[128 128])
(64,60): hsc=[220  84] (fcs=[214 216])
(64,61): hsc=[118 158] (fcs=[144 143])
(64,62): hsc=[  8 200] (fcs=[72 76])
(64,63): hsc=[190  30] (fcs=[74 81])
(64,64): hsc=[78 98] (fcs=[69 74])
(64,65): hsc=[222 202] (fcs=[79 80])
(64,66): hsc=[118 158] (fcs=[144 143])
(64,67): hsc=[64  0] (fcs=[144 144])
(64,68): hsc=[64  0] (fcs=[144 144])
(64,69): hsc=[64  0] (fcs=[144 144])
(64,70): hsc=[64  0] (fcs=[144 144])
(64,71): hsc=[222 202] (fcs=[143 144])
(64,72): hsc=[64  0] (fcs=[144 144])
(64,73): hsc=[64  0] (fcs=[144 144])
(64,74): hsc=[64  0] (fcs=[144 144])
(64,75): hsc=[64  0] (fcs=[144 144])
(64,76): hsc=[64  0] (fcs=[144 144])
(64,77): hsc=[64  0] (fcs=[144 144])
(64,78): hsc=[64  0] (fcs=[144 144])
(64,79): hsc=[64  0] (fcs=[144 144])
(64,80): hsc=[64  0] (fcs=[144 144])
(64,81): hsc=[64  0] (fcs=[144 144])
(64,82): hsc=[64  0] (fcs=[144 144])
(64,83): hsc=[64  0] (fcs=[144 144])
(64,84): hsc=[64  0] (fcs=[144 144])
(64,85): hsc=[64  0] (fcs=[144 144])
(64,86): hsc=[64  0] (fcs=[144 144])
(64,87): hsc=[64  0] (fcs=[144 144])
(64,88): hsc=[64  0] (fcs=[144 144])
(64,89): hsc=[64  0] (fcs=[144 144])
(64,90): hsc=[64  0] (fcs=[144 144])
(64,91): hsc=[222 202] (fcs=[143 144])
(64,92): hsc=[64  0] (fcs=[144 144])
(64,93): hsc=[64  0] (fcs=[144 144])
(64,94): hsc=[118 158] (fcs=[144 143])
(64,95): hsc=[118 158] (fcs=[144 143])
(64,96): hsc=[118 158] (fcs=[144 143])
(64,97): hsc=[118 158] (fcs=[144 143])
(64,98): hsc=[64  0] (fcs=[144 144])
(64,99): hsc=[64  0] (fcs=[144 144])
(64,100): hsc=[64  0] (fcs=[144 144])
(64,101): hsc=[64  0] (fcs=[144 144])
(64,102): hsc=[64  0] (fcs=[144 144])
(64,103): hsc=[64  0] (fcs=[144 144])
(64,104): hsc=[64  0] (fcs=[144 144])
(64,105): hsc=[64  0] (fcs=[144 144])
(64,106): hsc=[64  0] (fcs=[144 144])
(64,107): hsc=[64  0] (fcs=[144 144])
(64,108): hsc=[64  0] (fcs=[144 144])
(64,109): hsc=[64  0] (fcs=[144 144])
(64,110): hsc=[64  0] (fcs=[144 144])
(64,111): hsc=[64  0] (fcs=[144 144])
(64,112): hsc=[64  0] (fcs=[144 144])
(64,113): hsc=[64  0] (fcs=[144 144])
(64,114): hsc=[64  0] (fcs=[144 144])
(64,115): hsc=[64  0] (fcs=[144 144])
(64,116): hsc=[64  0] (fcs=[144 144])
(64,117): hsc=[64  0] (fcs=[144 144])
(64,118): hsc=[64  0] (fcs=[144 144])
(64,119): hsc=[64  0] (fcs=[144 144])
(64,120): hsc=[64  0] (fcs=[144 144])
(64,121): hsc=[64  0] (fcs=[144 144])
(64,122): hsc=[64  0] (fcs=[144 144])
(64,123): hsc=[64  0] (fcs=[144 144])
(64,124): hsc=[64  0] (fcs=[144 144])
(64,125): hsc=[64  0] (fcs=[144 144])
(64,126): hsc=[128 128] (fcs=[128 128])
(64,127): hsc=[128 128] (fcs=[128 128])
(65,0): hsc=[128 128] (fcs=[128 128])
(65,1): hsc=[128 128] (fcs=[128 128])
(65,2): hsc=[64  0] (fcs=[144 144])
(65,3): hsc=[64  0] (fcs=[144 144])
(65,4): hsc=[64  0] (fcs=[144 144])
(65,5): hsc=[64  0] (fcs=[144 144])
(65,6): hsc=[64  0] (fcs=[144 144])
(65,7): hsc=[64  0] (fcs=[144 144])
(65,8): hsc=[64  0] (fcs=[144 144])
(65,9): hsc=[64  0] (fcs=[144 144])
(65,10): hsc=[64  0] (fcs=[144 144])
(65,11): hsc=[64  0] (fcs=[144 144])
(65,12): hsc=[64  0] (fcs=[144 144])
(65,13): hsc=[64  0] (fcs=[144 144])
(65,14): hsc=[64  0] (fcs=[144 144])
(65,15): hsc=[64  0] (fcs=[144 144])
(65,16): hsc=[64  0] (fcs=[144 144])
(65,17): hsc=[64  0] (fcs=[144 144])
(65,18): hsc=[64  0] (fcs=[144 144])
(65,19): hsc=[64  0] (fcs=[144 144])
(65,20): hsc=[64  0] (fcs=[144 144])
(65,21): hsc=[64  0] (fcs=[144 144])
(65,22): hsc=[64  0] (fcs=[144 144])
(65,23): hsc=[64  0] (fcs=[144 144])
(65,24): hsc=[64  0] (fcs=[144 144])
(65,25): hsc=[64  0] (fcs=[144 144])
(65,26): hsc=[64  0] (fcs=[144 144])
(65,27): hsc=[64  0] (fcs=[144 144])
(65,28): hsc=[64  0] (fcs=[144 144])
(65,29): hsc=[64  0] (fcs=[144 144])
(65,30): hsc=[64  0] (fcs=[144 144])
(65,31): hsc=[64  0] (fcs=[144 144])
(65,32): hsc=[64  0] (fcs=[144 144])
(65,33): hsc=[64  0] (fcs=[144 144])
(65,34): hsc=[64  0] (fcs=[144 144])
(65,35): hsc=[222 202] (fcs=[143 144])
(65,36): hsc=[64  0] (fcs=[144 144])
(65,37): hsc=[ 48 224] (fcs=[68 68])
(65,38): hsc=[222 202] (fcs=[143 144])
(65,39): hsc=[108  80] (fcs=[179 183])
(65,40): hsc=[128 128] (fcs=[128 128])
(65,41): hsc=[64  0] (fcs=[144 144])
(65,42): hsc=[ 20 104] (fcs=[143 143])
(65,43): hsc=[222 202] (fcs=[143 144])
(65,44): hsc=[114  30] (fcs=[75 70])
(65,45): hsc=[128 128] (fcs=[128 128])
(65,46): hsc=[128 128] (fcs=[128 128])
(65,47): hsc=[136 236] (fcs=[183 185])
(65,48): hsc=[128 128] (fcs=[128 128])
(65,49): hsc=[118 158] (fcs=[144 143])
(65,50): hsc=[128 128] (fcs=[128 128])
(65,51): hsc=[ 12 216] (fcs=[73 73])
(65,52): hsc=[208  32] (fcs=[60 60])
(65,53): hsc=[128 128] (fcs=[128 128])
(65,54): hsc=[118 158] (fcs=[144 143])
(65,55): hsc=[128 128] (fcs=[128 128])
(65,56): hsc=[128 128] (fcs=[128 128])
(65,57): hsc=[32 84] (fcs=[139 145])
(65,58): hsc=[84 12] (fcs=[78 76])
(65,59): hsc=[ 52 240] (fcs=[69 65])
(65,60): hsc=[218 182] (fcs=[55 46])
(65,61): hsc=[234  70] (fcs=[71 70])
(65,62): hsc=[64  0] (fcs=[144 144])
(65,63): hsc=[64  0] (fcs=[144 144])
(65,64): hsc=[118 158] (fcs=[144 143])
(65,65): hsc=[64  0] (fcs=[144 144])
(65,66): hsc=[64  0] (fcs=[144 144])
(65,67): hsc=[64  0] (fcs=[144 144])
(65,68): hsc=[64  0] (fcs=[144 144])
(65,69): hsc=[64  0] (fcs=[144 144])
(65,70): hsc=[64  0] (fcs=[144 144])
(65,71): hsc=[64  0] (fcs=[144 144])
(65,72): hsc=[64  0] (fcs=[144 144])
(65,73): hsc=[64  0] (fcs=[144 144])
(65,74): hsc=[64  0] (fcs=[144 144])
(65,75): hsc=[64  0] (fcs=[144 144])
(65,76): hsc=[64  0] (fcs=[144 144])
(65,77): hsc=[64  0] (fcs=[144 144])
(65,78): hsc=[64  0] (fcs=[144 144])
(65,79): hsc=[64  0] (fcs=[144 144])
(65,80): hsc=[64  0] (fcs=[144 144])
(65,81): hsc=[64  0] (fcs=[144 144])
(65,82): hsc=[64  0] (fcs=[144 144])
(65,83): hsc=[64  0] (fcs=[144 144])
(65,84): hsc=[64  0] (fcs=[144 144])
(65,85): hsc=[64  0] (fcs=[144 144])
(65,86): hsc=[64  0] (fcs=[144 144])
(65,87): hsc=[64  0] (fcs=[144 144])
(65,88): hsc=[64  0] (fcs=[144 144])
(65,89): hsc=[64  0] (fcs=[144 144])
(65,90): hsc=[64  0] (fcs=[144 144])
(65,91): hsc=[64  0] (fcs=[144 144])
(65,92): hsc=[64  0] (fcs=[144 144])
(65,93): hsc=[64  0] (fcs=[144 144])
(65,94): hsc=[118 158] (fcs=[144 143])
(65,95): hsc=[64  0] (fcs=[144 144])
(65,96): hsc=[118 158] (fcs=[144 143])
(65,97): hsc=[64  0] (fcs=[144 144])
(65,98): hsc=[64  0] (fcs=[144 144])
(65,99): hsc=[64  0] (fcs=[144 144])
(65,100): hsc=[64  0] (fcs=[144 144])
(65,101): hsc=[64  0] (fcs=[144 144])
(65,102): hsc=[64  0] (fcs=[144 144])
(65,103): hsc=[64  0] (fcs=[144 144])
(65,104): hsc=[64  0] (fcs=[144 144])
(65,105): hsc=[64  0] (fcs=[144 144])
(65,106): hsc=[64  0] (fcs=[144 144])
(65,107): hsc=[64  0] (fcs=[144 144])
(65,108): hsc=[64  0] (fcs=[144 144])
(65,109): hsc=[64  0] (fcs=[144 144])
(65,110): hsc=[64  0] (fcs=[144 144])
(65,111): hsc=[64  0] (fcs=[144 144])
(65,112): hsc=[64  0] (fcs=[144 144])
(65,113): hsc=[64  0] (fcs=[144 144])
(65,114): hsc=[64  0] (fcs=[144 144])
(65,115): hsc=[64  0] (fcs=[144 144])
(65,116): hsc=[64  0] (fcs=[144 144])
(65,117): hsc=[64  0] (fcs=[144 144])
(65,118): hsc=[64  0] (fcs=[144 144])
(65,119): hsc=[64  0] (fcs=[144 144])
(65,120): hsc=[64  0] (fcs=[144 144])
(65,121): hsc=[64  0] (fcs=[144 144])
(65,122): hsc=[64  0] (fcs=[144 144])
(65,123): hsc=[64  0] (fcs=[144 144])
(65,124): hsc=[64  0] (fcs=[144 144])
(65,125): hsc=[64  0] (fcs=[144 144])
(65,126): hsc=[128 128] (fcs=[128 128])
(65,127): hsc=[128 128] (fcs=[128 128])
(66,0): hsc=[128 128] (fcs=[128 128])
(66,1): hsc=[128 128] (fcs=[128 128])
(66,2): hsc=[64  0] (fcs=[144 144])
(66,3): hsc=[64  0] (fcs=[144 144])
(66,4): hsc=[64  0] (fcs=[144 144])
(66,5): hsc=[64  0] (fcs=[144 144])
(66,6): hsc=[64  0] (fcs=[144 144])
(66,7): hsc=[64  0] (fcs=[144 144])
(66,8): hsc=[64  0] (fcs=[144 144])
(66,9): hsc=[64  0] (fcs=[144 144])
(66,10): hsc=[64  0] (fcs=[144 144])
(66,11): hsc=[64  0] (fcs=[144 144])
(66,12): hsc=[64  0] (fcs=[144 144])
(66,13): hsc=[64  0] (fcs=[144 144])
(66,14): hsc=[64  0] (fcs=[144 144])
(66,15): hsc=[64  0] (fcs=[144 144])
(66,16): hsc=[64  0] (fcs=[144 144])
(66,17): hsc=[64  0] (fcs=[144 144])
(66,18): hsc=[64  0] (fcs=[144 144])
(66,19): hsc=[64  0] (fcs=[144 144])
(66,20): hsc=[64  0] (fcs=[144 144])
(66,21): hsc=[64  0] (fcs=[144 144])
(66,22): hsc=[64  0] (fcs=[144 144])
(66,23): hsc=[64  0] (fcs=[144 144])
(66,24): hsc=[64  0] (fcs=[144 144])
(66,25): hsc=[64  0] (fcs=[144 144])
(66,26): hsc=[64  0] (fcs=[144 144])
(66,27): hsc=[64  0] (fcs=[144 144])
(66,28): hsc=[64  0] (fcs=[144 144])
(66,29): hsc=[64  0] (fcs=[144 144])
(66,30): hsc=[64  0] (fcs=[144 144])
(66,31): hsc=[64  0] (fcs=[144 144])
(66,32): hsc=[64  0] (fcs=[144 144])
(66,33): hsc=[64  0] (fcs=[144 144])
(66,34): hsc=[64  0] (fcs=[144 144])
(66,35): hsc=[64  0] (fcs=[144 144])
(66,36): hsc=[64  0] (fcs=[144 144])
(66,37): hsc=[222 202] (fcs=[143 144])
(66,38): hsc=[64  0] (fcs=[144 144])
(66,39): hsc=[118 158] (fcs=[144 143])
(66,40): hsc=[118 158] (fcs=[144 143])
(66,41): hsc=[118 158] (fcs=[144 143])
(66,42): hsc=[118 158] (fcs=[144 143])
(66,43): hsc=[64  0] (fcs=[144 144])
(66,44): hsc=[64  0] (fcs=[144 144])
(66,45): hsc=[216 176] (fcs=[66 66])
(66,46): hsc=[128 128] (fcs=[128 128])
(66,47): hsc=[210 186] (fcs=[196 193])
(66,48): hsc=[128 128] (fcs=[128 128])
(66,49): hsc=[118 158] (fcs=[144 143])
(66,50): hsc=[128 128] (fcs=[128 128])
(66,51): hsc=[128 128] (fcs=[128 128])
(66,52): hsc=[128 128] (fcs=[128 128])
(66,53): hsc=[226 110] (fcs=[35 38])
(66,54): hsc=[128 128] (fcs=[128 128])
(66,55): hsc=[128 128] (fcs=[128 128])
(66,56): hsc=[128 128] (fcs=[128 128])
(66,57): hsc=[128 128] (fcs=[128 128])
(66,58): hsc=[128 128] (fcs=[128 128])
(66,59): hsc=[64  0] (fcs=[144 144])
(66,60): hsc=[64  0] (fcs=[144 144])
(66,61): hsc=[222 202] (fcs=[143 144])
(66,62): hsc=[64  0] (fcs=[144 144])
(66,63): hsc=[64  0] (fcs=[144 144])
(66,64): hsc=[64  0] (fcs=[144 144])
(66,65): hsc=[64  0] (fcs=[144 144])
(66,66): hsc=[64  0] (fcs=[144 144])
(66,67): hsc=[64  0] (fcs=[144 144])
(66,68): hsc=[64  0] (fcs=[144 144])
(66,69): hsc=[64  0] (fcs=[144 144])
(66,70): hsc=[64  0] (fcs=[144 144])
(66,71): hsc=[64  0] (fcs=[144 144])
(66,72): hsc=[64  0] (fcs=[144 144])
(66,73): hsc=[64  0] (fcs=[144 144])
(66,74): hsc=[64  0] (fcs=[144 144])
(66,75): hsc=[64  0] (fcs=[144 144])
(66,76): hsc=[64  0] (fcs=[144 144])
(66,77): hsc=[64  0] (fcs=[144 144])
(66,78): hsc=[64  0] (fcs=[144 144])
(66,79): hsc=[64  0] (fcs=[144 144])
(66,80): hsc=[64  0] (fcs=[144 144])
(66,81): hsc=[64  0] (fcs=[144 144])
(66,82): hsc=[64  0] (fcs=[144 144])
(66,83): hsc=[64  0] (fcs=[144 144])
(66,84): hsc=[64  0] (fcs=[144 144])
(66,85): hsc=[64  0] (fcs=[144 144])
(66,86): hsc=[64  0] (fcs=[144 144])
(66,87): hsc=[64  0] (fcs=[144 144])
(66,88): hsc=[64  0] (fcs=[144 144])
(66,89): hsc=[64  0] (fcs=[144 144])
(66,90): hsc=[64  0] (fcs=[144 144])
(66,91): hsc=[64  0] (fcs=[144 144])
(66,92): hsc=[64  0] (fcs=[144 144])
(66,93): hsc=[64  0] (fcs=[144 144])
(66,94): hsc=[64  0] (fcs=[144 144])
(66,95): hsc=[64  0] (fcs=[144 144])
(66,96): hsc=[64  0] (fcs=[144 144])
(66,97): hsc=[64  0] (fcs=[144 144])
(66,98): hsc=[64  0] (fcs=[144 144])
(66,99): hsc=[64  0] (fcs=[144 144])
(66,100): hsc=[64  0] (fcs=[144 144])
(66,101): hsc=[64  0] (fcs=[144 144])
(66,102): hsc=[64  0] (fcs=[144 144])
(66,103): hsc=[64  0] (fcs=[144 144])
(66,104): hsc=[64  0] (fcs=[144 144])
(66,105): hsc=[64  0] (fcs=[144 144])
(66,106): hsc=[64  0] (fcs=[144 144])
(66,107): hsc=[64  0] (fcs=[144 144])
(66,108): hsc=[64  0] (fcs=[144 144])
(66,109): hsc=[64  0] (fcs=[144 144])
(66,110): hsc=[64  0] (fcs=[144 144])
(66,111): hsc=[64  0] (fcs=[144 144])
(66,112): hsc=[64  0] (fcs=[144 144])
(66,113): hsc=[64  0] (fcs=[144 144])
(66,114): hsc=[64  0] (fcs=[144 144])
(66,115): hsc=[64  0] (fcs=[144 144])
(66,116): hsc=[64  0] (fcs=[144 144])
(66,117): hsc=[64  0] (fcs=[144 144])
(66,118): hsc=[64  0] (fcs=[144 144])
(66,119): hsc=[64  0] (fcs=[144 144])
(66,120): hsc=[64  0] (fcs=[144 144])
(66,121): hsc=[64  0] (fcs=[144 144])
(66,122): hsc=[64  0] (fcs=[144 144])
(66,123): hsc=[64  0] (fcs=[144 144])
(66,124): hsc=[64  0] (fcs=[144 144])
(66,125): hsc=[64  0] (fcs=[144 144])
(66,126): hsc=[128 128] (fcs=[128 128])
(66,127): hsc=[128 128] (fcs=[128 128])
(67,0): hsc=[128 128] (fcs=[128 128])
(67,1): hsc=[128 128] (fcs=[128 128])
(67,2): hsc=[64  0] (fcs=[144 144])
(67,3): hsc=[64  0] (fcs=[144 144])
(67,4): hsc=[64  0] (fcs=[144 144])
(67,5): hsc=[64  0] (fcs=[144 144])
(67,6): hsc=[64  0] (fcs=[144 144])
(67,7): hsc=[64  0] (fcs=[144 144])
(67,8): hsc=[64  0] (fcs=[144 144])
(67,9): hsc=[64  0] (fcs=[144 144])
(67,10): hsc=[64  0] (fcs=[144 144])
(67,11): hsc=[64  0] (fcs=[144 144])
(67,12): hsc=[64  0] (fcs=[144 144])
(67,13): hsc=[64  0] (fcs=[144 144])
(67,14): hsc=[64  0] (fcs=[144 144])
(67,15): hsc=[64  0] (fcs=[144 144])
(67,16): hsc=[64  0] (fcs=[144 144])
(67,17): hsc=[64  0] (fcs=[144 144])
(67,18): hsc=[64  0] (fcs=[144 144])
(67,19): hsc=[64  0] (fcs=[144 144])
(67,20): hsc=[64  0] (fcs=[144 144])
(67,21): hsc=[64  0] (fcs=[144 144])
(67,22): hsc=[64  0] (fcs=[144 144])
(67,23): hsc=[64  0] (fcs=[144 144])
(67,24): hsc=[64  0] (fcs=[144 144])
(67,25): hsc=[64  0] (fcs=[144 144])
(67,26): hsc=[64  0] (fcs=[144 144])
(67,27): hsc=[64  0] (fcs=[144 144])
(67,28): hsc=[64  0] (fcs=[144 144])
(67,29): hsc=[64  0] (fcs=[144 144])
(67,30): hsc=[64  0] (fcs=[144 144])
(67,31): hsc=[64  0] (fcs=[144 144])
(67,32): hsc=[64  0] (fcs=[144 144])
(67,33): hsc=[64  0] (fcs=[144 144])
(67,34): hsc=[64  0] (fcs=[144 144])
(67,35): hsc=[64  0] (fcs=[144 144])
(67,36): hsc=[64  0] (fcs=[144 144])
(67,37): hsc=[64  0] (fcs=[144 144])
(67,38): hsc=[118 158] (fcs=[144 143])
(67,39): hsc=[64  0] (fcs=[144 144])
(67,40): hsc=[118 158] (fcs=[144 143])
(67,41): hsc=[64  0] (fcs=[144 144])
(67,42): hsc=[118 158] (fcs=[144 143])
(67,43): hsc=[64  0] (fcs=[144 144])
(67,44): hsc=[118 158] (fcs=[144 143])
(67,45): hsc=[64  0] (fcs=[144 144])
(67,46): hsc=[226 110] (fcs=[35 38])
(67,47): hsc=[118 158] (fcs=[144 143])
(67,48): hsc=[128 128] (fcs=[128 128])
(67,49): hsc=[128 128] (fcs=[128 128])
(67,50): hsc=[240 204] (fcs=[65 59])
(67,51): hsc=[ 36 172] (fcs=[42 40])
(67,52): hsc=[196  52] (fcs=[64 58])
(67,53): hsc=[ 28 220] (fcs=[180 210])
(67,54): hsc=[128 128] (fcs=[128 128])
(67,55): hsc=[128 128] (fcs=[128 128])
(67,56): hsc=[ 12 180] (fcs=[58 60])
(67,57): hsc=[96 64] (fcs=[40 40])
(67,58): hsc=[64  0] (fcs=[144 144])
(67,59): hsc=[64  0] (fcs=[144 144])
(67,60): hsc=[64  0] (fcs=[144 144])
(67,61): hsc=[64  0] (fcs=[144 144])
(67,62): hsc=[64  0] (fcs=[144 144])
(67,63): hsc=[64  0] (fcs=[144 144])
(67,64): hsc=[64  0] (fcs=[144 144])
(67,65): hsc=[64  0] (fcs=[144 144])
(67,66): hsc=[64  0] (fcs=[144 144])
(67,67): hsc=[64  0] (fcs=[144 144])
(67,68): hsc=[64  0] (fcs=[144 144])
(67,69): hsc=[64  0] (fcs=[144 144])
(67,70): hsc=[64  0] (fcs=[144 144])
(67,71): hsc=[64  0] (fcs=[144 144])
(67,72): hsc=[64  0] (fcs=[144 144])
(67,73): hsc=[64  0] (fcs=[144 144])
(67,74): hsc=[64  0] (fcs=[144 144])
(67,75): hsc=[64  0] (fcs=[144 144])
(67,76): hsc=[64  0] (fcs=[144 144])
(67,77): hsc=[64  0] (fcs=[144 144])
(67,78): hsc=[64  0] (fcs=[144 144])
(67,79): hsc=[64  0] (fcs=[144 144])
(67,80): hsc=[64  0] (fcs=[144 144])
(67,81): hsc=[64  0] (fcs=[144 144])
(67,82): hsc=[64  0] (fcs=[144 144])
(67,83): hsc=[64  0] (fcs=[144 144])
(67,84): hsc=[64  0] (fcs=[144 144])
(67,85): hsc=[64  0] (fcs=[144 144])
(67,86): hsc=[64  0] (fcs=[144 144])
(67,87): hsc=[64  0] (fcs=[144 144])
(67,88): hsc=[64  0] (fcs=[144 144])
(67,89): hsc=[64  0] (fcs=[144 144])
(67,90): hsc=[64  0] (fcs=[144 144])
(67,91): hsc=[64  0] (fcs=[144 144])
(67,92): hsc=[64  0] (fcs=[144 144])
(67,93): hsc=[64  0] (fcs=[144 144])
(67,94): hsc=[64  0] (fcs=[144 144])
(67,95): hsc=[64  0] (fcs=[144 144])
(67,96): hsc=[64  0] (fcs=[144 144])
(67,97): hsc=[64  0] (fcs=[144 144])
(67,98): hsc=[64  0] (fcs=[144 144])
(67,99): hsc=[64  0] (fcs=[144 144])
(67,100): hsc=[64  0] (fcs=[144 144])
(67,101): hsc=[64  0] (fcs=[144 144])
(67,102): hsc=[64  0] (fcs=[144 144])
(67,103): hsc=[64  0] (fcs=[144 144])
(67,104): hsc=[64  0] (fcs=[144 144])
(67,105): hsc=[64  0] (fcs=[144 144])
(67,106): hsc=[64  0] (fcs=[144 144])
(67,107): hsc=[64  0] (fcs=[144 144])
(67,108): hsc=[64  0] (fcs=[144 144])
(67,109): hsc=[64  0] (fcs=[144 144])
(67,110): hsc=[64  0] (fcs=[144 144])
(67,111): hsc=[64  0] (fcs=[144 144])
(67,112): hsc=[64  0] (fcs=[144 144])
(67,113): hsc=[64  0] (fcs=[144 144])
(67,114): hsc=[64  0] (fcs=[144 144])
(67,115): hsc=[64  0] (fcs=[144 144])
(67,116): hsc=[64  0] (fcs=[144 144])
(67,117): hsc=[64  0] (fcs=[144 144])
(67,118): hsc=[64  0] (fcs=[144 144])
(67,119): hsc=[64  0] (fcs=[144 144])
(67,120): hsc=[64  0] (fcs=[144 144])
(67,121): hsc=[64  0] (fcs=[144 144])
(67,122): hsc=[64  0] (fcs=[144 144])
(67,123): hsc=[64  0] (fcs=[144 144])
(67,124): hsc=[64  0] (fcs=[144 144])
(67,125): hsc=[64  0] (fcs=[144 144])
(67,126): hsc=[128 128] (fcs=[128 128])
(67,127): hsc=[128 128] (fcs=[128 128])
(68,0): hsc=[128 128] (fcs=[128 128])
(68,1): hsc=[128 128] (fcs=[128 128])
(68,2): hsc=[64  0] (fcs=[144 144])
(68,3): hsc=[64  0] (fcs=[144 144])
(68,4): hsc=[64  0] (fcs=[144 144])
(68,5): hsc=[64  0] (fcs=[144 144])
(68,6): hsc=[64  0] (fcs=[144 144])
(68,7): hsc=[64  0] (fcs=[144 144])
(68,8): hsc=[64  0] (fcs=[144 144])
(68,9): hsc=[64  0] (fcs=[144 144])
(68,10): hsc=[64  0] (fcs=[144 144])
(68,11): hsc=[64  0] (fcs=[144 144])
(68,12): hsc=[64  0] (fcs=[144 144])
(68,13): hsc=[64  0] (fcs=[144 144])
(68,14): hsc=[64  0] (fcs=[144 144])
(68,15): hsc=[64  0] (fcs=[144 144])
(68,16): hsc=[64  0] (fcs=[144 144])
(68,17): hsc=[64  0] (fcs=[144 144])
(68,18): hsc=[64  0] (fcs=[144 144])
(68,19): hsc=[64  0] (fcs=[144 144])
(68,20): hsc=[64  0] (fcs=[144 144])
(68,21): hsc=[64  0] (fcs=[144 144])
(68,22): hsc=[64  0] (fcs=[144 144])
(68,23): hsc=[64  0] (fcs=[144 144])
(68,24): hsc=[64  0] (fcs=[144 144])
(68,25): hsc=[64  0] (fcs=[144 144])
(68,26): hsc=[64  0] (fcs=[144 144])
(68,27): hsc=[64  0] (fcs=[144 144])
(68,28): hsc=[64  0] (fcs=[144 144])
(68,29): hsc=[64  0] (fcs=[144 144])
(68,30): hsc=[64  0] (fcs=[144 144])
(68,31): hsc=[64  0] (fcs=[144 144])
(68,32): hsc=[64  0] (fcs=[144 144])
(68,33): hsc=[64  0] (fcs=[144 144])
(68,34): hsc=[64  0] (fcs=[144 144])
(68,35): hsc=[64  0] (fcs=[144 144])
(68,36): hsc=[64  0] (fcs=[144 144])
(68,37): hsc=[64  0] (fcs=[144 144])
(68,38): hsc=[64  0] (fcs=[144 144])
(68,39): hsc=[64  0] (fcs=[144 144])
(68,40): hsc=[64  0] (fcs=[144 144])
(68,41): hsc=[64  0] (fcs=[144 144])
(68,42): hsc=[64  0] (fcs=[144 144])
(68,43): hsc=[64  0] (fcs=[144 144])
(68,44): hsc=[64  0] (fcs=[144 144])
(68,45): hsc=[64  0] (fcs=[144 144])
(68,46): hsc=[232 208] (fcs=[78 78])
(68,47): hsc=[118 158] (fcs=[144 143])
(68,48): hsc=[222 202] (fcs=[143 144])
(68,49): hsc=[136 128] (fcs=[202 210])
(68,50): hsc=[128 128] (fcs=[128 128])
(68,51): hsc=[128 248] (fcs=[178 214])
(68,52): hsc=[34 22] (fcs=[185 200])
(68,53): hsc=[ 28 180] (fcs=[206 224])
(68,54): hsc=[222 202] (fcs=[143 144])
(68,55): hsc=[118 158] (fcs=[144 143])
(68,56): hsc=[208  32] (fcs=[60 60])
(68,57): hsc=[64  0] (fcs=[144 144])
(68,58): hsc=[64  0] (fcs=[144 144])
(68,59): hsc=[64  0] (fcs=[144 144])
(68,60): hsc=[64  0] (fcs=[144 144])
(68,61): hsc=[64  0] (fcs=[144 144])
(68,62): hsc=[64  0] (fcs=[144 144])
(68,63): hsc=[64  0] (fcs=[144 144])
(68,64): hsc=[64  0] (fcs=[144 144])
(68,65): hsc=[64  0] (fcs=[144 144])
(68,66): hsc=[64  0] (fcs=[144 144])
(68,67): hsc=[64  0] (fcs=[144 144])
(68,68): hsc=[64  0] (fcs=[144 144])
(68,69): hsc=[64  0] (fcs=[144 144])
(68,70): hsc=[64  0] (fcs=[144 144])
(68,71): hsc=[64  0] (fcs=[144 144])
(68,72): hsc=[64  0] (fcs=[144 144])
(68,73): hsc=[64  0] (fcs=[144 144])
(68,74): hsc=[64  0] (fcs=[144 144])
(68,75): hsc=[64  0] (fcs=[144 144])
(68,76): hsc=[64  0] (fcs=[144 144])
(68,77): hsc=[64  0] (fcs=[144 144])
(68,78): hsc=[64  0] (fcs=[144 144])
(68,79): hsc=[64  0] (fcs=[144 144])
(68,80): hsc=[64  0] (fcs=[144 144])
(68,81): hsc=[64  0] (fcs=[144 144])
(68,82): hsc=[64  0] (fcs=[144 144])
(68,83): hsc=[64  0] (fcs=[144 144])
(68,84): hsc=[64  0] (fcs=[144 144])
(68,85): hsc=[64  0] (fcs=[144 144])
(68,86): hsc=[64  0] (fcs=[144 144])
(68,87): hsc=[64  0] (fcs=[144 144])
(68,88): hsc=[64  0] (fcs=[144 144])
(68,89): hsc=[64  0] (fcs=[144 144])
(68,90): hsc=[64  0] (fcs=[144 144])
(68,91): hsc=[64  0] (fcs=[144 144])
(68,92): hsc=[64  0] (fcs=[144 144])
(68,93): hsc=[64  0] (fcs=[144 144])
(68,94): hsc=[64  0] (fcs=[144 144])
(68,95): hsc=[64  0] (fcs=[144 144])
(68,96): hsc=[64  0] (fcs=[144 144])
(68,97): hsc=[64  0] (fcs=[144 144])
(68,98): hsc=[64  0] (fcs=[144 144])
(68,99): hsc=[64  0] (fcs=[144 144])
(68,100): hsc=[64  0] (fcs=[144 144])
(68,101): hsc=[64  0] (fcs=[144 144])
(68,102): hsc=[64  0] (fcs=[144 144])
(68,103): hsc=[64  0] (fcs=[144 144])
(68,104): hsc=[64  0] (fcs=[144 144])
(68,105): hsc=[64  0] (fcs=[144 144])
(68,106): hsc=[64  0] (fcs=[144 144])
(68,107): hsc=[64  0] (fcs=[144 144])
(68,108): hsc=[64  0] (fcs=[144 144])
(68,109): hsc=[64  0] (fcs=[144 144])
(68,110): hsc=[64  0] (fcs=[144 144])
(68,111): hsc=[64  0] (fcs=[144 144])
(68,112): hsc=[64  0] (fcs=[144 144])
(68,113): hsc=[64  0] (fcs=[144 144])
(68,114): hsc=[64  0] (fcs=[144 144])
(68,115): hsc=[64  0] (fcs=[144 144])
(68,116): hsc=[64  0] (fcs=[144 144])
(68,117): hsc=[64  0] (fcs=[144 144])
(68,118): hsc=[64  0] (fcs=[144 144])
(68,119): hsc=[64  0] (fcs=[144 144])
(68,120): hsc=[64  0] (fcs=[144 144])
(68,121): hsc=[64  0] (fcs=[144 144])
(68,122): hsc=[64  0] (fcs=[144 144])
(68,123): hsc=[64  0] (fcs=[144 144])
(68,124): hsc=[64  0] (fcs=[144 144])
(68,125): hsc=[64  0] (fcs=[144 144])
(68,126): hsc=[128 128] (fcs=[128 128])
(68,127): hsc=[128 128] (fcs=[128 128])
(69,0): hsc=[128 128] (fcs=[128 128])
(69,1): hsc=[128 128] (fcs=[128 128])
(69,2): hsc=[64  0] (fcs=[144 144])
(69,3): hsc=[64  0] (fcs=[144 144])
(69,4): hsc=[64  0] (fcs=[144 144])
(69,5): hsc=[64  0] (fcs=[144 144])
(69,6): hsc=[64  0] (fcs=[144 144])
(69,7): hsc=[64  0] (fcs=[144 144])
(69,8): hsc=[64  0] (fcs=[144 144])
(69,9): hsc=[64  0] (fcs=[144 144])
(69,10): hsc=[64  0] (fcs=[144 144])
(69,11): hsc=[64  0] (fcs=[144 144])
(69,12): hsc=[64  0] (fcs=[144 144])
(69,13): hsc=[64  0] (fcs=[144 144])
(69,14): hsc=[64  0] (fcs=[144 144])
(69,15): hsc=[64  0] (fcs=[144 144])
(69,16): hsc=[64  0] (fcs=[144 144])
(69,17): hsc=[64  0] (fcs=[144 144])
(69,18): hsc=[64  0] (fcs=[144 144])
(69,19): hsc=[64  0] (fcs=[144 144])
(69,20): hsc=[64  0] (fcs=[144 144])
(69,21): hsc=[64  0] (fcs=[144 144])
(69,22): hsc=[64  0] (fcs=[144 144])
(69,23): hsc=[64  0] (fcs=[144 144])
(69,24): hsc=[64  0] (fcs=[144 144])
(69,25): hsc=[64  0] (fcs=[144 144])
(69,26): hsc=[64  0] (fcs=[144 144])
(69,27): hsc=[64  0] (fcs=[144 144])
(69,28): hsc=[64  0] (fcs=[144 144])
(69,29): hsc=[64  0] (fcs=[144 144])
(69,30): hsc=[64  0] (fcs=[144 144])
(69,31): hsc=[64  0] (fcs=[144 144])
(69,32): hsc=[64  0] (fcs=[144 144])
(69,33): hsc=[64  0] (fcs=[144 144])
(69,34): hsc=[64  0] (fcs=[144 144])
(69,35): hsc=[64  0] (fcs=[144 144])
(69,36): hsc=[64  0] (fcs=[144 144])
(69,37): hsc=[64  0] (fcs=[144 144])
(69,38): hsc=[64  0] (fcs=[144 144])
(69,39): hsc=[64  0] (fcs=[144 144])
(69,40): hsc=[64  0] (fcs=[144 144])
(69,41): hsc=[64  0] (fcs=[144 144])
(69,42): hsc=[64  0] (fcs=[144 144])
(69,43): hsc=[64  0] (fcs=[144 144])
(69,44): hsc=[64  0] (fcs=[144 144])
(69,45): hsc=[64  0] (fcs=[144 144])
(69,46): hsc=[64  0] (fcs=[144 144])
(69,47): hsc=[64  0] (fcs=[144 144])
(69,48): hsc=[64  0] (fcs=[144 144])
(69,49): hsc=[222 202] (fcs=[143 144])
(69,50): hsc=[124 148] (fcs=[142 144])
(69,51): hsc=[228 192] (fcs=[141 145])
(69,52): hsc=[196  88] (fcs=[79 71])
(69,53): hsc=[168 188] (fcs=[75 69])
(69,54): hsc=[222 202] (fcs=[143 144])
(69,55): hsc=[64  0] (fcs=[144 144])
(69,56): hsc=[64  0] (fcs=[144 144])
(69,57): hsc=[64  0] (fcs=[144 144])
(69,58): hsc=[64  0] (fcs=[144 144])
(69,59): hsc=[64  0] (fcs=[144 144])
(69,60): hsc=[64  0] (fcs=[144 144])
(69,61): hsc=[64  0] (fcs=[144 144])
(69,62): hsc=[64  0] (fcs=[144 144])
(69,63): hsc=[64  0] (fcs=[144 144])
(69,64): hsc=[64  0] (fcs=[144 144])
(69,65): hsc=[64  0] (fcs=[144 144])
(69,66): hsc=[64  0] (fcs=[144 144])
(69,67): hsc=[64  0] (fcs=[144 144])
(69,68): hsc=[64  0] (fcs=[144 144])
(69,69): hsc=[64  0] (fcs=[144 144])
(69,70): hsc=[64  0] (fcs=[144 144])
(69,71): hsc=[64  0] (fcs=[144 144])
(69,72): hsc=[64  0] (fcs=[144 144])
(69,73): hsc=[64  0] (fcs=[144 144])
(69,74): hsc=[64  0] (fcs=[144 144])
(69,75): hsc=[64  0] (fcs=[144 144])
(69,76): hsc=[64  0] (fcs=[144 144])
(69,77): hsc=[64  0] (fcs=[144 144])
(69,78): hsc=[64  0] (fcs=[144 144])
(69,79): hsc=[64  0] (fcs=[144 144])
(69,80): hsc=[64  0] (fcs=[144 144])
(69,81): hsc=[64  0] (fcs=[144 144])
(69,82): hsc=[64  0] (fcs=[144 144])
(69,83): hsc=[64  0] (fcs=[144 144])
(69,84): hsc=[64  0] (fcs=[144 144])
(69,85): hsc=[64  0] (fcs=[144 144])
(69,86): hsc=[64  0] (fcs=[144 144])
(69,87): hsc=[64  0] (fcs=[144 144])
(69,88): hsc=[64  0] (fcs=[144 144])
(69,89): hsc=[64  0] (fcs=[144 144])
(69,90): hsc=[64  0] (fcs=[144 144])
(69,91): hsc=[64  0] (fcs=[144 144])
(69,92): hsc=[64  0] (fcs=[144 144])
(69,93): hsc=[64  0] (fcs=[144 144])
(69,94): hsc=[64  0] (fcs=[144 144])
(69,95): hsc=[64  0] (fcs=[144 144])
(69,96): hsc=[64  0] (fcs=[144 144])
(69,97): hsc=[64  0] (fcs=[144 144])
(69,98): hsc=[64  0] (fcs=[144 144])
(69,99): hsc=[64  0] (fcs=[144 144])
(69,100): hsc=[64  0] (fcs=[144 144])
(69,101): hsc=[64  0] (fcs=[144 144])
(69,102): hsc=[64  0] (fcs=[144 144])
(69,103): hsc=[64  0] (fcs=[144 144])
(69,104): hsc=[64  0] (fcs=[144 144])
(69,105): hsc=[64  0] (fcs=[144 144])
(69,106): hsc=[64  0] (fcs=[144 144])
(69,107): hsc=[64  0] (fcs=[144 144])
(69,108): hsc=[64  0] (fcs=[144 144])
(69,109): hsc=[64  0] (fcs=[144 144])
(69,110): hsc=[64  0] (fcs=[144 144])
(69,111): hsc=[64  0] (fcs=[144 144])
(69,112): hsc=[64  0] (fcs=[144 144])
(69,113): hsc=[64  0] (fcs=[144 144])
(69,114): hsc=[64  0] (fcs=[144 144])
(69,115): hsc=[64  0] (fcs=[144 144])
(69,116): hsc=[64  0] (fcs=[144 144])
(69,117): hsc=[64  0] (fcs=[144 144])
(69,118): hsc=[64  0] (fcs=[144 144])
(69,119): hsc=[64  0] (fcs=[144 144])
(69,120): hsc=[64  0] (fcs=[144 144])
(69,121): hsc=[64  0] (fcs=[144 144])
(69,122): hsc=[64  0] (fcs=[144 144])
(69,123): hsc=[64  0] (fcs=[144 144])
(69,124): hsc=[64  0] (fcs=[144 144])
(69,125): hsc=[64  0] (fcs=[144 144])
(69,126): hsc=[128 128] (fcs=[128 128])
(69,127): hsc=[128 128] (fcs=[128 128])
(70,0): hsc=[128 128] (fcs=[128 128])
(70,1): hsc=[128 128] (fcs=[128 128])
(70,2): hsc=[64  0] (fcs=[144 144])
(70,3): hsc=[222 202] (fcs=[143 144])
(70,4): hsc=[64  0] (fcs=[144 144])
(70,5): hsc=[222 202] (fcs=[143 144])
(70,6): hsc=[64  0] (fcs=[144 144])
(70,7): hsc=[222 202] (fcs=[143 144])
(70,8): hsc=[64  0] (fcs=[144 144])
(70,9): hsc=[222 202] (fcs=[143 144])
(70,10): hsc=[64  0] (fcs=[144 144])
(70,11): hsc=[222 202] (fcs=[143 144])
(70,12): hsc=[64  0] (fcs=[144 144])
(70,13): hsc=[222 202] (fcs=[143 144])
(70,14): hsc=[64  0] (fcs=[144 144])
(70,15): hsc=[222 202] (fcs=[143 144])
(70,16): hsc=[64  0] (fcs=[144 144])
(70,17): hsc=[222 202] (fcs=[143 144])
(70,18): hsc=[64  0] (fcs=[144 144])
(70,19): hsc=[222 202] (fcs=[143 144])
(70,20): hsc=[64  0] (fcs=[144 144])
(70,21): hsc=[222 202] (fcs=[143 144])
(70,22): hsc=[64  0] (fcs=[144 144])
(70,23): hsc=[222 202] (fcs=[143 144])
(70,24): hsc=[64  0] (fcs=[144 144])
(70,25): hsc=[222 202] (fcs=[143 144])
(70,26): hsc=[64  0] (fcs=[144 144])
(70,27): hsc=[222 202] (fcs=[143 144])
(70,28): hsc=[64  0] (fcs=[144 144])
(70,29): hsc=[222 202] (fcs=[143 144])
(70,30): hsc=[64  0] (fcs=[144 144])
(70,31): hsc=[222 202] (fcs=[143 144])
(70,32): hsc=[64  0] (fcs=[144 144])
(70,33): hsc=[222 202] (fcs=[143 144])
(70,34): hsc=[64  0] (fcs=[144 144])
(70,35): hsc=[222 202] (fcs=[143 144])
(70,36): hsc=[64  0] (fcs=[144 144])
(70,37): hsc=[222 202] (fcs=[143 144])
(70,38): hsc=[64  0] (fcs=[144 144])
(70,39): hsc=[222 202] (fcs=[143 144])
(70,40): hsc=[64  0] (fcs=[144 144])
(70,41): hsc=[222 202] (fcs=[143 144])
(70,42): hsc=[64  0] (fcs=[144 144])
(70,43): hsc=[222 202] (fcs=[143 144])
(70,44): hsc=[64  0] (fcs=[144 144])
(70,45): hsc=[222 202] (fcs=[143 144])
(70,46): hsc=[64  0] (fcs=[144 144])
(70,47): hsc=[222 202] (fcs=[143 144])
(70,48): hsc=[64  0] (fcs=[144 144])
(70,49): hsc=[222 202] (fcs=[143 144])
(70,50): hsc=[64  0] (fcs=[144 144])
(70,51): hsc=[222 202] (fcs=[143 144])
(70,52): hsc=[64  0] (fcs=[144 144])
(70,53): hsc=[222 202] (fcs=[143 144])
(70,54): hsc=[64  0] (fcs=[144 144])
(70,55): hsc=[222 202] (fcs=[143 144])
(70,56): hsc=[64  0] (fcs=[144 144])
(70,57): hsc=[222 202] (fcs=[143 144])
(70,58): hsc=[64  0] (fcs=[144 144])
(70,59): hsc=[222 202] (fcs=[143 144])
(70,60): hsc=[64  0] (fcs=[144 144])
(70,61): hsc=[222 202] (fcs=[143 144])
(70,62): hsc=[64  0] (fcs=[144 144])
(70,63): hsc=[222 202] (fcs=[143 144])
(70,64): hsc=[64  0] (fcs=[144 144])
(70,65): hsc=[222 202] (fcs=[143 144])
(70,66): hsc=[64  0] (fcs=[144 144])
(70,67): hsc=[222 202] (fcs=[143 144])
(70,68): hsc=[64  0] (fcs=[144 144])
(70,69): hsc=[222 202] (fcs=[143 144])
(70,70): hsc=[64  0] (fcs=[144 144])
(70,71): hsc=[222 202] (fcs=[143 144])
(70,72): hsc=[64  0] (fcs=[144 144])
(70,73): hsc=[222 202] (fcs=[143 144])
(70,74): hsc=[64  0] (fcs=[144 144])
(70,75): hsc=[222 202] (fcs=[143 144])
(70,76): hsc=[64  0] (fcs=[144 144])
(70,77): hsc=[222 202] (fcs=[143 144])
(70,78): hsc=[64  0] (fcs=[144 144])
(70,79): hsc=[222 202] (fcs=[143 144])
(70,80): hsc=[64  0] (fcs=[144 144])
(70,81): hsc=[222 202] (fcs=[143 144])
(70,82): hsc=[64  0] (fcs=[144 144])
(70,83): hsc=[222 202] (fcs=[143 144])
(70,84): hsc=[64  0] (fcs=[144 144])
(70,85): hsc=[222 202] (fcs=[143 144])
(70,86): hsc=[64  0] (fcs=[144 144])
(70,87): hsc=[222 202] (fcs=[143 144])
(70,88): hsc=[64  0] (fcs=[144 144])
(70,89): hsc=[222 202] (fcs=[143 144])
(70,90): hsc=[64  0] (fcs=[144 144])
(70,91): hsc=[222 202] (fcs=[143 144])
(70,92): hsc=[64  0] (fcs=[144 144])
(70,93): hsc=[222 202] (fcs=[143 144])
(70,94): hsc=[64  0] (fcs=[144 144])
(70,95): hsc=[222 202] (fcs=[143 144])
(70,96): hsc=[64  0] (fcs=[144 144])
(70,97): hsc=[222 202] (fcs=[143 144])
(70,98): hsc=[64  0] (fcs=[144 144])
(70,99): hsc=[222 202] (fcs=[143 144])
(70,100): hsc=[64  0] (fcs=[144 144])
(70,101): hsc=[222 202] (fcs=[143 144])
(70,102): hsc=[64  0] (fcs=[144 144])
(70,103): hsc=[222 202] (fcs=[143 144])
(70,104): hsc=[64  0] (fcs=[144 144])
(70,105): hsc=[222 202] (fcs=[143 144])
(70,106): hsc=[64  0] (fcs=[144 144])
(70,107): hsc=[222 202] (fcs=[143 144])
(70,108): hsc=[64  0] (fcs=[144 144])
(70,109): hsc=[222 202] (fcs=[143 144])
(70,110): hsc=[64  0] (fcs=[144 144])
(70,111): hsc=[222 202] (fcs=[143 144])
(70,112): hsc=[64  0] (fcs=[144 144])
(70,113): hsc=[222 202] (fcs=[143 144])
(70,114): hsc=[64  0] (fcs=[144 144])
(70,115): hsc=[222 202] (fcs=[143 144])
(70,116): hsc=[64  0] (fcs=[144 144])
(70,117): hsc=[222 202] (fcs=[143 144])
(70,118): hsc=[64  0] (fcs=[144 144])
(70,119): hsc=[222 202] (fcs=[143 144])
(70,120): hsc=[64  0] (fcs=[144 144])
(70,121): hsc=[222 202] (fcs=[143 144])
(70,122): hsc=[64  0] (fcs=[144 144])
(70,123): hsc=[222 202] (fcs=[143 144])
(70,124): hsc=[64  0] (fcs=[144 144])
(70,125): hsc=[222 202] (fcs=[143 144])
(70,126): hsc=[128 128] (fcs=[128 128])
(70,127): hsc=[128 128] (fcs=[128 128])
(71,0): hsc=[128 128] (fcs=[128 128])
(71,1): hsc=[128 128] (fcs=[128 128])
(71,2): hsc=[128 128] (fcs=[128 128])
(71,3): hsc=[128 128] (fcs=[128 128])
(71,4): hsc=[128 128] (fcs=[128 128])
(71,5): hsc=[128 128] (fcs=[128 128])
(71,6): hsc=[128 128] (fcs=[128 128])
(71,7): hsc=[128 128] (fcs=[128 128])
(71,8): hsc=[128 128] (fcs=[128 128])
(71,9): hsc=[128 128] (fcs=[128 128])
(71,10): hsc=[128 128] (fcs=[128 128])
(71,11): hsc=[128 128] (fcs=[128 128])
(71,12): hsc=[128 128] (fcs=[128 128])
(71,13): hsc=[128 128] (fcs=[128 128])
(71,14): hsc=[128 128] (fcs=[128 128])
(71,15): hsc=[128 128] (fcs=[128 128])
(71,16): hsc=[128 128] (fcs=[128 128])
(71,17): hsc=[128 128] (fcs=[128 128])
(71,18): hsc=[128 128] (fcs=[128 128])
(71,19): hsc=[128 128] (fcs=[128 128])
(71,20): hsc=[128 128] (fcs=[128 128])
(71,21): hsc=[128 128] (fcs=[128 128])
(71,22): hsc=[128 128] (fcs=[128 128])
(71,23): hsc=[128 128] (fcs=[128 128])
(71,24): hsc=[128 128] (fcs=[128 128])
(71,25): hsc=[128 128] (fcs=[128 128])
(71,26): hsc=[128 128] (fcs=[128 128])
(71,27): hsc=[128 128] (fcs=[128 128])
(71,28): hsc=[128 128] (fcs=[128 128])
(71,29): hsc=[128 128] (fcs=[128 128])
(71,30): hsc=[128 128] (fcs=[128 128])
(71,31): hsc=[128 128] (fcs=[128 128])
(71,32): hsc=[128 128] (fcs=[128 128])
(71,33): hsc=[128 128] (fcs=[128 128])
(71,34): hsc=[128 128] (fcs=[128 128])
(71,35): hsc=[128 128] (fcs=[128 128])
(71,36): hsc=[128 128] (fcs=[128 128])
(71,37): hsc=[128 128] (fcs=[128 128])
(71,38): hsc=[128 128] (fcs=[128 128])
(71,39): hsc=[128 128] (fcs=[128 128])
(71,40): hsc=[128 128] (fcs=[128 128])
(71,41): hsc=[128 128] (fcs=[128 128])
(71,42): hsc=[128 128] (fcs=[128 128])
(71,43): hsc=[128 128] (fcs=[128 128])
(71,44): hsc=[128 128] (fcs=[128 128])
(71,45): hsc=[128 128] (fcs=[128 128])
(71,46): hsc=[128 128] (fcs=[128 128])
(71,47): hsc=[128 128] (fcs=[128 128])
(71,48): hsc=[128 128] (fcs=[128 128])
(71,49): hsc=[128 128] (fcs=[128 128])
(71,50): hsc=[128 128] (fcs=[128 128])
(71,51): hsc=[128 128] (fcs=[128 128])
(71,52): hsc=[128 128] (fcs=[128 128])
(71,53): hsc=[128 128] (fcs=[128 128])
(71,54): hsc=[128 128] (fcs=[128 128])
(71,55): hsc=[128 128] (fcs=[128 128])
(71,56): hsc=[128 128] (fcs=[128 128])
(71,57): hsc=[128 128] (fcs=[128 128])
(71,58): hsc=[128 128] (fcs=[128 128])
(71,59): hsc=[128 128] (fcs=[128 128])
(71,60): hsc=[128 128] (fcs=[128 128])
(71,61): hsc=[128 128] (fcs=[128 128])
(71,62): hsc=[128 128] (fcs=[128 128])
(71,63): hsc=[128 128] (fcs=[128 128])
(71,64): hsc=[128 128] (fcs=[128 128])
(71,65): hsc=[128 128] (fcs=[128 128])
(71,66): hsc=[128 128] (fcs=[128 128])
(71,67): hsc=[128 128] (fcs=[128 128])
(71,68): hsc=[128 128] (fcs=[128 128])
(71,69): hsc=[128 128] (fcs=[128 128])
(71,70): hsc=[128 128] (fcs=[128 128])
(71,71): hsc=[128 128] (fcs=[128 128])
(71,72): hsc=[128 128] (fcs=[128 128])
(71,73): hsc=[128 128] (fcs=[128 128])
(71,74): hsc=[128 128] (fcs=[128 128])
(71,75): hsc=[128 128] (fcs=[128 128])
(71,76): hsc=[128 128] (fcs=[128 128])
(71,77): hsc=[128 128] (fcs=[128 128])
(71,78): hsc=[128 128] (fcs=[128 128])
(71,79): hsc=[128 128] (fcs=[128 128])
(71,80): hsc=[128 128] (fcs=[128 128])
(71,81): hsc=[128 128] (fcs=[128 128])
(71,82): hsc=[128 128] (fcs=[128 128])
(71,83): hsc=[128 128] (fcs=[128 128])
(71,84): hsc=[128 128] (fcs=[128 128])
(71,85): hsc=[128 128] (fcs=[128 128])
(71,86): hsc=[128 128] (fcs=[128 128])
(71,87): hsc=[128 128] (fcs=[128 128])
(71,88): hsc=[128 128] (fcs=[128 128])
(71,89): hsc=[128 128] (fcs=[128 128])
(71,90): hsc=[128 128] (fcs=[128 128])
(71,91): hsc=[128 128] (fcs=[128 128])
(71,92): hsc=[128 128] (fcs=[128 128])
(71,93): hsc=[128 128] (fcs=[128 128])
(71,94): hsc=[128 128] (fcs=[128 128])
(71,95): hsc=[128 128] (fcs=[128 128])
(71,96): hsc=[128 128] (fcs=[128 128])
(71,97): hsc=[128 128] (fcs=[128 128])
(71,98): hsc=[128 128] (fcs=[128 128])
(71,99): hsc=[128 128] (fcs=[128 128])
(71,100): hsc=[128 128] (fcs=[128 128])
(71,101): hsc=[128 128] (fcs=[128 128])
(71,102): hsc=[128 128] (fcs=[128 128])
(71,103): hsc=[128 128] (fcs=[128 128])
(71,104): hsc=[128 128] (fcs=[128 128])
(71,105): hsc=[128 128] (fcs=[128 128])
(71,106): hsc=[128 128] (fcs=[128 128])
(71,107): hsc=[128 128] (fcs=[128 128])
(71,108): hsc=[128 128] (fcs=[128 128])
(71,109): hsc=[128 128] (fcs=[128 128])
(71,110): hsc=[128 128] (fcs=[128 128])
(71,111): hsc=[128 128] (fcs=[128 128])
(71,112): hsc=[128 128] (fcs=[128 128])
(71,113): hsc=[128 128] (fcs=[128 128])
(71,114): hsc=[128 128] (fcs=[128 128])
(71,115): hsc=[128 128] (fcs=[128 128])
(71,116): hsc=[128 128] (fcs=[128 128])
(71,117): hsc=[128 128] (fcs=[128 128])
(71,118): hsc=[128 128] (fcs=[128 128])
(71,119): hsc=[128 128] (fcs=[128 128])
(71,120): hsc=[128 128] (fcs=[128 128])
(71,121): hsc=[128 128] (fcs=[128 128])
(71,122): hsc=[128 128] (fcs=[128 128])
(71,123): hsc=[128 128] (fcs=[128 128])
(71,124): hsc=[128 128] (fcs=[128 128])
(71,125): hsc=[128 128] (fcs=[128 128])
(71,126): hsc=[128 128] (fcs=[128 128])
(71,127): hsc=[128 128] (fcs=[128 128])
