(0,0): 255-128-128
(0,1): 255-128-128
(0,2): 255-128-128
(0,3): 255-128-128
(0,4): 255-128-128
(0,5): 255-128-128
(0,6): 255-128-128
(0,7): 255-128-128
(0,8): 255-128-128
(0,9): 255-128-128
(0,10): 255-128-128
(0,11): 255-128-128
(0,12): 255-128-128
(0,13): 255-128-128
(0,14): 255-128-128
(0,15): 255-128-128
(0,16): 255-128-128
(0,17): 255-128-128
(0,18): 255-128-128
(0,19): 255-128-128
(0,20): 255-128-128
(0,21): 255-128-128
(0,22): 255-128-128
(0,23): 255-128-128
(0,24): 255-128-128
(0,25): 255-128-128
(0,26): 255-128-128
(0,27): 255-128-128
(0,28): 255-128-128
(0,29): 255-128-128
(0,30): 255-128-128
(0,31): 255-128-128
(0,32): 255-128-128
(0,33): 255-128-128
(0,34): 255-128-128
(0,35): 255-128-128
(0,36): 255-128-128
(0,37): 255-128-128
(0,38): 255-128-128
(0,39): 255-128-128
(0,40): 255-128-128
(0,41): 255-128-128
(0,42): 255-128-128
(0,43): 255-128-128
(0,44): 255-128-128
(0,45): 255-128-128
(0,46): 255-128-128
(0,47): 255-128-128
(0,48): 255-128-128
(0,49): 255-128-128
(0,50): 255-128-128
(0,51): 255-128-128
(0,52): 255-128-128
(0,53): 255-128-128
(0,54): 255-128-128
(0,55): 255-128-128
(0,56): 255-128-128
(0,57): 255-128-128
(0,58): 255-128-128
(0,59): 255-128-128
(0,60): 255-128-128
(0,61): 255-128-128
(0,62): 255-128-128
(0,63): 255-128-128
(0,64): 255-128-128
(0,65): 255-128-128
(0,66): 255-128-128
(0,67): 255-128-128
(0,68): 255-128-128
(0,69): 255-128-128
(0,70): 255-128-128
(0,71): 255-128-128
(0,72): 255-128-128
(0,73): 255-128-128
(0,74): 255-128-128
(0,75): 255-128-128
(0,76): 255-128-128
(0,77): 255-128-128
(0,78): 255-128-128
(0,79): 255-128-128
(0,80): 255-128-128
(0,81): 255-128-128
(0,82): 255-128-128
(0,83): 255-128-128
(0,84): 255-128-128
(0,85): 255-128-128
(0,86): 255-128-128
(0,87): 255-128-128
(0,88): 255-128-128
(0,89): 255-128-128
(0,90): 255-128-128
(0,91): 255-128-128
(0,92): 255-128-128
(0,93): 255-128-128
(0,94): 255-128-128
(0,95): 255-128-128
(0,96): 255-128-128
(0,97): 255-128-128
(0,98): 255-128-128
(0,99): 255-128-128
(0,100): 255-128-128
(0,101): 255-128-128
(0,102): 255-128-128
(0,103): 255-128-128
(0,104): 255-128-128
(0,105): 255-128-128
(0,106): 255-128-128
(0,107): 255-128-128
(0,108): 255-128-128
(0,109): 255-128-128
(0,110): 255-128-128
(0,111): 255-128-128
(0,112): 255-128-128
(0,113): 255-128-128
(0,114): 255-128-128
(0,115): 255-128-128
(0,116): 255-128-128
(0,117): 255-128-128
(0,118): 255-128-128
(0,119): 255-128-128
(0,120): 255-128-128
(0,121): 255-128-128
(0,122): 255-128-128
(0,123): 255-128-128
(0,124): 255-128-128
(0,125): 255-128-128
(0,126): 255-128-128
(0,127): 255-128-128
(1,0): 255-128-128
(1,1): 255-128-128
(1,2): 255-255-0
(1,3): 255-255-0
(1,4): 255-255-0
(1,5): 255-255-0
(1,6): 255-255-0
(1,7): 255-255-0
(1,8): 255-255-0
(1,9): 255-255-0
(1,10): 255-255-0
(1,11): 255-255-0
(1,12): 255-255-0
(1,13): 255-255-0
(1,14): 255-255-0
(1,15): 255-255-0
(1,16): 255-255-0
(1,17): 255-255-0
(1,18): 255-255-0
(1,19): 255-255-0
(1,20): 255-255-0
(1,21): 255-255-0
(1,22): 255-255-0
(1,23): 255-255-0
(1,24): 255-255-0
(1,25): 255-255-0
(1,26): 255-255-0
(1,27): 255-255-0
(1,28): 255-255-0
(1,29): 255-255-0
(1,30): 255-255-0
(1,31): 255-255-0
(1,32): 255-255-0
(1,33): 255-255-0
(1,34): 255-255-0
(1,35): 255-255-0
(1,36): 255-255-0
(1,37): 255-255-0
(1,38): 255-255-0
(1,39): 255-255-0
(1,40): 255-255-0
(1,41): 255-255-0
(1,42): 255-255-0
(1,43): 255-255-0
(1,44): 255-255-0
(1,45): 255-255-0
(1,46): 255-255-0
(1,47): 255-255-0
(1,48): 255-255-0
(1,49): 255-255-0
(1,50): 255-255-0
(1,51): 255-255-0
(1,52): 255-255-0
(1,53): 255-255-0
(1,54): 255-255-0
(1,55): 255-255-0
(1,56): 255-255-0
(1,57): 255-255-0
(1,58): 255-255-0
(1,59): 255-255-0
(1,60): 255-255-0
(1,61): 255-255-0
(1,62): 255-255-0
(1,63): 255-255-0
(1,64): 255-255-0
(1,65): 255-255-0
(1,66): 255-255-0
(1,67): 255-255-0
(1,68): 255-255-0
(1,69): 255-255-0
(1,70): 255-255-0
(1,71): 255-255-0
(1,72): 255-255-0
(1,73): 255-255-0
(1,74): 255-255-0
(1,75): 255-255-0
(1,76): 255-255-0
(1,77): 255-255-0
(1,78): 255-255-0
(1,79): 255-255-0
(1,80): 255-255-0
(1,81): 255-255-0
(1,82): 255-255-0
(1,83): 255-255-0
(1,84): 255-255-0
(1,85): 255-255-0
(1,86): 255-255-0
(1,87): 255-255-0
(1,88): 255-255-0
(1,89): 255-255-0
(1,90): 255-255-0
(1,91): 255-255-0
(1,92): 255-255-0
(1,93): 255-255-0
(1,94): 255-255-0
(1,95): 255-255-0
(1,96): 255-255-0
(1,97): 255-255-0
(1,98): 255-255-0
(1,99): 255-255-0
(1,100): 255-255-0
(1,101): 255-255-0
(1,102): 255-255-0
(1,103): 255-255-0
(1,104): 255-255-0
(1,105): 255-255-0
(1,106): 255-255-0
(1,107): 255-255-0
(1,108): 255-255-0
(1,109): 255-255-0
(1,110): 255-255-0
(1,111): 255-255-0
(1,112): 255-255-0
(1,113): 255-255-0
(1,114): 255-255-0
(1,115): 255-255-0
(1,116): 255-255-0
(1,117): 255-255-0
(1,118): 255-255-0
(1,119): 255-255-0
(1,120): 255-255-0
(1,121): 255-255-0
(1,122): 255-255-0
(1,123): 255-255-0
(1,124): 255-255-0
(1,125): 255-255-0
(1,126): 255-128-128
(1,127): 255-128-128
(2,0): 255-128-128
(2,1): 255-128-128
(2,2): 255-255-0
(2,3): 255-255-0
(2,4): 255-255-0
(2,5): 255-255-0
(2,6): 255-255-0
(2,7): 255-255-0
(2,8): 255-255-0
(2,9): 255-255-0
(2,10): 255-255-0
(2,11): 255-255-0
(2,12): 255-255-0
(2,13): 255-255-0
(2,14): 255-255-0
(2,15): 255-255-0
(2,16): 255-255-0
(2,17): 255-255-0
(2,18): 255-255-0
(2,19): 255-255-0
(2,20): 255-255-0
(2,21): 255-255-0
(2,22): 255-255-0
(2,23): 255-255-0
(2,24): 255-255-0
(2,25): 255-255-0
(2,26): 255-255-0
(2,27): 255-255-0
(2,28): 255-255-0
(2,29): 255-255-0
(2,30): 255-255-0
(2,31): 255-255-0
(2,32): 255-255-0
(2,33): 255-255-0
(2,34): 255-255-0
(2,35): 255-255-0
(2,36): 255-255-0
(2,37): 255-255-0
(2,38): 255-255-0
(2,39): 255-255-0
(2,40): 255-255-0
(2,41): 255-255-0
(2,42): 255-255-0
(2,43): 255-255-0
(2,44): 255-255-0
(2,45): 255-255-0
(2,46): 255-255-0
(2,47): 255-255-0
(2,48): 255-255-0
(2,49): 255-255-0
(2,50): 255-255-0
(2,51): 255-255-0
(2,52): 255-255-0
(2,53): 255-255-0
(2,54): 255-255-0
(2,55): 255-255-0
(2,56): 255-255-0
(2,57): 255-255-0
(2,58): 255-255-0
(2,59): 255-255-0
(2,60): 255-255-0
(2,61): 255-255-0
(2,62): 255-255-0
(2,63): 255-255-0
(2,64): 255-255-0
(2,65): 255-255-0
(2,66): 255-255-0
(2,67): 255-255-0
(2,68): 255-255-0
(2,69): 255-255-0
(2,70): 255-255-0
(2,71): 255-255-0
(2,72): 255-255-0
(2,73): 255-255-0
(2,74): 255-255-0
(2,75): 255-255-0
(2,76): 255-255-0
(2,77): 255-255-0
(2,78): 255-255-0
(2,79): 255-255-0
(2,80): 255-255-0
(2,81): 255-255-0
(2,82): 255-255-0
(2,83): 255-255-0
(2,84): 255-255-0
(2,85): 255-255-0
(2,86): 255-255-0
(2,87): 255-255-0
(2,88): 255-255-0
(2,89): 255-255-0
(2,90): 255-255-0
(2,91): 255-255-0
(2,92): 255-255-0
(2,93): 255-255-0
(2,94): 255-255-0
(2,95): 255-255-0
(2,96): 255-255-0
(2,97): 255-255-0
(2,98): 255-255-0
(2,99): 255-255-0
(2,100): 255-255-0
(2,101): 255-255-0
(2,102): 255-255-0
(2,103): 255-255-0
(2,104): 255-255-0
(2,105): 255-255-0
(2,106): 255-255-0
(2,107): 255-255-0
(2,108): 255-255-0
(2,109): 255-255-0
(2,110): 255-255-0
(2,111): 255-255-0
(2,112): 255-255-0
(2,113): 255-255-0
(2,114): 255-255-0
(2,115): 255-255-0
(2,116): 255-255-0
(2,117): 255-255-0
(2,118): 255-255-0
(2,119): 255-255-0
(2,120): 255-255-0
(2,121): 255-255-0
(2,122): 255-255-0
(2,123): 255-255-0
(2,124): 255-255-0
(2,125): 255-255-0
(2,126): 255-128-128
(2,127): 255-128-128
(3,0): 255-128-128
(3,1): 255-128-128
(3,2): 255-255-0
(3,3): 255-255-0
(3,4): 255-255-0
(3,5): 255-255-0
(3,6): 255-255-0
(3,7): 255-255-0
(3,8): 255-255-0
(3,9): 255-255-0
(3,10): 255-255-0
(3,11): 255-255-0
(3,12): 255-255-0
(3,13): 255-255-0
(3,14): 255-255-0
(3,15): 255-255-0
(3,16): 255-255-0
(3,17): 255-255-0
(3,18): 255-255-0
(3,19): 255-255-0
(3,20): 255-255-0
(3,21): 255-255-0
(3,22): 255-255-0
(3,23): 255-255-0
(3,24): 255-255-0
(3,25): 255-255-0
(3,26): 255-255-0
(3,27): 255-255-0
(3,28): 255-255-0
(3,29): 255-255-0
(3,30): 255-255-0
(3,31): 255-255-0
(3,32): 255-255-0
(3,33): 255-255-0
(3,34): 255-255-0
(3,35): 255-255-0
(3,36): 255-255-0
(3,37): 255-255-0
(3,38): 255-255-0
(3,39): 255-255-0
(3,40): 255-255-0
(3,41): 255-255-0
(3,42): 255-255-0
(3,43): 255-255-0
(3,44): 255-255-0
(3,45): 255-255-0
(3,46): 255-255-0
(3,47): 255-255-0
(3,48): 255-255-0
(3,49): 255-255-0
(3,50): 255-255-0
(3,51): 255-255-0
(3,52): 255-255-0
(3,53): 255-255-0
(3,54): 255-255-0
(3,55): 255-255-0
(3,56): 255-255-0
(3,57): 255-255-0
(3,58): 255-255-0
(3,59): 255-255-0
(3,60): 255-255-0
(3,61): 255-255-0
(3,62): 255-255-0
(3,63): 255-255-0
(3,64): 255-255-0
(3,65): 255-255-0
(3,66): 255-255-0
(3,67): 255-255-0
(3,68): 255-255-0
(3,69): 255-255-0
(3,70): 255-255-0
(3,71): 255-255-0
(3,72): 255-255-0
(3,73): 255-255-0
(3,74): 255-255-0
(3,75): 255-255-0
(3,76): 255-255-0
(3,77): 255-255-0
(3,78): 255-255-0
(3,79): 255-255-0
(3,80): 255-255-0
(3,81): 255-255-0
(3,82): 255-255-0
(3,83): 255-255-0
(3,84): 255-255-0
(3,85): 255-255-0
(3,86): 255-255-0
(3,87): 255-255-0
(3,88): 255-255-0
(3,89): 255-255-0
(3,90): 255-255-0
(3,91): 255-255-0
(3,92): 255-255-0
(3,93): 255-255-0
(3,94): 255-255-0
(3,95): 255-255-0
(3,96): 255-255-0
(3,97): 255-255-0
(3,98): 255-255-0
(3,99): 255-255-0
(3,100): 255-255-0
(3,101): 255-255-0
(3,102): 255-255-0
(3,103): 255-255-0
(3,104): 255-255-0
(3,105): 255-255-0
(3,106): 255-255-0
(3,107): 255-255-0
(3,108): 255-255-0
(3,109): 255-255-0
(3,110): 255-255-0
(3,111): 255-255-0
(3,112): 255-255-0
(3,113): 255-255-0
(3,114): 255-255-0
(3,115): 255-255-0
(3,116): 255-255-0
(3,117): 255-255-0
(3,118): 255-255-0
(3,119): 255-255-0
(3,120): 255-255-0
(3,121): 255-255-0
(3,122): 255-255-0
(3,123): 255-255-0
(3,124): 255-255-0
(3,125): 255-255-0
(3,126): 255-128-128
(3,127): 255-128-128
(4,0): 255-128-128
(4,1): 255-128-128
(4,2): 255-255-0
(4,3): 255-255-0
(4,4): 255-255-0
(4,5): 255-255-0
(4,6): 255-255-0
(4,7): 255-255-0
(4,8): 255-255-0
(4,9): 255-255-0
(4,10): 255-255-0
(4,11): 255-255-0
(4,12): 255-255-0
(4,13): 255-255-0
(4,14): 255-255-0
(4,15): 255-255-0
(4,16): 255-255-0
(4,17): 255-255-0
(4,18): 255-255-0
(4,19): 255-255-0
(4,20): 255-255-0
(4,21): 255-255-0
(4,22): 255-255-0
(4,23): 255-255-0
(4,24): 255-255-0
(4,25): 255-255-0
(4,26): 255-255-0
(4,27): 255-255-0
(4,28): 255-255-0
(4,29): 255-255-0
(4,30): 255-255-0
(4,31): 255-255-0
(4,32): 255-255-0
(4,33): 255-255-0
(4,34): 255-255-0
(4,35): 255-255-0
(4,36): 255-255-0
(4,37): 255-255-0
(4,38): 255-255-0
(4,39): 255-255-0
(4,40): 255-255-0
(4,41): 255-255-0
(4,42): 255-255-0
(4,43): 255-255-0
(4,44): 255-255-0
(4,45): 255-255-0
(4,46): 255-255-0
(4,47): 255-255-0
(4,48): 255-255-0
(4,49): 255-255-0
(4,50): 255-255-0
(4,51): 255-255-0
(4,52): 255-255-0
(4,53): 255-255-0
(4,54): 255-255-0
(4,55): 255-255-0
(4,56): 255-255-0
(4,57): 255-255-0
(4,58): 255-255-0
(4,59): 255-255-0
(4,60): 255-255-0
(4,61): 255-255-0
(4,62): 255-255-0
(4,63): 255-255-0
(4,64): 255-255-0
(4,65): 255-255-0
(4,66): 255-255-0
(4,67): 255-255-0
(4,68): 255-255-0
(4,69): 255-255-0
(4,70): 255-255-0
(4,71): 255-255-0
(4,72): 255-255-0
(4,73): 255-255-0
(4,74): 255-255-0
(4,75): 255-255-0
(4,76): 255-255-0
(4,77): 255-255-0
(4,78): 255-255-0
(4,79): 255-255-0
(4,80): 255-255-0
(4,81): 255-255-0
(4,82): 255-255-0
(4,83): 255-255-0
(4,84): 255-255-0
(4,85): 255-255-0
(4,86): 255-255-0
(4,87): 255-255-0
(4,88): 255-255-0
(4,89): 255-255-0
(4,90): 255-255-0
(4,91): 255-255-0
(4,92): 255-255-0
(4,93): 255-255-0
(4,94): 255-255-0
(4,95): 255-255-0
(4,96): 255-255-0
(4,97): 255-255-0
(4,98): 255-255-0
(4,99): 255-255-0
(4,100): 255-255-0
(4,101): 255-255-0
(4,102): 255-255-0
(4,103): 255-255-0
(4,104): 255-255-0
(4,105): 255-255-0
(4,106): 255-255-0
(4,107): 255-255-0
(4,108): 255-255-0
(4,109): 255-255-0
(4,110): 255-255-0
(4,111): 255-255-0
(4,112): 255-255-0
(4,113): 255-255-0
(4,114): 255-255-0
(4,115): 255-255-0
(4,116): 255-255-0
(4,117): 255-255-0
(4,118): 255-255-0
(4,119): 255-255-0
(4,120): 255-255-0
(4,121): 255-255-0
(4,122): 255-255-0
(4,123): 255-255-0
(4,124): 255-255-0
(4,125): 255-255-0
(4,126): 255-128-128
(4,127): 255-128-128
(5,0): 255-128-128
(5,1): 255-128-128
(5,2): 255-255-0
(5,3): 255-255-0
(5,4): 255-255-0
(5,5): 255-255-0
(5,6): 255-255-0
(5,7): 255-255-0
(5,8): 255-255-0
(5,9): 255-255-0
(5,10): 255-255-0
(5,11): 255-255-0
(5,12): 255-255-0
(5,13): 255-255-0
(5,14): 255-255-0
(5,15): 255-255-0
(5,16): 255-255-0
(5,17): 255-255-0
(5,18): 255-255-0
(5,19): 255-255-0
(5,20): 255-255-0
(5,21): 255-255-0
(5,22): 255-255-0
(5,23): 255-255-0
(5,24): 255-255-0
(5,25): 255-255-0
(5,26): 255-255-0
(5,27): 255-255-0
(5,28): 255-255-0
(5,29): 255-255-0
(5,30): 255-255-0
(5,31): 255-255-0
(5,32): 255-255-0
(5,33): 255-255-0
(5,34): 255-255-0
(5,35): 255-255-0
(5,36): 255-255-0
(5,37): 255-255-0
(5,38): 255-255-0
(5,39): 255-255-0
(5,40): 255-255-0
(5,41): 255-255-0
(5,42): 255-255-0
(5,43): 255-255-0
(5,44): 255-255-0
(5,45): 255-255-0
(5,46): 255-255-0
(5,47): 255-255-0
(5,48): 255-255-0
(5,49): 255-255-0
(5,50): 255-255-0
(5,51): 255-255-0
(5,52): 255-255-0
(5,53): 255-255-0
(5,54): 255-255-0
(5,55): 255-255-0
(5,56): 255-255-0
(5,57): 255-255-0
(5,58): 255-255-0
(5,59): 255-255-0
(5,60): 255-255-0
(5,61): 255-255-0
(5,62): 255-255-0
(5,63): 255-255-0
(5,64): 255-255-0
(5,65): 255-255-0
(5,66): 255-255-0
(5,67): 255-255-0
(5,68): 255-255-0
(5,69): 255-255-0
(5,70): 255-255-0
(5,71): 255-255-0
(5,72): 255-255-0
(5,73): 255-255-0
(5,74): 255-255-0
(5,75): 255-255-0
(5,76): 255-255-0
(5,77): 255-255-0
(5,78): 255-255-0
(5,79): 255-255-0
(5,80): 255-255-0
(5,81): 255-255-0
(5,82): 255-255-0
(5,83): 255-255-0
(5,84): 255-255-0
(5,85): 255-255-0
(5,86): 255-255-0
(5,87): 255-255-0
(5,88): 255-255-0
(5,89): 255-255-0
(5,90): 255-255-0
(5,91): 255-255-0
(5,92): 255-255-0
(5,93): 255-255-0
(5,94): 255-255-0
(5,95): 255-255-0
(5,96): 255-255-0
(5,97): 255-255-0
(5,98): 255-255-0
(5,99): 255-255-0
(5,100): 255-255-0
(5,101): 255-255-0
(5,102): 255-255-0
(5,103): 255-255-0
(5,104): 255-255-0
(5,105): 255-255-0
(5,106): 255-255-0
(5,107): 255-255-0
(5,108): 255-255-0
(5,109): 255-255-0
(5,110): 255-255-0
(5,111): 255-255-0
(5,112): 255-255-0
(5,113): 255-255-0
(5,114): 255-255-0
(5,115): 255-255-0
(5,116): 255-255-0
(5,117): 255-255-0
(5,118): 255-255-0
(5,119): 255-255-0
(5,120): 255-255-0
(5,121): 255-255-0
(5,122): 255-255-0
(5,123): 255-255-0
(5,124): 255-255-0
(5,125): 255-255-0
(5,126): 255-128-128
(5,127): 255-128-128
(6,0): 255-128-128
(6,1): 255-128-128
(6,2): 255-255-0
(6,3): 255-255-0
(6,4): 255-255-0
(6,5): 255-255-0
(6,6): 255-255-0
(6,7): 255-255-0
(6,8): 255-255-0
(6,9): 255-255-0
(6,10): 255-255-0
(6,11): 255-255-0
(6,12): 255-255-0
(6,13): 255-255-0
(6,14): 255-255-0
(6,15): 255-255-0
(6,16): 255-255-0
(6,17): 255-255-0
(6,18): 255-255-0
(6,19): 255-255-0
(6,20): 255-255-0
(6,21): 255-255-0
(6,22): 255-255-0
(6,23): 255-255-0
(6,24): 255-255-0
(6,25): 255-255-0
(6,26): 255-255-0
(6,27): 255-255-0
(6,28): 255-255-0
(6,29): 255-255-0
(6,30): 255-255-0
(6,31): 255-255-0
(6,32): 255-255-0
(6,33): 255-255-0
(6,34): 255-255-0
(6,35): 255-255-0
(6,36): 255-255-0
(6,37): 255-255-0
(6,38): 255-255-0
(6,39): 255-255-0
(6,40): 255-255-0
(6,41): 255-255-0
(6,42): 255-255-0
(6,43): 255-255-0
(6,44): 255-255-0
(6,45): 255-255-0
(6,46): 255-255-0
(6,47): 255-255-0
(6,48): 255-255-0
(6,49): 255-255-0
(6,50): 255-255-0
(6,51): 255-255-0
(6,52): 255-255-0
(6,53): 255-255-0
(6,54): 255-255-0
(6,55): 255-255-0
(6,56): 255-255-0
(6,57): 255-255-0
(6,58): 255-255-0
(6,59): 255-255-0
(6,60): 255-255-0
(6,61): 255-255-0
(6,62): 255-255-0
(6,63): 255-255-0
(6,64): 255-255-0
(6,65): 255-255-0
(6,66): 255-255-0
(6,67): 255-255-0
(6,68): 255-255-0
(6,69): 255-255-0
(6,70): 255-255-0
(6,71): 255-255-0
(6,72): 255-255-0
(6,73): 255-255-0
(6,74): 255-255-0
(6,75): 255-255-0
(6,76): 255-255-0
(6,77): 255-255-0
(6,78): 255-255-0
(6,79): 255-255-0
(6,80): 255-255-0
(6,81): 255-255-0
(6,82): 255-255-0
(6,83): 255-255-0
(6,84): 231-255-0
(6,85): 230-255-0
(6,86): 218-255-0
(6,87): 248-255-0
(6,88): 255-255-0
(6,89): 255-255-0
(6,90): 255-255-0
(6,91): 255-255-0
(6,92): 255-255-0
(6,93): 255-255-0
(6,94): 255-255-0
(6,95): 255-255-0
(6,96): 255-255-0
(6,97): 255-255-0
(6,98): 255-255-0
(6,99): 255-255-0
(6,100): 255-255-0
(6,101): 255-255-0
(6,102): 255-255-0
(6,103): 255-255-0
(6,104): 255-255-0
(6,105): 255-255-0
(6,106): 255-255-0
(6,107): 255-255-0
(6,108): 255-255-0
(6,109): 255-255-0
(6,110): 255-255-0
(6,111): 255-255-0
(6,112): 255-255-0
(6,113): 255-255-0
(6,114): 255-255-0
(6,115): 255-255-0
(6,116): 255-255-0
(6,117): 255-255-0
(6,118): 255-255-0
(6,119): 255-255-0
(6,120): 255-255-0
(6,121): 255-255-0
(6,122): 255-255-0
(6,123): 255-255-0
(6,124): 255-255-0
(6,125): 255-255-0
(6,126): 255-128-128
(6,127): 255-128-128
(7,0): 255-128-128
(7,1): 255-128-128
(7,2): 255-255-0
(7,3): 255-255-0
(7,4): 255-255-0
(7,5): 255-255-0
(7,6): 255-255-0
(7,7): 255-255-0
(7,8): 255-255-0
(7,9): 255-255-0
(7,10): 255-255-0
(7,11): 255-255-0
(7,12): 255-255-0
(7,13): 255-255-0
(7,14): 255-255-0
(7,15): 255-255-0
(7,16): 255-255-0
(7,17): 255-255-0
(7,18): 255-255-0
(7,19): 255-255-0
(7,20): 255-255-0
(7,21): 255-255-0
(7,22): 255-255-0
(7,23): 255-255-0
(7,24): 255-255-0
(7,25): 255-255-0
(7,26): 255-255-0
(7,27): 255-255-0
(7,28): 255-255-0
(7,29): 255-255-0
(7,30): 255-255-0
(7,31): 255-255-0
(7,32): 255-255-0
(7,33): 255-255-0
(7,34): 255-255-0
(7,35): 255-255-0
(7,36): 255-255-0
(7,37): 255-255-0
(7,38): 255-255-0
(7,39): 255-255-0
(7,40): 255-255-0
(7,41): 255-255-0
(7,42): 255-255-0
(7,43): 255-255-0
(7,44): 255-255-0
(7,45): 255-255-0
(7,46): 255-255-0
(7,47): 255-255-0
(7,48): 255-255-0
(7,49): 255-255-0
(7,50): 255-255-0
(7,51): 255-255-0
(7,52): 255-255-0
(7,53): 255-255-0
(7,54): 255-255-0
(7,55): 255-255-0
(7,56): 255-255-0
(7,57): 255-255-0
(7,58): 255-255-0
(7,59): 255-255-0
(7,60): 255-255-0
(7,61): 255-255-0
(7,62): 255-255-0
(7,63): 255-255-0
(7,64): 255-255-0
(7,65): 255-255-0
(7,66): 255-255-0
(7,67): 255-255-0
(7,68): 255-255-0
(7,69): 255-255-0
(7,70): 255-255-0
(7,71): 255-255-0
(7,72): 255-255-0
(7,73): 255-255-0
(7,74): 255-255-0
(7,75): 255-255-0
(7,76): 255-255-0
(7,77): 255-255-0
(7,78): 255-255-0
(7,79): 255-255-0
(7,80): 255-0-255
(7,81): 240-0-255
(7,82): 198-255-0
(7,83): 130-255-0
(7,84): 0-128-128
(7,85): 81-0-255
(7,86): 0-128-128
(7,87): 98-0-0
(7,88): 123-255-0
(7,89): 177-255-0
(7,90): 224-255-0
(7,91): 249-255-0
(7,92): 255-0-255
(7,93): 255-255-0
(7,94): 255-255-0
(7,95): 255-255-0
(7,96): 255-255-0
(7,97): 255-255-0
(7,98): 255-255-0
(7,99): 255-255-0
(7,100): 255-255-0
(7,101): 255-255-0
(7,102): 255-255-0
(7,103): 255-255-0
(7,104): 255-255-0
(7,105): 255-255-0
(7,106): 255-255-0
(7,107): 255-255-0
(7,108): 255-255-0
(7,109): 255-255-0
(7,110): 255-255-0
(7,111): 255-255-0
(7,112): 255-255-0
(7,113): 255-255-0
(7,114): 255-255-0
(7,115): 255-255-0
(7,116): 255-255-0
(7,117): 255-255-0
(7,118): 255-255-0
(7,119): 255-255-0
(7,120): 255-255-0
(7,121): 255-255-0
(7,122): 255-255-0
(7,123): 255-255-0
(7,124): 255-255-0
(7,125): 255-255-0
(7,126): 255-128-128
(7,127): 255-128-128
(8,0): 255-128-128
(8,1): 255-128-128
(8,2): 255-255-0
(8,3): 255-255-0
(8,4): 255-255-0
(8,5): 255-255-0
(8,6): 255-255-0
(8,7): 255-255-0
(8,8): 255-255-0
(8,9): 255-255-0
(8,10): 255-255-0
(8,11): 255-255-0
(8,12): 255-255-0
(8,13): 255-255-0
(8,14): 255-255-0
(8,15): 255-255-0
(8,16): 255-255-0
(8,17): 255-255-0
(8,18): 255-255-0
(8,19): 255-255-0
(8,20): 255-255-0
(8,21): 255-255-0
(8,22): 255-255-0
(8,23): 255-255-0
(8,24): 255-255-0
(8,25): 255-255-0
(8,26): 255-255-0
(8,27): 255-255-0
(8,28): 255-255-0
(8,29): 255-255-0
(8,30): 255-255-0
(8,31): 255-255-0
(8,32): 255-255-0
(8,33): 255-255-0
(8,34): 255-255-0
(8,35): 255-255-0
(8,36): 255-255-0
(8,37): 255-255-0
(8,38): 255-255-0
(8,39): 255-255-0
(8,40): 255-255-0
(8,41): 255-255-0
(8,42): 255-255-0
(8,43): 255-255-0
(8,44): 255-255-0
(8,45): 255-255-0
(8,46): 255-255-0
(8,47): 255-255-0
(8,48): 255-255-0
(8,49): 255-255-0
(8,50): 255-255-0
(8,51): 255-255-0
(8,52): 255-255-0
(8,53): 255-255-0
(8,54): 255-255-0
(8,55): 255-255-0
(8,56): 255-255-0
(8,57): 255-255-0
(8,58): 255-255-0
(8,59): 255-255-0
(8,60): 255-255-0
(8,61): 255-255-0
(8,62): 255-255-0
(8,63): 255-255-0
(8,64): 255-255-0
(8,65): 255-255-0
(8,66): 255-255-0
(8,67): 255-255-0
(8,68): 255-255-0
(8,69): 255-255-0
(8,70): 255-255-0
(8,71): 255-255-0
(8,72): 255-255-0
(8,73): 255-255-0
(8,74): 255-255-0
(8,75): 255-255-0
(8,76): 247-0-255
(8,77): 247-0-255
(8,78): 217-255-0
(8,79): 193-255-0
(8,80): 140-255-0
(8,81): 87-255-0
(8,82): 0-128-128
(8,83): 68-0-0
(8,84): 112-112-0
(8,85): 146-0-0
(8,86): 144-112-0
(8,87): 125-0-0
(8,88): 79-0-0
(8,89): 1-128-128
(8,90): 0-128-128
(8,91): 104-255-0
(8,92): 154-255-0
(8,93): 214-255-0
(8,94): 248-0-255
(8,95): 255-255-0
(8,96): 255-255-0
(8,97): 255-255-0
(8,98): 255-255-0
(8,99): 255-255-0
(8,100): 255-255-0
(8,101): 255-255-0
(8,102): 255-255-0
(8,103): 255-255-0
(8,104): 255-255-0
(8,105): 255-255-0
(8,106): 255-255-0
(8,107): 255-255-0
(8,108): 255-255-0
(8,109): 255-255-0
(8,110): 255-255-0
(8,111): 255-255-0
(8,112): 255-255-0
(8,113): 255-255-0
(8,114): 255-255-0
(8,115): 255-255-0
(8,116): 255-255-0
(8,117): 255-255-0
(8,118): 255-255-0
(8,119): 255-255-0
(8,120): 255-255-0
(8,121): 255-255-0
(8,122): 255-255-0
(8,123): 255-255-0
(8,124): 255-255-0
(8,125): 255-255-0
(8,126): 255-128-128
(8,127): 255-128-128
(9,0): 255-128-128
(9,1): 255-128-128
(9,2): 255-255-0
(9,3): 255-255-0
(9,4): 255-255-0
(9,5): 255-255-0
(9,6): 255-255-0
(9,7): 255-255-0
(9,8): 255-255-0
(9,9): 255-255-0
(9,10): 255-255-0
(9,11): 255-255-0
(9,12): 255-255-0
(9,13): 255-255-0
(9,14): 255-255-0
(9,15): 255-255-0
(9,16): 255-255-0
(9,17): 255-255-0
(9,18): 255-255-0
(9,19): 255-255-0
(9,20): 255-255-0
(9,21): 255-255-0
(9,22): 255-255-0
(9,23): 255-255-0
(9,24): 255-255-0
(9,25): 255-255-0
(9,26): 255-255-0
(9,27): 255-255-0
(9,28): 255-255-0
(9,29): 255-255-0
(9,30): 255-255-0
(9,31): 255-255-0
(9,32): 255-255-0
(9,33): 255-255-0
(9,34): 255-255-0
(9,35): 255-255-0
(9,36): 255-255-0
(9,37): 255-255-0
(9,38): 255-255-0
(9,39): 255-255-0
(9,40): 255-255-0
(9,41): 255-255-0
(9,42): 255-255-0
(9,43): 255-255-0
(9,44): 255-255-0
(9,45): 255-255-0
(9,46): 255-255-0
(9,47): 255-255-0
(9,48): 255-255-0
(9,49): 255-255-0
(9,50): 255-255-0
(9,51): 255-255-0
(9,52): 255-255-0
(9,53): 255-255-0
(9,54): 255-255-0
(9,55): 255-255-0
(9,56): 255-255-0
(9,57): 255-255-0
(9,58): 255-255-0
(9,59): 255-255-0
(9,60): 255-255-0
(9,61): 255-255-0
(9,62): 255-255-0
(9,63): 255-255-0
(9,64): 255-255-0
(9,65): 255-255-0
(9,66): 255-255-0
(9,67): 255-255-0
(9,68): 255-255-0
(9,69): 255-255-0
(9,70): 255-255-0
(9,71): 255-255-0
(9,72): 255-255-0
(9,73): 240-255-0
(9,74): 189-255-0
(9,75): 146-255-0
(9,76): 87-0-255
(9,77): 122-0-0
(9,78): 0-128-128
(9,79): 88-0-255
(9,80): 75-0-0
(9,81): 121-255-0
(9,82): 177-255-0
(9,83): 193-255-0
(9,84): 207-0-255
(9,85): 210-255-0
(9,86): 213-255-0
(9,87): 207-255-0
(9,88): 205-0-255
(9,89): 180-255-0
(9,90): 155-255-0
(9,91): 104-255-0
(9,92): 5-128-128
(9,93): 24-128-128
(9,94): 81-0-0
(9,95): 172-255-0
(9,96): 236-0-255
(9,97): 255-0-255
(9,98): 255-255-0
(9,99): 255-255-0
(9,100): 255-255-0
(9,101): 255-255-0
(9,102): 255-255-0
(9,103): 255-255-0
(9,104): 255-255-0
(9,105): 255-255-0
(9,106): 255-255-0
(9,107): 255-255-0
(9,108): 255-255-0
(9,109): 255-255-0
(9,110): 255-255-0
(9,111): 255-255-0
(9,112): 255-255-0
(9,113): 255-255-0
(9,114): 255-255-0
(9,115): 255-255-0
(9,116): 255-255-0
(9,117): 255-255-0
(9,118): 255-255-0
(9,119): 255-255-0
(9,120): 255-255-0
(9,121): 255-255-0
(9,122): 255-255-0
(9,123): 255-255-0
(9,124): 255-255-0
(9,125): 255-255-0
(9,126): 255-128-128
(9,127): 255-128-128
(10,0): 255-128-128
(10,1): 255-128-128
(10,2): 255-255-0
(10,3): 255-255-0
(10,4): 255-255-0
(10,5): 255-255-0
(10,6): 255-255-0
(10,7): 255-255-0
(10,8): 255-255-0
(10,9): 255-255-0
(10,10): 255-255-0
(10,11): 255-255-0
(10,12): 255-255-0
(10,13): 255-255-0
(10,14): 255-255-0
(10,15): 255-255-0
(10,16): 255-255-0
(10,17): 255-255-0
(10,18): 255-255-0
(10,19): 255-255-0
(10,20): 255-255-0
(10,21): 255-255-0
(10,22): 255-255-0
(10,23): 255-255-0
(10,24): 255-255-0
(10,25): 255-255-0
(10,26): 255-255-0
(10,27): 255-255-0
(10,28): 255-255-0
(10,29): 255-255-0
(10,30): 255-255-0
(10,31): 255-255-0
(10,32): 255-255-0
(10,33): 255-255-0
(10,34): 255-255-0
(10,35): 255-255-0
(10,36): 255-255-0
(10,37): 255-255-0
(10,38): 255-255-0
(10,39): 255-255-0
(10,40): 255-255-0
(10,41): 255-255-0
(10,42): 255-255-0
(10,43): 255-255-0
(10,44): 255-255-0
(10,45): 255-255-0
(10,46): 255-255-0
(10,47): 255-255-0
(10,48): 255-255-0
(10,49): 255-255-0
(10,50): 255-255-0
(10,51): 255-255-0
(10,52): 255-255-0
(10,53): 255-255-0
(10,54): 251-255-0
(10,55): 255-255-0
(10,56): 248-255-0
(10,57): 255-255-0
(10,58): 248-255-0
(10,59): 255-255-0
(10,60): 245-0-255
(10,61): 255-255-0
(10,62): 247-255-0
(10,63): 255-255-0
(10,64): 247-255-0
(10,65): 255-255-0
(10,66): 255-255-0
(10,67): 255-255-0
(10,68): 255-255-0
(10,69): 255-255-0
(10,70): 255-0-255
(10,71): 255-0-255
(10,72): 179-255-0
(10,73): 46-128-128
(10,74): 88-255-0
(10,75): 114-255-0
(10,76): 147-255-0
(10,77): 159-0-0
(10,78): 152-0-0
(10,79): 185-0-0
(10,80): 193-0-0
(10,81): 209-0-0
(10,82): 215-255-0
(10,83): 211-255-0
(10,84): 211-255-0
(10,85): 210-0-0
(10,86): 210-255-0
(10,87): 210-255-0
(10,88): 211-255-0
(10,89): 213-112-0
(10,90): 219-255-0
(10,91): 209-0-0
(10,92): 180-112-0
(10,93): 147-0-0
(10,94): 62-0-0
(10,95): 0-128-128
(10,96): 0-128-128
(10,97): 142-255-0
(10,98): 230-255-0
(10,99): 255-0-255
(10,100): 255-255-0
(10,101): 255-255-0
(10,102): 255-255-0
(10,103): 255-255-0
(10,104): 255-255-0
(10,105): 255-255-0
(10,106): 255-255-0
(10,107): 255-255-0
(10,108): 255-255-0
(10,109): 255-255-0
(10,110): 255-255-0
(10,111): 255-255-0
(10,112): 255-255-0
(10,113): 255-255-0
(10,114): 255-255-0
(10,115): 255-255-0
(10,116): 255-255-0
(10,117): 255-255-0
(10,118): 255-255-0
(10,119): 255-255-0
(10,120): 255-255-0
(10,121): 255-255-0
(10,122): 255-255-0
(10,123): 255-255-0
(10,124): 255-255-0
(10,125): 255-255-0
(10,126): 255-128-128
(10,127): 255-128-128
(11,0): 255-128-128
(11,1): 255-128-128
(11,2): 255-255-0
(11,3): 255-255-0
(11,4): 255-255-0
(11,5): 255-255-0
(11,6): 255-255-0
(11,7): 255-255-0
(11,8): 255-255-0
(11,9): 255-255-0
(11,10): 255-255-0
(11,11): 255-255-0
(11,12): 255-255-0
(11,13): 255-255-0
(11,14): 255-255-0
(11,15): 255-255-0
(11,16): 255-255-0
(11,17): 255-255-0
(11,18): 255-255-0
(11,19): 255-255-0
(11,20): 255-255-0
(11,21): 255-255-0
(11,22): 255-255-0
(11,23): 255-255-0
(11,24): 255-255-0
(11,25): 255-255-0
(11,26): 255-255-0
(11,27): 255-255-0
(11,28): 255-255-0
(11,29): 255-255-0
(11,30): 255-255-0
(11,31): 255-255-0
(11,32): 255-255-0
(11,33): 255-255-0
(11,34): 255-255-0
(11,35): 255-255-0
(11,36): 255-255-0
(11,37): 255-255-0
(11,38): 255-255-0
(11,39): 255-255-0
(11,40): 255-255-0
(11,41): 255-255-0
(11,42): 255-255-0
(11,43): 255-255-0
(11,44): 255-255-0
(11,45): 255-0-255
(11,46): 255-0-255
(11,47): 245-0-255
(11,48): 243-0-255
(11,49): 223-255-0
(11,50): 218-255-0
(11,51): 197-255-0
(11,52): 180-255-0
(11,53): 151-255-0
(11,54): 121-0-0
(11,55): 130-112-0
(11,56): 112-0-0
(11,57): 134-0-0
(11,58): 95-0-0
(11,59): 142-112-0
(11,60): 116-0-0
(11,61): 146-0-0
(11,62): 97-0-0
(11,63): 146-0-0
(11,64): 95-0-0
(11,65): 143-0-0
(11,66): 142-0-0
(11,67): 177-255-0
(11,68): 180-255-0
(11,69): 186-255-0
(11,70): 193-255-0
(11,71): 158-255-0
(11,72): 58-128-128
(11,73): 0-128-128
(11,74): 179-0-255
(11,75): 200-0-255
(11,76): 209-0-255
(11,77): 207-68-0
(11,78): 207-0-0
(11,79): 209-0-0
(11,80): 209-0-0
(11,81): 210-0-0
(11,82): 210-0-0
(11,83): 210-0-0
(11,84): 210-0-0
(11,85): 210-0-0
(11,86): 210-0-0
(11,87): 210-0-0
(11,88): 210-0-0
(11,89): 210-0-0
(11,90): 210-0-0
(11,91): 209-0-0
(11,92): 213-0-0
(11,93): 209-68-0
(11,94): 207-0-255
(11,95): 168-255-0
(11,96): 104-255-0
(11,97): 0-128-128
(11,98): 76-255-255
(11,99): 205-255-0
(11,100): 255-0-255
(11,101): 255-255-0
(11,102): 255-255-0
(11,103): 255-255-0
(11,104): 255-255-0
(11,105): 255-255-0
(11,106): 255-255-0
(11,107): 255-255-0
(11,108): 255-255-0
(11,109): 255-255-0
(11,110): 255-255-0
(11,111): 255-255-0
(11,112): 255-255-0
(11,113): 255-255-0
(11,114): 255-255-0
(11,115): 255-255-0
(11,116): 255-255-0
(11,117): 255-255-0
(11,118): 255-255-0
(11,119): 255-255-0
(11,120): 255-255-0
(11,121): 255-255-0
(11,122): 255-255-0
(11,123): 255-255-0
(11,124): 255-255-0
(11,125): 255-255-0
(11,126): 255-128-128
(11,127): 255-128-128
(12,0): 255-128-128
(12,1): 255-128-128
(12,2): 255-255-0
(12,3): 255-255-0
(12,4): 255-255-0
(12,5): 255-255-0
(12,6): 255-255-0
(12,7): 255-255-0
(12,8): 255-255-0
(12,9): 255-255-0
(12,10): 255-255-0
(12,11): 255-255-0
(12,12): 255-255-0
(12,13): 255-255-0
(12,14): 255-255-0
(12,15): 255-255-0
(12,16): 255-255-0
(12,17): 255-255-0
(12,18): 255-255-0
(12,19): 255-255-0
(12,20): 255-255-0
(12,21): 255-255-0
(12,22): 255-255-0
(12,23): 255-255-0
(12,24): 255-255-0
(12,25): 255-255-0
(12,26): 255-255-0
(12,27): 255-255-0
(12,28): 255-255-0
(12,29): 255-255-0
(12,30): 255-255-0
(12,31): 255-255-0
(12,32): 255-255-0
(12,33): 255-255-0
(12,34): 255-255-0
(12,35): 255-255-0
(12,36): 255-255-0
(12,37): 255-255-0
(12,38): 255-255-0
(12,39): 255-255-0
(12,40): 255-255-0
(12,41): 249-0-255
(12,42): 221-255-0
(12,43): 193-255-0
(12,44): 164-255-0
(12,45): 137-255-0
(12,46): 106-255-0
(12,47): 24-128-128
(12,48): 20-128-128
(12,49): 74-255-0
(12,50): 104-255-0
(12,51): 7-128-128
(12,52): 91-255-0
(12,53): 76-0-0
(12,54): 102-46-0
(12,55): 116-0-0
(12,56): 106-0-0
(12,57): 117-0-0
(12,58): 119-0-0
(12,59): 133-0-0
(12,60): 130-0-0
(12,61): 152-0-0
(12,62): 140-0-0
(12,63): 160-0-0
(12,64): 146-0-0
(12,65): 142-0-0
(12,66): 133-112-0
(12,67): 126-255-0
(12,68): 126-255-0
(12,69): 114-255-0
(12,70): 101-255-0
(12,71): 62-255-0
(12,72): 0-128-128
(12,73): 0-128-128
(12,74): 105-255-0
(12,75): 155-255-0
(12,76): 181-255-0
(12,77): 203-0-0
(12,78): 218-255-0
(12,79): 214-255-0
(12,80): 214-255-0
(12,81): 210-0-0
(12,82): 211-0-0
(12,83): 211-0-0
(12,84): 210-0-0
(12,85): 210-0-0
(12,86): 210-0-0
(12,87): 210-0-0
(12,88): 210-0-0
(12,89): 210-0-0
(12,90): 210-0-0
(12,91): 210-0-0
(12,92): 210-0-0
(12,93): 210-255-0
(12,94): 217-255-0
(12,95): 213-114-255
(12,96): 198-0-255
(12,97): 106-112-0
(12,98): 0-128-128
(12,99): 77-255-255
(12,100): 202-255-0
(12,101): 255-0-255
(12,102): 255-255-0
(12,103): 255-255-0
(12,104): 255-255-0
(12,105): 255-255-0
(12,106): 255-255-0
(12,107): 255-255-0
(12,108): 255-255-0
(12,109): 255-255-0
(12,110): 255-255-0
(12,111): 255-255-0
(12,112): 255-255-0
(12,113): 255-255-0
(12,114): 255-255-0
(12,115): 255-255-0
(12,116): 255-255-0
(12,117): 255-255-0
(12,118): 255-255-0
(12,119): 255-255-0
(12,120): 255-255-0
(12,121): 255-255-0
(12,122): 255-255-0
(12,123): 255-255-0
(12,124): 255-255-0
(12,125): 255-255-0
(12,126): 255-128-128
(12,127): 255-128-128
(13,0): 255-128-128
(13,1): 255-128-128
(13,2): 255-255-0
(13,3): 255-255-0
(13,4): 255-255-0
(13,5): 255-255-0
(13,6): 255-255-0
(13,7): 255-255-0
(13,8): 255-255-0
(13,9): 255-255-0
(13,10): 255-255-0
(13,11): 255-255-0
(13,12): 255-255-0
(13,13): 255-255-0
(13,14): 255-255-0
(13,15): 255-255-0
(13,16): 255-255-0
(13,17): 255-255-0
(13,18): 255-255-0
(13,19): 255-255-0
(13,20): 255-255-0
(13,21): 255-255-0
(13,22): 255-255-0
(13,23): 255-255-0
(13,24): 255-255-0
(13,25): 255-255-0
(13,26): 255-255-0
(13,27): 255-255-0
(13,28): 255-255-0
(13,29): 255-255-0
(13,30): 255-255-0
(13,31): 255-255-0
(13,32): 255-255-0
(13,33): 255-255-0
(13,34): 255-255-0
(13,35): 255-255-0
(13,36): 255-0-255
(13,37): 255-0-255
(13,38): 245-0-255
(13,39): 194-255-0
(13,40): 129-255-0
(13,41): 81-255-0
(13,42): 0-128-128
(13,43): 0-128-128
(13,44): 41-0-255
(13,45): 43-0-255
(13,46): 54-0-0
(13,47): 77-255-0
(13,48): 121-255-0
(13,49): 164-255-0
(13,50): 206-0-255
(13,51): 190-255-0
(13,52): 209-255-0
(13,53): 190-255-0
(13,54): 209-255-0
(13,55): 205-255-0
(13,56): 210-255-0
(13,57): 205-255-0
(13,58): 207-255-0
(13,59): 205-255-0
(13,60): 209-255-0
(13,61): 206-255-0
(13,62): 209-255-0
(13,63): 207-255-0
(13,64): 209-255-0
(13,65): 206-255-0
(13,66): 209-255-0
(13,67): 206-255-0
(13,68): 210-255-0
(13,69): 198-255-0
(13,70): 206-255-0
(13,71): 190-255-0
(13,72): 197-0-255
(13,73): 184-255-0
(13,74): 137-255-0
(13,75): 112-0-0
(13,76): 9-128-128
(13,77): 114-0-0
(13,78): 146-255-0
(13,79): 184-255-0
(13,80): 210-255-0
(13,81): 209-68-0
(13,82): 211-0-0
(13,83): 210-0-0
(13,84): 210-0-0
(13,85): 210-0-0
(13,86): 210-0-0
(13,87): 209-0-0
(13,88): 209-0-0
(13,89): 209-0-0
(13,90): 210-0-0
(13,91): 210-0-0
(13,92): 210-0-0
(13,93): 210-0-0
(13,94): 211-0-0
(13,95): 211-68-0
(13,96): 215-112-0
(13,97): 189-0-255
(13,98): 105-112-0
(13,99): 0-128-128
(13,100): 13-128-128
(13,101): 193-255-0
(13,102): 255-0-255
(13,103): 255-255-0
(13,104): 255-255-0
(13,105): 255-255-0
(13,106): 255-255-0
(13,107): 255-255-0
(13,108): 255-255-0
(13,109): 255-255-0
(13,110): 255-255-0
(13,111): 255-255-0
(13,112): 255-255-0
(13,113): 255-255-0
(13,114): 255-255-0
(13,115): 255-255-0
(13,116): 255-255-0
(13,117): 255-255-0
(13,118): 255-255-0
(13,119): 255-255-0
(13,120): 255-255-0
(13,121): 255-255-0
(13,122): 255-255-0
(13,123): 255-255-0
(13,124): 255-255-0
(13,125): 255-255-0
(13,126): 255-128-128
(13,127): 255-128-128
(14,0): 255-128-128
(14,1): 255-128-128
(14,2): 255-255-0
(14,3): 255-255-0
(14,4): 255-255-0
(14,5): 255-255-0
(14,6): 255-255-0
(14,7): 255-255-0
(14,8): 255-255-0
(14,9): 255-255-0
(14,10): 255-255-0
(14,11): 255-255-0
(14,12): 255-255-0
(14,13): 255-255-0
(14,14): 255-255-0
(14,15): 255-255-0
(14,16): 255-255-0
(14,17): 255-255-0
(14,18): 255-255-0
(14,19): 255-255-0
(14,20): 255-255-0
(14,21): 255-255-0
(14,22): 255-255-0
(14,23): 255-255-0
(14,24): 255-255-0
(14,25): 255-255-0
(14,26): 255-255-0
(14,27): 255-255-0
(14,28): 255-255-0
(14,29): 255-255-0
(14,30): 255-255-0
(14,31): 255-255-0
(14,32): 255-0-255
(14,33): 248-255-0
(14,34): 203-255-0
(14,35): 171-255-0
(14,36): 140-255-0
(14,37): 89-255-0
(14,38): 80-255-0
(14,39): 0-128-128
(14,40): 0-128-128
(14,41): 66-0-0
(14,42): 83-0-0
(14,43): 130-68-0
(14,44): 143-0-0
(14,45): 172-0-0
(14,46): 186-0-0
(14,47): 202-0-0
(14,48): 206-68-0
(14,49): 214-112-0
(14,50): 221-255-0
(14,51): 213-112-0
(14,52): 218-255-0
(14,53): 211-0-0
(14,54): 215-255-0
(14,55): 211-0-0
(14,56): 214-255-0
(14,57): 210-112-0
(14,58): 210-255-0
(14,59): 207-0-0
(14,60): 210-68-0
(14,61): 209-0-0
(14,62): 210-68-0
(14,63): 210-0-0
(14,64): 210-255-0
(14,65): 210-112-0
(14,66): 211-255-0
(14,67): 210-255-0
(14,68): 213-255-0
(14,69): 210-112-0
(14,70): 213-255-0
(14,71): 211-112-0
(14,72): 214-255-0
(14,73): 213-112-0
(14,74): 214-255-0
(14,75): 210-0-0
(14,76): 165-0-0
(14,77): 139-0-0
(14,78): 75-0-0
(14,79): 24-128-128
(14,80): 81-0-0
(14,81): 176-68-0
(14,82): 207-255-0
(14,83): 214-112-0
(14,84): 213-68-0
(14,85): 210-0-0
(14,86): 210-0-0
(14,87): 209-0-0
(14,88): 209-0-0
(14,89): 209-0-0
(14,90): 210-0-0
(14,91): 210-0-0
(14,92): 210-0-0
(14,93): 210-0-0
(14,94): 210-0-0
(14,95): 210-0-0
(14,96): 213-68-0
(14,97): 211-112-0
(14,98): 197-0-255
(14,99): 113-112-0
(14,100): 0-128-128
(14,101): 1-128-128
(14,102): 185-255-0
(14,103): 255-0-255
(14,104): 255-255-0
(14,105): 255-255-0
(14,106): 255-255-0
(14,107): 255-255-0
(14,108): 255-255-0
(14,109): 255-255-0
(14,110): 255-255-0
(14,111): 255-255-0
(14,112): 255-255-0
(14,113): 255-255-0
(14,114): 255-255-0
(14,115): 255-255-0
(14,116): 255-255-0
(14,117): 255-255-0
(14,118): 255-255-0
(14,119): 255-255-0
(14,120): 255-255-0
(14,121): 255-255-0
(14,122): 255-255-0
(14,123): 255-255-0
(14,124): 255-255-0
(14,125): 255-255-0
(14,126): 255-128-128
(14,127): 255-128-128
(15,0): 255-128-128
(15,1): 255-128-128
(15,2): 255-255-0
(15,3): 255-255-0
(15,4): 255-255-0
(15,5): 255-255-0
(15,6): 255-255-0
(15,7): 255-255-0
(15,8): 255-255-0
(15,9): 255-255-0
(15,10): 255-255-0
(15,11): 255-255-0
(15,12): 255-255-0
(15,13): 255-255-0
(15,14): 255-255-0
(15,15): 255-255-0
(15,16): 255-255-0
(15,17): 255-255-0
(15,18): 255-255-0
(15,19): 255-255-0
(15,20): 255-255-0
(15,21): 255-255-0
(15,22): 255-255-0
(15,23): 255-255-0
(15,24): 255-255-0
(15,25): 255-255-0
(15,26): 255-255-0
(15,27): 255-255-0
(15,28): 255-255-0
(15,29): 255-0-255
(15,30): 255-0-255
(15,31): 218-0-255
(15,32): 152-255-0
(15,33): 87-255-0
(15,34): 56-128-128
(15,35): 77-255-0
(15,36): 87-28-0
(15,37): 92-255-0
(15,38): 143-255-0
(15,39): 165-255-0
(15,40): 202-0-255
(15,41): 197-255-0
(15,42): 209-0-255
(15,43): 211-255-0
(15,44): 214-255-0
(15,45): 210-68-0
(15,46): 210-0-0
(15,47): 209-0-0
(15,48): 209-0-0
(15,49): 209-0-0
(15,50): 210-68-0
(15,51): 210-68-0
(15,52): 209-0-0
(15,53): 209-0-0
(15,54): 207-0-0
(15,55): 207-0-0
(15,56): 209-0-0
(15,57): 209-112-0
(15,58): 209-68-0
(15,59): 207-0-0
(15,60): 207-0-0
(15,61): 207-0-0
(15,62): 207-0-0
(15,63): 210-0-0
(15,64): 210-0-0
(15,65): 210-0-0
(15,66): 210-0-0
(15,67): 211-0-0
(15,68): 211-0-0
(15,69): 210-0-0
(15,70): 211-0-0
(15,71): 210-0-0
(15,72): 210-0-0
(15,73): 210-0-0
(15,74): 210-0-0
(15,75): 210-0-0
(15,76): 213-0-0
(15,77): 207-68-0
(15,78): 201-0-255
(15,79): 154-255-0
(15,80): 71-0-0
(15,81): 70-0-255
(15,82): 114-255-0
(15,83): 190-255-0
(15,84): 210-255-0
(15,85): 211-68-0
(15,86): 210-0-0
(15,87): 210-0-0
(15,88): 210-0-0
(15,89): 209-0-0
(15,90): 209-0-0
(15,91): 209-0-0
(15,92): 209-0-0
(15,93): 210-0-0
(15,94): 210-0-0
(15,95): 210-0-0
(15,96): 210-0-0
(15,97): 211-0-0
(15,98): 214-112-0
(15,99): 192-0-255
(15,100): 114-112-0
(15,101): 0-128-128
(15,102): 0-128-128
(15,103): 188-255-0
(15,104): 255-0-255
(15,105): 255-255-0
(15,106): 255-255-0
(15,107): 255-255-0
(15,108): 255-255-0
(15,109): 255-255-0
(15,110): 255-255-0
(15,111): 255-255-0
(15,112): 255-255-0
(15,113): 255-255-0
(15,114): 255-255-0
(15,115): 255-255-0
(15,116): 255-255-0
(15,117): 255-255-0
(15,118): 255-255-0
(15,119): 255-255-0
(15,120): 255-255-0
(15,121): 255-255-0
(15,122): 255-255-0
(15,123): 255-255-0
(15,124): 255-255-0
(15,125): 255-255-0
(15,126): 255-128-128
(15,127): 255-128-128
(16,0): 255-128-128
(16,1): 255-128-128
(16,2): 255-255-0
(16,3): 255-255-0
(16,4): 255-255-0
(16,5): 255-255-0
(16,6): 255-255-0
(16,7): 255-255-0
(16,8): 255-255-0
(16,9): 255-255-0
(16,10): 255-255-0
(16,11): 255-255-0
(16,12): 255-255-0
(16,13): 255-255-0
(16,14): 255-255-0
(16,15): 255-255-0
(16,16): 255-255-0
(16,17): 255-255-0
(16,18): 255-255-0
(16,19): 255-255-0
(16,20): 255-255-0
(16,21): 255-255-0
(16,22): 255-255-0
(16,23): 255-255-0
(16,24): 255-255-0
(16,25): 255-255-0
(16,26): 255-0-255
(16,27): 248-0-255
(16,28): 193-255-0
(16,29): 138-255-0
(16,30): 67-255-255
(16,31): 0-128-128
(16,32): 0-128-128
(16,33): 68-0-0
(16,34): 89-0-0
(16,35): 147-255-0
(16,36): 177-255-0
(16,37): 203-0-0
(16,38): 211-255-0
(16,39): 215-112-0
(16,40): 217-255-0
(16,41): 213-255-0
(16,42): 213-255-0
(16,43): 213-255-0
(16,44): 213-68-0
(16,45): 211-0-0
(16,46): 209-0-0
(16,47): 209-0-0
(16,48): 211-112-0
(16,49): 214-255-0
(16,50): 227-255-0
(16,51): 243-255-0
(16,52): 249-255-0
(16,53): 252-255-0
(16,54): 251-255-0
(16,55): 249-255-0
(16,56): 244-255-0
(16,57): 239-255-0
(16,58): 232-255-0
(16,59): 221-255-0
(16,60): 213-255-0
(16,61): 207-0-0
(16,62): 209-0-0
(16,63): 207-0-0
(16,64): 209-0-0
(16,65): 210-0-0
(16,66): 210-0-0
(16,67): 210-0-0
(16,68): 210-0-0
(16,69): 210-0-0
(16,70): 210-0-0
(16,71): 210-0-0
(16,72): 210-0-0
(16,73): 210-0-0
(16,74): 210-0-0
(16,75): 210-0-0
(16,76): 210-0-0
(16,77): 210-0-0
(16,78): 218-255-0
(16,79): 214-0-0
(16,80): 193-112-0
(16,81): 117-0-0
(16,82): 0-128-128
(16,83): 70-255-255
(16,84): 158-255-0
(16,85): 207-0-255
(16,86): 214-68-0
(16,87): 210-0-0
(16,88): 210-0-0
(16,89): 209-0-0
(16,90): 209-0-0
(16,91): 209-0-0
(16,92): 209-0-0
(16,93): 209-0-0
(16,94): 210-0-0
(16,95): 210-0-0
(16,96): 210-0-0
(16,97): 210-0-0
(16,98): 213-0-0
(16,99): 213-112-0
(16,100): 201-0-255
(16,101): 119-255-0
(16,102): 0-128-128
(16,103): 0-128-128
(16,104): 182-255-0
(16,105): 255-0-255
(16,106): 255-255-0
(16,107): 255-255-0
(16,108): 255-255-0
(16,109): 255-255-0
(16,110): 255-255-0
(16,111): 255-255-0
(16,112): 255-255-0
(16,113): 255-255-0
(16,114): 255-255-0
(16,115): 255-255-0
(16,116): 255-255-0
(16,117): 255-255-0
(16,118): 255-255-0
(16,119): 255-255-0
(16,120): 255-255-0
(16,121): 255-255-0
(16,122): 255-255-0
(16,123): 255-255-0
(16,124): 255-255-0
(16,125): 255-255-0
(16,126): 255-128-128
(16,127): 255-128-128
(17,0): 255-128-128
(17,1): 255-128-128
(17,2): 255-255-0
(17,3): 255-255-0
(17,4): 255-255-0
(17,5): 255-255-0
(17,6): 255-255-0
(17,7): 255-255-0
(17,8): 255-255-0
(17,9): 255-255-0
(17,10): 255-255-0
(17,11): 255-255-0
(17,12): 255-255-0
(17,13): 255-255-0
(17,14): 255-255-0
(17,15): 255-255-0
(17,16): 255-255-0
(17,17): 255-255-0
(17,18): 255-255-0
(17,19): 255-255-0
(17,20): 255-255-0
(17,21): 255-255-0
(17,22): 255-255-0
(17,23): 255-255-0
(17,24): 255-0-255
(17,25): 255-0-255
(17,26): 194-255-0
(17,27): 92-255-0
(17,28): 0-128-128
(17,29): 59-0-255
(17,30): 92-68-0
(17,31): 127-255-0
(17,32): 179-255-0
(17,33): 189-255-0
(17,34): 207-255-0
(17,35): 207-255-0
(17,36): 210-0-0
(17,37): 210-0-0
(17,38): 210-0-0
(17,39): 211-0-0
(17,40): 211-0-0
(17,41): 211-0-0
(17,42): 211-0-0
(17,43): 211-0-0
(17,44): 211-0-0
(17,45): 211-0-0
(17,46): 210-0-0
(17,47): 211-112-0
(17,48): 217-255-0
(17,49): 244-255-0
(17,50): 255-255-0
(17,51): 255-255-0
(17,52): 255-255-0
(17,53): 255-255-0
(17,54): 255-255-0
(17,55): 255-255-0
(17,56): 255-255-0
(17,57): 255-255-0
(17,58): 255-255-0
(17,59): 255-255-0
(17,60): 240-255-0
(17,61): 221-255-0
(17,62): 207-68-0
(17,63): 207-0-0
(17,64): 207-0-0
(17,65): 209-0-0
(17,66): 209-0-0
(17,67): 209-0-0
(17,68): 210-0-0
(17,69): 210-0-0
(17,70): 210-0-0
(17,71): 210-0-0
(17,72): 210-0-0
(17,73): 210-0-0
(17,74): 210-0-0
(17,75): 210-0-0
(17,76): 210-0-0
(17,77): 211-0-0
(17,78): 211-0-0
(17,79): 211-0-0
(17,80): 215-112-0
(17,81): 205-52-255
(17,82): 155-255-0
(17,83): 0-128-128
(17,84): 64-0-0
(17,85): 175-112-0
(17,86): 207-26-255
(17,87): 213-0-0
(17,88): 210-0-0
(17,89): 209-0-0
(17,90): 209-0-0
(17,91): 209-0-0
(17,92): 209-0-0
(17,93): 209-0-0
(17,94): 210-0-0
(17,95): 210-0-0
(17,96): 210-0-0
(17,97): 210-0-0
(17,98): 210-0-0
(17,99): 213-0-0
(17,100): 215-112-0
(17,101): 197-0-255
(17,102): 116-255-0
(17,103): 0-128-128
(17,104): 0-128-128
(17,105): 188-255-0
(17,106): 255-0-255
(17,107): 255-255-0
(17,108): 255-255-0
(17,109): 255-255-0
(17,110): 255-255-0
(17,111): 255-255-0
(17,112): 255-255-0
(17,113): 255-255-0
(17,114): 255-255-0
(17,115): 255-255-0
(17,116): 255-255-0
(17,117): 255-255-0
(17,118): 255-255-0
(17,119): 255-255-0
(17,120): 255-255-0
(17,121): 255-255-0
(17,122): 255-255-0
(17,123): 255-255-0
(17,124): 255-255-0
(17,125): 255-255-0
(17,126): 255-128-128
(17,127): 255-128-128
(18,0): 255-128-128
(18,1): 255-128-128
(18,2): 255-255-0
(18,3): 255-255-0
(18,4): 255-255-0
(18,5): 255-255-0
(18,6): 255-255-0
(18,7): 255-255-0
(18,8): 255-255-0
(18,9): 255-255-0
(18,10): 255-255-0
(18,11): 255-255-0
(18,12): 253-255-0
(18,13): 255-255-0
(18,14): 238-0-255
(18,15): 255-255-0
(18,16): 249-0-255
(18,17): 255-0-255
(18,18): 255-0-255
(18,19): 255-0-255
(18,20): 247-0-255
(18,21): 255-0-255
(18,22): 248-0-255
(18,23): 255-0-255
(18,24): 211-0-255
(18,25): 133-255-0
(18,26): 0-128-128
(18,27): 74-0-0
(18,28): 134-0-0
(18,29): 186-0-0
(18,30): 207-255-0
(18,31): 215-0-0
(18,32): 218-255-0
(18,33): 214-255-0
(18,34): 211-255-0
(18,35): 211-112-0
(18,36): 211-68-0
(18,37): 210-0-0
(18,38): 210-0-0
(18,39): 210-0-0
(18,40): 210-0-0
(18,41): 210-0-0
(18,42): 210-0-0
(18,43): 210-0-0
(18,44): 210-0-0
(18,45): 210-0-0
(18,46): 210-0-0
(18,47): 217-255-0
(18,48): 245-255-0
(18,49): 255-255-0
(18,50): 255-255-0
(18,51): 255-255-0
(18,52): 255-255-0
(18,53): 255-255-0
(18,54): 255-255-0
(18,55): 255-255-0
(18,56): 255-255-0
(18,57): 255-255-0
(18,58): 255-255-0
(18,59): 255-255-0
(18,60): 255-255-0
(18,61): 249-255-0
(18,62): 223-255-0
(18,63): 207-68-0
(18,64): 207-0-0
(18,65): 207-0-0
(18,66): 209-0-0
(18,67): 209-0-0
(18,68): 209-0-0
(18,69): 210-0-0
(18,70): 210-0-0
(18,71): 210-0-0
(18,72): 210-0-0
(18,73): 210-0-0
(18,74): 210-0-0
(18,75): 210-0-0
(18,76): 210-0-0
(18,77): 210-0-0
(18,78): 211-0-0
(18,79): 211-0-0
(18,80): 211-0-0
(18,81): 217-112-0
(18,82): 217-0-255
(18,83): 154-255-0
(18,84): 0-128-128
(18,85): 80-224-0
(18,86): 190-255-0
(18,87): 209-132-255
(18,88): 211-0-0
(18,89): 210-0-0
(18,90): 209-0-0
(18,91): 209-0-0
(18,92): 209-0-0
(18,93): 209-0-0
(18,94): 210-0-0
(18,95): 210-0-0
(18,96): 210-0-0
(18,97): 210-0-0
(18,98): 210-0-0
(18,99): 211-0-0
(18,100): 213-68-0
(18,101): 213-112-0
(18,102): 203-0-255
(18,103): 118-255-0
(18,104): 0-128-128
(18,105): 11-128-128
(18,106): 193-255-0
(18,107): 255-0-255
(18,108): 255-255-0
(18,109): 255-255-0
(18,110): 255-255-0
(18,111): 255-255-0
(18,112): 255-255-0
(18,113): 255-255-0
(18,114): 255-255-0
(18,115): 255-255-0
(18,116): 255-255-0
(18,117): 255-255-0
(18,118): 255-255-0
(18,119): 255-255-0
(18,120): 255-255-0
(18,121): 255-255-0
(18,122): 255-255-0
(18,123): 255-255-0
(18,124): 255-255-0
(18,125): 255-255-0
(18,126): 255-128-128
(18,127): 255-128-128
(19,0): 255-128-128
(19,1): 255-128-128
(19,2): 255-255-0
(19,3): 255-255-0
(19,4): 255-255-0
(19,5): 255-255-0
(19,6): 255-255-0
(19,7): 255-255-0
(19,8): 255-255-0
(19,9): 255-0-255
(19,10): 251-0-255
(19,11): 180-255-0
(19,12): 74-0-0
(19,13): 96-255-0
(19,14): 56-0-0
(19,15): 96-255-0
(19,16): 89-68-0
(19,17): 142-255-0
(19,18): 134-255-0
(19,19): 123-112-0
(19,20): 58-0-0
(19,21): 92-0-0
(19,22): 51-0-0
(19,23): 100-0-0
(19,24): 0-128-128
(19,25): 79-0-255
(19,26): 151-255-0
(19,27): 200-255-0
(19,28): 211-255-0
(19,29): 214-68-0
(19,30): 210-0-0
(19,31): 211-0-0
(19,32): 213-0-0
(19,33): 211-0-0
(19,34): 211-0-0
(19,35): 211-0-0
(19,36): 210-0-0
(19,37): 210-0-0
(19,38): 210-0-0
(19,39): 209-0-0
(19,40): 209-0-0
(19,41): 209-0-0
(19,42): 209-0-0
(19,43): 209-0-0
(19,44): 210-0-0
(19,45): 209-0-0
(19,46): 209-0-0
(19,47): 224-255-0
(19,48): 255-255-0
(19,49): 255-255-0
(19,50): 255-255-0
(19,51): 255-255-0
(19,52): 255-255-0
(19,53): 255-255-0
(19,54): 255-255-0
(19,55): 255-255-0
(19,56): 255-255-0
(19,57): 255-255-0
(19,58): 255-255-0
(19,59): 255-255-0
(19,60): 255-255-0
(19,61): 255-255-0
(19,62): 249-255-0
(19,63): 219-255-0
(19,64): 207-0-0
(19,65): 207-0-0
(19,66): 207-0-0
(19,67): 209-0-0
(19,68): 209-0-0
(19,69): 210-0-0
(19,70): 210-0-0
(19,71): 210-0-0
(19,72): 210-0-0
(19,73): 210-0-0
(19,74): 210-0-0
(19,75): 210-0-0
(19,76): 210-0-0
(19,77): 210-0-0
(19,78): 211-0-0
(19,79): 211-0-0
(19,80): 210-0-0
(19,81): 211-0-0
(19,82): 218-112-0
(19,83): 203-0-255
(19,84): 121-255-0
(19,85): 0-128-128
(19,86): 126-255-0
(19,87): 203-122-255
(19,88): 214-112-0
(19,89): 209-0-0
(19,90): 210-0-0
(19,91): 209-0-0
(19,92): 209-0-0
(19,93): 209-0-0
(19,94): 210-0-0
(19,95): 210-0-0
(19,96): 210-0-0
(19,97): 210-0-0
(19,98): 210-0-0
(19,99): 210-0-0
(19,100): 211-0-0
(19,101): 213-0-0
(19,102): 211-0-255
(19,103): 194-0-255
(19,104): 100-255-0
(19,105): 0-128-128
(19,106): 28-128-128
(19,107): 207-255-0
(19,108): 255-0-255
(19,109): 255-255-0
(19,110): 255-255-0
(19,111): 255-255-0
(19,112): 255-255-0
(19,113): 255-255-0
(19,114): 255-255-0
(19,115): 255-255-0
(19,116): 255-255-0
(19,117): 255-255-0
(19,118): 255-255-0
(19,119): 255-255-0
(19,120): 255-255-0
(19,121): 255-255-0
(19,122): 255-255-0
(19,123): 255-255-0
(19,124): 255-255-0
(19,125): 255-255-0
(19,126): 255-128-128
(19,127): 255-128-128
(20,0): 255-128-128
(20,1): 255-128-128
(20,2): 255-255-0
(20,3): 255-255-0
(20,4): 255-255-0
(20,5): 255-255-0
(20,6): 255-255-0
(20,7): 255-0-255
(20,8): 242-0-255
(20,9): 169-255-0
(20,10): 0-128-128
(20,11): 0-128-128
(20,12): 9-138-255
(20,13): 60-0-0
(20,14): 13-0-255
(20,15): 0-128-128
(20,16): 0-128-128
(20,17): 0-128-128
(20,18): 54-0-0
(20,19): 105-24-0
(20,20): 89-112-0
(20,21): 58-128-128
(20,22): 0-128-128
(20,23): 100-0-0
(20,24): 138-0-0
(20,25): 194-0-0
(20,26): 217-255-0
(20,27): 217-112-0
(20,28): 213-255-0
(20,29): 211-0-0
(20,30): 211-0-0
(20,31): 211-0-0
(20,32): 211-0-0
(20,33): 211-0-0
(20,34): 211-0-0
(20,35): 210-0-0
(20,36): 210-0-0
(20,37): 210-0-0
(20,38): 209-0-0
(20,39): 209-0-0
(20,40): 209-0-0
(20,41): 209-0-0
(20,42): 209-0-0
(20,43): 209-0-0
(20,44): 209-0-0
(20,45): 209-0-0
(20,46): 209-0-0
(20,47): 219-255-0
(20,48): 255-255-0
(20,49): 255-255-0
(20,50): 255-255-0
(20,51): 255-255-0
(20,52): 255-255-0
(20,53): 255-255-0
(20,54): 255-255-0
(20,55): 255-255-0
(20,56): 255-255-0
(20,57): 255-255-0
(20,58): 255-255-0
(20,59): 255-255-0
(20,60): 255-255-0
(20,61): 255-255-0
(20,62): 255-255-0
(20,63): 244-255-0
(20,64): 214-255-0
(20,65): 207-0-0
(20,66): 209-0-0
(20,67): 209-0-0
(20,68): 209-0-0
(20,69): 210-0-0
(20,70): 210-0-0
(20,71): 210-0-0
(20,72): 210-0-0
(20,73): 210-0-0
(20,74): 210-0-0
(20,75): 210-0-0
(20,76): 210-0-0
(20,77): 211-0-0
(20,78): 210-0-0
(20,79): 210-0-0
(20,80): 211-68-0
(20,81): 211-255-0
(20,82): 217-255-0
(20,83): 215-0-255
(20,84): 200-0-255
(20,85): 84-255-0
(20,86): 0-128-128
(20,87): 171-255-0
(20,88): 215-0-255
(20,89): 214-0-0
(20,90): 210-0-0
(20,91): 210-0-0
(20,92): 210-0-0
(20,93): 210-0-0
(20,94): 210-0-0
(20,95): 210-0-0
(20,96): 210-0-0
(20,97): 210-0-0
(20,98): 210-0-0
(20,99): 210-0-0
(20,100): 210-0-0
(20,101): 211-0-0
(20,102): 213-68-0
(20,103): 211-0-255
(20,104): 182-0-255
(20,105): 66-0-0
(20,106): 0-128-128
(20,107): 104-255-0
(20,108): 239-0-255
(20,109): 255-0-255
(20,110): 255-255-0
(20,111): 255-255-0
(20,112): 255-255-0
(20,113): 255-255-0
(20,114): 255-255-0
(20,115): 255-255-0
(20,116): 255-255-0
(20,117): 255-255-0
(20,118): 255-255-0
(20,119): 255-255-0
(20,120): 255-255-0
(20,121): 255-255-0
(20,122): 255-255-0
(20,123): 255-255-0
(20,124): 255-255-0
(20,125): 255-255-0
(20,126): 255-128-128
(20,127): 255-128-128
(21,0): 255-128-128
(21,1): 255-128-128
(21,2): 255-255-0
(21,3): 255-255-0
(21,4): 255-255-0
(21,5): 255-0-255
(21,6): 223-0-255
(21,7): 144-255-0
(21,8): 0-128-128
(21,9): 0-128-128
(21,10): 38-0-0
(21,11): 93-112-0
(21,12): 112-0-0
(21,13): 143-255-0
(21,14): 158-255-0
(21,15): 176-255-0
(21,16): 193-0-255
(21,17): 196-255-0
(21,18): 218-0-255
(21,19): 214-0-255
(21,20): 217-0-255
(21,21): 188-255-0
(21,22): 194-255-0
(21,23): 200-255-0
(21,24): 215-255-0
(21,25): 213-0-0
(21,26): 211-0-0
(21,27): 211-0-0
(21,28): 211-0-0
(21,29): 211-0-0
(21,30): 211-0-0
(21,31): 211-0-0
(21,32): 211-0-0
(21,33): 210-0-0
(21,34): 210-0-0
(21,35): 210-0-0
(21,36): 210-0-0
(21,37): 209-0-0
(21,38): 209-0-0
(21,39): 209-0-0
(21,40): 209-0-0
(21,41): 209-0-0
(21,42): 209-0-0
(21,43): 209-0-0
(21,44): 209-0-0
(21,45): 209-0-0
(21,46): 209-0-0
(21,47): 211-255-0
(21,48): 243-255-0
(21,49): 255-255-0
(21,50): 255-255-0
(21,51): 255-255-0
(21,52): 255-255-0
(21,53): 255-255-0
(21,54): 255-255-0
(21,55): 255-255-0
(21,56): 255-255-0
(21,57): 255-255-0
(21,58): 255-255-0
(21,59): 255-255-0
(21,60): 255-255-0
(21,61): 255-255-0
(21,62): 255-255-0
(21,63): 255-255-0
(21,64): 232-255-0
(21,65): 210-255-0
(21,66): 207-0-0
(21,67): 207-0-0
(21,68): 209-0-0
(21,69): 210-0-0
(21,70): 210-0-0
(21,71): 210-0-0
(21,72): 210-0-0
(21,73): 211-0-0
(21,74): 211-0-0
(21,75): 211-0-0
(21,76): 211-0-0
(21,77): 210-0-0
(21,78): 210-0-0
(21,79): 210-0-0
(21,80): 211-0-0
(21,81): 209-255-0
(21,82): 210-255-0
(21,83): 194-0-255
(21,84): 242-128-128
(21,85): 104-255-0
(21,86): 0-128-128
(21,87): 88-168-0
(21,88): 180-255-255
(21,89): 211-202-255
(21,90): 211-112-0
(21,91): 210-0-0
(21,92): 210-0-0
(21,93): 210-0-0
(21,94): 210-0-0
(21,95): 210-0-0
(21,96): 210-0-0
(21,97): 210-0-0
(21,98): 210-0-0
(21,99): 210-0-0
(21,100): 210-0-0
(21,101): 210-0-0
(21,102): 211-0-0
(21,103): 215-0-0
(21,104): 206-255-255
(21,105): 133-255-0
(21,106): 0-128-128
(21,107): 0-128-128
(21,108): 172-255-0
(21,109): 255-0-0
(21,110): 255-255-0
(21,111): 255-255-0
(21,112): 255-255-0
(21,113): 255-255-0
(21,114): 255-255-0
(21,115): 255-255-0
(21,116): 255-255-0
(21,117): 255-255-0
(21,118): 255-255-0
(21,119): 255-255-0
(21,120): 255-255-0
(21,121): 255-255-0
(21,122): 255-255-0
(21,123): 255-255-0
(21,124): 255-255-0
(21,125): 255-255-0
(21,126): 255-128-128
(21,127): 255-128-128
(22,0): 255-128-128
(22,1): 255-128-128
(22,2): 255-255-0
(22,3): 255-0-255
(22,4): 252-0-255
(22,5): 154-255-0
(22,6): 0-128-128
(22,7): 0-128-128
(22,8): 0-128-128
(22,9): 130-112-0
(22,10): 188-0-255
(22,11): 207-255-255
(22,12): 211-0-0
(22,13): 213-112-0
(22,14): 217-255-0
(22,15): 218-255-0
(22,16): 222-255-0
(22,17): 222-255-0
(22,18): 223-255-0
(22,19): 219-255-0
(22,20): 218-255-0
(22,21): 214-255-0
(22,22): 215-255-0
(22,23): 213-255-0
(22,24): 213-255-0
(22,25): 211-0-0
(22,26): 211-0-0
(22,27): 211-0-0
(22,28): 211-0-0
(22,29): 211-0-0
(22,30): 211-0-0
(22,31): 210-0-0
(22,32): 210-0-0
(22,33): 210-0-0
(22,34): 210-0-0
(22,35): 210-0-0
(22,36): 210-0-0
(22,37): 209-0-0
(22,38): 209-0-0
(22,39): 209-0-0
(22,40): 209-0-0
(22,41): 209-0-0
(22,42): 209-0-0
(22,43): 209-0-0
(22,44): 209-0-0
(22,45): 207-0-0
(22,46): 209-0-0
(22,47): 209-0-0
(22,48): 226-255-0
(22,49): 255-255-0
(22,50): 255-255-0
(22,51): 255-255-0
(22,52): 255-255-0
(22,53): 255-255-0
(22,54): 255-255-0
(22,55): 255-255-0
(22,56): 255-255-0
(22,57): 255-255-0
(22,58): 255-255-0
(22,59): 255-255-0
(22,60): 255-255-0
(22,61): 255-255-0
(22,62): 255-255-0
(22,63): 255-255-0
(22,64): 249-255-0
(22,65): 217-68-0
(22,66): 209-0-0
(22,67): 209-0-0
(22,68): 210-0-0
(22,69): 210-0-0
(22,70): 210-0-0
(22,71): 210-0-0
(22,72): 210-0-0
(22,73): 210-0-0
(22,74): 211-255-0
(22,75): 213-112-0
(22,76): 218-255-0
(22,77): 214-0-0
(22,78): 206-0-0
(22,79): 200-0-0
(22,80): 176-255-0
(22,81): 143-255-0
(22,82): 125-255-0
(22,83): 83-255-0
(22,84): 93-255-0
(22,85): 55-255-0
(22,86): 0-128-128
(22,87): 0-128-128
(22,88): 143-255-0
(22,89): 213-0-255
(22,90): 214-68-0
(22,91): 210-0-0
(22,92): 210-0-0
(22,93): 210-0-0
(22,94): 210-0-0
(22,95): 210-0-0
(22,96): 210-0-0
(22,97): 210-0-0
(22,98): 210-0-0
(22,99): 210-0-0
(22,100): 210-0-0
(22,101): 210-0-0
(22,102): 211-0-0
(22,103): 213-0-0
(22,104): 218-0-255
(22,105): 184-0-255
(22,106): 0-128-128
(22,107): 0-128-128
(22,108): 104-255-0
(22,109): 244-0-255
(22,110): 255-0-255
(22,111): 255-255-0
(22,112): 255-255-0
(22,113): 255-255-0
(22,114): 255-255-0
(22,115): 255-255-0
(22,116): 255-255-0
(22,117): 255-255-0
(22,118): 255-255-0
(22,119): 255-255-0
(22,120): 255-255-0
(22,121): 255-255-0
(22,122): 255-255-0
(22,123): 255-255-0
(22,124): 255-255-0
(22,125): 255-255-0
(22,126): 255-128-128
(22,127): 255-128-128
(23,0): 255-128-128
(23,1): 255-128-128
(23,2): 255-0-255
(23,3): 252-0-255
(23,4): 154-255-0
(23,5): 0-128-128
(23,6): 0-128-128
(23,7): 101-255-0
(23,8): 184-0-255
(23,9): 205-0-255
(23,10): 215-0-0
(23,11): 213-0-0
(23,12): 211-0-0
(23,13): 213-0-0
(23,14): 214-0-0
(23,15): 215-0-0
(23,16): 218-0-0
(23,17): 219-0-0
(23,18): 219-0-0
(23,19): 218-112-0
(23,20): 217-0-0
(23,21): 214-0-0
(23,22): 211-0-0
(23,23): 213-0-0
(23,24): 211-0-0
(23,25): 211-0-0
(23,26): 211-0-0
(23,27): 211-0-0
(23,28): 210-0-0
(23,29): 210-0-0
(23,30): 210-0-0
(23,31): 210-0-0
(23,32): 210-0-0
(23,33): 210-0-0
(23,34): 210-0-0
(23,35): 210-0-0
(23,36): 210-0-0
(23,37): 210-0-0
(23,38): 209-0-0
(23,39): 209-0-0
(23,40): 209-0-0
(23,41): 209-0-0
(23,42): 209-0-0
(23,43): 209-0-0
(23,44): 209-0-0
(23,45): 209-0-0
(23,46): 209-0-0
(23,47): 209-0-0
(23,48): 213-255-0
(23,49): 242-255-0
(23,50): 255-255-0
(23,51): 255-255-0
(23,52): 255-255-0
(23,53): 255-255-0
(23,54): 255-255-0
(23,55): 255-255-0
(23,56): 255-255-0
(23,57): 255-255-0
(23,58): 255-255-0
(23,59): 255-255-0
(23,60): 255-255-0
(23,61): 255-255-0
(23,62): 255-255-0
(23,63): 255-255-0
(23,64): 255-255-0
(23,65): 234-255-0
(23,66): 211-68-0
(23,67): 209-0-0
(23,68): 209-0-0
(23,69): 210-0-0
(23,70): 209-0-0
(23,71): 209-0-0
(23,72): 210-0-0
(23,73): 210-255-0
(23,74): 214-255-0
(23,75): 198-0-255
(23,76): 182-0-255
(23,77): 146-255-0
(23,78): 102-0-0
(23,79): 80-0-0
(23,80): 32-0-0
(23,81): 33-255-255
(23,82): 58-255-0
(23,83): 140-255-0
(23,84): 248-128-128
(23,85): 188-128-128
(23,86): 88-255-0
(23,87): 0-128-128
(23,88): 89-255-0
(23,89): 196-0-255
(23,90): 211-0-255
(23,91): 210-0-0
(23,92): 210-0-0
(23,93): 210-0-0
(23,94): 210-0-0
(23,95): 210-0-0
(23,96): 210-0-0
(23,97): 210-0-0
(23,98): 210-0-0
(23,99): 210-0-0
(23,100): 209-0-0
(23,101): 209-0-0
(23,102): 210-0-0
(23,103): 211-0-0
(23,104): 215-112-0
(23,105): 210-0-255
(23,106): 133-255-0
(23,107): 0-128-128
(23,108): 0-128-128
(23,109): 193-255-0
(23,110): 255-128-128
(23,111): 255-255-0
(23,112): 255-255-0
(23,113): 255-255-0
(23,114): 255-255-0
(23,115): 255-255-0
(23,116): 255-255-0
(23,117): 255-255-0
(23,118): 255-255-0
(23,119): 255-255-0
(23,120): 255-255-0
(23,121): 255-255-0
(23,122): 255-255-0
(23,123): 255-255-0
(23,124): 255-255-0
(23,125): 255-255-0
(23,126): 255-128-128
(23,127): 255-128-128
(24,0): 255-128-128
(24,1): 255-128-128
(24,2): 255-0-255
(24,3): 151-255-0
(24,4): 0-128-128
(24,5): 0-128-128
(24,6): 133-68-0
(24,7): 196-210-255
(24,8): 218-255-0
(24,9): 213-255-0
(24,10): 211-68-0
(24,11): 211-0-0
(24,12): 213-0-0
(24,13): 213-0-0
(24,14): 214-0-0
(24,15): 215-0-0
(24,16): 217-0-0
(24,17): 218-0-0
(24,18): 218-0-0
(24,19): 217-0-0
(24,20): 215-0-0
(24,21): 214-0-0
(24,22): 213-0-0
(24,23): 211-0-0
(24,24): 211-0-0
(24,25): 210-0-0
(24,26): 210-0-0
(24,27): 210-0-0
(24,28): 210-0-0
(24,29): 210-0-0
(24,30): 210-0-0
(24,31): 210-0-0
(24,32): 210-0-0
(24,33): 210-0-0
(24,34): 210-0-0
(24,35): 210-0-0
(24,36): 210-0-0
(24,37): 210-0-0
(24,38): 210-0-0
(24,39): 210-0-0
(24,40): 210-0-0
(24,41): 210-0-0
(24,42): 210-0-0
(24,43): 210-0-0
(24,44): 210-0-0
(24,45): 210-0-0
(24,46): 210-0-0
(24,47): 209-0-0
(24,48): 209-0-0
(24,49): 222-255-0
(24,50): 255-255-0
(24,51): 255-255-0
(24,52): 255-255-0
(24,53): 255-255-0
(24,54): 255-255-0
(24,55): 255-255-0
(24,56): 255-255-0
(24,57): 255-255-0
(24,58): 255-255-0
(24,59): 255-255-0
(24,60): 255-255-0
(24,61): 255-255-0
(24,62): 255-255-0
(24,63): 255-255-0
(24,64): 255-255-0
(24,65): 251-255-0
(24,66): 228-255-0
(24,67): 214-255-0
(24,68): 214-255-0
(24,69): 213-0-0
(24,70): 209-255-255
(24,71): 203-255-255
(24,72): 182-112-0
(24,73): 152-255-0
(24,74): 118-255-0
(24,75): 88-255-0
(24,76): 32-0-0
(24,77): 8-255-0
(24,78): 4-72-0
(24,79): 0-156-0
(24,80): 1-255-0
(24,81): 0-128-128
(24,82): 0-128-128
(24,83): 213-0-255
(24,84): 255-128-128
(24,85): 255-128-128
(24,86): 171-255-0
(24,87): 0-128-128
(24,88): 0-128-128
(24,89): 185-0-255
(24,90): 217-0-255
(24,91): 211-0-0
(24,92): 210-0-0
(24,93): 210-0-0
(24,94): 210-0-0
(24,95): 210-0-0
(24,96): 210-0-0
(24,97): 210-112-0
(24,98): 215-255-0
(24,99): 213-112-0
(24,100): 203-0-0
(24,101): 207-0-0
(24,102): 207-0-0
(24,103): 211-0-0
(24,104): 214-112-0
(24,105): 213-0-255
(24,106): 193-0-255
(24,107): 81-255-0
(24,108): 0-128-128
(24,109): 96-255-0
(24,110): 221-0-255
(24,111): 255-0-255
(24,112): 255-255-0
(24,113): 255-255-0
(24,114): 255-255-0
(24,115): 255-255-0
(24,116): 255-255-0
(24,117): 255-255-0
(24,118): 255-255-0
(24,119): 255-255-0
(24,120): 255-255-0
(24,121): 255-255-0
(24,122): 255-255-0
(24,123): 255-255-0
(24,124): 255-255-0
(24,125): 255-255-0
(24,126): 255-128-128
(24,127): 255-128-128
(25,0): 255-128-128
(25,1): 255-128-128
(25,2): 201-255-0
(25,3): 0-128-128
(25,4): 0-128-128
(25,5): 144-255-0
(25,6): 209-0-255
(25,7): 217-68-0
(25,8): 213-0-0
(25,9): 213-0-0
(25,10): 213-0-0
(25,11): 211-0-0
(25,12): 213-0-0
(25,13): 213-0-0
(25,14): 213-0-0
(25,15): 214-0-0
(25,16): 215-0-0
(25,17): 217-0-0
(25,18): 215-0-0
(25,19): 215-0-0
(25,20): 214-0-0
(25,21): 213-0-0
(25,22): 211-0-0
(25,23): 210-0-0
(25,24): 210-0-0
(25,25): 210-0-0
(25,26): 210-0-0
(25,27): 210-0-0
(25,28): 210-0-0
(25,29): 209-68-0
(25,30): 207-0-0
(25,31): 206-0-0
(25,32): 209-0-0
(25,33): 210-0-0
(25,34): 210-0-0
(25,35): 210-0-0
(25,36): 211-0-0
(25,37): 211-0-0
(25,38): 210-0-0
(25,39): 210-0-0
(25,40): 210-0-0
(25,41): 207-0-0
(25,42): 207-0-0
(25,43): 210-0-0
(25,44): 207-0-0
(25,45): 209-0-0
(25,46): 207-0-0
(25,47): 209-0-0
(25,48): 209-0-0
(25,49): 213-255-0
(25,50): 240-255-0
(25,51): 255-255-0
(25,52): 255-255-0
(25,53): 255-255-0
(25,54): 255-255-0
(25,55): 255-255-0
(25,56): 255-255-0
(25,57): 255-255-0
(25,58): 255-255-0
(25,59): 255-255-0
(25,60): 255-255-0
(25,61): 255-255-0
(25,62): 255-255-0
(25,63): 255-255-0
(25,64): 255-0-255
(25,65): 255-0-255
(25,66): 223-0-255
(25,67): 181-255-0
(25,68): 150-255-0
(25,69): 134-255-0
(25,70): 114-0-0
(25,71): 95-0-0
(25,72): 35-0-0
(25,73): 42-0-0
(25,74): 14-255-0
(25,75): 0-255-0
(25,76): 29-255-0
(25,77): 7-255-0
(25,78): 12-255-0
(25,79): 5-255-0
(25,80): 4-255-0
(25,81): 0-128-128
(25,82): 142-255-0
(25,83): 249-0-255
(25,84): 255-128-128
(25,85): 255-128-128
(25,86): 194-0-255
(25,87): 0-128-128
(25,88): 0-128-128
(25,89): 133-255-0
(25,90): 206-0-255
(25,91): 215-0-0
(25,92): 211-0-0
(25,93): 210-0-0
(25,94): 210-0-0
(25,95): 211-0-0
(25,96): 213-0-0
(25,97): 205-255-0
(25,98): 182-255-0
(25,99): 135-255-0
(25,100): 118-68-0
(25,101): 114-112-0
(25,102): 118-0-0
(25,103): 127-112-0
(25,104): 131-255-0
(25,105): 135-255-0
(25,106): 159-0-255
(25,107): 126-255-0
(25,108): 59-255-0
(25,109): 0-128-128
(25,110): 119-255-0
(25,111): 244-0-255
(25,112): 255-0-255
(25,113): 255-255-0
(25,114): 255-255-0
(25,115): 255-255-0
(25,116): 255-255-0
(25,117): 255-255-0
(25,118): 255-255-0
(25,119): 255-255-0
(25,120): 255-255-0
(25,121): 255-255-0
(25,122): 255-255-0
(25,123): 255-255-0
(25,124): 255-255-0
(25,125): 255-255-0
(25,126): 255-128-128
(25,127): 255-128-128
(26,0): 255-128-128
(26,1): 255-128-128
(26,2): 114-255-0
(26,3): 0-128-128
(26,4): 83-0-0
(26,5): 200-0-255
(26,6): 222-0-255
(26,7): 215-0-0
(26,8): 214-0-0
(26,9): 213-0-0
(26,10): 213-0-0
(26,11): 211-0-0
(26,12): 211-0-0
(26,13): 211-0-0
(26,14): 213-0-0
(26,15): 213-0-0
(26,16): 214-0-0
(26,17): 214-0-0
(26,18): 214-0-0
(26,19): 213-0-0
(26,20): 213-0-0
(26,21): 211-0-0
(26,22): 210-0-0
(26,23): 207-0-0
(26,24): 209-0-0
(26,25): 209-0-0
(26,26): 209-0-0
(26,27): 210-0-0
(26,28): 211-0-0
(26,29): 211-255-0
(26,30): 173-0-0
(26,31): 161-0-0
(26,32): 202-255-0
(26,33): 213-255-0
(26,34): 213-255-0
(26,35): 211-255-0
(26,36): 213-255-0
(26,37): 213-255-0
(26,38): 215-255-0
(26,39): 214-112-0
(26,40): 214-255-0
(26,41): 213-112-0
(26,42): 213-0-0
(26,43): 215-112-0
(26,44): 218-255-0
(26,45): 219-112-0
(26,46): 221-255-0
(26,47): 222-112-0
(26,48): 222-255-0
(26,49): 219-255-0
(26,50): 226-255-0
(26,51): 255-255-0
(26,52): 255-0-255
(26,53): 255-255-0
(26,54): 255-255-0
(26,55): 255-255-0
(26,56): 255-255-0
(26,57): 255-255-0
(26,58): 255-255-0
(26,59): 255-255-0
(26,60): 255-255-0
(26,61): 255-255-0
(26,62): 255-255-0
(26,63): 249-0-255
(26,64): 221-0-255
(26,65): 169-255-0
(26,66): 33-128-128
(26,67): 0-128-128
(26,68): 1-255-0
(26,69): 0-255-0
(26,70): 0-255-0
(26,71): 0-255-0
(26,72): 0-255-0
(26,73): 0-156-0
(26,74): 0-255-0
(26,75): 17-68-0
(26,76): 0-255-0
(26,77): 0-255-0
(26,78): 0-255-0
(26,79): 7-255-0
(26,80): 0-128-128
(26,81): 95-255-0
(26,82): 227-0-255
(26,83): 255-0-255
(26,84): 255-0-255
(26,85): 255-128-128
(26,86): 198-0-255
(26,87): 0-128-128
(26,88): 0-128-128
(26,89): 53-0-0
(26,90): 185-0-255
(26,91): 210-255-255
(26,92): 211-255-0
(26,93): 211-0-0
(26,94): 211-0-0
(26,95): 214-112-0
(26,96): 203-255-0
(26,97): 118-0-0
(26,98): 0-128-128
(26,99): 77-255-0
(26,100): 144-255-0
(26,101): 160-255-0
(26,102): 159-255-0
(26,103): 148-255-0
(26,104): 151-255-0
(26,105): 113-255-0
(26,106): 66-255-0
(26,107): 41-255-0
(26,108): 74-255-0
(26,109): 16-255-0
(26,110): 0-128-128
(26,111): 167-255-0
(26,112): 255-0-0
(26,113): 255-0-255
(26,114): 255-255-0
(26,115): 255-255-0
(26,116): 255-255-0
(26,117): 255-255-0
(26,118): 255-255-0
(26,119): 255-255-0
(26,120): 255-255-0
(26,121): 255-255-0
(26,122): 255-255-0
(26,123): 255-255-0
(26,124): 255-255-0
(26,125): 255-255-0
(26,126): 255-128-128
(26,127): 255-128-128
(27,0): 255-128-128
(27,1): 255-128-128
(27,2): 0-128-128
(27,3): 0-128-128
(27,4): 156-255-0
(27,5): 218-0-255
(27,6): 219-255-0
(27,7): 214-0-0
(27,8): 211-0-0
(27,9): 213-0-0
(27,10): 213-0-0
(27,11): 211-0-0
(27,12): 211-0-0
(27,13): 211-0-0
(27,14): 211-0-0
(27,15): 211-0-0
(27,16): 213-0-0
(27,17): 213-0-0
(27,18): 213-0-0
(27,19): 211-0-0
(27,20): 210-0-0
(27,21): 210-0-0
(27,22): 209-0-0
(27,23): 209-0-0
(27,24): 209-0-0
(27,25): 209-0-0
(27,26): 209-0-0
(27,27): 210-0-0
(27,28): 213-255-0
(27,29): 207-255-0
(27,30): 114-0-0
(27,31): 18-128-128
(27,32): 160-255-0
(27,33): 210-0-255
(27,34): 213-0-255
(27,35): 202-255-0
(27,36): 202-0-255
(27,37): 181-255-0
(27,38): 171-255-0
(27,39): 155-255-0
(27,40): 143-255-0
(27,41): 137-255-0
(27,42): 137-0-0
(27,43): 143-255-0
(27,44): 167-255-0
(27,45): 179-0-255
(27,46): 180-0-255
(27,47): 171-0-255
(27,48): 164-255-0
(27,49): 140-255-0
(27,50): 125-255-0
(27,51): 147-255-0
(27,52): 161-255-0
(27,53): 164-255-0
(27,54): 167-255-0
(27,55): 172-255-0
(27,56): 236-255-0
(27,57): 255-0-255
(27,58): 255-255-0
(27,59): 255-255-0
(27,60): 255-255-0
(27,61): 255-0-255
(27,62): 198-255-0
(27,63): 118-255-0
(27,64): 0-128-128
(27,65): 0-128-128
(27,66): 34-0-0
(27,67): 53-255-0
(27,68): 4-255-0
(27,69): 8-255-0
(27,70): 7-255-0
(27,71): 0-255-0
(27,72): 7-255-0
(27,73): 3-255-0
(27,74): 8-255-0
(27,75): 1-255-0
(27,76): 5-255-0
(27,77): 4-255-0
(27,78): 0-128-128
(27,79): 75-255-0
(27,80): 148-255-0
(27,81): 227-255-0
(27,82): 255-0-255
(27,83): 255-255-0
(27,84): 255-255-0
(27,85): 255-128-128
(27,86): 194-0-255
(27,87): 0-128-128
(27,88): 0-128-128
(27,89): 56-0-0
(27,90): 177-0-255
(27,91): 211-86-255
(27,92): 213-0-0
(27,93): 211-0-0
(27,94): 213-112-0
(27,95): 197-112-0
(27,96): 109-0-0
(27,97): 0-128-128
(27,98): 116-255-0
(27,99): 215-0-255
(27,100): 255-0-255
(27,101): 255-0-255
(27,102): 255-255-0
(27,103): 255-255-0
(27,104): 255-0-255
(27,105): 253-0-0
(27,106): 205-0-255
(27,107): 66-255-0
(27,108): 33-255-0
(27,109): 12-255-0
(27,110): 0-128-128
(27,111): 0-128-128
(27,112): 193-0-255
(27,113): 255-0-255
(27,114): 255-255-0
(27,115): 255-255-0
(27,116): 255-255-0
(27,117): 255-255-0
(27,118): 255-255-0
(27,119): 255-255-0
(27,120): 255-255-0
(27,121): 255-255-0
(27,122): 255-255-0
(27,123): 255-255-0
(27,124): 255-255-0
(27,125): 255-255-0
(27,126): 255-128-128
(27,127): 255-128-128
(28,0): 255-128-128
(28,1): 121-255-255
(28,2): 0-128-128
(28,3): 0-128-128
(28,4): 196-0-255
(28,5): 223-0-255
(28,6): 218-255-0
(28,7): 215-0-0
(28,8): 214-0-0
(28,9): 213-0-0
(28,10): 211-0-0
(28,11): 211-0-0
(28,12): 211-0-0
(28,13): 210-0-0
(28,14): 210-0-0
(28,15): 210-0-0
(28,16): 211-0-0
(28,17): 211-0-0
(28,18): 210-0-0
(28,19): 210-0-0
(28,20): 210-0-0
(28,21): 209-0-0
(28,22): 209-0-0
(28,23): 209-0-0
(28,24): 209-0-0
(28,25): 209-0-0
(28,26): 209-0-0
(28,27): 210-0-0
(28,28): 211-255-0
(28,29): 205-0-255
(28,30): 101-0-0
(28,31): 0-128-128
(28,32): 64-0-0
(28,33): 150-0-255
(28,34): 147-0-255
(28,35): 95-255-0
(28,36): 70-226-0
(28,37): 25-255-0
(28,38): 16-255-0
(28,39): 8-255-0
(28,40): 3-255-0
(28,41): 0-255-0
(28,42): 0-255-0
(28,43): 0-255-0
(28,44): 0-255-0
(28,45): 20-255-0
(28,46): 28-255-0
(28,47): 14-255-0
(28,48): 0-255-0
(28,49): 0-255-0
(28,50): 0-255-255
(28,51): 22-255-0
(28,52): 32-255-255
(28,53): 70-255-0
(28,54): 76-255-0
(28,55): 0-128-128
(28,56): 38-128-128
(28,57): 176-255-0
(28,58): 243-255-0
(28,59): 255-0-255
(28,60): 255-0-255
(28,61): 255-128-128
(28,62): 184-255-0
(28,63): 0-128-128
(28,64): 0-128-128
(28,65): 192-0-255
(28,66): 255-128-128
(28,67): 255-128-128
(28,68): 172-255-0
(28,69): 81-255-0
(28,70): 92-255-0
(28,71): 80-255-0
(28,72): 135-255-0
(28,73): 129-255-0
(28,74): 146-255-0
(28,75): 129-255-0
(28,76): 140-255-0
(28,77): 139-255-0
(28,78): 197-255-0
(28,79): 234-0-255
(28,80): 255-0-255
(28,81): 255-255-0
(28,82): 255-255-0
(28,83): 255-255-0
(28,84): 255-255-0
(28,85): 255-128-128
(28,86): 190-255-0
(28,87): 0-128-128
(28,88): 0-128-128
(28,89): 45-0-0
(28,90): 122-0-0
(28,91): 189-255-255
(28,92): 190-255-255
(28,93): 200-255-255
(28,94): 189-0-255
(28,95): 113-112-0
(28,96): 0-128-128
(28,97): 139-255-0
(28,98): 235-0-255
(28,99): 255-0-255
(28,100): 255-255-0
(28,101): 255-255-0
(28,102): 255-255-0
(28,103): 255-255-0
(28,104): 255-255-0
(28,105): 255-255-0
(28,106): 255-0-255
(28,107): 203-255-0
(28,108): 116-255-0
(28,109): 89-255-0
(28,110): 39-255-255
(28,111): 0-128-128
(28,112): 3-128-128
(28,113): 242-0-255
(28,114): 255-0-255
(28,115): 255-255-0
(28,116): 255-255-0
(28,117): 255-255-0
(28,118): 255-255-0
(28,119): 255-255-0
(28,120): 255-255-0
(28,121): 255-255-0
(28,122): 255-255-0
(28,123): 255-255-0
(28,124): 255-255-0
(28,125): 255-255-0
(28,126): 255-128-128
(28,127): 255-128-128
(29,0): 255-128-128
(29,1): 119-255-255
(29,2): 0-128-128
(29,3): 97-54-0
(29,4): 200-0-255
(29,5): 221-0-255
(29,6): 218-255-0
(29,7): 215-0-0
(29,8): 211-0-0
(29,9): 210-0-0
(29,10): 211-0-0
(29,11): 210-0-0
(29,12): 210-0-0
(29,13): 210-0-0
(29,14): 210-0-0
(29,15): 210-0-0
(29,16): 210-0-0
(29,17): 210-0-0
(29,18): 210-0-0
(29,19): 209-0-0
(29,20): 209-0-0
(29,21): 209-0-0
(29,22): 209-0-0
(29,23): 209-0-0
(29,24): 209-0-0
(29,25): 209-0-0
(29,26): 209-0-0
(29,27): 210-0-0
(29,28): 211-0-0
(29,29): 205-184-255
(29,30): 171-176-255
(29,31): 51-0-0
(29,32): 21-255-0
(29,33): 42-255-0
(29,34): 17-112-0
(29,35): 3-255-0
(29,36): 41-255-0
(29,37): 4-255-0
(29,38): 24-255-0
(29,39): 8-255-0
(29,40): 7-255-0
(29,41): 1-255-0
(29,42): 20-255-0
(29,43): 3-255-0
(29,44): 16-255-0
(29,45): 1-255-0
(29,46): 7-255-0
(29,47): 4-255-0
(29,48): 33-255-0
(29,49): 4-255-0
(29,50): 0-255-0
(29,51): 4-255-0
(29,52): 125-255-0
(29,53): 255-128-128
(29,54): 255-128-128
(29,55): 215-0-255
(29,56): 169-255-0
(29,57): 12-128-128
(29,58): 1-128-128
(29,59): 177-255-0
(29,60): 255-0-255
(29,61): 255-128-128
(29,62): 255-128-128
(29,63): 0-128-128
(29,64): 49-128-128
(29,65): 236-0-255
(29,66): 255-128-128
(29,67): 255-0-255
(29,68): 255-0-255
(29,69): 251-255-0
(29,70): 252-255-0
(29,71): 253-0-255
(29,72): 255-0-255
(29,73): 255-0-255
(29,74): 255-0-255
(29,75): 255-0-255
(29,76): 255-255-0
(29,77): 255-255-0
(29,78): 255-255-0
(29,79): 255-255-0
(29,80): 255-255-0
(29,81): 255-255-0
(29,82): 255-255-0
(29,83): 255-255-0
(29,84): 255-0-255
(29,85): 228-0-255
(29,86): 147-255-0
(29,87): 0-128-128
(29,88): 0-128-128
(29,89): 59-0-0
(29,90): 47-0-0
(29,91): 98-0-0
(29,92): 66-0-0
(29,93): 108-0-0
(29,94): 62-0-0
(29,95): 0-128-128
(29,96): 126-255-0
(29,97): 245-0-0
(29,98): 255-0-255
(29,99): 255-255-0
(29,100): 255-255-0
(29,101): 255-255-0
(29,102): 255-255-0
(29,103): 255-255-0
(29,104): 255-255-0
(29,105): 255-255-0
(29,106): 255-255-0
(29,107): 255-255-0
(29,108): 255-0-255
(29,109): 234-255-0
(29,110): 180-255-0
(29,111): 134-255-0
(29,112): 17-128-128
(29,113): 140-255-0
(29,114): 219-255-0
(29,115): 255-255-0
(29,116): 255-255-0
(29,117): 255-255-0
(29,118): 255-255-0
(29,119): 255-255-0
(29,120): 255-255-0
(29,121): 255-255-0
(29,122): 255-255-0
(29,123): 255-255-0
(29,124): 255-255-0
(29,125): 255-255-0
(29,126): 255-128-128
(29,127): 255-128-128
(30,0): 255-128-128
(30,1): 121-255-255
(30,2): 0-128-128
(30,3): 9-128-128
(30,4): 196-0-255
(30,5): 222-0-255
(30,6): 219-255-0
(30,7): 215-0-0
(30,8): 213-0-0
(30,9): 211-0-0
(30,10): 210-0-0
(30,11): 210-0-0
(30,12): 210-0-0
(30,13): 209-0-0
(30,14): 209-0-0
(30,15): 209-0-0
(30,16): 209-0-0
(30,17): 209-0-0
(30,18): 209-0-0
(30,19): 209-0-0
(30,20): 209-0-0
(30,21): 209-0-0
(30,22): 209-0-0
(30,23): 209-0-0
(30,24): 209-0-0
(30,25): 209-0-0
(30,26): 209-0-0
(30,27): 210-0-0
(30,28): 210-0-0
(30,29): 214-0-0
(30,30): 197-0-255
(30,31): 93-112-0
(30,32): 0-128-128
(30,33): 18-255-0
(30,34): 92-255-0
(30,35): 84-255-0
(30,36): 3-255-0
(30,37): 11-255-0
(30,38): 8-255-0
(30,39): 14-255-0
(30,40): 9-255-0
(30,41): 0-255-0
(30,42): 0-255-0
(30,43): 20-255-0
(30,44): 25-255-0
(30,45): 13-255-0
(30,46): 7-255-0
(30,47): 4-255-0
(30,48): 3-255-0
(30,49): 18-255-0
(30,50): 0-255-0
(30,51): 0-128-128
(30,52): 148-255-0
(30,53): 255-128-128
(30,54): 255-0-255
(30,55): 255-0-255
(30,56): 255-0-255
(30,57): 232-0-255
(30,58): 102-224-0
(30,59): 0-128-128
(30,60): 156-255-0
(30,61): 255-128-128
(30,62): 255-128-128
(30,63): 140-255-0
(30,64): 0-128-128
(30,65): 164-255-0
(30,66): 207-0-255
(30,67): 230-0-255
(30,68): 228-0-255
(30,69): 252-255-0
(30,70): 247-0-255
(30,71): 255-0-255
(30,72): 255-0-255
(30,73): 255-255-0
(30,74): 255-0-255
(30,75): 255-255-0
(30,76): 255-0-255
(30,77): 255-255-0
(30,78): 242-0-255
(30,79): 249-255-0
(30,80): 227-0-255
(30,81): 239-255-0
(30,82): 206-255-0
(30,83): 189-255-0
(30,84): 137-255-0
(30,85): 88-255-0
(30,86): 100-255-0
(30,87): 123-255-0
(30,88): 155-255-0
(30,89): 158-255-0
(30,90): 152-0-0
(30,91): 158-0-0
(30,92): 146-0-0
(30,93): 140-68-0
(30,94): 72-0-0
(30,95): 0-128-128
(30,96): 77-255-0
(30,97): 222-0-255
(30,98): 255-128-128
(30,99): 255-0-255
(30,100): 255-255-0
(30,101): 255-255-0
(30,102): 255-255-0
(30,103): 255-255-0
(30,104): 255-255-0
(30,105): 255-255-0
(30,106): 255-255-0
(30,107): 255-255-0
(30,108): 255-255-0
(30,109): 255-255-0
(30,110): 255-255-0
(30,111): 255-255-0
(30,112): 243-0-255
(30,113): 186-255-0
(30,114): 49-128-128
(30,115): 135-255-0
(30,116): 213-255-0
(30,117): 255-255-0
(30,118): 255-255-0
(30,119): 255-255-0
(30,120): 255-255-0
(30,121): 255-255-0
(30,122): 255-255-0
(30,123): 255-255-0
(30,124): 255-255-0
(30,125): 255-255-0
(30,126): 255-128-128
(30,127): 255-128-128
(31,0): 255-128-128
(31,1): 255-128-128
(31,2): 0-128-128
(31,3): 0-128-128
(31,4): 179-255-0
(31,5): 222-0-255
(31,6): 219-255-0
(31,7): 215-0-0
(31,8): 213-0-0
(31,9): 211-0-0
(31,10): 210-0-0
(31,11): 209-0-0
(31,12): 209-0-0
(31,13): 209-0-0
(31,14): 209-0-0
(31,15): 209-0-0
(31,16): 209-0-0
(31,17): 209-0-0
(31,18): 209-0-0
(31,19): 209-0-0
(31,20): 209-0-0
(31,21): 209-0-0
(31,22): 209-0-0
(31,23): 209-0-0
(31,24): 209-0-0
(31,25): 209-0-0
(31,26): 209-0-0
(31,27): 210-0-0
(31,28): 211-0-0
(31,29): 213-0-0
(31,30): 210-0-255
(31,31): 172-0-255
(31,32): 0-128-128
(31,33): 0-128-128
(31,34): 154-0-255
(31,35): 255-128-128
(31,36): 112-255-0
(31,37): 9-255-255
(31,38): 0-255-0
(31,39): 12-255-0
(31,40): 9-255-0
(31,41): 0-255-0
(31,42): 0-255-0
(31,43): 29-255-0
(31,44): 22-255-0
(31,45): 7-255-0
(31,46): 9-255-0
(31,47): 0-255-0
(31,48): 8-255-0
(31,49): 1-255-0
(31,50): 14-255-0
(31,51): 97-255-0
(31,52): 221-0-255
(31,53): 255-0-255
(31,54): 255-255-0
(31,55): 255-255-0
(31,56): 255-0-255
(31,57): 255-128-128
(31,58): 214-0-255
(31,59): 0-128-128
(31,60): 0-128-128
(31,61): 206-0-255
(31,62): 255-128-128
(31,63): 251-0-255
(31,64): 154-255-0
(31,65): 22-128-128
(31,66): 14-128-128
(31,67): 112-0-255
(31,68): 0-128-128
(31,69): 126-0-255
(31,70): 24-128-128
(31,71): 151-255-0
(31,72): 152-255-0
(31,73): 168-255-0
(31,74): 163-255-0
(31,75): 160-255-0
(31,76): 127-0-0
(31,77): 134-136-0
(31,78): 14-128-128
(31,79): 125-0-0
(31,80): 13-128-128
(31,81): 114-0-0
(31,82): 22-128-128
(31,83): 116-0-0
(31,84): 118-0-0
(31,85): 142-255-0
(31,86): 196-255-0
(31,87): 209-255-0
(31,88): 214-255-0
(31,89): 211-255-0
(31,90): 213-255-0
(31,91): 210-255-0
(31,92): 214-255-0
(31,93): 209-0-255
(31,94): 206-0-255
(31,95): 143-255-0
(31,96): 0-128-128
(31,97): 74-255-255
(31,98): 169-255-0
(31,99): 238-0-0
(31,100): 243-0-255
(31,101): 207-255-0
(31,102): 206-255-0
(31,103): 215-255-0
(31,104): 255-255-0
(31,105): 255-255-0
(31,106): 255-255-0
(31,107): 255-255-0
(31,108): 255-255-0
(31,109): 255-255-0
(31,110): 255-255-0
(31,111): 255-255-0
(31,112): 255-255-0
(31,113): 255-0-255
(31,114): 226-255-0
(31,115): 125-255-0
(31,116): 13-128-128
(31,117): 192-255-0
(31,118): 255-0-255
(31,119): 255-255-0
(31,120): 255-255-0
(31,121): 255-255-0
(31,122): 255-255-0
(31,123): 255-255-0
(31,124): 255-255-0
(31,125): 255-255-0
(31,126): 255-128-128
(31,127): 255-128-128
(32,0): 255-128-128
(32,1): 255-128-128
(32,2): 38-128-128
(32,3): 0-128-128
(32,4): 129-255-0
(32,5): 219-0-0
(32,6): 222-255-0
(32,7): 215-0-0
(32,8): 213-0-0
(32,9): 209-0-0
(32,10): 207-0-0
(32,11): 209-0-0
(32,12): 209-0-0
(32,13): 209-0-0
(32,14): 209-0-0
(32,15): 209-0-0
(32,16): 209-0-0
(32,17): 209-0-0
(32,18): 209-0-0
(32,19): 209-0-0
(32,20): 209-0-0
(32,21): 209-0-0
(32,22): 209-0-0
(32,23): 209-0-0
(32,24): 209-0-0
(32,25): 209-0-0
(32,26): 210-0-0
(32,27): 210-0-0
(32,28): 211-0-0
(32,29): 213-0-0
(32,30): 214-0-255
(32,31): 206-0-255
(32,32): 98-255-0
(32,33): 0-128-128
(32,34): 102-255-0
(32,35): 255-128-128
(32,36): 255-128-128
(32,37): 154-0-255
(32,38): 0-128-128
(32,39): 0-255-0
(32,40): 0-255-0
(32,41): 0-156-0
(32,42): 0-255-0
(32,43): 20-68-0
(32,44): 4-255-0
(32,45): 11-112-0
(32,46): 0-255-0
(32,47): 0-255-0
(32,48): 0-255-0
(32,49): 0-128-128
(32,50): 121-255-0
(32,51): 223-0-255
(32,52): 255-0-255
(32,53): 255-255-0
(32,54): 255-255-0
(32,55): 255-255-0
(32,56): 255-0-255
(32,57): 255-128-128
(32,58): 158-255-0
(32,59): 0-128-128
(32,60): 0-128-128
(32,61): 205-255-0
(32,62): 255-128-128
(32,63): 255-0-255
(32,64): 255-255-0
(32,65): 251-255-0
(32,66): 221-255-0
(32,67): 240-255-0
(32,68): 221-255-0
(32,69): 218-255-0
(32,70): 192-255-0
(32,71): 173-255-0
(32,72): 151-255-0
(32,73): 158-255-0
(32,74): 161-255-0
(32,75): 167-255-0
(32,76): 179-255-0
(32,77): 188-255-0
(32,78): 188-255-0
(32,79): 207-255-0
(32,80): 185-0-0
(32,81): 197-0-0
(32,82): 180-0-0
(32,83): 205-0-0
(32,84): 205-0-0
(32,85): 213-112-0
(32,86): 217-255-0
(32,87): 211-255-0
(32,88): 211-255-0
(32,89): 211-112-0
(32,90): 213-255-0
(32,91): 211-112-0
(32,92): 213-255-0
(32,93): 211-255-0
(32,94): 223-255-0
(32,95): 207-0-255
(32,96): 142-255-0
(32,97): 0-128-128
(32,98): 0-128-128
(32,99): 76-255-0
(32,100): 116-255-0
(32,101): 83-255-0
(32,102): 39-128-128
(32,103): 0-128-128
(32,104): 175-255-0
(32,105): 255-0-255
(32,106): 255-255-0
(32,107): 255-255-0
(32,108): 255-255-0
(32,109): 255-255-0
(32,110): 255-255-0
(32,111): 255-255-0
(32,112): 255-255-0
(32,113): 255-255-0
(32,114): 255-0-255
(32,115): 239-0-255
(32,116): 33-128-128
(32,117): 22-128-128
(32,118): 219-255-0
(32,119): 255-0-255
(32,120): 255-255-0
(32,121): 255-255-0
(32,122): 255-255-0
(32,123): 255-255-0
(32,124): 255-255-0
(32,125): 255-255-0
(32,126): 255-128-128
(32,127): 255-128-128
(33,0): 255-128-128
(33,1): 255-128-128
(33,2): 154-255-0
(33,3): 0-128-128
(33,4): 101-255-0
(33,5): 210-0-255
(33,6): 218-0-255
(33,7): 214-0-0
(33,8): 210-0-0
(33,9): 210-0-0
(33,10): 209-0-0
(33,11): 209-0-0
(33,12): 209-0-0
(33,13): 209-0-0
(33,14): 209-0-0
(33,15): 209-0-0
(33,16): 209-0-0
(33,17): 209-0-0
(33,18): 209-0-0
(33,19): 210-0-0
(33,20): 210-0-0
(33,21): 210-0-0
(33,22): 210-0-0
(33,23): 210-0-0
(33,24): 210-0-0
(33,25): 210-0-0
(33,26): 210-0-0
(33,27): 211-0-0
(33,28): 211-0-0
(33,29): 213-0-0
(33,30): 217-255-0
(33,31): 206-0-255
(33,32): 117-255-0
(33,33): 0-128-128
(33,34): 0-128-128
(33,35): 154-255-0
(33,36): 255-128-128
(33,37): 255-128-128
(33,38): 146-255-0
(33,39): 0-128-128
(33,40): 0-128-128
(33,41): 26-255-0
(33,42): 0-255-0
(33,43): 9-255-0
(33,44): 18-255-0
(33,45): 20-0-0
(33,46): 21-255-255
(33,47): 68-46-0
(33,48): 129-112-0
(33,49): 215-0-255
(33,50): 247-0-255
(33,51): 255-0-255
(33,52): 255-0-255
(33,53): 255-0-255
(33,54): 255-0-255
(33,55): 192-255-0
(33,56): 131-255-0
(33,57): 85-255-255
(33,58): 0-128-128
(33,59): 112-255-255
(33,60): 177-255-0
(33,61): 253-255-0
(33,62): 255-0-255
(33,63): 255-255-0
(33,64): 255-255-0
(33,65): 255-255-0
(33,66): 255-255-0
(33,67): 255-255-0
(33,68): 255-255-0
(33,69): 255-255-0
(33,70): 255-255-0
(33,71): 255-255-0
(33,72): 255-255-0
(33,73): 255-255-0
(33,74): 255-255-0
(33,75): 255-255-0
(33,76): 255-255-0
(33,77): 255-255-0
(33,78): 255-255-0
(33,79): 255-255-0
(33,80): 244-255-0
(33,81): 215-255-0
(33,82): 206-0-0
(33,83): 207-0-0
(33,84): 209-0-0
(33,85): 210-0-0
(33,86): 211-0-0
(33,87): 211-0-0
(33,88): 211-0-0
(33,89): 211-0-0
(33,90): 211-0-0
(33,91): 211-0-0
(33,92): 210-0-0
(33,93): 211-0-0
(33,94): 214-0-0
(33,95): 215-255-255
(33,96): 198-208-255
(33,97): 95-112-0
(33,98): 0-128-128
(33,99): 0-128-128
(33,100): 135-255-0
(33,101): 255-128-128
(33,102): 179-0-255
(33,103): 0-128-128
(33,104): 11-128-128
(33,105): 218-0-255
(33,106): 255-0-255
(33,107): 255-255-0
(33,108): 255-255-0
(33,109): 255-255-0
(33,110): 255-255-0
(33,111): 255-255-0
(33,112): 255-255-0
(33,113): 255-255-0
(33,114): 255-0-255
(33,115): 255-0-255
(33,116): 143-255-0
(33,117): 0-128-128
(33,118): 214-255-0
(33,119): 255-128-128
(33,120): 255-255-0
(33,121): 255-255-0
(33,122): 255-255-0
(33,123): 255-255-0
(33,124): 255-255-0
(33,125): 255-255-0
(33,126): 255-128-128
(33,127): 255-128-128
(34,0): 255-128-128
(34,1): 255-128-128
(34,2): 209-0-255
(34,3): 0-128-128
(34,4): 0-128-128
(34,5): 196-0-255
(34,6): 223-0-255
(34,7): 215-0-0
(34,8): 210-0-0
(34,9): 210-0-0
(34,10): 209-0-0
(34,11): 209-0-0
(34,12): 209-0-0
(34,13): 209-0-0
(34,14): 209-0-0
(34,15): 209-0-0
(34,16): 209-0-0
(34,17): 209-0-0
(34,18): 210-0-0
(34,19): 210-0-0
(34,20): 210-0-0
(34,21): 210-0-0
(34,22): 211-0-0
(34,23): 210-0-0
(34,24): 210-0-0
(34,25): 210-0-0
(34,26): 210-0-0
(34,27): 211-0-0
(34,28): 211-0-0
(34,29): 213-0-0
(34,30): 215-255-0
(34,31): 211-0-255
(34,32): 140-68-0
(34,33): 0-128-128
(34,34): 0-128-128
(34,35): 49-128-128
(34,36): 206-0-255
(34,37): 255-128-128
(34,38): 255-0-255
(34,39): 211-255-0
(34,40): 202-255-0
(34,41): 203-0-255
(34,42): 189-255-0
(34,43): 146-255-0
(34,44): 197-0-255
(34,45): 207-0-255
(34,46): 219-0-255
(34,47): 239-0-255
(34,48): 255-0-255
(34,49): 255-0-255
(34,50): 255-0-255
(34,51): 255-0-255
(34,52): 228-255-0
(34,53): 181-255-0
(34,54): 41-128-128
(34,55): 0-128-128
(34,56): 127-255-0
(34,57): 194-255-0
(34,58): 224-255-0
(34,59): 255-255-0
(34,60): 255-255-0
(34,61): 255-255-0
(34,62): 255-255-0
(34,63): 255-255-0
(34,64): 255-255-0
(34,65): 255-255-0
(34,66): 255-255-0
(34,67): 255-255-0
(34,68): 255-255-0
(34,69): 255-255-0
(34,70): 255-255-0
(34,71): 255-255-0
(34,72): 255-255-0
(34,73): 255-255-0
(34,74): 255-255-0
(34,75): 255-255-0
(34,76): 255-255-0
(34,77): 255-255-0
(34,78): 255-255-0
(34,79): 255-255-0
(34,80): 255-255-0
(34,81): 244-255-0
(34,82): 217-255-0
(34,83): 210-68-0
(34,84): 209-0-0
(34,85): 210-0-0
(34,86): 210-0-0
(34,87): 210-0-0
(34,88): 210-0-0
(34,89): 211-0-0
(34,90): 211-0-0
(34,91): 211-0-0
(34,92): 211-0-0
(34,93): 213-0-0
(34,94): 213-0-0
(34,95): 211-255-255
(34,96): 201-0-255
(34,97): 63-0-0
(34,98): 0-128-128
(34,99): 0-128-128
(34,100): 179-0-255
(34,101): 255-128-128
(34,102): 200-0-255
(34,103): 0-128-128
(34,104): 0-128-128
(34,105): 218-0-255
(34,106): 255-0-255
(34,107): 255-255-0
(34,108): 255-255-0
(34,109): 255-255-0
(34,110): 255-255-0
(34,111): 255-255-0
(34,112): 255-255-0
(34,113): 255-255-0
(34,114): 255-0-255
(34,115): 255-0-255
(34,116): 135-255-255
(34,117): 0-128-128
(34,118): 209-255-0
(34,119): 255-128-128
(34,120): 255-255-0
(34,121): 255-255-0
(34,122): 255-255-0
(34,123): 255-255-0
(34,124): 255-255-0
(34,125): 255-255-0
(34,126): 255-128-128
(34,127): 255-128-128
(35,0): 255-128-128
(35,1): 255-128-128
(35,2): 255-128-128
(35,3): 118-255-0
(35,4): 0-128-128
(35,5): 125-255-0
(35,6): 213-128-0
(35,7): 218-68-0
(35,8): 211-0-0
(35,9): 209-0-0
(35,10): 210-0-0
(35,11): 209-0-0
(35,12): 209-0-0
(35,13): 209-0-0
(35,14): 209-0-0
(35,15): 209-0-0
(35,16): 209-0-0
(35,17): 210-0-0
(35,18): 210-0-0
(35,19): 210-0-0
(35,20): 211-0-0
(35,21): 211-0-0
(35,22): 211-0-0
(35,23): 211-0-0
(35,24): 211-0-0
(35,25): 210-0-0
(35,26): 210-0-0
(35,27): 211-0-0
(35,28): 211-0-0
(35,29): 211-0-0
(35,30): 214-0-0
(35,31): 218-68-0
(35,32): 198-52-255
(35,33): 125-68-0
(35,34): 0-128-128
(35,35): 0-128-128
(35,36): 123-255-0
(35,37): 255-128-128
(35,38): 255-0-0
(35,39): 255-0-255
(35,40): 255-0-255
(35,41): 255-0-255
(35,42): 255-0-255
(35,43): 249-0-255
(35,44): 255-0-255
(35,45): 249-0-255
(35,46): 255-0-255
(35,47): 242-0-255
(35,48): 231-255-0
(35,49): 205-255-0
(35,50): 173-255-0
(35,51): 135-255-0
(35,52): 0-128-128
(35,53): 14-128-128
(35,54): 137-255-0
(35,55): 205-255-0
(35,56): 255-0-255
(35,57): 255-0-255
(35,58): 255-255-0
(35,59): 255-255-0
(35,60): 255-255-0
(35,61): 255-255-0
(35,62): 255-255-0
(35,63): 255-255-0
(35,64): 255-255-0
(35,65): 255-255-0
(35,66): 255-255-0
(35,67): 255-255-0
(35,68): 255-255-0
(35,69): 255-255-0
(35,70): 255-255-0
(35,71): 255-255-0
(35,72): 255-255-0
(35,73): 255-255-0
(35,74): 255-255-0
(35,75): 255-255-0
(35,76): 255-255-0
(35,77): 255-255-0
(35,78): 255-255-0
(35,79): 255-255-0
(35,80): 255-255-0
(35,81): 255-255-0
(35,82): 239-255-0
(35,83): 211-255-0
(35,84): 209-0-0
(35,85): 209-0-0
(35,86): 210-0-0
(35,87): 210-0-0
(35,88): 210-0-0
(35,89): 210-0-0
(35,90): 211-0-0
(35,91): 211-0-0
(35,92): 211-0-0
(35,93): 211-0-0
(35,94): 213-0-0
(35,95): 211-255-255
(35,96): 177-255-255
(35,97): 63-0-0
(35,98): 0-128-128
(35,99): 92-255-0
(35,100): 221-128-128
(35,101): 156-0-255
(35,102): 97-255-0
(35,103): 0-128-128
(35,104): 148-255-0
(35,105): 255-0-255
(35,106): 255-0-255
(35,107): 255-255-0
(35,108): 255-255-0
(35,109): 255-255-0
(35,110): 255-255-0
(35,111): 255-255-0
(35,112): 255-255-0
(35,113): 255-255-0
(35,114): 255-0-255
(35,115): 253-0-255
(35,116): 131-255-0
(35,117): 0-128-128
(35,118): 213-255-0
(35,119): 255-128-128
(35,120): 255-255-0
(35,121): 255-255-0
(35,122): 255-255-0
(35,123): 255-255-0
(35,124): 255-255-0
(35,125): 255-255-0
(35,126): 255-128-128
(35,127): 255-128-128
(36,0): 255-128-128
(36,1): 255-128-128
(36,2): 255-128-128
(36,3): 203-255-0
(36,4): 0-128-128
(36,5): 0-128-128
(36,6): 186-0-255
(36,7): 217-0-255
(36,8): 213-68-0
(36,9): 211-0-0
(36,10): 210-0-0
(36,11): 210-0-0
(36,12): 210-0-0
(36,13): 210-0-0
(36,14): 210-0-0
(36,15): 210-0-0
(36,16): 210-0-0
(36,17): 210-0-0
(36,18): 210-0-0
(36,19): 211-0-0
(36,20): 211-0-0
(36,21): 213-0-0
(36,22): 213-0-0
(36,23): 213-0-0
(36,24): 211-0-0
(36,25): 211-0-0
(36,26): 211-0-0
(36,27): 211-0-0
(36,28): 211-0-0
(36,29): 211-0-0
(36,30): 211-0-0
(36,31): 214-0-0
(36,32): 221-255-0
(36,33): 203-255-255
(36,34): 148-68-0
(36,35): 0-128-128
(36,36): 0-128-128
(36,37): 113-255-0
(36,38): 177-0-255
(36,39): 235-0-255
(36,40): 234-0-255
(36,41): 215-255-0
(36,42): 190-255-0
(36,43): 158-255-0
(36,44): 158-255-0
(36,45): 122-255-0
(36,46): 139-255-0
(36,47): 17-128-128
(36,48): 53-128-128
(36,49): 14-128-128
(36,50): 96-255-255
(36,51): 134-255-0
(36,52): 190-255-0
(36,53): 245-0-255
(36,54): 255-0-255
(36,55): 255-255-0
(36,56): 255-255-0
(36,57): 255-255-0
(36,58): 255-255-0
(36,59): 255-255-0
(36,60): 255-255-0
(36,61): 255-255-0
(36,62): 255-255-0
(36,63): 255-255-0
(36,64): 255-255-0
(36,65): 255-255-0
(36,66): 255-255-0
(36,67): 255-255-0
(36,68): 255-0-255
(36,69): 255-0-255
(36,70): 253-255-0
(36,71): 255-255-0
(36,72): 255-255-0
(36,73): 255-255-0
(36,74): 255-255-0
(36,75): 255-255-0
(36,76): 255-255-0
(36,77): 255-255-0
(36,78): 255-255-0
(36,79): 255-255-0
(36,80): 255-255-0
(36,81): 255-255-0
(36,82): 255-255-0
(36,83): 223-255-0
(36,84): 209-0-0
(36,85): 209-0-0
(36,86): 210-0-0
(36,87): 210-0-0
(36,88): 210-0-0
(36,89): 211-0-0
(36,90): 211-0-0
(36,91): 211-0-0
(36,92): 213-68-0
(36,93): 215-255-0
(36,94): 218-0-255
(36,95): 206-255-255
(36,96): 142-0-0
(36,97): 0-128-128
(36,98): 0-128-128
(36,99): 39-255-0
(36,100): 98-255-0
(36,101): 63-255-0
(36,102): 125-255-0
(36,103): 196-255-0
(36,104): 255-0-255
(36,105): 255-0-255
(36,106): 255-255-0
(36,107): 255-255-0
(36,108): 255-255-0
(36,109): 255-255-0
(36,110): 255-255-0
(36,111): 255-255-0
(36,112): 255-255-0
(36,113): 255-255-0
(36,114): 255-0-255
(36,115): 255-0-255
(36,116): 133-255-0
(36,117): 0-128-128
(36,118): 200-255-0
(36,119): 255-128-128
(36,120): 255-255-0
(36,121): 255-255-0
(36,122): 255-255-0
(36,123): 255-255-0
(36,124): 255-255-0
(36,125): 255-255-0
(36,126): 255-128-128
(36,127): 255-128-128
(37,0): 255-128-128
(37,1): 255-128-128
(37,2): 255-0-255
(37,3): 248-0-255
(37,4): 122-255-0
(37,5): 0-128-128
(37,6): 122-255-0
(37,7): 205-0-255
(37,8): 215-255-0
(37,9): 211-0-0
(37,10): 211-0-0
(37,11): 210-0-0
(37,12): 210-0-0
(37,13): 210-0-0
(37,14): 210-0-0
(37,15): 210-0-0
(37,16): 210-0-0
(37,17): 210-0-0
(37,18): 210-0-0
(37,19): 211-0-0
(37,20): 211-0-0
(37,21): 213-0-0
(37,22): 213-0-0
(37,23): 213-0-0
(37,24): 211-0-0
(37,25): 211-0-0
(37,26): 211-0-0
(37,27): 211-0-0
(37,28): 211-0-0
(37,29): 211-0-0
(37,30): 211-0-0
(37,31): 211-0-0
(37,32): 211-0-0
(37,33): 215-255-255
(37,34): 206-102-255
(37,35): 101-0-0
(37,36): 0-128-128
(37,37): 0-128-128
(37,38): 55-0-0
(37,39): 100-0-0
(37,40): 0-128-128
(37,41): 37-128-128
(37,42): 29-128-128
(37,43): 121-98-0
(37,44): 125-255-0
(37,45): 137-255-0
(37,46): 175-255-0
(37,47): 160-255-0
(37,48): 193-255-0
(37,49): 188-255-0
(37,50): 218-255-0
(37,51): 238-255-0
(37,52): 255-255-0
(37,53): 255-255-0
(37,54): 255-255-0
(37,55): 255-255-0
(37,56): 255-255-0
(37,57): 255-255-0
(37,58): 255-255-0
(37,59): 255-255-0
(37,60): 255-255-0
(37,61): 255-255-0
(37,62): 255-255-0
(37,63): 255-255-0
(37,64): 255-0-255
(37,65): 240-0-255
(37,66): 196-255-0
(37,67): 151-255-0
(37,68): 114-0-0
(37,69): 117-255-0
(37,70): 7-128-128
(37,71): 104-255-255
(37,72): 168-255-0
(37,73): 255-255-0
(37,74): 255-255-0
(37,75): 255-255-0
(37,76): 255-255-0
(37,77): 255-255-0
(37,78): 255-255-0
(37,79): 255-255-0
(37,80): 255-255-0
(37,81): 255-255-0
(37,82): 255-255-0
(37,83): 227-255-0
(37,84): 210-0-0
(37,85): 209-0-0
(37,86): 211-0-0
(37,87): 211-0-0
(37,88): 211-0-0
(37,89): 211-0-0
(37,90): 210-0-0
(37,91): 213-68-0
(37,92): 218-255-0
(37,93): 205-0-255
(37,94): 163-255-0
(37,95): 95-68-0
(37,96): 21-0-0
(37,97): 17-255-0
(37,98): 12-255-0
(37,99): 98-255-0
(37,100): 168-0-255
(37,101): 221-0-255
(37,102): 255-128-128
(37,103): 240-0-255
(37,104): 221-255-0
(37,105): 213-255-0
(37,106): 255-255-0
(37,107): 255-255-0
(37,108): 255-255-0
(37,109): 255-255-0
(37,110): 255-255-0
(37,111): 255-255-0
(37,112): 255-255-0
(37,113): 255-255-0
(37,114): 255-0-255
(37,115): 252-0-255
(37,116): 129-255-255
(37,117): 0-128-128
(37,118): 207-255-0
(37,119): 255-128-128
(37,120): 255-255-0
(37,121): 255-255-0
(37,122): 255-255-0
(37,123): 255-255-0
(37,124): 255-255-0
(37,125): 255-255-0
(37,126): 255-128-128
(37,127): 255-128-128
(38,0): 255-128-128
(38,1): 255-128-128
(38,2): 255-255-0
(38,3): 255-0-255
(38,4): 209-255-0
(38,5): 0-128-128
(38,6): 0-128-128
(38,7): 189-255-0
(38,8): 214-0-255
(38,9): 213-0-0
(38,10): 211-0-0
(38,11): 210-0-0
(38,12): 210-0-0
(38,13): 210-0-0
(38,14): 210-0-0
(38,15): 210-0-0
(38,16): 210-0-0
(38,17): 210-0-0
(38,18): 210-0-0
(38,19): 211-0-0
(38,20): 211-0-0
(38,21): 213-0-0
(38,22): 213-0-0
(38,23): 213-0-0
(38,24): 211-0-0
(38,25): 211-0-0
(38,26): 211-0-0
(38,27): 211-0-0
(38,28): 211-0-0
(38,29): 211-0-0
(38,30): 211-0-0
(38,31): 211-0-0
(38,32): 211-0-0
(38,33): 215-0-0
(38,34): 210-0-255
(38,35): 105-0-0
(38,36): 0-128-128
(38,37): 130-255-0
(38,38): 228-128-128
(38,39): 179-0-0
(38,40): 142-0-0
(38,41): 181-0-0
(38,42): 188-0-0
(38,43): 213-0-0
(38,44): 211-0-0
(38,45): 211-112-0
(38,46): 213-68-0
(38,47): 213-255-0
(38,48): 217-255-0
(38,49): 213-255-0
(38,50): 238-255-0
(38,51): 255-255-0
(38,52): 255-255-0
(38,53): 255-255-0
(38,54): 255-255-0
(38,55): 255-255-0
(38,56): 255-255-0
(38,57): 255-255-0
(38,58): 255-255-0
(38,59): 255-255-0
(38,60): 255-255-0
(38,61): 255-255-0
(38,62): 255-255-0
(38,63): 255-0-255
(38,64): 165-255-0
(38,65): 0-128-128
(38,66): 0-128-128
(38,67): 18-255-0
(38,68): 1-255-0
(38,69): 5-0-255
(38,70): 0-128-128
(38,71): 0-128-128
(38,72): 154-255-0
(38,73): 255-0-255
(38,74): 255-255-0
(38,75): 255-255-0
(38,76): 255-255-0
(38,77): 255-255-0
(38,78): 255-255-0
(38,79): 255-255-0
(38,80): 255-255-0
(38,81): 255-255-0
(38,82): 255-255-0
(38,83): 226-255-0
(38,84): 210-255-0
(38,85): 211-255-0
(38,86): 213-68-0
(38,87): 214-255-0
(38,88): 217-255-0
(38,89): 217-0-0
(38,90): 210-0-255
(38,91): 198-255-255
(38,92): 156-255-0
(38,93): 85-255-0
(38,94): 0-128-128
(38,95): 26-255-0
(38,96): 7-255-0
(38,97): 12-255-0
(38,98): 4-255-0
(38,99): 172-255-255
(38,100): 255-128-128
(38,101): 255-128-128
(38,102): 190-0-255
(38,103): 100-255-0
(38,104): 0-128-128
(38,105): 0-128-128
(38,106): 159-255-0
(38,107): 252-0-255
(38,108): 255-255-0
(38,109): 255-255-0
(38,110): 255-255-0
(38,111): 255-255-0
(38,112): 255-255-0
(38,113): 255-255-0
(38,114): 255-0-255
(38,115): 253-0-255
(38,116): 126-255-255
(38,117): 0-128-128
(38,118): 215-255-0
(38,119): 255-0-0
(38,120): 255-255-0
(38,121): 255-255-0
(38,122): 255-255-0
(38,123): 255-255-0
(38,124): 255-255-0
(38,125): 255-255-0
(38,126): 255-128-128
(38,127): 255-128-128
(39,0): 255-128-128
(39,1): 255-128-128
(39,2): 255-255-0
(39,3): 255-0-255
(39,4): 255-0-255
(39,5): 158-255-0
(39,6): 0-128-128
(39,7): 131-255-0
(39,8): 207-218-255
(39,9): 214-68-0
(39,10): 211-0-0
(39,11): 211-0-0
(39,12): 211-0-0
(39,13): 210-0-0
(39,14): 210-0-0
(39,15): 210-0-0
(39,16): 210-0-0
(39,17): 210-0-0
(39,18): 211-0-0
(39,19): 211-0-0
(39,20): 211-0-0
(39,21): 211-0-0
(39,22): 213-0-0
(39,23): 213-0-0
(39,24): 211-0-0
(39,25): 211-0-0
(39,26): 211-0-0
(39,27): 211-0-0
(39,28): 211-0-0
(39,29): 210-0-0
(39,30): 210-0-0
(39,31): 211-0-0
(39,32): 211-0-0
(39,33): 214-0-0
(39,34): 211-255-255
(39,35): 134-255-0
(39,36): 0-128-128
(39,37): 121-0-0
(39,38): 201-255-0
(39,39): 207-68-0
(39,40): 207-0-0
(39,41): 207-0-0
(39,42): 210-0-0
(39,43): 210-0-0
(39,44): 209-0-0
(39,45): 210-0-0
(39,46): 210-0-0
(39,47): 210-0-0
(39,48): 209-0-0
(39,49): 209-255-0
(39,50): 230-255-0
(39,51): 255-255-0
(39,52): 255-255-0
(39,53): 255-255-0
(39,54): 255-255-0
(39,55): 255-255-0
(39,56): 255-255-0
(39,57): 255-255-0
(39,58): 255-255-0
(39,59): 255-255-0
(39,60): 255-255-0
(39,61): 255-255-0
(39,62): 255-255-0
(39,63): 255-0-255
(39,64): 150-255-0
(39,65): 0-128-128
(39,66): 0-128-128
(39,67): 64-112-0
(39,68): 30-0-0
(39,69): 56-0-0
(39,70): 16-128-128
(39,71): 176-255-0
(39,72): 249-0-255
(39,73): 255-0-255
(39,74): 255-255-0
(39,75): 255-255-0
(39,76): 255-255-0
(39,77): 255-255-0
(39,78): 255-255-0
(39,79): 255-255-0
(39,80): 255-255-0
(39,81): 255-255-0
(39,82): 255-255-0
(39,83): 222-255-0
(39,84): 210-0-0
(39,85): 210-255-0
(39,86): 206-0-255
(39,87): 173-255-0
(39,88): 155-255-0
(39,89): 130-255-0
(39,90): 114-255-0
(39,91): 91-0-0
(39,92): 30-0-0
(39,93): 75-0-0
(39,94): 98-0-0
(39,95): 127-112-0
(39,96): 101-0-0
(39,97): 91-0-0
(39,98): 33-0-255
(39,99): 98-0-0
(39,100): 51-0-0
(39,101): 104-0-0
(39,102): 0-128-128
(39,103): 85-112-0
(39,104): 106-226-0
(39,105): 0-128-128
(39,106): 110-255-0
(39,107): 244-0-255
(39,108): 255-0-255
(39,109): 255-255-0
(39,110): 255-255-0
(39,111): 255-255-0
(39,112): 255-255-0
(39,113): 255-255-0
(39,114): 255-0-255
(39,115): 230-255-0
(39,116): 13-128-128
(39,117): 17-128-128
(39,118): 235-0-255
(39,119): 255-0-255
(39,120): 255-255-0
(39,121): 255-255-0
(39,122): 255-255-0
(39,123): 255-255-0
(39,124): 255-255-0
(39,125): 255-255-0
(39,126): 255-128-128
(39,127): 255-128-128
(40,0): 255-128-128
(40,1): 255-128-128
(40,2): 255-255-0
(40,3): 255-255-0
(40,4): 255-0-255
(40,5): 244-0-255
(40,6): 47-128-128
(40,7): 17-128-128
(40,8): 189-255-0
(40,9): 211-0-0
(40,10): 213-68-0
(40,11): 211-0-0
(40,12): 211-0-0
(40,13): 211-0-0
(40,14): 211-0-0
(40,15): 211-0-0
(40,16): 211-0-0
(40,17): 211-0-0
(40,18): 211-0-0
(40,19): 211-0-0
(40,20): 211-0-0
(40,21): 211-0-0
(40,22): 211-0-0
(40,23): 211-0-0
(40,24): 211-0-0
(40,25): 211-0-0
(40,26): 211-0-0
(40,27): 210-0-0
(40,28): 210-0-0
(40,29): 210-0-0
(40,30): 210-0-0
(40,31): 210-0-0
(40,32): 211-0-0
(40,33): 213-0-0
(40,34): 213-0-255
(40,35): 188-255-0
(40,36): 0-128-128
(40,37): 84-0-0
(40,38): 190-0-255
(40,39): 211-0-255
(40,40): 213-255-0
(40,41): 210-0-0
(40,42): 210-0-0
(40,43): 210-0-0
(40,44): 210-0-0
(40,45): 210-0-0
(40,46): 210-0-0
(40,47): 210-0-0
(40,48): 209-0-0
(40,49): 209-68-0
(40,50): 224-255-0
(40,51): 255-255-0
(40,52): 255-255-0
(40,53): 255-255-0
(40,54): 255-255-0
(40,55): 255-255-0
(40,56): 255-255-0
(40,57): 255-255-0
(40,58): 255-255-0
(40,59): 255-255-0
(40,60): 255-255-0
(40,61): 255-255-0
(40,62): 255-255-0
(40,63): 255-255-0
(40,64): 255-255-0
(40,65): 255-0-255
(40,66): 242-0-255
(40,67): 252-0-255
(40,68): 239-0-255
(40,69): 252-0-255
(40,70): 251-0-255
(40,71): 255-255-0
(40,72): 255-255-0
(40,73): 255-255-0
(40,74): 255-255-0
(40,75): 255-255-0
(40,76): 255-255-0
(40,77): 255-255-0
(40,78): 255-255-0
(40,79): 255-255-0
(40,80): 255-255-0
(40,81): 255-0-255
(40,82): 238-255-0
(40,83): 206-0-0
(40,84): 184-0-0
(40,85): 161-0-0
(40,86): 79-0-0
(40,87): 0-128-128
(40,88): 0-128-128
(40,89): 33-255-0
(40,90): 0-128-128
(40,91): 0-128-128
(40,92): 0-128-128
(40,93): 188-0-255
(40,94): 255-128-128
(40,95): 211-0-255
(40,96): 210-0-255
(40,97): 210-0-0
(40,98): 182-0-0
(40,99): 159-0-0
(40,100): 131-0-0
(40,101): 163-0-0
(40,102): 180-0-255
(40,103): 249-128-128
(40,104): 156-255-0
(40,105): 0-128-128
(40,106): 122-255-0
(40,107): 255-0-255
(40,108): 255-0-255
(40,109): 255-255-0
(40,110): 255-255-0
(40,111): 255-255-0
(40,112): 255-255-0
(40,113): 255-255-0
(40,114): 255-0-0
(40,115): 176-255-0
(40,116): 0-128-128
(40,117): 152-255-0
(40,118): 255-0-255
(40,119): 255-0-255
(40,120): 255-255-0
(40,121): 255-255-0
(40,122): 255-255-0
(40,123): 255-255-0
(40,124): 255-255-0
(40,125): 255-255-0
(40,126): 255-128-128
(40,127): 255-128-128
(41,0): 255-128-128
(41,1): 255-128-128
(41,2): 255-255-0
(41,3): 255-255-0
(41,4): 255-255-0
(41,5): 255-0-255
(41,6): 203-255-0
(41,7): 29-128-128
(41,8): 150-0-0
(41,9): 206-68-0
(41,10): 214-68-0
(41,11): 211-0-0
(41,12): 211-0-0
(41,13): 211-0-0
(41,14): 211-0-0
(41,15): 211-0-0
(41,16): 211-0-0
(41,17): 211-0-0
(41,18): 211-0-0
(41,19): 211-0-0
(41,20): 211-0-0
(41,21): 211-0-0
(41,22): 211-0-0
(41,23): 211-0-0
(41,24): 211-0-0
(41,25): 211-0-0
(41,26): 211-0-0
(41,27): 210-0-0
(41,28): 210-0-0
(41,29): 210-0-0
(41,30): 210-0-0
(41,31): 210-0-0
(41,32): 210-0-0
(41,33): 210-0-0
(41,34): 210-0-255
(41,35): 194-0-255
(41,36): 102-54-0
(41,37): 0-128-128
(41,38): 148-255-0
(41,39): 209-0-255
(41,40): 214-255-0
(41,41): 211-0-0
(41,42): 211-0-0
(41,43): 210-0-0
(41,44): 210-0-0
(41,45): 210-0-0
(41,46): 209-0-0
(41,47): 207-0-0
(41,48): 207-0-0
(41,49): 207-112-0
(41,50): 214-255-0
(41,51): 248-255-0
(41,52): 255-255-0
(41,53): 255-255-0
(41,54): 255-255-0
(41,55): 255-255-0
(41,56): 255-255-0
(41,57): 255-255-0
(41,58): 255-255-0
(41,59): 255-255-0
(41,60): 255-255-0
(41,61): 255-255-0
(41,62): 255-255-0
(41,63): 255-255-0
(41,64): 255-255-0
(41,65): 255-255-0
(41,66): 255-255-0
(41,67): 255-255-0
(41,68): 255-255-0
(41,69): 255-255-0
(41,70): 255-255-0
(41,71): 255-255-0
(41,72): 255-255-0
(41,73): 255-255-0
(41,74): 255-255-0
(41,75): 255-255-0
(41,76): 255-0-255
(41,77): 249-0-255
(41,78): 245-0-255
(41,79): 215-255-0
(41,80): 200-255-0
(41,81): 165-255-0
(41,82): 119-255-0
(41,83): 88-255-255
(41,84): 66-128-128
(41,85): 93-0-0
(41,86): 21-128-128
(41,87): 133-255-0
(41,88): 188-0-255
(41,89): 255-128-128
(41,90): 182-0-255
(41,91): 9-128-128
(41,92): 0-128-128
(41,93): 160-255-0
(41,94): 211-0-255
(41,95): 213-255-0
(41,96): 213-0-0
(41,97): 213-68-0
(41,98): 211-0-0
(41,99): 209-68-0
(41,100): 209-112-0
(41,101): 213-255-0
(41,102): 207-0-255
(41,103): 176-255-0
(41,104): 35-128-128
(41,105): 0-128-128
(41,106): 190-255-0
(41,107): 255-0-255
(41,108): 255-255-0
(41,109): 255-255-0
(41,110): 255-255-0
(41,111): 255-255-0
(41,112): 255-255-0
(41,113): 255-0-255
(41,114): 232-0-255
(41,115): 24-128-128
(41,116): 1-128-128
(41,117): 215-255-0
(41,118): 255-0-255
(41,119): 255-255-0
(41,120): 255-255-0
(41,121): 255-255-0
(41,122): 255-255-0
(41,123): 255-255-0
(41,124): 255-255-0
(41,125): 255-255-0
(41,126): 255-128-128
(41,127): 255-128-128
(42,0): 255-128-128
(42,1): 255-128-128
(42,2): 255-255-0
(42,3): 255-255-0
(42,4): 255-255-0
(42,5): 255-0-255
(42,6): 243-0-255
(42,7): 62-128-128
(42,8): 28-128-128
(42,9): 198-255-0
(42,10): 215-68-0
(42,11): 211-0-0
(42,12): 211-0-0
(42,13): 211-0-0
(42,14): 211-0-0
(42,15): 211-0-0
(42,16): 211-0-0
(42,17): 211-0-0
(42,18): 211-0-0
(42,19): 211-0-0
(42,20): 211-0-0
(42,21): 211-0-0
(42,22): 211-0-0
(42,23): 211-0-0
(42,24): 211-0-0
(42,25): 211-0-0
(42,26): 211-0-0
(42,27): 210-0-0
(42,28): 210-0-0
(42,29): 210-0-0
(42,30): 210-0-0
(42,31): 210-0-0
(42,32): 210-0-0
(42,33): 210-0-0
(42,34): 213-68-0
(42,35): 210-0-255
(42,36): 150-0-0
(42,37): 0-128-128
(42,38): 8-128-128
(42,39): 190-255-0
(42,40): 215-0-255
(42,41): 214-0-0
(42,42): 211-0-0
(42,43): 210-0-0
(42,44): 210-0-0
(42,45): 210-0-0
(42,46): 210-0-0
(42,47): 210-0-0
(42,48): 210-0-0
(42,49): 209-0-0
(42,50): 209-112-0
(42,51): 227-255-0
(42,52): 255-255-0
(42,53): 255-255-0
(42,54): 255-255-0
(42,55): 255-255-0
(42,56): 255-255-0
(42,57): 255-255-0
(42,58): 255-255-0
(42,59): 255-255-0
(42,60): 255-255-0
(42,61): 255-255-0
(42,62): 255-255-0
(42,63): 255-255-0
(42,64): 255-255-0
(42,65): 255-255-0
(42,66): 255-255-0
(42,67): 255-255-0
(42,68): 255-255-0
(42,69): 255-0-255
(42,70): 247-0-255
(42,71): 245-0-255
(42,72): 211-0-255
(42,73): 177-255-0
(42,74): 125-255-0
(42,75): 122-255-0
(42,76): 130-255-0
(42,77): 39-128-128
(42,78): 105-255-255
(42,79): 0-128-128
(42,80): 49-128-128
(42,81): 30-128-128
(42,82): 100-255-255
(42,83): 130-255-0
(42,84): 177-255-0
(42,85): 227-255-0
(42,86): 245-0-255
(42,87): 255-0-255
(42,88): 255-0-255
(42,89): 255-0-255
(42,90): 255-0-255
(42,91): 214-255-0
(42,92): 129-255-0
(42,93): 28-128-128
(42,94): 98-0-0
(42,95): 140-68-0
(42,96): 146-0-0
(42,97): 192-0-0
(42,98): 201-255-255
(42,99): 209-255-255
(42,100): 201-122-255
(42,101): 186-0-0
(42,102): 122-112-0
(42,103): 3-128-128
(42,104): 11-128-128
(42,105): 207-255-0
(42,106): 255-0-255
(42,107): 255-255-0
(42,108): 255-255-0
(42,109): 255-255-0
(42,110): 255-255-0
(42,111): 255-255-0
(42,112): 255-255-0
(42,113): 255-128-128
(42,114): 163-255-0
(42,115): 0-128-128
(42,116): 143-255-0
(42,117): 255-0-255
(42,118): 255-0-255
(42,119): 255-255-0
(42,120): 255-255-0
(42,121): 255-255-0
(42,122): 255-255-0
(42,123): 255-255-0
(42,124): 255-255-0
(42,125): 255-255-0
(42,126): 255-128-128
(42,127): 255-128-128
(43,0): 255-128-128
(43,1): 255-128-128
(43,2): 255-255-0
(43,3): 255-255-0
(43,4): 255-255-0
(43,5): 255-255-0
(43,6): 255-0-255
(43,7): 163-255-0
(43,8): 11-128-128
(43,9): 169-255-0
(43,10): 211-0-255
(43,11): 214-0-0
(43,12): 213-0-0
(43,13): 211-0-0
(43,14): 211-0-0
(43,15): 211-0-0
(43,16): 211-0-0
(43,17): 211-0-0
(43,18): 211-0-0
(43,19): 211-0-0
(43,20): 211-0-0
(43,21): 211-0-0
(43,22): 211-0-0
(43,23): 211-0-0
(43,24): 211-0-0
(43,25): 211-0-0
(43,26): 211-0-0
(43,27): 210-0-0
(43,28): 210-0-0
(43,29): 210-0-0
(43,30): 210-0-0
(43,31): 210-0-0
(43,32): 210-0-0
(43,33): 210-0-0
(43,34): 210-0-0
(43,35): 210-0-0
(43,36): 192-255-255
(43,37): 95-0-0
(43,38): 0-128-128
(43,39): 150-255-0
(43,40): 213-24-255
(43,41): 215-0-0
(43,42): 211-0-0
(43,43): 209-0-0
(43,44): 211-0-0
(43,45): 210-0-0
(43,46): 210-0-0
(43,47): 210-0-0
(43,48): 207-0-0
(43,49): 207-0-0
(43,50): 206-0-0
(43,51): 207-68-0
(43,52): 232-255-0
(43,53): 255-255-0
(43,54): 255-255-0
(43,55): 255-255-0
(43,56): 255-255-0
(43,57): 255-255-0
(43,58): 255-255-0
(43,59): 255-255-0
(43,60): 255-255-0
(43,61): 255-255-0
(43,62): 255-255-0
(43,63): 255-255-0
(43,64): 255-255-0
(43,65): 252-255-0
(43,66): 253-255-0
(43,67): 202-255-0
(43,68): 167-255-0
(43,69): 127-255-0
(43,70): 18-128-128
(43,71): 38-128-128
(43,72): 0-128-128
(43,73): 4-128-128
(43,74): 0-128-128
(43,75): 100-255-0
(43,76): 146-255-0
(43,77): 171-255-0
(43,78): 197-255-0
(43,79): 200-255-0
(43,80): 235-255-0
(43,81): 239-0-255
(43,82): 255-0-255
(43,83): 255-255-0
(43,84): 255-255-0
(43,85): 255-255-0
(43,86): 255-255-0
(43,87): 255-255-0
(43,88): 255-255-0
(43,89): 255-255-0
(43,90): 255-255-0
(43,91): 255-255-0
(43,92): 249-255-0
(43,93): 197-255-0
(43,94): 155-255-0
(43,95): 137-112-0
(43,96): 12-128-128
(43,97): 54-128-128
(43,98): 83-0-0
(43,99): 125-0-0
(43,100): 83-0-0
(43,101): 43-128-128
(43,102): 0-128-128
(43,103): 151-255-0
(43,104): 238-255-0
(43,105): 255-0-255
(43,106): 255-255-0
(43,107): 255-255-0
(43,108): 255-255-0
(43,109): 255-255-0
(43,110): 255-255-0
(43,111): 255-255-0
(43,112): 255-0-255
(43,113): 224-255-0
(43,114): 26-128-128
(43,115): 0-128-128
(43,116): 219-255-0
(43,117): 255-0-255
(43,118): 255-255-0
(43,119): 255-255-0
(43,120): 255-255-0
(43,121): 255-255-0
(43,122): 255-255-0
(43,123): 255-255-0
(43,124): 255-255-0
(43,125): 255-255-0
(43,126): 255-128-128
(43,127): 255-128-128
(44,0): 255-128-128
(44,1): 255-128-128
(44,2): 255-255-0
(44,3): 255-255-0
(44,4): 255-255-0
(44,5): 255-255-0
(44,6): 255-0-255
(44,7): 194-255-0
(44,8): 18-128-128
(44,9): 165-255-0
(44,10): 214-0-255
(44,11): 215-0-0
(44,12): 214-0-0
(44,13): 213-0-0
(44,14): 213-0-0
(44,15): 213-0-0
(44,16): 213-0-0
(44,17): 213-0-0
(44,18): 213-0-0
(44,19): 213-0-0
(44,20): 213-0-0
(44,21): 213-0-0
(44,22): 213-0-0
(44,23): 211-0-0
(44,24): 211-0-0
(44,25): 211-0-0
(44,26): 211-0-0
(44,27): 210-0-0
(44,28): 210-0-0
(44,29): 210-0-0
(44,30): 210-0-0
(44,31): 210-0-0
(44,32): 210-0-0
(44,33): 210-0-0
(44,34): 210-0-0
(44,35): 213-0-0
(44,36): 214-0-255
(44,37): 152-255-0
(44,38): 0-128-128
(44,39): 88-0-0
(44,40): 196-0-255
(44,41): 213-0-255
(44,42): 215-255-0
(44,43): 211-255-0
(44,44): 213-255-0
(44,45): 211-255-0
(44,46): 214-255-0
(44,47): 213-0-0
(44,48): 213-68-0
(44,49): 211-112-0
(44,50): 214-255-0
(44,51): 210-255-0
(44,52): 218-255-0
(44,53): 224-255-0
(44,54): 244-255-0
(44,55): 255-255-0
(44,56): 248-0-255
(44,57): 255-255-0
(44,58): 231-255-0
(44,59): 228-255-0
(44,60): 192-255-0
(44,61): 193-255-0
(44,62): 189-255-0
(44,63): 175-255-0
(44,64): 171-255-0
(44,65): 133-255-0
(44,66): 146-255-0
(44,67): 33-128-128
(44,68): 109-255-255
(44,69): 106-255-0
(44,70): 146-255-0
(44,71): 175-255-0
(44,72): 186-255-0
(44,73): 228-255-0
(44,74): 236-0-255
(44,75): 252-0-255
(44,76): 255-0-255
(44,77): 255-255-0
(44,78): 255-255-0
(44,79): 255-255-0
(44,80): 255-255-0
(44,81): 255-255-0
(44,82): 255-255-0
(44,83): 255-255-0
(44,84): 255-255-0
(44,85): 255-255-0
(44,86): 255-255-0
(44,87): 255-255-0
(44,88): 255-255-0
(44,89): 255-255-0
(44,90): 255-255-0
(44,91): 255-255-0
(44,92): 255-255-0
(44,93): 255-255-0
(44,94): 255-255-0
(44,95): 255-255-0
(44,96): 236-0-255
(44,97): 221-255-0
(44,98): 159-255-0
(44,99): 175-255-0
(44,100): 185-255-0
(44,101): 217-255-0
(44,102): 234-255-0
(44,103): 255-255-0
(44,104): 255-255-0
(44,105): 255-255-0
(44,106): 255-255-0
(44,107): 255-255-0
(44,108): 255-255-0
(44,109): 255-255-0
(44,110): 255-255-0
(44,111): 255-0-255
(44,112): 232-0-255
(44,113): 130-255-0
(44,114): 0-128-128
(44,115): 196-255-0
(44,116): 255-0-255
(44,117): 255-255-0
(44,118): 255-255-0
(44,119): 255-255-0
(44,120): 255-255-0
(44,121): 255-255-0
(44,122): 255-255-0
(44,123): 255-255-0
(44,124): 255-255-0
(44,125): 255-255-0
(44,126): 255-128-128
(44,127): 255-128-128
(45,0): 255-128-128
(45,1): 255-128-128
(45,2): 255-255-0
(45,3): 255-255-0
(45,4): 255-255-0
(45,5): 255-255-0
(45,6): 255-0-255
(45,7): 223-255-0
(45,8): 51-128-128
(45,9): 159-255-0
(45,10): 219-112-0
(45,11): 217-0-0
(45,12): 215-0-0
(45,13): 215-0-0
(45,14): 214-0-0
(45,15): 214-0-0
(45,16): 214-0-0
(45,17): 214-0-0
(45,18): 214-0-0
(45,19): 213-0-0
(45,20): 213-0-0
(45,21): 213-0-0
(45,22): 213-0-0
(45,23): 213-0-0
(45,24): 211-0-0
(45,25): 211-0-0
(45,26): 210-0-0
(45,27): 210-0-0
(45,28): 210-0-0
(45,29): 210-0-0
(45,30): 210-0-0
(45,31): 210-0-0
(45,32): 210-0-0
(45,33): 210-0-0
(45,34): 210-0-0
(45,35): 211-0-0
(45,36): 211-0-255
(45,37): 192-0-255
(45,38): 84-255-0
(45,39): 0-128-128
(45,40): 151-255-0
(45,41): 192-0-255
(45,42): 207-0-255
(45,43): 202-0-255
(45,44): 207-0-255
(45,45): 193-0-255
(45,46): 192-0-255
(45,47): 163-255-0
(45,48): 186-255-0
(45,49): 186-255-0
(45,50): 198-0-255
(45,51): 186-255-0
(45,52): 184-255-0
(45,53): 134-255-0
(45,54): 147-255-0
(45,55): 147-255-0
(45,56): 129-0-0
(45,57): 138-0-0
(45,58): 0-128-128
(45,59): 80-128-128
(45,60): 37-128-128
(45,61): 154-255-0
(45,62): 152-255-0
(45,63): 175-255-0
(45,64): 196-255-0
(45,65): 209-255-0
(45,66): 242-255-0
(45,67): 238-255-0
(45,68): 255-255-0
(45,69): 255-255-0
(45,70): 255-0-255
(45,71): 255-255-0
(45,72): 255-255-0
(45,73): 255-255-0
(45,74): 255-255-0
(45,75): 255-255-0
(45,76): 255-255-0
(45,77): 255-255-0
(45,78): 255-255-0
(45,79): 255-255-0
(45,80): 255-255-0
(45,81): 255-255-0
(45,82): 255-255-0
(45,83): 255-255-0
(45,84): 255-255-0
(45,85): 255-255-0
(45,86): 255-255-0
(45,87): 255-255-0
(45,88): 255-255-0
(45,89): 255-255-0
(45,90): 255-255-0
(45,91): 255-255-0
(45,92): 255-255-0
(45,93): 255-255-0
(45,94): 255-255-0
(45,95): 255-255-0
(45,96): 255-255-0
(45,97): 255-255-0
(45,98): 255-255-0
(45,99): 255-255-0
(45,100): 255-255-0
(45,101): 255-255-0
(45,102): 255-255-0
(45,103): 255-255-0
(45,104): 255-255-0
(45,105): 255-255-0
(45,106): 255-255-0
(45,107): 255-255-0
(45,108): 255-255-0
(45,109): 255-255-0
(45,110): 255-0-255
(45,111): 230-255-0
(45,112): 116-255-0
(45,113): 0-128-128
(45,114): 168-255-0
(45,115): 255-0-255
(45,116): 255-0-255
(45,117): 255-255-0
(45,118): 255-255-0
(45,119): 255-255-0
(45,120): 255-255-0
(45,121): 255-255-0
(45,122): 255-255-0
(45,123): 255-255-0
(45,124): 255-255-0
(45,125): 255-255-0
(45,126): 255-128-128
(45,127): 255-128-128
(46,0): 255-128-128
(46,1): 255-128-128
(46,2): 255-255-0
(46,3): 255-255-0
(46,4): 255-255-0
(46,5): 255-255-0
(46,6): 255-0-255
(46,7): 248-255-0
(46,8): 88-128-128
(46,9): 161-255-0
(46,10): 228-255-0
(46,11): 221-112-0
(46,12): 218-255-0
(46,13): 217-0-0
(46,14): 217-0-0
(46,15): 217-0-0
(46,16): 215-0-0
(46,17): 215-0-0
(46,18): 214-0-0
(46,19): 214-0-0
(46,20): 214-0-0
(46,21): 214-0-0
(46,22): 213-0-0
(46,23): 213-0-0
(46,24): 211-0-0
(46,25): 211-0-0
(46,26): 210-0-0
(46,27): 210-0-0
(46,28): 210-0-0
(46,29): 210-0-0
(46,30): 210-0-0
(46,31): 210-0-0
(46,32): 210-0-0
(46,33): 210-0-0
(46,34): 210-0-0
(46,35): 210-0-0
(46,36): 210-68-0
(46,37): 202-0-255
(46,38): 92-0-0
(46,39): 0-128-128
(46,40): 0-128-128
(46,41): 80-255-0
(46,42): 93-255-0
(46,43): 71-0-0
(46,44): 72-0-0
(46,45): 64-0-0
(46,46): 0-128-128
(46,47): 1-128-128
(46,48): 0-128-128
(46,49): 64-0-0
(46,50): 96-255-0
(46,51): 28-128-128
(46,52): 109-255-0
(46,53): 100-255-0
(46,54): 143-255-0
(46,55): 150-255-0
(46,56): 176-255-0
(46,57): 207-255-0
(46,58): 213-255-0
(46,59): 245-255-0
(46,60): 242-255-0
(46,61): 255-255-0
(46,62): 255-255-0
(46,63): 255-255-0
(46,64): 255-255-0
(46,65): 255-255-0
(46,66): 255-255-0
(46,67): 255-255-0
(46,68): 255-255-0
(46,69): 255-255-0
(46,70): 255-255-0
(46,71): 255-255-0
(46,72): 255-255-0
(46,73): 255-255-0
(46,74): 255-255-0
(46,75): 255-255-0
(46,76): 255-255-0
(46,77): 255-255-0
(46,78): 255-255-0
(46,79): 255-255-0
(46,80): 255-255-0
(46,81): 255-255-0
(46,82): 255-255-0
(46,83): 255-255-0
(46,84): 255-255-0
(46,85): 255-255-0
(46,86): 255-255-0
(46,87): 255-255-0
(46,88): 255-255-0
(46,89): 255-255-0
(46,90): 255-255-0
(46,91): 255-255-0
(46,92): 255-255-0
(46,93): 255-255-0
(46,94): 255-255-0
(46,95): 255-255-0
(46,96): 255-255-0
(46,97): 255-255-0
(46,98): 255-255-0
(46,99): 255-255-0
(46,100): 255-255-0
(46,101): 255-255-0
(46,102): 255-255-0
(46,103): 255-255-0
(46,104): 255-255-0
(46,105): 255-255-0
(46,106): 255-255-0
(46,107): 255-255-0
(46,108): 255-255-0
(46,109): 255-0-255
(46,110): 227-255-0
(46,111): 114-255-0
(46,112): 0-128-128
(46,113): 185-255-0
(46,114): 255-0-255
(46,115): 255-0-255
(46,116): 255-255-0
(46,117): 255-255-0
(46,118): 255-255-0
(46,119): 255-255-0
(46,120): 255-255-0
(46,121): 255-255-0
(46,122): 255-255-0
(46,123): 255-255-0
(46,124): 255-255-0
(46,125): 255-255-0
(46,126): 255-128-128
(46,127): 255-128-128
(47,0): 255-128-128
(47,1): 255-128-128
(47,2): 255-255-0
(47,3): 255-255-0
(47,4): 255-255-0
(47,5): 255-255-0
(47,6): 255-255-0
(47,7): 255-255-0
(47,8): 180-255-0
(47,9): 81-128-128
(47,10): 194-255-0
(47,11): 228-255-0
(47,12): 223-255-0
(47,13): 219-68-0
(47,14): 218-68-0
(47,15): 217-68-0
(47,16): 217-0-0
(47,17): 215-0-0
(47,18): 214-0-0
(47,19): 214-0-0
(47,20): 214-0-0
(47,21): 213-0-0
(47,22): 213-0-0
(47,23): 211-0-0
(47,24): 211-0-0
(47,25): 210-0-0
(47,26): 210-0-0
(47,27): 210-0-0
(47,28): 210-0-0
(47,29): 210-0-0
(47,30): 210-0-0
(47,31): 210-0-0
(47,32): 210-0-0
(47,33): 210-0-0
(47,34): 210-0-0
(47,35): 210-0-0
(47,36): 211-68-0
(47,37): 201-0-0
(47,38): 109-0-0
(47,39): 72-0-0
(47,40): 14-255-0
(47,41): 12-0-255
(47,42): 38-0-0
(47,43): 68-68-0
(47,44): 43-0-0
(47,45): 95-142-0
(47,46): 88-0-0
(47,47): 126-112-0
(47,48): 130-255-0
(47,49): 160-255-0
(47,50): 188-255-0
(47,51): 211-255-0
(47,52): 244-255-0
(47,53): 247-0-255
(47,54): 255-255-0
(47,55): 255-255-0
(47,56): 255-255-0
(47,57): 255-255-0
(47,58): 255-255-0
(47,59): 255-255-0
(47,60): 255-255-0
(47,61): 255-255-0
(47,62): 255-255-0
(47,63): 255-255-0
(47,64): 255-255-0
(47,65): 255-255-0
(47,66): 255-255-0
(47,67): 255-255-0
(47,68): 255-255-0
(47,69): 255-255-0
(47,70): 255-255-0
(47,71): 255-255-0
(47,72): 255-255-0
(47,73): 255-255-0
(47,74): 255-255-0
(47,75): 255-255-0
(47,76): 255-255-0
(47,77): 255-255-0
(47,78): 255-255-0
(47,79): 255-255-0
(47,80): 255-255-0
(47,81): 255-255-0
(47,82): 255-255-0
(47,83): 255-255-0
(47,84): 255-255-0
(47,85): 255-255-0
(47,86): 255-255-0
(47,87): 255-255-0
(47,88): 255-255-0
(47,89): 255-255-0
(47,90): 255-255-0
(47,91): 255-255-0
(47,92): 255-255-0
(47,93): 255-255-0
(47,94): 255-255-0
(47,95): 255-255-0
(47,96): 255-255-0
(47,97): 255-255-0
(47,98): 255-255-0
(47,99): 255-255-0
(47,100): 255-255-0
(47,101): 255-255-0
(47,102): 255-255-0
(47,103): 255-255-0
(47,104): 255-255-0
(47,105): 255-255-0
(47,106): 255-255-0
(47,107): 255-0-255
(47,108): 251-0-255
(47,109): 190-255-0
(47,110): 117-255-0
(47,111): 0-128-128
(47,112): 185-255-0
(47,113): 255-0-255
(47,114): 255-0-255
(47,115): 255-255-0
(47,116): 255-255-0
(47,117): 255-255-0
(47,118): 255-255-0
(47,119): 255-255-0
(47,120): 255-255-0
(47,121): 255-255-0
(47,122): 255-255-0
(47,123): 255-255-0
(47,124): 255-255-0
(47,125): 255-255-0
(47,126): 255-128-128
(47,127): 255-128-128
(48,0): 255-128-128
(48,1): 255-128-128
(48,2): 255-255-0
(48,3): 255-255-0
(48,4): 255-255-0
(48,5): 255-255-0
(48,6): 255-255-0
(48,7): 255-255-0
(48,8): 249-255-0
(48,9): 147-255-0
(48,10): 14-128-128
(48,11): 197-255-0
(48,12): 227-0-255
(48,13): 221-68-0
(48,14): 218-68-0
(48,15): 217-0-0
(48,16): 215-0-0
(48,17): 214-0-0
(48,18): 213-0-0
(48,19): 213-0-0
(48,20): 213-0-0
(48,21): 211-0-0
(48,22): 211-0-0
(48,23): 211-0-0
(48,24): 210-0-0
(48,25): 210-0-0
(48,26): 210-0-0
(48,27): 210-0-0
(48,28): 210-0-0
(48,29): 209-0-0
(48,30): 209-0-0
(48,31): 209-0-0
(48,32): 209-0-0
(48,33): 209-0-0
(48,34): 210-0-0
(48,35): 210-0-0
(48,36): 211-0-0
(48,37): 213-0-0
(48,38): 207-0-255
(48,39): 182-0-255
(48,40): 55-0-0
(48,41): 0-128-128
(48,42): 139-255-0
(48,43): 255-128-128
(48,44): 224-0-255
(48,45): 247-0-255
(48,46): 249-0-255
(48,47): 255-0-255
(48,48): 255-255-0
(48,49): 255-255-0
(48,50): 255-255-0
(48,51): 255-255-0
(48,52): 255-255-0
(48,53): 255-255-0
(48,54): 255-255-0
(48,55): 255-255-0
(48,56): 255-255-0
(48,57): 255-255-0
(48,58): 255-255-0
(48,59): 255-255-0
(48,60): 255-255-0
(48,61): 255-255-0
(48,62): 255-255-0
(48,63): 255-255-0
(48,64): 255-255-0
(48,65): 255-255-0
(48,66): 255-255-0
(48,67): 255-255-0
(48,68): 255-255-0
(48,69): 255-255-0
(48,70): 255-255-0
(48,71): 255-255-0
(48,72): 255-255-0
(48,73): 255-255-0
(48,74): 255-255-0
(48,75): 255-255-0
(48,76): 255-255-0
(48,77): 255-255-0
(48,78): 255-255-0
(48,79): 255-255-0
(48,80): 255-255-0
(48,81): 255-255-0
(48,82): 255-255-0
(48,83): 255-255-0
(48,84): 255-255-0
(48,85): 255-255-0
(48,86): 255-255-0
(48,87): 255-255-0
(48,88): 255-255-0
(48,89): 255-255-0
(48,90): 255-255-0
(48,91): 255-255-0
(48,92): 255-255-0
(48,93): 255-255-0
(48,94): 255-255-0
(48,95): 255-255-0
(48,96): 255-255-0
(48,97): 255-255-0
(48,98): 255-255-0
(48,99): 255-255-0
(48,100): 255-255-0
(48,101): 255-255-0
(48,102): 255-255-0
(48,103): 255-255-0
(48,104): 255-255-0
(48,105): 255-255-0
(48,106): 228-255-0
(48,107): 188-255-0
(48,108): 101-255-255
(48,109): 18-128-128
(48,110): 134-255-0
(48,111): 206-255-0
(48,112): 255-255-0
(48,113): 255-255-0
(48,114): 255-255-0
(48,115): 255-255-0
(48,116): 255-255-0
(48,117): 255-255-0
(48,118): 255-255-0
(48,119): 255-255-0
(48,120): 255-255-0
(48,121): 255-255-0
(48,122): 255-255-0
(48,123): 255-255-0
(48,124): 255-255-0
(48,125): 255-255-0
(48,126): 255-128-128
(48,127): 255-128-128
(49,0): 255-128-128
(49,1): 255-128-128
(49,2): 255-255-0
(49,3): 255-255-0
(49,4): 255-255-0
(49,5): 255-255-0
(49,6): 255-255-0
(49,7): 255-255-0
(49,8): 255-0-255
(49,9): 222-255-0
(49,10): 63-128-128
(49,11): 133-255-0
(49,12): 215-68-0
(49,13): 224-68-0
(49,14): 217-68-0
(49,15): 215-0-0
(49,16): 214-0-0
(49,17): 213-0-0
(49,18): 211-0-0
(49,19): 211-0-0
(49,20): 211-0-0
(49,21): 210-0-0
(49,22): 210-0-0
(49,23): 210-0-0
(49,24): 210-0-0
(49,25): 210-0-0
(49,26): 210-0-0
(49,27): 210-0-0
(49,28): 209-0-0
(49,29): 209-0-0
(49,30): 209-0-0
(49,31): 209-0-0
(49,32): 209-0-0
(49,33): 209-0-0
(49,34): 209-0-0
(49,35): 209-0-0
(49,36): 210-0-0
(49,37): 210-0-0
(49,38): 213-112-0
(49,39): 209-0-255
(49,40): 142-255-0
(49,41): 0-128-128
(49,42): 117-255-0
(49,43): 240-0-255
(49,44): 255-0-255
(49,45): 255-255-0
(49,46): 255-255-0
(49,47): 255-255-0
(49,48): 255-255-0
(49,49): 255-255-0
(49,50): 255-255-0
(49,51): 255-255-0
(49,52): 255-255-0
(49,53): 255-255-0
(49,54): 255-255-0
(49,55): 255-255-0
(49,56): 255-255-0
(49,57): 255-255-0
(49,58): 255-255-0
(49,59): 255-255-0
(49,60): 255-255-0
(49,61): 255-255-0
(49,62): 255-255-0
(49,63): 255-255-0
(49,64): 255-255-0
(49,65): 255-255-0
(49,66): 255-255-0
(49,67): 255-255-0
(49,68): 255-255-0
(49,69): 255-255-0
(49,70): 255-255-0
(49,71): 255-255-0
(49,72): 255-255-0
(49,73): 255-255-0
(49,74): 255-255-0
(49,75): 255-255-0
(49,76): 255-255-0
(49,77): 255-255-0
(49,78): 255-255-0
(49,79): 255-255-0
(49,80): 255-255-0
(49,81): 255-255-0
(49,82): 255-255-0
(49,83): 255-255-0
(49,84): 255-255-0
(49,85): 255-255-0
(49,86): 255-255-0
(49,87): 255-255-0
(49,88): 255-255-0
(49,89): 255-255-0
(49,90): 255-255-0
(49,91): 255-255-0
(49,92): 255-255-0
(49,93): 255-255-0
(49,94): 255-255-0
(49,95): 255-255-0
(49,96): 255-255-0
(49,97): 255-255-0
(49,98): 255-255-0
(49,99): 255-255-0
(49,100): 255-255-0
(49,101): 255-255-0
(49,102): 255-0-255
(49,103): 218-255-0
(49,104): 155-255-0
(49,105): 131-255-0
(49,106): 0-128-128
(49,107): 50-128-128
(49,108): 150-255-0
(49,109): 211-255-0
(49,110): 255-0-255
(49,111): 255-255-0
(49,112): 255-255-0
(49,113): 255-255-0
(49,114): 255-255-0
(49,115): 255-255-0
(49,116): 255-255-0
(49,117): 255-255-0
(49,118): 255-255-0
(49,119): 255-255-0
(49,120): 255-255-0
(49,121): 255-255-0
(49,122): 255-255-0
(49,123): 255-255-0
(49,124): 255-255-0
(49,125): 255-255-0
(49,126): 255-128-128
(49,127): 255-128-128
(50,0): 255-128-128
(50,1): 255-128-128
(50,2): 255-255-0
(50,3): 255-255-0
(50,4): 255-255-0
(50,5): 255-255-0
(50,6): 255-255-0
(50,7): 255-255-0
(50,8): 255-255-0
(50,9): 255-0-255
(50,10): 172-255-0
(50,11): 0-128-128
(50,12): 154-112-0
(50,13): 214-0-255
(50,14): 218-68-0
(50,15): 213-0-0
(50,16): 211-0-0
(50,17): 209-0-0
(50,18): 210-0-0
(50,19): 210-0-0
(50,20): 210-0-0
(50,21): 210-0-0
(50,22): 210-0-0
(50,23): 210-0-0
(50,24): 210-0-0
(50,25): 209-0-0
(50,26): 209-0-0
(50,27): 209-0-0
(50,28): 209-0-0
(50,29): 209-0-0
(50,30): 209-0-0
(50,31): 209-0-0
(50,32): 209-0-0
(50,33): 209-0-0
(50,34): 209-0-0
(50,35): 209-0-0
(50,36): 209-0-0
(50,37): 210-0-0
(50,38): 211-68-0
(50,39): 210-0-255
(50,40): 190-0-255
(50,41): 35-128-128
(50,42): 0-128-128
(50,43): 186-255-0
(50,44): 255-0-0
(50,45): 255-255-0
(50,46): 255-255-0
(50,47): 255-255-0
(50,48): 255-255-0
(50,49): 255-255-0
(50,50): 255-255-0
(50,51): 255-255-0
(50,52): 255-255-0
(50,53): 255-255-0
(50,54): 255-255-0
(50,55): 255-255-0
(50,56): 255-255-0
(50,57): 255-255-0
(50,58): 255-255-0
(50,59): 255-255-0
(50,60): 255-255-0
(50,61): 255-255-0
(50,62): 255-255-0
(50,63): 255-255-0
(50,64): 255-255-0
(50,65): 255-255-0
(50,66): 255-255-0
(50,67): 255-255-0
(50,68): 255-255-0
(50,69): 255-255-0
(50,70): 255-255-0
(50,71): 255-255-0
(50,72): 255-255-0
(50,73): 255-255-0
(50,74): 255-255-0
(50,75): 255-255-0
(50,76): 255-255-0
(50,77): 255-255-0
(50,78): 255-255-0
(50,79): 255-255-0
(50,80): 255-255-0
(50,81): 255-255-0
(50,82): 255-255-0
(50,83): 255-255-0
(50,84): 255-255-0
(50,85): 255-255-0
(50,86): 255-255-0
(50,87): 255-255-0
(50,88): 255-255-0
(50,89): 255-255-0
(50,90): 255-255-0
(50,91): 255-255-0
(50,92): 255-255-0
(50,93): 255-255-0
(50,94): 255-255-0
(50,95): 255-255-0
(50,96): 245-255-0
(50,97): 240-255-0
(50,98): 207-255-0
(50,99): 222-255-0
(50,100): 213-255-0
(50,101): 213-255-0
(50,102): 155-255-0
(50,103): 42-128-128
(50,104): 106-255-0
(50,105): 181-255-0
(50,106): 201-255-0
(50,107): 245-255-0
(50,108): 255-0-255
(50,109): 255-255-0
(50,110): 255-255-0
(50,111): 255-255-0
(50,112): 255-255-0
(50,113): 255-255-0
(50,114): 255-255-0
(50,115): 255-255-0
(50,116): 255-255-0
(50,117): 255-255-0
(50,118): 255-255-0
(50,119): 255-255-0
(50,120): 255-255-0
(50,121): 255-255-0
(50,122): 255-255-0
(50,123): 255-255-0
(50,124): 255-255-0
(50,125): 255-255-0
(50,126): 255-128-128
(50,127): 255-128-128
(51,0): 255-128-128
(51,1): 255-128-128
(51,2): 255-255-0
(51,3): 255-255-0
(51,4): 255-255-0
(51,5): 255-255-0
(51,6): 255-255-0
(51,7): 255-255-0
(51,8): 255-255-0
(51,9): 255-0-255
(51,10): 239-0-255
(51,11): 123-255-255
(51,12): 39-128-128
(51,13): 186-255-0
(51,14): 211-0-255
(51,15): 213-0-0
(51,16): 210-0-0
(51,17): 210-0-0
(51,18): 209-0-0
(51,19): 209-0-0
(51,20): 210-0-0
(51,21): 210-0-0
(51,22): 209-0-0
(51,23): 209-0-0
(51,24): 209-0-0
(51,25): 209-0-0
(51,26): 209-0-0
(51,27): 209-0-0
(51,28): 209-0-0
(51,29): 209-0-0
(51,30): 209-0-0
(51,31): 209-0-0
(51,32): 209-0-0
(51,33): 209-0-0
(51,34): 209-0-0
(51,35): 209-0-0
(51,36): 209-0-0
(51,37): 210-0-0
(51,38): 211-0-0
(51,39): 210-246-255
(51,40): 200-255-255
(51,41): 106-255-0
(51,42): 0-128-128
(51,43): 154-255-0
(51,44): 255-128-128
(51,45): 255-255-0
(51,46): 255-255-0
(51,47): 255-255-0
(51,48): 255-255-0
(51,49): 255-255-0
(51,50): 255-255-0
(51,51): 255-255-0
(51,52): 255-255-0
(51,53): 255-255-0
(51,54): 255-255-0
(51,55): 255-255-0
(51,56): 255-255-0
(51,57): 255-255-0
(51,58): 255-255-0
(51,59): 255-255-0
(51,60): 255-255-0
(51,61): 255-255-0
(51,62): 255-255-0
(51,63): 255-255-0
(51,64): 255-255-0
(51,65): 255-255-0
(51,66): 255-255-0
(51,67): 255-255-0
(51,68): 255-255-0
(51,69): 255-255-0
(51,70): 255-255-0
(51,71): 255-255-0
(51,72): 255-255-0
(51,73): 255-255-0
(51,74): 255-255-0
(51,75): 255-255-0
(51,76): 255-255-0
(51,77): 255-255-0
(51,78): 255-255-0
(51,79): 255-255-0
(51,80): 255-255-0
(51,81): 255-255-0
(51,82): 255-255-0
(51,83): 255-255-0
(51,84): 255-255-0
(51,85): 255-255-0
(51,86): 255-255-0
(51,87): 255-255-0
(51,88): 255-255-0
(51,89): 255-255-0
(51,90): 255-255-0
(51,91): 255-255-0
(51,92): 255-255-0
(51,93): 255-0-255
(51,94): 222-255-0
(51,95): 131-0-0
(51,96): 1-128-128
(51,97): 41-128-128
(51,98): 3-128-128
(51,99): 106-128-128
(51,100): 0-128-128
(51,101): 64-128-128
(51,102): 34-128-128
(51,103): 175-255-0
(51,104): 247-0-255
(51,105): 255-0-255
(51,106): 255-255-0
(51,107): 255-255-0
(51,108): 255-255-0
(51,109): 255-255-0
(51,110): 255-255-0
(51,111): 255-255-0
(51,112): 255-255-0
(51,113): 255-255-0
(51,114): 255-255-0
(51,115): 255-255-0
(51,116): 255-255-0
(51,117): 255-255-0
(51,118): 255-255-0
(51,119): 255-255-0
(51,120): 255-255-0
(51,121): 255-255-0
(51,122): 255-255-0
(51,123): 255-255-0
(51,124): 255-255-0
(51,125): 255-255-0
(51,126): 255-128-128
(51,127): 255-128-128
(52,0): 255-128-128
(52,1): 255-128-128
(52,2): 255-255-0
(52,3): 255-255-0
(52,4): 255-255-0
(52,5): 255-255-0
(52,6): 255-255-0
(52,7): 255-255-0
(52,8): 255-255-0
(52,9): 255-255-0
(52,10): 255-0-255
(52,11): 193-255-0
(52,12): 0-128-128
(52,13): 148-255-0
(52,14): 209-0-255
(52,15): 213-0-0
(52,16): 210-0-0
(52,17): 210-0-0
(52,18): 209-0-0
(52,19): 209-0-0
(52,20): 209-0-0
(52,21): 209-0-0
(52,22): 209-0-0
(52,23): 209-0-0
(52,24): 209-0-0
(52,25): 209-0-0
(52,26): 209-0-0
(52,27): 209-0-0
(52,28): 209-0-0
(52,29): 209-0-0
(52,30): 209-0-0
(52,31): 209-0-0
(52,32): 209-0-0
(52,33): 209-0-0
(52,34): 209-0-0
(52,35): 209-0-0
(52,36): 210-0-0
(52,37): 210-0-0
(52,38): 213-68-0
(52,39): 213-0-255
(52,40): 189-0-255
(52,41): 20-128-128
(52,42): 0-128-128
(52,43): 210-255-0
(52,44): 255-0-255
(52,45): 255-255-0
(52,46): 255-255-0
(52,47): 255-255-0
(52,48): 255-255-0
(52,49): 255-255-0
(52,50): 255-255-0
(52,51): 255-255-0
(52,52): 255-255-0
(52,53): 255-255-0
(52,54): 255-255-0
(52,55): 255-255-0
(52,56): 255-255-0
(52,57): 255-255-0
(52,58): 255-255-0
(52,59): 255-255-0
(52,60): 255-255-0
(52,61): 255-255-0
(52,62): 255-255-0
(52,63): 255-255-0
(52,64): 255-255-0
(52,65): 255-255-0
(52,66): 255-255-0
(52,67): 255-255-0
(52,68): 255-255-0
(52,69): 255-255-0
(52,70): 255-255-0
(52,71): 255-255-0
(52,72): 255-255-0
(52,73): 255-255-0
(52,74): 255-255-0
(52,75): 255-255-0
(52,76): 255-255-0
(52,77): 255-255-0
(52,78): 255-255-0
(52,79): 255-255-0
(52,80): 255-255-0
(52,81): 255-255-0
(52,82): 255-255-0
(52,83): 255-255-0
(52,84): 255-255-0
(52,85): 255-255-0
(52,86): 255-255-0
(52,87): 255-255-0
(52,88): 255-255-0
(52,89): 255-255-0
(52,90): 255-255-0
(52,91): 255-255-0
(52,92): 255-255-0
(52,93): 255-0-255
(52,94): 223-255-0
(52,95): 0-128-128
(52,96): 0-128-128
(52,97): 193-0-255
(52,98): 211-0-0
(52,99): 234-255-0
(52,100): 222-255-0
(52,101): 247-255-0
(52,102): 252-255-0
(52,103): 255-255-0
(52,104): 255-255-0
(52,105): 255-255-0
(52,106): 255-255-0
(52,107): 255-255-0
(52,108): 255-255-0
(52,109): 255-255-0
(52,110): 255-255-0
(52,111): 255-255-0
(52,112): 255-255-0
(52,113): 255-255-0
(52,114): 255-255-0
(52,115): 255-255-0
(52,116): 255-255-0
(52,117): 255-255-0
(52,118): 255-255-0
(52,119): 255-255-0
(52,120): 255-255-0
(52,121): 255-255-0
(52,122): 255-255-0
(52,123): 255-255-0
(52,124): 255-255-0
(52,125): 255-255-0
(52,126): 255-128-128
(52,127): 255-128-128
(53,0): 255-128-128
(53,1): 255-128-128
(53,2): 255-255-0
(53,3): 255-255-0
(53,4): 255-255-0
(53,5): 255-255-0
(53,6): 255-255-0
(53,7): 255-255-0
(53,8): 255-255-0
(53,9): 255-255-0
(53,10): 255-0-255
(53,11): 244-0-255
(53,12): 131-255-0
(53,13): 51-128-128
(53,14): 186-0-0
(53,15): 213-68-0
(53,16): 211-0-0
(53,17): 210-0-0
(53,18): 209-0-0
(53,19): 209-0-0
(53,20): 209-0-0
(53,21): 209-0-0
(53,22): 209-0-0
(53,23): 209-0-0
(53,24): 209-0-0
(53,25): 209-0-0
(53,26): 209-0-0
(53,27): 209-0-0
(53,28): 209-0-0
(53,29): 209-0-0
(53,30): 209-0-0
(53,31): 209-0-0
(53,32): 209-0-0
(53,33): 209-0-0
(53,34): 209-0-0
(53,35): 209-0-0
(53,36): 210-0-0
(53,37): 211-0-0
(53,38): 213-255-0
(53,39): 197-0-255
(53,40): 106-255-0
(53,41): 0-128-128
(53,42): 150-255-0
(53,43): 255-0-255
(53,44): 255-0-255
(53,45): 255-255-0
(53,46): 255-255-0
(53,47): 255-255-0
(53,48): 255-255-0
(53,49): 255-255-0
(53,50): 255-255-0
(53,51): 255-255-0
(53,52): 255-255-0
(53,53): 255-255-0
(53,54): 255-255-0
(53,55): 255-255-0
(53,56): 255-255-0
(53,57): 255-255-0
(53,58): 255-255-0
(53,59): 255-255-0
(53,60): 255-255-0
(53,61): 255-255-0
(53,62): 255-255-0
(53,63): 255-255-0
(53,64): 255-255-0
(53,65): 255-255-0
(53,66): 255-255-0
(53,67): 255-255-0
(53,68): 255-255-0
(53,69): 255-255-0
(53,70): 255-255-0
(53,71): 255-255-0
(53,72): 255-255-0
(53,73): 255-255-0
(53,74): 255-255-0
(53,75): 255-255-0
(53,76): 255-255-0
(53,77): 255-255-0
(53,78): 255-255-0
(53,79): 255-255-0
(53,80): 255-255-0
(53,81): 255-255-0
(53,82): 255-255-0
(53,83): 255-255-0
(53,84): 255-255-0
(53,85): 255-255-0
(53,86): 255-255-0
(53,87): 255-255-0
(53,88): 255-255-0
(53,89): 255-255-0
(53,90): 255-255-0
(53,91): 255-255-0
(53,92): 255-255-0
(53,93): 255-0-0
(53,94): 227-0-255
(53,95): 0-128-128
(53,96): 58-128-128
(53,97): 248-0-255
(53,98): 255-128-128
(53,99): 255-255-0
(53,100): 255-255-0
(53,101): 255-255-0
(53,102): 255-255-0
(53,103): 255-255-0
(53,104): 255-255-0
(53,105): 255-255-0
(53,106): 255-255-0
(53,107): 255-255-0
(53,108): 255-255-0
(53,109): 255-255-0
(53,110): 255-255-0
(53,111): 255-255-0
(53,112): 255-255-0
(53,113): 255-255-0
(53,114): 255-255-0
(53,115): 255-255-0
(53,116): 255-255-0
(53,117): 255-255-0
(53,118): 255-255-0
(53,119): 255-255-0
(53,120): 255-255-0
(53,121): 255-255-0
(53,122): 255-255-0
(53,123): 255-255-0
(53,124): 255-255-0
(53,125): 255-255-0
(53,126): 255-128-128
(53,127): 255-128-128
(54,0): 255-128-128
(54,1): 255-128-128
(54,2): 255-255-0
(54,3): 255-255-0
(54,4): 255-255-0
(54,5): 255-255-0
(54,6): 255-255-0
(54,7): 255-255-0
(54,8): 255-255-0
(54,9): 255-255-0
(54,10): 255-255-0
(54,11): 255-0-255
(54,12): 186-255-0
(54,13): 0-128-128
(54,14): 140-10-0
(54,15): 210-255-0
(54,16): 213-255-0
(54,17): 210-0-0
(54,18): 210-0-0
(54,19): 209-0-0
(54,20): 209-0-0
(54,21): 209-0-0
(54,22): 209-0-0
(54,23): 209-0-0
(54,24): 209-0-0
(54,25): 209-0-0
(54,26): 209-0-0
(54,27): 209-0-0
(54,28): 209-0-0
(54,29): 209-0-0
(54,30): 209-0-0
(54,31): 209-0-0
(54,32): 209-0-0
(54,33): 209-0-0
(54,34): 209-0-0
(54,35): 209-0-0
(54,36): 213-68-0
(54,37): 215-112-0
(54,38): 201-0-255
(54,39): 123-255-0
(54,40): 0-128-128
(54,41): 135-255-0
(54,42): 249-0-255
(54,43): 255-0-255
(54,44): 255-255-0
(54,45): 255-255-0
(54,46): 255-255-0
(54,47): 255-255-0
(54,48): 255-255-0
(54,49): 255-255-0
(54,50): 255-255-0
(54,51): 255-255-0
(54,52): 255-255-0
(54,53): 255-255-0
(54,54): 255-255-0
(54,55): 255-255-0
(54,56): 255-255-0
(54,57): 255-255-0
(54,58): 255-255-0
(54,59): 255-255-0
(54,60): 255-255-0
(54,61): 255-255-0
(54,62): 255-255-0
(54,63): 255-255-0
(54,64): 255-255-0
(54,65): 255-255-0
(54,66): 255-255-0
(54,67): 255-255-0
(54,68): 255-255-0
(54,69): 255-255-0
(54,70): 255-255-0
(54,71): 255-255-0
(54,72): 255-255-0
(54,73): 255-255-0
(54,74): 255-255-0
(54,75): 255-255-0
(54,76): 255-255-0
(54,77): 255-255-0
(54,78): 255-255-0
(54,79): 255-255-0
(54,80): 255-255-0
(54,81): 255-255-0
(54,82): 255-255-0
(54,83): 255-255-0
(54,84): 255-255-0
(54,85): 255-255-0
(54,86): 255-255-0
(54,87): 255-255-0
(54,88): 255-255-0
(54,89): 255-255-0
(54,90): 255-255-0
(54,91): 255-255-0
(54,92): 255-255-0
(54,93): 255-128-128
(54,94): 224-255-0
(54,95): 0-128-128
(54,96): 16-128-128
(54,97): 235-0-255
(54,98): 255-0-255
(54,99): 255-255-0
(54,100): 255-255-0
(54,101): 255-255-0
(54,102): 255-255-0
(54,103): 255-255-0
(54,104): 255-255-0
(54,105): 255-255-0
(54,106): 255-255-0
(54,107): 255-255-0
(54,108): 255-255-0
(54,109): 255-255-0
(54,110): 255-255-0
(54,111): 255-255-0
(54,112): 255-255-0
(54,113): 255-255-0
(54,114): 255-255-0
(54,115): 255-255-0
(54,116): 255-255-0
(54,117): 255-255-0
(54,118): 255-255-0
(54,119): 255-255-0
(54,120): 255-255-0
(54,121): 255-255-0
(54,122): 255-255-0
(54,123): 255-255-0
(54,124): 255-255-0
(54,125): 255-255-0
(54,126): 255-128-128
(54,127): 255-128-128
(55,0): 255-128-128
(55,1): 255-128-128
(55,2): 255-255-0
(55,3): 255-255-0
(55,4): 255-255-0
(55,5): 255-255-0
(55,6): 255-255-0
(55,7): 255-255-0
(55,8): 255-255-0
(55,9): 255-255-0
(55,10): 255-255-0
(55,11): 255-0-255
(55,12): 249-0-255
(55,13): 138-255-0
(55,14): 43-128-128
(55,15): 188-255-0
(55,16): 210-0-255
(55,17): 211-0-0
(55,18): 210-0-0
(55,19): 209-0-0
(55,20): 209-0-0
(55,21): 209-0-0
(55,22): 209-0-0
(55,23): 209-0-0
(55,24): 209-0-0
(55,25): 209-0-0
(55,26): 209-0-0
(55,27): 209-0-0
(55,28): 209-0-0
(55,29): 209-0-0
(55,30): 209-0-0
(55,31): 209-0-0
(55,32): 209-0-0
(55,33): 209-0-0
(55,34): 209-0-0
(55,35): 213-0-0
(55,36): 211-0-255
(55,37): 179-255-0
(55,38): 102-255-0
(55,39): 0-128-128
(55,40): 148-255-0
(55,41): 247-0-255
(55,42): 255-0-255
(55,43): 255-255-0
(55,44): 255-255-0
(55,45): 255-255-0
(55,46): 255-255-0
(55,47): 255-255-0
(55,48): 255-255-0
(55,49): 255-255-0
(55,50): 255-255-0
(55,51): 255-255-0
(55,52): 255-255-0
(55,53): 255-255-0
(55,54): 255-255-0
(55,55): 255-255-0
(55,56): 255-255-0
(55,57): 255-255-0
(55,58): 255-255-0
(55,59): 255-255-0
(55,60): 255-255-0
(55,61): 255-255-0
(55,62): 255-255-0
(55,63): 255-255-0
(55,64): 255-255-0
(55,65): 255-255-0
(55,66): 255-255-0
(55,67): 255-255-0
(55,68): 255-255-0
(55,69): 255-255-0
(55,70): 255-255-0
(55,71): 255-255-0
(55,72): 255-255-0
(55,73): 255-255-0
(55,74): 255-255-0
(55,75): 255-255-0
(55,76): 255-255-0
(55,77): 255-255-0
(55,78): 255-255-0
(55,79): 255-255-0
(55,80): 255-255-0
(55,81): 255-255-0
(55,82): 255-255-0
(55,83): 255-255-0
(55,84): 255-255-0
(55,85): 255-255-0
(55,86): 255-255-0
(55,87): 255-255-0
(55,88): 255-255-0
(55,89): 255-255-0
(55,90): 255-255-0
(55,91): 255-255-0
(55,92): 255-255-0
(55,93): 255-0-255
(55,94): 227-0-255
(55,95): 0-128-128
(55,96): 0-128-128
(55,97): 181-255-0
(55,98): 255-128-128
(55,99): 255-255-0
(55,100): 255-255-0
(55,101): 255-255-0
(55,102): 255-255-0
(55,103): 255-255-0
(55,104): 255-255-0
(55,105): 255-255-0
(55,106): 255-255-0
(55,107): 255-255-0
(55,108): 255-255-0
(55,109): 255-255-0
(55,110): 255-255-0
(55,111): 255-255-0
(55,112): 255-255-0
(55,113): 255-255-0
(55,114): 255-255-0
(55,115): 255-255-0
(55,116): 255-255-0
(55,117): 255-255-0
(55,118): 255-255-0
(55,119): 255-255-0
(55,120): 255-255-0
(55,121): 255-255-0
(55,122): 255-255-0
(55,123): 255-255-0
(55,124): 255-255-0
(55,125): 255-255-0
(55,126): 255-128-128
(55,127): 255-128-128
(56,0): 255-128-128
(56,1): 255-128-128
(56,2): 255-255-0
(56,3): 255-255-0
(56,4): 255-255-0
(56,5): 255-255-0
(56,6): 255-255-0
(56,7): 255-255-0
(56,8): 255-255-0
(56,9): 255-255-0
(56,10): 255-255-0
(56,11): 255-255-0
(56,12): 255-0-255
(56,13): 213-255-0
(56,14): 0-128-128
(56,15): 131-255-0
(56,16): 206-0-255
(56,17): 213-0-0
(56,18): 210-0-0
(56,19): 210-0-0
(56,20): 210-0-0
(56,21): 209-0-0
(56,22): 209-0-0
(56,23): 209-0-0
(56,24): 209-0-0
(56,25): 209-0-0
(56,26): 209-0-0
(56,27): 209-0-0
(56,28): 209-0-0
(56,29): 209-0-0
(56,30): 209-0-0
(56,31): 209-0-0
(56,32): 210-255-0
(56,33): 211-112-0
(56,34): 217-0-255
(56,35): 200-0-0
(56,36): 150-255-0
(56,37): 0-128-128
(56,38): 0-128-128
(56,39): 171-255-0
(56,40): 252-0-255
(56,41): 255-0-255
(56,42): 255-255-0
(56,43): 255-255-0
(56,44): 255-255-0
(56,45): 255-255-0
(56,46): 255-255-0
(56,47): 255-255-0
(56,48): 255-255-0
(56,49): 255-255-0
(56,50): 255-255-0
(56,51): 255-255-0
(56,52): 255-255-0
(56,53): 255-255-0
(56,54): 255-255-0
(56,55): 255-255-0
(56,56): 255-255-0
(56,57): 255-255-0
(56,58): 255-255-0
(56,59): 255-255-0
(56,60): 255-255-0
(56,61): 255-255-0
(56,62): 255-255-0
(56,63): 255-255-0
(56,64): 255-255-0
(56,65): 255-255-0
(56,66): 255-255-0
(56,67): 255-255-0
(56,68): 255-255-0
(56,69): 255-255-0
(56,70): 255-255-0
(56,71): 255-255-0
(56,72): 255-255-0
(56,73): 255-255-0
(56,74): 255-255-0
(56,75): 255-255-0
(56,76): 255-255-0
(56,77): 255-255-0
(56,78): 255-255-0
(56,79): 255-255-0
(56,80): 255-255-0
(56,81): 255-255-0
(56,82): 255-255-0
(56,83): 255-255-0
(56,84): 255-255-0
(56,85): 255-255-0
(56,86): 255-255-0
(56,87): 255-255-0
(56,88): 255-255-0
(56,89): 255-255-0
(56,90): 255-255-0
(56,91): 255-255-0
(56,92): 255-255-0
(56,93): 255-0-255
(56,94): 255-0-255
(56,95): 177-255-0
(56,96): 0-128-128
(56,97): 118-168-0
(56,98): 219-0-255
(56,99): 253-0-255
(56,100): 255-255-0
(56,101): 255-255-0
(56,102): 255-255-0
(56,103): 255-255-0
(56,104): 255-255-0
(56,105): 255-255-0
(56,106): 255-255-0
(56,107): 255-255-0
(56,108): 255-255-0
(56,109): 255-255-0
(56,110): 255-255-0
(56,111): 255-255-0
(56,112): 255-255-0
(56,113): 255-255-0
(56,114): 255-255-0
(56,115): 255-255-0
(56,116): 255-255-0
(56,117): 255-255-0
(56,118): 255-255-0
(56,119): 255-255-0
(56,120): 255-255-0
(56,121): 255-255-0
(56,122): 255-255-0
(56,123): 255-255-0
(56,124): 255-255-0
(56,125): 255-255-0
(56,126): 255-128-128
(56,127): 255-128-128
(57,0): 255-128-128
(57,1): 255-128-128
(57,2): 255-255-0
(57,3): 255-255-0
(57,4): 255-255-0
(57,5): 255-255-0
(57,6): 255-255-0
(57,7): 255-255-0
(57,8): 255-255-0
(57,9): 255-255-0
(57,10): 255-255-0
(57,11): 255-255-0
(57,12): 255-0-255
(57,13): 255-0-255
(57,14): 138-255-0
(57,15): 0-128-128
(57,16): 188-68-0
(57,17): 210-255-255
(57,18): 210-0-0
(57,19): 209-0-0
(57,20): 210-0-0
(57,21): 210-0-0
(57,22): 207-0-0
(57,23): 209-0-0
(57,24): 209-0-0
(57,25): 209-0-0
(57,26): 207-0-0
(57,27): 207-0-0
(57,28): 206-0-0
(57,29): 206-0-0
(57,30): 210-0-0
(57,31): 205-68-0
(57,32): 205-255-0
(57,33): 182-255-0
(57,34): 155-255-0
(57,35): 93-255-0
(57,36): 0-128-128
(57,37): 126-255-0
(57,38): 223-0-255
(57,39): 255-0-255
(57,40): 255-255-0
(57,41): 255-255-0
(57,42): 255-255-0
(57,43): 255-255-0
(57,44): 255-255-0
(57,45): 235-255-0
(57,46): 240-255-0
(57,47): 255-255-0
(57,48): 255-255-0
(57,49): 255-255-0
(57,50): 255-255-0
(57,51): 255-255-0
(57,52): 255-255-0
(57,53): 255-255-0
(57,54): 255-255-0
(57,55): 255-255-0
(57,56): 255-255-0
(57,57): 255-255-0
(57,58): 255-255-0
(57,59): 255-255-0
(57,60): 255-255-0
(57,61): 255-255-0
(57,62): 255-255-0
(57,63): 255-255-0
(57,64): 255-255-0
(57,65): 255-255-0
(57,66): 255-255-0
(57,67): 255-255-0
(57,68): 255-255-0
(57,69): 255-255-0
(57,70): 255-255-0
(57,71): 255-255-0
(57,72): 255-255-0
(57,73): 255-255-0
(57,74): 255-255-0
(57,75): 255-255-0
(57,76): 255-255-0
(57,77): 255-255-0
(57,78): 255-255-0
(57,79): 255-255-0
(57,80): 255-255-0
(57,81): 255-255-0
(57,82): 255-255-0
(57,83): 255-255-0
(57,84): 255-255-0
(57,85): 255-255-0
(57,86): 255-255-0
(57,87): 255-255-0
(57,88): 255-255-0
(57,89): 255-255-0
(57,90): 255-255-0
(57,91): 255-255-0
(57,92): 255-255-0
(57,93): 255-255-0
(57,94): 255-0-255
(57,95): 255-0-255
(57,96): 150-255-0
(57,97): 0-128-128
(57,98): 0-128-128
(57,99): 137-255-0
(57,100): 242-0-255
(57,101): 255-0-255
(57,102): 255-255-0
(57,103): 255-255-0
(57,104): 255-255-0
(57,105): 255-255-0
(57,106): 255-255-0
(57,107): 255-255-0
(57,108): 255-255-0
(57,109): 255-255-0
(57,110): 255-255-0
(57,111): 255-255-0
(57,112): 255-255-0
(57,113): 255-255-0
(57,114): 255-255-0
(57,115): 255-255-0
(57,116): 255-255-0
(57,117): 255-255-0
(57,118): 255-255-0
(57,119): 255-255-0
(57,120): 255-255-0
(57,121): 255-255-0
(57,122): 255-255-0
(57,123): 255-255-0
(57,124): 255-255-0
(57,125): 255-255-0
(57,126): 255-128-128
(57,127): 255-128-128
(58,0): 255-128-128
(58,1): 255-128-128
(58,2): 255-255-0
(58,3): 255-255-0
(58,4): 255-255-0
(58,5): 255-255-0
(58,6): 255-255-0
(58,7): 255-255-0
(58,8): 255-255-0
(58,9): 255-255-0
(58,10): 255-255-0
(58,11): 255-255-0
(58,12): 255-255-0
(58,13): 255-0-255
(58,14): 210-255-0
(58,15): 38-128-128
(58,16): 37-128-128
(58,17): 196-68-0
(58,18): 210-0-0
(58,19): 211-0-0
(58,20): 211-0-0
(58,21): 213-112-0
(58,22): 214-255-0
(58,23): 215-112-0
(58,24): 214-112-0
(58,25): 210-0-0
(58,26): 205-0-0
(58,27): 203-0-0
(58,28): 184-0-0
(58,29): 182-0-0
(58,30): 159-0-0
(58,31): 147-0-0
(58,32): 101-0-0
(58,33): 71-255-0
(58,34): 46-0-0
(58,35): 0-128-128
(58,36): 79-255-0
(58,37): 234-0-255
(58,38): 255-128-128
(58,39): 255-255-0
(58,40): 255-255-0
(58,41): 255-255-0
(58,42): 255-255-0
(58,43): 255-0-255
(58,44): 215-255-0
(58,45): 188-255-0
(58,46): 207-255-0
(58,47): 245-255-0
(58,48): 255-255-0
(58,49): 255-255-0
(58,50): 255-255-0
(58,51): 255-255-0
(58,52): 255-255-0
(58,53): 255-255-0
(58,54): 255-255-0
(58,55): 255-255-0
(58,56): 255-255-0
(58,57): 255-255-0
(58,58): 255-255-0
(58,59): 255-255-0
(58,60): 255-255-0
(58,61): 255-255-0
(58,62): 255-255-0
(58,63): 255-255-0
(58,64): 255-255-0
(58,65): 255-255-0
(58,66): 255-255-0
(58,67): 255-255-0
(58,68): 255-255-0
(58,69): 255-255-0
(58,70): 255-255-0
(58,71): 255-255-0
(58,72): 255-255-0
(58,73): 255-255-0
(58,74): 255-255-0
(58,75): 255-255-0
(58,76): 255-255-0
(58,77): 255-255-0
(58,78): 255-255-0
(58,79): 255-255-0
(58,80): 255-255-0
(58,81): 255-255-0
(58,82): 255-255-0
(58,83): 255-255-0
(58,84): 255-255-0
(58,85): 255-255-0
(58,86): 255-255-0
(58,87): 255-255-0
(58,88): 253-255-0
(58,89): 255-255-0
(58,90): 255-255-0
(58,91): 255-255-0
(58,92): 255-255-0
(58,93): 255-255-0
(58,94): 255-255-0
(58,95): 255-0-255
(58,96): 255-0-255
(58,97): 189-255-0
(58,98): 0-128-128
(58,99): 0-128-128
(58,100): 139-255-0
(58,101): 249-0-255
(58,102): 255-0-255
(58,103): 255-255-0
(58,104): 255-255-0
(58,105): 255-255-0
(58,106): 255-255-0
(58,107): 255-255-0
(58,108): 255-255-0
(58,109): 255-255-0
(58,110): 255-255-0
(58,111): 255-255-0
(58,112): 255-255-0
(58,113): 255-255-0
(58,114): 255-255-0
(58,115): 255-255-0
(58,116): 255-255-0
(58,117): 255-255-0
(58,118): 255-255-0
(58,119): 255-255-0
(58,120): 255-255-0
(58,121): 255-255-0
(58,122): 255-255-0
(58,123): 255-255-0
(58,124): 255-255-0
(58,125): 255-255-0
(58,126): 255-128-128
(58,127): 255-128-128
(59,0): 255-128-128
(59,1): 255-128-128
(59,2): 255-255-0
(59,3): 255-255-0
(59,4): 255-255-0
(59,5): 255-255-0
(59,6): 255-255-0
(59,7): 255-255-0
(59,8): 255-255-0
(59,9): 255-255-0
(59,10): 255-255-0
(59,11): 255-255-0
(59,12): 255-255-0
(59,13): 255-255-0
(59,14): 255-0-255
(59,15): 206-255-0
(59,16): 122-242-0
(59,17): 125-255-0
(59,18): 129-0-0
(59,19): 147-255-0
(59,20): 163-255-0
(59,21): 164-255-0
(59,22): 179-255-0
(59,23): 164-255-0
(59,24): 163-255-0
(59,25): 140-255-0
(59,26): 126-68-0
(59,27): 119-0-0
(59,28): 17-128-128
(59,29): 97-0-255
(59,30): 0-128-128
(59,31): 131-0-0
(59,32): 143-255-0
(59,33): 205-0-255
(59,34): 255-128-128
(59,35): 119-255-0
(59,36): 0-128-128
(59,37): 218-255-0
(59,38): 255-0-0
(59,39): 255-255-0
(59,40): 255-255-0
(59,41): 255-255-0
(59,42): 255-0-255
(59,43): 239-0-255
(59,44): 113-255-0
(59,45): 0-128-128
(59,46): 127-68-0
(59,47): 214-255-0
(59,48): 255-255-0
(59,49): 255-255-0
(59,50): 255-255-0
(59,51): 255-255-0
(59,52): 255-255-0
(59,53): 255-255-0
(59,54): 255-255-0
(59,55): 255-255-0
(59,56): 255-255-0
(59,57): 255-255-0
(59,58): 255-255-0
(59,59): 255-255-0
(59,60): 255-255-0
(59,61): 255-255-0
(59,62): 255-255-0
(59,63): 255-255-0
(59,64): 255-255-0
(59,65): 255-255-0
(59,66): 255-255-0
(59,67): 255-255-0
(59,68): 255-255-0
(59,69): 255-255-0
(59,70): 255-255-0
(59,71): 255-255-0
(59,72): 255-255-0
(59,73): 255-255-0
(59,74): 255-255-0
(59,75): 255-255-0
(59,76): 255-255-0
(59,77): 242-255-0
(59,78): 249-255-0
(59,79): 224-255-0
(59,80): 240-255-0
(59,81): 219-255-0
(59,82): 221-255-0
(59,83): 194-255-0
(59,84): 192-255-0
(59,85): 182-255-0
(59,86): 176-255-0
(59,87): 165-255-0
(59,88): 121-0-0
(59,89): 122-255-0
(59,90): 14-128-128
(59,91): 155-255-0
(59,92): 238-255-0
(59,93): 255-0-255
(59,94): 255-255-0
(59,95): 255-255-0
(59,96): 255-0-255
(59,97): 255-0-255
(59,98): 202-0-255
(59,99): 33-128-128
(59,100): 0-128-128
(59,101): 154-255-0
(59,102): 255-0-255
(59,103): 255-255-0
(59,104): 255-255-0
(59,105): 255-255-0
(59,106): 255-255-0
(59,107): 255-255-0
(59,108): 255-255-0
(59,109): 255-255-0
(59,110): 255-255-0
(59,111): 255-255-0
(59,112): 255-255-0
(59,113): 255-255-0
(59,114): 255-255-0
(59,115): 255-255-0
(59,116): 255-255-0
(59,117): 255-255-0
(59,118): 255-255-0
(59,119): 255-255-0
(59,120): 255-255-0
(59,121): 255-255-0
(59,122): 255-255-0
(59,123): 255-255-0
(59,124): 255-255-0
(59,125): 255-255-0
(59,126): 255-128-128
(59,127): 255-128-128
(60,0): 255-128-128
(60,1): 255-128-128
(60,2): 255-255-0
(60,3): 255-255-0
(60,4): 255-255-0
(60,5): 255-255-0
(60,6): 255-255-0
(60,7): 255-255-0
(60,8): 255-255-0
(60,9): 255-255-0
(60,10): 255-255-0
(60,11): 255-255-0
(60,12): 255-255-0
(60,13): 255-255-0
(60,14): 255-255-0
(60,15): 255-255-0
(60,16): 244-255-0
(60,17): 209-255-0
(60,18): 176-255-0
(60,19): 163-255-0
(60,20): 154-255-0
(60,21): 133-255-0
(60,22): 148-255-0
(60,23): 129-255-0
(60,24): 146-255-0
(60,25): 138-255-0
(60,26): 155-255-0
(60,27): 179-255-0
(60,28): 198-255-0
(60,29): 228-255-0
(60,30): 224-255-0
(60,31): 255-255-0
(60,32): 255-0-255
(60,33): 255-0-255
(60,34): 255-128-128
(60,35): 137-255-0
(60,36): 0-128-128
(60,37): 168-255-0
(60,38): 255-128-128
(60,39): 255-255-0
(60,40): 255-255-0
(60,41): 255-255-0
(60,42): 255-0-255
(60,43): 175-255-0
(60,44): 0-128-128
(60,45): 0-128-128
(60,46): 64-0-0
(60,47): 192-0-255
(60,48): 240-0-255
(60,49): 255-255-0
(60,50): 255-255-0
(60,51): 255-255-0
(60,52): 255-255-0
(60,53): 255-255-0
(60,54): 255-255-0
(60,55): 255-255-0
(60,56): 255-255-0
(60,57): 255-255-0
(60,58): 255-255-0
(60,59): 255-255-0
(60,60): 255-255-0
(60,61): 255-255-0
(60,62): 255-255-0
(60,63): 255-255-0
(60,64): 255-255-0
(60,65): 255-255-0
(60,66): 255-255-0
(60,67): 255-255-0
(60,68): 255-255-0
(60,69): 255-255-0
(60,70): 255-255-0
(60,71): 255-255-0
(60,72): 232-255-0
(60,73): 226-255-0
(60,74): 197-255-0
(60,75): 180-255-0
(60,76): 146-255-0
(60,77): 56-128-128
(60,78): 129-255-0
(60,79): 28-128-128
(60,80): 139-255-0
(60,81): 39-128-128
(60,82): 146-255-0
(60,83): 122-255-0
(60,84): 168-255-0
(60,85): 155-255-0
(60,86): 165-255-0
(60,87): 169-255-0
(60,88): 185-255-0
(60,89): 182-255-0
(60,90): 0-128-128
(60,91): 0-128-128
(60,92): 118-255-0
(60,93): 238-0-255
(60,94): 255-0-255
(60,95): 255-255-0
(60,96): 255-255-0
(60,97): 255-0-255
(60,98): 255-128-128
(60,99): 175-255-0
(60,100): 0-128-128
(60,101): 11-128-128
(60,102): 242-0-255
(60,103): 255-0-255
(60,104): 255-255-0
(60,105): 255-255-0
(60,106): 255-255-0
(60,107): 255-255-0
(60,108): 255-255-0
(60,109): 255-255-0
(60,110): 255-255-0
(60,111): 255-255-0
(60,112): 255-255-0
(60,113): 255-255-0
(60,114): 255-255-0
(60,115): 255-255-0
(60,116): 255-255-0
(60,117): 255-255-0
(60,118): 255-255-0
(60,119): 255-255-0
(60,120): 255-255-0
(60,121): 255-255-0
(60,122): 255-255-0
(60,123): 255-255-0
(60,124): 255-255-0
(60,125): 255-255-0
(60,126): 255-128-128
(60,127): 255-128-128
(61,0): 255-128-128
(61,1): 255-128-128
(61,2): 255-255-0
(61,3): 255-255-0
(61,4): 255-255-0
(61,5): 255-255-0
(61,6): 255-255-0
(61,7): 255-255-0
(61,8): 255-255-0
(61,9): 255-255-0
(61,10): 255-255-0
(61,11): 255-255-0
(61,12): 255-255-0
(61,13): 255-255-0
(61,14): 255-255-0
(61,15): 255-255-0
(61,16): 255-255-0
(61,17): 255-255-0
(61,18): 255-255-0
(61,19): 255-255-0
(61,20): 255-255-0
(61,21): 255-255-0
(61,22): 255-255-0
(61,23): 255-255-0
(61,24): 255-255-0
(61,25): 255-255-0
(61,26): 255-255-0
(61,27): 255-255-0
(61,28): 255-255-0
(61,29): 255-255-0
(61,30): 255-255-0
(61,31): 255-255-0
(61,32): 255-255-0
(61,33): 255-0-255
(61,34): 255-128-128
(61,35): 144-255-0
(61,36): 0-128-128
(61,37): 142-255-0
(61,38): 255-128-128
(61,39): 255-0-255
(61,40): 255-255-0
(61,41): 255-0-255
(61,42): 248-0-255
(61,43): 125-255-0
(61,44): 0-128-128
(61,45): 0-128-128
(61,46): 42-255-0
(61,47): 155-255-0
(61,48): 213-0-255
(61,49): 244-255-0
(61,50): 255-255-0
(61,51): 255-255-0
(61,52): 255-255-0
(61,53): 255-255-0
(61,54): 255-255-0
(61,55): 255-255-0
(61,56): 255-255-0
(61,57): 255-255-0
(61,58): 255-255-0
(61,59): 255-255-0
(61,60): 255-255-0
(61,61): 255-255-0
(61,62): 255-255-0
(61,63): 255-255-0
(61,64): 255-255-0
(61,65): 253-255-0
(61,66): 255-0-255
(61,67): 234-255-0
(61,68): 232-255-0
(61,69): 190-255-0
(61,70): 159-255-0
(61,71): 131-255-0
(61,72): 0-128-128
(61,73): 64-128-128
(61,74): 4-128-128
(61,75): 123-255-0
(61,76): 140-255-0
(61,77): 182-255-0
(61,78): 218-255-0
(61,79): 221-255-0
(61,80): 248-255-0
(61,81): 235-255-0
(61,82): 255-255-0
(61,83): 255-255-0
(61,84): 255-255-0
(61,85): 255-255-0
(61,86): 255-255-0
(61,87): 255-255-0
(61,88): 255-0-255
(61,89): 255-128-128
(61,90): 217-0-255
(61,91): 33-128-128
(61,92): 0-128-128
(61,93): 88-255-0
(61,94): 209-0-255
(61,95): 238-128-128
(61,96): 247-0-255
(61,97): 230-0-255
(61,98): 221-0-255
(61,99): 125-255-0
(61,100): 0-128-128
(61,101): 148-255-0
(61,102): 255-0-255
(61,103): 255-255-0
(61,104): 255-255-0
(61,105): 255-255-0
(61,106): 255-255-0
(61,107): 255-255-0
(61,108): 255-255-0
(61,109): 255-255-0
(61,110): 255-255-0
(61,111): 255-255-0
(61,112): 255-255-0
(61,113): 255-255-0
(61,114): 255-255-0
(61,115): 255-255-0
(61,116): 255-255-0
(61,117): 255-255-0
(61,118): 255-255-0
(61,119): 255-255-0
(61,120): 255-255-0
(61,121): 255-255-0
(61,122): 255-255-0
(61,123): 255-255-0
(61,124): 255-255-0
(61,125): 255-255-0
(61,126): 255-128-128
(61,127): 255-128-128
(62,0): 255-128-128
(62,1): 255-128-128
(62,2): 255-255-0
(62,3): 255-255-0
(62,4): 255-255-0
(62,5): 255-255-0
(62,6): 255-255-0
(62,7): 255-255-0
(62,8): 255-255-0
(62,9): 255-255-0
(62,10): 255-255-0
(62,11): 255-255-0
(62,12): 255-255-0
(62,13): 255-255-0
(62,14): 255-255-0
(62,15): 255-255-0
(62,16): 255-255-0
(62,17): 255-255-0
(62,18): 255-255-0
(62,19): 255-255-0
(62,20): 255-255-0
(62,21): 255-255-0
(62,22): 255-255-0
(62,23): 255-255-0
(62,24): 255-255-0
(62,25): 255-255-0
(62,26): 255-255-0
(62,27): 255-255-0
(62,28): 255-255-0
(62,29): 255-255-0
(62,30): 255-255-0
(62,31): 255-255-0
(62,32): 255-255-0
(62,33): 255-255-0
(62,34): 255-0-0
(62,35): 147-255-0
(62,36): 0-128-128
(62,37): 105-0-0
(62,38): 242-0-255
(62,39): 255-0-255
(62,40): 255-255-0
(62,41): 255-0-255
(62,42): 255-128-128
(62,43): 144-255-0
(62,44): 0-128-128
(62,45): 16-255-0
(62,46): 3-255-0
(62,47): 97-255-0
(62,48): 181-255-0
(62,49): 217-255-0
(62,50): 247-255-0
(62,51): 255-255-0
(62,52): 255-255-0
(62,53): 255-255-0
(62,54): 255-255-0
(62,55): 255-255-0
(62,56): 255-255-0
(62,57): 255-255-0
(62,58): 255-255-0
(62,59): 255-255-0
(62,60): 253-0-255
(62,61): 245-255-0
(62,62): 185-255-0
(62,63): 158-255-0
(62,64): 139-255-0
(62,65): 59-128-128
(62,66): 147-255-0
(62,67): 45-128-128
(62,68): 130-255-0
(62,69): 28-128-128
(62,70): 143-255-0
(62,71): 172-255-0
(62,72): 197-255-0
(62,73): 240-255-0
(62,74): 234-255-0
(62,75): 255-255-0
(62,76): 255-255-0
(62,77): 255-255-0
(62,78): 255-255-0
(62,79): 255-255-0
(62,80): 255-255-0
(62,81): 255-255-0
(62,82): 255-255-0
(62,83): 255-255-0
(62,84): 255-255-0
(62,85): 255-255-0
(62,86): 255-255-0
(62,87): 255-255-0
(62,88): 255-255-0
(62,89): 255-255-0
(62,90): 255-0-255
(62,91): 215-255-0
(62,92): 130-255-0
(62,93): 0-128-128
(62,94): 0-128-128
(62,95): 72-255-0
(62,96): 100-255-0
(62,97): 0-128-128
(62,98): 47-128-128
(62,99): 100-255-0
(62,100): 176-255-0
(62,101): 247-255-0
(62,102): 255-255-0
(62,103): 255-255-0
(62,104): 255-255-0
(62,105): 255-255-0
(62,106): 255-255-0
(62,107): 255-255-0
(62,108): 255-255-0
(62,109): 255-255-0
(62,110): 255-255-0
(62,111): 255-255-0
(62,112): 255-255-0
(62,113): 255-255-0
(62,114): 255-255-0
(62,115): 255-255-0
(62,116): 255-255-0
(62,117): 255-255-0
(62,118): 255-255-0
(62,119): 255-255-0
(62,120): 255-255-0
(62,121): 255-255-0
(62,122): 255-255-0
(62,123): 255-255-0
(62,124): 255-255-0
(62,125): 255-255-0
(62,126): 255-128-128
(62,127): 255-128-128
(63,0): 255-128-128
(63,1): 255-128-128
(63,2): 255-255-0
(63,3): 255-255-0
(63,4): 255-255-0
(63,5): 255-255-0
(63,6): 255-255-0
(63,7): 255-255-0
(63,8): 255-255-0
(63,9): 255-255-0
(63,10): 255-255-0
(63,11): 255-255-0
(63,12): 255-255-0
(63,13): 255-255-0
(63,14): 255-255-0
(63,15): 255-255-0
(63,16): 255-255-0
(63,17): 255-255-0
(63,18): 255-255-0
(63,19): 255-255-0
(63,20): 255-255-0
(63,21): 255-255-0
(63,22): 255-255-0
(63,23): 255-255-0
(63,24): 255-255-0
(63,25): 255-255-0
(63,26): 255-255-0
(63,27): 255-255-0
(63,28): 255-255-0
(63,29): 255-255-0
(63,30): 255-255-0
(63,31): 255-255-0
(63,32): 255-255-0
(63,33): 255-255-0
(63,34): 255-0-255
(63,35): 221-255-0
(63,36): 37-128-128
(63,37): 0-128-128
(63,38): 159-255-0
(63,39): 235-0-255
(63,40): 255-0-255
(63,41): 255-128-128
(63,42): 255-128-128
(63,43): 139-255-0
(63,44): 0-128-128
(63,45): 13-255-255
(63,46): 67-112-0
(63,47): 0-128-128
(63,48): 0-128-128
(63,49): 150-255-0
(63,50): 227-255-0
(63,51): 255-255-0
(63,52): 255-255-0
(63,53): 255-255-0
(63,54): 255-255-0
(63,55): 255-255-0
(63,56): 255-0-255
(63,57): 249-0-255
(63,58): 227-255-0
(63,59): 167-255-0
(63,60): 106-255-0
(63,61): 24-128-128
(63,62): 0-128-128
(63,63): 112-255-0
(63,64): 139-255-0
(63,65): 175-255-0
(63,66): 222-255-0
(63,67): 221-255-0
(63,68): 248-255-0
(63,69): 245-255-0
(63,70): 255-255-0
(63,71): 255-255-0
(63,72): 255-255-0
(63,73): 255-255-0
(63,74): 255-255-0
(63,75): 255-255-0
(63,76): 255-255-0
(63,77): 255-255-0
(63,78): 255-255-0
(63,79): 255-255-0
(63,80): 255-255-0
(63,81): 255-255-0
(63,82): 255-255-0
(63,83): 255-255-0
(63,84): 255-255-0
(63,85): 255-255-0
(63,86): 255-255-0
(63,87): 255-255-0
(63,88): 255-255-0
(63,89): 255-255-0
(63,90): 255-255-0
(63,91): 255-255-0
(63,92): 255-255-0
(63,93): 226-255-0
(63,94): 193-255-0
(63,95): 156-255-0
(63,96): 156-255-0
(63,97): 172-255-0
(63,98): 234-255-0
(63,99): 248-0-255
(63,100): 255-255-0
(63,101): 255-255-0
(63,102): 255-255-0
(63,103): 255-255-0
(63,104): 255-255-0
(63,105): 255-255-0
(63,106): 255-255-0
(63,107): 255-255-0
(63,108): 255-255-0
(63,109): 255-255-0
(63,110): 255-255-0
(63,111): 255-255-0
(63,112): 255-255-0
(63,113): 255-255-0
(63,114): 255-255-0
(63,115): 255-255-0
(63,116): 255-255-0
(63,117): 255-255-0
(63,118): 255-255-0
(63,119): 255-255-0
(63,120): 255-255-0
(63,121): 255-255-0
(63,122): 255-255-0
(63,123): 255-255-0
(63,124): 255-255-0
(63,125): 255-255-0
(63,126): 255-128-128
(63,127): 255-128-128
(64,0): 255-128-128
(64,1): 255-128-128
(64,2): 255-255-0
(64,3): 255-255-0
(64,4): 255-255-0
(64,5): 255-255-0
(64,6): 255-255-0
(64,7): 255-255-0
(64,8): 255-255-0
(64,9): 255-255-0
(64,10): 255-255-0
(64,11): 255-255-0
(64,12): 255-255-0
(64,13): 255-255-0
(64,14): 255-255-0
(64,15): 255-255-0
(64,16): 255-255-0
(64,17): 255-255-0
(64,18): 255-255-0
(64,19): 255-255-0
(64,20): 255-255-0
(64,21): 255-255-0
(64,22): 255-255-0
(64,23): 255-255-0
(64,24): 255-255-0
(64,25): 255-255-0
(64,26): 255-255-0
(64,27): 255-255-0
(64,28): 255-255-0
(64,29): 255-255-0
(64,30): 255-255-0
(64,31): 255-255-0
(64,32): 255-255-0
(64,33): 255-255-0
(64,34): 255-255-0
(64,35): 255-0-255
(64,36): 224-255-0
(64,37): 138-255-0
(64,38): 0-128-128
(64,39): 85-255-0
(64,40): 147-255-0
(64,41): 139-255-0
(64,42): 118-255-0
(64,43): 0-128-128
(64,44): 121-255-0
(64,45): 193-0-255
(64,46): 248-128-128
(64,47): 74-255-0
(64,48): 0-128-128
(64,49): 150-255-0
(64,50): 236-0-255
(64,51): 255-255-0
(64,52): 255-255-0
(64,53): 255-255-0
(64,54): 255-0-255
(64,55): 217-255-0
(64,56): 147-255-0
(64,57): 34-128-128
(64,58): 8-128-128
(64,59): 21-128-128
(64,60): 98-255-0
(64,61): 165-255-0
(64,62): 219-255-0
(64,63): 251-0-255
(64,64): 255-255-0
(64,65): 255-255-0
(64,66): 255-255-0
(64,67): 255-255-0
(64,68): 255-255-0
(64,69): 255-255-0
(64,70): 255-255-0
(64,71): 255-255-0
(64,72): 255-255-0
(64,73): 255-255-0
(64,74): 255-255-0
(64,75): 255-255-0
(64,76): 255-255-0
(64,77): 255-255-0
(64,78): 255-255-0
(64,79): 255-255-0
(64,80): 255-255-0
(64,81): 255-255-0
(64,82): 255-255-0
(64,83): 255-255-0
(64,84): 255-255-0
(64,85): 255-255-0
(64,86): 255-255-0
(64,87): 255-255-0
(64,88): 255-255-0
(64,89): 255-255-0
(64,90): 255-255-0
(64,91): 255-255-0
(64,92): 255-255-0
(64,93): 255-255-0
(64,94): 255-255-0
(64,95): 255-255-0
(64,96): 255-255-0
(64,97): 255-255-0
(64,98): 255-255-0
(64,99): 255-255-0
(64,100): 255-255-0
(64,101): 255-255-0
(64,102): 255-255-0
(64,103): 255-255-0
(64,104): 255-255-0
(64,105): 255-255-0
(64,106): 255-255-0
(64,107): 255-255-0
(64,108): 255-255-0
(64,109): 255-255-0
(64,110): 255-255-0
(64,111): 255-255-0
(64,112): 255-255-0
(64,113): 255-255-0
(64,114): 255-255-0
(64,115): 255-255-0
(64,116): 255-255-0
(64,117): 255-255-0
(64,118): 255-255-0
(64,119): 255-255-0
(64,120): 255-255-0
(64,121): 255-255-0
(64,122): 255-255-0
(64,123): 255-255-0
(64,124): 255-255-0
(64,125): 255-255-0
(64,126): 255-128-128
(64,127): 255-128-128
(65,0): 255-128-128
(65,1): 255-128-128
(65,2): 255-255-0
(65,3): 255-255-0
(65,4): 255-255-0
(65,5): 255-255-0
(65,6): 255-255-0
(65,7): 255-255-0
(65,8): 255-255-0
(65,9): 255-255-0
(65,10): 255-255-0
(65,11): 255-255-0
(65,12): 255-255-0
(65,13): 255-255-0
(65,14): 255-255-0
(65,15): 255-255-0
(65,16): 255-255-0
(65,17): 255-255-0
(65,18): 255-255-0
(65,19): 255-255-0
(65,20): 255-255-0
(65,21): 255-255-0
(65,22): 255-255-0
(65,23): 255-255-0
(65,24): 255-255-0
(65,25): 255-255-0
(65,26): 255-255-0
(65,27): 255-255-0
(65,28): 255-255-0
(65,29): 255-255-0
(65,30): 255-255-0
(65,31): 255-255-0
(65,32): 255-255-0
(65,33): 255-255-0
(65,34): 255-255-0
(65,35): 255-255-0
(65,36): 255-255-0
(65,37): 255-255-0
(65,38): 224-255-0
(65,39): 151-255-0
(65,40): 134-255-0
(65,41): 140-255-0
(65,42): 171-255-0
(65,43): 197-255-0
(65,44): 249-255-0
(65,45): 255-128-128
(65,46): 255-128-128
(65,47): 127-255-0
(65,48): 0-128-128
(65,49): 196-255-0
(65,50): 255-128-128
(65,51): 255-255-0
(65,52): 255-255-0
(65,53): 255-0-255
(65,54): 196-255-0
(65,55): 0-128-128
(65,56): 0-128-128
(65,57): 98-255-0
(65,58): 196-255-0
(65,59): 228-0-255
(65,60): 255-0-255
(65,61): 255-0-255
(65,62): 255-255-0
(65,63): 255-255-0
(65,64): 255-255-0
(65,65): 255-255-0
(65,66): 255-255-0
(65,67): 255-255-0
(65,68): 255-255-0
(65,69): 255-255-0
(65,70): 255-255-0
(65,71): 255-255-0
(65,72): 255-255-0
(65,73): 255-255-0
(65,74): 255-255-0
(65,75): 255-255-0
(65,76): 255-255-0
(65,77): 255-255-0
(65,78): 255-255-0
(65,79): 255-255-0
(65,80): 255-255-0
(65,81): 255-255-0
(65,82): 255-255-0
(65,83): 255-255-0
(65,84): 255-255-0
(65,85): 255-255-0
(65,86): 255-255-0
(65,87): 255-255-0
(65,88): 255-255-0
(65,89): 255-255-0
(65,90): 255-255-0
(65,91): 255-255-0
(65,92): 255-255-0
(65,93): 255-255-0
(65,94): 255-255-0
(65,95): 255-255-0
(65,96): 255-255-0
(65,97): 255-255-0
(65,98): 255-255-0
(65,99): 255-255-0
(65,100): 255-255-0
(65,101): 255-255-0
(65,102): 255-255-0
(65,103): 255-255-0
(65,104): 255-255-0
(65,105): 255-255-0
(65,106): 255-255-0
(65,107): 255-255-0
(65,108): 255-255-0
(65,109): 255-255-0
(65,110): 255-255-0
(65,111): 255-255-0
(65,112): 255-255-0
(65,113): 255-255-0
(65,114): 255-255-0
(65,115): 255-255-0
(65,116): 255-255-0
(65,117): 255-255-0
(65,118): 255-255-0
(65,119): 255-255-0
(65,120): 255-255-0
(65,121): 255-255-0
(65,122): 255-255-0
(65,123): 255-255-0
(65,124): 255-255-0
(65,125): 255-255-0
(65,126): 255-128-128
(65,127): 255-128-128
(66,0): 255-128-128
(66,1): 255-128-128
(66,2): 255-255-0
(66,3): 255-255-0
(66,4): 255-255-0
(66,5): 255-255-0
(66,6): 255-255-0
(66,7): 255-255-0
(66,8): 255-255-0
(66,9): 255-255-0
(66,10): 255-255-0
(66,11): 255-255-0
(66,12): 255-255-0
(66,13): 255-255-0
(66,14): 255-255-0
(66,15): 255-255-0
(66,16): 255-255-0
(66,17): 255-255-0
(66,18): 255-255-0
(66,19): 255-255-0
(66,20): 255-255-0
(66,21): 255-255-0
(66,22): 255-255-0
(66,23): 255-255-0
(66,24): 255-255-0
(66,25): 255-255-0
(66,26): 255-255-0
(66,27): 255-255-0
(66,28): 255-255-0
(66,29): 255-255-0
(66,30): 255-255-0
(66,31): 255-255-0
(66,32): 255-255-0
(66,33): 255-255-0
(66,34): 255-255-0
(66,35): 255-255-0
(66,36): 255-255-0
(66,37): 255-255-0
(66,38): 255-255-0
(66,39): 255-255-0
(66,40): 253-255-0
(66,41): 255-255-0
(66,42): 255-255-0
(66,43): 255-255-0
(66,44): 255-255-0
(66,45): 255-0-255
(66,46): 255-128-128
(66,47): 147-255-0
(66,48): 0-128-128
(66,49): 188-255-0
(66,50): 255-128-128
(66,51): 255-0-0
(66,52): 255-128-128
(66,53): 255-128-128
(66,54): 12-128-128
(66,55): 0-128-128
(66,56): 109-0-0
(66,57): 255-128-128
(66,58): 255-0-255
(66,59): 255-255-0
(66,60): 255-255-0
(66,61): 255-255-0
(66,62): 255-255-0
(66,63): 255-255-0
(66,64): 255-255-0
(66,65): 255-255-0
(66,66): 255-255-0
(66,67): 255-255-0
(66,68): 255-255-0
(66,69): 255-255-0
(66,70): 255-255-0
(66,71): 255-255-0
(66,72): 255-255-0
(66,73): 255-255-0
(66,74): 255-255-0
(66,75): 255-255-0
(66,76): 255-255-0
(66,77): 255-255-0
(66,78): 255-255-0
(66,79): 255-255-0
(66,80): 255-255-0
(66,81): 255-255-0
(66,82): 255-255-0
(66,83): 255-255-0
(66,84): 255-255-0
(66,85): 255-255-0
(66,86): 255-255-0
(66,87): 255-255-0
(66,88): 255-255-0
(66,89): 255-255-0
(66,90): 255-255-0
(66,91): 255-255-0
(66,92): 255-255-0
(66,93): 255-255-0
(66,94): 255-255-0
(66,95): 255-255-0
(66,96): 255-255-0
(66,97): 255-255-0
(66,98): 255-255-0
(66,99): 255-255-0
(66,100): 255-255-0
(66,101): 255-255-0
(66,102): 255-255-0
(66,103): 255-255-0
(66,104): 255-255-0
(66,105): 255-255-0
(66,106): 255-255-0
(66,107): 255-255-0
(66,108): 255-255-0
(66,109): 255-255-0
(66,110): 255-255-0
(66,111): 255-255-0
(66,112): 255-255-0
(66,113): 255-255-0
(66,114): 255-255-0
(66,115): 255-255-0
(66,116): 255-255-0
(66,117): 255-255-0
(66,118): 255-255-0
(66,119): 255-255-0
(66,120): 255-255-0
(66,121): 255-255-0
(66,122): 255-255-0
(66,123): 255-255-0
(66,124): 255-255-0
(66,125): 255-255-0
(66,126): 255-128-128
(66,127): 255-128-128
(67,0): 255-128-128
(67,1): 255-128-128
(67,2): 255-255-0
(67,3): 255-255-0
(67,4): 255-255-0
(67,5): 255-255-0
(67,6): 255-255-0
(67,7): 255-255-0
(67,8): 255-255-0
(67,9): 255-255-0
(67,10): 255-255-0
(67,11): 255-255-0
(67,12): 255-255-0
(67,13): 255-255-0
(67,14): 255-255-0
(67,15): 255-255-0
(67,16): 255-255-0
(67,17): 255-255-0
(67,18): 255-255-0
(67,19): 255-255-0
(67,20): 255-255-0
(67,21): 255-255-0
(67,22): 255-255-0
(67,23): 255-255-0
(67,24): 255-255-0
(67,25): 255-255-0
(67,26): 255-255-0
(67,27): 255-255-0
(67,28): 255-255-0
(67,29): 255-255-0
(67,30): 255-255-0
(67,31): 255-255-0
(67,32): 255-255-0
(67,33): 255-255-0
(67,34): 255-255-0
(67,35): 255-255-0
(67,36): 255-255-0
(67,37): 255-255-0
(67,38): 255-255-0
(67,39): 255-255-0
(67,40): 255-255-0
(67,41): 255-255-0
(67,42): 255-255-0
(67,43): 255-255-0
(67,44): 255-255-0
(67,45): 255-255-0
(67,46): 255-0-255
(67,47): 202-255-0
(67,48): 0-128-128
(67,49): 0-128-128
(67,50): 194-0-255
(67,51): 217-0-255
(67,52): 190-0-255
(67,53): 79-255-0
(67,54): 0-128-128
(67,55): 54-128-128
(67,56): 224-0-255
(67,57): 255-0-255
(67,58): 255-255-0
(67,59): 255-255-0
(67,60): 255-255-0
(67,61): 255-255-0
(67,62): 255-255-0
(67,63): 255-255-0
(67,64): 255-255-0
(67,65): 255-255-0
(67,66): 255-255-0
(67,67): 255-255-0
(67,68): 255-255-0
(67,69): 255-255-0
(67,70): 255-255-0
(67,71): 255-255-0
(67,72): 255-255-0
(67,73): 255-255-0
(67,74): 255-255-0
(67,75): 255-255-0
(67,76): 255-255-0
(67,77): 255-255-0
(67,78): 255-255-0
(67,79): 255-255-0
(67,80): 255-255-0
(67,81): 255-255-0
(67,82): 255-255-0
(67,83): 255-255-0
(67,84): 255-255-0
(67,85): 255-255-0
(67,86): 255-255-0
(67,87): 255-255-0
(67,88): 255-255-0
(67,89): 255-255-0
(67,90): 255-255-0
(67,91): 255-255-0
(67,92): 255-255-0
(67,93): 255-255-0
(67,94): 255-255-0
(67,95): 255-255-0
(67,96): 255-255-0
(67,97): 255-255-0
(67,98): 255-255-0
(67,99): 255-255-0
(67,100): 255-255-0
(67,101): 255-255-0
(67,102): 255-255-0
(67,103): 255-255-0
(67,104): 255-255-0
(67,105): 255-255-0
(67,106): 255-255-0
(67,107): 255-255-0
(67,108): 255-255-0
(67,109): 255-255-0
(67,110): 255-255-0
(67,111): 255-255-0
(67,112): 255-255-0
(67,113): 255-255-0
(67,114): 255-255-0
(67,115): 255-255-0
(67,116): 255-255-0
(67,117): 255-255-0
(67,118): 255-255-0
(67,119): 255-255-0
(67,120): 255-255-0
(67,121): 255-255-0
(67,122): 255-255-0
(67,123): 255-255-0
(67,124): 255-255-0
(67,125): 255-255-0
(67,126): 255-128-128
(67,127): 255-128-128
(68,0): 255-128-128
(68,1): 255-128-128
(68,2): 255-255-0
(68,3): 255-255-0
(68,4): 255-255-0
(68,5): 255-255-0
(68,6): 255-255-0
(68,7): 255-255-0
(68,8): 255-255-0
(68,9): 255-255-0
(68,10): 255-255-0
(68,11): 255-255-0
(68,12): 255-255-0
(68,13): 255-255-0
(68,14): 255-255-0
(68,15): 255-255-0
(68,16): 255-255-0
(68,17): 255-255-0
(68,18): 255-255-0
(68,19): 255-255-0
(68,20): 255-255-0
(68,21): 255-255-0
(68,22): 255-255-0
(68,23): 255-255-0
(68,24): 255-255-0
(68,25): 255-255-0
(68,26): 255-255-0
(68,27): 255-255-0
(68,28): 255-255-0
(68,29): 255-255-0
(68,30): 255-255-0
(68,31): 255-255-0
(68,32): 255-255-0
(68,33): 255-255-0
(68,34): 255-255-0
(68,35): 255-255-0
(68,36): 255-255-0
(68,37): 255-255-0
(68,38): 255-255-0
(68,39): 255-255-0
(68,40): 255-255-0
(68,41): 255-255-0
(68,42): 255-255-0
(68,43): 255-255-0
(68,44): 255-255-0
(68,45): 255-255-0
(68,46): 255-255-0
(68,47): 255-255-0
(68,48): 227-255-0
(68,49): 143-255-0
(68,50): 45-128-128
(68,51): 39-128-128
(68,52): 110-255-0
(68,53): 125-255-0
(68,54): 173-255-0
(68,55): 227-255-0
(68,56): 255-0-255
(68,57): 255-255-0
(68,58): 255-255-0
(68,59): 255-255-0
(68,60): 255-255-0
(68,61): 255-255-0
(68,62): 255-255-0
(68,63): 255-255-0
(68,64): 255-255-0
(68,65): 255-255-0
(68,66): 255-255-0
(68,67): 255-255-0
(68,68): 255-255-0
(68,69): 255-255-0
(68,70): 255-255-0
(68,71): 255-255-0
(68,72): 255-255-0
(68,73): 255-255-0
(68,74): 255-255-0
(68,75): 255-255-0
(68,76): 255-255-0
(68,77): 255-255-0
(68,78): 255-255-0
(68,79): 255-255-0
(68,80): 255-255-0
(68,81): 255-255-0
(68,82): 255-255-0
(68,83): 255-255-0
(68,84): 255-255-0
(68,85): 255-255-0
(68,86): 255-255-0
(68,87): 255-255-0
(68,88): 255-255-0
(68,89): 255-255-0
(68,90): 255-255-0
(68,91): 255-255-0
(68,92): 255-255-0
(68,93): 255-255-0
(68,94): 255-255-0
(68,95): 255-255-0
(68,96): 255-255-0
(68,97): 255-255-0
(68,98): 255-255-0
(68,99): 255-255-0
(68,100): 255-255-0
(68,101): 255-255-0
(68,102): 255-255-0
(68,103): 255-255-0
(68,104): 255-255-0
(68,105): 255-255-0
(68,106): 255-255-0
(68,107): 255-255-0
(68,108): 255-255-0
(68,109): 255-255-0
(68,110): 255-255-0
(68,111): 255-255-0
(68,112): 255-255-0
(68,113): 255-255-0
(68,114): 255-255-0
(68,115): 255-255-0
(68,116): 255-255-0
(68,117): 255-255-0
(68,118): 255-255-0
(68,119): 255-255-0
(68,120): 255-255-0
(68,121): 255-255-0
(68,122): 255-255-0
(68,123): 255-255-0
(68,124): 255-255-0
(68,125): 255-255-0
(68,126): 255-128-128
(68,127): 255-128-128
(69,0): 255-128-128
(69,1): 255-128-128
(69,2): 255-255-0
(69,3): 255-255-0
(69,4): 255-255-0
(69,5): 255-255-0
(69,6): 255-255-0
(69,7): 255-255-0
(69,8): 255-255-0
(69,9): 255-255-0
(69,10): 255-255-0
(69,11): 255-255-0
(69,12): 255-255-0
(69,13): 255-255-0
(69,14): 255-255-0
(69,15): 255-255-0
(69,16): 255-255-0
(69,17): 255-255-0
(69,18): 255-255-0
(69,19): 255-255-0
(69,20): 255-255-0
(69,21): 255-255-0
(69,22): 255-255-0
(69,23): 255-255-0
(69,24): 255-255-0
(69,25): 255-255-0
(69,26): 255-255-0
(69,27): 255-255-0
(69,28): 255-255-0
(69,29): 255-255-0
(69,30): 255-255-0
(69,31): 255-255-0
(69,32): 255-255-0
(69,33): 255-255-0
(69,34): 255-255-0
(69,35): 255-255-0
(69,36): 255-255-0
(69,37): 255-255-0
(69,38): 255-255-0
(69,39): 255-255-0
(69,40): 255-255-0
(69,41): 255-255-0
(69,42): 255-255-0
(69,43): 255-255-0
(69,44): 255-255-0
(69,45): 255-255-0
(69,46): 255-255-0
(69,47): 255-255-0
(69,48): 255-255-0
(69,49): 255-255-0
(69,50): 245-255-0
(69,51): 215-255-0
(69,52): 251-255-0
(69,53): 255-255-0
(69,54): 255-255-0
(69,55): 255-255-0
(69,56): 255-255-0
(69,57): 255-255-0
(69,58): 255-255-0
(69,59): 255-255-0
(69,60): 255-255-0
(69,61): 255-255-0
(69,62): 255-255-0
(69,63): 255-255-0
(69,64): 255-255-0
(69,65): 255-255-0
(69,66): 255-255-0
(69,67): 255-255-0
(69,68): 255-255-0
(69,69): 255-255-0
(69,70): 255-255-0
(69,71): 255-255-0
(69,72): 255-255-0
(69,73): 255-255-0
(69,74): 255-255-0
(69,75): 255-255-0
(69,76): 255-255-0
(69,77): 255-255-0
(69,78): 255-255-0
(69,79): 255-255-0
(69,80): 255-255-0
(69,81): 255-255-0
(69,82): 255-255-0
(69,83): 255-255-0
(69,84): 255-255-0
(69,85): 255-255-0
(69,86): 255-255-0
(69,87): 255-255-0
(69,88): 255-255-0
(69,89): 255-255-0
(69,90): 255-255-0
(69,91): 255-255-0
(69,92): 255-255-0
(69,93): 255-255-0
(69,94): 255-255-0
(69,95): 255-255-0
(69,96): 255-255-0
(69,97): 255-255-0
(69,98): 255-255-0
(69,99): 255-255-0
(69,100): 255-255-0
(69,101): 255-255-0
(69,102): 255-255-0
(69,103): 255-255-0
(69,104): 255-255-0
(69,105): 255-255-0
(69,106): 255-255-0
(69,107): 255-255-0
(69,108): 255-255-0
(69,109): 255-255-0
(69,110): 255-255-0
(69,111): 255-255-0
(69,112): 255-255-0
(69,113): 255-255-0
(69,114): 255-255-0
(69,115): 255-255-0
(69,116): 255-255-0
(69,117): 255-255-0
(69,118): 255-255-0
(69,119): 255-255-0
(69,120): 255-255-0
(69,121): 255-255-0
(69,122): 255-255-0
(69,123): 255-255-0
(69,124): 255-255-0
(69,125): 255-255-0
(69,126): 255-128-128
(69,127): 255-128-128
(70,0): 255-128-128
(70,1): 255-128-128
(70,2): 255-255-0
(70,3): 255-255-0
(70,4): 255-255-0
(70,5): 255-255-0
(70,6): 255-255-0
(70,7): 255-255-0
(70,8): 255-255-0
(70,9): 255-255-0
(70,10): 255-255-0
(70,11): 255-255-0
(70,12): 255-255-0
(70,13): 255-255-0
(70,14): 255-255-0
(70,15): 255-255-0
(70,16): 255-255-0
(70,17): 255-255-0
(70,18): 255-255-0
(70,19): 255-255-0
(70,20): 255-255-0
(70,21): 255-255-0
(70,22): 255-255-0
(70,23): 255-255-0
(70,24): 255-255-0
(70,25): 255-255-0
(70,26): 255-255-0
(70,27): 255-255-0
(70,28): 255-255-0
(70,29): 255-255-0
(70,30): 255-255-0
(70,31): 255-255-0
(70,32): 255-255-0
(70,33): 255-255-0
(70,34): 255-255-0
(70,35): 255-255-0
(70,36): 255-255-0
(70,37): 255-255-0
(70,38): 255-255-0
(70,39): 255-255-0
(70,40): 255-255-0
(70,41): 255-255-0
(70,42): 255-255-0
(70,43): 255-255-0
(70,44): 255-255-0
(70,45): 255-255-0
(70,46): 255-255-0
(70,47): 255-255-0
(70,48): 255-255-0
(70,49): 255-255-0
(70,50): 255-255-0
(70,51): 255-255-0
(70,52): 255-255-0
(70,53): 255-255-0
(70,54): 255-255-0
(70,55): 255-255-0
(70,56): 255-255-0
(70,57): 255-255-0
(70,58): 255-255-0
(70,59): 255-255-0
(70,60): 255-255-0
(70,61): 255-255-0
(70,62): 255-255-0
(70,63): 255-255-0
(70,64): 255-255-0
(70,65): 255-255-0
(70,66): 255-255-0
(70,67): 255-255-0
(70,68): 255-255-0
(70,69): 255-255-0
(70,70): 255-255-0
(70,71): 255-255-0
(70,72): 255-255-0
(70,73): 255-255-0
(70,74): 255-255-0
(70,75): 255-255-0
(70,76): 255-255-0
(70,77): 255-255-0
(70,78): 255-255-0
(70,79): 255-255-0
(70,80): 255-255-0
(70,81): 255-255-0
(70,82): 255-255-0
(70,83): 255-255-0
(70,84): 255-255-0
(70,85): 255-255-0
(70,86): 255-255-0
(70,87): 255-255-0
(70,88): 255-255-0
(70,89): 255-255-0
(70,90): 255-255-0
(70,91): 255-255-0
(70,92): 255-255-0
(70,93): 255-255-0
(70,94): 255-255-0
(70,95): 255-255-0
(70,96): 255-255-0
(70,97): 255-255-0
(70,98): 255-255-0
(70,99): 255-255-0
(70,100): 255-255-0
(70,101): 255-255-0
(70,102): 255-255-0
(70,103): 255-255-0
(70,104): 255-255-0
(70,105): 255-255-0
(70,106): 255-255-0
(70,107): 255-255-0
(70,108): 255-255-0
(70,109): 255-255-0
(70,110): 255-255-0
(70,111): 255-255-0
(70,112): 255-255-0
(70,113): 255-255-0
(70,114): 255-255-0
(70,115): 255-255-0
(70,116): 255-255-0
(70,117): 255-255-0
(70,118): 255-255-0
(70,119): 255-255-0
(70,120): 255-255-0
(70,121): 255-255-0
(70,122): 255-255-0
(70,123): 255-255-0
(70,124): 255-255-0
(70,125): 255-255-0
(70,126): 255-128-128
(70,127): 255-128-128
(71,0): 255-128-128
(71,1): 255-128-128
(71,2): 255-128-128
(71,3): 255-128-128
(71,4): 255-128-128
(71,5): 255-128-128
(71,6): 255-128-128
(71,7): 255-128-128
(71,8): 255-128-128
(71,9): 255-128-128
(71,10): 255-128-128
(71,11): 255-128-128
(71,12): 255-128-128
(71,13): 255-128-128
(71,14): 255-128-128
(71,15): 255-128-128
(71,16): 255-128-128
(71,17): 255-128-128
(71,18): 255-128-128
(71,19): 255-128-128
(71,20): 255-128-128
(71,21): 255-128-128
(71,22): 255-128-128
(71,23): 255-128-128
(71,24): 255-128-128
(71,25): 255-128-128
(71,26): 255-128-128
(71,27): 255-128-128
(71,28): 255-128-128
(71,29): 255-128-128
(71,30): 255-128-128
(71,31): 255-128-128
(71,32): 255-128-128
(71,33): 255-128-128
(71,34): 255-128-128
(71,35): 255-128-128
(71,36): 255-128-128
(71,37): 255-128-128
(71,38): 255-128-128
(71,39): 255-128-128
(71,40): 255-128-128
(71,41): 255-128-128
(71,42): 255-128-128
(71,43): 255-128-128
(71,44): 255-128-128
(71,45): 255-128-128
(71,46): 255-128-128
(71,47): 255-128-128
(71,48): 255-128-128
(71,49): 255-128-128
(71,50): 255-128-128
(71,51): 255-128-128
(71,52): 255-128-128
(71,53): 255-128-128
(71,54): 255-128-128
(71,55): 255-128-128
(71,56): 255-128-128
(71,57): 255-128-128
(71,58): 255-128-128
(71,59): 255-128-128
(71,60): 255-128-128
(71,61): 255-128-128
(71,62): 255-128-128
(71,63): 255-128-128
(71,64): 255-128-128
(71,65): 255-128-128
(71,66): 255-128-128
(71,67): 255-128-128
(71,68): 255-128-128
(71,69): 255-128-128
(71,70): 255-128-128
(71,71): 255-128-128
(71,72): 255-128-128
(71,73): 255-128-128
(71,74): 255-128-128
(71,75): 255-128-128
(71,76): 255-128-128
(71,77): 255-128-128
(71,78): 255-128-128
(71,79): 255-128-128
(71,80): 255-128-128
(71,81): 255-128-128
(71,82): 255-128-128
(71,83): 255-128-128
(71,84): 255-128-128
(71,85): 255-128-128
(71,86): 255-128-128
(71,87): 255-128-128
(71,88): 255-128-128
(71,89): 255-128-128
(71,90): 255-128-128
(71,91): 255-128-128
(71,92): 255-128-128
(71,93): 255-128-128
(71,94): 255-128-128
(71,95): 255-128-128
(71,96): 255-128-128
(71,97): 255-128-128
(71,98): 255-128-128
(71,99): 255-128-128
(71,100): 255-128-128
(71,101): 255-128-128
(71,102): 255-128-128
(71,103): 255-128-128
(71,104): 255-128-128
(71,105): 255-128-128
(71,106): 255-128-128
(71,107): 255-128-128
(71,108): 255-128-128
(71,109): 255-128-128
(71,110): 255-128-128
(71,111): 255-128-128
(71,112): 255-128-128
(71,113): 255-128-128
(71,114): 255-128-128
(71,115): 255-128-128
(71,116): 255-128-128
(71,117): 255-128-128
(71,118): 255-128-128
(71,119): 255-128-128
(71,120): 255-128-128
(71,121): 255-128-128
(71,122): 255-128-128
(71,123): 255-128-128
(71,124): 255-128-128
(71,125): 255-128-128
(71,126): 255-128-128
(71,127): 255-128-128
